feature,importance_mean,importance_std
rollmean2__current_updrs_1,0.5036883755513769,0.0
current_updrs_1,0.16502809806616403,0.0
rollmean2__protein_npx__P05060,0.002936553977917741,0.0
rollmean2__peptide_std__P18065,0.0020396345018512344,0.0
rollmean2__current_updrs_2,0.0017763502275173779,0.0
rollmean2__protein_npx__P17174,0.0014067469220437575,0.0
rollmean2__peptide_std__Q9NQ79,0.001380910694387568,0.0
peptide_log__VTLTC(UniMod_4)VAPLSGVDFQLR,0.0013407772945008074,0.0
protein_npx__P20774,0.001167986253433103,0.0
peptide_std__P04075,0.0011418508935269577,0.0
protein_npx__P05060,0.001075910752570262,0.0
lag1__peptide_mean__P04433,0.0010592175595586766,0.0
protein_npx__P17174,0.0010310460029914563,0.0
rollmean2__peptide_mean__P04433,0.0009715219660220396,0.0
rollmean2__peptide_std__P04196,0.0009173702516677071,0.0
rollmean2__protein_npx__P20774,0.000890534403563243,0.0
current_updrs_2,0.0008888535977487571,0.0
rollmean2__peptide_std__P02790,0.0008426562074647913,0.0
peptide_std__Q08380,0.0008248377310258558,0.0
rollmean2__protein_npx__P04217,0.0008165837475962704,0.0
rollmean2__peptide_std__P05156,0.0007863282249786518,0.0
delta1__current_updrs_1,0.0007748724380616591,0.0
rollmean2__protein_npx__P36980,0.0007740482729574244,0.0
rollmean2__peptide_std__P02765,0.0007678530817204374,0.0
peptide_mean__P36955,0.0007435940241438944,0.0
rollmean2__peptide_log__C(UniMod_4)KPVNTFVHEPLVDVQNVC(UniMod_4)FQEK,0.0007383238797121224,0.0
rollmean2__peptide_mean__P07225,0.0007352054111043292,0.0
peptide_log__C(UniMod_4)KPVNTFVHEPLVDVQNVC(UniMod_4)FQEK,0.0007280405837846877,0.0
peptide_std__P04217,0.0007178815568761094,0.0
rollmean2__protein_npx__P02790,0.0007155349463565518,0.0
protein_npx__P02790,0.0007147781523252978,0.0
peptide_std__P61916,0.0006877946187528414,0.0
rollmean2__peptide_mean__P36955,0.0006674292151656947,0.0
peptide_mean__P10643,0.0006646533224510239,0.0
peptide_std__O00584,0.0006621058392157845,0.0
rollmean2__peptide_mean__P00751,0.0006539451881006251,0.0
peptide_mean__P02749,0.0006451891499076114,0.0
rollmean2__peptide_std__P02649,0.0006407440323654551,0.0
rollmean2__protein_npx__Q99832,0.0006297816975751024,0.0
rollmean2__peptide_std__P02747,0.0006291990320569847,0.0
protein_npx__P27169,0.0006175553198806529,0.0
peptide_std__P02765,0.000615250126870715,0.0
peptide_log__ILLQGTPVAQMTEDAVDAER,0.0006082218446311948,0.0
delta1__peptide_log__SWFEPLVEDM(UniMod_35)QR,0.0006069226870709075,0.0
protein_npx__P07711,0.0005977417270012001,0.0
peptide_mean__P20774,0.0005845637683543674,0.0
peptide_std__P02452,0.0005804993209487427,0.0
peptide_log__NPDSSTTGPWC(UniMod_4)YTTDPTVR,0.0005583769226943952,0.0
rollmean2__protein_npx__P02760,0.0005545576471437591,0.0
delta1__peptide_std__P05452,0.0005530998828703184,0.0
protein_npx__P04217,0.0005526851268992048,0.0
protein_npx__P36955,0.000551745009575133,0.0
rollmean2__peptide_mean__P02652,0.0005468209160675361,0.0
peptide_std__P02647,0.0005377722351355723,0.0
rollmean2__peptide_log__VTLTC(UniMod_4)VAPLSGVDFQLR,0.000532979137732384,0.0
protein_npx__P04004,0.0005321187229606947,0.0
rollmean2__peptide_mean__P04217,0.0005242353789960212,0.0
rollmean2__protein_npx__P39060,0.0005188289788517905,0.0
rollmean2__peptide_mean__P36980,0.0005148916313276664,0.0
rollmean2__peptide_std__P16035,0.0005102494753729311,0.0
rollmean2__peptide_log__TVVQPSVGAAAGPVVPPC(UniMod_4)PGR,0.0005084917155713126,0.0
peptide_log__VQPYLDDFQKK,0.0005072061961409671,0.0
rollmean2__peptide_mean__P02760,0.0005055630674592558,0.0
delta1__protein_npx__P80748,0.000505359934508587,0.0
rollmean2__peptide_std__P01019,0.0005022884206454572,0.0
rollmean2__peptide_std__P01860,0.000501575873381785,0.0
rollmean2__peptide_log__ANRPFLVFIR,0.0004899013712875267,0.0
rollmean2__peptide_mean__P04406,0.0004897127652995954,0.0
rollmean2__peptide_std__P27169,0.000488470387543658,0.0
rollmean2__peptide_log__NPDSSTTGPWC(UniMod_4)YTTDPTVR,0.0004874279673590013,0.0
rollmean2__peptide_std__P05155,0.00048724217468622564,0.0
peptide_log__ANRPFLVFIR,0.0004819586855122743,0.0
lag1__peptide_std__P18065,0.0004742787458200083,0.0
rollmean2__peptide_std__Q6UXB8,0.00047381677571492665,0.0
peptide_std__Q12907,0.0004717840489665369,0.0
slope1__peptide_count__P20774,0.0004642062314648262,0.0
protein_npx__P13671,0.00046083572965876943,0.0
rollmean2__peptide_std__O15394,0.00045249979134069683,0.0
lag1__peptide_log__TPVSDRVTK,0.0004429872504946051,0.0
slope1__peptide_log__AATGEC(UniMod_4)TATVGKR,0.00043985823020448753,0.0
rollmean2__peptide_mean__Q99832,0.00043497613436604423,0.0
rollmean2__peptide_mean__P04196,0.00043262293936618674,0.0
rollmean2__peptide_std__P61916,0.0004318534509534191,0.0
rollmean2__peptide_std__P10645,0.0004318255118451196,0.0
rollmean2__protein_npx__P02763,0.00043154560173755066,0.0
rollmean2__protein_npx__P04406,0.0004314148981570965,0.0
peptide_std__P18065,0.0004310078363391641,0.0
rollmean2__peptide_mean__O15240,0.00043008630031881294,0.0
peptide_std__P36222,0.00042555839480526333,0.0
rollmean2__peptide_mean__P01008,0.00042018753218982,0.0
rollmean2__peptide_std__Q08380,0.0004186356974659964,0.0
protein_npx__Q6UX71,0.0004143765778335676,0.0
rollmean2__protein_npx__P09486,0.00041338515750195294,0.0
peptide_std__P02671,0.00040476685727252975,0.0
rollmean2__peptide_std__O14773,0.0004043305564092528,0.0
protein_npx__P06681,0.00040255978301200585,0.0
rollmean2__peptide_std__P16870,0.0004024433441124549,0.0
peptide_std__P00450,0.00040209868260756524,0.0
rollmean2__protein_npx__P19652,0.0004007492142726074,0.0
peptide_std__P02787,0.00039815135004452463,0.0
rollmean2__peptide_mean__O14773,0.0003981186945454797,0.0
rollmean2__protein_npx__P04433,0.0003975086023515326,0.0
delta1__peptide_log__QKVEPLRAELQEGAR,0.0003968353337392339,0.0
protein_npx__P02760,0.0003967276093410928,0.0
rollmean2__protein_npx__P01033,0.00039654332992904623,0.0
rollmean2__current_updrs_4,0.00039254134258901433,0.0
rollmean2__peptide_mean__P02765,0.0003922744157332738,0.0
rollmean2__peptide_std__Q12907,0.0003917761026498202,0.0
rollmean2__peptide_mean__P02748,0.0003892808929108036,0.0
rollmean2__peptide_std__P02751,0.00038784779638861855,0.0
slope1__protein_npx__P23142,0.0003861019366442493,0.0
peptide_std__P05156,0.00038437200915757337,0.0
rollmean2__peptide_std__P08571,0.0003829899175424205,0.0
peptide_std__P01011,0.00038219880846650104,0.0
rollmean2__peptide_std__O00533,0.0003791726305781515,0.0
delta1__peptide_std__P10643,0.0003787961927119633,0.0
rollmean2__peptide_std__P13611,0.00037840489631474556,0.0
peptide_mean__P01033,0.0003752669931689073,0.0
rollmean2__peptide_mean__P13611,0.00037491574338555415,0.0
rollmean2__protein_npx__P36955,0.000370986466115729,0.0
rollmean2__peptide_log__LGADM(UniMod_35)EDVC(UniMod_4)GR,0.0003686394472300539,0.0
lag1__protein_npx__Q6UXB8,0.0003677201545558586,0.0
delta1__protein_npx__P19827,0.0003665622136897397,0.0
delta1__peptide_log__LGADM(UniMod_35)EDVC(UniMod_4)GR,0.0003582416577450902,0.0
peptide_mean__P02790,0.0003580173680412764,0.0
peptide_log__YIVSGTPTFVPYLIK,0.0003546310943688501,0.0
rollmean2__peptide_log__DASGVTFTWTPSSGK,0.0003528123228319384,0.0
peptide_log__TSAHGNVAEGETKPDPDVTER,0.000351087360842546,0.0
rollmean2__protein_npx__P08253,0.00034793868821638183,0.0
rollmean2__peptide_std__P01859,0.0003475734753644567,0.0
peptide_std__P30086,0.00034719506797798106,0.0
peptide_mean__P19652,0.0003457926147270219,0.0
peptide_std__P02749,0.0003416837832426893,0.0
rollmean2__peptide_mean__P02774,0.00034102690529951826,0.0
rollmean2__peptide_std__Q9Y6R7,0.0003396969623870384,0.0
rollmean2__peptide_std__P02647,0.00033909550285092516,0.0
peptide_std__P10645,0.0003390462996131423,0.0
peptide_log__DASGVTFTWTPSSGK,0.0003360353049882939,0.0
slope1__peptide_log__TEGDGVYTLNNEK,0.00033569363717222197,0.0
peptide_log__C(UniMod_4)DSSPDSAEDVRK,0.00033369599739872455,0.0
slope1__protein_npx__Q15904,0.0003329216010212281,0.0
lag1__peptide_log__FLATTPNSLLVSWQPPR,0.0003328890820312081,0.0
peptide_log__KFPSGTFEQVSQLVK,0.0003321138856586598,0.0
peptide_std__P07711,0.00033142764394719957,0.0
peptide_mean__P02753,0.0003308569513461274,0.0
rollmean2__peptide_log__MTVTDQVNC(UniMod_4)PK,0.0003295795074496419,0.0
rollmean2__protein_npx__P01008,0.00032757953686987054,0.0
protein_npx__P19652,0.00032690287501056114,0.0
peptide_std__P16035,0.00032651108062872373,0.0
peptide_log__TVVQPSVGAAAGPVVPPC(UniMod_4)PGR,0.00032538641763682583,0.0
rollmean2__protein_npx__P80748,0.00032384302741727416,0.0
peptide_std__P01042,0.0003220932282731952,0.0
protein_npx__P51884,0.0003218678241749557,0.0
rollmean2__peptide_std__P04180,0.00031938412313257296,0.0
peptide_std__P01859,0.00031752381492101137,0.0
lag1__peptide_mean__P01857,0.00031649398943373757,0.0
peptide_mean__P27169,0.00031550802939200005,0.0
peptide_std__P04180,0.00031545307382745987,0.0
rollmean2__peptide_std__P10643,0.00031436659609907093,0.0
rollmean2__protein_npx__P18065,0.00031140644336819125,0.0
peptide_mean__Q6UX71,0.0003110809534945947,0.0
rollmean2__peptide_std__P61769,0.00031057204198211305,0.0
slope1__peptide_log__SWFEPLVEDM(UniMod_35)QR,0.0003097147589076618,0.0
rollmean2__current_medication_unknown,0.00030867870166723967,0.0
rollmean2__peptide_mean__P05546,0.0003078358780608211,0.0
rollmean2__peptide_std__P02675,0.0003059716341865586,0.0
peptide_std__P61769,0.000305468258068549,0.0
slope1__peptide_mean__Q15904,0.00030503028231505656,0.0
peptide_std__P55290,0.00030482365145015,0.0
rollmean2__peptide_log__IMNGEADAMSLDGGFVYIAGK,0.0003042148708077526,0.0
protein_npx__O60888,0.000304212567500127,0.0
peptide_std__P06681,0.00030383180267538526,0.0
peptide_std__P16070,0.00030323738222879574,0.0
rollmean2__peptide_mean__P02749,0.0003029072551520411,0.0
rollmean2__peptide_log__C(UniMod_4)DSSPDSAEDVRK,0.00030271995732859206,0.0
protein_npx__Q02818,0.0003025324228632578,0.0
rollmean2__peptide_std__P51884,0.00030123612005247173,0.0
rollmean2__peptide_std__Q96PD5,0.00030106485515472105,0.0
peptide_mean__P02750,0.0002992932720452981,0.0
rollmean2__peptide_mean__P30086,0.0002979292391317544,0.0
peptide_mean__P04211,0.00029759877575930965,0.0
peptide_log__QNC(UniMod_4)ELFEQLGEYK,0.00029712466657922694,0.0
rollmean2__peptide_std__P02748,0.0002947898717372866,0.0
rollmean2__peptide_std__Q9UHG2,0.00029300720166655105,0.0
rollmean2__peptide_std__P00747,0.0002916760783154528,0.0
peptide_mean__P24592,0.00028972188429952163,0.0
peptide_std__P04433,0.00028805615132360547,0.0
rollmean2__peptide_std__O00584,0.00028804716118603104,0.0
rollmean2__peptide_log__TQVNTQAEQLRR,0.0002867207682602321,0.0
rollmean2__peptide_std__O15240,0.00028641594720214077,0.0
rollmean2__peptide_log__FLATTPNSLLVSWQPPR,0.0002854670649821278,0.0
slope1__peptide_std__P13611,0.00028359281619479425,0.0
peptide_log__LGADMEDVC(UniMod_4)GR,0.00028304586785702143,0.0
rollmean2__peptide_log__LDEVKEQVAEVR,0.0002814568372782777,0.0
peptide_std__Q92520,0.000280783901171131,0.0
rollmean2__peptide_log__DSGEGDFLAEGGGVR,0.0002798680395610603,0.0
peptide_std__O15394,0.0002789126235827374,0.0
peptide_std__P43652,0.0002775286867409774,0.0
rollmean2__protein_npx__P98160,0.00027570692211273997,0.0
rollmean2__peptide_mean__Q96S96,0.0002756070826067248,0.0
rollmean2__protein_npx__Q12805,0.00027429278775585006,0.0
peptide_mean__Q02818,0.00027418512166178295,0.0
lag1__peptide_log__VC(UniMod_4)PFAGILENGAVR,0.00027275899248701006,0.0
rollmean2__peptide_std__P06396,0.0002726593348856727,0.0
delta1__peptide_log__LGPLVEQGRVR,0.0002724575810124249,0.0
peptide_mean__P06396,0.00027164649868476667,0.0
rollmean2__peptide_mean__P08637,0.00027143362151810224,0.0
peptide_abundance_std,0.0002674194719732477,0.0
peptide_mean__P35542,0.0002668562023692501,0.0
rollmean2__peptide_mean__P07858,0.0002667772291311004,0.0
peptide_log__M(UniMod_35)YLGYEYVTAIR,0.0002662350674820417,0.0
protein_npx__P01859,0.00026553477440977697,0.0
peptide_mean__P43121,0.00026547808725177843,0.0
rollmean2__peptide_std__P43121,0.0002649783493546508,0.0
rollmean2__protein_npx__Q06481,0.0002649646970930967,0.0
rollmean2__peptide_mean__P02790,0.0002646000182532749,0.0
rollmean2__peptide_log__KAADDTWEPFASGK,0.00026428533710992364,0.0
peptide_std__O15240,0.0002632394599350657,0.0
rollmean2__peptide_log__QNC(UniMod_4)ELFEQLGEYK,0.0002612571166833811,0.0
rollmean2__peptide_mean__P04004,0.0002604081050289634,0.0
rollmean2__peptide_mean__P80748,0.00025955675732385356,0.0
rollmean2__protein_npx__P02753,0.00025881791002677084,0.0
peptide_std__P02649,0.0002578462304748405,0.0
delta1__peptide_std__P00450,0.0002577264991072545,0.0
rollmean2__protein_npx__Q96PD5,0.00025736446370485777,0.0
slope1__protein_npx__P24592,0.00025735206663954054,0.0
peptide_std__P00738,0.00025614995457922,0.0
slope1__protein_npx__P01877,0.0002560885738255375,0.0
rollmean2__peptide_log__TPVSDRVTK,0.0002560504483822383,0.0
rollmean2__peptide_std__P01023,0.0002558881947071941,0.0
protein_npx__P02656,0.0002553946629495385,0.0
protein_npx__P04211,0.0002544077690216624,0.0
current_updrs_3,0.0002541691553833744,0.0
peptide_log__TDASDVKPC(UniMod_4),0.00025222974308563515,0.0
rollmean2__peptide_std__P08493,0.0002518612124025127,0.0
peptide_mean__P05060,0.00025098726584194756,0.0
peptide_mean__P13671,0.0002506480022433394,0.0
rollmean2__peptide_std__P01834,0.0002478496496518308,0.0
peptide_mean__P00751,0.00024690010116917594,0.0
rollmean2__peptide_std__P08603,0.0002463410237425698,0.0
rollmean2__peptide_mean__Q9UNU6,0.00024468765967587756,0.0
rollmean2__peptide_mean__P07998,0.0002440729347746532,0.0
peptide_mean__P02671,0.0002424117649350565,0.0
slope1__peptide_std__P51884,0.00024219079036710112,0.0
rollmean2__peptide_std__P02671,0.00024041169523092058,0.0
peptide_mean__P00450,0.0002403919421146331,0.0
rollmean2__peptide_mean__P01859,0.00023993531228015807,0.0
lag1__protein_npx__P18065,0.0002397290373791705,0.0
rollmean2__peptide_log__C(UniMod_4)C(UniMod_4)VEC(UniMod_4)PPC(UniMod_4)PAPPVAGPSVFLFPPKPK,0.00023954251581771943,0.0
rollmean2__peptide_std__P05090,0.00023939176631118664,0.0
rollmean2__protein_npx__P02747,0.00023937305949725969,0.0
delta1__peptide_mean__P01023,0.00023909420131894637,0.0
delta1__peptide_mean__P54289,0.0002390344912494259,0.0
peptide_std__P00747,0.00023877587721714998,0.0
delta1__protein_npx__P23142,0.00023874816085852615,0.0
peptide_log__LEGQEEEEDNRDSSMK,0.000238635704637333,0.0
peptide_std__P06727,0.00023727193897568984,0.0
rollmean2__protein_npx__P49588,0.00023617993315474758,0.0
protein_npx__P13611,0.00023539910696607485,0.0
rollmean2__peptide_mean__P10643,0.00023529687882717888,0.0
rollmean2__protein_npx__O00584,0.00023497597137192285,0.0
rollmean2__protein_npx__P00748,0.00023462825198528978,0.0
rollmean2__peptide_log__M(UniMod_35)YLGYEYVTAIR,0.00023347768050634285,0.0
peptide_mean__P04217,0.00023288095664759483,0.0
rollmean2__protein_npx__Q08380,0.0002325295789951987,0.0
rollmean2__peptide_std__P20774,0.0002324847244223857,0.0
peptide_log__ALGISPFHEHAEVVFTANDSGPR,0.000232257627038308,0.0
rollmean2__peptide_std__P00734,0.0002322113360607294,0.0
rollmean2__peptide_mean__P02792,0.00023216724351698953,0.0
rollmean2__peptide_log__FNKPFVFLM(UniMod_35)IEQNTK,0.00023183241890272266,0.0
rollmean2__peptide_mean__P43652,0.0002318123271085989,0.0
peptide_std__P01019,0.0002317620902476597,0.0
peptide_std__P13591,0.00023163126636153124,0.0
peptide_log__LC(UniMod_4)MGSGLNLC(UniMod_4)EPNNKEGYYGYTGAFR,0.00023047550599190433,0.0
peptide_mean__O60888,0.00023014954727287897,0.0
delta1__peptide_mean__P80748,0.00022979653720838576,0.0
rollmean2__peptide_std__P01009,0.0002289307560977818,0.0
protein_npx__P80748,0.0002288903404243448,0.0
peptide_std__P08493,0.00022879856828492216,0.0
protein_npx__P08493,0.00022855852404899004,0.0
rollmean2__peptide_log__LPPTSAHGNVAEGETKPDPDVTER,0.00022838135823081211,0.0
peptide_std__P00748,0.0002279682695353085,0.0
lag1__peptide_std__P41222,0.0002270264211469656,0.0
rollmean2__protein_npx__P08697,0.00022659887954041478,0.0
rollmean2__protein_npx__P13611,0.0002256794987736856,0.0
peptide_std__P06396,0.00022535422734581604,0.0
peptide_std__P54289,0.00022399355005712563,0.0
rollmean2__peptide_log__GEVQAMLGQSTEELR,0.0002239225370402482,0.0
rollmean2__protein_npx__P31997,0.00022387209121306367,0.0
rollmean2__peptide_log__SPVGVQPILNEHTFC(UniMod_4)AGMSK,0.00022379291133019601,0.0
protein_npx__P01860,0.00022371740062190188,0.0
peptide_std__Q9UBX5,0.0002235885502579009,0.0
rollmean2__peptide_std__P01024,0.000223487711986911,0.0
peptide_mean__Q12841,0.00022319726972476022,0.0
protein_npx__P02792,0.0002230585874444286,0.0
peptide_std__P00751,0.00022222100884099005,0.0
rollmean2__peptide_log__LSSWVLLM(UniMod_35)K,0.00022159918059220553,0.0
rollmean2__peptide_std__P06727,0.00022153577967868059,0.0
protein_npx__O75326,0.00022091303698968276,0.0
rollmean2__peptide_std__P04075,0.00022071135625501435,0.0
rollmean2__peptide_std__Q06481,0.00021988465996468582,0.0
protein_npx__P01023,0.00021958025990421095,0.0
peptide_log__DSGFQM(UniMod_35)NQLR,0.00021906033805780308,0.0
lag1__peptide_mean__P02765,0.00021880739499853554,0.0
peptide_std__P10909,0.00021807098015756379,0.0
peptide_mean__O14773,0.00021803386146827152,0.0
rollmean2__peptide_std__P30086,0.00021801254034445528,0.0
peptide_mean__P61769,0.00021783886085395996,0.0
rollmean2__peptide_log__ADDKETC(UniMod_4)FAEEGK,0.00021688699455238425,0.0
lag1__peptide_mean__O14773,0.00021643024989374563,0.0
slope1__peptide_mean__P01833,0.00021530102631785332,0.0
rollmean2__protein_npx__P05155,0.00021516615620435404,0.0
rollmean2__protein_npx__P04004,0.00021458846623155015,0.0
rollmean2__protein_npx__Q6UXB8,0.00021439307669914094,0.0
rollmean2__peptide_mean__P20774,0.00021436778129210645,0.0
lag1__peptide_log__LPPTSAHGNVAEGETKPDPDVTER,0.00021429837593961462,0.0
rollmean2__peptide_mean__P04211,0.00021401404569436995,0.0
rollmean2__current_updrs_3,0.00021395065096780423,0.0
peptide_log__LGQSLDC(UniMod_4)NAEVYVVPWEK,0.0002136738663919923,0.0
rollmean2__protein_npx__P08294,0.00021346327288102263,0.0
lag1__peptide_log__DSGEGDFLAEGGGVR,0.00021279791973285967,0.0
rollmean2__peptide_std__P02787,0.00021234292021009776,0.0
peptide_mean__P05067,0.0002122039453117357,0.0
peptide_mean__P00748,0.00021217558499561027,0.0
peptide_log__TPLGDTTHTC(UniMod_4)PR,0.00021196522862049867,0.0
slope1__peptide_log__LRTEGDGVYTLNNEK,0.00021195232909185653,0.0
rollmean2__peptide_log__AATGEC(UniMod_4)TATVGKR,0.0002113095035485294,0.0
protein_npx__P16070,0.00021098667791578417,0.0
peptide_std__P43121,0.00021094319077647147,0.0
peptide_mean__P01594,0.000210691430426903,0.0
delta1__peptide_log__LIADLGSTSITNLGFR,0.00021021779704177666,0.0
rollmean2__protein_npx__P05546,0.00020992162746372414,0.0
rollmean2__peptide_std__Q12841,0.0002098779225669269,0.0
rollmean2__peptide_std__P16070,0.00020982432078423663,0.0
peptide_mean__P04433,0.00020879293233571695,0.0
rollmean2__peptide_std__Q14515,0.00020868261037898875,0.0
rollmean2__peptide_mean__P01608,0.0002085877980607598,0.0
rollmean2__peptide_log__LC(UniMod_4)MGSGLNLC(UniMod_4)EPNNKEGYYGYTGAFR,0.00020846441607987325,0.0
protein_npx__P08637,0.0002079286309343601,0.0
peptide_log__LIADLGSTSITNLGFR,0.0002067916785926784,0.0
slope1__peptide_mean__P01857,0.00020678071109292998,0.0
peptide_std__P02748,0.0002066522250139023,0.0
peptide_mean__P02647,0.00020646900139693251,0.0
protein_npx__P07225,0.00020614604354748744,0.0
rollmean2__peptide_std__O75144,0.00020596885830833392,0.0
rollmean2__peptide_mean__P08493,0.00020584197717744406,0.0
rollmean2__peptide_std__P54289,0.00020540830560741207,0.0
rollmean2__peptide_std__P14618,0.00020534989600591016,0.0
rollmean2__peptide_std__P00748,0.00020520583940511884,0.0
rollmean2__peptide_log__GEVQAMLGQSTEELRVR,0.00020466116452294315,0.0
lag1__peptide_std__P61769,0.000204630449387778,0.0
rollmean2__protein_npx__Q9UKV8,0.00020429620387678326,0.0
lag1__peptide_std__O15394,0.00020424978515308633,0.0
rollmean2__peptide_std__P17174,0.00020397246136562967,0.0
protein_npx__P01876,0.00020345120365360204,0.0
lag1__protein_npx__P04004,0.00020344900218904086,0.0
rollmean2__peptide_log__KQELSEAEQATR,0.00020298665874046105,0.0
rollmean2__peptide_std__P43652,0.000202754819921175,0.0
rollmean2__protein_npx__P04207,0.00020235536910588874,0.0
rollmean2__protein_npx__Q8N2S1,0.00020231539503632345,0.0
peptide_abundance_min,0.00020188462382138953,0.0
lag1__protein_npx__P02763,0.00020151968175696183,0.0
rollmean2__peptide_std__P25311,0.00020110333231742868,0.0
rollmean2__protein_npx__P43121,0.0002009232843782477,0.0
rollmean2__protein_npx__P02652,0.00020066418822136607,0.0
peptide_std__P02790,0.00020055652120605548,0.0
rollmean2__peptide_mean__P61769,0.00020035610224413723,0.0
protein_npx__P02652,0.00020034346170915324,0.0
delta1__peptide_std__P41222,0.00020026854856036014,0.0
peptide_mean__P01859,0.0001994879953641453,0.0
rollmean2__peptide_log__RGYQLSDVDGVTC(UniMod_4)EDIDEC(UniMod_4)ALPTGGHIC(UniMod_4)SYR,0.00019907602866062085,0.0
rollmean2__protein_npx__P61626,0.00019904892119264965,0.0
rollmean2__peptide_std__Q14118,0.00019901767279295585,0.0
peptide_log__DLATVYVDVLK,0.00019878434349589953,0.0
lag1__protein_npx__P02656,0.0001986010354754618,0.0
rollmean2__protein_npx__P01024,0.00019838166780044807,0.0
protein_npx__Q06481,0.0001983212817035231,0.0
peptide_std__P07339,0.00019794315099495627,0.0
rollmean2__peptide_std__P02768,0.00019784813066648561,0.0
rollmean2__peptide_std__Q9UBX5,0.000197342387970153,0.0
peptide_mean__Q8IWV7,0.00019700128454008735,0.0
rollmean2__peptide_log__LQAEAFQAR,0.00019671529947629386,0.0
rollmean2__peptide_log__LRTEGDGVYTLNNEKQWINK,0.00019652835970255728,0.0
peptide_std__Q92876,0.00019507710730330282,0.0
protein_npx__P02753,0.0001950532517798139,0.0
rollmean2__peptide_mean__P05060,0.0001949651300517763,0.0
peptide_mean__Q8NBJ4,0.00019492735105792458,0.0
peptide_log__VC(UniMod_4)PFAGILENGAVR,0.00019345267209337443,0.0
rollmean2__peptide_log__TDASDVKPC(UniMod_4),0.00019280161865354537,0.0
rollmean2__peptide_mean__P02750,0.00019206970219744449,0.0
peptide_log__LQAEAFQAR,0.00019185803900852936,0.0
rollmean2__protein_npx__Q13740,0.00019185147354094524,0.0
rollmean2__peptide_std__Q92520,0.00019174674414071266,0.0
rollmean2__protein_npx__P23142,0.00019173818414186322,0.0
peptide_log__HGGLYHENMR,0.0001912458343652161,0.0
rollmean2__protein_npx__Q9BY67,0.00019094314663380612,0.0
peptide_mean__Q96PD5,0.0001907117258838663,0.0
delta1__protein_npx__Q15904,0.00019058394438707064,0.0
lag1__protein_npx__P80748,0.0001903208555221125,0.0
peptide_std__P01008,0.00018985384840883857,0.0
peptide_log__AATGEC(UniMod_4)TATVGKR,0.00018981968813566253,0.0
rollmean2__peptide_mean__P49588,0.00018979402794856685,0.0
protein_npx__P43121,0.00018971521403902516,0.0
protein_npx__P00748,0.0001893726718778575,0.0
peptide_log__SEALAVDGAGKPGAEEAQDPEGK,0.00018920127593552492,0.0
peptide_log__ILTC(UniMod_4)M(UniMod_35)QGMEEIR,0.0001890444798948604,0.0
slope1__protein_npx__P01717,0.000188829037198832,0.0
peptide_mean__P01860,0.00018879904791722365,0.0
peptide_std__P02656,0.0001886821684798178,0.0
peptide_mean__P02675,0.00018857715302188926,0.0
peptide_mean__P04004,0.00018773508588037317,0.0
protein_npx__P18065,0.0001876209720019026,0.0
rollmean2__protein_npx__P08637,0.0001874449576010955,0.0
rollmean2__peptide_std__P10909,0.0001873631008196764,0.0
rollmean2__peptide_mean__P00441,0.00018733703443214977,0.0
protein_npx__P01011,0.00018703713449674713,0.0
peptide_log__NFPPSQDASGDLYTTSSQLTLPATQC(UniMod_4)LAGK,0.00018697054241299525,0.0
rollmean2__peptide_log__SFNRGEC(UniMod_4),0.00018649646699851207,0.0
rollmean2__protein_npx__P08493,0.00018641487451635444,0.0
rollmean2__peptide_log__QKVEPLRAELQEGAR,0.00018508669582795002,0.0
peptide_log__GEVQAMLGQSTEELR,0.00018506028487114164,0.0
protein_npx__P04207,0.00018482284969038257,0.0
peptide_mean__P02763,0.00018444049657430193,0.0
rollmean2__peptide_abundance_std,0.00018392226658213957,0.0
rollmean2__peptide_log__TM(UniMod_35)LLQPAGSLGSYSYR,0.00018356252812042713,0.0
peptide_mean__P13611,0.00018297856334035772,0.0
peptide_std__Q14515,0.00018276894752499063,0.0
peptide_std__P09486,0.0001825682355614985,0.0
delta1__protein_npx__P30086,0.00018247350973251008,0.0
peptide_mean__O15240,0.00018224312794973006,0.0
delta1__peptide_std__P13611,0.00018200844016853467,0.0
rollmean2__peptide_std__Q92823,0.00018195350253403034,0.0
rollmean2__peptide_log__TSAHGNVAEGETKPDPDVTER,0.00018155001018416929,0.0
lag1__protein_npx__P02452,0.00018134817958288923,0.0
rollmean2__peptide_std__P07711,0.00018126085222095516,0.0
peptide_log__C(UniMod_4)SYTEDAQC(UniMod_4)IDGTIEVPK,0.00018122465307240547,0.0
lag1__peptide_log__KQELSEAEQATR,0.00018105201664975472,0.0
peptide_std__P07225,0.00018095617881239452,0.0
protein_npx__O14773,0.00018007567413659843,0.0
peptide_log__M(UniMod_35)ASGAANVVGPK,0.00017988506017800601,0.0
protein_npx__P00734,0.00017975960348998483,0.0
peptide_std__O00533,0.00017868594904787944,0.0
rollmean2__protein_npx__P11277,0.00017830602196023057,0.0
rollmean2__peptide_std__P02652,0.00017829497449655776,0.0
rollmean2__peptide_mean__Q9Y6R7,0.00017827547185878483,0.0
peptide_std__P13987,0.00017815919059683104,0.0
peptide_mean__P07333,0.00017813696843009042,0.0
rollmean2__peptide_mean__Q16270,0.0001774945192346768,0.0
protein_npx__Q16610,0.000177483563366425,0.0
rollmean2__protein_npx__P07998,0.00017706347875852703,0.0
peptide_mean__P07339,0.00017661915631680258,0.0
peptide_mean__P01834,0.0001765300674569652,0.0
rollmean2__peptide_std__P02760,0.00017637988465798302,0.0
rollmean2__peptide_std__P02750,0.00017618976644311166,0.0
rollmean2__peptide_mean__Q92520,0.00017618089426900922,0.0
rollmean2__peptide_mean__P24592,0.00017573296455097707,0.0
rollmean2__protein_npx__Q12841,0.00017568378250523353,0.0
lag1__current_updrs_3,0.0001755908990921313,0.0
rollmean2__peptide_mean__P02753,0.00017553681445935115,0.0
lag1__peptide_std__P36222,0.00017495615736474264,0.0
rollmean2__peptide_mean__P00746,0.0001746486792111644,0.0
protein_npx__P01594,0.00017451448874880934,0.0
slope1__peptide_std__Q16270,0.00017444151332456445,0.0
rollmean2__peptide_log__M(UniMod_35)ASGAANVVGPK,0.0001742615840431135,0.0
peptide_mean__P30086,0.0001738259164420251,0.0
rollmean2__protein_npx__P01876,0.00017356230162838927,0.0
peptide_mean__Q7Z5P9,0.00017352510456050728,0.0
rollmean2__peptide_mean__P04180,0.00017323611845660556,0.0
slope1__peptide_mean__P01023,0.00017275108946907845,0.0
rollmean2__protein_npx__P07711,0.00017241874398527457,0.0
rollmean2__peptide_std__P13591,0.0001722513291270125,0.0
protein_npx__P01780,0.00017222989672076918,0.0
rollmean2__peptide_mean__O94919,0.00017186220256825273,0.0
delta1__peptide_std__P55290,0.00017105461297061298,0.0
rollmean2__peptide_std__P09486,0.00017097077808792905,0.0
rollmean2__peptide_mean__P00450,0.00017087210262321578,0.0
rollmean2__protein_npx__P02751,0.00017073311799950725,0.0
peptide_std__P01860,0.00017053589983832896,0.0
rollmean2__peptide_std__P00450,0.00017046244322414903,0.0
protein_npx__P02751,0.00017032780482767901,0.0
peptide_log__RGYQLSDVDGVTC(UniMod_4)EDIDEC(UniMod_4)ALPTGGHIC(UniMod_4)SYR,0.00016981589296055083,0.0
rollmean2__protein_npx__Q9UNU6,0.0001697796837480242,0.0
peptide_std__P01876,0.0001695279821197544,0.0
rollmean2__peptide_mean__P02671,0.00016942879454031492,0.0
peptide_mean__P07998,0.0001693764651541127,0.0
protein_npx__P00736,0.00016902633079532924,0.0
lag1__peptide_std__P02675,0.00016823264396900254,0.0
slope1__peptide_std__P06727,0.00016813304350508901,0.0
rollmean2__peptide_std__P01042,0.000168090762709102,0.0
rollmean2__peptide_mean__Q6UXB8,0.00016796973831730737,0.0
rollmean2__peptide_std__P05060,0.00016764344390560298,0.0
peptide_mean__P02748,0.0001674161024427174,0.0
rollmean2__protein_npx__P24592,0.00016739165321553006,0.0
peptide_mean__P08493,0.00016704098124938817,0.0
rollmean2__protein_npx__P06727,0.000166654437671912,0.0
lag1__protein_npx__P02749,0.0001665545934344197,0.0
rollmean2__peptide_log__DSGFQM(UniMod_35)NQLR,0.00016637794922624787,0.0
protein_npx__P04433,0.00016636748722813802,0.0
peptide_mean__P01344,0.00016617272325971887,0.0
delta1__peptide_log__DLATVYVDVLK,0.00016609536759147175,0.0
rollmean2__peptide_std__P02679,0.00016557983241100003,0.0
peptide_log__MYYSAVDPTKDIFTGLIGPM(UniMod_35)K,0.00016544035374149051,0.0
lag1__peptide_log__LGPLVEQGRVR,0.0001652638099377886,0.0
lag1__peptide_mean__P02652,0.0001647632689845079,0.0
rollmean2__peptide_log__TPLGDTTHTC(UniMod_4)PR,0.000164691793031172,0.0
peptide_mean__Q13740,0.00016468483900440944,0.0
protein_npx__P01033,0.0001644715981726063,0.0
delta1__peptide_log__AATVGSLAGQPLQER,0.00016446672620424525,0.0
rollmean2__peptide_mean__Q16610,0.0001642685408809622,0.0
peptide_std__Q12841,0.00016422992715316542,0.0
rollmean2__peptide_log__SC(UniMod_4)DTPPPC(UniMod_4)PR,0.00016379830733436365,0.0
protein_npx__P00747,0.00016370334689958554,0.0
peptide_std__P02751,0.0001636060221958822,0.0
peptide_mean__P00746,0.00016354174517086732,0.0
peptide_mean__P01023,0.00016341604110988388,0.0
rollmean2__peptide_mean__Q9BY67,0.00016291581567304307,0.0
peptide_log__GEVQAMLGQSTEELRVR,0.0001626817663272075,0.0
rollmean2__peptide_log__LGQSLDC(UniMod_4)NAEVYVVPWEK,0.00016218183929810835,0.0
peptide_mean__Q14624,0.00016215527555661554,0.0
peptide_mean__Q08380,0.00016209284760453703,0.0
rollmean2__peptide_log__DLATVYVDVLK,0.00016192361903103668,0.0
lag1__peptide_std__P02765,0.00016187656155314888,0.0
rollmean2__peptide_mean__O14791,0.00016127341414282737,0.0
rollmean2__peptide_mean__P61626,0.00016114559876797814,0.0
peptide_mean__P51884,0.0001611348676584337,0.0
protein_npx__Q96PD5,0.00016106087786259095,0.0
rollmean2__protein_npx__P01009,0.00016095419627268088,0.0
slope1__protein_npx__P17174,0.00016080872961608865,0.0
rollmean2__protein_npx__P00751,0.0001606221411021151,0.0
rollmean2__peptide_std__P01876,0.0001606080694081874,0.0
rollmean2__peptide_mean__P05155,0.00016038397220946842,0.0
rollmean2__protein_npx__P00746,0.00016002079057724774,0.0
peptide_std__P36955,0.00015996252705087534,0.0
rollmean2__peptide_mean__P13671,0.00015986392182941998,0.0
rollmean2__protein_npx__P43652,0.00015983408792689857,0.0
lag1__peptide_mean__P04217,0.00015975345424589735,0.0
peptide_mean__P80748,0.00015958591084932547,0.0
rollmean2__protein_npx__P01594,0.0001594596818135683,0.0
peptide_std__P00441,0.00015915068597666666,0.0
peptide_log__TQVNTQAEQLRR,0.00015902240877299764,0.0
peptide_std__P16870,0.00015890178431997873,0.0
rollmean2__peptide_std__P04217,0.00015886205928974102,0.0
rollmean2__peptide_mean__P43121,0.00015885033967230204,0.0
rollmean2__protein_npx__P01717,0.00015871780159833126,0.0
rollmean2__peptide_std__P19652,0.0001587131624514174,0.0
protein_npx__P08697,0.0001586813927457901,0.0
peptide_std__P04196,0.0001582495455148954,0.0
slope1__peptide_mean__Q99969,0.00015809105543967159,0.0
rollmean2__peptide_log__FM(UniMod_35)ETVAEK,0.00015807271240484084,0.0
peptide_log__NPDPWAK,0.000157881519363326,0.0
rollmean2__peptide_mean__P01011,0.00015776667104249744,0.0
rollmean2__peptide_log__VYC(UniMod_4)DMNTENGGWTVIQNR,0.0001575485734952349,0.0
lag1__peptide_std__P04180,0.0001572924635755153,0.0
peptide_std__O14773,0.00015718256395625606,0.0
rollmean2__peptide_std__Q16270,0.00015696606381478863,0.0
rollmean2__peptide_std__P02452,0.00015684783069290208,0.0
lag1__peptide_count__P10643,0.00015634198570184296,0.0
rollmean2__peptide_log__C(UniMod_4)SYTEDAQC(UniMod_4)IDGTIEVPK,0.00015586529240322602,0.0
peptide_mean__O15394,0.0001558192714076464,0.0
rollmean2__protein_npx__P01042,0.00015576194441625115,0.0
peptide_std__P05546,0.00015561971085958603,0.0
rollmean2__peptide_std__P12109,0.0001554259920572563,0.0
rollmean2__protein_npx__P02766,0.00015538508829439243,0.0
rollmean2__peptide_log__AVGDKLPEC(UniMod_4)EADDGC(UniMod_4)PKPPEIAHGYVEHSVR,0.00015516094984027672,0.0
protein_npx__Q9NYU2,0.0001551015362930155,0.0
delta1__peptide_std__Q16270,0.0001550404760119037,0.0
rollmean2__protein_npx__P61916,0.0001550393114055211,0.0
rollmean2__peptide_mean__P27169,0.00015497262656746763,0.0
rollmean2__peptide_mean__P08123,0.00015489242984377942,0.0
rollmean2__peptide_std__Q12805,0.00015456405437979797,0.0
protein_npx__Q12841,0.00015426014691624006,0.0
peptide_std__P51884,0.00015400705910433672,0.0
rollmean2__protein_npx__Q99683,0.00015375758604334756,0.0
peptide_mean__P00734,0.00015375611272484954,0.0
rollmean2__protein_npx__P07225,0.00015373829711390403,0.0
rollmean2__protein_npx__P32754,0.000153674352628867,0.0
rollmean2__peptide_std__P00751,0.0001535962589978437,0.0
rollmean2__protein_npx__P02452,0.00015327568279706574,0.0
rollmean2__peptide_mean__P02768,0.00015311625411996695,0.0
lag1__peptide_log__TVVQPSVGAAAGPVVPPC(UniMod_4)PGR,0.00015299347788474006,0.0
rollmean2__protein_npx__Q9UBR2,0.00015285177507575346,0.0
rollmean2__peptide_mean__Q96KN2,0.00015253751760735743,0.0
delta1__peptide_mean__Q15904,0.00015253387562193975,0.0
peptide_mean__Q9UBX5,0.00015251545956398855,0.0
protein_npx__P02749,0.00015217773960594247,0.0
rollmean2__protein_npx__P30086,0.00015207124452979926,0.0
rollmean2__protein_npx__Q96S96,0.00015173821811112305,0.0
protein_npx__Q15904,0.00015164260160370453,0.0
rollmean2__peptide_std__P07225,0.00015160814188996214,0.0
rollmean2__protein_npx__P02749,0.000151583120988468,0.0
lag1__peptide_std__P05155,0.00015147539787223753,0.0
protein_npx__P05067,0.00015130897069578166,0.0
rollmean2__peptide_mean__Q8IWV7,0.0001511024304957347,0.0
peptide_log__AEAQEAEDQQAR,0.00015106507240030751,0.0
rollmean2__peptide_mean__P04207,0.00015090900053684193,0.0
rollmean2__peptide_log__QQETAAAETETR,0.00015080736165484635,0.0
peptide_std__P01023,0.00015055172261115393,0.0
delta1__peptide_std__Q16610,0.00015047545144281646,0.0
rollmean2__protein_npx__P54289,0.0001504194900474747,0.0
peptide_std__P02747,0.00015032160687870164,0.0
rollmean2__peptide_log__EILSVDC(UniMod_4)STNNPSQAK,0.00015027751733139632,0.0
protein_npx__P07998,0.00015018332261827513,0.0
lag1__peptide_log__C(UniMod_4)C(UniMod_4)VEC(UniMod_4)PPC(UniMod_4)PAPPVAGPSVFLFPPKPK,0.00014984225330399027,0.0
delta1__peptide_mean__P01833,0.00014971550276660322,0.0
peptide_mean__Q9UNU6,0.00014938987888600858,0.0
rollmean2__protein_npx__P01011,0.000148740176276719,0.0
rollmean2__peptide_std__Q96KN2,0.0001482365492853855,0.0
lag1__peptide_std__P05156,0.000148233282210817,0.0
rollmean2__peptide_log__SSQGGSLPSEEK,0.00014712205876405853,0.0
rollmean2__protein_npx__P20933,0.00014696060253869715,0.0
peptide_std__P01009,0.000146570181036843,0.0
protein_npx__P04406,0.0001465690868204123,0.0
peptide_mean__P05155,0.00014653436884707338,0.0
rollmean2__peptide_std__P04433,0.00014633075625447228,0.0
rollmean2__peptide_std__P00738,0.00014625286818001733,0.0
peptide_log__AATVGSLAGQPLQER,0.00014623424749505973,0.0
rollmean2__peptide_log__TKEEYGHSEVVEYYC(UniMod_4)NPR,0.0001460565745840888,0.0
peptide_log__VYC(UniMod_4)DMNTENGGWTVIQNR,0.00014595944816883313,0.0
rollmean2__peptide_std__P01008,0.0001459551045954837,0.0
rollmean2__protein_npx__P05090,0.00014593346476103969,0.0
peptide_mean__P02787,0.00014555787989038656,0.0
peptide_mean__P01034,0.00014554425279296153,0.0
lag1__peptide_std__Q13740,0.00014544887699705701,0.0
protein_npx__P14618,0.0001451965086882988,0.0
peptide_std__P24592,0.00014498673714384293,0.0
peptide_std__P05060,0.00014492781365731076,0.0
rollmean2__peptide_mean__P08603,0.0001447765871207255,0.0
peptide_std__P10643,0.00014460503374026052,0.0
rollmean2__peptide_mean__P02647,0.00014422146887159453,0.0
rollmean2__peptide_std__P09871,0.00014415745546196606,0.0
rollmean2__peptide_log__LSNENHGIAQR,0.0001440763504965687,0.0
lag1__protein_npx__P04433,0.0001439616802141592,0.0
peptide_std__O75144,0.00014387505833438944,0.0
rollmean2__peptide_log__NFPPSQDASGDLYTTSSQLTLPATQC(UniMod_4)LAGK,0.00014376029797359187,0.0
rollmean2__peptide_mean__Q12841,0.00014374680452986603,0.0
lag1__peptide_mean__P05546,0.00014356498518965376,0.0
slope1__protein_npx__P80748,0.00014352984839796396,0.0
delta1__peptide_mean__P02675,0.00014327444030706485,0.0
rollmean2__peptide_mean__Q9UBR2,0.00014244868566350453,0.0
rollmean2__peptide_mean__P02763,0.00014231541424165048,0.0
delta1__peptide_log__GC(UniMod_4)PTEEGC(UniMod_4)GER,0.00014229652990438294,0.0
rollmean2__peptide_std__P02753,0.00014227961999654443,0.0
rollmean2__peptide_std__P13987,0.00014215054341006346,0.0
rollmean2__peptide_mean__P02655,0.00014214955874186167,0.0
slope1__peptide_std__P01877,0.00014145826928206083,0.0
rollmean2__peptide_mean__P17174,0.0001412543797311237,0.0
peptide_std__P14314,0.0001412389574507231,0.0
rollmean2__peptide_mean__P23142,0.00014108989426351616,0.0
peptide_std__P01877,0.00014104054593723915,0.0
peptide_std__P20774,0.00014101729985544354,0.0
rollmean2__peptide_log__KFPSGTFEQVSQLVK,0.00014091124759094692,0.0
rollmean2__peptide_log__ELSSFIDKGQELC(UniMod_4)ADYSENTFTEYK,0.00014075370983369033,0.0
protein_npx__O00391,0.00014056970687332596,0.0
peptide_mean__P02652,0.00014054448264840127,0.0
peptide_std__Q9UHG2,0.00014053512238530925,0.0
protein_npx__Q8NBJ4,0.00014052012667914186,0.0
rollmean2__peptide_log__AKLEEQAQQIR,0.00014040379904735125,0.0
rollmean2__peptide_log__LIADLGSTSITNLGFR,0.00014019999403661236,0.0
peptide_log__IHWESASLLR,0.000140141516728681,0.0
current_updrs_4,0.00014005797975526711,0.0
slope1__protein_npx__P27169,0.00014005227261163985,0.0
peptide_std__P02675,0.0001399458076573244,0.0
protein_npx__P02750,0.00013923873542423082,0.0
rollmean2__peptide_mean__P49908,0.00013922281610771804,0.0
peptide_std__P02763,0.00013917734898378893,0.0
rollmean2__peptide_mean__Q13451,0.00013915038159276365,0.0
peptide_std__P05155,0.00013890915278063671,0.0
rollmean2__peptide_mean__P08253,0.00013859493866380588,0.0
rollmean2__peptide_std__P02749,0.00013849350315679607,0.0
peptide_log__QKVEPLRAELQEGAR,0.00013841034240258114,0.0
peptide_std__Q6UXB8,0.00013818666685744887,0.0
rollmean2__peptide_std__P08697,0.00013813276160344756,0.0
lag1__protein_npx__P43121,0.00013799562249439094,0.0
rollmean2__protein_npx__P02765,0.00013795017003997607,0.0
slope1__peptide_count__P43652,0.0001378931673180615,0.0
peptide_mean__P43652,0.0001378230508367851,0.0
rollmean2__peptide_log__LGPLVEQGRVR,0.00013753443952865146,0.0
rollmean2__peptide_log__ILTC(UniMod_4)M(UniMod_35)QGMEEIR,0.00013751189799172725,0.0
peptide_std__P39060,0.00013742896354546096,0.0
rollmean2__peptide_mean__P19652,0.0001372972665675833,0.0
rollmean2__peptide_mean__P01857,0.00013719999674266194,0.0
lag1__peptide_std__P04433,0.00013716415419128615,0.0
slope1__peptide_log__AVGDKLPEC(UniMod_4)EADDGC(UniMod_4)PKPPEIAHGYVEHSVR,0.00013700964053807002,0.0
protein_npx__P01344,0.00013685392844663125,0.0
rollmean2__peptide_log__TTPPVLDSDGSFFLYSK,0.00013682678209014264,0.0
protein_npx__P12109,0.00013668934307621303,0.0
peptide_mean__P17174,0.00013658975910089638,0.0
peptide_std__P09871,0.0001364878593975628,0.0
slope1__peptide_log__AVLPTGDVIGDSAK,0.0001364181991461624,0.0
rollmean2__peptide_mean__P01877,0.00013633992760237062,0.0
rollmean2__protein_npx__P00747,0.00013608587904293505,0.0
delta1__peptide_std__Q14515,0.00013606710586691324,0.0
peptide_std__P05090,0.00013591263559803912,0.0
peptide_log__C(UniMod_4)REILSVDC(UniMod_4)STNNPSQAK,0.00013587174061873865,0.0
rollmean2__protein_npx__P07333,0.0001356592837539162,0.0
rollmean2__peptide_mean__P02675,0.00013552135178829998,0.0
peptide_log__VGYVSGWGR,0.0001353489855446016,0.0
rollmean2__protein_npx__P01860,0.00013512384640086602,0.0
rollmean2__peptide_mean__P09486,0.0001351066352124379,0.0
rollmean2__peptide_mean__Q02818,0.00013503101628101023,0.0
peptide_mean__P01011,0.00013486040341848944,0.0
slope1__peptide_std__P02753,0.00013485595531480252,0.0
slope1__protein_npx__P01344,0.00013479576499761048,0.0
peptide_log__AVLPTGDVIGDSAK,0.000134732482742881,0.0
peptide_log__FNKPFVFLM(UniMod_35)IEQNTK,0.0001347069742259529,0.0
rollmean2__peptide_log__VQPYLDDFQKK,0.00013468093422274368,0.0
peptide_std__P01024,0.0001345538368993852,0.0
lag1__protein_npx__P00738,0.00013446075158025548,0.0
rollmean2__peptide_std__P01011,0.00013441642399418928,0.0
delta1__peptide_mean__P51884,0.00013432596240558982,0.0
rollmean2__peptide_mean__P05156,0.00013431581382407855,0.0
lag1__peptide_mean__P41222,0.00013425199770173994,0.0
peptide_std__P02750,0.00013416967967715032,0.0
delta1__peptide_std__P08294,0.0001340695283862903,0.0
rollmean2__peptide_log__RLEGQEEEEDNRDSSMK,0.00013390508948340427,0.0
slope1__peptide_log__C(UniMod_4)KPVNTFVHEPLVDVQNVC(UniMod_4)FQEK,0.0001337732317687752,0.0
peptide_log__LGPLVEQGRVR,0.00013369893594836484,0.0
rollmean2__protein_npx__Q9UBX5,0.00013328806958993057,0.0
peptide_mean__O94919,0.00013322398160920984,0.0
protein_npx__Q99683,0.00013313235721370905,0.0
rollmean2__peptide_mean__O00584,0.00013304883914067245,0.0
rollmean2__peptide_std__P01857,0.00013295423345228714,0.0
peptide_log__HYDGSYSTFGER,0.00013265348263086083,0.0
lag1__peptide_log__VYC(UniMod_4)DMNTENGGWTVIQNR,0.00013259689840842718,0.0
rollmean2__peptide_mean__P32754,0.00013255854969308192,0.0
rollmean2__peptide_count__P06727,0.00013249024401330132,0.0
slope1__peptide_log__LGPLVEQGRVR,0.00013211446259615443,0.0
lag1__peptide_std__P08571,0.00013193984783585458,0.0
rollmean2__peptide_mean__Q13283,0.00013168593623728674,0.0
peptide_std__P13611,0.0001315860824524572,0.0
peptide_mean__P09871,0.0001314247300759983,0.0
peptide_log__YYWGGQYTWDMAK,0.00013136803960194903,0.0
delta1__peptide_log__C(UniMod_4)DSSPDSAEDVRK,0.00013118417894060968,0.0
protein_npx__P04196,0.0001311393910218542,0.0
peptide_std__P98160,0.00013106991977003345,0.0
delta1__protein_npx__P61916,0.00013097697698176606,0.0
peptide_mean__P18065,0.00013070333002646316,0.0
slope1__peptide_mean__P08133,0.00013063524773736414,0.0
rollmean2__peptide_mean__P98160,0.00013062304204492523,0.0
slope1__peptide_std__P04433,0.00013058157130601324,0.0
delta1__peptide_mean__P07998,0.00013050704610334348,0.0
lag1__peptide_log__LGADM(UniMod_35)EDVC(UniMod_4)GR,0.0001304803839298138,0.0
rollmean2__peptide_mean__Q9UKV8,0.00013044690672545068,0.0
peptide_std__P01834,0.00013043826677220822,0.0
protein_npx__P00751,0.00013037989631275423,0.0
rollmean2__protein_npx__P51884,0.0001301245445073251,0.0
lag1__protein_npx__P36222,0.00012953960804455234,0.0
lag1__peptide_std__P06396,0.00012925349512225116,0.0
protein_npx__P01024,0.00012916102222867664,0.0
protein_npx__P01857,0.00012891788108376764,0.0
lag1__peptide_std__P00450,0.000128768133608277,0.0
rollmean2__protein_npx__P02679,0.0001286983111420709,0.0
lag1__peptide_std__P02790,0.0001286873038147287,0.0
rollmean2__peptide_mean__P55290,0.00012845799520769068,0.0
rollmean2__protein_npx__Q14515,0.00012826317106623273,0.0
rollmean2__peptide_mean__P09871,0.0001282615390262013,0.0
slope1__protein_npx__P04216,0.00012810865866229478,0.0
rollmean2__protein_npx__P02649,0.0001280773312006648,0.0
lag1__peptide_mean__P80748,0.00012770470350381284,0.0
lag1__peptide_log__ILLQGTPVAQMTEDAVDAER,0.00012740948088860174,0.0
rollmean2__protein_npx__P36222,0.00012678901214901325,0.0
peptide_std__P02774,0.00012674127184342628,0.0
delta1__peptide_log__ATVNPSAPR,0.00012674004824969663,0.0
lag1__peptide_log__QIGSVYR,0.00012658311793029012,0.0
lag1__peptide_log__SEALAVDGAGKPGAEEAQDPEGK,0.00012648375601558834,0.0
peptide_mean__P04196,0.0001263603324883813,0.0
rollmean2__peptide_log__HGGLYHENMR,0.00012627048726366038,0.0
delta1__protein_npx__P07339,0.00012610844340177124,0.0
missing__peptide_log__HYDGSYSTFGER,0.00012594193838623335,0.0
rollmean2__protein_npx__P00738,0.00012559251695891678,0.0
rollmean2__peptide_abundance_min,0.0001254634299853021,0.0
rollmean2__peptide_count__O15240,0.00012509805281498454,0.0
peptide_log__LFDSDPITVTVPVEVSR,0.0001250116523499463,0.0
peptide_mean__Q96S96,0.0001247428330730651,0.0
peptide_mean__P25311,0.0001246807390487196,0.0
peptide_log__RLEGQEEEEDNRDSSMK,0.00012447297486724068,0.0
slope1__peptide_log__AATVGSLAGQPLQER,0.0001243396857868309,0.0
rollmean2__peptide_log__SWFEPLVEDM(UniMod_35)QR,0.00012417135617142275,0.0
protein_npx__P01608,0.00012369093850253982,0.0
protein_npx__P02747,0.00012350036783796042,0.0
peptide_std__Q12805,0.0001233960814874998,0.0
rollmean2__peptide_mean__P00734,0.00012334328280748507,0.0
lag1__peptide_mean__P20933,0.00012333968996762362,0.0
rollmean2__protein_npx__P40925,0.0001231583102903939,0.0
peptide_mean__P08697,0.00012315728657970296,0.0
lag1__peptide_log__NPDSSTTGPWC(UniMod_4)YTTDPTVR,0.00012307685136516385,0.0
lag1__protein_npx__P02748,0.00012304443330956214,0.0
slope1__peptide_mean__Q14515,0.00012296440781936835,0.0
peptide_mean__P04180,0.00012295323536642435,0.0
protein_npx__P05155,0.00012288347089413543,0.0
slope1__peptide_log__SELEEQLTPVAEETR,0.00012278484894841417,0.0
delta1__peptide_std__P04180,0.0001227668071265904,0.0
delta1__peptide_mean__P14618,0.00012248263848816285,0.0
peptide_mean__P01009,0.00012246367517225012,0.0
rollmean2__protein_npx__P02792,0.00012235633755261447,0.0
rollmean2__protein_npx__P02774,0.00012233304977662948,0.0
delta1__peptide_log__TDASDVKPC(UniMod_4),0.00012222540273561903,0.0
protein_npx__P05546,0.0001221246420231239,0.0
protein_npx__Q9UKV8,0.00012182489689352662,0.0
rollmean2__peptide_log__QIGSVYR,0.00012173747921080366,0.0
rollmean2__peptide_abundance_max,0.00012137009033905896,0.0
peptide_std__P08603,0.00012132879495314074,0.0
delta1__peptide_std__Q92520,0.00012127418753866205,0.0
rollmean2__peptide_log__LFDSDPITVTVPVEVSR,0.00012119234051784549,0.0
slope1__current_updrs_1,0.0001210313557631071,0.0
slope1__peptide_std__P00450,0.00012095875059744611,0.0
delta1__protein_npx__P00736,0.00012092327556000729,0.0
protein_npx__P06396,0.00012067520962277586,0.0
rollmean2__peptide_mean__P01876,0.0001203742378531004,0.0
protein_npx__P01009,0.00012029238232129643,0.0
lag1__peptide_std__P02766,0.00012013594167868972,0.0
protein_npx__P14174,0.00011977494110194215,0.0
peptide_mean__P32754,0.00011967429559583543,0.0
rollmean2__protein_npx__P27169,0.00011964906535099228,0.0
peptide_log__GSPAINVAVHVFRK,0.00011910522477842125,0.0
rollmean2__peptide_std__P05452,0.0001189660034534648,0.0
peptide_log__C(UniMod_4)RDQLPYIC(UniMod_4)QFGIV,0.00011893978453708691,0.0
peptide_mean__P02656,0.00011889532609764157,0.0
peptide_mean__Q9UBR2,0.00011843619491312801,0.0
rollmean2__peptide_mean__P01042,0.0001184037581083717,0.0
delta1__peptide_mean__P01857,0.00011838080754489043,0.0
peptide_mean__O00391,0.0001182245848902387,0.0
peptide_mean__P04207,0.00011822247941387525,0.0
rollmean2__peptide_log__C(UniMod_4)REILSVDC(UniMod_4)STNNPSQAK,0.0001181681746772811,0.0
rollmean2__peptide_mean__P07711,0.0001179748832292892,0.0
peptide_std__P08571,0.00011791105322198261,0.0
peptide_std__Q96KN2,0.00011769769020620294,0.0
peptide_mean__P36980,0.00011760433062262315,0.0
rollmean2__protein_npx__P55290,0.00011753457733581332,0.0
protein_npx__P23142,0.00011739689834939007,0.0
peptide_mean__P23142,0.0001172165707307134,0.0
lag1__peptide_std__P12109,0.00011706127528910272,0.0
delta1__peptide_log__LRTEGDGVYTLNNEK,0.00011697867749825557,0.0
rollmean2__protein_npx__P01834,0.00011691740687652057,0.0
delta1__peptide_mean__P02768,0.00011691090953440245,0.0
peptide_log__IMNGEADAMSLDGGFVYIAGK,0.0001166146949229052,0.0
lag1__peptide_std__P07225,0.00011658418239994243,0.0
rollmean2__peptide_mean__P00748,0.00011656944968990402,0.0
lag1__peptide_log__GYQLSDVDGVTC(UniMod_4)EDIDEC(UniMod_4)ALPTGGHIC(UniMod_4)SYR,0.00011642313162674891,0.0
peptide_log__VDNALQSGNSQESVTEQDSKDSTYSLSSTLTLSK,0.00011641000169287353,0.0
peptide_std__P08294,0.00011636596384609758,0.0
lag1__peptide_std__P20774,0.00011628135582367496,0.0
rollmean2__protein_npx__P02656,0.00011624473479757429,0.0
peptide_mean__P08637,0.00011609232348833632,0.0
delta1__peptide_std__P01877,0.0001160278536271506,0.0
protein_npx__Q14624,0.00011595418510667251,0.0
slope1__peptide_mean__P11277,0.000115682054569213,0.0
rollmean2__peptide_std__P02656,0.00011556264801158873,0.0
rollmean2__protein_npx__P02750,0.00011535150794175169,0.0
peptide_mean__P00747,0.00011519058899817697,0.0
rollmean2__protein_npx__Q99674,0.00011503413913237138,0.0
rollmean2__peptide_mean__P12109,0.00011495126571100763,0.0
peptide_log__AKLEEQAQQIR,0.00011472386792168318,0.0
protein_npx__Q08380,0.00011470925114633852,0.0
slope1__protein_npx__Q99969,0.00011467159963913269,0.0
rollmean2__peptide_mean__P00738,0.00011441510385489468,0.0
rollmean2__peptide_std__P07339,0.00011439619353927565,0.0
rollmean2__protein_npx__P00734,0.00011415521579467333,0.0
lag1__protein_npx__P08637,0.0001140739300739297,0.0
lag1__peptide_mean__Q9UBX5,0.00011394640269883978,0.0
peptide_std__P05452,0.00011392704658229818,0.0
slope1__protein_npx__P04433,0.00011387267998386698,0.0
lag1__peptide_std__P02747,0.00011383171046736421,0.0
lag1__protein_npx__Q96S96,0.00011379637432671784,0.0
peptide_mean__P05452,0.00011379006910332364,0.0
peptide_std__P02652,0.0001137002094860051,0.0
peptide_log__ADDKETC(UniMod_4)FAEEGK,0.00011356656337825303,0.0
delta1__protein_npx__P27169,0.00011352911781184823,0.0
rollmean2__peptide_log__LRTEGDGVYTLNNEK,0.00011349790313956872,0.0
peptide_log__LGADM(UniMod_35)EDVC(UniMod_4)GR,0.00011349655645938798,0.0
slope1__peptide_mean__P02790,0.0001134613803596224,0.0
rollmean2__peptide_std__P55290,0.0001134526365251545,0.0
protein_npx__P02763,0.00011334282264602248,0.0
rollmean2__peptide_log__TSPVDEKALQDQLVLVAAK,0.00011305382079866226,0.0
delta1__protein_npx__Q02818,0.00011300461165667837,0.0
rollmean2__peptide_log__RTPITVVK,0.00011286711855694352,0.0
protein_npx__P02647,0.00011284546681092942,0.0
peptide_std__Q14118,0.00011273838873441035,0.0
rollmean2__peptide_mean__Q7Z5P9,0.00011244554098578908,0.0
rollmean2__peptide_mean__Q9UBX5,0.00011213602558132594,0.0
peptide_std__P00734,0.0001118495112588572,0.0
slope1__peptide_count__O15394,0.00011184013874810823,0.0
rollmean2__protein_npx__P02655,0.00011160599462244156,0.0
lag1__peptide_std__P02749,0.00011159536289795659,0.0
rollmean2__protein_npx__Q14118,0.00011157730585325346,0.0
rollmean2__peptide_mean__P35542,0.00011155317960818495,0.0
peptide_mean__O14791,0.00011151461274776105,0.0
peptide_mean__P49588,0.00011140733863327073,0.0
rollmean2__peptide_log__ELDESLQVAER,0.00011127392922327381,0.0
protein_npx__P09486,0.00011113948683927267,0.0
rollmean2__peptide_mean__P01591,0.00011112995442951598,0.0
peptide_mean__P41222,0.00011108272079258715,0.0
lag1__peptide_mean__Q99674,0.00011108196892040288,0.0
peptide_mean__Q16270,0.00011098020593643159,0.0
rollmean2__peptide_mean__Q14624,0.00011094078863745527,0.0
rollmean2__protein_npx__O14773,0.00011079564902736149,0.0
lag1__peptide_mean__P01608,0.00011066765456931294,0.0
peptide_std__P04004,0.00011060134903810413,0.0
peptide_log__SWFEPLVEDM(UniMod_35)QR,0.00011051470541577277,0.0
lag1__peptide_std__Q16270,0.00011049890667534351,0.0
protein_npx__Q8IWV7,0.0001104416984848575,0.0
slope1__peptide_std__P43652,0.00011043705760542675,0.0
slope1__peptide_log__VGYVSGWGR,0.00011015116713045465,0.0
lag1__peptide_mean__P05067,0.00011010509334187995,0.0
rollmean2__protein_npx__P00736,0.00011005657120808867,0.0
lag1__peptide_std__P07998,0.0001100539352549989,0.0
rollmean2__peptide_std__P36222,0.00011004874244821462,0.0
lag1__peptide_count__P00738,0.00010997121838986225,0.0
rollmean2__peptide_log__SLAELGGHLDQQVEEFRR,0.0001099079505666151,0.0
peptide_std__Q16270,0.00010988310697814178,0.0
peptide_log__KAADDTWEPFASGK,0.00010971562403978907,0.0
delta1__peptide_log__MTVTDQVNC(UniMod_4)PK,0.00010965921162228353,0.0
lag1__current_updrs_2,0.00010961970973956129,0.0
peptide_std__Q06481,0.00010947078047979046,0.0
peptide_std__P02753,0.00010935997053054408,0.0
delta1__peptide_std__P02787,0.00010913695562097076,0.0
lag1__peptide_std__P09871,0.00010895137492677046,0.0
lag1__protein_npx__P01857,0.00010879370515268601,0.0
rollmean2__peptide_mean__P02747,0.00010874088987631541,0.0
protein_npx__P13987,0.00010862325003992333,0.0
lag1__peptide_log__AVLPTGDVIGDSAK,0.00010857777500060904,0.0
peptide_std__P19823,0.00010848812855542772,0.0
rollmean2__protein_npx__P01621,0.000108481902402324,0.0
lag1__peptide_log__MYYSAVDPTKDIFTGLIGPM(UniMod_35)K,0.00010838486720803443,0.0
rollmean2__peptide_std__P07602,0.00010836360750944232,0.0
rollmean2__protein_npx__P00450,0.00010827271359958224,0.0
rollmean2__peptide_std__P02763,0.00010826309725112575,0.0
rollmean2__peptide_std__Q14624,0.00010821848208987842,0.0
protein_npx__P49908,0.00010798196550245226,0.0
slope1__peptide_std__P02765,0.00010788931076082773,0.0
rollmean2__peptide_log__YYWGGQYTWDMAK,0.00010770167283423301,0.0
delta1__peptide_std__P43652,0.0001076546724336758,0.0
rollmean2__peptide_mean__P36222,0.0001075430450172234,0.0
rollmean2__peptide_mean__P31997,0.00010720359834077333,0.0
peptide_log__LDEVKEQVAEVR,0.00010716593487598016,0.0
peptide_std__P05067,0.00010714548385277323,0.0
delta1__peptide_mean__O15394,0.00010706941645635172,0.0
protein_npx__P02765,0.00010697838101543913,0.0
slope1__peptide_std__P00736,0.00010691530740903168,0.0
peptide_std__P08697,0.0001068016455358474,0.0
peptide_mean__P01008,0.00010658791906340095,0.0
peptide_log__RTPITVVK,0.00010654484851940592,0.0
peptide_log__SLAELGGHLDQQVEEFRR,0.00010635388421708512,0.0
slope1__peptide_mean__P39060,0.00010625988455396408,0.0
rollmean2__peptide_log__LAVYQAGAR,0.00010618176997286881,0.0
protein_npx__P13591,0.00010598626422853074,0.0
rollmean2__peptide_mean__P04156,0.00010561942433167725,0.0
lag1__peptide_count__P18065,0.00010561700573450684,0.0
lag1__peptide_std__Q96PD5,0.00010557348415664499,0.0
delta1__protein_npx__P01876,0.0001055015600682182,0.0
rollmean2__protein_npx__P14618,0.00010524843526188889,0.0
protein_npx__P04180,0.00010512489399444689,0.0
peptide_mean__Q16610,0.00010509146154179845,0.0
protein_npx__Q9UNU6,0.00010500856746773791,0.0
rollmean2__peptide_log__SC(UniMod_4)SPELQQK,0.00010498307613260176,0.0
rollmean2__peptide_mean__P20933,0.00010497321077428492,0.0
lag1__peptide_std__P39060,0.00010484106373240125,0.0
slope1__peptide_log__HYTNPSQDVTVPC(UniMod_4)PVPPPPPC(UniMod_4)C(UniMod_4)HPR,0.0001047420369081919,0.0
delta1__peptide_log__MYYSAVDPTKDIFTGLIGPM(UniMod_35)K,0.00010464887752673668,0.0
rollmean2__peptide_mean__P19021,0.00010463143587441335,0.0
protein_npx__Q9UBR2,0.00010462943895107077,0.0
lag1__current_updrs_1,0.00010461529699060161,0.0
peptide_log__HYTNPSQDVTVPC(UniMod_4)PVPPPPPC(UniMod_4)C(UniMod_4)HPR,0.00010441716045346032,0.0
rollmean2__peptide_std__P05546,0.00010434693468016423,0.0
rollmean2__peptide_mean__Q9HDC9,0.00010428117369011864,0.0
peptide_std__P07998,0.00010422771576588714,0.0
peptide_log__SC(UniMod_4)DTPPPC(UniMod_4)PR,0.00010412516569360183,0.0
rollmean2__peptide_std__P24592,0.00010378006633230655,0.0
rollmean2__peptide_log__VC(UniMod_4)PFAGILENGAVR,0.00010375733491156559,0.0
peptide_mean__P13987,0.00010359660155229284,0.0
peptide_mean__P02452,0.00010352986949033565,0.0
rollmean2__protein_npx__P10643,0.00010337825375537225,0.0
rollmean2__peptide_std__P00441,0.00010337092579637478,0.0
peptide_mean__P04275,0.00010334598271453828,0.0
peptide_log__SNSSM(UniMod_35)HITDC(UniMod_4)R,0.00010317829193363842,0.0
protein_npx__P49588,0.00010310241043595228,0.0
delta1__peptide_log__VGYVSGWGR,0.00010296468052101889,0.0
rollmean2__protein_npx__P23083,0.0001029593120702214,0.0
rollmean2__peptide_log__YVM(UniMod_35)LPVADQDQC(UniMod_4)IR,0.00010294307062622074,0.0
protein_npx__Q9HDC9,0.00010274587382796167,0.0
rollmean2__protein_npx__P02671,0.00010262460842574727,0.0
peptide_log__C(UniMod_4)IIEVLSNALSK,0.0001023376281694757,0.0
rollmean2__protein_npx__P01833,0.00010213766411109629,0.0
delta1__peptide_mean__P02751,0.00010212257054677208,0.0
delta1__peptide_abundance_std,0.00010211625590606462,0.0
rollmean2__peptide_mean__P13591,0.00010209222957063558,0.0
lag1__peptide_log__ANRPFLVFIR,0.00010194834748237783,0.0
rollmean2__peptide_mean__P16152,0.00010194673435131191,0.0
rollmean2__peptide_mean__Q99435,0.00010187146803619215,0.0
rollmean2__peptide_log__C(UniMod_4)RDQLPYIC(UniMod_4)QFGIV,0.00010180673091989782,0.0
rollmean2__peptide_mean__P06396,0.00010146934600651456,0.0
slope1__peptide_mean__O94919,0.00010137497647652114,0.0
rollmean2__peptide_mean__P09104,0.00010127655394837901,0.0
rollmean2__peptide_std__P39060,0.00010122892485656254,0.0
lag1__peptide_std__Q9UHG2,0.00010114428208259038,0.0
lag1__protein_npx__P04217,0.00010111034175484948,0.0
rollmean2__peptide_mean__P01031,0.0001010703470479638,0.0
rollmean2__peptide_mean__P01861,0.00010087551065836157,0.0
lag1__peptide_std__O14773,0.00010074507244862431,0.0
lag1__peptide_std__P02647,0.00010064625771516194,0.0
protein_npx__Q12805,0.00010062310782764804,0.0
slope1__protein_npx__P16070,0.00010058221451677791,0.0
peptide_mean__Q99832,0.0001002818203024999,0.0
slope1__peptide_mean__P04196,0.00010021333261410072,0.0
protein_npx__Q14508,0.00010015961468834284,0.0
protein_npx__P24592,0.00010009680070735948,0.0
protein_npx__P08294,9.998083001642815e-05,0.0
delta1__protein_npx__Q12805,9.964594529092418e-05,0.0
delta1__peptide_log__GSPAINVAVHVFRK,9.964212461721865e-05,0.0
slope1__peptide_std__P04180,9.961135188348245e-05,0.0
lag1__peptide_std__P16870,9.959979814761699e-05,0.0
peptide_std__P17174,9.959711111468458e-05,0.0
rollmean2__protein_npx__O15394,9.921753997569371e-05,0.0
protein_npx__P07333,9.921679963406306e-05,0.0
lag1__peptide_log__VGYVSGWGR,9.920933572686199e-05,0.0
delta1__peptide_mean__Q99969,9.918597800178083e-05,0.0
delta1__peptide_std__P06396,9.912812677030452e-05,0.0
rollmean2__protein_npx__P04075,9.899584147419601e-05,0.0
rollmean2__peptide_log__HYDGSYSTFGER,9.897132240047395e-05,0.0
rollmean2__peptide_std__P08294,9.896622943926074e-05,0.0
peptide_mean__Q12907,9.888389303569003e-05,0.0
rollmean2__protein_npx__Q14624,9.881501555021027e-05,0.0
slope1__peptide_mean__P00738,9.84620305340113e-05,0.0
delta1__peptide_feature_count,9.814869995289273e-05,0.0
rollmean2__peptide_mean__Q96PD5,9.776952504931263e-05,0.0
lag1__peptide_mean__P02656,9.7659116893855e-05,0.0
peptide_log__C(UniMod_4)C(UniMod_4)VEC(UniMod_4)PPC(UniMod_4)PAPPVAGPSVFLFPPKPK,9.737261868885166e-05,0.0
peptide_mean__P01877,9.733728192590431e-05,0.0
peptide_std__P12109,9.73229941373976e-05,0.0
protein_npx__P01834,9.729658104620423e-05,0.0
slope1__peptide_std__Q92520,9.728167309847728e-05,0.0
lag1__peptide_log__ADDKETC(UniMod_4)FAEEGK,9.723922096438364e-05,0.0
peptide_mean__Q9BY67,9.718638881751416e-05,0.0
lag1__peptide_log__VMPIC(UniMod_4)LPSKDYAEVGR,9.714929149705489e-05,0.0
rollmean2__peptide_log__MYYSAVDPTKDIFTGLIGPM(UniMod_35)K,9.711069254921067e-05,0.0
delta1__peptide_mean__P04217,9.690145064367445e-05,0.0
peptide_count__P02671,9.651829041110256e-05,0.0
rollmean2__peptide_mean__P02679,9.646485967892641e-05,0.0
slope1__peptide_count__P00736,9.636060869743706e-05,0.0
slope1__peptide_std__P20774,9.629834557809955e-05,0.0
rollmean2__peptide_mean__P51884,9.623895463036413e-05,0.0
lag1__peptide_std__P01024,9.620584603283167e-05,0.0
protein_npx__P00450,9.6193429377805e-05,0.0
peptide_log__ELDESLQVAER,9.602806143633144e-05,0.0
rollmean2__protein_npx__P07195,9.580165367558985e-05,0.0
rollmean2__protein_npx__P09871,9.572070369473535e-05,0.0
rollmean2__peptide_log__LGADMEDVC(UniMod_4)GR,9.565655848986832e-05,0.0
peptide_mean__P19823,9.557387095277185e-05,0.0
lag1__peptide_std__P00441,9.55558246589858e-05,0.0
delta1__peptide_std__P02452,9.540141462339369e-05,0.0
slope1__protein_npx__P19652,9.539555611411882e-05,0.0
protein_npx__P25311,9.524489526340678e-05,0.0
lag1__protein_npx__P00747,9.523988538799518e-05,0.0
delta1__peptide_std__P07225,9.517418097272894e-05,0.0
peptide_std__P01857,9.513022677736623e-05,0.0
rollmean2__peptide_count__P05060,9.50128814183546e-05,0.0
rollmean2__peptide_mean__P06727,9.488228928999702e-05,0.0
rollmean2__peptide_count__P06396,9.461090830752222e-05,0.0
rollmean2__peptide_std__P07998,9.460584407976448e-05,0.0
slope1__peptide_std__P05155,9.459362211625888e-05,0.0
slope1__peptide_mean__P01859,9.458231094574913e-05,0.0
rollmean2__protein_npx__P01877,9.455863688126741e-05,0.0
rollmean2__peptide_log__ALGISPFHEHAEVVFTANDSGPR,9.432916953058102e-05,0.0
slope1__peptide_mean__P01011,9.426081480672217e-05,0.0
peptide_mean__Q6UXB8,9.420669778485481e-05,0.0
protein_npx__P02748,9.400521256594666e-05,0.0
lag1__peptide_mean__P13611,9.392058929242436e-05,0.0
slope1__peptide_log__HGGLYHENMR,9.383723372038935e-05,0.0
rollmean2__peptide_log__ILLQGTPVAQMTEDAVDAER,9.371795150800051e-05,0.0
rollmean2__peptide_log__C(UniMod_4)VDVDEC(UniMod_4)APPAEPC(UniMod_4)GK,9.370653578040783e-05,0.0
delta1__peptide_log__AVLPTGDVIGDSAK,9.355242036461923e-05,0.0
slope1__peptide_log__SPVGVQPILNEHTFC(UniMod_4)AGMSK,9.349150485582349e-05,0.0
peptide_mean__P04156,9.344447870408909e-05,0.0
protein_npx__O15394,9.343885229358394e-05,0.0
rollmean2__peptide_mean__P14314,9.322353097033485e-05,0.0
peptide_std__Q92823,9.3071389626263e-05,0.0
peptide_mean__P08133,9.303425409445288e-05,0.0
slope1__peptide_std__P01859,9.28660140406596e-05,0.0
rollmean2__protein_npx__P01780,9.279125883798146e-05,0.0
slope1__peptide_std__P02787,9.257094899459474e-05,0.0
rollmean2__peptide_mean__P06681,9.256191027803539e-05,0.0
lag1__peptide_log__SLAELGGHLDQQVEEFRR,9.253332346843398e-05,0.0
slope1__peptide_std__P01024,9.252801266595155e-05,0.0
slope1__peptide_mean__P54289,9.244808399836244e-05,0.0
rollmean2__protein_npx__Q16270,9.233798984910366e-05,0.0
slope1__protein_npx__P06681,9.233694484013515e-05,0.0
peptide_mean__P05408,9.178657261380421e-05,0.0
delta1__peptide_std__P05546,9.17717555889174e-05,0.0
peptide_mean__P14314,9.1472062557144e-05,0.0
rollmean2__peptide_mean__P02787,9.14437951742678e-05,0.0
peptide_log__LSSWVLLM(UniMod_35)K,9.13690325558506e-05,0.0
lag1__peptide_std__P02763,9.125995056964805e-05,0.0
peptide_std__P02768,9.124876259900623e-05,0.0
slope1__peptide_log__TLLSNLEEAKK,9.093475750137064e-05,0.0
delta1__protein_npx__Q8N2S1,9.072999304746691e-05,0.0
peptide_log__MASGAANVVGPK,9.0690025890923e-05,0.0
delta1__peptide_mean__P02749,9.059987458624669e-05,0.0
peptide_log__TPVSDRVTK,9.049410702575113e-05,0.0
delta1__peptide_std__P02747,9.046910710486918e-05,0.0
rollmean2__protein_npx__P01859,9.030086448459922e-05,0.0
lag1__protein_npx__P05408,9.030068851765649e-05,0.0
delta1__peptide_mean__Q96PD5,9.018589741494295e-05,0.0
protein_npx__P35542,9.00160933950406e-05,0.0
lag1__peptide_log__YVM(UniMod_35)LPVADQDQC(UniMod_4)IR,9.00100557462261e-05,0.0
delta1__peptide_mean__P01717,8.997285818771891e-05,0.0
rollmean2__peptide_mean__P01034,8.981416536182702e-05,0.0
rollmean2__protein_npx__P04211,8.961507563425354e-05,0.0
peptide_log__VQAAVGTSAAPVPSDNH,8.958094908387806e-05,0.0
peptide_std__P02766,8.952510877793351e-05,0.0
lag1__peptide_mean__Q9UBR2,8.951777896133317e-05,0.0
delta1__peptide_mean__P02750,8.949831300300079e-05,0.0
rollmean2__peptide_mean__P01834,8.948510785003302e-05,0.0
peptide_mean__P06310,8.947631500091786e-05,0.0
slope1__peptide_abundance_sum,8.937241830070016e-05,0.0
slope1__peptide_log__C(UniMod_4)DSSPDSAEDVRK,8.92030491861088e-05,0.0
peptide_log__KVEQAVETEPEPELR,8.917204443319685e-05,0.0
peptide_mean__Q562R1,8.908448568826626e-05,0.0
lag1__peptide_mean__P14618,8.894804909494984e-05,0.0
rollmean2__protein_npx__Q9HDC9,8.892340029447896e-05,0.0
protein_npx__P01031,8.890758881358214e-05,0.0
peptide_log__FM(UniMod_35)ETVAEK,8.877046403142219e-05,0.0
peptide_std__Q9Y6R7,8.868361400656723e-05,0.0
lag1__peptide_mean__P07711,8.842916827285969e-05,0.0
peptide_log__LRTEGDGVYTLNNEK,8.833904219759777e-05,0.0
rollmean2__peptide_std__P19823,8.827313678301151e-05,0.0
delta1__peptide_mean__P07711,8.826619123945596e-05,0.0
delta1__protein_npx__Q12841,8.817614098492932e-05,0.0
rollmean2__protein_npx__O60888,8.812036624917827e-05,0.0
slope1__peptide_log__C(UniMod_4)C(UniMod_4)VEC(UniMod_4)PPC(UniMod_4)PAPPVAGPSVFLFPPKPK,8.811613053918261e-05,0.0
rollmean2__protein_npx__P04180,8.80049379109385e-05,0.0
slope1__peptide_std__P05060,8.800476438059996e-05,0.0
peptide_log__SELEEQLTPVAEETR,8.797228099414972e-05,0.0
protein_npx__P16870,8.791418113743015e-05,0.0
peptide_std__P02760,8.777761505707501e-05,0.0
protein_npx__P16152,8.76728358278557e-05,0.0
rollmean2__peptide_log__QWAGLVEK,8.765467116104933e-05,0.0
lag1__peptide_mean__P01009,8.745063599189584e-05,0.0
rollmean2__peptide_log__LSKELQAAQAR,8.728023910833904e-05,0.0
protein_npx__Q6UXD5,8.694385040163421e-05,0.0
rollmean2__peptide_log__TEGDGVYTLNNEK,8.684868723394684e-05,0.0
peptide_abundance_max,8.684237322724367e-05,0.0
lag1__peptide_mean__P07998,8.677473115602016e-05,0.0
peptide_mean__P00736,8.668225173716218e-05,0.0
lag1__protein_npx__P43652,8.664725178353956e-05,0.0
peptide_mean__P01042,8.650723972833418e-05,0.0
lag1__protein_npx__Q13740,8.64585957846465e-05,0.0
lag1__peptide_log__EILSVDC(UniMod_4)STNNPSQAK,8.644078090609056e-05,0.0
protein_npx__P36980,8.639099891294297e-05,0.0
rollmean2__peptide_mean__O15394,8.638188427666539e-05,0.0
peptide_log__TM(UniMod_35)LLQPAGSLGSYSYR,8.638108123652632e-05,0.0
slope1__peptide_mean__P06396,8.635226195288724e-05,0.0
peptide_log__TTPPVLDSDGSFFLYSR,8.634800755696353e-05,0.0
delta1__peptide_std__P06727,8.632872644853938e-05,0.0
delta1__protein_npx__P07602,8.59793301683209e-05,0.0
delta1__peptide_std__P01023,8.587360387563551e-05,0.0
lag1__protein_npx__Q6UXD5,8.57069231110621e-05,0.0
delta1__peptide_mean__P01621,8.555201699826316e-05,0.0
rollmean2__peptide_mean__P54289,8.529636167082945e-05,0.0
lag1__peptide_log__ALGISPFHEHAEVVFTANDSGPR,8.52479993201316e-05,0.0
slope1__peptide_std__P02760,8.51859408313475e-05,0.0
peptide_mean__P02766,8.516278518992107e-05,0.0
lag1__peptide_mean__P00736,8.511649683594126e-05,0.0
rollmean2__peptide_mean__P19827,8.50878799033228e-05,0.0
lag1__peptide_mean__Q8N2S1,8.507055897402903e-05,0.0
delta1__peptide_mean__P02649,8.506459418787869e-05,0.0
slope1__peptide_mean__Q9UBR2,8.506143104203678e-05,0.0
peptide_log__ATVNPSAPR,8.504574250218153e-05,0.0
rollmean2__peptide_std__Q13740,8.50070303165274e-05,0.0
rollmean2__peptide_count__P61769,8.48651945894469e-05,0.0
rollmean2__peptide_mean__Q8N2S1,8.486207414756817e-05,0.0
slope1__peptide_mean__P80748,8.485242875550111e-05,0.0
lag1__protein_npx__P07339,8.483525195707006e-05,0.0
rollmean2__peptide_mean__Q9UHG2,8.483032029257442e-05,0.0
rollmean2__protein_npx__P08571,8.473207951499977e-05,0.0
delta1__peptide_std__P01019,8.457886178969805e-05,0.0
rollmean2__protein_npx__Q6UX71,8.45537684243577e-05,0.0
peptide_std__P25311,8.44439337917708e-05,0.0
rollmean2__protein_npx__P16152,8.441372640972711e-05,0.0
rollmean2__peptide_mean__P40925,8.441139997372793e-05,0.0
rollmean2__protein_npx__P05156,8.435364741411949e-05,0.0
rollmean2__peptide_mean__Q14118,8.430893134844229e-05,0.0
slope1__peptide_log__GSPAINVAVHVFRK,8.427597345717576e-05,0.0
rollmean2__peptide_log__TTPPVLDSDGSFFLYSR,8.426922005947103e-05,0.0
slope1__peptide_mean__P02679,8.410637161156326e-05,0.0
rollmean2__peptide_std__P05067,8.392523627409811e-05,0.0
lag1__peptide_mean__P43652,8.387459456866532e-05,0.0
lag1__protein_npx__Q13451,8.3642747291856e-05,0.0
lag1__peptide_std__P05067,8.361583805070406e-05,0.0
rollmean2__peptide_mean__P08697,8.359685926203433e-05,0.0
rollmean2__peptide_mean__P08571,8.353439945249839e-05,0.0
rollmean2__protein_npx__P02675,8.34774889075628e-05,0.0
rollmean2__protein_npx__Q8IWV7,8.340853892995445e-05,0.0
rollmean2__peptide_mean__P19823,8.33534566709556e-05,0.0
peptide_std__P41222,8.331489087489455e-05,0.0
protein_npx__P06727,8.33079594405637e-05,0.0
rollmean2__protein_npx__O94919,8.323269534820465e-05,0.0
protein_npx__Q92876,8.31260717211488e-05,0.0
lag1__protein_npx__Q9UBR2,8.297514293673927e-05,0.0
rollmean2__protein_npx__O75326,8.294858229529918e-05,0.0
peptide_mean__P02751,8.29262509214105e-05,0.0
peptide_mean__Q8N2S1,8.276547457319487e-05,0.0
peptide_log__GYQLSDVDGVTC(UniMod_4)EDIDEC(UniMod_4)ALPTGGHIC(UniMod_4)SYR,8.272259553632223e-05,0.0
lag1__peptide_log__LSSWVLLM(UniMod_35)K,8.267949921813201e-05,0.0
lag1__peptide_mean__P05060,8.256970707580225e-05,0.0
peptide_log__C(UniMod_4)VDVDEC(UniMod_4)APPAEPC(UniMod_4)GK,8.250699455250095e-05,0.0
lag1__peptide_mean__P51884,8.249347350351762e-05,0.0
lag1__protein_npx__P08697,8.248461312174573e-05,0.0
slope1__peptide_mean__Q12841,8.242564951675807e-05,0.0
delta1__protein_npx__Q8IWV7,8.231895593311073e-05,0.0
peptide_mean__P01608,8.229157033038703e-05,0.0
rollmean2__peptide_log__AATVGSLAGQPLQER,8.22537045881541e-05,0.0
peptide_mean__P07711,8.219754656906431e-05,0.0
delta1__peptide_std__P01859,8.21819540389666e-05,0.0
delta1__peptide_log__QWAGLVEK,8.20773799303487e-05,0.0
peptide_mean__P14618,8.175169648479033e-05,0.0
peptide_log__YVM(UniMod_35)LPVADQDQC(UniMod_4)IR,8.170434614542565e-05,0.0
rollmean2__peptide_std__Q92876,8.159790293571078e-05,0.0
protein_npx__P36222,8.154281872667839e-05,0.0
peptide_mean__Q9Y6R7,8.142623420056442e-05,0.0
peptide_mean__Q13451,8.119010660764075e-05,0.0
delta1__peptide_log__SPVGVQPILNEHTFC(UniMod_4)AGMSK,8.10407635621355e-05,0.0
peptide_mean__Q14118,8.10337022835109e-05,0.0
peptide_log__LSNENHGIAQR,8.098593627682885e-05,0.0
delta1__protein_npx__P04156,8.089968903890022e-05,0.0
peptide_mean__P08603,8.087866993011179e-05,0.0
delta1__protein_npx__P08697,8.08775558211238e-05,0.0
lag1__current_updrs_4,8.083234681619118e-05,0.0
rollmean2__peptide_mean__P07333,8.072014415328455e-05,0.0
protein_npx__O14791,8.044008180091096e-05,0.0
rollmean2__protein_npx__P10909,8.042791727778229e-05,0.0
peptide_log__VDSGNDVTDIADDGC(UniMod_4)PKPPEIAHGYVEHSVR,8.040087359805283e-05,0.0
rollmean2__protein_npx__P08133,8.034219996784106e-05,0.0
delta1__peptide_std__P02749,8.033331795234012e-05,0.0
lag1__current_medication_unknown,8.028169343619522e-05,0.0
peptide_log__QQETAAAETETR,8.027443476849189e-05,0.0
lag1__protein_npx__Q99832,8.022941795542744e-05,0.0
lag1__peptide_mean__P00748,8.015974027871126e-05,0.0
lag1__peptide_mean__Q7Z5P9,8.015183851869911e-05,0.0
rollmean2__peptide_log__IHWESASLLR,8.01393200901477e-05,0.0
lag1__peptide_std__P16035,8.010873514967226e-05,0.0
rollmean2__peptide_mean__Q13332,7.99907373500451e-05,0.0
lag1__protein_npx__O14791,7.995437036622746e-05,0.0
lag1__peptide_mean__Q92823,7.994201274975188e-05,0.0
rollmean2__protein_npx__Q99435,7.990778437748127e-05,0.0
rollmean2__peptide_mean__P11277,7.980335710223493e-05,0.0
lag1__peptide_mean__P02768,7.977240485815164e-05,0.0
rollmean2__protein_npx__P06681,7.968744636472129e-05,0.0
delta1__protein_npx__P06681,7.968554703979612e-05,0.0
lag1__peptide_log__FNKPFVFLM(UniMod_35)IEQNTK,7.967598632194462e-05,0.0
peptide_mean__Q9NYU2,7.967201129803088e-05,0.0
slope1__protein_npx__P06310,7.963643981665001e-05,0.0
lag1__peptide_log__TTPPVLDSDGSFFLYSK,7.950815657193716e-05,0.0
lag1__peptide_mean__P02749,7.946602397181211e-05,0.0
delta1__peptide_log__SGELEQEEER,7.943861694719875e-05,0.0
peptide_log__VLLDQLR,7.941752766198559e-05,0.0
lag1__peptide_std__P02768,7.93750824551426e-05,0.0
lag1__protein_npx__P02679,7.933792256455325e-05,0.0
rollmean2__protein_npx__P05452,7.928778506215774e-05,0.0
protein_npx__O15240,7.926444717334187e-05,0.0
peptide_log__LSKELQAAQAR,7.921026389564904e-05,0.0
rollmean2__peptide_mean__P01344,7.920231534468307e-05,0.0
peptide_log__LAVYQAGAR,7.91374188748636e-05,0.0
peptide_mean__P13591,7.904084517985402e-05,0.0
rollmean2__peptide_mean__P06310,7.902305721508932e-05,0.0
rollmean2__protein_npx__P16870,7.899955789097503e-05,0.0
rollmean2__protein_npx__P01857,7.892173467683635e-05,0.0
rollmean2__protein_npx__Q9Y646,7.88394124858781e-05,0.0
peptide_mean__Q92876,7.876508006680423e-05,0.0
peptide_mean__P01780,7.873173671712042e-05,0.0
protein_npx__Q8N2S1,7.864947664804444e-05,0.0
lag1__peptide_log__VDSGNDVTDIADDGC(UniMod_4)PKPPEIAHGYVEHSVR,7.862354184523185e-05,0.0
slope1__peptide_std__P02452,7.861826368567833e-05,0.0
peptide_mean__P05546,7.852264674071355e-05,0.0
peptide_mean__P07602,7.850064310408112e-05,0.0
lag1__peptide_mean__P02792,7.841921788546203e-05,0.0
rollmean2__protein_npx__P05408,7.83159805970805e-05,0.0
delta1__peptide_std__P05067,7.829895685587906e-05,0.0
rollmean2__peptide_mean__P05067,7.817391748853133e-05,0.0
lag1__peptide_log__QQETAAAETETR,7.813137396498092e-05,0.0
peptide_mean__P05090,7.811151586997877e-05,0.0
peptide_std__Q96PD5,7.810669933326698e-05,0.0
protein_npx__P05452,7.810442023333352e-05,0.0
slope1__peptide_mean__P02652,7.808058955432062e-05,0.0
rollmean2__peptide_mean__P07339,7.806652284673372e-05,0.0
rollmean2__peptide_std__P98160,7.803289539955073e-05,0.0
rollmean2__peptide_mean__O14498,7.785878517089895e-05,0.0
peptide_mean__P02765,7.768425055280954e-05,0.0
protein_npx__Q7Z3B1,7.765312422840519e-05,0.0
rollmean2__protein_npx__Q13451,7.757604511920262e-05,0.0
protein_npx__P02766,7.757578463960554e-05,0.0
rollmean2__protein_npx__O75144,7.74305096928753e-05,0.0
lag1__peptide_log__MTVTDQVNC(UniMod_4)PK,7.736074653346622e-05,0.0
rollmean2__peptide_mean__P11142,7.733890703267375e-05,0.0
rollmean2__peptide_count__P02675,7.73078006067409e-05,0.0
lag1__peptide_std__Q92520,7.727742211513564e-05,0.0
protein_npx__P10643,7.719927747178424e-05,0.0
rollmean2__peptide_std__P36955,7.717691643330876e-05,0.0
delta1__peptide_std__P02675,7.71500492665241e-05,0.0
peptide_log__FLATTPNSLLVSWQPPR,7.708906871483183e-05,0.0
rollmean2__protein_npx__O00391,7.691857926543346e-05,0.0
slope1__peptide_mean__P02748,7.690735385256471e-05,0.0
rollmean2__peptide_count__P02649,7.687579805270718e-05,0.0
lag1__protein_npx__P02753,7.684370915606286e-05,0.0
lag1__protein_npx__Q8N2S1,7.683189702134286e-05,0.0
lag1__peptide_log__ELSSFIDKGQELC(UniMod_4)ADYSENTFTEYK,7.682762235269123e-05,0.0
slope1__protein_npx__P09871,7.66184484099718e-05,0.0
peptide_mean__O00584,7.658402393513364e-05,0.0
peptide_mean__Q13283,7.65680816512342e-05,0.0
protein_npx__P07858,7.648980218609394e-05,0.0
peptide_std__P23142,7.64874115633291e-05,0.0
peptide_mean__P02679,7.645260554741753e-05,0.0
protein_npx__O14498,7.639590345525107e-05,0.0
slope1__protein_npx__P06454,7.637304913844309e-05,0.0
delta1__protein_missing_fraction,7.623875428437621e-05,0.0
rollmean2__protein_npx__Q16610,7.621344952730444e-05,0.0
slope1__peptide_mean__P17174,7.607470046239142e-05,0.0
peptide_mean__P01024,7.597666854282844e-05,0.0
lag1__protein_npx__Q9BY67,7.59744903539048e-05,0.0
lag1__peptide_mean__P00738,7.59724075963565e-05,0.0
protein_npx__P07339,7.583978861676841e-05,0.0
delta1__peptide_std__P02765,7.582554886556588e-05,0.0
slope1__protein_npx__P01834,7.574397066952098e-05,0.0
protein_npx__P01833,7.56209057194974e-05,0.0
delta1__protein_npx__P08493,7.560801261455897e-05,0.0
slope1__protein_npx__P00441,7.551702770608232e-05,0.0
rollmean2__peptide_log__LVGGPM(UniMod_35)DASVEEEGVRR,7.522673776200397e-05,0.0
peptide_log__NFPPSQDASGDLYTTSSQLTLPATQC(UniMod_4)PDGK,7.522579950773974e-05,0.0
protein_npx__P02452,7.515566617767217e-05,0.0
rollmean2__peptide_std__P41222,7.508270062196265e-05,0.0
slope1__peptide_log__NFPPSQDASGDLYTTSSQLTLPATQC(UniMod_4)PDGK,7.507779569431138e-05,0.0
lag1__peptide_std__P23142,7.505830135462603e-05,0.0
rollmean2__protein_npx__P14314,7.503291947835029e-05,0.0
rollmean2__peptide_std__Q16610,7.498978454071078e-05,0.0
slope1__peptide_log__RTPITVVK,7.494204712192733e-05,0.0
rollmean2__peptide_std__P01034,7.493837668616302e-05,0.0
protein_npx__P20933,7.493638899742351e-05,0.0
lag1__peptide_log__HYEGSTVPEK,7.488544773211772e-05,0.0
lag1__protein_npx__P02652,7.487110047010943e-05,0.0
lag1__peptide_std__Q14118,7.479418661058244e-05,0.0
slope1__protein_npx__O00584,7.465710417540494e-05,0.0
protein_npx__Q13451,7.463991007582704e-05,0.0
slope1__peptide_mean__P02671,7.456487682152946e-05,0.0
lag1__protein_npx__Q14624,7.438248882737011e-05,0.0
slope1__protein_npx__P07225,7.438090826727637e-05,0.0
peptide_mean__P61626,7.421505039773341e-05,0.0
peptide_std__P02679,7.40714382585745e-05,0.0
slope1__protein_npx__Q12841,7.4031432902494e-05,0.0
rollmean2__protein_npx__P07339,7.395064671639911e-05,0.0
peptide_std__P00736,7.372521051891102e-05,0.0
peptide_mean__P01833,7.369123235779096e-05,0.0
slope1__peptide_std__P12109,7.366892585381859e-05,0.0
rollmean2__peptide_log__KVEQAVETEPEPELR,7.35719337152115e-05,0.0
rollmean2__peptide_log__NFPPSQDASGDLYTTSSQLTLPATQC(UniMod_4)PDGK,7.352281968150409e-05,0.0
slope1__peptide_mean__P01834,7.348715083837827e-05,0.0
rollmean2__protein_npx__P43251,7.345313157997973e-05,0.0
slope1__protein_npx__Q8IWV7,7.326891638801604e-05,0.0
lag1__peptide_std__Q9NQ79,7.320821052578831e-05,0.0
slope1__peptide_std__P04004,7.319710453502076e-05,0.0
slope1__peptide_mean__P05156,7.31482530162925e-05,0.0
delta1__peptide_mean__P05090,7.314440604598059e-05,0.0
slope1__peptide_mean__P08123,7.313915735859662e-05,0.0
peptide_mean__P98160,7.313629522343223e-05,0.0
rollmean2__peptide_log__YIVSGTPTFVPYLIK,7.305327223542532e-05,0.0
rollmean2__peptide_log__VKDLATVYVDVLK,7.301559916749523e-05,0.0
lag1__peptide_mean__P02452,7.299471396794187e-05,0.0
rollmean2__peptide_mean__P05090,7.289017410462278e-05,0.0
protein_npx__P02671,7.286516736903325e-05,0.0
delta1__peptide_log__TEGDGVYTLNNEK,7.2714505431999e-05,0.0
protein_npx__P05408,7.264141921017117e-05,0.0
protein_npx__P11142,7.262775036090081e-05,0.0
protein_npx__Q9Y6R7,7.253620247266008e-05,0.0
lag1__peptide_std__P02671,7.245995525977812e-05,0.0
rollmean2__protein_npx__P02647,7.242360590993229e-05,0.0
protein_npx__P54289,7.239698819757545e-05,0.0
rollmean2__peptide_log__GYQLSDVDGVTC(UniMod_4)EDIDEC(UniMod_4)ALPTGGHIC(UniMod_4)SYR,7.225394730595914e-05,0.0
rollmean2__peptide_log__C(UniMod_4)IIEVLSNALSK,7.22172482450286e-05,0.0
slope1__protein_npx__P00751,7.218003299518679e-05,0.0
delta1__protein_npx__P16870,7.217027628641261e-05,0.0
rollmean2__protein_npx__P49908,7.21121984328632e-05,0.0
delta1__protein_npx__P06396,7.206863164626574e-05,0.0
protein_npx__P01008,7.194184609681854e-05,0.0
peptide_mean__P54289,7.190256550285112e-05,0.0
slope1__protein_npx__P30086,7.176383754174975e-05,0.0
lag1__peptide_std__P00748,7.171628609700427e-05,0.0
delta1__peptide_log__LSKELQAAQAR,7.167165268859712e-05,0.0
lag1__peptide_std__Q16610,7.166648492709265e-05,0.0
lag1__protein_npx__P02675,7.16244089629221e-05,0.0
protein_npx__P08253,7.162354580275483e-05,0.0
peptide_log__TTPPVLDSDGSFFLYSK,7.148546073822184e-05,0.0
peptide_mean__P01019,7.14080806031588e-05,0.0
delta1__peptide_mean__Q8N2S1,7.133237153227822e-05,0.0
slope1__peptide_count__P16870,7.132948465831676e-05,0.0
lag1__peptide_std__P02679,7.124659533950967e-05,0.0
slope1__peptide_mean__P06310,7.108053271504371e-05,0.0
protein_npx__P08133,7.100746218131649e-05,0.0
slope1__peptide_std__P04075,7.093164482937185e-05,0.0
delta1__protein_npx__P24592,7.092797605437843e-05,0.0
lag1__protein_npx__P16070,7.087154108088372e-05,0.0
protein_npx__Q9UBX5,7.083733298615304e-05,0.0
lag1__protein_npx__P31997,7.075766336913859e-05,0.0
protein_npx__Q13740,7.068428361896691e-05,0.0
rollmean2__protein_npx__P04196,7.064771426671407e-05,0.0
delta1__protein_npx__Q14508,7.061738881046495e-05,0.0
rollmean2__peptide_count__P02768,7.059822641378837e-05,0.0
slope1__peptide_mean__P02675,7.058573146808e-05,0.0
rollmean2__peptide_count__P00748,7.043842477562354e-05,0.0
lag1__peptide_mean__P00734,7.041494841577894e-05,0.0
peptide_mean__P16152,7.040556979920691e-05,0.0
peptide_std__Q9NQ79,7.040079654251866e-05,0.0
slope1__peptide_std__P01857,7.036925757954597e-05,0.0
slope1__protein_npx__P02675,7.03239930219829e-05,0.0
delta1__protein_npx__Q8NBJ4,7.015614765335105e-05,0.0
rollmean2__peptide_std__P02774,7.008736378825993e-05,0.0
lag1__peptide_std__P02748,7.004966206953721e-05,0.0
lag1__peptide_log__TM(UniMod_35)LLQPAGSLGSYSYR,7.004102667629959e-05,0.0
lag1__peptide_log__KAADDTWEPFASGK,7.001578080428207e-05,0.0
peptide_mean__P61916,7.000155640035707e-05,0.0
slope1__peptide_log__TPVSDRVTK,6.981368285399553e-05,0.0
delta1__peptide_std__P02751,6.980676320568195e-05,0.0
protein_npx__Q99969,6.975324464408167e-05,0.0
delta1__peptide_mean__P02766,6.966583794900115e-05,0.0
delta1__current_updrs_3,6.966224776939518e-05,0.0
lag1__peptide_std__P01023,6.962363933139137e-05,0.0
lag1__peptide_count__P02768,6.954418028695148e-05,0.0
rollmean2__peptide_log__NPDPWAK,6.945419346184831e-05,0.0
slope1__peptide_mean__P98160,6.941512466678694e-05,0.0
peptide_std__P14618,6.922871662871943e-05,0.0
protein_npx__P08571,6.920183766698815e-05,0.0
protein_npx__P05156,6.910412366441934e-05,0.0
protein_npx__P02675,6.91037733317111e-05,0.0
peptide_mean__P06727,6.884337077398392e-05,0.0
lag1__peptide_log__C(UniMod_4)SYTEDAQC(UniMod_4)IDGTIEVPK,6.878448669736099e-05,0.0
delta1__peptide_log__VMPIC(UniMod_4)LPSKDYAEVGR,6.877108649565867e-05,0.0
peptide_log__EDSLEAGLPLQVR,6.869287466247107e-05,0.0
slope1__peptide_std__P02647,6.866883434699746e-05,0.0
lag1__peptide_mean__P01859,6.863824533971262e-05,0.0
rollmean2__peptide_mean__P07602,6.860292866625408e-05,0.0
delta1__peptide_mean__O14498,6.852989562257023e-05,0.0
peptide_log__GC(UniMod_4)PTEEGC(UniMod_4)GER,6.844588527086903e-05,0.0
lag1__peptide_mean__Q08380,6.844299836800329e-05,0.0
rollmean2__peptide_mean__P18065,6.829936338178575e-05,0.0
lag1__protein_npx__Q99969,6.820507023022142e-05,0.0
lag1__protein_npx__P02792,6.81370514610756e-05,0.0
rollmean2__protein_npx__P01019,6.810061863783183e-05,0.0
rollmean2__protein_npx__P07858,6.799503250953527e-05,0.0
slope1__peptide_log__AEAQEAEDQQAR,6.788625507942941e-05,0.0
protein_npx__P00746,6.787412789666577e-05,0.0
delta1__peptide_mean__Q99435,6.767722467189602e-05,0.0
slope1__protein_npx__Q13451,6.757424138461264e-05,0.0
rollmean2__protein_npx__P01023,6.756830781335223e-05,0.0
lag1__peptide_std__P00751,6.753843403841532e-05,0.0
slope1__peptide_std__O15240,6.750869459461813e-05,0.0
slope1__peptide_mean__P01717,6.736790039356984e-05,0.0
delta1__protein_npx__P01859,6.733135959048273e-05,0.0
lag1__peptide_std__P01019,6.732854468148103e-05,0.0
lag1__peptide_log__LFDSDPITVTVPVEVSR,6.712985276567924e-05,0.0
lag1__peptide_std__P01859,6.710059096593078e-05,0.0
lag1__peptide_abundance_std,6.709971597792764e-05,0.0
rollmean2__protein_npx__P13671,6.705122602185961e-05,0.0
rollmean2__peptide_mean__Q6UX71,6.704544883718242e-05,0.0
lag1__protein_npx__P61626,6.685905800194762e-05,0.0
rollmean2__protein_npx__Q7Z5P9,6.683745318828838e-05,0.0
lag1__protein_npx__P10643,6.683609588398384e-05,0.0
slope1__peptide_count__P06396,6.670948627849736e-05,0.0
lag1__peptide_mean__P02748,6.668293910703413e-05,0.0
protein_npx__P43652,6.655774359340974e-05,0.0
peptide_mean__P02649,6.65490037319821e-05,0.0
missing__peptide_count__Q96BZ4,6.649410454995939e-05,0.0
peptide_log__SLAAAAGKQELAK,6.639715721190535e-05,0.0
rollmean2__peptide_mean__P01860,6.639195278009699e-05,0.0
rollmean2__peptide_log__LGPLVEQGR,6.635319874899272e-05,0.0
delta1__peptide_mean__Q9UBR2,6.63223146352635e-05,0.0
peptide_mean__P01591,6.631468811909095e-05,0.0
delta1__peptide_log__TVVQPSVGAAAGPVVPPC(UniMod_4)PGR,6.630587571237952e-05,0.0
rollmean2__peptide_mean__Q15904,6.626764338608256e-05,0.0
protein_npx__P01877,6.62600681406834e-05,0.0
rollmean2__protein_npx__P25311,6.625691871639393e-05,0.0
rollmean2__peptide_mean__P01033,6.614609343399406e-05,0.0
slope1__peptide_log__FNKPFVFLM(UniMod_35)IEQNTK,6.604103321811615e-05,0.0
peptide_mean__P06681,6.594967279095102e-05,0.0
rollmean2__peptide_mean__O00533,6.588642861441814e-05,0.0
slope1__peptide_mean__P00746,6.580753374624099e-05,0.0
rollmean2__peptide_log__AVLPTGDVIGDSAK,6.579575628038427e-05,0.0
rollmean2__protein_npx__Q13332,6.572832519985597e-05,0.0
slope1__peptide_mean__P05452,6.559582841420426e-05,0.0
lag1__peptide_log__HYDGSYSTFGER,6.55710140408612e-05,0.0
rollmean2__protein_npx__Q02818,6.555525283048366e-05,0.0
peptide_log__AVGDKLPEC(UniMod_4)EADDGC(UniMod_4)PKPPEIAHGYVEHSVR,6.555107129692486e-05,0.0
lag1__peptide_std__P02452,6.552843574057818e-05,0.0
slope1__peptide_mean__P12109,6.548489933647972e-05,0.0
rollmean2__peptide_mean__Q13740,6.540036824122769e-05,0.0
protein_npx__P09871,6.536923046764904e-05,0.0
rollmean2__protein_npx__Q9Y6R7,6.535896121473466e-05,0.0
slope1__peptide_std__Q14624,6.532953346487503e-05,0.0
rollmean2__peptide_std__P06681,6.522592138667574e-05,0.0
slope1__peptide_mean__P02751,6.521507075068933e-05,0.0
rollmean2__peptide_mean__Q14508,6.520965744385885e-05,0.0
delta1__protein_npx__P02774,6.510120078908482e-05,0.0
delta1__peptide_mean__Q14508,6.501736812284956e-05,0.0
delta1__peptide_abundance_mean,6.500820238242848e-05,0.0
slope1__peptide_std__P41222,6.475141943870918e-05,0.0
lag1__peptide_log__C(UniMod_4)TSTGWIPAPR,6.463190054497195e-05,0.0
rollmean2__protein_npx__P16070,6.462236055873722e-05,0.0
rollmean2__peptide_mean__P04216,6.460710570172668e-05,0.0
peptide_log__QIGSVYR,6.460399553890017e-05,0.0
rollmean2__peptide_std__P14314,6.454960044806931e-05,0.0
delta1__peptide_log__TTPPVLDSDGSFFLYSR,6.44540297185822e-05,0.0
rollmean2__peptide_log__ATVNPSAPR,6.444772065052924e-05,0.0
delta1__peptide_log__VQPYLDDFQKK,6.44298192288329e-05,0.0
rollmean2__peptide_mean__P01621,6.441264422315746e-05,0.0
delta1__peptide_mean__Q13332,6.437260524794619e-05,0.0
slope1__peptide_mean__Q8N2S1,6.436524273716286e-05,0.0
slope1__protein_npx__P04211,6.427564528520308e-05,0.0
lag1__protein_npx__P39060,6.424956202932323e-05,0.0
peptide_std__P19652,6.424893796259964e-05,0.0
lag1__peptide_std__P09486,6.423439588667602e-05,0.0
slope1__peptide_std__P06396,6.421310150241985e-05,0.0
rollmean2__peptide_mean__P00747,6.412472580461282e-05,0.0
rollmean2__peptide_log__LEGQEEEEDNRDSSMK,6.410871128166566e-05,0.0
rollmean2__protein_npx__Q92520,6.406483832840946e-05,0.0
slope1__peptide_std__P25311,6.403758204622019e-05,0.0
protein_npx__P32754,6.403713138539193e-05,0.0
protein_npx__P02655,6.393016622903404e-05,0.0
rollmean2__protein_npx__P01591,6.388038496718968e-05,0.0
delta1__peptide_std__P01008,6.382211219104935e-05,0.0
slope1__peptide_mean__P43652,6.380095153840195e-05,0.0
peptide_std__Q14624,6.378582166215336e-05,0.0
slope1__peptide_log__KQELSEAEQATR,6.378372103433853e-05,0.0
slope1__peptide_mean__Q06481,6.362952931933603e-05,0.0
lag1__peptide_log__TPLGDTTHTC(UniMod_4)PR,6.356227128452371e-05,0.0
rollmean2__peptide_mean__P07195,6.337728804113271e-05,0.0
lag1__peptide_std__Q92823,6.333894890704281e-05,0.0
peptide_log__SGELEQEEER,6.332449663523559e-05,0.0
peptide_mean__P04216,6.323227356680451e-05,0.0
protein_npx__P04275,6.311395087969228e-05,0.0
slope1__peptide_mean__Q9NYU2,6.309989421790396e-05,0.0
rollmean2__peptide_count__P05546,6.306697761495021e-05,0.0
rollmean2__protein_npx__P08603,6.295938095288482e-05,0.0
rollmean2__peptide_mean__P10645,6.293563511448698e-05,0.0
rollmean2__peptide_count__P00747,6.288561315187173e-05,0.0
slope1__peptide_mean__P10643,6.286244262452783e-05,0.0
rollmean2__peptide_mean__P08294,6.280602655177874e-05,0.0
peptide_log__LVGGPM(UniMod_35)DASVEEEGVRR,6.277899637393553e-05,0.0
rollmean2__peptide_mean__P02766,6.27369983956621e-05,0.0
protein_npx__P04156,6.266400198308452e-05,0.0
protein_npx__P04075,6.261465778387288e-05,0.0
rollmean2__protein_npx__P06454,6.258969331634163e-05,0.0
rollmean2__peptide_log__AYQGVAAPFPK,6.256765610621578e-05,0.0
peptide_std__Q16610,6.254192457539179e-05,0.0
delta1__peptide_mean__P61626,6.254086812508349e-05,0.0
protein_npx__P19021,6.251130680843205e-05,0.0
delta1__peptide_mean__P05060,6.249040731801899e-05,0.0
peptide_mean__Q9UKV8,6.242545693332938e-05,0.0
slope1__peptide_std__P02748,6.207377962950954e-05,0.0
slope1__protein_npx__P02647,6.206757905773838e-05,0.0
lag1__peptide_std__O00584,6.206171304249555e-05,0.0
rollmean2__peptide_std__P00746,6.198672484014663e-05,0.0
slope1__peptide_mean__P01344,6.188414297628022e-05,0.0
peptide_mean__P11142,6.187352446638163e-05,0.0
delta1__peptide_std__P19652,6.180092755409822e-05,0.0
delta1__protein_npx__P40925,6.178108576224444e-05,0.0
delta1__peptide_log__AVGDKLPEC(UniMod_4)EADDGC(UniMod_4)PKPPEIAHGYVEHSVR,6.176701936143743e-05,0.0
slope1__peptide_log__VQPYLDDFQKK,6.174171471086027e-05,0.0
rollmean2__peptide_abundance_sum,6.169646107393875e-05,0.0
peptide_mean__P01857,6.167611364306666e-05,0.0
rollmean2__protein_npx__O15240,6.16600320182737e-05,0.0
slope1__peptide_mean__P16870,6.161770181366236e-05,0.0
rollmean2__protein_npx__Q15904,6.151515704946281e-05,0.0
lag1__protein_npx__Q7Z5P9,6.145035086973561e-05,0.0
lag1__peptide_std__P02751,6.138617947749614e-05,0.0
slope1__protein_npx__P05090,6.137155957193712e-05,0.0
delta1__peptide_log__SELEEQLTPVAEETR,6.135248205361075e-05,0.0
protein_npx__Q96S96,6.129185499834425e-05,0.0
delta1__protein_npx__P00746,6.105807413512097e-05,0.0
slope1__peptide_std__P07711,6.095992012047305e-05,0.0
peptide_log__TLLSNLEEAKK,6.088288643892707e-05,0.0
rollmean2__peptide_log__C(UniMod_4)TSTGWIPAPR,6.0709633335061266e-05,0.0
delta1__peptide_mean__Q7Z5P9,6.064792940857532e-05,0.0
peptide_log__MTVTDQVNC(UniMod_4)PK,6.0638297821063605e-05,0.0
delta1__peptide_std__P39060,6.0609023916415115e-05,0.0
slope1__peptide_count__P09486,6.058972699600319e-05,0.0
slope1__protein_npx__Q8N2S1,6.057866871723263e-05,0.0
delta1__peptide_log__TM(UniMod_35)LLQPAGSLGSYSYR,6.052561747874752e-05,0.0
protein_npx__Q14515,6.041394417212266e-05,0.0
protein_npx__P02787,6.041371968533041e-05,0.0
delta1__protein_npx__P08603,6.032479913445683e-05,0.0
delta1__peptide_std__P06681,6.0208003750775424e-05,0.0
lag1__peptide_std__P16070,6.0188928660405635e-05,0.0
slope1__peptide_log__YYWGGQYTWDMAK,6.0181539323351825e-05,0.0
delta1__peptide_std__P01042,6.011981811491394e-05,0.0
peptide_mean__O75144,6.0026489400318445e-05,0.0
slope1__protein_npx__P18065,5.9764543971044545e-05,0.0
protein_npx__P01717,5.9655464628424064e-05,0.0
peptide_log__SC(UniMod_4)SPELQQK,5.964960227471909e-05,0.0
slope1__peptide_std__P16870,5.957235630638526e-05,0.0
delta1__peptide_mean__P10451,5.9549913881821206e-05,0.0
delta1__peptide_std__P54289,5.946014297291532e-05,0.0
peptide_std__P07602,5.9305902785161944e-05,0.0
rollmean2__peptide_mean__Q6UXD5,5.926114476138956e-05,0.0
rollmean2__peptide_mean__P43251,5.917082302404099e-05,0.0
protein_npx__P01019,5.911974536449884e-05,0.0
slope1__peptide_std__P08294,5.910355023429649e-05,0.0
lag1__peptide_mean__Q99435,5.909997346958385e-05,0.0
slope1__peptide_mean__P01876,5.908806981529957e-05,0.0
delta1__peptide_log__AYQGVAAPFPK,5.908148835986757e-05,0.0
lag1__peptide_std__P61916,5.903400952096358e-05,0.0
delta1__peptide_mean__P11277,5.8989702296467584e-05,0.0
delta1__peptide_mean__P06310,5.893793586400729e-05,0.0
protein_npx__P07602,5.882164096225727e-05,0.0
peptide_mean__P04075,5.8790041369811986e-05,0.0
protein_npx__P61278,5.877565632170335e-05,0.0
protein_npx__P09104,5.874896287114714e-05,0.0
rollmean2__protein_npx__P08123,5.873504842173399e-05,0.0
slope1__peptide_std__P00751,5.8715181238072994e-05,0.0
lag1__protein_npx__Q06481,5.8693065739532065e-05,0.0
lag1__peptide_log__QKVEPLRAELQEGAR,5.837989687670338e-05,0.0
peptide_feature_count,5.832256625306718e-05,0.0
lag1__protein_npx__Q99683,5.8223945336710795e-05,0.0
peptide_abundance_sum,5.812294632301659e-05,0.0
lag1__peptide_std__P43652,5.812248098103542e-05,0.0
rollmean2__protein_npx__P19823,5.811871912124478e-05,0.0
slope1__peptide_mean__Q8NBJ4,5.805078219441381e-05,0.0
peptide_mean__P01876,5.8048936916666886e-05,0.0
rollmean2__protein_npx__P04275,5.799967745183007e-05,0.0
peptide_mean__P16870,5.795055110749622e-05,0.0
slope1__peptide_std__P54289,5.784184976650853e-05,0.0
peptide_log__ELSSFIDKGQELC(UniMod_4)ADYSENTFTEYK,5.7740720592479044e-05,0.0
slope1__peptide_mean__P19652,5.7730263707096413e-05,0.0
delta1__protein_npx__P01023,5.772775200955505e-05,0.0
slope1__peptide_log__DASGVTFTWTPSSGK,5.7602457851626954e-05,0.0
peptide_log__TSPVDEKALQDQLVLVAAK,5.751550772315559e-05,0.0
lag1__peptide_log__SSQGGSLPSEEK,5.7463704959556986e-05,0.0
peptide_mean__Q6UXD5,5.746173085887346e-05,0.0
protein_npx__P55290,5.74521459859624e-05,0.0
lag1__peptide_std__P05060,5.7342659856880685e-05,0.0
slope1__protein_npx__P04156,5.729509003532263e-05,0.0
peptide_std__O94919,5.7282416160676996e-05,0.0
rollmean2__peptide_std__P04004,5.7117783198018696e-05,0.0
lag1__peptide_mean__P02675,5.703962546810427e-05,0.0
delta1__peptide_std__P20774,5.6994478230578006e-05,0.0
slope1__protein_npx__P11142,5.696968799928497e-05,0.0
slope1__protein_npx__P01860,5.693889943119427e-05,0.0
rollmean2__peptide_mean__Q12907,5.693761404400462e-05,0.0
protein_npx__P06310,5.693551050417261e-05,0.0
slope1__peptide_std__P07602,5.6898381279468606e-05,0.0
rollmean2__peptide_log__VDNALQSGNSQESVTEQDSKDSTYSLSSTLTLSK,5.683713285536137e-05,0.0
rollmean2__peptide_count__P02790,5.6593669178075784e-05,0.0
delta1__protein_npx__Q9UHG2,5.6573433202417184e-05,0.0
peptide_mean__P36222,5.6553573346503445e-05,0.0
lag1__peptide_mean__P02751,5.653982587264912e-05,0.0
rollmean2__peptide_mean__P39060,5.651847157577032e-05,0.0
peptide_mean__P49908,5.650798707289306e-05,0.0
lag1__protein_npx__P08603,5.646814632374533e-05,0.0
rollmean2__peptide_count__P02452,5.6464807456450085e-05,0.0
slope1__protein_npx__P35542,5.646149031686388e-05,0.0
rollmean2__peptide_mean__P01009,5.645408808134557e-05,0.0
peptide_mean__P07858,5.645196983817724e-05,0.0
protein_npx__O94919,5.643629424392462e-05,0.0
lag1__peptide_mean__P07225,5.642082703934665e-05,0.0
missing__current_medication_on,5.641741877703935e-05,0.0
protein_npx__Q99674,5.640099927553862e-05,0.0
rollmean2__peptide_mean__P00736,5.632027335460329e-05,0.0
slope1__peptide_mean__P27169,5.62977946381052e-05,0.0
lag1__peptide_mean__P11142,5.627750638646494e-05,0.0
slope1__peptide_std__P10909,5.622146712086829e-05,0.0
peptide_log__LPPTSAHGNVAEGETKPDPDVTER,5.613767534276265e-05,0.0
lag1__peptide_mean__P02774,5.611824039278989e-05,0.0
delta1__peptide_log__KFPSGTFEQVSQLVK,5.610813732912911e-05,0.0
delta1__peptide_mean__P01861,5.606717596047921e-05,0.0
peptide_log__SPVGVQPILNEHTFC(UniMod_4)AGMSK,5.6035692934611195e-05,0.0
lag1__peptide_mean__O94919,5.595767432985437e-05,0.0
rollmean2__peptide_mean__P02452,5.593892727342414e-05,0.0
lag1__peptide_std__P10909,5.590033329730172e-05,0.0
lag1__peptide_std__P04004,5.589960469825523e-05,0.0
lag1__peptide_mean__P08603,5.575129643801349e-05,0.0
lag1__protein_npx__P17174,5.569103610438896e-05,0.0
rollmean2__protein_npx__P19827,5.568733692204459e-05,0.0
rollmean2__peptide_count__P02656,5.554222441050587e-05,0.0
peptide_mean__Q9HDC9,5.5462841904238767e-05,0.0
peptide_mean__P04406,5.546033214623901e-05,0.0
peptide_std__Q13740,5.543550969180219e-05,0.0
slope1__peptide_mean__Q16270,5.543395997570627e-05,0.0
peptide_mean__P02760,5.522742372236076e-05,0.0
slope1__peptide_mean__P07339,5.5214985182568876e-05,0.0
lag1__peptide_log__TEGDGVYTLNNEK,5.5208427370028395e-05,0.0
lag1__protein_npx__P19652,5.5171250114920444e-05,0.0
lag1__peptide_log__GEVQAMLGQSTEELR,5.514411775793556e-05,0.0
lag1__peptide_mean__P02679,5.511303365916786e-05,0.0
delta1__peptide_std__P08603,5.5088086081174807e-05,0.0
delta1__peptide_mean__P05067,5.507144001094598e-05,0.0
delta1__peptide_mean__P43652,5.5033718357045926e-05,0.0
peptide_log__LRTEGDGVYTLNNEKQWINK,5.498765950549261e-05,0.0
delta1__protein_npx__P55290,5.496511378262881e-05,0.0
rollmean2__protein_npx__Q12907,5.4903822049394084e-05,0.0
delta1__protein_npx__P12109,5.4803857341050547e-05,0.0
slope1__protein_npx__P00738,5.473611521684899e-05,0.0
lag1__peptide_std__O00533,5.4713918832848006e-05,0.0
rollmean2__protein_npx__Q9NQ79,5.469385327849938e-05,0.0
rollmean2__peptide_mean__Q06481,5.4662261436983064e-05,0.0
rollmean2__protein_npx__Q99829,5.4607171222233915e-05,0.0
delta1__protein_npx__P17174,5.454828420149904e-05,0.0
rollmean2__protein_npx__P05067,5.45039698705791e-05,0.0
lag1__peptide_std__P02760,5.449811440301068e-05,0.0
delta1__peptide_std__P61916,5.448636810190406e-05,0.0
peptide_mean__P02768,5.440506826283444e-05,0.0
slope1__protein_npx__Q9UKV8,5.438096226451696e-05,0.0
slope1__peptide_std__P16070,5.43743377580846e-05,0.0
slope1__peptide_std__P05067,5.433159274922625e-05,0.0
slope1__peptide_mean__P01621,5.421318977924145e-05,0.0
delta1__peptide_log__TLLSNLEEAKK,5.412032083396096e-05,0.0
delta1__peptide_log__TPVSDRVTK,5.411970704736921e-05,0.0
slope1__peptide_std__Q13740,5.4059553538613186e-05,0.0
slope1__peptide_log__MTVTDQVNC(UniMod_4)PK,5.402365950571967e-05,0.0
rollmean2__peptide_log__VDSGNDVTDIADDGC(UniMod_4)PKPPEIAHGYVEHSVR,5.3961622282997545e-05,0.0
rollmean2__peptide_count__P04180,5.393282837768083e-05,0.0
lag1__protein_npx__P06727,5.3930791152436214e-05,0.0
lag1__peptide_mean__P14314,5.387861477834139e-05,0.0
lag1__peptide_mean__Q14624,5.387628998301932e-05,0.0
rollmean2__peptide_log__SGELEQEEER,5.372166017623972e-05,0.0
rollmean2__peptide_log__MASGAANVVGPK,5.365153959771366e-05,0.0
peptide_count__P61916,5.3599461580508766e-05,0.0
protein_npx__P41222,5.355445229915641e-05,0.0
lag1__peptide_std__P00746,5.3518529914046716e-05,0.0
rollmean2__peptide_mean__P01594,5.3506499565030496e-05,0.0
delta1__peptide_mean__P05452,5.3415748409218106e-05,0.0
peptide_mean__P08294,5.333970603167471e-05,0.0
protein_npx__Q12907,5.3338861905742256e-05,0.0
slope1__peptide_mean__Q9Y6R7,5.3302938810797127e-05,0.0
slope1__peptide_std__P01009,5.328238192286932e-05,0.0
lag1__peptide_abundance_sum,5.322602591758767e-05,0.0
delta1__peptide_log__TSAHGNVAEGETKPDPDVTER,5.319331710774954e-05,0.0
lag1__peptide_std__P00734,5.318330265650793e-05,0.0
slope1__peptide_std__Q12805,5.31329613597094e-05,0.0
lag1__peptide_log__AYQGVAAPFPK,5.309337035910296e-05,0.0
slope1__peptide_mean__P07998,5.309172574829543e-05,0.0
delta1__peptide_std__P00751,5.307495599824452e-05,0.0
slope1__peptide_mean__O15394,5.303303722418706e-05,0.0
slope1__peptide_mean__Q96KN2,5.2937011484405256e-05,0.0
slope1__protein_npx__Q12907,5.29281932990113e-05,0.0
slope1__protein_npx__P00736,5.291101827972836e-05,0.0
protein_npx__P02679,5.290611928948617e-05,0.0
protein_npx__Q9Y646,5.283242591905329e-05,0.0
protein_npx__P61626,5.2803849741784914e-05,0.0
delta1__peptide_std__P13987,5.279031428629632e-05,0.0
lag1__peptide_mean__P16070,5.273502346695464e-05,0.0
slope1__peptide_std__Q96KN2,5.272634527278304e-05,0.0
rollmean2__protein_npx__P17936,5.2723518707474125e-05,0.0
delta1__protein_npx__P16035,5.27018018063005e-05,0.0
rollmean2__peptide_mean__Q562R1,5.2663585801510816e-05,0.0
peptide_log__KQELSEAEQATR,5.263660608048286e-05,0.0
delta1__peptide_mean__P31997,5.2593459863194605e-05,0.0
lag1__peptide_mean__P00751,5.24678344925133e-05,0.0
lag1__protein_npx__P01608,5.243128489172476e-05,0.0
slope1__peptide_log__KFPSGTFEQVSQLVK,5.2382759354581785e-05,0.0
rollmean2__protein_npx__O43505,5.2326021379485456e-05,0.0
slope1__protein_npx__P00748,5.230048711363487e-05,0.0
rollmean2__peptide_count__P10645,5.228907406299727e-05,0.0
slope1__peptide_std__P05452,5.218207376560138e-05,0.0
rollmean2__protein_npx__Q9NYU2,5.2175209998518955e-05,0.0
lag1__protein_npx__P07333,5.2112664114613595e-05,0.0
slope1__peptide_mean__P08697,5.2094958598650355e-05,0.0
delta1__peptide_mean__P43121,5.205034623304087e-05,0.0
rollmean2__peptide_mean__O43505,5.200688765135205e-05,0.0
slope1__peptide_log__IHWESASLLR,5.1964050131536007e-05,0.0
protein_npx__P31997,5.1936115525079126e-05,0.0
slope1__protein_npx__O15240,5.1925800337967545e-05,0.0
lag1__peptide_log__LC(UniMod_4)MGSGLNLC(UniMod_4)EPNNKEGYYGYTGAFR,5.191039633071608e-05,0.0
lag1__protein_npx__P07225,5.1874023172546555e-05,0.0
peptide_mean__P02774,5.187199678902109e-05,0.0
rollmean2__peptide_count__P07711,5.180594269961301e-05,0.0
slope1__peptide_std__P00747,5.1800047287584566e-05,0.0
rollmean2__peptide_mean__Q14515,5.176961504549731e-05,0.0
rollmean2__protein_npx__P02748,5.174557686467825e-05,0.0
delta1__peptide_std__P00747,5.173088644833627e-05,0.0
delta1__protein_npx__P07711,5.1720370839531025e-05,0.0
rollmean2__peptide_count__P13611,5.1715534387266346e-05,0.0
protein_npx__Q14118,5.170056799773019e-05,0.0
slope1__protein_npx__O15394,5.167522773622189e-05,0.0
delta1__peptide_std__P02766,5.16464107791525e-05,0.0
lag1__peptide_mean__P61626,5.1633510719321324e-05,0.0
slope1__peptide_mean__P43121,5.161154060607465e-05,0.0
delta1__peptide_std__P04196,5.159885387562748e-05,0.0
slope1__protein_npx__Q99674,5.1595936419065644e-05,0.0
lag1__peptide_count__P02787,5.158917613015643e-05,0.0
slope1__peptide_std__Q12907,5.1585867013307416e-05,0.0
delta1__peptide_mean__P01834,5.158086142505605e-05,0.0
lag1__peptide_std__P01011,5.1560432613555847e-05,0.0
delta1__protein_npx__Q14515,5.155232476627162e-05,0.0
lag1__protein_npx__Q9Y6R7,5.1535467484188405e-05,0.0
lag1__protein_npx__Q08380,5.150337073350718e-05,0.0
slope1__protein_npx__P02679,5.14073921434163e-05,0.0
peptide_missing_fraction,5.129539951017186e-05,0.0
peptide_mean__Q92823,5.127136847810821e-05,0.0
rollmean2__protein_npx__P12109,5.1247100092281223e-05,0.0
rollmean2__peptide_mean__P04275,5.1226824590103075e-05,0.0
delta1__protein_npx__P02763,5.122135297590046e-05,0.0
delta1__protein_npx__P00748,5.1150800307806276e-05,0.0
delta1__peptide_std__P05156,5.104592845158413e-05,0.0
peptide_log__C(UniMod_4)TSTGWIPAPR,5.099464329401119e-05,0.0
lag1__peptide_mean__P01019,5.0942714200156e-05,0.0
rollmean2__peptide_count__Q92520,5.090205663952951e-05,0.0
peptide_std__P00746,5.078702883192276e-05,0.0
rollmean2__peptide_mean__P23083,5.075517174823322e-05,0.0
delta1__peptide_std__O00533,5.074840264271557e-05,0.0
protein_npx__Q9NQ79,5.0687070478872905e-05,0.0
delta1__peptide_mean__P12109,5.066697628227621e-05,0.0
lag1__peptide_observation_count,5.060627427834976e-05,0.0
lag1__protein_npx__P30086,5.0604348429969595e-05,0.0
rollmean2__peptide_std__P00736,5.0474750273098916e-05,0.0
protein_npx__P14314,5.0473784287238434e-05,0.0
protein_npx__P01034,5.0456461729442806e-05,0.0
lag1__protein_npx__P05155,5.039353419962894e-05,0.0
slope1__peptide_std__P01023,5.034331595089325e-05,0.0
peptide_mean__P05156,5.0234363386878626e-05,0.0
peptide_mean__P10909,5.009695106130029e-05,0.0
lag1__peptide_mean__P01834,5.008971734871476e-05,0.0
delta1__peptide_mean__P36222,5.0084464589442645e-05,0.0
lag1__protein_npx__P02671,5.008238969660611e-05,0.0
rollmean2__peptide_log__VLLDQLR,5.006809016828062e-05,0.0
lag1__peptide_log__C(UniMod_4)KPVNTFVHEPLVDVQNVC(UniMod_4)FQEK,5.00674891297805e-05,0.0
delta1__peptide_mean__P04156,4.996192472552657e-05,0.0
delta1__protein_npx__P11142,4.995137020602371e-05,0.0
delta1__peptide_log__SFNRGEC(UniMod_4),4.98623923742867e-05,0.0
delta1__peptide_std__Q14118,4.985029867024741e-05,0.0
delta1__peptide_mean__Q9UHG2,4.982814068593903e-05,0.0
peptide_count__P01009,4.9823753465234764e-05,0.0
slope1__peptide_mean__P00747,4.980241132498486e-05,0.0
slope1__peptide_std__P02671,4.974595525658211e-05,0.0
slope1__peptide_std__P08697,4.974336547371494e-05,0.0
lag1__peptide_std__P08697,4.9626406144993324e-05,0.0
slope1__peptide_mean__P17936,4.961603628515679e-05,0.0
lag1__peptide_mean__P08253,4.9504260701384355e-05,0.0
lag1__protein_npx__P07602,4.948437692463318e-05,0.0
slope1__peptide_mean__P02763,4.946057621664729e-05,0.0
delta1__protein_npx__P02747,4.945104027181114e-05,0.0
rollmean2__protein_npx__Q562R1,4.940343537203125e-05,0.0
rollmean2__protein_npx__P01608,4.9400473497486264e-05,0.0
slope1__peptide_mean__P04433,4.938809492125801e-05,0.0
delta1__peptide_mean__Q92823,4.934336656104448e-05,0.0
delta1__protein_npx__P16152,4.9305770801375265e-05,0.0
protein_npx__P06454,4.9275938713779267e-05,0.0
delta1__protein_npx__P02768,4.924435776885055e-05,0.0
peptide_log__YVMLPVADQDQC(UniMod_4)IR,4.919342064396846e-05,0.0
protein_npx__P10451,4.914931257245273e-05,0.0
slope1__peptide_std__P61916,4.910212601443802e-05,0.0
delta1__peptide_log__LDEVKEQVAEVR,4.9078081735460224e-05,0.0
delta1__peptide_mean__P04207,4.8986356910808316e-05,0.0
slope1__peptide_log__QKVEPLRAELQEGAR,4.89738804892241e-05,0.0
slope1__peptide_log__TDASDVKPC(UniMod_4),4.896411974625986e-05,0.0
delta1__peptide_std__P01834,4.894633497100639e-05,0.0
delta1__peptide_log__LSNENHGIAQR,4.8897434100536506e-05,0.0
delta1__protein_npx__O14773,4.889320096683832e-05,0.0
peptide_mean__Q99435,4.8871164806460566e-05,0.0
slope1__peptide_mean__P24592,4.882402106409e-05,0.0
slope1__protein_npx__Q8NBJ4,4.880415662806836e-05,0.0
slope1__protein_npx__P61769,4.871812375810605e-05,0.0
rollmean2__peptide_mean__O00391,4.8692529302697525e-05,0.0
slope1__peptide_mean__O75144,4.868388071307366e-05,0.0
rollmean2__protein_npx__Q92823,4.855857707647627e-05,0.0
delta1__peptide_mean__Q9UNU6,4.8533784523235313e-05,0.0
lag1__peptide_missing_fraction,4.844210915674389e-05,0.0
lag1__protein_npx__P01860,4.8441792561159096e-05,0.0
delta1__protein_npx__P02675,4.84051273390552e-05,0.0
peptide_mean__P08571,4.835176322105646e-05,0.0
delta1__protein_npx__P01834,4.833306314798728e-05,0.0
rollmean2__peptide_log__EDSLEAGLPLQVR,4.831666481389502e-05,0.0
slope1__peptide_mean__P02452,4.8312974950365226e-05,0.0
delta1__protein_npx__P01033,4.826937780103331e-05,0.0
delta1__protein_npx__P04275,4.821657908792042e-05,0.0
lag1__peptide_std__P13611,4.821298758946343e-05,0.0
lag1__peptide_mean__P05408,4.816937763715232e-05,0.0
rollmean2__protein_npx__Q13283,4.816651437230946e-05,0.0
delta1__peptide_std__Q96PD5,4.815515294681821e-05,0.0
protein_npx__Q99832,4.8142201224837744e-05,0.0
rollmean2__peptide_mean__P16870,4.8122440307645146e-05,0.0
delta1__peptide_std__Q08380,4.811962835560036e-05,0.0
slope1__peptide_log__GEVQAMLGQSTEELR,4.808295246454829e-05,0.0
rollmean2__protein_npx__O14791,4.8009521824621945e-05,0.0
slope1__peptide_mean__P43251,4.790979559859701e-05,0.0
delta1__protein_npx__P01877,4.790307739001765e-05,0.0
protein_npx__P19823,4.789206396354421e-05,0.0
slope1__peptide_mean__P13671,4.7881261535266816e-05,0.0
delta1__peptide_log__AATGEC(UniMod_4)TATVGKR,4.783932736528311e-05,0.0
slope1__protein_npx__P43121,4.78349108984878e-05,0.0
peptide_mean__P01031,4.780551466339037e-05,0.0
slope1__peptide_mean__P51884,4.779030432166557e-05,0.0
lag1__peptide_std__P13591,4.777119611932994e-05,0.0
lag1__peptide_std__P07602,4.774356411363744e-05,0.0
slope1__peptide_std__P13591,4.772809064679528e-05,0.0
protein_npx__P43251,4.772270748382862e-05,0.0
slope1__protein_npx__P08493,4.76114665507825e-05,0.0
peptide_mean__Q14515,4.757059323199611e-05,0.0
lag1__protein_npx__Q99674,4.756695972793832e-05,0.0
slope1__protein_npx__Q16610,4.755059871424993e-05,0.0
slope1__peptide_std__P18065,4.747750823738409e-05,0.0
rollmean2__protein_npx__Q6UXD5,4.7434768469080085e-05,0.0
slope1__protein_npx__P07711,4.734783485376121e-05,0.0
slope1__peptide_log__VTLTC(UniMod_4)VAPLSGVDFQLR,4.734025873164236e-05,0.0
protein_npx__P01591,4.729484178971871e-05,0.0
peptide_mean__P20933,4.713246298426393e-05,0.0
missing__peptide_log__LPPTSAHGNVAEGETKPDPDVTER,4.7130296594392165e-05,0.0
delta1__peptide_std__P02790,4.711268781389407e-05,0.0
lag1__peptide_mean__Q8IWV7,4.70099667402388e-05,0.0
peptide_mean__P08123,4.697924889960686e-05,0.0
slope1__peptide_log__LDEVKEQVAEVR,4.697882677960761e-05,0.0
rollmean2__peptide_mean__P16070,4.693779558806908e-05,0.0
protein_npx__Q13449,4.69161209521097e-05,0.0
slope1__protein_npx__P02768,4.685627548849486e-05,0.0
lag1__peptide_log__GEVQAMLGQSTEELRVR,4.6849846619172024e-05,0.0
lag1__peptide_mean__P30086,4.6681404599757034e-05,0.0
rollmean2__months_since_baseline,4.6620217543326876e-05,0.0
rollmean2__peptide_mean__P06454,4.660576146756565e-05,0.0
lag1__peptide_mean__P01861,4.659646934426489e-05,0.0
lag1__protein_npx__P01042,4.65609813068456e-05,0.0
slope1__peptide_std__P08571,4.655924796887779e-05,0.0
delta1__peptide_mean__P06396,4.642724257828074e-05,0.0
delta1__peptide_mean__P01344,4.6375131751677184e-05,0.0
delta1__peptide_std__P00748,4.636389117754089e-05,0.0
lag1__peptide_mean__P27169,4.632923473531522e-05,0.0
slope1__peptide_std__Q92823,4.631723674408026e-05,0.0
lag1__protein_npx__P05060,4.625619611250796e-05,0.0
slope1__peptide_log__LGADM(UniMod_35)EDVC(UniMod_4)GR,4.621317064065433e-05,0.0
peptide_mean__Q99829,4.6191135146411096e-05,0.0
slope1__peptide_mean__P07711,4.618938088338084e-05,0.0
rollmean2__protein_npx__P41222,4.6095270100676036e-05,0.0
rollmean2__peptide_log__GC(UniMod_4)PTEEGC(UniMod_4)GER,4.6044751422824234e-05,0.0
missing__peptide_log__VDNALQSGNSQESVTEQDSKDSTYSLSSTLTLSK,4.601565189715816e-05,0.0
delta1__peptide_log__NPDSSTTGPWC(UniMod_4)YTTDPTVR,4.599092749727479e-05,0.0
slope1__peptide_mean__P02656,4.5979973707641136e-05,0.0
rollmean2__peptide_count__P10643,4.597134173231418e-05,0.0
lag1__peptide_mean__P07333,4.5952641196975374e-05,0.0
lag1__peptide_std__P01860,4.594097569890735e-05,0.0
slope1__protein_npx__P09486,4.5873451599135934e-05,0.0
peptide_log__TKEEYGHSEVVEYYC(UniMod_4)NPR,4.584195089080033e-05,0.0
protein_npx__P11277,4.5767512534708065e-05,0.0
lag1__protein_npx__P04156,4.575451029347708e-05,0.0
lag1__peptide_mean__P02671,4.574818881860102e-05,0.0
rollmean2__peptide_mean__Q92823,4.55745198160212e-05,0.0
delta1__peptide_count__P20774,4.555746642483786e-05,0.0
lag1__peptide_std__P51884,4.548594505224376e-05,0.0
peptide_log__WELALGR,4.546515376466681e-05,0.0
lag1__peptide_std__P01834,4.5454318979763646e-05,0.0
rollmean2__peptide_count__P20774,4.544260905331176e-05,0.0
rollmean2__protein_npx__P10645,4.539883531691093e-05,0.0
delta1__peptide_log__KAADDTWEPFASGK,4.538325286365093e-05,0.0
lag1__peptide_std__P19823,4.529399905771232e-05,0.0
peptide_log__VKDLATVYVDVLK,4.521964833657299e-05,0.0
peptide_mean__P10451,4.51946381292339e-05,0.0
delta1__peptide_mean__P20933,4.5193091827030394e-05,0.0
slope1__peptide_log__C(UniMod_4)IIEVLSNALSK,4.519166162282377e-05,0.0
peptide_count__P01024,4.5190238240441046e-05,0.0
peptide_mean__Q99683,4.512393971501167e-05,0.0
delta1__peptide_mean__P00734,4.508194411358128e-05,0.0
lag1__peptide_mean__P43121,4.506017422066246e-05,0.0
lag1__peptide_std__P02753,4.5041981127801484e-05,0.0
delta1__protein_npx__P00734,4.501977528998088e-05,0.0
slope1__protein_npx__P01042,4.493427982785381e-05,0.0
rollmean2__peptide_mean__P01024,4.490347439117513e-05,0.0
protein_npx__P02768,4.4875501659833045e-05,0.0
rollmean2__peptide_log__GSPAINVAVHVFRK,4.482061031782402e-05,0.0
delta1__protein_npx__P16070,4.4817320062299866e-05,0.0
lag1__protein_npx__Q9Y646,4.477325765729022e-05,0.0
delta1__protein_npx__P09871,4.476944912462899e-05,0.0
slope1__peptide_log__LFDSDPITVTVPVEVSR,4.476700480354524e-05,0.0
delta1__peptide_mean__Q02818,4.47607683624492e-05,0.0
delta1__peptide_std__P43121,4.474482430916387e-05,0.0
delta1__peptide_mean__P07339,4.473337306092637e-05,0.0
rollmean2__peptide_mean__P60174,4.469771102570191e-05,0.0
delta1__peptide_log__QNC(UniMod_4)ELFEQLGEYK,4.469188227906637e-05,0.0
lag1__peptide_mean__P02750,4.4670887493345135e-05,0.0
lag1__protein_npx__P02760,4.462969549952777e-05,0.0
protein_npx__O00584,4.4621629993445885e-05,0.0
rollmean2__protein_npx__Q92876,4.461296439482818e-05,0.0
visit_index,4.460777667506488e-05,0.0
lag1__peptide_mean__P01024,4.4533218863271035e-05,0.0
peptide_log__EILSVDC(UniMod_4)STNNPSQAK,4.453217892666276e-05,0.0
slope1__protein_npx__P20933,4.451699145904933e-05,0.0
protein_npx__P01042,4.437749831142384e-05,0.0
peptide_log__AYKSELEEQLTPVAEETR,4.433117502485763e-05,0.0
slope1__peptide_mean__Q14508,4.432798859642675e-05,0.0
slope1__protein_npx__P02753,4.429184642590725e-05,0.0
delta1__peptide_mean__P17174,4.424324892672228e-05,0.0
slope1__protein_npx__P16870,4.423845994547885e-05,0.0
lag1__protein_npx__Q14118,4.412090343292865e-05,0.0
slope1__peptide_mean__Q16610,4.408634133515865e-05,0.0
slope1__protein_npx__Q9NYU2,4.407328566691721e-05,0.0
lag1__protein_npx__P61916,4.4064777429600903e-05,0.0
rollmean2__protein_npx__Q8NE71,4.4058389310909455e-05,0.0
lag1__protein_npx__P12109,4.404456250090987e-05,0.0
slope1__peptide_mean__P01009,4.40118836267185e-05,0.0
slope1__peptide_mean__P36222,4.400583101674308e-05,0.0
rollmean2__protein_npx__P13591,4.3969015083755986e-05,0.0
lag1__peptide_std__P01876,4.3949114092599506e-05,0.0
peptide_mean__P07225,4.393218439221784e-05,0.0
delta1__peptide_std__P02647,4.3812711968239735e-05,0.0
slope1__peptide_mean__Q13451,4.356568746784281e-05,0.0
slope1__peptide_mean__P04216,4.3510647577937205e-05,0.0
lag1__protein_npx__O94919,4.350929859930718e-05,0.0
delta1__peptide_std__P16070,4.3490655142631e-05,0.0
delta1__protein_npx__P08294,4.344822175471064e-05,0.0
slope1__peptide_std__P36955,4.3375566633711676e-05,0.0
slope1__protein_npx__P61916,4.336231872065806e-05,0.0
lag1__peptide_std__P01008,4.333840864274414e-05,0.0
slope1__peptide_std__P02749,4.332982299444202e-05,0.0
slope1__peptide_std__Q08380,4.3318360893395254e-05,0.0
slope1__peptide_mean__P02774,4.324969616380193e-05,0.0
delta1__protein_npx__P04004,4.3206404946411926e-05,0.0
delta1__peptide_std__P09871,4.3191790760328135e-05,0.0
delta1__peptide_log__RTPITVVK,4.315657240962464e-05,0.0
delta1__protein_npx__O94919,4.312023109111979e-05,0.0
rollmean2__peptide_log__SNSSM(UniMod_35)HITDC(UniMod_4)R,4.310078211148512e-05,0.0
delta1__protein_npx__P11277,4.293204133085061e-05,0.0
slope1__peptide_mean__P30086,4.280903939458061e-05,0.0
delta1__peptide_mean__Q13451,4.2803724408733435e-05,0.0
slope1__peptide_std__Q16610,4.279317921470363e-05,0.0
delta1__peptide_std__P07339,4.278157407917272e-05,0.0
slope1__peptide_count__O15240,4.261365768874116e-05,0.0
slope1__peptide_log__VDNALQSGNSQESVTEQDSKDSTYSLSSTLTLSK,4.246891955709623e-05,0.0
delta1__peptide_mean__P05155,4.246330541342547e-05,0.0
slope1__peptide_log__VYC(UniMod_4)DMNTENGGWTVIQNR,4.2409911570830776e-05,0.0
peptide_mean__Q99969,4.238766295961038e-05,0.0
lag1__protein_npx__O00584,4.2362660763877044e-05,0.0
lag1__peptide_log__LGADMEDVC(UniMod_4)GR,4.236227823638228e-05,0.0
delta1__protein_npx__P61278,4.229101961910951e-05,0.0
peptide_mean__P55290,4.2263404230648295e-05,0.0
delta1__peptide_mean__Q12841,4.222674214409634e-05,0.0
lag1__protein_npx__P01859,4.220603892512841e-05,0.0
slope1__peptide_count__P00738,4.217541306155006e-05,0.0
slope1__peptide_log__TQVNTQAEQLRR,4.2166868344632875e-05,0.0
delta1__peptide_mean__P09486,4.2137683995317945e-05,0.0
slope1__peptide_std__Q96PD5,4.209362393565893e-05,0.0
rollmean2__protein_npx__P09104,4.209177998976051e-05,0.0
delta1__protein_npx__P13671,4.206524733794071e-05,0.0
slope1__peptide_mean__P00751,4.1989908847532864e-05,0.0
peptide_mean__P13473,4.198807627794748e-05,0.0
rollmean2__peptide_count__P61916,4.184984708146674e-05,0.0
lag1__peptide_mean__Q96PD5,4.184514222746988e-05,0.0
rollmean2__peptide_mean__P04075,4.182316805429999e-05,0.0
slope1__protein_npx__P02763,4.177995419735015e-05,0.0
lag1__peptide_mean__O15240,4.1764797194046556e-05,0.0
rollmean2__peptide_mean__Q9NYU2,4.1754674273840986e-05,0.0
slope1__peptide_log__QNC(UniMod_4)ELFEQLGEYK,4.172567894442268e-05,0.0
lag1__protein_npx__P01876,4.171916496747727e-05,0.0
rollmean2__peptide_mean__P02751,4.170096585952072e-05,0.0
delta1__peptide_log__LQAEAFQAR,4.167286587280462e-05,0.0
delta1__peptide_std__P14618,4.167124310100628e-05,0.0
protein_npx__P05090,4.16569750631362e-05,0.0
lag1__peptide_std__P01042,4.163284663313763e-05,0.0
peptide_count__Q12841,4.163230101231446e-05,0.0
delta1__peptide_count__O15394,4.1631027354597715e-05,0.0
peptide_log__SFNRGEC(UniMod_4),4.1629254419926333e-05,0.0
peptide_mean__Q13332,4.158392565184402e-05,0.0
lag1__peptide_std__P02652,4.157203823406227e-05,0.0
slope1__peptide_count__P02671,4.156617534008446e-05,0.0
lag1__protein_npx__P01008,4.1527149891906596e-05,0.0
peptide_mean__P01861,4.1525344927934474e-05,0.0
slope1__protein_npx__P14618,4.147696837121221e-05,0.0
slope1__protein_npx__Q13740,4.1474902167054166e-05,0.0
protein_npx__P08123,4.145201694744172e-05,0.0
rollmean2__peptide_mean__P08133,4.144371687770194e-05,0.0
slope1__protein_npx__P04075,4.137757816552725e-05,0.0
missing__peptide_mean__P06310,4.1367755672963446e-05,0.0
lag1__protein_npx__P60174,4.136319227321309e-05,0.0
lag1__protein_npx__P02747,4.131863473637154e-05,0.0
rollmean2__protein_feature_count,4.12589990379167e-05,0.0
delta1__protein_npx__P04433,4.1188413716797114e-05,0.0
delta1__protein_npx__P09486,4.116887112333138e-05,0.0
rollmean2__peptide_mean__P16035,4.112308252139787e-05,0.0
delta1__peptide_mean__P04196,4.1079666456749296e-05,0.0
peptide_log__LGPLVEQGR,4.107925965859974e-05,0.0
slope1__protein_npx__P05060,4.104980861782063e-05,0.0
delta1__peptide_count__Q12841,4.102154363698407e-05,0.0
delta1__protein_npx__Q9UBX5,4.0972541012524656e-05,0.0
delta1__peptide_log__TQVNTQAEQLRR,4.096231922384418e-05,0.0
slope1__peptide_log__SLAAAAGKQELAK,4.0898499401692547e-05,0.0
delta1__peptide_std__P00441,4.086541042860094e-05,0.0
lag1__peptide_std__P08294,4.082911667608291e-05,0.0
lag1__protein_npx__P00736,4.0805724958393934e-05,0.0
delta1__peptide_mean__P05156,4.077251915509488e-05,0.0
lag1__peptide_mean__Q99683,4.073968248791558e-05,0.0
delta1__peptide_log__VTLTC(UniMod_4)VAPLSGVDFQLR,4.07339621492931e-05,0.0
delta1__peptide_log__M(UniMod_35)ASGAANVVGPK,4.0723577001437165e-05,0.0
lag1__peptide_mean__P20774,4.067567075676727e-05,0.0
delta1__protein_npx__P02787,4.063983321646533e-05,0.0
delta1__peptide_log__LFDSDPITVTVPVEVSR,4.0633601326635914e-05,0.0
delta1__peptide_mean__P08571,4.059401537998727e-05,0.0
slope1__peptide_log__C(UniMod_4)REILSVDC(UniMod_4)STNNPSQAK,4.058352263524222e-05,0.0
delta1__peptide_log__LVGGPM(UniMod_35)DASVEEEGVRR,4.058230178316134e-05,0.0
delta1__peptide_std__P05060,4.055221673204346e-05,0.0
slope1__protein_npx__Q9UBR2,4.052981352591009e-05,0.0
protein_npx__Q96KN2,4.04816412473262e-05,0.0
lag1__peptide_log__LDEVKEQVAEVR,4.0412020895580946e-05,0.0
peptide_std__P01034,4.033040816553645e-05,0.0
peptide_mean__Q15904,4.032028094075819e-05,0.0
lag1__protein_npx__Q8IWV7,4.0300836676256134e-05,0.0
slope1__protein_npx__Q9UHG2,4.029454609771509e-05,0.0
protein_npx__P61916,4.027405789313661e-05,0.0
delta1__peptide_std__P19823,4.025654053805879e-05,0.0
lag1__peptide_mean__P39060,4.0134628227225326e-05,0.0
lag1__peptide_std__Q9Y6R7,4.009987819326368e-05,0.0
lag1__protein_npx__P04275,4.008870477225413e-05,0.0
rollmean2__protein_npx__P07602,4.0033830083551016e-05,0.0
slope1__peptide_std__P02774,3.983669706535098e-05,0.0
slope1__peptide_std__P02751,3.981833365421968e-05,0.0
peptide_mean__P40925,3.9806540825681634e-05,0.0
delta1__peptide_std__P18065,3.976612910774906e-05,0.0
delta1__peptide_log__VKDLATVYVDVLK,3.9724266445189e-05,0.0
rollmean2__peptide_std__P23142,3.9692173781974155e-05,0.0
delta1__peptide_std__P02652,3.966760154969447e-05,0.0
protein_npx__Q13283,3.966267427063771e-05,0.0
rollmean2__peptide_mean__P13473,3.963739345124086e-05,0.0
delta1__peptide_mean__Q14515,3.961967951375779e-05,0.0
delta1__protein_npx__P10643,3.9595324165737665e-05,0.0
peptide_mean__Q9Y646,3.9565907301655076e-05,0.0
delta1__peptide_std__Q6UXB8,3.9557537252904776e-05,0.0
rollmean2__peptide_std__P02766,3.9526155605490306e-05,0.0
rollmean2__peptide_count__P02765,3.9497346052936894e-05,0.0
protein_npx__Q99829,3.9479246669082755e-05,0.0
delta1__protein_npx__P51884,3.9462166222923314e-05,0.0
slope1__peptide_std__P10645,3.9443379144164925e-05,0.0
lag1__peptide_log__SGELEQEEER,3.943996639690591e-05,0.0
delta1__peptide_std__P02748,3.938775130042592e-05,0.0
lag1__peptide_mean__P02787,3.937410362076309e-05,0.0
peptide_log__TEGDGVYTLNNEK,3.932086432223151e-05,0.0
delta1__peptide_log__HYDGSYSTFGER,3.9301331979296004e-05,0.0
lag1__protein_npx__P07858,3.9286823177581854e-05,0.0
lag1__peptide_log__M(UniMod_35)YLGYEYVTAIR,3.925873564304961e-05,0.0
lag1__peptide_log__WELALGR,3.925064420657371e-05,0.0
rollmean2__peptide_mean__P17936,3.921574341204385e-05,0.0
rollmean2__peptide_mean__P02656,3.921216809054739e-05,0.0
peptide_log__SSQGGSLPSEEK,3.9177691832884554e-05,0.0
lag1__protein_npx__Q9NQ79,3.915301816732204e-05,0.0
delta1__peptide_log__ILLQGTPVAQMTEDAVDAER,3.914265487860891e-05,0.0
slope1__protein_npx__P02671,3.896990758433614e-05,0.0
lag1__peptide_std__P07711,3.8943660190385544e-05,0.0
peptide_log__QWAGLVEK,3.893503094246601e-05,0.0
rollmean2__peptide_count__Q9UBX5,3.8930473562404204e-05,0.0
rollmean2__protein_npx__P04216,3.891605701865746e-05,0.0
rollmean2__peptide_count__P02787,3.885402750156813e-05,0.0
protein_feature_count,3.884382284449637e-05,0.0
rollmean2__peptide_mean__P10909,3.879679148008222e-05,0.0
slope1__peptide_log__VDSGNDVTDIADDGC(UniMod_4)PKPPEIAHGYVEHSVR,3.8792873151288445e-05,0.0
lag1__peptide_log__IMNGEADAMSLDGGFVYIAGK,3.8789687415824544e-05,0.0
delta1__protein_npx__P02766,3.878510709772131e-05,0.0
rollmean2__peptide_log__HYTNPSQDVTVPC(UniMod_4)PVPPPPPC(UniMod_4)C(UniMod_4)HPR,3.876523630000381e-05,0.0
slope1__peptide_abundance_max,3.875639374226819e-05,0.0
delta1__peptide_log__LPPTSAHGNVAEGETKPDPDVTER,3.8700651976070854e-05,0.0
delta1__peptide_log__YIVSGTPTFVPYLIK,3.864725354894767e-05,0.0
delta1__protein_npx__O15240,3.863008994286889e-05,0.0
protein_npx__O75144,3.860366374185978e-05,0.0
lag1__protein_npx__P01591,3.8602990619227145e-05,0.0
delta1__peptide_std__P00746,3.8591887200022667e-05,0.0
rollmean2__protein_npx__P01034,3.8532882293156533e-05,0.0
lag1__peptide_mean__Q9NQ79,3.853258996941762e-05,0.0
delta1__peptide_log__SEALAVDGAGKPGAEEAQDPEGK,3.8512900150054274e-05,0.0
lag1__protein_npx__P35542,3.8508487762844205e-05,0.0
slope1__peptide_std__O00584,3.849522144189272e-05,0.0
delta1__peptide_mean__P04180,3.846392459525436e-05,0.0
delta1__protein_npx__P06310,3.846208555185571e-05,0.0
delta1__protein_npx__P06454,3.845917517529072e-05,0.0
delta1__peptide_log__DSGFQM(UniMod_35)NQLR,3.840948731884131e-05,0.0
rollmean2__protein_npx__P02768,3.8387578406556216e-05,0.0
rollmean2__peptide_mean__Q9Y646,3.832611514797607e-05,0.0
lag1__peptide_std__P05090,3.831198322157987e-05,0.0
slope1__peptide_std__P02649,3.826488993895298e-05,0.0
delta1__peptide_mean__Q08380,3.824009676021852e-05,0.0
lag1__peptide_mean__P05090,3.8233748580360905e-05,0.0
rollmean2__peptide_mean__P01780,3.820385306602334e-05,0.0
peptide_mean__P14174,3.820373940061033e-05,0.0
delta1__protein_npx__Q13283,3.819086119258118e-05,0.0
peptide_mean__P61278,3.8172449196343546e-05,0.0
delta1__protein_npx__P00747,3.815883497287041e-05,0.0
protein_npx__P07195,3.815484788062662e-05,0.0
slope1__peptide_mean__P04211,3.811693065338403e-05,0.0
slope1__protein_npx__O43505,3.811452400052018e-05,0.0
slope1__protein_npx__P00450,3.809613840091469e-05,0.0
lag1__peptide_log__TDASDVKPC(UniMod_4),3.806563856792603e-05,0.0
slope1__protein_npx__Q14118,3.805304204217837e-05,0.0
lag1__peptide_std__P24592,3.7983787848447396e-05,0.0
peptide_mean__Q12805,3.796945423631346e-05,0.0
lag1__peptide_std__P43121,3.7936170846143463e-05,0.0
lag1__peptide_mean__P98160,3.793171543320602e-05,0.0
lag1__peptide_mean__Q13740,3.7890972918298244e-05,0.0
slope1__peptide_count__P02647,3.777843469562265e-05,0.0
lag1__peptide_std__P06727,3.77692723107147e-05,0.0
protein_npx__Q7Z5P9,3.774842484861533e-05,0.0
lag1__peptide_mean__Q9UHG2,3.7704883874677974e-05,0.0
slope1__peptide_mean__P18065,3.767226622549391e-05,0.0
delta1__peptide_mean__Q9Y6R7,3.7657707420908835e-05,0.0
rollmean2__peptide_abundance_mean,3.762327273933401e-05,0.0
delta1__peptide_log__VYC(UniMod_4)DMNTENGGWTVIQNR,3.760671447994226e-05,0.0
delta1__peptide_log__C(UniMod_4)KPVNTFVHEPLVDVQNVC(UniMod_4)FQEK,3.760568240127614e-05,0.0
rollmean2__peptide_count__P01023,3.753357509254522e-05,0.0
protein_npx__P23083,3.752831523165515e-05,0.0
lag1__peptide_mean__P04275,3.749472390250022e-05,0.0
rollmean2__peptide_mean__Q9NQ79,3.747198306025757e-05,0.0
delta1__peptide_mean__P00738,3.7442962167572516e-05,0.0
delta1__peptide_mean__P00751,3.7433339106415466e-05,0.0
slope1__peptide_mean__P00736,3.7408440539914645e-05,0.0
rollmean2__peptide_mean__P01019,3.73992466032574e-05,0.0
delta1__peptide_mean__P27169,3.7384440583034804e-05,0.0
lag1__peptide_count__O00533,3.732812412295277e-05,0.0
slope1__peptide_log__LPPTSAHGNVAEGETKPDPDVTER,3.732524938928328e-05,0.0
lag1__peptide_std__O15240,3.7297212578570997e-05,0.0
slope1__protein_npx__Q6UXB8,3.727688959751639e-05,0.0
delta1__peptide_mean__P55290,3.727550580636084e-05,0.0
lag1__peptide_mean__Q96KN2,3.726254735611558e-05,0.0
slope1__peptide_std__P05546,3.72581764567473e-05,0.0
rollmean2__peptide_mean__Q99683,3.725684354406103e-05,0.0
slope1__peptide_std__P02768,3.7213529001508394e-05,0.0
lag1__peptide_mean__P35542,3.7209264976036585e-05,0.0
slope1__protein_npx__P05156,3.7202884900334324e-05,0.0
slope1__peptide_mean__P16152,3.719490909645253e-05,0.0
lag1__peptide_count__P02765,3.718764989961722e-05,0.0
lag1__peptide_log__LRTEGDGVYTLNNEK,3.717167595241193e-05,0.0
lag1__peptide_log__RLEGQEEEEDNRDSSMK,3.715367901991498e-05,0.0
slope1__protein_npx__P08133,3.7045113295385946e-05,0.0
lag1__protein_npx__P02750,3.702896819628321e-05,0.0
lag1__peptide_log__DSGFQM(UniMod_35)NQLR,3.698923224899939e-05,0.0
slope1__peptide_mean__P36955,3.6931390472055876e-05,0.0
delta1__peptide_log__C(UniMod_4)IIEVLSNALSK,3.691493784448766e-05,0.0
lag1__protein_npx__P07998,3.689812345153016e-05,0.0
peptide_mean__P02792,3.689268532339841e-05,0.0
delta1__protein_npx__P01857,3.6873344191259306e-05,0.0
lag1__protein_npx__Q12841,3.683132422129947e-05,0.0
rollmean2__protein_npx__P02787,3.6798976102502424e-05,0.0
rollmean2__peptide_mean__Q8NBJ4,3.6786442770802156e-05,0.0
delta1__protein_npx__P01034,3.6786071560564254e-05,0.0
delta1__protein_npx__Q9UKV8,3.674665822965454e-05,0.0
lag1__peptide_log__VDNALQSGNSQESVTEQDSKDSTYSLSSTLTLSK,3.6743129213213693e-05,0.0
rollmean2__peptide_log__HYEGSTVPEK,3.670997530173465e-05,0.0
lag1__peptide_mean__Q99969,3.664221255854444e-05,0.0
lag1__peptide_std__Q14624,3.663932093980403e-05,0.0
slope1__peptide_mean__P06727,3.6435625563686585e-05,0.0
delta1__peptide_log__AEAQEAEDQQAR,3.641558174960567e-05,0.0
delta1__protein_npx__P07195,3.635476375609938e-05,0.0
lag1__peptide_mean__O14791,3.634093854966198e-05,0.0
peptide_mean__Q99674,3.633157634452986e-05,0.0
lag1__protein_npx__Q99435,3.633108663652608e-05,0.0
slope1__peptide_count__Q92520,3.6314715444456274e-05,0.0
slope1__peptide_std__P10643,3.630656694799662e-05,0.0
lag1__peptide_log__TKEEYGHSEVVEYYC(UniMod_4)NPR,3.628911682873544e-05,0.0
delta1__peptide_std__P16870,3.625829093443185e-05,0.0
rollmean2__protein_npx__P06396,3.619006108557018e-05,0.0
missing__peptide_mean__Q6UXD5,3.6189787060057145e-05,0.0
slope1__peptide_std__P01042,3.616934989171609e-05,0.0
slope1__peptide_std__P02679,3.613888175269655e-05,0.0
delta1__peptide_log__WELALGR,3.611608663137815e-05,0.0
delta1__peptide_mean__P05408,3.605789863782329e-05,0.0
delta1__protein_npx__P20774,3.603333957469652e-05,0.0
delta1__protein_npx__Q13332,3.59996011771209e-05,0.0
delta1__peptide_log__TSPVDEKALQDQLVLVAAK,3.598819953634464e-05,0.0
slope1__protein_npx__P61278,3.593640853613363e-05,0.0
slope1__peptide_mean__O00584,3.592318206532654e-05,0.0
delta1__peptide_std__P02671,3.586634737345176e-05,0.0
delta1__protein_npx__P13987,3.5826175197267845e-05,0.0
lag1__peptide_mean__P02753,3.5757884907295e-05,0.0
rollmean2__protein_npx__P61769,3.572051774899554e-05,0.0
lag1__peptide_mean__P01008,3.5696657215196014e-05,0.0
slope1__peptide_mean__P00734,3.569545814331044e-05,0.0
slope1__protein_npx__O14791,3.5667864463167786e-05,0.0
delta1__protein_npx__O75144,3.563979480225731e-05,0.0
lag1__protein_npx__P06681,3.563751793053694e-05,0.0
rollmean2__peptide_log__AYKSELEEQLTPVAEETR,3.563549643758864e-05,0.0
delta1__protein_npx__Q14118,3.563186745928689e-05,0.0
rollmean2__peptide_log__WELALGR,3.56211063958653e-05,0.0
lag1__protein_npx__P55290,3.561048524330003e-05,0.0
delta1__peptide_std__P61769,3.560529038280073e-05,0.0
delta1__protein_npx__Q99832,3.5592508636015326e-05,0.0
peptide_mean__Q13449,3.550471116760894e-05,0.0
lag1__peptide_mean__Q7Z3B1,3.5496520273107555e-05,0.0
delta1__protein_npx__P05546,3.5475553529184716e-05,0.0
lag1__peptide_count__P13611,3.545398007787979e-05,0.0
peptide_mean__Q14508,3.545290488165502e-05,0.0
rollmean2__peptide_count__P25311,3.5449974863362316e-05,0.0
delta1__protein_npx__Q6UXB8,3.543511103714971e-05,0.0
delta1__peptide_log__M(UniMod_35)YLGYEYVTAIR,3.542973494003192e-05,0.0
slope1__peptide_missing_fraction,3.542786059465735e-05,0.0
lag1__protein_npx__P23142,3.537116003605848e-05,0.0
delta1__protein_npx__P02749,3.5305554967103985e-05,0.0
slope1__peptide_std__P02763,3.52951653571301e-05,0.0
rollmean2__peptide_mean__P01717,3.523940139534885e-05,0.0
lag1__protein_npx__P06396,3.521739522748661e-05,0.0
peptide_mean__P31997,3.51101500503763e-05,0.0
rollmean2__peptide_count__P00734,3.510768921281807e-05,0.0
delta1__protein_npx__P19652,3.506949638047143e-05,0.0
slope1__peptide_mean__P08294,3.5063812914548636e-05,0.0
slope1__peptide_std__P36222,3.503031752019241e-05,0.0
delta1__peptide_std__O15394,3.500352908223293e-05,0.0
delta1__peptide_mean__P00747,3.498486832682371e-05,0.0
slope1__protein_npx__P13611,3.493051282693344e-05,0.0
lag1__protein_npx__Q12907,3.490123939713652e-05,0.0
slope1__peptide_mean__P41222,3.4832193453635545e-05,0.0
slope1__peptide_mean__O15240,3.4826759499409695e-05,0.0
delta1__peptide_std__Q12907,3.480059447642867e-05,0.0
delta1__peptide_std__P51884,3.471463386296852e-05,0.0
delta1__protein_npx__P02649,3.470691298337838e-05,0.0
slope1__peptide_std__P02766,3.468735726496036e-05,0.0
delta1__peptide_mean__P01608,3.467218528239062e-05,0.0
lag1__peptide_mean__Q92520,3.4644101220836064e-05,0.0
delta1__peptide_mean__P24592,3.462776031872747e-05,0.0
lag1__peptide_mean__P10645,3.461199564300884e-05,0.0
slope1__peptide_std__P02790,3.4597037072724056e-05,0.0
rollmean2__peptide_log__TLLSNLEEAKK,3.452893120212679e-05,0.0
peptide_count__P43121,3.449297191033668e-05,0.0
lag1__protein_npx__O00391,3.4441099125531084e-05,0.0
slope1__protein_npx__P02790,3.4438507421873357e-05,0.0
lag1__peptide_count__P01024,3.443798108466514e-05,0.0
peptide_log__SGEATDGARPQALPEPMQESK,3.441364352310968e-05,0.0
delta1__protein_npx__P05452,3.4408574007892534e-05,0.0
delta1__peptide_log__ADDKETC(UniMod_4)FAEEGK,3.4396729090514356e-05,0.0
slope1__peptide_std__Q9Y6R7,3.4396360534513215e-05,0.0
delta1__protein_npx__P36955,3.439566667783424e-05,0.0
slope1__peptide_log__MASGAANVVGPK,3.43839124187417e-05,0.0
delta1__peptide_std__P36955,3.4323415244935655e-05,0.0
lag1__peptide_abundance_max,3.4322667944364614e-05,0.0
protein_npx__P10909,3.4290127552351506e-05,0.0
slope1__peptide_log__HYEGSTVPEK,3.4279072248635455e-05,0.0
slope1__peptide_log__DSGEGDFLAEGGGVR,3.4219632140586e-05,0.0
rollmean2__peptide_mean__O75144,3.42155967183477e-05,0.0
delta1__peptide_mean__P02760,3.4206619814747586e-05,0.0
lag1__peptide_mean__P00441,3.4183121564478916e-05,0.0
delta1__peptide_mean__P02765,3.416683489357509e-05,0.0
delta1__peptide_abundance_max,3.402041858538988e-05,0.0
rollmean2__peptide_mean__O75326,3.400617257610474e-05,0.0
delta1__peptide_mean__P08697,3.399831542017333e-05,0.0
delta1__peptide_mean__O43505,3.390746307408217e-05,0.0
lag1__peptide_log__NFPPSQDASGDLYTTSSQLTLPATQC(UniMod_4)PDGK,3.3868302912215576e-05,0.0
delta1__peptide_mean__P02671,3.3835681319980655e-05,0.0
lag1__peptide_mean__P02760,3.3821628920854706e-05,0.0
delta1__peptide_std__P04075,3.3792494583113347e-05,0.0
peptide_count__P00748,3.378335327109755e-05,0.0
lag1__peptide_log__TLLSNLEEAKK,3.3769652305351954e-05,0.0
slope1__peptide_std__P01876,3.375567373002275e-05,0.0
slope1__protein_npx__P02747,3.373136855177504e-05,0.0
lag1__peptide_std__P55290,3.3722627580818314e-05,0.0
rollmean2__peptide_log__VTSIQDWVQK,3.3715913293252506e-05,0.0
rollmean2__protein_npx__P35542,3.370778969758622e-05,0.0
slope1__peptide_mean__Q14624,3.3690630851466095e-05,0.0
slope1__peptide_mean__Q9UKV8,3.367108600467889e-05,0.0
slope1__peptide_std__P23142,3.363129237607281e-05,0.0
rollmean2__peptide_count__P01024,3.359997189254414e-05,0.0
lag1__peptide_mean__P36222,3.351495939880551e-05,0.0
rollmean2__protein_npx__P01031,3.350797346384172e-05,0.0
slope1__peptide_mean__P01042,3.3401402752132223e-05,0.0
slope1__peptide_log__TTPPVLDSDGSFFLYSK,3.338262149439003e-05,0.0
delta1__peptide_mean__P07602,3.335292393092445e-05,0.0
slope1__protein_npx__P06727,3.3332407272807715e-05,0.0
rollmean2__peptide_count__P02749,3.330279540785006e-05,0.0
rollmean2__peptide_count__P08603,3.32080888468153e-05,0.0
peptide_count__P06396,3.3182029501033556e-05,0.0
rollmean2__peptide_mean__O60888,3.317641231766192e-05,0.0
slope1__peptide_log__EILSVDC(UniMod_4)STNNPSQAK,3.307733841052499e-05,0.0
slope1__peptide_mean__O00533,3.307580617584618e-05,0.0
slope1__peptide_mean__P01008,3.3071381721630815e-05,0.0
lag1__protein_npx__P41222,3.306136132170639e-05,0.0
slope1__peptide_std__P16035,3.30108061344868e-05,0.0
rollmean2__protein_npx__P00441,3.3007495970488174e-05,0.0
delta1__peptide_mean__P06454,3.29948846754205e-05,0.0
delta1__protein_npx__Q14624,3.292635488982267e-05,0.0
delta1__peptide_std__P02679,3.292136782545476e-05,0.0
rollmean2__peptide_mean__P01833,3.288814802103903e-05,0.0
missing__peptide_log__LSNENHGIAQR,3.286571051301265e-05,0.0
delta1__peptide_std__O94919,3.285643367309582e-05,0.0
lag1__peptide_std__Q96KN2,3.2812715469845015e-05,0.0
lag1__peptide_std__P14618,3.27448264078855e-05,0.0
peptide_mean__P17936,3.268908937897794e-05,0.0
slope1__protein_npx__P07339,3.263621194604075e-05,0.0
protein_npx__Q9BY67,3.2533479466835804e-05,0.0
protein_npx__Q92520,3.253164857950222e-05,0.0
rollmean2__peptide_mean__P13987,3.251091646653272e-05,0.0
lag1__peptide_mean__P09871,3.2499631772065505e-05,0.0
delta1__peptide_std__P01860,3.248887187191666e-05,0.0
slope1__peptide_log__GC(UniMod_4)PTEEGC(UniMod_4)GER,3.2390240096113896e-05,0.0
slope1__peptide_mean__Q9BY67,3.2369228629983775e-05,0.0
lag1__peptide_mean__Q99832,3.2357726857482374e-05,0.0
slope1__peptide_mean__O43505,3.234907898157742e-05,0.0
lag1__peptide_std__Q92876,3.232577143497403e-05,0.0
delta1__protein_npx__P25311,3.2296763946186256e-05,0.0
rollmean2__peptide_observation_count,3.229252433009071e-05,0.0
rollmean2__peptide_count__P41222,3.223275658990488e-05,0.0
delta1__protein_npx__P01860,3.216205102415589e-05,0.0
missing__peptide_mean__P01833,3.21389873142044e-05,0.0
lag1__peptide_std__P01009,3.210776787456262e-05,0.0
slope1__peptide_mean__O14773,3.210616622180595e-05,0.0
lag1__peptide_std__Q9UBX5,3.210149779620242e-05,0.0
slope1__peptide_mean__P01594,3.203798745650052e-05,0.0
delta1__peptide_std__P08697,3.202858976947914e-05,0.0
slope1__peptide_mean__P02766,3.202689982825823e-05,0.0
delta1__peptide_std__Q9UBX5,3.197227095720807e-05,0.0
lag1__peptide_log__TSAHGNVAEGETKPDPDVTER,3.195506653774526e-05,0.0
delta1__protein_npx__P05060,3.1941721438581026e-05,0.0
slope1__peptide_std__P00746,3.193349806962786e-05,0.0
rollmean2__protein_npx__Q99969,3.193215347001351e-05,0.0
slope1__peptide_mean__P05060,3.1909763399964244e-05,0.0
slope1__peptide_log__YIVSGTPTFVPYLIK,3.185195828878258e-05,0.0
slope1__peptide_mean__P36980,3.1846429319343733e-05,0.0
slope1__protein_npx__P02748,3.1843756817761726e-05,0.0
slope1__peptide_std__P07339,3.183579960584353e-05,0.0
lag1__peptide_std__P00738,3.181149965945792e-05,0.0
slope1__peptide_log__ADDKETC(UniMod_4)FAEEGK,3.178670164237719e-05,0.0
delta1__peptide_mean__Q92520,3.1764932932412234e-05,0.0
delta1__protein_npx__Q13449,3.1755361497963844e-05,0.0
delta1__peptide_std__P01009,3.1752032556448596e-05,0.0
delta1__peptide_std__Q12805,3.171041736860127e-05,0.0
rollmean2__peptide_log__SELEEQLTPVAEETR,3.170506780754605e-05,0.0
protein_npx__O00533,3.16997822481391e-05,0.0
lag1__peptide_mean__P07195,3.166054951302248e-05,0.0
lag1__peptide_log__MASGAANVVGPK,3.164195159675983e-05,0.0
delta1__protein_npx__P02790,3.1548013595133534e-05,0.0
lag1__protein_npx__Q8NE71,3.1532627213557176e-05,0.0
delta1__peptide_mean__Q96KN2,3.15033116756055e-05,0.0
peptide_mean__O43505,3.147159367375572e-05,0.0
delta1__peptide_std__P02760,3.1442452715922294e-05,0.0
delta1__peptide_std__P23142,3.1394061123983084e-05,0.0
slope1__peptide_mean__O14498,3.135686991468736e-05,0.0
lag1__peptide_log__QWAGLVEK,3.1344021094938164e-05,0.0
slope1__peptide_mean__Q12805,3.1306274600230536e-05,0.0
slope1__peptide_mean__P13611,3.129009357212275e-05,0.0
protein_npx__Q13332,3.127848889510221e-05,0.0
rollmean2__protein_npx__Q9UHG2,3.126812004228346e-05,0.0
peptide_mean__P02655,3.126172130945326e-05,0.0
lag1__peptide_mean__P02647,3.12425425443242e-05,0.0
slope1__peptide_mean__P02768,3.1236016433235574e-05,0.0
slope1__protein_npx__P00734,3.119662050224402e-05,0.0
slope1__protein_npx__P49588,3.119573776627295e-05,0.0
lag1__protein_npx__P02765,3.117784689758937e-05,0.0
protein_npx__P01861,3.108855978576613e-05,0.0
peptide_mean__P39060,3.108229823185146e-05,0.0
lag1__protein_npx__P01861,3.1070522839578285e-05,0.0
slope1__protein_npx__P10643,3.106794892143286e-05,0.0
delta1__protein_npx__P01594,3.1067596146580315e-05,0.0
lag1__peptide_feature_count,3.10601600128386e-05,0.0
peptide_mean__O00533,3.105631558734314e-05,0.0
slope1__peptide_log__SLAELGGHLDQQVEEFRR,3.102593053794857e-05,0.0
peptide_mean__P09486,3.1017947820447594e-05,0.0
delta1__protein_npx__P01009,3.0989373804156544e-05,0.0
peptide_mean__Q92520,3.098889866346525e-05,0.0
delta1__protein_npx__P02652,3.098762176931218e-05,0.0
delta1__protein_npx__Q6UXD5,3.0962869537302106e-05,0.0
slope1__peptide_std__P39060,3.095627848175616e-05,0.0
slope1__current_updrs_2,3.094409900836536e-05,0.0
lag1__protein_npx__P32754,3.094143101369953e-05,0.0
delta1__peptide_mean__P00450,3.0939443198934214e-05,0.0
rollmean2__protein_npx__P11142,3.087160035448304e-05,0.0
lag1__peptide_log__GSPAINVAVHVFRK,3.0775188924767495e-05,0.0
delta1__peptide_mean__P10645,3.0750870719527325e-05,0.0
missing__protein_npx__Q13740,3.072438047589669e-05,0.0
slope1__peptide_std__P08493,3.068866103747433e-05,0.0
peptide_log__VTSIQDWVQK,3.06884072502805e-05,0.0
missing__peptide_log__LGQSLDC(UniMod_4)NAEVYVVPWEK,3.0658229467569393e-05,0.0
rollmean2__peptide_count__P01009,3.06396870736491e-05,0.0
slope1__protein_npx__Q99683,3.063010950120257e-05,0.0
delta1__peptide_mean__Q8NE71,3.0621778139872053e-05,0.0
slope1__peptide_log__KAADDTWEPFASGK,3.061319824346024e-05,0.0
lag1__peptide_log__TSPVDEKALQDQLVLVAAK,3.060702371061658e-05,0.0
lag1__peptide_std__Q08380,3.0598694558732096e-05,0.0
slope1__protein_npx__P05067,3.053268628239408e-05,0.0
delta1__peptide_log__HYTNPSQDVTVPC(UniMod_4)PVPPPPPC(UniMod_4)C(UniMod_4)HPR,3.0522627469912356e-05,0.0
lag1__peptide_mean__P04180,3.0425691509272933e-05,0.0
slope1__protein_npx__P01008,3.0405158046145596e-05,0.0
slope1__protein_npx__P12109,3.038977794370926e-05,0.0
rollmean2__peptide_log__VGYVSGWGR,3.0307028340177982e-05,0.0
lag1__peptide_std__P05546,3.028809665368345e-05,0.0
protein_npx__P61769,3.02767266026562e-05,0.0
lag1__peptide_log__LVGGPM(UniMod_35)DASVEEEGVRR,3.027100513548776e-05,0.0
slope1__peptide_log__SC(UniMod_4)DTPPPC(UniMod_4)PR,3.0262315222399848e-05,0.0
delta1__peptide_log__IHWESASLLR,3.0246727003392943e-05,0.0
peptide_mean__P08253,3.0241199516129137e-05,0.0
delta1__protein_npx__P01833,3.022691690570006e-05,0.0
peptide_mean__P00441,3.0185180111057155e-05,0.0
protein_npx__P39060,3.0167410571869215e-05,0.0
lag1__protein_npx__P16870,3.0089820664188965e-05,0.0
delta1__peptide_mean__P04216,2.9997762502276147e-05,0.0
delta1__peptide_mean__O15240,2.9995871622593915e-05,0.0
peptide_mean__Q9UHG2,2.998839560509997e-05,0.0
delta1__peptide_log__LRTEGDGVYTLNNEKQWINK,2.9966839522528133e-05,0.0
slope1__peptide_mean__P04004,2.994509787729875e-05,0.0
delta1__protein_npx__P49908,2.993290188274781e-05,0.0
slope1__peptide_mean__Q99829,2.9888357995374267e-05,0.0
lag1__peptide_count__P23142,2.9882254735049667e-05,0.0
delta1__peptide_std__P07998,2.9870693067013407e-05,0.0
slope1__peptide_log__SGEATDGARPQALPEPMQESK,2.981676587041515e-05,0.0
delta1__protein_npx__P54289,2.980457229391976e-05,0.0
slope1__protein_npx__P11277,2.9784209295321977e-05,0.0
lag1__protein_npx__Q13283,2.9770179723493193e-05,0.0
slope1__protein_npx__P02766,2.9736984574967133e-05,0.0
delta1__peptide_log__FNKPFVFLM(UniMod_35)IEQNTK,2.9619933528173968e-05,0.0
slope1__protein_npx__P01621,2.9599212646391156e-05,0.0
slope1__peptide_std__P01011,2.9594691705481092e-05,0.0
lag1__protein_npx__P00734,2.9556272285470544e-05,0.0
slope1__peptide_log__LEGQEEEEDNRDSSMK,2.954296966672728e-05,0.0
delta1__peptide_mean__P16070,2.953010883028837e-05,0.0
slope1__peptide_mean__P13473,2.9501749082973087e-05,0.0
lag1__peptide_std__P01034,2.949010283827393e-05,0.0
lag1__peptide_mean__Q13451,2.9437880481881543e-05,0.0
lag1__peptide_log__C(UniMod_4)REILSVDC(UniMod_4)STNNPSQAK,2.9423705626307533e-05,0.0
protein_npx__Q9UHG2,2.9350679287062596e-05,0.0
slope1__peptide_std__P07998,2.93470931424701e-05,0.0
missing__peptide_log__GC(UniMod_4)PTEEGC(UniMod_4)GER,2.932423242618882e-05,0.0
rollmean2__peptide_mean__Q96BZ4,2.9294598368955995e-05,0.0
slope1__protein_npx__P13987,2.9233451705419203e-05,0.0
lag1__peptide_mean__P01591,2.9208535176901665e-05,0.0
delta1__peptide_log__VC(UniMod_4)PFAGILENGAVR,2.9163107586659144e-05,0.0
delta1__peptide_std__P02763,2.915157625900757e-05,0.0
delta1__peptide_mean__P01034,2.9106465244199464e-05,0.0
slope1__protein_npx__Q12805,2.9099225040866737e-05,0.0
lag1__peptide_mean__P02766,2.908774284202434e-05,0.0
peptide_count__P06727,2.907282185795352e-05,0.0
protein_npx__P60174,2.897967305231157e-05,0.0
lag1__peptide_mean__Q9Y6R7,2.897014508624927e-05,0.0
slope1__peptide_std__P05156,2.8940429462626086e-05,0.0
peptide_mean__Q06481,2.893971437302673e-05,0.0
peptide_count__P14618,2.8876435185572622e-05,0.0
delta1__current_updrs_2,2.8855719522243667e-05,0.0
slope1__peptide_std__P02747,2.883802995903782e-05,0.0
rollmean2__peptide_count__P43652,2.8740281852542823e-05,0.0
delta1__protein_npx__Q99969,2.8731636981522792e-05,0.0
rollmean2__protein_npx__P10451,2.8727520437205214e-05,0.0
slope1__peptide_log__NPDPWAK,2.8702938465044497e-05,0.0
slope1__protein_npx__P02751,2.867649864775826e-05,0.0
rollmean2__peptide_missing_fraction,2.8588691818443154e-05,0.0
protein_npx__P04216,2.8557669887815918e-05,0.0
delta1__peptide_mean__P01019,2.8549144047622955e-05,0.0
lag1__peptide_mean__Q14508,2.8547736263132543e-05,0.0
slope1__peptide_mean__P05155,2.8477756736001622e-05,0.0
lag1__peptide_std__O75144,2.8466738971753792e-05,0.0
peptide_count__Q92520,2.8438607246943543e-05,0.0
peptide_mean__P09104,2.8370254140818197e-05,0.0
lag1__peptide_count__P00747,2.834905076830213e-05,0.0
rollmean2__peptide_count__P01834,2.8310991989425456e-05,0.0
peptide_mean__O14498,2.8307885279789293e-05,0.0
peptide_mean__P19021,2.828997607896036e-05,0.0
lag1__protein_npx__P04196,2.8285153548906016e-05,0.0
peptide_std__P27169,2.828371579897454e-05,0.0
peptide_log__VMPIC(UniMod_4)LPSKDYAEVGR,2.8281068356086656e-05,0.0
delta1__peptide_log__FM(UniMod_35)ETVAEK,2.825165807970765e-05,0.0
lag1__peptide_std__Q6UXB8,2.823280514434433e-05,0.0
rollmean2__peptide_count__P36955,2.820489086406006e-05,0.0
peptide_mean__P00738,2.82034143779141e-05,0.0
lag1__peptide_std__P00736,2.818023571508592e-05,0.0
slope1__protein_npx__P04217,2.8151885060193373e-05,0.0
delta1__protein_npx__P43251,2.8133076021525832e-05,0.0
rollmean2__peptide_feature_count,2.811475696468547e-05,0.0
rollmean2__peptide_count__P02671,2.8109772018393154e-05,0.0
lag1__protein_npx__P49588,2.8008427615716708e-05,0.0
protein_npx__Q92823,2.79960750716903e-05,0.0
lag1__protein_npx__P01621,2.7943978292908925e-05,0.0
slope1__peptide_log__RGYQLSDVDGVTC(UniMod_4)EDIDEC(UniMod_4)ALPTGGHIC(UniMod_4)SYR,2.7933759495776005e-05,0.0
slope1__protein_npx__P32754,2.7932931780213916e-05,0.0
slope1__peptide_log__ALGISPFHEHAEVVFTANDSGPR,2.790104369405885e-05,0.0
delta1__peptide_log__HYEGSTVPEK,2.7853447318838375e-05,0.0
protein_npx__P30086,2.7807509280189377e-05,0.0
slope1__peptide_std__P04217,2.7798130006172186e-05,0.0
lag1__peptide_std__P02774,2.7790879870697063e-05,0.0
slope1__protein_npx__P25311,2.777576170538337e-05,0.0
delta1__peptide_mean__P08123,2.7742398692149847e-05,0.0
delta1__protein_npx__P01024,2.7736783489646344e-05,0.0
delta1__peptide_std__P13591,2.7693202694377983e-05,0.0
delta1__peptide_mean__P07225,2.7689973517467312e-05,0.0
slope1__protein_npx__Q9Y6R7,2.7665449630498517e-05,0.0
delta1__protein_npx__P04216,2.7664286536638758e-05,0.0
lag1__peptide_mean__P01717,2.7649127004665877e-05,0.0
lag1__peptide_mean__P24592,2.7627406276198337e-05,0.0
delta1__protein_npx__P02679,2.7612930813576908e-05,0.0
delta1__protein_npx__P98160,2.7590500704165238e-05,0.0
rollmean2__peptide_log__SEALAVDGAGKPGAEEAQDPEGK,2.7561814628460936e-05,0.0
lag1__protein_npx__P04207,2.754926615253455e-05,0.0
slope1__peptide_std__P04196,2.7545068217801255e-05,0.0
lag1__protein_npx__P00751,2.7502282822943384e-05,0.0
delta1__protein_npx__P35542,2.748156915700098e-05,0.0
delta1__peptide_std__P10909,2.7472616984959702e-05,0.0
delta1__peptide_log__DASGVTFTWTPSSGK,2.744024026675223e-05,0.0
delta1__peptide_mean__P61916,2.7434053146312365e-05,0.0
slope1__peptide_std__O00533,2.741014506850069e-05,0.0
slope1__peptide_std__P09486,2.7403436483882568e-05,0.0
delta1__peptide_mean__P13611,2.73594270819127e-05,0.0
peptide_mean__P06454,2.7327577740326494e-05,0.0
delta1__peptide_log__QIGSVYR,2.73260371886833e-05,0.0
lag1__peptide_mean__P18065,2.724832079122581e-05,0.0
slope1__peptide_mean__Q14118,2.7225102472411054e-05,0.0
slope1__peptide_mean__P19823,2.712918977180801e-05,0.0
slope1__peptide_mean__P08493,2.710725757181182e-05,0.0
slope1__peptide_std__P01019,2.7087828565676586e-05,0.0
slope1__peptide_mean__P01861,2.7075868864342643e-05,0.0
slope1__peptide_log__ILLQGTPVAQMTEDAVDAER,2.7038771900151522e-05,0.0
slope1__protein_npx__P17936,2.699752566031117e-05,0.0
lag1__peptide_log__AYKSELEEQLTPVAEETR,2.6975015203831526e-05,0.0
rollmean2__peptide_log__AEAQEAEDQQAR,2.6970366740538323e-05,0.0
lag1__protein_npx__P14314,2.691464201587114e-05,0.0
lag1__protein_npx__P01033,2.6889926746732912e-05,0.0
lag1__peptide_log__LGQSLDC(UniMod_4)NAEVYVVPWEK,2.6888021392922048e-05,0.0
delta1__protein_npx__P07858,2.687993203837836e-05,0.0
rollmean2__peptide_count__P01857,2.6834707148271327e-05,0.0
slope1__protein_npx__P61626,2.6825073418029717e-05,0.0
delta1__peptide_std__P04217,2.6766661422125326e-05,0.0
peptide_mean__P23083,2.675536296723765e-05,0.0
slope1__peptide_std__P19652,2.672187982330582e-05,0.0
lag1__peptide_log__NFPPSQDASGDLYTTSSQLTLPATQC(UniMod_4)LAGK,2.6658108370972794e-05,0.0
slope1__protein_npx__Q9UNU6,2.659514803317902e-05,0.0
rollmean2__protein_npx__O14498,2.657297453834798e-05,0.0
slope1__peptide_log__VMPIC(UniMod_4)LPSKDYAEVGR,2.656883287607317e-05,0.0
slope1__peptide_log__GEVQAMLGQSTEELRVR,2.656096388141037e-05,0.0
lag1__protein_npx__P51884,2.656000437421309e-05,0.0
lag1__peptide_mean__Q9HDC9,2.6513468135261135e-05,0.0
lag1__peptide_mean__P06310,2.6460123431926935e-05,0.0
slope1__peptide_log__NFPPSQDASGDLYTTSSQLTLPATQC(UniMod_4)LAGK,2.6453587053329995e-05,0.0
slope1__peptide_mean__P61769,2.6413089347940467e-05,0.0
delta1__protein_npx__P61626,2.6359424294408662e-05,0.0
rollmean2__peptide_count__P16870,2.6351859884275894e-05,0.0
slope1__protein_npx__P02760,2.6302964363755277e-05,0.0
delta1__peptide_std__P09486,2.6300226847928868e-05,0.0
protein_npx__P13521,2.6260512684802116e-05,0.0
delta1__protein_npx__Q9NYU2,2.6246900308445165e-05,0.0
slope1__protein_npx__Q9BY67,2.6192276537342415e-05,0.0
slope1__protein_npx__P08571,2.619131977995868e-05,0.0
peptide_count__P05060,2.6172437560464166e-05,0.0
slope1__peptide_std__P55290,2.6140249632080764e-05,0.0
slope1__protein_npx__Q92876,2.613842450387267e-05,0.0
slope1__peptide_log__YVMLPVADQDQC(UniMod_4)IR,2.612522994379485e-05,0.0
slope1__peptide_std__P02750,2.6115736275746057e-05,0.0
slope1__protein_npx__P51884,2.6059758253342045e-05,0.0
lag1__peptide_mean__P01031,2.598986417486844e-05,0.0
slope1__peptide_std__P00734,2.598908976307178e-05,0.0
peptide_mean__P01717,2.598197619344934e-05,0.0
delta1__peptide_mean__P01860,2.5919083919776615e-05,0.0
rollmean2__peptide_count__P04004,2.591384197596224e-05,0.0
lag1__peptide_abundance_min,2.5902727779340353e-05,0.0
lag1__peptide_mean__P31997,2.589317313115917e-05,0.0
slope1__protein_npx__P02655,2.5887391096466374e-05,0.0
delta1__protein_feature_count,2.587851541053465e-05,0.0
missing__peptide_log__HGGLYHENMR,2.5867983646499487e-05,0.0
lag1__peptide_mean__Q14515,2.5811507097011643e-05,0.0
lag1__peptide_log__YVMLPVADQDQC(UniMod_4)IR,2.5786495964026796e-05,0.0
delta1__peptide_log__EDSLEAGLPLQVR,2.577018463955706e-05,0.0
lag1__peptide_log__GC(UniMod_4)PTEEGC(UniMod_4)GER,2.5738349759861376e-05,0.0
lag1__peptide_log__RTPITVVK,2.5738130925972653e-05,0.0
protein_npx__Q562R1,2.5724419275224544e-05,0.0
lag1__protein_npx__P04211,2.5708610426093335e-05,0.0
delta1__peptide_std__P05155,2.5677709736410964e-05,0.0
rollmean2__protein_npx__P04156,2.565517932485904e-05,0.0
lag1__protein_npx__P02655,2.5627895349422272e-05,0.0
slope1__peptide_count__P18065,2.5617510097374952e-05,0.0
rollmean2__protein_npx__P60174,2.56129544585042e-05,0.0
slope1__protein_npx__Q96BZ4,2.5593896050667127e-05,0.0
delta1__protein_npx__O15394,2.547225476840462e-05,0.0
slope1__protein_npx__Q92520,2.547215380062835e-05,0.0
lag1__protein_npx__P02790,2.5440291199001243e-05,0.0
slope1__peptide_mean__P14314,2.543547062478769e-05,0.0
lag1__peptide_mean__O00584,2.5431299561156152e-05,0.0
slope1__peptide_std__P43121,2.5419401224727157e-05,0.0
slope1__peptide_count__P08697,2.540931984442605e-05,0.0
rollmean2__peptide_mean__P14618,2.535228343034801e-05,0.0
slope1__peptide_mean__P07602,2.532785344751524e-05,0.0
delta1__protein_npx__P01591,2.531903772372861e-05,0.0
rollmean2__peptide_mean__Q99674,2.5312094397777963e-05,0.0
slope1__peptide_std__Q14515,2.5306881436133346e-05,0.0
delta1__protein_npx__P10645,2.5174162674518966e-05,0.0
slope1__protein_npx__P08294,2.5131005852759067e-05,0.0
slope1__peptide_mean__P01860,2.512130321856606e-05,0.0
lag1__peptide_mean__P04406,2.509586155558771e-05,0.0
lag1__peptide_log__AKLEEQAQQIR,2.507328412531549e-05,0.0
rollmean2__peptide_std__O94919,2.5071165841482163e-05,0.0
lag1__peptide_mean__P13671,2.502089866874721e-05,0.0
lag1__peptide_count__P01009,2.5008413240825716e-05,0.0
delta1__peptide_std__P24592,2.4993663670309938e-05,0.0
protein_npx__P40925,2.494485270000482e-05,0.0
delta1__peptide_mean__Q06481,2.4925523483965376e-05,0.0
delta1__peptide_std__P01857,2.4907478465910372e-05,0.0
lag1__protein_npx__P43251,2.4904179066705664e-05,0.0
rollmean2__protein_npx__Q96KN2,2.488317466284315e-05,0.0
lag1__peptide_mean__P54289,2.4824154908546e-05,0.0
peptide_count__P20774,2.4815941600906758e-05,0.0
lag1__peptide_mean__P60174,2.477893223222276e-05,0.0
delta1__protein_npx__P02656,2.4776886118642423e-05,0.0
lag1__peptide_log__HYTNPSQDVTVPC(UniMod_4)PVPPPPPC(UniMod_4)C(UniMod_4)HPR,2.4776678262074128e-05,0.0
slope1__peptide_log__TM(UniMod_35)LLQPAGSLGSYSYR,2.4776304101349525e-05,0.0
delta1__protein_npx__P02751,2.476559960786566e-05,0.0
delta1__protein_npx__Q16610,2.473584736398938e-05,0.0
delta1__peptide_mean__P49588,2.4694323846144147e-05,0.0
lag1__peptide_std__P27169,2.4678678877002722e-05,0.0
delta1__peptide_log__LAVYQAGAR,2.4660844510962488e-05,0.0
lag1__peptide_log__VQPYLDDFQKK,2.4653585984188076e-05,0.0
missing__peptide_std__P13611,2.464724548742701e-05,0.0
peptide_count__P13591,2.4637782861175013e-05,0.0
slope1__peptide_log__LGQSLDC(UniMod_4)NAEVYVVPWEK,2.460492613030759e-05,0.0
rollmean2__peptide_mean__P61278,2.4546917611738166e-05,0.0
peptide_count__P02760,2.4512686912071672e-05,0.0
delta1__protein_npx__P08253,2.4492089437720534e-05,0.0
delta1__peptide_mean__P06727,2.4488459734253613e-05,0.0
delta1__peptide_log__LGQSLDC(UniMod_4)NAEVYVVPWEK,2.4484630763960982e-05,0.0
missing__peptide_count__Q99674,2.4323781898685112e-05,0.0
lag1__protein_npx__P25311,2.430461949631022e-05,0.0
protein_npx__P16035,2.428840587790111e-05,0.0
delta1__peptide_std__P05090,2.426616440868901e-05,0.0
peptide_count__P00747,2.425462929980453e-05,0.0
lag1__peptide_log__C(UniMod_4)RDQLPYIC(UniMod_4)QFGIV,2.424701660066089e-05,0.0
delta1__peptide_std__P36222,2.4225459797847446e-05,0.0
delta1__peptide_mean__P06681,2.4198353520151034e-05,0.0
lag1__peptide_mean__P23142,2.4195771936049033e-05,0.0
rollmean2__peptide_count__O00533,2.4180878283175502e-05,0.0
delta1__peptide_mean__P01859,2.4154478300865575e-05,0.0
delta1__peptide_mean__P25311,2.4121935961625117e-05,0.0
slope1__peptide_mean__Q92520,2.4100876875536798e-05,0.0
slope1__protein_npx__Q14508,2.4046476875335132e-05,0.0
protein_npx__P01621,2.3867724774025935e-05,0.0
delta1__protein_npx__Q12907,2.383689565205007e-05,0.0
slope1__protein_npx__P07998,2.3833540531388895e-05,0.0
slope1__peptide_log__FM(UniMod_35)ETVAEK,2.3831221256098935e-05,0.0
delta1__peptide_mean__Q9Y646,2.3817661228133448e-05,0.0
rollmean2__peptide_count__O14773,2.3812589448392354e-05,0.0
lag1__peptide_std__P04196,2.379265758461421e-05,0.0
slope1__peptide_log__DLATVYVDVLK,2.37890830479218e-05,0.0
delta1__peptide_log__NFPPSQDASGDLYTTSSQLTLPATQC(UniMod_4)PDGK,2.3788443802751974e-05,0.0
delta1__protein_npx__Q96PD5,2.3784659206755305e-05,0.0
delta1__peptide_log__KVEQAVETEPEPELR,2.3761553075278e-05,0.0
slope1__protein_npx__P02649,2.3708069860102607e-05,0.0
rollmean2__peptide_log__SLAAAAGKQELAK,2.3698481324705074e-05,0.0
slope1__protein_npx__P08697,2.368434602916686e-05,0.0
lag1__peptide_log__C(UniMod_4)VDVDEC(UniMod_4)APPAEPC(UniMod_4)GK,2.365573500306202e-05,0.0
lag1__protein_npx__P14618,2.3650332338070386e-05,0.0
rollmean2__peptide_std__P01877,2.36467966084694e-05,0.0
lag1__peptide_mean__P01876,2.363268159585246e-05,0.0
delta1__peptide_std__P01024,2.363058998935789e-05,0.0
rollmean2__protein_npx__P14174,2.3621173395580286e-05,0.0
delta1__peptide_log__NPDPWAK,2.362000112728679e-05,0.0
rollmean2__visit_index,2.358886346018216e-05,0.0
slope1__peptide_mean__Q6UXB8,2.356179059806449e-05,0.0
rollmean2__protein_npx__P61278,2.3556642118561515e-05,0.0
delta1__peptide_mean__P18065,2.3532309192436405e-05,0.0
lag1__peptide_mean__P05156,2.3530665135453137e-05,0.0
lag1__peptide_std__P17174,2.351215979813989e-05,0.0
delta1__peptide_mean__P01877,2.347485765274458e-05,0.0
delta1__peptide_mean__P40925,2.3420602227192935e-05,0.0
delta1__protein_npx__P00751,2.3386652017142408e-05,0.0
slope1__peptide_mean__P06454,2.3353851270930823e-05,0.0
delta1__protein_npx__Q96KN2,2.3277908093317804e-05,0.0
rollmean2__protein_npx__Q96BZ4,2.327118214296623e-05,0.0
lag1__protein_npx__P20933,2.323723011734144e-05,0.0
protein_npx__P98160,2.322943704268957e-05,0.0
delta1__peptide_mean__P43251,2.3206578277827144e-05,0.0
rollmean2__peptide_log__VQAAVGTSAAPVPSDNH,2.3204367077160633e-05,0.0
slope1__peptide_log__VC(UniMod_4)PFAGILENGAVR,2.3196458137429316e-05,0.0
slope1__peptide_std__P19823,2.3189474929907882e-05,0.0
delta1__protein_npx__Q9UBR2,2.3183929223161936e-05,0.0
lag1__peptide_mean__P04004,2.316563862329376e-05,0.0
slope1__peptide_std__P01008,2.3088392752821266e-05,0.0
lag1__protein_npx__P04180,2.3054736922144393e-05,0.0
lag1__protein_npx__P09104,2.3021313992703053e-05,0.0
rollmean2__peptide_count__P01877,2.3003778758136312e-05,0.0
slope1__peptide_mean__P20933,2.2985916810729027e-05,0.0
lag1__peptide_std__P06681,2.2983935091145147e-05,0.0
slope1__peptide_log__SSQGGSLPSEEK,2.298032361916175e-05,0.0
delta1__peptide_mean__Q16270,2.2973864876738185e-05,0.0
delta1__peptide_log__ALGISPFHEHAEVVFTANDSGPR,2.296203469725432e-05,0.0
slope1__peptide_std__P00748,2.2941963216470214e-05,0.0
lag1__peptide_mean__P01621,2.2905903214473037e-05,0.0
delta1__peptide_count__P01024,2.2904201955522834e-05,0.0
delta1__peptide_log__YVMLPVADQDQC(UniMod_4)IR,2.2892260515879628e-05,0.0
rollmean2__months_since_prev_visit,2.2856961125974956e-05,0.0
lag1__peptide_std__P10643,2.284314020920333e-05,0.0
delta1__peptide_mean__P04004,2.2814491709726533e-05,0.0
slope1__peptide_mean__Q99674,2.2798123638754577e-05,0.0
peptide_mean__Q8NE71,2.2783355827623566e-05,0.0
lag1__protein_npx__Q16610,2.274931434306978e-05,0.0
protein_npx__P13473,2.269193427513396e-05,0.0
lag1__peptide_log__SNSSM(UniMod_35)HITDC(UniMod_4)R,2.2684954236615223e-05,0.0
rollmean2__peptide_mean__P05408,2.2658304224485737e-05,0.0
lag1__peptide_std__Q06481,2.264872903262432e-05,0.0
rollmean2__peptide_mean__P41222,2.2645429996117344e-05,0.0
delta1__peptide_mean__P02763,2.264026933278198e-05,0.0
lag1__peptide_mean__Q14118,2.262260226069276e-05,0.0
delta1__protein_npx__Q9BY67,2.260192841186816e-05,0.0
rollmean2__protein_npx__P13521,2.2580196373341146e-05,0.0
lag1__peptide_log__LAVYQAGAR,2.2574498174802528e-05,0.0
rollmean2__protein_npx__P01861,2.2571104877943283e-05,0.0
lag1__peptide_log__ELDESLQVAER,2.2478879266811843e-05,0.0
lag1__protein_npx__P02774,2.2424402078737947e-05,0.0
protein_npx__Q6UXB8,2.2422935833561157e-05,0.0
missing__peptide_mean__Q6UX71,2.2322886281993376e-05,0.0
delta1__peptide_log__HGGLYHENMR,2.2317433346655323e-05,0.0
delta1__peptide_std__O00584,2.231417465164043e-05,0.0
slope1__peptide_log__NPDSSTTGPWC(UniMod_4)YTTDPTVR,2.2287347662982406e-05,0.0
lag1__peptide_mean__P10643,2.2277152165400936e-05,0.0
delta1__peptide_mean__Q9UKV8,2.2255793468037595e-05,0.0
rollmean2__protein_npx__Q14508,2.2236003577782434e-05,0.0
protein_npx__P00441,2.2221162510852868e-05,0.0
rollmean2__peptide_count__P10909,2.2146432546077536e-05,0.0
slope1__peptide_mean__P11142,2.2131498307327532e-05,0.0
delta1__peptide_mean__P02790,2.2125677555576196e-05,0.0
protein_npx__P10645,2.207173581303782e-05,0.0
lag1__peptide_std__P05452,2.1993705582487068e-05,0.0
lag1__peptide_log__SELEEQLTPVAEETR,2.1970370416131177e-05,0.0
slope1__peptide_log__AYQGVAAPFPK,2.1945918934636647e-05,0.0
lag1__current_medication_on,2.193899533358403e-05,0.0
rollmean2__peptide_mean__P61916,2.1917279159017324e-05,0.0
delta1__peptide_mean__P01008,2.190662995188746e-05,0.0
lag1__protein_npx__P23083,2.1833567318477487e-05,0.0
delta1__peptide_mean__Q6UXB8,2.1794522538899887e-05,0.0
delta1__peptide_mean__O14773,2.1684678949527226e-05,0.0
slope1__peptide_log__LSSWVLLM(UniMod_35)K,2.1674813733563245e-05,0.0
delta1__protein_npx__P02753,2.1672826299825104e-05,0.0
lag1__peptide_log__AATVGSLAGQPLQER,2.1670658344377227e-05,0.0
delta1__protein_npx__P19823,2.1663722058726472e-05,0.0
rollmean2__peptide_mean__P25311,2.1655863824514562e-05,0.0
slope1__protein_npx__P01859,2.16493684673921e-05,0.0
lag1__peptide_mean__P08697,2.1628155332574908e-05,0.0
peptide_mean__P43251,2.1541473711863273e-05,0.0
rollmean2__peptide_count__Q9UHG2,2.1471048395189652e-05,0.0
lag1__protein_npx__P98160,2.144798725874292e-05,0.0
lag1__peptide_log__SWFEPLVEDM(UniMod_35)QR,2.144547680859314e-05,0.0
delta1__protein_npx__P05155,2.1405371249516537e-05,0.0
lag1__peptide_mean__P01042,2.1390758279775935e-05,0.0
delta1__peptide_mean__P09104,2.133039480811917e-05,0.0
slope1__peptide_mean__Q96PD5,2.132985222087252e-05,0.0
peptide_abundance_mean,2.1312401482778015e-05,0.0
slope1__peptide_std__Q14118,2.1311904510510833e-05,0.0
lag1__peptide_mean__P08637,2.1277029552061356e-05,0.0
lag1__peptide_mean__P13521,2.1273097181709973e-05,0.0
lag1__peptide_mean__P01594,2.1244138998187646e-05,0.0
slope1__peptide_mean__P10645,2.1225588348415686e-05,0.0
delta1__peptide_mean__Q9BY67,2.1186788230258885e-05,0.0
peptide_count__P01042,2.1186751970811882e-05,0.0
peptide_count__P43652,2.109830368953792e-05,0.0
slope1__peptide_log__TPLGDTTHTC(UniMod_4)PR,2.1077592164771504e-05,0.0
slope1__peptide_count__P01024,2.1066215576405954e-05,0.0
lag1__peptide_mean__P06681,2.1059650253399448e-05,0.0
lag1__peptide_log__LSKELQAAQAR,2.1035285694101004e-05,0.0
lag1__peptide_count__P01857,2.100427611361049e-05,0.0
peptide_mean__P10645,2.0963320123032794e-05,0.0
slope1__peptide_mean__Q8IWV7,2.0958524514154608e-05,0.0
delta1__peptide_mean__Q9NYU2,2.09524160976133e-05,0.0
missing__peptide_std__P27169,2.0943519683423826e-05,0.0
slope1__peptide_std__P61769,2.094180213642269e-05,0.0
lag1__peptide_mean__P02655,2.0902825681346422e-05,0.0
lag1__protein_npx__O14773,2.088073719280665e-05,0.0
rollmean2__peptide_mean__P01023,2.086222678288152e-05,0.0
delta1__protein_npx__Q9NQ79,2.085691202265931e-05,0.0
slope1__peptide_mean__P04275,2.082891864981634e-05,0.0
slope1__protein_npx__P02750,2.0822124729012876e-05,0.0
slope1__protein_npx__Q08380,2.082015480523083e-05,0.0
lag1__peptide_mean__Q6UXD5,2.081328906749038e-05,0.0
delta1__protein_npx__P20933,2.0790792828398496e-05,0.0
current_medication_on,2.077698969551014e-05,0.0
delta1__peptide_mean__P02787,2.0755676781837997e-05,0.0
lag1__peptide_log__AATGEC(UniMod_4)TATVGKR,2.0719687810598664e-05,0.0
slope1__peptide_mean__P35542,2.0636791848238276e-05,0.0
delta1__protein_npx__P05156,2.062642659998179e-05,0.0
slope1__current_updrs_4,2.0511306087112325e-05,0.0
rollmean2__peptide_log__YVMLPVADQDQC(UniMod_4)IR,2.0491484769225807e-05,0.0
delta1__protein_npx__Q06481,2.0480461809625016e-05,0.0
slope1__protein_npx__P02774,2.0467169162970848e-05,0.0
slope1__peptide_std__Q9UHG2,2.0441235256263512e-05,0.0
delta1__protein_npx__P02671,2.0423245159695724e-05,0.0
lag1__peptide_log__FM(UniMod_35)ETVAEK,2.042088948669967e-05,0.0
lag1__peptide_std__P19652,2.0402140209382914e-05,0.0
lag1__protein_npx__P01024,2.0395538606795178e-05,0.0
missing__peptide_mean__O75326,2.0369373515302673e-05,0.0
delta1__peptide_log__NFPPSQDASGDLYTTSSQLTLPATQC(UniMod_4)LAGK,2.0343088224041335e-05,0.0
lag1__peptide_count__Q16610,2.0340367477558635e-05,0.0
protein_npx__Q99435,2.02451914029163e-05,0.0
rollmean2__peptide_mean__P10451,2.0106921320880234e-05,0.0
delta1__peptide_mean__Q13283,2.0037245166105985e-05,0.0
slope1__protein_npx__P04275,1.9970515933413793e-05,0.0
rollmean2__peptide_count__P00450,1.995878252083027e-05,0.0
peptide_mean__P60174,1.9957710639877414e-05,0.0
delta1__peptide_log__C(UniMod_4)SYTEDAQC(UniMod_4)IDGTIEVPK,1.9923385628212616e-05,0.0
slope1__peptide_log__VKDLATVYVDVLK,1.9898077323009576e-05,0.0
delta1__protein_npx__P14174,1.986183890073476e-05,0.0
lag1__protein_npx__P08253,1.9851657435439673e-05,0.0
lag1__peptide_std__Q14515,1.984075743291181e-05,0.0
rollmean2__protein_npx__P01344,1.982330296436847e-05,0.0
lag1__peptide_log__SPVGVQPILNEHTFC(UniMod_4)AGMSK,1.9818624260243693e-05,0.0
slope1__peptide_log__ANRPFLVFIR,1.9807060068970894e-05,0.0
slope1__peptide_mean__O75326,1.9767460567000647e-05,0.0
rollmean2__peptide_count__Q9Y6R7,1.9749304045270836e-05,0.0
delta1__peptide_log__C(UniMod_4)REILSVDC(UniMod_4)STNNPSQAK,1.974597764075632e-05,0.0
rollmean2__peptide_log__VMPIC(UniMod_4)LPSKDYAEVGR,1.9741572782358164e-05,0.0
slope1__peptide_mean__P05408,1.9737452258681688e-05,0.0
slope1__peptide_std__O14773,1.9712143505994608e-05,0.0
lag1__protein_npx__Q16270,1.9705325103408897e-05,0.0
delta1__peptide_mean__P61769,1.965311746634903e-05,0.0
lag1__peptide_mean__Q12907,1.9590020483665806e-05,0.0
lag1__protein_npx__P01034,1.9566194638639267e-05,0.0
delta1__peptide_mean__P04075,1.9562689003327994e-05,0.0
rollmean2__peptide_count__P05067,1.9555503259008707e-05,0.0
lag1__peptide_std__P98160,1.9460965247712664e-05,0.0
delta1__peptide_mean__Q6UXD5,1.944404479014766e-05,0.0
slope1__protein_npx__P02652,1.942787357519595e-05,0.0
rollmean2__peptide_mean__Q99969,1.9412743737755444e-05,0.0
delta1__protein_npx__P08637,1.937871625248848e-05,0.0
delta1__peptide_mean__P13473,1.9345536108926975e-05,0.0
rollmean2__peptide_count__P05155,1.9341049830045055e-05,0.0
rollmean2__peptide_mean__P02649,1.930739017794589e-05,0.0
lag1__peptide_std__P04217,1.930660771075904e-05,0.0
protein_npx__P02774,1.927185249506666e-05,0.0
slope1__protein_npx__Q96KN2,1.9256332605996547e-05,0.0
slope1__protein_npx__P31997,1.9246800441557757e-05,0.0
delta1__peptide_mean__P11142,1.9232186058267553e-05,0.0
slope1__peptide_mean__P08571,1.9219249024678913e-05,0.0
delta1__peptide_mean__P01780,1.9204018589102203e-05,0.0
peptide_mean__P11277,1.920143827606416e-05,0.0
rollmean2__peptide_count__P06681,1.9200269993222504e-05,0.0
rollmean2__peptide_count__P02647,1.914712069609047e-05,0.0
lag1__protein_npx__P16152,1.9119001073098978e-05,0.0
delta1__protein_npx__P09104,1.9073351509848693e-05,0.0
delta1__peptide_std__P12109,1.903095157353035e-05,0.0
lag1__peptide_mean__P16870,1.9008480118107538e-05,0.0
lag1__protein_npx__P07711,1.8994918629023224e-05,0.0
missing__peptide_count__Q99969,1.8973960718030963e-05,0.0
protein_npx__O43505,1.8946560965815298e-05,0.0
delta1__peptide_mean__P00736,1.894552307334513e-05,0.0
lag1__peptide_mean__P06727,1.8939834390639345e-05,0.0
lag1__peptide_mean__P10451,1.8911281862585354e-05,0.0
rollmean2__peptide_count__P17174,1.8891893609175083e-05,0.0
slope1__peptide_log__LIADLGSTSITNLGFR,1.8881427624684463e-05,0.0
lag1__peptide_log__VKDLATVYVDVLK,1.8850475674761323e-05,0.0
delta1__peptide_mean__O75144,1.885046635969332e-05,0.0
delta1__peptide_log__ELDESLQVAER,1.8843978985102588e-05,0.0
slope1__peptide_std__P07225,1.8763603225719887e-05,0.0
slope1__peptide_log__VTSIQDWVQK,1.873057630257059e-05,0.0
delta1__protein_npx__P02760,1.869801445597012e-05,0.0
slope1__protein_npx__P00746,1.8621454216840823e-05,0.0
lag1__peptide_log__SFNRGEC(UniMod_4),1.8611397489751246e-05,0.0
missing__peptide_count__P17936,1.857206892682e-05,0.0
slope1__peptide_count__P02790,1.855964356905779e-05,0.0
slope1__peptide_mean__Q08380,1.852701808931508e-05,0.0
missing__peptide_std__Q9Y6R7,1.8513658055092683e-05,0.0
slope1__peptide_log__LSKELQAAQAR,1.8469422390361988e-05,0.0
lag1__peptide_mean__P08294,1.8428341434136827e-05,0.0
slope1__peptide_log__ATVNPSAPR,1.8405911215951158e-05,0.0
slope1__peptide_log__SC(UniMod_4)SPELQQK,1.840350705416861e-05,0.0
slope1__peptide_log__RLEGQEEEEDNRDSSMK,1.83762124314987e-05,0.0
lag1__peptide_mean__P36980,1.8333002967833955e-05,0.0
slope1__protein_npx__O94919,1.8328153590375767e-05,0.0
slope1__peptide_log__SGELEQEEER,1.827283933716603e-05,0.0
lag1__protein_npx__P13473,1.8260451620024887e-05,0.0
rollmean2__peptide_count__P19823,1.825508318635258e-05,0.0
delta1__peptide_mean__Q9HDC9,1.824088523025662e-05,0.0
lag1__peptide_mean__P04216,1.8225284438023122e-05,0.0
rollmean2__protein_npx__Q8NBJ4,1.822036637709849e-05,0.0
rollmean2__peptide_mean__Q8NE71,1.8215834435493468e-05,0.0
slope1__peptide_log__M(UniMod_35)ASGAANVVGPK,1.8182218713106243e-05,0.0
slope1__peptide_mean__Q99435,1.817318345337481e-05,0.0
slope1__peptide_mean__P49908,1.816564469733674e-05,0.0
delta1__peptide_mean__O00584,1.8155050450488427e-05,0.0
delta1__peptide_mean__Q8NBJ4,1.8149794883432644e-05,0.0
slope1__peptide_abundance_min,1.8130177974980234e-05,0.0
lag1__protein_npx__P05452,1.811970549587014e-05,0.0
slope1__peptide_std__P02675,1.8100913017103534e-05,0.0
rollmean2__peptide_count__P02751,1.8075172815142038e-05,0.0
lag1__peptide_mean__P08493,1.8062374392067964e-05,0.0
lag1__protein_npx__P49908,1.8044984645841318e-05,0.0
lag1__peptide_mean__Q02818,1.8014662664844703e-05,0.0
slope1__peptide_log__LRTEGDGVYTLNNEKQWINK,1.7994159582760893e-05,0.0
missing__peptide_std__Q12841,1.798007034157372e-05,0.0
lag1__peptide_std__P01857,1.797614541353803e-05,0.0
slope1__protein_npx__P08603,1.7954823203590267e-05,0.0
slope1__protein_npx__O75144,1.7938349408381514e-05,0.0
lag1__protein_npx__P19823,1.7863725458489283e-05,0.0
slope1__protein_npx__P05155,1.7757017104345754e-05,0.0
slope1__peptide_count__P05155,1.7755642421714457e-05,0.0
delta1__peptide_mean__P01591,1.775330648622703e-05,0.0
slope1__peptide_mean__P01024,1.774344292932572e-05,0.0
lag1__peptide_std__P25311,1.7734235985626358e-05,0.0
lag1__peptide_mean__P01023,1.7712905964962303e-05,0.0
slope1__peptide_log__C(UniMod_4)SYTEDAQC(UniMod_4)IDGTIEVPK,1.769248905563709e-05,0.0
slope1__peptide_mean__P04156,1.765515575056304e-05,0.0
peptide_mean__Q7Z3B1,1.7649404081381975e-05,0.0
lag1__peptide_log__C(UniMod_4)IIEVLSNALSK,1.7576677333812338e-05,0.0
lag1__protein_npx__Q9UKV8,1.7557948276980344e-05,0.0
lag1__peptide_std__P54289,1.755403794569235e-05,0.0
lag1__peptide_mean__P00747,1.7550588391497932e-05,0.0
lag1__protein_npx__P09486,1.7544242177373977e-05,0.0
slope1__peptide_std__P00738,1.7527567459791914e-05,0.0
delta1__peptide_log__LGADMEDVC(UniMod_4)GR,1.7523699479345144e-05,0.0
lag1__protein_npx__P27169,1.7480413357273393e-05,0.0
delta1__peptide_mean__Q6UX71,1.744074039820501e-05,0.0
delta1__peptide_std__Q92823,1.7414737432709345e-05,0.0
slope1__peptide_std__Q9UBX5,1.7367038077067695e-05,0.0
slope1__peptide_mean__Q96S96,1.736340186159392e-05,0.0
delta1__peptide_mean__P02652,1.736037989643889e-05,0.0
lag1__peptide_std__P08603,1.733989255415087e-05,0.0
lag1__protein_npx__P05546,1.7335709004871312e-05,0.0
delta1__protein_npx__P02452,1.7333798558110556e-05,0.0
peptide_observation_count,1.732924771384358e-05,0.0
rollmean2__peptide_count__Q9NQ79,1.7303174666403635e-05,0.0
lag1__protein_npx__P00746,1.7269712759571972e-05,0.0
delta1__peptide_mean__Q12805,1.7262898570124854e-05,0.0
rollmean2__peptide_mean__Q12805,1.725751790254647e-05,0.0
rollmean2__peptide_mean__P05452,1.7228650788140884e-05,0.0
delta1__protein_npx__Q92520,1.7213600640494992e-05,0.0
lag1__peptide_std__P04075,1.7213343055598505e-05,0.0
delta1__protein_npx__P04207,1.7131896981148058e-05,0.0
missing__protein_npx__O75326,1.7130397903651177e-05,0.0
slope1__protein_npx__Q13449,1.711370157758962e-05,0.0
slope1__peptide_log__ELSSFIDKGQELC(UniMod_4)ADYSENTFTEYK,1.7108773317943857e-05,0.0
slope1__peptide_log__YVM(UniMod_35)LPVADQDQC(UniMod_4)IR,1.7068646956329027e-05,0.0
lag1__peptide_mean__P07858,1.7065345733016536e-05,0.0
lag1__peptide_mean__P04196,1.70527722777021e-05,0.0
lag1__peptide_mean__Q8NBJ4,1.703488924272991e-05,0.0
delta1__peptide_mean__P08493,1.701449019658317e-05,0.0
slope1__protein_missing_fraction,1.6980081991659193e-05,0.0
lag1__peptide_log__DASGVTFTWTPSSGK,1.6972992880580903e-05,0.0
lag1__protein_npx__O60888,1.69310392885628e-05,0.0
lag1__peptide_log__YYWGGQYTWDMAK,1.693008552296579e-05,0.0
delta1__peptide_log__C(UniMod_4)RDQLPYIC(UniMod_4)QFGIV,1.68938087755754e-05,0.0
slope1__current_updrs_3,1.6888798990175533e-05,0.0
peptide_mean__Q9NQ79,1.6875516622454862e-05,0.0
lag1__peptide_mean__P01011,1.687287263452534e-05,0.0
lag1__protein_npx__Q92823,1.6839364745728537e-05,0.0
missing__peptide_log__SC(UniMod_4)DTPPPC(UniMod_4)PR,1.6831238722167043e-05,0.0
delta1__protein_npx__P13473,1.6820274062175333e-05,0.0
slope1__protein_npx__P01019,1.6789853920330426e-05,0.0
delta1__peptide_std__P00738,1.6780076614502606e-05,0.0
slope1__peptide_mean__P09104,1.677943190198293e-05,0.0
rollmean2__protein_npx__Q13449,1.6746899721046616e-05,0.0
lag1__peptide_log__TQVNTQAEQLRR,1.674555070824175e-05,0.0
missing__peptide_mean__Q99435,1.6731665831353577e-05,0.0
delta1__peptide_log__VDSGNDVTDIADDGC(UniMod_4)PKPPEIAHGYVEHSVR,1.666859079718123e-05,0.0
lag1__peptide_log__YIVSGTPTFVPYLIK,1.666048410809935e-05,0.0
delta1__peptide_mean__P23083,1.66590889522912e-05,0.0
missing__peptide_count__P04275,1.6619081905002964e-05,0.0
delta1__peptide_log__C(UniMod_4)C(UniMod_4)VEC(UniMod_4)PPC(UniMod_4)PAPPVAGPSVFLFPPKPK,1.6604650551508844e-05,0.0
slope1__peptide_count__P01008,1.6602544676376038e-05,0.0
rollmean2__peptide_mean__Q99829,1.6554885553437327e-05,0.0
lag1__protein_npx__P00748,1.6541259681611754e-05,0.0
missing__peptide_log__LGADM(UniMod_35)EDVC(UniMod_4)GR,1.6436025056676402e-05,0.0
lag1__peptide_std__P36955,1.643396474560953e-05,0.0
lag1__peptide_mean__P01860,1.6420785302701914e-05,0.0
slope1__protein_npx__P01023,1.641267396017282e-05,0.0
rollmean2__protein_npx__P16035,1.6403163777555264e-05,0.0
slope1__peptide_mean__P02749,1.6391810984406457e-05,0.0
peptide_count__P07711,1.637095235722521e-05,0.0
slope1__protein_npx__P04207,1.634228643600327e-05,0.0
slope1__peptide_log__M(UniMod_35)YLGYEYVTAIR,1.6342016531309803e-05,0.0
protein_npx__P08603,1.6313679367845235e-05,0.0
lag1__peptide_mean__Q9NYU2,1.6294047351007738e-05,0.0
lag1__protein_npx__P61278,1.628380672981466e-05,0.0
peptide_count__Q06481,1.62705715346504e-05,0.0
lag1__peptide_log__VTLTC(UniMod_4)VAPLSGVDFQLR,1.6268294823504464e-05,0.0
rollmean2__peptide_count__P23142,1.625004667861371e-05,0.0
missing__protein_npx__P11277,1.623479219126339e-05,0.0
lag1__peptide_mean__P01877,1.6191409628632238e-05,0.0
delta1__peptide_std__P00736,1.6180562032668365e-05,0.0
slope1__peptide_mean__Q9UBX5,1.61708148154348e-05,0.0
rollmean2__peptide_count__P00751,1.6162108876240813e-05,0.0
missing__peptide_count__P09104,1.6160092019182877e-05,0.0
delta1__peptide_mean__P00441,1.6143499765904453e-05,0.0
peptide_count__P02656,1.6139790131237076e-05,0.0
delta1__peptide_std__P04433,1.6106792229983307e-05,0.0
delta1__peptide_log__SNSSM(UniMod_35)HITDC(UniMod_4)R,1.6086695377155717e-05,0.0
delta1__peptide_std__Q96KN2,1.6086570250976883e-05,0.0
slope1__peptide_mean__Q7Z5P9,1.6084257718166093e-05,0.0
rollmean2__peptide_count__Q13740,1.607425292202457e-05,0.0
lag1__peptide_std__Q12907,1.606694546207182e-05,0.0
lag1__protein_npx__P02768,1.6061067843731803e-05,0.0
lag1__peptide_mean__P06396,1.6051749801282406e-05,0.0
delta1__peptide_mean__P13987,1.6042706412558552e-05,0.0
delta1__peptide_log__ILTC(UniMod_4)M(UniMod_35)QGMEEIR,1.602805314642595e-05,0.0
slope1__protein_npx__P36980,1.6027489802803748e-05,0.0
slope1__peptide_count__P07711,1.6011826570512732e-05,0.0
delta1__peptide_mean__P04275,1.600860861706023e-05,0.0
delta1__protein_npx__P00441,1.5987322256482568e-05,0.0
lag1__peptide_std__P02656,1.596307682507409e-05,0.0
lag1__protein_npx__P08493,1.5952648931027162e-05,0.0
delta1__peptide_mean__P04433,1.5939441433077118e-05,0.0
lag1__peptide_mean__Q16270,1.590467347106618e-05,0.0
peptide_log__HYEGSTVPEK,1.5902223461011096e-05,0.0
slope1__peptide_log__DSGFQM(UniMod_35)NQLR,1.589649344122588e-05,0.0
missing__peptide_log__LIADLGSTSITNLGFR,1.5882678484891013e-05,0.0
missing__peptide_count__P08637,1.587228251391514e-05,0.0
delta1__peptide_mean__P08133,1.5852556590915427e-05,0.0
lag1__peptide_mean__O15394,1.583585676454366e-05,0.0
lag1__peptide_log__SC(UniMod_4)DTPPPC(UniMod_4)PR,1.5830827056823363e-05,0.0
delta1__protein_npx__P14618,1.5818581988770107e-05,0.0
slope1__protein_npx__P49908,1.581278472894953e-05,0.0
lag1__protein_npx__P08123,1.581116098056127e-05,0.0
slope1__protein_npx__O14498,1.5807950958070976e-05,0.0
slope1__protein_npx__P54289,1.5797758307567345e-05,0.0
delta1__peptide_std__P04004,1.5783839564802958e-05,0.0
lag1__peptide_std__P02787,1.5782328154396206e-05,0.0
lag1__peptide_log__QNC(UniMod_4)ELFEQLGEYK,1.5770696401251498e-05,0.0
slope1__peptide_std__Q9NQ79,1.5733149543185188e-05,0.0
slope1__peptide_mean__P16035,1.571475127249128e-05,0.0
delta1__peptide_log__AKLEEQAQQIR,1.569384716701879e-05,0.0
peptide_count__P02747,1.5623850565876814e-05,0.0
slope1__peptide_count__P51884,1.5606327949797306e-05,0.0
peptide_mean__P16070,1.5534202453615024e-05,0.0
lag1__peptide_mean__P43251,1.5502227766480754e-05,0.0
delta1__protein_npx__P07998,1.5479852307189735e-05,0.0
slope1__peptide_std__P14314,1.5475462077258015e-05,0.0
rollmean2__peptide_count__P08493,1.5429685536788704e-05,0.0
slope1__protein_npx__P98160,1.5417958538239818e-05,0.0
lag1__protein_npx__P04406,1.541367840247362e-05,0.0
delta1__peptide_log__LSSWVLLM(UniMod_35)K,1.5371152449955755e-05,0.0
peptide_count__P10645,1.536292708054889e-05,0.0
delta1__peptide_std__P10645,1.5319580137799135e-05,0.0
lag1__peptide_count__Q92520,1.5297769031532377e-05,0.0
delta1__peptide_mean__P04211,1.527660271260415e-05,0.0
slope1__peptide_mean__P08603,1.526354210776404e-05,0.0
delta1__protein_npx__P01031,1.5259877946778774e-05,0.0
delta1__protein_npx__P61769,1.524372561172809e-05,0.0
rollmean2__peptide_mean__Q08380,1.5190435283703615e-05,0.0
missing__peptide_log__C(UniMod_4)IIEVLSNALSK,1.5136312715857218e-05,0.0
lag1__peptide_count__P02656,1.5125924080084576e-05,0.0
delta1__peptide_mean__P61278,1.5100744040706851e-05,0.0
delta1__peptide_std__P01034,1.5089390534922564e-05,0.0
delta1__peptide_std__P98160,1.5074490333603175e-05,0.0
lag1__protein_npx__P02787,1.5065272167982266e-05,0.0
lag1__peptide_log__RGYQLSDVDGVTC(UniMod_4)EDIDEC(UniMod_4)ALPTGGHIC(UniMod_4)SYR,1.5058828323282044e-05,0.0
peptide_mean__P01621,1.5049640230541006e-05,0.0
slope1__peptide_std__P02652,1.5029281237948502e-05,0.0
missing__peptide_log__AVLPTGDVIGDSAK,1.5007038904237124e-05,0.0
delta1__peptide_log__IMNGEADAMSLDGGFVYIAGK,1.5003606472520965e-05,0.0
missing__peptide_mean__P16152,1.4987096291763445e-05,0.0
missing__peptide_mean__P32754,1.4968144221431746e-05,0.0
delta1__peptide_log__QQETAAAETETR,1.4960743553670646e-05,0.0
peptide_mean__P02747,1.4905811105440058e-05,0.0
delta1__protein_npx__P02647,1.4887909279722963e-05,0.0
delta1__peptide_std__P02656,1.4881931135343145e-05,0.0
lag1__peptide_log__M(UniMod_35)ASGAANVVGPK,1.4874031157051523e-05,0.0
slope1__peptide_mean__P61916,1.4861276882916738e-05,0.0
slope1__peptide_mean__Q92876,1.4853456740385311e-05,0.0
missing__peptide_log__C(UniMod_4)SYTEDAQC(UniMod_4)IDGTIEVPK,1.4796298368973751e-05,0.0
missing__peptide_log__MTVTDQVNC(UniMod_4)PK,1.4791915851245832e-05,0.0
lag1__peptide_mean__Q13449,1.4759976532305378e-05,0.0
lag1__protein_npx__P00450,1.4715899479157871e-05,0.0
delta1__peptide_log__DSGEGDFLAEGGGVR,1.466500068951976e-05,0.0
delta1__protein_npx__P01861,1.4624584592997433e-05,0.0
delta1__peptide_std__Q9Y6R7,1.4618023346626103e-05,0.0
lag1__peptide_std__P13987,1.4612712577015636e-05,0.0
peptide_count__P01023,1.4568911581698625e-05,0.0
missing__peptide_log__LGPLVEQGRVR,1.4554233968448892e-05,0.0
lag1__protein_npx__P01009,1.455209269466607e-05,0.0
rollmean2__protein_npx__P06310,1.4539891805549544e-05,0.0
slope1__peptide_log__LSNENHGIAQR,1.4531403649971231e-05,0.0
slope1__protein_npx__O14773,1.4526834776403245e-05,0.0
delta1__protein_npx__P04217,1.4459097084628983e-05,0.0
delta1__peptide_log__YYWGGQYTWDMAK,1.4452842837328467e-05,0.0
peptide_count__P23142,1.4437519059310627e-05,0.0
protein_npx__P00738,1.4411381959999765e-05,0.0
delta1__peptide_std__P02750,1.4393236229610804e-05,0.0
slope1__peptide_mean__P02655,1.4374818302982267e-05,0.0
peptide_log__DSGEGDFLAEGGGVR,1.436115337936396e-05,0.0
delta1__peptide_std__P02774,1.436050580289531e-05,0.0
slope1__protein_npx__P06396,1.4352826705442547e-05,0.0
missing__peptide_mean__Q99674,1.4294599300016172e-05,0.0
lag1__peptide_count__P54289,1.4271902878365557e-05,0.0
slope1__peptide_mean__P02792,1.4264763222992989e-05,0.0
lag1__peptide_count__P01019,1.4234221845313725e-05,0.0
missing__peptide_log__LFDSDPITVTVPVEVSR,1.4220536036072474e-05,0.0
peptide_count__P02787,1.4218781722753007e-05,0.0
delta1__peptide_mean__P08637,1.4192641069767494e-05,0.0
delta1__peptide_mean__P20774,1.4187402018120082e-05,0.0
slope1__protein_npx__P08123,1.41648945976504e-05,0.0
lag1__peptide_log__IHWESASLLR,1.4134355726744924e-05,0.0
delta1__protein_npx__P13591,1.4131215977519942e-05,0.0
lag1__peptide_mean__P61916,1.4128640531577976e-05,0.0
slope1__peptide_std__P14618,1.4120108143651296e-05,0.0
slope1__protein_npx__O00533,1.4117890043961157e-05,0.0
lag1__protein_npx__P07195,1.4114345234071666e-05,0.0
lag1__peptide_std__P10645,1.4112107655690875e-05,0.0
delta1__peptide_mean__P01594,1.4098208026978227e-05,0.0
lag1__peptide_mean__P08571,1.4094738645987143e-05,0.0
lag1__peptide_count__Q08380,1.4092098898993238e-05,0.0
slope1__protein_npx__P07333,1.4088337784664417e-05,0.0
peptide_count__O00533,1.4080745224255624e-05,0.0
rollmean2__peptide_log__SGEATDGARPQALPEPMQESK,1.4060619256311866e-05,0.0
peptide_mean__P19827,1.4047510795740367e-05,0.0
slope1__peptide_log__SFNRGEC(UniMod_4),1.4046107809537064e-05,0.0
delta1__protein_npx__P36980,1.4030937102194872e-05,0.0
lag1__protein_npx__P13611,1.4022829173291857e-05,0.0
delta1__peptide_abundance_min,1.4011241929965051e-05,0.0
delta1__protein_npx__P06727,1.4001574700770817e-05,0.0
slope1__protein_npx__P20774,1.398087423051109e-05,0.0
delta1__protein_npx__Q08380,1.3978429320696156e-05,0.0
lag1__protein_npx__P02647,1.3975978962684942e-05,0.0
protein_npx__P17936,1.3973159529539188e-05,0.0
lag1__peptide_mean__P36955,1.3949833740312097e-05,0.0
lag1__peptide_std__Q12841,1.3943712927029666e-05,0.0
delta1__peptide_mean__Q13449,1.3909382697586195e-05,0.0
slope1__peptide_log__LGPLVEQGR,1.3906175437297258e-05,0.0
delta1__peptide_log__AYKSELEEQLTPVAEETR,1.3873869217851034e-05,0.0
peptide_mean__Q96BZ4,1.3873202952302072e-05,0.0
lag1__protein_npx__P06454,1.3860633126702108e-05,0.0
delta1__peptide_mean__P23142,1.3854340281179595e-05,0.0
slope1__protein_npx__P10451,1.3851328870128806e-05,0.0
lag1__peptide_mean__Q16610,1.3799910664761217e-05,0.0
lag1__protein_npx__P11277,1.3789800312582676e-05,0.0
missing__peptide_mean__P19021,1.3726051391363128e-05,0.0
peptide_count__P30086,1.3721257123536612e-05,0.0
slope1__protein_npx__P43251,1.3661077049547056e-05,0.0
delta1__peptide_std__O15240,1.363549658298755e-05,0.0
delta1__protein_npx__P02748,1.3629382908324308e-05,0.0
delta1__peptide_abundance_sum,1.3614586863855015e-05,0.0
delta1__peptide_mean__P02679,1.3606770865217236e-05,0.0
delta1__peptide_mean__P16035,1.3599213475046352e-05,0.0
lag1__peptide_abundance_mean,1.359896280186934e-05,0.0
slope1__peptide_mean__Q02818,1.3591628228058995e-05,0.0
lag1__peptide_mean__P19652,1.3554275170001328e-05,0.0
slope1__protein_npx__P00747,1.355163263211911e-05,0.0
delta1__peptide_mean__Q14624,1.354927423334117e-05,0.0
slope1__peptide_std__P01834,1.3545114318483265e-05,0.0
delta1__peptide_mean__P02452,1.3492309210267538e-05,0.0
lag1__peptide_mean__Q6UX71,1.3472444281862214e-05,0.0
rollmean2__peptide_count__P14618,1.3464979543263407e-05,0.0
delta1__protein_npx__P10909,1.345972837559688e-05,0.0
delta1__protein_npx__P02750,1.3458934250427978e-05,0.0
peptide_count__Q08380,1.3457967576332858e-05,0.0
delta1__protein_npx__P17936,1.3439339453267202e-05,0.0
slope1__peptide_abundance_mean,1.3434544953063788e-05,0.0
lag1__peptide_std__Q12805,1.340887780914719e-05,0.0
lag1__protein_npx__P10451,1.3408450265168787e-05,0.0
delta1__peptide_std__Q14624,1.3397603586157432e-05,0.0
lag1__peptide_count__P02790,1.3396823160854489e-05,0.0
slope1__protein_npx__Q7Z3B1,1.3334576184634846e-05,0.0
lag1__peptide_mean__P08133,1.3330176308967932e-05,0.0
lag1__protein_npx__P01031,1.3318346014397692e-05,0.0
slope1__peptide_log__TSPVDEKALQDQLVLVAAK,1.331822992308962e-05,0.0
peptide_count__P01834,1.3303811678360462e-05,0.0
slope1__protein_npx__P01033,1.3292815695562897e-05,0.0
delta1__peptide_mean__P07858,1.3287746488406494e-05,0.0
lag1__protein_npx__P10645,1.3281083635320236e-05,0.0
delta1__peptide_std__P02649,1.3278418945450965e-05,0.0
rollmean2__peptide_count__P13591,1.3272370589377464e-05,0.0
lag1__peptide_count__P61769,1.327047864910437e-05,0.0
slope1__protein_npx__Q14515,1.3258832653108144e-05,0.0
delta1__peptide_mean__P01024,1.3251212286454187e-05,0.0
lag1__protein_npx__P01780,1.3241778489925299e-05,0.0
delta1__peptide_mean__P01042,1.3233431740213728e-05,0.0
delta1__peptide_std__Q13740,1.3226678654554307e-05,0.0
rollmean2__peptide_mean__P14174,1.3193537531596702e-05,0.0
lag1__peptide_mean__P19823,1.3172114745331179e-05,0.0
slope1__peptide_std__P09871,1.3162839935383438e-05,0.0
slope1__protein_npx__P01024,1.3158701799204296e-05,0.0
delta1__peptide_log__VDNALQSGNSQESVTEQDSKDSTYSLSSTLTLSK,1.3071729563695801e-05,0.0
delta1__peptide_count__P18065,1.3065287098467471e-05,0.0
missing__peptide_mean__P54289,1.3063446743576059e-05,0.0
peptide_mean__P07195,1.3052701501046277e-05,0.0
delta1__peptide_mean__O00391,1.3046247712732234e-05,0.0
peptide_mean__P13521,1.303225929437909e-05,0.0
delta1__peptide_mean__Q92876,1.3007457454290513e-05,0.0
lag1__protein_npx__P06310,1.2982683995844766e-05,0.0
peptide_count__P00734,1.2977033671891953e-05,0.0
slope1__peptide_log__HYDGSYSTFGER,1.2964245609802344e-05,0.0
delta1__peptide_std__P02768,1.2956209271723144e-05,0.0
rollmean2__peptide_count__Q96KN2,1.2953684258693092e-05,0.0
peptide_count__P00738,1.2948270366226412e-05,0.0
slope1__peptide_mean__P00748,1.294279523397609e-05,0.0
lag1__peptide_mean__P25311,1.293739726179914e-05,0.0
slope1__peptide_count__P23142,1.2937302953326285e-05,0.0
missing__protein_npx__P08123,1.2926227901938105e-05,0.0
lag1__protein_npx__P11142,1.2907431892993193e-05,0.0
lag1__peptide_log__DLATVYVDVLK,1.290137752198774e-05,0.0
rollmean2__peptide_count__P08697,1.2844257475148918e-05,0.0
rollmean2__peptide_count__O94919,1.2738231618991502e-05,0.0
delta1__protein_npx__P00450,1.2735025212435612e-05,0.0
delta1__protein_npx__P04180,1.2715642405991617e-05,0.0
lag1__peptide_std__P08493,1.2692832925904661e-05,0.0
delta1__protein_npx__P04196,1.2682885575870773e-05,0.0
slope1__peptide_count__Q13740,1.2645269719892354e-05,0.0
delta1__peptide_std__Q12841,1.262587095887663e-05,0.0
missing__peptide_mean__Q99683,1.2601358113647316e-05,0.0
missing__peptide_std__P30086,1.259604350390746e-05,0.0
slope1__peptide_count__P08603,1.2581660312504667e-05,0.0
lag1__peptide_mean__P02790,1.2581628211239654e-05,0.0
missing__peptide_count__P36980,1.2515718948605457e-05,0.0
lag1__protein_npx__Q15904,1.249253976185791e-05,0.0
lag1__protein_npx__Q9UNU6,1.2470222690501052e-05,0.0
missing__peptide_mean__P20933,1.2440475581374742e-05,0.0
delta1__peptide_mean__P05546,1.2437587334405693e-05,0.0
slope1__peptide_log__FLATTPNSLLVSWQPPR,1.2397763355774914e-05,0.0
rollmean2__peptide_mean__Q92876,1.2390942289051547e-05,0.0
rollmean2__peptide_count__Q96PD5,1.2379271751013803e-05,0.0
lag1__peptide_mean__P01033,1.2365835060448288e-05,0.0
protein_npx__Q8NE71,1.2343120772690051e-05,0.0
lag1__peptide_std__P02750,1.2337414621897233e-05,0.0
lag1__peptide_mean__Q06481,1.2328188244627742e-05,0.0
missing__peptide_count__Q99829,1.2296581430954497e-05,0.0
lag1__protein_npx__P05156,1.2253901510756121e-05,0.0
lag1__protein_npx__P10909,1.2250166053406166e-05,0.0
lag1__peptide_count__P06727,1.2246201830466036e-05,0.0
delta1__peptide_mean__P08253,1.2241188553441066e-05,0.0
delta1__protein_npx__O60888,1.2237917623626227e-05,0.0
slope1__peptide_mean__P01034,1.2229316449259325e-05,0.0
lag1__protein_npx__P40925,1.2229066678776349e-05,0.0
rollmean2__peptide_count__Q12805,1.222542124653334e-05,0.0
missing__protein_npx__Q6UX71,1.2205886570653907e-05,0.0
delta1__peptide_mean__P19823,1.2195194334126913e-05,0.0
delta1__peptide_std__Q92876,1.2171860863624361e-05,0.0
missing__protein_npx__P23083,1.2134714415651132e-05,0.0
slope1__peptide_log__EDSLEAGLPLQVR,1.2097337547876868e-05,0.0
peptide_count__Q96PD5,1.2094919538167339e-05,0.0
slope1__protein_npx__P10909,1.2093987688661678e-05,0.0
delta1__peptide_log__SLAELGGHLDQQVEEFRR,1.207286375130335e-05,0.0
delta1__peptide_mean__P08294,1.206874665003457e-05,0.0
delta1__protein_npx__O00584,1.2023979206591859e-05,0.0
lag1__protein_npx__P24592,1.2008499550298946e-05,0.0
delta1__protein_npx__P32754,1.2001649147978214e-05,0.0
slope1__peptide_mean__P23142,1.2000621311985364e-05,0.0
slope1__protein_npx__Q9Y646,1.198476291295674e-05,0.0
lag1__peptide_log__VTSIQDWVQK,1.1963999692440767e-05,0.0
delta1__protein_npx__P01008,1.1934848457698369e-05,0.0
missing__protein_npx__P02792,1.1918009714241628e-05,0.0
slope1__peptide_std__O15394,1.1863878128501086e-05,0.0
lag1__peptide_mean__P01780,1.1863526131848612e-05,0.0
lag1__peptide_mean__P17174,1.1849325182184265e-05,0.0
lag1__peptide_mean__P04211,1.1807644658348429e-05,0.0
delta1__protein_npx__O75326,1.1806142141806143e-05,0.0
lag1__peptide_log__VLLDQLR,1.180428693493362e-05,0.0
slope1__peptide_mean__P25311,1.1801897519434383e-05,0.0
slope1__peptide_log__C(UniMod_4)RDQLPYIC(UniMod_4)QFGIV,1.1760074437044195e-05,0.0
lag1__peptide_mean__P02763,1.175928364904079e-05,0.0
missing__peptide_count__P08123,1.1733450186803008e-05,0.0
slope1__peptide_mean__Q6UXD5,1.1727552839875844e-05,0.0
slope1__peptide_mean__P02750,1.171902722297966e-05,0.0
delta1__peptide_std__P00734,1.1709533782784469e-05,0.0
delta1__peptide_log__KQELSEAEQATR,1.1593550143393012e-05,0.0
missing__peptide_std__P98160,1.158963084202829e-05,0.0
slope1__peptide_log__ILTC(UniMod_4)M(UniMod_35)QGMEEIR,1.1568129413454986e-05,0.0
delta1__peptide_std__P07602,1.1565738805235545e-05,0.0
delta1__peptide_mean__P02748,1.1561488966898746e-05,0.0
slope1__protein_npx__P02452,1.1531542957177249e-05,0.0
delta1__peptide_std__Q06481,1.1525319831490121e-05,0.0
protein_npx__Q16270,1.1514333547597438e-05,0.0
missing__protein_npx__P14314,1.150852834055191e-05,0.0
slope1__peptide_std__P08603,1.1492070747027946e-05,0.0
protein_missing_fraction,1.1481137690211232e-05,0.0
slope1__protein_npx__P01876,1.1472598040707645e-05,0.0
lag1__peptide_std__P07339,1.1472293302971982e-05,0.0
slope1__peptide_std__P00441,1.1471353196611246e-05,0.0
lag1__peptide_mean__O00533,1.1418218175596692e-05,0.0
lag1__peptide_mean__P09486,1.1406350182344313e-05,0.0
slope1__peptide_mean__P55290,1.1343058831285715e-05,0.0
lag1__protein_npx__P01834,1.1284201847061603e-05,0.0
slope1__peptide_mean__P04180,1.128073325392465e-05,0.0
slope1__protein_npx__P16035,1.1267319425434258e-05,0.0
lag1__protein_npx__Q6UX71,1.1263003262553976e-05,0.0
missing__peptide_count__P19021,1.1241329792475084e-05,0.0
slope1__peptide_log__QQETAAAETETR,1.1232735898216091e-05,0.0
missing__protein_npx__P01608,1.1222867212381359e-05,0.0
lag1__peptide_mean__Q9BY67,1.119951585723654e-05,0.0
delta1__peptide_count__P17174,1.1086030982049918e-05,0.0
slope1__peptide_std__P01860,1.1084479658766254e-05,0.0
missing__protein_npx__Q9UBR2,1.1080882815198085e-05,0.0
slope1__protein_npx__P16152,1.1058684987396597e-05,0.0
delta1__peptide_mean__P02792,1.1055568030271852e-05,0.0
slope1__peptide_log__TVVQPSVGAAAGPVVPPC(UniMod_4)PGR,1.1025410604429447e-05,0.0
missing__peptide_std__P54289,1.1009609629297018e-05,0.0
delta1__protein_npx__P07225,1.0998901780011882e-05,0.0
lag1__peptide_mean__P13473,1.0992364011157389e-05,0.0
delta1__protein_npx__P41222,1.098813523206845e-05,0.0
slope1__peptide_mean__P01033,1.09872120977053e-05,0.0
delta1__protein_npx__P00738,1.0964033783435568e-05,0.0
slope1__peptide_mean__Q9NQ79,1.0955635645767095e-05,0.0
delta1__peptide_mean__P16870,1.0932550441651065e-05,0.0
peptide_count__P02751,1.0913232882907423e-05,0.0
delta1__peptide_mean__O00533,1.0907688260648909e-05,0.0
delta1__protein_npx__P13521,1.0897421040932904e-05,0.0
lag1__peptide_mean__P49588,1.089453577246814e-05,0.0
slope1__peptide_std__Q06481,1.0871874744521289e-05,0.0
slope1__protein_npx__P13473,1.0857738450130281e-05,0.0
slope1__peptide_std__P13987,1.0819312244556561e-05,0.0
slope1__peptide_count__P02675,1.0799582412487098e-05,0.0
slope1__peptide_count__Q96PD5,1.078075731236623e-05,0.0
lag1__peptide_mean__P02747,1.0779005268072299e-05,0.0
delta1__peptide_std__P02753,1.074502557906236e-05,0.0
peptide_count__P08603,1.0741496197841734e-05,0.0
peptide_mean__O75326,1.0729947658098881e-05,0.0
slope1__peptide_count__O00533,1.0719573384506101e-05,0.0
missing__peptide_log__LDEVKEQVAEVR,1.0669990877475395e-05,0.0
slope1__protein_npx__Q99435,1.0657716829227417e-05,0.0
lag1__protein_npx__P01019,1.0650463207954689e-05,0.0
delta1__peptide_mean__P16152,1.0645050330127397e-05,0.0
lag1__peptide_log__HGGLYHENMR,1.062533183494496e-05,0.0
lag1__protein_npx__P13671,1.0599970855978787e-05,0.0
lag1__peptide_log__SLAAAAGKQELAK,1.0554351467114855e-05,0.0
delta1__peptide_log__GYQLSDVDGVTC(UniMod_4)EDIDEC(UniMod_4)ALPTGGHIC(UniMod_4)SYR,1.0509461236484128e-05,0.0
slope1__peptide_count__P01834,1.049984293278742e-05,0.0
lag1__peptide_std__P00747,1.0499653114358354e-05,0.0
delta1__peptide_count__Q16610,1.0476257586289805e-05,0.0
delta1__peptide_mean__P01009,1.0419989240187858e-05,0.0
missing__peptide_count__Q562R1,1.0416743948177984e-05,0.0
slope1__peptide_mean__Q9Y646,1.0414713820292313e-05,0.0
peptide_count__P13611,1.02864507255099e-05,0.0
delta1__peptide_mean__P02747,1.0282998558091846e-05,0.0
delta1__peptide_std__P01876,1.0262118608268558e-05,0.0
slope1__peptide_std__Q92876,1.024564535034744e-05,0.0
slope1__protein_npx__Q9UBX5,1.023760225626108e-05,0.0
slope1__peptide_count__P00734,1.022691050695215e-05,0.0
delta1__peptide_missing_fraction,1.0206283135959003e-05,0.0
lag1__peptide_mean__P49908,1.0192979954238641e-05,0.0
delta1__peptide_mean__P08603,1.0188741982845538e-05,0.0
delta1__peptide_mean__P01876,1.0187358881968198e-05,0.0
missing__protein_npx__Q6UXD5,1.0178141808174967e-05,0.0
rollmean2__protein_missing_fraction,1.0148264595938574e-05,0.0
rollmean2__peptide_count__P43121,1.0123095990908928e-05,0.0
lag1__protein_npx__P01023,1.0083229742185808e-05,0.0
slope1__protein_npx__P23083,1.0065098739183577e-05,0.0
delta1__peptide_mean__Q9NQ79,1.0057292025960958e-05,0.0
lag1__peptide_mean__P04207,1.002641911185796e-05,0.0
slope1__peptide_observation_count,9.985833717824573e-06,0.0
delta1__peptide_log__GEVQAMLGQSTEELR,9.981589973125425e-06,0.0
lag1__peptide_mean__O43505,9.965439782842242e-06,0.0
peptide_count__P19823,9.947449686740268e-06,0.0
lag1__protein_npx__Q8NBJ4,9.898382120457219e-06,0.0
protein_npx__Q96BZ4,9.886440757602987e-06,0.0
rollmean2__peptide_count__P02774,9.859140092719745e-06,0.0
delta1__peptide_log__VLLDQLR,9.851023696669362e-06,0.0
missing__peptide_count__P19827,9.834757158817394e-06,0.0
rollmean2__protein_npx__Q7Z3B1,9.823983534457784e-06,0.0
lag1__peptide_mean__P11277,9.811559089407847e-06,0.0
peptide_count__Q14515,9.791834424024949e-06,0.0
slope1__peptide_log__GYQLSDVDGVTC(UniMod_4)EDIDEC(UniMod_4)ALPTGGHIC(UniMod_4)SYR,9.78484016784535e-06,0.0
slope1__peptide_count__Q06481,9.764794753373826e-06,0.0
delta1__protein_npx__P39060,9.686920537030127e-06,0.0
lag1__protein_npx__P01717,9.686059074886349e-06,0.0
slope1__protein_npx__P01009,9.652460873818711e-06,0.0
lag1__peptide_mean__P04075,9.649054445229045e-06,0.0
slope1__peptide_mean__P05067,9.64173725236654e-06,0.0
slope1__peptide_mean__Q562R1,9.639102292321585e-06,0.0
delta1__protein_npx__Q7Z3B1,9.636191252263815e-06,0.0
delta1__peptide_count__O94919,9.59056305603914e-06,0.0
rollmean2__peptide_count__P04217,9.555291412126945e-06,0.0
lag1__peptide_log__VQAAVGTSAAPVPSDNH,9.546272663340626e-06,0.0
lag1__protein_npx__P04216,9.546097096127569e-06,0.0
lag1__protein_npx__P08571,9.545360510390425e-06,0.0
slope1__protein_npx__P05546,9.532502411230506e-06,0.0
lag1__protein_npx__P20774,9.523230264730946e-06,0.0
peptide_count__P02652,9.519393274089392e-06,0.0
lag1__peptide_mean__P61278,9.495529644525042e-06,0.0
lag1__protein_npx__P01011,9.494849052424468e-06,0.0
lag1__peptide_count__P10645,9.486787569492571e-06,0.0
delta1__peptide_mean__P02774,9.483878935282178e-06,0.0
lag1__protein_npx__P13591,9.475322217093093e-06,0.0
slope1__peptide_count__P00751,9.472715300982291e-06,0.0
slope1__peptide_mean__Q9HDC9,9.472218857125326e-06,0.0
delta1__peptide_mean__P41222,9.45835353242815e-06,0.0
lag1__peptide_mean__Q12841,9.456680459361584e-06,0.0
delta1__peptide_mean__Q99683,9.44966960741346e-06,0.0
delta1__peptide_std__P01011,9.420025967139608e-06,0.0
slope1__peptide_std__P98160,9.418380762874748e-06,0.0
lag1__peptide_mean__P19021,9.410571866863066e-06,0.0
delta1__peptide_mean__P09871,9.322677887000783e-06,0.0
slope1__peptide_mean__P16070,9.30504133718547e-06,0.0
slope1__peptide_mean__P14174,9.285740013581312e-06,0.0
peptide_count__P24592,9.284705896847322e-06,0.0
protein_npx__P19827,9.277117180379198e-06,0.0
delta1__peptide_log__SGEATDGARPQALPEPMQESK,9.276624029209009e-06,0.0
peptide_count__P04217,9.270561748532328e-06,0.0
slope1__protein_npx__P19021,9.235391230146689e-06,0.0
slope1__peptide_mean__P02647,9.207815333752504e-06,0.0
slope1__peptide_mean__P10909,9.199269496592903e-06,0.0
delta1__protein_npx__Q9Y646,9.18701511588511e-06,0.0
delta1__protein_npx__P02655,9.176390521763166e-06,0.0
missing__peptide_log__TDASDVKPC(UniMod_4),9.164523952732172e-06,0.0
lag1__peptide_std__P30086,9.14542169319602e-06,0.0
delta1__protein_npx__P01344,9.12875154109261e-06,0.0
slope1__peptide_std__O75144,9.11949899195479e-06,0.0
lag1__peptide_mean__P00450,9.08255800071032e-06,0.0
slope1__protein_npx__O60888,9.076385879502087e-06,0.0
peptide_mean__P16035,9.076213171667085e-06,0.0
slope1__peptide_mean__P04406,9.071225675053916e-06,0.0
delta1__peptide_mean__P01011,9.07004125368399e-06,0.0
missing__peptide_count__P02792,9.048761808326263e-06,0.0
missing__protein_npx__P19021,9.016126829907951e-06,0.0
lag1__peptide_mean__Q13283,8.99646762398872e-06,0.0
delta1__peptide_mean__O94919,8.988906264299563e-06,0.0
delta1__peptide_log__ELSSFIDKGQELC(UniMod_4)ADYSENTFTEYK,8.930252056193784e-06,0.0
missing__protein_npx__Q9UKV8,8.901228130290468e-06,0.0
missing__peptide_log__AVGDKLPEC(UniMod_4)EADDGC(UniMod_4)PKPPEIAHGYVEHSVR,8.900396137854801e-06,0.0
peptide_count__P05067,8.871729742316244e-06,0.0
lag1__protein_npx__P19827,8.871578089248992e-06,0.0
slope1__protein_npx__P01780,8.853004058899938e-06,0.0
slope1__protein_npx__P43652,8.848941127868154e-06,0.0
delta1__peptide_mean__P36955,8.828170055287754e-06,0.0
protein_npx__P02649,8.796441756461474e-06,0.0
lag1__visit_index,8.765377600788661e-06,0.0
delta1__peptide_mean__O14791,8.750193759064595e-06,0.0
slope1__peptide_mean__P02765,8.740883491904831e-06,0.0
lag1__protein_npx__O15394,8.718117784911677e-06,0.0
lag1__protein_npx__O75326,8.683150429268619e-06,0.0
slope1__peptide_mean__P10451,8.633214019230783e-06,0.0
peptide_mean__Q96KN2,8.625255715291955e-06,0.0
slope1__protein_npx__P04196,8.602226891038059e-06,0.0
slope1__peptide_mean__P01591,8.580172292776323e-06,0.0
rollmean2__peptide_count__P04196,8.526950063879914e-06,0.0
slope1__protein_npx__Q13332,8.51720444932857e-06,0.0
slope1__peptide_std__Q12841,8.466915258242981e-06,0.0
delta1__peptide_observation_count,8.441556726558813e-06,0.0
delta1__peptide_mean__Q8IWV7,8.418909531055537e-06,0.0
slope1__peptide_log__IMNGEADAMSLDGGFVYIAGK,8.414424512949142e-06,0.0
lag1__protein_npx__Q14515,8.392729558113637e-06,0.0
missing__peptide_log__KFPSGTFEQVSQLVK,8.374096436170025e-06,0.0
missing__protein_npx__P01594,8.342754370274248e-06,0.0
delta1__peptide_mean__P19827,8.284686827882802e-06,0.0
lag1__protein_npx__P01833,8.26821507452284e-06,0.0
delta1__peptide_count__Q9Y6R7,8.219054132971404e-06,0.0
delta1__peptide_count__P06727,8.200502022501284e-06,0.0
slope1__peptide_mean__P04217,8.180730442658015e-06,0.0
delta1__protein_npx__P02765,8.176487546381472e-06,0.0
delta1__peptide_std__O75144,8.14935232263298e-06,0.0
slope1__peptide_mean__P06681,8.131831503567886e-06,0.0
peptide_count__P10909,8.123216764617987e-06,0.0
slope1__peptide_count__P19652,8.114479402181337e-06,0.0
slope1__protein_npx__P36955,8.099892928726215e-06,0.0
lag1__peptide_log__EDSLEAGLPLQVR,8.073892577733496e-06,0.0
delta1__protein_npx__P01717,8.058606880259252e-06,0.0
missing__peptide_std__P05546,8.0507434403513e-06,0.0
delta1__protein_npx__P04075,8.026918463581209e-06,0.0
slope1__peptide_mean__P08253,7.98305891844425e-06,0.0
peptide_count__P16870,7.981575581438709e-06,0.0
lag1__peptide_log__SGEATDGARPQALPEPMQESK,7.961432967733494e-06,0.0
missing__protein_npx__P08253,7.952112555067137e-06,0.0
slope1__peptide_std__P06681,7.861935568824658e-06,0.0
slope1__peptide_mean__P01780,7.857721857932745e-06,0.0
delta1__peptide_count__P98160,7.856137869877487e-06,0.0
lag1__peptide_mean__P01833,7.846685147158908e-06,0.0
months_since_baseline,7.80028292857483e-06,0.0
lag1__protein_npx__P00441,7.776464971113846e-06,0.0
slope1__peptide_mean__P05090,7.768920944674803e-06,0.0
delta1__peptide_std__P08493,7.759395455251647e-06,0.0
delta1__protein_npx__O00533,7.745448717895261e-06,0.0
peptide_log__AYQGVAAPFPK,7.741892214709194e-06,0.0
lag1__peptide_mean__P14174,7.726356589540633e-06,0.0
slope1__peptide_count__P30086,7.723191584765117e-06,0.0
rollmean2__peptide_count__P00441,7.686750469092956e-06,0.0
delta1__peptide_log__MASGAANVVGPK,7.682702736487908e-06,0.0
slope1__peptide_mean__Q13283,7.66941980353467e-06,0.0
rollmean2__peptide_count__P51884,7.669035577767126e-06,0.0
missing__peptide_log__C(UniMod_4)RDQLPYIC(UniMod_4)QFGIV,7.65133602378555e-06,0.0
lag1__peptide_log__AEAQEAEDQQAR,7.642572398101235e-06,0.0
lag1__peptide_log__KFPSGTFEQVSQLVK,7.640191411140523e-06,0.0
lag1__peptide_log__LEGQEEEEDNRDSSMK,7.559097994888862e-06,0.0
delta1__peptide_log__FLATTPNSLLVSWQPPR,7.542860049473686e-06,0.0
delta1__peptide_mean__P14314,7.539556616296921e-06,0.0
delta1__peptide_std__P30086,7.521945983811899e-06,0.0
lag1__protein_npx__P02766,7.517484680599215e-06,0.0
rollmean2__peptide_count__P14314,7.457569577077406e-06,0.0
missing__protein_npx__Q9UNU6,7.433796817671626e-06,0.0
delta1__peptide_log__TTPPVLDSDGSFFLYSK,7.393710338767898e-06,0.0
slope1__peptide_mean__P23083,7.369419933098715e-06,0.0
delta1__peptide_mean__P35542,7.362548234994576e-06,0.0
lag1__peptide_mean__P16035,7.33529856123396e-06,0.0
slope1__protein_npx__P41222,7.3308704601989794e-06,0.0
delta1__peptide_log__RGYQLSDVDGVTC(UniMod_4)EDIDEC(UniMod_4)ALPTGGHIC(UniMod_4)SYR,7.329814021392501e-06,0.0
lag1__peptide_log__LGPLVEQGR,7.3264910550187105e-06,0.0
delta1__peptide_mean__P01031,7.324413743228288e-06,0.0
delta1__protein_npx__O14498,7.318345964807313e-06,0.0
peptide_count__P09871,7.299305681494787e-06,0.0
lag1__peptide_log__C(UniMod_4)DSSPDSAEDVRK,7.272497711643902e-06,0.0
slope1__peptide_abundance_std,7.246528257285017e-06,0.0
slope1__peptide_mean__P13987,7.2302206067968e-06,0.0
delta1__protein_npx__P08571,7.208782322362132e-06,0.0
delta1__peptide_mean__Q16610,7.18485857852824e-06,0.0
lag1__peptide_mean__Q15904,7.180478567130435e-06,0.0
missing__peptide_log__DSGFQM(UniMod_35)NQLR,7.162790825325799e-06,0.0
peptide_count__P01877,7.151580395284439e-06,0.0
lag1__protein_npx__P17936,7.150515893915249e-06,0.0
delta1__peptide_std__P25311,7.134207647212396e-06,0.0
delta1__protein_npx__P60174,7.0763372976695385e-06,0.0
peptide_count__O94919,7.064082729085126e-06,0.0
slope1__peptide_log__LQAEAFQAR,7.047133412064168e-06,0.0
lag1__protein_npx__O15240,7.045919204118567e-06,0.0
delta1__protein_npx__P19021,7.039523369614648e-06,0.0
delta1__peptide_std__Q9NQ79,7.035690443768356e-06,0.0
delta1__protein_npx__P08123,7.031055245483097e-06,0.0
delta1__peptide_mean__P00748,6.924773756738338e-06,0.0
delta1__protein_npx__P08133,6.914872220332115e-06,0.0
lag1__peptide_count__P14314,6.892088685983576e-06,0.0
lag1__peptide_mean__Q96BZ4,6.847341740879262e-06,0.0
delta1__peptide_count__Q9NQ79,6.817644289727621e-06,0.0
lag1__peptide_count__Q9UHG2,6.8016010826344325e-06,0.0
rollmean2__peptide_count__P00738,6.801235704464974e-06,0.0
lag1__peptide_mean__Q6UXB8,6.779128823954112e-06,0.0
delta1__peptide_mean__P19652,6.766668879819032e-06,0.0
missing__peptide_count__Q15904,6.754502807889589e-06,0.0
slope1__peptide_log__KVEQAVETEPEPELR,6.7514094755763e-06,0.0
rollmean2__peptide_mean__P13521,6.740253033585945e-06,0.0
rollmean2__peptide_count__P08294,6.659847372763645e-06,0.0
peptide_count__P02649,6.646631544508123e-06,0.0
slope1__peptide_log__QIGSVYR,6.626933853723892e-06,0.0
lag1__protein_npx__O75144,6.593588323110455e-06,0.0
rollmean2__peptide_mean__Q7Z3B1,6.588377482460123e-06,0.0
slope1__protein_npx__Q92823,6.584971880172164e-06,0.0
delta1__peptide_mean__Q99674,6.555287222662556e-06,0.0
peptide_count__Q9NQ79,6.552235279611363e-06,0.0
lag1__peptide_mean__P61769,6.506703546485542e-06,0.0
missing__peptide_mean__P08123,6.502528115281722e-06,0.0
rollmean2__has_previous_visit,6.499627875979314e-06,0.0
slope1__peptide_mean__P01019,6.481002945127076e-06,0.0
delta1__peptide_mean__P98160,6.474000087919095e-06,0.0
rollmean2__protein_npx__O00533,6.445552107227461e-06,0.0
lag1__peptide_count__P02647,6.441463676516392e-06,0.0
lag1__protein_npx__O14498,6.439259274650927e-06,0.0
slope1__protein_npx__Q16270,6.4012417047186205e-06,0.0
rollmean2__peptide_count__P09871,6.355539844617762e-06,0.0
slope1__peptide_mean__P40925,6.331453447114427e-06,0.0
slope1__protein_npx__P07195,6.32414319588288e-06,0.0
missing__peptide_mean__Q9UKV8,6.323982229059368e-06,0.0
missing__peptide_log__VQAAVGTSAAPVPSDNH,6.314245022821628e-06,0.0
slope1__peptide_mean__P02787,6.309688079516486e-06,0.0
lag1__peptide_mean__P05452,6.308961783244552e-06,0.0
slope1__protein_npx__P04180,6.306471049896667e-06,0.0
slope1__peptide_log__AKLEEQAQQIR,6.299426260350913e-06,0.0
slope1__peptide_feature_count,6.289314494698823e-06,0.0
lag1__peptide_log__ATVNPSAPR,6.2545603140231994e-06,0.0
lag1__protein_npx__P05067,6.234049000558221e-06,0.0
lag1__peptide_log__LQAEAFQAR,6.223839960570816e-06,0.0
lag1__peptide_mean__P02649,6.2205405805236385e-06,0.0
slope1__peptide_std__P01034,6.196439389790292e-06,0.0
delta1__protein_npx__Q9UNU6,6.191706678948086e-06,0.0
lag1__peptide_mean__Q13332,6.181653457084028e-06,0.0
peptide_count__P51884,6.172565194537384e-06,0.0
slope1__protein_npx__P02656,6.166689384291139e-06,0.0
delta1__peptide_mean__P13591,6.152772331735197e-06,0.0
lag1__peptide_mean__P07602,6.151175709423113e-06,0.0
delta1__peptide_mean__P10909,6.150181187825936e-06,0.0
slope1__peptide_mean__P05546,6.143947421263969e-06,0.0
delta1__peptide_mean__P13671,6.142589859854567e-06,0.0
rollmean2__peptide_count__P18065,6.139403637702298e-06,0.0
lag1__peptide_mean__P19827,6.134023771184752e-06,0.0
delta1__peptide_mean__P60174,6.126754406560834e-06,0.0
peptide_count__P07339,6.117585522292616e-06,0.0
missing__peptide_count__P60174,6.111519201304423e-06,0.0
slope1__protein_npx__P01031,6.064405105385422e-06,0.0
peptide_count__P25311,6.049682280778687e-06,0.0
delta1__peptide_std__Q9UHG2,6.016136663827453e-06,0.0
peptide_count__P02647,6.014032089701836e-06,0.0
delta1__peptide_count__P02768,5.997520435159402e-06,0.0
delta1__peptide_std__P08571,5.988887104290034e-06,0.0
rollmean2__peptide_count__P19652,5.96726661828509e-06,0.0
lag1__peptide_log__SC(UniMod_4)SPELQQK,5.961105040076145e-06,0.0
slope1__peptide_log__TTPPVLDSDGSFFLYSR,5.959922969406874e-06,0.0
lag1__peptide_count__P02671,5.947202777135624e-06,0.0
lag1__peptide_count__P02763,5.941184660965514e-06,0.0
slope1__peptide_log__WELALGR,5.934915810043263e-06,0.0
current_medication_unknown,5.923439503333016e-06,0.0
slope1__peptide_count__P06727,5.907217290119255e-06,0.0
peptide_count__P02768,5.901181679728776e-06,0.0
delta1__peptide_log__SSQGGSLPSEEK,5.894597008995452e-06,0.0
lag1__peptide_mean__Q9UKV8,5.884908198218694e-06,0.0
delta1__protein_npx__Q7Z5P9,5.878246625321334e-06,0.0
delta1__peptide_log__RLEGQEEEEDNRDSSMK,5.838831082135552e-06,0.0
lag1__protein_npx__O43505,5.807993513707956e-06,0.0
missing__peptide_log__YYWGGQYTWDMAK,5.80560235033393e-06,0.0
slope1__protein_npx__P02787,5.7808409586695655e-06,0.0
delta1__peptide_log__SLAAAAGKQELAK,5.760454646500002e-06,0.0
delta1__protein_npx__P49588,5.731045070180194e-06,0.0
delta1__peptide_log__TPLGDTTHTC(UniMod_4)PR,5.690037336865768e-06,0.0
delta1__peptide_log__EILSVDC(UniMod_4)STNNPSQAK,5.675960529517471e-06,0.0
delta1__protein_npx__P05408,5.673721507046138e-06,0.0
delta1__protein_npx__P23083,5.621255675228354e-06,0.0
slope1__peptide_mean__Q8NE71,5.603125018900359e-06,0.0
delta1__protein_npx__Q99674,5.591988432325689e-06,0.0
missing__protein_npx__P01031,5.574326277799525e-06,0.0
slope1__peptide_count__Q6UXB8,5.567905789765477e-06,0.0
delta1__protein_npx__P01621,5.537676369658389e-06,0.0
slope1__peptide_count__P10909,5.524907564207147e-06,0.0
slope1__peptide_count__Q12805,5.50104991837743e-06,0.0
rollmean2__protein_npx__P13473,5.469265668741892e-06,0.0
delta1__peptide_std__P16035,5.442482197570947e-06,0.0
lag1__protein_npx__Q14508,5.4323956314258016e-06,0.0
slope1__protein_npx__P14314,5.432244179575307e-06,0.0
delta1__protein_npx__Q92823,5.410868375091105e-06,0.0
lag1__peptide_mean__Q96S96,5.403395360630611e-06,0.0
missing__protein_npx__Q8NE71,5.400757918125285e-06,0.0
slope1__peptide_count__P27169,5.38999646151392e-06,0.0
delta1__protein_npx__P07333,5.366497489475795e-06,0.0
delta1__peptide_mean__Q96S96,5.318494955343681e-06,0.0
delta1__protein_npx__P14314,5.259557833339374e-06,0.0
delta1__protein_npx__Q8NE71,5.242480122021277e-06,0.0
lag1__peptide_count__P09486,5.220750456972829e-06,0.0
rollmean2__peptide_count__P07602,5.1935353723329995e-06,0.0
lag1__peptide_mean__P16152,5.162356126012086e-06,0.0
lag1__protein_npx__Q92520,5.160329527130178e-06,0.0
slope1__protein_npx__P13671,5.1596979673155815e-06,0.0
lag1__peptide_std__P01877,5.156981533905684e-06,0.0
missing__peptide_log__NFPPSQDASGDLYTTSSQLTLPATQC(UniMod_4)PDGK,5.1381243731907656e-06,0.0
rollmean2__peptide_count__P07998,5.126504699157929e-06,0.0
delta1__peptide_count__P07602,5.110991673147208e-06,0.0
lag1__peptide_mean__Q8NE71,5.104898638715e-06,0.0
delta1__peptide_mean__P02753,5.099738473288525e-06,0.0
delta1__peptide_mean__P32754,5.095391608534328e-06,0.0
lag1__peptide_mean__P06454,5.075517737553739e-06,0.0
slope1__protein_npx__Q14624,5.070769408914091e-06,0.0
slope1__protein_npx__P40925,5.0520159289630284e-06,0.0
missing__peptide_std__P14618,5.023575874296424e-06,0.0
delta1__peptide_mean__P49908,5.004635837095789e-06,0.0
peptide_count__P07998,4.996432959362431e-06,0.0
rollmean2__peptide_count__Q08380,4.984708672515709e-06,0.0
lag1__peptide_mean__P10909,4.980348906055476e-06,0.0
missing__current_updrs_4,4.97978619967388e-06,0.0
slope1__peptide_log__VQAAVGTSAAPVPSDNH,4.963951753909512e-06,0.0
lag1__peptide_mean__P05155,4.929508539808235e-06,0.0
delta1__peptide_log__SC(UniMod_4)SPELQQK,4.905004783868412e-06,0.0
lag1__protein_npx__Q96PD5,4.903840455395257e-06,0.0
delta1__peptide_std__O14773,4.8534537493567745e-06,0.0
peptide_count__Q16610,4.850974884981995e-06,0.0
slope1__peptide_mean__Q13332,4.850490553643167e-06,0.0
slope1__peptide_std__P24592,4.84649629254596e-06,0.0
missing__protein_npx__P60174,4.81863798237153e-06,0.0
rollmean2__peptide_mean__Q13449,4.801726100107089e-06,0.0
missing__peptide_mean__P01591,4.79943613251372e-06,0.0
missing__peptide_log__ELDESLQVAER,4.779452032464127e-06,0.0
slope1__peptide_std__Q6UXB8,4.765922421779855e-06,0.0
peptide_count__P19652,4.760105687851503e-06,0.0
delta1__peptide_mean__Q9UBX5,4.74023470599536e-06,0.0
slope1__peptide_mean__P01877,4.731920886608606e-06,0.0
delta1__peptide_count__P02671,4.705915900992842e-06,0.0
lag1__protein_npx__Q92876,4.696865696827002e-06,0.0
missing__peptide_log__SFNRGEC(UniMod_4),4.684635454914648e-06,0.0
lag1__peptide_log__AVGDKLPEC(UniMod_4)EADDGC(UniMod_4)PKPPEIAHGYVEHSVR,4.666074202686871e-06,0.0
lag1__peptide_count__P01834,4.664731051802815e-06,0.0
lag1__peptide_count__P01008,4.651771446797912e-06,0.0
peptide_count__P01019,4.635268728858102e-06,0.0
delta1__protein_npx__Q92876,4.630235221426413e-06,0.0
lag1__peptide_count__P02774,4.5757528132988e-06,0.0
missing__peptide_std__P07711,4.545816638945067e-06,0.0
delta1__protein_npx__P01011,4.523150060536673e-06,0.0
missing__protein_npx__P04406,4.512616156337071e-06,0.0
missing__peptide_mean__Q99969,4.501084204305808e-06,0.0
missing__peptide_std__P14314,4.499687352550014e-06,0.0
delta1__protein_npx__P01019,4.460647778499233e-06,0.0
slope1__protein_npx__P02749,4.443923291889827e-06,0.0
rollmean2__peptide_count__P01042,4.429764952513e-06,0.0
lag1__peptide_mean__P32754,4.3909339020495626e-06,0.0
lag1__peptide_mean__P40925,4.3676466304939755e-06,0.0
slope1__peptide_log__LC(UniMod_4)MGSGLNLC(UniMod_4)EPNNKEGYYGYTGAFR,4.351900849461999e-06,0.0
slope1__protein_npx__Q9HDC9,4.333880767824886e-06,0.0
slope1__protein_npx__P39060,4.316931883157482e-06,0.0
missing__peptide_count__Q13449,4.31057260055459e-06,0.0
missing__peptide_mean__P36980,4.297988499069707e-06,0.0
missing__peptide_count__P32754,4.250003592225279e-06,0.0
lag1__protein_npx__Q12805,4.242261252792654e-06,0.0
lag1__protein_npx__Q9HDC9,4.2310834569454465e-06,0.0
slope1__peptide_mean__Q7Z3B1,4.194931790755024e-06,0.0
delta1__peptide_count__P01042,4.1940559541842215e-06,0.0
lag1__peptide_count__P00748,4.171973011415586e-06,0.0
missing__peptide_mean__P31997,4.166443737088085e-06,0.0
rollmean2__current_medication_on,4.1625452557005275e-06,0.0
slope1__peptide_mean__Q92823,4.160938107538478e-06,0.0
delta1__protein_npx__O00391,4.152874370297581e-06,0.0
delta1__peptide_log__VQAAVGTSAAPVPSDNH,4.142870779401524e-06,0.0
missing__peptide_count__P05408,4.1361737464928145e-06,0.0
delta1__protein_npx__P18065,4.113785690469869e-06,0.0
peptide_count__Q96KN2,4.113256195794607e-06,0.0
lag1__peptide_mean__P55290,4.108493550431064e-06,0.0
missing__peptide_count__P07711,4.1063004691422675e-06,0.0
delta1__months_since_prev_visit,4.1051118678432e-06,0.0
peptide_count__P08697,4.093861265906661e-06,0.0
slope1__peptide_mean__P00450,4.074660346776602e-06,0.0
peptide_count__P05090,4.063814469331002e-06,0.0
delta1__protein_npx__P01042,4.02979316164417e-06,0.0
delta1__peptide_mean__P07333,4.011224006227571e-06,0.0
delta1__peptide_mean__Q96BZ4,3.993479463863482e-06,0.0
slope1__protein_npx__P01608,3.990621090380853e-06,0.0
slope1__peptide_mean__P13521,3.968664534148463e-06,0.0
missing__peptide_count__P31997,3.949806156632491e-06,0.0
peptide_count__P54289,3.905594993495366e-06,0.0
slope1__peptide_log__C(UniMod_4)TSTGWIPAPR,3.883433143760731e-06,0.0
slope1__peptide_mean__P13591,3.879267904625926e-06,0.0
lag1__protein_npx__P09871,3.877794734709874e-06,0.0
missing__protein_npx__P09104,3.86965048460705e-06,0.0
slope1__peptide_log__LAVYQAGAR,3.844705786785818e-06,0.0
delta1__protein_npx__P01780,3.843750009474241e-06,0.0
rollmean2__peptide_count__Q16610,3.842586962965199e-06,0.0
peptide_count__P05452,3.842162907252893e-06,0.0
missing__peptide_mean__P06454,3.793672199385459e-06,0.0
rollmean2__peptide_count__P02763,3.7904002398752987e-06,0.0
delta1__protein_npx__Q99435,3.782643313240482e-06,0.0
peptide_mean__P12109,3.7669495410446386e-06,0.0
delta1__peptide_count__P06396,3.762614660282254e-06,0.0
slope1__protein_npx__Q13283,3.7488607816403795e-06,0.0
missing__protein_npx__Q99683,3.7266201610806695e-06,0.0
lag1__peptide_count__P02652,3.7064363750400436e-06,0.0
peptide_count__P01859,3.702127736915196e-06,0.0
slope1__peptide_log__SEALAVDGAGKPGAEEAQDPEGK,3.692871326096325e-06,0.0
missing__peptide_log__QQETAAAETETR,3.6772091533454503e-06,0.0
delta1__peptide_log__C(UniMod_4)TSTGWIPAPR,3.6725301881401003e-06,0.0
delta1__peptide_log__LEGQEEEEDNRDSSMK,3.634863420012745e-06,0.0
missing__protein_npx__Q99832,3.620726013684377e-06,0.0
missing__peptide_log__DSGEGDFLAEGGGVR,3.611533788860963e-06,0.0
missing__peptide_mean__P02792,3.607533716855044e-06,0.0
missing__peptide_count__P16152,3.60449150764515e-06,0.0
peptide_count__P14314,3.6035795364360996e-06,0.0
lag1__peptide_count__P00751,3.5957783843022627e-06,0.0
lag1__peptide_mean__O75326,3.5952345342627136e-06,0.0
missing__peptide_mean__P27169,3.5796443627957957e-06,0.0
delta1__protein_npx__P13611,3.5659627562585405e-06,0.0
lag1__protein_npx__P02649,3.5598268298775096e-06,0.0
delta1__peptide_mean__P01033,3.552483375520278e-06,0.0
slope1__protein_npx__P04004,3.5395742785038563e-06,0.0
slope1__peptide_count__P01857,3.517427356867907e-06,0.0
lag1__protein_npx__O00533,3.5073949801525202e-06,0.0
slope1__protein_npx__P01861,3.5025169448929993e-06,0.0
slope1__peptide_mean__P14618,3.502411521257485e-06,0.0
slope1__peptide_log__QWAGLVEK,3.5018423310809865e-06,0.0
delta1__peptide_count__P05156,3.496948297992109e-06,0.0
slope1__peptide_log__ELDESLQVAER,3.492359309224388e-06,0.0
slope1__peptide_mean__P07195,3.4851760602945956e-06,0.0
slope1__peptide_mean__P08637,3.473086878892005e-06,0.0
delta1__peptide_log__VTSIQDWVQK,3.4696163354087966e-06,0.0
delta1__peptide_log__TKEEYGHSEVVEYYC(UniMod_4)NPR,3.4683030055473244e-06,0.0
delta1__protein_npx__Q9HDC9,3.4508349977282754e-06,0.0
slope1__peptide_mean__P19827,3.4379632726962743e-06,0.0
delta1__peptide_count__P10645,3.4340019917032086e-06,0.0
peptide_count__P02774,3.410151996044923e-06,0.0
slope1__peptide_log__VLLDQLR,3.3976041175102762e-06,0.0
lag1__protein_npx__P05090,3.395384779356602e-06,0.0
lag1__peptide_log__LSNENHGIAQR,3.3873648811610544e-06,0.0
slope1__peptide_mean__P60174,3.363689978575911e-06,0.0
delta1__peptide_mean__P39060,3.344947393715567e-06,0.0
slope1__peptide_mean__P09871,3.3418240490170167e-06,0.0
missing__peptide_count__Q9UNU6,3.3305319054071325e-06,0.0
delta1__peptide_mean__P10643,3.318085083608467e-06,0.0
lag1__protein_npx__P01877,3.3087198348208752e-06,0.0
lag1__peptide_count__P08603,3.271333522133381e-06,0.0
slope1__protein_npx__P13521,3.2693159837159426e-06,0.0
missing__peptide_count__Q6UX71,3.257294222069521e-06,0.0
lag1__protein_npx__Q562R1,3.2516539282940503e-06,0.0
lag1__peptide_count__P08697,3.2278639613685932e-06,0.0
slope1__peptide_count__Q16610,3.2161101457405764e-06,0.0
lag1__peptide_mean__O75144,3.209803285434445e-06,0.0
slope1__protein_npx__P02765,3.200700208975283e-06,0.0
lag1__protein_missing_fraction,3.1957387685197748e-06,0.0
missing__peptide_mean__P11142,3.1566270901408063e-06,0.0
peptide_count__P18065,3.1546089082541285e-06,0.0
peptide_count__P08294,3.1436076678033246e-06,0.0
lag1__peptide_count__P02749,3.1285670101257124e-06,0.0
missing__protein_npx__P05408,3.1239069509231095e-06,0.0
slope1__protein_npx__P55290,3.0994343854487043e-06,0.0
slope1__peptide_mean__P61278,3.0894350890293198e-06,0.0
slope1__peptide_mean__P04207,3.0790701181310992e-06,0.0
lag1__peptide_mean__P01034,3.0372358175811854e-06,0.0
lag1__protein_npx__P36980,3.0366981632457504e-06,0.0
lag1__protein_npx__P19021,3.0324507414335696e-06,0.0
lag1__peptide_mean__P04156,3.0154556529068833e-06,0.0
slope1__protein_npx__P19823,3.008588523466839e-06,0.0
missing__peptide_count__Q99832,2.99731565067149e-06,0.0
peptide_count__P00751,2.996561685371147e-06,0.0
rollmean2__peptide_count__P02652,2.9661470263927963e-06,0.0
missing__peptide_mean__O14773,2.955710843364396e-06,0.0
delta1__peptide_log__ANRPFLVFIR,2.947171470000961e-06,0.0
slope1__protein_npx__P01857,2.938182606822087e-06,0.0
delta1__peptide_mean__Q12907,2.9339613366401067e-06,0.0
delta1__peptide_mean__Q14118,2.932863687570998e-06,0.0
missing__peptide_log__AATGEC(UniMod_4)TATVGKR,2.932300106295237e-06,0.0
lag1__protein_npx__P02751,2.9200122334959422e-06,0.0
slope1__peptide_mean__P02753,2.9188516856580172e-06,0.0
delta1__peptide_mean__Q13740,2.9177733184418643e-06,0.0
slope1__peptide_mean__P02760,2.9157943479679757e-06,0.0
slope1__protein_npx__Q96PD5,2.899352334252212e-06,0.0
lag1__peptide_count__P19823,2.899046600955469e-06,0.0
missing__peptide_count__P02655,2.8930142997216055e-06,0.0
lag1__peptide_count__P06681,2.891597596932938e-06,0.0
slope1__protein_npx__Q7Z5P9,2.8889141509164544e-06,0.0
slope1__peptide_std__P05090,2.8860750342800046e-06,0.0
lag1__protein_npx__Q9UHG2,2.8848737592237627e-06,0.0
slope1__protein_npx__Q8NE71,2.833233337522671e-06,0.0
peptide_count__P10643,2.832819024380396e-06,0.0
slope1__peptide_mean__P31997,2.8243736275284534e-06,0.0
delta1__peptide_log__GEVQAMLGQSTEELRVR,2.819347340728087e-06,0.0
missing__peptide_std__O14773,2.813685511010438e-06,0.0
slope1__protein_npx__P13591,2.8028151134923787e-06,0.0
delta1__protein_npx__Q16270,2.7921229853080267e-06,0.0
slope1__peptide_count__P00747,2.788491712697001e-06,0.0
rollmean2__protein_npx__P19021,2.783967422762798e-06,0.0
missing__peptide_std__Q13740,2.7705939045350175e-06,0.0
delta1__protein_npx__Q99683,2.7393036104028196e-06,0.0
slope1__peptide_mean__Q13449,2.711213541720889e-06,0.0
peptide_count__P02675,2.6912570937388716e-06,0.0
rollmean2__peptide_count__P36222,2.686289368814182e-06,0.0
missing__peptide_std__Q14118,2.6746587669585437e-06,0.0
missing__peptide_mean__P11277,2.671637550297837e-06,0.0
delta1__peptide_count__P05067,2.6196136048789077e-06,0.0
peptide_count__O14773,2.5885385777668485e-06,0.0
lag1__peptide_log__LIADLGSTSITNLGFR,2.581019751553612e-06,0.0
delta1__protein_npx__Q96S96,2.5576887762164593e-06,0.0
missing__peptide_log__NFPPSQDASGDLYTTSSQLTLPATQC(UniMod_4)LAGK,2.5460995465342304e-06,0.0
delta1__peptide_mean__Q7Z3B1,2.5412132831886215e-06,0.0
delta1__peptide_std__P27169,2.532625528308098e-06,0.0
lag1__peptide_count__P07602,2.5054334586424696e-06,0.0
delta1__peptide_mean__P02647,2.5026503738436593e-06,0.0
missing__peptide_mean__Q99829,2.486105220253981e-06,0.0
delta1__peptide_mean__P30086,2.4801281097783055e-06,0.0
slope1__peptide_count__P02774,2.4652770559356197e-06,0.0
rollmean2__peptide_count__Q14515,2.4628947897575878e-06,0.0
lag1__peptide_mean__Q92876,2.461646690641128e-06,0.0
lag1__peptide_mean__P23083,2.444861944389715e-06,0.0
lag1__peptide_mean__P01344,2.4332955922435996e-06,0.0
delta1__protein_npx__P05067,2.4288041114890325e-06,0.0
missing__peptide_log__RGYQLSDVDGVTC(UniMod_4)EDIDEC(UniMod_4)ALPTGGHIC(UniMod_4)SYR,2.4272173644339626e-06,0.0
missing__peptide_std__Q9NQ79,2.4165715205591606e-06,0.0
lag1__protein_npx__Q9NYU2,2.408092590195137e-06,0.0
delta1__peptide_count__P02751,2.400917136634019e-06,0.0
missing__peptide_log__RLEGQEEEEDNRDSSMK,2.388138185028745e-06,0.0
slope1__peptide_log__LGADMEDVC(UniMod_4)GR,2.387860706654199e-06,0.0
missing__peptide_log__FNKPFVFLM(UniMod_35)IEQNTK,2.3843938475173938e-06,0.0
slope1__peptide_mean__Q12907,2.369208992474859e-06,0.0
lag1__peptide_mean__Q99829,2.3616420712184e-06,0.0
lag1__peptide_count__P06396,2.33449147805311e-06,0.0
lag1__protein_npx__P01594,2.30594774150253e-06,0.0
delta1__peptide_std__P07711,2.2948771916689195e-06,0.0
lag1__peptide_count__P02649,2.284540542636861e-06,0.0
lag1__protein_npx__P08133,2.2774530613870632e-06,0.0
delta1__protein_npx__Q562R1,2.265364658708084e-06,0.0
delta1__peptide_count__P01023,2.2523383800468662e-06,0.0
missing__protein_npx__P17936,2.2398220478866116e-06,0.0
rollmean2__peptide_count__Q06481,2.2309486786006428e-06,0.0
slope1__protein_npx__P08637,2.227518264439695e-06,0.0
missing__protein_npx__P01780,2.1937168951921433e-06,0.0
missing__peptide_std__O94919,2.1848814165310773e-06,0.0
lag1__protein_npx__Q96BZ4,2.181179128392091e-06,0.0
slope1__protein_npx__P01833,2.1765001711497856e-06,0.0
lag1__peptide_count__P27169,2.1707809018659545e-06,0.0
peptide_count__P01857,2.156067589235663e-06,0.0
delta1__peptide_mean__P07195,2.1537390790679005e-06,0.0
lag1__peptide_mean__Q12805,2.1361995141156104e-06,0.0
slope1__peptide_mean__Q9UHG2,2.130326926935701e-06,0.0
lag1__peptide_count__P07998,2.121145222624821e-06,0.0
delta1__peptide_count__P02765,2.1013969391012377e-06,0.0
delta1__peptide_mean__P13521,2.0988243236311534e-06,0.0
rollmean2__peptide_count__P02750,2.0556151759680337e-06,0.0
slope1__peptide_mean__P02649,2.039958145143854e-06,0.0
missing__protein_npx__Q96S96,2.0326261551204523e-06,0.0
delta1__peptide_log__LGPLVEQGR,2.0057371057939963e-06,0.0
delta1__protein_npx__P04211,2.0038122970132055e-06,0.0
slope1__protein_feature_count,1.989999276565215e-06,0.0
missing__peptide_log__TTPPVLDSDGSFFLYSR,1.9718539307698535e-06,0.0
missing__peptide_mean__P19827,1.934452120335784e-06,0.0
lag1__peptide_log__LRTEGDGVYTLNNEKQWINK,1.932666175678767e-06,0.0
missing__peptide_count__P23083,1.925908699736008e-06,0.0
slope1__peptide_mean__P61626,1.9130358469542787e-06,0.0
slope1__peptide_count__P09871,1.8933577365304484e-06,0.0
slope1__peptide_count__P02765,1.8922804870216581e-06,0.0
missing__peptide_count__Q96S96,1.891749249174707e-06,0.0
missing__peptide_log__TTPPVLDSDGSFFLYSK,1.8913772022413278e-06,0.0
slope1__peptide_log__LVGGPM(UniMod_35)DASVEEEGVRR,1.8769065455170932e-06,0.0
missing__peptide_mean__Q96BZ4,1.8742471639756467e-06,0.0
slope1__peptide_mean__Q9UNU6,1.8717136914702467e-06,0.0
lag1__protein_npx__P36955,1.867987844865481e-06,0.0
lag1__peptide_mean__P13987,1.8647708496613626e-06,0.0
delta1__peptide_log__YVM(UniMod_35)LPVADQDQC(UniMod_4)IR,1.8542336428704685e-06,0.0
missing__peptide_mean__P01031,1.8442203339612522e-06,0.0
slope1__protein_npx__Q06481,1.8194737326826047e-06,0.0
delta1__protein_npx__P43121,1.8014325072229434e-06,0.0
delta1__protein_npx__Q13740,1.7991734282636916e-06,0.0
slope1__protein_npx__P01034,1.7812194270594946e-06,0.0
delta1__peptide_count__Q96KN2,1.7679735316423202e-06,0.0
peptide_count__P05156,1.7378326328484374e-06,0.0
slope1__peptide_mean__P01608,1.7370685058933774e-06,0.0
lag1__peptide_count__P00441,1.735921737253736e-06,0.0
delta1__peptide_mean__O75326,1.7224114949938521e-06,0.0
delta1__protein_npx__Q9Y6R7,1.7172432698096853e-06,0.0
delta1__peptide_count__P07711,1.7104970527811684e-06,0.0
slope1__peptide_mean__P07858,1.7041479838704062e-06,0.0
rollmean2__protein_npx__P13987,1.6911824030605891e-06,0.0
slope1__peptide_mean__P09486,1.6906451936955037e-06,0.0
missing__peptide_log__TSPVDEKALQDQLVLVAAK,1.6643186266912059e-06,0.0
delta1__peptide_log__LC(UniMod_4)MGSGLNLC(UniMod_4)EPNNKEGYYGYTGAFR,1.6287760284103987e-06,0.0
delta1__protein_npx__P43652,1.615508568309488e-06,0.0
slope1__protein_npx__P02792,1.6074747923581178e-06,0.0
delta1__peptide_count__Q96PD5,1.6042217944461887e-06,0.0
missing__peptide_log__HYTNPSQDVTVPC(UniMod_4)PVPPPPPC(UniMod_4)C(UniMod_4)HPR,1.5957048008273878e-06,0.0
rollmean2__peptide_count__P30086,1.5725128054468335e-06,0.0
lag1__peptide_mean__Q562R1,1.5715365549554497e-06,0.0
delta1__peptide_mean__P14174,1.5678761192638109e-06,0.0
missing__peptide_count__P14314,1.5661995595062052e-06,0.0
missing__protein_npx__P13671,1.558420164185123e-06,0.0
delta1__protein_npx__P01608,1.5551427686739188e-06,0.0
rollmean2__peptide_count__P55290,1.5420982841422566e-06,0.0
lag1__protein_npx__P61769,1.5210322702220303e-06,0.0
peptide_count__O15240,1.5141809013429978e-06,0.0
lag1__peptide_log__NPDPWAK,1.5051808621148168e-06,0.0
lag1__protein_npx__Q9UBX5,1.5004767169995591e-06,0.0
delta1__protein_npx__O43505,1.4917837629466142e-06,0.0
rollmean2__peptide_count__P98160,1.4894700835614224e-06,0.0
slope1__peptide_mean__O60888,1.4746773122792233e-06,0.0
missing__protein_npx__P02655,1.4729783261159671e-06,0.0
slope1__peptide_mean__P20774,1.4717013723850444e-06,0.0
lag1__protein_npx__P13987,1.4706950760269283e-06,0.0
lag1__protein_npx__P13521,1.4651080793756574e-06,0.0
missing__peptide_count__Q13740,1.4638665038525505e-06,0.0
delta1__protein_npx__P05090,1.4608332223614407e-06,0.0
delta1__protein_npx__P31997,1.4450288435373285e-06,0.0
missing__protein_npx__Q9HDC9,1.4430206737613332e-06,0.0
slope1__peptide_mean__P00441,1.4296207077280133e-06,0.0
lag1__peptide_mean__P07339,1.4172021547514797e-06,0.0
missing__peptide_mean__P02655,1.414778136505209e-06,0.0
lag1__peptide_count__O15240,1.4065931870721024e-06,0.0
slope1__protein_npx__P60174,1.398200701670089e-06,0.0
missing__protein_npx__P01861,1.3871656674716295e-06,0.0
lag1__peptide_count__P13591,1.3861018621792285e-06,0.0
delta1__peptide_mean__P02655,1.3725484301390793e-06,0.0
slope1__protein_npx__Q02818,1.3555803586154246e-06,0.0
lag1__peptide_mean__O14498,1.3459623523679845e-06,0.0
missing__peptide_mean__Q96S96,1.3365608164458735e-06,0.0
missing__peptide_std__P17174,1.3352717538545343e-06,0.0
lag1__protein_npx__P16035,1.3309140915198013e-06,0.0
peptide_count__P98160,1.3232925789097503e-06,0.0
peptide_count__P04180,1.2976551379834024e-06,0.0
delta1__protein_npx__Q13451,1.2802397254228033e-06,0.0
lag1__peptide_count__P43652,1.2741342026230274e-06,0.0
lag1__peptide_std__P02649,1.2689007149217e-06,0.0
delta1__current_medication_unknown,1.256506743163199e-06,0.0
rollmean2__peptide_count__P01019,1.2451593962982704e-06,0.0
lag1__peptide_count__P00450,1.2188286068363954e-06,0.0
slope1__peptide_log__AYKSELEEQLTPVAEETR,1.2185627629016046e-06,0.0
missing__protein_npx__P19827,1.188153678397733e-06,0.0
lag1__peptide_count__P01023,1.1639301545528867e-06,0.0
lag1__peptide_count__P51884,1.162271448565231e-06,0.0
missing__peptide_mean__Q9BY67,1.1566262627578584e-06,0.0
peptide_count__P05546,1.154634030851533e-06,0.0
lag1__peptide_count__P43121,1.1470146900275937e-06,0.0
slope1__peptide_mean__P02747,1.1273198868362315e-06,0.0
lag1__peptide_count__Q12841,1.1097596406152179e-06,0.0
missing__peptide_count__O75326,1.1092314274202305e-06,0.0
lag1__protein_npx__Q02818,1.0907885839380672e-06,0.0
slope1__current_medication_unknown,1.0872082146272077e-06,0.0
delta1__peptide_std__P17174,1.0645178841621623e-06,0.0
slope1__protein_npx__P07602,1.0543741314325728e-06,0.0
delta1__peptide_count__P19652,1.0260513172331404e-06,0.0
missing__peptide_mean__P01861,9.819967757381483e-07,0.0
slope1__peptide_log__TKEEYGHSEVVEYYC(UniMod_4)NPR,9.78973039840203e-07,0.0
slope1__peptide_mean__P49588,9.730576703783199e-07,0.0
lag1__peptide_mean__P00746,9.709083758421022e-07,0.0
missing__peptide_mean__P60174,9.446728289623853e-07,0.0
missing__peptide_mean__P01608,9.432019730503698e-07,0.0
delta1__peptide_count__P00748,9.430306726158366e-07,0.0
missing__protein_npx__P32754,9.284910028890577e-07,0.0
lag1__peptide_count__P00734,9.2438322647113e-07,0.0
delta1__protein_npx__P10451,9.222875042080469e-07,0.0
slope1__peptide_mean__Q96BZ4,9.213714257857733e-07,0.0
lag1__protein_npx__Q96KN2,9.126284197664759e-07,0.0
lag1__peptide_mean__Q9UNU6,9.009490438436225e-07,0.0
lag1__peptide_count__P02675,8.995373859330285e-07,0.0
slope1__protein_npx__P10645,8.919283973966296e-07,0.0
missing__peptide_mean__P09104,8.916714703613598e-07,0.0
missing__protein_npx__O00391,8.844467139598296e-07,0.0
missing__peptide_mean__P01780,8.802366303834788e-07,0.0
missing__peptide_mean__Q99832,8.776992518009159e-07,0.0
missing__protein_npx__P20933,8.689137474934217e-07,0.0
rollmean2__peptide_count__P01859,8.655989729764294e-07,0.0
delta1__protein_npx__P04406,8.616470660000144e-07,0.0
slope1__protein_npx__P01011,8.605092595915987e-07,0.0
slope1__peptide_count__P01009,8.589966286481436e-07,0.0
rollmean2__peptide_count__P02760,8.542449440869163e-07,0.0
rollmean2__peptide_count__P05156,8.505701329707391e-07,0.0
delta1__protein_npx__O14791,8.394119095552906e-07,0.0
delta1__peptide_count__P04075,8.278838125320561e-07,0.0
lag1__peptide_log__TTPPVLDSDGSFFLYSR,8.131564113244371e-07,0.0
missing__peptide_mean__P23083,8.113855629277405e-07,0.0
missing__protein_npx__Q99829,8.085919214429736e-07,0.0
rollmean2__peptide_count__P02766,8.070372115239207e-07,0.0
missing__peptide_mean__Q562R1,8.033529176697233e-07,0.0
peptide_count__P00441,7.944715753845921e-07,0.0
delta1__protein_npx__P36222,7.765280851603365e-07,0.0
missing__peptide_count__P08133,7.720533741870018e-07,0.0
lag1__peptide_mean__P13591,7.719498602946172e-07,0.0
lag1__protein_npx__P04075,7.706427577322668e-07,0.0
missing__peptide_log__YVM(UniMod_35)LPVADQDQC(UniMod_4)IR,7.643043793512262e-07,0.0
slope1__peptide_count__P01877,7.609010211546382e-07,0.0
lag1__peptide_mean__Q9Y646,7.532622839517696e-07,0.0
peptide_count__P07602,7.458965617557956e-07,0.0
missing__peptide_mean__O14791,7.424742380466474e-07,0.0
peptide_count__P12109,7.402985962260469e-07,0.0
missing__protein_npx__Q13449,7.39487581784303e-07,0.0
lag1__protein_npx__P08294,7.295895353312746e-07,0.0
slope1__protein_npx__P01594,7.289179654213292e-07,0.0
missing__peptide_mean__P05408,7.251537134270529e-07,0.0
lag1__protein_npx__Q7Z3B1,7.248114121400768e-07,0.0
missing__peptide_count__P13671,7.17504327753434e-07,0.0
slope1__peptide_mean__Q13740,7.167236577111788e-07,0.0
missing__peptide_count__P01031,7.164651858894514e-07,0.0
slope1__protein_npx__P01591,7.068674983452196e-07,0.0
missing__peptide_log__LRTEGDGVYTLNNEK,7.050758603182585e-07,0.0
lag1__peptide_log__ILTC(UniMod_4)M(UniMod_35)QGMEEIR,7.009375663789383e-07,0.0
missing__peptide_count__Q99683,6.879480361918145e-07,0.0
rollmean2__peptide_count__P27169,6.878098605564052e-07,0.0
slope1__peptide_mean__P07225,6.854281088572721e-07,0.0
rollmean2__peptide_count__P01011,6.738234244657151e-07,0.0
delta1__peptide_count__P08603,6.703038121688541e-07,0.0
peptide_count__Q13740,6.669883888232312e-07,0.0
missing__peptide_mean__P13671,6.609740531649959e-07,0.0
delta1__peptide_count__P00738,6.348500106121425e-07,0.0
slope1__protein_npx__P36222,6.250515317383237e-07,0.0
missing__protein_npx__Q99435,6.212937298971532e-07,0.0
peptide_count__P00736,6.210575392860121e-07,0.0
slope1__protein_npx__P19827,6.129644050755098e-07,0.0
peptide_count__P27169,6.096757061130192e-07,0.0
missing__peptide_count__Q9UKV8,5.895298088932614e-07,0.0
lag1__peptide_count__Q06481,5.881489952494265e-07,0.0
rollmean2__peptide_count__P05090,5.818007748601226e-07,0.0
lag1__peptide_count__P05155,5.808012471156191e-07,0.0
peptide_count__P17174,5.804549146552921e-07,0.0
delta1__peptide_count__P01834,5.711988031901403e-07,0.0
lag1__peptide_count__P04180,5.583421377657266e-07,0.0
peptide_count__Q9UHG2,5.561959495989576e-07,0.0
slope1__protein_npx__P14174,5.551190917596417e-07,0.0
delta1__peptide_count__P02647,5.361829277010835e-07,0.0
peptide_count__Q12805,5.330965843429299e-07,0.0
rollmean2__peptide_count__P39060,5.267152619508413e-07,0.0
slope1__peptide_mean__P19021,5.19798471811236e-07,0.0
missing__protein_npx__P01591,5.145625587927875e-07,0.0
slope1__protein_npx__P07858,4.955949078419311e-07,0.0
missing__peptide_std__O75144,4.954246033111223e-07,0.0
lag1__peptide_count__P10909,4.91102260461119e-07,0.0
slope1__protein_npx__Q6UX71,4.886834189797982e-07,0.0
missing__peptide_log__ELSSFIDKGQELC(UniMod_4)ADYSENTFTEYK,4.84110504629963e-07,0.0
lag1__peptide_count__Q13740,4.806248376502574e-07,0.0
delta1__peptide_mean__P17936,4.797503480276324e-07,0.0
delta1__peptide_count__P07339,4.7202824456437663e-07,0.0
slope1__peptide_mean__O14791,4.4683767381497383e-07,0.0
missing__peptide_count__Q02818,4.441136051033349e-07,0.0
slope1__protein_npx__Q9NQ79,4.3609804253328685e-07,0.0
slope1__protein_npx__Q562R1,4.355610462775544e-07,0.0
missing__peptide_mean__O00391,4.348774620638748e-07,0.0
missing__peptide_log__SC(UniMod_4)SPELQQK,4.328798730703964e-07,0.0
lag1__peptide_std__P14314,4.326670968722466e-07,0.0
missing__peptide_count__P04406,4.156652059099283e-07,0.0
missing__peptide_count__P08253,4.11714225035004e-07,0.0
lag1__peptide_count__O14773,4.0987071733779574e-07,0.0
missing__peptide_count__P11277,4.096408904929204e-07,0.0
missing__peptide_std__P08493,4.082065706132763e-07,0.0
delta1__peptide_count__P02774,4.0205627863665065e-07,0.0
missing__peptide_count__P49588,4.01049244291315e-07,0.0
missing__peptide_count__P06454,4.001711002308782e-07,0.0
lag1__peptide_mean__P12109,3.8705913037411274e-07,0.0
rollmean2__peptide_count__P07225,3.8068894233047004e-07,0.0
lag1__peptide_mean__P08123,3.725760282712194e-07,0.0
missing__peptide_mean__P17936,3.6501309534983293e-07,0.0
slope1__peptide_log__TSAHGNVAEGETKPDPDVTER,3.636576115304306e-07,0.0
missing__peptide_count__P06310,3.6353966327555965e-07,0.0
lag1__peptide_log__KVEQAVETEPEPELR,3.544434112595314e-07,0.0
missing__peptide_log__HYEGSTVPEK,3.4991023581056875e-07,0.0
rollmean2__peptide_count__P02748,3.486320820252391e-07,0.0
missing__peptide_std__Q06481,3.4105036614881866e-07,0.0
lag1__peptide_count__P98160,3.3405085165470567e-07,0.0
slope1__peptide_log__C(UniMod_4)VDVDEC(UniMod_4)APPAEPC(UniMod_4)GK,3.2744684107331114e-07,0.0
slope1__peptide_count__P02452,3.2554235242209144e-07,0.0
slope1__protein_npx__P05452,3.2185907194770055e-07,0.0
peptide_count__P61769,3.0191721119114255e-07,0.0
delta1__peptide_log__C(UniMod_4)VDVDEC(UniMod_4)APPAEPC(UniMod_4)GK,3.0150149929264917e-07,0.0
missing__peptide_log__SNSSM(UniMod_35)HITDC(UniMod_4)R,2.996662741914084e-07,0.0
slope1__peptide_count__Q9UHG2,2.9098738269614845e-07,0.0
lag1__peptide_count__P17174,2.8369849453656374e-07,0.0
lag1__peptide_mean__O60888,2.8193524671610977e-07,0.0
missing__peptide_count__Q99435,2.6179512433564837e-07,0.0
peptide_count__P02763,2.480083907088098e-07,0.0
slope1__peptide_std__P02656,2.4502171207848726e-07,0.0
lag1__peptide_count__O00584,2.4394009379490317e-07,0.0
missing__peptide_mean__Q9HDC9,2.4272663762788205e-07,0.0
rollmean2__peptide_count__Q12841,2.3887626224143157e-07,0.0
slope1__protein_npx__P08253,2.3735965594063294e-07,0.0
slope1__peptide_mean__P07333,2.345974295215196e-07,0.0
missing__peptide_mean__P04406,2.2857582737177968e-07,0.0
lag1__peptide_count__P25311,2.1887819687198376e-07,0.0
delta1__peptide_mean__P02656,2.1858559689288193e-07,0.0
lag1__peptide_count__P02452,2.1691090184842776e-07,0.0
slope1__protein_npx__P09104,1.9710740311404256e-07,0.0
lag1__peptide_mean__P17936,1.9675824385412817e-07,0.0
missing__protein_npx__P06310,1.8763794192069207e-07,0.0
missing__protein_npx__P01833,1.8682585668387816e-07,0.0
lag1__protein_npx__Q13449,1.835352757487655e-07,0.0
slope1__peptide_count__P04004,1.6710007780773713e-07,0.0
lag1__peptide_count__P61916,1.6622918116883476e-07,0.0
slope1__protein_npx__Q96S96,1.6577011289087854e-07,0.0
missing__peptide_count__P01833,1.6417555430676563e-07,0.0
lag1__protein_npx__P01344,1.6086772894127852e-07,0.0
lag1__peptide_count__P12109,1.598172691778818e-07,0.0
slope1__peptide_count__P14314,1.293383273039386e-07,0.0
lag1__peptide_count__P30086,1.257584180072458e-07,0.0
missing__peptide_mean__P13611,1.2348933340686314e-07,0.0
delta1__peptide_count__P01859,1.2014572268315605e-07,0.0
rollmean2__peptide_count__O15394,1.1928074359793794e-07,0.0
slope1__peptide_count__P02649,1.1705026085246808e-07,0.0
delta1__peptide_mean__O60888,1.155781910934372e-07,0.0
lag1__protein_npx__P54289,1.0787965944156241e-07,0.0
lag1__protein_npx__Q13332,1.0738114230684406e-07,0.0
delta1__peptide_mean__P19021,1.051307781106989e-07,0.0
lag1__peptide_count__P05156,1.0139736686517648e-07,0.0
missing__peptide_std__P02452,1.013483612385925e-07,0.0
delta1__has_previous_visit,9.996970970078268e-08,0.0
missing__peptide_mean__Q9UNU6,9.965405147556956e-08,0.0
slope1__visit_index,9.915735313439008e-08,0.0
missing__peptide_log__TPVSDRVTK,9.900760862298116e-08,0.0
missing__peptide_count__P01594,9.856468494524348e-08,0.0
lag1__peptide_mean__P09104,9.79350809051095e-08,0.0
rollmean2__peptide_count__P09486,9.123910362239624e-08,0.0
peptide_count__P01011,9.05901690998053e-08,0.0
slope1__peptide_count__Q92823,8.848516354231397e-08,0.0
missing__peptide_count__Q6UXD5,8.216431678715222e-08,0.0
delta1__peptide_mean__P04406,8.086376576686292e-08,0.0
missing__peptide_std__Q6UXB8,7.258497448619126e-08,0.0
lag1__peptide_count__P00736,7.088084441422108e-08,0.0
lag1__peptide_count__P02751,7.056861963356841e-08,0.0
missing__peptide_count__P07333,6.951187358533813e-08,0.0
missing__protein_npx__P36980,6.81059526070738e-08,0.0
missing__protein_npx__Q9BY67,6.675346815042588e-08,0.0
lag1__protein_feature_count,5.922087277112439e-08,0.0
slope1__peptide_count__P02751,4.8993767674582866e-08,0.0
missing__peptide_std__O15394,4.8378201887180575e-08,0.0
peptide_count__P05155,4.565395259080726e-08,0.0
slope1__peptide_log__MYYSAVDPTKDIFTGLIGPM(UniMod_35)K,4.186906308209735e-08,0.0
lag1__peptide_count__P01042,3.547860564708084e-08,0.0
missing__peptide_log__M(UniMod_35)ASGAANVVGPK,3.236062456419152e-08,0.0
lag1__peptide_count__P24592,3.169037969892262e-08,0.0
missing__peptide_count__Q9NYU2,3.075685947562895e-08,0.0
rollmean2__peptide_count__P08571,3.002649952011603e-08,0.0
slope1__peptide_count__P02768,2.8664888802219944e-08,0.0
peptide_count__P08493,2.6545549062691933e-08,0.0
peptide_count__P02765,2.6508044967011775e-08,0.0
lag1__peptide_mean__O00391,2.6410355998741985e-08,0.0
missing__peptide_count__P01591,2.5050239379574875e-08,0.0
missing__peptide_mean__P36955,0.0,0.0
missing__peptide_mean__P36222,0.0,0.0
missing__peptide_mean__P35542,0.0,0.0
missing__peptide_mean__P30086,0.0,0.0
missing__peptide_mean__P25311,0.0,0.0
missing__peptide_mean__P24592,0.0,0.0
missing__peptide_mean__P23142,0.0,0.0
missing__peptide_mean__P20774,0.0,0.0
missing__peptide_mean__P19823,0.0,0.0
missing__peptide_mean__P19652,0.0,0.0
missing__peptide_std__P05060,0.0,0.0
missing__peptide_mean__P17174,0.0,0.0
missing__peptide_mean__P16870,0.0,0.0
missing__peptide_mean__P16070,0.0,0.0
missing__peptide_mean__P16035,0.0,0.0
missing__peptide_mean__P14618,0.0,0.0
missing__peptide_mean__P14314,0.0,0.0
missing__peptide_mean__P14174,0.0,0.0
missing__peptide_mean__P13987,0.0,0.0
missing__peptide_mean__P13591,0.0,0.0
missing__peptide_mean__P13521,0.0,0.0
missing__peptide_mean__P13473,0.0,0.0
missing__peptide_mean__P12109,0.0,0.0
missing__peptide_mean__P18065,0.0,0.0
missing__peptide_mean__Q13332,0.0,0.0
missing__peptide_mean__Q13283,0.0,0.0
missing__peptide_mean__Q12907,0.0,0.0
missing__peptide_mean__Q12841,0.0,0.0
missing__peptide_mean__Q12805,0.0,0.0
missing__peptide_mean__Q08380,0.0,0.0
missing__peptide_mean__Q06481,0.0,0.0
missing__peptide_mean__Q02818,0.0,0.0
missing__peptide_mean__P98160,0.0,0.0
missing__peptide_mean__P80748,0.0,0.0
missing__peptide_mean__P61916,0.0,0.0
missing__peptide_mean__P39060,0.0,0.0
missing__peptide_mean__P61626,0.0,0.0
missing__peptide_mean__P61278,0.0,0.0
missing__peptide_mean__P55290,0.0,0.0
missing__peptide_mean__P51884,0.0,0.0
missing__peptide_mean__P49908,0.0,0.0
missing__peptide_mean__P49588,0.0,0.0
missing__peptide_mean__P43652,0.0,0.0
missing__peptide_mean__P43251,0.0,0.0
missing__peptide_mean__P43121,0.0,0.0
missing__peptide_mean__P41222,0.0,0.0
missing__peptide_mean__P40925,0.0,0.0
missing__peptide_mean__P61769,0.0,0.0
missing__peptide_mean__P08637,0.0,0.0
missing__peptide_mean__P08603,0.0,0.0
missing__peptide_mean__P08571,0.0,0.0
missing__peptide_mean__P08493,0.0,0.0
missing__peptide_mean__P08294,0.0,0.0
missing__peptide_mean__P08253,0.0,0.0
missing__peptide_mean__P08133,0.0,0.0
missing__peptide_mean__P07998,0.0,0.0
missing__peptide_mean__P07858,0.0,0.0
missing__peptide_mean__P07711,0.0,0.0
missing__peptide_mean__P07602,0.0,0.0
missing__peptide_mean__P10909,0.0,0.0
missing__peptide_mean__P07333,0.0,0.0
missing__peptide_mean__P07225,0.0,0.0
missing__peptide_mean__P07195,0.0,0.0
missing__peptide_mean__P06727,0.0,0.0
missing__peptide_mean__P06681,0.0,0.0
missing__peptide_mean__P06396,0.0,0.0
missing__peptide_mean__P05546,0.0,0.0
missing__peptide_mean__P05452,0.0,0.0
missing__peptide_mean__P05156,0.0,0.0
missing__peptide_mean__P05155,0.0,0.0
missing__peptide_mean__P05090,0.0,0.0
missing__peptide_mean__P07339,0.0,0.0
missing__peptide_mean__P10645,0.0,0.0
missing__peptide_mean__P10643,0.0,0.0
missing__peptide_mean__P10451,0.0,0.0
missing__peptide_mean__P09871,0.0,0.0
missing__peptide_mean__P09486,0.0,0.0
missing__peptide_mean__P08697,0.0,0.0
slope1__peptide_mean__Q99832,0.0,0.0
slope1__peptide_mean__Q99683,0.0,0.0
slope1__peptide_mean__Q6UX71,0.0,0.0
delta1__peptide_count__P10451,0.0,0.0
delta1__peptide_count__P09871,0.0,0.0
delta1__peptide_count__P07225,0.0,0.0
delta1__peptide_count__P09104,0.0,0.0
delta1__peptide_count__P08697,0.0,0.0
delta1__peptide_count__P08637,0.0,0.0
delta1__peptide_count__P08571,0.0,0.0
delta1__peptide_count__P08493,0.0,0.0
delta1__peptide_count__P08294,0.0,0.0
delta1__peptide_count__P08253,0.0,0.0
delta1__peptide_count__P08133,0.0,0.0
delta1__peptide_count__P08123,0.0,0.0
delta1__peptide_count__P07998,0.0,0.0
delta1__peptide_count__P07858,0.0,0.0
delta1__peptide_count__P07333,0.0,0.0
delta1__peptide_count__P09486,0.0,0.0
missing__peptide_std__P02649,0.0,0.0
missing__peptide_std__P02647,0.0,0.0
missing__peptide_std__P01877,0.0,0.0
missing__peptide_std__P01876,0.0,0.0
missing__peptide_std__P01860,0.0,0.0
missing__peptide_std__P01859,0.0,0.0
missing__peptide_std__P01857,0.0,0.0
missing__peptide_std__P01834,0.0,0.0
missing__peptide_std__P01042,0.0,0.0
missing__peptide_std__P01034,0.0,0.0
missing__peptide_std__P01024,0.0,0.0
missing__peptide_mean__Q13449,0.0,0.0
missing__peptide_std__P01019,0.0,0.0
missing__peptide_std__P01011,0.0,0.0
missing__peptide_std__P01009,0.0,0.0
missing__peptide_std__P01008,0.0,0.0
missing__peptide_std__P00751,0.0,0.0
missing__peptide_std__P00748,0.0,0.0
missing__peptide_std__P00747,0.0,0.0
missing__peptide_std__P00746,0.0,0.0
missing__peptide_std__P00738,0.0,0.0
missing__peptide_std__P00736,0.0,0.0
missing__peptide_std__P00734,0.0,0.0
missing__peptide_std__P01023,0.0,0.0
missing__peptide_std__P04433,0.0,0.0
missing__peptide_std__P04217,0.0,0.0
missing__peptide_std__P04196,0.0,0.0
missing__peptide_std__P04180,0.0,0.0
missing__peptide_std__P04075,0.0,0.0
missing__peptide_std__P04004,0.0,0.0
missing__peptide_std__P02790,0.0,0.0
missing__peptide_std__P02787,0.0,0.0
missing__peptide_std__P02774,0.0,0.0
missing__peptide_std__P02768,0.0,0.0
missing__peptide_std__P02766,0.0,0.0
missing__peptide_std__P02652,0.0,0.0
missing__peptide_std__P02763,0.0,0.0
missing__peptide_std__P02760,0.0,0.0
missing__peptide_std__P02753,0.0,0.0
missing__peptide_std__P02751,0.0,0.0
missing__peptide_std__P02750,0.0,0.0
missing__peptide_std__P02749,0.0,0.0
missing__peptide_std__P02748,0.0,0.0
missing__peptide_std__P02747,0.0,0.0
missing__peptide_std__P02679,0.0,0.0
missing__peptide_std__P02675,0.0,0.0
missing__peptide_std__P02671,0.0,0.0
missing__peptide_std__P02656,0.0,0.0
missing__peptide_std__P02765,0.0,0.0
delta1__peptide_count__P19827,0.0,0.0
delta1__peptide_count__P19823,0.0,0.0
missing__peptide_mean__Q96PD5,0.0,0.0
missing__peptide_mean__Q96KN2,0.0,0.0
missing__peptide_mean__Q92876,0.0,0.0
missing__peptide_mean__Q92823,0.0,0.0
missing__peptide_mean__Q92520,0.0,0.0
missing__peptide_mean__Q8NE71,0.0,0.0
missing__peptide_mean__Q8NBJ4,0.0,0.0
missing__peptide_mean__Q8N2S1,0.0,0.0
missing__peptide_mean__Q8IWV7,0.0,0.0
missing__peptide_std__P00450,0.0,0.0
missing__peptide_mean__Q7Z3B1,0.0,0.0
missing__peptide_mean__Q6UXB8,0.0,0.0
missing__peptide_mean__Q16610,0.0,0.0
missing__peptide_mean__Q16270,0.0,0.0
missing__peptide_mean__Q15904,0.0,0.0
missing__peptide_mean__Q14624,0.0,0.0
missing__peptide_mean__Q14515,0.0,0.0
missing__peptide_mean__Q14508,0.0,0.0
missing__peptide_mean__Q14118,0.0,0.0
missing__peptide_mean__Q13740,0.0,0.0
missing__peptide_mean__Q13451,0.0,0.0
missing__peptide_mean__Q7Z5P9,0.0,0.0
missing__peptide_std__P00441,0.0,0.0
missing__peptide_std__O15240,0.0,0.0
missing__peptide_std__O00584,0.0,0.0
missing__peptide_std__O00533,0.0,0.0
missing__peptide_mean__Q9Y6R7,0.0,0.0
missing__peptide_mean__Q9Y646,0.0,0.0
missing__peptide_mean__Q9UHG2,0.0,0.0
missing__peptide_mean__Q9UBX5,0.0,0.0
missing__peptide_mean__Q9UBR2,0.0,0.0
missing__peptide_mean__Q9NYU2,0.0,0.0
missing__peptide_mean__Q9NQ79,0.0,0.0
delta1__peptide_count__P20933,0.0,0.0
delta1__peptide_count__P06681,0.0,0.0
delta1__peptide_count__P06454,0.0,0.0
delta1__peptide_count__P06310,0.0,0.0
delta1__peptide_count__P05546,0.0,0.0
delta1__peptide_count__P05452,0.0,0.0
delta1__peptide_count__P05408,0.0,0.0
delta1__peptide_count__P05155,0.0,0.0
delta1__peptide_count__P05090,0.0,0.0
delta1__peptide_count__P25311,0.0,0.0
delta1__peptide_count__P24592,0.0,0.0
delta1__peptide_count__P23142,0.0,0.0
delta1__peptide_count__P23083,0.0,0.0
delta1__peptide_count__P07195,0.0,0.0
delta1__peptide_count__P01591,0.0,0.0
delta1__peptide_count__P01344,0.0,0.0
delta1__peptide_count__P01034,0.0,0.0
delta1__peptide_count__P01033,0.0,0.0
delta1__peptide_count__P01031,0.0,0.0
delta1__peptide_count__P01019,0.0,0.0
delta1__peptide_count__P01011,0.0,0.0
delta1__peptide_count__P01009,0.0,0.0
delta1__peptide_count__P01008,0.0,0.0
delta1__peptide_count__P00751,0.0,0.0
delta1__peptide_count__P05060,0.0,0.0
missing__peptide_mean__P05067,0.0,0.0
delta1__peptide_count__P04406,0.0,0.0
delta1__peptide_count__P04275,0.0,0.0
delta1__peptide_count__P04217,0.0,0.0
delta1__peptide_count__P04216,0.0,0.0
delta1__peptide_count__P04211,0.0,0.0
delta1__peptide_count__P04207,0.0,0.0
delta1__peptide_count__P04196,0.0,0.0
delta1__peptide_count__P04180,0.0,0.0
delta1__peptide_count__P04156,0.0,0.0
missing__protein_npx__Q14515,0.0,0.0
missing__protein_npx__Q14508,0.0,0.0
delta1__peptide_count__P04433,0.0,0.0
missing__protein_npx__Q9NYU2,0.0,0.0
missing__protein_npx__Q9NQ79,0.0,0.0
missing__protein_npx__Q99969,0.0,0.0
missing__protein_npx__Q99674,0.0,0.0
missing__protein_npx__Q96PD5,0.0,0.0
missing__protein_npx__Q96KN2,0.0,0.0
missing__protein_npx__Q96BZ4,0.0,0.0
missing__protein_npx__Q92876,0.0,0.0
missing__protein_npx__Q92823,0.0,0.0
missing__protein_npx__Q92520,0.0,0.0
missing__protein_npx__Q8NBJ4,0.0,0.0
delta1__peptide_count__P01594,0.0,0.0
missing__protein_npx__Q8IWV7,0.0,0.0
missing__protein_npx__Q7Z5P9,0.0,0.0
missing__protein_npx__Q7Z3B1,0.0,0.0
missing__protein_npx__Q6UXB8,0.0,0.0
missing__protein_npx__Q562R1,0.0,0.0
missing__protein_npx__Q16610,0.0,0.0
missing__protein_npx__Q16270,0.0,0.0
missing__protein_npx__Q15904,0.0,0.0
missing__protein_npx__Q14624,0.0,0.0
delta1__peptide_count__P01717,0.0,0.0
delta1__peptide_count__P01621,0.0,0.0
delta1__peptide_count__P01608,0.0,0.0
missing__protein_npx__Q8N2S1,0.0,0.0
missing__protein_npx__P39060,0.0,0.0
missing__protein_npx__P36955,0.0,0.0
missing__protein_npx__P36222,0.0,0.0
missing__protein_npx__P35542,0.0,0.0
missing__protein_npx__P31997,0.0,0.0
missing__protein_npx__P30086,0.0,0.0
missing__protein_npx__P27169,0.0,0.0
missing__protein_npx__P25311,0.0,0.0
missing__protein_npx__P24592,0.0,0.0
missing__protein_npx__P23142,0.0,0.0
missing__protein_npx__P20774,0.0,0.0
missing__protein_npx__Q14118,0.0,0.0
missing__protein_npx__P19652,0.0,0.0
missing__protein_npx__P18065,0.0,0.0
missing__protein_npx__P17174,0.0,0.0
missing__protein_npx__P16870,0.0,0.0
missing__protein_npx__P16152,0.0,0.0
missing__protein_npx__P16070,0.0,0.0
missing__protein_npx__P16035,0.0,0.0
missing__protein_npx__P14618,0.0,0.0
missing__protein_npx__P14174,0.0,0.0
missing__protein_npx__P13987,0.0,0.0
missing__protein_npx__P13611,0.0,0.0
missing__protein_npx__P19823,0.0,0.0
missing__protein_npx__Q13451,0.0,0.0
missing__protein_npx__Q13332,0.0,0.0
missing__protein_npx__Q13283,0.0,0.0
missing__protein_npx__Q12907,0.0,0.0
missing__protein_npx__Q12841,0.0,0.0
missing__protein_npx__Q12805,0.0,0.0
missing__protein_npx__Q08380,0.0,0.0
missing__protein_npx__Q06481,0.0,0.0
missing__protein_npx__Q02818,0.0,0.0
missing__protein_npx__P98160,0.0,0.0
missing__protein_npx__P80748,0.0,0.0
missing__protein_npx__P40925,0.0,0.0
missing__protein_npx__P61769,0.0,0.0
missing__protein_npx__P61626,0.0,0.0
missing__protein_npx__P61278,0.0,0.0
missing__protein_npx__P55290,0.0,0.0
missing__protein_npx__P54289,0.0,0.0
missing__protein_npx__P51884,0.0,0.0
missing__protein_npx__P49908,0.0,0.0
missing__protein_npx__P49588,0.0,0.0
missing__protein_npx__P43652,0.0,0.0
missing__protein_npx__P43251,0.0,0.0
missing__protein_npx__P43121,0.0,0.0
missing__protein_npx__P41222,0.0,0.0
missing__protein_npx__P61916,0.0,0.0
missing__peptide_mean__P02747,0.0,0.0
missing__peptide_mean__P02679,0.0,0.0
missing__peptide_mean__P02675,0.0,0.0
missing__peptide_mean__P02671,0.0,0.0
missing__peptide_mean__P02656,0.0,0.0
missing__peptide_mean__P02652,0.0,0.0
missing__peptide_mean__P02649,0.0,0.0
missing__peptide_mean__P02647,0.0,0.0
missing__peptide_mean__P02452,0.0,0.0
missing__peptide_mean__P01877,0.0,0.0
missing__peptide_mean__P01876,0.0,0.0
missing__protein_npx__Q9UBX5,0.0,0.0
missing__peptide_mean__P01859,0.0,0.0
missing__peptide_mean__P01857,0.0,0.0
missing__peptide_mean__P01834,0.0,0.0
missing__peptide_mean__P01717,0.0,0.0
missing__peptide_mean__P01621,0.0,0.0
missing__peptide_mean__P01594,0.0,0.0
missing__peptide_mean__P01344,0.0,0.0
missing__peptide_mean__P01042,0.0,0.0
missing__peptide_mean__P01034,0.0,0.0
missing__peptide_mean__P01033,0.0,0.0
missing__peptide_mean__P01024,0.0,0.0
missing__peptide_mean__P01860,0.0,0.0
missing__peptide_mean__P05060,0.0,0.0
missing__peptide_mean__P04433,0.0,0.0
missing__peptide_mean__P04275,0.0,0.0
missing__peptide_mean__P04217,0.0,0.0
missing__peptide_mean__P04216,0.0,0.0
missing__peptide_mean__P04211,0.0,0.0
missing__peptide_mean__P04207,0.0,0.0
missing__peptide_mean__P04196,0.0,0.0
missing__peptide_mean__P04180,0.0,0.0
missing__peptide_mean__P04156,0.0,0.0
missing__peptide_mean__P04075,0.0,0.0
missing__peptide_mean__P02748,0.0,0.0
missing__peptide_mean__P02790,0.0,0.0
missing__peptide_mean__P02787,0.0,0.0
missing__peptide_mean__P02774,0.0,0.0
missing__peptide_mean__P02768,0.0,0.0
missing__peptide_mean__P02766,0.0,0.0
missing__peptide_mean__P02765,0.0,0.0
missing__peptide_mean__P02763,0.0,0.0
missing__peptide_mean__P02760,0.0,0.0
missing__peptide_mean__P02753,0.0,0.0
missing__peptide_mean__P02751,0.0,0.0
missing__peptide_mean__P02750,0.0,0.0
missing__peptide_mean__P02749,0.0,0.0
missing__peptide_mean__P04004,0.0,0.0
missing__peptide_mean__P00734,0.0,0.0
missing__peptide_mean__P00450,0.0,0.0
missing__peptide_mean__P00441,0.0,0.0
missing__peptide_mean__O94919,0.0,0.0
missing__peptide_mean__O75144,0.0,0.0
missing__peptide_mean__O60888,0.0,0.0
missing__peptide_mean__O43505,0.0,0.0
missing__peptide_mean__O15394,0.0,0.0
missing__peptide_mean__O15240,0.0,0.0
missing__peptide_mean__O14498,0.0,0.0
missing__peptide_mean__O00584,0.0,0.0
missing__peptide_mean__P01023,0.0,0.0
missing__peptide_observation_count,0.0,0.0
missing__peptide_abundance_sum,0.0,0.0
missing__peptide_abundance_max,0.0,0.0
missing__peptide_abundance_min,0.0,0.0
missing__peptide_abundance_std,0.0,0.0
missing__peptide_abundance_mean,0.0,0.0
missing__protein_missing_fraction,0.0,0.0
missing__protein_feature_count,0.0,0.0
missing__protein_npx__Q9Y6R7,0.0,0.0
missing__protein_npx__Q9Y646,0.0,0.0
missing__protein_npx__Q9UHG2,0.0,0.0
missing__peptide_mean__O00533,0.0,0.0
missing__peptide_mean__P01019,0.0,0.0
missing__peptide_mean__P01011,0.0,0.0
missing__peptide_mean__P01009,0.0,0.0
missing__peptide_mean__P01008,0.0,0.0
missing__peptide_mean__P00751,0.0,0.0
missing__peptide_mean__P00748,0.0,0.0
missing__peptide_mean__P00747,0.0,0.0
missing__peptide_mean__P00746,0.0,0.0
missing__peptide_mean__P00738,0.0,0.0
missing__peptide_mean__P00736,0.0,0.0
delta1__peptide_count__P04004,0.0,0.0
slope1__peptide_std__O94919,0.0,0.0
delta1__peptide_count__P02790,0.0,0.0
delta1__peptide_count__P02787,0.0,0.0
delta1__peptide_count__P02766,0.0,0.0
delta1__peptide_count__P02763,0.0,0.0
delta1__peptide_count__P02760,0.0,0.0
delta1__peptide_count__P02753,0.0,0.0
delta1__peptide_count__P02750,0.0,0.0
delta1__peptide_count__P02749,0.0,0.0
delta1__peptide_count__P02748,0.0,0.0
delta1__peptide_count__P02747,0.0,0.0
delta1__peptide_count__P02679,0.0,0.0
delta1__peptide_count__P02675,0.0,0.0
delta1__peptide_count__P02792,0.0,0.0
missing__peptide_count__P80748,0.0,0.0
missing__peptide_count__P61916,0.0,0.0
missing__peptide_count__P61769,0.0,0.0
missing__peptide_count__P61626,0.0,0.0
missing__peptide_count__P61278,0.0,0.0
missing__peptide_count__P55290,0.0,0.0
slope1__peptide_mean__P01031,0.0,0.0
delta1__peptide_count__Q99683,0.0,0.0
delta1__peptide_count__Q99674,0.0,0.0
delta1__peptide_count__Q99435,0.0,0.0
delta1__peptide_count__Q96S96,0.0,0.0
missing__peptide_std__P05067,0.0,0.0
delta1__peptide_count__Q92876,0.0,0.0
delta1__peptide_count__Q92823,0.0,0.0
delta1__peptide_count__Q92520,0.0,0.0
delta1__peptide_count__Q8NE71,0.0,0.0
delta1__peptide_count__Q8NBJ4,0.0,0.0
delta1__peptide_count__Q8N2S1,0.0,0.0
delta1__peptide_count__Q8IWV7,0.0,0.0
delta1__peptide_count__Q7Z5P9,0.0,0.0
delta1__peptide_count__Q7Z3B1,0.0,0.0
delta1__peptide_count__Q6UXD5,0.0,0.0
missing__peptide_count__P54289,0.0,0.0
delta1__peptide_count__Q96BZ4,0.0,0.0
missing__peptide_count__Q92876,0.0,0.0
missing__peptide_count__Q92823,0.0,0.0
missing__peptide_count__Q92520,0.0,0.0
missing__peptide_count__Q8NE71,0.0,0.0
missing__peptide_count__Q8NBJ4,0.0,0.0
missing__peptide_count__Q8N2S1,0.0,0.0
missing__peptide_count__Q8IWV7,0.0,0.0
missing__peptide_count__Q7Z5P9,0.0,0.0
missing__peptide_count__Q7Z3B1,0.0,0.0
missing__peptide_count__Q6UXB8,0.0,0.0
missing__peptide_count__Q16610,0.0,0.0
missing__peptide_count__P98160,0.0,0.0
missing__peptide_count__Q14624,0.0,0.0
missing__peptide_count__Q14515,0.0,0.0
missing__peptide_count__Q14508,0.0,0.0
missing__peptide_count__Q14118,0.0,0.0
missing__peptide_count__Q13451,0.0,0.0
missing__peptide_count__Q13332,0.0,0.0
missing__peptide_count__Q13283,0.0,0.0
missing__peptide_count__Q12907,0.0,0.0
missing__peptide_count__Q12841,0.0,0.0
missing__peptide_count__Q12805,0.0,0.0
missing__peptide_count__Q08380,0.0,0.0
missing__peptide_count__Q06481,0.0,0.0
missing__peptide_count__Q16270,0.0,0.0
missing__peptide_count__P14174,0.0,0.0
missing__peptide_count__P13987,0.0,0.0
missing__peptide_count__P13611,0.0,0.0
missing__peptide_count__P13591,0.0,0.0
missing__peptide_count__P13521,0.0,0.0
missing__peptide_count__P13473,0.0,0.0
missing__peptide_count__P12109,0.0,0.0
missing__peptide_count__P11142,0.0,0.0
missing__peptide_count__P10909,0.0,0.0
missing__peptide_count__P10645,0.0,0.0
missing__peptide_count__P10643,0.0,0.0
missing__peptide_count__P51884,0.0,0.0
missing__peptide_count__P09871,0.0,0.0
missing__peptide_count__P09486,0.0,0.0
missing__peptide_count__P08697,0.0,0.0
missing__peptide_count__P08603,0.0,0.0
missing__peptide_count__P08571,0.0,0.0
missing__peptide_count__P08493,0.0,0.0
missing__peptide_count__P08294,0.0,0.0
missing__peptide_count__P07998,0.0,0.0
missing__peptide_count__P07858,0.0,0.0
delta1__peptide_count__P55290,0.0,0.0
delta1__peptide_count__P54289,0.0,0.0
missing__peptide_count__P10451,0.0,0.0
missing__peptide_count__P49908,0.0,0.0
missing__peptide_count__P43652,0.0,0.0
missing__peptide_count__P43251,0.0,0.0
missing__peptide_count__P43121,0.0,0.0
missing__peptide_count__P41222,0.0,0.0
missing__peptide_count__P40925,0.0,0.0
missing__peptide_count__P39060,0.0,0.0
missing__peptide_count__P36955,0.0,0.0
missing__peptide_count__P36222,0.0,0.0
missing__peptide_count__P35542,0.0,0.0
missing__peptide_count__P30086,0.0,0.0
missing__peptide_count__P14618,0.0,0.0
missing__peptide_count__P25311,0.0,0.0
missing__peptide_count__P24592,0.0,0.0
missing__peptide_count__P23142,0.0,0.0
missing__peptide_count__P20933,0.0,0.0
missing__peptide_count__P20774,0.0,0.0
missing__peptide_count__P19823,0.0,0.0
missing__peptide_count__P19652,0.0,0.0
missing__peptide_count__P18065,0.0,0.0
missing__peptide_count__P17174,0.0,0.0
missing__peptide_count__P16870,0.0,0.0
missing__peptide_count__P16070,0.0,0.0
missing__peptide_count__P16035,0.0,0.0
missing__peptide_count__P27169,0.0,0.0
missing__peptide_log__VGYVSGWGR,0.0,0.0
missing__peptide_log__VDSGNDVTDIADDGC(UniMod_4)PKPPEIAHGYVEHSVR,0.0,0.0
missing__peptide_log__VC(UniMod_4)PFAGILENGAVR,0.0,0.0
missing__peptide_log__TVVQPSVGAAAGPVVPPC(UniMod_4)PGR,0.0,0.0
missing__peptide_log__TSAHGNVAEGETKPDPDVTER,0.0,0.0
missing__peptide_log__TQVNTQAEQLRR,0.0,0.0
missing__peptide_log__IHWESASLLR,0.0,0.0
missing__months_since_prev_visit,0.0,0.0
missing__months_since_baseline,0.0,0.0
missing__visit_index,0.0,0.0
missing__current_medication_unknown,0.0,0.0
missing__peptide_count__Q96KN2,0.0,0.0
missing__peptide_log__TLLSNLEEAKK,0.0,0.0
missing__peptide_log__TKEEYGHSEVVEYYC(UniMod_4)NPR,0.0,0.0
missing__peptide_log__TEGDGVYTLNNEK,0.0,0.0
missing__peptide_log__LSSWVLLM(UniMod_35)K,0.0,0.0
missing__peptide_log__LSKELQAAQAR,0.0,0.0
missing__peptide_log__LRTEGDGVYTLNNEKQWINK,0.0,0.0
missing__peptide_log__LQAEAFQAR,0.0,0.0
missing__peptide_log__LGPLVEQGR,0.0,0.0
missing__peptide_log__LGADMEDVC(UniMod_4)GR,0.0,0.0
missing__peptide_log__LEGQEEEEDNRDSSMK,0.0,0.0
missing__peptide_log__LC(UniMod_4)MGSGLNLC(UniMod_4)EPNNKEGYYGYTGAFR,0.0,0.0
missing__peptide_log__TM(UniMod_35)LLQPAGSLGSYSYR,0.0,0.0
missing__peptide_log__QWAGLVEK,0.0,0.0
missing__peptide_log__QNC(UniMod_4)ELFEQLGEYK,0.0,0.0
missing__peptide_log__QKVEPLRAELQEGAR,0.0,0.0
missing__peptide_log__QIGSVYR,0.0,0.0
missing__peptide_log__NPDSSTTGPWC(UniMod_4)YTTDPTVR,0.0,0.0
missing__peptide_log__NPDPWAK,0.0,0.0
missing__peptide_log__MYYSAVDPTKDIFTGLIGPM(UniMod_35)K,0.0,0.0
missing__peptide_log__MASGAANVVGPK,0.0,0.0
missing__peptide_log__M(UniMod_35)YLGYEYVTAIR,0.0,0.0
missing__peptide_log__LVGGPM(UniMod_35)DASVEEEGVRR,0.0,0.0
missing__current_updrs_3,0.0,0.0
missing__peptide_log__VKDLATVYVDVLK,0.0,0.0
missing__current_updrs_1,0.0,0.0
missing__peptide_missing_fraction,0.0,0.0
missing__peptide_feature_count,0.0,0.0
missing__peptide_log__YVMLPVADQDQC(UniMod_4)IR,0.0,0.0
missing__peptide_log__YIVSGTPTFVPYLIK,0.0,0.0
missing__peptide_log__WELALGR,0.0,0.0
missing__peptide_log__VYC(UniMod_4)DMNTENGGWTVIQNR,0.0,0.0
missing__peptide_log__VTSIQDWVQK,0.0,0.0
missing__peptide_log__VTLTC(UniMod_4)VAPLSGVDFQLR,0.0,0.0
missing__peptide_log__VQPYLDDFQKK,0.0,0.0
missing__peptide_log__VMPIC(UniMod_4)LPSKDYAEVGR,0.0,0.0
missing__peptide_log__RTPITVVK,0.0,0.0
missing__current_updrs_2,0.0,0.0
delta1__peptide_count__Q14624,0.0,0.0
delta1__peptide_count__Q14515,0.0,0.0
delta1__peptide_count__Q14508,0.0,0.0
delta1__peptide_count__Q14118,0.0,0.0
delta1__peptide_count__Q13740,0.0,0.0
delta1__peptide_count__Q13451,0.0,0.0
delta1__peptide_count__Q13449,0.0,0.0
delta1__peptide_count__Q13332,0.0,0.0
delta1__peptide_count__Q13283,0.0,0.0
slope1__peptide_mean__O00391,0.0,0.0
delta1__peptide_count__Q9Y646,0.0,0.0
missing__peptide_log__LAVYQAGAR,0.0,0.0
missing__peptide_log__ADDKETC(UniMod_4)FAEEGK,0.0,0.0
missing__peptide_log__AATVGSLAGQPLQER,0.0,0.0
missing__peptide_count__Q9Y6R7,0.0,0.0
missing__peptide_count__Q9Y646,0.0,0.0
missing__peptide_count__Q9UHG2,0.0,0.0
missing__peptide_count__Q9UBX5,0.0,0.0
missing__peptide_count__Q9UBR2,0.0,0.0
missing__peptide_count__Q9NQ79,0.0,0.0
missing__peptide_count__Q9HDC9,0.0,0.0
missing__peptide_count__Q9BY67,0.0,0.0
missing__peptide_count__Q96PD5,0.0,0.0
delta1__peptide_count__Q9UNU6,0.0,0.0
missing__peptide_log__KVEQAVETEPEPELR,0.0,0.0
missing__peptide_log__KQELSEAEQATR,0.0,0.0
missing__peptide_log__KAADDTWEPFASGK,0.0,0.0
missing__peptide_log__IMNGEADAMSLDGGFVYIAGK,0.0,0.0
missing__peptide_log__ILTC(UniMod_4)M(UniMod_35)QGMEEIR,0.0,0.0
missing__peptide_log__ILLQGTPVAQMTEDAVDAER,0.0,0.0
missing__peptide_log__TPLGDTTHTC(UniMod_4)PR,0.0,0.0
missing__peptide_log__GYQLSDVDGVTC(UniMod_4)EDIDEC(UniMod_4)ALPTGGHIC(UniMod_4)SYR,0.0,0.0
slope1__protein_npx__O75326,0.0,0.0
slope1__protein_npx__P05408,0.0,0.0
slope1__protein_npx__P04406,0.0,0.0
delta1__peptide_count__Q15904,0.0,0.0
delta1__visit_index,0.0,0.0
delta1__current_medication_on,0.0,0.0
missing__peptide_log__AYKSELEEQLTPVAEETR,0.0,0.0
missing__peptide_log__ATVNPSAPR,0.0,0.0
missing__peptide_log__ANRPFLVFIR,0.0,0.0
missing__peptide_log__ALGISPFHEHAEVVFTANDSGPR,0.0,0.0
missing__peptide_log__AKLEEQAQQIR,0.0,0.0
missing__peptide_log__AEAQEAEDQQAR,0.0,0.0
delta1__peptide_count__Q6UXB8,0.0,0.0
delta1__peptide_count__Q6UX71,0.0,0.0
delta1__peptide_count__Q562R1,0.0,0.0
delta1__peptide_count__Q16270,0.0,0.0
delta1__months_since_baseline,0.0,0.0
delta1__peptide_count__Q12805,0.0,0.0
delta1__peptide_count__Q08380,0.0,0.0
delta1__peptide_count__Q06481,0.0,0.0
delta1__peptide_count__Q02818,0.0,0.0
delta1__peptide_count__P80748,0.0,0.0
delta1__peptide_count__P61916,0.0,0.0
delta1__peptide_count__P61769,0.0,0.0
delta1__peptide_count__P61626,0.0,0.0
delta1__peptide_count__P61278,0.0,0.0
delta1__peptide_count__P60174,0.0,0.0
missing__peptide_std__P51884,0.0,0.0
delta1__peptide_count__P51884,0.0,0.0
missing__peptide_std__P43121,0.0,0.0
missing__peptide_std__P41222,0.0,0.0
missing__peptide_std__P39060,0.0,0.0
missing__peptide_std__P36955,0.0,0.0
missing__peptide_std__P36222,0.0,0.0
missing__peptide_std__P25311,0.0,0.0
missing__peptide_std__P24592,0.0,0.0
missing__peptide_std__P23142,0.0,0.0
missing__peptide_std__P20774,0.0,0.0
missing__peptide_std__P19823,0.0,0.0
missing__peptide_std__P19652,0.0,0.0
missing__peptide_std__P43652,0.0,0.0
missing__peptide_count__O15240,0.0,0.0
missing__peptide_count__O14791,0.0,0.0
missing__peptide_count__O14773,0.0,0.0
missing__peptide_count__O14498,0.0,0.0
missing__peptide_count__O00584,0.0,0.0
missing__peptide_count__O00533,0.0,0.0
missing__peptide_count__O00391,0.0,0.0
missing__peptide_std__Q9UHG2,0.0,0.0
missing__peptide_std__Q9UBX5,0.0,0.0
missing__peptide_std__Q96PD5,0.0,0.0
missing__peptide_std__Q96KN2,0.0,0.0
delta1__peptide_count__Q12907,0.0,0.0
missing__peptide_std__Q92823,0.0,0.0
missing__peptide_std__Q92520,0.0,0.0
missing__peptide_std__Q16610,0.0,0.0
missing__peptide_std__Q16270,0.0,0.0
missing__peptide_std__Q14624,0.0,0.0
missing__peptide_std__Q14515,0.0,0.0
missing__peptide_std__Q12907,0.0,0.0
missing__peptide_std__Q12805,0.0,0.0
missing__peptide_std__Q08380,0.0,0.0
missing__peptide_std__P61916,0.0,0.0
missing__peptide_std__P61769,0.0,0.0
missing__peptide_std__P55290,0.0,0.0
missing__peptide_std__Q92876,0.0,0.0
delta1__peptide_count__P12109,0.0,0.0
delta1__peptide_count__P11277,0.0,0.0
delta1__peptide_count__P11142,0.0,0.0
delta1__peptide_count__P10909,0.0,0.0
delta1__peptide_count__P10643,0.0,0.0
slope1__peptide_mean__P32754,0.0,0.0
missing__peptide_std__P09486,0.0,0.0
missing__peptide_std__P08697,0.0,0.0
missing__peptide_std__P08603,0.0,0.0
missing__peptide_std__P08571,0.0,0.0
missing__peptide_std__P08294,0.0,0.0
missing__peptide_std__P18065,0.0,0.0
missing__peptide_std__P07602,0.0,0.0
missing__peptide_std__P07339,0.0,0.0
missing__peptide_std__P07225,0.0,0.0
missing__peptide_std__P06727,0.0,0.0
missing__peptide_std__P06681,0.0,0.0
missing__peptide_std__P06396,0.0,0.0
missing__peptide_std__P05452,0.0,0.0
missing__peptide_std__P05156,0.0,0.0
missing__peptide_std__P05155,0.0,0.0
missing__peptide_std__P05090,0.0,0.0
missing__peptide_log__VLLDQLR,0.0,0.0
missing__peptide_std__P07998,0.0,0.0
missing__peptide_std__P16870,0.0,0.0
missing__peptide_std__P16070,0.0,0.0
missing__peptide_std__P16035,0.0,0.0
missing__peptide_std__P13987,0.0,0.0
missing__peptide_std__P13591,0.0,0.0
missing__peptide_std__P12109,0.0,0.0
missing__peptide_std__P10909,0.0,0.0
missing__peptide_std__P10645,0.0,0.0
missing__peptide_std__P10643,0.0,0.0
missing__peptide_std__P09871,0.0,0.0
delta1__peptide_count__P19021,0.0,0.0
delta1__peptide_count__P13473,0.0,0.0
delta1__peptide_count__P16870,0.0,0.0
delta1__peptide_count__P16152,0.0,0.0
delta1__peptide_count__P16070,0.0,0.0
delta1__peptide_count__P16035,0.0,0.0
delta1__peptide_count__P14618,0.0,0.0
delta1__peptide_count__P14314,0.0,0.0
delta1__peptide_count__P14174,0.0,0.0
delta1__peptide_count__P13987,0.0,0.0
delta1__peptide_count__P13671,0.0,0.0
delta1__peptide_count__P13611,0.0,0.0
delta1__peptide_count__P13591,0.0,0.0
delta1__peptide_count__P13521,0.0,0.0
delta1__peptide_count__P17936,0.0,0.0
missing__peptide_count__P05452,0.0,0.0
missing__peptide_count__P05156,0.0,0.0
missing__peptide_count__P05155,0.0,0.0
missing__peptide_count__P05090,0.0,0.0
missing__peptide_count__P05067,0.0,0.0
missing__peptide_count__P05060,0.0,0.0
missing__peptide_count__P04433,0.0,0.0
missing__peptide_count__P04217,0.0,0.0
missing__peptide_count__P04216,0.0,0.0
missing__peptide_count__P04211,0.0,0.0
missing__peptide_count__P04207,0.0,0.0
missing__peptide_count__O15394,0.0,0.0
missing__peptide_count__P04180,0.0,0.0
missing__peptide_count__P04156,0.0,0.0
missing__peptide_count__P04075,0.0,0.0
missing__peptide_count__P04004,0.0,0.0
missing__peptide_count__P02790,0.0,0.0
missing__peptide_count__P02787,0.0,0.0
missing__peptide_count__P02774,0.0,0.0
missing__peptide_count__P02768,0.0,0.0
missing__peptide_count__P02766,0.0,0.0
missing__peptide_count__P02765,0.0,0.0
missing__peptide_count__P02763,0.0,0.0
missing__peptide_count__P04196,0.0,0.0
delta1__peptide_count__P49908,0.0,0.0
delta1__peptide_count__P49588,0.0,0.0
delta1__peptide_count__P43652,0.0,0.0
delta1__peptide_count__P43251,0.0,0.0
delta1__peptide_count__P43121,0.0,0.0
delta1__peptide_count__P41222,0.0,0.0
delta1__peptide_count__P40925,0.0,0.0
delta1__peptide_count__P39060,0.0,0.0
delta1__peptide_count__P36980,0.0,0.0
delta1__peptide_count__P36955,0.0,0.0
delta1__peptide_count__P36222,0.0,0.0
missing__peptide_count__P05546,0.0,0.0
delta1__peptide_count__P32754,0.0,0.0
delta1__peptide_count__P31997,0.0,0.0
delta1__peptide_count__P30086,0.0,0.0
delta1__peptide_count__P27169,0.0,0.0
slope1__peptide_mean__P04075,0.0,0.0
missing__peptide_count__P07602,0.0,0.0
missing__peptide_count__P07339,0.0,0.0
missing__peptide_count__P07225,0.0,0.0
missing__peptide_count__P07195,0.0,0.0
missing__peptide_count__P06727,0.0,0.0
missing__peptide_count__P06681,0.0,0.0
missing__peptide_count__P06396,0.0,0.0
delta1__peptide_count__P35542,0.0,0.0
missing__peptide_count__P01344,0.0,0.0
missing__peptide_count__P01042,0.0,0.0
missing__peptide_count__P01034,0.0,0.0
missing__peptide_count__P01033,0.0,0.0
missing__peptide_count__P01024,0.0,0.0
missing__peptide_count__P01023,0.0,0.0
missing__peptide_count__P01019,0.0,0.0
missing__peptide_count__P01011,0.0,0.0
missing__peptide_count__P01009,0.0,0.0
missing__peptide_count__P01008,0.0,0.0
missing__peptide_count__P00751,0.0,0.0
missing__peptide_count__P02760,0.0,0.0
missing__peptide_count__P00747,0.0,0.0
missing__peptide_count__P00746,0.0,0.0
missing__peptide_count__P00738,0.0,0.0
missing__peptide_count__P00736,0.0,0.0
missing__peptide_count__P00734,0.0,0.0
missing__peptide_count__P00450,0.0,0.0
missing__peptide_count__P00441,0.0,0.0
missing__peptide_count__O94919,0.0,0.0
missing__peptide_count__O75144,0.0,0.0
missing__peptide_count__O60888,0.0,0.0
missing__peptide_count__O43505,0.0,0.0
missing__peptide_count__P00748,0.0,0.0
missing__peptide_count__P02753,0.0,0.0
missing__peptide_count__P02751,0.0,0.0
missing__peptide_count__P02750,0.0,0.0
missing__peptide_count__P02749,0.0,0.0
missing__peptide_count__P02748,0.0,0.0
missing__peptide_count__P02747,0.0,0.0
missing__peptide_count__P02679,0.0,0.0
missing__peptide_count__P02675,0.0,0.0
missing__peptide_count__P02671,0.0,0.0
missing__peptide_count__P02656,0.0,0.0
missing__peptide_count__P02652,0.0,0.0
missing__peptide_count__P01608,0.0,0.0
missing__peptide_count__P02647,0.0,0.0
missing__peptide_count__P02452,0.0,0.0
missing__peptide_count__P01877,0.0,0.0
missing__peptide_count__P01876,0.0,0.0
missing__peptide_count__P01861,0.0,0.0
missing__peptide_count__P01860,0.0,0.0
missing__peptide_count__P01859,0.0,0.0
missing__peptide_count__P01857,0.0,0.0
missing__peptide_count__P01834,0.0,0.0
missing__peptide_count__P01780,0.0,0.0
missing__peptide_count__P01717,0.0,0.0
missing__peptide_count__P01621,0.0,0.0
missing__peptide_count__P02649,0.0,0.0
slope1__peptide_count__P41222,0.0,0.0
slope1__peptide_count__P40925,0.0,0.0
slope1__peptide_count__P39060,0.0,0.0
slope1__peptide_count__P36980,0.0,0.0
slope1__peptide_count__P36955,0.0,0.0
slope1__peptide_count__P36222,0.0,0.0
slope1__peptide_count__P35542,0.0,0.0
slope1__peptide_count__P32754,0.0,0.0
slope1__peptide_count__P31997,0.0,0.0
slope1__peptide_count__P25311,0.0,0.0
slope1__peptide_count__P24592,0.0,0.0
missing__protein_npx__P13591,0.0,0.0
months_since_prev_visit,0.0,0.0
delta1__peptide_mean__Q562R1,0.0,0.0
slope1__peptide_count__Q96KN2,0.0,0.0
slope1__peptide_count__Q96BZ4,0.0,0.0
slope1__peptide_count__Q92876,0.0,0.0
slope1__peptide_count__Q8NE71,0.0,0.0
slope1__peptide_count__Q8NBJ4,0.0,0.0
slope1__peptide_count__Q8N2S1,0.0,0.0
slope1__peptide_count__Q8IWV7,0.0,0.0
slope1__peptide_count__Q7Z5P9,0.0,0.0
slope1__peptide_count__Q7Z3B1,0.0,0.0
has_previous_visit,0.0,0.0
rollmean2__peptide_count__O43505,0.0,0.0
rollmean2__peptide_count__O14791,0.0,0.0
rollmean2__peptide_count__O14498,0.0,0.0
rollmean2__peptide_count__O00584,0.0,0.0
rollmean2__peptide_count__O00391,0.0,0.0
peptide_count__Q9Y6R7,0.0,0.0
peptide_count__Q9Y646,0.0,0.0
peptide_count__Q9UNU6,0.0,0.0
peptide_count__Q9UKV8,0.0,0.0
peptide_count__Q9UBX5,0.0,0.0
slope1__peptide_count__Q08380,0.0,0.0
slope1__peptide_count__P43121,0.0,0.0
slope1__peptide_count__P98160,0.0,0.0
slope1__peptide_count__P80748,0.0,0.0
slope1__peptide_count__P61916,0.0,0.0
slope1__peptide_count__P61769,0.0,0.0
slope1__peptide_count__P61626,0.0,0.0
slope1__peptide_count__P61278,0.0,0.0
slope1__peptide_count__P60174,0.0,0.0
slope1__peptide_count__P55290,0.0,0.0
slope1__peptide_count__P54289,0.0,0.0
slope1__peptide_count__P49908,0.0,0.0
slope1__peptide_count__P49588,0.0,0.0
slope1__peptide_count__P43251,0.0,0.0
slope1__peptide_count__Q02818,0.0,0.0
slope1__peptide_count__Q99969,0.0,0.0
slope1__peptide_count__Q99832,0.0,0.0
slope1__peptide_count__Q99829,0.0,0.0
slope1__peptide_count__Q99683,0.0,0.0
slope1__peptide_count__Q99674,0.0,0.0
slope1__peptide_count__Q99435,0.0,0.0
slope1__peptide_count__Q96S96,0.0,0.0
delta1__peptide_mean__Q99832,0.0,0.0
delta1__peptide_mean__Q99829,0.0,0.0
delta1__peptide_mean__P36980,0.0,0.0
slope1__peptide_log__SNSSM(UniMod_35)HITDC(UniMod_4)R,0.0,0.0
slope1__peptide_count__Q6UXD5,0.0,0.0
slope1__months_since_prev_visit,0.0,0.0
slope1__months_since_baseline,0.0,0.0
slope1__current_medication_on,0.0,0.0
delta1__peptide_mean__P00746,0.0,0.0
delta1__protein_npx__Q6UX71,0.0,0.0
delta1__protein_npx__Q99829,0.0,0.0
delta1__protein_npx__Q96BZ4,0.0,0.0
lag1__has_previous_visit,0.0,0.0
lag1__months_since_prev_visit,0.0,0.0
lag1__months_since_baseline,0.0,0.0
delta1__protein_npx__P02792,0.0,0.0
slope1__has_previous_visit,0.0,0.0
slope1__peptide_count__Q6UX71,0.0,0.0
slope1__peptide_count__Q562R1,0.0,0.0
slope1__peptide_count__Q16270,0.0,0.0
slope1__peptide_count__Q15904,0.0,0.0
slope1__peptide_count__Q14624,0.0,0.0
slope1__peptide_count__Q14515,0.0,0.0
slope1__peptide_count__Q14508,0.0,0.0
slope1__peptide_count__Q14118,0.0,0.0
slope1__peptide_count__Q13451,0.0,0.0
slope1__peptide_count__Q13449,0.0,0.0
slope1__peptide_count__Q13332,0.0,0.0
slope1__peptide_count__Q9BY67,0.0,0.0
slope1__peptide_count__Q12907,0.0,0.0
slope1__peptide_count__Q12841,0.0,0.0
lag1__protein_npx__P14174,0.0,0.0
slope1__peptide_count__Q9Y6R7,0.0,0.0
slope1__peptide_count__Q9Y646,0.0,0.0
slope1__peptide_count__Q9UNU6,0.0,0.0
slope1__peptide_count__Q9UKV8,0.0,0.0
slope1__peptide_count__Q9UBX5,0.0,0.0
slope1__peptide_count__Q9UBR2,0.0,0.0
slope1__peptide_count__Q9NYU2,0.0,0.0
slope1__peptide_count__Q9NQ79,0.0,0.0
slope1__peptide_count__Q9HDC9,0.0,0.0
slope1__peptide_count__Q13283,0.0,0.0
slope1__peptide_count__P13611,0.0,0.0
slope1__peptide_count__P13591,0.0,0.0
slope1__peptide_count__P13521,0.0,0.0
slope1__peptide_count__P13473,0.0,0.0
slope1__peptide_count__P12109,0.0,0.0
slope1__peptide_count__P11277,0.0,0.0
slope1__peptide_count__P11142,0.0,0.0
slope1__peptide_count__P10645,0.0,0.0
slope1__peptide_count__P10643,0.0,0.0
slope1__peptide_count__P10451,0.0,0.0
slope1__peptide_count__P09104,0.0,0.0
rollmean2__peptide_count__O60888,0.0,0.0
slope1__peptide_count__P08571,0.0,0.0
rollmean2__peptide_count__P04433,0.0,0.0
rollmean2__peptide_count__P04406,0.0,0.0
rollmean2__peptide_count__P04275,0.0,0.0
rollmean2__peptide_count__P04216,0.0,0.0
rollmean2__peptide_count__P04211,0.0,0.0
rollmean2__peptide_count__P04207,0.0,0.0
rollmean2__peptide_count__P04156,0.0,0.0
rollmean2__peptide_count__P04075,0.0,0.0
rollmean2__peptide_count__P02792,0.0,0.0
rollmean2__peptide_count__P02753,0.0,0.0
slope1__peptide_count__P08637,0.0,0.0
rollmean2__peptide_count__P08253,0.0,0.0
rollmean2__peptide_count__P08133,0.0,0.0
rollmean2__peptide_count__P08123,0.0,0.0
rollmean2__peptide_count__P07858,0.0,0.0
rollmean2__peptide_count__P07339,0.0,0.0
rollmean2__peptide_count__P07333,0.0,0.0
rollmean2__peptide_count__P07195,0.0,0.0
rollmean2__peptide_count__P06454,0.0,0.0
rollmean2__peptide_count__P06310,0.0,0.0
rollmean2__peptide_count__P05452,0.0,0.0
rollmean2__peptide_count__P05408,0.0,0.0
slope1__peptide_count__P13671,0.0,0.0
slope1__peptide_count__P20933,0.0,0.0
slope1__peptide_count__P19827,0.0,0.0
slope1__peptide_count__P19823,0.0,0.0
slope1__peptide_count__P19021,0.0,0.0
slope1__peptide_count__P17936,0.0,0.0
slope1__peptide_count__P17174,0.0,0.0
slope1__peptide_count__P16152,0.0,0.0
slope1__peptide_count__P16070,0.0,0.0
slope1__peptide_count__P16035,0.0,0.0
slope1__peptide_count__P14618,0.0,0.0
slope1__peptide_count__P14174,0.0,0.0
slope1__peptide_count__P13987,0.0,0.0
slope1__peptide_count__P23083,0.0,0.0
peptide_count__Q6UX71,0.0,0.0
peptide_count__Q562R1,0.0,0.0
peptide_count__Q16270,0.0,0.0
peptide_count__Q15904,0.0,0.0
peptide_count__Q14624,0.0,0.0
rollmean2__peptide_count__P01861,0.0,0.0
rollmean2__peptide_count__P01860,0.0,0.0
rollmean2__peptide_count__P01833,0.0,0.0
rollmean2__peptide_count__P01780,0.0,0.0
rollmean2__peptide_count__P01717,0.0,0.0
rollmean2__peptide_count__P01621,0.0,0.0
rollmean2__peptide_count__P02747,0.0,0.0
rollmean2__peptide_count__P01594,0.0,0.0
rollmean2__peptide_count__P01591,0.0,0.0
rollmean2__peptide_count__P01344,0.0,0.0
rollmean2__peptide_count__P01034,0.0,0.0
rollmean2__peptide_count__P01033,0.0,0.0
rollmean2__peptide_count__P01031,0.0,0.0
rollmean2__peptide_count__P01008,0.0,0.0
rollmean2__peptide_count__P00746,0.0,0.0
rollmean2__peptide_count__P00736,0.0,0.0
rollmean2__peptide_count__O75326,0.0,0.0
rollmean2__peptide_count__O75144,0.0,0.0
rollmean2__peptide_count__P01608,0.0,0.0
rollmean2__peptide_count__P02679,0.0,0.0
rollmean2__peptide_count__P02655,0.0,0.0
rollmean2__peptide_count__P01876,0.0,0.0
peptide_count__Q9UBR2,0.0,0.0
peptide_count__Q9NYU2,0.0,0.0
peptide_count__Q9HDC9,0.0,0.0
peptide_count__Q9BY67,0.0,0.0
peptide_count__Q99969,0.0,0.0
peptide_count__Q99832,0.0,0.0
peptide_count__Q99829,0.0,0.0
peptide_count__Q99683,0.0,0.0
peptide_count__Q6UXB8,0.0,0.0
peptide_count__Q99435,0.0,0.0
peptide_count__Q96S96,0.0,0.0
peptide_count__Q96BZ4,0.0,0.0
peptide_count__Q92876,0.0,0.0
peptide_count__Q92823,0.0,0.0
peptide_count__Q8NE71,0.0,0.0
peptide_count__Q8NBJ4,0.0,0.0
peptide_count__Q8N2S1,0.0,0.0
peptide_count__Q8IWV7,0.0,0.0
peptide_count__Q7Z5P9,0.0,0.0
peptide_count__Q7Z3B1,0.0,0.0
peptide_count__Q6UXD5,0.0,0.0
peptide_count__Q99674,0.0,0.0
lag1__peptide_count__P01344,0.0,0.0
lag1__peptide_count__P01034,0.0,0.0
lag1__peptide_count__P01033,0.0,0.0
lag1__peptide_count__P01031,0.0,0.0
lag1__peptide_count__P05408,0.0,0.0
lag1__peptide_count__P05090,0.0,0.0
lag1__peptide_count__P05067,0.0,0.0
lag1__peptide_count__P05060,0.0,0.0
lag1__peptide_count__P04433,0.0,0.0
lag1__peptide_count__P04406,0.0,0.0
lag1__peptide_count__P04275,0.0,0.0
lag1__peptide_count__Q8IWV7,0.0,0.0
lag1__peptide_count__P04216,0.0,0.0
lag1__peptide_count__P04211,0.0,0.0
lag1__peptide_count__P04207,0.0,0.0
lag1__peptide_count__P01011,0.0,0.0
lag1__peptide_count__P00746,0.0,0.0
lag1__peptide_count__O94919,0.0,0.0
lag1__peptide_count__O75326,0.0,0.0
lag1__peptide_count__O75144,0.0,0.0
lag1__peptide_count__O60888,0.0,0.0
lag1__peptide_count__O43505,0.0,0.0
lag1__peptide_count__O15394,0.0,0.0
lag1__peptide_count__P04217,0.0,0.0
lag1__peptide_count__P02750,0.0,0.0
lag1__peptide_count__P02748,0.0,0.0
lag1__peptide_count__P11142,0.0,0.0
lag1__peptide_count__P10451,0.0,0.0
lag1__peptide_count__P09871,0.0,0.0
lag1__peptide_count__P09104,0.0,0.0
lag1__peptide_count__P08637,0.0,0.0
lag1__peptide_count__P08571,0.0,0.0
lag1__peptide_count__P08493,0.0,0.0
lag1__peptide_count__P08294,0.0,0.0
lag1__peptide_count__P08253,0.0,0.0
lag1__peptide_count__P01591,0.0,0.0
lag1__peptide_count__P08123,0.0,0.0
lag1__peptide_std__O94919,0.0,0.0
lag1__peptide_count__P01876,0.0,0.0
lag1__peptide_count__P01861,0.0,0.0
lag1__peptide_count__P01860,0.0,0.0
lag1__peptide_count__P01859,0.0,0.0
lag1__peptide_count__P01833,0.0,0.0
lag1__peptide_count__P01780,0.0,0.0
lag1__peptide_count__P01717,0.0,0.0
lag1__peptide_count__P01621,0.0,0.0
lag1__peptide_count__P01608,0.0,0.0
lag1__peptide_count__P01594,0.0,0.0
lag1__peptide_count__P08133,0.0,0.0
delta1__peptide_count__Q9BY67,0.0,0.0
delta1__peptide_count__Q99969,0.0,0.0
delta1__peptide_count__Q99832,0.0,0.0
delta1__peptide_count__Q99829,0.0,0.0
slope1__protein_npx__Q99832,0.0,0.0
slope1__protein_npx__Q99829,0.0,0.0
missing__peptide_log__GSPAINVAVHVFRK,0.0,0.0
missing__peptide_log__GEVQAMLGQSTEELRVR,0.0,0.0
missing__peptide_log__GEVQAMLGQSTEELR,0.0,0.0
missing__peptide_log__FM(UniMod_35)ETVAEK,0.0,0.0
missing__peptide_log__FLATTPNSLLVSWQPPR,0.0,0.0
lag1__peptide_count__O14791,0.0,0.0
missing__peptide_log__EDSLEAGLPLQVR,0.0,0.0
missing__peptide_log__DLATVYVDVLK,0.0,0.0
delta1__current_updrs_4,0.0,0.0
missing__peptide_log__C(UniMod_4)VDVDEC(UniMod_4)APPAEPC(UniMod_4)GK,0.0,0.0
missing__peptide_log__C(UniMod_4)TSTGWIPAPR,0.0,0.0
missing__peptide_log__C(UniMod_4)REILSVDC(UniMod_4)STNNPSQAK,0.0,0.0
missing__peptide_log__C(UniMod_4)KPVNTFVHEPLVDVQNVC(UniMod_4)FQEK,0.0,0.0
missing__peptide_log__C(UniMod_4)DSSPDSAEDVRK,0.0,0.0
missing__peptide_log__C(UniMod_4)C(UniMod_4)VEC(UniMod_4)PPC(UniMod_4)PAPPVAGPSVFLFPPKPK,0.0,0.0
missing__peptide_log__AYQGVAAPFPK,0.0,0.0
missing__has_previous_visit,0.0,0.0
missing__peptide_log__EILSVDC(UniMod_4)STNNPSQAK,0.0,0.0
lag1__peptide_count__O14498,0.0,0.0
lag1__peptide_count__O00391,0.0,0.0
lag1__peptide_count__P02747,0.0,0.0
lag1__peptide_count__P02679,0.0,0.0
lag1__peptide_count__P02655,0.0,0.0
lag1__peptide_count__P01877,0.0,0.0
missing__peptide_log__SWFEPLVEDM(UniMod_35)QR,0.0,0.0
missing__peptide_log__SSQGGSLPSEEK,0.0,0.0
missing__peptide_log__SPVGVQPILNEHTFC(UniMod_4)AGMSK,0.0,0.0
missing__peptide_log__SLAELGGHLDQQVEEFRR,0.0,0.0
missing__peptide_log__SLAAAAGKQELAK,0.0,0.0
delta1__peptide_count__Q9HDC9,0.0,0.0
missing__peptide_log__SGEATDGARPQALPEPMQESK,0.0,0.0
missing__peptide_log__SELEEQLTPVAEETR,0.0,0.0
missing__peptide_log__SEALAVDGAGKPGAEEAQDPEGK,0.0,0.0
missing__peptide_log__DASGVTFTWTPSSGK,0.0,0.0
delta1__peptide_log__SC(UniMod_4)DTPPPC(UniMod_4)PR,0.0,0.0
slope1__protein_npx__O00391,0.0,0.0
slope1__protein_npx__Q6UXD5,0.0,0.0
delta1__peptide_count__Q9UKV8,0.0,0.0
delta1__peptide_count__Q9UHG2,0.0,0.0
delta1__peptide_count__Q9UBX5,0.0,0.0
delta1__peptide_count__Q9UBR2,0.0,0.0
delta1__peptide_count__Q9NYU2,0.0,0.0
missing__peptide_log__SGELEQEEER,0.0,0.0
lag1__peptide_count__P41222,0.0,0.0
lag1__peptide_count__P40925,0.0,0.0
lag1__peptide_count__P39060,0.0,0.0
lag1__peptide_count__P36980,0.0,0.0
lag1__peptide_count__P36955,0.0,0.0
lag1__peptide_count__P36222,0.0,0.0
lag1__peptide_count__P35542,0.0,0.0
lag1__peptide_count__Q9BY67,0.0,0.0
lag1__peptide_count__Q99969,0.0,0.0
lag1__peptide_count__Q99832,0.0,0.0
lag1__peptide_count__Q99829,0.0,0.0
lag1__peptide_count__P02753,0.0,0.0
lag1__peptide_count__Q99674,0.0,0.0
lag1__peptide_count__Q99435,0.0,0.0
lag1__peptide_count__Q96S96,0.0,0.0
lag1__peptide_count__Q96PD5,0.0,0.0
lag1__peptide_count__Q96KN2,0.0,0.0
lag1__peptide_count__Q96BZ4,0.0,0.0
lag1__peptide_count__Q92876,0.0,0.0
lag1__peptide_count__Q92823,0.0,0.0
lag1__peptide_count__Q8NE71,0.0,0.0
lag1__peptide_count__Q8NBJ4,0.0,0.0
lag1__peptide_count__Q8N2S1,0.0,0.0
lag1__peptide_count__Q99683,0.0,0.0
lag1__peptide_count__Q7Z5P9,0.0,0.0
lag1__peptide_count__Q7Z3B1,0.0,0.0
lag1__peptide_count__Q6UXD5,0.0,0.0
lag1__peptide_count__Q6UXB8,0.0,0.0
lag1__peptide_count__Q6UX71,0.0,0.0
lag1__peptide_count__Q562R1,0.0,0.0
lag1__peptide_count__Q16270,0.0,0.0
lag1__peptide_count__Q15904,0.0,0.0
lag1__peptide_count__Q14624,0.0,0.0
lag1__peptide_count__Q14515,0.0,0.0
lag1__peptide_count__Q14508,0.0,0.0
lag1__peptide_count__P43251,0.0,0.0
lag1__peptide_count__Q9Y6R7,0.0,0.0
lag1__peptide_count__Q9Y646,0.0,0.0
lag1__peptide_count__Q9UNU6,0.0,0.0
lag1__peptide_count__Q9UKV8,0.0,0.0
lag1__peptide_count__Q9UBX5,0.0,0.0
lag1__peptide_count__Q9UBR2,0.0,0.0
lag1__peptide_count__Q9NYU2,0.0,0.0
lag1__peptide_count__Q9NQ79,0.0,0.0
lag1__peptide_count__Q9HDC9,0.0,0.0
lag1__protein_npx__Q99829,0.0,0.0
lag1__peptide_count__P49908,0.0,0.0
lag1__peptide_count__P49588,0.0,0.0
lag1__peptide_count__Q14118,0.0,0.0
lag1__peptide_count__P07225,0.0,0.0
lag1__peptide_count__P07195,0.0,0.0
lag1__peptide_count__P06454,0.0,0.0
lag1__peptide_count__P06310,0.0,0.0
lag1__peptide_count__P05546,0.0,0.0
lag1__peptide_count__P05452,0.0,0.0
lag1__peptide_count__P32754,0.0,0.0
lag1__peptide_count__P31997,0.0,0.0
lag1__peptide_count__P23083,0.0,0.0
lag1__peptide_count__P20933,0.0,0.0
lag1__peptide_count__P20774,0.0,0.0
lag1__peptide_count__P16152,0.0,0.0
lag1__peptide_count__P19652,0.0,0.0
lag1__peptide_count__P19021,0.0,0.0
lag1__peptide_count__P17936,0.0,0.0
lag1__peptide_count__P16870,0.0,0.0
lag1__peptide_count__P04196,0.0,0.0
lag1__peptide_count__P04156,0.0,0.0
lag1__peptide_count__P04075,0.0,0.0
lag1__peptide_count__P04004,0.0,0.0
lag1__peptide_count__P02792,0.0,0.0
lag1__peptide_count__P02766,0.0,0.0
lag1__peptide_count__P02760,0.0,0.0
lag1__peptide_count__P19827,0.0,0.0
lag1__peptide_count__P16070,0.0,0.0
lag1__peptide_count__P16035,0.0,0.0
lag1__peptide_count__P14618,0.0,0.0
lag1__peptide_count__P14174,0.0,0.0
lag1__peptide_count__P13987,0.0,0.0
lag1__peptide_count__P13671,0.0,0.0
lag1__peptide_count__P13521,0.0,0.0
lag1__peptide_count__P13473,0.0,0.0
lag1__peptide_count__P11277,0.0,0.0
lag1__peptide_count__Q13451,0.0,0.0
lag1__peptide_count__Q13449,0.0,0.0
lag1__peptide_count__P07333,0.0,0.0
lag1__peptide_count__Q13283,0.0,0.0
lag1__peptide_count__Q12907,0.0,0.0
lag1__peptide_count__Q12805,0.0,0.0
lag1__peptide_count__Q02818,0.0,0.0
lag1__peptide_count__P80748,0.0,0.0
lag1__peptide_count__P61626,0.0,0.0
lag1__peptide_count__P61278,0.0,0.0
lag1__peptide_count__P60174,0.0,0.0
lag1__peptide_count__P55290,0.0,0.0
lag1__peptide_count__P07858,0.0,0.0
lag1__peptide_count__P07711,0.0,0.0
lag1__peptide_count__P07339,0.0,0.0
lag1__peptide_count__Q13332,0.0,0.0
missing__protein_npx__O00533,0.0,0.0
peptide_count__P01031,0.0,0.0
peptide_count__P01008,0.0,0.0
peptide_count__P00746,0.0,0.0
peptide_count__P00450,0.0,0.0
peptide_count__O75326,0.0,0.0
peptide_count__O75144,0.0,0.0
peptide_count__O60888,0.0,0.0
peptide_count__O43505,0.0,0.0
peptide_count__O15394,0.0,0.0
peptide_count__O14791,0.0,0.0
rollmean2__peptide_count__P08637,0.0,0.0
peptide_count__O00584,0.0,0.0
peptide_count__O00391,0.0,0.0
peptide_count__P02750,0.0,0.0
peptide_count__P02749,0.0,0.0
peptide_count__P02748,0.0,0.0
peptide_count__P02679,0.0,0.0
peptide_count__P02655,0.0,0.0
slope1__peptide_std__P30086,0.0,0.0
slope1__peptide_std__P27169,0.0,0.0
slope1__peptide_std__P17174,0.0,0.0
delta1__peptide_count__P00747,0.0,0.0
peptide_count__O14498,0.0,0.0
missing__protein_npx__P01024,0.0,0.0
missing__protein_npx__P01023,0.0,0.0
missing__protein_npx__P01019,0.0,0.0
missing__protein_npx__P01011,0.0,0.0
missing__protein_npx__P01009,0.0,0.0
missing__protein_npx__P01008,0.0,0.0
missing__protein_npx__P00751,0.0,0.0
missing__protein_npx__P00748,0.0,0.0
missing__protein_npx__P00747,0.0,0.0
missing__protein_npx__P00746,0.0,0.0
missing__protein_npx__P00738,0.0,0.0
missing__protein_npx__O00584,0.0,0.0
missing__protein_npx__P00734,0.0,0.0
missing__protein_npx__P00450,0.0,0.0
missing__protein_npx__P00441,0.0,0.0
missing__protein_npx__O94919,0.0,0.0
missing__protein_npx__O75144,0.0,0.0
missing__protein_npx__O60888,0.0,0.0
missing__protein_npx__O43505,0.0,0.0
missing__protein_npx__O15394,0.0,0.0
missing__protein_npx__O15240,0.0,0.0
missing__protein_npx__O14791,0.0,0.0
missing__protein_npx__O14773,0.0,0.0
missing__protein_npx__O14498,0.0,0.0
missing__protein_npx__P00736,0.0,0.0
peptide_count__P05408,0.0,0.0
peptide_count__P04433,0.0,0.0
peptide_count__P04406,0.0,0.0
slope1__peptide_count__P00441,0.0,0.0
slope1__peptide_count__O94919,0.0,0.0
slope1__peptide_count__O75326,0.0,0.0
slope1__peptide_count__O75144,0.0,0.0
slope1__peptide_count__O60888,0.0,0.0
slope1__peptide_count__O43505,0.0,0.0
slope1__peptide_count__O14791,0.0,0.0
slope1__peptide_count__O14773,0.0,0.0
delta1__peptide_count__P00746,0.0,0.0
slope1__peptide_count__O00584,0.0,0.0
slope1__peptide_count__O00391,0.0,0.0
delta1__peptide_std__P14314,0.0,0.0
peptide_count__P04275,0.0,0.0
peptide_count__P04216,0.0,0.0
peptide_count__P04211,0.0,0.0
peptide_count__P04207,0.0,0.0
peptide_count__P04196,0.0,0.0
peptide_count__P04156,0.0,0.0
peptide_count__P04075,0.0,0.0
peptide_count__P04004,0.0,0.0
slope1__peptide_count__O14498,0.0,0.0
delta1__peptide_count__P00736,0.0,0.0
delta1__peptide_count__P00734,0.0,0.0
delta1__peptide_count__P00450,0.0,0.0
delta1__peptide_count__P00441,0.0,0.0
delta1__peptide_count__O75326,0.0,0.0
delta1__peptide_count__O75144,0.0,0.0
delta1__peptide_count__O60888,0.0,0.0
delta1__peptide_count__O43505,0.0,0.0
delta1__peptide_count__O15240,0.0,0.0
delta1__peptide_count__O14791,0.0,0.0
peptide_count__P02452,0.0,0.0
peptide_count__P06310,0.0,0.0
peptide_count__P01861,0.0,0.0
peptide_count__P01860,0.0,0.0
peptide_count__P01833,0.0,0.0
peptide_count__P01780,0.0,0.0
peptide_count__P01717,0.0,0.0
peptide_count__P01621,0.0,0.0
peptide_count__P01608,0.0,0.0
peptide_count__P01594,0.0,0.0
peptide_count__P01591,0.0,0.0
peptide_count__P01344,0.0,0.0
peptide_count__P01034,0.0,0.0
peptide_count__P01033,0.0,0.0
peptide_count__P01876,0.0,0.0
missing__protein_npx__P06727,0.0,0.0
missing__protein_npx__P06681,0.0,0.0
missing__protein_npx__P06454,0.0,0.0
missing__protein_npx__P06396,0.0,0.0
missing__protein_npx__P05546,0.0,0.0
missing__protein_npx__P05452,0.0,0.0
missing__protein_npx__P05156,0.0,0.0
missing__protein_npx__P05155,0.0,0.0
missing__protein_npx__P05090,0.0,0.0
missing__protein_npx__P05067,0.0,0.0
missing__protein_npx__P05060,0.0,0.0
delta1__peptide_count__P01780,0.0,0.0
missing__protein_npx__P04275,0.0,0.0
missing__protein_npx__P04217,0.0,0.0
missing__protein_npx__P04216,0.0,0.0
missing__protein_npx__P04211,0.0,0.0
missing__protein_npx__P04207,0.0,0.0
missing__protein_npx__P04196,0.0,0.0
missing__protein_npx__P04180,0.0,0.0
missing__protein_npx__P04156,0.0,0.0
missing__protein_npx__P04075,0.0,0.0
missing__protein_npx__P04004,0.0,0.0
missing__protein_npx__P02790,0.0,0.0
missing__protein_npx__P04433,0.0,0.0
missing__protein_npx__P13521,0.0,0.0
missing__protein_npx__P13473,0.0,0.0
missing__protein_npx__P12109,0.0,0.0
missing__protein_npx__P11142,0.0,0.0
missing__protein_npx__P10909,0.0,0.0
missing__protein_npx__P10645,0.0,0.0
missing__protein_npx__P10643,0.0,0.0
missing__protein_npx__P10451,0.0,0.0
missing__protein_npx__P09871,0.0,0.0
missing__protein_npx__P09486,0.0,0.0
missing__protein_npx__P08697,0.0,0.0
missing__protein_npx__P07195,0.0,0.0
missing__protein_npx__P08603,0.0,0.0
missing__protein_npx__P08571,0.0,0.0
missing__protein_npx__P08493,0.0,0.0
missing__protein_npx__P08294,0.0,0.0
missing__protein_npx__P08133,0.0,0.0
missing__protein_npx__P07998,0.0,0.0
missing__protein_npx__P07858,0.0,0.0
missing__protein_npx__P07711,0.0,0.0
missing__protein_npx__P07602,0.0,0.0
missing__protein_npx__P07339,0.0,0.0
missing__protein_npx__P07333,0.0,0.0
missing__protein_npx__P07225,0.0,0.0
missing__protein_npx__P08637,0.0,0.0
missing__protein_npx__P01834,0.0,0.0
missing__protein_npx__P01717,0.0,0.0
missing__protein_npx__P01621,0.0,0.0
missing__protein_npx__P01344,0.0,0.0
missing__protein_npx__P01042,0.0,0.0
missing__protein_npx__P01034,0.0,0.0
missing__protein_npx__P01033,0.0,0.0
delta1__peptide_count__O14773,0.0,0.0
delta1__peptide_count__O14498,0.0,0.0
delta1__peptide_count__O00584,0.0,0.0
delta1__peptide_count__O00533,0.0,0.0
missing__protein_npx__P02787,0.0,0.0
delta1__peptide_count__P02656,0.0,0.0
delta1__peptide_count__P02655,0.0,0.0
delta1__peptide_count__P02652,0.0,0.0
delta1__peptide_count__P02649,0.0,0.0
delta1__peptide_count__P02452,0.0,0.0
delta1__peptide_count__P01877,0.0,0.0
delta1__peptide_count__P01876,0.0,0.0
delta1__peptide_count__P01861,0.0,0.0
delta1__peptide_count__P01860,0.0,0.0
delta1__peptide_count__P01857,0.0,0.0
delta1__peptide_count__P01833,0.0,0.0
delta1__peptide_count__O00391,0.0,0.0
missing__protein_npx__P02774,0.0,0.0
missing__protein_npx__P02768,0.0,0.0
missing__protein_npx__P02766,0.0,0.0
missing__protein_npx__P02765,0.0,0.0
missing__protein_npx__P02763,0.0,0.0
missing__protein_npx__P02760,0.0,0.0
missing__protein_npx__P02753,0.0,0.0
missing__protein_npx__P02751,0.0,0.0
missing__protein_npx__P02750,0.0,0.0
missing__protein_npx__P02749,0.0,0.0
missing__protein_npx__P02748,0.0,0.0
missing__protein_npx__P01857,0.0,0.0
missing__protein_npx__P02679,0.0,0.0
missing__protein_npx__P02675,0.0,0.0
missing__protein_npx__P02671,0.0,0.0
missing__protein_npx__P02656,0.0,0.0
missing__protein_npx__P02652,0.0,0.0
missing__protein_npx__P02649,0.0,0.0
missing__protein_npx__P02647,0.0,0.0
missing__protein_npx__P02452,0.0,0.0
missing__protein_npx__P01877,0.0,0.0
missing__protein_npx__P01876,0.0,0.0
missing__protein_npx__P01860,0.0,0.0
missing__protein_npx__P01859,0.0,0.0
missing__protein_npx__P02747,0.0,0.0
rollmean2__peptide_count__P60174,0.0,0.0
rollmean2__peptide_count__P54289,0.0,0.0
rollmean2__peptide_count__P49908,0.0,0.0
rollmean2__peptide_count__P49588,0.0,0.0
rollmean2__peptide_count__P43251,0.0,0.0
rollmean2__peptide_count__P40925,0.0,0.0
rollmean2__peptide_count__P36980,0.0,0.0
rollmean2__peptide_count__P35542,0.0,0.0
rollmean2__peptide_count__P32754,0.0,0.0
rollmean2__peptide_count__P31997,0.0,0.0
rollmean2__peptide_count__P24592,0.0,0.0
peptide_count__P02792,0.0,0.0
rollmean2__peptide_count__P20933,0.0,0.0
rollmean2__peptide_count__P19827,0.0,0.0
peptide_count__Q14508,0.0,0.0
peptide_count__Q14118,0.0,0.0
peptide_count__Q13451,0.0,0.0
peptide_count__Q13449,0.0,0.0
peptide_count__Q13332,0.0,0.0
slope1__peptide_count__P08493,0.0,0.0
slope1__peptide_count__P08294,0.0,0.0
slope1__peptide_count__P08253,0.0,0.0
slope1__peptide_count__P08133,0.0,0.0
rollmean2__peptide_count__P23083,0.0,0.0
rollmean2__peptide_count__Q92823,0.0,0.0
rollmean2__peptide_count__Q8NE71,0.0,0.0
rollmean2__peptide_count__Q8NBJ4,0.0,0.0
rollmean2__peptide_count__Q8N2S1,0.0,0.0
rollmean2__peptide_count__Q8IWV7,0.0,0.0
rollmean2__peptide_count__Q7Z5P9,0.0,0.0
rollmean2__peptide_count__Q7Z3B1,0.0,0.0
rollmean2__peptide_count__Q6UXD5,0.0,0.0
rollmean2__peptide_count__Q6UXB8,0.0,0.0
rollmean2__peptide_count__Q6UX71,0.0,0.0
rollmean2__peptide_count__Q562R1,0.0,0.0
rollmean2__peptide_count__P61278,0.0,0.0
rollmean2__peptide_count__Q15904,0.0,0.0
rollmean2__peptide_count__Q14624,0.0,0.0
rollmean2__peptide_count__Q14508,0.0,0.0
rollmean2__peptide_count__Q14118,0.0,0.0
rollmean2__peptide_count__Q13451,0.0,0.0
rollmean2__peptide_count__Q13449,0.0,0.0
rollmean2__peptide_count__Q13332,0.0,0.0
rollmean2__peptide_count__Q13283,0.0,0.0
rollmean2__peptide_count__Q12907,0.0,0.0
rollmean2__peptide_count__Q02818,0.0,0.0
rollmean2__peptide_count__P80748,0.0,0.0
rollmean2__peptide_count__P61626,0.0,0.0
rollmean2__peptide_count__Q16270,0.0,0.0
peptide_count__P60174,0.0,0.0
peptide_count__P55290,0.0,0.0
peptide_count__P49908,0.0,0.0
peptide_count__P49588,0.0,0.0
peptide_count__P43251,0.0,0.0
peptide_count__P41222,0.0,0.0
peptide_count__P40925,0.0,0.0
peptide_count__P39060,0.0,0.0
rollmean2__peptide_count__P19021,0.0,0.0
rollmean2__peptide_count__P17936,0.0,0.0
rollmean2__peptide_count__P16152,0.0,0.0
slope1__peptide_count__P08123,0.0,0.0
rollmean2__peptide_count__P16035,0.0,0.0
rollmean2__peptide_count__P14174,0.0,0.0
rollmean2__peptide_count__P13987,0.0,0.0
rollmean2__peptide_count__P13671,0.0,0.0
rollmean2__peptide_count__P13521,0.0,0.0
rollmean2__peptide_count__P13473,0.0,0.0
rollmean2__peptide_count__P12109,0.0,0.0
rollmean2__peptide_count__P11277,0.0,0.0
rollmean2__peptide_count__P11142,0.0,0.0
rollmean2__peptide_count__P10451,0.0,0.0
rollmean2__peptide_count__P09104,0.0,0.0
rollmean2__peptide_count__P16070,0.0,0.0
slope1__peptide_count__P07998,0.0,0.0
slope1__peptide_count__P07858,0.0,0.0
slope1__peptide_count__P07602,0.0,0.0
slope1__peptide_count__P07339,0.0,0.0
slope1__peptide_count__P07333,0.0,0.0
slope1__peptide_count__P07225,0.0,0.0
slope1__peptide_count__P07195,0.0,0.0
slope1__peptide_count__P06681,0.0,0.0
slope1__peptide_count__P06454,0.0,0.0
slope1__peptide_count__P06310,0.0,0.0
slope1__peptide_count__P05546,0.0,0.0
peptide_count__P61278,0.0,0.0
slope1__peptide_count__P05408,0.0,0.0
slope1__peptide_count__P05156,0.0,0.0
slope1__peptide_count__P05090,0.0,0.0
slope1__peptide_count__P05067,0.0,0.0
slope1__peptide_count__P05060,0.0,0.0
slope1__peptide_count__P04433,0.0,0.0
slope1__peptide_count__P04406,0.0,0.0
peptide_count__Q13283,0.0,0.0
peptide_count__Q12907,0.0,0.0
peptide_count__Q02818,0.0,0.0
peptide_count__P80748,0.0,0.0
peptide_count__P61626,0.0,0.0
slope1__peptide_count__P05452,0.0,0.0
slope1__peptide_count__P01031,0.0,0.0
slope1__peptide_count__P01023,0.0,0.0
slope1__peptide_count__P01019,0.0,0.0
slope1__peptide_count__P01011,0.0,0.0
slope1__peptide_count__P00748,0.0,0.0
slope1__peptide_count__P00746,0.0,0.0
slope1__peptide_count__P00450,0.0,0.0
peptide_count__P08637,0.0,0.0
peptide_count__P08571,0.0,0.0
peptide_count__P08253,0.0,0.0
peptide_count__P08133,0.0,0.0
rollmean2__peptide_count__Q92876,0.0,0.0
peptide_count__P07858,0.0,0.0
peptide_count__P07333,0.0,0.0
peptide_count__P07225,0.0,0.0
peptide_count__P07195,0.0,0.0
peptide_count__P06681,0.0,0.0
peptide_count__P06454,0.0,0.0
peptide_count__P36980,0.0,0.0
peptide_count__P36955,0.0,0.0
peptide_count__P36222,0.0,0.0
peptide_count__P35542,0.0,0.0
peptide_count__P32754,0.0,0.0
peptide_count__P08123,0.0,0.0
peptide_count__P02790,0.0,0.0
peptide_count__P02766,0.0,0.0
peptide_count__P02753,0.0,0.0
peptide_count__P13521,0.0,0.0
peptide_count__P13473,0.0,0.0
peptide_count__P11277,0.0,0.0
peptide_count__P11142,0.0,0.0
peptide_count__P10451,0.0,0.0
peptide_count__P09486,0.0,0.0
peptide_count__P09104,0.0,0.0
slope1__peptide_count__P01876,0.0,0.0
slope1__peptide_count__P01033,0.0,0.0
slope1__peptide_count__P01860,0.0,0.0
slope1__peptide_count__P01859,0.0,0.0
slope1__peptide_count__P01833,0.0,0.0
slope1__peptide_count__P01780,0.0,0.0
slope1__peptide_count__P01717,0.0,0.0
slope1__peptide_count__P01621,0.0,0.0
slope1__peptide_count__P01608,0.0,0.0
slope1__peptide_count__P01594,0.0,0.0
slope1__peptide_count__P01591,0.0,0.0
slope1__peptide_count__P01344,0.0,0.0
slope1__peptide_count__P01042,0.0,0.0
slope1__peptide_count__P01034,0.0,0.0
slope1__peptide_count__P01861,0.0,0.0
slope1__peptide_count__P04275,0.0,0.0
slope1__peptide_count__P04217,0.0,0.0
slope1__peptide_count__P04216,0.0,0.0
slope1__peptide_count__P04211,0.0,0.0
slope1__peptide_count__P04207,0.0,0.0
slope1__peptide_count__P04196,0.0,0.0
slope1__peptide_count__P04180,0.0,0.0
slope1__peptide_count__P04156,0.0,0.0
slope1__peptide_count__P04075,0.0,0.0
slope1__peptide_count__P02792,0.0,0.0
slope1__peptide_count__P02787,0.0,0.0
peptide_count__P31997,0.0,0.0
slope1__peptide_count__P02763,0.0,0.0
slope1__peptide_count__P02760,0.0,0.0
slope1__peptide_count__P02753,0.0,0.0
slope1__peptide_count__P02750,0.0,0.0
slope1__peptide_count__P02749,0.0,0.0
slope1__peptide_count__P02748,0.0,0.0
slope1__peptide_count__P02747,0.0,0.0
slope1__peptide_count__P02679,0.0,0.0
slope1__peptide_count__P02656,0.0,0.0
slope1__peptide_count__P02655,0.0,0.0
slope1__peptide_count__P02652,0.0,0.0
rollmean2__peptide_count__Q96BZ4,0.0,0.0
slope1__peptide_count__P02766,0.0,0.0
peptide_count__P23083,0.0,0.0
peptide_count__P20933,0.0,0.0
peptide_count__P19827,0.0,0.0
peptide_count__P19021,0.0,0.0
peptide_count__P17936,0.0,0.0
peptide_count__P16152,0.0,0.0
peptide_count__P16070,0.0,0.0
peptide_count__P16035,0.0,0.0
peptide_count__P14174,0.0,0.0
peptide_count__P13987,0.0,0.0
peptide_count__P13671,0.0,0.0
rollmean2__peptide_count__Q96S96,0.0,0.0
rollmean2__peptide_count__Q9UNU6,0.0,0.0
rollmean2__peptide_count__Q9UKV8,0.0,0.0
rollmean2__peptide_count__Q9UBR2,0.0,0.0
rollmean2__peptide_count__Q9NYU2,0.0,0.0
rollmean2__peptide_count__Q9HDC9,0.0,0.0
rollmean2__peptide_count__Q9BY67,0.0,0.0
rollmean2__peptide_count__Q99969,0.0,0.0
rollmean2__peptide_count__Q99832,0.0,0.0
rollmean2__peptide_count__Q99829,0.0,0.0
rollmean2__peptide_count__Q99683,0.0,0.0
rollmean2__peptide_count__Q99674,0.0,0.0
rollmean2__peptide_count__Q99435,0.0,0.0
rollmean2__peptide_count__Q9Y646,0.0,0.0
