feature,importance_mean,importance_std
rollmean2__current_updrs_4,1.6599124135244858,0.0
current_updrs_4,0.2127412702004786,0.0
rollmean2__current_medication_unknown,0.212354436109844,0.0
peptide_count__P09486,0.20973298695127035,0.0
lag1__current_updrs_2,0.19812455308982524,0.0
lag1__peptide_count__P02749,0.18907156738508013,0.0
delta1__current_updrs_1,0.17945685270192746,0.0
lag1__protein_npx__Q8IWV7,0.15127820147126095,0.0
missing__peptide_std__P19823,0.14764843642453676,0.0
missing__protein_npx__Q99683,0.14593345722884896,0.0
slope1__peptide_std__P02747,0.14421940508513995,0.0
slope1__peptide_std__P00441,0.13690455901414852,0.0
missing__peptide_log__VGYVSGWGR,0.1325452146139358,0.0
lag1__peptide_std__P25311,0.1280970981388754,0.0
missing__peptide_std__P39060,0.12712884565191201,0.0
lag1__protein_npx__P06681,0.1201968839588177,0.0
delta1__peptide_mean__P02790,0.12000647990558583,0.0
delta1__protein_npx__P02760,0.11354493276469618,0.0
protein_npx__P11142,0.11111728474820058,0.0
missing__protein_npx__P08133,0.10899717099564982,0.0
delta1__peptide_mean__O14791,0.10767961805905836,0.0
peptide_count__Q12805,0.10700610645483613,0.0
delta1__peptide_log__M(UniMod_35)ASGAANVVGPK,0.10645741989463231,0.0
peptide_std__Q14624,0.09677511324591946,0.0
rollmean2__peptide_std__P20774,0.09634595854442,0.0
delta1__peptide_count__P01023,0.09452481913975637,0.0
slope1__protein_npx__P60174,0.0915819589893098,0.0
missing__peptide_log__SGELEQEEER,0.08991764388218819,0.0
rollmean2__peptide_mean__P13611,0.08942102007457198,0.0
missing__peptide_log__LEGQEEEEDNRDSSMK,0.08748095208552994,0.0
rollmean2__protein_npx__P36980,0.08006908645246125,0.0
rollmean2__peptide_std__P00738,0.07923636854319001,0.0
rollmean2__peptide_count__P43121,0.07849416821655748,0.0
delta1__peptide_std__P23142,0.07546034851261994,0.0
lag1__peptide_log__TQVNTQAEQLRR,0.06987623050115209,0.0
delta1__peptide_log__C(UniMod_4)DSSPDSAEDVRK,0.06740254002741691,0.0
rollmean2__peptide_log__HYDGSYSTFGER,0.06697339067045412,0.0
peptide_mean__Q12907,0.06642169002745361,0.0
delta1__peptide_count__P04075,0.06540240124132775,0.0
rollmean2__peptide_count__P01034,0.06388395690240826,0.0
missing__protein_npx__P20933,0.06351496018378659,0.0
lag1__peptide_log__RTPITVVK,0.061889616919020694,0.0
delta1__peptide_log__LGPLVEQGRVR,0.06147037424102808,0.0
rollmean2__peptide_count__P13591,0.06115884684842736,0.0
missing__protein_npx__Q6UXD5,0.05969589065067899,0.0
rollmean2__peptide_mean__P01877,0.05849049359188352,0.0
peptide_log__LSNENHGIAQR,0.05793747732853413,0.0
lag1__peptide_std__P02750,0.05638487065493759,0.0
missing__peptide_log__HYTNPSQDVTVPC(UniMod_4)PVPPPPPC(UniMod_4)C(UniMod_4)HPR,0.05637586758963064,0.0
rollmean2__peptide_mean__P00748,0.05622766490061689,0.0
delta1__protein_npx__P08123,0.05606860271845863,0.0
missing__peptide_std__P16035,0.04906839378442416,0.0
delta1__protein_npx__P80748,0.049026713592144805,0.0
rollmean2__peptide_count__P02749,0.04813355846315074,0.0
slope1__peptide_std__P01009,0.04741480590014861,0.0
delta1__peptide_count__P08697,0.04732929174545071,0.0
peptide_count__Q9NQ79,0.04696096487751157,0.0
lag1__peptide_std__P00748,0.046884825934063526,0.0
rollmean2__peptide_log__AVGDKLPEC(UniMod_4)EADDGC(UniMod_4)PKPPEIAHGYVEHSVR,0.04605754734024203,0.0
protein_npx__P02766,0.04591863578749802,0.0
lag1__current_updrs_4,0.04448191399286373,0.0
missing__peptide_log__EILSVDC(UniMod_4)STNNPSQAK,0.04410901279557203,0.0
slope1__peptide_std__Q9NQ79,0.043949506054306954,0.0
lag1__peptide_std__P10645,0.04362212517643677,0.0
delta1__protein_npx__Q9NQ79,0.04218238971543968,0.0
rollmean2__peptide_log__LFDSDPITVTVPVEVSR,0.04208253465738315,0.0
rollmean2__peptide_std__P02652,0.04206231404176913,0.0
peptide_log__VKDLATVYVDVLK,0.04196928120102434,0.0
delta1__peptide_count__O75144,0.040861444508966456,0.0
slope1__peptide_log__YYWGGQYTWDMAK,0.04078906369521257,0.0
lag1__peptide_log__VGYVSGWGR,0.039299692750500825,0.0
lag1__peptide_mean__P05156,0.03902521638422904,0.0
lag1__peptide_std__P07339,0.03879463119380731,0.0
peptide_mean__P61278,0.03827976898415484,0.0
protein_npx__P23083,0.03660029633842392,0.0
peptide_std__P09486,0.035984197666148195,0.0
missing__peptide_log__C(UniMod_4)DSSPDSAEDVRK,0.035752228160248346,0.0
lag1__peptide_mean__P10643,0.03566791367279792,0.0
delta1__peptide_mean__P01876,0.0356132225092049,0.0
slope1__peptide_count__P51884,0.03554306957232023,0.0
rollmean2__peptide_std__P06396,0.03307585164693096,0.0
rollmean2__peptide_mean__P02765,0.032468715029110536,0.0
rollmean2__peptide_count__P02747,0.03211995496355924,0.0
slope1__peptide_count__Q9UBX5,0.030439877530688032,0.0
delta1__peptide_count__Q08380,0.030251758502120665,0.0
missing__protein_npx__P04275,0.030246921158696715,0.0
missing__protein_npx__Q99832,0.02993791322438289,0.0
delta1__peptide_log__KVEQAVETEPEPELR,0.029675386020776007,0.0
delta1__peptide_std__P00736,0.02932828021444579,0.0
lag1__peptide_mean__P43652,0.02855922622649963,0.0
missing__peptide_mean__P04275,0.028496882969725888,0.0
delta1__protein_npx__P98160,0.028278902405962713,0.0
delta1__peptide_std__P00748,0.026990671230973453,0.0
peptide_log__SLAAAAGKQELAK,0.025573253632880943,0.0
rollmean2__peptide_mean__Q12841,0.024117815088551844,0.0
slope1__peptide_log__LC(UniMod_4)MGSGLNLC(UniMod_4)EPNNKEGYYGYTGAFR,0.02363972731918367,0.0
slope1__peptide_log__ATVNPSAPR,0.023613859583870668,0.0
slope1__peptide_mean__Q9NYU2,0.02349179857594214,0.0
delta1__peptide_mean__P19021,0.02288618458157784,0.0
peptide_log__VC(UniMod_4)PFAGILENGAVR,0.022825811812775737,0.0
lag1__peptide_mean__P13671,0.02277702986610932,0.0
missing__peptide_count__O00391,0.0224930250609078,0.0
lag1__protein_npx__P61278,0.022439733538200415,0.0
slope1__peptide_mean__P07333,0.022216061119350816,0.0
delta1__protein_npx__P01591,0.02192539899935196,0.0
peptide_std__P00738,0.021366413747963175,0.0
delta1__peptide_std__P05060,0.02028212441833355,0.0
rollmean2__peptide_std__P13611,0.02008828528550828,0.0
lag1__peptide_count__Q13740,0.0200281172080786,0.0
delta1__peptide_std__P02763,0.01992462538923355,0.0
delta1__peptide_count__P09486,0.019686084798734838,0.0
missing__peptide_mean__O00391,0.01928464981568342,0.0
lag1__peptide_mean__Q13740,0.019182152679099986,0.0
slope1__protein_npx__P08603,0.018240123135724165,0.0
missing__peptide_std__Q9UBX5,0.018222112894198242,0.0
missing__peptide_log__KAADDTWEPFASGK,0.017411342982336844,0.0
missing__protein_npx__O00391,0.015818213539314025,0.0
slope1__protein_npx__P07333,0.01535178241079386,0.0
slope1__protein_npx__P11277,0.014983876790372008,0.0
slope1__peptide_std__P05060,0.01494234027338574,0.0
delta1__peptide_count__P01877,0.014921399669396289,0.0
peptide_mean__O00584,0.014760857537120779,0.0
missing__peptide_mean__Q6UX71,0.014459485187279164,0.0
delta1__peptide_log__TEGDGVYTLNNEK,0.01432540877742251,0.0
lag1__protein_npx__P01861,0.014310790507878132,0.0
missing__peptide_log__C(UniMod_4)SYTEDAQC(UniMod_4)IDGTIEVPK,0.013186320082884872,0.0
missing__protein_npx__Q6UX71,0.012773027960961438,0.0
peptide_std__Q16610,0.012593817973841952,0.0
lag1__peptide_std__P54289,0.012552705254167353,0.0
delta1__peptide_mean__P10643,0.01043472195470463,0.0
lag1__months_since_prev_visit,0.01042963216510429,0.0
delta1__peptide_mean__Q9Y6R7,0.009950145273056123,0.0
peptide_count__P14618,0.009890822249974139,0.0
slope1__protein_npx__P10643,0.009354919921096506,0.0
delta1__peptide_std__P19823,0.009123284021999876,0.0
delta1__peptide_std__P16870,0.008967590535762338,0.0
slope1__peptide_mean__P17174,0.008962537854973416,0.0
slope1__peptide_log__C(UniMod_4)KPVNTFVHEPLVDVQNVC(UniMod_4)FQEK,0.008780473466185214,0.0
lag1__peptide_log__YVM(UniMod_35)LPVADQDQC(UniMod_4)IR,0.008690538100915187,0.0
missing__peptide_count__Q6UX71,0.00817566390611269,0.0
missing__peptide_count__P17936,0.008107842148138545,0.0
lag1__peptide_log__RLEGQEEEEDNRDSSMK,0.007374639366836202,0.0
peptide_std__P36222,0.007089761527518739,0.0
missing__peptide_count__Q99832,0.006755093037096961,0.0
peptide_std__Q6UXB8,0.006511201691209352,0.0
delta1__peptide_count__P36222,0.006004482109410787,0.0
delta1__peptide_log__NPDPWAK,0.005907062833051286,0.0
missing__peptide_log__FNKPFVFLM(UniMod_35)IEQNTK,0.005814409959401285,0.0
peptide_std__O00533,0.005669755930483984,0.0
lag1__peptide_std__Q9UHG2,0.005501201304255096,0.0
missing__peptide_log__M(UniMod_35)YLGYEYVTAIR,0.00546637922680794,0.0
peptide_mean__P02655,0.005180203407926224,0.0
delta1__peptide_count__O15394,0.005074338654366536,0.0
slope1__peptide_count__P55290,0.004968935064009951,0.0
missing__peptide_count__P04275,0.0049540398260055915,0.0
rollmean2__peptide_mean__P20933,0.003927262656733627,0.0
peptide_mean__Q15904,0.003924755505408845,0.0
missing__peptide_mean__Q6UXD5,0.0036524807404667344,0.0
slope1__peptide_mean__P23142,0.00348339338586285,0.0
missing__peptide_mean__Q99683,0.003446212609081584,0.0
slope1__current_medication_unknown,0.002799865390607503,0.0
slope1__peptide_std__P14618,0.0025617352633433726,0.0
missing__peptide_count__Q6UXD5,0.0023899082540203426,0.0
missing__peptide_mean__Q99832,0.0023827595428428925,0.0
missing__peptide_count__Q13283,0.0022293083396890123,0.0
missing__peptide_count__P49588,0.001979668600427193,0.0
missing__protein_npx__P27169,0.001961454288338526,0.0
missing__peptide_mean__P08133,0.0017113399107605406,0.0
missing__protein_npx__Q13283,0.0016772111128896445,0.0
missing__peptide_log__LDEVKEQVAEVR,0.001326392159870074,0.0
missing__peptide_mean__P27169,0.0009213258028822504,0.0
rollmean2__peptide_mean__P36980,0.0005496789011284379,0.0
missing__peptide_std__Q06481,0.0004705219821830086,0.0
missing__peptide_count__P20933,0.0004404170003404271,0.0
missing__peptide_count__P27169,0.00024650852696373805,0.0
lag1__peptide_count__P27169,0.00013370360487800954,0.0
lag1__peptide_mean__P02766,7.303989761854662e-05,0.0
missing__peptide_count__Q99683,5.1615394695942955e-05,0.0
slope1__peptide_log__VTSIQDWVQK,0.0,0.0
rollmean2__protein_npx__P04216,0.0,0.0
rollmean2__protein_npx__O15394,0.0,0.0
rollmean2__protein_npx__O14791,0.0,0.0
rollmean2__protein_npx__P04217,0.0,0.0
rollmean2__protein_npx__O15240,0.0,0.0
slope1__peptide_log__VYC(UniMod_4)DMNTENGGWTVIQNR,0.0,0.0
slope1__peptide_log__WELALGR,0.0,0.0
slope1__peptide_log__YIVSGTPTFVPYLIK,0.0,0.0
rollmean2__protein_npx__O14773,0.0,0.0
rollmean2__protein_npx__O43505,0.0,0.0
slope1__current_medication_on,0.0,0.0
slope1__current_updrs_4,0.0,0.0
slope1__current_updrs_3,0.0,0.0
slope1__visit_index,0.0,0.0
rollmean2__protein_npx__P04406,0.0,0.0
rollmean2__protein_npx__P04433,0.0,0.0
slope1__current_updrs_2,0.0,0.0
slope1__current_updrs_1,0.0,0.0
slope1__months_since_baseline,0.0,0.0
slope1__peptide_missing_fraction,0.0,0.0
rollmean2__protein_npx__O00533,0.0,0.0
slope1__peptide_feature_count,0.0,0.0
slope1__months_since_prev_visit,0.0,0.0
slope1__peptide_log__YVMLPVADQDQC(UniMod_4)IR,0.0,0.0
slope1__has_previous_visit,0.0,0.0
rollmean2__protein_npx__P05060,0.0,0.0
slope1__peptide_log__YVM(UniMod_35)LPVADQDQC(UniMod_4)IR,0.0,0.0
rollmean2__protein_npx__O00391,0.0,0.0
rollmean2__protein_npx__O00584,0.0,0.0
slope1__peptide_log__VTLTC(UniMod_4)VAPLSGVDFQLR,0.0,0.0
rollmean2__protein_npx__O14498,0.0,0.0
rollmean2__protein_npx__P04275,0.0,0.0
rollmean2__protein_npx__P02675,0.0,0.0
rollmean2__protein_npx__P02671,0.0,0.0
rollmean2__protein_npx__P02656,0.0,0.0
rollmean2__protein_npx__P04075,0.0,0.0
rollmean2__protein_npx__P02655,0.0,0.0
rollmean2__protein_npx__P02652,0.0,0.0
rollmean2__protein_npx__P02649,0.0,0.0
rollmean2__protein_npx__P01042,0.0,0.0
rollmean2__protein_npx__P02452,0.0,0.0
rollmean2__protein_npx__P01877,0.0,0.0
rollmean2__protein_npx__P01876,0.0,0.0
rollmean2__protein_npx__P01861,0.0,0.0
rollmean2__protein_npx__P01860,0.0,0.0
rollmean2__protein_npx__P01859,0.0,0.0
rollmean2__protein_npx__P04156,0.0,0.0
rollmean2__protein_npx__P04180,0.0,0.0
rollmean2__protein_npx__P02647,0.0,0.0
rollmean2__protein_npx__P02765,0.0,0.0
rollmean2__protein_npx__P02763,0.0,0.0
rollmean2__protein_npx__P02760,0.0,0.0
rollmean2__protein_npx__P02766,0.0,0.0
rollmean2__protein_npx__P02768,0.0,0.0
rollmean2__protein_npx__P02774,0.0,0.0
rollmean2__protein_npx__P02753,0.0,0.0
rollmean2__protein_npx__P02679,0.0,0.0
rollmean2__protein_npx__P02750,0.0,0.0
rollmean2__protein_npx__P02749,0.0,0.0
rollmean2__protein_npx__P02787,0.0,0.0
rollmean2__protein_npx__P02790,0.0,0.0
rollmean2__protein_npx__P02792,0.0,0.0
rollmean2__protein_npx__P02748,0.0,0.0
rollmean2__protein_npx__P02747,0.0,0.0
rollmean2__protein_npx__P04004,0.0,0.0
rollmean2__protein_npx__P02751,0.0,0.0
rollmean2__protein_npx__P01011,0.0,0.0
rollmean2__protein_npx__P01009,0.0,0.0
rollmean2__protein_npx__P01008,0.0,0.0
rollmean2__protein_npx__P00751,0.0,0.0
rollmean2__protein_npx__P00748,0.0,0.0
rollmean2__protein_npx__P00747,0.0,0.0
rollmean2__protein_npx__P00746,0.0,0.0
rollmean2__protein_npx__P04196,0.0,0.0
rollmean2__protein_npx__P00736,0.0,0.0
rollmean2__protein_npx__P00734,0.0,0.0
rollmean2__protein_npx__P00450,0.0,0.0
rollmean2__protein_npx__P00441,0.0,0.0
rollmean2__protein_npx__O94919,0.0,0.0
rollmean2__protein_npx__O75326,0.0,0.0
rollmean2__protein_npx__O75144,0.0,0.0
rollmean2__protein_npx__O60888,0.0,0.0
rollmean2__protein_npx__P00738,0.0,0.0
rollmean2__protein_npx__P01857,0.0,0.0
rollmean2__protein_npx__P01834,0.0,0.0
rollmean2__protein_npx__P01833,0.0,0.0
rollmean2__protein_npx__P01780,0.0,0.0
rollmean2__protein_npx__P01717,0.0,0.0
rollmean2__protein_npx__P01621,0.0,0.0
rollmean2__protein_npx__P01608,0.0,0.0
rollmean2__protein_npx__P01594,0.0,0.0
rollmean2__protein_npx__P01019,0.0,0.0
rollmean2__protein_npx__P04207,0.0,0.0
rollmean2__protein_npx__P01344,0.0,0.0
rollmean2__protein_npx__P04211,0.0,0.0
rollmean2__protein_npx__P01034,0.0,0.0
rollmean2__protein_npx__P01033,0.0,0.0
rollmean2__protein_npx__P01031,0.0,0.0
rollmean2__protein_npx__P01024,0.0,0.0
rollmean2__protein_npx__P01023,0.0,0.0
rollmean2__protein_npx__P01591,0.0,0.0
slope1__peptide_log__AVGDKLPEC(UniMod_4)EADDGC(UniMod_4)PKPPEIAHGYVEHSVR,0.0,0.0
slope1__peptide_log__ANRPFLVFIR,0.0,0.0
slope1__peptide_log__ALGISPFHEHAEVVFTANDSGPR,0.0,0.0
slope1__peptide_log__AKLEEQAQQIR,0.0,0.0
slope1__peptide_log__AEAQEAEDQQAR,0.0,0.0
slope1__peptide_log__ADDKETC(UniMod_4)FAEEGK,0.0,0.0
slope1__peptide_log__AATVGSLAGQPLQER,0.0,0.0
slope1__peptide_log__AATGEC(UniMod_4)TATVGKR,0.0,0.0
slope1__peptide_count__Q9Y6R7,0.0,0.0
slope1__peptide_log__RLEGQEEEEDNRDSSMK,0.0,0.0
slope1__peptide_count__Q9UNU6,0.0,0.0
slope1__peptide_count__Q9UKV8,0.0,0.0
slope1__peptide_count__Q9UHG2,0.0,0.0
slope1__peptide_count__Q9UBR2,0.0,0.0
slope1__peptide_count__Q9NYU2,0.0,0.0
slope1__peptide_count__Q9NQ79,0.0,0.0
slope1__peptide_count__Q9HDC9,0.0,0.0
slope1__peptide_count__Q9BY67,0.0,0.0
slope1__peptide_count__Q99969,0.0,0.0
slope1__peptide_count__Q99832,0.0,0.0
slope1__peptide_count__Q9Y646,0.0,0.0
slope1__peptide_log__FNKPFVFLM(UniMod_35)IEQNTK,0.0,0.0
slope1__peptide_log__FM(UniMod_35)ETVAEK,0.0,0.0
slope1__peptide_log__FLATTPNSLLVSWQPPR,0.0,0.0
slope1__peptide_log__ELSSFIDKGQELC(UniMod_4)ADYSENTFTEYK,0.0,0.0
slope1__peptide_log__ELDESLQVAER,0.0,0.0
slope1__peptide_log__EILSVDC(UniMod_4)STNNPSQAK,0.0,0.0
slope1__peptide_log__EDSLEAGLPLQVR,0.0,0.0
slope1__peptide_log__DSGFQM(UniMod_35)NQLR,0.0,0.0
slope1__peptide_log__DSGEGDFLAEGGGVR,0.0,0.0
slope1__peptide_log__DLATVYVDVLK,0.0,0.0
slope1__peptide_log__AVLPTGDVIGDSAK,0.0,0.0
slope1__peptide_log__C(UniMod_4)VDVDEC(UniMod_4)APPAEPC(UniMod_4)GK,0.0,0.0
slope1__peptide_log__C(UniMod_4)TSTGWIPAPR,0.0,0.0
slope1__peptide_log__C(UniMod_4)SYTEDAQC(UniMod_4)IDGTIEVPK,0.0,0.0
slope1__peptide_log__C(UniMod_4)REILSVDC(UniMod_4)STNNPSQAK,0.0,0.0
slope1__peptide_log__C(UniMod_4)RDQLPYIC(UniMod_4)QFGIV,0.0,0.0
slope1__peptide_log__C(UniMod_4)IIEVLSNALSK,0.0,0.0
slope1__peptide_log__C(UniMod_4)DSSPDSAEDVRK,0.0,0.0
slope1__peptide_log__C(UniMod_4)C(UniMod_4)VEC(UniMod_4)PPC(UniMod_4)PAPPVAGPSVFLFPPKPK,0.0,0.0
slope1__peptide_log__AYQGVAAPFPK,0.0,0.0
slope1__peptide_log__AYKSELEEQLTPVAEETR,0.0,0.0
slope1__peptide_log__DASGVTFTWTPSSGK,0.0,0.0
slope1__peptide_count__Q15904,0.0,0.0
slope1__peptide_count__Q14624,0.0,0.0
slope1__peptide_count__Q14515,0.0,0.0
slope1__peptide_count__Q14508,0.0,0.0
slope1__peptide_count__Q14118,0.0,0.0
slope1__peptide_count__Q13740,0.0,0.0
slope1__peptide_count__Q13451,0.0,0.0
slope1__peptide_count__Q13449,0.0,0.0
slope1__peptide_count__Q13332,0.0,0.0
slope1__peptide_count__Q99829,0.0,0.0
slope1__peptide_count__Q12907,0.0,0.0
slope1__peptide_count__Q12841,0.0,0.0
slope1__peptide_count__Q12805,0.0,0.0
slope1__peptide_count__Q08380,0.0,0.0
slope1__peptide_count__Q06481,0.0,0.0
slope1__peptide_count__Q02818,0.0,0.0
slope1__peptide_count__P98160,0.0,0.0
slope1__peptide_count__P80748,0.0,0.0
slope1__peptide_count__P61916,0.0,0.0
slope1__peptide_count__P61626,0.0,0.0
slope1__peptide_count__Q13283,0.0,0.0
slope1__peptide_count__Q99683,0.0,0.0
slope1__peptide_count__Q99674,0.0,0.0
slope1__peptide_count__Q99435,0.0,0.0
slope1__peptide_count__Q96S96,0.0,0.0
slope1__peptide_count__Q96PD5,0.0,0.0
slope1__peptide_count__Q96KN2,0.0,0.0
slope1__peptide_count__Q96BZ4,0.0,0.0
slope1__peptide_count__Q92876,0.0,0.0
slope1__peptide_count__Q92823,0.0,0.0
slope1__peptide_count__Q92520,0.0,0.0
slope1__peptide_count__Q16270,0.0,0.0
slope1__peptide_count__Q8NBJ4,0.0,0.0
slope1__peptide_count__Q8N2S1,0.0,0.0
slope1__peptide_count__Q8IWV7,0.0,0.0
slope1__peptide_count__Q7Z5P9,0.0,0.0
slope1__peptide_count__Q7Z3B1,0.0,0.0
slope1__peptide_count__Q6UXD5,0.0,0.0
slope1__peptide_count__Q6UXB8,0.0,0.0
slope1__peptide_count__Q6UX71,0.0,0.0
slope1__peptide_count__Q562R1,0.0,0.0
slope1__peptide_count__Q16610,0.0,0.0
slope1__peptide_count__Q8NE71,0.0,0.0
slope1__peptide_log__SWFEPLVEDM(UniMod_35)QR,0.0,0.0
slope1__peptide_log__SSQGGSLPSEEK,0.0,0.0
slope1__peptide_log__SPVGVQPILNEHTFC(UniMod_4)AGMSK,0.0,0.0
slope1__peptide_log__SNSSM(UniMod_35)HITDC(UniMod_4)R,0.0,0.0
slope1__peptide_log__SLAELGGHLDQQVEEFRR,0.0,0.0
slope1__peptide_log__SLAAAAGKQELAK,0.0,0.0
slope1__peptide_log__SGELEQEEER,0.0,0.0
slope1__peptide_log__SGEATDGARPQALPEPMQESK,0.0,0.0
slope1__peptide_log__SFNRGEC(UniMod_4),0.0,0.0
slope1__peptide_log__GC(UniMod_4)PTEEGC(UniMod_4)GER,0.0,0.0
slope1__peptide_log__SEALAVDGAGKPGAEEAQDPEGK,0.0,0.0
slope1__peptide_log__SC(UniMod_4)SPELQQK,0.0,0.0
slope1__peptide_log__SC(UniMod_4)DTPPPC(UniMod_4)PR,0.0,0.0
slope1__peptide_log__RTPITVVK,0.0,0.0
rollmean2__protein_npx__P05067,0.0,0.0
slope1__peptide_log__RGYQLSDVDGVTC(UniMod_4)EDIDEC(UniMod_4)ALPTGGHIC(UniMod_4)SYR,0.0,0.0
slope1__peptide_log__QWAGLVEK,0.0,0.0
slope1__peptide_log__QQETAAAETETR,0.0,0.0
slope1__peptide_log__QNC(UniMod_4)ELFEQLGEYK,0.0,0.0
slope1__peptide_log__QKVEPLRAELQEGAR,0.0,0.0
slope1__peptide_log__SELEEQLTPVAEETR,0.0,0.0
slope1__peptide_log__VQPYLDDFQKK,0.0,0.0
slope1__peptide_log__VQAAVGTSAAPVPSDNH,0.0,0.0
slope1__peptide_log__VMPIC(UniMod_4)LPSKDYAEVGR,0.0,0.0
slope1__peptide_log__VLLDQLR,0.0,0.0
slope1__peptide_log__VKDLATVYVDVLK,0.0,0.0
slope1__peptide_log__VGYVSGWGR,0.0,0.0
slope1__peptide_log__VDSGNDVTDIADDGC(UniMod_4)PKPPEIAHGYVEHSVR,0.0,0.0
slope1__peptide_log__VDNALQSGNSQESVTEQDSKDSTYSLSSTLTLSK,0.0,0.0
slope1__peptide_log__VC(UniMod_4)PFAGILENGAVR,0.0,0.0
slope1__peptide_log__TVVQPSVGAAAGPVVPPC(UniMod_4)PGR,0.0,0.0
slope1__peptide_log__TDASDVKPC(UniMod_4),0.0,0.0
slope1__peptide_log__TTPPVLDSDGSFFLYSK,0.0,0.0
slope1__peptide_log__TSPVDEKALQDQLVLVAAK,0.0,0.0
slope1__peptide_log__TSAHGNVAEGETKPDPDVTER,0.0,0.0
slope1__peptide_log__TQVNTQAEQLRR,0.0,0.0
slope1__peptide_log__TPVSDRVTK,0.0,0.0
slope1__peptide_log__TPLGDTTHTC(UniMod_4)PR,0.0,0.0
slope1__peptide_log__TM(UniMod_35)LLQPAGSLGSYSYR,0.0,0.0
slope1__peptide_log__TLLSNLEEAKK,0.0,0.0
slope1__peptide_log__TKEEYGHSEVVEYYC(UniMod_4)NPR,0.0,0.0
slope1__peptide_log__TEGDGVYTLNNEK,0.0,0.0
slope1__peptide_log__TTPPVLDSDGSFFLYSR,0.0,0.0
slope1__peptide_log__LGADM(UniMod_35)EDVC(UniMod_4)GR,0.0,0.0
slope1__peptide_log__LFDSDPITVTVPVEVSR,0.0,0.0
slope1__peptide_log__LEGQEEEEDNRDSSMK,0.0,0.0
slope1__peptide_log__LDEVKEQVAEVR,0.0,0.0
slope1__peptide_log__LAVYQAGAR,0.0,0.0
slope1__peptide_log__KVEQAVETEPEPELR,0.0,0.0
slope1__peptide_log__KQELSEAEQATR,0.0,0.0
slope1__peptide_log__KFPSGTFEQVSQLVK,0.0,0.0
slope1__peptide_log__KAADDTWEPFASGK,0.0,0.0
slope1__peptide_log__IMNGEADAMSLDGGFVYIAGK,0.0,0.0
slope1__peptide_log__QIGSVYR,0.0,0.0
slope1__peptide_log__ILLQGTPVAQMTEDAVDAER,0.0,0.0
slope1__peptide_log__IHWESASLLR,0.0,0.0
slope1__peptide_log__HYTNPSQDVTVPC(UniMod_4)PVPPPPPC(UniMod_4)C(UniMod_4)HPR,0.0,0.0
slope1__peptide_log__HYEGSTVPEK,0.0,0.0
slope1__peptide_log__HYDGSYSTFGER,0.0,0.0
slope1__peptide_log__HGGLYHENMR,0.0,0.0
slope1__peptide_log__GYQLSDVDGVTC(UniMod_4)EDIDEC(UniMod_4)ALPTGGHIC(UniMod_4)SYR,0.0,0.0
slope1__peptide_log__GSPAINVAVHVFRK,0.0,0.0
slope1__peptide_log__GEVQAMLGQSTEELRVR,0.0,0.0
slope1__peptide_log__GEVQAMLGQSTEELR,0.0,0.0
slope1__peptide_log__ILTC(UniMod_4)M(UniMod_35)QGMEEIR,0.0,0.0
slope1__peptide_log__NPDSSTTGPWC(UniMod_4)YTTDPTVR,0.0,0.0
slope1__peptide_log__NPDPWAK,0.0,0.0
slope1__peptide_log__NFPPSQDASGDLYTTSSQLTLPATQC(UniMod_4)PDGK,0.0,0.0
slope1__peptide_log__NFPPSQDASGDLYTTSSQLTLPATQC(UniMod_4)LAGK,0.0,0.0
slope1__peptide_log__MYYSAVDPTKDIFTGLIGPM(UniMod_35)K,0.0,0.0
slope1__peptide_log__MTVTDQVNC(UniMod_4)PK,0.0,0.0
slope1__peptide_log__MASGAANVVGPK,0.0,0.0
slope1__peptide_log__M(UniMod_35)YLGYEYVTAIR,0.0,0.0
slope1__peptide_log__M(UniMod_35)ASGAANVVGPK,0.0,0.0
slope1__peptide_log__LVGGPM(UniMod_35)DASVEEEGVRR,0.0,0.0
slope1__peptide_log__LGADMEDVC(UniMod_4)GR,0.0,0.0
slope1__peptide_log__LSNENHGIAQR,0.0,0.0
slope1__peptide_log__LSKELQAAQAR,0.0,0.0
slope1__peptide_log__LRTEGDGVYTLNNEKQWINK,0.0,0.0
slope1__peptide_log__LRTEGDGVYTLNNEK,0.0,0.0
slope1__peptide_log__LQAEAFQAR,0.0,0.0
slope1__peptide_log__LPPTSAHGNVAEGETKPDPDVTER,0.0,0.0
slope1__peptide_log__LIADLGSTSITNLGFR,0.0,0.0
slope1__peptide_log__LGQSLDC(UniMod_4)NAEVYVVPWEK,0.0,0.0
slope1__peptide_log__LGPLVEQGRVR,0.0,0.0
slope1__peptide_log__LGPLVEQGR,0.0,0.0
slope1__peptide_log__LSSWVLLM(UniMod_35)K,0.0,0.0
rollmean2__peptide_mean__P07225,0.0,0.0
rollmean2__peptide_mean__P07195,0.0,0.0
rollmean2__peptide_mean__P06727,0.0,0.0
rollmean2__peptide_mean__P06681,0.0,0.0
rollmean2__peptide_mean__P06454,0.0,0.0
rollmean2__peptide_mean__P06396,0.0,0.0
rollmean2__peptide_mean__P06310,0.0,0.0
rollmean2__peptide_mean__P05546,0.0,0.0
rollmean2__peptide_mean__P05452,0.0,0.0
rollmean2__peptide_mean__P05408,0.0,0.0
slope1__peptide_count__P61769,0.0,0.0
rollmean2__peptide_mean__P05155,0.0,0.0
rollmean2__peptide_mean__P05090,0.0,0.0
rollmean2__peptide_mean__P05067,0.0,0.0
rollmean2__peptide_mean__P05060,0.0,0.0
rollmean2__peptide_mean__P04433,0.0,0.0
rollmean2__peptide_mean__P04406,0.0,0.0
rollmean2__peptide_mean__P04275,0.0,0.0
rollmean2__peptide_mean__P04217,0.0,0.0
rollmean2__peptide_mean__P04216,0.0,0.0
rollmean2__peptide_mean__P04211,0.0,0.0
rollmean2__peptide_mean__P05156,0.0,0.0
rollmean2__peptide_mean__P10909,0.0,0.0
rollmean2__peptide_mean__P10645,0.0,0.0
rollmean2__peptide_mean__P10643,0.0,0.0
rollmean2__peptide_mean__P10451,0.0,0.0
rollmean2__peptide_mean__P09871,0.0,0.0
rollmean2__peptide_mean__P09486,0.0,0.0
rollmean2__peptide_mean__P09104,0.0,0.0
rollmean2__peptide_mean__P08697,0.0,0.0
rollmean2__peptide_mean__P08637,0.0,0.0
rollmean2__peptide_mean__P08603,0.0,0.0
rollmean2__peptide_mean__P07333,0.0,0.0
rollmean2__peptide_mean__P08493,0.0,0.0
rollmean2__peptide_mean__P08294,0.0,0.0
rollmean2__peptide_mean__P08253,0.0,0.0
rollmean2__peptide_mean__P08133,0.0,0.0
rollmean2__peptide_mean__P08123,0.0,0.0
rollmean2__peptide_mean__P07998,0.0,0.0
rollmean2__peptide_mean__P07858,0.0,0.0
rollmean2__peptide_mean__P07711,0.0,0.0
rollmean2__peptide_mean__P07602,0.0,0.0
rollmean2__peptide_mean__P07339,0.0,0.0
rollmean2__peptide_mean__P08571,0.0,0.0
rollmean2__peptide_mean__P02655,0.0,0.0
rollmean2__peptide_mean__P02652,0.0,0.0
rollmean2__peptide_mean__P02649,0.0,0.0
rollmean2__peptide_mean__P02647,0.0,0.0
rollmean2__peptide_mean__P02452,0.0,0.0
rollmean2__peptide_mean__P01876,0.0,0.0
rollmean2__peptide_mean__P01861,0.0,0.0
rollmean2__peptide_mean__P01860,0.0,0.0
rollmean2__peptide_mean__P01859,0.0,0.0
rollmean2__peptide_mean__P01857,0.0,0.0
rollmean2__peptide_mean__P04207,0.0,0.0
rollmean2__peptide_mean__P01833,0.0,0.0
rollmean2__peptide_mean__P01780,0.0,0.0
rollmean2__peptide_mean__P01717,0.0,0.0
rollmean2__peptide_mean__P01621,0.0,0.0
rollmean2__peptide_mean__P01608,0.0,0.0
rollmean2__peptide_mean__P01594,0.0,0.0
rollmean2__peptide_mean__P01591,0.0,0.0
rollmean2__peptide_mean__P01344,0.0,0.0
rollmean2__peptide_mean__P01042,0.0,0.0
rollmean2__peptide_mean__P01034,0.0,0.0
rollmean2__peptide_mean__P01834,0.0,0.0
rollmean2__peptide_mean__P04196,0.0,0.0
rollmean2__peptide_mean__P04180,0.0,0.0
rollmean2__peptide_mean__P04156,0.0,0.0
rollmean2__peptide_mean__P04075,0.0,0.0
rollmean2__peptide_mean__P04004,0.0,0.0
rollmean2__peptide_mean__P02792,0.0,0.0
rollmean2__peptide_mean__P02790,0.0,0.0
rollmean2__peptide_mean__P02787,0.0,0.0
rollmean2__peptide_mean__P02774,0.0,0.0
rollmean2__peptide_mean__P02768,0.0,0.0
rollmean2__peptide_mean__P02656,0.0,0.0
rollmean2__peptide_mean__P02763,0.0,0.0
rollmean2__peptide_mean__P02760,0.0,0.0
rollmean2__peptide_mean__P02753,0.0,0.0
rollmean2__peptide_mean__P02751,0.0,0.0
rollmean2__peptide_mean__P02750,0.0,0.0
rollmean2__peptide_mean__P02749,0.0,0.0
rollmean2__peptide_mean__P02748,0.0,0.0
rollmean2__peptide_mean__P02747,0.0,0.0
rollmean2__peptide_mean__P02679,0.0,0.0
rollmean2__peptide_mean__P02675,0.0,0.0
rollmean2__peptide_mean__P02671,0.0,0.0
rollmean2__peptide_mean__P02766,0.0,0.0
rollmean2__peptide_mean__Q15904,0.0,0.0
rollmean2__peptide_mean__Q14624,0.0,0.0
rollmean2__peptide_mean__Q14515,0.0,0.0
rollmean2__peptide_mean__Q14508,0.0,0.0
rollmean2__peptide_mean__Q14118,0.0,0.0
rollmean2__peptide_mean__Q13740,0.0,0.0
rollmean2__peptide_mean__Q13451,0.0,0.0
rollmean2__peptide_mean__Q13449,0.0,0.0
rollmean2__peptide_mean__Q13332,0.0,0.0
rollmean2__peptide_mean__Q13283,0.0,0.0
rollmean2__peptide_mean__P11142,0.0,0.0
rollmean2__peptide_mean__Q12805,0.0,0.0
rollmean2__peptide_mean__Q08380,0.0,0.0
rollmean2__peptide_mean__Q06481,0.0,0.0
rollmean2__peptide_mean__Q02818,0.0,0.0
rollmean2__peptide_mean__P98160,0.0,0.0
rollmean2__peptide_mean__P80748,0.0,0.0
rollmean2__peptide_mean__P61916,0.0,0.0
rollmean2__peptide_mean__P61769,0.0,0.0
rollmean2__peptide_mean__P61626,0.0,0.0
rollmean2__peptide_mean__P61278,0.0,0.0
rollmean2__peptide_mean__Q12907,0.0,0.0
rollmean2__peptide_mean__Q99683,0.0,0.0
rollmean2__peptide_mean__Q99674,0.0,0.0
rollmean2__peptide_mean__Q99435,0.0,0.0
rollmean2__peptide_mean__Q96S96,0.0,0.0
rollmean2__peptide_mean__Q96PD5,0.0,0.0
rollmean2__peptide_mean__Q96KN2,0.0,0.0
rollmean2__peptide_mean__Q96BZ4,0.0,0.0
rollmean2__peptide_mean__Q92876,0.0,0.0
rollmean2__peptide_mean__Q92823,0.0,0.0
rollmean2__peptide_mean__Q92520,0.0,0.0
rollmean2__peptide_mean__Q16270,0.0,0.0
rollmean2__peptide_mean__Q8NBJ4,0.0,0.0
rollmean2__peptide_mean__Q8N2S1,0.0,0.0
rollmean2__peptide_mean__Q8IWV7,0.0,0.0
rollmean2__peptide_mean__Q7Z5P9,0.0,0.0
rollmean2__peptide_mean__Q7Z3B1,0.0,0.0
rollmean2__peptide_mean__Q6UXD5,0.0,0.0
rollmean2__peptide_mean__Q6UXB8,0.0,0.0
rollmean2__peptide_mean__Q6UX71,0.0,0.0
rollmean2__peptide_mean__Q562R1,0.0,0.0
rollmean2__peptide_mean__Q16610,0.0,0.0
rollmean2__peptide_mean__Q8NE71,0.0,0.0
rollmean2__peptide_mean__P19827,0.0,0.0
rollmean2__peptide_mean__P19823,0.0,0.0
rollmean2__peptide_mean__P19652,0.0,0.0
rollmean2__peptide_mean__P19021,0.0,0.0
rollmean2__peptide_mean__P18065,0.0,0.0
rollmean2__peptide_mean__P17936,0.0,0.0
rollmean2__peptide_mean__P17174,0.0,0.0
rollmean2__peptide_mean__P16870,0.0,0.0
rollmean2__peptide_mean__P16152,0.0,0.0
rollmean2__peptide_mean__P16070,0.0,0.0
rollmean2__peptide_mean__P60174,0.0,0.0
rollmean2__peptide_mean__P14618,0.0,0.0
rollmean2__peptide_mean__P14314,0.0,0.0
rollmean2__peptide_mean__P14174,0.0,0.0
rollmean2__peptide_mean__P13987,0.0,0.0
rollmean2__peptide_mean__P13671,0.0,0.0
rollmean2__peptide_mean__P13591,0.0,0.0
rollmean2__peptide_mean__P13521,0.0,0.0
rollmean2__peptide_mean__P13473,0.0,0.0
rollmean2__peptide_mean__P12109,0.0,0.0
rollmean2__peptide_mean__P11277,0.0,0.0
rollmean2__peptide_mean__P16035,0.0,0.0
rollmean2__peptide_mean__P55290,0.0,0.0
rollmean2__peptide_mean__P54289,0.0,0.0
rollmean2__peptide_mean__P51884,0.0,0.0
rollmean2__peptide_mean__P49908,0.0,0.0
rollmean2__peptide_mean__P49588,0.0,0.0
rollmean2__peptide_mean__P43652,0.0,0.0
rollmean2__peptide_mean__P43251,0.0,0.0
rollmean2__peptide_mean__P43121,0.0,0.0
rollmean2__peptide_mean__P41222,0.0,0.0
rollmean2__peptide_mean__P40925,0.0,0.0
rollmean2__peptide_mean__P20774,0.0,0.0
rollmean2__peptide_mean__P36955,0.0,0.0
rollmean2__peptide_mean__P36222,0.0,0.0
rollmean2__peptide_mean__P35542,0.0,0.0
rollmean2__peptide_mean__P32754,0.0,0.0
rollmean2__peptide_mean__P31997,0.0,0.0
rollmean2__peptide_mean__P30086,0.0,0.0
rollmean2__peptide_mean__P27169,0.0,0.0
rollmean2__peptide_mean__P25311,0.0,0.0
rollmean2__peptide_mean__P24592,0.0,0.0
rollmean2__peptide_mean__P23142,0.0,0.0
rollmean2__peptide_mean__P23083,0.0,0.0
rollmean2__peptide_mean__P39060,0.0,0.0
rollmean2__protein_npx__P30086,0.0,0.0
rollmean2__protein_npx__P27169,0.0,0.0
rollmean2__protein_npx__P25311,0.0,0.0
rollmean2__protein_npx__P24592,0.0,0.0
rollmean2__protein_npx__P23142,0.0,0.0
rollmean2__protein_npx__P23083,0.0,0.0
rollmean2__protein_npx__P20933,0.0,0.0
rollmean2__protein_npx__P20774,0.0,0.0
rollmean2__protein_npx__P19827,0.0,0.0
rollmean2__protein_npx__P19823,0.0,0.0
rollmean2__peptide_mean__P01033,0.0,0.0
rollmean2__protein_npx__P19021,0.0,0.0
rollmean2__protein_npx__P18065,0.0,0.0
rollmean2__protein_npx__P17936,0.0,0.0
rollmean2__protein_npx__P17174,0.0,0.0
rollmean2__protein_npx__P16870,0.0,0.0
rollmean2__protein_npx__P16152,0.0,0.0
rollmean2__protein_npx__P16070,0.0,0.0
rollmean2__protein_npx__P16035,0.0,0.0
rollmean2__protein_npx__P14618,0.0,0.0
rollmean2__protein_npx__P14314,0.0,0.0
rollmean2__protein_npx__P19652,0.0,0.0
rollmean2__protein_npx__P80748,0.0,0.0
rollmean2__protein_npx__P61916,0.0,0.0
rollmean2__protein_npx__P61769,0.0,0.0
rollmean2__protein_npx__P61626,0.0,0.0
rollmean2__protein_npx__P61278,0.0,0.0
rollmean2__protein_npx__P60174,0.0,0.0
rollmean2__protein_npx__P55290,0.0,0.0
rollmean2__protein_npx__P54289,0.0,0.0
rollmean2__protein_npx__P51884,0.0,0.0
rollmean2__protein_npx__P49908,0.0,0.0
rollmean2__protein_npx__P31997,0.0,0.0
rollmean2__protein_npx__P43652,0.0,0.0
rollmean2__protein_npx__P43251,0.0,0.0
rollmean2__protein_npx__P43121,0.0,0.0
rollmean2__protein_npx__P41222,0.0,0.0
rollmean2__protein_npx__P40925,0.0,0.0
rollmean2__protein_npx__P39060,0.0,0.0
rollmean2__protein_npx__P36955,0.0,0.0
rollmean2__protein_npx__P36222,0.0,0.0
rollmean2__protein_npx__P35542,0.0,0.0
rollmean2__protein_npx__P32754,0.0,0.0
rollmean2__protein_npx__P49588,0.0,0.0
rollmean2__protein_npx__P08133,0.0,0.0
rollmean2__protein_npx__P08123,0.0,0.0
rollmean2__protein_npx__P07998,0.0,0.0
rollmean2__protein_npx__P07858,0.0,0.0
rollmean2__protein_npx__P07711,0.0,0.0
rollmean2__protein_npx__P07602,0.0,0.0
rollmean2__protein_npx__P07339,0.0,0.0
rollmean2__protein_npx__P07333,0.0,0.0
rollmean2__protein_npx__P07225,0.0,0.0
rollmean2__protein_npx__P07195,0.0,0.0
rollmean2__protein_npx__P14174,0.0,0.0
rollmean2__protein_npx__P06681,0.0,0.0
rollmean2__protein_npx__P06454,0.0,0.0
rollmean2__protein_npx__P06396,0.0,0.0
rollmean2__protein_npx__P06310,0.0,0.0
rollmean2__protein_npx__P05546,0.0,0.0
rollmean2__protein_npx__P05452,0.0,0.0
rollmean2__protein_npx__P05408,0.0,0.0
rollmean2__protein_npx__P05156,0.0,0.0
rollmean2__protein_npx__P05155,0.0,0.0
rollmean2__protein_npx__P05090,0.0,0.0
rollmean2__protein_npx__P06727,0.0,0.0
rollmean2__protein_npx__P13987,0.0,0.0
rollmean2__protein_npx__P13671,0.0,0.0
rollmean2__protein_npx__P13611,0.0,0.0
rollmean2__protein_npx__P13591,0.0,0.0
rollmean2__protein_npx__P13521,0.0,0.0
rollmean2__protein_npx__P13473,0.0,0.0
rollmean2__protein_npx__P12109,0.0,0.0
rollmean2__protein_npx__P11277,0.0,0.0
rollmean2__protein_npx__P11142,0.0,0.0
rollmean2__protein_npx__P10909,0.0,0.0
rollmean2__protein_npx__P08253,0.0,0.0
rollmean2__protein_npx__P10643,0.0,0.0
rollmean2__protein_npx__P10451,0.0,0.0
rollmean2__protein_npx__P09871,0.0,0.0
rollmean2__protein_npx__P09486,0.0,0.0
rollmean2__protein_npx__P09104,0.0,0.0
rollmean2__protein_npx__P08697,0.0,0.0
rollmean2__protein_npx__P08637,0.0,0.0
rollmean2__protein_npx__P08603,0.0,0.0
rollmean2__protein_npx__P08571,0.0,0.0
rollmean2__protein_npx__P08493,0.0,0.0
rollmean2__protein_npx__P08294,0.0,0.0
rollmean2__protein_npx__P10645,0.0,0.0
rollmean2__peptide_mean__O14791,0.0,0.0
rollmean2__peptide_mean__O14773,0.0,0.0
rollmean2__peptide_mean__O14498,0.0,0.0
rollmean2__peptide_mean__O00584,0.0,0.0
rollmean2__peptide_mean__O00533,0.0,0.0
rollmean2__peptide_mean__O00391,0.0,0.0
rollmean2__peptide_observation_count,0.0,0.0
rollmean2__peptide_abundance_sum,0.0,0.0
rollmean2__peptide_abundance_max,0.0,0.0
rollmean2__peptide_abundance_min,0.0,0.0
rollmean2__protein_npx__P98160,0.0,0.0
rollmean2__peptide_abundance_mean,0.0,0.0
rollmean2__protein_missing_fraction,0.0,0.0
rollmean2__protein_feature_count,0.0,0.0
rollmean2__protein_npx__Q9Y6R7,0.0,0.0
rollmean2__protein_npx__Q9Y646,0.0,0.0
rollmean2__protein_npx__Q9UNU6,0.0,0.0
rollmean2__protein_npx__Q9UKV8,0.0,0.0
rollmean2__protein_npx__Q9UHG2,0.0,0.0
rollmean2__protein_npx__Q9UBX5,0.0,0.0
rollmean2__protein_npx__Q9UBR2,0.0,0.0
rollmean2__peptide_abundance_std,0.0,0.0
rollmean2__peptide_mean__P01031,0.0,0.0
rollmean2__peptide_mean__P01024,0.0,0.0
rollmean2__peptide_mean__P01023,0.0,0.0
rollmean2__peptide_mean__P01019,0.0,0.0
rollmean2__peptide_mean__P01011,0.0,0.0
rollmean2__peptide_mean__P01009,0.0,0.0
rollmean2__peptide_mean__P01008,0.0,0.0
rollmean2__peptide_mean__P00751,0.0,0.0
rollmean2__peptide_mean__P00747,0.0,0.0
rollmean2__peptide_mean__P00746,0.0,0.0
rollmean2__peptide_mean__O15240,0.0,0.0
rollmean2__peptide_mean__P00736,0.0,0.0
rollmean2__peptide_mean__P00734,0.0,0.0
rollmean2__peptide_mean__P00450,0.0,0.0
rollmean2__peptide_mean__P00441,0.0,0.0
rollmean2__peptide_mean__O94919,0.0,0.0
rollmean2__peptide_mean__O75326,0.0,0.0
rollmean2__peptide_mean__O75144,0.0,0.0
rollmean2__peptide_mean__O60888,0.0,0.0
rollmean2__peptide_mean__O43505,0.0,0.0
rollmean2__peptide_mean__O15394,0.0,0.0
rollmean2__peptide_mean__P00738,0.0,0.0
rollmean2__protein_npx__Q6UXB8,0.0,0.0
rollmean2__protein_npx__Q6UX71,0.0,0.0
rollmean2__protein_npx__Q562R1,0.0,0.0
rollmean2__protein_npx__Q16610,0.0,0.0
rollmean2__protein_npx__Q16270,0.0,0.0
rollmean2__protein_npx__Q15904,0.0,0.0
rollmean2__protein_npx__Q14624,0.0,0.0
rollmean2__protein_npx__Q14515,0.0,0.0
rollmean2__protein_npx__Q14508,0.0,0.0
rollmean2__protein_npx__Q14118,0.0,0.0
rollmean2__protein_npx__Q9NYU2,0.0,0.0
rollmean2__protein_npx__Q13451,0.0,0.0
rollmean2__protein_npx__Q13449,0.0,0.0
rollmean2__protein_npx__Q13332,0.0,0.0
rollmean2__protein_npx__Q13283,0.0,0.0
rollmean2__protein_npx__Q12907,0.0,0.0
rollmean2__protein_npx__Q12841,0.0,0.0
rollmean2__protein_npx__Q12805,0.0,0.0
rollmean2__protein_npx__Q08380,0.0,0.0
rollmean2__protein_npx__Q06481,0.0,0.0
rollmean2__protein_npx__Q02818,0.0,0.0
rollmean2__protein_npx__Q13740,0.0,0.0
rollmean2__protein_npx__Q9NQ79,0.0,0.0
rollmean2__protein_npx__Q9HDC9,0.0,0.0
rollmean2__protein_npx__Q9BY67,0.0,0.0
rollmean2__protein_npx__Q99969,0.0,0.0
rollmean2__protein_npx__Q99832,0.0,0.0
rollmean2__protein_npx__Q99829,0.0,0.0
rollmean2__protein_npx__Q99683,0.0,0.0
rollmean2__protein_npx__Q99674,0.0,0.0
rollmean2__protein_npx__Q99435,0.0,0.0
rollmean2__protein_npx__Q96S96,0.0,0.0
rollmean2__protein_npx__Q6UXD5,0.0,0.0
rollmean2__protein_npx__Q96KN2,0.0,0.0
rollmean2__protein_npx__Q96BZ4,0.0,0.0
rollmean2__protein_npx__Q92876,0.0,0.0
rollmean2__protein_npx__Q92823,0.0,0.0
rollmean2__protein_npx__Q92520,0.0,0.0
rollmean2__protein_npx__Q8NE71,0.0,0.0
rollmean2__protein_npx__Q8NBJ4,0.0,0.0
rollmean2__protein_npx__Q8N2S1,0.0,0.0
rollmean2__protein_npx__Q8IWV7,0.0,0.0
rollmean2__protein_npx__Q7Z5P9,0.0,0.0
rollmean2__protein_npx__Q7Z3B1,0.0,0.0
rollmean2__protein_npx__Q96PD5,0.0,0.0
slope1__peptide_mean__P02679,0.0,0.0
slope1__peptide_mean__P02675,0.0,0.0
slope1__peptide_mean__P02671,0.0,0.0
slope1__peptide_mean__P02656,0.0,0.0
slope1__peptide_mean__P02655,0.0,0.0
slope1__peptide_mean__P02652,0.0,0.0
slope1__peptide_mean__P02649,0.0,0.0
slope1__peptide_mean__P02647,0.0,0.0
slope1__peptide_mean__P02452,0.0,0.0
slope1__peptide_mean__P01877,0.0,0.0
slope1__peptide_count__P13591,0.0,0.0
slope1__peptide_mean__P01861,0.0,0.0
slope1__peptide_mean__P01860,0.0,0.0
slope1__peptide_mean__P01859,0.0,0.0
slope1__peptide_mean__P01857,0.0,0.0
slope1__peptide_mean__P01834,0.0,0.0
slope1__peptide_mean__P01833,0.0,0.0
slope1__peptide_mean__P01780,0.0,0.0
slope1__peptide_mean__P01717,0.0,0.0
slope1__peptide_mean__P01621,0.0,0.0
slope1__peptide_mean__P01608,0.0,0.0
slope1__peptide_mean__P01876,0.0,0.0
slope1__peptide_mean__P04211,0.0,0.0
slope1__peptide_mean__P04207,0.0,0.0
slope1__peptide_mean__P04196,0.0,0.0
slope1__peptide_mean__P04180,0.0,0.0
slope1__peptide_mean__P04156,0.0,0.0
slope1__peptide_mean__P04075,0.0,0.0
slope1__peptide_mean__P04004,0.0,0.0
slope1__peptide_mean__P02792,0.0,0.0
slope1__peptide_mean__P02790,0.0,0.0
slope1__peptide_mean__P02787,0.0,0.0
slope1__peptide_mean__P02747,0.0,0.0
slope1__peptide_mean__P02768,0.0,0.0
slope1__peptide_mean__P02766,0.0,0.0
slope1__peptide_mean__P02765,0.0,0.0
slope1__peptide_mean__P02763,0.0,0.0
slope1__peptide_mean__P02760,0.0,0.0
slope1__peptide_mean__P02753,0.0,0.0
slope1__peptide_mean__P02751,0.0,0.0
slope1__peptide_mean__P02750,0.0,0.0
slope1__peptide_mean__P02749,0.0,0.0
slope1__peptide_mean__P02748,0.0,0.0
slope1__peptide_mean__P02774,0.0,0.0
slope1__peptide_mean__O75326,0.0,0.0
slope1__peptide_mean__O75144,0.0,0.0
slope1__peptide_mean__O60888,0.0,0.0
slope1__peptide_mean__O43505,0.0,0.0
slope1__peptide_mean__O15394,0.0,0.0
slope1__peptide_mean__O15240,0.0,0.0
slope1__peptide_mean__O14791,0.0,0.0
slope1__peptide_mean__O14773,0.0,0.0
slope1__peptide_mean__O14498,0.0,0.0
slope1__peptide_mean__O00584,0.0,0.0
slope1__peptide_mean__P01594,0.0,0.0
slope1__peptide_mean__O00391,0.0,0.0
slope1__peptide_observation_count,0.0,0.0
slope1__peptide_abundance_sum,0.0,0.0
slope1__peptide_abundance_max,0.0,0.0
slope1__peptide_abundance_min,0.0,0.0
slope1__peptide_abundance_std,0.0,0.0
slope1__peptide_abundance_mean,0.0,0.0
slope1__protein_missing_fraction,0.0,0.0
slope1__protein_feature_count,0.0,0.0
slope1__protein_npx__Q9Y6R7,0.0,0.0
slope1__peptide_mean__O00533,0.0,0.0
slope1__peptide_mean__P01591,0.0,0.0
slope1__peptide_mean__P01344,0.0,0.0
slope1__peptide_mean__P01042,0.0,0.0
slope1__peptide_mean__P01034,0.0,0.0
slope1__peptide_mean__P01033,0.0,0.0
slope1__peptide_mean__P01031,0.0,0.0
slope1__peptide_mean__P01024,0.0,0.0
slope1__peptide_mean__P01023,0.0,0.0
slope1__peptide_mean__P01019,0.0,0.0
slope1__peptide_mean__P01011,0.0,0.0
slope1__peptide_mean__O94919,0.0,0.0
slope1__peptide_mean__P01008,0.0,0.0
slope1__peptide_mean__P00751,0.0,0.0
slope1__peptide_mean__P00748,0.0,0.0
slope1__peptide_mean__P00747,0.0,0.0
slope1__peptide_mean__P00746,0.0,0.0
slope1__peptide_mean__P00738,0.0,0.0
slope1__peptide_mean__P00736,0.0,0.0
slope1__peptide_mean__P00734,0.0,0.0
slope1__peptide_mean__P00450,0.0,0.0
slope1__peptide_mean__P00441,0.0,0.0
slope1__peptide_mean__P01009,0.0,0.0
slope1__peptide_mean__P23083,0.0,0.0
slope1__peptide_mean__P20933,0.0,0.0
slope1__peptide_mean__P20774,0.0,0.0
slope1__peptide_mean__P19827,0.0,0.0
slope1__peptide_mean__P19823,0.0,0.0
slope1__peptide_mean__P19652,0.0,0.0
slope1__peptide_mean__P19021,0.0,0.0
slope1__peptide_mean__P18065,0.0,0.0
slope1__peptide_mean__P17936,0.0,0.0
slope1__peptide_mean__P16870,0.0,0.0
slope1__peptide_mean__P04216,0.0,0.0
slope1__peptide_mean__P16070,0.0,0.0
slope1__peptide_mean__P16035,0.0,0.0
slope1__peptide_mean__P14618,0.0,0.0
slope1__peptide_mean__P14314,0.0,0.0
slope1__peptide_mean__P14174,0.0,0.0
slope1__peptide_mean__P13987,0.0,0.0
slope1__peptide_mean__P13671,0.0,0.0
slope1__peptide_mean__P13611,0.0,0.0
slope1__peptide_mean__P13591,0.0,0.0
slope1__peptide_mean__P13521,0.0,0.0
slope1__peptide_mean__P16152,0.0,0.0
slope1__peptide_mean__P60174,0.0,0.0
slope1__peptide_mean__P55290,0.0,0.0
slope1__peptide_mean__P54289,0.0,0.0
slope1__peptide_mean__P51884,0.0,0.0
slope1__peptide_mean__P49908,0.0,0.0
slope1__peptide_mean__P49588,0.0,0.0
slope1__peptide_mean__P43652,0.0,0.0
slope1__peptide_mean__P43251,0.0,0.0
slope1__peptide_mean__P43121,0.0,0.0
slope1__peptide_mean__P41222,0.0,0.0
slope1__peptide_mean__P24592,0.0,0.0
slope1__peptide_mean__P39060,0.0,0.0
slope1__peptide_mean__P36980,0.0,0.0
slope1__peptide_mean__P36955,0.0,0.0
slope1__peptide_mean__P36222,0.0,0.0
slope1__peptide_mean__P35542,0.0,0.0
slope1__peptide_mean__P32754,0.0,0.0
slope1__peptide_mean__P31997,0.0,0.0
slope1__peptide_mean__P30086,0.0,0.0
slope1__peptide_mean__P27169,0.0,0.0
slope1__peptide_mean__P25311,0.0,0.0
slope1__peptide_mean__P40925,0.0,0.0
slope1__peptide_mean__P07602,0.0,0.0
slope1__peptide_mean__P07339,0.0,0.0
slope1__peptide_mean__P07225,0.0,0.0
slope1__peptide_mean__P07195,0.0,0.0
slope1__peptide_mean__P06727,0.0,0.0
slope1__peptide_mean__P06681,0.0,0.0
slope1__peptide_mean__P06454,0.0,0.0
slope1__peptide_mean__P06396,0.0,0.0
slope1__peptide_mean__P06310,0.0,0.0
slope1__peptide_mean__P05546,0.0,0.0
slope1__peptide_mean__P13473,0.0,0.0
slope1__peptide_mean__P05408,0.0,0.0
slope1__peptide_mean__P05156,0.0,0.0
slope1__peptide_mean__P05155,0.0,0.0
slope1__peptide_mean__P05090,0.0,0.0
slope1__peptide_mean__P05067,0.0,0.0
slope1__peptide_mean__P05060,0.0,0.0
slope1__peptide_mean__P04433,0.0,0.0
slope1__peptide_mean__P04406,0.0,0.0
slope1__peptide_mean__P04275,0.0,0.0
slope1__peptide_mean__P04217,0.0,0.0
slope1__peptide_mean__P05452,0.0,0.0
slope1__peptide_mean__P12109,0.0,0.0
slope1__peptide_mean__P11277,0.0,0.0
slope1__peptide_mean__P11142,0.0,0.0
slope1__peptide_mean__P10909,0.0,0.0
slope1__peptide_mean__P10645,0.0,0.0
slope1__peptide_mean__P10643,0.0,0.0
slope1__peptide_mean__P10451,0.0,0.0
slope1__peptide_mean__P09871,0.0,0.0
slope1__peptide_mean__P09486,0.0,0.0
slope1__peptide_mean__P09104,0.0,0.0
slope1__peptide_mean__P07711,0.0,0.0
slope1__peptide_mean__P08637,0.0,0.0
slope1__peptide_mean__P08603,0.0,0.0
slope1__peptide_mean__P08571,0.0,0.0
slope1__peptide_mean__P08493,0.0,0.0
slope1__peptide_mean__P08294,0.0,0.0
slope1__peptide_mean__P08253,0.0,0.0
slope1__peptide_mean__P08133,0.0,0.0
slope1__peptide_mean__P08123,0.0,0.0
slope1__peptide_mean__P07998,0.0,0.0
slope1__peptide_mean__P07858,0.0,0.0
slope1__peptide_mean__P08697,0.0,0.0
slope1__protein_npx__P08571,0.0,0.0
slope1__protein_npx__P08493,0.0,0.0
slope1__protein_npx__P08294,0.0,0.0
slope1__protein_npx__P08253,0.0,0.0
slope1__protein_npx__P08133,0.0,0.0
slope1__protein_npx__P08123,0.0,0.0
slope1__protein_npx__P07998,0.0,0.0
slope1__protein_npx__P07858,0.0,0.0
slope1__protein_npx__P07711,0.0,0.0
slope1__protein_npx__P07602,0.0,0.0
slope1__protein_npx__Q9Y646,0.0,0.0
slope1__protein_npx__P07225,0.0,0.0
slope1__protein_npx__P07195,0.0,0.0
slope1__protein_npx__P06727,0.0,0.0
slope1__protein_npx__P06681,0.0,0.0
slope1__protein_npx__P06454,0.0,0.0
slope1__protein_npx__P06396,0.0,0.0
slope1__protein_npx__P06310,0.0,0.0
slope1__protein_npx__P05546,0.0,0.0
slope1__protein_npx__P05452,0.0,0.0
slope1__protein_npx__P05408,0.0,0.0
slope1__protein_npx__P07339,0.0,0.0
slope1__protein_npx__P16152,0.0,0.0
slope1__protein_npx__P16070,0.0,0.0
slope1__protein_npx__P16035,0.0,0.0
slope1__protein_npx__P14618,0.0,0.0
slope1__protein_npx__P14314,0.0,0.0
slope1__protein_npx__P14174,0.0,0.0
slope1__protein_npx__P13987,0.0,0.0
slope1__protein_npx__P13671,0.0,0.0
slope1__protein_npx__P13611,0.0,0.0
slope1__protein_npx__P13591,0.0,0.0
slope1__protein_npx__P08637,0.0,0.0
slope1__protein_npx__P13473,0.0,0.0
slope1__protein_npx__P12109,0.0,0.0
slope1__protein_npx__P11142,0.0,0.0
slope1__protein_npx__P10909,0.0,0.0
slope1__protein_npx__P10645,0.0,0.0
slope1__protein_npx__P10451,0.0,0.0
slope1__protein_npx__P09871,0.0,0.0
slope1__protein_npx__P09486,0.0,0.0
slope1__protein_npx__P09104,0.0,0.0
slope1__protein_npx__P08697,0.0,0.0
slope1__protein_npx__P13521,0.0,0.0
slope1__protein_npx__P02765,0.0,0.0
slope1__protein_npx__P02763,0.0,0.0
slope1__protein_npx__P02760,0.0,0.0
slope1__protein_npx__P02753,0.0,0.0
slope1__protein_npx__P02751,0.0,0.0
slope1__protein_npx__P02750,0.0,0.0
slope1__protein_npx__P02749,0.0,0.0
slope1__protein_npx__P02748,0.0,0.0
slope1__protein_npx__P02747,0.0,0.0
slope1__protein_npx__P02679,0.0,0.0
slope1__protein_npx__P05156,0.0,0.0
slope1__protein_npx__P02671,0.0,0.0
slope1__protein_npx__P02656,0.0,0.0
slope1__protein_npx__P02655,0.0,0.0
slope1__protein_npx__P02652,0.0,0.0
slope1__protein_npx__P02649,0.0,0.0
slope1__protein_npx__P02647,0.0,0.0
slope1__protein_npx__P02452,0.0,0.0
slope1__protein_npx__P01877,0.0,0.0
slope1__protein_npx__P01876,0.0,0.0
slope1__protein_npx__P01860,0.0,0.0
slope1__protein_npx__P02675,0.0,0.0
slope1__protein_npx__P05155,0.0,0.0
slope1__protein_npx__P05090,0.0,0.0
slope1__protein_npx__P05067,0.0,0.0
slope1__protein_npx__P05060,0.0,0.0
slope1__protein_npx__P04433,0.0,0.0
slope1__protein_npx__P04406,0.0,0.0
slope1__protein_npx__P04275,0.0,0.0
slope1__protein_npx__P04217,0.0,0.0
slope1__protein_npx__P04216,0.0,0.0
slope1__protein_npx__P04211,0.0,0.0
slope1__protein_npx__P02766,0.0,0.0
slope1__protein_npx__P04196,0.0,0.0
slope1__protein_npx__P04180,0.0,0.0
slope1__protein_npx__P04156,0.0,0.0
slope1__protein_npx__P04075,0.0,0.0
slope1__protein_npx__P04004,0.0,0.0
slope1__protein_npx__P02792,0.0,0.0
slope1__protein_npx__P02790,0.0,0.0
slope1__protein_npx__P02787,0.0,0.0
slope1__protein_npx__P02774,0.0,0.0
slope1__protein_npx__P02768,0.0,0.0
slope1__protein_npx__P04207,0.0,0.0
slope1__protein_npx__Q8NE71,0.0,0.0
slope1__protein_npx__Q8NBJ4,0.0,0.0
slope1__protein_npx__Q8N2S1,0.0,0.0
slope1__protein_npx__Q8IWV7,0.0,0.0
slope1__protein_npx__Q7Z5P9,0.0,0.0
slope1__protein_npx__Q7Z3B1,0.0,0.0
slope1__protein_npx__Q6UXD5,0.0,0.0
slope1__protein_npx__Q6UXB8,0.0,0.0
slope1__protein_npx__Q6UX71,0.0,0.0
slope1__protein_npx__Q562R1,0.0,0.0
slope1__protein_npx__P16870,0.0,0.0
slope1__protein_npx__Q16270,0.0,0.0
slope1__protein_npx__Q15904,0.0,0.0
slope1__protein_npx__Q14624,0.0,0.0
slope1__protein_npx__Q14515,0.0,0.0
slope1__protein_npx__Q14508,0.0,0.0
slope1__protein_npx__Q14118,0.0,0.0
slope1__protein_npx__Q13740,0.0,0.0
slope1__protein_npx__Q13451,0.0,0.0
slope1__protein_npx__Q13449,0.0,0.0
slope1__protein_npx__Q13332,0.0,0.0
slope1__protein_npx__Q16610,0.0,0.0
slope1__protein_npx__Q9UNU6,0.0,0.0
slope1__protein_npx__Q9UKV8,0.0,0.0
slope1__protein_npx__Q9UHG2,0.0,0.0
slope1__protein_npx__Q9UBX5,0.0,0.0
slope1__protein_npx__Q9UBR2,0.0,0.0
slope1__protein_npx__Q9NYU2,0.0,0.0
slope1__protein_npx__Q9NQ79,0.0,0.0
slope1__protein_npx__Q9HDC9,0.0,0.0
slope1__protein_npx__Q9BY67,0.0,0.0
slope1__protein_npx__Q99969,0.0,0.0
slope1__protein_npx__Q92520,0.0,0.0
slope1__protein_npx__Q99829,0.0,0.0
slope1__protein_npx__Q99683,0.0,0.0
slope1__protein_npx__Q99674,0.0,0.0
slope1__protein_npx__Q99435,0.0,0.0
slope1__protein_npx__Q96S96,0.0,0.0
slope1__protein_npx__Q96PD5,0.0,0.0
slope1__protein_npx__Q96KN2,0.0,0.0
slope1__protein_npx__Q96BZ4,0.0,0.0
slope1__protein_npx__Q92876,0.0,0.0
slope1__protein_npx__Q92823,0.0,0.0
slope1__protein_npx__Q99832,0.0,0.0
slope1__protein_npx__P36980,0.0,0.0
slope1__protein_npx__P36955,0.0,0.0
slope1__protein_npx__P36222,0.0,0.0
slope1__protein_npx__P35542,0.0,0.0
slope1__protein_npx__P32754,0.0,0.0
slope1__protein_npx__P31997,0.0,0.0
slope1__protein_npx__P30086,0.0,0.0
slope1__protein_npx__P27169,0.0,0.0
slope1__protein_npx__P25311,0.0,0.0
slope1__protein_npx__P24592,0.0,0.0
slope1__protein_npx__Q13283,0.0,0.0
slope1__protein_npx__P23083,0.0,0.0
slope1__protein_npx__P20933,0.0,0.0
slope1__protein_npx__P20774,0.0,0.0
slope1__protein_npx__P19827,0.0,0.0
slope1__protein_npx__P19823,0.0,0.0
slope1__protein_npx__P19652,0.0,0.0
slope1__protein_npx__P19021,0.0,0.0
slope1__protein_npx__P18065,0.0,0.0
slope1__protein_npx__P17936,0.0,0.0
slope1__protein_npx__P17174,0.0,0.0
slope1__protein_npx__P23142,0.0,0.0
slope1__protein_npx__Q12907,0.0,0.0
slope1__protein_npx__Q12841,0.0,0.0
slope1__protein_npx__Q12805,0.0,0.0
slope1__protein_npx__Q08380,0.0,0.0
slope1__protein_npx__Q06481,0.0,0.0
slope1__protein_npx__Q02818,0.0,0.0
slope1__protein_npx__P98160,0.0,0.0
slope1__protein_npx__P80748,0.0,0.0
slope1__protein_npx__P61916,0.0,0.0
slope1__protein_npx__P61769,0.0,0.0
slope1__protein_npx__P39060,0.0,0.0
slope1__protein_npx__P61278,0.0,0.0
slope1__protein_npx__P55290,0.0,0.0
slope1__protein_npx__P54289,0.0,0.0
slope1__protein_npx__P51884,0.0,0.0
slope1__protein_npx__P49908,0.0,0.0
slope1__protein_npx__P49588,0.0,0.0
slope1__protein_npx__P43652,0.0,0.0
slope1__protein_npx__P43251,0.0,0.0
slope1__protein_npx__P43121,0.0,0.0
slope1__protein_npx__P41222,0.0,0.0
slope1__protein_npx__P40925,0.0,0.0
slope1__protein_npx__P61626,0.0,0.0
slope1__peptide_count__P02747,0.0,0.0
slope1__peptide_count__P02679,0.0,0.0
slope1__peptide_count__P02675,0.0,0.0
slope1__peptide_count__P02671,0.0,0.0
slope1__peptide_count__P02656,0.0,0.0
slope1__peptide_count__P02655,0.0,0.0
slope1__peptide_count__P02652,0.0,0.0
slope1__peptide_count__P02649,0.0,0.0
slope1__peptide_count__P02647,0.0,0.0
slope1__peptide_count__P02452,0.0,0.0
slope1__peptide_mean__P61278,0.0,0.0
slope1__peptide_count__P01876,0.0,0.0
slope1__peptide_count__P01861,0.0,0.0
slope1__peptide_count__P01860,0.0,0.0
slope1__peptide_count__P01859,0.0,0.0
slope1__peptide_count__P01857,0.0,0.0
slope1__peptide_count__P01834,0.0,0.0
slope1__peptide_count__P01833,0.0,0.0
slope1__peptide_count__P01780,0.0,0.0
slope1__peptide_count__P01717,0.0,0.0
slope1__peptide_count__P01621,0.0,0.0
slope1__peptide_count__P01877,0.0,0.0
slope1__peptide_count__P04216,0.0,0.0
slope1__peptide_count__P04211,0.0,0.0
slope1__peptide_count__P04207,0.0,0.0
slope1__peptide_count__P04196,0.0,0.0
slope1__peptide_count__P04180,0.0,0.0
slope1__peptide_count__P04156,0.0,0.0
slope1__peptide_count__P04075,0.0,0.0
slope1__peptide_count__P04004,0.0,0.0
slope1__peptide_count__P02792,0.0,0.0
slope1__peptide_count__P02790,0.0,0.0
slope1__peptide_count__P02748,0.0,0.0
slope1__peptide_count__P02774,0.0,0.0
slope1__peptide_count__P02768,0.0,0.0
slope1__peptide_count__P02766,0.0,0.0
slope1__peptide_count__P02765,0.0,0.0
slope1__peptide_count__P02763,0.0,0.0
slope1__peptide_count__P02760,0.0,0.0
slope1__peptide_count__P02753,0.0,0.0
slope1__peptide_count__P02751,0.0,0.0
slope1__peptide_count__P02750,0.0,0.0
slope1__peptide_count__P02749,0.0,0.0
slope1__peptide_count__P02787,0.0,0.0
slope1__peptide_count__O94919,0.0,0.0
slope1__peptide_count__O75326,0.0,0.0
slope1__peptide_count__O75144,0.0,0.0
slope1__peptide_count__O60888,0.0,0.0
slope1__peptide_count__O43505,0.0,0.0
slope1__peptide_count__O15394,0.0,0.0
slope1__peptide_count__O15240,0.0,0.0
slope1__peptide_count__O14791,0.0,0.0
slope1__peptide_count__O14773,0.0,0.0
slope1__peptide_count__O14498,0.0,0.0
slope1__peptide_count__P01608,0.0,0.0
slope1__peptide_count__O00533,0.0,0.0
slope1__peptide_count__O00391,0.0,0.0
slope1__peptide_std__Q9Y6R7,0.0,0.0
slope1__peptide_std__Q9UHG2,0.0,0.0
slope1__peptide_std__Q9UBX5,0.0,0.0
slope1__peptide_std__Q96PD5,0.0,0.0
slope1__peptide_std__Q96KN2,0.0,0.0
slope1__peptide_std__Q92876,0.0,0.0
slope1__peptide_std__Q92823,0.0,0.0
slope1__peptide_std__Q92520,0.0,0.0
slope1__peptide_count__O00584,0.0,0.0
slope1__peptide_count__P01594,0.0,0.0
slope1__peptide_count__P01591,0.0,0.0
slope1__peptide_count__P01344,0.0,0.0
slope1__peptide_count__P01042,0.0,0.0
slope1__peptide_count__P01034,0.0,0.0
slope1__peptide_count__P01033,0.0,0.0
slope1__peptide_count__P01031,0.0,0.0
slope1__peptide_count__P01024,0.0,0.0
slope1__peptide_count__P01023,0.0,0.0
slope1__peptide_count__P01019,0.0,0.0
slope1__peptide_count__P00441,0.0,0.0
slope1__peptide_count__P01009,0.0,0.0
slope1__peptide_count__P01008,0.0,0.0
slope1__peptide_count__P00751,0.0,0.0
slope1__peptide_count__P00748,0.0,0.0
slope1__peptide_count__P00747,0.0,0.0
slope1__peptide_count__P00746,0.0,0.0
slope1__peptide_count__P00738,0.0,0.0
slope1__peptide_count__P00736,0.0,0.0
slope1__peptide_count__P00734,0.0,0.0
slope1__peptide_count__P00450,0.0,0.0
slope1__peptide_count__P01011,0.0,0.0
slope1__peptide_count__P23083,0.0,0.0
slope1__peptide_count__P20933,0.0,0.0
slope1__peptide_count__P20774,0.0,0.0
slope1__peptide_count__P19827,0.0,0.0
slope1__peptide_count__P19823,0.0,0.0
slope1__peptide_count__P19652,0.0,0.0
slope1__peptide_count__P19021,0.0,0.0
slope1__peptide_count__P18065,0.0,0.0
slope1__peptide_count__P17936,0.0,0.0
slope1__peptide_count__P17174,0.0,0.0
slope1__peptide_count__P04217,0.0,0.0
slope1__peptide_count__P16152,0.0,0.0
slope1__peptide_count__P16070,0.0,0.0
slope1__peptide_count__P16035,0.0,0.0
slope1__peptide_count__P14618,0.0,0.0
slope1__peptide_count__P14314,0.0,0.0
slope1__peptide_count__P14174,0.0,0.0
slope1__peptide_count__P13987,0.0,0.0
slope1__peptide_count__P13671,0.0,0.0
slope1__peptide_count__P13611,0.0,0.0
rollmean2__peptide_mean__Q99829,0.0,0.0
slope1__peptide_count__P16870,0.0,0.0
slope1__peptide_count__P61278,0.0,0.0
slope1__peptide_count__P60174,0.0,0.0
slope1__peptide_count__P54289,0.0,0.0
slope1__peptide_count__P49908,0.0,0.0
slope1__peptide_count__P49588,0.0,0.0
slope1__peptide_count__P43652,0.0,0.0
slope1__peptide_count__P43251,0.0,0.0
slope1__peptide_count__P43121,0.0,0.0
slope1__peptide_count__P41222,0.0,0.0
slope1__peptide_count__P40925,0.0,0.0
slope1__peptide_count__P23142,0.0,0.0
slope1__peptide_count__P36980,0.0,0.0
slope1__peptide_count__P36955,0.0,0.0
slope1__peptide_count__P36222,0.0,0.0
slope1__peptide_count__P35542,0.0,0.0
slope1__peptide_count__P32754,0.0,0.0
slope1__peptide_count__P31997,0.0,0.0
slope1__peptide_count__P30086,0.0,0.0
slope1__peptide_count__P27169,0.0,0.0
slope1__peptide_count__P25311,0.0,0.0
slope1__peptide_count__P24592,0.0,0.0
slope1__peptide_count__P39060,0.0,0.0
slope1__peptide_count__P07602,0.0,0.0
slope1__peptide_count__P07339,0.0,0.0
slope1__peptide_count__P07333,0.0,0.0
slope1__peptide_count__P07225,0.0,0.0
slope1__peptide_count__P07195,0.0,0.0
slope1__peptide_count__P06727,0.0,0.0
slope1__peptide_count__P06681,0.0,0.0
slope1__peptide_count__P06454,0.0,0.0
slope1__peptide_count__P06396,0.0,0.0
slope1__peptide_count__P06310,0.0,0.0
slope1__peptide_count__P13521,0.0,0.0
slope1__peptide_count__P05452,0.0,0.0
slope1__peptide_count__P05408,0.0,0.0
slope1__peptide_count__P05156,0.0,0.0
slope1__peptide_count__P05155,0.0,0.0
slope1__peptide_count__P05090,0.0,0.0
slope1__peptide_count__P05067,0.0,0.0
slope1__peptide_count__P05060,0.0,0.0
slope1__peptide_count__P04433,0.0,0.0
slope1__peptide_count__P04406,0.0,0.0
slope1__peptide_count__P04275,0.0,0.0
slope1__peptide_count__P05546,0.0,0.0
slope1__peptide_count__P13473,0.0,0.0
slope1__peptide_count__P12109,0.0,0.0
slope1__peptide_count__P11277,0.0,0.0
slope1__peptide_count__P11142,0.0,0.0
slope1__peptide_count__P10909,0.0,0.0
slope1__peptide_count__P10645,0.0,0.0
slope1__peptide_count__P10643,0.0,0.0
slope1__peptide_count__P10451,0.0,0.0
slope1__peptide_count__P09871,0.0,0.0
slope1__peptide_count__P09486,0.0,0.0
slope1__peptide_count__P07711,0.0,0.0
slope1__peptide_count__P08697,0.0,0.0
slope1__peptide_count__P08637,0.0,0.0
slope1__peptide_count__P08603,0.0,0.0
slope1__peptide_count__P08571,0.0,0.0
slope1__peptide_count__P08493,0.0,0.0
slope1__peptide_count__P08294,0.0,0.0
slope1__peptide_count__P08253,0.0,0.0
slope1__peptide_count__P08133,0.0,0.0
slope1__peptide_count__P08123,0.0,0.0
slope1__peptide_count__P07998,0.0,0.0
slope1__peptide_count__P07858,0.0,0.0
slope1__peptide_count__P09104,0.0,0.0
slope1__peptide_std__P00734,0.0,0.0
slope1__peptide_std__P00450,0.0,0.0
slope1__peptide_std__O94919,0.0,0.0
slope1__peptide_std__O75144,0.0,0.0
slope1__peptide_std__O15394,0.0,0.0
slope1__peptide_std__O15240,0.0,0.0
slope1__peptide_std__O14773,0.0,0.0
slope1__peptide_std__O00584,0.0,0.0
slope1__peptide_std__O00533,0.0,0.0
slope1__peptide_mean__Q9Y6R7,0.0,0.0
slope1__peptide_std__Q6UXB8,0.0,0.0
slope1__peptide_mean__Q9UNU6,0.0,0.0
slope1__peptide_mean__Q9UKV8,0.0,0.0
slope1__peptide_mean__Q9UHG2,0.0,0.0
slope1__peptide_mean__Q9UBX5,0.0,0.0
slope1__peptide_mean__Q9UBR2,0.0,0.0
slope1__peptide_mean__Q9NQ79,0.0,0.0
slope1__peptide_mean__Q9HDC9,0.0,0.0
slope1__peptide_mean__Q9BY67,0.0,0.0
slope1__peptide_mean__Q99969,0.0,0.0
slope1__peptide_mean__Q99832,0.0,0.0
slope1__peptide_mean__Q9Y646,0.0,0.0
slope1__peptide_std__P02649,0.0,0.0
slope1__peptide_std__P02647,0.0,0.0
slope1__peptide_std__P02452,0.0,0.0
slope1__peptide_std__P01877,0.0,0.0
slope1__peptide_std__P01876,0.0,0.0
slope1__peptide_std__P01860,0.0,0.0
slope1__peptide_std__P01859,0.0,0.0
slope1__peptide_std__P01857,0.0,0.0
slope1__peptide_std__P01834,0.0,0.0
slope1__peptide_std__P01042,0.0,0.0
slope1__peptide_std__P00736,0.0,0.0
slope1__peptide_std__P01024,0.0,0.0
slope1__peptide_std__P01023,0.0,0.0
slope1__peptide_std__P01019,0.0,0.0
slope1__peptide_std__P01011,0.0,0.0
slope1__peptide_std__P01008,0.0,0.0
slope1__peptide_std__P00751,0.0,0.0
slope1__peptide_std__P00748,0.0,0.0
slope1__peptide_std__P00747,0.0,0.0
slope1__peptide_std__P00746,0.0,0.0
slope1__peptide_std__P00738,0.0,0.0
slope1__peptide_std__P01034,0.0,0.0
slope1__peptide_mean__Q15904,0.0,0.0
slope1__peptide_mean__Q14624,0.0,0.0
slope1__peptide_mean__Q14515,0.0,0.0
slope1__peptide_mean__Q14508,0.0,0.0
slope1__peptide_mean__Q14118,0.0,0.0
slope1__peptide_mean__Q13740,0.0,0.0
slope1__peptide_mean__Q13451,0.0,0.0
slope1__peptide_mean__Q13449,0.0,0.0
slope1__peptide_mean__Q13332,0.0,0.0
slope1__peptide_mean__Q13283,0.0,0.0
slope1__peptide_mean__Q99829,0.0,0.0
slope1__peptide_mean__Q12841,0.0,0.0
slope1__peptide_mean__Q12805,0.0,0.0
slope1__peptide_mean__Q08380,0.0,0.0
slope1__peptide_mean__Q06481,0.0,0.0
slope1__peptide_mean__Q02818,0.0,0.0
slope1__peptide_mean__P98160,0.0,0.0
slope1__peptide_mean__P80748,0.0,0.0
slope1__peptide_mean__P61916,0.0,0.0
slope1__peptide_mean__P61769,0.0,0.0
slope1__peptide_mean__P61626,0.0,0.0
slope1__peptide_mean__Q12907,0.0,0.0
slope1__peptide_mean__Q99683,0.0,0.0
slope1__peptide_mean__Q99674,0.0,0.0
slope1__peptide_mean__Q99435,0.0,0.0
slope1__peptide_mean__Q96S96,0.0,0.0
slope1__peptide_mean__Q96PD5,0.0,0.0
slope1__peptide_mean__Q96KN2,0.0,0.0
slope1__peptide_mean__Q96BZ4,0.0,0.0
slope1__peptide_mean__Q92876,0.0,0.0
slope1__peptide_mean__Q92823,0.0,0.0
slope1__peptide_mean__Q92520,0.0,0.0
slope1__peptide_mean__Q16270,0.0,0.0
slope1__peptide_mean__Q8NBJ4,0.0,0.0
slope1__peptide_mean__Q8N2S1,0.0,0.0
slope1__peptide_mean__Q8IWV7,0.0,0.0
slope1__peptide_mean__Q7Z5P9,0.0,0.0
slope1__peptide_mean__Q7Z3B1,0.0,0.0
slope1__peptide_mean__Q6UXD5,0.0,0.0
slope1__peptide_mean__Q6UXB8,0.0,0.0
slope1__peptide_mean__Q6UX71,0.0,0.0
slope1__peptide_mean__Q562R1,0.0,0.0
slope1__peptide_mean__Q16610,0.0,0.0
slope1__peptide_mean__Q8NE71,0.0,0.0
slope1__peptide_std__P36222,0.0,0.0
slope1__peptide_std__P30086,0.0,0.0
slope1__peptide_std__P27169,0.0,0.0
slope1__peptide_std__P25311,0.0,0.0
slope1__peptide_std__P24592,0.0,0.0
slope1__peptide_std__P23142,0.0,0.0
slope1__peptide_std__P20774,0.0,0.0
slope1__peptide_std__P19823,0.0,0.0
slope1__peptide_std__P19652,0.0,0.0
slope1__peptide_std__P18065,0.0,0.0
slope1__peptide_std__P02652,0.0,0.0
slope1__peptide_std__P16870,0.0,0.0
slope1__peptide_std__P16070,0.0,0.0
slope1__peptide_std__P16035,0.0,0.0
slope1__peptide_std__P14314,0.0,0.0
slope1__peptide_std__P13987,0.0,0.0
slope1__peptide_std__P13611,0.0,0.0
slope1__peptide_std__P13591,0.0,0.0
slope1__peptide_std__P12109,0.0,0.0
slope1__peptide_std__P10909,0.0,0.0
slope1__peptide_std__P10645,0.0,0.0
slope1__peptide_std__P17174,0.0,0.0
slope1__peptide_std__Q16610,0.0,0.0
slope1__peptide_std__Q16270,0.0,0.0
slope1__peptide_std__Q14624,0.0,0.0
slope1__peptide_std__Q14515,0.0,0.0
slope1__peptide_std__Q14118,0.0,0.0
slope1__peptide_std__Q13740,0.0,0.0
slope1__peptide_std__Q12907,0.0,0.0
slope1__peptide_std__Q12841,0.0,0.0
slope1__peptide_std__Q12805,0.0,0.0
slope1__peptide_std__Q08380,0.0,0.0
slope1__peptide_std__P36955,0.0,0.0
slope1__peptide_std__P98160,0.0,0.0
slope1__peptide_std__P61916,0.0,0.0
slope1__peptide_std__P61769,0.0,0.0
slope1__peptide_std__P55290,0.0,0.0
slope1__peptide_std__P54289,0.0,0.0
slope1__peptide_std__P51884,0.0,0.0
slope1__peptide_std__P43652,0.0,0.0
slope1__peptide_std__P43121,0.0,0.0
slope1__peptide_std__P41222,0.0,0.0
slope1__peptide_std__P39060,0.0,0.0
slope1__peptide_std__Q06481,0.0,0.0
slope1__peptide_std__P04196,0.0,0.0
slope1__peptide_std__P04180,0.0,0.0
slope1__peptide_std__P04075,0.0,0.0
slope1__peptide_std__P04004,0.0,0.0
slope1__peptide_std__P02790,0.0,0.0
slope1__peptide_std__P02787,0.0,0.0
slope1__peptide_std__P02774,0.0,0.0
slope1__peptide_std__P02768,0.0,0.0
slope1__peptide_std__P02766,0.0,0.0
slope1__peptide_std__P02765,0.0,0.0
slope1__peptide_std__P10643,0.0,0.0
slope1__peptide_std__P02760,0.0,0.0
slope1__peptide_std__P02753,0.0,0.0
slope1__peptide_std__P02751,0.0,0.0
slope1__peptide_std__P02750,0.0,0.0
slope1__peptide_std__P02749,0.0,0.0
slope1__peptide_std__P02748,0.0,0.0
slope1__peptide_std__P02679,0.0,0.0
slope1__peptide_std__P02675,0.0,0.0
slope1__peptide_std__P02671,0.0,0.0
slope1__peptide_std__P02656,0.0,0.0
slope1__peptide_std__P02763,0.0,0.0
slope1__peptide_std__P09871,0.0,0.0
slope1__peptide_std__P09486,0.0,0.0
slope1__peptide_std__P08697,0.0,0.0
slope1__peptide_std__P08603,0.0,0.0
slope1__peptide_std__P08571,0.0,0.0
slope1__peptide_std__P08493,0.0,0.0
slope1__peptide_std__P08294,0.0,0.0
slope1__peptide_std__P07998,0.0,0.0
slope1__peptide_std__P07711,0.0,0.0
slope1__peptide_std__P07602,0.0,0.0
slope1__peptide_std__P04217,0.0,0.0
slope1__peptide_std__P07225,0.0,0.0
slope1__peptide_std__P06727,0.0,0.0
slope1__peptide_std__P06681,0.0,0.0
slope1__peptide_std__P06396,0.0,0.0
slope1__peptide_std__P05546,0.0,0.0
slope1__peptide_std__P05452,0.0,0.0
slope1__peptide_std__P05156,0.0,0.0
slope1__peptide_std__P05155,0.0,0.0
slope1__peptide_std__P05090,0.0,0.0
slope1__peptide_std__P05067,0.0,0.0
slope1__peptide_std__P04433,0.0,0.0
slope1__peptide_std__P07339,0.0,0.0
missing__peptide_std__P00441,0.0,0.0
missing__peptide_std__O94919,0.0,0.0
missing__peptide_std__O75144,0.0,0.0
missing__peptide_std__O15394,0.0,0.0
missing__peptide_std__O15240,0.0,0.0
missing__peptide_std__O14773,0.0,0.0
missing__peptide_std__O00584,0.0,0.0
missing__peptide_std__O00533,0.0,0.0
missing__peptide_mean__Q9Y6R7,0.0,0.0
missing__peptide_mean__Q9Y646,0.0,0.0
slope1__protein_npx__P01861,0.0,0.0
missing__peptide_mean__Q9UKV8,0.0,0.0
missing__peptide_mean__Q9UHG2,0.0,0.0
missing__peptide_mean__Q9UBX5,0.0,0.0
missing__peptide_mean__Q9UBR2,0.0,0.0
missing__peptide_mean__Q9NYU2,0.0,0.0
missing__peptide_mean__Q9NQ79,0.0,0.0
missing__peptide_mean__Q9HDC9,0.0,0.0
missing__peptide_mean__Q9BY67,0.0,0.0
missing__peptide_mean__Q99969,0.0,0.0
missing__peptide_mean__Q99829,0.0,0.0
missing__peptide_mean__Q9UNU6,0.0,0.0
missing__peptide_std__P01877,0.0,0.0
missing__peptide_std__P01876,0.0,0.0
missing__peptide_std__P01860,0.0,0.0
missing__peptide_std__P01859,0.0,0.0
missing__peptide_std__P01857,0.0,0.0
missing__peptide_std__P01834,0.0,0.0
missing__peptide_std__P01042,0.0,0.0
missing__peptide_std__P01034,0.0,0.0
missing__peptide_std__P01024,0.0,0.0
missing__peptide_std__P01023,0.0,0.0
missing__peptide_std__P00450,0.0,0.0
missing__peptide_std__P01011,0.0,0.0
missing__peptide_std__P01009,0.0,0.0
missing__peptide_std__P01008,0.0,0.0
missing__peptide_std__P00751,0.0,0.0
missing__peptide_std__P00748,0.0,0.0
missing__peptide_std__P00747,0.0,0.0
missing__peptide_std__P00746,0.0,0.0
missing__peptide_std__P00738,0.0,0.0
missing__peptide_std__P00736,0.0,0.0
missing__peptide_std__P00734,0.0,0.0
missing__peptide_std__P01019,0.0,0.0
missing__peptide_mean__Q14118,0.0,0.0
missing__peptide_mean__Q13740,0.0,0.0
missing__peptide_mean__Q13451,0.0,0.0
missing__peptide_mean__Q13449,0.0,0.0
missing__peptide_mean__Q13332,0.0,0.0
missing__peptide_mean__Q13283,0.0,0.0
missing__peptide_mean__Q12907,0.0,0.0
missing__peptide_mean__Q12841,0.0,0.0
missing__peptide_mean__Q12805,0.0,0.0
missing__peptide_mean__Q08380,0.0,0.0
missing__peptide_mean__Q99674,0.0,0.0
missing__peptide_mean__Q02818,0.0,0.0
missing__peptide_mean__P98160,0.0,0.0
missing__peptide_mean__P80748,0.0,0.0
missing__peptide_mean__P61916,0.0,0.0
missing__peptide_mean__P61769,0.0,0.0
missing__peptide_mean__P61626,0.0,0.0
missing__peptide_mean__P61278,0.0,0.0
missing__peptide_mean__P60174,0.0,0.0
missing__peptide_mean__P55290,0.0,0.0
missing__peptide_mean__P54289,0.0,0.0
missing__peptide_mean__Q06481,0.0,0.0
missing__peptide_mean__Q99435,0.0,0.0
missing__peptide_mean__Q96S96,0.0,0.0
missing__peptide_mean__Q96PD5,0.0,0.0
missing__peptide_mean__Q96KN2,0.0,0.0
missing__peptide_mean__Q96BZ4,0.0,0.0
missing__peptide_mean__Q92876,0.0,0.0
missing__peptide_mean__Q92823,0.0,0.0
missing__peptide_mean__Q92520,0.0,0.0
missing__peptide_mean__Q8NE71,0.0,0.0
missing__peptide_mean__Q8NBJ4,0.0,0.0
missing__peptide_mean__Q14508,0.0,0.0
missing__peptide_mean__Q8IWV7,0.0,0.0
missing__peptide_mean__Q7Z5P9,0.0,0.0
missing__peptide_mean__Q7Z3B1,0.0,0.0
missing__peptide_mean__Q6UXB8,0.0,0.0
missing__peptide_mean__Q562R1,0.0,0.0
missing__peptide_mean__Q16610,0.0,0.0
missing__peptide_mean__Q16270,0.0,0.0
missing__peptide_mean__Q15904,0.0,0.0
missing__peptide_mean__Q14624,0.0,0.0
missing__peptide_mean__Q14515,0.0,0.0
missing__peptide_mean__Q8N2S1,0.0,0.0
missing__peptide_std__P24592,0.0,0.0
missing__peptide_std__P23142,0.0,0.0
missing__peptide_std__P20774,0.0,0.0
missing__peptide_std__P19652,0.0,0.0
missing__peptide_std__P18065,0.0,0.0
missing__peptide_std__P17174,0.0,0.0
missing__peptide_std__P16870,0.0,0.0
missing__peptide_std__P16070,0.0,0.0
missing__peptide_std__P14618,0.0,0.0
missing__peptide_std__P14314,0.0,0.0
missing__peptide_std__P02452,0.0,0.0
missing__peptide_std__P13611,0.0,0.0
missing__peptide_std__P13591,0.0,0.0
missing__peptide_std__P12109,0.0,0.0
missing__peptide_std__P10909,0.0,0.0
missing__peptide_std__P10645,0.0,0.0
missing__peptide_std__P10643,0.0,0.0
missing__peptide_std__P09871,0.0,0.0
missing__peptide_std__P09486,0.0,0.0
missing__peptide_std__P08697,0.0,0.0
missing__peptide_std__P08603,0.0,0.0
missing__peptide_std__P13987,0.0,0.0
missing__peptide_std__Q14624,0.0,0.0
missing__peptide_std__Q14515,0.0,0.0
missing__peptide_std__Q14118,0.0,0.0
missing__peptide_std__Q13740,0.0,0.0
missing__peptide_std__Q12907,0.0,0.0
missing__peptide_std__Q12841,0.0,0.0
missing__peptide_std__Q12805,0.0,0.0
missing__peptide_std__Q08380,0.0,0.0
missing__peptide_std__P98160,0.0,0.0
missing__peptide_std__P61916,0.0,0.0
missing__peptide_std__P25311,0.0,0.0
missing__peptide_std__P55290,0.0,0.0
missing__peptide_std__P54289,0.0,0.0
missing__peptide_std__P51884,0.0,0.0
missing__peptide_std__P43652,0.0,0.0
missing__peptide_std__P43121,0.0,0.0
missing__peptide_std__P41222,0.0,0.0
missing__peptide_std__P36955,0.0,0.0
missing__peptide_std__P36222,0.0,0.0
missing__peptide_std__P30086,0.0,0.0
missing__peptide_std__P27169,0.0,0.0
missing__peptide_std__P61769,0.0,0.0
missing__peptide_std__P02790,0.0,0.0
missing__peptide_std__P02787,0.0,0.0
missing__peptide_std__P02774,0.0,0.0
missing__peptide_std__P02768,0.0,0.0
missing__peptide_std__P02766,0.0,0.0
missing__peptide_std__P02765,0.0,0.0
missing__peptide_std__P02763,0.0,0.0
missing__peptide_std__P02760,0.0,0.0
missing__peptide_std__P02753,0.0,0.0
missing__peptide_std__P02751,0.0,0.0
missing__peptide_std__P08571,0.0,0.0
missing__peptide_std__P02749,0.0,0.0
missing__peptide_std__P02748,0.0,0.0
missing__peptide_std__P02747,0.0,0.0
missing__peptide_std__P02679,0.0,0.0
missing__peptide_std__P02675,0.0,0.0
missing__peptide_std__P02671,0.0,0.0
missing__peptide_std__P02656,0.0,0.0
missing__peptide_std__P02652,0.0,0.0
missing__peptide_std__P02649,0.0,0.0
missing__peptide_std__P02647,0.0,0.0
missing__peptide_std__P02750,0.0,0.0
missing__peptide_std__P08493,0.0,0.0
missing__peptide_std__P08294,0.0,0.0
missing__peptide_std__P07998,0.0,0.0
missing__peptide_std__P07711,0.0,0.0
missing__peptide_std__P07602,0.0,0.0
missing__peptide_std__P07339,0.0,0.0
missing__peptide_std__P07225,0.0,0.0
missing__peptide_std__P06727,0.0,0.0
missing__peptide_std__P06681,0.0,0.0
missing__peptide_std__P06396,0.0,0.0
missing__peptide_std__P04004,0.0,0.0
missing__peptide_std__P05452,0.0,0.0
missing__peptide_std__P05156,0.0,0.0
missing__peptide_std__P05155,0.0,0.0
missing__peptide_std__P05090,0.0,0.0
missing__peptide_std__P05067,0.0,0.0
missing__peptide_std__P05060,0.0,0.0
missing__peptide_std__P04433,0.0,0.0
missing__peptide_std__P04217,0.0,0.0
missing__peptide_std__P04196,0.0,0.0
missing__peptide_std__P04180,0.0,0.0
missing__peptide_std__P04075,0.0,0.0
missing__peptide_std__P05546,0.0,0.0
missing__peptide_mean__P02652,0.0,0.0
missing__peptide_mean__P02649,0.0,0.0
missing__peptide_mean__P02647,0.0,0.0
missing__peptide_mean__P02452,0.0,0.0
missing__peptide_mean__P01877,0.0,0.0
missing__peptide_mean__P01876,0.0,0.0
missing__peptide_mean__P01861,0.0,0.0
missing__peptide_mean__P01860,0.0,0.0
missing__peptide_mean__P01859,0.0,0.0
missing__peptide_mean__P01857,0.0,0.0
missing__peptide_mean__P51884,0.0,0.0
missing__peptide_mean__P01833,0.0,0.0
missing__peptide_mean__P01780,0.0,0.0
missing__peptide_mean__P01717,0.0,0.0
missing__peptide_mean__P01621,0.0,0.0
missing__peptide_mean__P01608,0.0,0.0
missing__peptide_mean__P01594,0.0,0.0
missing__peptide_mean__P01591,0.0,0.0
missing__peptide_mean__P01344,0.0,0.0
missing__peptide_mean__P01042,0.0,0.0
missing__peptide_mean__P01034,0.0,0.0
missing__peptide_mean__P01834,0.0,0.0
missing__peptide_mean__P04075,0.0,0.0
missing__peptide_mean__P04004,0.0,0.0
missing__peptide_mean__P02792,0.0,0.0
missing__peptide_mean__P02790,0.0,0.0
missing__peptide_mean__P02787,0.0,0.0
missing__peptide_mean__P02774,0.0,0.0
missing__peptide_mean__P02768,0.0,0.0
missing__peptide_mean__P02766,0.0,0.0
missing__peptide_mean__P02765,0.0,0.0
missing__peptide_mean__P02763,0.0,0.0
missing__peptide_mean__P02655,0.0,0.0
missing__peptide_mean__P02753,0.0,0.0
missing__peptide_mean__P02751,0.0,0.0
missing__peptide_mean__P02750,0.0,0.0
missing__peptide_mean__P02749,0.0,0.0
missing__peptide_mean__P02748,0.0,0.0
missing__peptide_mean__P02747,0.0,0.0
missing__peptide_mean__P02679,0.0,0.0
missing__peptide_mean__P02675,0.0,0.0
missing__peptide_mean__P02671,0.0,0.0
missing__peptide_mean__P02656,0.0,0.0
missing__peptide_mean__P02760,0.0,0.0
missing__peptide_mean__O15240,0.0,0.0
missing__peptide_mean__O14791,0.0,0.0
missing__peptide_mean__O14773,0.0,0.0
missing__peptide_mean__O14498,0.0,0.0
missing__peptide_mean__O00584,0.0,0.0
missing__peptide_mean__O00533,0.0,0.0
missing__peptide_observation_count,0.0,0.0
missing__peptide_abundance_sum,0.0,0.0
missing__peptide_abundance_max,0.0,0.0
missing__peptide_abundance_min,0.0,0.0
missing__peptide_mean__P01033,0.0,0.0
missing__peptide_abundance_mean,0.0,0.0
missing__protein_missing_fraction,0.0,0.0
missing__protein_feature_count,0.0,0.0
missing__protein_npx__Q9Y6R7,0.0,0.0
missing__protein_npx__Q9Y646,0.0,0.0
missing__protein_npx__Q9UNU6,0.0,0.0
missing__protein_npx__Q9UKV8,0.0,0.0
missing__protein_npx__Q9UHG2,0.0,0.0
missing__protein_npx__Q9UBX5,0.0,0.0
missing__protein_npx__Q9UBR2,0.0,0.0
missing__peptide_abundance_std,0.0,0.0
missing__peptide_mean__P01031,0.0,0.0
missing__peptide_mean__P01024,0.0,0.0
missing__peptide_mean__P01023,0.0,0.0
missing__peptide_mean__P01019,0.0,0.0
missing__peptide_mean__P01011,0.0,0.0
missing__peptide_mean__P01009,0.0,0.0
missing__peptide_mean__P01008,0.0,0.0
missing__peptide_mean__P00751,0.0,0.0
missing__peptide_mean__P00748,0.0,0.0
missing__peptide_mean__P00747,0.0,0.0
missing__peptide_mean__O15394,0.0,0.0
missing__peptide_mean__P00738,0.0,0.0
missing__peptide_mean__P00736,0.0,0.0
missing__peptide_mean__P00734,0.0,0.0
missing__peptide_mean__P00450,0.0,0.0
missing__peptide_mean__P00441,0.0,0.0
missing__peptide_mean__O94919,0.0,0.0
missing__peptide_mean__O75326,0.0,0.0
missing__peptide_mean__O75144,0.0,0.0
missing__peptide_mean__O60888,0.0,0.0
missing__peptide_mean__O43505,0.0,0.0
missing__peptide_mean__P00746,0.0,0.0
missing__peptide_mean__P19823,0.0,0.0
missing__peptide_mean__P19652,0.0,0.0
missing__peptide_mean__P19021,0.0,0.0
missing__peptide_mean__P18065,0.0,0.0
missing__peptide_mean__P17936,0.0,0.0
missing__peptide_mean__P17174,0.0,0.0
missing__peptide_mean__P16870,0.0,0.0
missing__peptide_mean__P16152,0.0,0.0
missing__peptide_mean__P16070,0.0,0.0
missing__peptide_mean__P16035,0.0,0.0
missing__peptide_mean__P04156,0.0,0.0
missing__peptide_mean__P14314,0.0,0.0
missing__peptide_mean__P14174,0.0,0.0
missing__peptide_mean__P13987,0.0,0.0
missing__peptide_mean__P13671,0.0,0.0
missing__peptide_mean__P13611,0.0,0.0
missing__peptide_mean__P13591,0.0,0.0
missing__peptide_mean__P13521,0.0,0.0
missing__peptide_mean__P13473,0.0,0.0
missing__peptide_mean__P12109,0.0,0.0
missing__peptide_mean__P11277,0.0,0.0
missing__peptide_mean__P14618,0.0,0.0
missing__peptide_mean__P49908,0.0,0.0
missing__peptide_mean__P49588,0.0,0.0
missing__peptide_mean__P43652,0.0,0.0
missing__peptide_mean__P43251,0.0,0.0
missing__peptide_mean__P43121,0.0,0.0
missing__peptide_mean__P41222,0.0,0.0
missing__peptide_mean__P40925,0.0,0.0
missing__peptide_mean__P39060,0.0,0.0
missing__peptide_mean__P36980,0.0,0.0
missing__peptide_mean__P36955,0.0,0.0
missing__peptide_mean__P19827,0.0,0.0
missing__peptide_mean__P35542,0.0,0.0
missing__peptide_mean__P32754,0.0,0.0
missing__peptide_mean__P31997,0.0,0.0
missing__peptide_mean__P30086,0.0,0.0
missing__peptide_mean__P25311,0.0,0.0
missing__peptide_mean__P24592,0.0,0.0
missing__peptide_mean__P23142,0.0,0.0
missing__peptide_mean__P23083,0.0,0.0
missing__peptide_mean__P20933,0.0,0.0
missing__peptide_mean__P20774,0.0,0.0
missing__peptide_mean__P36222,0.0,0.0
missing__peptide_mean__P06727,0.0,0.0
missing__peptide_mean__P06681,0.0,0.0
missing__peptide_mean__P06454,0.0,0.0
missing__peptide_mean__P06396,0.0,0.0
missing__peptide_mean__P06310,0.0,0.0
missing__peptide_mean__P05546,0.0,0.0
missing__peptide_mean__P05452,0.0,0.0
missing__peptide_mean__P05408,0.0,0.0
missing__peptide_mean__P05156,0.0,0.0
missing__peptide_mean__P05155,0.0,0.0
missing__peptide_mean__P11142,0.0,0.0
missing__peptide_mean__P05067,0.0,0.0
missing__peptide_mean__P05060,0.0,0.0
missing__peptide_mean__P04433,0.0,0.0
missing__peptide_mean__P04406,0.0,0.0
missing__peptide_mean__P04217,0.0,0.0
missing__peptide_mean__P04216,0.0,0.0
missing__peptide_mean__P04211,0.0,0.0
missing__peptide_mean__P04207,0.0,0.0
missing__peptide_mean__P04196,0.0,0.0
missing__peptide_mean__P04180,0.0,0.0
missing__peptide_mean__P05090,0.0,0.0
missing__peptide_mean__P10909,0.0,0.0
missing__peptide_mean__P10645,0.0,0.0
missing__peptide_mean__P10643,0.0,0.0
missing__peptide_mean__P10451,0.0,0.0
missing__peptide_mean__P09871,0.0,0.0
missing__peptide_mean__P09486,0.0,0.0
missing__peptide_mean__P09104,0.0,0.0
missing__peptide_mean__P08697,0.0,0.0
missing__peptide_mean__P08637,0.0,0.0
missing__peptide_mean__P08603,0.0,0.0
missing__peptide_mean__P07195,0.0,0.0
missing__peptide_mean__P08493,0.0,0.0
missing__peptide_mean__P08294,0.0,0.0
missing__peptide_mean__P08253,0.0,0.0
missing__peptide_mean__P08123,0.0,0.0
missing__peptide_mean__P07998,0.0,0.0
missing__peptide_mean__P07858,0.0,0.0
missing__peptide_mean__P07711,0.0,0.0
missing__peptide_mean__P07602,0.0,0.0
missing__peptide_mean__P07339,0.0,0.0
missing__peptide_mean__P07333,0.0,0.0
missing__peptide_mean__P07225,0.0,0.0
missing__peptide_mean__P08571,0.0,0.0
missing__peptide_log__C(UniMod_4)REILSVDC(UniMod_4)STNNPSQAK,0.0,0.0
missing__peptide_log__C(UniMod_4)RDQLPYIC(UniMod_4)QFGIV,0.0,0.0
missing__peptide_log__C(UniMod_4)KPVNTFVHEPLVDVQNVC(UniMod_4)FQEK,0.0,0.0
missing__peptide_log__C(UniMod_4)IIEVLSNALSK,0.0,0.0
missing__peptide_log__C(UniMod_4)C(UniMod_4)VEC(UniMod_4)PPC(UniMod_4)PAPPVAGPSVFLFPPKPK,0.0,0.0
missing__peptide_log__AYQGVAAPFPK,0.0,0.0
missing__peptide_log__AYKSELEEQLTPVAEETR,0.0,0.0
missing__peptide_log__AVLPTGDVIGDSAK,0.0,0.0
missing__peptide_log__AVGDKLPEC(UniMod_4)EADDGC(UniMod_4)PKPPEIAHGYVEHSVR,0.0,0.0
missing__peptide_log__ATVNPSAPR,0.0,0.0
missing__peptide_std__Q16270,0.0,0.0
missing__peptide_log__ALGISPFHEHAEVVFTANDSGPR,0.0,0.0
missing__peptide_log__AKLEEQAQQIR,0.0,0.0
missing__peptide_log__AEAQEAEDQQAR,0.0,0.0
missing__peptide_log__ADDKETC(UniMod_4)FAEEGK,0.0,0.0
missing__peptide_log__AATVGSLAGQPLQER,0.0,0.0
missing__peptide_log__AATGEC(UniMod_4)TATVGKR,0.0,0.0
missing__peptide_count__Q9Y6R7,0.0,0.0
missing__peptide_count__Q9Y646,0.0,0.0
missing__peptide_count__Q9UNU6,0.0,0.0
missing__peptide_count__Q9UKV8,0.0,0.0
missing__peptide_log__ANRPFLVFIR,0.0,0.0
missing__peptide_log__ILTC(UniMod_4)M(UniMod_35)QGMEEIR,0.0,0.0
missing__peptide_log__ILLQGTPVAQMTEDAVDAER,0.0,0.0
missing__peptide_log__IHWESASLLR,0.0,0.0
missing__peptide_log__HYEGSTVPEK,0.0,0.0
missing__peptide_log__HYDGSYSTFGER,0.0,0.0
missing__peptide_log__HGGLYHENMR,0.0,0.0
missing__peptide_log__GYQLSDVDGVTC(UniMod_4)EDIDEC(UniMod_4)ALPTGGHIC(UniMod_4)SYR,0.0,0.0
missing__peptide_log__GSPAINVAVHVFRK,0.0,0.0
missing__peptide_log__GEVQAMLGQSTEELRVR,0.0,0.0
missing__peptide_log__GEVQAMLGQSTEELR,0.0,0.0
missing__peptide_log__C(UniMod_4)TSTGWIPAPR,0.0,0.0
missing__peptide_log__FM(UniMod_35)ETVAEK,0.0,0.0
missing__peptide_log__FLATTPNSLLVSWQPPR,0.0,0.0
missing__peptide_log__ELSSFIDKGQELC(UniMod_4)ADYSENTFTEYK,0.0,0.0
missing__peptide_log__ELDESLQVAER,0.0,0.0
missing__peptide_log__EDSLEAGLPLQVR,0.0,0.0
missing__peptide_log__DSGFQM(UniMod_35)NQLR,0.0,0.0
missing__peptide_log__DSGEGDFLAEGGGVR,0.0,0.0
missing__peptide_log__DLATVYVDVLK,0.0,0.0
missing__peptide_log__DASGVTFTWTPSSGK,0.0,0.0
missing__peptide_log__C(UniMod_4)VDVDEC(UniMod_4)APPAEPC(UniMod_4)GK,0.0,0.0
missing__peptide_log__GC(UniMod_4)PTEEGC(UniMod_4)GER,0.0,0.0
missing__peptide_count__Q7Z3B1,0.0,0.0
missing__peptide_count__Q6UXB8,0.0,0.0
missing__peptide_count__Q562R1,0.0,0.0
missing__peptide_count__Q16610,0.0,0.0
missing__peptide_count__Q16270,0.0,0.0
missing__peptide_count__Q15904,0.0,0.0
missing__peptide_count__Q14624,0.0,0.0
missing__peptide_count__Q14515,0.0,0.0
missing__peptide_count__Q14508,0.0,0.0
missing__peptide_count__Q14118,0.0,0.0
missing__peptide_count__Q9UHG2,0.0,0.0
missing__peptide_count__Q13451,0.0,0.0
missing__peptide_count__Q13449,0.0,0.0
missing__peptide_count__Q13332,0.0,0.0
missing__peptide_count__Q12907,0.0,0.0
missing__peptide_count__Q12841,0.0,0.0
missing__peptide_count__Q12805,0.0,0.0
missing__peptide_count__Q08380,0.0,0.0
missing__peptide_count__Q06481,0.0,0.0
missing__peptide_count__Q02818,0.0,0.0
missing__peptide_count__P98160,0.0,0.0
missing__peptide_count__Q13740,0.0,0.0
missing__peptide_count__Q9UBX5,0.0,0.0
missing__peptide_count__Q9UBR2,0.0,0.0
missing__peptide_count__Q9NYU2,0.0,0.0
missing__peptide_count__Q9NQ79,0.0,0.0
missing__peptide_count__Q9HDC9,0.0,0.0
missing__peptide_count__Q9BY67,0.0,0.0
missing__peptide_count__Q99969,0.0,0.0
missing__peptide_count__Q99829,0.0,0.0
missing__peptide_count__Q99674,0.0,0.0
missing__peptide_count__Q99435,0.0,0.0
missing__peptide_count__Q7Z5P9,0.0,0.0
missing__peptide_count__Q96PD5,0.0,0.0
missing__peptide_count__Q96KN2,0.0,0.0
missing__peptide_count__Q96BZ4,0.0,0.0
missing__peptide_count__Q92876,0.0,0.0
missing__peptide_count__Q92823,0.0,0.0
missing__peptide_count__Q92520,0.0,0.0
missing__peptide_count__Q8NE71,0.0,0.0
missing__peptide_count__Q8NBJ4,0.0,0.0
missing__peptide_count__Q8N2S1,0.0,0.0
missing__peptide_count__Q8IWV7,0.0,0.0
missing__peptide_count__Q96S96,0.0,0.0
missing__peptide_log__VLLDQLR,0.0,0.0
protein_npx__O00584,0.0,0.0
missing__peptide_log__VDSGNDVTDIADDGC(UniMod_4)PKPPEIAHGYVEHSVR,0.0,0.0
missing__peptide_log__VDNALQSGNSQESVTEQDSKDSTYSLSSTLTLSK,0.0,0.0
missing__peptide_log__VC(UniMod_4)PFAGILENGAVR,0.0,0.0
missing__peptide_log__TVVQPSVGAAAGPVVPPC(UniMod_4)PGR,0.0,0.0
missing__peptide_log__TTPPVLDSDGSFFLYSR,0.0,0.0
missing__peptide_log__TTPPVLDSDGSFFLYSK,0.0,0.0
protein_npx__O14498,0.0,0.0
missing__peptide_log__TSAHGNVAEGETKPDPDVTER,0.0,0.0
missing__peptide_log__IMNGEADAMSLDGGFVYIAGK,0.0,0.0
missing__peptide_log__TPVSDRVTK,0.0,0.0
missing__peptide_log__TPLGDTTHTC(UniMod_4)PR,0.0,0.0
missing__peptide_log__TM(UniMod_35)LLQPAGSLGSYSYR,0.0,0.0
missing__peptide_log__TLLSNLEEAKK,0.0,0.0
missing__peptide_log__TKEEYGHSEVVEYYC(UniMod_4)NPR,0.0,0.0
missing__peptide_log__TEGDGVYTLNNEK,0.0,0.0
missing__peptide_log__TDASDVKPC(UniMod_4),0.0,0.0
missing__peptide_log__SWFEPLVEDM(UniMod_35)QR,0.0,0.0
missing__peptide_log__SSQGGSLPSEEK,0.0,0.0
missing__peptide_log__SPVGVQPILNEHTFC(UniMod_4)AGMSK,0.0,0.0
missing__peptide_log__TQVNTQAEQLRR,0.0,0.0
missing__months_since_prev_visit,0.0,0.0
missing__months_since_baseline,0.0,0.0
missing__visit_index,0.0,0.0
missing__current_medication_unknown,0.0,0.0
missing__current_medication_on,0.0,0.0
missing__current_updrs_4,0.0,0.0
missing__current_updrs_3,0.0,0.0
missing__current_updrs_2,0.0,0.0
missing__current_updrs_1,0.0,0.0
missing__peptide_missing_fraction,0.0,0.0
missing__peptide_log__VMPIC(UniMod_4)LPSKDYAEVGR,0.0,0.0
missing__peptide_log__YYWGGQYTWDMAK,0.0,0.0
missing__peptide_log__YVMLPVADQDQC(UniMod_4)IR,0.0,0.0
missing__peptide_log__YVM(UniMod_35)LPVADQDQC(UniMod_4)IR,0.0,0.0
missing__peptide_log__YIVSGTPTFVPYLIK,0.0,0.0
missing__peptide_log__WELALGR,0.0,0.0
missing__peptide_log__VYC(UniMod_4)DMNTENGGWTVIQNR,0.0,0.0
missing__peptide_log__VTSIQDWVQK,0.0,0.0
missing__peptide_log__VTLTC(UniMod_4)VAPLSGVDFQLR,0.0,0.0
missing__peptide_log__VQPYLDDFQKK,0.0,0.0
missing__peptide_log__VQAAVGTSAAPVPSDNH,0.0,0.0
missing__peptide_feature_count,0.0,0.0
missing__peptide_log__M(UniMod_35)ASGAANVVGPK,0.0,0.0
missing__peptide_log__LVGGPM(UniMod_35)DASVEEEGVRR,0.0,0.0
missing__peptide_log__LSSWVLLM(UniMod_35)K,0.0,0.0
missing__peptide_log__LSNENHGIAQR,0.0,0.0
missing__peptide_log__LSKELQAAQAR,0.0,0.0
missing__peptide_log__LRTEGDGVYTLNNEKQWINK,0.0,0.0
missing__peptide_log__LRTEGDGVYTLNNEK,0.0,0.0
missing__peptide_log__LQAEAFQAR,0.0,0.0
missing__peptide_log__LPPTSAHGNVAEGETKPDPDVTER,0.0,0.0
missing__peptide_log__LIADLGSTSITNLGFR,0.0,0.0
missing__peptide_log__SNSSM(UniMod_35)HITDC(UniMod_4)R,0.0,0.0
missing__peptide_log__LGPLVEQGRVR,0.0,0.0
missing__peptide_log__LGPLVEQGR,0.0,0.0
missing__peptide_log__LGADMEDVC(UniMod_4)GR,0.0,0.0
missing__peptide_log__LGADM(UniMod_35)EDVC(UniMod_4)GR,0.0,0.0
missing__peptide_log__LFDSDPITVTVPVEVSR,0.0,0.0
missing__peptide_log__LC(UniMod_4)MGSGLNLC(UniMod_4)EPNNKEGYYGYTGAFR,0.0,0.0
missing__peptide_log__LAVYQAGAR,0.0,0.0
missing__peptide_log__KVEQAVETEPEPELR,0.0,0.0
missing__peptide_log__KQELSEAEQATR,0.0,0.0
missing__peptide_log__KFPSGTFEQVSQLVK,0.0,0.0
missing__peptide_log__LGQSLDC(UniMod_4)NAEVYVVPWEK,0.0,0.0
missing__peptide_log__SLAELGGHLDQQVEEFRR,0.0,0.0
missing__peptide_log__SLAAAAGKQELAK,0.0,0.0
missing__peptide_log__SGEATDGARPQALPEPMQESK,0.0,0.0
missing__peptide_log__SFNRGEC(UniMod_4),0.0,0.0
missing__peptide_log__SELEEQLTPVAEETR,0.0,0.0
missing__peptide_log__SEALAVDGAGKPGAEEAQDPEGK,0.0,0.0
missing__peptide_log__SC(UniMod_4)SPELQQK,0.0,0.0
missing__peptide_log__SC(UniMod_4)DTPPPC(UniMod_4)PR,0.0,0.0
missing__peptide_log__RTPITVVK,0.0,0.0
protein_npx__O00391,0.0,0.0
missing__peptide_log__MASGAANVVGPK,0.0,0.0
missing__peptide_log__QWAGLVEK,0.0,0.0
missing__peptide_log__QQETAAAETETR,0.0,0.0
missing__peptide_log__QNC(UniMod_4)ELFEQLGEYK,0.0,0.0
missing__peptide_log__QKVEPLRAELQEGAR,0.0,0.0
missing__peptide_log__QIGSVYR,0.0,0.0
missing__peptide_log__NPDSSTTGPWC(UniMod_4)YTTDPTVR,0.0,0.0
missing__peptide_log__NPDPWAK,0.0,0.0
missing__peptide_log__NFPPSQDASGDLYTTSSQLTLPATQC(UniMod_4)PDGK,0.0,0.0
missing__peptide_log__NFPPSQDASGDLYTTSSQLTLPATQC(UniMod_4)LAGK,0.0,0.0
missing__peptide_log__MYYSAVDPTKDIFTGLIGPM(UniMod_35)K,0.0,0.0
missing__peptide_log__MTVTDQVNC(UniMod_4)PK,0.0,0.0
missing__peptide_log__RGYQLSDVDGVTC(UniMod_4)EDIDEC(UniMod_4)ALPTGGHIC(UniMod_4)SYR,0.0,0.0
missing__peptide_count__P02747,0.0,0.0
missing__peptide_count__P02679,0.0,0.0
missing__peptide_count__P02675,0.0,0.0
missing__peptide_count__P02671,0.0,0.0
missing__peptide_count__P02656,0.0,0.0
missing__peptide_count__P02655,0.0,0.0
missing__peptide_count__P02652,0.0,0.0
missing__peptide_count__P02649,0.0,0.0
missing__peptide_count__P02647,0.0,0.0
missing__peptide_count__P02452,0.0,0.0
missing__peptide_count__P80748,0.0,0.0
missing__peptide_count__P01876,0.0,0.0
missing__peptide_count__P01861,0.0,0.0
missing__peptide_count__P01860,0.0,0.0
missing__peptide_count__P01859,0.0,0.0
missing__peptide_count__P01857,0.0,0.0
missing__peptide_count__P01834,0.0,0.0
missing__peptide_count__P01833,0.0,0.0
missing__peptide_count__P01780,0.0,0.0
missing__peptide_count__P01717,0.0,0.0
missing__peptide_count__P01621,0.0,0.0
missing__peptide_count__P01877,0.0,0.0
missing__peptide_count__P04216,0.0,0.0
missing__peptide_count__P04211,0.0,0.0
missing__peptide_count__P04207,0.0,0.0
missing__peptide_count__P04196,0.0,0.0
missing__peptide_count__P04180,0.0,0.0
missing__peptide_count__P04156,0.0,0.0
missing__peptide_count__P04075,0.0,0.0
missing__peptide_count__P04004,0.0,0.0
missing__peptide_count__P02792,0.0,0.0
missing__peptide_count__P02790,0.0,0.0
missing__peptide_count__P02748,0.0,0.0
missing__peptide_count__P02774,0.0,0.0
missing__peptide_count__P02768,0.0,0.0
missing__peptide_count__P02766,0.0,0.0
missing__peptide_count__P02765,0.0,0.0
missing__peptide_count__P02763,0.0,0.0
missing__peptide_count__P02760,0.0,0.0
missing__peptide_count__P02753,0.0,0.0
missing__peptide_count__P02751,0.0,0.0
missing__peptide_count__P02750,0.0,0.0
missing__peptide_count__P02749,0.0,0.0
missing__peptide_count__P02787,0.0,0.0
missing__peptide_count__O75326,0.0,0.0
missing__peptide_count__O75144,0.0,0.0
missing__peptide_count__O60888,0.0,0.0
missing__peptide_count__O43505,0.0,0.0
missing__peptide_count__O15394,0.0,0.0
missing__peptide_count__O15240,0.0,0.0
missing__peptide_count__O14791,0.0,0.0
missing__peptide_count__O14773,0.0,0.0
missing__peptide_count__O14498,0.0,0.0
missing__peptide_count__O00584,0.0,0.0
missing__peptide_count__P01608,0.0,0.0
missing__peptide_std__Q9Y6R7,0.0,0.0
missing__peptide_std__Q9UHG2,0.0,0.0
missing__peptide_std__Q9NQ79,0.0,0.0
missing__peptide_std__Q96PD5,0.0,0.0
missing__peptide_std__Q96KN2,0.0,0.0
missing__peptide_std__Q92876,0.0,0.0
missing__peptide_std__Q92823,0.0,0.0
missing__peptide_std__Q92520,0.0,0.0
missing__peptide_std__Q6UXB8,0.0,0.0
missing__peptide_std__Q16610,0.0,0.0
missing__peptide_count__O00533,0.0,0.0
missing__peptide_count__P01594,0.0,0.0
missing__peptide_count__P01591,0.0,0.0
missing__peptide_count__P01344,0.0,0.0
missing__peptide_count__P01042,0.0,0.0
missing__peptide_count__P01034,0.0,0.0
missing__peptide_count__P01033,0.0,0.0
missing__peptide_count__P01031,0.0,0.0
missing__peptide_count__P01024,0.0,0.0
missing__peptide_count__P01023,0.0,0.0
missing__peptide_count__P01019,0.0,0.0
missing__peptide_count__O94919,0.0,0.0
missing__peptide_count__P01009,0.0,0.0
missing__peptide_count__P01008,0.0,0.0
missing__peptide_count__P00751,0.0,0.0
missing__peptide_count__P00748,0.0,0.0
missing__peptide_count__P00747,0.0,0.0
missing__peptide_count__P00746,0.0,0.0
missing__peptide_count__P00738,0.0,0.0
missing__peptide_count__P00736,0.0,0.0
missing__peptide_count__P00734,0.0,0.0
missing__peptide_count__P00450,0.0,0.0
missing__peptide_count__P00441,0.0,0.0
missing__peptide_count__P01011,0.0,0.0
missing__peptide_count__P25311,0.0,0.0
missing__peptide_count__P24592,0.0,0.0
missing__peptide_count__P23142,0.0,0.0
missing__peptide_count__P23083,0.0,0.0
missing__peptide_count__P20774,0.0,0.0
missing__peptide_count__P19827,0.0,0.0
missing__peptide_count__P19823,0.0,0.0
missing__peptide_count__P19652,0.0,0.0
missing__peptide_count__P19021,0.0,0.0
missing__peptide_count__P18065,0.0,0.0
missing__peptide_count__P04217,0.0,0.0
missing__peptide_count__P16870,0.0,0.0
missing__peptide_count__P16152,0.0,0.0
missing__peptide_count__P16070,0.0,0.0
missing__peptide_count__P16035,0.0,0.0
missing__peptide_count__P14618,0.0,0.0
missing__peptide_count__P14314,0.0,0.0
missing__peptide_count__P14174,0.0,0.0
missing__peptide_count__P13987,0.0,0.0
missing__peptide_count__P13671,0.0,0.0
missing__peptide_count__P13611,0.0,0.0
missing__peptide_count__P17174,0.0,0.0
missing__peptide_count__P61916,0.0,0.0
missing__peptide_count__P61769,0.0,0.0
missing__peptide_count__P61626,0.0,0.0
missing__peptide_count__P61278,0.0,0.0
missing__peptide_count__P60174,0.0,0.0
missing__peptide_count__P55290,0.0,0.0
missing__peptide_count__P54289,0.0,0.0
missing__peptide_count__P51884,0.0,0.0
missing__peptide_count__P49908,0.0,0.0
missing__peptide_count__P43652,0.0,0.0
missing__peptide_count__P30086,0.0,0.0
missing__peptide_count__P43121,0.0,0.0
missing__peptide_count__P41222,0.0,0.0
missing__peptide_count__P40925,0.0,0.0
missing__peptide_count__P39060,0.0,0.0
missing__peptide_count__P36980,0.0,0.0
missing__peptide_count__P36955,0.0,0.0
missing__peptide_count__P36222,0.0,0.0
missing__peptide_count__P35542,0.0,0.0
missing__peptide_count__P32754,0.0,0.0
missing__peptide_count__P31997,0.0,0.0
missing__peptide_count__P43251,0.0,0.0
missing__peptide_count__P07711,0.0,0.0
missing__peptide_count__P07602,0.0,0.0
missing__peptide_count__P07339,0.0,0.0
missing__peptide_count__P07333,0.0,0.0
missing__peptide_count__P07225,0.0,0.0
missing__peptide_count__P07195,0.0,0.0
missing__peptide_count__P06727,0.0,0.0
missing__peptide_count__P06681,0.0,0.0
missing__peptide_count__P06454,0.0,0.0
missing__peptide_count__P06396,0.0,0.0
missing__peptide_count__P13591,0.0,0.0
missing__peptide_count__P05546,0.0,0.0
missing__peptide_count__P05452,0.0,0.0
missing__peptide_count__P05408,0.0,0.0
missing__peptide_count__P05156,0.0,0.0
missing__peptide_count__P05155,0.0,0.0
missing__peptide_count__P05090,0.0,0.0
missing__peptide_count__P05067,0.0,0.0
missing__peptide_count__P05060,0.0,0.0
missing__peptide_count__P04433,0.0,0.0
missing__peptide_count__P04406,0.0,0.0
missing__peptide_count__P06310,0.0,0.0
missing__peptide_count__P13521,0.0,0.0
missing__peptide_count__P13473,0.0,0.0
missing__peptide_count__P12109,0.0,0.0
missing__peptide_count__P11277,0.0,0.0
missing__peptide_count__P11142,0.0,0.0
missing__peptide_count__P10909,0.0,0.0
missing__peptide_count__P10645,0.0,0.0
missing__peptide_count__P10643,0.0,0.0
missing__peptide_count__P10451,0.0,0.0
missing__peptide_count__P09871,0.0,0.0
missing__peptide_count__P07858,0.0,0.0
missing__peptide_count__P09104,0.0,0.0
missing__peptide_count__P08697,0.0,0.0
missing__peptide_count__P08637,0.0,0.0
missing__peptide_count__P08603,0.0,0.0
missing__peptide_count__P08571,0.0,0.0
missing__peptide_count__P08493,0.0,0.0
missing__peptide_count__P08294,0.0,0.0
missing__peptide_count__P08253,0.0,0.0
missing__peptide_count__P08133,0.0,0.0
missing__peptide_count__P08123,0.0,0.0
missing__peptide_count__P07998,0.0,0.0
missing__peptide_count__P09486,0.0,0.0
rollmean2__peptide_count__P07858,0.0,0.0
rollmean2__peptide_count__P07711,0.0,0.0
rollmean2__peptide_count__P07602,0.0,0.0
rollmean2__peptide_count__P07339,0.0,0.0
rollmean2__peptide_count__P07333,0.0,0.0
rollmean2__peptide_count__P07225,0.0,0.0
rollmean2__peptide_count__P07195,0.0,0.0
rollmean2__peptide_count__P06727,0.0,0.0
rollmean2__peptide_count__P06681,0.0,0.0
rollmean2__peptide_count__P06454,0.0,0.0
missing__protein_npx__Q9NYU2,0.0,0.0
rollmean2__peptide_count__P06310,0.0,0.0
rollmean2__peptide_count__P05546,0.0,0.0
rollmean2__peptide_count__P05452,0.0,0.0
rollmean2__peptide_count__P05408,0.0,0.0
rollmean2__peptide_count__P05156,0.0,0.0
rollmean2__peptide_count__P05155,0.0,0.0
rollmean2__peptide_count__P05090,0.0,0.0
rollmean2__peptide_count__P05067,0.0,0.0
rollmean2__peptide_count__P05060,0.0,0.0
rollmean2__peptide_count__P04433,0.0,0.0
rollmean2__peptide_count__P06396,0.0,0.0
rollmean2__peptide_count__P13521,0.0,0.0
rollmean2__peptide_count__P13473,0.0,0.0
rollmean2__peptide_count__P12109,0.0,0.0
rollmean2__peptide_count__P11277,0.0,0.0
rollmean2__peptide_count__P11142,0.0,0.0
rollmean2__peptide_count__P10909,0.0,0.0
rollmean2__peptide_count__P10645,0.0,0.0
rollmean2__peptide_count__P10643,0.0,0.0
rollmean2__peptide_count__P10451,0.0,0.0
rollmean2__peptide_count__P09871,0.0,0.0
rollmean2__peptide_count__P07998,0.0,0.0
rollmean2__peptide_count__P09104,0.0,0.0
rollmean2__peptide_count__P08697,0.0,0.0
rollmean2__peptide_count__P08637,0.0,0.0
rollmean2__peptide_count__P08603,0.0,0.0
rollmean2__peptide_count__P08571,0.0,0.0
rollmean2__peptide_count__P08493,0.0,0.0
rollmean2__peptide_count__P08294,0.0,0.0
rollmean2__peptide_count__P08253,0.0,0.0
rollmean2__peptide_count__P08133,0.0,0.0
rollmean2__peptide_count__P08123,0.0,0.0
rollmean2__peptide_count__P09486,0.0,0.0
rollmean2__peptide_count__P02748,0.0,0.0
rollmean2__peptide_count__P02679,0.0,0.0
rollmean2__peptide_count__P02675,0.0,0.0
rollmean2__peptide_count__P02671,0.0,0.0
rollmean2__peptide_count__P02656,0.0,0.0
rollmean2__peptide_count__P02655,0.0,0.0
rollmean2__peptide_count__P02652,0.0,0.0
rollmean2__peptide_count__P02649,0.0,0.0
rollmean2__peptide_count__P02647,0.0,0.0
rollmean2__peptide_count__P02452,0.0,0.0
rollmean2__peptide_count__P04406,0.0,0.0
rollmean2__peptide_count__P01876,0.0,0.0
rollmean2__peptide_count__P01861,0.0,0.0
rollmean2__peptide_count__P01860,0.0,0.0
rollmean2__peptide_count__P01859,0.0,0.0
rollmean2__peptide_count__P01857,0.0,0.0
rollmean2__peptide_count__P01834,0.0,0.0
rollmean2__peptide_count__P01833,0.0,0.0
rollmean2__peptide_count__P01780,0.0,0.0
rollmean2__peptide_count__P01717,0.0,0.0
rollmean2__peptide_count__P01621,0.0,0.0
rollmean2__peptide_count__P01877,0.0,0.0
rollmean2__peptide_count__P04275,0.0,0.0
rollmean2__peptide_count__P04217,0.0,0.0
rollmean2__peptide_count__P04216,0.0,0.0
rollmean2__peptide_count__P04211,0.0,0.0
rollmean2__peptide_count__P04207,0.0,0.0
rollmean2__peptide_count__P04196,0.0,0.0
rollmean2__peptide_count__P04180,0.0,0.0
rollmean2__peptide_count__P04156,0.0,0.0
rollmean2__peptide_count__P04075,0.0,0.0
rollmean2__peptide_count__P04004,0.0,0.0
rollmean2__peptide_count__P02750,0.0,0.0
rollmean2__peptide_count__P02790,0.0,0.0
rollmean2__peptide_count__P02787,0.0,0.0
rollmean2__peptide_count__P02774,0.0,0.0
rollmean2__peptide_count__P02768,0.0,0.0
rollmean2__peptide_count__P02766,0.0,0.0
rollmean2__peptide_count__P02765,0.0,0.0
rollmean2__peptide_count__P02763,0.0,0.0
rollmean2__peptide_count__P02760,0.0,0.0
rollmean2__peptide_count__P02753,0.0,0.0
rollmean2__peptide_count__P02751,0.0,0.0
rollmean2__peptide_count__P02792,0.0,0.0
rollmean2__peptide_count__Q562R1,0.0,0.0
rollmean2__peptide_count__Q16610,0.0,0.0
rollmean2__peptide_count__Q16270,0.0,0.0
rollmean2__peptide_count__Q15904,0.0,0.0
rollmean2__peptide_count__Q14624,0.0,0.0
rollmean2__peptide_count__Q14515,0.0,0.0
rollmean2__peptide_count__Q14508,0.0,0.0
rollmean2__peptide_count__Q14118,0.0,0.0
rollmean2__peptide_count__Q13740,0.0,0.0
rollmean2__peptide_count__Q13451,0.0,0.0
rollmean2__peptide_count__P13611,0.0,0.0
rollmean2__peptide_count__Q13332,0.0,0.0
rollmean2__peptide_count__Q13283,0.0,0.0
rollmean2__peptide_count__Q12907,0.0,0.0
rollmean2__peptide_count__Q12841,0.0,0.0
rollmean2__peptide_count__Q12805,0.0,0.0
rollmean2__peptide_count__Q08380,0.0,0.0
rollmean2__peptide_count__Q06481,0.0,0.0
rollmean2__peptide_count__Q02818,0.0,0.0
rollmean2__peptide_count__P98160,0.0,0.0
rollmean2__peptide_count__P80748,0.0,0.0
rollmean2__peptide_count__Q13449,0.0,0.0
rollmean2__peptide_count__Q99969,0.0,0.0
rollmean2__peptide_count__Q99832,0.0,0.0
rollmean2__peptide_count__Q99829,0.0,0.0
rollmean2__peptide_count__Q99683,0.0,0.0
rollmean2__peptide_count__Q99674,0.0,0.0
rollmean2__peptide_count__Q99435,0.0,0.0
rollmean2__peptide_count__Q96S96,0.0,0.0
rollmean2__peptide_count__Q96PD5,0.0,0.0
rollmean2__peptide_count__Q96KN2,0.0,0.0
rollmean2__peptide_count__Q96BZ4,0.0,0.0
rollmean2__peptide_count__Q6UX71,0.0,0.0
rollmean2__peptide_count__Q92823,0.0,0.0
rollmean2__peptide_count__Q92520,0.0,0.0
rollmean2__peptide_count__Q8NE71,0.0,0.0
rollmean2__peptide_count__Q8NBJ4,0.0,0.0
rollmean2__peptide_count__Q8N2S1,0.0,0.0
rollmean2__peptide_count__Q8IWV7,0.0,0.0
rollmean2__peptide_count__Q7Z5P9,0.0,0.0
rollmean2__peptide_count__Q7Z3B1,0.0,0.0
rollmean2__peptide_count__Q6UXD5,0.0,0.0
rollmean2__peptide_count__Q6UXB8,0.0,0.0
rollmean2__peptide_count__Q92876,0.0,0.0
rollmean2__peptide_count__P24592,0.0,0.0
rollmean2__peptide_count__P23142,0.0,0.0
rollmean2__peptide_count__P23083,0.0,0.0
rollmean2__peptide_count__P20933,0.0,0.0
rollmean2__peptide_count__P20774,0.0,0.0
rollmean2__peptide_count__P19827,0.0,0.0
rollmean2__peptide_count__P19823,0.0,0.0
rollmean2__peptide_count__P19652,0.0,0.0
rollmean2__peptide_count__P19021,0.0,0.0
rollmean2__peptide_count__P18065,0.0,0.0
rollmean2__peptide_count__P61916,0.0,0.0
rollmean2__peptide_count__P17174,0.0,0.0
rollmean2__peptide_count__P16870,0.0,0.0
rollmean2__peptide_count__P16152,0.0,0.0
rollmean2__peptide_count__P16070,0.0,0.0
rollmean2__peptide_count__P16035,0.0,0.0
rollmean2__peptide_count__P14618,0.0,0.0
rollmean2__peptide_count__P14314,0.0,0.0
rollmean2__peptide_count__P14174,0.0,0.0
rollmean2__peptide_count__P13987,0.0,0.0
rollmean2__peptide_count__P13671,0.0,0.0
rollmean2__peptide_count__P17936,0.0,0.0
rollmean2__peptide_count__P61769,0.0,0.0
rollmean2__peptide_count__P61626,0.0,0.0
rollmean2__peptide_count__P61278,0.0,0.0
rollmean2__peptide_count__P60174,0.0,0.0
rollmean2__peptide_count__P55290,0.0,0.0
rollmean2__peptide_count__P54289,0.0,0.0
rollmean2__peptide_count__P51884,0.0,0.0
rollmean2__peptide_count__P49908,0.0,0.0
rollmean2__peptide_count__P49588,0.0,0.0
rollmean2__peptide_count__P43652,0.0,0.0
rollmean2__peptide_count__P25311,0.0,0.0
rollmean2__peptide_count__P41222,0.0,0.0
rollmean2__peptide_count__P40925,0.0,0.0
rollmean2__peptide_count__P39060,0.0,0.0
rollmean2__peptide_count__P36980,0.0,0.0
rollmean2__peptide_count__P36955,0.0,0.0
rollmean2__peptide_count__P36222,0.0,0.0
rollmean2__peptide_count__P35542,0.0,0.0
rollmean2__peptide_count__P32754,0.0,0.0
rollmean2__peptide_count__P31997,0.0,0.0
rollmean2__peptide_count__P30086,0.0,0.0
rollmean2__peptide_count__P27169,0.0,0.0
rollmean2__peptide_count__P43251,0.0,0.0
rollmean2__peptide_std__P04180,0.0,0.0
rollmean2__peptide_std__P04075,0.0,0.0
rollmean2__peptide_std__P04004,0.0,0.0
rollmean2__peptide_std__P02790,0.0,0.0
rollmean2__peptide_std__P02787,0.0,0.0
rollmean2__peptide_std__P02774,0.0,0.0
rollmean2__peptide_std__P02768,0.0,0.0
rollmean2__peptide_std__P02766,0.0,0.0
rollmean2__peptide_std__P02765,0.0,0.0
rollmean2__peptide_std__P02763,0.0,0.0
rollmean2__peptide_count__P01608,0.0,0.0
rollmean2__peptide_std__P02753,0.0,0.0
rollmean2__peptide_std__P02751,0.0,0.0
rollmean2__peptide_std__P02750,0.0,0.0
rollmean2__peptide_std__P02749,0.0,0.0
rollmean2__peptide_std__P02748,0.0,0.0
rollmean2__peptide_std__P02747,0.0,0.0
rollmean2__peptide_std__P02679,0.0,0.0
rollmean2__peptide_std__P02675,0.0,0.0
rollmean2__peptide_std__P02671,0.0,0.0
rollmean2__peptide_std__P02656,0.0,0.0
rollmean2__peptide_std__P02760,0.0,0.0
rollmean2__peptide_std__P08697,0.0,0.0
rollmean2__peptide_std__P08603,0.0,0.0
rollmean2__peptide_std__P08571,0.0,0.0
rollmean2__peptide_std__P08493,0.0,0.0
rollmean2__peptide_std__P08294,0.0,0.0
rollmean2__peptide_std__P07998,0.0,0.0
rollmean2__peptide_std__P07711,0.0,0.0
rollmean2__peptide_std__P07602,0.0,0.0
rollmean2__peptide_std__P07339,0.0,0.0
rollmean2__peptide_std__P07225,0.0,0.0
rollmean2__peptide_std__P04196,0.0,0.0
rollmean2__peptide_std__P06681,0.0,0.0
rollmean2__peptide_std__P05546,0.0,0.0
rollmean2__peptide_std__P05452,0.0,0.0
rollmean2__peptide_std__P05156,0.0,0.0
rollmean2__peptide_std__P05155,0.0,0.0
rollmean2__peptide_std__P05090,0.0,0.0
rollmean2__peptide_std__P05067,0.0,0.0
rollmean2__peptide_std__P05060,0.0,0.0
rollmean2__peptide_std__P04433,0.0,0.0
rollmean2__peptide_std__P04217,0.0,0.0
rollmean2__peptide_std__P06727,0.0,0.0
rollmean2__peptide_std__P00441,0.0,0.0
rollmean2__peptide_std__O94919,0.0,0.0
rollmean2__peptide_std__O75144,0.0,0.0
rollmean2__peptide_std__O15394,0.0,0.0
rollmean2__peptide_std__O15240,0.0,0.0
rollmean2__peptide_std__O14773,0.0,0.0
rollmean2__peptide_std__O00584,0.0,0.0
rollmean2__peptide_std__O00533,0.0,0.0
rollmean2__peptide_mean__Q9Y6R7,0.0,0.0
rollmean2__peptide_mean__Q9Y646,0.0,0.0
rollmean2__peptide_std__P02649,0.0,0.0
rollmean2__peptide_mean__Q9UKV8,0.0,0.0
rollmean2__peptide_mean__Q9UHG2,0.0,0.0
rollmean2__peptide_mean__Q9UBX5,0.0,0.0
rollmean2__peptide_mean__Q9UBR2,0.0,0.0
rollmean2__peptide_mean__Q9NYU2,0.0,0.0
rollmean2__peptide_mean__Q9NQ79,0.0,0.0
rollmean2__peptide_mean__Q9HDC9,0.0,0.0
rollmean2__peptide_mean__Q9BY67,0.0,0.0
rollmean2__peptide_mean__Q99969,0.0,0.0
rollmean2__peptide_mean__Q99832,0.0,0.0
rollmean2__peptide_mean__Q9UNU6,0.0,0.0
rollmean2__peptide_std__P02647,0.0,0.0
rollmean2__peptide_std__P02452,0.0,0.0
rollmean2__peptide_std__P01877,0.0,0.0
rollmean2__peptide_std__P01876,0.0,0.0
rollmean2__peptide_std__P01860,0.0,0.0
rollmean2__peptide_std__P01859,0.0,0.0
rollmean2__peptide_std__P01857,0.0,0.0
rollmean2__peptide_std__P01834,0.0,0.0
rollmean2__peptide_std__P01042,0.0,0.0
rollmean2__peptide_std__P01034,0.0,0.0
rollmean2__peptide_std__P00450,0.0,0.0
rollmean2__peptide_std__P01023,0.0,0.0
rollmean2__peptide_std__P01019,0.0,0.0
rollmean2__peptide_std__P01011,0.0,0.0
rollmean2__peptide_std__P01009,0.0,0.0
rollmean2__peptide_std__P01008,0.0,0.0
rollmean2__peptide_std__P00751,0.0,0.0
rollmean2__peptide_std__P00748,0.0,0.0
rollmean2__peptide_std__P00747,0.0,0.0
rollmean2__peptide_std__P00746,0.0,0.0
rollmean2__peptide_std__P00736,0.0,0.0
rollmean2__peptide_std__P00734,0.0,0.0
rollmean2__peptide_std__P01024,0.0,0.0
rollmean2__peptide_count__O75326,0.0,0.0
rollmean2__peptide_count__O75144,0.0,0.0
rollmean2__peptide_count__O60888,0.0,0.0
rollmean2__peptide_count__O43505,0.0,0.0
rollmean2__peptide_count__O15394,0.0,0.0
rollmean2__peptide_count__O15240,0.0,0.0
rollmean2__peptide_count__O14791,0.0,0.0
rollmean2__peptide_count__O14773,0.0,0.0
rollmean2__peptide_count__O14498,0.0,0.0
rollmean2__peptide_count__O00584,0.0,0.0
rollmean2__peptide_std__P09486,0.0,0.0
rollmean2__peptide_count__O00391,0.0,0.0
rollmean2__peptide_std__Q9Y6R7,0.0,0.0
rollmean2__peptide_std__Q9UHG2,0.0,0.0
rollmean2__peptide_std__Q9UBX5,0.0,0.0
rollmean2__peptide_std__Q9NQ79,0.0,0.0
rollmean2__peptide_std__Q96PD5,0.0,0.0
rollmean2__peptide_std__Q96KN2,0.0,0.0
rollmean2__peptide_std__Q92876,0.0,0.0
rollmean2__peptide_std__Q92823,0.0,0.0
rollmean2__peptide_std__Q92520,0.0,0.0
rollmean2__peptide_count__O00533,0.0,0.0
rollmean2__peptide_count__P01594,0.0,0.0
rollmean2__peptide_count__P01591,0.0,0.0
rollmean2__peptide_count__P01344,0.0,0.0
rollmean2__peptide_count__P01042,0.0,0.0
rollmean2__peptide_count__P01033,0.0,0.0
rollmean2__peptide_count__P01031,0.0,0.0
rollmean2__peptide_count__P01024,0.0,0.0
rollmean2__peptide_count__P01023,0.0,0.0
rollmean2__peptide_count__P01019,0.0,0.0
rollmean2__peptide_count__P01011,0.0,0.0
rollmean2__peptide_count__O94919,0.0,0.0
rollmean2__peptide_count__P01008,0.0,0.0
rollmean2__peptide_count__P00751,0.0,0.0
rollmean2__peptide_count__P00748,0.0,0.0
rollmean2__peptide_count__P00747,0.0,0.0
rollmean2__peptide_count__P00746,0.0,0.0
rollmean2__peptide_count__P00738,0.0,0.0
rollmean2__peptide_count__P00736,0.0,0.0
rollmean2__peptide_count__P00734,0.0,0.0
rollmean2__peptide_count__P00450,0.0,0.0
rollmean2__peptide_count__P00441,0.0,0.0
rollmean2__peptide_count__P01009,0.0,0.0
rollmean2__peptide_std__P30086,0.0,0.0
rollmean2__peptide_std__P27169,0.0,0.0
rollmean2__peptide_std__P25311,0.0,0.0
rollmean2__peptide_std__P24592,0.0,0.0
rollmean2__peptide_std__P23142,0.0,0.0
rollmean2__peptide_std__P19823,0.0,0.0
rollmean2__peptide_std__P19652,0.0,0.0
rollmean2__peptide_std__P18065,0.0,0.0
rollmean2__peptide_std__P17174,0.0,0.0
rollmean2__peptide_std__P16870,0.0,0.0
rollmean2__peptide_std__Q6UXB8,0.0,0.0
rollmean2__peptide_std__P16035,0.0,0.0
rollmean2__peptide_std__P14618,0.0,0.0
rollmean2__peptide_std__P14314,0.0,0.0
rollmean2__peptide_std__P13987,0.0,0.0
rollmean2__peptide_std__P13591,0.0,0.0
rollmean2__peptide_std__P12109,0.0,0.0
rollmean2__peptide_std__P10909,0.0,0.0
rollmean2__peptide_std__P10645,0.0,0.0
rollmean2__peptide_std__P10643,0.0,0.0
rollmean2__peptide_std__P09871,0.0,0.0
rollmean2__peptide_std__P16070,0.0,0.0
rollmean2__peptide_std__Q16610,0.0,0.0
rollmean2__peptide_std__Q16270,0.0,0.0
rollmean2__peptide_std__Q14624,0.0,0.0
rollmean2__peptide_std__Q14515,0.0,0.0
rollmean2__peptide_std__Q14118,0.0,0.0
rollmean2__peptide_std__Q13740,0.0,0.0
rollmean2__peptide_std__Q12907,0.0,0.0
rollmean2__peptide_std__Q12841,0.0,0.0
rollmean2__peptide_std__Q12805,0.0,0.0
rollmean2__peptide_std__Q08380,0.0,0.0
rollmean2__peptide_std__P36222,0.0,0.0
rollmean2__peptide_std__P98160,0.0,0.0
rollmean2__peptide_std__P61916,0.0,0.0
rollmean2__peptide_std__P61769,0.0,0.0
rollmean2__peptide_std__P55290,0.0,0.0
rollmean2__peptide_std__P54289,0.0,0.0
rollmean2__peptide_std__P51884,0.0,0.0
rollmean2__peptide_std__P43652,0.0,0.0
rollmean2__peptide_std__P43121,0.0,0.0
rollmean2__peptide_std__P41222,0.0,0.0
rollmean2__peptide_std__P39060,0.0,0.0
rollmean2__peptide_std__P36955,0.0,0.0
rollmean2__peptide_std__Q06481,0.0,0.0
missing__protein_npx__P07339,0.0,0.0
missing__protein_npx__P07333,0.0,0.0
missing__protein_npx__P07225,0.0,0.0
missing__protein_npx__P07195,0.0,0.0
missing__protein_npx__P06727,0.0,0.0
missing__protein_npx__P06681,0.0,0.0
missing__protein_npx__P06454,0.0,0.0
missing__protein_npx__P06396,0.0,0.0
missing__protein_npx__P06310,0.0,0.0
missing__protein_npx__P05546,0.0,0.0
rollmean2__peptide_count__Q9BY67,0.0,0.0
missing__protein_npx__P05408,0.0,0.0
missing__protein_npx__P05156,0.0,0.0
missing__protein_npx__P05155,0.0,0.0
missing__protein_npx__P05090,0.0,0.0
missing__protein_npx__P05067,0.0,0.0
missing__protein_npx__P05060,0.0,0.0
missing__protein_npx__P04433,0.0,0.0
missing__protein_npx__P04406,0.0,0.0
missing__protein_npx__P04217,0.0,0.0
missing__protein_npx__P04216,0.0,0.0
missing__protein_npx__P05452,0.0,0.0
missing__protein_npx__P12109,0.0,0.0
missing__protein_npx__P11277,0.0,0.0
missing__protein_npx__P11142,0.0,0.0
missing__protein_npx__P10909,0.0,0.0
missing__protein_npx__P10645,0.0,0.0
missing__protein_npx__P10643,0.0,0.0
missing__protein_npx__P10451,0.0,0.0
missing__protein_npx__P09871,0.0,0.0
missing__protein_npx__P09486,0.0,0.0
missing__protein_npx__P09104,0.0,0.0
missing__protein_npx__P07602,0.0,0.0
missing__protein_npx__P08637,0.0,0.0
missing__protein_npx__P08603,0.0,0.0
missing__protein_npx__P08571,0.0,0.0
missing__protein_npx__P08493,0.0,0.0
missing__protein_npx__P08294,0.0,0.0
missing__protein_npx__P08253,0.0,0.0
missing__protein_npx__P08123,0.0,0.0
missing__protein_npx__P07998,0.0,0.0
missing__protein_npx__P07858,0.0,0.0
missing__protein_npx__P07711,0.0,0.0
missing__protein_npx__P08697,0.0,0.0
missing__protein_npx__P02675,0.0,0.0
missing__protein_npx__P02671,0.0,0.0
missing__protein_npx__P02656,0.0,0.0
missing__protein_npx__P02655,0.0,0.0
missing__protein_npx__P02652,0.0,0.0
missing__protein_npx__P02649,0.0,0.0
missing__protein_npx__P02647,0.0,0.0
missing__protein_npx__P02452,0.0,0.0
missing__protein_npx__P01877,0.0,0.0
missing__protein_npx__P01876,0.0,0.0
missing__protein_npx__P04211,0.0,0.0
missing__protein_npx__P01860,0.0,0.0
missing__protein_npx__P01859,0.0,0.0
missing__protein_npx__P01857,0.0,0.0
missing__protein_npx__P01834,0.0,0.0
missing__protein_npx__P01833,0.0,0.0
missing__protein_npx__P01780,0.0,0.0
missing__protein_npx__P01717,0.0,0.0
missing__protein_npx__P01621,0.0,0.0
missing__protein_npx__P01608,0.0,0.0
missing__protein_npx__P01594,0.0,0.0
missing__protein_npx__P01861,0.0,0.0
missing__protein_npx__P04207,0.0,0.0
missing__protein_npx__P04196,0.0,0.0
missing__protein_npx__P04180,0.0,0.0
missing__protein_npx__P04156,0.0,0.0
missing__protein_npx__P04075,0.0,0.0
missing__protein_npx__P04004,0.0,0.0
missing__protein_npx__P02792,0.0,0.0
missing__protein_npx__P02790,0.0,0.0
missing__protein_npx__P02787,0.0,0.0
missing__protein_npx__P02774,0.0,0.0
missing__protein_npx__P02679,0.0,0.0
missing__protein_npx__P02766,0.0,0.0
missing__protein_npx__P02765,0.0,0.0
missing__protein_npx__P02763,0.0,0.0
missing__protein_npx__P02760,0.0,0.0
missing__protein_npx__P02753,0.0,0.0
missing__protein_npx__P02751,0.0,0.0
missing__protein_npx__P02750,0.0,0.0
missing__protein_npx__P02749,0.0,0.0
missing__protein_npx__P02748,0.0,0.0
missing__protein_npx__P02747,0.0,0.0
missing__protein_npx__P02768,0.0,0.0
missing__protein_npx__Q16610,0.0,0.0
missing__protein_npx__Q16270,0.0,0.0
missing__protein_npx__Q15904,0.0,0.0
missing__protein_npx__Q14624,0.0,0.0
missing__protein_npx__Q14515,0.0,0.0
missing__protein_npx__Q14508,0.0,0.0
missing__protein_npx__Q14118,0.0,0.0
missing__protein_npx__Q13740,0.0,0.0
missing__protein_npx__Q13451,0.0,0.0
missing__protein_npx__Q13449,0.0,0.0
missing__protein_npx__P13473,0.0,0.0
missing__protein_npx__Q12907,0.0,0.0
missing__protein_npx__Q12841,0.0,0.0
missing__protein_npx__Q12805,0.0,0.0
missing__protein_npx__Q08380,0.0,0.0
missing__protein_npx__Q06481,0.0,0.0
missing__protein_npx__Q02818,0.0,0.0
missing__protein_npx__P98160,0.0,0.0
missing__protein_npx__P80748,0.0,0.0
missing__protein_npx__P61916,0.0,0.0
missing__protein_npx__P61769,0.0,0.0
missing__protein_npx__Q13332,0.0,0.0
missing__protein_npx__Q9NQ79,0.0,0.0
missing__protein_npx__Q9HDC9,0.0,0.0
missing__protein_npx__Q9BY67,0.0,0.0
missing__protein_npx__Q99969,0.0,0.0
missing__protein_npx__Q99829,0.0,0.0
missing__protein_npx__Q99674,0.0,0.0
missing__protein_npx__Q99435,0.0,0.0
missing__protein_npx__Q96S96,0.0,0.0
missing__protein_npx__Q96PD5,0.0,0.0
missing__protein_npx__Q96KN2,0.0,0.0
missing__protein_npx__Q562R1,0.0,0.0
missing__protein_npx__Q92876,0.0,0.0
missing__protein_npx__Q92823,0.0,0.0
missing__protein_npx__Q92520,0.0,0.0
missing__protein_npx__Q8NE71,0.0,0.0
missing__protein_npx__Q8NBJ4,0.0,0.0
missing__protein_npx__Q8N2S1,0.0,0.0
missing__protein_npx__Q8IWV7,0.0,0.0
missing__protein_npx__Q7Z5P9,0.0,0.0
missing__protein_npx__Q7Z3B1,0.0,0.0
missing__protein_npx__Q6UXB8,0.0,0.0
missing__protein_npx__Q96BZ4,0.0,0.0
missing__protein_npx__P23083,0.0,0.0
missing__protein_npx__P20774,0.0,0.0
missing__protein_npx__P19827,0.0,0.0
missing__protein_npx__P19823,0.0,0.0
missing__protein_npx__P19652,0.0,0.0
missing__protein_npx__P19021,0.0,0.0
missing__protein_npx__P18065,0.0,0.0
missing__protein_npx__P17936,0.0,0.0
missing__protein_npx__P17174,0.0,0.0
missing__protein_npx__P16870,0.0,0.0
missing__protein_npx__P61626,0.0,0.0
missing__protein_npx__P16070,0.0,0.0
missing__protein_npx__P16035,0.0,0.0
missing__protein_npx__P14618,0.0,0.0
missing__protein_npx__P14314,0.0,0.0
missing__protein_npx__P14174,0.0,0.0
missing__protein_npx__P13987,0.0,0.0
missing__protein_npx__P13671,0.0,0.0
missing__protein_npx__P13611,0.0,0.0
missing__protein_npx__P13591,0.0,0.0
missing__protein_npx__P13521,0.0,0.0
missing__protein_npx__P16152,0.0,0.0
missing__protein_npx__P61278,0.0,0.0
missing__protein_npx__P60174,0.0,0.0
missing__protein_npx__P55290,0.0,0.0
missing__protein_npx__P54289,0.0,0.0
missing__protein_npx__P51884,0.0,0.0
missing__protein_npx__P49908,0.0,0.0
missing__protein_npx__P49588,0.0,0.0
missing__protein_npx__P43652,0.0,0.0
missing__protein_npx__P43251,0.0,0.0
missing__protein_npx__P43121,0.0,0.0
missing__protein_npx__P23142,0.0,0.0
missing__protein_npx__P40925,0.0,0.0
missing__protein_npx__P39060,0.0,0.0
missing__protein_npx__P36980,0.0,0.0
missing__protein_npx__P36955,0.0,0.0
missing__protein_npx__P36222,0.0,0.0
missing__protein_npx__P35542,0.0,0.0
missing__protein_npx__P32754,0.0,0.0
missing__protein_npx__P31997,0.0,0.0
missing__protein_npx__P30086,0.0,0.0
missing__protein_npx__P25311,0.0,0.0
missing__protein_npx__P24592,0.0,0.0
missing__protein_npx__P41222,0.0,0.0
rollmean2__peptide_log__LGQSLDC(UniMod_4)NAEVYVVPWEK,0.0,0.0
rollmean2__peptide_log__LGPLVEQGRVR,0.0,0.0
rollmean2__peptide_log__LGPLVEQGR,0.0,0.0
rollmean2__peptide_log__LGADMEDVC(UniMod_4)GR,0.0,0.0
rollmean2__peptide_log__LGADM(UniMod_35)EDVC(UniMod_4)GR,0.0,0.0
rollmean2__peptide_log__LEGQEEEEDNRDSSMK,0.0,0.0
rollmean2__peptide_log__LDEVKEQVAEVR,0.0,0.0
rollmean2__peptide_log__LC(UniMod_4)MGSGLNLC(UniMod_4)EPNNKEGYYGYTGAFR,0.0,0.0
rollmean2__peptide_log__LAVYQAGAR,0.0,0.0
rollmean2__peptide_log__KVEQAVETEPEPELR,0.0,0.0
missing__protein_npx__P01591,0.0,0.0
rollmean2__peptide_log__KFPSGTFEQVSQLVK,0.0,0.0
rollmean2__peptide_log__KAADDTWEPFASGK,0.0,0.0
rollmean2__peptide_log__IMNGEADAMSLDGGFVYIAGK,0.0,0.0
rollmean2__peptide_log__ILTC(UniMod_4)M(UniMod_35)QGMEEIR,0.0,0.0
rollmean2__peptide_log__ILLQGTPVAQMTEDAVDAER,0.0,0.0
rollmean2__peptide_log__IHWESASLLR,0.0,0.0
rollmean2__peptide_log__HYTNPSQDVTVPC(UniMod_4)PVPPPPPC(UniMod_4)C(UniMod_4)HPR,0.0,0.0
rollmean2__peptide_log__HYEGSTVPEK,0.0,0.0
rollmean2__peptide_log__HGGLYHENMR,0.0,0.0
rollmean2__peptide_log__GYQLSDVDGVTC(UniMod_4)EDIDEC(UniMod_4)ALPTGGHIC(UniMod_4)SYR,0.0,0.0
rollmean2__peptide_log__KQELSEAEQATR,0.0,0.0
rollmean2__peptide_log__QQETAAAETETR,0.0,0.0
rollmean2__peptide_log__QNC(UniMod_4)ELFEQLGEYK,0.0,0.0
rollmean2__peptide_log__QKVEPLRAELQEGAR,0.0,0.0
rollmean2__peptide_log__QIGSVYR,0.0,0.0
rollmean2__peptide_log__NPDSSTTGPWC(UniMod_4)YTTDPTVR,0.0,0.0
rollmean2__peptide_log__NPDPWAK,0.0,0.0
rollmean2__peptide_log__NFPPSQDASGDLYTTSSQLTLPATQC(UniMod_4)PDGK,0.0,0.0
rollmean2__peptide_log__NFPPSQDASGDLYTTSSQLTLPATQC(UniMod_4)LAGK,0.0,0.0
rollmean2__peptide_log__MYYSAVDPTKDIFTGLIGPM(UniMod_35)K,0.0,0.0
rollmean2__peptide_log__MTVTDQVNC(UniMod_4)PK,0.0,0.0
rollmean2__peptide_log__LIADLGSTSITNLGFR,0.0,0.0
rollmean2__peptide_log__M(UniMod_35)YLGYEYVTAIR,0.0,0.0
rollmean2__peptide_log__M(UniMod_35)ASGAANVVGPK,0.0,0.0
rollmean2__peptide_log__LVGGPM(UniMod_35)DASVEEEGVRR,0.0,0.0
rollmean2__peptide_log__LSSWVLLM(UniMod_35)K,0.0,0.0
rollmean2__peptide_log__LSNENHGIAQR,0.0,0.0
rollmean2__peptide_log__LSKELQAAQAR,0.0,0.0
rollmean2__peptide_log__LRTEGDGVYTLNNEKQWINK,0.0,0.0
rollmean2__peptide_log__LRTEGDGVYTLNNEK,0.0,0.0
rollmean2__peptide_log__LQAEAFQAR,0.0,0.0
rollmean2__peptide_log__LPPTSAHGNVAEGETKPDPDVTER,0.0,0.0
rollmean2__peptide_log__MASGAANVVGPK,0.0,0.0
rollmean2__peptide_log__AYQGVAAPFPK,0.0,0.0
rollmean2__peptide_log__AYKSELEEQLTPVAEETR,0.0,0.0
rollmean2__peptide_log__AVLPTGDVIGDSAK,0.0,0.0
rollmean2__peptide_log__ATVNPSAPR,0.0,0.0
rollmean2__peptide_log__ANRPFLVFIR,0.0,0.0
rollmean2__peptide_log__ALGISPFHEHAEVVFTANDSGPR,0.0,0.0
rollmean2__peptide_log__AKLEEQAQQIR,0.0,0.0
rollmean2__peptide_log__AEAQEAEDQQAR,0.0,0.0
rollmean2__peptide_log__ADDKETC(UniMod_4)FAEEGK,0.0,0.0
rollmean2__peptide_log__AATVGSLAGQPLQER,0.0,0.0
rollmean2__peptide_log__GSPAINVAVHVFRK,0.0,0.0
rollmean2__peptide_count__Q9Y6R7,0.0,0.0
rollmean2__peptide_count__Q9Y646,0.0,0.0
rollmean2__peptide_count__Q9UNU6,0.0,0.0
rollmean2__peptide_count__Q9UKV8,0.0,0.0
rollmean2__peptide_count__Q9UHG2,0.0,0.0
rollmean2__peptide_count__Q9UBX5,0.0,0.0
rollmean2__peptide_count__Q9UBR2,0.0,0.0
rollmean2__peptide_count__Q9NYU2,0.0,0.0
rollmean2__peptide_count__Q9NQ79,0.0,0.0
rollmean2__peptide_count__Q9HDC9,0.0,0.0
rollmean2__peptide_log__AATGEC(UniMod_4)TATVGKR,0.0,0.0
rollmean2__peptide_log__GEVQAMLGQSTEELRVR,0.0,0.0
rollmean2__peptide_log__GEVQAMLGQSTEELR,0.0,0.0
rollmean2__peptide_log__GC(UniMod_4)PTEEGC(UniMod_4)GER,0.0,0.0
rollmean2__peptide_log__FNKPFVFLM(UniMod_35)IEQNTK,0.0,0.0
rollmean2__peptide_log__FM(UniMod_35)ETVAEK,0.0,0.0
rollmean2__peptide_log__FLATTPNSLLVSWQPPR,0.0,0.0
rollmean2__peptide_log__ELSSFIDKGQELC(UniMod_4)ADYSENTFTEYK,0.0,0.0
rollmean2__peptide_log__ELDESLQVAER,0.0,0.0
rollmean2__peptide_log__EILSVDC(UniMod_4)STNNPSQAK,0.0,0.0
rollmean2__peptide_log__EDSLEAGLPLQVR,0.0,0.0
rollmean2__peptide_log__C(UniMod_4)C(UniMod_4)VEC(UniMod_4)PPC(UniMod_4)PAPPVAGPSVFLFPPKPK,0.0,0.0
rollmean2__peptide_log__DSGEGDFLAEGGGVR,0.0,0.0
rollmean2__peptide_log__DLATVYVDVLK,0.0,0.0
rollmean2__peptide_log__DASGVTFTWTPSSGK,0.0,0.0
rollmean2__peptide_log__C(UniMod_4)VDVDEC(UniMod_4)APPAEPC(UniMod_4)GK,0.0,0.0
rollmean2__peptide_log__C(UniMod_4)TSTGWIPAPR,0.0,0.0
rollmean2__peptide_log__C(UniMod_4)SYTEDAQC(UniMod_4)IDGTIEVPK,0.0,0.0
rollmean2__peptide_log__C(UniMod_4)REILSVDC(UniMod_4)STNNPSQAK,0.0,0.0
rollmean2__peptide_log__C(UniMod_4)RDQLPYIC(UniMod_4)QFGIV,0.0,0.0
rollmean2__peptide_log__C(UniMod_4)KPVNTFVHEPLVDVQNVC(UniMod_4)FQEK,0.0,0.0
rollmean2__peptide_log__C(UniMod_4)IIEVLSNALSK,0.0,0.0
rollmean2__peptide_log__C(UniMod_4)DSSPDSAEDVRK,0.0,0.0
rollmean2__peptide_log__DSGFQM(UniMod_35)NQLR,0.0,0.0
missing__protein_npx__O75144,0.0,0.0
missing__protein_npx__O60888,0.0,0.0
missing__protein_npx__O43505,0.0,0.0
missing__protein_npx__O15394,0.0,0.0
missing__protein_npx__O15240,0.0,0.0
missing__protein_npx__O14791,0.0,0.0
missing__protein_npx__O14773,0.0,0.0
missing__protein_npx__O14498,0.0,0.0
missing__protein_npx__O00584,0.0,0.0
missing__protein_npx__O00533,0.0,0.0
rollmean2__peptide_log__QWAGLVEK,0.0,0.0
rollmean2__months_since_prev_visit,0.0,0.0
rollmean2__months_since_baseline,0.0,0.0
rollmean2__visit_index,0.0,0.0
rollmean2__current_medication_on,0.0,0.0
rollmean2__current_updrs_3,0.0,0.0
rollmean2__current_updrs_2,0.0,0.0
rollmean2__current_updrs_1,0.0,0.0
rollmean2__peptide_missing_fraction,0.0,0.0
rollmean2__peptide_feature_count,0.0,0.0
rollmean2__peptide_log__YYWGGQYTWDMAK,0.0,0.0
rollmean2__has_previous_visit,0.0,0.0
missing__protein_npx__P01344,0.0,0.0
missing__protein_npx__P01042,0.0,0.0
missing__protein_npx__P01034,0.0,0.0
missing__protein_npx__P01033,0.0,0.0
missing__protein_npx__P01031,0.0,0.0
missing__protein_npx__P01024,0.0,0.0
missing__protein_npx__P01023,0.0,0.0
missing__protein_npx__P01019,0.0,0.0
missing__protein_npx__P01011,0.0,0.0
missing__protein_npx__P01009,0.0,0.0
missing__protein_npx__O75326,0.0,0.0
missing__protein_npx__P00751,0.0,0.0
missing__protein_npx__P00748,0.0,0.0
missing__protein_npx__P00747,0.0,0.0
missing__protein_npx__P00746,0.0,0.0
missing__protein_npx__P00738,0.0,0.0
missing__protein_npx__P00736,0.0,0.0
missing__protein_npx__P00734,0.0,0.0
missing__protein_npx__P00450,0.0,0.0
missing__protein_npx__P00441,0.0,0.0
missing__protein_npx__O94919,0.0,0.0
missing__protein_npx__P01008,0.0,0.0
rollmean2__peptide_log__TM(UniMod_35)LLQPAGSLGSYSYR,0.0,0.0
rollmean2__peptide_log__TLLSNLEEAKK,0.0,0.0
rollmean2__peptide_log__TKEEYGHSEVVEYYC(UniMod_4)NPR,0.0,0.0
rollmean2__peptide_log__TEGDGVYTLNNEK,0.0,0.0
rollmean2__peptide_log__TDASDVKPC(UniMod_4),0.0,0.0
rollmean2__peptide_log__SWFEPLVEDM(UniMod_35)QR,0.0,0.0
rollmean2__peptide_log__SSQGGSLPSEEK,0.0,0.0
rollmean2__peptide_log__SPVGVQPILNEHTFC(UniMod_4)AGMSK,0.0,0.0
rollmean2__peptide_log__SNSSM(UniMod_35)HITDC(UniMod_4)R,0.0,0.0
rollmean2__peptide_log__SLAELGGHLDQQVEEFRR,0.0,0.0
rollmean2__peptide_log__YVMLPVADQDQC(UniMod_4)IR,0.0,0.0
rollmean2__peptide_log__SGELEQEEER,0.0,0.0
rollmean2__peptide_log__SGEATDGARPQALPEPMQESK,0.0,0.0
rollmean2__peptide_log__SFNRGEC(UniMod_4),0.0,0.0
rollmean2__peptide_log__SELEEQLTPVAEETR,0.0,0.0
rollmean2__peptide_log__SEALAVDGAGKPGAEEAQDPEGK,0.0,0.0
rollmean2__peptide_log__SC(UniMod_4)SPELQQK,0.0,0.0
rollmean2__peptide_log__SC(UniMod_4)DTPPPC(UniMod_4)PR,0.0,0.0
rollmean2__peptide_log__RTPITVVK,0.0,0.0
rollmean2__peptide_log__RLEGQEEEEDNRDSSMK,0.0,0.0
rollmean2__peptide_log__RGYQLSDVDGVTC(UniMod_4)EDIDEC(UniMod_4)ALPTGGHIC(UniMod_4)SYR,0.0,0.0
rollmean2__peptide_log__SLAAAAGKQELAK,0.0,0.0
rollmean2__peptide_log__YVM(UniMod_35)LPVADQDQC(UniMod_4)IR,0.0,0.0
rollmean2__peptide_log__YIVSGTPTFVPYLIK,0.0,0.0
rollmean2__peptide_log__WELALGR,0.0,0.0
rollmean2__peptide_log__VYC(UniMod_4)DMNTENGGWTVIQNR,0.0,0.0
rollmean2__peptide_log__VTSIQDWVQK,0.0,0.0
rollmean2__peptide_log__VTLTC(UniMod_4)VAPLSGVDFQLR,0.0,0.0
rollmean2__peptide_log__VQPYLDDFQKK,0.0,0.0
rollmean2__peptide_log__VQAAVGTSAAPVPSDNH,0.0,0.0
rollmean2__peptide_log__VMPIC(UniMod_4)LPSKDYAEVGR,0.0,0.0
rollmean2__peptide_log__VLLDQLR,0.0,0.0
rollmean2__peptide_log__TPLGDTTHTC(UniMod_4)PR,0.0,0.0
rollmean2__peptide_log__VGYVSGWGR,0.0,0.0
rollmean2__peptide_log__VDSGNDVTDIADDGC(UniMod_4)PKPPEIAHGYVEHSVR,0.0,0.0
rollmean2__peptide_log__VDNALQSGNSQESVTEQDSKDSTYSLSSTLTLSK,0.0,0.0
rollmean2__peptide_log__VC(UniMod_4)PFAGILENGAVR,0.0,0.0
rollmean2__peptide_log__TVVQPSVGAAAGPVVPPC(UniMod_4)PGR,0.0,0.0
rollmean2__peptide_log__TTPPVLDSDGSFFLYSR,0.0,0.0
rollmean2__peptide_log__TTPPVLDSDGSFFLYSK,0.0,0.0
rollmean2__peptide_log__TSPVDEKALQDQLVLVAAK,0.0,0.0
rollmean2__peptide_log__TSAHGNVAEGETKPDPDVTER,0.0,0.0
rollmean2__peptide_log__TQVNTQAEQLRR,0.0,0.0
rollmean2__peptide_log__TPVSDRVTK,0.0,0.0
rollmean2__peptide_log__VKDLATVYVDVLK,0.0,0.0
lag1__protein_npx__P00734,0.0,0.0
lag1__protein_npx__P00450,0.0,0.0
lag1__protein_npx__P00441,0.0,0.0
lag1__protein_npx__O94919,0.0,0.0
lag1__protein_npx__O75326,0.0,0.0
lag1__protein_npx__O75144,0.0,0.0
lag1__protein_npx__O60888,0.0,0.0
lag1__protein_npx__O43505,0.0,0.0
lag1__protein_npx__O15394,0.0,0.0
lag1__protein_npx__O15240,0.0,0.0
delta1__has_previous_visit,0.0,0.0
lag1__protein_npx__O14773,0.0,0.0
lag1__protein_npx__O14498,0.0,0.0
lag1__protein_npx__O00584,0.0,0.0
lag1__protein_npx__O00533,0.0,0.0
lag1__protein_npx__O00391,0.0,0.0
has_previous_visit,0.0,0.0
months_since_prev_visit,0.0,0.0
months_since_baseline,0.0,0.0
visit_index,0.0,0.0
current_medication_unknown,0.0,0.0
lag1__protein_npx__O14791,0.0,0.0
lag1__protein_npx__P01717,0.0,0.0
lag1__protein_npx__P01621,0.0,0.0
lag1__protein_npx__P01608,0.0,0.0
lag1__protein_npx__P01594,0.0,0.0
lag1__protein_npx__P01591,0.0,0.0
lag1__protein_npx__P01344,0.0,0.0
lag1__protein_npx__P01042,0.0,0.0
lag1__protein_npx__P01034,0.0,0.0
lag1__protein_npx__P01033,0.0,0.0
lag1__protein_npx__P01031,0.0,0.0
lag1__protein_npx__P00736,0.0,0.0
lag1__protein_npx__P01023,0.0,0.0
lag1__protein_npx__P01019,0.0,0.0
lag1__protein_npx__P01011,0.0,0.0
lag1__protein_npx__P01009,0.0,0.0
lag1__protein_npx__P01008,0.0,0.0
lag1__protein_npx__P00751,0.0,0.0
lag1__protein_npx__P00748,0.0,0.0
lag1__protein_npx__P00747,0.0,0.0
lag1__protein_npx__P00746,0.0,0.0
lag1__protein_npx__P00738,0.0,0.0
lag1__protein_npx__P01024,0.0,0.0
peptide_log__TSPVDEKALQDQLVLVAAK,0.0,0.0
peptide_log__TSAHGNVAEGETKPDPDVTER,0.0,0.0
peptide_log__TQVNTQAEQLRR,0.0,0.0
peptide_log__TPVSDRVTK,0.0,0.0
peptide_log__TPLGDTTHTC(UniMod_4)PR,0.0,0.0
peptide_log__TM(UniMod_35)LLQPAGSLGSYSYR,0.0,0.0
peptide_log__TLLSNLEEAKK,0.0,0.0
peptide_log__TKEEYGHSEVVEYYC(UniMod_4)NPR,0.0,0.0
peptide_log__TEGDGVYTLNNEK,0.0,0.0
peptide_log__TDASDVKPC(UniMod_4),0.0,0.0
current_medication_on,0.0,0.0
peptide_log__SSQGGSLPSEEK,0.0,0.0
peptide_log__SPVGVQPILNEHTFC(UniMod_4)AGMSK,0.0,0.0
peptide_log__SNSSM(UniMod_35)HITDC(UniMod_4)R,0.0,0.0
peptide_log__SLAELGGHLDQQVEEFRR,0.0,0.0
peptide_log__SGELEQEEER,0.0,0.0
peptide_log__SGEATDGARPQALPEPMQESK,0.0,0.0
peptide_log__SFNRGEC(UniMod_4),0.0,0.0
peptide_log__SELEEQLTPVAEETR,0.0,0.0
peptide_log__SEALAVDGAGKPGAEEAQDPEGK,0.0,0.0
peptide_log__SC(UniMod_4)SPELQQK,0.0,0.0
peptide_log__SWFEPLVEDM(UniMod_35)QR,0.0,0.0
current_updrs_3,0.0,0.0
current_updrs_2,0.0,0.0
current_updrs_1,0.0,0.0
peptide_missing_fraction,0.0,0.0
peptide_feature_count,0.0,0.0
peptide_log__YYWGGQYTWDMAK,0.0,0.0
peptide_log__YVMLPVADQDQC(UniMod_4)IR,0.0,0.0
peptide_log__YVM(UniMod_35)LPVADQDQC(UniMod_4)IR,0.0,0.0
peptide_log__YIVSGTPTFVPYLIK,0.0,0.0
peptide_log__WELALGR,0.0,0.0
peptide_log__TTPPVLDSDGSFFLYSK,0.0,0.0
peptide_log__VTSIQDWVQK,0.0,0.0
peptide_log__VTLTC(UniMod_4)VAPLSGVDFQLR,0.0,0.0
peptide_log__VQPYLDDFQKK,0.0,0.0
peptide_log__VQAAVGTSAAPVPSDNH,0.0,0.0
peptide_log__VMPIC(UniMod_4)LPSKDYAEVGR,0.0,0.0
peptide_log__VLLDQLR,0.0,0.0
peptide_log__VGYVSGWGR,0.0,0.0
peptide_log__VDSGNDVTDIADDGC(UniMod_4)PKPPEIAHGYVEHSVR,0.0,0.0
peptide_log__VDNALQSGNSQESVTEQDSKDSTYSLSSTLTLSK,0.0,0.0
peptide_log__TVVQPSVGAAAGPVVPPC(UniMod_4)PGR,0.0,0.0
peptide_log__TTPPVLDSDGSFFLYSR,0.0,0.0
peptide_log__VYC(UniMod_4)DMNTENGGWTVIQNR,0.0,0.0
lag1__protein_npx__P08253,0.0,0.0
lag1__protein_npx__P08133,0.0,0.0
lag1__protein_npx__P08123,0.0,0.0
lag1__protein_npx__P07998,0.0,0.0
lag1__protein_npx__P07858,0.0,0.0
lag1__protein_npx__P07711,0.0,0.0
lag1__protein_npx__P07602,0.0,0.0
lag1__protein_npx__P07339,0.0,0.0
lag1__protein_npx__P07333,0.0,0.0
lag1__protein_npx__P07225,0.0,0.0
lag1__protein_npx__P01780,0.0,0.0
lag1__protein_npx__P06727,0.0,0.0
lag1__protein_npx__P06454,0.0,0.0
lag1__protein_npx__P06396,0.0,0.0
lag1__protein_npx__P06310,0.0,0.0
lag1__protein_npx__P05546,0.0,0.0
lag1__protein_npx__P05452,0.0,0.0
lag1__protein_npx__P05408,0.0,0.0
lag1__protein_npx__P05156,0.0,0.0
lag1__protein_npx__P05155,0.0,0.0
lag1__protein_npx__P05090,0.0,0.0
lag1__protein_npx__P07195,0.0,0.0
lag1__protein_npx__P13987,0.0,0.0
lag1__protein_npx__P13671,0.0,0.0
lag1__protein_npx__P13611,0.0,0.0
lag1__protein_npx__P13591,0.0,0.0
lag1__protein_npx__P13521,0.0,0.0
lag1__protein_npx__P13473,0.0,0.0
lag1__protein_npx__P12109,0.0,0.0
lag1__protein_npx__P11277,0.0,0.0
lag1__protein_npx__P11142,0.0,0.0
lag1__protein_npx__P10909,0.0,0.0
lag1__protein_npx__P08294,0.0,0.0
lag1__protein_npx__P10643,0.0,0.0
lag1__protein_npx__P10451,0.0,0.0
lag1__protein_npx__P09871,0.0,0.0
lag1__protein_npx__P09486,0.0,0.0
lag1__protein_npx__P09104,0.0,0.0
lag1__protein_npx__P08697,0.0,0.0
lag1__protein_npx__P08637,0.0,0.0
lag1__protein_npx__P08603,0.0,0.0
lag1__protein_npx__P08571,0.0,0.0
lag1__protein_npx__P08493,0.0,0.0
lag1__protein_npx__P10645,0.0,0.0
lag1__protein_npx__P02751,0.0,0.0
lag1__protein_npx__P02750,0.0,0.0
lag1__protein_npx__P02749,0.0,0.0
lag1__protein_npx__P02748,0.0,0.0
lag1__protein_npx__P02747,0.0,0.0
lag1__protein_npx__P02679,0.0,0.0
lag1__protein_npx__P02675,0.0,0.0
lag1__protein_npx__P02671,0.0,0.0
lag1__protein_npx__P02656,0.0,0.0
lag1__protein_npx__P02655,0.0,0.0
lag1__protein_npx__P05067,0.0,0.0
lag1__protein_npx__P02649,0.0,0.0
lag1__protein_npx__P02647,0.0,0.0
lag1__protein_npx__P02452,0.0,0.0
lag1__protein_npx__P01877,0.0,0.0
lag1__protein_npx__P01876,0.0,0.0
lag1__protein_npx__P01860,0.0,0.0
lag1__protein_npx__P01859,0.0,0.0
lag1__protein_npx__P01857,0.0,0.0
lag1__protein_npx__P01834,0.0,0.0
lag1__protein_npx__P01833,0.0,0.0
lag1__protein_npx__P02652,0.0,0.0
lag1__protein_npx__P05060,0.0,0.0
lag1__protein_npx__P04433,0.0,0.0
lag1__protein_npx__P04406,0.0,0.0
lag1__protein_npx__P04275,0.0,0.0
lag1__protein_npx__P04217,0.0,0.0
lag1__protein_npx__P04216,0.0,0.0
lag1__protein_npx__P04211,0.0,0.0
lag1__protein_npx__P04207,0.0,0.0
lag1__protein_npx__P04196,0.0,0.0
lag1__protein_npx__P04180,0.0,0.0
lag1__protein_npx__P02753,0.0,0.0
lag1__protein_npx__P04075,0.0,0.0
lag1__protein_npx__P04004,0.0,0.0
lag1__protein_npx__P02792,0.0,0.0
lag1__protein_npx__P02790,0.0,0.0
lag1__protein_npx__P02787,0.0,0.0
lag1__protein_npx__P02774,0.0,0.0
lag1__protein_npx__P02768,0.0,0.0
lag1__protein_npx__P02766,0.0,0.0
lag1__protein_npx__P02765,0.0,0.0
lag1__protein_npx__P02763,0.0,0.0
lag1__protein_npx__P02760,0.0,0.0
lag1__protein_npx__P04156,0.0,0.0
peptide_count__Q7Z5P9,0.0,0.0
peptide_count__Q7Z3B1,0.0,0.0
peptide_count__Q6UXD5,0.0,0.0
peptide_count__Q6UXB8,0.0,0.0
peptide_count__Q6UX71,0.0,0.0
peptide_count__Q562R1,0.0,0.0
peptide_count__Q16610,0.0,0.0
peptide_count__Q16270,0.0,0.0
peptide_count__Q15904,0.0,0.0
peptide_count__Q14624,0.0,0.0
peptide_log__SC(UniMod_4)DTPPPC(UniMod_4)PR,0.0,0.0
peptide_count__Q14508,0.0,0.0
peptide_count__Q14118,0.0,0.0
peptide_count__Q13740,0.0,0.0
peptide_count__Q13451,0.0,0.0
peptide_count__Q13449,0.0,0.0
peptide_count__Q13332,0.0,0.0
peptide_count__Q13283,0.0,0.0
peptide_count__Q12907,0.0,0.0
peptide_count__Q12841,0.0,0.0
peptide_count__Q08380,0.0,0.0
peptide_count__Q14515,0.0,0.0
peptide_count__Q9UBX5,0.0,0.0
peptide_count__Q9UBR2,0.0,0.0
peptide_count__Q9NYU2,0.0,0.0
peptide_count__Q9HDC9,0.0,0.0
peptide_count__Q9BY67,0.0,0.0
peptide_count__Q99969,0.0,0.0
peptide_count__Q99832,0.0,0.0
peptide_count__Q99829,0.0,0.0
peptide_count__Q99683,0.0,0.0
peptide_count__Q99674,0.0,0.0
peptide_count__Q8IWV7,0.0,0.0
peptide_count__Q96S96,0.0,0.0
peptide_count__Q96PD5,0.0,0.0
peptide_count__Q96KN2,0.0,0.0
peptide_count__Q96BZ4,0.0,0.0
peptide_count__Q92876,0.0,0.0
peptide_count__Q92823,0.0,0.0
peptide_count__Q92520,0.0,0.0
peptide_count__Q8NE71,0.0,0.0
peptide_count__Q8NBJ4,0.0,0.0
peptide_count__Q8N2S1,0.0,0.0
peptide_count__Q99435,0.0,0.0
peptide_count__P32754,0.0,0.0
peptide_count__P31997,0.0,0.0
peptide_count__P30086,0.0,0.0
peptide_count__P27169,0.0,0.0
peptide_count__P25311,0.0,0.0
peptide_count__P24592,0.0,0.0
peptide_count__P23142,0.0,0.0
peptide_count__P23083,0.0,0.0
peptide_count__P20933,0.0,0.0
peptide_count__P20774,0.0,0.0
peptide_count__Q06481,0.0,0.0
peptide_count__P19823,0.0,0.0
peptide_count__P19652,0.0,0.0
peptide_count__P19021,0.0,0.0
peptide_count__P18065,0.0,0.0
peptide_count__P17936,0.0,0.0
peptide_count__P17174,0.0,0.0
peptide_count__P16870,0.0,0.0
peptide_count__P16152,0.0,0.0
peptide_count__P16070,0.0,0.0
peptide_count__P16035,0.0,0.0
peptide_count__P19827,0.0,0.0
peptide_count__Q02818,0.0,0.0
peptide_count__P98160,0.0,0.0
peptide_count__P80748,0.0,0.0
peptide_count__P61916,0.0,0.0
peptide_count__P61769,0.0,0.0
peptide_count__P61626,0.0,0.0
peptide_count__P61278,0.0,0.0
peptide_count__P60174,0.0,0.0
peptide_count__P55290,0.0,0.0
peptide_count__P54289,0.0,0.0
peptide_count__P35542,0.0,0.0
peptide_count__P49908,0.0,0.0
peptide_count__P49588,0.0,0.0
peptide_count__P43652,0.0,0.0
peptide_count__P43251,0.0,0.0
peptide_count__P43121,0.0,0.0
peptide_count__P41222,0.0,0.0
peptide_count__P40925,0.0,0.0
peptide_count__P39060,0.0,0.0
peptide_count__P36980,0.0,0.0
peptide_count__P36955,0.0,0.0
peptide_count__P36222,0.0,0.0
peptide_count__P51884,0.0,0.0
peptide_log__LQAEAFQAR,0.0,0.0
peptide_log__LPPTSAHGNVAEGETKPDPDVTER,0.0,0.0
peptide_log__LIADLGSTSITNLGFR,0.0,0.0
peptide_log__LGQSLDC(UniMod_4)NAEVYVVPWEK,0.0,0.0
peptide_log__LGPLVEQGRVR,0.0,0.0
peptide_log__LGPLVEQGR,0.0,0.0
peptide_log__LGADMEDVC(UniMod_4)GR,0.0,0.0
peptide_log__LGADM(UniMod_35)EDVC(UniMod_4)GR,0.0,0.0
peptide_log__LFDSDPITVTVPVEVSR,0.0,0.0
peptide_log__LEGQEEEEDNRDSSMK,0.0,0.0
peptide_count__Q9UHG2,0.0,0.0
peptide_log__LC(UniMod_4)MGSGLNLC(UniMod_4)EPNNKEGYYGYTGAFR,0.0,0.0
peptide_log__LAVYQAGAR,0.0,0.0
peptide_log__KVEQAVETEPEPELR,0.0,0.0
peptide_log__KQELSEAEQATR,0.0,0.0
peptide_log__KFPSGTFEQVSQLVK,0.0,0.0
peptide_log__KAADDTWEPFASGK,0.0,0.0
peptide_log__IMNGEADAMSLDGGFVYIAGK,0.0,0.0
peptide_log__ILTC(UniMod_4)M(UniMod_35)QGMEEIR,0.0,0.0
peptide_log__ILLQGTPVAQMTEDAVDAER,0.0,0.0
peptide_log__IHWESASLLR,0.0,0.0
peptide_log__LDEVKEQVAEVR,0.0,0.0
peptide_log__RTPITVVK,0.0,0.0
peptide_log__RLEGQEEEEDNRDSSMK,0.0,0.0
peptide_log__RGYQLSDVDGVTC(UniMod_4)EDIDEC(UniMod_4)ALPTGGHIC(UniMod_4)SYR,0.0,0.0
peptide_log__QWAGLVEK,0.0,0.0
peptide_log__QQETAAAETETR,0.0,0.0
peptide_log__QNC(UniMod_4)ELFEQLGEYK,0.0,0.0
peptide_log__QKVEPLRAELQEGAR,0.0,0.0
peptide_log__QIGSVYR,0.0,0.0
peptide_log__NPDSSTTGPWC(UniMod_4)YTTDPTVR,0.0,0.0
peptide_log__NPDPWAK,0.0,0.0
peptide_log__LRTEGDGVYTLNNEK,0.0,0.0
peptide_log__NFPPSQDASGDLYTTSSQLTLPATQC(UniMod_4)LAGK,0.0,0.0
peptide_log__MYYSAVDPTKDIFTGLIGPM(UniMod_35)K,0.0,0.0
peptide_log__MTVTDQVNC(UniMod_4)PK,0.0,0.0
peptide_log__MASGAANVVGPK,0.0,0.0
peptide_log__M(UniMod_35)YLGYEYVTAIR,0.0,0.0
peptide_log__M(UniMod_35)ASGAANVVGPK,0.0,0.0
peptide_log__LVGGPM(UniMod_35)DASVEEEGVRR,0.0,0.0
peptide_log__LSSWVLLM(UniMod_35)K,0.0,0.0
peptide_log__LSKELQAAQAR,0.0,0.0
peptide_log__LRTEGDGVYTLNNEKQWINK,0.0,0.0
peptide_log__NFPPSQDASGDLYTTSSQLTLPATQC(UniMod_4)PDGK,0.0,0.0
peptide_log__C(UniMod_4)RDQLPYIC(UniMod_4)QFGIV,0.0,0.0
peptide_log__C(UniMod_4)KPVNTFVHEPLVDVQNVC(UniMod_4)FQEK,0.0,0.0
peptide_log__C(UniMod_4)IIEVLSNALSK,0.0,0.0
peptide_log__C(UniMod_4)DSSPDSAEDVRK,0.0,0.0
peptide_log__C(UniMod_4)C(UniMod_4)VEC(UniMod_4)PPC(UniMod_4)PAPPVAGPSVFLFPPKPK,0.0,0.0
peptide_log__AYQGVAAPFPK,0.0,0.0
peptide_log__AYKSELEEQLTPVAEETR,0.0,0.0
peptide_log__AVLPTGDVIGDSAK,0.0,0.0
peptide_log__AVGDKLPEC(UniMod_4)EADDGC(UniMod_4)PKPPEIAHGYVEHSVR,0.0,0.0
peptide_log__ATVNPSAPR,0.0,0.0
peptide_log__HYTNPSQDVTVPC(UniMod_4)PVPPPPPC(UniMod_4)C(UniMod_4)HPR,0.0,0.0
peptide_log__ALGISPFHEHAEVVFTANDSGPR,0.0,0.0
peptide_log__AKLEEQAQQIR,0.0,0.0
peptide_log__AEAQEAEDQQAR,0.0,0.0
peptide_log__ADDKETC(UniMod_4)FAEEGK,0.0,0.0
peptide_log__AATVGSLAGQPLQER,0.0,0.0
peptide_log__AATGEC(UniMod_4)TATVGKR,0.0,0.0
peptide_count__Q9Y6R7,0.0,0.0
peptide_count__Q9Y646,0.0,0.0
peptide_count__Q9UNU6,0.0,0.0
peptide_count__Q9UKV8,0.0,0.0
peptide_log__ANRPFLVFIR,0.0,0.0
peptide_log__HYEGSTVPEK,0.0,0.0
peptide_log__HYDGSYSTFGER,0.0,0.0
peptide_log__HGGLYHENMR,0.0,0.0
peptide_log__GYQLSDVDGVTC(UniMod_4)EDIDEC(UniMod_4)ALPTGGHIC(UniMod_4)SYR,0.0,0.0
peptide_log__GSPAINVAVHVFRK,0.0,0.0
peptide_log__GEVQAMLGQSTEELRVR,0.0,0.0
peptide_log__GEVQAMLGQSTEELR,0.0,0.0
peptide_log__GC(UniMod_4)PTEEGC(UniMod_4)GER,0.0,0.0
peptide_log__FNKPFVFLM(UniMod_35)IEQNTK,0.0,0.0
peptide_log__FM(UniMod_35)ETVAEK,0.0,0.0
peptide_log__C(UniMod_4)REILSVDC(UniMod_4)STNNPSQAK,0.0,0.0
peptide_log__ELSSFIDKGQELC(UniMod_4)ADYSENTFTEYK,0.0,0.0
peptide_log__ELDESLQVAER,0.0,0.0
peptide_log__EILSVDC(UniMod_4)STNNPSQAK,0.0,0.0
peptide_log__EDSLEAGLPLQVR,0.0,0.0
peptide_log__DSGFQM(UniMod_35)NQLR,0.0,0.0
peptide_log__DSGEGDFLAEGGGVR,0.0,0.0
peptide_log__DLATVYVDVLK,0.0,0.0
peptide_log__DASGVTFTWTPSSGK,0.0,0.0
peptide_log__C(UniMod_4)VDVDEC(UniMod_4)APPAEPC(UniMod_4)GK,0.0,0.0
peptide_log__C(UniMod_4)TSTGWIPAPR,0.0,0.0
peptide_log__C(UniMod_4)SYTEDAQC(UniMod_4)IDGTIEVPK,0.0,0.0
peptide_log__FLATTPNSLLVSWQPPR,0.0,0.0
lag1__peptide_mean__P20933,0.0,0.0
lag1__peptide_mean__P20774,0.0,0.0
lag1__peptide_mean__P19827,0.0,0.0
lag1__peptide_mean__P19823,0.0,0.0
lag1__peptide_mean__P19652,0.0,0.0
lag1__peptide_mean__P19021,0.0,0.0
lag1__peptide_mean__P18065,0.0,0.0
lag1__peptide_mean__P17936,0.0,0.0
lag1__peptide_mean__P17174,0.0,0.0
lag1__peptide_mean__P16870,0.0,0.0
lag1__protein_npx__P14174,0.0,0.0
lag1__peptide_mean__P16070,0.0,0.0
lag1__peptide_mean__P16035,0.0,0.0
lag1__peptide_mean__P14618,0.0,0.0
lag1__peptide_mean__P14314,0.0,0.0
lag1__peptide_mean__P14174,0.0,0.0
lag1__peptide_mean__P13987,0.0,0.0
lag1__peptide_mean__P13611,0.0,0.0
lag1__peptide_mean__P13591,0.0,0.0
lag1__peptide_mean__P13521,0.0,0.0
lag1__peptide_mean__P13473,0.0,0.0
lag1__peptide_mean__P16152,0.0,0.0
lag1__peptide_mean__P55290,0.0,0.0
lag1__peptide_mean__P54289,0.0,0.0
lag1__peptide_mean__P51884,0.0,0.0
lag1__peptide_mean__P49908,0.0,0.0
lag1__peptide_mean__P49588,0.0,0.0
lag1__peptide_mean__P43251,0.0,0.0
lag1__peptide_mean__P43121,0.0,0.0
lag1__peptide_mean__P41222,0.0,0.0
lag1__peptide_mean__P40925,0.0,0.0
lag1__peptide_mean__P39060,0.0,0.0
lag1__peptide_mean__P23083,0.0,0.0
lag1__peptide_mean__P36955,0.0,0.0
lag1__peptide_mean__P36222,0.0,0.0
lag1__peptide_mean__P35542,0.0,0.0
lag1__peptide_mean__P32754,0.0,0.0
lag1__peptide_mean__P31997,0.0,0.0
lag1__peptide_mean__P30086,0.0,0.0
lag1__peptide_mean__P27169,0.0,0.0
lag1__peptide_mean__P25311,0.0,0.0
lag1__peptide_mean__P24592,0.0,0.0
lag1__peptide_mean__P23142,0.0,0.0
lag1__peptide_mean__P36980,0.0,0.0
lag1__peptide_mean__P07225,0.0,0.0
lag1__peptide_mean__P07195,0.0,0.0
lag1__peptide_mean__P06727,0.0,0.0
lag1__peptide_mean__P06681,0.0,0.0
lag1__peptide_mean__P06454,0.0,0.0
lag1__peptide_mean__P06396,0.0,0.0
lag1__peptide_mean__P06310,0.0,0.0
lag1__peptide_mean__P05546,0.0,0.0
lag1__peptide_mean__P05452,0.0,0.0
lag1__peptide_mean__P05408,0.0,0.0
lag1__peptide_mean__P12109,0.0,0.0
lag1__peptide_mean__P05090,0.0,0.0
lag1__peptide_mean__P05067,0.0,0.0
lag1__peptide_mean__P05060,0.0,0.0
lag1__peptide_mean__P04433,0.0,0.0
lag1__peptide_mean__P04406,0.0,0.0
lag1__peptide_mean__P04275,0.0,0.0
lag1__peptide_mean__P04217,0.0,0.0
lag1__peptide_mean__P04216,0.0,0.0
lag1__peptide_mean__P04211,0.0,0.0
lag1__peptide_mean__P04207,0.0,0.0
lag1__peptide_mean__P05155,0.0,0.0
lag1__peptide_mean__P11277,0.0,0.0
lag1__peptide_mean__P11142,0.0,0.0
lag1__peptide_mean__P10909,0.0,0.0
lag1__peptide_mean__P10645,0.0,0.0
lag1__peptide_mean__P10451,0.0,0.0
lag1__peptide_mean__P09871,0.0,0.0
lag1__peptide_mean__P09486,0.0,0.0
lag1__peptide_mean__P09104,0.0,0.0
lag1__peptide_mean__P08697,0.0,0.0
lag1__peptide_mean__P08637,0.0,0.0
lag1__peptide_mean__P07333,0.0,0.0
lag1__peptide_mean__P08571,0.0,0.0
lag1__peptide_mean__P08493,0.0,0.0
lag1__peptide_mean__P08294,0.0,0.0
lag1__peptide_mean__P08253,0.0,0.0
lag1__peptide_mean__P08133,0.0,0.0
lag1__peptide_mean__P08123,0.0,0.0
lag1__peptide_mean__P07998,0.0,0.0
lag1__peptide_mean__P07858,0.0,0.0
lag1__peptide_mean__P07711,0.0,0.0
lag1__peptide_mean__P07602,0.0,0.0
lag1__peptide_mean__P07339,0.0,0.0
lag1__peptide_mean__P08603,0.0,0.0
lag1__peptide_std__P00450,0.0,0.0
lag1__peptide_std__P00441,0.0,0.0
lag1__peptide_std__O94919,0.0,0.0
lag1__peptide_std__O75144,0.0,0.0
lag1__peptide_std__O15394,0.0,0.0
lag1__peptide_std__O15240,0.0,0.0
lag1__peptide_std__O14773,0.0,0.0
lag1__peptide_std__O00584,0.0,0.0
lag1__peptide_std__O00533,0.0,0.0
lag1__peptide_mean__Q9Y6R7,0.0,0.0
lag1__peptide_mean__P60174,0.0,0.0
lag1__peptide_mean__Q9UNU6,0.0,0.0
lag1__peptide_mean__Q9UKV8,0.0,0.0
lag1__peptide_mean__Q9UHG2,0.0,0.0
lag1__peptide_mean__Q9UBX5,0.0,0.0
lag1__peptide_mean__Q9UBR2,0.0,0.0
lag1__peptide_mean__Q9NYU2,0.0,0.0
lag1__peptide_mean__Q9NQ79,0.0,0.0
lag1__peptide_mean__Q9HDC9,0.0,0.0
lag1__peptide_mean__Q9BY67,0.0,0.0
lag1__peptide_mean__Q99969,0.0,0.0
lag1__peptide_mean__Q9Y646,0.0,0.0
lag1__peptide_std__P02647,0.0,0.0
lag1__peptide_std__P02452,0.0,0.0
lag1__peptide_std__P01877,0.0,0.0
lag1__peptide_std__P01876,0.0,0.0
lag1__peptide_std__P01860,0.0,0.0
lag1__peptide_std__P01859,0.0,0.0
lag1__peptide_std__P01857,0.0,0.0
lag1__peptide_std__P01834,0.0,0.0
lag1__peptide_std__P01042,0.0,0.0
lag1__peptide_std__P01034,0.0,0.0
lag1__peptide_std__P00734,0.0,0.0
lag1__peptide_std__P01023,0.0,0.0
lag1__peptide_std__P01019,0.0,0.0
lag1__peptide_std__P01011,0.0,0.0
lag1__peptide_std__P01009,0.0,0.0
lag1__peptide_std__P01008,0.0,0.0
lag1__peptide_std__P00751,0.0,0.0
lag1__peptide_std__P00747,0.0,0.0
lag1__peptide_std__P00746,0.0,0.0
lag1__peptide_std__P00738,0.0,0.0
lag1__peptide_std__P00736,0.0,0.0
lag1__peptide_std__P01024,0.0,0.0
lag1__peptide_mean__Q15904,0.0,0.0
lag1__peptide_mean__Q14624,0.0,0.0
lag1__peptide_mean__Q14515,0.0,0.0
lag1__peptide_mean__Q14508,0.0,0.0
lag1__peptide_mean__Q14118,0.0,0.0
lag1__peptide_mean__Q13451,0.0,0.0
lag1__peptide_mean__Q13449,0.0,0.0
lag1__peptide_mean__Q13332,0.0,0.0
lag1__peptide_mean__Q13283,0.0,0.0
lag1__peptide_mean__Q12907,0.0,0.0
lag1__peptide_mean__Q99832,0.0,0.0
lag1__peptide_mean__Q12805,0.0,0.0
lag1__peptide_mean__Q08380,0.0,0.0
lag1__peptide_mean__Q06481,0.0,0.0
lag1__peptide_mean__Q02818,0.0,0.0
lag1__peptide_mean__P98160,0.0,0.0
lag1__peptide_mean__P80748,0.0,0.0
lag1__peptide_mean__P61916,0.0,0.0
lag1__peptide_mean__P61769,0.0,0.0
lag1__peptide_mean__P61626,0.0,0.0
lag1__peptide_mean__P61278,0.0,0.0
lag1__peptide_mean__Q12841,0.0,0.0
lag1__peptide_mean__Q99829,0.0,0.0
lag1__peptide_mean__Q99683,0.0,0.0
lag1__peptide_mean__Q99674,0.0,0.0
lag1__peptide_mean__Q99435,0.0,0.0
lag1__peptide_mean__Q96S96,0.0,0.0
lag1__peptide_mean__Q96PD5,0.0,0.0
lag1__peptide_mean__Q96KN2,0.0,0.0
lag1__peptide_mean__Q96BZ4,0.0,0.0
lag1__peptide_mean__Q92876,0.0,0.0
lag1__peptide_mean__Q92823,0.0,0.0
lag1__peptide_mean__Q16270,0.0,0.0
lag1__peptide_mean__Q8NE71,0.0,0.0
lag1__peptide_mean__Q8NBJ4,0.0,0.0
lag1__peptide_mean__Q8N2S1,0.0,0.0
lag1__peptide_mean__Q8IWV7,0.0,0.0
lag1__peptide_mean__Q7Z5P9,0.0,0.0
lag1__peptide_mean__Q7Z3B1,0.0,0.0
lag1__peptide_mean__Q6UXD5,0.0,0.0
lag1__peptide_mean__Q6UXB8,0.0,0.0
lag1__peptide_mean__Q6UX71,0.0,0.0
lag1__peptide_mean__Q562R1,0.0,0.0
lag1__peptide_mean__Q16610,0.0,0.0
lag1__peptide_mean__Q92520,0.0,0.0
lag1__protein_npx__Q6UXD5,0.0,0.0
lag1__protein_npx__Q6UXB8,0.0,0.0
lag1__protein_npx__Q6UX71,0.0,0.0
lag1__protein_npx__Q562R1,0.0,0.0
lag1__protein_npx__Q16610,0.0,0.0
lag1__protein_npx__Q16270,0.0,0.0
lag1__protein_npx__Q15904,0.0,0.0
lag1__protein_npx__Q14624,0.0,0.0
lag1__protein_npx__Q14515,0.0,0.0
lag1__protein_npx__Q14508,0.0,0.0
lag1__peptide_mean__P04196,0.0,0.0
lag1__protein_npx__Q13740,0.0,0.0
lag1__protein_npx__Q13451,0.0,0.0
lag1__protein_npx__Q13449,0.0,0.0
lag1__protein_npx__Q13332,0.0,0.0
lag1__protein_npx__Q13283,0.0,0.0
lag1__protein_npx__Q12907,0.0,0.0
lag1__protein_npx__Q12841,0.0,0.0
lag1__protein_npx__Q12805,0.0,0.0
lag1__protein_npx__Q08380,0.0,0.0
lag1__protein_npx__Q06481,0.0,0.0
lag1__protein_npx__Q14118,0.0,0.0
lag1__protein_npx__Q9NYU2,0.0,0.0
lag1__protein_npx__Q9NQ79,0.0,0.0
lag1__protein_npx__Q9HDC9,0.0,0.0
lag1__protein_npx__Q9BY67,0.0,0.0
lag1__protein_npx__Q99969,0.0,0.0
lag1__protein_npx__Q99832,0.0,0.0
lag1__protein_npx__Q99829,0.0,0.0
lag1__protein_npx__Q99683,0.0,0.0
lag1__protein_npx__Q99674,0.0,0.0
lag1__protein_npx__Q99435,0.0,0.0
lag1__protein_npx__Q7Z3B1,0.0,0.0
lag1__protein_npx__Q96PD5,0.0,0.0
lag1__protein_npx__Q96KN2,0.0,0.0
lag1__protein_npx__Q96BZ4,0.0,0.0
lag1__protein_npx__Q92876,0.0,0.0
lag1__protein_npx__Q92823,0.0,0.0
lag1__protein_npx__Q92520,0.0,0.0
lag1__protein_npx__Q8NE71,0.0,0.0
lag1__protein_npx__Q8NBJ4,0.0,0.0
lag1__protein_npx__Q8N2S1,0.0,0.0
lag1__protein_npx__Q7Z5P9,0.0,0.0
lag1__protein_npx__Q96S96,0.0,0.0
lag1__protein_npx__P30086,0.0,0.0
lag1__protein_npx__P27169,0.0,0.0
lag1__protein_npx__P25311,0.0,0.0
lag1__protein_npx__P24592,0.0,0.0
lag1__protein_npx__P23142,0.0,0.0
lag1__protein_npx__P23083,0.0,0.0
lag1__protein_npx__P20933,0.0,0.0
lag1__protein_npx__P20774,0.0,0.0
lag1__protein_npx__P19827,0.0,0.0
lag1__protein_npx__P19823,0.0,0.0
lag1__protein_npx__Q02818,0.0,0.0
lag1__protein_npx__P19021,0.0,0.0
lag1__protein_npx__P18065,0.0,0.0
lag1__protein_npx__P17936,0.0,0.0
lag1__protein_npx__P17174,0.0,0.0
lag1__protein_npx__P16870,0.0,0.0
lag1__protein_npx__P16152,0.0,0.0
lag1__protein_npx__P16070,0.0,0.0
lag1__protein_npx__P16035,0.0,0.0
lag1__protein_npx__P14618,0.0,0.0
lag1__protein_npx__P14314,0.0,0.0
lag1__protein_npx__P19652,0.0,0.0
lag1__protein_npx__P98160,0.0,0.0
lag1__protein_npx__P80748,0.0,0.0
lag1__protein_npx__P61916,0.0,0.0
lag1__protein_npx__P61769,0.0,0.0
lag1__protein_npx__P61626,0.0,0.0
lag1__protein_npx__P60174,0.0,0.0
lag1__protein_npx__P55290,0.0,0.0
lag1__protein_npx__P54289,0.0,0.0
lag1__protein_npx__P51884,0.0,0.0
lag1__protein_npx__P49908,0.0,0.0
lag1__protein_npx__P31997,0.0,0.0
lag1__protein_npx__P43652,0.0,0.0
lag1__protein_npx__P43251,0.0,0.0
lag1__protein_npx__P43121,0.0,0.0
lag1__protein_npx__P41222,0.0,0.0
lag1__protein_npx__P40925,0.0,0.0
lag1__protein_npx__P39060,0.0,0.0
lag1__protein_npx__P36980,0.0,0.0
lag1__protein_npx__P36955,0.0,0.0
lag1__protein_npx__P36222,0.0,0.0
lag1__protein_npx__P35542,0.0,0.0
lag1__protein_npx__P32754,0.0,0.0
lag1__protein_npx__P49588,0.0,0.0
lag1__peptide_mean__P02655,0.0,0.0
lag1__peptide_mean__P02652,0.0,0.0
lag1__peptide_mean__P02649,0.0,0.0
lag1__peptide_mean__P02647,0.0,0.0
lag1__peptide_mean__P02452,0.0,0.0
lag1__peptide_mean__P01877,0.0,0.0
lag1__peptide_mean__P01876,0.0,0.0
lag1__peptide_mean__P01861,0.0,0.0
lag1__peptide_mean__P01860,0.0,0.0
lag1__peptide_mean__P01859,0.0,0.0
lag1__protein_npx__Q9UBR2,0.0,0.0
lag1__peptide_mean__P01834,0.0,0.0
lag1__peptide_mean__P01833,0.0,0.0
lag1__peptide_mean__P01780,0.0,0.0
lag1__peptide_mean__P01717,0.0,0.0
lag1__peptide_mean__P01621,0.0,0.0
lag1__peptide_mean__P01608,0.0,0.0
lag1__peptide_mean__P01594,0.0,0.0
lag1__peptide_mean__P01591,0.0,0.0
lag1__peptide_mean__P01344,0.0,0.0
lag1__peptide_mean__P01042,0.0,0.0
lag1__peptide_mean__P01857,0.0,0.0
lag1__peptide_mean__P04180,0.0,0.0
lag1__peptide_mean__P04156,0.0,0.0
lag1__peptide_mean__P04075,0.0,0.0
lag1__peptide_mean__P04004,0.0,0.0
lag1__peptide_mean__P02792,0.0,0.0
lag1__peptide_mean__P02790,0.0,0.0
lag1__peptide_mean__P02787,0.0,0.0
lag1__peptide_mean__P02774,0.0,0.0
lag1__peptide_mean__P02768,0.0,0.0
lag1__peptide_mean__P02765,0.0,0.0
lag1__peptide_mean__P02656,0.0,0.0
lag1__peptide_mean__P02760,0.0,0.0
lag1__peptide_mean__P02753,0.0,0.0
lag1__peptide_mean__P02751,0.0,0.0
lag1__peptide_mean__P02750,0.0,0.0
lag1__peptide_mean__P02749,0.0,0.0
lag1__peptide_mean__P02748,0.0,0.0
lag1__peptide_mean__P02747,0.0,0.0
lag1__peptide_mean__P02679,0.0,0.0
lag1__peptide_mean__P02675,0.0,0.0
lag1__peptide_mean__P02671,0.0,0.0
lag1__peptide_mean__P02763,0.0,0.0
lag1__peptide_mean__O15240,0.0,0.0
lag1__peptide_mean__O14791,0.0,0.0
lag1__peptide_mean__O14773,0.0,0.0
lag1__peptide_mean__O14498,0.0,0.0
lag1__peptide_mean__O00584,0.0,0.0
lag1__peptide_mean__O00533,0.0,0.0
lag1__peptide_mean__O00391,0.0,0.0
lag1__peptide_observation_count,0.0,0.0
lag1__peptide_abundance_sum,0.0,0.0
lag1__peptide_abundance_max,0.0,0.0
lag1__peptide_mean__P01034,0.0,0.0
lag1__peptide_abundance_std,0.0,0.0
lag1__peptide_abundance_mean,0.0,0.0
lag1__protein_missing_fraction,0.0,0.0
lag1__protein_feature_count,0.0,0.0
lag1__protein_npx__Q9Y6R7,0.0,0.0
lag1__protein_npx__Q9Y646,0.0,0.0
lag1__protein_npx__Q9UNU6,0.0,0.0
lag1__protein_npx__Q9UKV8,0.0,0.0
lag1__protein_npx__Q9UHG2,0.0,0.0
lag1__protein_npx__Q9UBX5,0.0,0.0
lag1__peptide_abundance_min,0.0,0.0
lag1__peptide_mean__P01033,0.0,0.0
lag1__peptide_mean__P01031,0.0,0.0
lag1__peptide_mean__P01024,0.0,0.0
lag1__peptide_mean__P01023,0.0,0.0
lag1__peptide_mean__P01019,0.0,0.0
lag1__peptide_mean__P01011,0.0,0.0
lag1__peptide_mean__P01009,0.0,0.0
lag1__peptide_mean__P01008,0.0,0.0
lag1__peptide_mean__P00751,0.0,0.0
lag1__peptide_mean__P00748,0.0,0.0
lag1__peptide_mean__O15394,0.0,0.0
lag1__peptide_mean__P00746,0.0,0.0
lag1__peptide_mean__P00738,0.0,0.0
lag1__peptide_mean__P00736,0.0,0.0
lag1__peptide_mean__P00734,0.0,0.0
lag1__peptide_mean__P00450,0.0,0.0
lag1__peptide_mean__P00441,0.0,0.0
lag1__peptide_mean__O94919,0.0,0.0
lag1__peptide_mean__O75326,0.0,0.0
lag1__peptide_mean__O75144,0.0,0.0
lag1__peptide_mean__O60888,0.0,0.0
lag1__peptide_mean__O43505,0.0,0.0
lag1__peptide_mean__P00747,0.0,0.0
peptide_mean__O94919,0.0,0.0
peptide_mean__O75326,0.0,0.0
peptide_mean__O75144,0.0,0.0
peptide_mean__O60888,0.0,0.0
peptide_mean__O43505,0.0,0.0
peptide_mean__O15394,0.0,0.0
peptide_mean__O15240,0.0,0.0
peptide_mean__O14791,0.0,0.0
peptide_mean__O14773,0.0,0.0
peptide_mean__O14498,0.0,0.0
peptide_count__P14314,0.0,0.0
peptide_mean__O00391,0.0,0.0
peptide_observation_count,0.0,0.0
peptide_abundance_sum,0.0,0.0
peptide_abundance_max,0.0,0.0
peptide_abundance_min,0.0,0.0
peptide_abundance_std,0.0,0.0
peptide_abundance_mean,0.0,0.0
protein_missing_fraction,0.0,0.0
protein_feature_count,0.0,0.0
protein_npx__Q9Y6R7,0.0,0.0
peptide_mean__O00533,0.0,0.0
peptide_mean__P01594,0.0,0.0
peptide_mean__P01591,0.0,0.0
peptide_mean__P01344,0.0,0.0
peptide_mean__P01042,0.0,0.0
peptide_mean__P01034,0.0,0.0
peptide_mean__P01033,0.0,0.0
peptide_mean__P01031,0.0,0.0
peptide_mean__P01024,0.0,0.0
peptide_mean__P01023,0.0,0.0
peptide_mean__P01019,0.0,0.0
peptide_mean__P00441,0.0,0.0
peptide_mean__P01009,0.0,0.0
peptide_mean__P01008,0.0,0.0
peptide_mean__P00751,0.0,0.0
peptide_mean__P00748,0.0,0.0
peptide_mean__P00747,0.0,0.0
peptide_mean__P00746,0.0,0.0
peptide_mean__P00738,0.0,0.0
peptide_mean__P00736,0.0,0.0
peptide_mean__P00734,0.0,0.0
peptide_mean__P00450,0.0,0.0
peptide_mean__P01011,0.0,0.0
protein_npx__Q8NBJ4,0.0,0.0
protein_npx__Q8N2S1,0.0,0.0
protein_npx__Q8IWV7,0.0,0.0
protein_npx__Q7Z5P9,0.0,0.0
protein_npx__Q7Z3B1,0.0,0.0
protein_npx__Q6UXD5,0.0,0.0
protein_npx__Q6UXB8,0.0,0.0
protein_npx__Q6UX71,0.0,0.0
protein_npx__Q562R1,0.0,0.0
protein_npx__Q16610,0.0,0.0
protein_npx__Q9Y646,0.0,0.0
protein_npx__Q15904,0.0,0.0
protein_npx__Q14624,0.0,0.0
protein_npx__Q14515,0.0,0.0
protein_npx__Q14508,0.0,0.0
protein_npx__Q14118,0.0,0.0
protein_npx__Q13740,0.0,0.0
protein_npx__Q13451,0.0,0.0
protein_npx__Q13449,0.0,0.0
protein_npx__Q13332,0.0,0.0
protein_npx__Q13283,0.0,0.0
protein_npx__Q16270,0.0,0.0
protein_npx__Q9UNU6,0.0,0.0
protein_npx__Q9UKV8,0.0,0.0
protein_npx__Q9UHG2,0.0,0.0
protein_npx__Q9UBX5,0.0,0.0
protein_npx__Q9UBR2,0.0,0.0
protein_npx__Q9NYU2,0.0,0.0
protein_npx__Q9NQ79,0.0,0.0
protein_npx__Q9HDC9,0.0,0.0
protein_npx__Q9BY67,0.0,0.0
protein_npx__Q99969,0.0,0.0
protein_npx__Q8NE71,0.0,0.0
protein_npx__Q99829,0.0,0.0
protein_npx__Q99683,0.0,0.0
protein_npx__Q99674,0.0,0.0
protein_npx__Q99435,0.0,0.0
protein_npx__Q96S96,0.0,0.0
protein_npx__Q96PD5,0.0,0.0
protein_npx__Q96KN2,0.0,0.0
protein_npx__Q96BZ4,0.0,0.0
protein_npx__Q92876,0.0,0.0
protein_npx__Q92823,0.0,0.0
protein_npx__Q92520,0.0,0.0
protein_npx__Q99832,0.0,0.0
peptide_mean__P07858,0.0,0.0
peptide_mean__P07711,0.0,0.0
peptide_mean__P07602,0.0,0.0
peptide_mean__P07339,0.0,0.0
peptide_mean__P07333,0.0,0.0
peptide_mean__P07225,0.0,0.0
peptide_mean__P07195,0.0,0.0
peptide_mean__P06727,0.0,0.0
peptide_mean__P06681,0.0,0.0
peptide_mean__P06454,0.0,0.0
peptide_mean__P01608,0.0,0.0
peptide_mean__P06310,0.0,0.0
peptide_mean__P05546,0.0,0.0
peptide_mean__P05452,0.0,0.0
peptide_mean__P05408,0.0,0.0
peptide_mean__P05156,0.0,0.0
peptide_mean__P05155,0.0,0.0
peptide_mean__P05090,0.0,0.0
peptide_mean__P05067,0.0,0.0
peptide_mean__P05060,0.0,0.0
peptide_mean__P04433,0.0,0.0
peptide_mean__P06396,0.0,0.0
peptide_mean__P13521,0.0,0.0
peptide_mean__P13473,0.0,0.0
peptide_mean__P12109,0.0,0.0
peptide_mean__P11277,0.0,0.0
peptide_mean__P11142,0.0,0.0
peptide_mean__P10909,0.0,0.0
peptide_mean__P10645,0.0,0.0
peptide_mean__P10643,0.0,0.0
peptide_mean__P10451,0.0,0.0
peptide_mean__P09871,0.0,0.0
peptide_mean__P07998,0.0,0.0
peptide_mean__P09104,0.0,0.0
peptide_mean__P08697,0.0,0.0
peptide_mean__P08637,0.0,0.0
peptide_mean__P08603,0.0,0.0
peptide_mean__P08571,0.0,0.0
peptide_mean__P08493,0.0,0.0
peptide_mean__P08294,0.0,0.0
peptide_mean__P08253,0.0,0.0
peptide_mean__P08133,0.0,0.0
peptide_mean__P08123,0.0,0.0
peptide_mean__P09486,0.0,0.0
peptide_mean__P02748,0.0,0.0
peptide_mean__P02747,0.0,0.0
peptide_mean__P02679,0.0,0.0
peptide_mean__P02675,0.0,0.0
peptide_mean__P02671,0.0,0.0
peptide_mean__P02656,0.0,0.0
peptide_mean__P02652,0.0,0.0
peptide_mean__P02649,0.0,0.0
peptide_mean__P02647,0.0,0.0
peptide_mean__P02452,0.0,0.0
peptide_mean__P04406,0.0,0.0
peptide_mean__P01876,0.0,0.0
peptide_mean__P01861,0.0,0.0
peptide_mean__P01860,0.0,0.0
peptide_mean__P01859,0.0,0.0
peptide_mean__P01857,0.0,0.0
peptide_mean__P01834,0.0,0.0
peptide_mean__P01833,0.0,0.0
peptide_mean__P01780,0.0,0.0
peptide_mean__P01717,0.0,0.0
peptide_mean__P01621,0.0,0.0
peptide_mean__P01877,0.0,0.0
peptide_mean__P04275,0.0,0.0
peptide_mean__P04217,0.0,0.0
peptide_mean__P04216,0.0,0.0
peptide_mean__P04211,0.0,0.0
peptide_mean__P04207,0.0,0.0
peptide_mean__P04196,0.0,0.0
peptide_mean__P04180,0.0,0.0
peptide_mean__P04156,0.0,0.0
peptide_mean__P04075,0.0,0.0
peptide_mean__P04004,0.0,0.0
peptide_mean__P02749,0.0,0.0
peptide_mean__P02790,0.0,0.0
peptide_mean__P02787,0.0,0.0
peptide_mean__P02774,0.0,0.0
peptide_mean__P02768,0.0,0.0
peptide_mean__P02766,0.0,0.0
peptide_mean__P02765,0.0,0.0
peptide_mean__P02763,0.0,0.0
peptide_mean__P02760,0.0,0.0
peptide_mean__P02753,0.0,0.0
peptide_mean__P02751,0.0,0.0
peptide_mean__P02750,0.0,0.0
peptide_mean__P02792,0.0,0.0
protein_npx__P02768,0.0,0.0
protein_npx__P02765,0.0,0.0
protein_npx__P02763,0.0,0.0
protein_npx__P02760,0.0,0.0
protein_npx__P02753,0.0,0.0
protein_npx__P02751,0.0,0.0
protein_npx__P02750,0.0,0.0
protein_npx__P02749,0.0,0.0
protein_npx__P02748,0.0,0.0
protein_npx__P02747,0.0,0.0
protein_npx__Q12907,0.0,0.0
protein_npx__P02675,0.0,0.0
protein_npx__P02671,0.0,0.0
protein_npx__P02656,0.0,0.0
protein_npx__P02655,0.0,0.0
protein_npx__P02652,0.0,0.0
protein_npx__P02649,0.0,0.0
protein_npx__P02647,0.0,0.0
protein_npx__P02452,0.0,0.0
protein_npx__P01877,0.0,0.0
protein_npx__P01876,0.0,0.0
protein_npx__O00533,0.0,0.0
protein_npx__P05408,0.0,0.0
protein_npx__P05156,0.0,0.0
protein_npx__P05155,0.0,0.0
protein_npx__P05090,0.0,0.0
protein_npx__P05067,0.0,0.0
protein_npx__P05060,0.0,0.0
protein_npx__P04433,0.0,0.0
protein_npx__P04406,0.0,0.0
protein_npx__P04275,0.0,0.0
protein_npx__P04217,0.0,0.0
protein_npx__P02774,0.0,0.0
protein_npx__P04211,0.0,0.0
protein_npx__P04207,0.0,0.0
protein_npx__P04196,0.0,0.0
protein_npx__P04180,0.0,0.0
protein_npx__P04156,0.0,0.0
protein_npx__P04075,0.0,0.0
protein_npx__P04004,0.0,0.0
protein_npx__P02792,0.0,0.0
protein_npx__P02790,0.0,0.0
protein_npx__P02787,0.0,0.0
protein_npx__P04216,0.0,0.0
missing__peptide_log__VKDLATVYVDVLK,0.0,0.0
protein_npx__P02679,0.0,0.0
missing__peptide_log__RLEGQEEEEDNRDSSMK,0.0,0.0
protein_npx__P01009,0.0,0.0
protein_npx__P01008,0.0,0.0
protein_npx__P00751,0.0,0.0
protein_npx__P00748,0.0,0.0
protein_npx__P00747,0.0,0.0
protein_npx__P00746,0.0,0.0
protein_npx__P00738,0.0,0.0
protein_npx__P01861,0.0,0.0
protein_npx__P00734,0.0,0.0
protein_npx__P00450,0.0,0.0
protein_npx__P00441,0.0,0.0
protein_npx__O94919,0.0,0.0
protein_npx__O75326,0.0,0.0
protein_npx__O75144,0.0,0.0
protein_npx__O60888,0.0,0.0
protein_npx__O43505,0.0,0.0
protein_npx__O15394,0.0,0.0
protein_npx__O15240,0.0,0.0
protein_npx__P00736,0.0,0.0
protein_npx__P01860,0.0,0.0
protein_npx__P01859,0.0,0.0
protein_npx__P01857,0.0,0.0
protein_npx__P01834,0.0,0.0
protein_npx__P01833,0.0,0.0
protein_npx__P01780,0.0,0.0
protein_npx__P01717,0.0,0.0
protein_npx__P01621,0.0,0.0
protein_npx__P01608,0.0,0.0
protein_npx__P01594,0.0,0.0
missing__peptide_log__TSPVDEKALQDQLVLVAAK,0.0,0.0
protein_npx__P01344,0.0,0.0
protein_npx__O14773,0.0,0.0
protein_npx__P01034,0.0,0.0
protein_npx__P01033,0.0,0.0
protein_npx__P01031,0.0,0.0
protein_npx__P01024,0.0,0.0
protein_npx__P01023,0.0,0.0
protein_npx__P01019,0.0,0.0
protein_npx__P01011,0.0,0.0
missing__has_previous_visit,0.0,0.0
protein_npx__P01042,0.0,0.0
protein_npx__P01591,0.0,0.0
protein_npx__P39060,0.0,0.0
protein_npx__P36980,0.0,0.0
protein_npx__P36955,0.0,0.0
protein_npx__P36222,0.0,0.0
protein_npx__P35542,0.0,0.0
protein_npx__P32754,0.0,0.0
protein_npx__P31997,0.0,0.0
protein_npx__P30086,0.0,0.0
protein_npx__P27169,0.0,0.0
protein_npx__P25311,0.0,0.0
protein_npx__P05452,0.0,0.0
protein_npx__P23142,0.0,0.0
protein_npx__P20933,0.0,0.0
protein_npx__P20774,0.0,0.0
protein_npx__P19827,0.0,0.0
protein_npx__P19823,0.0,0.0
protein_npx__P19652,0.0,0.0
protein_npx__P19021,0.0,0.0
protein_npx__P18065,0.0,0.0
protein_npx__P17936,0.0,0.0
protein_npx__P17174,0.0,0.0
protein_npx__P24592,0.0,0.0
protein_npx__Q12841,0.0,0.0
protein_npx__Q12805,0.0,0.0
protein_npx__Q08380,0.0,0.0
protein_npx__Q06481,0.0,0.0
protein_npx__Q02818,0.0,0.0
protein_npx__P98160,0.0,0.0
protein_npx__P80748,0.0,0.0
protein_npx__P61916,0.0,0.0
protein_npx__P61769,0.0,0.0
protein_npx__P61626,0.0,0.0
protein_npx__P40925,0.0,0.0
protein_npx__P60174,0.0,0.0
protein_npx__P55290,0.0,0.0
protein_npx__P54289,0.0,0.0
protein_npx__P51884,0.0,0.0
protein_npx__P49908,0.0,0.0
protein_npx__P49588,0.0,0.0
protein_npx__P43652,0.0,0.0
protein_npx__P43251,0.0,0.0
protein_npx__P43121,0.0,0.0
protein_npx__P41222,0.0,0.0
protein_npx__P61278,0.0,0.0
protein_npx__P08603,0.0,0.0
protein_npx__P08571,0.0,0.0
protein_npx__P08493,0.0,0.0
protein_npx__P08294,0.0,0.0
protein_npx__P08253,0.0,0.0
protein_npx__P08133,0.0,0.0
protein_npx__P08123,0.0,0.0
protein_npx__P07998,0.0,0.0
protein_npx__P07858,0.0,0.0
protein_npx__P07711,0.0,0.0
protein_npx__P16870,0.0,0.0
protein_npx__P07339,0.0,0.0
protein_npx__P07333,0.0,0.0
protein_npx__P07225,0.0,0.0
protein_npx__P07195,0.0,0.0
protein_npx__P06727,0.0,0.0
protein_npx__P06681,0.0,0.0
protein_npx__P06454,0.0,0.0
protein_npx__P06396,0.0,0.0
protein_npx__P06310,0.0,0.0
protein_npx__P05546,0.0,0.0
protein_npx__P07602,0.0,0.0
protein_npx__P16152,0.0,0.0
protein_npx__P16070,0.0,0.0
protein_npx__P16035,0.0,0.0
protein_npx__P14618,0.0,0.0
protein_npx__P14314,0.0,0.0
protein_npx__P14174,0.0,0.0
protein_npx__P13987,0.0,0.0
protein_npx__P13671,0.0,0.0
protein_npx__P13611,0.0,0.0
protein_npx__P13591,0.0,0.0
protein_npx__P08637,0.0,0.0
protein_npx__P13473,0.0,0.0
protein_npx__P12109,0.0,0.0
protein_npx__P11277,0.0,0.0
protein_npx__P10909,0.0,0.0
protein_npx__P10645,0.0,0.0
protein_npx__P10643,0.0,0.0
protein_npx__P10451,0.0,0.0
protein_npx__P09871,0.0,0.0
protein_npx__P09486,0.0,0.0
protein_npx__P09104,0.0,0.0
protein_npx__P08697,0.0,0.0
protein_npx__P13521,0.0,0.0
peptide_count__P00738,0.0,0.0
peptide_count__P00736,0.0,0.0
peptide_count__P00734,0.0,0.0
peptide_count__P00450,0.0,0.0
peptide_count__P00441,0.0,0.0
peptide_count__O94919,0.0,0.0
peptide_count__O75326,0.0,0.0
peptide_count__O75144,0.0,0.0
peptide_count__O60888,0.0,0.0
peptide_count__O43505,0.0,0.0
peptide_mean__P13591,0.0,0.0
peptide_count__O15240,0.0,0.0
peptide_count__O14791,0.0,0.0
peptide_count__O14773,0.0,0.0
peptide_count__O14498,0.0,0.0
peptide_count__O00584,0.0,0.0
peptide_count__O00533,0.0,0.0
peptide_count__O00391,0.0,0.0
peptide_std__Q9Y6R7,0.0,0.0
peptide_std__Q9UHG2,0.0,0.0
peptide_std__Q9UBX5,0.0,0.0
peptide_count__O15394,0.0,0.0
peptide_count__P01833,0.0,0.0
peptide_count__P01780,0.0,0.0
peptide_count__P01717,0.0,0.0
peptide_count__P01621,0.0,0.0
peptide_count__P01608,0.0,0.0
peptide_count__P01594,0.0,0.0
peptide_count__P01591,0.0,0.0
peptide_count__P01344,0.0,0.0
peptide_count__P01042,0.0,0.0
peptide_count__P01034,0.0,0.0
peptide_count__P00746,0.0,0.0
peptide_count__P01031,0.0,0.0
peptide_count__P01024,0.0,0.0
peptide_count__P01023,0.0,0.0
peptide_count__P01019,0.0,0.0
peptide_count__P01011,0.0,0.0
peptide_count__P01009,0.0,0.0
peptide_count__P01008,0.0,0.0
peptide_count__P00751,0.0,0.0
peptide_count__P00748,0.0,0.0
peptide_count__P00747,0.0,0.0
peptide_count__P01033,0.0,0.0
peptide_std__P39060,0.0,0.0
peptide_std__P36955,0.0,0.0
peptide_std__P30086,0.0,0.0
peptide_std__P27169,0.0,0.0
peptide_std__P25311,0.0,0.0
peptide_std__P24592,0.0,0.0
peptide_std__P23142,0.0,0.0
peptide_std__P20774,0.0,0.0
peptide_std__P19823,0.0,0.0
peptide_std__P19652,0.0,0.0
peptide_std__Q9NQ79,0.0,0.0
peptide_std__P17174,0.0,0.0
peptide_std__P16870,0.0,0.0
peptide_std__P16070,0.0,0.0
peptide_std__P16035,0.0,0.0
peptide_std__P14618,0.0,0.0
peptide_std__P14314,0.0,0.0
peptide_std__P13987,0.0,0.0
peptide_std__P13611,0.0,0.0
peptide_std__P13591,0.0,0.0
peptide_std__P12109,0.0,0.0
peptide_std__P18065,0.0,0.0
peptide_std__Q96PD5,0.0,0.0
peptide_std__Q96KN2,0.0,0.0
peptide_std__Q92876,0.0,0.0
peptide_std__Q92823,0.0,0.0
peptide_std__Q92520,0.0,0.0
peptide_std__Q16270,0.0,0.0
peptide_std__Q14515,0.0,0.0
peptide_std__Q14118,0.0,0.0
peptide_std__Q13740,0.0,0.0
peptide_std__Q12907,0.0,0.0
peptide_std__P41222,0.0,0.0
peptide_std__Q12805,0.0,0.0
peptide_std__Q08380,0.0,0.0
peptide_std__Q06481,0.0,0.0
peptide_std__P98160,0.0,0.0
peptide_std__P61916,0.0,0.0
peptide_std__P61769,0.0,0.0
peptide_std__P55290,0.0,0.0
peptide_std__P54289,0.0,0.0
peptide_std__P51884,0.0,0.0
peptide_std__P43652,0.0,0.0
peptide_std__P43121,0.0,0.0
peptide_std__Q12841,0.0,0.0
peptide_count__P08253,0.0,0.0
peptide_count__P08133,0.0,0.0
peptide_count__P08123,0.0,0.0
peptide_count__P07998,0.0,0.0
peptide_count__P07858,0.0,0.0
peptide_count__P07711,0.0,0.0
peptide_count__P07602,0.0,0.0
peptide_count__P07339,0.0,0.0
peptide_count__P07333,0.0,0.0
peptide_count__P07225,0.0,0.0
peptide_count__P01834,0.0,0.0
peptide_count__P06727,0.0,0.0
peptide_count__P06681,0.0,0.0
peptide_count__P06454,0.0,0.0
peptide_count__P06396,0.0,0.0
peptide_count__P06310,0.0,0.0
peptide_count__P05546,0.0,0.0
peptide_count__P05452,0.0,0.0
peptide_count__P05408,0.0,0.0
peptide_count__P05156,0.0,0.0
peptide_count__P05155,0.0,0.0
peptide_count__P07195,0.0,0.0
peptide_count__P14174,0.0,0.0
peptide_count__P13987,0.0,0.0
peptide_count__P13671,0.0,0.0
peptide_count__P13611,0.0,0.0
peptide_count__P13591,0.0,0.0
peptide_count__P13521,0.0,0.0
peptide_count__P13473,0.0,0.0
peptide_count__P12109,0.0,0.0
peptide_count__P11277,0.0,0.0
peptide_count__P11142,0.0,0.0
peptide_count__P08294,0.0,0.0
peptide_count__P10645,0.0,0.0
peptide_count__P10643,0.0,0.0
peptide_count__P10451,0.0,0.0
peptide_count__P09871,0.0,0.0
peptide_count__P09104,0.0,0.0
peptide_count__P08697,0.0,0.0
peptide_count__P08637,0.0,0.0
peptide_count__P08603,0.0,0.0
peptide_count__P08571,0.0,0.0
peptide_count__P08493,0.0,0.0
peptide_count__P10909,0.0,0.0
peptide_count__P02753,0.0,0.0
peptide_count__P02751,0.0,0.0
peptide_count__P02750,0.0,0.0
peptide_count__P02749,0.0,0.0
peptide_count__P02748,0.0,0.0
peptide_count__P02747,0.0,0.0
peptide_count__P02679,0.0,0.0
peptide_count__P02675,0.0,0.0
peptide_count__P02671,0.0,0.0
peptide_count__P02656,0.0,0.0
peptide_count__P05090,0.0,0.0
peptide_count__P02652,0.0,0.0
peptide_count__P02649,0.0,0.0
peptide_count__P02647,0.0,0.0
peptide_count__P02452,0.0,0.0
peptide_count__P01877,0.0,0.0
peptide_count__P01876,0.0,0.0
peptide_count__P01861,0.0,0.0
peptide_count__P01860,0.0,0.0
peptide_count__P01859,0.0,0.0
peptide_count__P01857,0.0,0.0
peptide_count__P02655,0.0,0.0
peptide_count__P05067,0.0,0.0
peptide_count__P05060,0.0,0.0
peptide_count__P04433,0.0,0.0
peptide_count__P04406,0.0,0.0
peptide_count__P04275,0.0,0.0
peptide_count__P04217,0.0,0.0
peptide_count__P04216,0.0,0.0
peptide_count__P04211,0.0,0.0
peptide_count__P04207,0.0,0.0
peptide_count__P04196,0.0,0.0
peptide_count__P02760,0.0,0.0
peptide_count__P04156,0.0,0.0
peptide_count__P04075,0.0,0.0
peptide_count__P04004,0.0,0.0
peptide_count__P02792,0.0,0.0
peptide_count__P02790,0.0,0.0
peptide_count__P02787,0.0,0.0
peptide_count__P02774,0.0,0.0
peptide_count__P02768,0.0,0.0
peptide_count__P02766,0.0,0.0
peptide_count__P02765,0.0,0.0
peptide_count__P02763,0.0,0.0
peptide_count__P04180,0.0,0.0
peptide_mean__Q6UX71,0.0,0.0
peptide_mean__Q562R1,0.0,0.0
peptide_mean__Q16610,0.0,0.0
peptide_mean__Q16270,0.0,0.0
peptide_mean__Q14624,0.0,0.0
peptide_mean__Q14515,0.0,0.0
peptide_mean__Q14508,0.0,0.0
peptide_mean__Q14118,0.0,0.0
peptide_mean__Q13740,0.0,0.0
peptide_mean__Q13451,0.0,0.0
peptide_std__P10909,0.0,0.0
peptide_mean__Q13332,0.0,0.0
peptide_mean__Q13283,0.0,0.0
peptide_mean__Q12841,0.0,0.0
peptide_mean__Q12805,0.0,0.0
peptide_mean__Q08380,0.0,0.0
peptide_mean__Q06481,0.0,0.0
peptide_mean__Q02818,0.0,0.0
peptide_mean__P98160,0.0,0.0
peptide_mean__P80748,0.0,0.0
peptide_mean__P61916,0.0,0.0
peptide_mean__Q13449,0.0,0.0
peptide_mean__Q9BY67,0.0,0.0
peptide_mean__Q99969,0.0,0.0
peptide_mean__Q99832,0.0,0.0
peptide_mean__Q99829,0.0,0.0
peptide_mean__Q99683,0.0,0.0
peptide_mean__Q99674,0.0,0.0
peptide_mean__Q99435,0.0,0.0
peptide_mean__Q96S96,0.0,0.0
peptide_mean__Q96PD5,0.0,0.0
peptide_mean__Q96KN2,0.0,0.0
peptide_mean__Q6UXB8,0.0,0.0
peptide_mean__Q92876,0.0,0.0
peptide_mean__Q92823,0.0,0.0
peptide_mean__Q92520,0.0,0.0
peptide_mean__Q8NE71,0.0,0.0
peptide_mean__Q8NBJ4,0.0,0.0
peptide_mean__Q8N2S1,0.0,0.0
peptide_mean__Q8IWV7,0.0,0.0
peptide_mean__Q7Z5P9,0.0,0.0
peptide_mean__Q7Z3B1,0.0,0.0
peptide_mean__Q6UXD5,0.0,0.0
peptide_mean__Q96BZ4,0.0,0.0
peptide_mean__P23142,0.0,0.0
peptide_mean__P23083,0.0,0.0
peptide_mean__P20933,0.0,0.0
peptide_mean__P20774,0.0,0.0
peptide_mean__P19827,0.0,0.0
peptide_mean__P19823,0.0,0.0
peptide_mean__P19652,0.0,0.0
peptide_mean__P19021,0.0,0.0
peptide_mean__P18065,0.0,0.0
peptide_mean__P17936,0.0,0.0
peptide_mean__P61769,0.0,0.0
peptide_mean__P16870,0.0,0.0
peptide_mean__P16152,0.0,0.0
peptide_mean__P16070,0.0,0.0
peptide_mean__P16035,0.0,0.0
peptide_mean__P14618,0.0,0.0
peptide_mean__P14314,0.0,0.0
peptide_mean__P14174,0.0,0.0
peptide_mean__P13987,0.0,0.0
peptide_mean__P13671,0.0,0.0
peptide_mean__P13611,0.0,0.0
peptide_mean__P17174,0.0,0.0
peptide_mean__P61626,0.0,0.0
peptide_mean__P60174,0.0,0.0
peptide_mean__P55290,0.0,0.0
peptide_mean__P54289,0.0,0.0
peptide_mean__P51884,0.0,0.0
peptide_mean__P49908,0.0,0.0
peptide_mean__P49588,0.0,0.0
peptide_mean__P43652,0.0,0.0
peptide_mean__P43251,0.0,0.0
peptide_mean__P43121,0.0,0.0
peptide_mean__P24592,0.0,0.0
peptide_mean__P40925,0.0,0.0
peptide_mean__P39060,0.0,0.0
peptide_mean__P36980,0.0,0.0
peptide_mean__P36955,0.0,0.0
peptide_mean__P36222,0.0,0.0
peptide_mean__P35542,0.0,0.0
peptide_mean__P32754,0.0,0.0
peptide_mean__P31997,0.0,0.0
peptide_mean__P30086,0.0,0.0
peptide_mean__P27169,0.0,0.0
peptide_mean__P25311,0.0,0.0
peptide_mean__P41222,0.0,0.0
peptide_std__P05060,0.0,0.0
peptide_std__P04433,0.0,0.0
peptide_std__P04217,0.0,0.0
peptide_std__P04196,0.0,0.0
peptide_std__P04180,0.0,0.0
peptide_std__P04075,0.0,0.0
peptide_std__P04004,0.0,0.0
peptide_std__P02790,0.0,0.0
peptide_std__P02787,0.0,0.0
peptide_std__P02774,0.0,0.0
peptide_mean__Q9HDC9,0.0,0.0
peptide_std__P02766,0.0,0.0
peptide_std__P02765,0.0,0.0
peptide_std__P02763,0.0,0.0
peptide_std__P02760,0.0,0.0
peptide_std__P02753,0.0,0.0
peptide_std__P02751,0.0,0.0
peptide_std__P02750,0.0,0.0
peptide_std__P02749,0.0,0.0
peptide_std__P02748,0.0,0.0
peptide_std__P02747,0.0,0.0
peptide_std__P02768,0.0,0.0
peptide_std__P10645,0.0,0.0
peptide_std__P10643,0.0,0.0
peptide_std__P09871,0.0,0.0
peptide_std__P08697,0.0,0.0
peptide_std__P08603,0.0,0.0
peptide_std__P08571,0.0,0.0
peptide_std__P08493,0.0,0.0
peptide_std__P08294,0.0,0.0
peptide_std__P07998,0.0,0.0
peptide_std__P07711,0.0,0.0
peptide_std__P05067,0.0,0.0
peptide_std__P07339,0.0,0.0
peptide_std__P07225,0.0,0.0
peptide_std__P06727,0.0,0.0
peptide_std__P06681,0.0,0.0
peptide_std__P06396,0.0,0.0
peptide_std__P05546,0.0,0.0
peptide_std__P05452,0.0,0.0
peptide_std__P05156,0.0,0.0
peptide_std__P05155,0.0,0.0
peptide_std__P05090,0.0,0.0
peptide_std__P07602,0.0,0.0
peptide_std__P00747,0.0,0.0
peptide_std__P00746,0.0,0.0
peptide_std__P00736,0.0,0.0
peptide_std__P00734,0.0,0.0
peptide_std__P00450,0.0,0.0
peptide_std__P00441,0.0,0.0
peptide_std__O94919,0.0,0.0
peptide_std__O75144,0.0,0.0
peptide_std__O15394,0.0,0.0
peptide_std__O15240,0.0,0.0
peptide_std__P02679,0.0,0.0
peptide_std__O00584,0.0,0.0
peptide_mean__Q9Y6R7,0.0,0.0
peptide_mean__Q9Y646,0.0,0.0
peptide_mean__Q9UNU6,0.0,0.0
peptide_mean__Q9UKV8,0.0,0.0
peptide_mean__Q9UHG2,0.0,0.0
peptide_mean__Q9UBX5,0.0,0.0
peptide_mean__Q9UBR2,0.0,0.0
peptide_mean__Q9NYU2,0.0,0.0
peptide_mean__Q9NQ79,0.0,0.0
peptide_std__O14773,0.0,0.0
peptide_std__P02675,0.0,0.0
peptide_std__P02671,0.0,0.0
peptide_std__P02656,0.0,0.0
peptide_std__P02652,0.0,0.0
peptide_std__P02649,0.0,0.0
peptide_std__P02647,0.0,0.0
peptide_std__P02452,0.0,0.0
peptide_std__P01877,0.0,0.0
peptide_std__P01876,0.0,0.0
peptide_std__P01860,0.0,0.0
peptide_std__P00748,0.0,0.0
peptide_std__P01857,0.0,0.0
peptide_std__P01834,0.0,0.0
peptide_std__P01042,0.0,0.0
peptide_std__P01034,0.0,0.0
peptide_std__P01024,0.0,0.0
peptide_std__P01023,0.0,0.0
peptide_std__P01019,0.0,0.0
peptide_std__P01011,0.0,0.0
peptide_std__P01009,0.0,0.0
peptide_std__P01008,0.0,0.0
peptide_std__P00751,0.0,0.0
peptide_std__P01859,0.0,0.0
delta1__peptide_std__P04433,0.0,0.0
delta1__peptide_std__P04217,0.0,0.0
delta1__peptide_std__P04196,0.0,0.0
delta1__peptide_std__P04180,0.0,0.0
delta1__peptide_std__P04075,0.0,0.0
delta1__peptide_std__P04004,0.0,0.0
delta1__peptide_std__P02790,0.0,0.0
delta1__peptide_std__P02787,0.0,0.0
delta1__peptide_std__P02774,0.0,0.0
delta1__peptide_std__P02768,0.0,0.0
lag1__peptide_std__P02649,0.0,0.0
delta1__peptide_std__P02765,0.0,0.0
delta1__peptide_std__P02760,0.0,0.0
delta1__peptide_std__P02753,0.0,0.0
delta1__peptide_std__P02751,0.0,0.0
delta1__peptide_std__P02750,0.0,0.0
delta1__peptide_std__P02749,0.0,0.0
delta1__peptide_std__P02748,0.0,0.0
delta1__peptide_std__P02747,0.0,0.0
delta1__peptide_std__P02679,0.0,0.0
delta1__peptide_std__P02675,0.0,0.0
delta1__peptide_std__P02766,0.0,0.0
delta1__peptide_std__P10643,0.0,0.0
delta1__peptide_std__P09871,0.0,0.0
delta1__peptide_std__P09486,0.0,0.0
delta1__peptide_std__P08697,0.0,0.0
delta1__peptide_std__P08603,0.0,0.0
delta1__peptide_std__P08571,0.0,0.0
delta1__peptide_std__P08493,0.0,0.0
delta1__peptide_std__P08294,0.0,0.0
delta1__peptide_std__P07998,0.0,0.0
delta1__peptide_std__P07711,0.0,0.0
delta1__peptide_std__P05067,0.0,0.0
delta1__peptide_std__P07339,0.0,0.0
delta1__peptide_std__P07225,0.0,0.0
delta1__peptide_std__P06727,0.0,0.0
delta1__peptide_std__P06681,0.0,0.0
delta1__peptide_std__P06396,0.0,0.0
delta1__peptide_std__P05546,0.0,0.0
delta1__peptide_std__P05452,0.0,0.0
delta1__peptide_std__P05156,0.0,0.0
delta1__peptide_std__P05155,0.0,0.0
delta1__peptide_std__P05090,0.0,0.0
delta1__peptide_std__P07602,0.0,0.0
delta1__peptide_std__P00734,0.0,0.0
delta1__peptide_std__P00450,0.0,0.0
delta1__peptide_std__P00441,0.0,0.0
delta1__peptide_std__O94919,0.0,0.0
delta1__peptide_std__O75144,0.0,0.0
delta1__peptide_std__O15394,0.0,0.0
delta1__peptide_std__O15240,0.0,0.0
delta1__peptide_std__O14773,0.0,0.0
delta1__peptide_std__O00584,0.0,0.0
delta1__peptide_std__O00533,0.0,0.0
delta1__peptide_std__P02671,0.0,0.0
delta1__peptide_mean__Q9UNU6,0.0,0.0
delta1__peptide_mean__Q9UKV8,0.0,0.0
delta1__peptide_mean__Q9UHG2,0.0,0.0
delta1__peptide_mean__Q9UBX5,0.0,0.0
delta1__peptide_mean__Q9UBR2,0.0,0.0
delta1__peptide_mean__Q9NYU2,0.0,0.0
delta1__peptide_mean__Q9NQ79,0.0,0.0
delta1__peptide_mean__Q9HDC9,0.0,0.0
delta1__peptide_mean__Q9BY67,0.0,0.0
delta1__peptide_mean__Q99969,0.0,0.0
delta1__peptide_mean__Q9Y646,0.0,0.0
delta1__peptide_std__P02656,0.0,0.0
delta1__peptide_std__P02652,0.0,0.0
delta1__peptide_std__P02649,0.0,0.0
delta1__peptide_std__P02647,0.0,0.0
delta1__peptide_std__P02452,0.0,0.0
delta1__peptide_std__P01877,0.0,0.0
delta1__peptide_std__P01876,0.0,0.0
delta1__peptide_std__P01860,0.0,0.0
delta1__peptide_std__P01859,0.0,0.0
delta1__peptide_std__P01857,0.0,0.0
delta1__peptide_std__P00738,0.0,0.0
delta1__peptide_std__P01042,0.0,0.0
delta1__peptide_std__P01034,0.0,0.0
delta1__peptide_std__P01024,0.0,0.0
delta1__peptide_std__P01023,0.0,0.0
delta1__peptide_std__P01019,0.0,0.0
delta1__peptide_std__P01011,0.0,0.0
delta1__peptide_std__P01009,0.0,0.0
delta1__peptide_std__P01008,0.0,0.0
delta1__peptide_std__P00751,0.0,0.0
delta1__peptide_std__P00747,0.0,0.0
delta1__peptide_std__P00746,0.0,0.0
delta1__peptide_std__P01834,0.0,0.0
delta1__peptide_count__P00738,0.0,0.0
delta1__peptide_count__P00736,0.0,0.0
delta1__peptide_count__P00734,0.0,0.0
delta1__peptide_count__P00450,0.0,0.0
delta1__peptide_count__P00441,0.0,0.0
delta1__peptide_count__O94919,0.0,0.0
delta1__peptide_count__O75326,0.0,0.0
delta1__peptide_count__O60888,0.0,0.0
delta1__peptide_count__O43505,0.0,0.0
delta1__peptide_count__O15240,0.0,0.0
delta1__peptide_std__P10645,0.0,0.0
delta1__peptide_count__O14773,0.0,0.0
delta1__peptide_count__O14498,0.0,0.0
delta1__peptide_count__O00584,0.0,0.0
delta1__peptide_count__O00533,0.0,0.0
delta1__peptide_count__O00391,0.0,0.0
delta1__peptide_std__Q9Y6R7,0.0,0.0
delta1__peptide_std__Q9UHG2,0.0,0.0
delta1__peptide_std__Q9UBX5,0.0,0.0
delta1__peptide_std__Q9NQ79,0.0,0.0
delta1__peptide_std__Q96PD5,0.0,0.0
delta1__peptide_count__O14791,0.0,0.0
delta1__peptide_count__P01834,0.0,0.0
delta1__peptide_count__P01833,0.0,0.0
delta1__peptide_count__P01780,0.0,0.0
delta1__peptide_count__P01717,0.0,0.0
delta1__peptide_count__P01621,0.0,0.0
delta1__peptide_count__P01608,0.0,0.0
delta1__peptide_count__P01594,0.0,0.0
delta1__peptide_count__P01591,0.0,0.0
delta1__peptide_count__P01344,0.0,0.0
delta1__peptide_count__P01042,0.0,0.0
delta1__peptide_count__P00746,0.0,0.0
delta1__peptide_count__P01033,0.0,0.0
delta1__peptide_count__P01031,0.0,0.0
delta1__peptide_count__P01024,0.0,0.0
delta1__peptide_count__P01019,0.0,0.0
delta1__peptide_count__P01011,0.0,0.0
delta1__peptide_count__P01009,0.0,0.0
delta1__peptide_count__P01008,0.0,0.0
delta1__peptide_count__P00751,0.0,0.0
delta1__peptide_count__P00748,0.0,0.0
delta1__peptide_count__P00747,0.0,0.0
delta1__peptide_count__P01034,0.0,0.0
delta1__peptide_std__P41222,0.0,0.0
delta1__peptide_std__P39060,0.0,0.0
delta1__peptide_std__P36955,0.0,0.0
delta1__peptide_std__P36222,0.0,0.0
delta1__peptide_std__P30086,0.0,0.0
delta1__peptide_std__P27169,0.0,0.0
delta1__peptide_std__P25311,0.0,0.0
delta1__peptide_std__P24592,0.0,0.0
delta1__peptide_std__P20774,0.0,0.0
delta1__peptide_std__P19652,0.0,0.0
delta1__peptide_std__Q96KN2,0.0,0.0
delta1__peptide_std__P17174,0.0,0.0
delta1__peptide_std__P16070,0.0,0.0
delta1__peptide_std__P16035,0.0,0.0
delta1__peptide_std__P14618,0.0,0.0
delta1__peptide_std__P14314,0.0,0.0
delta1__peptide_std__P13987,0.0,0.0
delta1__peptide_std__P13611,0.0,0.0
delta1__peptide_std__P13591,0.0,0.0
delta1__peptide_std__P12109,0.0,0.0
delta1__peptide_std__P10909,0.0,0.0
delta1__peptide_std__P18065,0.0,0.0
delta1__peptide_std__Q92876,0.0,0.0
delta1__peptide_std__Q92823,0.0,0.0
delta1__peptide_std__Q92520,0.0,0.0
delta1__peptide_std__Q6UXB8,0.0,0.0
delta1__peptide_std__Q16610,0.0,0.0
delta1__peptide_std__Q16270,0.0,0.0
delta1__peptide_std__Q14624,0.0,0.0
delta1__peptide_std__Q14515,0.0,0.0
delta1__peptide_std__Q14118,0.0,0.0
delta1__peptide_std__Q13740,0.0,0.0
delta1__peptide_std__P43121,0.0,0.0
delta1__peptide_std__Q12841,0.0,0.0
delta1__peptide_std__Q12805,0.0,0.0
delta1__peptide_std__Q08380,0.0,0.0
delta1__peptide_std__Q06481,0.0,0.0
delta1__peptide_std__P98160,0.0,0.0
delta1__peptide_std__P61916,0.0,0.0
delta1__peptide_std__P61769,0.0,0.0
delta1__peptide_std__P55290,0.0,0.0
delta1__peptide_std__P54289,0.0,0.0
delta1__peptide_std__P51884,0.0,0.0
delta1__peptide_std__P43652,0.0,0.0
delta1__peptide_std__Q12907,0.0,0.0
delta1__peptide_mean__P07602,0.0,0.0
delta1__peptide_mean__P07339,0.0,0.0
delta1__peptide_mean__P07333,0.0,0.0
delta1__peptide_mean__P07225,0.0,0.0
delta1__peptide_mean__P07195,0.0,0.0
delta1__peptide_mean__P06727,0.0,0.0
delta1__peptide_mean__P06681,0.0,0.0
delta1__peptide_mean__P06454,0.0,0.0
delta1__peptide_mean__P06396,0.0,0.0
delta1__peptide_mean__P06310,0.0,0.0
delta1__peptide_mean__Q99832,0.0,0.0
delta1__peptide_mean__P05452,0.0,0.0
delta1__peptide_mean__P05408,0.0,0.0
delta1__peptide_mean__P05156,0.0,0.0
delta1__peptide_mean__P05155,0.0,0.0
delta1__peptide_mean__P05090,0.0,0.0
delta1__peptide_mean__P05067,0.0,0.0
delta1__peptide_mean__P05060,0.0,0.0
delta1__peptide_mean__P04433,0.0,0.0
delta1__peptide_mean__P04406,0.0,0.0
delta1__peptide_mean__P04275,0.0,0.0
delta1__peptide_mean__P05546,0.0,0.0
delta1__peptide_mean__P13473,0.0,0.0
delta1__peptide_mean__P12109,0.0,0.0
delta1__peptide_mean__P11277,0.0,0.0
delta1__peptide_mean__P11142,0.0,0.0
delta1__peptide_mean__P10909,0.0,0.0
delta1__peptide_mean__P10645,0.0,0.0
delta1__peptide_mean__P10451,0.0,0.0
delta1__peptide_mean__P09871,0.0,0.0
delta1__peptide_mean__P09486,0.0,0.0
delta1__peptide_mean__P09104,0.0,0.0
delta1__peptide_mean__P07711,0.0,0.0
delta1__peptide_mean__P08637,0.0,0.0
delta1__peptide_mean__P08603,0.0,0.0
delta1__peptide_mean__P08571,0.0,0.0
delta1__peptide_mean__P08493,0.0,0.0
delta1__peptide_mean__P08294,0.0,0.0
delta1__peptide_mean__P08253,0.0,0.0
delta1__peptide_mean__P08133,0.0,0.0
delta1__peptide_mean__P08123,0.0,0.0
delta1__peptide_mean__P07998,0.0,0.0
delta1__peptide_mean__P07858,0.0,0.0
delta1__peptide_mean__P08697,0.0,0.0
delta1__peptide_mean__P02675,0.0,0.0
delta1__peptide_mean__P02671,0.0,0.0
delta1__peptide_mean__P02656,0.0,0.0
delta1__peptide_mean__P02655,0.0,0.0
delta1__peptide_mean__P02652,0.0,0.0
delta1__peptide_mean__P02649,0.0,0.0
delta1__peptide_mean__P02647,0.0,0.0
delta1__peptide_mean__P02452,0.0,0.0
delta1__peptide_mean__P01877,0.0,0.0
delta1__peptide_mean__P01861,0.0,0.0
delta1__peptide_mean__P04217,0.0,0.0
delta1__peptide_mean__P01859,0.0,0.0
delta1__peptide_mean__P01857,0.0,0.0
delta1__peptide_mean__P01834,0.0,0.0
delta1__peptide_mean__P01833,0.0,0.0
delta1__peptide_mean__P01780,0.0,0.0
delta1__peptide_mean__P01717,0.0,0.0
delta1__peptide_mean__P01621,0.0,0.0
delta1__peptide_mean__P01608,0.0,0.0
delta1__peptide_mean__P01594,0.0,0.0
delta1__peptide_mean__P01591,0.0,0.0
delta1__peptide_mean__P01860,0.0,0.0
delta1__peptide_mean__P04216,0.0,0.0
delta1__peptide_mean__P04211,0.0,0.0
delta1__peptide_mean__P04207,0.0,0.0
delta1__peptide_mean__P04196,0.0,0.0
delta1__peptide_mean__P04180,0.0,0.0
delta1__peptide_mean__P04156,0.0,0.0
delta1__peptide_mean__P04075,0.0,0.0
delta1__peptide_mean__P04004,0.0,0.0
delta1__peptide_mean__P02792,0.0,0.0
delta1__peptide_mean__P02787,0.0,0.0
delta1__peptide_mean__P02679,0.0,0.0
delta1__peptide_mean__P02768,0.0,0.0
delta1__peptide_mean__P02766,0.0,0.0
delta1__peptide_mean__P02765,0.0,0.0
delta1__peptide_mean__P02763,0.0,0.0
delta1__peptide_mean__P02760,0.0,0.0
delta1__peptide_mean__P02753,0.0,0.0
delta1__peptide_mean__P02751,0.0,0.0
delta1__peptide_mean__P02750,0.0,0.0
delta1__peptide_mean__P02749,0.0,0.0
delta1__peptide_mean__P02748,0.0,0.0
delta1__peptide_mean__P02747,0.0,0.0
delta1__peptide_mean__P02774,0.0,0.0
delta1__peptide_mean__Q16270,0.0,0.0
delta1__peptide_mean__Q15904,0.0,0.0
delta1__peptide_mean__Q14624,0.0,0.0
delta1__peptide_mean__Q14515,0.0,0.0
delta1__peptide_mean__Q14508,0.0,0.0
delta1__peptide_mean__Q14118,0.0,0.0
delta1__peptide_mean__Q13740,0.0,0.0
delta1__peptide_mean__Q13451,0.0,0.0
delta1__peptide_mean__Q13449,0.0,0.0
delta1__peptide_mean__Q13332,0.0,0.0
delta1__peptide_mean__P13521,0.0,0.0
delta1__peptide_mean__Q12907,0.0,0.0
delta1__peptide_mean__Q12841,0.0,0.0
delta1__peptide_mean__Q12805,0.0,0.0
delta1__peptide_mean__Q08380,0.0,0.0
delta1__peptide_mean__Q06481,0.0,0.0
delta1__peptide_mean__Q02818,0.0,0.0
delta1__peptide_mean__P98160,0.0,0.0
delta1__peptide_mean__P80748,0.0,0.0
delta1__peptide_mean__P61916,0.0,0.0
delta1__peptide_mean__P61769,0.0,0.0
delta1__peptide_mean__Q13283,0.0,0.0
delta1__peptide_mean__Q99829,0.0,0.0
delta1__peptide_mean__Q99683,0.0,0.0
delta1__peptide_mean__Q99674,0.0,0.0
delta1__peptide_mean__Q99435,0.0,0.0
delta1__peptide_mean__Q96S96,0.0,0.0
delta1__peptide_mean__Q96PD5,0.0,0.0
delta1__peptide_mean__Q96KN2,0.0,0.0
delta1__peptide_mean__Q96BZ4,0.0,0.0
delta1__peptide_mean__Q92876,0.0,0.0
delta1__peptide_mean__Q92823,0.0,0.0
delta1__peptide_mean__Q16610,0.0,0.0
delta1__peptide_mean__Q8NE71,0.0,0.0
delta1__peptide_mean__Q8NBJ4,0.0,0.0
delta1__peptide_mean__Q8N2S1,0.0,0.0
delta1__peptide_mean__Q8IWV7,0.0,0.0
delta1__peptide_mean__Q7Z5P9,0.0,0.0
delta1__peptide_mean__Q7Z3B1,0.0,0.0
delta1__peptide_mean__Q6UXD5,0.0,0.0
delta1__peptide_mean__Q6UXB8,0.0,0.0
delta1__peptide_mean__Q6UX71,0.0,0.0
delta1__peptide_mean__Q562R1,0.0,0.0
delta1__peptide_mean__Q92520,0.0,0.0
delta1__peptide_mean__P23142,0.0,0.0
delta1__peptide_mean__P23083,0.0,0.0
delta1__peptide_mean__P20933,0.0,0.0
delta1__peptide_mean__P20774,0.0,0.0
delta1__peptide_mean__P19827,0.0,0.0
delta1__peptide_mean__P19823,0.0,0.0
delta1__peptide_mean__P19652,0.0,0.0
delta1__peptide_mean__P18065,0.0,0.0
delta1__peptide_mean__P17936,0.0,0.0
delta1__peptide_mean__P17174,0.0,0.0
delta1__peptide_mean__P61626,0.0,0.0
delta1__peptide_mean__P16152,0.0,0.0
delta1__peptide_mean__P16070,0.0,0.0
delta1__peptide_mean__P16035,0.0,0.0
delta1__peptide_mean__P14618,0.0,0.0
delta1__peptide_mean__P14314,0.0,0.0
delta1__peptide_mean__P14174,0.0,0.0
delta1__peptide_mean__P13987,0.0,0.0
delta1__peptide_mean__P13671,0.0,0.0
delta1__peptide_mean__P13611,0.0,0.0
delta1__peptide_mean__P13591,0.0,0.0
delta1__peptide_mean__P16870,0.0,0.0
delta1__peptide_mean__P61278,0.0,0.0
delta1__peptide_mean__P60174,0.0,0.0
delta1__peptide_mean__P55290,0.0,0.0
delta1__peptide_mean__P54289,0.0,0.0
delta1__peptide_mean__P51884,0.0,0.0
delta1__peptide_mean__P49908,0.0,0.0
delta1__peptide_mean__P49588,0.0,0.0
delta1__peptide_mean__P43652,0.0,0.0
delta1__peptide_mean__P43251,0.0,0.0
delta1__peptide_mean__P43121,0.0,0.0
delta1__peptide_mean__P24592,0.0,0.0
delta1__peptide_mean__P40925,0.0,0.0
delta1__peptide_mean__P39060,0.0,0.0
delta1__peptide_mean__P36980,0.0,0.0
delta1__peptide_mean__P36955,0.0,0.0
delta1__peptide_mean__P36222,0.0,0.0
delta1__peptide_mean__P35542,0.0,0.0
delta1__peptide_mean__P32754,0.0,0.0
delta1__peptide_mean__P31997,0.0,0.0
delta1__peptide_mean__P30086,0.0,0.0
delta1__peptide_mean__P27169,0.0,0.0
delta1__peptide_mean__P25311,0.0,0.0
delta1__peptide_mean__P41222,0.0,0.0
delta1__peptide_log__LVGGPM(UniMod_35)DASVEEEGVRR,0.0,0.0
delta1__peptide_log__LSSWVLLM(UniMod_35)K,0.0,0.0
delta1__peptide_log__LSNENHGIAQR,0.0,0.0
delta1__peptide_log__LSKELQAAQAR,0.0,0.0
delta1__peptide_log__LRTEGDGVYTLNNEKQWINK,0.0,0.0
delta1__peptide_log__LRTEGDGVYTLNNEK,0.0,0.0
delta1__peptide_log__LQAEAFQAR,0.0,0.0
delta1__peptide_log__LPPTSAHGNVAEGETKPDPDVTER,0.0,0.0
delta1__peptide_log__LIADLGSTSITNLGFR,0.0,0.0
delta1__peptide_log__LGQSLDC(UniMod_4)NAEVYVVPWEK,0.0,0.0
delta1__peptide_count__P01857,0.0,0.0
delta1__peptide_log__LGADMEDVC(UniMod_4)GR,0.0,0.0
delta1__peptide_log__LGADM(UniMod_35)EDVC(UniMod_4)GR,0.0,0.0
delta1__peptide_log__LFDSDPITVTVPVEVSR,0.0,0.0
delta1__peptide_log__LEGQEEEEDNRDSSMK,0.0,0.0
delta1__peptide_log__LDEVKEQVAEVR,0.0,0.0
delta1__peptide_log__LC(UniMod_4)MGSGLNLC(UniMod_4)EPNNKEGYYGYTGAFR,0.0,0.0
delta1__peptide_log__LAVYQAGAR,0.0,0.0
delta1__peptide_log__KQELSEAEQATR,0.0,0.0
delta1__peptide_log__KFPSGTFEQVSQLVK,0.0,0.0
delta1__peptide_log__KAADDTWEPFASGK,0.0,0.0
delta1__peptide_log__LGPLVEQGR,0.0,0.0
delta1__peptide_log__SGELEQEEER,0.0,0.0
delta1__peptide_log__SGEATDGARPQALPEPMQESK,0.0,0.0
delta1__peptide_log__SFNRGEC(UniMod_4),0.0,0.0
delta1__peptide_log__SELEEQLTPVAEETR,0.0,0.0
delta1__peptide_log__SEALAVDGAGKPGAEEAQDPEGK,0.0,0.0
delta1__peptide_log__SC(UniMod_4)SPELQQK,0.0,0.0
delta1__peptide_log__SC(UniMod_4)DTPPPC(UniMod_4)PR,0.0,0.0
delta1__peptide_log__RTPITVVK,0.0,0.0
delta1__peptide_log__RLEGQEEEEDNRDSSMK,0.0,0.0
delta1__peptide_log__RGYQLSDVDGVTC(UniMod_4)EDIDEC(UniMod_4)ALPTGGHIC(UniMod_4)SYR,0.0,0.0
delta1__peptide_log__M(UniMod_35)YLGYEYVTAIR,0.0,0.0
delta1__peptide_log__QQETAAAETETR,0.0,0.0
delta1__peptide_log__QNC(UniMod_4)ELFEQLGEYK,0.0,0.0
delta1__peptide_log__QKVEPLRAELQEGAR,0.0,0.0
delta1__peptide_log__QIGSVYR,0.0,0.0
delta1__peptide_log__NPDSSTTGPWC(UniMod_4)YTTDPTVR,0.0,0.0
delta1__peptide_log__NFPPSQDASGDLYTTSSQLTLPATQC(UniMod_4)PDGK,0.0,0.0
delta1__peptide_log__NFPPSQDASGDLYTTSSQLTLPATQC(UniMod_4)LAGK,0.0,0.0
delta1__peptide_log__MYYSAVDPTKDIFTGLIGPM(UniMod_35)K,0.0,0.0
delta1__peptide_log__MTVTDQVNC(UniMod_4)PK,0.0,0.0
delta1__peptide_log__MASGAANVVGPK,0.0,0.0
delta1__peptide_log__QWAGLVEK,0.0,0.0
delta1__peptide_log__C(UniMod_4)VDVDEC(UniMod_4)APPAEPC(UniMod_4)GK,0.0,0.0
delta1__peptide_log__C(UniMod_4)TSTGWIPAPR,0.0,0.0
delta1__peptide_log__C(UniMod_4)SYTEDAQC(UniMod_4)IDGTIEVPK,0.0,0.0
delta1__peptide_log__C(UniMod_4)REILSVDC(UniMod_4)STNNPSQAK,0.0,0.0
delta1__peptide_log__C(UniMod_4)RDQLPYIC(UniMod_4)QFGIV,0.0,0.0
delta1__peptide_log__C(UniMod_4)KPVNTFVHEPLVDVQNVC(UniMod_4)FQEK,0.0,0.0
delta1__peptide_log__C(UniMod_4)IIEVLSNALSK,0.0,0.0
delta1__peptide_log__C(UniMod_4)C(UniMod_4)VEC(UniMod_4)PPC(UniMod_4)PAPPVAGPSVFLFPPKPK,0.0,0.0
delta1__peptide_log__AYQGVAAPFPK,0.0,0.0
delta1__peptide_log__AYKSELEEQLTPVAEETR,0.0,0.0
delta1__peptide_log__IMNGEADAMSLDGGFVYIAGK,0.0,0.0
delta1__peptide_log__AVGDKLPEC(UniMod_4)EADDGC(UniMod_4)PKPPEIAHGYVEHSVR,0.0,0.0
delta1__peptide_log__ATVNPSAPR,0.0,0.0
delta1__peptide_log__ANRPFLVFIR,0.0,0.0
delta1__peptide_log__ALGISPFHEHAEVVFTANDSGPR,0.0,0.0
delta1__peptide_log__AKLEEQAQQIR,0.0,0.0
delta1__peptide_log__AEAQEAEDQQAR,0.0,0.0
delta1__peptide_log__ADDKETC(UniMod_4)FAEEGK,0.0,0.0
delta1__peptide_log__AATVGSLAGQPLQER,0.0,0.0
delta1__peptide_log__AATGEC(UniMod_4)TATVGKR,0.0,0.0
delta1__peptide_count__Q9Y6R7,0.0,0.0
delta1__peptide_log__AVLPTGDVIGDSAK,0.0,0.0
delta1__peptide_log__ILTC(UniMod_4)M(UniMod_35)QGMEEIR,0.0,0.0
delta1__peptide_log__ILLQGTPVAQMTEDAVDAER,0.0,0.0
delta1__peptide_log__IHWESASLLR,0.0,0.0
delta1__peptide_log__HYTNPSQDVTVPC(UniMod_4)PVPPPPPC(UniMod_4)C(UniMod_4)HPR,0.0,0.0
delta1__peptide_log__HYEGSTVPEK,0.0,0.0
delta1__peptide_log__HYDGSYSTFGER,0.0,0.0
delta1__peptide_log__HGGLYHENMR,0.0,0.0
delta1__peptide_log__GYQLSDVDGVTC(UniMod_4)EDIDEC(UniMod_4)ALPTGGHIC(UniMod_4)SYR,0.0,0.0
delta1__peptide_log__GSPAINVAVHVFRK,0.0,0.0
delta1__peptide_log__GEVQAMLGQSTEELRVR,0.0,0.0
delta1__peptide_log__DASGVTFTWTPSSGK,0.0,0.0
delta1__peptide_log__GC(UniMod_4)PTEEGC(UniMod_4)GER,0.0,0.0
delta1__peptide_log__FNKPFVFLM(UniMod_35)IEQNTK,0.0,0.0
delta1__peptide_log__FM(UniMod_35)ETVAEK,0.0,0.0
delta1__peptide_log__FLATTPNSLLVSWQPPR,0.0,0.0
delta1__peptide_log__ELSSFIDKGQELC(UniMod_4)ADYSENTFTEYK,0.0,0.0
delta1__peptide_log__ELDESLQVAER,0.0,0.0
delta1__peptide_log__EILSVDC(UniMod_4)STNNPSQAK,0.0,0.0
delta1__peptide_log__EDSLEAGLPLQVR,0.0,0.0
delta1__peptide_log__DSGFQM(UniMod_35)NQLR,0.0,0.0
delta1__peptide_log__DSGEGDFLAEGGGVR,0.0,0.0
delta1__peptide_log__DLATVYVDVLK,0.0,0.0
delta1__peptide_log__GEVQAMLGQSTEELR,0.0,0.0
slope1__protein_npx__P00748,0.0,0.0
slope1__protein_npx__P00747,0.0,0.0
slope1__protein_npx__P00746,0.0,0.0
slope1__protein_npx__P00738,0.0,0.0
slope1__protein_npx__P00736,0.0,0.0
slope1__protein_npx__P00734,0.0,0.0
slope1__protein_npx__P00450,0.0,0.0
slope1__protein_npx__P00441,0.0,0.0
slope1__protein_npx__O94919,0.0,0.0
slope1__protein_npx__O75326,0.0,0.0
delta1__peptide_log__SLAAAAGKQELAK,0.0,0.0
slope1__protein_npx__O60888,0.0,0.0
slope1__protein_npx__O43505,0.0,0.0
slope1__protein_npx__O15394,0.0,0.0
slope1__protein_npx__O15240,0.0,0.0
slope1__protein_npx__O14791,0.0,0.0
slope1__protein_npx__O14773,0.0,0.0
slope1__protein_npx__O14498,0.0,0.0
slope1__protein_npx__O00584,0.0,0.0
slope1__protein_npx__O00533,0.0,0.0
slope1__protein_npx__O00391,0.0,0.0
slope1__protein_npx__O75144,0.0,0.0
slope1__protein_npx__P01859,0.0,0.0
slope1__protein_npx__P01857,0.0,0.0
slope1__protein_npx__P01834,0.0,0.0
slope1__protein_npx__P01833,0.0,0.0
slope1__protein_npx__P01780,0.0,0.0
slope1__protein_npx__P01717,0.0,0.0
slope1__protein_npx__P01621,0.0,0.0
slope1__protein_npx__P01608,0.0,0.0
slope1__protein_npx__P01594,0.0,0.0
slope1__protein_npx__P01591,0.0,0.0
slope1__protein_npx__P00751,0.0,0.0
slope1__protein_npx__P01042,0.0,0.0
slope1__protein_npx__P01034,0.0,0.0
slope1__protein_npx__P01033,0.0,0.0
slope1__protein_npx__P01031,0.0,0.0
slope1__protein_npx__P01024,0.0,0.0
slope1__protein_npx__P01023,0.0,0.0
slope1__protein_npx__P01019,0.0,0.0
slope1__protein_npx__P01011,0.0,0.0
slope1__protein_npx__P01009,0.0,0.0
slope1__protein_npx__P01008,0.0,0.0
slope1__protein_npx__P01344,0.0,0.0
delta1__peptide_log__VGYVSGWGR,0.0,0.0
delta1__peptide_log__VDSGNDVTDIADDGC(UniMod_4)PKPPEIAHGYVEHSVR,0.0,0.0
delta1__peptide_log__VDNALQSGNSQESVTEQDSKDSTYSLSSTLTLSK,0.0,0.0
delta1__peptide_log__VC(UniMod_4)PFAGILENGAVR,0.0,0.0
delta1__peptide_log__TVVQPSVGAAAGPVVPPC(UniMod_4)PGR,0.0,0.0
delta1__peptide_log__TTPPVLDSDGSFFLYSR,0.0,0.0
delta1__peptide_log__TTPPVLDSDGSFFLYSK,0.0,0.0
delta1__peptide_log__TSPVDEKALQDQLVLVAAK,0.0,0.0
delta1__peptide_log__TSAHGNVAEGETKPDPDVTER,0.0,0.0
delta1__peptide_log__TQVNTQAEQLRR,0.0,0.0
protein_npx__O14791,0.0,0.0
delta1__peptide_log__TPLGDTTHTC(UniMod_4)PR,0.0,0.0
delta1__peptide_log__TM(UniMod_35)LLQPAGSLGSYSYR,0.0,0.0
delta1__peptide_log__TLLSNLEEAKK,0.0,0.0
delta1__peptide_log__TKEEYGHSEVVEYYC(UniMod_4)NPR,0.0,0.0
delta1__peptide_log__TDASDVKPC(UniMod_4),0.0,0.0
delta1__peptide_log__SWFEPLVEDM(UniMod_35)QR,0.0,0.0
delta1__peptide_log__SSQGGSLPSEEK,0.0,0.0
delta1__peptide_log__SPVGVQPILNEHTFC(UniMod_4)AGMSK,0.0,0.0
delta1__peptide_log__SNSSM(UniMod_35)HITDC(UniMod_4)R,0.0,0.0
delta1__peptide_log__SLAELGGHLDQQVEEFRR,0.0,0.0
delta1__peptide_log__TPVSDRVTK,0.0,0.0
delta1__months_since_prev_visit,0.0,0.0
delta1__months_since_baseline,0.0,0.0
delta1__visit_index,0.0,0.0
delta1__current_medication_unknown,0.0,0.0
delta1__current_medication_on,0.0,0.0
delta1__current_updrs_4,0.0,0.0
delta1__current_updrs_3,0.0,0.0
delta1__current_updrs_2,0.0,0.0
delta1__peptide_missing_fraction,0.0,0.0
delta1__peptide_feature_count,0.0,0.0
delta1__peptide_log__VKDLATVYVDVLK,0.0,0.0
delta1__peptide_log__YVMLPVADQDQC(UniMod_4)IR,0.0,0.0
delta1__peptide_log__YVM(UniMod_35)LPVADQDQC(UniMod_4)IR,0.0,0.0
delta1__peptide_log__YIVSGTPTFVPYLIK,0.0,0.0
delta1__peptide_log__WELALGR,0.0,0.0
delta1__peptide_log__VYC(UniMod_4)DMNTENGGWTVIQNR,0.0,0.0
delta1__peptide_log__VTSIQDWVQK,0.0,0.0
delta1__peptide_log__VTLTC(UniMod_4)VAPLSGVDFQLR,0.0,0.0
delta1__peptide_log__VQPYLDDFQKK,0.0,0.0
delta1__peptide_log__VQAAVGTSAAPVPSDNH,0.0,0.0
delta1__peptide_log__VMPIC(UniMod_4)LPSKDYAEVGR,0.0,0.0
delta1__peptide_log__VLLDQLR,0.0,0.0
delta1__peptide_log__YYWGGQYTWDMAK,0.0,0.0
delta1__peptide_count__P08571,0.0,0.0
delta1__peptide_count__P08493,0.0,0.0
delta1__peptide_count__P08294,0.0,0.0
delta1__peptide_count__P08253,0.0,0.0
delta1__peptide_count__P08133,0.0,0.0
delta1__peptide_count__P08123,0.0,0.0
delta1__peptide_count__P07998,0.0,0.0
delta1__peptide_count__P07858,0.0,0.0
delta1__peptide_count__P07711,0.0,0.0
delta1__peptide_count__P07602,0.0,0.0
delta1__peptide_count__Q9Y646,0.0,0.0
delta1__peptide_count__P07333,0.0,0.0
delta1__peptide_count__P07225,0.0,0.0
delta1__peptide_count__P07195,0.0,0.0
delta1__peptide_count__P06727,0.0,0.0
delta1__peptide_count__P06681,0.0,0.0
delta1__peptide_count__P06454,0.0,0.0
delta1__peptide_count__P06396,0.0,0.0
delta1__peptide_count__P06310,0.0,0.0
delta1__peptide_count__P05546,0.0,0.0
delta1__peptide_count__P05452,0.0,0.0
delta1__peptide_count__P07339,0.0,0.0
delta1__peptide_count__P16070,0.0,0.0
delta1__peptide_count__P16035,0.0,0.0
delta1__peptide_count__P14618,0.0,0.0
delta1__peptide_count__P14314,0.0,0.0
delta1__peptide_count__P14174,0.0,0.0
delta1__peptide_count__P13987,0.0,0.0
delta1__peptide_count__P13671,0.0,0.0
delta1__peptide_count__P13611,0.0,0.0
delta1__peptide_count__P13591,0.0,0.0
delta1__peptide_count__P13521,0.0,0.0
delta1__peptide_count__P08603,0.0,0.0
delta1__peptide_count__P12109,0.0,0.0
delta1__peptide_count__P11277,0.0,0.0
delta1__peptide_count__P11142,0.0,0.0
delta1__peptide_count__P10909,0.0,0.0
delta1__peptide_count__P10645,0.0,0.0
delta1__peptide_count__P10643,0.0,0.0
delta1__peptide_count__P10451,0.0,0.0
delta1__peptide_count__P09871,0.0,0.0
delta1__peptide_count__P09104,0.0,0.0
delta1__peptide_count__P08637,0.0,0.0
delta1__peptide_count__P13473,0.0,0.0
delta1__peptide_count__P02763,0.0,0.0
delta1__peptide_count__P02760,0.0,0.0
delta1__peptide_count__P02753,0.0,0.0
delta1__peptide_count__P02751,0.0,0.0
delta1__peptide_count__P02750,0.0,0.0
delta1__peptide_count__P02749,0.0,0.0
delta1__peptide_count__P02748,0.0,0.0
delta1__peptide_count__P02747,0.0,0.0
delta1__peptide_count__P02679,0.0,0.0
delta1__peptide_count__P02675,0.0,0.0
delta1__peptide_count__P05408,0.0,0.0
delta1__peptide_count__P02656,0.0,0.0
delta1__peptide_count__P02655,0.0,0.0
delta1__peptide_count__P02652,0.0,0.0
delta1__peptide_count__P02649,0.0,0.0
delta1__peptide_count__P02647,0.0,0.0
delta1__peptide_count__P02452,0.0,0.0
delta1__peptide_count__P01876,0.0,0.0
delta1__peptide_count__P01861,0.0,0.0
delta1__peptide_count__P01860,0.0,0.0
delta1__peptide_count__P01859,0.0,0.0
delta1__peptide_count__P02671,0.0,0.0
delta1__peptide_count__P05156,0.0,0.0
delta1__peptide_count__P05155,0.0,0.0
delta1__peptide_count__P05090,0.0,0.0
delta1__peptide_count__P05067,0.0,0.0
delta1__peptide_count__P05060,0.0,0.0
delta1__peptide_count__P04433,0.0,0.0
delta1__peptide_count__P04406,0.0,0.0
delta1__peptide_count__P04275,0.0,0.0
delta1__peptide_count__P04217,0.0,0.0
delta1__peptide_count__P04216,0.0,0.0
delta1__peptide_count__P02765,0.0,0.0
delta1__peptide_count__P04207,0.0,0.0
delta1__peptide_count__P04196,0.0,0.0
delta1__peptide_count__P04180,0.0,0.0
delta1__peptide_count__P04156,0.0,0.0
delta1__peptide_count__P04004,0.0,0.0
delta1__peptide_count__P02792,0.0,0.0
delta1__peptide_count__P02790,0.0,0.0
delta1__peptide_count__P02787,0.0,0.0
delta1__peptide_count__P02774,0.0,0.0
delta1__peptide_count__P02768,0.0,0.0
delta1__peptide_count__P02766,0.0,0.0
delta1__peptide_count__P04211,0.0,0.0
delta1__peptide_count__Q8NE71,0.0,0.0
delta1__peptide_count__Q8NBJ4,0.0,0.0
delta1__peptide_count__Q8N2S1,0.0,0.0
delta1__peptide_count__Q8IWV7,0.0,0.0
delta1__peptide_count__Q7Z5P9,0.0,0.0
delta1__peptide_count__Q7Z3B1,0.0,0.0
delta1__peptide_count__Q6UXD5,0.0,0.0
delta1__peptide_count__Q6UXB8,0.0,0.0
delta1__peptide_count__Q6UX71,0.0,0.0
delta1__peptide_count__Q562R1,0.0,0.0
delta1__peptide_count__P16152,0.0,0.0
delta1__peptide_count__Q16270,0.0,0.0
delta1__peptide_count__Q15904,0.0,0.0
delta1__peptide_count__Q14624,0.0,0.0
delta1__peptide_count__Q14515,0.0,0.0
delta1__peptide_count__Q14508,0.0,0.0
delta1__peptide_count__Q14118,0.0,0.0
delta1__peptide_count__Q13740,0.0,0.0
delta1__peptide_count__Q13451,0.0,0.0
delta1__peptide_count__Q13449,0.0,0.0
delta1__peptide_count__Q13332,0.0,0.0
delta1__peptide_count__Q16610,0.0,0.0
delta1__peptide_count__Q9UNU6,0.0,0.0
delta1__peptide_count__Q9UKV8,0.0,0.0
delta1__peptide_count__Q9UHG2,0.0,0.0
delta1__peptide_count__Q9UBX5,0.0,0.0
delta1__peptide_count__Q9UBR2,0.0,0.0
delta1__peptide_count__Q9NYU2,0.0,0.0
delta1__peptide_count__Q9NQ79,0.0,0.0
delta1__peptide_count__Q9HDC9,0.0,0.0
delta1__peptide_count__Q9BY67,0.0,0.0
delta1__peptide_count__Q99969,0.0,0.0
delta1__peptide_count__Q92520,0.0,0.0
delta1__peptide_count__Q99829,0.0,0.0
delta1__peptide_count__Q99683,0.0,0.0
delta1__peptide_count__Q99674,0.0,0.0
delta1__peptide_count__Q99435,0.0,0.0
delta1__peptide_count__Q96S96,0.0,0.0
delta1__peptide_count__Q96PD5,0.0,0.0
delta1__peptide_count__Q96KN2,0.0,0.0
delta1__peptide_count__Q96BZ4,0.0,0.0
delta1__peptide_count__Q92876,0.0,0.0
delta1__peptide_count__Q92823,0.0,0.0
delta1__peptide_count__Q99832,0.0,0.0
delta1__peptide_count__P36980,0.0,0.0
delta1__peptide_count__P36955,0.0,0.0
delta1__peptide_count__P35542,0.0,0.0
delta1__peptide_count__P32754,0.0,0.0
delta1__peptide_count__P31997,0.0,0.0
delta1__peptide_count__P30086,0.0,0.0
delta1__peptide_count__P27169,0.0,0.0
delta1__peptide_count__P25311,0.0,0.0
delta1__peptide_count__P24592,0.0,0.0
delta1__peptide_count__P23142,0.0,0.0
delta1__peptide_count__Q13283,0.0,0.0
delta1__peptide_count__P20933,0.0,0.0
delta1__peptide_count__P20774,0.0,0.0
delta1__peptide_count__P19827,0.0,0.0
delta1__peptide_count__P19823,0.0,0.0
delta1__peptide_count__P19652,0.0,0.0
delta1__peptide_count__P19021,0.0,0.0
delta1__peptide_count__P18065,0.0,0.0
delta1__peptide_count__P17936,0.0,0.0
delta1__peptide_count__P17174,0.0,0.0
delta1__peptide_count__P16870,0.0,0.0
delta1__peptide_count__P23083,0.0,0.0
delta1__peptide_count__Q12907,0.0,0.0
delta1__peptide_count__Q12841,0.0,0.0
delta1__peptide_count__Q12805,0.0,0.0
delta1__peptide_count__Q06481,0.0,0.0
delta1__peptide_count__Q02818,0.0,0.0
delta1__peptide_count__P98160,0.0,0.0
delta1__peptide_count__P80748,0.0,0.0
delta1__peptide_count__P61916,0.0,0.0
delta1__peptide_count__P61769,0.0,0.0
delta1__peptide_count__P61626,0.0,0.0
delta1__peptide_count__P39060,0.0,0.0
delta1__peptide_count__P60174,0.0,0.0
delta1__peptide_count__P55290,0.0,0.0
delta1__peptide_count__P54289,0.0,0.0
delta1__peptide_count__P51884,0.0,0.0
delta1__peptide_count__P49908,0.0,0.0
delta1__peptide_count__P49588,0.0,0.0
delta1__peptide_count__P43652,0.0,0.0
delta1__peptide_count__P43251,0.0,0.0
delta1__peptide_count__P43121,0.0,0.0
delta1__peptide_count__P41222,0.0,0.0
delta1__peptide_count__P40925,0.0,0.0
delta1__peptide_count__P61278,0.0,0.0
lag1__peptide_count__P25311,0.0,0.0
lag1__peptide_count__P24592,0.0,0.0
lag1__peptide_count__P23142,0.0,0.0
lag1__peptide_count__P23083,0.0,0.0
lag1__peptide_count__P20933,0.0,0.0
lag1__peptide_count__P20774,0.0,0.0
lag1__peptide_count__P19827,0.0,0.0
lag1__peptide_count__P19823,0.0,0.0
lag1__peptide_count__P19652,0.0,0.0
lag1__peptide_count__P19021,0.0,0.0
delta1__peptide_mean__P01344,0.0,0.0
lag1__peptide_count__P17936,0.0,0.0
lag1__peptide_count__P17174,0.0,0.0
lag1__peptide_count__P16870,0.0,0.0
lag1__peptide_count__P16152,0.0,0.0
lag1__peptide_count__P16070,0.0,0.0
lag1__peptide_count__P16035,0.0,0.0
lag1__peptide_count__P14618,0.0,0.0
lag1__peptide_count__P14314,0.0,0.0
lag1__peptide_count__P14174,0.0,0.0
lag1__peptide_count__P13987,0.0,0.0
lag1__peptide_count__P18065,0.0,0.0
lag1__peptide_count__P61769,0.0,0.0
lag1__peptide_count__P61626,0.0,0.0
lag1__peptide_count__P61278,0.0,0.0
lag1__peptide_count__P60174,0.0,0.0
lag1__peptide_count__P55290,0.0,0.0
lag1__peptide_count__P54289,0.0,0.0
lag1__peptide_count__P51884,0.0,0.0
lag1__peptide_count__P49908,0.0,0.0
lag1__peptide_count__P49588,0.0,0.0
lag1__peptide_count__P43652,0.0,0.0
lag1__peptide_count__P30086,0.0,0.0
lag1__peptide_count__P43121,0.0,0.0
lag1__peptide_count__P41222,0.0,0.0
lag1__peptide_count__P40925,0.0,0.0
lag1__peptide_count__P39060,0.0,0.0
lag1__peptide_count__P36980,0.0,0.0
lag1__peptide_count__P36955,0.0,0.0
lag1__peptide_count__P36222,0.0,0.0
lag1__peptide_count__P35542,0.0,0.0
lag1__peptide_count__P32754,0.0,0.0
lag1__peptide_count__P31997,0.0,0.0
lag1__peptide_count__P43251,0.0,0.0
lag1__peptide_count__P07998,0.0,0.0
lag1__peptide_count__P07858,0.0,0.0
lag1__peptide_count__P07711,0.0,0.0
lag1__peptide_count__P07602,0.0,0.0
lag1__peptide_count__P07339,0.0,0.0
lag1__peptide_count__P07333,0.0,0.0
lag1__peptide_count__P07225,0.0,0.0
lag1__peptide_count__P07195,0.0,0.0
lag1__peptide_count__P06727,0.0,0.0
lag1__peptide_count__P06681,0.0,0.0
lag1__peptide_count__P13671,0.0,0.0
lag1__peptide_count__P06396,0.0,0.0
lag1__peptide_count__P06310,0.0,0.0
lag1__peptide_count__P05546,0.0,0.0
lag1__peptide_count__P05452,0.0,0.0
lag1__peptide_count__P05408,0.0,0.0
lag1__peptide_count__P05156,0.0,0.0
lag1__peptide_count__P05155,0.0,0.0
lag1__peptide_count__P05090,0.0,0.0
lag1__peptide_count__P05067,0.0,0.0
lag1__peptide_count__P05060,0.0,0.0
lag1__peptide_count__P06454,0.0,0.0
lag1__peptide_count__P13611,0.0,0.0
lag1__peptide_count__P13591,0.0,0.0
lag1__peptide_count__P13521,0.0,0.0
lag1__peptide_count__P13473,0.0,0.0
lag1__peptide_count__P12109,0.0,0.0
lag1__peptide_count__P11277,0.0,0.0
lag1__peptide_count__P11142,0.0,0.0
lag1__peptide_count__P10909,0.0,0.0
lag1__peptide_count__P10645,0.0,0.0
lag1__peptide_count__P10643,0.0,0.0
lag1__peptide_count__P08123,0.0,0.0
lag1__peptide_count__P09871,0.0,0.0
lag1__peptide_count__P09486,0.0,0.0
lag1__peptide_count__P09104,0.0,0.0
lag1__peptide_count__P08697,0.0,0.0
lag1__peptide_count__P08637,0.0,0.0
lag1__peptide_count__P08603,0.0,0.0
lag1__peptide_count__P08571,0.0,0.0
lag1__peptide_count__P08493,0.0,0.0
lag1__peptide_count__P08294,0.0,0.0
lag1__peptide_count__P08253,0.0,0.0
lag1__peptide_count__P08133,0.0,0.0
lag1__peptide_count__P10451,0.0,0.0
lag1__peptide_log__C(UniMod_4)C(UniMod_4)VEC(UniMod_4)PPC(UniMod_4)PAPPVAGPSVFLFPPKPK,0.0,0.0
lag1__peptide_log__AYQGVAAPFPK,0.0,0.0
lag1__peptide_log__AYKSELEEQLTPVAEETR,0.0,0.0
lag1__peptide_log__AVLPTGDVIGDSAK,0.0,0.0
lag1__peptide_log__AVGDKLPEC(UniMod_4)EADDGC(UniMod_4)PKPPEIAHGYVEHSVR,0.0,0.0
lag1__peptide_log__ATVNPSAPR,0.0,0.0
lag1__peptide_log__ANRPFLVFIR,0.0,0.0
lag1__peptide_log__ALGISPFHEHAEVVFTANDSGPR,0.0,0.0
lag1__peptide_log__AKLEEQAQQIR,0.0,0.0
lag1__peptide_log__AEAQEAEDQQAR,0.0,0.0
lag1__peptide_count__P61916,0.0,0.0
lag1__peptide_log__AATVGSLAGQPLQER,0.0,0.0
lag1__peptide_log__AATGEC(UniMod_4)TATVGKR,0.0,0.0
lag1__peptide_count__Q9Y6R7,0.0,0.0
lag1__peptide_count__Q9Y646,0.0,0.0
lag1__peptide_count__Q9UNU6,0.0,0.0
lag1__peptide_count__Q9UKV8,0.0,0.0
lag1__peptide_count__Q9UHG2,0.0,0.0
lag1__peptide_count__Q9UBX5,0.0,0.0
lag1__peptide_count__Q9UBR2,0.0,0.0
lag1__peptide_count__Q9NYU2,0.0,0.0
lag1__peptide_log__ADDKETC(UniMod_4)FAEEGK,0.0,0.0
lag1__peptide_log__GEVQAMLGQSTEELRVR,0.0,0.0
lag1__peptide_log__GEVQAMLGQSTEELR,0.0,0.0
lag1__peptide_log__GC(UniMod_4)PTEEGC(UniMod_4)GER,0.0,0.0
lag1__peptide_log__FNKPFVFLM(UniMod_35)IEQNTK,0.0,0.0
lag1__peptide_log__FM(UniMod_35)ETVAEK,0.0,0.0
lag1__peptide_log__FLATTPNSLLVSWQPPR,0.0,0.0
lag1__peptide_log__ELSSFIDKGQELC(UniMod_4)ADYSENTFTEYK,0.0,0.0
lag1__peptide_log__ELDESLQVAER,0.0,0.0
lag1__peptide_log__EILSVDC(UniMod_4)STNNPSQAK,0.0,0.0
lag1__peptide_log__EDSLEAGLPLQVR,0.0,0.0
lag1__peptide_log__C(UniMod_4)DSSPDSAEDVRK,0.0,0.0
lag1__peptide_log__DSGEGDFLAEGGGVR,0.0,0.0
lag1__peptide_log__DLATVYVDVLK,0.0,0.0
lag1__peptide_log__DASGVTFTWTPSSGK,0.0,0.0
lag1__peptide_log__C(UniMod_4)VDVDEC(UniMod_4)APPAEPC(UniMod_4)GK,0.0,0.0
lag1__peptide_log__C(UniMod_4)TSTGWIPAPR,0.0,0.0
lag1__peptide_log__C(UniMod_4)SYTEDAQC(UniMod_4)IDGTIEVPK,0.0,0.0
lag1__peptide_log__C(UniMod_4)REILSVDC(UniMod_4)STNNPSQAK,0.0,0.0
lag1__peptide_log__C(UniMod_4)RDQLPYIC(UniMod_4)QFGIV,0.0,0.0
lag1__peptide_log__C(UniMod_4)KPVNTFVHEPLVDVQNVC(UniMod_4)FQEK,0.0,0.0
lag1__peptide_log__C(UniMod_4)IIEVLSNALSK,0.0,0.0
lag1__peptide_log__DSGFQM(UniMod_35)NQLR,0.0,0.0
lag1__peptide_count__Q6UX71,0.0,0.0
lag1__peptide_count__Q562R1,0.0,0.0
lag1__peptide_count__Q16610,0.0,0.0
lag1__peptide_count__Q16270,0.0,0.0
lag1__peptide_count__Q15904,0.0,0.0
lag1__peptide_count__Q14624,0.0,0.0
lag1__peptide_count__Q14515,0.0,0.0
lag1__peptide_count__Q14508,0.0,0.0
lag1__peptide_count__Q14118,0.0,0.0
lag1__peptide_count__Q13451,0.0,0.0
lag1__peptide_count__Q9NQ79,0.0,0.0
lag1__peptide_count__Q13332,0.0,0.0
lag1__peptide_count__Q13283,0.0,0.0
lag1__peptide_count__Q12907,0.0,0.0
lag1__peptide_count__Q12841,0.0,0.0
lag1__peptide_count__Q12805,0.0,0.0
lag1__peptide_count__Q08380,0.0,0.0
lag1__peptide_count__Q06481,0.0,0.0
lag1__peptide_count__Q02818,0.0,0.0
lag1__peptide_count__P98160,0.0,0.0
lag1__peptide_count__P80748,0.0,0.0
lag1__peptide_count__Q13449,0.0,0.0
lag1__peptide_count__Q9HDC9,0.0,0.0
lag1__peptide_count__Q9BY67,0.0,0.0
lag1__peptide_count__Q99969,0.0,0.0
lag1__peptide_count__Q99832,0.0,0.0
lag1__peptide_count__Q99829,0.0,0.0
lag1__peptide_count__Q99683,0.0,0.0
lag1__peptide_count__Q99674,0.0,0.0
lag1__peptide_count__Q99435,0.0,0.0
lag1__peptide_count__Q96S96,0.0,0.0
lag1__peptide_count__Q96PD5,0.0,0.0
lag1__peptide_count__Q6UXB8,0.0,0.0
lag1__peptide_count__Q96BZ4,0.0,0.0
lag1__peptide_count__Q92876,0.0,0.0
lag1__peptide_count__Q92823,0.0,0.0
lag1__peptide_count__Q92520,0.0,0.0
lag1__peptide_count__Q8NE71,0.0,0.0
lag1__peptide_count__Q8NBJ4,0.0,0.0
lag1__peptide_count__Q8N2S1,0.0,0.0
lag1__peptide_count__Q8IWV7,0.0,0.0
lag1__peptide_count__Q7Z5P9,0.0,0.0
lag1__peptide_count__Q7Z3B1,0.0,0.0
lag1__peptide_count__Q6UXD5,0.0,0.0
lag1__peptide_count__Q96KN2,0.0,0.0
lag1__peptide_std__P36222,0.0,0.0
lag1__peptide_std__P30086,0.0,0.0
lag1__peptide_std__P27169,0.0,0.0
lag1__peptide_std__P24592,0.0,0.0
lag1__peptide_std__P23142,0.0,0.0
lag1__peptide_std__P20774,0.0,0.0
lag1__peptide_std__P19823,0.0,0.0
lag1__peptide_std__P19652,0.0,0.0
lag1__peptide_std__P18065,0.0,0.0
lag1__peptide_std__P17174,0.0,0.0
lag1__peptide_count__P04433,0.0,0.0
lag1__peptide_std__P16070,0.0,0.0
lag1__peptide_std__P16035,0.0,0.0
lag1__peptide_std__P14618,0.0,0.0
lag1__peptide_std__P14314,0.0,0.0
lag1__peptide_std__P13987,0.0,0.0
lag1__peptide_std__P13611,0.0,0.0
lag1__peptide_std__P13591,0.0,0.0
lag1__peptide_std__P12109,0.0,0.0
lag1__peptide_std__P10909,0.0,0.0
lag1__peptide_std__P10643,0.0,0.0
lag1__peptide_std__P16870,0.0,0.0
lag1__peptide_std__Q6UXB8,0.0,0.0
lag1__peptide_std__Q16610,0.0,0.0
lag1__peptide_std__Q16270,0.0,0.0
lag1__peptide_std__Q14624,0.0,0.0
lag1__peptide_std__Q14515,0.0,0.0
lag1__peptide_std__Q14118,0.0,0.0
lag1__peptide_std__Q13740,0.0,0.0
lag1__peptide_std__Q12907,0.0,0.0
lag1__peptide_std__Q12841,0.0,0.0
lag1__peptide_std__Q12805,0.0,0.0
lag1__peptide_std__P36955,0.0,0.0
lag1__peptide_std__Q06481,0.0,0.0
lag1__peptide_std__P98160,0.0,0.0
lag1__peptide_std__P61916,0.0,0.0
lag1__peptide_std__P61769,0.0,0.0
lag1__peptide_std__P55290,0.0,0.0
lag1__peptide_std__P51884,0.0,0.0
lag1__peptide_std__P43652,0.0,0.0
lag1__peptide_std__P43121,0.0,0.0
lag1__peptide_std__P41222,0.0,0.0
lag1__peptide_std__P39060,0.0,0.0
lag1__peptide_std__Q08380,0.0,0.0
lag1__peptide_std__P04180,0.0,0.0
lag1__peptide_std__P04075,0.0,0.0
lag1__peptide_std__P04004,0.0,0.0
lag1__peptide_std__P02790,0.0,0.0
lag1__peptide_std__P02787,0.0,0.0
lag1__peptide_std__P02774,0.0,0.0
lag1__peptide_std__P02768,0.0,0.0
lag1__peptide_std__P02766,0.0,0.0
lag1__peptide_std__P02765,0.0,0.0
lag1__peptide_std__P02763,0.0,0.0
lag1__peptide_std__P09871,0.0,0.0
lag1__peptide_std__P02753,0.0,0.0
lag1__peptide_std__P02751,0.0,0.0
lag1__peptide_std__P02749,0.0,0.0
lag1__peptide_std__P02748,0.0,0.0
lag1__peptide_std__P02747,0.0,0.0
lag1__peptide_std__P02679,0.0,0.0
lag1__peptide_std__P02675,0.0,0.0
lag1__peptide_std__P02671,0.0,0.0
lag1__peptide_std__P02656,0.0,0.0
lag1__peptide_std__P02652,0.0,0.0
lag1__peptide_std__P02760,0.0,0.0
lag1__peptide_std__P09486,0.0,0.0
lag1__peptide_std__P08697,0.0,0.0
lag1__peptide_std__P08603,0.0,0.0
lag1__peptide_std__P08571,0.0,0.0
lag1__peptide_std__P08493,0.0,0.0
lag1__peptide_std__P08294,0.0,0.0
lag1__peptide_std__P07998,0.0,0.0
lag1__peptide_std__P07711,0.0,0.0
lag1__peptide_std__P07602,0.0,0.0
lag1__peptide_std__P07225,0.0,0.0
lag1__peptide_std__P04196,0.0,0.0
lag1__peptide_std__P06681,0.0,0.0
lag1__peptide_std__P06396,0.0,0.0
lag1__peptide_std__P05546,0.0,0.0
lag1__peptide_std__P05452,0.0,0.0
lag1__peptide_std__P05156,0.0,0.0
lag1__peptide_std__P05155,0.0,0.0
lag1__peptide_std__P05090,0.0,0.0
lag1__peptide_std__P05067,0.0,0.0
lag1__peptide_std__P05060,0.0,0.0
lag1__peptide_std__P04433,0.0,0.0
lag1__peptide_std__P04217,0.0,0.0
lag1__peptide_std__P06727,0.0,0.0
lag1__peptide_count__P02750,0.0,0.0
lag1__peptide_count__P02748,0.0,0.0
lag1__peptide_count__P02747,0.0,0.0
lag1__peptide_count__P02679,0.0,0.0
lag1__peptide_count__P02675,0.0,0.0
lag1__peptide_count__P02671,0.0,0.0
lag1__peptide_count__P02656,0.0,0.0
lag1__peptide_count__P02655,0.0,0.0
lag1__peptide_count__P02652,0.0,0.0
lag1__peptide_count__P02649,0.0,0.0
lag1__peptide_std__Q92520,0.0,0.0
lag1__peptide_count__P02452,0.0,0.0
lag1__peptide_count__P01877,0.0,0.0
lag1__peptide_count__P01876,0.0,0.0
lag1__peptide_count__P01861,0.0,0.0
lag1__peptide_count__P01860,0.0,0.0
lag1__peptide_count__P01859,0.0,0.0
lag1__peptide_count__P01857,0.0,0.0
lag1__peptide_count__P01834,0.0,0.0
lag1__peptide_count__P01833,0.0,0.0
lag1__peptide_count__P01780,0.0,0.0
lag1__peptide_count__P02647,0.0,0.0
lag1__peptide_count__P04406,0.0,0.0
lag1__peptide_count__P04275,0.0,0.0
lag1__peptide_count__P04217,0.0,0.0
lag1__peptide_count__P04216,0.0,0.0
lag1__peptide_count__P04211,0.0,0.0
lag1__peptide_count__P04207,0.0,0.0
lag1__peptide_count__P04196,0.0,0.0
lag1__peptide_count__P04180,0.0,0.0
lag1__peptide_count__P04156,0.0,0.0
lag1__peptide_count__P04075,0.0,0.0
lag1__peptide_count__P02751,0.0,0.0
lag1__peptide_count__P02792,0.0,0.0
lag1__peptide_count__P02790,0.0,0.0
lag1__peptide_count__P02787,0.0,0.0
lag1__peptide_count__P02774,0.0,0.0
lag1__peptide_count__P02768,0.0,0.0
lag1__peptide_count__P02766,0.0,0.0
lag1__peptide_count__P02765,0.0,0.0
lag1__peptide_count__P02763,0.0,0.0
lag1__peptide_count__P02760,0.0,0.0
lag1__peptide_count__P02753,0.0,0.0
lag1__peptide_count__P04004,0.0,0.0
lag1__peptide_count__P00441,0.0,0.0
lag1__peptide_count__O94919,0.0,0.0
lag1__peptide_count__O75326,0.0,0.0
lag1__peptide_count__O75144,0.0,0.0
lag1__peptide_count__O60888,0.0,0.0
lag1__peptide_count__O43505,0.0,0.0
lag1__peptide_count__O15394,0.0,0.0
lag1__peptide_count__O15240,0.0,0.0
lag1__peptide_count__O14791,0.0,0.0
lag1__peptide_count__O14773,0.0,0.0
lag1__peptide_count__P01717,0.0,0.0
lag1__peptide_count__O00584,0.0,0.0
lag1__peptide_count__O00533,0.0,0.0
lag1__peptide_count__O00391,0.0,0.0
lag1__peptide_std__Q9Y6R7,0.0,0.0
lag1__peptide_std__Q9UBX5,0.0,0.0
lag1__peptide_std__Q9NQ79,0.0,0.0
lag1__peptide_std__Q96PD5,0.0,0.0
lag1__peptide_std__Q96KN2,0.0,0.0
lag1__peptide_std__Q92876,0.0,0.0
lag1__peptide_std__Q92823,0.0,0.0
lag1__peptide_count__O14498,0.0,0.0
lag1__peptide_count__P01621,0.0,0.0
lag1__peptide_count__P01608,0.0,0.0
lag1__peptide_count__P01594,0.0,0.0
lag1__peptide_count__P01591,0.0,0.0
lag1__peptide_count__P01344,0.0,0.0
lag1__peptide_count__P01042,0.0,0.0
lag1__peptide_count__P01034,0.0,0.0
lag1__peptide_count__P01033,0.0,0.0
lag1__peptide_count__P01031,0.0,0.0
lag1__peptide_count__P01024,0.0,0.0
lag1__peptide_count__P00450,0.0,0.0
lag1__peptide_count__P01019,0.0,0.0
lag1__peptide_count__P01011,0.0,0.0
lag1__peptide_count__P01009,0.0,0.0
lag1__peptide_count__P01008,0.0,0.0
lag1__peptide_count__P00751,0.0,0.0
lag1__peptide_count__P00748,0.0,0.0
lag1__peptide_count__P00747,0.0,0.0
lag1__peptide_count__P00746,0.0,0.0
lag1__peptide_count__P00738,0.0,0.0
lag1__peptide_count__P00736,0.0,0.0
lag1__peptide_count__P00734,0.0,0.0
lag1__peptide_count__P01023,0.0,0.0
delta1__protein_npx__P31997,0.0,0.0
delta1__protein_npx__P30086,0.0,0.0
delta1__protein_npx__P27169,0.0,0.0
delta1__protein_npx__P25311,0.0,0.0
delta1__protein_npx__P24592,0.0,0.0
delta1__protein_npx__P23142,0.0,0.0
delta1__protein_npx__P23083,0.0,0.0
delta1__protein_npx__P20933,0.0,0.0
delta1__protein_npx__P20774,0.0,0.0
delta1__protein_npx__P19827,0.0,0.0
lag1__peptide_log__GSPAINVAVHVFRK,0.0,0.0
delta1__protein_npx__P19652,0.0,0.0
delta1__protein_npx__P19021,0.0,0.0
delta1__protein_npx__P18065,0.0,0.0
delta1__protein_npx__P17936,0.0,0.0
delta1__protein_npx__P17174,0.0,0.0
delta1__protein_npx__P16870,0.0,0.0
delta1__protein_npx__P16152,0.0,0.0
delta1__protein_npx__P16070,0.0,0.0
delta1__protein_npx__P16035,0.0,0.0
delta1__protein_npx__P14618,0.0,0.0
delta1__protein_npx__P19823,0.0,0.0
delta1__protein_npx__Q02818,0.0,0.0
delta1__protein_npx__P61916,0.0,0.0
delta1__protein_npx__P61769,0.0,0.0
delta1__protein_npx__P61626,0.0,0.0
delta1__protein_npx__P61278,0.0,0.0
delta1__protein_npx__P60174,0.0,0.0
delta1__protein_npx__P55290,0.0,0.0
delta1__protein_npx__P54289,0.0,0.0
delta1__protein_npx__P51884,0.0,0.0
delta1__protein_npx__P49908,0.0,0.0
delta1__protein_npx__P32754,0.0,0.0
delta1__protein_npx__P43652,0.0,0.0
delta1__protein_npx__P43251,0.0,0.0
delta1__protein_npx__P43121,0.0,0.0
delta1__protein_npx__P41222,0.0,0.0
delta1__protein_npx__P40925,0.0,0.0
delta1__protein_npx__P39060,0.0,0.0
delta1__protein_npx__P36980,0.0,0.0
delta1__protein_npx__P36955,0.0,0.0
delta1__protein_npx__P36222,0.0,0.0
delta1__protein_npx__P35542,0.0,0.0
delta1__protein_npx__P49588,0.0,0.0
delta1__protein_npx__P08253,0.0,0.0
delta1__protein_npx__P08133,0.0,0.0
delta1__protein_npx__P07998,0.0,0.0
delta1__protein_npx__P07858,0.0,0.0
delta1__protein_npx__P07711,0.0,0.0
delta1__protein_npx__P07602,0.0,0.0
delta1__protein_npx__P07339,0.0,0.0
delta1__protein_npx__P07333,0.0,0.0
delta1__protein_npx__P07225,0.0,0.0
delta1__protein_npx__P07195,0.0,0.0
delta1__protein_npx__P14314,0.0,0.0
delta1__protein_npx__P06681,0.0,0.0
delta1__protein_npx__P06454,0.0,0.0
delta1__protein_npx__P06396,0.0,0.0
delta1__protein_npx__P06310,0.0,0.0
delta1__protein_npx__P05546,0.0,0.0
delta1__protein_npx__P05452,0.0,0.0
delta1__protein_npx__P05408,0.0,0.0
delta1__protein_npx__P05156,0.0,0.0
delta1__protein_npx__P05155,0.0,0.0
delta1__protein_npx__P05090,0.0,0.0
delta1__protein_npx__P06727,0.0,0.0
delta1__protein_npx__P14174,0.0,0.0
delta1__protein_npx__P13987,0.0,0.0
delta1__protein_npx__P13671,0.0,0.0
delta1__protein_npx__P13611,0.0,0.0
delta1__protein_npx__P13591,0.0,0.0
delta1__protein_npx__P13521,0.0,0.0
delta1__protein_npx__P13473,0.0,0.0
delta1__protein_npx__P12109,0.0,0.0
delta1__protein_npx__P11277,0.0,0.0
delta1__protein_npx__P11142,0.0,0.0
delta1__protein_npx__P08294,0.0,0.0
delta1__protein_npx__P10645,0.0,0.0
delta1__protein_npx__P10643,0.0,0.0
delta1__protein_npx__P10451,0.0,0.0
delta1__protein_npx__P09871,0.0,0.0
delta1__protein_npx__P09486,0.0,0.0
delta1__protein_npx__P09104,0.0,0.0
delta1__protein_npx__P08697,0.0,0.0
delta1__protein_npx__P08637,0.0,0.0
delta1__protein_npx__P08603,0.0,0.0
delta1__protein_npx__P08571,0.0,0.0
delta1__protein_npx__P08493,0.0,0.0
delta1__protein_npx__P10909,0.0,0.0
delta1__peptide_mean__O60888,0.0,0.0
delta1__peptide_mean__O43505,0.0,0.0
delta1__peptide_mean__O15394,0.0,0.0
delta1__peptide_mean__O15240,0.0,0.0
delta1__peptide_mean__O14773,0.0,0.0
delta1__peptide_mean__O14498,0.0,0.0
delta1__peptide_mean__O00584,0.0,0.0
delta1__peptide_mean__O00533,0.0,0.0
delta1__peptide_mean__O00391,0.0,0.0
delta1__peptide_observation_count,0.0,0.0
delta1__protein_npx__Q06481,0.0,0.0
delta1__peptide_abundance_max,0.0,0.0
delta1__peptide_abundance_min,0.0,0.0
delta1__peptide_abundance_std,0.0,0.0
delta1__peptide_abundance_mean,0.0,0.0
delta1__protein_missing_fraction,0.0,0.0
delta1__protein_feature_count,0.0,0.0
delta1__protein_npx__Q9Y6R7,0.0,0.0
delta1__protein_npx__Q9Y646,0.0,0.0
delta1__protein_npx__Q9UNU6,0.0,0.0
delta1__protein_npx__Q9UKV8,0.0,0.0
delta1__peptide_abundance_sum,0.0,0.0
delta1__peptide_mean__P01042,0.0,0.0
delta1__peptide_mean__P01034,0.0,0.0
delta1__peptide_mean__P01033,0.0,0.0
delta1__peptide_mean__P01031,0.0,0.0
delta1__peptide_mean__P01024,0.0,0.0
delta1__peptide_mean__P01023,0.0,0.0
delta1__peptide_mean__P01019,0.0,0.0
delta1__peptide_mean__P01011,0.0,0.0
delta1__peptide_mean__P01009,0.0,0.0
delta1__peptide_mean__P01008,0.0,0.0
delta1__peptide_mean__O75144,0.0,0.0
delta1__peptide_mean__P00748,0.0,0.0
delta1__peptide_mean__P00747,0.0,0.0
delta1__peptide_mean__P00746,0.0,0.0
delta1__peptide_mean__P00738,0.0,0.0
delta1__peptide_mean__P00736,0.0,0.0
delta1__peptide_mean__P00734,0.0,0.0
delta1__peptide_mean__P00450,0.0,0.0
delta1__peptide_mean__P00441,0.0,0.0
delta1__peptide_mean__O94919,0.0,0.0
delta1__peptide_mean__O75326,0.0,0.0
delta1__peptide_mean__P00751,0.0,0.0
delta1__protein_npx__Q7Z3B1,0.0,0.0
delta1__protein_npx__Q6UXD5,0.0,0.0
delta1__protein_npx__Q6UXB8,0.0,0.0
delta1__protein_npx__Q6UX71,0.0,0.0
delta1__protein_npx__Q562R1,0.0,0.0
delta1__protein_npx__Q16610,0.0,0.0
delta1__protein_npx__Q16270,0.0,0.0
delta1__protein_npx__Q15904,0.0,0.0
delta1__protein_npx__Q14624,0.0,0.0
delta1__protein_npx__Q14515,0.0,0.0
delta1__protein_npx__Q9UHG2,0.0,0.0
delta1__protein_npx__Q14118,0.0,0.0
delta1__protein_npx__Q13740,0.0,0.0
delta1__protein_npx__Q13451,0.0,0.0
delta1__protein_npx__Q13449,0.0,0.0
delta1__protein_npx__Q13332,0.0,0.0
delta1__protein_npx__Q13283,0.0,0.0
delta1__protein_npx__Q12907,0.0,0.0
delta1__protein_npx__Q12841,0.0,0.0
delta1__protein_npx__Q12805,0.0,0.0
delta1__protein_npx__Q08380,0.0,0.0
delta1__protein_npx__Q14508,0.0,0.0
delta1__protein_npx__Q9UBX5,0.0,0.0
delta1__protein_npx__Q9UBR2,0.0,0.0
delta1__protein_npx__Q9NYU2,0.0,0.0
delta1__protein_npx__Q9HDC9,0.0,0.0
delta1__protein_npx__Q9BY67,0.0,0.0
delta1__protein_npx__Q99969,0.0,0.0
delta1__protein_npx__Q99832,0.0,0.0
delta1__protein_npx__Q99829,0.0,0.0
delta1__protein_npx__Q99683,0.0,0.0
delta1__protein_npx__Q99674,0.0,0.0
delta1__protein_npx__Q7Z5P9,0.0,0.0
delta1__protein_npx__Q96S96,0.0,0.0
delta1__protein_npx__Q96PD5,0.0,0.0
delta1__protein_npx__Q96KN2,0.0,0.0
delta1__protein_npx__Q96BZ4,0.0,0.0
delta1__protein_npx__Q92876,0.0,0.0
delta1__protein_npx__Q92823,0.0,0.0
delta1__protein_npx__Q92520,0.0,0.0
delta1__protein_npx__Q8NE71,0.0,0.0
delta1__protein_npx__Q8NBJ4,0.0,0.0
delta1__protein_npx__Q8N2S1,0.0,0.0
delta1__protein_npx__Q8IWV7,0.0,0.0
delta1__protein_npx__Q99435,0.0,0.0
lag1__peptide_log__TPLGDTTHTC(UniMod_4)PR,0.0,0.0
lag1__peptide_log__TM(UniMod_35)LLQPAGSLGSYSYR,0.0,0.0
lag1__peptide_log__TLLSNLEEAKK,0.0,0.0
lag1__peptide_log__TKEEYGHSEVVEYYC(UniMod_4)NPR,0.0,0.0
lag1__peptide_log__TEGDGVYTLNNEK,0.0,0.0
lag1__peptide_log__TDASDVKPC(UniMod_4),0.0,0.0
lag1__peptide_log__SWFEPLVEDM(UniMod_35)QR,0.0,0.0
lag1__peptide_log__SSQGGSLPSEEK,0.0,0.0
lag1__peptide_log__SPVGVQPILNEHTFC(UniMod_4)AGMSK,0.0,0.0
lag1__peptide_log__SNSSM(UniMod_35)HITDC(UniMod_4)R,0.0,0.0
delta1__protein_npx__P05067,0.0,0.0
lag1__peptide_log__SLAAAAGKQELAK,0.0,0.0
lag1__peptide_log__SGELEQEEER,0.0,0.0
lag1__peptide_log__SGEATDGARPQALPEPMQESK,0.0,0.0
lag1__peptide_log__SFNRGEC(UniMod_4),0.0,0.0
lag1__peptide_log__SELEEQLTPVAEETR,0.0,0.0
lag1__peptide_log__SEALAVDGAGKPGAEEAQDPEGK,0.0,0.0
lag1__peptide_log__SC(UniMod_4)SPELQQK,0.0,0.0
lag1__peptide_log__SC(UniMod_4)DTPPPC(UniMod_4)PR,0.0,0.0
lag1__peptide_log__RGYQLSDVDGVTC(UniMod_4)EDIDEC(UniMod_4)ALPTGGHIC(UniMod_4)SYR,0.0,0.0
lag1__peptide_log__QWAGLVEK,0.0,0.0
lag1__peptide_log__SLAELGGHLDQQVEEFRR,0.0,0.0
lag1__peptide_feature_count,0.0,0.0
lag1__peptide_log__YYWGGQYTWDMAK,0.0,0.0
lag1__peptide_log__YVMLPVADQDQC(UniMod_4)IR,0.0,0.0
lag1__peptide_log__YIVSGTPTFVPYLIK,0.0,0.0
lag1__peptide_log__WELALGR,0.0,0.0
lag1__peptide_log__VYC(UniMod_4)DMNTENGGWTVIQNR,0.0,0.0
lag1__peptide_log__VTSIQDWVQK,0.0,0.0
lag1__peptide_log__VTLTC(UniMod_4)VAPLSGVDFQLR,0.0,0.0
lag1__peptide_log__VQPYLDDFQKK,0.0,0.0
lag1__peptide_log__VQAAVGTSAAPVPSDNH,0.0,0.0
lag1__peptide_log__TPVSDRVTK,0.0,0.0
lag1__peptide_log__VLLDQLR,0.0,0.0
lag1__peptide_log__VKDLATVYVDVLK,0.0,0.0
lag1__peptide_log__VDSGNDVTDIADDGC(UniMod_4)PKPPEIAHGYVEHSVR,0.0,0.0
lag1__peptide_log__VDNALQSGNSQESVTEQDSKDSTYSLSSTLTLSK,0.0,0.0
lag1__peptide_log__VC(UniMod_4)PFAGILENGAVR,0.0,0.0
lag1__peptide_log__TVVQPSVGAAAGPVVPPC(UniMod_4)PGR,0.0,0.0
lag1__peptide_log__TTPPVLDSDGSFFLYSR,0.0,0.0
lag1__peptide_log__TTPPVLDSDGSFFLYSK,0.0,0.0
lag1__peptide_log__TSPVDEKALQDQLVLVAAK,0.0,0.0
lag1__peptide_log__TSAHGNVAEGETKPDPDVTER,0.0,0.0
lag1__peptide_log__VMPIC(UniMod_4)LPSKDYAEVGR,0.0,0.0
lag1__peptide_log__LGPLVEQGR,0.0,0.0
lag1__peptide_log__LGADMEDVC(UniMod_4)GR,0.0,0.0
lag1__peptide_log__LGADM(UniMod_35)EDVC(UniMod_4)GR,0.0,0.0
lag1__peptide_log__LFDSDPITVTVPVEVSR,0.0,0.0
lag1__peptide_log__LEGQEEEEDNRDSSMK,0.0,0.0
lag1__peptide_log__LDEVKEQVAEVR,0.0,0.0
lag1__peptide_log__LC(UniMod_4)MGSGLNLC(UniMod_4)EPNNKEGYYGYTGAFR,0.0,0.0
lag1__peptide_log__LAVYQAGAR,0.0,0.0
lag1__peptide_log__KVEQAVETEPEPELR,0.0,0.0
lag1__peptide_log__KQELSEAEQATR,0.0,0.0
lag1__peptide_log__QQETAAAETETR,0.0,0.0
lag1__peptide_log__KAADDTWEPFASGK,0.0,0.0
lag1__peptide_log__IMNGEADAMSLDGGFVYIAGK,0.0,0.0
lag1__peptide_log__ILTC(UniMod_4)M(UniMod_35)QGMEEIR,0.0,0.0
lag1__peptide_log__ILLQGTPVAQMTEDAVDAER,0.0,0.0
lag1__peptide_log__IHWESASLLR,0.0,0.0
lag1__peptide_log__HYTNPSQDVTVPC(UniMod_4)PVPPPPPC(UniMod_4)C(UniMod_4)HPR,0.0,0.0
lag1__peptide_log__HYEGSTVPEK,0.0,0.0
lag1__peptide_log__HYDGSYSTFGER,0.0,0.0
lag1__peptide_log__HGGLYHENMR,0.0,0.0
lag1__peptide_log__GYQLSDVDGVTC(UniMod_4)EDIDEC(UniMod_4)ALPTGGHIC(UniMod_4)SYR,0.0,0.0
lag1__peptide_log__KFPSGTFEQVSQLVK,0.0,0.0
lag1__peptide_log__QNC(UniMod_4)ELFEQLGEYK,0.0,0.0
lag1__peptide_log__QKVEPLRAELQEGAR,0.0,0.0
lag1__peptide_log__QIGSVYR,0.0,0.0
lag1__peptide_log__NPDSSTTGPWC(UniMod_4)YTTDPTVR,0.0,0.0
lag1__peptide_log__NPDPWAK,0.0,0.0
lag1__peptide_log__NFPPSQDASGDLYTTSSQLTLPATQC(UniMod_4)PDGK,0.0,0.0
lag1__peptide_log__NFPPSQDASGDLYTTSSQLTLPATQC(UniMod_4)LAGK,0.0,0.0
lag1__peptide_log__MYYSAVDPTKDIFTGLIGPM(UniMod_35)K,0.0,0.0
lag1__peptide_log__MTVTDQVNC(UniMod_4)PK,0.0,0.0
lag1__peptide_log__MASGAANVVGPK,0.0,0.0
lag1__peptide_log__LGPLVEQGRVR,0.0,0.0
lag1__peptide_log__M(UniMod_35)ASGAANVVGPK,0.0,0.0
lag1__peptide_log__LVGGPM(UniMod_35)DASVEEEGVRR,0.0,0.0
lag1__peptide_log__LSSWVLLM(UniMod_35)K,0.0,0.0
lag1__peptide_log__LSNENHGIAQR,0.0,0.0
lag1__peptide_log__LSKELQAAQAR,0.0,0.0
lag1__peptide_log__LRTEGDGVYTLNNEKQWINK,0.0,0.0
lag1__peptide_log__LRTEGDGVYTLNNEK,0.0,0.0
lag1__peptide_log__LQAEAFQAR,0.0,0.0
lag1__peptide_log__LPPTSAHGNVAEGETKPDPDVTER,0.0,0.0
lag1__peptide_log__LIADLGSTSITNLGFR,0.0,0.0
lag1__peptide_log__LGQSLDC(UniMod_4)NAEVYVVPWEK,0.0,0.0
lag1__peptide_log__M(UniMod_35)YLGYEYVTAIR,0.0,0.0
delta1__protein_npx__P02750,0.0,0.0
delta1__protein_npx__P02749,0.0,0.0
delta1__protein_npx__P02748,0.0,0.0
delta1__protein_npx__P02747,0.0,0.0
delta1__protein_npx__P02679,0.0,0.0
delta1__protein_npx__P02675,0.0,0.0
delta1__protein_npx__P02671,0.0,0.0
delta1__protein_npx__P02656,0.0,0.0
delta1__protein_npx__P02655,0.0,0.0
delta1__protein_npx__P02652,0.0,0.0
lag1__peptide_missing_fraction,0.0,0.0
delta1__protein_npx__P02647,0.0,0.0
delta1__protein_npx__P02452,0.0,0.0
delta1__protein_npx__P01877,0.0,0.0
delta1__protein_npx__P01876,0.0,0.0
delta1__protein_npx__P01861,0.0,0.0
delta1__protein_npx__P01860,0.0,0.0
delta1__protein_npx__P01859,0.0,0.0
delta1__protein_npx__P01857,0.0,0.0
delta1__protein_npx__P01834,0.0,0.0
delta1__protein_npx__P01833,0.0,0.0
delta1__protein_npx__P02649,0.0,0.0
delta1__protein_npx__P05060,0.0,0.0
delta1__protein_npx__P04433,0.0,0.0
delta1__protein_npx__P04406,0.0,0.0
delta1__protein_npx__P04275,0.0,0.0
delta1__protein_npx__P04217,0.0,0.0
delta1__protein_npx__P04216,0.0,0.0
delta1__protein_npx__P04211,0.0,0.0
delta1__protein_npx__P04207,0.0,0.0
delta1__protein_npx__P04196,0.0,0.0
delta1__protein_npx__P04180,0.0,0.0
delta1__protein_npx__P02751,0.0,0.0
delta1__protein_npx__P04075,0.0,0.0
delta1__protein_npx__P04004,0.0,0.0
delta1__protein_npx__P02792,0.0,0.0
delta1__protein_npx__P02790,0.0,0.0
delta1__protein_npx__P02787,0.0,0.0
delta1__protein_npx__P02774,0.0,0.0
delta1__protein_npx__P02768,0.0,0.0
delta1__protein_npx__P02766,0.0,0.0
delta1__protein_npx__P02765,0.0,0.0
delta1__protein_npx__P02763,0.0,0.0
delta1__protein_npx__P02753,0.0,0.0
delta1__protein_npx__P04156,0.0,0.0
delta1__protein_npx__P00441,0.0,0.0
delta1__protein_npx__O94919,0.0,0.0
delta1__protein_npx__O75326,0.0,0.0
delta1__protein_npx__O75144,0.0,0.0
delta1__protein_npx__O60888,0.0,0.0
delta1__protein_npx__O43505,0.0,0.0
delta1__protein_npx__O15394,0.0,0.0
delta1__protein_npx__O15240,0.0,0.0
delta1__protein_npx__O14791,0.0,0.0
delta1__protein_npx__O14773,0.0,0.0
delta1__protein_npx__P01780,0.0,0.0
delta1__protein_npx__O00584,0.0,0.0
delta1__protein_npx__O00533,0.0,0.0
delta1__protein_npx__O00391,0.0,0.0
lag1__has_previous_visit,0.0,0.0
lag1__months_since_baseline,0.0,0.0
lag1__visit_index,0.0,0.0
lag1__current_medication_unknown,0.0,0.0
lag1__current_medication_on,0.0,0.0
lag1__current_updrs_3,0.0,0.0
lag1__current_updrs_1,0.0,0.0
delta1__protein_npx__O14498,0.0,0.0
delta1__protein_npx__P01717,0.0,0.0
delta1__protein_npx__P01621,0.0,0.0
delta1__protein_npx__P01608,0.0,0.0
delta1__protein_npx__P01594,0.0,0.0
delta1__protein_npx__P01344,0.0,0.0
delta1__protein_npx__P01042,0.0,0.0
delta1__protein_npx__P01034,0.0,0.0
delta1__protein_npx__P01033,0.0,0.0
delta1__protein_npx__P01031,0.0,0.0
delta1__protein_npx__P01024,0.0,0.0
delta1__protein_npx__P00450,0.0,0.0
delta1__protein_npx__P01019,0.0,0.0
delta1__protein_npx__P01011,0.0,0.0
delta1__protein_npx__P01009,0.0,0.0
delta1__protein_npx__P01008,0.0,0.0
delta1__protein_npx__P00751,0.0,0.0
delta1__protein_npx__P00748,0.0,0.0
delta1__protein_npx__P00747,0.0,0.0
delta1__protein_npx__P00746,0.0,0.0
delta1__protein_npx__P00738,0.0,0.0
delta1__protein_npx__P00736,0.0,0.0
delta1__protein_npx__P00734,0.0,0.0
delta1__protein_npx__P01023,0.0,0.0
