feature,importance_mean,importance_std
rollmean2__current_updrs_2,0.7904704564965828,0.0
current_updrs_2,0.7720238517936201,0.0
rollmean2__current_updrs_3,0.4991816027672098,0.0
current_updrs_3,0.48541445562420354,0.0
current_updrs_1,0.34067892270367456,0.0
rollmean2__current_updrs_1,0.3335299854988384,0.0
lag1__current_updrs_2,0.32733102892623883,0.0
lag1__current_updrs_3,0.2069627043192745,0.0
delta1__current_updrs_2,0.13860083595370712,0.0
missing__peptide_log__EILSVDC(UniMod_4)STNNPSQAK,0.13850402069815762,0.0
rollmean2__peptide_std__P05067,0.13738228739163516,0.0
peptide_log__HYEGSTVPEK,0.13437777209393112,0.0
lag1__current_updrs_4,0.12850644968752403,0.0
rollmean2__peptide_std__P01008,0.1226304244662667,0.0
peptide_std__P05067,0.12172637537690473,0.0
lag1__peptide_log__TVVQPSVGAAAGPVVPPC(UniMod_4)PGR,0.12006451480924259,0.0
lag1__protein_npx__P04433,0.11580294127979646,0.0
delta1__peptide_std__Q12841,0.11507419954435827,0.0
missing__peptide_log__KAADDTWEPFASGK,0.11188763899288512,0.0
rollmean2__peptide_log__C(UniMod_4)DSSPDSAEDVRK,0.11107192221673357,0.0
lag1__peptide_mean__P02652,0.10894043974208735,0.0
lag1__peptide_log__C(UniMod_4)DSSPDSAEDVRK,0.10889921074691132,0.0
missing__peptide_count__P05546,0.10853675674165665,0.0
missing__protein_npx__P05546,0.10853675674165665,0.0
missing__peptide_mean__P05546,0.10853675674165665,0.0
rollmean2__peptide_std__P06681,0.107976576689876,0.0
rollmean2__protein_npx__P02753,0.1069067865044472,0.0
rollmean2__current_updrs_4,0.10651255157392643,0.0
rollmean2__peptide_log__ELDESLQVAER,0.10544987258870119,0.0
missing__peptide_log__C(UniMod_4)IIEVLSNALSK,0.10489235191767006,0.0
lag1__peptide_log__ELDESLQVAER,0.10450504566466767,0.0
rollmean2__peptide_log__HYEGSTVPEK,0.10393607752343925,0.0
peptide_count__Q96PD5,0.10372609652927331,0.0
missing__protein_npx__P04275,0.10320478275716317,0.0
missing__peptide_count__P04275,0.10320478275716317,0.0
missing__peptide_mean__P04275,0.10320478275716317,0.0
rollmean2__peptide_log__TQVNTQAEQLRR,0.10154231411317577,0.0
lag1__current_updrs_1,0.10141507841408856,0.0
peptide_std__P06681,0.10008475447161401,0.0
protein_npx__P02753,0.09901854500509118,0.0
delta1__current_updrs_1,0.09889249021173967,0.0
rollmean2__peptide_count__P19823,0.09871417785203612,0.0
peptide_log__WELALGR,0.09862817889870433,0.0
missing__peptide_log__C(UniMod_4)VDVDEC(UniMod_4)APPAEPC(UniMod_4)GK,0.09842975318607255,0.0
delta1__peptide_std__P01019,0.09840594022017672,0.0
slope1__peptide_count__P07225,0.09821892779693608,0.0
rollmean2__peptide_mean__Q8NE71,0.09740774750088624,0.0
delta1__peptide_count__P13611,0.09669702003346037,0.0
delta1__peptide_log__RGYQLSDVDGVTC(UniMod_4)EDIDEC(UniMod_4)ALPTGGHIC(UniMod_4)SYR,0.09634524723608417,0.0
rollmean2__peptide_count__Q96PD5,0.09618187698456536,0.0
delta1__peptide_log__LGADM(UniMod_35)EDVC(UniMod_4)GR,0.09550499088577143,0.0
protein_npx__P01031,0.09476997404655414,0.0
peptide_log__C(UniMod_4)SYTEDAQC(UniMod_4)IDGTIEVPK,0.09466362325780582,0.0
lag1__peptide_count__P13591,0.09371072102582567,0.0
peptide_log__LGADMEDVC(UniMod_4)GR,0.09363721341096383,0.0
rollmean2__peptide_count__O00533,0.09279901211551649,0.0
delta1__peptide_mean__P02748,0.09267729875862782,0.0
rollmean2__peptide_std__Q9Y6R7,0.09241014256057635,0.0
rollmean2__current_medication_unknown,0.09228601731698706,0.0
slope1__peptide_count__P13611,0.09216025367875849,0.0
peptide_std__P39060,0.09168391983822866,0.0
delta1__peptide_count__O00533,0.09141775854174228,0.0
lag1__peptide_log__GEVQAMLGQSTEELR,0.09059070350756923,0.0
missing__peptide_log__KVEQAVETEPEPELR,0.08971745318849086,0.0
missing__peptide_log__SELEEQLTPVAEETR,0.08908423042806016,0.0
rollmean2__peptide_count__P01876,0.08896030965633962,0.0
lag1__peptide_std__P00748,0.08818160081576179,0.0
rollmean2__peptide_log__GEVQAMLGQSTEELR,0.0873643036985356,0.0
peptide_log__RGYQLSDVDGVTC(UniMod_4)EDIDEC(UniMod_4)ALPTGGHIC(UniMod_4)SYR,0.08672185855164256,0.0
rollmean2__peptide_log__AVGDKLPEC(UniMod_4)EADDGC(UniMod_4)PKPPEIAHGYVEHSVR,0.08655873036577845,0.0
peptide_log__GEVQAMLGQSTEELR,0.08603167779109318,0.0
rollmean2__peptide_mean__P98160,0.08597870132042643,0.0
lag1__peptide_count__P05452,0.08595698072346791,0.0
rollmean2__peptide_mean__P01591,0.08578943081012724,0.0
lag1__peptide_std__P01042,0.08573252477911043,0.0
rollmean2__peptide_mean__Q02818,0.08497090536727195,0.0
current_medication_unknown,0.08482016221469674,0.0
missing__current_medication_on,0.08482016221469674,0.0
rollmean2__peptide_log__C(UniMod_4)RDQLPYIC(UniMod_4)QFGIV,0.0847515564307168,0.0
lag1__peptide_count__Q9UBX5,0.08448341520381228,0.0
rollmean2__peptide_log__C(UniMod_4)TSTGWIPAPR,0.08440869311058932,0.0
missing__peptide_log__LAVYQAGAR,0.08437412940427741,0.0
rollmean2__peptide_mean__P02787,0.08396997221671837,0.0
peptide_mean__P19827,0.08317324667080941,0.0
peptide_mean__O14498,0.08312365294234088,0.0
missing__peptide_log__TPLGDTTHTC(UniMod_4)PR,0.0828728037688036,0.0
delta1__peptide_log__TVVQPSVGAAAGPVVPPC(UniMod_4)PGR,0.08284264443632659,0.0
peptide_mean__P01591,0.08261466823088993,0.0
slope1__current_updrs_2,0.08250647356622468,0.0
missing__peptide_std__P10643,0.08195333127574378,0.0
rollmean2__peptide_log__WELALGR,0.08167196486278466,0.0
missing__protein_npx__Q9NYU2,0.08114086757122428,0.0
missing__peptide_mean__Q9NYU2,0.08114086757122428,0.0
missing__peptide_count__Q9NYU2,0.08114086757122428,0.0
lag1__peptide_std__P06681,0.08108990211741479,0.0
peptide_log__TQVNTQAEQLRR,0.08071259419163523,0.0
rollmean2__peptide_std__P00748,0.08055966442139625,0.0
protein_npx__P01860,0.08033582841536255,0.0
peptide_log__RTPITVVK,0.08024437437052162,0.0
rollmean2__peptide_mean__P06310,0.08018921235215098,0.0
rollmean2__peptide_mean__P02753,0.08012452111489848,0.0
peptide_log__C(UniMod_4)DSSPDSAEDVRK,0.07992787110364653,0.0
protein_npx__Q9UBR2,0.07987737091024537,0.0
lag1__peptide_log__LFDSDPITVTVPVEVSR,0.07951593283278353,0.0
missing__peptide_log__TEGDGVYTLNNEK,0.07937281342188318,0.0
rollmean2__peptide_count__P02787,0.07935467792366101,0.0
missing__peptide_std__P43121,0.07925869481248449,0.0
slope1__peptide_count__O00533,0.07912069787933176,0.0
rollmean2__protein_npx__P02652,0.07911646783864458,0.0
rollmean2__protein_npx__P01860,0.07890892253528048,0.0
peptide_mean__Q8NE71,0.07878010913759328,0.0
protein_npx__Q9UBX5,0.07848052130735206,0.0
rollmean2__protein_npx__Q9Y6R7,0.07827251257678017,0.0
slope1__peptide_std__P01008,0.07819982555895306,0.0
peptide_mean__Q9UBR2,0.07816790116518033,0.0
rollmean2__peptide_log__NPDSSTTGPWC(UniMod_4)YTTDPTVR,0.07812337574599784,0.0
peptide_count__P08571,0.078117218422614,0.0
missing__peptide_std__O75144,0.0780429068168611,0.0
peptide_log__DLATVYVDVLK,0.07801398851620465,0.0
peptide_std__P01008,0.07777150144280291,0.0
missing__peptide_std__P17174,0.07742967194680407,0.0
rollmean2__peptide_log__RTPITVVK,0.07725023977385859,0.0
missing__peptide_log__ALGISPFHEHAEVVFTANDSGPR,0.07706202658177182,0.0
delta1__protein_npx__P01019,0.07689271411070897,0.0
lag1__peptide_log__YYWGGQYTWDMAK,0.07663623509958743,0.0
slope1__peptide_mean__P02792,0.0766232114493525,0.0
rollmean2__peptide_count__P02763,0.07659438497851309,0.0
delta1__peptide_std__P01008,0.07657476233478774,0.0
lag1__peptide_count__P20774,0.07611292615030477,0.0
lag1__peptide_log__LGQSLDC(UniMod_4)NAEVYVVPWEK,0.07593401430652297,0.0
protein_npx__O14498,0.07590786255801271,0.0
peptide_mean__P98160,0.07590476185557707,0.0
slope1__peptide_count__O75144,0.07545135742725591,0.0
lag1__peptide_mean__P04433,0.07533432805579586,0.0
slope1__peptide_std__P13611,0.07522341530719656,0.0
lag1__protein_npx__P04196,0.07509754600749005,0.0
peptide_std__P01023,0.07505934566649686,0.0
peptide_mean__Q02818,0.07502287182092579,0.0
missing__protein_npx__Q6UXD5,0.07482939362370118,0.0
missing__peptide_mean__Q6UXD5,0.07482939362370118,0.0
missing__peptide_count__Q6UXD5,0.07482939362370118,0.0
rollmean2__peptide_mean__O14498,0.07429789909245879,0.0
peptide_std__P00748,0.07425097141676558,0.0
lag1__protein_npx__P00734,0.07420253105453535,0.0
missing__peptide_log__ILLQGTPVAQMTEDAVDAER,0.07416096017020085,0.0
missing__peptide_mean__P17174,0.07412214591300177,0.0
missing__protein_npx__P17174,0.07412214591300177,0.0
missing__peptide_count__P17174,0.07412214591300177,0.0
lag1__peptide_mean__P19827,0.07391244811352539,0.0
delta1__protein_npx__P05090,0.0737192001049051,0.0
slope1__peptide_log__LGADM(UniMod_35)EDVC(UniMod_4)GR,0.0736619477888883,0.0
lag1__peptide_mean__P00734,0.07363674048475374,0.0
rollmean2__protein_npx__Q02818,0.07338699303274374,0.0
rollmean2__peptide_log__AATVGSLAGQPLQER,0.07318299473796154,0.0
peptide_log__C(UniMod_4)RDQLPYIC(UniMod_4)QFGIV,0.07286172091086057,0.0
rollmean2__peptide_count__Q9NQ79,0.0728454589531721,0.0
rollmean2__peptide_count__P10909,0.07283142364979876,0.0
rollmean2__peptide_log__C(UniMod_4)SYTEDAQC(UniMod_4)IDGTIEVPK,0.07279190378112334,0.0
missing__peptide_log__YVM(UniMod_35)LPVADQDQC(UniMod_4)IR,0.07273130373740469,0.0
rollmean2__protein_npx__P05155,0.07259858880271598,0.0
peptide_std__P01877,0.07255138577520479,0.0
missing__peptide_log__LPPTSAHGNVAEGETKPDPDVTER,0.07245463788579996,0.0
peptide_mean__P02787,0.07245216215836937,0.0
current_updrs_4,0.07245171215842464,0.0
slope1__peptide_log__ADDKETC(UniMod_4)FAEEGK,0.07236736271381161,0.0
rollmean2__peptide_count__P61916,0.07218943147976062,0.0
lag1__protein_npx__Q8IWV7,0.0721689468977851,0.0
protein_npx__P08253,0.07216099844147733,0.0
slope1__peptide_std__P02760,0.07204333533832416,0.0
lag1__peptide_std__Q12907,0.07198045774837564,0.0
protein_npx__P00747,0.07197322589773937,0.0
slope1__peptide_count__P02452,0.07195873515881976,0.0
lag1__peptide_log__LDEVKEQVAEVR,0.07190527630110541,0.0
peptide_log__DSGFQM(UniMod_35)NQLR,0.07183614643821173,0.0
protein_npx__P02652,0.07173208877680784,0.0
rollmean2__peptide_mean__P17174,0.07139083289469059,0.0
rollmean2__peptide_count__P00747,0.07133557301944257,0.0
rollmean2__peptide_log__TM(UniMod_35)LLQPAGSLGSYSYR,0.07106534865885257,0.0
delta1__peptide_log__DLATVYVDVLK,0.0710583542190909,0.0
lag1__peptide_count__Q14515,0.07096399375323412,0.0
delta1__peptide_mean__P23142,0.07088109210067814,0.0
rollmean2__peptide_std__P01023,0.07082670658154283,0.0
peptide_mean__P02753,0.0707784544603829,0.0
rollmean2__protein_npx__O14498,0.07069169631410623,0.0
peptide_mean__P01031,0.07057975257792647,0.0
delta1__peptide_mean__P43121,0.07043058062206747,0.0
rollmean2__protein_npx__P08253,0.07034859336785111,0.0
peptide_count__P61916,0.07034279329723742,0.0
missing__peptide_std__Q96PD5,0.07031089226244822,0.0
slope1__peptide_std__P02766,0.07031074484508286,0.0
lag1__peptide_std__Q9Y6R7,0.0702759497286309,0.0
rollmean2__peptide_count__P02747,0.06990116071866488,0.0
peptide_std__P01834,0.0698648537349755,0.0
slope1__protein_npx__Q12841,0.06978752893632624,0.0
peptide_std__Q9Y6R7,0.06976382215074843,0.0
rollmean2__peptide_std__P19823,0.069756318378329,0.0
slope1__protein_npx__P01019,0.06958338948094506,0.0
slope1__peptide_count__P02751,0.06948221739148995,0.0
delta1__peptide_count__Q6UXB8,0.06944669858033677,0.0
lag1__protein_npx__P02765,0.06929476282633325,0.0
lag1__protein_npx__Q9Y6R7,0.0692240116058503,0.0
rollmean2__protein_npx__Q9UBX5,0.06919113229997458,0.0
lag1__peptide_count__P16070,0.0691782684564834,0.0
slope1__peptide_mean__P43121,0.0690935476911879,0.0
lag1__protein_npx__P19827,0.06902795626676182,0.0
rollmean2__protein_npx__P16070,0.06890012154964198,0.0
delta1__peptide_mean__Q6UX71,0.0688796869818933,0.0
peptide_count__O75144,0.06886586920766267,0.0
slope1__peptide_std__P01019,0.06886574284395312,0.0
lag1__protein_npx__P02750,0.06873865029167499,0.0
delta1__protein_npx__P05060,0.06861947561129764,0.0
lag1__peptide_std__P98160,0.06830552915794849,0.0
slope1__peptide_abundance_max,0.06824515105731208,0.0
lag1__protein_npx__P13591,0.06818535797557983,0.0
rollmean2__protein_npx__P01031,0.06815523763839465,0.0
peptide_log__IMNGEADAMSLDGGFVYIAGK,0.06805948683610676,0.0
missing__protein_npx__P01861,0.06797177123914572,0.0
missing__peptide_count__P01861,0.06797177123914572,0.0
missing__peptide_log__TTPPVLDSDGSFFLYSR,0.06797177123914572,0.0
missing__peptide_mean__P01861,0.06797177123914572,0.0
peptide_count__P61769,0.0678977115131225,0.0
lag1__peptide_std__Q14118,0.06785691983830892,0.0
rollmean2__peptide_count__P14314,0.06772141268516547,0.0
rollmean2__peptide_std__P01834,0.06764642633772122,0.0
missing__peptide_log__SLAAAAGKQELAK,0.06747045447655452,0.0
missing__protein_npx__P61278,0.06747045447655452,0.0
missing__peptide_mean__P61278,0.06747045447655452,0.0
missing__peptide_count__P61278,0.06747045447655452,0.0
rollmean2__peptide_log__LVGGPM(UniMod_35)DASVEEEGVRR,0.06740766369472283,0.0
lag1__peptide_std__P54289,0.06740582826423952,0.0
rollmean2__protein_npx__P02787,0.06731530940714375,0.0
rollmean2__peptide_count__P08571,0.06728306302472496,0.0
peptide_log__NFPPSQDASGDLYTTSSQLTLPATQC(UniMod_4)LAGK,0.06724272277898104,0.0
peptide_log__C(UniMod_4)TSTGWIPAPR,0.06705771135736577,0.0
slope1__peptide_log__DLATVYVDVLK,0.06705023647465723,0.0
slope1__peptide_mean__Q6UX71,0.06698625566501082,0.0
delta1__peptide_mean__P02792,0.06695953269705052,0.0
peptide_std__P17174,0.06691465277311358,0.0
rollmean2__peptide_std__P10909,0.06691118965271838,0.0
lag1__peptide_std__P39060,0.06679935100041232,0.0
rollmean2__peptide_std__Q14118,0.06669617301518387,0.0
rollmean2__protein_npx__Q9UNU6,0.0666078744619703,0.0
lag1__peptide_count__P14618,0.0665554820124743,0.0
slope1__protein_npx__Q6UX71,0.06654295471363551,0.0
rollmean2__peptide_log__MTVTDQVNC(UniMod_4)PK,0.06649552098873496,0.0
missing__peptide_mean__P13591,0.06645055115210917,0.0
missing__protein_npx__P13591,0.06645055115210917,0.0
missing__peptide_count__P13591,0.06645055115210917,0.0
peptide_mean__P02774,0.06639987694907631,0.0
peptide_count__P00747,0.06630960541054294,0.0
slope1__peptide_count__Q6UXB8,0.06630750671041898,0.0
delta1__current_updrs_3,0.06624133366509502,0.0
rollmean2__protein_npx__Q8NE71,0.06621518183597841,0.0
lag1__protein_npx__Q6UXD5,0.06611051975783659,0.0
missing__protein_npx__P19021,0.06608129614484572,0.0
missing__peptide_count__P19021,0.06608129614484572,0.0
missing__peptide_mean__P19021,0.06608129614484572,0.0
slope1__peptide_std__Q08380,0.06601116196860475,0.0
slope1__peptide_mean__P23142,0.06595545886845482,0.0
peptide_count__P19823,0.06569058386062683,0.0
peptide_mean__Q9UBX5,0.06563715967105448,0.0
delta1__peptide_mean__Q13740,0.06551242514175552,0.0
protein_npx__Q02818,0.06543018000967676,0.0
lag1__peptide_mean__P07225,0.06542865030670159,0.0
rollmean2__peptide_log__IMNGEADAMSLDGGFVYIAGK,0.06528375144529523,0.0
rollmean2__peptide_log__GC(UniMod_4)PTEEGC(UniMod_4)GER,0.065164115462751,0.0
missing__peptide_log__HYDGSYSTFGER,0.0651596729251024,0.0
rollmean2__protein_npx__P02647,0.06514583867446619,0.0
lag1__protein_npx__P06727,0.06511068225673272,0.0
lag1__protein_npx__P02748,0.06506185108965401,0.0
lag1__peptide_count__P06396,0.06506125652109163,0.0
lag1__peptide_count__P08571,0.0650439348576036,0.0
lag1__peptide_count__P05155,0.0649599138017805,0.0
delta1__protein_npx__P17936,0.06491399623939327,0.0
slope1__current_updrs_3,0.06482756411064029,0.0
slope1__peptide_std__P06727,0.0647721551630094,0.0
rollmean2__peptide_mean__P16070,0.06460936258830813,0.0
missing__peptide_log__AATVGSLAGQPLQER,0.06456677956510375,0.0
missing__peptide_std__P19823,0.06456151135382349,0.0
slope1__peptide_mean__P01717,0.06442006244498918,0.0
peptide_std__P10909,0.06440611004677689,0.0
slope1__protein_npx__O75326,0.06434237507203272,0.0
rollmean2__peptide_count__P43652,0.0643367713669135,0.0
rollmean2__peptide_count__P13611,0.06432985155879803,0.0
rollmean2__protein_npx__P06310,0.06423858492253343,0.0
rollmean2__peptide_log__KQELSEAEQATR,0.06406569939635544,0.0
lag1__peptide_count__Q9Y6R7,0.06396546172353045,0.0
peptide_std__P08493,0.0639629205702218,0.0
slope1__protein_npx__P13591,0.06385884954954066,0.0
delta1__peptide_count__Q14515,0.06371447445198956,0.0
rollmean2__peptide_log__LFDSDPITVTVPVEVSR,0.06366797003064525,0.0
delta1__peptide_mean__P02655,0.06366754268127882,0.0
rollmean2__peptide_log__NFPPSQDASGDLYTTSSQLTLPATQC(UniMod_4)LAGK,0.06363092482136998,0.0
peptide_mean__P13611,0.06362260646836154,0.0
slope1__peptide_std__P17174,0.0635299451991612,0.0
missing__peptide_count__Q13332,0.06341638545458823,0.0
missing__peptide_mean__Q13332,0.06341638545458823,0.0
missing__protein_npx__Q13332,0.06341638545458823,0.0
lag1__peptide_mean__P20774,0.0634032704968817,0.0
slope1__peptide_count__P02768,0.0634017435357053,0.0
delta1__peptide_mean__P09486,0.06337205033931759,0.0
slope1__current_updrs_4,0.06314867579360456,0.0
peptide_count__P02763,0.06313394438739331,0.0
lag1__peptide_mean__Q96S96,0.0630480824695025,0.0
peptide_count__P02787,0.06304548072920707,0.0
peptide_std__P02750,0.06304328142249159,0.0
missing__peptide_log__EDSLEAGLPLQVR,0.06293342913848325,0.0
rollmean2__protein_npx__P80748,0.06275524256651784,0.0
rollmean2__protein_npx__P04180,0.06269874952225597,0.0
delta1__peptide_count__P01019,0.06267518471061277,0.0
peptide_log__DSGEGDFLAEGGGVR,0.06265996957998743,0.0
missing__peptide_std__P13591,0.062480393383216704,0.0
rollmean2__peptide_log__ILTC(UniMod_4)M(UniMod_35)QGMEEIR,0.06246061540640053,0.0
rollmean2__peptide_mean__Q8IWV7,0.06246061540640053,0.0
peptide_mean__P01833,0.062452110547202455,0.0
rollmean2__peptide_std__P43121,0.06243065595941714,0.0
protein_npx__P00748,0.0624234047157077,0.0
slope1__peptide_count__P18065,0.06237292754008625,0.0
peptide_mean__P17936,0.06237020993120426,0.0
delta1__protein_npx__P02748,0.06230528687059047,0.0
lag1__current_medication_unknown,0.062301787963494455,0.0
rollmean2__peptide_std__P02748,0.06219629773930976,0.0
delta1__peptide_count__P55290,0.06217332329379236,0.0
delta1__protein_npx__Q6UX71,0.062070465024737655,0.0
peptide_count__P02765,0.06204610588291168,0.0
peptide_std__P00441,0.062026962939881476,0.0
rollmean2__peptide_mean__Q6UX71,0.06187604056197349,0.0
missing__peptide_log__YYWGGQYTWDMAK,0.061842739487937434,0.0
rollmean2__peptide_count__P27169,0.06180564807560068,0.0
rollmean2__peptide_std__P00734,0.061652204509578395,0.0
lag1__protein_npx__P20774,0.061502109653598425,0.0
rollmean2__protein_npx__Q9NYU2,0.06148125666216604,0.0
lag1__peptide_count__Q96KN2,0.06142581350302538,0.0
rollmean2__protein_npx__P20933,0.06135060031332066,0.0
missing__peptide_log__VKDLATVYVDVLK,0.061349889854318176,0.0
slope1__peptide_std__P09871,0.06131729173646248,0.0
rollmean2__peptide_mean__Q9NYU2,0.06126990482968811,0.0
lag1__peptide_count__P02768,0.06114285092617888,0.0
peptide_count__P14314,0.06113223248699643,0.0
lag1__peptide_mean__P61626,0.06107711277760961,0.0
missing__peptide_log__LIADLGSTSITNLGFR,0.06102558627194263,0.0
lag1__peptide_mean__P98160,0.061002020572443354,0.0
lag1__peptide_mean__P02748,0.060930426332454664,0.0
delta1__protein_npx__P40925,0.06088928822097322,0.0
missing__peptide_std__Q9NQ79,0.060789136097267896,0.0
slope1__peptide_count__Q96PD5,0.06076888327012954,0.0
protein_npx__O14773,0.06073316410518126,0.0
slope1__peptide_log__KVEQAVETEPEPELR,0.060714876930174806,0.0
missing__protein_npx__P43121,0.06070723078356712,0.0
missing__peptide_count__P43121,0.06070723078356712,0.0
missing__peptide_mean__P43121,0.06070723078356712,0.0
rollmean2__peptide_std__P41222,0.060643349858675685,0.0
missing__protein_npx__P01780,0.06063632151985178,0.0
missing__peptide_count__P01780,0.06063632151985178,0.0
missing__peptide_mean__P01780,0.06063632151985178,0.0
delta1__peptide_count__P36222,0.060528993550106075,0.0
delta1__peptide_count__P01023,0.060510032421772914,0.0
rollmean2__peptide_mean__P20933,0.060459667587357185,0.0
lag1__peptide_count__P00441,0.060425361405256534,0.0
missing__peptide_log__NPDPWAK,0.06040010127176321,0.0
delta1__peptide_std__P08493,0.06035127358488581,0.0
slope1__peptide_log__TVVQPSVGAAAGPVVPPC(UniMod_4)PGR,0.06026386121150318,0.0
rollmean2__peptide_abundance_max,0.06022092070610549,0.0
lag1__peptide_count__P04217,0.060170007815968596,0.0
slope1__peptide_count__P02760,0.06014634565629305,0.0
rollmean2__peptide_count__Q12805,0.060139069614518544,0.0
delta1__peptide_mean__P05090,0.06008816165818397,0.0
slope1__peptide_count__O94919,0.059994924490254585,0.0
rollmean2__peptide_count__P39060,0.05986441897538109,0.0
delta1__peptide_std__P09871,0.05983336314592245,0.0
rollmean2__protein_npx__P01876,0.05975553985427422,0.0
slope1__peptide_std__Q6UXB8,0.0597112514570109,0.0
lag1__protein_npx__P08123,0.059677014291193674,0.0
delta1__protein_npx__P01591,0.059635580995482884,0.0
lag1__peptide_log__VC(UniMod_4)PFAGILENGAVR,0.05961457363479349,0.0
lag1__peptide_count__P10909,0.05961036721336936,0.0
delta1__peptide_std__Q6UXB8,0.0596101242110743,0.0
peptide_log__AVGDKLPEC(UniMod_4)EADDGC(UniMod_4)PKPPEIAHGYVEHSVR,0.05953155428077185,0.0
missing__peptide_log__MASGAANVVGPK,0.05948321855338522,0.0
lag1__protein_npx__P61626,0.05942779070820747,0.0
lag1__peptide_log__KAADDTWEPFASGK,0.05937351659875171,0.0
lag1__peptide_std__P08493,0.05927773598926643,0.0
rollmean2__peptide_log__YVM(UniMod_35)LPVADQDQC(UniMod_4)IR,0.0591550474162538,0.0
missing__peptide_count__P07333,0.05913982543667755,0.0
missing__peptide_mean__P07333,0.05913982543667755,0.0
missing__protein_npx__P07333,0.05913982543667755,0.0
delta1__peptide_abundance_max,0.05913679073982358,0.0
rollmean2__peptide_mean__Q99829,0.05909542327980266,0.0
delta1__peptide_log__LGADMEDVC(UniMod_4)GR,0.059080617603547714,0.0
delta1__peptide_count__P04433,0.05905977357807953,0.0
rollmean2__peptide_std__P14314,0.05903752238545581,0.0
rollmean2__peptide_log__VTSIQDWVQK,0.05901825189859815,0.0
lag1__peptide_count__P43121,0.05896770021500941,0.0
rollmean2__protein_npx__Q9UBR2,0.05892164686851936,0.0
slope1__protein_npx__P19021,0.058840656304181026,0.0
slope1__peptide_mean__Q6UXB8,0.05871192829417948,0.0
peptide_count__Q12805,0.058655141726097385,0.0
peptide_std__O75144,0.05865308948040902,0.0
delta1__peptide_std__Q13740,0.05863549154733508,0.0
rollmean2__peptide_count__P02765,0.058635346592897826,0.0
delta1__peptide_mean__P16070,0.05861591896054714,0.0
peptide_mean__Q96BZ4,0.05855676873195096,0.0
rollmean2__peptide_mean__P02774,0.05850487675094927,0.0
peptide_count__P01876,0.058474466484175334,0.0
protein_npx__P04180,0.05846245476984269,0.0
delta1__protein_npx__P01033,0.0584526500231314,0.0
rollmean2__peptide_count__P25311,0.05842263352717933,0.0
lag1__peptide_count__P13611,0.05838416648641599,0.0
delta1__peptide_log__DSGEGDFLAEGGGVR,0.05833547808557345,0.0
peptide_count__P08697,0.05832790458094818,0.0
rollmean2__peptide_count__O75144,0.05816847160970156,0.0
rollmean2__protein_npx__P00747,0.0580261109764135,0.0
lag1__peptide_mean__P36222,0.05788181918366486,0.0
peptide_std__Q96PD5,0.057831030738443784,0.0
rollmean2__protein_npx__P14314,0.05782534441312131,0.0
delta1__peptide_count__P06396,0.05773382028017026,0.0
delta1__protein_npx__P06396,0.05772333988260902,0.0
missing__protein_npx__Q9NQ79,0.05762838826485488,0.0
missing__peptide_mean__Q9NQ79,0.05762838826485488,0.0
missing__peptide_count__Q9NQ79,0.05762838826485488,0.0
delta1__peptide_log__KVEQAVETEPEPELR,0.05753289087785351,0.0
missing__peptide_mean__Q99683,0.057420290597006395,0.0
missing__peptide_count__Q99683,0.057420290597006395,0.0
missing__protein_npx__Q99683,0.057420290597006395,0.0
slope1__peptide_mean__Q06481,0.05739937484333521,0.0
lag1__peptide_log__VYC(UniMod_4)DMNTENGGWTVIQNR,0.05738912675126219,0.0
missing__peptide_log__SEALAVDGAGKPGAEEAQDPEGK,0.05735538587394771,0.0
delta1__peptide_count__P07225,0.05735388379016713,0.0
peptide_log__TSPVDEKALQDQLVLVAAK,0.05727742324694023,0.0
missing__peptide_log__SWFEPLVEDM(UniMod_35)QR,0.05724608479524581,0.0
protein_npx__P07711,0.057115688463048146,0.0
peptide_std__P04180,0.05707681268447452,0.0
lag1__peptide_count__P00738,0.05699416578159863,0.0
lag1__peptide_log__NPDPWAK,0.05693522897206482,0.0
peptide_count__P09486,0.05691490219188862,0.0
peptide_std__Q14118,0.05688596761255497,0.0
slope1__peptide_mean__P01860,0.05679657506274505,0.0
delta1__peptide_count__Q96PD5,0.05672067009531014,0.0
lag1__protein_npx__P02656,0.056695891231558444,0.0
lag1__peptide_std__P00738,0.05669390519281725,0.0
slope1__peptide_log__LGADMEDVC(UniMod_4)GR,0.05662122147171607,0.0
protein_npx__P02671,0.05662108534459689,0.0
lag1__peptide_mean__P08637,0.05654886485321892,0.0
missing__peptide_count__P04211,0.05652731696040093,0.0
missing__peptide_mean__P04211,0.05652731696040093,0.0
missing__protein_npx__P04211,0.05652731696040093,0.0
rollmean2__peptide_std__P02750,0.05652656521170483,0.0
rollmean2__protein_npx__O14773,0.05651295333582735,0.0
rollmean2__peptide_mean__Q6UXB8,0.05650307170055657,0.0
lag1__protein_npx__P05546,0.056436564162080635,0.0
peptide_log__SELEEQLTPVAEETR,0.05638769729349095,0.0
rollmean2__peptide_std__Q06481,0.056314155611381346,0.0
rollmean2__peptide_mean__P08253,0.05622161319037107,0.0
lag1__peptide_std__P06727,0.05621980605873396,0.0
delta1__peptide_mean__P07333,0.05620453660511327,0.0
rollmean2__peptide_std__Q14624,0.05615177935781341,0.0
slope1__peptide_mean__P02652,0.05613978522033319,0.0
peptide_log__VTSIQDWVQK,0.05605205424902729,0.0
delta1__peptide_mean__P40925,0.056031848757957026,0.0
slope1__peptide_log__GSPAINVAVHVFRK,0.055938859243742665,0.0
lag1__peptide_count__Q9UHG2,0.05592194084607969,0.0
protein_npx__P01034,0.05587076686284867,0.0
peptide_std__P20774,0.05584984963090798,0.0
lag1__peptide_mean__P08123,0.05584100445418431,0.0
protein_npx__P01591,0.05583285798581688,0.0
missing__peptide_log__LDEVKEQVAEVR,0.055822836609945845,0.0
delta1__peptide_count__P10909,0.05581906130920646,0.0
lag1__protein_npx__P01860,0.05578652997313573,0.0
rollmean2__protein_npx__O14791,0.055696569738071744,0.0
delta1__protein_npx__P08294,0.05566708706757669,0.0
lag1__protein_npx__Q13449,0.05560256991601558,0.0
rollmean2__peptide_count__P05067,0.055576062598994676,0.0
delta1__peptide_count__Q92520,0.0555041761699011,0.0
rollmean2__peptide_log__GSPAINVAVHVFRK,0.055478904670671944,0.0
delta1__peptide_mean__Q9UHG2,0.05533685901628749,0.0
lag1__protein_npx__P01034,0.05533070166165138,0.0
delta1__peptide_mean__P01033,0.05525385212068628,0.0
peptide_std__P04196,0.055227304825289515,0.0
lag1__peptide_mean__P02452,0.055221775126565044,0.0
missing__peptide_log__VC(UniMod_4)PFAGILENGAVR,0.05517685766145874,0.0
lag1__peptide_log__GSPAINVAVHVFRK,0.05516388940627082,0.0
delta1__peptide_std__P07711,0.05514764773883392,0.0
rollmean2__peptide_mean__Q9UNU6,0.055117352581370266,0.0
delta1__peptide_count__P02675,0.055083272847646615,0.0
slope1__protein_npx__P13611,0.05505053061930887,0.0
protein_npx__P16152,0.05498810314264645,0.0
lag1__protein_npx__P32754,0.05492084173396526,0.0
missing__peptide_std__P02748,0.05489256851430014,0.0
peptide_mean__P17174,0.05487283556608965,0.0
delta1__protein_npx__P04075,0.054868590253241346,0.0
lag1__peptide_mean__P06454,0.054858559770933735,0.0
missing__peptide_std__P07711,0.054856604843494056,0.0
lag1__protein_npx__P04075,0.05484684773865182,0.0
delta1__peptide_mean__O15240,0.05481132458241915,0.0
protein_npx__P01833,0.05479704193091627,0.0
lag1__peptide_log__LSSWVLLM(UniMod_35)K,0.05474236397981066,0.0
lag1__peptide_mean__P36980,0.05472130193943944,0.0
slope1__peptide_std__Q96KN2,0.05471263300927223,0.0
protein_npx__Q8NE71,0.05467374495747463,0.0
peptide_count__P39060,0.05462532543288945,0.0
peptide_std__Q14624,0.05447384403625698,0.0
slope1__peptide_std__P08493,0.054472675398050535,0.0
rollmean2__peptide_std__P01009,0.05446698589096572,0.0
rollmean2__protein_npx__P02671,0.054442430157529025,0.0
rollmean2__protein_npx__P01008,0.05442157254099474,0.0
rollmean2__peptide_count__O00584,0.05441713495604207,0.0
rollmean2__peptide_log__KFPSGTFEQVSQLVK,0.05431485789441348,0.0
protein_npx__P02787,0.054215905743051726,0.0
rollmean2__protein_npx__Q99829,0.054123036189262765,0.0
missing__peptide_std__P27169,0.05404839565982817,0.0
rollmean2__protein_npx__P13611,0.05399743620364124,0.0
lag1__protein_npx__Q12841,0.05397800625281031,0.0
rollmean2__peptide_mean__P04075,0.05396826602591019,0.0
delta1__peptide_std__P02675,0.05396037469280631,0.0
delta1__peptide_std__P30086,0.0539381605985841,0.0
lag1__peptide_log__C(UniMod_4)RDQLPYIC(UniMod_4)QFGIV,0.053931208267478103,0.0
slope1__peptide_count__Q16270,0.05391568124502413,0.0
rollmean2__peptide_count__P02766,0.053830034109949985,0.0
peptide_mean__P06310,0.0538128656686105,0.0
rollmean2__peptide_count__P00736,0.05380411853943142,0.0
protein_npx__Q9Y6R7,0.05377893754899635,0.0
peptide_count__P43652,0.053745933356507104,0.0
rollmean2__peptide_log__SELEEQLTPVAEETR,0.05369183736238228,0.0
rollmean2__protein_npx__P00748,0.05353618671077873,0.0
protein_npx__O14791,0.053423623896684966,0.0
slope1__peptide_mean__P04406,0.053328531762811486,0.0
delta1__peptide_mean__P55290,0.05331997379936817,0.0
protein_npx__P01876,0.05322185434019851,0.0
slope1__peptide_std__P04180,0.05307086355383116,0.0
lag1__protein_npx__P43121,0.05306947358808273,0.0
lag1__peptide_std__P01876,0.053066372515798495,0.0
peptide_std__P02675,0.05296013532704082,0.0
slope1__protein_npx__Q96PD5,0.05292879607481693,0.0
missing__peptide_count__P01608,0.052926944220792096,0.0
missing__protein_npx__P01608,0.052926944220792096,0.0
missing__peptide_mean__P01608,0.052926944220792096,0.0
slope1__protein_npx__P19823,0.05292125014291352,0.0
peptide_std__P36222,0.05279630781138127,0.0
peptide_mean__P02652,0.05276864723002955,0.0
slope1__peptide_log__IHWESASLLR,0.05274445924140339,0.0
rollmean2__peptide_std__P43652,0.05265103079995492,0.0
protein_npx__P01780,0.0525953506628342,0.0
lag1__peptide_log__HYEGSTVPEK,0.052473012816995734,0.0
rollmean2__protein_npx__P01591,0.052472105705989903,0.0
delta1__protein_npx__P05155,0.05245092302573172,0.0
peptide_mean__Q8NBJ4,0.05243554084739218,0.0
rollmean2__protein_npx__P01034,0.05235825561825256,0.0
rollmean2__peptide_std__P01877,0.05233111086651145,0.0
missing__peptide_std__P39060,0.052330044541871054,0.0
peptide_count__P07225,0.05232416213725789,0.0
slope1__peptide_std__P08294,0.05231571885801345,0.0
rollmean2__peptide_mean__Q14508,0.052302659160488804,0.0
missing__peptide_log__GEVQAMLGQSTEELRVR,0.052278342407301434,0.0
rollmean2__protein_npx__P02675,0.052232286248222744,0.0
rollmean2__peptide_mean__Q14624,0.05220475864061261,0.0
protein_npx__P06310,0.052130928510450106,0.0
slope1__peptide_mean__Q9Y6R7,0.0521038788495615,0.0
rollmean2__peptide_log__LPPTSAHGNVAEGETKPDPDVTER,0.05209238566455201,0.0
lag1__peptide_mean__P06727,0.0520908973742284,0.0
lag1__peptide_abundance_max,0.051976144913414506,0.0
peptide_log__VYC(UniMod_4)DMNTENGGWTVIQNR,0.05196857750546182,0.0
slope1__protein_npx__Q16270,0.05192516691865513,0.0
protein_npx__P05155,0.05191807763733764,0.0
delta1__current_updrs_4,0.051905268164820786,0.0
lag1__peptide_count__P05156,0.051903536538061276,0.0
protein_npx__P02647,0.05188583909369692,0.0
protein_npx__Q9NYU2,0.051863547733077844,0.0
rollmean2__peptide_std__P25311,0.051863514059550156,0.0
lag1__peptide_std__P01008,0.05184717904326742,0.0
missing__peptide_log__TKEEYGHSEVVEYYC(UniMod_4)NPR,0.051816027461451225,0.0
lag1__peptide_log__TDASDVKPC(UniMod_4),0.05178102510893278,0.0
lag1__peptide_mean__P19021,0.05177186260911231,0.0
delta1__protein_npx__Q8NE71,0.0516914738638584,0.0
slope1__protein_npx__Q9Y646,0.05167646652558812,0.0
delta1__peptide_mean__Q8NE71,0.05163961273209094,0.0
lag1__peptide_count__P01877,0.051618596755731966,0.0
peptide_log__TEGDGVYTLNNEK,0.051458763450892904,0.0
delta1__peptide_count__Q16270,0.05145722095029783,0.0
lag1__peptide_std__P02768,0.0514564342867565,0.0
lag1__peptide_mean__Q6UXD5,0.05145540197761813,0.0
slope1__peptide_log__ATVNPSAPR,0.051449679694516866,0.0
slope1__peptide_std__Q12841,0.05141639668408454,0.0
delta1__peptide_std__P05546,0.05140904716244413,0.0
slope1__protein_npx__P02792,0.051371919914735456,0.0
missing__peptide_log__TVVQPSVGAAAGPVVPPC(UniMod_4)PGR,0.05134813680323825,0.0
delta1__protein_npx__P09486,0.05130965355086257,0.0
peptide_std__Q16270,0.0512852364492108,0.0
rollmean2__protein_npx__P02763,0.051161299878025694,0.0
missing__peptide_std__O00584,0.05115900055401037,0.0
delta1__peptide_count__P02751,0.05114577014569954,0.0
lag1__peptide_std__O75144,0.051144996235959674,0.0
peptide_std__P01859,0.05112660150211985,0.0
lag1__peptide_std__Q14624,0.05111347298980392,0.0
rollmean2__peptide_count__P07711,0.050959290291228324,0.0
rollmean2__peptide_log__VLLDQLR,0.050932092730062176,0.0
rollmean2__peptide_mean__Q9HDC9,0.050932092730062176,0.0
rollmean2__peptide_count__P09486,0.05090917802153759,0.0
lag1__peptide_log__C(UniMod_4)C(UniMod_4)VEC(UniMod_4)PPC(UniMod_4)PAPPVAGPSVFLFPPKPK,0.05090427713783359,0.0
protein_npx__Q9UNU6,0.05090349964576177,0.0
rollmean2__peptide_mean__P02760,0.05090143450068421,0.0
slope1__peptide_count__P06396,0.05081509340776442,0.0
delta1__peptide_count__P13591,0.05081496903992539,0.0
lag1__peptide_count__P02763,0.05079849856131141,0.0
rollmean2__protein_npx__P01877,0.05078562431677024,0.0
rollmean2__protein_npx__P07333,0.05077138271833607,0.0
slope1__peptide_count__Q16610,0.05066625893896228,0.0
lag1__protein_npx__Q9HDC9,0.050635397590746825,0.0
lag1__peptide_mean__Q13449,0.050625354849071796,0.0
delta1__peptide_log__C(UniMod_4)KPVNTFVHEPLVDVQNVC(UniMod_4)FQEK,0.050624795846045983,0.0
delta1__peptide_std__P24592,0.05059706326759317,0.0
missing__peptide_log__HGGLYHENMR,0.05053264475718076,0.0
lag1__protein_npx__P19652,0.05050345962205899,0.0
peptide_log__LVGGPM(UniMod_35)DASVEEEGVRR,0.05047461222739221,0.0
rollmean2__peptide_log__LRTEGDGVYTLNNEKQWINK,0.050447245804787134,0.0
delta1__peptide_log__IHWESASLLR,0.050390703162764505,0.0
slope1__peptide_count__P25311,0.05034398470836058,0.0
protein_npx__Q96PD5,0.050329789767964435,0.0
slope1__peptide_log__C(UniMod_4)KPVNTFVHEPLVDVQNVC(UniMod_4)FQEK,0.05031945820355543,0.0
delta1__peptide_std__O14773,0.05031735775336444,0.0
slope1__peptide_count__P01008,0.050278023100820614,0.0
lag1__peptide_log__KFPSGTFEQVSQLVK,0.050209571178708993,0.0
peptide_mean__Q14515,0.050202518389625306,0.0
rollmean2__peptide_mean__Q9UBX5,0.05019315852948811,0.0
lag1__peptide_std__P00450,0.0501722990311327,0.0
peptide_log__NPDSSTTGPWC(UniMod_4)YTTDPTVR,0.05016781182695293,0.0
slope1__peptide_std__O75144,0.050080889652337965,0.0
delta1__peptide_std__P10643,0.05005381371111127,0.0
delta1__protein_npx__P36222,0.050018248421318676,0.0
missing__peptide_log__SFNRGEC(UniMod_4),0.04996069956233899,0.0
rollmean2__peptide_std__Q16270,0.04989279443802162,0.0
lag1__peptide_count__Q92876,0.0498358254441971,0.0
lag1__peptide_mean__P13611,0.0498169305012166,0.0
delta1__peptide_log__YIVSGTPTFVPYLIK,0.04974333206427433,0.0
rollmean2__peptide_count__P61769,0.0497179612250987,0.0
slope1__peptide_std__O00584,0.04965652020915719,0.0
rollmean2__protein_npx__P02748,0.04962504444640023,0.0
peptide_count__P07602,0.049605503760914174,0.0
lag1__peptide_count__P01023,0.049557544376363505,0.0
lag1__peptide_mean__P04075,0.049553644536427605,0.0
peptide_std__P01876,0.04948600955105522,0.0
lag1__peptide_log__ILTC(UniMod_4)M(UniMod_35)QGMEEIR,0.04944637851910435,0.0
lag1__peptide_mean__Q8IWV7,0.04944637851910435,0.0
delta1__peptide_mean__P11277,0.04944177027801231,0.0
delta1__peptide_log__RLEGQEEEEDNRDSSMK,0.04938012041371348,0.0
missing__peptide_std__P61769,0.049371152008977265,0.0
peptide_count__P00748,0.04932469382616697,0.0
delta1__peptide_log__TDASDVKPC(UniMod_4),0.049296836394041275,0.0
lag1__peptide_std__P20774,0.04929026571060739,0.0
rollmean2__peptide_mean__P19652,0.04928711287633155,0.0
slope1__peptide_log__VDNALQSGNSQESVTEQDSKDSTYSLSSTLTLSK,0.049282879292691414,0.0
protein_npx__P02751,0.049248094074717384,0.0
protein_npx__Q99683,0.04921849454541207,0.0
lag1__peptide_count__Q16270,0.049166429971309066,0.0
rollmean2__peptide_std__P17174,0.049160444668913436,0.0
rollmean2__peptide_count__Q16270,0.049084657150775576,0.0
lag1__peptide_std__P18065,0.04905286921897654,0.0
rollmean2__peptide_count__P01009,0.04900306765744498,0.0
missing__peptide_count__O75326,0.0490029242845875,0.0
missing__protein_npx__O75326,0.0490029242845875,0.0
missing__peptide_mean__O75326,0.0490029242845875,0.0
delta1__peptide_mean__P04406,0.04897625027455186,0.0
peptide_mean__P08253,0.04896811330401589,0.0
lag1__peptide_count__P02750,0.048961889695514654,0.0
protein_npx__P19823,0.048943220687772876,0.0
lag1__peptide_std__Q92876,0.04892003090880941,0.0
slope1__peptide_std__P20774,0.048811256863864574,0.0
slope1__peptide_mean__P09486,0.0488024587375026,0.0
lag1__peptide_mean__P09871,0.048780664232022264,0.0
peptide_mean__P04196,0.04874360890917178,0.0
missing__peptide_count__P01591,0.048736879083011816,0.0
missing__protein_npx__P01591,0.048736879083011816,0.0
missing__peptide_mean__P01591,0.048736879083011816,0.0
lag1__peptide_count__P04196,0.04873388752245742,0.0
rollmean2__peptide_std__P04004,0.04871143441591178,0.0
peptide_mean__P23083,0.04870921070003128,0.0
lag1__protein_npx__Q15904,0.04869185113663666,0.0
rollmean2__peptide_mean__Q9UBR2,0.048666166924032035,0.0
rollmean2__peptide_count__P18065,0.048643107469052364,0.0
peptide_log__KQELSEAEQATR,0.048553584084377155,0.0
rollmean2__peptide_std__P00441,0.04854187679368903,0.0
slope1__peptide_mean__P01023,0.04851716335638804,0.0
lag1__protein_npx__P31997,0.04845542892603871,0.0
delta1__peptide_std__P06727,0.04844867964087943,0.0
lag1__peptide_log__AVGDKLPEC(UniMod_4)EADDGC(UniMod_4)PKPPEIAHGYVEHSVR,0.04843394123925837,0.0
peptide_log__MTVTDQVNC(UniMod_4)PK,0.0484091708842222,0.0
rollmean2__peptide_count__O15240,0.04837268220842058,0.0
rollmean2__peptide_mean__Q8NBJ4,0.048349796219091454,0.0
peptide_std__P43121,0.04831950668319509,0.0
rollmean2__peptide_count__P02750,0.04827670170252739,0.0
rollmean2__peptide_mean__P06727,0.04820091139511121,0.0
delta1__protein_npx__P13611,0.048182599737883976,0.0
missing__peptide_mean__Q6UX71,0.04817449629197362,0.0
missing__protein_npx__Q6UX71,0.04817449629197362,0.0
missing__peptide_count__Q6UX71,0.04817449629197362,0.0
delta1__protein_npx__O75326,0.04814030585792817,0.0
lag1__peptide_mean__Q96BZ4,0.04808641509393073,0.0
protein_npx__P16070,0.04807197237738899,0.0
rollmean2__peptide_std__Q08380,0.04806617705936642,0.0
delta1__peptide_std__P43652,0.048047212805944414,0.0
delta1__peptide_std__P07602,0.04804629884080629,0.0
lag1__peptide_log__TEGDGVYTLNNEK,0.04804069042182326,0.0
peptide_mean__Q14508,0.04793356379631945,0.0
lag1__protein_npx__P02652,0.047929634616664635,0.0
lag1__protein_npx__O15394,0.04791448222933833,0.0
lag1__peptide_log__C(UniMod_4)IIEVLSNALSK,0.04790368698469847,0.0
lag1__peptide_count__P07225,0.047880438475054896,0.0
rollmean2__peptide_count__P00441,0.04787870056268781,0.0
peptide_std__P14314,0.04781963132859629,0.0
peptide_mean__Q9NYU2,0.047736056096767426,0.0
lag1__peptide_mean__P04406,0.04770967006152862,0.0
rollmean2__protein_npx__P01861,0.04769572718829175,0.0
rollmean2__protein_npx__P05090,0.04766045176608867,0.0
slope1__peptide_count__P36222,0.04765819283042679,0.0
rollmean2__peptide_count__P23142,0.04765720338753723,0.0
slope1__peptide_std__P10645,0.04764337705110532,0.0
slope1__protein_npx__P01008,0.04764079674191913,0.0
lag1__peptide_mean__Q8NE71,0.047621777933525754,0.0
delta1__peptide_mean__P01011,0.047540145259426306,0.0
lag1__peptide_std__P07998,0.04753126919270522,0.0
slope1__protein_npx__P01877,0.04752313489635223,0.0
slope1__peptide_std__P02671,0.047509163003916874,0.0
protein_npx__P02675,0.047446433460377746,0.0
rollmean2__protein_npx__P06727,0.047444517561418806,0.0
rollmean2__peptide_std__P01876,0.04744258338581052,0.0
delta1__peptide_count__O75144,0.0474144082270329,0.0
delta1__peptide_log__SWFEPLVEDM(UniMod_35)QR,0.04740209503881797,0.0
peptide_count__O00533,0.047372741901934266,0.0
protein_npx__Q9UHG2,0.04735659326110081,0.0
slope1__peptide_mean__P02747,0.047320727610916276,0.0
protein_npx__P80748,0.04731584116689736,0.0
slope1__peptide_log__RLEGQEEEEDNRDSSMK,0.04725625960668273,0.0
delta1__peptide_count__Q16610,0.04720147136834314,0.0
lag1__peptide_std__P01860,0.04716830787080261,0.0
peptide_count__P25311,0.04714807577267469,0.0
lag1__peptide_mean__Q96KN2,0.04713893857357221,0.0
peptide_std__P02649,0.04707225740718256,0.0
lag1__peptide_count__P19652,0.04706297678267035,0.0
slope1__peptide_count__Q92520,0.047019754237949955,0.0
lag1__peptide_std__P04075,0.04696787240685296,0.0
protein_npx__P13611,0.046923822352183155,0.0
lag1__peptide_count__P01042,0.0468479202973689,0.0
slope1__peptide_log__LPPTSAHGNVAEGETKPDPDVTER,0.04675700755293923,0.0
lag1__peptide_std__O00584,0.04673144998359297,0.0
delta1__peptide_log__LIADLGSTSITNLGFR,0.04670085468369826,0.0
peptide_mean__Q9UNU6,0.04667191944134787,0.0
rollmean2__peptide_mean__P04196,0.046654572160356275,0.0
peptide_mean__P05060,0.0466482561470416,0.0
lag1__peptide_count__P04433,0.04662110677511736,0.0
slope1__protein_npx__P49908,0.0465910528887326,0.0
rollmean2__protein_npx__P19823,0.04648629023874863,0.0
delta1__peptide_std__P09486,0.0464363260628697,0.0
slope1__peptide_count__P08571,0.04641401102215009,0.0
rollmean2__peptide_count__P01859,0.04638773511368618,0.0
lag1__peptide_log__IHWESASLLR,0.046370815769310715,0.0
missing__peptide_mean__P16152,0.04627604681160175,0.0
missing__protein_npx__P16152,0.04627604681160175,0.0
missing__peptide_count__P16152,0.04627604681160175,0.0
missing__peptide_log__SC(UniMod_4)SPELQQK,0.04627604681160175,0.0
delta1__peptide_mean__Q6UXB8,0.04624237692033067,0.0
lag1__peptide_count__O00584,0.046241443844453875,0.0
slope1__current_medication_unknown,0.04624012432778262,0.0
delta1__peptide_std__P02452,0.04621731888821944,0.0
delta1__peptide_std__P00736,0.04621106823225122,0.0
missing__peptide_log__FNKPFVFLM(UniMod_35)IEQNTK,0.04620672273686408,0.0
slope1__protein_npx__P08123,0.046161952887382375,0.0
rollmean2__peptide_log__TEGDGVYTLNNEK,0.04611489029341315,0.0
delta1__peptide_std__Q96KN2,0.04611385529204042,0.0
delta1__peptide_log__HYEGSTVPEK,0.04609072703747754,0.0
lag1__protein_npx__P36980,0.0460889513691359,0.0
rollmean2__peptide_count__P07602,0.045985546793437956,0.0
lag1__peptide_std__P02787,0.04595369428305673,0.0
rollmean2__peptide_count__P02768,0.045895377474643805,0.0
rollmean2__peptide_mean__P01833,0.04586947524041124,0.0
slope1__peptide_std__Q92823,0.045833318299787915,0.0
rollmean2__peptide_mean__P32754,0.04582591334012307,0.0
delta1__peptide_mean__P60174,0.045817094244646896,0.0
rollmean2__peptide_log__LGADMEDVC(UniMod_4)GR,0.04577866287376469,0.0
lag1__peptide_count__P02753,0.04576735234013117,0.0
protein_npx__Q96S96,0.04570682015817561,0.0
slope1__peptide_mean__P13671,0.04570519092707251,0.0
peptide_mean__P20933,0.045646307137716356,0.0
delta1__peptide_count__P61769,0.04564438110423998,0.0
peptide_log__LFDSDPITVTVPVEVSR,0.04563342409198604,0.0
peptide_log__TM(UniMod_35)LLQPAGSLGSYSYR,0.04559835312606449,0.0
rollmean2__peptide_count__P16035,0.04559057928207627,0.0
peptide_count__P02747,0.04555587822867055,0.0
lag1__peptide_std__Q92520,0.04552722708353741,0.0
lag1__peptide_count__P02774,0.04551318076339942,0.0
missing__peptide_std__Q92823,0.04545979127125495,0.0
peptide_std__P01019,0.04545646533413056,0.0
slope1__peptide_log__NPDPWAK,0.04545222880787504,0.0
lag1__peptide_std__P08603,0.04542683999499658,0.0
missing__peptide_log__LRTEGDGVYTLNNEK,0.0453760965386208,0.0
peptide_count__P54289,0.04533408931429145,0.0
delta1__peptide_log__VC(UniMod_4)PFAGILENGAVR,0.04533326142624433,0.0
lag1__peptide_count__Q92520,0.04528786647561104,0.0
missing__peptide_mean__P14314,0.04528110470087367,0.0
missing__protein_npx__P14314,0.04528110470087367,0.0
missing__peptide_count__P14314,0.04528110470087367,0.0
peptide_count__P13591,0.045201715500148086,0.0
missing__peptide_count__Q9Y646,0.04519957870704982,0.0
missing__peptide_mean__Q9Y646,0.04519957870704982,0.0
missing__protein_npx__Q9Y646,0.04519957870704982,0.0
lag1__protein_npx__P06454,0.04517827689415707,0.0
rollmean2__peptide_mean__P01031,0.045106707911004656,0.0
slope1__peptide_log__AVGDKLPEC(UniMod_4)EADDGC(UniMod_4)PKPPEIAHGYVEHSVR,0.04505693398824758,0.0
rollmean2__peptide_std__P61916,0.04505610456505825,0.0
peptide_count__P98160,0.04498379052370542,0.0
missing__current_updrs_4,0.04497060141424473,0.0
peptide_mean__Q6UX71,0.044960109033636855,0.0
delta1__protein_npx__Q14118,0.044954736265430305,0.0
slope1__peptide_std__Q9UBX5,0.04495050894032504,0.0
lag1__peptide_log__AATVGSLAGQPLQER,0.044938675436333335,0.0
lag1__peptide_std__O00533,0.0449165570087015,0.0
slope1__peptide_count__P13591,0.04491320234021869,0.0
rollmean2__protein_npx__P09486,0.04488941144738875,0.0
rollmean2__protein_npx__P09104,0.044874546426824515,0.0
delta1__peptide_log__VDNALQSGNSQESVTEQDSKDSTYSLSSTLTLSK,0.04487442559104101,0.0
missing__peptide_log__SGEATDGARPQALPEPMQESK,0.04483641042272609,0.0
rollmean2__peptide_log__LGQSLDC(UniMod_4)NAEVYVVPWEK,0.04481575592241571,0.0
slope1__peptide_count__P00748,0.04471705729721266,0.0
peptide_std__P04075,0.04469624788958562,0.0
rollmean2__protein_npx__P01780,0.0446766374199168,0.0
peptide_mean__P00441,0.04467499380141386,0.0
lag1__protein_npx__Q96BZ4,0.04467184891446614,0.0
missing__peptide_log__DSGEGDFLAEGGGVR,0.04461865481254226,0.0
lag1__peptide_mean__P40925,0.044588914102823646,0.0
peptide_count__O15240,0.04457564828191071,0.0
slope1__protein_npx__P08294,0.04452750169921303,0.0
peptide_count__P01009,0.04450652662476958,0.0
delta1__peptide_log__M(UniMod_35)YLGYEYVTAIR,0.044485068990828075,0.0
slope1__peptide_log__TPLGDTTHTC(UniMod_4)PR,0.04446942064892721,0.0
slope1__peptide_count__P02750,0.04445154040335557,0.0
slope1__protein_npx__P16870,0.04445100005500978,0.0
rollmean2__protein_npx__Q14508,0.044337954761950724,0.0
rollmean2__protein_npx__P02452,0.044308080499067315,0.0
slope1__current_medication_on,0.04426300113535119,0.0
protein_npx__P02452,0.04424892108984834,0.0
rollmean2__peptide_std__P01024,0.0442274956680218,0.0
rollmean2__peptide_mean__P80748,0.04422730511532336,0.0
lag1__peptide_count__P02671,0.044195610799343005,0.0
rollmean2__protein_npx__P02750,0.04419242571337317,0.0
delta1__peptide_mean__P13611,0.04415716696155608,0.0
lag1__peptide_std__P04217,0.04414632612793731,0.0
slope1__peptide_count__P04433,0.0441446407930444,0.0
slope1__protein_npx__P12109,0.044120198309537624,0.0
rollmean2__peptide_count__Q9UBX5,0.044108397722828235,0.0
missing__peptide_log__DSGFQM(UniMod_35)NQLR,0.04408750465744949,0.0
delta1__peptide_log__AVLPTGDVIGDSAK,0.04407920667583725,0.0
rollmean2__peptide_mean__P61769,0.04406555081129443,0.0
peptide_mean__P01780,0.04398173339387468,0.0
rollmean2__peptide_std__P01859,0.04397631026939297,0.0
rollmean2__peptide_mean__P39060,0.04396890191943756,0.0
lag1__protein_npx__P13671,0.04393083349516311,0.0
peptide_mean__P05546,0.04388766555885439,0.0
peptide_mean__P80748,0.0438846577260749,0.0
lag1__peptide_log__EILSVDC(UniMod_4)STNNPSQAK,0.043814328230402155,0.0
lag1__peptide_mean__P02763,0.043747478055175246,0.0
rollmean2__protein_npx__P10643,0.0437305795928946,0.0
slope1__protein_npx__P08133,0.04373044644060035,0.0
slope1__protein_npx__P31997,0.04372373006998354,0.0
peptide_mean__Q14624,0.0437235457996816,0.0
peptide_count__P07711,0.043694240650182375,0.0
lag1__peptide_count__P00746,0.04367668125141159,0.0
lag1__protein_npx__P00748,0.04364508039043205,0.0
slope1__peptide_mean__P01780,0.043638168742969455,0.0
delta1__protein_npx__P01594,0.043625178484073344,0.0
protein_npx__P14314,0.043616827998492466,0.0
lag1__peptide_count__P00748,0.0436141992570184,0.0
rollmean2__peptide_mean__P00441,0.043576785551912925,0.0
peptide_std__Q12907,0.043574076610312436,0.0
missing__peptide_log__HYTNPSQDVTVPC(UniMod_4)PVPPPPPC(UniMod_4)C(UniMod_4)HPR,0.043542934940887186,0.0
rollmean2__protein_npx__O15240,0.04348549507244702,0.0
lag1__peptide_count__Q92823,0.04347096375694541,0.0
rollmean2__protein_npx__P32754,0.04343020171258817,0.0
missing__peptide_log__TSPVDEKALQDQLVLVAAK,0.04342885319112196,0.0
missing__protein_npx__P02792,0.04339829323909804,0.0
missing__peptide_mean__P02792,0.04339829323909804,0.0
missing__peptide_count__P02792,0.04339829323909804,0.0
slope1__protein_npx__P04075,0.043394273488368634,0.0
slope1__peptide_mean__P01877,0.043390834387279476,0.0
delta1__peptide_mean__P05155,0.043333083383415495,0.0
rollmean2__peptide_mean__P07333,0.04329061338350769,0.0
peptide_mean__Q13740,0.043278533912115516,0.0
peptide_mean__P07333,0.043270727919627966,0.0
delta1__peptide_std__P18065,0.04322885074529361,0.0
slope1__peptide_count__P02649,0.043219961226733265,0.0
peptide_mean__P10645,0.043200879642939186,0.0
rollmean2__peptide_count__P07998,0.04319098848472793,0.0
peptide_log__VKDLATVYVDVLK,0.04316983442237719,0.0
missing__peptide_std__P02747,0.043149252262277074,0.0
lag1__peptide_count__P02766,0.04311071663559676,0.0
peptide_log__C(UniMod_4)REILSVDC(UniMod_4)STNNPSQAK,0.04310201928593389,0.0
lag1__peptide_mean__P13671,0.0430999142551202,0.0
rollmean2__protein_npx__P10451,0.04309450841869872,0.0
slope1__protein_npx__P01591,0.04308929571250373,0.0
peptide_std__P61916,0.04308278499220759,0.0
lag1__peptide_mean__P09104,0.043063204137303454,0.0
peptide_mean__P19652,0.04298013073359427,0.0
slope1__protein_npx__P06727,0.042969881480248044,0.0
peptide_std__P02671,0.04296652624174307,0.0
slope1__protein_npx__P10643,0.042957231598467475,0.0
missing__peptide_log__VDNALQSGNSQESVTEQDSKDSTYSLSSTLTLSK,0.04294440019007941,0.0
slope1__peptide_std__Q16270,0.04291827053056943,0.0
lag1__peptide_std__P02751,0.04291732522927603,0.0
delta1__peptide_std__P19823,0.042902401157067185,0.0
delta1__peptide_log__QKVEPLRAELQEGAR,0.042865484766833536,0.0
peptide_log__ILTC(UniMod_4)M(UniMod_35)QGMEEIR,0.04285431251800848,0.0
peptide_mean__Q8IWV7,0.04285431251800848,0.0
delta1__protein_npx__P01011,0.042810273058954906,0.0
delta1__peptide_mean__P02656,0.042793783800346666,0.0
protein_npx__P10451,0.04278339515286612,0.0
protein_npx__P02774,0.04277974658273481,0.0
slope1__peptide_mean__P18065,0.0427613618995602,0.0
rollmean2__protein_npx__P02765,0.04271939806864451,0.0
slope1__peptide_log__MYYSAVDPTKDIFTGLIGPM(UniMod_35)K,0.042715580369317406,0.0
slope1__peptide_count__P01042,0.042710131308896795,0.0
rollmean2__protein_npx__P17174,0.04270765838081784,0.0
peptide_log__KFPSGTFEQVSQLVK,0.042659355239422415,0.0
lag1__peptide_log__DSGFQM(UniMod_35)NQLR,0.04263991498404718,0.0
peptide_count__P02766,0.04263744556485615,0.0
delta1__peptide_mean__Q06481,0.04256472512483351,0.0
delta1__peptide_log__VKDLATVYVDVLK,0.04255915588324357,0.0
delta1__peptide_std__P61769,0.04251764898886551,0.0
rollmean2__peptide_mean__Q14515,0.04250274171147305,0.0
protein_npx__P36980,0.04247138121948758,0.0
lag1__peptide_log__C(UniMod_4)TSTGWIPAPR,0.042460459879185,0.0
peptide_std__P01009,0.042455536544305235,0.0
lag1__peptide_mean__P01859,0.04244302748253088,0.0
lag1__peptide_count__P07998,0.04241293480675315,0.0
lag1__peptide_log__SELEEQLTPVAEETR,0.042345722681875884,0.0
rollmean2__peptide_std__P08603,0.042336933555597776,0.0
rollmean2__peptide_log__YVMLPVADQDQC(UniMod_4)IR,0.04233456899076848,0.0
slope1__protein_npx__Q14118,0.042314372255842427,0.0
peptide_count__Q92520,0.04230507734234897,0.0
lag1__current_medication_on,0.04230217005663962,0.0
lag1__protein_npx__P00441,0.04227161487890016,0.0
delta1__protein_npx__P00747,0.042249691260970425,0.0
rollmean2__protein_npx__P07602,0.04224340283452152,0.0
lag1__peptide_std__P01859,0.042214340329650366,0.0
slope1__peptide_mean__P07333,0.042195499899037196,0.0
peptide_log__ELDESLQVAER,0.042169653876881326,0.0
lag1__protein_npx__P36222,0.042155588854913835,0.0
delta1__peptide_count__P00450,0.04204574306194633,0.0
missing__peptide_std__P98160,0.04204222721868134,0.0
slope1__protein_npx__P09104,0.042038266058548726,0.0
delta1__peptide_log__YVMLPVADQDQC(UniMod_4)IR,0.042030903973497784,0.0
missing__peptide_log__QIGSVYR,0.04195436125236131,0.0
lag1__peptide_std__P10643,0.04191933956321741,0.0
delta1__protein_npx__Q96PD5,0.04190229209477785,0.0
rollmean2__peptide_log__VKDLATVYVDVLK,0.04189999484468038,0.0
missing__peptide_count__Q99829,0.04189188811320231,0.0
missing__protein_npx__Q99829,0.04189188811320231,0.0
missing__peptide_mean__Q99829,0.04189188811320231,0.0
lag1__peptide_log__YVM(UniMod_35)LPVADQDQC(UniMod_4)IR,0.04187572713476442,0.0
slope1__peptide_count__Q12841,0.041850658470381545,0.0
protein_npx__P04275,0.04183823974713577,0.0
protein_npx__Q13740,0.04181197926752418,0.0
lag1__peptide_mean__P02656,0.04180067151336109,0.0
lag1__peptide_mean__Q9Y6R7,0.04179644373538881,0.0
slope1__peptide_mean__P07602,0.04178438623738615,0.0
peptide_count__O00584,0.041759904854180435,0.0
protein_npx__P01877,0.04175588478607093,0.0
peptide_mean__Q9HDC9,0.041725476664287914,0.0
peptide_log__VLLDQLR,0.041725476664287914,0.0
missing__protein_npx__P02655,0.04171606789636448,0.0
missing__peptide_count__P02655,0.04171606789636448,0.0
missing__peptide_mean__P02655,0.04171606789636448,0.0
lag1__peptide_log__C(UniMod_4)REILSVDC(UniMod_4)STNNPSQAK,0.04169055272094988,0.0
lag1__peptide_count__P01011,0.04165882646393497,0.0
delta1__protein_npx__Q92876,0.0416524842880611,0.0
rollmean2__peptide_count__P20774,0.041650532060446305,0.0
lag1__peptide_mean__P31997,0.04162407690383836,0.0
slope1__peptide_count__Q9Y6R7,0.041600990935940364,0.0
slope1__peptide_count__P08493,0.04159999906106251,0.0
delta1__peptide_std__P07225,0.04159040284856875,0.0
missing__peptide_count__P20933,0.0415632882734565,0.0
missing__peptide_mean__P20933,0.0415632882734565,0.0
missing__protein_npx__P20933,0.0415632882734565,0.0
lag1__peptide_std__P02774,0.0415534090695062,0.0
rollmean2__peptide_std__O15240,0.041553253392560205,0.0
delta1__peptide_std__P17174,0.041541402695911,0.0
lag1__protein_npx__P05452,0.041519265803808915,0.0
protein_npx__P18065,0.04144477696369111,0.0
peptide_count__Q6UXB8,0.04143934056428699,0.0
lag1__protein_npx__P02774,0.04141637776445592,0.0
lag1__protein_npx__P08133,0.04139436279085028,0.0
lag1__protein_npx__P01594,0.04136544966337609,0.0
rollmean2__protein_npx__Q9NQ79,0.04127991566185438,0.0
delta1__protein_npx__P11277,0.041279144607202424,0.0
delta1__peptide_mean__P01877,0.041247306506439624,0.0
delta1__peptide_std__P02760,0.04111061781095237,0.0
lag1__peptide_std__P08697,0.04110657265828752,0.0
rollmean2__peptide_count__P01019,0.04107686895653682,0.0
missing__peptide_log__RTPITVVK,0.04105800607657214,0.0
peptide_std__P09486,0.04103384351786423,0.0
slope1__peptide_count__P05156,0.04100935484766351,0.0
lag1__protein_npx__O75326,0.0409835887229321,0.0
lag1__peptide_std__P05156,0.0409750713455523,0.0
rollmean2__peptide_std__Q96PD5,0.04097474012717212,0.0
peptide_log__LGADM(UniMod_35)EDVC(UniMod_4)GR,0.04093689544456434,0.0
delta1__peptide_count__Q13740,0.04089092570097618,0.0
rollmean2__protein_npx__P35542,0.04087665183068063,0.0
protein_npx__P61769,0.04084758046999771,0.0
slope1__peptide_std__P12109,0.0408137684407134,0.0
missing__peptide_mean__P01877,0.04079791041959239,0.0
missing__peptide_count__P01877,0.04079791041959239,0.0
missing__protein_npx__P01877,0.04079791041959239,0.0
current_medication_on,0.04076981371865191,0.0
lag1__protein_npx__Q9UBX5,0.04075243687212444,0.0
rollmean2__peptide_mean__O43505,0.040673808525821954,0.0
missing__peptide_std__Q9UBX5,0.04066717037438647,0.0
lag1__peptide_count__O00533,0.04066242209447628,0.0
peptide_count__P10909,0.040661241005500406,0.0
delta1__peptide_std__Q92823,0.040657650619904444,0.0
rollmean2__peptide_mean__P02748,0.040629369021948615,0.0
missing__peptide_mean__P36980,0.040599314194020575,0.0
missing__peptide_count__P36980,0.040599314194020575,0.0
missing__protein_npx__P36980,0.040599314194020575,0.0
lag1__peptide_log__VKDLATVYVDVLK,0.040584557522029316,0.0
slope1__peptide_log__QWAGLVEK,0.04058189630447834,0.0
rollmean2__protein_npx__P07711,0.04050110078485472,0.0
slope1__peptide_std__P18065,0.040498567856980645,0.0
slope1__protein_npx__P02751,0.04047591641086683,0.0
peptide_count__Q9UBX5,0.04045932228787872,0.0
peptide_mean__P18065,0.040457396844438054,0.0
lag1__protein_npx__P14618,0.04042740527367344,0.0
rollmean2__peptide_mean__P05090,0.040369100333871574,0.0
slope1__peptide_mean__P00747,0.04036614667285562,0.0
protein_npx__Q12841,0.04036292821840664,0.0
missing__protein_npx__P02452,0.04034776140586967,0.0
missing__peptide_count__P02452,0.04034776140586967,0.0
missing__peptide_mean__P02452,0.04034776140586967,0.0
slope1__peptide_std__P02768,0.040335328360084174,0.0
rollmean2__peptide_std__P08493,0.04032943652276281,0.0
lag1__peptide_mean__P10909,0.04031496792284132,0.0
peptide_mean__P31997,0.04031311596322948,0.0
peptide_log__VMPIC(UniMod_4)LPSKDYAEVGR,0.04029222793363213,0.0
lag1__peptide_count__P55290,0.04027211003881951,0.0
missing__peptide_std__P54289,0.040271796279446125,0.0
slope1__peptide_std__P19823,0.04026231130658327,0.0
delta1__peptide_count__P08493,0.040252477510802624,0.0
slope1__protein_npx__P02763,0.04025081102329082,0.0
peptide_std__O15394,0.04022317304924391,0.0
rollmean2__peptide_std__P08294,0.04020787594625237,0.0
slope1__peptide_count__P00736,0.040178851703340575,0.0
peptide_count__P27169,0.040165245988663605,0.0
missing__peptide_log__LSSWVLLM(UniMod_35)K,0.04013570410583459,0.0
lag1__protein_npx__P06396,0.04012314579456196,0.0
slope1__protein_npx__P08493,0.04010173186560461,0.0
lag1__peptide_std__P05155,0.04007852294002045,0.0
rollmean2__peptide_std__P02652,0.04005966243427155,0.0
delta1__peptide_count__P08697,0.04004399961817778,0.0
peptide_mean__Q6UXB8,0.04002825630028976,0.0
protein_npx__P31997,0.04000215803599574,0.0
peptide_std__P41222,0.039974698620458896,0.0
delta1__peptide_mean__P02747,0.03995461766519495,0.0
delta1__peptide_std__P10645,0.039939637678720746,0.0
protein_npx__P05546,0.03993263110757445,0.0
delta1__peptide_mean__P36222,0.03990635415501598,0.0
delta1__protein_npx__Q9UHG2,0.039890977846141866,0.0
peptide_log__C(UniMod_4)KPVNTFVHEPLVDVQNVC(UniMod_4)FQEK,0.039878225263792644,0.0
slope1__peptide_log__VMPIC(UniMod_4)LPSKDYAEVGR,0.03986861003050346,0.0
lag1__peptide_std__P36222,0.03985195681932107,0.0
peptide_count__P17174,0.03982982870785517,0.0
delta1__peptide_std__P98160,0.03982740078389233,0.0
peptide_std__P02748,0.03982255220866603,0.0
lag1__peptide_log__ADDKETC(UniMod_4)FAEEGK,0.03978636184522499,0.0
peptide_log__SLAAAAGKQELAK,0.039783070458109165,0.0
peptide_mean__P61278,0.039783070458109165,0.0
delta1__protein_npx__P19021,0.03977112913024697,0.0
lag1__peptide_count__P02452,0.03976654811741969,0.0
lag1__peptide_log__LC(UniMod_4)MGSGLNLC(UniMod_4)EPNNKEGYYGYTGAFR,0.039749579961784964,0.0
delta1__peptide_log__ADDKETC(UniMod_4)FAEEGK,0.03974755422372584,0.0
delta1__peptide_count__P05060,0.03972389969170406,0.0
peptide_std__P19823,0.03972036108978078,0.0
protein_npx__P32754,0.03971035731428008,0.0
lag1__protein_npx__P80748,0.03969956935994014,0.0
rollmean2__peptide_count__P54289,0.039697568099668366,0.0
delta1__protein_npx__Q99435,0.03967671025203817,0.0
delta1__peptide_mean__P00450,0.039669236326877785,0.0
missing__peptide_count__P19827,0.039654591343356825,0.0
missing__peptide_mean__P19827,0.039654591343356825,0.0
missing__protein_npx__P19827,0.039654591343356825,0.0
slope1__peptide_log__M(UniMod_35)YLGYEYVTAIR,0.03964498585527828,0.0
rollmean2__peptide_std__P02787,0.03964261891763943,0.0
peptide_mean__O43505,0.03962742088629461,0.0
delta1__peptide_log__TTPPVLDSDGSFFLYSK,0.039607403618183525,0.0
delta1__peptide_mean__P02652,0.039601386507985045,0.0
lag1__peptide_mean__P02765,0.03958311827345395,0.0
missing__peptide_log__LSKELQAAQAR,0.039573707589637803,0.0
delta1__peptide_mean__P01861,0.03957206169927639,0.0
delta1__peptide_log__TTPPVLDSDGSFFLYSR,0.03957206169927639,0.0
slope1__peptide_log__AEAQEAEDQQAR,0.03956617873810687,0.0
rollmean2__peptide_std__Q92876,0.039551971200311856,0.0
lag1__peptide_count__P04004,0.03950722140895908,0.0
rollmean2__protein_npx__Q8N2S1,0.039503908743228434,0.0
rollmean2__peptide_std__P36222,0.03949434695820145,0.0
protein_npx__Q12805,0.039489907862754435,0.0
lag1__peptide_mean__P05060,0.03944092111179059,0.0
peptide_mean__Q99683,0.039431915364320315,0.0
delta1__peptide_count__P02656,0.03942632353114927,0.0
lag1__peptide_std__Q14515,0.03941674308481014,0.0
lag1__peptide_log__C(UniMod_4)VDVDEC(UniMod_4)APPAEPC(UniMod_4)GK,0.03940558384144434,0.0
slope1__peptide_std__P10909,0.039404899699872036,0.0
delta1__peptide_std__P00734,0.03937353300785966,0.0
delta1__peptide_log__ELDESLQVAER,0.0393698428771337,0.0
slope1__peptide_mean__P20933,0.03932478879735339,0.0
rollmean2__peptide_mean__P01009,0.03930124261513815,0.0
lag1__peptide_mean__P07711,0.03929681412739795,0.0
lag1__protein_npx__O60888,0.03929571054488319,0.0
rollmean2__protein_npx__P02760,0.03925500797853695,0.0
missing__peptide_log__RGYQLSDVDGVTC(UniMod_4)EDIDEC(UniMod_4)ALPTGGHIC(UniMod_4)SYR,0.03924514871343975,0.0
delta1__peptide_log__NPDPWAK,0.039243717092117034,0.0
rollmean2__peptide_log__RGYQLSDVDGVTC(UniMod_4)EDIDEC(UniMod_4)ALPTGGHIC(UniMod_4)SYR,0.03922612255358741,0.0
lag1__peptide_mean__P00736,0.039224703768417496,0.0
slope1__peptide_mean__P04075,0.03922397584076863,0.0
lag1__protein_npx__P02647,0.03922219493180638,0.0
rollmean2__protein_npx__Q9UHG2,0.0392079167523538,0.0
slope1__peptide_count__P02671,0.039202332393079145,0.0
lag1__protein_npx__O14773,0.03919348370074798,0.0
rollmean2__peptide_abundance_min,0.03916876791761234,0.0
slope1__protein_npx__P13671,0.039164347326015404,0.0
delta1__peptide_std__O15394,0.03915766367004663,0.0
lag1__peptide_std__P06396,0.03913480678453801,0.0
peptide_count__P02751,0.03913070277418307,0.0
slope1__peptide_mean__P01009,0.039109612413262704,0.0
rollmean2__peptide_mean__P04156,0.03909267026438961,0.0
delta1__protein_npx__P13591,0.03906092406404667,0.0
lag1__peptide_count__P02652,0.0390404188910257,0.0
missing__peptide_log__LSNENHGIAQR,0.039016731501251484,0.0
slope1__peptide_count__P10909,0.0390118540573121,0.0
delta1__protein_npx__Q02818,0.03900640640329242,0.0
delta1__peptide_std__P02750,0.03900443233577223,0.0
lag1__peptide_log__LGADMEDVC(UniMod_4)GR,0.038977705859645224,0.0
missing__peptide_count__P32754,0.0389607262474362,0.0
missing__peptide_mean__P32754,0.0389607262474362,0.0
missing__protein_npx__P32754,0.0389607262474362,0.0
delta1__peptide_std__P36222,0.03895244017125347,0.0
lag1__peptide_std__P02647,0.03890632353271144,0.0
peptide_mean__P00747,0.038905963003886115,0.0
peptide_mean__P08571,0.03888800520879555,0.0
slope1__peptide_mean__P02748,0.038870482687294435,0.0
lag1__protein_npx__P19823,0.038859853877672726,0.0
delta1__protein_npx__Q12841,0.03885820738984014,0.0
peptide_mean__P32754,0.03885078206067002,0.0
slope1__peptide_mean__P16035,0.03884616400531178,0.0
slope1__peptide_mean__Q92520,0.038817701106667116,0.0
rollmean2__peptide_log__GYQLSDVDGVTC(UniMod_4)EDIDEC(UniMod_4)ALPTGGHIC(UniMod_4)SYR,0.03880263432158768,0.0
lag1__protein_npx__P10643,0.03876794293370015,0.0
slope1__peptide_std__P36222,0.03873497286950049,0.0
protein_npx__O15240,0.03871850330276874,0.0
lag1__peptide_count__P08603,0.038693724022500306,0.0
missing__peptide_std__P61916,0.03866401321897676,0.0
rollmean2__peptide_std__P04196,0.038647033712972914,0.0
lag1__peptide_count__O14773,0.03862308477141395,0.0
delta1__peptide_mean__P05067,0.038582184450849155,0.0
missing__peptide_std__P12109,0.03856776249929077,0.0
delta1__peptide_mean__Q02818,0.03855846896321237,0.0
peptide_log__QWAGLVEK,0.038558415969927706,0.0
missing__peptide_std__P55290,0.03855764871432225,0.0
delta1__peptide_count__P02768,0.038497866709609994,0.0
protein_npx__P07333,0.03849466614520155,0.0
protein_npx__Q96BZ4,0.03848083713897185,0.0
rollmean2__peptide_count__P08697,0.03847411258739835,0.0
rollmean2__protein_npx__P61769,0.03846612546342029,0.0
lag1__peptide_std__P51884,0.038441988095419655,0.0
delta1__peptide_mean__Q16270,0.03843006006275242,0.0
delta1__peptide_mean__P05408,0.03841522833773991,0.0
rollmean2__peptide_count__P02452,0.03841163326753897,0.0
protein_npx__P01717,0.0383517792149469,0.0
slope1__peptide_log__RGYQLSDVDGVTC(UniMod_4)EDIDEC(UniMod_4)ALPTGGHIC(UniMod_4)SYR,0.038309513613621525,0.0
delta1__protein_npx__P80748,0.038294521630584555,0.0
peptide_count__Q9NQ79,0.0382944123242324,0.0
lag1__peptide_std__Q9NQ79,0.038288595126403854,0.0
peptide_count__P00441,0.03827533380008419,0.0
lag1__peptide_count__P02760,0.03821448381558364,0.0
slope1__peptide_mean__P10909,0.03817560730808315,0.0
missing__peptide_mean__Q13283,0.038171487845645,0.0
missing__peptide_count__Q13283,0.038171487845645,0.0
missing__protein_npx__Q13283,0.038171487845645,0.0
lag1__peptide_std__P04004,0.038170426866381155,0.0
peptide_count__P05067,0.038145447292102314,0.0
missing__peptide_std__P30086,0.03814376922813965,0.0
delta1__protein_npx__P10645,0.03811352948786678,0.0
slope1__peptide_std__P02763,0.03810331049204259,0.0
peptide_count__P16035,0.03807655174406518,0.0
slope1__protein_npx__Q8NE71,0.038058163767883325,0.0
peptide_count__Q92823,0.03804977982446057,0.0
delta1__peptide_std__P39060,0.038045115752219735,0.0
rollmean2__peptide_log__LSSWVLLM(UniMod_35)K,0.038040256279670774,0.0
lag1__peptide_log__YIVSGTPTFVPYLIK,0.03803751452472869,0.0
slope1__peptide_std__P27169,0.03803568403828067,0.0
rollmean2__peptide_count__P02753,0.03802568711187763,0.0
lag1__peptide_log__M(UniMod_35)ASGAANVVGPK,0.03799629848585234,0.0
slope1__peptide_log__EDSLEAGLPLQVR,0.037995334121683697,0.0
lag1__peptide_mean__P02647,0.03799040540708081,0.0
delta1__protein_npx__P02750,0.03797180715407167,0.0
delta1__protein_npx__P49588,0.0379076974407088,0.0
lag1__peptide_std__P00747,0.03789081983376689,0.0
rollmean2__protein_npx__P17936,0.03786170035833985,0.0
slope1__peptide_mean__P02671,0.0378552131998866,0.0
rollmean2__peptide_mean__P23083,0.03781460258646534,0.0
lag1__peptide_count__Q12841,0.03779442412953654,0.0
rollmean2__protein_npx__P02751,0.037792018511727324,0.0
delta1__peptide_std__Q08380,0.0377733457093563,0.0
lag1__peptide_count__P02679,0.03777139020960093,0.0
delta1__protein_npx__P51884,0.03776538686316885,0.0
rollmean2__protein_npx__P07998,0.03776419982403444,0.0
lag1__peptide_count__P51884,0.03774053411443764,0.0
peptide_mean__P39060,0.037716244994866345,0.0
slope1__protein_npx__P09486,0.03764967089156125,0.0
lag1__peptide_mean__Q13283,0.03764281147125999,0.0
rollmean2__peptide_count__Q12907,0.0376339272803986,0.0
rollmean2__peptide_log__TLLSNLEEAKK,0.03762709561633405,0.0
rollmean2__peptide_count__P02679,0.037611087806994924,0.0
rollmean2__peptide_std__P23142,0.037596008740944264,0.0
lag1__peptide_mean__O94919,0.037594825130738,0.0
slope1__peptide_mean__P02656,0.03756951023765241,0.0
rollmean2__protein_npx__Q9HDC9,0.03756767751369355,0.0
lag1__peptide_mean__P04275,0.0375552259316529,0.0
slope1__peptide_mean__P40925,0.03751195691304805,0.0
rollmean2__peptide_std__P02679,0.03750144770148592,0.0
rollmean2__peptide_log__AATGEC(UniMod_4)TATVGKR,0.03742264429781261,0.0
delta1__peptide_mean__P02452,0.037418585910617,0.0
lag1__peptide_std__P10909,0.03741744902637554,0.0
protein_npx__P20933,0.037414172389352476,0.0
delta1__peptide_mean__P00747,0.03740758356689063,0.0
slope1__protein_npx__O00391,0.037393509199060676,0.0
slope1__peptide_mean__Q8NE71,0.03739174160722137,0.0
delta1__peptide_mean__O94919,0.03737966684283812,0.0
slope1__peptide_count__P02652,0.03736259103247207,0.0
rollmean2__peptide_count__P02748,0.0373391545865651,0.0
peptide_mean__Q12841,0.03732557221502803,0.0
peptide_count__P02679,0.03732498863715292,0.0
slope1__peptide_mean__Q99435,0.03729580031680623,0.0
protein_npx__Q8NBJ4,0.0372148043892197,0.0
peptide_count__P36222,0.03719186879469755,0.0
peptide_std__Q16610,0.03716741428208575,0.0
missing__protein_npx__Q96BZ4,0.03713028241449129,0.0
missing__peptide_count__Q96BZ4,0.03713028241449129,0.0
missing__peptide_mean__Q96BZ4,0.03713028241449129,0.0
peptide_mean__P06727,0.03712545353297329,0.0
delta1__peptide_count__P08603,0.03711242588810905,0.0
lag1__peptide_count__P00450,0.03708211585908854,0.0
rollmean2__peptide_count__P36955,0.037074352553048064,0.0
peptide_mean__P02760,0.037069929494731244,0.0
rollmean2__protein_npx__P01833,0.037064668100311594,0.0
delta1__protein_npx__P01859,0.03705576765424963,0.0
rollmean2__peptide_mean__P18065,0.037039402556286474,0.0
rollmean2__peptide_count__P04433,0.03703591357018291,0.0
delta1__protein_npx__P16070,0.0369833352540792,0.0
slope1__protein_npx__P00734,0.036949670594414084,0.0
lag1__protein_npx__P01877,0.03693058672815888,0.0
rollmean2__peptide_mean__P08571,0.036913516776773625,0.0
protein_npx__P02656,0.03690509304243533,0.0
lag1__peptide_log__LSKELQAAQAR,0.036899892833984455,0.0
lag1__peptide_mean__P55290,0.036885049444424535,0.0
peptide_mean__P04211,0.03687068079526551,0.0
delta1__peptide_count__P02671,0.036831830436193015,0.0
rollmean2__peptide_std__P61769,0.03682878859219137,0.0
lag1__peptide_std__P55290,0.03681573813063251,0.0
peptide_log__AATVGSLAGQPLQER,0.03681108045587623,0.0
lag1__peptide_count__P08493,0.03678239522884181,0.0
lag1__peptide_log__SEALAVDGAGKPGAEEAQDPEGK,0.03678238868411895,0.0
rollmean2__protein_npx__P36955,0.03677618559142974,0.0
lag1__peptide_log__LRTEGDGVYTLNNEK,0.03676665287161687,0.0
missing__peptide_std__P01859,0.036758083519295784,0.0
missing__protein_npx__Q9UBR2,0.0367487673841633,0.0
missing__peptide_mean__Q9UBR2,0.0367487673841633,0.0
missing__peptide_count__Q9UBR2,0.0367487673841633,0.0
delta1__peptide_log__C(UniMod_4)REILSVDC(UniMod_4)STNNPSQAK,0.03673274423797034,0.0
missing__peptide_std__P00441,0.036726724162888816,0.0
slope1__peptide_count__P02675,0.036721636268973866,0.0
protein_npx__P02765,0.036681895385093796,0.0
slope1__peptide_count__P02749,0.036677161127631794,0.0
lag1__peptide_std__Q12841,0.03667579691357551,0.0
delta1__peptide_log__SEALAVDGAGKPGAEEAQDPEGK,0.03666902717478856,0.0
slope1__peptide_mean__P05408,0.03664801709724997,0.0
rollmean2__protein_npx__Q9Y646,0.03663462670157466,0.0
lag1__peptide_mean__P11277,0.03663361484442384,0.0
slope1__peptide_mean__Q99832,0.0366275195147271,0.0
delta1__protein_npx__P01008,0.036619264851227774,0.0
protein_npx__P35542,0.03659412490373153,0.0
missing__peptide_mean__Q06481,0.03656704791214482,0.0
missing__peptide_count__Q06481,0.03656704791214482,0.0
missing__protein_npx__Q06481,0.03656704791214482,0.0
delta1__peptide_mean__Q96S96,0.03654050367339818,0.0
rollmean2__peptide_std__Q6UXB8,0.03652419921638534,0.0
peptide_count__P00736,0.03646917921055271,0.0
lag1__peptide_log__ALGISPFHEHAEVVFTANDSGPR,0.03643835675239668,0.0
peptide_mean__P04275,0.036428839099675134,0.0
delta1__protein_npx__P02774,0.036418967984570956,0.0
missing__peptide_log__NFPPSQDASGDLYTTSSQLTLPATQC(UniMod_4)LAGK,0.03641040960321501,0.0
lag1__peptide_mean__P13521,0.03638117406537003,0.0
peptide_count__O94919,0.03637054265519728,0.0
missing__peptide_std__O94919,0.03637054265519728,0.0
lag1__peptide_log__SNSSM(UniMod_35)HITDC(UniMod_4)R,0.03636571838716461,0.0
delta1__peptide_std__P04180,0.036365612594322395,0.0
rollmean2__peptide_std__P00450,0.03633401595400494,0.0
lag1__peptide_count__P01834,0.03630919431700186,0.0
peptide_std__O15240,0.036299794304021686,0.0
rollmean2__protein_npx__P01608,0.03626772540142783,0.0
peptide_log__GYQLSDVDGVTC(UniMod_4)EDIDEC(UniMod_4)ALPTGGHIC(UniMod_4)SYR,0.03625755764069392,0.0
missing__protein_npx__O00584,0.03624168205322532,0.0
missing__peptide_count__O00584,0.03624168205322532,0.0
missing__peptide_mean__O00584,0.03624168205322532,0.0
delta1__peptide_std__O75144,0.03622396366790051,0.0
delta1__peptide_std__P02652,0.03617679430032363,0.0
delta1__protein_npx__P05546,0.03616970991635998,0.0
slope1__peptide_count__P02763,0.03614343707473763,0.0
protein_npx__P08697,0.03613741542130731,0.0
slope1__peptide_mean__Q9Y646,0.0361293631953162,0.0
lag1__peptide_log__LVGGPM(UniMod_35)DASVEEEGVRR,0.036082044798234666,0.0
rollmean2__protein_npx__Q99674,0.036077764275608236,0.0
rollmean2__peptide_mean__P01860,0.036042887192538176,0.0
peptide_mean__Q12805,0.03604099004353359,0.0
slope1__peptide_log__LIADLGSTSITNLGFR,0.03602112199050943,0.0
protein_npx__P07998,0.03601889608871658,0.0
lag1__peptide_std__P17174,0.036015938570632414,0.0
slope1__peptide_log__LSKELQAAQAR,0.03600985872516925,0.0
delta1__protein_npx__Q13449,0.035997966202950725,0.0
slope1__peptide_mean__P01859,0.03596872084234568,0.0
slope1__peptide_std__P61769,0.03595069269642092,0.0
rollmean2__peptide_std__P02671,0.035945101417405576,0.0
rollmean2__protein_npx__P18065,0.035933529000857396,0.0
rollmean2__peptide_log__SLAAAAGKQELAK,0.035914100626353224,0.0
rollmean2__peptide_mean__P61278,0.035914100626353224,0.0
lag1__peptide_mean__P32754,0.03591157841571315,0.0
slope1__peptide_mean__P23083,0.03584320845609126,0.0
rollmean2__peptide_mean__P02765,0.03582558274792723,0.0
lag1__protein_npx__P04156,0.03582079018644537,0.0
delta1__protein_npx__P02751,0.03580471870725063,0.0
lag1__peptide_count__P43652,0.03578698394485022,0.0
lag1__peptide_std__P19823,0.03576729995757528,0.0
delta1__peptide_mean__P00746,0.03576177620553532,0.0
slope1__protein_npx__P02452,0.03573483172747222,0.0
lag1__peptide_count__P19823,0.03570305893424086,0.0
lag1__peptide_mean__Q14118,0.035679516766825625,0.0
rollmean2__peptide_std__P02751,0.03567916291848751,0.0
delta1__protein_npx__P02655,0.03566646960194003,0.0
peptide_log__LGQSLDC(UniMod_4)NAEVYVVPWEK,0.035651818104876304,0.0
lag1__protein_npx__P04180,0.035627979586841045,0.0
delta1__peptide_log__RTPITVVK,0.035614524570158936,0.0
slope1__protein_npx__P05155,0.03558135380464296,0.0
protein_npx__P02763,0.03557149706341597,0.0
lag1__peptide_count__P06681,0.03555309066152146,0.0
missing__peptide_count__Q9BY67,0.03553477128001164,0.0
missing__protein_npx__Q9BY67,0.03553477128001164,0.0
missing__peptide_mean__Q9BY67,0.03553477128001164,0.0
delta1__protein_npx__P01876,0.03552642095427426,0.0
peptide_std__Q9NQ79,0.035499505869237336,0.0
lag1__peptide_std__O15240,0.035481712581177015,0.0
delta1__peptide_mean__P04075,0.03547610151060733,0.0
rollmean2__peptide_std__P02649,0.03547565088045047,0.0
delta1__peptide_std__Q12907,0.035440194858846544,0.0
missing__peptide_mean__Q99435,0.03543824497081045,0.0
missing__peptide_count__Q99435,0.03543824497081045,0.0
missing__protein_npx__Q99435,0.03543824497081045,0.0
lag1__peptide_mean__Q6UXB8,0.03543641478611176,0.0
lag1__peptide_std__P09871,0.03543599319668204,0.0
slope1__peptide_mean__Q9UHG2,0.035428970279551115,0.0
missing__peptide_std__P16870,0.03542584447223591,0.0
slope1__protein_npx__P06454,0.035423202744006434,0.0
rollmean2__peptide_mean__P02652,0.035411765683581425,0.0
rollmean2__protein_npx__P04156,0.0353895637546474,0.0
delta1__peptide_count__P02750,0.035364377937673934,0.0
peptide_mean__O60888,0.035355266177840114,0.0
peptide_mean__P02751,0.035328813948643505,0.0
protein_npx__P23142,0.03529797848092606,0.0
peptide_std__P00734,0.03529484914255193,0.0
peptide_log__NFPPSQDASGDLYTTSSQLTLPATQC(UniMod_4)PDGK,0.035237723807285105,0.0
delta1__peptide_mean__P13671,0.03521921364282077,0.0
rollmean2__protein_npx__P16152,0.035163007927812164,0.0
peptide_mean__P61769,0.035146495599795484,0.0
rollmean2__peptide_mean__P05060,0.03514081769962367,0.0
slope1__peptide_mean__P09871,0.03511812973421864,0.0
peptide_log__KVEQAVETEPEPELR,0.03511361072269469,0.0
delta1__peptide_count__P02747,0.0350970780474657,0.0
slope1__peptide_std__P02656,0.035079965520425915,0.0
rollmean2__peptide_count__P06396,0.03505764633542239,0.0
slope1__peptide_std__P02750,0.035029877799341747,0.0
peptide_mean__P16070,0.0350191884285241,0.0
lag1__protein_npx__Q9Y646,0.03500243461109969,0.0
rollmean2__peptide_count__P04004,0.03499832208551,0.0
rollmean2__protein_npx__P07225,0.03498478974812091,0.0
slope1__peptide_mean__P08133,0.03497772845446402,0.0
lag1__peptide_std__P05546,0.03496542470709736,0.0
slope1__peptide_std__Q14118,0.034953012309448035,0.0
rollmean2__peptide_count__P00746,0.034935058618765044,0.0
lag1__peptide_log__QIGSVYR,0.034916982632189966,0.0
rollmean2__peptide_mean__O75326,0.034860035176218857,0.0
peptide_std__P16870,0.034858473138943226,0.0
peptide_std__P13611,0.0347977308571004,0.0
rollmean2__peptide_std__P00747,0.03476709407573992,0.0
lag1__peptide_log__ATVNPSAPR,0.034716035148871276,0.0
rollmean2__protein_npx__P07858,0.03471573961237654,0.0
slope1__peptide_count__Q14118,0.03468282642767827,0.0
lag1__peptide_count__P02765,0.03467421582518253,0.0
rollmean2__protein_npx__Q9BY67,0.034644208108191715,0.0
slope1__peptide_mean__P02655,0.034626170145680694,0.0
rollmean2__peptide_mean__P09871,0.03458553859292915,0.0
rollmean2__peptide_std__O75144,0.03457401512508009,0.0
rollmean2__peptide_std__P07711,0.03457177645115547,0.0
lag1__peptide_log__C(UniMod_4)SYTEDAQC(UniMod_4)IDGTIEVPK,0.03453036044968932,0.0
lag1__peptide_count__P04180,0.03449654353471748,0.0
slope1__peptide_std__P02652,0.034492908859143995,0.0
rollmean2__peptide_count__P00738,0.034490917351310886,0.0
missing__peptide_mean__P05408,0.03447831909625495,0.0
missing__peptide_count__P05408,0.03447831909625495,0.0
missing__protein_npx__P05408,0.03447831909625495,0.0
rollmean2__peptide_mean__P01780,0.03447441429741274,0.0
slope1__protein_npx__P27169,0.03446095837343787,0.0
lag1__peptide_mean__O14773,0.03445445632503624,0.0
delta1__peptide_mean__P17936,0.034436972233646036,0.0
rollmean2__peptide_count__P08603,0.03441863140340365,0.0
delta1__peptide_std__Q16270,0.034413580216093705,0.0
peptide_log__LPPTSAHGNVAEGETKPDPDVTER,0.034378770543815634,0.0
peptide_log__SLAELGGHLDQQVEEFRR,0.034356267430506536,0.0
delta1__peptide_mean__P36980,0.03427576712903937,0.0
slope1__protein_npx__P02671,0.03425172910515144,0.0
peptide_std__P02652,0.034250321306664576,0.0
lag1__peptide_log__WELALGR,0.034217227561270214,0.0
slope1__protein_npx__P01717,0.03418290419069689,0.0
slope1__protein_npx__P23142,0.03415807686553558,0.0
slope1__peptide_mean__P13521,0.03414847644523154,0.0
lag1__protein_npx__P02751,0.034121216996430406,0.0
delta1__peptide_mean__P01034,0.03409269869825566,0.0
slope1__protein_npx__P39060,0.03406590888726074,0.0
rollmean2__protein_npx__Q96PD5,0.03406480214992514,0.0
slope1__peptide_std__P07602,0.034060029954637375,0.0
slope1__protein_npx__P01033,0.03404443441780305,0.0
delta1__peptide_count__P05546,0.03404336308352001,0.0
slope1__peptide_std__O14773,0.03402992300564989,0.0
delta1__protein_npx__P23142,0.034023761554801114,0.0
rollmean2__peptide_mean__Q99674,0.03401550729002733,0.0
rollmean2__peptide_std__P02768,0.03401386890888984,0.0
rollmean2__peptide_count__O94919,0.033990757456674264,0.0
rollmean2__protein_npx__Q14515,0.033989141016476196,0.0
rollmean2__protein_npx__P19827,0.033963604809934066,0.0
delta1__peptide_mean__P01023,0.033963082770718994,0.0
missing__peptide_count__P11142,0.03395634142593005,0.0
missing__protein_npx__P11142,0.03395634142593005,0.0
missing__peptide_mean__P11142,0.03395634142593005,0.0
protein_npx__P13521,0.033900211735843684,0.0
delta1__peptide_mean__Q13449,0.033899453849636454,0.0
delta1__peptide_log__LPPTSAHGNVAEGETKPDPDVTER,0.03387445068942228,0.0
protein_npx__P04156,0.03386812210430365,0.0
slope1__peptide_log__AVLPTGDVIGDSAK,0.03386395181929944,0.0
peptide_std__P01860,0.03384829922121103,0.0
delta1__peptide_count__P02748,0.03383990929969709,0.0
delta1__protein_npx__P23083,0.03383299526265536,0.0
protein_npx__P19827,0.03383226191305242,0.0
delta1__protein_npx__P02792,0.033811479355749983,0.0
slope1__peptide_log__GYQLSDVDGVTC(UniMod_4)EDIDEC(UniMod_4)ALPTGGHIC(UniMod_4)SYR,0.033794172191561445,0.0
delta1__peptide_count__P01859,0.03377895290740189,0.0
lag1__peptide_std__P01011,0.03375947970935968,0.0
delta1__peptide_count__P07998,0.0337493323112519,0.0
rollmean2__peptide_std__P04180,0.033691862665131946,0.0
peptide_count__Q13740,0.033669019367393874,0.0
rollmean2__peptide_count__P12109,0.03366425626357159,0.0
delta1__peptide_count__P14618,0.033641344056427,0.0
slope1__peptide_mean__P05155,0.03363602863596583,0.0
slope1__peptide_count__P55290,0.03362620819133136,0.0
delta1__protein_npx__P02763,0.033621731291372865,0.0
rollmean2__peptide_count__P13591,0.03358348865950144,0.0
slope1__peptide_count__P02753,0.03357247875865962,0.0
rollmean2__peptide_mean__O60888,0.033568616051266646,0.0
peptide_log__YVMLPVADQDQC(UniMod_4)IR,0.03356525526033653,0.0
missing__peptide_log__YVMLPVADQDQC(UniMod_4)IR,0.033556724959728904,0.0
lag1__protein_npx__P14174,0.033550217131996324,0.0
lag1__peptide_log__LGADM(UniMod_35)EDVC(UniMod_4)GR,0.033549523689448364,0.0
peptide_mean__P01034,0.03354054338953039,0.0
lag1__protein_npx__Q6UX71,0.03352612303023119,0.0
slope1__peptide_log__GEVQAMLGQSTEELR,0.033507400540397886,0.0
delta1__peptide_std__P00450,0.03350397675656611,0.0
delta1__peptide_mean__P00748,0.033475150572789755,0.0
slope1__peptide_std__P39060,0.033467842357940494,0.0
slope1__peptide_mean__P49908,0.03346353854266744,0.0
rollmean2__peptide_count__P02675,0.03344477711275109,0.0
slope1__current_updrs_1,0.033434178570494036,0.0
peptide_mean__P10643,0.033426982626875164,0.0
lag1__peptide_mean__P02792,0.03337700881971917,0.0
peptide_count__P04180,0.033346545293596194,0.0
slope1__peptide_std__P16070,0.03334650780916382,0.0
rollmean2__peptide_log__ANRPFLVFIR,0.0333373176942744,0.0
peptide_mean__P51884,0.033334722898458374,0.0
rollmean2__peptide_log__EILSVDC(UniMod_4)STNNPSQAK,0.0333269406332741,0.0
rollmean2__protein_npx__P08294,0.03329580278235572,0.0
delta1__peptide_log__DSGFQM(UniMod_35)NQLR,0.033292386778077034,0.0
protein_npx__Q9UKV8,0.033273397103890975,0.0
slope1__peptide_std__P43121,0.0332633770747075,0.0
delta1__peptide_std__P04075,0.03324138305298436,0.0
rollmean2__peptide_log__VYC(UniMod_4)DMNTENGGWTVIQNR,0.033239067323349386,0.0
lag1__peptide_mean__P11142,0.03323468091477786,0.0
peptide_log__TVVQPSVGAAAGPVVPPC(UniMod_4)PGR,0.03322774625191888,0.0
slope1__protein_npx__Q96S96,0.033220939386045,0.0
slope1__peptide_std__P08603,0.03319204374646132,0.0
lag1__peptide_mean__P17174,0.03317184025626511,0.0
rollmean2__protein_npx__P08697,0.03316896420219322,0.0
rollmean2__protein_npx__P14174,0.03313920163446736,0.0
delta1__peptide_std__O00533,0.033117164854620997,0.0
protein_npx__O00391,0.033109477757123876,0.0
slope1__peptide_std__P02753,0.03310743063255961,0.0
rollmean2__peptide_count__Q13740,0.03310338818382095,0.0
delta1__peptide_log__LQAEAFQAR,0.03308303140265683,0.0
lag1__peptide_log__DSGEGDFLAEGGGVR,0.033056324503798154,0.0
lag1__protein_npx__P04004,0.03304159076703596,0.0
peptide_mean__P00736,0.03302172049141024,0.0
delta1__peptide_mean__P10645,0.03302072403173389,0.0
lag1__peptide_std__Q06481,0.03301338255559933,0.0
protein_npx__P07602,0.033006974470525384,0.0
delta1__protein_npx__Q14624,0.03297289912867486,0.0
rollmean2__protein_npx__P01717,0.032969329511369695,0.0
lag1__peptide_log__EDSLEAGLPLQVR,0.03296868178885061,0.0
delta1__peptide_mean__Q12907,0.03295953701152313,0.0
slope1__peptide_mean__P06396,0.03295899416137634,0.0
lag1__peptide_std__P02760,0.03293869746956839,0.0
delta1__peptide_mean__P01859,0.03293462798987309,0.0
peptide_mean__P04075,0.032933588652581,0.0
slope1__peptide_mean__P08294,0.032919482233018986,0.0
delta1__peptide_mean__Q12805,0.032894936618301375,0.0
slope1__protein_npx__P13521,0.03288526324915691,0.0
rollmean2__protein_npx__P00746,0.032875309037808616,0.0
peptide_count__P00751,0.032872522792846366,0.0
lag1__peptide_log__LIADLGSTSITNLGFR,0.03284617403250266,0.0
peptide_mean__P04156,0.03280295127945115,0.0
missing__peptide_log__LVGGPM(UniMod_35)DASVEEEGVRR,0.03278086962996213,0.0
rollmean2__peptide_mean__P00736,0.032760136216894505,0.0
lag1__peptide_log__TSPVDEKALQDQLVLVAAK,0.03275967163132432,0.0
lag1__peptide_count__P08294,0.032752419367764136,0.0
delta1__protein_npx__P60174,0.032748952567339534,0.0
rollmean2__peptide_mean__P10645,0.03272897635456426,0.0
protein_npx__P17174,0.03272450996975608,0.0
rollmean2__peptide_mean__Q99969,0.03270221805185845,0.0
protein_npx__Q9BY67,0.03268692868541339,0.0
delta1__peptide_count__P02753,0.032677544480769,0.0
rollmean2__peptide_mean__Q13451,0.03266793735846393,0.0
slope1__protein_npx__P02766,0.03265987451306506,0.0
protein_npx__P36222,0.03263939781932694,0.0
delta1__peptide_std__P02671,0.032592891790800306,0.0
missing__peptide_log__VQAAVGTSAAPVPSDNH,0.03258662181420731,0.0
slope1__protein_npx__Q6UXD5,0.032582113184898814,0.0
lag1__peptide_count__P00751,0.032520019796144814,0.0
delta1__peptide_mean__P08493,0.032470356579670526,0.0
rollmean2__peptide_count__P05452,0.032460897474550665,0.0
slope1__peptide_std__P01023,0.03245850508294664,0.0
lag1__peptide_log__DASGVTFTWTPSSGK,0.03245630922397688,0.0
missing__peptide_log__SC(UniMod_4)DTPPPC(UniMod_4)PR,0.03245092262487809,0.0
slope1__peptide_count__P54289,0.032431621595002624,0.0
peptide_mean__P49588,0.03238526208322208,0.0
delta1__protein_npx__Q99829,0.032377512469736594,0.0
slope1__protein_npx__P40925,0.03236767432981842,0.0
rollmean2__peptide_mean__P02751,0.03236577643775855,0.0
slope1__peptide_count__P08603,0.03235649047960491,0.0
lag1__protein_npx__P02790,0.03234550000542795,0.0
slope1__peptide_log__FNKPFVFLM(UniMod_35)IEQNTK,0.03233885994607507,0.0
rollmean2__peptide_count__P07225,0.03229091898125175,0.0
slope1__peptide_count__P05155,0.03226233841972131,0.0
lag1__peptide_log__VTSIQDWVQK,0.03224897187553656,0.0
delta1__peptide_count__P09871,0.032235136230861314,0.0
lag1__protein_npx__P27169,0.03222683527388438,0.0
slope1__peptide_count__Q14515,0.0321995787138903,0.0
delta1__peptide_log__FLATTPNSLLVSWQPPR,0.03219129371038004,0.0
slope1__peptide_mean__P54289,0.032142013481747486,0.0
lag1__peptide_count__P00747,0.03214017191933137,0.0
lag1__peptide_std__P02749,0.0321285566917807,0.0
peptide_std__P25311,0.03211068695590046,0.0
delta1__peptide_std__P05090,0.03209625569324023,0.0
lag1__peptide_std__Q13740,0.032045829512967534,0.0
slope1__peptide_std__P05546,0.03203875791707185,0.0
delta1__peptide_log__C(UniMod_4)SYTEDAQC(UniMod_4)IDGTIEVPK,0.032030088873894184,0.0
slope1__protein_npx__P61626,0.03202964961035923,0.0
protein_npx__P01008,0.03201066238768339,0.0
lag1__peptide_std__P07711,0.032005226443635494,0.0
slope1__peptide_mean__O94919,0.03198852577507728,0.0
lag1__protein_npx__P17174,0.03198641796233454,0.0
delta1__peptide_count__O94919,0.03198619003576456,0.0
peptide_count__Q08380,0.031961426682338596,0.0
rollmean2__peptide_log__SWFEPLVEDM(UniMod_35)QR,0.03193630036920838,0.0
lag1__peptide_mean__P04004,0.031919430914394926,0.0
rollmean2__peptide_std__P04217,0.031898457982180065,0.0
delta1__protein_npx__P54289,0.03189071075319605,0.0
delta1__peptide_mean__Q9Y6R7,0.031865453881014555,0.0
peptide_std__P02760,0.0318278878690549,0.0
delta1__peptide_log__VYC(UniMod_4)DMNTENGGWTVIQNR,0.03182548633042389,0.0
peptide_count__P23142,0.031823045346271006,0.0
rollmean2__peptide_std__P00738,0.03179530713830237,0.0
rollmean2__peptide_mean__P05452,0.03178907239993625,0.0
lag1__peptide_mean__Q99435,0.031786575529222545,0.0
delta1__peptide_mean__P02750,0.03178581342116302,0.0
lag1__peptide_mean__P05090,0.03178357259054493,0.0
lag1__peptide_mean__P60174,0.03175181575708415,0.0
lag1__months_since_prev_visit,0.031735539120526915,0.0
peptide_mean__P16035,0.031721250560892124,0.0
delta1__peptide_std__P16070,0.031704601453593245,0.0
protein_npx__P04433,0.031683914330475155,0.0
lag1__protein_npx__P01019,0.03167000918314566,0.0
lag1__protein_npx__P02749,0.03166065046084949,0.0
lag1__peptide_abundance_min,0.031647882316641916,0.0
rollmean2__peptide_mean__Q12907,0.0316344037157071,0.0
delta1__peptide_count__P10645,0.031631281502902744,0.0
slope1__has_previous_visit,0.03162481848776692,0.0
slope1__peptide_std__P09486,0.03158847698990243,0.0
slope1__protein_npx__P05408,0.03158216548868129,0.0
rollmean2__peptide_log__NFPPSQDASGDLYTTSSQLTLPATQC(UniMod_4)PDGK,0.031553576667567536,0.0
rollmean2__protein_npx__P05452,0.031548093735757565,0.0
rollmean2__peptide_mean__P43121,0.03153793415915404,0.0
slope1__peptide_mean__Q99969,0.031520566940816154,0.0
rollmean2__protein_npx__P08603,0.03150809132543457,0.0
slope1__peptide_mean__P06727,0.03143764781289848,0.0
rollmean2__protein_npx__Q92876,0.031436507888964405,0.0
delta1__protein_npx__P08133,0.03142629236520763,0.0
peptide_std__P08603,0.03138809407856494,0.0
rollmean2__protein_npx__Q99683,0.03136362800289248,0.0
peptide_count__P01023,0.03135255969391882,0.0
peptide_log__QIGSVYR,0.03135197041887044,0.0
protein_npx__P01861,0.031329076743381715,0.0
rollmean2__protein_npx__Q08380,0.031300050985278514,0.0
lag1__peptide_mean__O60888,0.03129061120525043,0.0
missing__peptide_std__P13611,0.03128618498359697,0.0
protein_npx__P07858,0.03128473932278252,0.0
rollmean2__protein_npx__P30086,0.03126908866728249,0.0
delta1__peptide_count__P05156,0.03125043835242866,0.0
rollmean2__peptide_count__P02652,0.031228664910718813,0.0
delta1__peptide_std__P13611,0.031225691101288314,0.0
slope1__protein_npx__P06396,0.031221690671188497,0.0
rollmean2__peptide_std__Q16610,0.031206312512540562,0.0
slope1__peptide_mean__P01031,0.031181377804447567,0.0
delta1__peptide_count__P25311,0.031164850047537,0.0
protein_npx__Q14508,0.031145947200564177,0.0
slope1__protein_npx__P02675,0.031121063139553064,0.0
rollmean2__protein_npx__P16870,0.03110190468791604,0.0
peptide_mean__Q96S96,0.031099862446021212,0.0
peptide_mean__P01009,0.031098607829636634,0.0
delta1__protein_npx__P05408,0.03108482470124819,0.0
peptide_mean__P01861,0.0310829343777307,0.0
peptide_log__TTPPVLDSDGSFFLYSR,0.0310829343777307,0.0
lag1__peptide_std__P16035,0.031059027562156782,0.0
peptide_log__GC(UniMod_4)PTEEGC(UniMod_4)GER,0.03100320019458086,0.0
missing__peptide_log__VMPIC(UniMod_4)LPSKDYAEVGR,0.03099528296645524,0.0
slope1__peptide_mean__O00391,0.030994443463864093,0.0
slope1__peptide_mean__Q15904,0.030894851692862914,0.0
peptide_log__GEVQAMLGQSTEELRVR,0.030889953311092233,0.0
protein_npx__P06727,0.030878022115676,0.0
delta1__peptide_mean__P19652,0.030877257073385157,0.0
peptide_std__Q9UBX5,0.03085283383890354,0.0
protein_npx__P09486,0.0308443182590454,0.0
rollmean2__peptide_std__P02675,0.030837003041988897,0.0
slope1__peptide_count__P05067,0.030798241502877514,0.0
slope1__protein_npx__P07225,0.030786313450672474,0.0
rollmean2__peptide_mean__Q12841,0.030784848193488583,0.0
peptide_count__P55290,0.03076160195915375,0.0
rollmean2__peptide_count__P16070,0.03076081299053424,0.0
slope1__peptide_mean__Q9UKV8,0.030741306988749946,0.0
lag1__peptide_log__GC(UniMod_4)PTEEGC(UniMod_4)GER,0.03071199695043838,0.0
missing__peptide_mean__P01033,0.03070514754935812,0.0
missing__protein_npx__P01033,0.03070514754935812,0.0
missing__peptide_count__P01033,0.03070514754935812,0.0
protein_npx__P07225,0.030673673067993793,0.0
slope1__peptide_mean__P04004,0.030671142827081777,0.0
delta1__peptide_mean__P04211,0.030659136779682444,0.0
rollmean2__protein_npx__Q12805,0.030634891770694672,0.0
lag1__protein_npx__P40925,0.030630228425969002,0.0
lag1__peptide_log__KQELSEAEQATR,0.03062214095657235,0.0
rollmean2__protein_npx__P02656,0.030612851635827464,0.0
rollmean2__protein_npx__P04433,0.030610423998490382,0.0
slope1__protein_npx__P01859,0.030591414007573522,0.0
protein_npx__P01608,0.0305743504445929,0.0
rollmean2__peptide_std__P20774,0.030537447617516544,0.0
rollmean2__peptide_mean__P00747,0.03050084861417418,0.0
rollmean2__peptide_std__P16870,0.030492744833191202,0.0
delta1__peptide_count__P00748,0.030491577475325205,0.0
missing__peptide_log__AVLPTGDVIGDSAK,0.030483767221626313,0.0
protein_npx__P14174,0.030473386397479946,0.0
lag1__protein_npx__Q13283,0.03046454320777748,0.0
lag1__peptide_mean__P04217,0.030455164293750465,0.0
peptide_count__P24592,0.030448386357432647,0.0
missing__peptide_std__P16035,0.030427717735528055,0.0
lag1__protein_npx__P01859,0.030407300739473987,0.0
peptide_mean__P01876,0.030329602666660432,0.0
peptide_mean__P08493,0.030319815803620993,0.0
delta1__peptide_count__Q92876,0.030260418333160954,0.0
slope1__peptide_count__Q92876,0.030260418333160947,0.0
peptide_mean__Q9UKV8,0.030251511293576762,0.0
lag1__protein_npx__O14791,0.030228297537542696,0.0
delta1__peptide_std__O00584,0.030187764111902264,0.0
lag1__peptide_count__P61769,0.030186506864902412,0.0
delta1__peptide_std__P02747,0.030183319692278228,0.0
missing__peptide_log__VYC(UniMod_4)DMNTENGGWTVIQNR,0.03017527979600199,0.0
rollmean2__peptide_log__DLATVYVDVLK,0.030166128473251407,0.0
peptide_count__P02452,0.03015590372758597,0.0
peptide_count__P02750,0.03014668938817957,0.0
rollmean2__peptide_mean__O15240,0.030145445743009987,0.0
protein_npx__P61278,0.03013347985033056,0.0
missing__peptide_mean__P04207,0.03013275804092979,0.0
missing__protein_npx__P04207,0.03013275804092979,0.0
missing__peptide_count__P04207,0.03013275804092979,0.0
lag1__peptide_std__Q6UXB8,0.03011796899282162,0.0
rollmean2__protein_npx__Q8NBJ4,0.030109009904929148,0.0
delta1__current_medication_on,0.0301022211495163,0.0
lag1__peptide_std__Q16270,0.0301007194905324,0.0
missing__peptide_std__Q6UXB8,0.030096067094249147,0.0
rollmean2__peptide_count__Q92823,0.03007144986897706,0.0
delta1__peptide_count__P98160,0.030041269704208083,0.0
slope1__peptide_mean__O14791,0.030038411053280027,0.0
rollmean2__protein_npx__P02774,0.030035376454645088,0.0
delta1__protein_npx__P01042,0.030026321622099582,0.0
protein_npx__P09104,0.030022794003827666,0.0
delta1__peptide_log__TEGDGVYTLNNEK,0.030005160221387262,0.0
delta1__protein_npx__P13671,0.029987437569212624,0.0
slope1__protein_npx__P17936,0.02998580492410838,0.0
delta1__peptide_count__P19823,0.02997443791426048,0.0
rollmean2__protein_npx__P36980,0.029965168812228958,0.0
slope1__peptide_log__LRTEGDGVYTLNNEKQWINK,0.029960027266598556,0.0
peptide_std__P02749,0.029949572520305553,0.0
rollmean2__peptide_log__LGADM(UniMod_35)EDVC(UniMod_4)GR,0.02994197054735683,0.0
slope1__peptide_std__P01859,0.029941427238423173,0.0
rollmean2__protein_npx__P05067,0.029930401777376915,0.0
delta1__peptide_std__P00751,0.02991359319152527,0.0
slope1__peptide_std__Q96PD5,0.029910217965868235,0.0
lag1__peptide_mean__Q99832,0.029890942887254038,0.0
delta1__protein_npx__P19823,0.029887432692618673,0.0
rollmean2__peptide_count__Q08380,0.02985262248078594,0.0
rollmean2__peptide_log__YYWGGQYTWDMAK,0.029846205618810642,0.0
missing__peptide_log__LEGQEEEEDNRDSSMK,0.029820074418180624,0.0
protein_npx__O43505,0.02980747110527737,0.0
slope1__peptide_log__TDASDVKPC(UniMod_4),0.029783284404987516,0.0
delta1__peptide_mean__Q9UBX5,0.029751410036944648,0.0
rollmean2__peptide_mean__P04180,0.02974096799467213,0.0
missing__peptide_mean__Q6UXB8,0.029706849544275167,0.0
missing__protein_npx__Q6UXB8,0.029706849544275167,0.0
missing__peptide_count__Q6UXB8,0.029706849544275167,0.0
slope1__protein_npx__P00747,0.029695700697037853,0.0
lag1__peptide_std__P27169,0.02966066066816496,0.0
lag1__peptide_mean__O00584,0.02965314735804205,0.0
protein_npx__P00746,0.029651505759675532,0.0
slope1__peptide_count__P07339,0.029641821365837408,0.0
slope1__peptide_count__P43121,0.02964154101880144,0.0
delta1__peptide_count__P02652,0.0296400430007529,0.0
rollmean2__peptide_std__P13591,0.02960694689553859,0.0
peptide_std__P01024,0.029602992081933413,0.0
delta1__peptide_mean__Q9BY67,0.02959514037649934,0.0
peptide_mean__P27169,0.029594969566147454,0.0
delta1__peptide_count__P09486,0.029585642349411537,0.0
rollmean2__peptide_log__TTPPVLDSDGSFFLYSK,0.029572377819260986,0.0
slope1__peptide_mean__P01008,0.02955338311448152,0.0
slope1__protein_npx__P08697,0.02953439414862057,0.0
peptide_log__LRTEGDGVYTLNNEKQWINK,0.029527523812728565,0.0
delta1__peptide_count__P01857,0.029527077908475863,0.0
slope1__peptide_mean__P04180,0.02951574910857128,0.0
lag1__protein_npx__P18065,0.029515329788716176,0.0
peptide_mean__P09871,0.029482884221199306,0.0
peptide_std__P14618,0.029468671077964803,0.0
slope1__peptide_count__P04217,0.02944106893913722,0.0
delta1__protein_npx__P36980,0.02943484391444523,0.0
missing__peptide_count__Q13740,0.029399105649067326,0.0
missing__protein_npx__Q13740,0.029399105649067326,0.0
missing__peptide_mean__Q13740,0.029399105649067326,0.0
delta1__protein_npx__P01834,0.029383573760015595,0.0
lag1__protein_npx__P05408,0.029374103678959155,0.0
slope1__peptide_mean__P25311,0.029327250260536265,0.0
peptide_abundance_min,0.02931290562527041,0.0
rollmean2__peptide_mean__P04406,0.029303727058817702,0.0
lag1__peptide_std__P02452,0.029293296711553257,0.0
delta1__peptide_log__GC(UniMod_4)PTEEGC(UniMod_4)GER,0.029286245586803518,0.0
rollmean2__peptide_std__P01042,0.02926916284272264,0.0
lag1__protein_npx__P01008,0.029262967789577876,0.0
slope1__peptide_mean__O75326,0.029185861334660966,0.0
lag1__protein_npx__Q08380,0.029166574200668052,0.0
slope1__peptide_mean__P36222,0.029166362434336398,0.0
peptide_std__P04004,0.02916157739702932,0.0
delta1__protein_npx__P08603,0.02916131038615034,0.0
lag1__peptide_std__O14773,0.02914647167702822,0.0
lag1__peptide_count__Q14624,0.029118494496177497,0.0
rollmean2__peptide_mean__Q13449,0.02910566307835301,0.0
rollmean2__peptide_mean__P10643,0.029104934978539675,0.0
lag1__peptide_std__P05060,0.029104120022385205,0.0
missing__peptide_mean__O15394,0.02908199906474445,0.0
missing__protein_npx__O15394,0.02908199906474445,0.0
missing__peptide_count__O15394,0.02908199906474445,0.0
rollmean2__peptide_mean__P25311,0.029073692826257547,0.0
delta1__peptide_std__P01857,0.029060957922873366,0.0
slope1__peptide_mean__Q92823,0.029060183615892927,0.0
delta1__peptide_mean__P08133,0.029028877083086935,0.0
rollmean2__peptide_mean__P13611,0.029020715291221605,0.0
delta1__protein_npx__P04216,0.02900729101711957,0.0
peptide_log__VDSGNDVTDIADDGC(UniMod_4)PKPPEIAHGYVEHSVR,0.0290002935873101,0.0
delta1__peptide_std__P20774,0.02898990325688512,0.0
lag1__protein_missing_fraction,0.02893933827665682,0.0
lag1__protein_feature_count,0.028939338276656765,0.0
protein_npx__P36955,0.02893265209213266,0.0
lag1__peptide_mean__P02766,0.028928325970657323,0.0
missing__peptide_std__P14314,0.028913344711737635,0.0
lag1__protein_npx__P60174,0.02890846956883042,0.0
rollmean2__peptide_mean__Q12805,0.02890199782403622,0.0
slope1__peptide_log__VQPYLDDFQKK,0.028900241880247365,0.0
peptide_log__AYKSELEEQLTPVAEETR,0.028858051442728093,0.0
lag1__peptide_mean__Q9NYU2,0.0288556769365426,0.0
peptide_mean__P13671,0.02885523843634888,0.0
protein_npx__O75144,0.028798792759817674,0.0
slope1__peptide_mean__Q7Z3B1,0.028798408046129976,0.0
rollmean2__peptide_mean__P09104,0.028795297802137215,0.0
slope1__peptide_log__YVM(UniMod_35)LPVADQDQC(UniMod_4)IR,0.028784962217183883,0.0
lag1__peptide_mean__Q6UX71,0.02874104740186581,0.0
rollmean2__peptide_mean__P13671,0.028733684314669976,0.0
peptide_log__ANRPFLVFIR,0.028718256275982783,0.0
lag1__peptide_abundance_std,0.028710378477116126,0.0
slope1__peptide_log__SC(UniMod_4)DTPPPC(UniMod_4)PR,0.028693182323777464,0.0
missing__peptide_log__YIVSGTPTFVPYLIK,0.028689027110368137,0.0
lag1__peptide_mean__P04196,0.028683029730011585,0.0
lag1__peptide_mean__Q9UHG2,0.028646173282630697,0.0
slope1__peptide_count__O00584,0.028643846248978082,0.0
rollmean2__peptide_count__P04180,0.02862079791959497,0.0
peptide_std__P08294,0.028618874389209556,0.0
peptide_mean__P05067,0.02861452277624998,0.0
delta1__peptide_mean__Q92823,0.028614194618751577,0.0
rollmean2__peptide_count__P00748,0.02857675349034793,0.0
delta1__peptide_log__VDSGNDVTDIADDGC(UniMod_4)PKPPEIAHGYVEHSVR,0.028534100661783468,0.0
missing__peptide_log__KFPSGTFEQVSQLVK,0.028528069192815825,0.0
lag1__peptide_std__P07225,0.028523643321959613,0.0
lag1__peptide_mean__P07602,0.02852179330306636,0.0
delta1__protein_npx__P61769,0.028517661567714646,0.0
peptide_count__Q16610,0.028513626921161533,0.0
delta1__protein_npx__P02647,0.028503913121244485,0.0
rollmean2__peptide_log__SGELEQEEER,0.02849156600061046,0.0
rollmean2__protein_npx__P25311,0.02848626539344835,0.0
peptide_log__TLLSNLEEAKK,0.02846829048250614,0.0
slope1__peptide_count__P23142,0.028462762134163374,0.0
missing__peptide_mean__P07195,0.02843260269513781,0.0
missing__peptide_count__P07195,0.02843260269513781,0.0
missing__protein_npx__P07195,0.02843260269513781,0.0
protein_npx__O15394,0.028432306509879476,0.0
slope1__peptide_count__P01019,0.028431912628524986,0.0
slope1__peptide_count__P00751,0.02841331312829738,0.0
lag1__protein_npx__P11277,0.028405972790312293,0.0
delta1__peptide_log__QWAGLVEK,0.028400677116110176,0.0
lag1__peptide_mean__P02751,0.028399501038412656,0.0
delta1__protein_npx__P06681,0.028385611987727585,0.0
delta1__protein_npx__P01034,0.028355621835438823,0.0
lag1__peptide_mean__Q13332,0.028350225866258252,0.0
delta1__protein_npx__Q12805,0.028349104638842444,0.0
lag1__peptide_std__O15394,0.028336722537091553,0.0
delta1__peptide_std__P02679,0.028321872794931854,0.0
rollmean2__protein_npx__Q7Z5P9,0.02830485943312526,0.0
slope1__peptide_count__P05060,0.028300139024156692,0.0
rollmean2__peptide_mean__P05546,0.0282888418334005,0.0
lag1__peptide_count__P61916,0.028271613924671896,0.0
peptide_std__P07998,0.028267791426674568,0.0
peptide_mean__Q13451,0.02824743405199898,0.0
protein_npx__P43652,0.028240297035636814,0.0
missing__peptide_std__P00746,0.028168216772064915,0.0
slope1__peptide_count__P01877,0.028156593068654482,0.0
protein_npx__Q14515,0.02813580192593775,0.0
lag1__protein_npx__P09104,0.02811463793636332,0.0
slope1__peptide_mean__P39060,0.028104272875823913,0.0
delta1__peptide_log__TLLSNLEEAKK,0.02810149560225417,0.0
lag1__peptide_log__QKVEPLRAELQEGAR,0.028101374246948627,0.0
missing__peptide_std__P02763,0.028086435748879122,0.0
lag1__peptide_mean__P00450,0.028065760536893775,0.0
slope1__peptide_log__TKEEYGHSEVVEYYC(UniMod_4)NPR,0.028065357612783025,0.0
protein_npx__P00441,0.028063910939502733,0.0
delta1__peptide_log__AEAQEAEDQQAR,0.028062490133940403,0.0
peptide_mean__P01859,0.028058303157889986,0.0
rollmean2__peptide_mean__Q13283,0.028042810038917784,0.0
peptide_mean__Q562R1,0.028032735610248685,0.0
peptide_log__ATVNPSAPR,0.02802062479936122,0.0
peptide_mean__Q9BY67,0.027999421470542518,0.0
slope1__peptide_std__P01042,0.027994122464770968,0.0
rollmean2__protein_npx__O75144,0.02797627108470782,0.0
lag1__peptide_log__SFNRGEC(UniMod_4),0.02797387045123434,0.0
lag1__peptide_mean__P08493,0.02797101276971161,0.0
slope1__peptide_log__AKLEEQAQQIR,0.0279628159442578,0.0
missing__peptide_log__M(UniMod_35)YLGYEYVTAIR,0.027960428135768423,0.0
delta1__peptide_mean__P01594,0.027958642392604607,0.0
delta1__peptide_count__P36955,0.027952851144481334,0.0
rollmean2__peptide_mean__Q14118,0.027952188866534743,0.0
rollmean2__peptide_std__P01860,0.02791951418451465,0.0
lag1__peptide_log__VMPIC(UniMod_4)LPSKDYAEVGR,0.02791690974161356,0.0
rollmean2__peptide_mean__P01034,0.027899691512391522,0.0
delta1__peptide_mean__P02647,0.027890517499107752,0.0
peptide_log__ADDKETC(UniMod_4)FAEEGK,0.02788980799288107,0.0
lag1__protein_npx__Q8NE71,0.02788672909923674,0.0
slope1__protein_npx__P02768,0.02788497303283227,0.0
slope1__peptide_mean__P02675,0.0278606598914485,0.0
slope1__peptide_std__P19652,0.027855649923336053,0.0
delta1__peptide_mean__P02760,0.02784189221633841,0.0
rollmean2__peptide_log__TPVSDRVTK,0.027834212227010137,0.0
lag1__peptide_count__P10645,0.027822999325947954,0.0
peptide_count__P02749,0.027796016760827866,0.0
slope1__peptide_mean__P07858,0.027769483667701926,0.0
rollmean2__peptide_log__HYTNPSQDVTVPC(UniMod_4)PVPPPPPC(UniMod_4)C(UniMod_4)HPR,0.02776682782755896,0.0
rollmean2__peptide_count__P04075,0.02775437991184572,0.0
peptide_std__P13591,0.02774747595589131,0.0
slope1__peptide_std__P08571,0.027740022911310967,0.0
missing__peptide_log__VGYVSGWGR,0.027725816701490456,0.0
lag1__peptide_log__TM(UniMod_35)LLQPAGSLGSYSYR,0.027698610612039938,0.0
slope1__peptide_log__VC(UniMod_4)PFAGILENGAVR,0.027696266891679307,0.0
slope1__protein_npx__P00751,0.027690669338536627,0.0
slope1__protein_npx__P01031,0.027657874658793935,0.0
slope1__peptide_std__P24592,0.027636502937912172,0.0
delta1__peptide_log__FNKPFVFLM(UniMod_35)IEQNTK,0.027627267749921275,0.0
missing__peptide_log__GC(UniMod_4)PTEEGC(UniMod_4)GER,0.027626275971314555,0.0
lag1__protein_npx__P01876,0.02761789190352228,0.0
delta1__protein_npx__Q9UNU6,0.027600726873261823,0.0
peptide_std__Q08380,0.027583207475251843,0.0
slope1__peptide_mean__P13987,0.02757701914186812,0.0
lag1__peptide_mean__O15394,0.027575150620774758,0.0
rollmean2__protein_npx__Q15904,0.027574638105213177,0.0
lag1__peptide_std__Q92823,0.02756921225442573,0.0
peptide_std__P02751,0.02756845705920243,0.0
delta1__peptide_mean__P51884,0.027548246782927076,0.0
slope1__protein_npx__P20933,0.027546890730086395,0.0
protein_npx__P05452,0.02754616557074595,0.0
rollmean2__peptide_log__LSNENHGIAQR,0.027500743435118595,0.0
delta1__peptide_std__O15240,0.027498591499523963,0.0
rollmean2__peptide_mean__P01834,0.027497279047542032,0.0
rollmean2__peptide_mean__Q9BY67,0.027481271388611256,0.0
rollmean2__peptide_count__P00751,0.02748093519837545,0.0
rollmean2__peptide_mean__P01876,0.0274787664560592,0.0
delta1__protein_npx__P01877,0.02747356861054941,0.0
delta1__peptide_count__P08294,0.027460879402160514,0.0
slope1__peptide_count__P01024,0.027452829089692415,0.0
delta1__peptide_count__Q9NQ79,0.027438307461339944,0.0
missing__peptide_log__AVGDKLPEC(UniMod_4)EADDGC(UniMod_4)PKPPEIAHGYVEHSVR,0.027409070703330853,0.0
slope1__protein_npx__P02750,0.02738465657901164,0.0
slope1__peptide_std__P02747,0.02737861194363529,0.0
lag1__peptide_mean__P01034,0.027361258085567,0.0
protein_npx__Q8N2S1,0.02734275615058482,0.0
slope1__peptide_count__P06727,0.027336801263668442,0.0
lag1__protein_npx__P08603,0.027306243417169102,0.0
rollmean2__protein_npx__P55290,0.027305976419314863,0.0
slope1__peptide_log__QQETAAAETETR,0.02728386483566645,0.0
rollmean2__peptide_mean__P05155,0.027275095268099545,0.0
slope1__peptide_std__Q16610,0.027264036706041432,0.0
rollmean2__protein_npx__P43121,0.027256270319262005,0.0
missing__peptide_std__O15240,0.027244479179094932,0.0
rollmean2__peptide_log__TPLGDTTHTC(UniMod_4)PR,0.027235313734539558,0.0
peptide_count__P18065,0.027234979478603767,0.0
missing__peptide_mean__P06454,0.027210003615454913,0.0
missing__protein_npx__P06454,0.027210003615454913,0.0
missing__peptide_count__P06454,0.027210003615454913,0.0
lag1__protein_npx__P07711,0.027186419488915967,0.0
lag1__peptide_std__P02748,0.027173758231068643,0.0
rollmean2__protein_npx__P11142,0.027173536947613743,0.0
delta1__peptide_count__P54289,0.027135950740696295,0.0
protein_npx__P11277,0.027089117160587695,0.0
lag1__peptide_std__P02750,0.02708298491952949,0.0
slope1__peptide_log__QKVEPLRAELQEGAR,0.027077473416445893,0.0
slope1__protein_npx__Q14515,0.02704091045067214,0.0
lag1__peptide_count__Q12907,0.027037719994825633,0.0
delta1__peptide_count__P23142,0.026991148503011674,0.0
slope1__peptide_log__C(UniMod_4)TSTGWIPAPR,0.026964368431707703,0.0
peptide_std__P02774,0.026956027884794297,0.0
peptide_count__P05156,0.026954602783893725,0.0
peptide_std__P06727,0.026936918313085718,0.0
delta1__peptide_mean__Q99829,0.026936263791037324,0.0
slope1__peptide_std__P41222,0.02693135676755448,0.0
slope1__peptide_count__P04004,0.026927195678319065,0.0
slope1__peptide_mean__P01033,0.026922448340941662,0.0
slope1__peptide_std__P10643,0.026905533824782342,0.0
rollmean2__peptide_count__P17174,0.02689356713135863,0.0
peptide_count__P30086,0.026886749634685875,0.0
lag1__peptide_mean__P05156,0.026880832124782608,0.0
lag1__protein_npx__P07602,0.0268760428491711,0.0
delta1__peptide_log__VMPIC(UniMod_4)LPSKDYAEVGR,0.02685772326343025,0.0
slope1__peptide_std__Q13740,0.026851126437320252,0.0
lag1__protein_npx__P11142,0.026837178838872933,0.0
slope1__peptide_log__TPVSDRVTK,0.026828910651423222,0.0
delta1__peptide_log__SGELEQEEER,0.026818682144750156,0.0
peptide_count__P16070,0.026814615724346146,0.0
peptide_std__Q9UHG2,0.026804212044633166,0.0
rollmean2__peptide_std__P00751,0.026803052223855716,0.0
lag1__protein_npx__P43652,0.02679628022737903,0.0
rollmean2__peptide_log__TDASDVKPC(UniMod_4),0.026788427599870334,0.0
rollmean2__peptide_count__P24592,0.026785571502988267,0.0
rollmean2__protein_npx__O43505,0.026757997964735575,0.0
peptide_count__Q14515,0.026739186789185642,0.0
slope1__protein_npx__Q92876,0.026728969594051993,0.0
slope1__protein_npx__Q13451,0.026715169711432344,0.0
lag1__protein_npx__Q99832,0.026704786315125,0.0
slope1__peptide_mean__Q13740,0.026698248322125934,0.0
rollmean2__protein_npx__P02655,0.026696067782916538,0.0
delta1__peptide_mean__P20933,0.02669026034582962,0.0
delta1__peptide_count__P01876,0.02668934975186162,0.0
lag1__peptide_count__P01876,0.026681508491068304,0.0
missing__protein_npx__P07711,0.026659438639721117,0.0
missing__peptide_mean__P07711,0.026659438639721117,0.0
missing__peptide_count__P07711,0.026659438639721117,0.0
delta1__peptide_mean__Q14515,0.026649261663701594,0.0
rollmean2__peptide_log__LIADLGSTSITNLGFR,0.02663488475271558,0.0
rollmean2__peptide_log__KVEQAVETEPEPELR,0.02661378103291004,0.0
peptide_log__KAADDTWEPFASGK,0.026583013727973896,0.0
rollmean2__protein_npx__P13521,0.026555771530015895,0.0
peptide_std__P10645,0.026554360561611066,0.0
peptide_std__P01042,0.026550011806631746,0.0
rollmean2__peptide_mean__P08294,0.026534728973104764,0.0
peptide_mean__P01860,0.02651759986173517,0.0
lag1__peptide_count__P01034,0.02650448926540232,0.0
missing__peptide_std__P20774,0.0265030880064719,0.0
peptide_std__P05155,0.026488126478581543,0.0
lag1__protein_npx__P04207,0.02648511495153199,0.0
rollmean2__peptide_log__LGPLVEQGRVR,0.026458114930294048,0.0
delta1__protein_npx__P00738,0.026450820659253756,0.0
lag1__protein_npx__P00738,0.026440940932218784,0.0
slope1__protein_npx__P01860,0.026434163569421746,0.0
lag1__peptide_std__P02766,0.026433845915106804,0.0
slope1__peptide_count__P02787,0.026422955436268027,0.0
lag1__protein_npx__P02760,0.026421313584451947,0.0
peptide_count__P00746,0.026419444547561444,0.0
rollmean2__peptide_mean__Q562R1,0.026401454022277556,0.0
missing__peptide_count__Q8NE71,0.02638771758699517,0.0
missing__peptide_mean__Q8NE71,0.02638771758699517,0.0
missing__protein_npx__Q8NE71,0.02638771758699517,0.0
lag1__peptide_log__GYQLSDVDGVTC(UniMod_4)EDIDEC(UniMod_4)ALPTGGHIC(UniMod_4)SYR,0.026374707628192485,0.0
protein_npx__Q08380,0.026371778621509655,0.0
rollmean2__peptide_mean__P23142,0.026364468554063027,0.0
protein_npx__P41222,0.026355875896816,0.0
lag1__protein_npx__P55290,0.026348687024513033,0.0
lag1__protein_npx__Q92520,0.026323742848542983,0.0
missing__protein_npx__Q9UKV8,0.02632234138254961,0.0
missing__peptide_mean__Q9UKV8,0.02632234138254961,0.0
missing__peptide_count__Q9UKV8,0.02632234138254961,0.0
missing__peptide_log__M(UniMod_35)ASGAANVVGPK,0.026288593098389382,0.0
slope1__protein_npx__P08253,0.02628539335527787,0.0
slope1__peptide_mean__Q6UXD5,0.02627316332281262,0.0
slope1__peptide_std__P00734,0.026255403701485214,0.0
peptide_count__P12109,0.02621482545077889,0.0
slope1__peptide_mean__O15240,0.02620717216241056,0.0
lag1__peptide_mean__P18065,0.02620404910262835,0.0
slope1__peptide_count__P30086,0.026195508165465745,0.0
protein_npx__Q13451,0.0261804697647348,0.0
delta1__peptide_std__P06396,0.02617729208805699,0.0
slope1__peptide_std__P06681,0.026172949304621412,0.0
lag1__peptide_log__SSQGGSLPSEEK,0.026169821299189124,0.0
slope1__peptide_std__O15240,0.026164839275000875,0.0
slope1__peptide_std__P02679,0.026151352826910994,0.0
delta1__peptide_std__P02766,0.026120320548080545,0.0
rollmean2__peptide_log__LC(UniMod_4)MGSGLNLC(UniMod_4)EPNNKEGYYGYTGAFR,0.02611426576970024,0.0
peptide_count__Q12907,0.0260973211374444,0.0
slope1__peptide_std__P02774,0.026069285069608955,0.0
slope1__peptide_mean__P19021,0.026029415719782758,0.0
delta1__peptide_mean__P07711,0.026019860091867457,0.0
lag1__peptide_mean__P05408,0.025975820114525733,0.0
peptide_std__P00738,0.025938873138835285,0.0
lag1__peptide_count__P09486,0.02593612865728681,0.0
slope1__protein_npx__P01594,0.025927884619383328,0.0
missing__peptide_log__SLAELGGHLDQQVEEFRR,0.02592733004954188,0.0
protein_npx__P02655,0.02591520454672502,0.0
rollmean2__peptide_std__P05060,0.025904916777627084,0.0
peptide_std__P02787,0.02588809093049836,0.0
slope1__peptide_mean__P01621,0.02588513306448052,0.0
protein_npx__P10645,0.025872774122390474,0.0
slope1__peptide_std__P05090,0.025870598852509294,0.0
peptide_count__P02774,0.025778291102892766,0.0
lag1__protein_npx__Q9NYU2,0.025775297569784028,0.0
rollmean2__peptide_mean__P02671,0.025762496309620186,0.0
delta1__peptide_count__Q14624,0.025760006316990935,0.0
rollmean2__peptide_log__DSGEGDFLAEGGGVR,0.02575202631210326,0.0
slope1__peptide_mean__P05067,0.025746644928276823,0.0
rollmean2__peptide_mean__P02647,0.025742057422756672,0.0
delta1__peptide_mean__P30086,0.025699832433468316,0.0
delta1__protein_npx__Q99832,0.025689518695034375,0.0
slope1__peptide_log__VGYVSGWGR,0.02568926350204176,0.0
protein_npx__Q562R1,0.025645563134733186,0.0
rollmean2__protein_npx__P61278,0.025640684004223105,0.0
slope1__peptide_mean__Q13449,0.025631197907390282,0.0
delta1__peptide_log__LFDSDPITVTVPVEVSR,0.025630876546932278,0.0
delta1__protein_npx__Q92520,0.025627654488798564,0.0
lag1__protein_npx__P24592,0.025621134723169608,0.0
slope1__protein_npx__P07333,0.025617713148851747,0.0
lag1__peptide_count__P17174,0.025611906118500012,0.0
peptide_count__P05452,0.025596608792144652,0.0
delta1__peptide_mean__P54289,0.02558094202322091,0.0
missing__peptide_mean__O00391,0.02557113819873595,0.0
missing__peptide_count__O00391,0.02557113819873595,0.0
missing__protein_npx__O00391,0.02557113819873595,0.0
peptide_std__P08697,0.02556922675283604,0.0
rollmean2__protein_npx__P07195,0.025549393404447472,0.0
rollmean2__peptide_std__P13611,0.025545307623871968,0.0
delta1__peptide_log__LGQSLDC(UniMod_4)NAEVYVVPWEK,0.025535600629156545,0.0
slope1__peptide_std__P07711,0.02552764936298045,0.0
lag1__peptide_count__P00736,0.025499724297122283,0.0
protein_npx__Q7Z5P9,0.02547666722681156,0.0
delta1__peptide_log__LSKELQAAQAR,0.025471655610340673,0.0
lag1__peptide_count__P98160,0.02546436027421631,0.0
peptide_count__P02753,0.025447449149617885,0.0
slope1__peptide_mean__P17174,0.025423158546674676,0.0
delta1__peptide_mean__P04217,0.02541588632712552,0.0
rollmean2__peptide_std__P10645,0.025409099240777774,0.0
delta1__peptide_log__GEVQAMLGQSTEELRVR,0.025406257706612024,0.0
lag1__protein_npx__P61769,0.02537519681330556,0.0
lag1__protein_npx__P43251,0.025373832705479646,0.0
lag1__peptide_mean__P00738,0.02537281397647947,0.0
slope1__peptide_count__P05090,0.025369483886634302,0.0
lag1__protein_npx__P07225,0.025361125275256996,0.0
protein_npx__P13671,0.02534606473699913,0.0
rollmean2__protein_npx__P00736,0.025342661895343163,0.0
delta1__peptide_std__P08571,0.025342540272213082,0.0
lag1__peptide_count__P00734,0.025335788811814423,0.0
lag1__protein_npx__P98160,0.025297254594397616,0.0
lag1__peptide_std__P01009,0.02528787180683404,0.0
protein_npx__Q15904,0.025260484994603562,0.0
missing__protein_npx__P06310,0.025254974700352855,0.0
missing__peptide_count__P06310,0.025254974700352855,0.0
missing__peptide_mean__P06310,0.025254974700352855,0.0
rollmean2__peptide_log__ELSSFIDKGQELC(UniMod_4)ADYSENTFTEYK,0.025253033304793837,0.0
delta1__protein_npx__P49908,0.025228331577514605,0.0
lag1__peptide_mean__P39060,0.02519243193535109,0.0
protein_npx__P02747,0.025182613068288593,0.0
delta1__peptide_std__P01859,0.025168569109277443,0.0
rollmean2__protein_npx__P60174,0.02511823982291247,0.0
delta1__protein_npx__P10909,0.025087633517922196,0.0
peptide_mean__Q12907,0.025079760039664376,0.0
peptide_abundance_max,0.02507313683559449,0.0
lag1__peptide_std__P10645,0.02505298756536296,0.0
rollmean2__protein_npx__P08133,0.025041526211313794,0.0
delta1__peptide_log__ATVNPSAPR,0.025030431255953542,0.0
rollmean2__protein_npx__P49908,0.02501725716139737,0.0
rollmean2__peptide_mean__P01717,0.025009342537602064,0.0
slope1__protein_npx__P08603,0.025003692810472784,0.0
peptide_mean__P05452,0.02499231810224932,0.0
delta1__peptide_count__P02649,0.02498736003671173,0.0
missing__peptide_log__LC(UniMod_4)MGSGLNLC(UniMod_4)EPNNKEGYYGYTGAFR,0.024976170295213786,0.0
protein_npx__P40925,0.024974026446721358,0.0
peptide_std__P43652,0.024970214171437025,0.0
delta1__peptide_std__P08294,0.02495471750888429,0.0
delta1__peptide_count__P05155,0.024941312261944695,0.0
delta1__peptide_mean__Q9UKV8,0.024934520530446837,0.0
peptide_log__LDEVKEQVAEVR,0.024930196049622853,0.0
lag1__peptide_log__LRTEGDGVYTLNNEKQWINK,0.024923058832363894,0.0
missing__peptide_std__P19652,0.02492101405996194,0.0
delta1__protein_npx__P13473,0.024916869136093697,0.0
slope1__peptide_count__P17174,0.024903224829140796,0.0
delta1__peptide_count__P01011,0.024898550722282916,0.0
protein_npx__P54289,0.02488567968780583,0.0
delta1__protein_npx__P12109,0.024881127017324013,0.0
delta1__peptide_count__P00751,0.024870658031174036,0.0
protein_npx__P01857,0.024870623633858467,0.0
peptide_mean__Q06481,0.02486221917350469,0.0
lag1__peptide_std__P01019,0.024858116321402012,0.0
protein_npx__P02750,0.024840524963292535,0.0
lag1__peptide_mean__P43652,0.02482120375901619,0.0
delta1__peptide_mean__P02763,0.024817610847546696,0.0
rollmean2__peptide_log__TKEEYGHSEVVEYYC(UniMod_4)NPR,0.02479584851690709,0.0
slope1__peptide_mean__O15394,0.024777452746231346,0.0
lag1__protein_npx__P02649,0.02477663970971712,0.0
missing__peptide_mean__P60174,0.02476138000384457,0.0
missing__peptide_count__P60174,0.02476138000384457,0.0
missing__protein_npx__P60174,0.02476138000384457,0.0
delta1__peptide_mean__P07602,0.024744312340571627,0.0
slope1__protein_npx__Q13740,0.024734476946811048,0.0
peptide_std__P10643,0.024730221772826893,0.0
missing__peptide_log__LGPLVEQGRVR,0.02471304910827378,0.0
peptide_count__P02748,0.02469321849291456,0.0
delta1__peptide_log__GEVQAMLGQSTEELR,0.024687385763284445,0.0
peptide_count__P07998,0.02465813833923862,0.0
missing__peptide_mean__P23083,0.024652998121578826,0.0
missing__protein_npx__P23083,0.024652998121578826,0.0
missing__peptide_count__P23083,0.024652998121578826,0.0
delta1__peptide_count__P01008,0.02462510379485205,0.0
slope1__peptide_log__SNSSM(UniMod_35)HITDC(UniMod_4)R,0.024595502916351177,0.0
lag1__peptide_std__P41222,0.024585707879955815,0.0
delta1__protein_npx__Q9HDC9,0.024570678953747576,0.0
protein_npx__P08603,0.02456766265563404,0.0
delta1__protein_npx__P14618,0.02455389757633531,0.0
peptide_count__P04004,0.024545402946637956,0.0
protein_npx__Q9NQ79,0.024544752122455823,0.0
slope1__protein_npx__Q14508,0.02453570886202181,0.0
slope1__peptide_mean__P09104,0.024486730421400548,0.0
delta1__protein_npx__Q96KN2,0.024485197819772757,0.0
missing__peptide_count__Q14118,0.024483337152328855,0.0
missing__peptide_mean__Q14118,0.024483337152328855,0.0
missing__protein_npx__Q14118,0.024483337152328855,0.0
peptide_log__QNC(UniMod_4)ELFEQLGEYK,0.02448327003666971,0.0
lag1__peptide_log__MASGAANVVGPK,0.024480675979235332,0.0
rollmean2__protein_missing_fraction,0.024476412583208828,0.0
rollmean2__protein_feature_count,0.02447641258320867,0.0
missing__peptide_log__LGQSLDC(UniMod_4)NAEVYVVPWEK,0.024464881499525446,0.0
protein_npx__P25311,0.02446052338407213,0.0
peptide_count__P01877,0.02445783979286145,0.0
slope1__peptide_mean__P31997,0.024443322594613872,0.0
lag1__protein_npx__P06681,0.024437495815492795,0.0
slope1__peptide_mean__P06310,0.02441495986237563,0.0
delta1__protein_feature_count,0.02441018413448702,0.0
delta1__protein_missing_fraction,0.024410184134486722,0.0
protein_npx__P10643,0.024406166002363377,0.0
delta1__peptide_std__P01023,0.024381569508247623,0.0
slope1__protein_npx__P41222,0.024370242660920166,0.0
protein_npx__P04211,0.024367765529518633,0.0
slope1__peptide_log__ELDESLQVAER,0.024354874794489997,0.0
delta1__protein_npx__P02747,0.02433994352404231,0.0
slope1__peptide_count__P41222,0.02432196973094715,0.0
rollmean2__protein_npx__Q99435,0.024310735782472483,0.0
slope1__peptide_mean__P61626,0.024304635784810798,0.0
slope1__protein_npx__P08637,0.024290182209347123,0.0
slope1__peptide_log__TLLSNLEEAKK,0.024288622412675404,0.0
rollmean2__peptide_log__AVLPTGDVIGDSAK,0.02428262288880048,0.0
rollmean2__peptide_count__P02749,0.02428175573150678,0.0
peptide_count__P02760,0.024265297471869902,0.0
lag1__peptide_mean__P02750,0.02424447721888153,0.0
delta1__peptide_log__FM(UniMod_35)ETVAEK,0.02423690519917232,0.0
protein_npx__P05067,0.024221541898363567,0.0
slope1__peptide_std__P16870,0.024221530233513606,0.0
missing__peptide_std__P05156,0.024220779859729535,0.0
rollmean2__peptide_mean__P07858,0.024193434835291683,0.0
slope1__peptide_count__Q9NQ79,0.024182667558783975,0.0
delta1__peptide_log__AATVGSLAGQPLQER,0.024164299800628022,0.0
delta1__protein_npx__O94919,0.024138037402860822,0.0
peptide_mean__P01621,0.024132926159458883,0.0
missing__peptide_log__NPDSSTTGPWC(UniMod_4)YTTDPTVR,0.02412192123480463,0.0
delta1__peptide_mean__P31997,0.02410253848114478,0.0
missing__peptide_log__TQVNTQAEQLRR,0.0241014472139624,0.0
delta1__protein_npx__Q8IWV7,0.02409895686815461,0.0
peptide_count__P05546,0.024094797668093384,0.0
lag1__peptide_mean__Q14515,0.024091764661167817,0.0
delta1__peptide_log__TKEEYGHSEVVEYYC(UniMod_4)NPR,0.02401524882021813,0.0
rollmean2__peptide_mean__P01621,0.024008599180475987,0.0
peptide_std__P02765,0.023998375273520767,0.0
lag1__peptide_std__P13591,0.023997076869071012,0.0
delta1__peptide_mean__P25311,0.02397932793092526,0.0
slope1__protein_npx__P02747,0.023959525449147156,0.0
delta1__peptide_log__SC(UniMod_4)DTPPPC(UniMod_4)PR,0.023944748923352136,0.0
delta1__peptide_count__P20774,0.023923554777978626,0.0
delta1__protein_npx__P17174,0.023921857792139734,0.0
rollmean2__protein_npx__P13671,0.02392073212538179,0.0
missing__protein_npx__P61626,0.02391777312289834,0.0
missing__peptide_mean__P61626,0.02391777312289834,0.0
missing__peptide_count__P61626,0.02391777312289834,0.0
slope1__peptide_count__P01023,0.023917422923617697,0.0
slope1__peptide_count__P02747,0.0238854241580946,0.0
lag1__protein_npx__P13521,0.023875101142084233,0.0
rollmean2__protein_npx__Q13283,0.023871543573947114,0.0
delta1__peptide_log__HYDGSYSTFGER,0.023870806081014526,0.0
protein_npx__Q99435,0.023867843813799333,0.0
rollmean2__peptide_std__P09486,0.023864451308993565,0.0
lag1__protein_npx__Q13451,0.023859966769231543,0.0
missing__peptide_count__Q13449,0.023849636457753405,0.0
missing__protein_npx__Q13449,0.023849636457753405,0.0
missing__peptide_mean__Q13449,0.023849636457753405,0.0
rollmean2__peptide_mean__P10451,0.02381007929311007,0.0
delta1__peptide_log__LGPLVEQGR,0.02380321697285883,0.0
delta1__peptide_log__YYWGGQYTWDMAK,0.023793666716248434,0.0
peptide_log__YVM(UniMod_35)LPVADQDQC(UniMod_4)IR,0.023786714181543926,0.0
missing__peptide_log__RLEGQEEEEDNRDSSMK,0.02377445758176969,0.0
slope1__peptide_count__P09486,0.02376536361225689,0.0
missing__peptide_log__VDSGNDVTDIADDGC(UniMod_4)PKPPEIAHGYVEHSVR,0.02369531042605728,0.0
rollmean2__peptide_mean__P07195,0.02369430903406657,0.0
delta1__protein_npx__Q14515,0.023675571387473834,0.0
rollmean2__protein_npx__P01023,0.02366230602719358,0.0
lag1__protein_npx__P10909,0.023653500023181926,0.0
slope1__peptide_count__P02774,0.02364429713488022,0.0
slope1__peptide_std__P02765,0.0236289006051185,0.0
rollmean2__protein_npx__P04217,0.02362291744530781,0.0
slope1__protein_npx__P00738,0.023607378208821934,0.0
peptide_mean__P13473,0.02360651684130323,0.0
delta1__peptide_count__P18065,0.02358565552419829,0.0
lag1__peptide_mean__P07339,0.02358380366879854,0.0
lag1__peptide_std__P05067,0.023580984482487022,0.0
delta1__peptide_mean__P27169,0.023570341320121695,0.0
rollmean2__has_previous_visit,0.023565825303360443,0.0
rollmean2__peptide_std__P51884,0.023565364465398416,0.0
rollmean2__peptide_std__P02774,0.023559933534830053,0.0
lag1__peptide_count__P01857,0.023553277282455317,0.0
lag1__peptide_log__VDNALQSGNSQESVTEQDSKDSTYSLSSTLTLSK,0.023524356613596333,0.0
lag1__peptide_mean__P01877,0.023523146217636157,0.0
slope1__peptide_count__P98160,0.0235168426490642,0.0
rollmean2__peptide_log__TVVQPSVGAAAGPVVPPC(UniMod_4)PGR,0.02350361611358306,0.0
rollmean2__peptide_log__M(UniMod_35)ASGAANVVGPK,0.023500310300197096,0.0
slope1__peptide_std__P05060,0.02346863881965735,0.0
rollmean2__protein_npx__P01594,0.023444204206446776,0.0
missing__peptide_std__Q12907,0.023440423731611235,0.0
delta1__protein_npx__P09871,0.02342804203195955,0.0
lag1__peptide_mean__P01780,0.023423236908668835,0.0
missing__peptide_std__P04075,0.023393164280105357,0.0
peptide_mean__P11277,0.023388022977453293,0.0
delta1__peptide_mean__P39060,0.023372710189217754,0.0
lag1__protein_npx__Q9UBR2,0.023360401923294836,0.0
delta1__protein_npx__Q08380,0.023343479931843665,0.0
rollmean2__peptide_mean__P04207,0.023328745110074975,0.0
missing__peptide_count__P55290,0.023320703307366613,0.0
missing__peptide_mean__P55290,0.023320703307366613,0.0
missing__protein_npx__P55290,0.023320703307366613,0.0
delta1__peptide_std__P36955,0.023317511184421078,0.0
peptide_std__P07225,0.023316432996448463,0.0
lag1__protein_npx__P08637,0.023304947263193588,0.0
slope1__protein_npx__O14791,0.02328843767125337,0.0
peptide_count__P04075,0.02327938492394696,0.0
missing__peptide_log__C(UniMod_4)KPVNTFVHEPLVDVQNVC(UniMod_4)FQEK,0.023259448447992624,0.0
slope1__peptide_mean__P14314,0.023234962022832824,0.0
slope1__peptide_std__P04196,0.023230157076749743,0.0
protein_npx__P02760,0.023223892738277574,0.0
delta1__protein_npx__P01024,0.02319010179754094,0.0
slope1__peptide_count__P00450,0.023150626647227578,0.0
peptide_log__HYTNPSQDVTVPC(UniMod_4)PVPPPPPC(UniMod_4)C(UniMod_4)HPR,0.023147362099107366,0.0
rollmean2__protein_npx__P54289,0.023146730425392635,0.0
lag1__peptide_std__P02675,0.023143228768616173,0.0
missing__peptide_log__FLATTPNSLLVSWQPPR,0.02313165904028687,0.0
slope1__peptide_log__LSSWVLLM(UniMod_35)K,0.023125065298923553,0.0
delta1__peptide_std__P04217,0.023108259332934027,0.0
rollmean2__peptide_log__VMPIC(UniMod_4)LPSKDYAEVGR,0.02310104846310579,0.0
delta1__peptide_log__LRTEGDGVYTLNNEK,0.02309154555515572,0.0
peptide_mean__P01834,0.023076109639310373,0.0
lag1__peptide_std__P02763,0.023075330237507817,0.0
delta1__protein_npx__P10643,0.023067906041412435,0.0
rollmean2__protein_npx__P04275,0.0230673553351502,0.0
rollmean2__peptide_mean__O94919,0.023063287170064967,0.0
peptide_log__LSSWVLLM(UniMod_35)K,0.023054513957707336,0.0
delta1__peptide_count__P01877,0.02302603492787705,0.0
lag1__peptide_log__HYTNPSQDVTVPC(UniMod_4)PVPPPPPC(UniMod_4)C(UniMod_4)HPR,0.023007476556976235,0.0
slope1__peptide_count__P08697,0.02299231087113532,0.0
peptide_std__Q13740,0.022991093336241858,0.0
protein_npx__P08637,0.02298951491921423,0.0
slope1__peptide_std__Q92876,0.022985493875095492,0.0
slope1__protein_npx__P51884,0.022975688568483473,0.0
rollmean2__protein_npx__P27169,0.022951815953999144,0.0
rollmean2__protein_npx__Q562R1,0.02293824149585311,0.0
slope1__peptide_count__P27169,0.022924838333302087,0.0
peptide_log__SWFEPLVEDM(UniMod_35)QR,0.022911424697888406,0.0
slope1__peptide_count__P61769,0.022906794113781576,0.0
slope1__peptide_mean__P07195,0.022904025707443407,0.0
delta1__protein_npx__P02760,0.022900048521302962,0.0
lag1__peptide_log__TSAHGNVAEGETKPDPDVTER,0.022892285893734612,0.0
rollmean2__protein_npx__P43652,0.022869092074813427,0.0
delta1__peptide_mean__P01857,0.02286359386608955,0.0
lag1__protein_npx__Q8N2S1,0.022859127357253307,0.0
delta1__peptide_count__Q14118,0.02283771612609201,0.0
protein_npx__P16870,0.022828853806467313,0.0
rollmean2__peptide_count__P01008,0.02282175137336205,0.0
protein_npx__Q9Y646,0.02281806684084318,0.0
slope1__peptide_count__P43652,0.022812212808197653,0.0
slope1__protein_npx__P43251,0.022800490552817694,0.0
lag1__protein_npx__P01024,0.022786190493050522,0.0
slope1__peptide_log__KFPSGTFEQVSQLVK,0.022777529644664347,0.0
delta1__protein_npx__Q9BY67,0.02276371576787354,0.0
missing__peptide_mean__Q8NBJ4,0.022749504122916486,0.0
missing__protein_npx__Q8NBJ4,0.022749504122916486,0.0
missing__peptide_count__Q8NBJ4,0.022749504122916486,0.0
protein_npx__Q99969,0.022739648150993563,0.0
missing__protein_npx__Q12841,0.022728391997180162,0.0
missing__peptide_mean__Q12841,0.022728391997180162,0.0
missing__peptide_count__Q12841,0.022728391997180162,0.0
delta1__protein_npx__P04196,0.02272833961882439,0.0
slope1__peptide_mean__P10645,0.022726099169261306,0.0
lag1__peptide_std__P14618,0.022707801417276817,0.0
peptide_std__P04433,0.022700596742307524,0.0
slope1__protein_npx__O75144,0.022695828260024392,0.0
delta1__peptide_mean__P14618,0.022655814737475466,0.0
rollmean2__protein_npx__P24592,0.02264707774555883,0.0
lag1__peptide_mean__P08571,0.022644264389913984,0.0
rollmean2__protein_npx__P23142,0.02264119855714842,0.0
lag1__peptide_mean__P43251,0.02260826692804616,0.0
slope1__peptide_std__P25311,0.022606616311352357,0.0
peptide_mean__P01033,0.022601838120764845,0.0
peptide_log__TDASDVKPC(UniMod_4),0.022599723493301048,0.0
peptide_mean__Q13332,0.022583192263157536,0.0
delta1__peptide_mean__P61626,0.022577458339207022,0.0
slope1__peptide_mean__P08253,0.02256642068089643,0.0
slope1__peptide_count__P09871,0.02254763879463677,0.0
delta1__peptide_mean__P01717,0.02254701850665331,0.0
rollmean2__peptide_mean__P04217,0.022542888937417425,0.0
peptide_mean__P09104,0.022495553644731516,0.0
peptide_log__VGYVSGWGR,0.02249416029631318,0.0
delta1__peptide_log__NPDSSTTGPWC(UniMod_4)YTTDPTVR,0.022476803798185837,0.0
rollmean2__peptide_log__SLAELGGHLDQQVEEFRR,0.02247340410366517,0.0
peptide_mean__O15394,0.02245786719410234,0.0
lag1__protein_npx__P01857,0.02243609820643082,0.0
lag1__protein_npx__P16070,0.022403392665483347,0.0
rollmean2__peptide_log__HGGLYHENMR,0.022398369467510934,0.0
missing__peptide_std__P05546,0.02238556287530717,0.0
delta1__peptide_std__P04196,0.022375937539178766,0.0
missing__peptide_log__C(UniMod_4)TSTGWIPAPR,0.022372004313721272,0.0
rollmean2__protein_npx__Q16270,0.02236625096184697,0.0
delta1__peptide_mean__P16035,0.02233937840992048,0.0
lag1__peptide_mean__Q9NQ79,0.022307427158186326,0.0
missing__peptide_count__Q99969,0.022301416957052407,0.0
missing__peptide_mean__Q99969,0.022301416957052407,0.0
missing__protein_npx__Q99969,0.022301416957052407,0.0
delta1__peptide_mean__P13987,0.022246020582959238,0.0
rollmean2__peptide_mean__Q7Z5P9,0.022245302003564203,0.0
protein_npx__Q9HDC9,0.022232330199500185,0.0
protein_npx__P01621,0.02221742223255202,0.0
lag1__peptide_std__P36955,0.022157297616558606,0.0
delta1__protein_npx__P43121,0.022155427714897744,0.0
rollmean2__peptide_mean__Q7Z3B1,0.022150398759859954,0.0
lag1__peptide_log__NFPPSQDASGDLYTTSSQLTLPATQC(UniMod_4)LAGK,0.022135673488697986,0.0
lag1__peptide_count__P02675,0.022131232829122712,0.0
peptide_count__P13611,0.022127314730782378,0.0
rollmean2__peptide_std__O00533,0.022122370896327053,0.0
rollmean2__peptide_mean__Q13740,0.022113473335721667,0.0
peptide_mean__P08697,0.022090205575337703,0.0
rollmean2__peptide_abundance_std,0.0220715781452369,0.0
protein_npx__P19021,0.022052601654306888,0.0
slope1__protein_npx__Q9NQ79,0.02202647538541256,0.0
lag1__peptide_mean__Q08380,0.02199633843656567,0.0
delta1__peptide_std__P02647,0.021983761895414226,0.0
lag1__peptide_mean__Q7Z5P9,0.02198255122531358,0.0
rollmean2__protein_npx__P00734,0.021980214073804433,0.0
delta1__peptide_mean__P01008,0.02197017898091063,0.0
delta1__peptide_mean__P07195,0.021968733966882294,0.0
delta1__peptide_log__QQETAAAETETR,0.021948851144787934,0.0
rollmean2__peptide_std__Q9UHG2,0.02194679317321902,0.0
protein_npx__P49588,0.021933646071901076,0.0
slope1__peptide_log__C(UniMod_4)RDQLPYIC(UniMod_4)QFGIV,0.021932507297716612,0.0
slope1__peptide_count__P00747,0.021930673936842643,0.0
rollmean2__peptide_std__P30086,0.021907398484429644,0.0
peptide_std__P02452,0.021881540540540662,0.0
lag1__peptide_count__P39060,0.021877317350796496,0.0
peptide_mean__P24592,0.021869243814820107,0.0
peptide_log__QKVEPLRAELQEGAR,0.02186069043133694,0.0
slope1__protein_npx__P02652,0.021853305914370385,0.0
slope1__peptide_std__P14314,0.021848726782325717,0.0
rollmean2__peptide_count__P02774,0.02183542306186201,0.0
lag1__peptide_mean__P00746,0.021825058945761498,0.0
rollmean2__peptide_count__P51884,0.021819690796085256,0.0
rollmean2__protein_npx__Q7Z3B1,0.021779608426586924,0.0
rollmean2__peptide_mean__P09486,0.021772580621078782,0.0
rollmean2__protein_npx__P02679,0.02177211438596514,0.0
peptide_count__P01019,0.021753221989896133,0.0
delta1__protein_npx__P02656,0.0217351500854581,0.0
slope1__peptide_mean__P02766,0.02173266157461548,0.0
delta1__peptide_std__Q16610,0.02173118336016195,0.0
slope1__peptide_log__HYDGSYSTFGER,0.0217269380321055,0.0
lag1__protein_npx__P16035,0.021716575934571516,0.0
delta1__peptide_log__LRTEGDGVYTLNNEKQWINK,0.02171065577377301,0.0
slope1__peptide_std__P01877,0.02168460056580471,0.0
rollmean2__peptide_mean__P49908,0.021666313198365775,0.0
rollmean2__peptide_mean__Q96S96,0.021664538470690338,0.0
delta1__peptide_std__P05452,0.021624232933048965,0.0
delta1__protein_npx__P06727,0.021607259130051758,0.0
peptide_std__Q6UXB8,0.021606714599800594,0.0
delta1__protein_npx__P61626,0.021603943103225443,0.0
delta1__peptide_std__P25311,0.021593274133836705,0.0
delta1__peptide_mean__P43652,0.021573215116646765,0.0
rollmean2__peptide_log__MYYSAVDPTKDIFTGLIGPM(UniMod_35)K,0.021559999078053324,0.0
rollmean2__peptide_mean__P01859,0.021528924062446594,0.0
slope1__peptide_mean__P00748,0.021524239167997943,0.0
peptide_log__EILSVDC(UniMod_4)STNNPSQAK,0.0215188295645972,0.0
delta1__protein_npx__P00734,0.021500114452833518,0.0
slope1__protein_npx__P13987,0.021495857875921967,0.0
delta1__peptide_std__P01876,0.02148794108202166,0.0
rollmean2__current_medication_on,0.02146087968526434,0.0
slope1__protein_npx__P36980,0.021425398989219243,0.0
lag1__peptide_mean__P01019,0.021404142554232064,0.0
lag1__protein_npx__P02671,0.02138193597111141,0.0
peptide_log__SGELEQEEER,0.021377600516002827,0.0
rollmean2__peptide_mean__P07225,0.021361709124332016,0.0
peptide_log__VDNALQSGNSQESVTEQDSKDSTYSLSSTLTLSK,0.021347630871187125,0.0
slope1__peptide_count__P61916,0.021346555013584546,0.0
lag1__peptide_log__YVMLPVADQDQC(UniMod_4)IR,0.02133232936707335,0.0
rollmean2__peptide_std__P06396,0.02130689721678447,0.0
lag1__peptide_std__P25311,0.02130441719419321,0.0
delta1__peptide_log__KFPSGTFEQVSQLVK,0.021304319037796667,0.0
delta1__protein_npx__Q9Y6R7,0.021296501044482483,0.0
protein_npx__P05408,0.021293956007688634,0.0
lag1__protein_npx__Q06481,0.021271020361171258,0.0
rollmean2__peptide_log__VGYVSGWGR,0.021265146239409324,0.0
lag1__protein_npx__Q14508,0.021230716072656967,0.0
slope1__peptide_std__P00441,0.0212158020476467,0.0
delta1__peptide_mean__O00584,0.021198158650515816,0.0
slope1__peptide_log__VDSGNDVTDIADDGC(UniMod_4)PKPPEIAHGYVEHSVR,0.021175431699659228,0.0
delta1__peptide_mean__P19823,0.021168409553538464,0.0
peptide_std__P24592,0.021167577122911986,0.0
delta1__protein_npx__P02679,0.021140403018644276,0.0
slope1__peptide_log__TM(UniMod_35)LLQPAGSLGSYSYR,0.021130370049395795,0.0
slope1__protein_npx__P16152,0.021129557499814534,0.0
missing__peptide_std__Q06481,0.021117059470678576,0.0
delta1__protein_npx__P36955,0.021115451243171206,0.0
peptide_mean__Q99969,0.021104050001116655,0.0
rollmean2__protein_npx__Q13451,0.021102895673728507,0.0
slope1__peptide_log__C(UniMod_4)VDVDEC(UniMod_4)APPAEPC(UniMod_4)GK,0.021095282611307588,0.0
rollmean2__protein_npx__P01621,0.021094844376836945,0.0
peptide_count__P05060,0.021069764219982086,0.0
slope1__peptide_mean__P00736,0.02105931913985052,0.0
delta1__peptide_mean__Q99683,0.021043696682613324,0.0
delta1__protein_npx__P08123,0.02103834372831003,0.0
slope1__peptide_count__O14773,0.021014118123702796,0.0
slope1__peptide_log__C(UniMod_4)IIEVLSNALSK,0.021002250584179944,0.0
peptide_std__Q06481,0.020998135753890135,0.0
protein_npx__P02768,0.0209980835466666,0.0
peptide_count__P08294,0.020984056312164392,0.0
lag1__protein_npx__P02792,0.020983124446857446,0.0
lag1__peptide_count__P02647,0.02097582172013594,0.0
missing__peptide_log__AATGEC(UniMod_4)TATVGKR,0.02096703557676352,0.0
delta1__peptide_mean__Q16610,0.02096472191247419,0.0
lag1__peptide_log__ELSSFIDKGQELC(UniMod_4)ADYSENTFTEYK,0.02096396110819176,0.0
lag1__peptide_std__P01023,0.02095661655058117,0.0
delta1__peptide_count__Q12841,0.020940303950617446,0.0
lag1__protein_npx__P61916,0.020917093153357692,0.0
peptide_log__LAVYQAGAR,0.02091292224183207,0.0
delta1__peptide_mean__P02765,0.02090149733261195,0.0
lag1__peptide_std__P13611,0.020894652597634112,0.0
missing__peptide_count__P35542,0.020893324797935573,0.0
missing__protein_npx__P35542,0.020893324797935573,0.0
missing__peptide_mean__P35542,0.020893324797935573,0.0
slope1__peptide_mean__P49588,0.020884135903220004,0.0
delta1__peptide_std__P00441,0.020863867210390893,0.0
slope1__peptide_mean__P04211,0.02085770063425921,0.0
delta1__peptide_mean__Q92876,0.020850683757834415,0.0
lag1__protein_npx__P04275,0.020840263681206728,0.0
rollmean2__peptide_std__P09871,0.020813753572857665,0.0
peptide_log__YIVSGTPTFVPYLIK,0.020813440567846345,0.0
slope1__protein_npx__O94919,0.020796716331684048,0.0
rollmean2__protein_npx__P36222,0.020772587815342473,0.0
peptide_log__NPDPWAK,0.02077101209982026,0.0
rollmean2__peptide_mean__P00734,0.02073934124702667,0.0
lag1__peptide_mean__Q06481,0.020735056743450473,0.0
delta1__peptide_mean__Q15904,0.020734201180820932,0.0
rollmean2__peptide_count__P01034,0.0207340810915767,0.0
slope1__peptide_mean__P00734,0.02071547413912115,0.0
lag1__peptide_mean__P01023,0.020708667173250803,0.0
lag1__peptide_log__FNKPFVFLM(UniMod_35)IEQNTK,0.020699043463601376,0.0
protein_npx__O60888,0.02069623727353353,0.0
lag1__protein_npx__P07339,0.02069100336090696,0.0
peptide_mean__P02747,0.02069100187933107,0.0
delta1__peptide_std__P00746,0.020684046787969878,0.0
lag1__peptide_log__AEAQEAEDQQAR,0.020678156536504812,0.0
protein_npx__P24592,0.020678019378682216,0.0
slope1__peptide_mean__P00751,0.020674430763964628,0.0
slope1__peptide_count__Q06481,0.020669023384917357,0.0
peptide_count__P00738,0.020660904874157556,0.0
slope1__protein_npx__P10645,0.020656816630701933,0.0
delta1__protein_npx__P02671,0.02065550298055277,0.0
protein_npx__P04217,0.02065458704886805,0.0
slope1__peptide_log__SGELEQEEER,0.020646960567258753,0.0
missing__peptide_count__Q15904,0.020639030609361002,0.0
missing__protein_npx__Q15904,0.020639030609361002,0.0
missing__peptide_mean__Q15904,0.020639030609361002,0.0
rollmean2__peptide_mean__P17936,0.02063532248746505,0.0
slope1__protein_npx__P36222,0.020634301762242735,0.0
slope1__peptide_mean__P00441,0.020600708357590525,0.0
rollmean2__protein_npx__P02749,0.02059107283895804,0.0
rollmean2__peptide_log__QNC(UniMod_4)ELFEQLGEYK,0.020551300093328336,0.0
lag1__peptide_log__LQAEAFQAR,0.02054257499963854,0.0
lag1__peptide_count__P01009,0.02053875361459822,0.0
slope1__peptide_mean__P02763,0.02049982991437662,0.0
peptide_count__P20774,0.02049341833019679,0.0
slope1__peptide_mean__P16070,0.02047398210644889,0.0
slope1__peptide_count__P02647,0.020454632687479938,0.0
rollmean2__peptide_count__Q96KN2,0.020444135339678874,0.0
missing__peptide_log__LRTEGDGVYTLNNEKQWINK,0.020436924510522658,0.0
slope1__peptide_mean__P06454,0.02042910913175525,0.0
missing__peptide_std__O14773,0.020425739425254073,0.0
protein_npx__Q14118,0.02041489706218569,0.0
rollmean2__peptide_log__DSGFQM(UniMod_35)NQLR,0.020404985140244962,0.0
missing__peptide_log__ELDESLQVAER,0.02039719219818038,0.0
delta1__peptide_mean__Q13283,0.02037550342531123,0.0
lag1__protein_npx__P07998,0.02036254101811762,0.0
lag1__peptide_std__P23142,0.020353841436096937,0.0
slope1__peptide_mean__Q12907,0.020326200981781336,0.0
delta1__peptide_count__P04075,0.020305389161756192,0.0
delta1__protein_npx__P04004,0.020290227652567473,0.0
lag1__peptide_count__P02748,0.020289808617839803,0.0
rollmean2__peptide_log__TSPVDEKALQDQLVLVAAK,0.020286834221698646,0.0
rollmean2__peptide_std__P08697,0.020286295331047546,0.0
rollmean2__peptide_log__EDSLEAGLPLQVR,0.02027149974266681,0.0
delta1__peptide_log__WELALGR,0.02026884233853342,0.0
lag1__protein_npx__P02747,0.020262186731127785,0.0
lag1__peptide_mean__P04156,0.020229153771133067,0.0
delta1__peptide_count__P02749,0.020225653032672222,0.0
slope1__peptide_std__P55290,0.02020821707635325,0.0
rollmean2__peptide_std__P07998,0.0201779060853818,0.0
missing__peptide_log__WELALGR,0.020170509116873753,0.0
slope1__peptide_log__YIVSGTPTFVPYLIK,0.020163023804626135,0.0
delta1__protein_npx__Q9Y646,0.020162661848229596,0.0
delta1__peptide_mean__P05452,0.02016026646646216,0.0
slope1__peptide_mean__P01608,0.020159273899647934,0.0
delta1__peptide_count__O15394,0.02015843458398985,0.0
peptide_count__P09871,0.020157840556191464,0.0
lag1__peptide_mean__Q13740,0.020154085197938876,0.0
slope1__peptide_std__P43652,0.02015122356602838,0.0
peptide_mean__P08637,0.020138316610431205,0.0
rollmean2__peptide_std__P07602,0.02012661145290217,0.0
peptide_std__P02766,0.020099276593137812,0.0
slope1__peptide_mean__Q9NYU2,0.020097038607438965,0.0
delta1__peptide_log__VQAAVGTSAAPVPSDNH,0.020091972272748677,0.0
missing__peptide_std__P08493,0.020064867176004097,0.0
rollmean2__peptide_log__QWAGLVEK,0.02005967798900277,0.0
lag1__peptide_count__P41222,0.0200586457127014,0.0
missing__protein_npx__P27169,0.020052365236273594,0.0
missing__peptide_count__P27169,0.020052365236273594,0.0
missing__peptide_mean__P27169,0.020052365236273594,0.0
lag1__peptide_mean__P01857,0.020052156800091484,0.0
delta1__peptide_log__AKLEEQAQQIR,0.020046971388833743,0.0
missing__peptide_log__MYYSAVDPTKDIFTGLIGPM(UniMod_35)K,0.020026759562538136,0.0
rollmean2__peptide_mean__P16152,0.020007246396027932,0.0
rollmean2__peptide_log__SC(UniMod_4)SPELQQK,0.020007246396027932,0.0
delta1__peptide_mean__P04180,0.020002130074214898,0.0
rollmean2__protein_npx__P41222,0.02000121741729074,0.0
lag1__peptide_std__P01877,0.019997945792222912,0.0
protein_npx__P01033,0.019994502277323294,0.0
peptide_mean__P04207,0.019986338546480447,0.0
rollmean2__peptide_log__FM(UniMod_35)ETVAEK,0.019985277519258975,0.0
rollmean2__peptide_count__Q92520,0.019984983354972334,0.0
slope1__protein_npx__P23083,0.01996065370700552,0.0
lag1__peptide_count__P02649,0.019956184630080122,0.0
lag1__peptide_log__RLEGQEEEEDNRDSSMK,0.019954267003212116,0.0
lag1__peptide_mean__P27169,0.01990544217991018,0.0
rollmean2__peptide_count__P98160,0.019896001037464868,0.0
lag1__protein_npx__P04211,0.01988538830660925,0.0
delta1__peptide_log__EDSLEAGLPLQVR,0.01988036661150506,0.0
slope1__peptide_std__O00533,0.019873827879602977,0.0
lag1__peptide_log__NPDSSTTGPWC(UniMod_4)YTTDPTVR,0.019866630486937743,0.0
rollmean2__peptide_std__P27169,0.019844059243183925,0.0
slope1__peptide_count__P51884,0.019838448875115586,0.0
slope1__peptide_log__ELSSFIDKGQELC(UniMod_4)ADYSENTFTEYK,0.019838035452554293,0.0
delta1__peptide_count__P07339,0.019810509400434478,0.0
rollmean2__peptide_mean__O14773,0.01980737691764702,0.0
peptide_log__LEGQEEEEDNRDSSMK,0.019799980933755342,0.0
delta1__peptide_mean__P18065,0.01979424643492903,0.0
lag1__protein_npx__P09486,0.01979409900624741,0.0
lag1__peptide_mean__P09486,0.019764101829037553,0.0
slope1__peptide_mean__P27169,0.01976159717279205,0.0
peptide_std__O94919,0.019755701954435594,0.0
delta1__peptide_mean__O00533,0.019744516322387273,0.0
missing__peptide_std__Q14624,0.019743296250884338,0.0
slope1__protein_npx__P16035,0.019709132022120483,0.0
rollmean2__peptide_mean__P02655,0.01969898673737615,0.0
delta1__peptide_mean__P05060,0.019660432568941857,0.0
peptide_mean__P05408,0.01965292169160158,0.0
rollmean2__peptide_std__P05546,0.019643382299373267,0.0
slope1__peptide_std__P36955,0.019641424932389857,0.0
lag1__peptide_mean__P14618,0.019637003991401714,0.0
lag1__peptide_std__P02747,0.019631660160383965,0.0
rollmean2__peptide_mean__Q6UXD5,0.019625080526739738,0.0
missing__peptide_count__P13611,0.019609187415711517,0.0
missing__peptide_mean__P13611,0.019609187415711517,0.0
missing__protein_npx__P13611,0.019609187415711517,0.0
slope1__peptide_mean__Q9BY67,0.01959174270443622,0.0
peptide_log__TKEEYGHSEVVEYYC(UniMod_4)NPR,0.019583975765839593,0.0
protein_npx__P09871,0.019549338856053547,0.0
missing__peptide_count__P30086,0.019528591510966704,0.0
missing__peptide_mean__P30086,0.019528591510966704,0.0
missing__protein_npx__P30086,0.019528591510966704,0.0
lag1__protein_npx__P02675,0.019513144663146926,0.0
slope1__protein_npx__P04196,0.019501438856665734,0.0
delta1__protein_npx__P14174,0.01950054981101642,0.0
lag1__peptide_std__P00441,0.019491617395713094,0.0
slope1__protein_npx__P02748,0.01949049842681685,0.0
slope1__protein_npx__P02787,0.01948149794720047,0.0
slope1__protein_npx__P17174,0.019479106336010278,0.0
lag1__peptide_mean__P01031,0.019477089703598186,0.0
lag1__peptide_count__Q6UXB8,0.01946520943304913,0.0
delta1__peptide_mean__P04196,0.019441121235065348,0.0
rollmean2__peptide_log__GEVQAMLGQSTEELRVR,0.019416751323753114,0.0
delta1__peptide_mean__P19021,0.019414354154747654,0.0
missing__peptide_mean__P08133,0.01941260988828739,0.0
missing__peptide_count__P08133,0.01941260988828739,0.0
missing__protein_npx__P08133,0.01941260988828739,0.0
peptide_std__P18065,0.01940859627024952,0.0
lag1__protein_npx__Q96S96,0.019407936620859097,0.0
delta1__peptide_std__P02749,0.019403442001796,0.0
slope1__peptide_mean__Q8NBJ4,0.019396213081404712,0.0
delta1__peptide_count__P43652,0.019391806302941482,0.0
visit_index,0.01938890059375603,0.0
slope1__peptide_mean__P04196,0.019370266094058036,0.0
peptide_count__P51884,0.019370133226329626,0.0
rollmean2__peptide_std__P55290,0.01936185245356494,0.0
slope1__protein_npx__Q99435,0.01936035045068492,0.0
peptide_mean__O75326,0.019345553926416063,0.0
peptide_mean__O14791,0.019337919554353357,0.0
lag1__peptide_std__P02679,0.019328006241530544,0.0
slope1__protein_npx__P32754,0.019300496937452335,0.0
slope1__peptide_mean__P02787,0.019275473427300824,0.0
protein_npx__P02748,0.019275379234996757,0.0
delta1__protein_npx__P01717,0.019267958933252873,0.0
slope1__protein_npx__P00748,0.019267402481055913,0.0
rollmean2__peptide_count__Q14118,0.01926427520293679,0.0
has_previous_visit,0.019261151858590564,0.0
missing__months_since_prev_visit,0.01926115185859048,0.0
peptide_mean__P10451,0.019256151024615892,0.0
rollmean2__peptide_mean__P61626,0.01924652503311659,0.0
slope1__peptide_log__LSNENHGIAQR,0.01922428610051074,0.0
protein_npx__P05090,0.019223181885371816,0.0
slope1__protein_npx__P61769,0.019184223939915503,0.0
delta1__peptide_mean__P01042,0.01916817311050797,0.0
lag1__peptide_std__P02765,0.01916666704118507,0.0
lag1__peptide_count__Q9NQ79,0.01916318059132969,0.0
delta1__peptide_count__P02452,0.019137938562928253,0.0
slope1__peptide_std__P02452,0.019124352378971574,0.0
rollmean2__peptide_mean__P01344,0.019122223351379433,0.0
peptide_count__P02671,0.01911135862465997,0.0
lag1__peptide_mean__P07333,0.019108162936700018,0.0
peptide_std__O14773,0.019082228936857452,0.0
protein_missing_fraction,0.019077237023957385,0.0
protein_feature_count,0.019077237023957156,0.0
delta1__peptide_mean__Q96KN2,0.019072154529167638,0.0
lag1__peptide_mean__P14174,0.01907205091898341,0.0
delta1__peptide_mean__P14314,0.019062070939136585,0.0
peptide_mean__P07858,0.01905630503427031,0.0
delta1__peptide_count__P17174,0.019054388755712356,0.0
peptide_mean__O00391,0.019043696032091995,0.0
delta1__peptide_mean__Q99674,0.019042436706499848,0.0
rollmean2__peptide_mean__P08697,0.019025416068400375,0.0
peptide_std__P02768,0.019023671876854616,0.0
protein_npx__P08133,0.019018073154835603,0.0
slope1__protein_npx__Q9UNU6,0.019005674299008665,0.0
protein_npx__P07195,0.019004657942224626,0.0
rollmean2__protein_npx__P06396,0.018989174747872598,0.0
lag1__peptide_std__P24592,0.018987905168217196,0.0
slope1__peptide_std__P00738,0.018978331719160597,0.0
lag1__protein_npx__O75144,0.01895636591931832,0.0
peptide_count__P02656,0.018952107375210733,0.0
slope1__peptide_std__P02675,0.018929324193612058,0.0
delta1__peptide_std__P00748,0.018908098746350455,0.0
delta1__peptide_mean__Q562R1,0.018897819379487132,0.0
slope1__peptide_mean__P02768,0.018894843048187476,0.0
rollmean2__peptide_mean__P02749,0.018883428814407494,0.0
lag1__protein_npx__P08571,0.018874506125427588,0.0
delta1__protein_npx__Q16270,0.018872730839457775,0.0
rollmean2__peptide_log__LDEVKEQVAEVR,0.018858570669532844,0.0
rollmean2__peptide_std__Q9NQ79,0.018855399535899812,0.0
peptide_mean__P02655,0.0188529131912878,0.0
rollmean2__peptide_mean__P51884,0.01883502843602715,0.0
lag1__peptide_count__P18065,0.018817144858158115,0.0
slope1__peptide_std__P04433,0.0188142204778932,0.0
delta1__protein_npx__P07998,0.018810938251073658,0.0
slope1__protein_npx__O00584,0.018778879106872367,0.0
rollmean2__peptide_std__P04075,0.01877556615460336,0.0
rollmean2__protein_npx__P02768,0.018763289709292308,0.0
delta1__protein_npx__Q06481,0.018740628586906834,0.0
delta1__peptide_mean__P02766,0.01873801071662434,0.0
delta1__peptide_log__LSNENHGIAQR,0.018724947219994063,0.0
slope1__peptide_log__VYC(UniMod_4)DMNTENGGWTVIQNR,0.01871440653457087,0.0
rollmean2__peptide_log__ALGISPFHEHAEVVFTANDSGPR,0.018624598372375428,0.0
peptide_mean__Q9UHG2,0.018614886052358993,0.0
delta1__peptide_log__ALGISPFHEHAEVVFTANDSGPR,0.01860304487966049,0.0
rollmean2__peptide_log__FLATTPNSLLVSWQPPR,0.01858246227385502,0.0
peptide_mean__P07998,0.018573425707793332,0.0
lag1__protein_npx__Q562R1,0.01857222692276561,0.0
missing__peptide_log__ILTC(UniMod_4)M(UniMod_35)QGMEEIR,0.01857066578288175,0.0
missing__peptide_mean__Q8IWV7,0.01857066578288175,0.0
missing__protein_npx__Q8IWV7,0.01857066578288175,0.0
missing__peptide_count__Q8IWV7,0.01857066578288175,0.0
delta1__peptide_log__SELEEQLTPVAEETR,0.01856683044800224,0.0
lag1__peptide_mean__Q92823,0.01856623092092866,0.0
slope1__peptide_mean__P12109,0.0185563326326949,0.0
rollmean2__protein_npx__O00584,0.018553860083770548,0.0
slope1__peptide_mean__Q13332,0.01854631039443484,0.0
delta1__peptide_count__P02763,0.0185373693727952,0.0
rollmean2__peptide_count__P30086,0.018536844593147653,0.0
protein_npx__P01009,0.018534715144633875,0.0
slope1__protein_npx__P02655,0.018507606173691633,0.0
slope1__peptide_abundance_mean,0.018497751570271257,0.0
peptide_mean__P04180,0.01846977958908922,0.0
lag1__protein_npx__P01042,0.01846072703230343,0.0
peptide_log__VQAAVGTSAAPVPSDNH,0.01845052603294101,0.0
rollmean2__peptide_std__P16070,0.01844818607178733,0.0
peptide_count__P36955,0.018439858162282486,0.0
missing__peptide_std__P01860,0.01841772374866197,0.0
lag1__protein_npx__Q13332,0.018416566789925176,0.0
peptide_std__P05060,0.018409960086174685,0.0
slope1__protein_npx__Q9NYU2,0.01840915053889635,0.0
rollmean2__peptide_mean__P02656,0.018407528189413,0.0
protein_npx__P43121,0.018406798648631137,0.0
protein_npx__Q99674,0.018396030604563768,0.0
delta1__peptide_mean__P09871,0.018370692685018487,0.0
slope1__peptide_std__P01876,0.01835339206053122,0.0
rollmean2__protein_npx__P00751,0.018347506045421878,0.0
slope1__peptide_log__LQAEAFQAR,0.01833804391423252,0.0
delta1__months_since_baseline,0.01832599532304714,0.0
months_since_prev_visit,0.01832599532304714,0.0
delta1__peptide_count__P30086,0.018325134113731427,0.0
rollmean2__protein_npx__P08637,0.01832047237505293,0.0
peptide_count__P01834,0.018309572063790396,0.0
protein_npx__P14618,0.01830540160321165,0.0
rollmean2__peptide_std__P05452,0.018296333275403392,0.0
rollmean2__peptide_mean__P01024,0.01829306207014496,0.0
rollmean2__visit_index,0.018291963788727772,0.0
lag1__protein_npx__P19021,0.018267936229026588,0.0
delta1__protein_npx__P02787,0.018254327751727015,0.0
missing__peptide_log__ATVNPSAPR,0.0182389531886762,0.0
slope1__peptide_mean__P35542,0.018237576226133638,0.0
lag1__peptide_mean__Q9Y646,0.01822046965113276,0.0
delta1__protein_npx__P20933,0.0182124418533083,0.0
slope1__peptide_log__YVMLPVADQDQC(UniMod_4)IR,0.01821023170096621,0.0
slope1__peptide_mean__P08637,0.01820936967105556,0.0
peptide_count__Q14624,0.018202310431313075,0.0
delta1__peptide_mean__P23083,0.018200629839576647,0.0
delta1__peptide_std__P04433,0.01819947906114736,0.0
delta1__protein_npx__O14791,0.018198494201949564,0.0
slope1__peptide_count__P01876,0.01819500590176571,0.0
missing__peptide_std__P02656,0.018181208085482865,0.0
slope1__peptide_std__P02647,0.018174783829999867,0.0
peptide_log__VQPYLDDFQKK,0.018173788519604557,0.0
slope1__peptide_log__MASGAANVVGPK,0.01817146713288904,0.0
rollmean2__protein_npx__P10645,0.018148561481437273,0.0
slope1__peptide_mean__P11142,0.018147800278939467,0.0
protein_npx__P55290,0.01814014789468426,0.0
delta1__peptide_log__NFPPSQDASGDLYTTSSQLTLPATQC(UniMod_4)LAGK,0.018129450549208115,0.0
peptide_log__LSNENHGIAQR,0.018114547289024455,0.0
rollmean2__peptide_log__C(UniMod_4)VDVDEC(UniMod_4)APPAEPC(UniMod_4)GK,0.01810591559136907,0.0
rollmean2__peptide_count__P00450,0.01810500507044022,0.0
lag1__peptide_log__LEGQEEEEDNRDSSMK,0.01810456167804418,0.0
delta1__peptide_mean__P01024,0.018102490083695123,0.0
rollmean2__peptide_log__VC(UniMod_4)PFAGILENGAVR,0.01809326799154666,0.0
slope1__peptide_count__P01034,0.018079768603261503,0.0
lag1__peptide_mean__O75326,0.018068040024099237,0.0
protein_npx__P27169,0.01806213676909809,0.0
delta1__peptide_mean__P08637,0.018057256165564865,0.0
peptide_abundance_std,0.018045913863969466,0.0
slope1__peptide_count__P01859,0.018043877922509277,0.0
delta1__peptide_log__AATGEC(UniMod_4)TATVGKR,0.0180401840161203,0.0
delta1__peptide_mean__Q7Z3B1,0.01802583849633482,0.0
rollmean2__protein_npx__P01857,0.01801713868830375,0.0
rollmean2__peptide_count__P01834,0.01801702415302179,0.0
lag1__peptide_std__P01034,0.018011883870463704,0.0
peptide_log__C(UniMod_4)IIEVLSNALSK,0.017999573904972123,0.0
lag1__peptide_std__P08571,0.017986491775734137,0.0
peptide_std__P55290,0.017968108802989657,0.0
slope1__peptide_mean__P60174,0.01795390712462943,0.0
rollmean2__protein_npx__P01009,0.01793444767863744,0.0
delta1__peptide_std__P55290,0.017900968372382104,0.0
peptide_log__SC(UniMod_4)DTPPPC(UniMod_4)PR,0.01789253314912627,0.0
slope1__peptide_std__P23142,0.017882537175387004,0.0
peptide_mean__P08294,0.017843933061224143,0.0
rollmean2__peptide_log__QIGSVYR,0.017837767344372157,0.0
delta1__peptide_count__P00746,0.01782182404077716,0.0
delta1__peptide_mean__P09104,0.01781145825634281,0.0
slope1__peptide_mean__P02760,0.01780951991538118,0.0
peptide_std__P08571,0.017806741047168388,0.0
lag1__peptide_count__Q06481,0.01779447807749326,0.0
delta1__peptide_mean__P01009,0.01779245597502829,0.0
rollmean2__peptide_mean__Q99832,0.01777423720144605,0.0
rollmean2__peptide_log__C(UniMod_4)REILSVDC(UniMod_4)STNNPSQAK,0.017766203835196642,0.0
lag1__protein_npx__P12109,0.017765652805504455,0.0
peptide_mean__P60174,0.017765301264275415,0.0
delta1__peptide_log__TQVNTQAEQLRR,0.017764699330614957,0.0
peptide_mean__P05155,0.017740922440341273,0.0
lag1__peptide_mean__P02675,0.01772592880372577,0.0
rollmean2__protein_npx__Q12841,0.017725653862977784,0.0
delta1__peptide_count__P02679,0.017722233284051227,0.0
delta1__peptide_std__P43121,0.017714942970425775,0.0
delta1__protein_npx__P61916,0.017706261561887225,0.0
delta1__peptide_log__TSPVDEKALQDQLVLVAAK,0.01770368507182496,0.0
lag1__peptide_std__Q08380,0.017685751146882457,0.0
peptide_count__P01857,0.017684203047360778,0.0
rollmean2__peptide_mean__Q99683,0.017682561224507225,0.0
slope1__peptide_mean__O14773,0.017672640552947778,0.0
lag1__peptide_mean__P23142,0.017645682334292673,0.0
delta1__peptide_mean__Q96PD5,0.017633570866589864,0.0
rollmean2__peptide_mean__P02766,0.017617169517058377,0.0
slope1__peptide_mean__P61769,0.01761466685152507,0.0
rollmean2__peptide_mean__Q8N2S1,0.017609667759494765,0.0
slope1__peptide_mean__P10643,0.017597806719620603,0.0
lag1__peptide_mean__Q14624,0.017586021197608343,0.0
lag1__peptide_log__MTVTDQVNC(UniMod_4)PK,0.01757894887241608,0.0
delta1__peptide_count__P00747,0.01757118517623149,0.0
rollmean2__peptide_mean__P14314,0.017550048294726717,0.0
slope1__peptide_std__P07225,0.017536852797930567,0.0
delta1__protein_npx__P00748,0.017532965295764622,0.0
rollmean2__peptide_count__P02751,0.01752988039906977,0.0
delta1__peptide_std__P02787,0.017526174876973347,0.0
missing__peptide_count__P11277,0.017524577325188334,0.0
missing__peptide_mean__P11277,0.017524577325188334,0.0
missing__protein_npx__P11277,0.017524577325188334,0.0
slope1__protein_npx__P25311,0.017520657565521548,0.0
slope1__protein_npx__Q08380,0.01751339501402827,0.0
slope1__peptide_mean__P08123,0.017512150433080298,0.0
slope1__peptide_mean__P32754,0.017510102083790564,0.0
delta1__protein_npx__P01860,0.017482358429588372,0.0
delta1__peptide_mean__P08294,0.017479781259788822,0.0
slope1__protein_npx__Q02818,0.01747182232415052,0.0
lag1__peptide_std__P00736,0.017458293593377385,0.0
rollmean2__peptide_mean__P01594,0.01745098483870021,0.0
lag1__peptide_count__P27169,0.01744913040814313,0.0
rollmean2__peptide_std__P18065,0.017448049385051442,0.0
slope1__protein_npx__Q9Y6R7,0.017444303039523604,0.0
delta1__protein_npx__Q96S96,0.01743651122073266,0.0
delta1__peptide_std__P41222,0.017420349719879706,0.0
lag1__peptide_std__P14314,0.017418263763294847,0.0
slope1__peptide_log__KAADDTWEPFASGK,0.01740554526171113,0.0
rollmean2__peptide_std__P05090,0.017389851699242148,0.0
delta1__peptide_log__YVM(UniMod_35)LPVADQDQC(UniMod_4)IR,0.017366525809777534,0.0
delta1__peptide_count__Q9Y6R7,0.01736078237211484,0.0
peptide_count__P10645,0.017345434945712456,0.0
peptide_log__GSPAINVAVHVFRK,0.01734368883501799,0.0
peptide_count__P04196,0.017335982759980086,0.0
slope1__peptide_std__P00751,0.017331809257838598,0.0
lag1__peptide_log__SGEATDGARPQALPEPMQESK,0.017330635064965814,0.0
slope1__peptide_mean__P01019,0.017323349176841408,0.0
rollmean2__peptide_mean__P19021,0.017320830370184847,0.0
lag1__protein_npx__Q12907,0.017318601435236024,0.0
peptide_mean__P00734,0.017315997085305714,0.0
peptide_count__P02649,0.017311216072349013,0.0
protein_npx__P23083,0.01730100778754733,0.0
delta1__peptide_mean__O14773,0.01728742259655675,0.0
peptide_mean__P01594,0.01727934189541647,0.0
rollmean2__peptide_mean__P16035,0.0172717946965368,0.0
peptide_mean__P02765,0.017270303627280954,0.0
lag1__peptide_mean__P01024,0.017267946774643095,0.0
protein_npx__P13591,0.0172662327596132,0.0
rollmean2__peptide_mean__P13473,0.017263637454326,0.0
rollmean2__peptide_count__Q12841,0.017257371587569507,0.0
rollmean2__protein_npx__P43251,0.01725437457889728,0.0
delta1__peptide_std__Q14118,0.01723994773489862,0.0
rollmean2__peptide_std__Q14515,0.017235768955410596,0.0
protein_npx__P04075,0.017225293500771517,0.0
lag1__peptide_log__AVLPTGDVIGDSAK,0.01720240455796513,0.0
missing__peptide_log__SSQGGSLPSEEK,0.017200335698604807,0.0
rollmean2__peptide_log__AYKSELEEQLTPVAEETR,0.017197421787237724,0.0
delta1__peptide_mean__P01860,0.01719545631678248,0.0
delta1__peptide_count__P00736,0.017181547335924075,0.0
peptide_mean__P01024,0.017167465924895806,0.0
delta1__peptide_std__Q9Y6R7,0.017142725795727887,0.0
lag1__peptide_mean__P23083,0.017139952896482423,0.0
rollmean2__protein_npx__P05546,0.017137072716395182,0.0
rollmean2__peptide_mean__P11142,0.017136666855810348,0.0
slope1__peptide_mean__Q96S96,0.017124486475905185,0.0
slope1__protein_npx__P05546,0.01711690428265097,0.0
missing__peptide_std__P00748,0.017109873468002544,0.0
rollmean2__peptide_count__P55290,0.01709007079248181,0.0
rollmean2__peptide_std__P02765,0.017084291813240615,0.0
delta1__peptide_mean__P07858,0.017076526889658473,0.0
slope1__protein_npx__P24592,0.01706693697654113,0.0
lag1__protein_npx__P01833,0.017065364073312918,0.0
delta1__peptide_count__P10643,0.017063685020346542,0.0
slope1__peptide_log__WELALGR,0.0170636243380494,0.0
slope1__peptide_log__DASGVTFTWTPSSGK,0.017061815054939155,0.0
slope1__protein_npx__P01042,0.017033870161529102,0.0
rollmean2__peptide_std__Q96KN2,0.017026614966529335,0.0
delta1__peptide_std__P07339,0.017024408393367062,0.0
rollmean2__peptide_log__AKLEEQAQQIR,0.01702244244865331,0.0
rollmean2__peptide_std__P00736,0.017003876325003053,0.0
slope1__protein_npx__Q13449,0.016963618285806874,0.0
lag1__peptide_mean__P01591,0.016942097928372996,0.0
peptide_count__Q92876,0.016925702604281716,0.0
slope1__peptide_count__P14618,0.016925150262278053,0.0
rollmean2__peptide_log__QQETAAAETETR,0.016915580987285697,0.0
rollmean2__peptide_mean__Q96KN2,0.01689631217821498,0.0
delta1__protein_npx__P16152,0.016888958764014236,0.0
delta1__protein_npx__O43505,0.016886040256808475,0.0
delta1__peptide_mean__P16870,0.016864725354972594,0.0
lag1__protein_npx__P39060,0.016842256229104235,0.0
delta1__peptide_count__P08571,0.016842177220217348,0.0
missing__peptide_mean__P40925,0.016839657873898156,0.0
missing__peptide_count__P40925,0.016839657873898156,0.0
missing__protein_npx__P40925,0.016839657873898156,0.0
delta1__protein_npx__P08493,0.01683901984766228,0.0
slope1__protein_npx__P02647,0.0168319941594839,0.0
lag1__peptide_mean__Q12907,0.016825690500685414,0.0
rollmean2__peptide_mean__P00450,0.01682135424883957,0.0
delta1__protein_npx__Q8N2S1,0.01679437089894607,0.0
rollmean2__peptide_log__LAVYQAGAR,0.016793115289716415,0.0
slope1__protein_npx__Q96KN2,0.016783988896401154,0.0
delta1__peptide_std__P01834,0.016775310052494167,0.0
delta1__protein_npx__P01780,0.016767402870100555,0.0
protein_npx__P08493,0.016750923527780015,0.0
slope1__protein_npx__P10909,0.016734985414430834,0.0
lag1__peptide_count__P02787,0.016717412754719784,0.0
delta1__peptide_mean__Q96BZ4,0.016712439046528523,0.0
missing__peptide_count__P49588,0.016711852858252076,0.0
missing__protein_npx__P49588,0.016711852858252076,0.0
missing__peptide_mean__P49588,0.016711852858252076,0.0
rollmean2__peptide_std__P02647,0.01668607428147592,0.0
lag1__peptide_count__P04075,0.01668141795927942,0.0
protein_npx__P01023,0.016660625821827677,0.0
slope1__peptide_count__O15240,0.016658616201266872,0.0
delta1__peptide_count__P04217,0.016649678440129278,0.0
lag1__peptide_mean__P08697,0.016647926003148048,0.0
delta1__peptide_std__Q92876,0.01663762082953718,0.0
slope1__peptide_log__RTPITVVK,0.016627213138463943,0.0
delta1__peptide_count__P05067,0.016603882410490902,0.0
lag1__peptide_mean__P12109,0.01659972338637548,0.0
rollmean2__peptide_std__P24592,0.01656842091721955,0.0
delta1__months_since_prev_visit,0.01653164686463413,0.0
delta1__peptide_mean__P06681,0.016520273415609105,0.0
lag1__peptide_std__P43121,0.01651635071348282,0.0
slope1__peptide_mean__Q96BZ4,0.01649197856126673,0.0
peptide_log__ALGISPFHEHAEVVFTANDSGPR,0.01649152197248793,0.0
slope1__protein_npx__P05156,0.01645204518376781,0.0
delta1__protein_npx__O75144,0.01642599647041656,0.0
delta1__peptide_mean__P07998,0.01642409970433415,0.0
slope1__peptide_log__QIGSVYR,0.0164193729088723,0.0
delta1__protein_npx__P43251,0.016414656857546422,0.0
peptide_count__O14773,0.016410328042502174,0.0
lag1__peptide_mean__Q8N2S1,0.01638284958273254,0.0
lag1__peptide_count__P54289,0.016372101202780893,0.0
lag1__peptide_log__LAVYQAGAR,0.01635739834296379,0.0
rollmean2__peptide_log__QKVEPLRAELQEGAR,0.01631582831924514,0.0
rollmean2__peptide_count__P02649,0.01631122035620973,0.0
lag1__peptide_mean__P13473,0.01628493689506172,0.0
slope1__protein_npx__P02749,0.016275877471909724,0.0
delta1__peptide_log__MYYSAVDPTKDIFTGLIGPM(UniMod_35)K,0.01625934283166413,0.0
slope1__protein_npx__P13473,0.016234975274946627,0.0
lag1__peptide_count__O94919,0.016223744519243678,0.0
lag1__peptide_mean__P02768,0.016219749623244847,0.0
peptide_mean__Q16610,0.016216421395279203,0.0
rollmean2__peptide_mean__P08493,0.016215738106031233,0.0
lag1__peptide_log__RTPITVVK,0.01620763424083392,0.0
peptide_std__P51884,0.016206350262362577,0.0
delta1__peptide_std__P14618,0.016180409655719423,0.0
slope1__peptide_log__SELEEQLTPVAEETR,0.016168078078128537,0.0
slope1__peptide_mean__P20774,0.016164464917568278,0.0
slope1__peptide_mean__P01042,0.016161321717667425,0.0
rollmean2__months_since_baseline,0.016159978374511066,0.0
slope1__peptide_std__P05067,0.01615119973120036,0.0
rollmean2__peptide_count__P02760,0.01614305565785325,0.0
rollmean2__protein_npx__P02747,0.01614216748576693,0.0
peptide_mean__P02749,0.0161412080673485,0.0
slope1__peptide_log__SFNRGEC(UniMod_4),0.016133082463607708,0.0
protein_npx__Q92876,0.0161143576652865,0.0
rollmean2__peptide_mean__P04275,0.016113815965905096,0.0
slope1__protein_npx__P18065,0.016107031153696195,0.0
peptide_mean__Q6UXD5,0.016098425273845935,0.0
lag1__peptide_mean__P06396,0.016097669166421226,0.0
lag1__peptide_std__P02671,0.01609587427837636,0.0
delta1__peptide_log__VTSIQDWVQK,0.016062388098189075,0.0
rollmean2__peptide_count__Q92876,0.01605956501753152,0.0
protein_npx__P49908,0.01603575144576205,0.0
slope1__peptide_std__P00736,0.016033425243861785,0.0
delta1__peptide_count__P02647,0.01601606413078975,0.0
lag1__protein_npx__Q8NBJ4,0.015998992240290433,0.0
rollmean2__peptide_mean__P43652,0.015996333244243516,0.0
slope1__protein_npx__P07602,0.015993645726067037,0.0
delta1__protein_npx__Q9UBX5,0.01598839358550979,0.0
lag1__peptide_mean__P01608,0.015985876343812266,0.0
slope1__peptide_count__P04180,0.015984221893317982,0.0
rollmean2__protein_npx__Q96S96,0.015967634394953353,0.0
delta1__protein_npx__P00441,0.015958086143753637,0.0
peptide_mean__P01023,0.015943777385139194,0.0
lag1__protein_npx__P02452,0.015942657298409053,0.0
rollmean2__peptide_mean__P27169,0.015939862880465998,0.0
lag1__peptide_mean__Q99969,0.01592527557605139,0.0
slope1__peptide_mean__P19827,0.01588803703948874,0.0
lag1__months_since_baseline,0.015885522408263915,0.0
lag1__peptide_count__P02749,0.01585490038522801,0.0
missing__peptide_log__C(UniMod_4)RDQLPYIC(UniMod_4)QFGIV,0.01584846684716153,0.0
lag1__peptide_mean__P04180,0.01584454172441729,0.0
lag1__protein_npx__Q7Z5P9,0.015833500951808608,0.0
protein_npx__O00584,0.01583047138090791,0.0
rollmean2__peptide_mean__O15394,0.015829064689400454,0.0
rollmean2__peptide_mean__P41222,0.015823234076610425,0.0
lag1__peptide_mean__P02671,0.01582294968277778,0.0
peptide_count__P08603,0.01581853221216586,0.0
lag1__peptide_mean__P24592,0.015817491839816233,0.0
slope1__peptide_log__ALGISPFHEHAEVVFTANDSGPR,0.01581142987864601,0.0
lag1__peptide_log__SC(UniMod_4)DTPPPC(UniMod_4)PR,0.015796290672243876,0.0
slope1__protein_npx__P01023,0.015793425527943834,0.0
slope1__protein_npx__P01034,0.015787982152675288,0.0
delta1__protein_npx__P02768,0.015777051713033886,0.0
lag1__peptide_log__TPLGDTTHTC(UniMod_4)PR,0.01575482945004697,0.0
lag1__protein_npx__Q99829,0.01574175308851122,0.0
slope1__peptide_std__O94919,0.01572976303138795,0.0
delta1__peptide_mean__P61916,0.01572222890594769,0.0
peptide_mean__P61916,0.015715315373400603,0.0
protein_npx__P02679,0.015696578424184825,0.0
lag1__peptide_mean__O14498,0.015692566783725492,0.0
protein_npx__P00736,0.015675055398040406,0.0
lag1__peptide_count__P05546,0.01566206607602242,0.0
slope1__peptide_mean__P05452,0.015660525086936324,0.0
delta1__peptide_std__O94919,0.015659546974300755,0.0
slope1__protein_npx__P07195,0.01565940125430826,0.0
rollmean2__peptide_mean__Q9NQ79,0.015647514469367536,0.0
delta1__peptide_mean__O75326,0.01563794065688188,0.0
peptide_count__P02768,0.015635376091629044,0.0
protein_npx__P61626,0.015621748287277576,0.0
slope1__peptide_mean__P01591,0.01561831239760665,0.0
rollmean2__peptide_mean__Q06481,0.015606388104770786,0.0
rollmean2__peptide_mean__P01042,0.015598069676046836,0.0
rollmean2__peptide_std__P98160,0.015587131528003867,0.0
delta1__peptide_mean__Q99435,0.015555351695623441,0.0
lag1__peptide_log__TKEEYGHSEVVEYYC(UniMod_4)NPR,0.015526488678361188,0.0
peptide_count__P07339,0.01552234694465989,0.0
protein_npx__Q14624,0.015517294075648563,0.0
missing__peptide_log__FM(UniMod_35)ETVAEK,0.015514716530224949,0.0
delta1__protein_npx__Q8NBJ4,0.015479622855027655,0.0
missing__peptide_count__Q14508,0.015477953452224238,0.0
missing__protein_npx__Q14508,0.015477953452224238,0.0
missing__peptide_mean__Q14508,0.015477953452224238,0.0
protein_npx__P08123,0.015476380450030075,0.0
rollmean2__peptide_log__RLEGQEEEEDNRDSSMK,0.015457431330403285,0.0
lag1__peptide_mean__Q12805,0.015450904481773118,0.0
peptide_std__P00747,0.015436148606325669,0.0
lag1__protein_npx__Q99674,0.015427187833374066,0.0
slope1__peptide_mean__P02765,0.015426372493733576,0.0
protein_npx__Q06481,0.015420740180484924,0.0
lag1__protein_npx__P30086,0.015418843087629652,0.0
lag1__peptide_mean__P20933,0.015401925213612864,0.0
slope1__peptide_std__P04075,0.015387537955028202,0.0
slope1__peptide_log__VTSIQDWVQK,0.015377580770169671,0.0
rollmean2__protein_npx__P01834,0.015367700591666332,0.0
slope1__peptide_log__AYQGVAAPFPK,0.015344099707910114,0.0
peptide_log__AEAQEAEDQQAR,0.015325875323871942,0.0
rollmean2__peptide_std__O94919,0.015296827458967254,0.0
rollmean2__protein_npx__Q13740,0.015290718583930735,0.0
rollmean2__peptide_count__P05156,0.015285633253768841,0.0
delta1__peptide_mean__P04275,0.015266129000702008,0.0
lag1__peptide_log__SWFEPLVEDM(UniMod_35)QR,0.015258396392810476,0.0
rollmean2__peptide_std__P19652,0.01525515015966235,0.0
peptide_std__O00533,0.015251877653490597,0.0
rollmean2__protein_npx__O15394,0.015245487663814474,0.0
slope1__peptide_mean__P07339,0.015227360606012808,0.0
rollmean2__protein_npx__Q13449,0.015190866153371464,0.0
slope1__peptide_count__Q12907,0.015176993070607098,0.0
delta1__peptide_mean__P07225,0.015173431973180983,0.0
lag1__protein_npx__P01591,0.015162348693923558,0.0
rollmean2__peptide_std__P07339,0.015157689959100964,0.0
slope1__peptide_log__VTLTC(UniMod_4)VAPLSGVDFQLR,0.015155831514699927,0.0
slope1__peptide_std__Q9UHG2,0.015154678325384982,0.0
rollmean2__peptide_mean__P49588,0.015143436061374693,0.0
slope1__peptide_std__Q92520,0.015132340957021918,0.0
slope1__protein_npx__Q13332,0.01512295895054648,0.0
peptide_log__M(UniMod_35)ASGAANVVGPK,0.015102765248864293,0.0
lag1__protein_npx__Q14118,0.015086756513069333,0.0
lag1__peptide_mean__Q99829,0.01507384732367797,0.0
slope1__peptide_log__LC(UniMod_4)MGSGLNLC(UniMod_4)EPNNKEGYYGYTGAFR,0.015073273497296553,0.0
rollmean2__peptide_log__SC(UniMod_4)DTPPPC(UniMod_4)PR,0.01506879672045039,0.0
peptide_mean__Q7Z3B1,0.015046074412628485,0.0
rollmean2__protein_npx__Q14118,0.015031677680537958,0.0
peptide_std__Q92876,0.015027609317103438,0.0
rollmean2__peptide_count__P04196,0.015000171800093068,0.0
lag1__peptide_mean__P02747,0.01498028738551085,0.0
lag1__peptide_mean__P10645,0.014977406440287746,0.0
slope1__protein_npx__P11142,0.014977012377120485,0.0
lag1__protein_npx__P04217,0.014961142610175556,0.0
protein_npx__P00751,0.014960620524347889,0.0
rollmean2__peptide_mean__P00738,0.01494314542908686,0.0
slope1__peptide_mean__Q13283,0.014933902573258575,0.0
delta1__peptide_std__Q06481,0.014927454122440535,0.0
slope1__peptide_mean__P01857,0.014922762308675437,0.0
peptide_mean__P36955,0.014916158440895774,0.0
rollmean2__peptide_mean__P55290,0.014904711833623888,0.0
delta1__peptide_mean__P04004,0.014901731380514783,0.0
lag1__peptide_std__P61769,0.014901472178494551,0.0
slope1__protein_npx__Q7Z5P9,0.014898178667179303,0.0
rollmean2__peptide_mean__P24592,0.014888496604684352,0.0
rollmean2__protein_npx__P00738,0.014882546588242361,0.0
peptide_std__P54289,0.01488047515678418,0.0
peptide_count__P01859,0.014870048298569192,0.0
slope1__peptide_std__P04217,0.01485447406677853,0.0
lag1__peptide_count__P07339,0.014833708656766028,0.0
delta1__peptide_mean__Q99969,0.014828565887775579,0.0
rollmean2__protein_npx__P04406,0.01481243089042659,0.0
slope1__peptide_mean__P36980,0.014811687882384919,0.0
peptide_std__P09871,0.014808814158892932,0.0
lag1__peptide_std__P04196,0.01479439301776431,0.0
slope1__protein_npx__P05060,0.014785435763116224,0.0
delta1__peptide_log__ILLQGTPVAQMTEDAVDAER,0.014778821530032227,0.0
delta1__peptide_mean__O75144,0.014778221779928753,0.0
slope1__peptide_count__P16870,0.014755667940998866,0.0
slope1__protein_npx__P07339,0.014747858488672551,0.0
slope1__peptide_log__LDEVKEQVAEVR,0.014730076846017478,0.0
rollmean2__peptide_log__SSQGGSLPSEEK,0.014721261149832894,0.0
lag1__peptide_mean__P61916,0.014699384989571386,0.0
missing__peptide_mean__Q9UNU6,0.014668272246473314,0.0
missing__protein_npx__Q9UNU6,0.014668272246473314,0.0
missing__peptide_count__Q9UNU6,0.014668272246473314,0.0
lag1__peptide_count__P16870,0.014665922958504076,0.0
slope1__protein_npx__O15240,0.014661454141211191,0.0
missing__peptide_count__P04406,0.014643899079762025,0.0
missing__protein_npx__P04406,0.014643899079762025,0.0
missing__peptide_mean__P04406,0.014643899079762025,0.0
delta1__peptide_abundance_min,0.014607233771043872,0.0
lag1__protein_npx__P09871,0.014603578917717974,0.0
lag1__peptide_mean__P41222,0.014602446603259812,0.0
lag1__peptide_log__MYYSAVDPTKDIFTGLIGPM(UniMod_35)K,0.014602380158603665,0.0
delta1__peptide_std__P00747,0.014600209592324604,0.0
peptide_log__YYWGGQYTWDMAK,0.014589661928014424,0.0
slope1__peptide_log__SWFEPLVEDM(UniMod_35)QR,0.014565122089596575,0.0
slope1__peptide_count__P07711,0.014555224088706353,0.0
slope1__protein_npx__Q6UXB8,0.014547172633170277,0.0
rollmean2__peptide_log__TSAHGNVAEGETKPDPDVTER,0.014525480773612872,0.0
delta1__peptide_log__LGPLVEQGRVR,0.014525332898113436,0.0
protein_npx__Q16270,0.01452228787567051,0.0
slope1__protein_npx__P16070,0.014518590564693522,0.0
peptide_mean__Q92520,0.01450452613531051,0.0
lag1__peptide_std__P04433,0.014503861998711615,0.0
slope1__peptide_mean__P13473,0.01449876514124649,0.0
slope1__protein_npx__P11277,0.01445029946090699,0.0
slope1__peptide_mean__Q7Z5P9,0.014443438918485504,0.0
lag1__protein_npx__Q9UNU6,0.01443018413773731,0.0
protein_npx__P51884,0.014422862263164606,0.0
rollmean2__peptide_std__P16035,0.014417632842657768,0.0
lag1__protein_npx__Q14515,0.014414620557143203,0.0
rollmean2__peptide_mean__P02792,0.01440918746060238,0.0
rollmean2__protein_npx__Q8IWV7,0.01439843901860517,0.0
peptide_log__M(UniMod_35)YLGYEYVTAIR,0.014393600515577334,0.0
delta1__peptide_mean__P08603,0.014368491135006418,0.0
rollmean2__peptide_mean__P16870,0.01436016722489724,0.0
protein_npx__P01834,0.014357051058751983,0.0
peptide_mean__P02766,0.014349276512761818,0.0
slope1__peptide_count__P02748,0.014339717378209806,0.0
delta1__protein_npx__P16870,0.014335166051437611,0.0
slope1__peptide_mean__P41222,0.014312791143161053,0.0
delta1__peptide_log__AVGDKLPEC(UniMod_4)EADDGC(UniMod_4)PKPPEIAHGYVEHSVR,0.014308913400444668,0.0
missing__peptide_count__P14174,0.014308672861081534,0.0
missing__peptide_mean__P14174,0.014308672861081534,0.0
missing__protein_npx__P14174,0.014308672861081534,0.0
protein_npx__P61916,0.014304098811651213,0.0
delta1__protein_npx__O15240,0.014297902141644255,0.0
delta1__peptide_mean__P13521,0.014296270549184085,0.0
delta1__protein_npx__P43652,0.014288761779612734,0.0
missing__peptide_log__QKVEPLRAELQEGAR,0.014283421827352144,0.0
slope1__peptide_log__KQELSEAEQATR,0.014282696466562888,0.0
rollmean2__peptide_std__Q12841,0.014271224669302075,0.0
rollmean2__peptide_mean__P36980,0.014270534703123939,0.0
slope1__peptide_count__P12109,0.014260651891604362,0.0
peptide_feature_count,0.014255117861088563,0.0
peptide_missing_fraction,0.014255117861088545,0.0
lag1__protein_npx__P00450,0.014254477430103123,0.0
rollmean2__peptide_mean__P05408,0.014251221269317426,0.0
delta1__protein_npx__P18065,0.014246247997833073,0.0
lag1__protein_npx__P17936,0.014245626525906559,0.0
slope1__peptide_std__P01857,0.014240970607865219,0.0
delta1__peptide_mean__P04433,0.014236857168295841,0.0
delta1__peptide_log__M(UniMod_35)ASGAANVVGPK,0.014228932918024788,0.0
peptide_log__QQETAAAETETR,0.014227568233309488,0.0
rollmean2__peptide_count__P13987,0.014221096160721775,0.0
delta1__peptide_mean__P02679,0.014208923798302764,0.0
delta1__peptide_mean__P61278,0.014205289842017396,0.0
delta1__peptide_log__SLAAAAGKQELAK,0.014205289842017396,0.0
rollmean2__peptide_count__O14773,0.01420217178785103,0.0
lag1__peptide_log__TLLSNLEEAKK,0.014201607424519492,0.0
rollmean2__protein_npx__P39060,0.014196785127638507,0.0
delta1__peptide_count__P01034,0.014176989456951528,0.0
delta1__peptide_count__O00584,0.014176182891110733,0.0
lag1__peptide_mean__P07998,0.014175352640714983,0.0
missing__peptide_std__P02452,0.014174374649013503,0.0
lag1__peptide_mean__P36955,0.014173984974470984,0.0
delta1__peptide_std__P51884,0.014148920041773604,0.0
rollmean2__protein_npx__P01344,0.01413999573218546,0.0
protein_npx__P00738,0.014132009813594823,0.0
peptide_mean__Q15904,0.014131869652272184,0.0
delta1__peptide_std__P01024,0.01411968472204116,0.0
peptide_log__VC(UniMod_4)PFAGILENGAVR,0.01411252368785756,0.0
delta1__peptide_std__P01009,0.014107940591515912,0.0
slope1__peptide_count__P04075,0.01410644484526685,0.0
slope1__peptide_log__TTPPVLDSDGSFFLYSK,0.014090600220082747,0.0
slope1__peptide_std__P07339,0.014079466079075455,0.0
delta1__peptide_std__P23142,0.01405613940632945,0.0
missing__peptide_log__MTVTDQVNC(UniMod_4)PK,0.014046406607946725,0.0
peptide_mean__P01344,0.014045410573227664,0.0
missing__protein_npx__P04216,0.014024469587498934,0.0
missing__peptide_count__P04216,0.014024469587498934,0.0
missing__peptide_mean__P04216,0.014024469587498934,0.0
delta1__protein_npx__P02790,0.013988737750119128,0.0
delta1__protein_npx__Q99683,0.01396979227699429,0.0
rollmean2__peptide_log__DASGVTFTWTPSSGK,0.013966396400336211,0.0
delta1__peptide_count__Q92823,0.013956047542937382,0.0
peptide_log__SEALAVDGAGKPGAEEAQDPEGK,0.013876216716728722,0.0
slope1__peptide_mean__P07225,0.013867407208410567,0.0
delta1__peptide_std__P19652,0.013867330533571226,0.0
missing__protein_npx__P49908,0.013854707450994583,0.0
missing__peptide_count__P49908,0.013854707450994583,0.0
missing__peptide_mean__P49908,0.013854707450994583,0.0
delta1__peptide_count__P00734,0.01385003421230121,0.0
slope1__protein_npx__P14314,0.01382687176850652,0.0
slope1__peptide_std__Q06481,0.013797743089565922,0.0
lag1__peptide_mean__P13987,0.013795148423167626,0.0
lag1__peptide_std__P00734,0.013768800177450656,0.0
peptide_log__DASGVTFTWTPSSGK,0.013736826625508606,0.0
peptide_log__ILLQGTPVAQMTEDAVDAER,0.013734887551410446,0.0
lag1__protein_npx__P01033,0.01373232759529439,0.0
slope1__peptide_log__ILLQGTPVAQMTEDAVDAER,0.013720102624944382,0.0
missing__peptide_count__Q99832,0.013712000837198585,0.0
missing__peptide_mean__Q99832,0.013712000837198585,0.0
missing__protein_npx__Q99832,0.013712000837198585,0.0
rollmean2__peptide_log__LSKELQAAQAR,0.013711039054175467,0.0
lag1__peptide_mean__P00748,0.013708722749657,0.0
peptide_std__P02747,0.01370667976736727,0.0
rollmean2__peptide_std__P02749,0.013685485910479012,0.0
slope1__peptide_count__P05546,0.013680569425913322,0.0
slope1__peptide_mean__P02774,0.013662372402594856,0.0
protein_npx__P13987,0.013661408529464054,0.0
slope1__peptide_mean__P05546,0.013656106628142652,0.0
slope1__peptide_log__NPDSSTTGPWC(UniMod_4)YTTDPTVR,0.013635765829644635,0.0
rollmean2__peptide_mean__P05067,0.013615494641692961,0.0
rollmean2__peptide_count__P08294,0.01359007163261741,0.0
peptide_count__P01034,0.013586965934822592,0.0
lag1__protein_npx__P10451,0.01358117517058661,0.0
lag1__protein_npx__P54289,0.013565919013152725,0.0
delta1__peptide_mean__Q9UNU6,0.013563505402389906,0.0
missing__peptide_log__GEVQAMLGQSTEELR,0.013562561843068631,0.0
rollmean2__protein_npx__P01024,0.013556822060384945,0.0
peptide_log__TPLGDTTHTC(UniMod_4)PR,0.013553308360722102,0.0
slope1__peptide_log__SEALAVDGAGKPGAEEAQDPEGK,0.013551393871114648,0.0
slope1__peptide_std__P98160,0.01354619265331919,0.0
delta1__protein_npx__P19827,0.013528054272291671,0.0
lag1__peptide_std__P12109,0.013527414224102292,0.0
slope1__protein_npx__P98160,0.013525677585032337,0.0
slope1__protein_npx__P00736,0.013523373408296267,0.0
slope1__peptide_missing_fraction,0.013518252665038314,0.0
slope1__peptide_feature_count,0.013518252665037757,0.0
slope1__protein_npx__Q9UHG2,0.01346774981168574,0.0
delta1__protein_npx__P04433,0.013464531308023896,0.0
delta1__peptide_mean__P02649,0.013461424136475098,0.0
delta1__peptide_log__TPLGDTTHTC(UniMod_4)PR,0.013441600978266497,0.0
slope1__protein_npx__P04211,0.013438115631883334,0.0
slope1__protein_npx__P19827,0.013426021815227996,0.0
rollmean2__peptide_mean__P01861,0.013418816382273928,0.0
rollmean2__peptide_log__TTPPVLDSDGSFFLYSR,0.013418816382273928,0.0
rollmean2__protein_npx__P61916,0.013415382507842324,0.0
slope1__protein_npx__P04216,0.013408254839359212,0.0
lag1__peptide_mean__P35542,0.013398157062675853,0.0
delta1__peptide_mean__P17174,0.013395429879371687,0.0
lag1__peptide_mean__P02753,0.01337458726699738,0.0
delta1__peptide_log__SSQGGSLPSEEK,0.013353328797351611,0.0
rollmean2__peptide_mean__P36955,0.013351662829019525,0.0
peptide_count__P04217,0.013330120367529575,0.0
delta1__protein_npx__P04275,0.013323689391183925,0.0
rollmean2__peptide_mean__P02790,0.013319004861539696,0.0
lag1__protein_npx__P10645,0.013314296553492946,0.0
lag1__peptide_std__P07602,0.013311470383771722,0.0
delta1__peptide_mean__P04216,0.013306228057993235,0.0
slope1__protein_npx__O14773,0.013303670585188356,0.0
peptide_mean__P02647,0.013303258222341206,0.0
delta1__protein_npx__Q9NYU2,0.013257141767404744,0.0
peptide_log__IHWESASLLR,0.013244361517827999,0.0
peptide_std__P00450,0.013234557530638371,0.0
slope1__peptide_std__P07998,0.013215159415517165,0.0
slope1__peptide_log__HYEGSTVPEK,0.013197391069836889,0.0
delta1__peptide_count__P02760,0.013186351777301842,0.0
slope1__peptide_std__Q12805,0.013178304692456011,0.0
rollmean2__peptide_mean__Q92520,0.013175094038352033,0.0
slope1__protein_npx__P14618,0.01317151244359157,0.0
peptide_mean__P01717,0.013121740804324617,0.0
peptide_count__P01011,0.013115599340954858,0.0
lag1__peptide_log__AATGEC(UniMod_4)TATVGKR,0.013113594242912623,0.0
rollmean2__peptide_std__P01019,0.013112648922682747,0.0
peptide_mean__P49908,0.013105040746425153,0.0
peptide_mean__P07195,0.013099452520896167,0.0
rollmean2__peptide_feature_count,0.013098433608866776,0.0
rollmean2__peptide_missing_fraction,0.013098433608866693,0.0
protein_npx__P01859,0.01309756352801682,0.0
rollmean2__peptide_mean__P19823,0.0130949751695533,0.0
slope1__protein_npx__Q12805,0.013089492678174287,0.0
slope1__peptide_std__P01034,0.013061267447840755,0.0
peptide_mean__P13521,0.013061025864846861,0.0
rollmean2__peptide_count__Q14624,0.013057346523592648,0.0
slope1__peptide_std__Q14515,0.013051360069329344,0.0
delta1__peptide_mean__P05546,0.013050596660778261,0.0
delta1__peptide_abundance_mean,0.013034204481231732,0.0
lag1__peptide_mean__P06310,0.013013219791456782,0.0
slope1__protein_npx__P01344,0.01300795678770826,0.0
rollmean2__protein_npx__P00441,0.013004325982786594,0.0
rollmean2__peptide_count__P01011,0.013003140784461114,0.0
slope1__peptide_mean__P02649,0.012999072918920768,0.0
lag1__protein_npx__P35542,0.012984061880237608,0.0
rollmean2__protein_npx__P01042,0.012973736634117402,0.0
rollmean2__peptide_mean__P04433,0.012957680360331965,0.0
lag1__protein_npx__P08294,0.012953963230755936,0.0
slope1__protein_npx__P07711,0.012953222268476696,0.0
rollmean2__peptide_log__YIVSGTPTFVPYLIK,0.012932047399825774,0.0
missing__peptide_log__SNSSM(UniMod_35)HITDC(UniMod_4)R,0.0129285684454964,0.0
protein_npx__P08294,0.012919482349425637,0.0
peptide_mean__Q92823,0.012918460889533483,0.0
slope1__protein_npx__P35542,0.012913993898044693,0.0
lag1__protein_npx__P61278,0.012909028029193586,0.0
delta1__peptide_mean__P01876,0.01290582580769552,0.0
lag1__peptide_count__P05060,0.01290171237605847,0.0
peptide_std__P23142,0.012897015732893018,0.0
lag1__peptide_count__P05067,0.012891886356492367,0.0
delta1__peptide_count__P06681,0.012891660857277887,0.0
delta1__peptide_count__Q12907,0.012884418924517447,0.0
rollmean2__peptide_log__VDSGNDVTDIADDGC(UniMod_4)PKPPEIAHGYVEHSVR,0.012862802237519923,0.0
lag1__peptide_mean__P51884,0.01286160372475011,0.0
slope1__protein_npx__P80748,0.012850139129719435,0.0
rollmean2__peptide_log__C(UniMod_4)IIEVLSNALSK,0.012842617409799298,0.0
delta1__peptide_mean__O14791,0.012835449637100593,0.0
rollmean2__protein_npx__P14618,0.012826667341390083,0.0
delta1__peptide_count__P01024,0.012815758758223552,0.0
rollmean2__protein_npx__P01019,0.012809592976338496,0.0
delta1__peptide_mean__P00736,0.012801487604312847,0.0
slope1__peptide_count__Q08380,0.012796632055761814,0.0
lag1__peptide_count__P12109,0.012788752258534826,0.0
rollmean2__peptide_count__P14618,0.01278745206279532,0.0
delta1__protein_npx__P07333,0.012784191703752721,0.0
lag1__peptide_count__O15394,0.012770376073890794,0.0
lag1__protein_npx__P01834,0.012762246492068053,0.0
delta1__peptide_std__P05155,0.012756661804705784,0.0
peptide_mean__P43121,0.012754711541358751,0.0
slope1__peptide_mean__Q9UBR2,0.01274999180970613,0.0
peptide_mean__P40925,0.012741037277123408,0.0
rollmean2__protein_npx__O00391,0.012737567197715455,0.0
protein_npx__P05060,0.012733443810307799,0.0
slope1__peptide_std__O15394,0.012724790713681591,0.0
peptide_mean__P19021,0.012715396500154264,0.0
slope1__protein_npx__P01861,0.012711341102907945,0.0
rollmean2__peptide_std__P02760,0.012696137089621102,0.0
delta1__peptide_count__P02765,0.0126949034630277,0.0
rollmean2__peptide_count__P05060,0.012690527583562242,0.0
slope1__peptide_mean__O00533,0.012682943448306231,0.0
missing__peptide_std__P01857,0.012678643692951004,0.0
delta1__peptide_mean__P04156,0.012677641266788282,0.0
rollmean2__peptide_count__P16870,0.012673674108452083,0.0
slope1__peptide_mean__P05060,0.012671142914151596,0.0
rollmean2__peptide_std__P02790,0.012663619550777414,0.0
lag1__protein_npx__P04406,0.012655767873887776,0.0
slope1__peptide_mean__P02751,0.012624092198105643,0.0
lag1__protein_npx__Q12805,0.01262163842222236,0.0
delta1__peptide_log__TM(UniMod_35)LLQPAGSLGSYSYR,0.012613489289413207,0.0
delta1__peptide_count__P00441,0.012611184618340588,0.0
missing__peptide_log__HYEGSTVPEK,0.01260601445833329,0.0
lag1__protein_npx__P13611,0.012582056964886415,0.0
rollmean2__peptide_mean__P54289,0.012579801881830274,0.0
delta1__peptide_log__SNSSM(UniMod_35)HITDC(UniMod_4)R,0.012576134968757487,0.0
rollmean2__peptide_mean__P02452,0.012571250131798117,0.0
slope1__peptide_log__DSGEGDFLAEGGGVR,0.012565100142879308,0.0
rollmean2__protein_npx__Q92823,0.012541248423298717,0.0
delta1__protein_npx__P05067,0.01253480583456752,0.0
lag1__peptide_mean__P01876,0.012521448677951595,0.0
lag1__protein_npx__P05090,0.012512817808113925,0.0
lag1__peptide_mean__P01834,0.012501149339012987,0.0
lag1__peptide_std__P00746,0.012491460457192623,0.0
rollmean2__protein_npx__Q6UX71,0.012490012719969393,0.0
delta1__peptide_count__O14773,0.012488035982943586,0.0
slope1__protein_npx__Q9BY67,0.01247853127324359,0.0
delta1__peptide_mean__P02671,0.012466069351937534,0.0
lag1__peptide_log__ILLQGTPVAQMTEDAVDAER,0.012447772542980025,0.0
peptide_log__ELSSFIDKGQELC(UniMod_4)ADYSENTFTEYK,0.012413317506228778,0.0
missing__peptide_mean__P08123,0.012412269625239931,0.0
missing__peptide_count__P08123,0.012412269625239931,0.0
missing__protein_npx__P08123,0.012412269625239931,0.0
slope1__protein_npx__P01857,0.012411621082597822,0.0
slope1__peptide_mean__P04156,0.012409576597322395,0.0
protein_npx__P00734,0.01237758290296154,0.0
delta1__protein_npx__P01621,0.012354205542138494,0.0
delta1__peptide_count__P24592,0.012338813439099115,0.0
peptide_mean__P07602,0.012322172792772488,0.0
rollmean2__peptide_mean__P40925,0.01231401443902179,0.0
peptide_std__P05546,0.012306946167879687,0.0
slope1__peptide_std__P01024,0.012299863756308916,0.0
delta1__peptide_mean__P11142,0.01229765827858874,0.0
months_since_baseline,0.012294152327697922,0.0
slope1__peptide_mean__P61916,0.012274396765698163,0.0
rollmean2__peptide_mean__P01857,0.012265236206423362,0.0
peptide_std__O00584,0.012260904154349923,0.0
delta1__peptide_mean__P16152,0.012255548683350753,0.0
delta1__peptide_log__SC(UniMod_4)SPELQQK,0.012255548683350753,0.0
peptide_count__Q12841,0.012253674399552692,0.0
delta1__peptide_log__ILTC(UniMod_4)M(UniMod_35)QGMEEIR,0.012244909575621375,0.0
delta1__peptide_mean__Q8IWV7,0.012244909575621375,0.0
slope1__protein_npx__P05452,0.012214168377739183,0.0
rollmean2__peptide_std__P04433,0.012213082867337185,0.0
slope1__peptide_mean__P00738,0.012209090385124403,0.0
slope1__peptide_mean__P08603,0.012206058754936525,0.0
slope1__protein_npx__P08571,0.012205299056521715,0.0
delta1__peptide_log__C(UniMod_4)RDQLPYIC(UniMod_4)QFGIV,0.012186523426141231,0.0
slope1__peptide_std__P61916,0.012184223188072213,0.0
slope1__peptide_mean__Q99674,0.012178763179712417,0.0
peptide_mean__P01042,0.012165198401262022,0.0
protein_npx__Q92823,0.01215069022913172,0.0
peptide_std__P16035,0.012141212648357564,0.0
lag1__peptide_mean__Q9UBX5,0.012129270452305399,0.0
lag1__peptide_count__P01860,0.012115781610929055,0.0
peptide_mean__P05090,0.012106444659912067,0.0
lag1__peptide_mean__Q7Z3B1,0.012093499423846202,0.0
lag1__peptide_log__LGPLVEQGRVR,0.01209344098140193,0.0
peptide_mean__P14314,0.012089402110640872,0.0
delta1__peptide_log__AYKSELEEQLTPVAEETR,0.012083984218128275,0.0
protein_npx__P04207,0.012067881645574286,0.0
delta1__peptide_count__P39060,0.01206403019907784,0.0
peptide_std__Q96KN2,0.0120580051377841,0.0
delta1__protein_npx__P09104,0.012054933496367732,0.0
protein_npx__Q7Z3B1,0.012050511027691183,0.0
rollmean2__peptide_std__P01011,0.01202515500740374,0.0
peptide_log__LGPLVEQGR,0.011982299853596612,0.0
rollmean2__peptide_count__P01857,0.011980554643647156,0.0
delta1__peptide_std__Q96PD5,0.011980276296445248,0.0
rollmean2__peptide_mean__P08123,0.01197772008942294,0.0
rollmean2__peptide_count__P08493,0.011976636617629485,0.0
protein_npx__P02749,0.011928324583106433,0.0
lag1__peptide_mean__P00441,0.011917433123422456,0.0
lag1__peptide_std__Q9UHG2,0.01191611030757743,0.0
lag1__peptide_log__AYKSELEEQLTPVAEETR,0.01189468898345868,0.0
slope1__peptide_std__Q9NQ79,0.011877719764775719,0.0
rollmean2__protein_npx__P04075,0.011850271787121319,0.0
rollmean2__peptide_mean__P61916,0.011831132389129046,0.0
rollmean2__protein_npx__P98160,0.011817664193861285,0.0
rollmean2__protein_npx__P13987,0.011814149941069895,0.0
rollmean2__peptide_std__O00584,0.011809774734888463,0.0
delta1__protein_npx__P39060,0.01179512684465538,0.0
lag1__peptide_mean__P06681,0.011794312852435408,0.0
lag1__peptide_mean__P30086,0.011772974954518383,0.0
rollmean2__peptide_mean__P01877,0.011772658955627633,0.0
delta1__protein_npx__P04207,0.011772047221814179,0.0
slope1__peptide_log__SLAAAAGKQELAK,0.011769356635158695,0.0
slope1__peptide_mean__P61278,0.011769356635158695,0.0
rollmean2__peptide_mean__P01019,0.011749640306030923,0.0
slope1__protein_npx__P09871,0.011724804446652418,0.0
missing__peptide_log__VTLTC(UniMod_4)VAPLSGVDFQLR,0.011724465114180238,0.0
delta1__protein_npx__Q12907,0.01171585158990158,0.0
rollmean2__peptide_mean__P07998,0.011708022786786938,0.0
slope1__peptide_log__GEVQAMLGQSTEELRVR,0.011704982279273149,0.0
lag1__peptide_mean__P01344,0.011704408869646566,0.0
delta1__protein_npx__P27169,0.011696089019592897,0.0
rollmean2__peptide_mean__Q13332,0.011690314898901316,0.0
lag1__peptide_mean__O75144,0.011676821712963649,0.0
protein_npx__P01024,0.01167441004785367,0.0
slope1__peptide_log__TEGDGVYTLNNEK,0.011668735285438755,0.0
lag1__protein_npx__P01009,0.011657629689758814,0.0
lag1__peptide_mean__Q562R1,0.011631557195563464,0.0
delta1__peptide_mean__P06310,0.011618390677585404,0.0
delta1__peptide_count__P07602,0.011596082332250145,0.0
peptide_std__P04217,0.011590289442827166,0.0
peptide_std__P00746,0.011571428937597565,0.0
rollmean2__peptide_mean__P04211,0.01156553473384959,0.0
delta1__peptide_count__P00738,0.011561815069730173,0.0
slope1__peptide_abundance_sum,0.011556427050731533,0.0
missing__peptide_log__C(UniMod_4)DSSPDSAEDVRK,0.011555941110140057,0.0
peptide_mean__P02763,0.011543748995440476,0.0
lag1__peptide_std__P61916,0.011537326117934467,0.0
protein_npx__P01344,0.011524914640328432,0.0
delta1__peptide_count__P01042,0.011524289908871008,0.0
delta1__peptide_std__P08603,0.011516173880164265,0.0
lag1__peptide_std__P08294,0.011510480198506125,0.0
delta1__peptide_mean__O15394,0.011508021494963092,0.0
slope1__peptide_mean__P08697,0.01149828530102456,0.0
slope1__peptide_std__P02790,0.011497915200657401,0.0
lag1__peptide_log__AYQGVAAPFPK,0.011495180089209444,0.0
lag1__peptide_count__P10643,0.011493727260034508,0.0
peptide_count__Q06481,0.011491521493450594,0.0
lag1__peptide_mean__O15240,0.011485705492620958,0.0
peptide_std__P36955,0.01147904554960321,0.0
delta1__protein_npx__P02675,0.01147735745555682,0.0
rollmean2__protein_npx__P04211,0.01147391128353181,0.0
rollmean2__peptide_log__C(UniMod_4)C(UniMod_4)VEC(UniMod_4)PPC(UniMod_4)PAPPVAGPSVFLFPPKPK,0.011472848799127305,0.0
slope1__peptide_count__P02679,0.011469247524734999,0.0
slope1__peptide_abundance_min,0.011460002118904552,0.0
lag1__protein_npx__Q9NQ79,0.011446139845312338,0.0
lag1__peptide_mean__P05067,0.011439307034802884,0.0
lag1__peptide_mean__P02760,0.011424769660547028,0.0
delta1__peptide_log__KAADDTWEPFASGK,0.01142371706939111,0.0
lag1__protein_npx__P01780,0.01141276289169773,0.0
lag1__peptide_mean__P01042,0.011409875477497425,0.0
slope1__peptide_mean__P01833,0.01140545209941166,0.0
slope1__protein_npx__P01780,0.011402301968488552,0.0
slope1__peptide_mean__P07998,0.011388839713569427,0.0
delta1__peptide_mean__P01608,0.01135874087090355,0.0
delta1__peptide_log__HGGLYHENMR,0.011358674758434792,0.0
lag1__protein_npx__P13473,0.011354302875587552,0.0
slope1__peptide_log__SGEATDGARPQALPEPMQESK,0.011344857021529105,0.0
lag1__peptide_count__P07711,0.01133756238592081,0.0
lag1__peptide_log__AKLEEQAQQIR,0.011332498507876222,0.0
peptide_log__C(UniMod_4)VDVDEC(UniMod_4)APPAEPC(UniMod_4)GK,0.011316948494441608,0.0
rollmean2__protein_npx__P04196,0.011307358212299858,0.0
slope1__protein_npx__P55290,0.011304678476888933,0.0
delta1__peptide_mean__P61769,0.01127763463053584,0.0
lag1__peptide_std__P02790,0.011263567352214713,0.0
slope1__peptide_count__P13987,0.011231812644617775,0.0
peptide_count__P10643,0.01122511292061305,0.0
peptide_count__P06727,0.011224935707605712,0.0
lag1__peptide_mean__P01009,0.01122289882285508,0.0
slope1__peptide_mean__Q16610,0.011201765322170425,0.0
slope1__peptide_count__P01857,0.011199920700804441,0.0
peptide_mean__P07339,0.011180233028499966,0.0
rollmean2__peptide_mean__Q9Y6R7,0.011176506785426457,0.0
rollmean2__peptide_mean__P07711,0.01117008046430767,0.0
lag1__peptide_log__VGYVSGWGR,0.011145540117245894,0.0
lag1__peptide_mean__P01594,0.011126493921660943,0.0
delta1__peptide_std__P02649,0.011124144292324986,0.0
slope1__peptide_observation_count,0.011108095019357968,0.0
lag1__protein_npx__P49588,0.011107977828585077,0.0
lag1__peptide_count__Q96PD5,0.011104342423362097,0.0
peptide_std__P01857,0.011102238646789797,0.0
lag1__protein_npx__Q92823,0.011101256272224604,0.0
lag1__protein_npx__P06310,0.01109989681249359,0.0
lag1__peptide_log__QNC(UniMod_4)ELFEQLGEYK,0.011087393483328607,0.0
delta1__peptide_feature_count,0.011073131109669378,0.0
delta1__peptide_missing_fraction,0.011073131109669117,0.0
peptide_std__Q92823,0.01106766880832809,0.0
delta1__protein_npx__O14773,0.011066809772312145,0.0
lag1__peptide_mean__P19823,0.011066068770040486,0.0
slope1__peptide_log__LGQSLDC(UniMod_4)NAEVYVVPWEK,0.011049874801991369,0.0
peptide_mean__Q99674,0.011046433233842743,0.0
lag1__peptide_mean__P49588,0.011022884949070442,0.0
lag1__peptide_mean__P61278,0.010999500897306998,0.0
lag1__peptide_log__SLAAAAGKQELAK,0.010999500897306998,0.0
delta1__peptide_log__VLLDQLR,0.010998544669509197,0.0
delta1__peptide_mean__Q9HDC9,0.010998544669509197,0.0
lag1__peptide_feature_count,0.010995969347998721,0.0
lag1__peptide_missing_fraction,0.010995969347998655,0.0
delta1__protein_npx__P08697,0.010976188895535777,0.0
lag1__protein_npx__P01717,0.01097311721120921,0.0
slope1__peptide_std__P54289,0.010947447649770453,0.0
lag1__protein_npx__Q02818,0.010942262714811874,0.0
delta1__protein_npx__Q9UBR2,0.010940375551686156,0.0
delta1__peptide_log__VQPYLDDFQKK,0.010933620680311916,0.0
peptide_log__VTLTC(UniMod_4)VAPLSGVDFQLR,0.010927567290354967,0.0
delta1__protein_npx__P07339,0.010924017754899831,0.0
peptide_std__P00736,0.010904505986909133,0.0
slope1__peptide_mean__P01834,0.010901244327297154,0.0
rollmean2__peptide_mean__P13987,0.010900123062177983,0.0
delta1__protein_npx__Q99969,0.01089218816464643,0.0
peptide_std__P27169,0.010871435237229452,0.0
rollmean2__peptide_mean__P43251,0.010859326183761089,0.0
peptide_log__EDSLEAGLPLQVR,0.010856107521263984,0.0
slope1__protein_npx__P04433,0.01085541083662677,0.0
slope1__peptide_std__P00450,0.010847281832763669,0.0
slope1__protein_npx__P04275,0.010845760695362042,0.0
lag1__peptide_mean__P00747,0.010842192748684455,0.0
rollmean2__peptide_std__P01857,0.010842089340338205,0.0
delta1__peptide_mean__P13591,0.01081288473706649,0.0
peptide_std__P98160,0.010797732802770427,0.0
slope1__peptide_log__VKDLATVYVDVLK,0.010787595389489224,0.0
slope1__protein_npx__Q9HDC9,0.010785993352502967,0.0
delta1__peptide_mean__P08253,0.010779877729132728,0.0
slope1__peptide_mean__Q92876,0.010778558876728853,0.0
rollmean2__peptide_count__Q16610,0.010775105903399761,0.0
delta1__protein_npx__P16035,0.010766019976267936,0.0
lag1__protein_npx__P08253,0.010756241758357418,0.0
slope1__peptide_count__P01009,0.01075218590492286,0.0
rollmean2__peptide_count__P06727,0.010749688960240731,0.0
delta1__peptide_std__P02656,0.010743299323148589,0.0
lag1__peptide_std__O94919,0.01072064642647832,0.0
lag1__peptide_log__HGGLYHENMR,0.010720568859363074,0.0
rollmean2__peptide_count__P05090,0.010715863193772459,0.0
rollmean2__protein_npx__P61626,0.010709274144221445,0.0
slope1__peptide_count__P01011,0.01069367415838674,0.0
lag1__peptide_mean__P16035,0.01068876758514043,0.0
slope1__peptide_mean__Q8IWV7,0.010688427944317083,0.0
slope1__peptide_log__ILTC(UniMod_4)M(UniMod_35)QGMEEIR,0.010688427944317083,0.0
rollmean2__peptide_mean__Q96BZ4,0.010672772816232714,0.0
slope1__peptide_std__P08697,0.010660943973434077,0.0
delta1__peptide_log__GSPAINVAVHVFRK,0.010643660691294963,0.0
slope1__peptide_mean__P43652,0.010640931792058515,0.0
delta1__protein_npx__P04211,0.01064057251318249,0.0
lag1__peptide_mean__Q9UBR2,0.010628324447022722,0.0
delta1__peptide_mean__P32754,0.010605167433116153,0.0
peptide_mean__Q99832,0.010601879834026629,0.0
rollmean2__peptide_log__HYDGSYSTFGER,0.010595374691294353,0.0
slope1__peptide_mean__O00584,0.010592318978155522,0.0
delta1__protein_npx__O15394,0.010580575865922572,0.0
delta1__peptide_log__LVGGPM(UniMod_35)DASVEEEGVRR,0.010574027444745738,0.0
lag1__protein_npx__Q99435,0.01055461972702403,0.0
missing__peptide_count__P54289,0.010547882677074736,0.0
missing__protein_npx__P54289,0.010547882677074736,0.0
missing__peptide_mean__P54289,0.010547882677074736,0.0
rollmean2__peptide_mean__P30086,0.010541194934064678,0.0
peptide_mean__O94919,0.010534314192321136,0.0
lag1__protein_npx__Q16610,0.010523737920230123,0.0
delta1__protein_npx__Q7Z5P9,0.010500510782517247,0.0
lag1__peptide_count__P16035,0.010494553560525862,0.0
lag1__peptide_mean__P14314,0.0104868317437578,0.0
delta1__peptide_log__C(UniMod_4)DSSPDSAEDVRK,0.010483099786139774,0.0
slope1__peptide_std__P05452,0.010463735151819649,0.0
lag1__protein_npx__P02679,0.010457858477639,0.0
slope1__months_since_prev_visit,0.010451011051101267,0.0
slope1__peptide_count__P02766,0.010447304798982903,0.0
lag1__peptide_mean__Q9UNU6,0.010444871216425722,0.0
peptide_mean__P61626,0.010436133175585118,0.0
delta1__peptide_std__P16870,0.010433706568346007,0.0
rollmean2__peptide_std__P07225,0.010421922275947154,0.0
delta1__peptide_std__P05156,0.010410333187070216,0.0
slope1__peptide_log__C(UniMod_4)SYTEDAQC(UniMod_4)IDGTIEVPK,0.010401584300823302,0.0
rollmean2__protein_npx__P09871,0.01038666009535889,0.0
delta1__peptide_count__P02787,0.010380971478394611,0.0
delta1__protein_npx__Q13451,0.010348559109499857,0.0
rollmean2__protein_npx__P49588,0.010347444635798658,0.0
rollmean2__peptide_mean__P12109,0.010343356879140678,0.0
slope1__protein_npx__P01834,0.010311538094003262,0.0
slope1__peptide_mean__P06681,0.010300997924565392,0.0
rollmean2__peptide_std__Q92823,0.010298848775738714,0.0
lag1__peptide_count__P01024,0.010298626872517352,0.0
peptide_mean__P00738,0.010279329152720935,0.0
peptide_mean__P05156,0.010267746318648185,0.0
delta1__peptide_count__Q12805,0.010262986725787838,0.0
slope1__peptide_mean__Q02818,0.010246763566654203,0.0
peptide_mean__P02675,0.010235403641625921,0.0
slope1__peptide_mean__P11277,0.010233108899960045,0.0
slope1__peptide_count__Q9UHG2,0.010231390811582364,0.0
slope1__peptide_std__P06396,0.010213909898646501,0.0
slope1__peptide_mean__Q08380,0.01017495369666006,0.0
lag1__protein_npx__P05067,0.010171976048785843,0.0
rollmean2__peptide_count__Q6UXB8,0.0101673564993088,0.0
slope1__peptide_log__LEGQEEEEDNRDSSMK,0.010163344782990781,0.0
peptide_mean__P07711,0.010151187856730163,0.0
protein_npx__Q13449,0.010150834967615183,0.0
delta1__peptide_std__Q9NQ79,0.010149249348540227,0.0
delta1__protein_npx__P01861,0.010126853613320186,0.0
delta1__peptide_count__P05452,0.010114958575616648,0.0
rollmean2__peptide_mean__P14618,0.010107765687397595,0.0
delta1__peptide_count__Q9UHG2,0.010104928227265908,0.0
rollmean2__protein_npx__Q99969,0.010102090754379404,0.0
delta1__peptide_mean__Q13451,0.010099912157566929,0.0
slope1__peptide_count__P36955,0.010097545222384291,0.0
lag1__protein_npx__P16152,0.010092242669803839,0.0
delta1__protein_npx__P61278,0.010090519340133957,0.0
delta1__peptide_std__P01042,0.010073280589718625,0.0
slope1__protein_npx__O00533,0.01005725049649658,0.0
slope1__peptide_mean__P16870,0.010047165042030112,0.0
rollmean2__protein_npx__O60888,0.010046987340029534,0.0
rollmean2__peptide_mean__Q16610,0.010044009822108005,0.0
missing__peptide_count__O94919,0.010000607426717831,0.0
missing__protein_npx__O94919,0.010000607426717831,0.0
missing__peptide_mean__O94919,0.010000607426717831,0.0
slope1__peptide_count__P14314,0.010000495421137194,0.0
rollmean2__peptide_log__SEALAVDGAGKPGAEEAQDPEGK,0.009993720000792019,0.0
protein_npx__Q13332,0.00997334433506044,0.0
peptide_mean__P12109,0.00996215561086504,0.0
peptide_mean__P41222,0.009949951138208794,0.0
lag1__protein_npx__P51884,0.009926596426159628,0.0
slope1__peptide_count__P01834,0.009903415606784944,0.0
rollmean2__peptide_mean__P20774,0.009895801390387498,0.0
delta1__protein_npx__P98160,0.009885704210874395,0.0
delta1__peptide_log__VTLTC(UniMod_4)VAPLSGVDFQLR,0.009869083874517586,0.0
slope1__peptide_mean__P05156,0.00986231501746444,0.0
peptide_std__P01011,0.009862272080131518,0.0
lag1__peptide_std__P19652,0.009861402130922774,0.0
slope1__peptide_log__VLLDQLR,0.009840235517804854,0.0
slope1__peptide_mean__Q9HDC9,0.009840235517804854,0.0
peptide_log__LQAEAFQAR,0.009819497522647536,0.0
rollmean2__peptide_mean__P60174,0.009802230024478432,0.0
lag1__peptide_count__P05090,0.009801325154956755,0.0
lag1__protein_npx__P00746,0.009801035285488655,0.0
lag1__peptide_log__GEVQAMLGQSTEELRVR,0.00979859408849329,0.0
slope1__peptide_count__P00734,0.009787854478969578,0.0
lag1__protein_npx__P00751,0.009778353909710082,0.0
peptide_mean__P11142,0.009776937831620746,0.0
delta1__peptide_std__P61916,0.009765252469617588,0.0
delta1__peptide_log__LC(UniMod_4)MGSGLNLC(UniMod_4)EPNNKEGYYGYTGAFR,0.009752909477466293,0.0
delta1__peptide_count__P13987,0.009745858443690594,0.0
rollmean2__peptide_mean__P19827,0.009739945239110767,0.0
peptide_log__SNSSM(UniMod_35)HITDC(UniMod_4)R,0.009739391115324033,0.0
lag1__peptide_mean__P08253,0.009728020442714234,0.0
slope1__peptide_mean__Q14508,0.009725404167500201,0.0
rollmean2__peptide_mean__P04004,0.00972451590867703,0.0
protein_npx__P01019,0.009714433959729634,0.0
peptide_mean__Q96KN2,0.00971427247663751,0.0
protein_npx__P06681,0.009710119878896835,0.0
delta1__protein_npx__P00746,0.009709821028046567,0.0
slope1__peptide_log__HYTNPSQDVTVPC(UniMod_4)PVPPPPPC(UniMod_4)C(UniMod_4)HPR,0.009708384376168519,0.0
rollmean2__peptide_mean__P02675,0.009704677030990032,0.0
slope1__peptide_count__P07998,0.009704302504375073,0.0
protein_npx__Q13283,0.0096954677491079,0.0
protein_npx__P08571,0.009687059244345247,0.0
delta1__protein_npx__P01031,0.009686280028989103,0.0
peptide_count__P19652,0.009681566525964264,0.0
peptide_mean__Q8N2S1,0.009681264999076379,0.0
slope1__protein_npx__Q16610,0.009645109821758412,0.0
slope1__protein_npx__P60174,0.009639623072866001,0.0
slope1__peptide_mean__Q9UNU6,0.009636470486734001,0.0
missing__peptide_log__TM(UniMod_35)LLQPAGSLGSYSYR,0.00962235813434154,0.0
lag1__peptide_mean__Q14508,0.009615200264621444,0.0
rollmean2__protein_npx__P13473,0.009605304113014721,0.0
lag1__peptide_log__FLATTPNSLLVSWQPPR,0.009599745976934311,0.0
delta1__peptide_mean__P01019,0.009599446613744336,0.0
slope1__protein_npx__P36955,0.009595377784055016,0.0
peptide_count__P08493,0.009588179544674768,0.0
slope1__peptide_log__GC(UniMod_4)PTEEGC(UniMod_4)GER,0.009586202432007584,0.0
peptide_mean__P04216,0.00957807549706206,0.0
rollmean2__peptide_mean__P02768,0.009577606133243544,0.0
rollmean2__peptide_std__P05155,0.009574104298456853,0.0
delta1__protein_npx__P06454,0.009556310513280151,0.0
delta1__peptide_count__P16870,0.009552210549229986,0.0
delta1__protein_npx__P07225,0.009539907232605295,0.0
missing__peptide_mean__P14618,0.009532582838849444,0.0
missing__protein_npx__P14618,0.009532582838849444,0.0
missing__peptide_count__P14618,0.009532582838849444,0.0
delta1__peptide_log__MTVTDQVNC(UniMod_4)PK,0.00953232100799212,0.0
protein_npx__P20774,0.009527864592396006,0.0
rollmean2__peptide_log__MASGAANVVGPK,0.009522745826354878,0.0
rollmean2__peptide_mean__P00746,0.00951934748905875,0.0
slope1__peptide_mean__O60888,0.009494740056971705,0.0
peptide_mean__Q7Z5P9,0.009467302537060936,0.0
slope1__peptide_mean__Q14118,0.009458328885765642,0.0
rollmean2__peptide_mean__Q92876,0.009425600479324291,0.0
lag1__protein_npx__O14498,0.009418827002451256,0.0
peptide_mean__Q9Y646,0.009418781713562408,0.0
rollmean2__peptide_std__P02452,0.009396952196029693,0.0
delta1__peptide_log__SFNRGEC(UniMod_4),0.009391931489963564,0.0
missing__peptide_mean__O14773,0.009373250622460963,0.0
missing__protein_npx__O14773,0.009373250622460963,0.0
missing__peptide_count__O14773,0.009373250622460963,0.0
lag1__peptide_std__P43652,0.00936872774345945,0.0
peptide_log__RLEGQEEEEDNRDSSMK,0.009362132579899667,0.0
rollmean2__protein_npx__O75326,0.009358834018775375,0.0
delta1__peptide_log__ELSSFIDKGQELC(UniMod_4)ADYSENTFTEYK,0.009358205321838283,0.0
slope1__peptide_count__Q14624,0.00935683251949363,0.0
slope1__protein_npx__Q99674,0.009326330391890155,0.0
delta1__peptide_mean__P02749,0.009315830581068295,0.0
slope1__peptide_std__P00747,0.00930730133075093,0.0
slope1__peptide_std__P02748,0.009306988302903121,0.0
delta1__peptide_count__P61916,0.009304210137258153,0.0
lag1__protein_npx__P20933,0.009260098011610225,0.0
slope1__peptide_mean__P19652,0.009255782062907506,0.0
slope1__protein_npx__O15394,0.00925196035330729,0.0
delta1__peptide_std__P01877,0.009251280632728768,0.0
rollmean2__peptide_std__P12109,0.009250187064007594,0.0
rollmean2__peptide_std__Q13740,0.009244112853952107,0.0
missing__peptide_log__C(UniMod_4)SYTEDAQC(UniMod_4)IDGTIEVPK,0.009240900760073278,0.0
peptide_log__TSAHGNVAEGETKPDPDVTER,0.009237204571117581,0.0
delta1__peptide_log__AYQGVAAPFPK,0.009236067912039004,0.0
slope1__peptide_mean__P16152,0.009229289852290152,0.0
slope1__peptide_log__SC(UniMod_4)SPELQQK,0.009229289852290152,0.0
delta1__peptide_mean__Q9NYU2,0.009228781686456883,0.0
rollmean2__peptide_log__LEGQEEEEDNRDSSMK,0.009225086470470226,0.0
delta1__protein_npx__P00450,0.00921187228561435,0.0
delta1__protein_npx__O00584,0.009210717800922197,0.0
delta1__protein_npx__Q562R1,0.009205356881908844,0.0
rollmean2__peptide_mean__P35542,0.009196358991763971,0.0
slope1__peptide_log__DSGFQM(UniMod_35)NQLR,0.00919379096149261,0.0
lag1__protein_npx__P36955,0.009191216772667373,0.0
rollmean2__protein_npx__P20774,0.009175001607400701,0.0
rollmean2__peptide_mean__P02679,0.0091613995127285,0.0
delta1__protein_npx__P04406,0.009139300042487876,0.0
slope1__peptide_mean__P13591,0.009085848513363795,0.0
peptide_log__AATGEC(UniMod_4)TATVGKR,0.00907847450584261,0.0
peptide_mean__P06681,0.009072352304099135,0.0
delta1__protein_npx__P41222,0.009071820744452262,0.0
rollmean2__peptide_std__P00746,0.009071151818235675,0.0
lag1__peptide_mean__Q99674,0.009068119751925969,0.0
slope1__peptide_count__P02765,0.009059516521889622,0.0
peptide_count__Q14118,0.009059273900715923,0.0
rollmean2__peptide_log__VQPYLDDFQKK,0.00902993920872905,0.0
rollmean2__peptide_count__P06681,0.009025202203509525,0.0
lag1__protein_npx__O15240,0.00902380839319471,0.0
lag1__peptide_mean__P01011,0.009022755551553612,0.0
peptide_mean__P13987,0.009022213810942259,0.0
protein_npx__Q99829,0.009004232339093083,0.0
missing__peptide_log__AEAQEAEDQQAR,0.008966881396364713,0.0
slope1__peptide_count__P01860,0.008965850796809132,0.0
peptide_count__P02652,0.00895939669253513,0.0
delta1__protein_npx__P06310,0.008944953674942684,0.0
missing__peptide_count__P00746,0.00892195278386945,0.0
missing__peptide_mean__P00746,0.00892195278386945,0.0
missing__protein_npx__P00746,0.00892195278386945,0.0
slope1__protein_npx__Q9UBR2,0.008920750489514757,0.0
rollmean2__peptide_log__LGPLVEQGR,0.008890261663142473,0.0
slope1__peptide_log__C(UniMod_4)REILSVDC(UniMod_4)STNNPSQAK,0.008881041297872176,0.0
peptide_mean__P02748,0.008874937945122797,0.0
delta1__peptide_mean__P02774,0.008850279647023776,0.0
delta1__protein_npx__P02753,0.00885017293265317,0.0
peptide_mean__P16870,0.008812428501548238,0.0
slope1__peptide_log__NFPPSQDASGDLYTTSSQLTLPATQC(UniMod_4)LAGK,0.008807847591010802,0.0
peptide_mean__P04406,0.008803432968845757,0.0
delta1__peptide_log__NFPPSQDASGDLYTTSSQLTLPATQC(UniMod_4)PDGK,0.008802214795540525,0.0
rollmean2__protein_npx__P19021,0.00879904807461415,0.0
delta1__peptide_mean__P00734,0.008794623866330982,0.0
slope1__protein_npx__P61916,0.008769819821989424,0.0
lag1__protein_npx__O94919,0.008742809735739763,0.0
delta1__peptide_mean__O60888,0.008710114795856445,0.0
slope1__peptide_log__FLATTPNSLLVSWQPPR,0.008693015408195295,0.0
missing__protein_npx__P43251,0.008675516949658282,0.0
missing__peptide_mean__P43251,0.008675516949658282,0.0
missing__peptide_count__P43251,0.008675516949658282,0.0
slope1__protein_npx__Q562R1,0.008667147801970103,0.0
slope1__peptide_std__P01011,0.008663233469073998,0.0
delta1__peptide_mean__P02787,0.008651089193968333,0.0
delta1__peptide_log__VGYVSGWGR,0.00864447257433215,0.0
delta1__peptide_mean__P01834,0.008642077490542441,0.0
lag1__peptide_log__HYDGSYSTFGER,0.00863784661225267,0.0
delta1__peptide_log__TPVSDRVTK,0.008626916715032911,0.0
delta1__protein_npx__Q6UXD5,0.008612925259705183,0.0
rollmean2__peptide_mean__Q96PD5,0.00860902435108274,0.0
lag1__peptide_mean__P02790,0.00860017438930322,0.0
slope1__peptide_mean__P36955,0.00859965382237408,0.0
lag1__protein_npx__P02766,0.008595532891908578,0.0
delta1__protein_npx__P01608,0.008585970981259529,0.0
slope1__peptide_count__P10645,0.008561619896426205,0.0
peptide_observation_count,0.00856096559038352,0.0
protein_npx__P43251,0.0085458803905032,0.0
slope1__peptide_log__TQVNTQAEQLRR,0.00853595347189067,0.0
peptide_std__P05452,0.008531926627906812,0.0
slope1__peptide_count__O15394,0.008530558565692585,0.0
slope1__peptide_count__P02656,0.00851924147524401,0.0
slope1__peptide_mean__P01024,0.008511315721574793,0.0
lag1__peptide_mean__P13591,0.008506266475496349,0.0
lag1__peptide_log__IMNGEADAMSLDGGFVYIAGK,0.00849455354146961,0.0
protein_npx__P60174,0.008493944806842527,0.0
delta1__peptide_mean__O00391,0.008488674735806686,0.0
peptide_count__P01008,0.008481479323491194,0.0
peptide_mean__Q13283,0.008476445904266548,0.0
lag1__protein_npx__Q16270,0.008463807539962486,0.0
peptide_count__P01024,0.008460027786820687,0.0
rollmean2__months_since_prev_visit,0.008442011428881943,0.0
peptide_abundance_sum,0.00843735534182701,0.0
delta1__peptide_count__P06727,0.008436060850992546,0.0
slope1__peptide_log__YYWGGQYTWDMAK,0.008431243093134227,0.0
slope1__peptide_log__LFDSDPITVTVPVEVSR,0.008423853891678872,0.0
delta1__protein_npx__P05452,0.008413768063474525,0.0
rollmean2__peptide_mean__P31997,0.008406594126054863,0.0
rollmean2__peptide_mean__P11277,0.008391134396881649,0.0
slope1__peptide_mean__Q99829,0.00836980213532468,0.0
peptide_mean__P06396,0.008368088335168746,0.0
rollmean2__peptide_std__Q12907,0.008362564372274556,0.0
missing__peptide_log__NFPPSQDASGDLYTTSSQLTLPATQC(UniMod_4)PDGK,0.008345499376153604,0.0
slope1__protein_npx__P02765,0.00834342765599218,0.0
slope1__peptide_mean__Q9NQ79,0.008320216104431328,0.0
peptide_count__P05090,0.008319516062575973,0.0
slope1__protein_npx__P43652,0.008316964458384868,0.0
rollmean2__peptide_count__Q06481,0.008307693023319834,0.0
delta1__protein_npx__P04180,0.008306460636590414,0.0
slope1__peptide_log__NFPPSQDASGDLYTTSSQLTLPATQC(UniMod_4)PDGK,0.00830285425853349,0.0
lag1__peptide_std__P09486,0.008295454575580358,0.0
lag1__peptide_count__P01008,0.0082939643692034,0.0
protein_npx__Q6UXD5,0.008279532729149466,0.0
lag1__peptide_log__TQVNTQAEQLRR,0.008275957381027373,0.0
slope1__protein_npx__P10451,0.008268051292885263,0.0
rollmean2__peptide_std__P14618,0.008265077523321094,0.0
peptide_mean__P07225,0.008261853603045446,0.0
lag1__peptide_log__SLAELGGHLDQQVEEFRR,0.008242333672632808,0.0
lag1__peptide_std__Q16610,0.008239368832969454,0.0
peptide_mean__P02790,0.008227953975758697,0.0
lag1__protein_npx__O00584,0.008212968685833013,0.0
delta1__protein_npx__P04156,0.00819549418149573,0.0
delta1__peptide_std__Q14624,0.008186610845804455,0.0
slope1__peptide_log__FM(UniMod_35)ETVAEK,0.008184450736111168,0.0
delta1__protein_npx__P02649,0.0081639322519429,0.0
slope1__peptide_std__P02787,0.008162583854657963,0.0
slope1__peptide_log__TSAHGNVAEGETKPDPDVTER,0.008144916626483048,0.0
lag1__peptide_mean__O00533,0.008128272278913109,0.0
missing__peptide_std__Q13740,0.008126486596476828,0.0
delta1__peptide_log__TSAHGNVAEGETKPDPDVTER,0.008100878060595111,0.0
peptide_mean__P43251,0.008092148976004222,0.0
delta1__peptide_log__QIGSVYR,0.008077070109353235,0.0
peptide_mean__P43652,0.008061915679126147,0.0
missing__peptide_std__Q9Y6R7,0.008061792090273523,0.0
slope1__peptide_std__P13591,0.008057927985072535,0.0
rollmean2__peptide_mean__P08133,0.00805266169195815,0.0
delta1__protein_npx__P02452,0.008032972348806202,0.0
lag1__peptide_count__P01019,0.008009363712911896,0.0
peptide_count__P16870,0.00799090440298756,0.0
lag1__peptide_std__Q9UBX5,0.00798661115404968,0.0
delta1__peptide_count__P05090,0.007976744391431435,0.0
slope1__peptide_mean__P98160,0.007956474388354331,0.0
lag1__peptide_count__P36222,0.00795268213697058,0.0
lag1__protein_npx__P14314,0.007936755135571892,0.0
delta1__protein_npx__P32754,0.007924641142831385,0.0
peptide_log__SFNRGEC(UniMod_4),0.00790129928670265,0.0
rollmean2__peptide_count__P01042,0.007899808280249788,0.0
peptide_mean__P06454,0.007894359125013448,0.0
slope1__protein_npx__P04180,0.007867235422705432,0.0
rollmean2__peptide_count__P07339,0.007852028427971827,0.0
rollmean2__protein_npx__P13591,0.007832873538380174,0.0
rollmean2__peptide_log__ATVNPSAPR,0.00782096451411312,0.0
peptide_std__P02790,0.007818766513489964,0.0
slope1__peptide_mean__P01344,0.007789085183423146,0.0
delta1__peptide_count__P01009,0.007780769862252213,0.0
lag1__peptide_std__P13987,0.00775972948532294,0.0
peptide_mean__Q14118,0.007756102951361034,0.0
lag1__peptide_mean__P02787,0.007733929372491554,0.0
delta1__peptide_count__P01860,0.007729162296421921,0.0
delta1__peptide_count__P41222,0.0077252158205557715,0.0
lag1__protein_npx__P08697,0.00770886222919704,0.0
slope1__peptide_mean__Q8N2S1,0.007699270333224723,0.0
slope1__peptide_count__P19652,0.0076988167733812,0.0
peptide_mean__Q08380,0.007698286427934959,0.0
slope1__peptide_std__P02749,0.0076966754972775525,0.0
delta1__peptide_std__P16035,0.007690780728025291,0.0
peptide_std__P13987,0.007678995277978266,0.0
peptide_mean__P04004,0.007646669666487579,0.0
rollmean2__protein_npx__P06454,0.007639999374618947,0.0
lag1__peptide_std__P05452,0.007617396832331414,0.0
peptide_count__P02675,0.007611424533492457,0.0
lag1__peptide_log__FM(UniMod_35)ETVAEK,0.00759040313122151,0.0
peptide_log__LGPLVEQGRVR,0.007581034410268588,0.0
rollmean2__peptide_std__P02766,0.007575979993170842,0.0
delta1__peptide_mean__P01833,0.007550118337191829,0.0
slope1__peptide_mean__P07711,0.007549364957334824,0.0
delta1__peptide_std__P02790,0.007546730134045204,0.0
slope1__peptide_count__Q92823,0.007541823661164371,0.0
delta1__peptide_log__QNC(UniMod_4)ELFEQLGEYK,0.007515821414534536,0.0
lag1__peptide_std__P01024,0.007513752017777254,0.0
slope1__peptide_mean__P00746,0.007502020013125473,0.0
slope1__peptide_count__P00738,0.0074991610635562434,0.0
rollmean2__peptide_count__P02790,0.007493940085643912,0.0
rollmean2__peptide_mean__Q9UHG2,0.007485195816632085,0.0
missing__peptide_log__VTSIQDWVQK,0.007478368746333244,0.0
peptide_mean__O14773,0.0074773449344554994,0.0
peptide_count__P13987,0.007463759330361688,0.0
lag1__peptide_mean__P01008,0.007459912117188264,0.0
lag1__peptide_count__O15240,0.007446946558048826,0.0
rollmean2__peptide_mean__P14174,0.007439337375072896,0.0
lag1__protein_npx__P05060,0.007427434445947095,0.0
slope1__peptide_log__C(UniMod_4)DSSPDSAEDVRK,0.007415740188807311,0.0
delta1__peptide_log__HYTNPSQDVTVPC(UniMod_4)PVPPPPPC(UniMod_4)C(UniMod_4)HPR,0.0074068113619128895,0.0
peptide_mean__P25311,0.007403033122276551,0.0
delta1__peptide_count__P02766,0.007394235051964558,0.0
lag1__peptide_std__P01834,0.007354960359901331,0.0
slope1__peptide_count__P16070,0.007354927699156469,0.0
peptide_std__P02679,0.007354600473187272,0.0
delta1__protein_npx__P55290,0.007350442718446155,0.0
slope1__peptide_mean__Q14624,0.007346360237032591,0.0
missing__peptide_log__TPVSDRVTK,0.0073426538768083345,0.0
rollmean2__peptide_std__P08571,0.007332032560120995,0.0
peptide_mean__P54289,0.007304031666285776,0.0
slope1__protein_npx__P54289,0.007290493475532738,0.0
rollmean2__protein_npx__P04207,0.0072734613466542575,0.0
slope1__peptide_mean__P08493,0.007266692643425259,0.0
rollmean2__protein_npx__Q96BZ4,0.007245544576326601,0.0
delta1__peptide_count__Q96KN2,0.007242298109716454,0.0
delta1__peptide_std__Q9UBX5,0.007240464899230588,0.0
slope1__protein_npx__Q96BZ4,0.007237845401079601,0.0
rollmean2__peptide_mean__P00748,0.007237483297140548,0.0
slope1__peptide_mean__P01011,0.007218224185049791,0.0
delta1__peptide_mean__P02675,0.007211901167478182,0.0
peptide_std__P07339,0.007211506155049181,0.0
rollmean2__protein_npx__P40925,0.007210830257743602,0.0
rollmean2__peptide_count__P01024,0.007203702930547671,0.0
rollmean2__peptide_std__P06727,0.0071971493699740825,0.0
peptide_std__P12109,0.007176752107441097,0.0
delta1__protein_npx__P01833,0.007168165603989737,0.0
delta1__peptide_mean__P08123,0.0071587955838882875,0.0
lag1__peptide_std__P02652,0.007112375732638357,0.0
rollmean2__peptide_mean__P06396,0.007109860580420212,0.0
lag1__protein_npx__P13987,0.007103526236972792,0.0
delta1__protein_npx__Q16610,0.007100954708428597,0.0
slope1__peptide_mean__P02749,0.007100176369314274,0.0
lag1__protein_npx__P16870,0.007092286177671286,0.0
slope1__peptide_mean__P02452,0.007078452054145991,0.0
missing__peptide_log__TSAHGNVAEGETKPDPDVTER,0.007076563298251095,0.0
lag1__peptide_mean__Q02818,0.007075128867338727,0.0
rollmean2__peptide_mean__P08603,0.007065866431759657,0.0
delta1__protein_npx__P05156,0.0070580041319168,0.0
rollmean2__peptide_mean__P02747,0.007054937194215466,0.0
rollmean2__peptide_mean__Q99435,0.007048176289875991,0.0
rollmean2__peptide_count__P36222,0.007036457127032452,0.0
lag1__peptide_count__P24592,0.007030172118069087,0.0
lag1__peptide_mean__P05155,0.007015686792322862,0.0
peptide_count__O15394,0.0070121249224792135,0.0
peptide_count__P01860,0.007003662306445968,0.0
peptide_mean__P02656,0.007001803345991105,0.0
delta1__peptide_mean__P08571,0.0070017488509400315,0.0
delta1__protein_npx__P02652,0.006991045624830907,0.0
protein_npx__Q8IWV7,0.00698709403404289,0.0
lag1__protein_npx__P07333,0.0069764501409508815,0.0
lag1__peptide_mean__Q9BY67,0.006975315657490625,0.0
slope1__protein_npx__P04004,0.006975004606471458,0.0
missing__peptide_std__O15394,0.006957575414396603,0.0
rollmean2__protein_npx__P08123,0.006950771839365665,0.0
lag1__peptide_mean__Q92520,0.006929641993159751,0.0
lag1__protein_npx__P01011,0.006924183443401824,0.0
rollmean2__peptide_std__Q12805,0.006914900448524222,0.0
delta1__protein_npx__P07858,0.0069145802183050685,0.0
slope1__peptide_count__P05452,0.006907728336563723,0.0
protein_npx__P17936,0.006901713619379046,0.0
missing__peptide_count__P31997,0.006889355231136853,0.0
missing__protein_npx__P31997,0.006889355231136853,0.0
missing__peptide_mean__P31997,0.006889355231136853,0.0
lag1__protein_npx__Q6UXB8,0.006883362118390919,0.0
rollmean2__peptide_count__P19652,0.006878176949708203,0.0
lag1__protein_npx__P41222,0.006874060595526974,0.0
slope1__peptide_mean__P02679,0.006866741453048868,0.0
rollmean2__peptide_count__Q9Y6R7,0.0068609817098892675,0.0
protein_npx__P04216,0.006860033937044891,0.0
peptide_mean__P23142,0.00685111902772694,0.0
peptide_log__SC(UniMod_4)SPELQQK,0.006849181417114757,0.0
peptide_mean__P16152,0.006849181417114757,0.0
lag1__peptide_count__P23142,0.0068475189295812006,0.0
protein_npx__O00533,0.006831558973973683,0.0
rollmean2__peptide_count__P09871,0.00680479014749429,0.0
lag1__peptide_log__RGYQLSDVDGVTC(UniMod_4)EDIDEC(UniMod_4)ALPTGGHIC(UniMod_4)SYR,0.006803726253804189,0.0
lag1__peptide_count__P09871,0.00679587810057657,0.0
delta1__has_previous_visit,0.006792844021974852,0.0
lag1__has_previous_visit,0.006792844021974823,0.0
slope1__peptide_std__P00746,0.00678981525826153,0.0
delta1__protein_npx__Q15904,0.006773694027875915,0.0
rollmean2__protein_npx__Q9UKV8,0.006773074570319303,0.0
rollmean2__peptide_mean__P10909,0.006765800844618697,0.0
delta1__peptide_count__P12109,0.006764545110612211,0.0
peptide_mean__P00748,0.006745353061052751,0.0
peptide_count__Q96KN2,0.006740128516749007,0.0
delta1__peptide_mean__P02768,0.006731415374373384,0.0
delta1__peptide_mean__P49588,0.006722494693096473,0.0
rollmean2__protein_npx__P05156,0.0066980522948391855,0.0
delta1__protein_npx__P14314,0.0066741787929192305,0.0
delta1__peptide_std__P02751,0.006653836574535997,0.0
rollmean2__peptide_std__P02763,0.006649454499282825,0.0
lag1__peptide_count__P13987,0.0066463894088687235,0.0
lag1__protein_npx__Q13740,0.006640878070923679,0.0
rollmean2__peptide_std__P02747,0.006620181038839255,0.0
peptide_count__Q9Y6R7,0.006617759060446376,0.0
rollmean2__peptide_log__ADDKETC(UniMod_4)FAEEGK,0.0065949463881067654,0.0
lag1__protein_npx__Q9BY67,0.006586300813907839,0.0
protein_npx__O75326,0.006576100958619104,0.0
slope1__protein_npx__Q8IWV7,0.00656898421771113,0.0
protein_npx__Q99832,0.006522533185305032,0.0
peptide_mean__P13591,0.0065146399181310695,0.0
peptide_std__P02656,0.006501147087624288,0.0
peptide_count__P00734,0.006480709113445353,0.0
slope1__peptide_mean__P19823,0.006459457573867862,0.0
peptide_mean__P02671,0.006453375048983363,0.0
delta1__peptide_log__KQELSEAEQATR,0.0064274629118382465,0.0
slope1__peptide_mean__P43251,0.00640573617104962,0.0
delta1__peptide_mean__Q13332,0.006399256010144613,0.0
rollmean2__peptide_log__KAADDTWEPFASGK,0.006393775332360385,0.0
protein_npx__P12109,0.006381402304388894,0.0
delta1__peptide_std__P01034,0.006380737322682432,0.0
lag1__peptide_mean__Q9HDC9,0.006370357638583347,0.0
lag1__peptide_log__VLLDQLR,0.006370357638583347,0.0
slope1__protein_npx__P07998,0.006359524216417882,0.0
lag1__peptide_log__VQAAVGTSAAPVPSDNH,0.006355805642509637,0.0
lag1__peptide_mean__Q16610,0.006338352866355094,0.0
delta1__peptide_mean__P41222,0.00633709292327527,0.0
rollmean2__protein_npx__P07339,0.0063356673180015085,0.0
rollmean2__peptide_mean__P07339,0.006334770591776351,0.0
rollmean2__protein_npx__P08493,0.006332172947344746,0.0
rollmean2__peptide_log__AEAQEAEDQQAR,0.006323972990070065,0.0
lag1__peptide_mean__P04216,0.00631413225509047,0.0
peptide_mean__P04217,0.006294476461489666,0.0
delta1__protein_npx__O14498,0.006291641336688885,0.0
delta1__protein_npx__Q99674,0.006278895199941371,0.0
lag1__peptide_std__P07339,0.006277088345691946,0.0
rollmean2__peptide_mean__P36222,0.006267877294976037,0.0
slope1__peptide_std__P05155,0.006247665709220168,0.0
peptide_count__P05155,0.006217541193441532,0.0
delta1__peptide_std__P02753,0.006215988926025967,0.0
slope1__peptide_std__Q9Y6R7,0.006205439455044083,0.0
missing__peptide_count__Q9UBX5,0.006202078354110234,0.0
missing__protein_npx__Q9UBX5,0.006202078354110234,0.0
missing__peptide_mean__Q9UBX5,0.006202078354110234,0.0
delta1__peptide_std__P54289,0.006200099123616023,0.0
delta1__peptide_mean__Q08380,0.006197658906851214,0.0
rollmean2__protein_npx__P01011,0.006194969089632579,0.0
protein_npx__P02766,0.006193420569899057,0.0
peptide_std__P05156,0.006191459737190026,0.0
rollmean2__peptide_mean__P01011,0.006187124280237685,0.0
delta1__protein_npx__P00736,0.006180727030198214,0.0
slope1__peptide_log__VQAAVGTSAAPVPSDNH,0.006166322733584121,0.0
delta1__peptide_mean__Q99832,0.006157520452977542,0.0
delta1__peptide_std__P07998,0.006155748758151067,0.0
delta1__peptide_count__Q06481,0.006150614815795681,0.0
rollmean2__peptide_log__FNKPFVFLM(UniMod_35)IEQNTK,0.006147457335636258,0.0
peptide_mean__P08123,0.006140882725974,0.0
lag1__protein_npx__O00391,0.006128906655862555,0.0
delta1__peptide_count__P27169,0.0061264058117927395,0.0
rollmean2__peptide_count__P00734,0.006118887900544443,0.0
lag1__protein_npx__P02763,0.0061107916984980085,0.0
slope1__peptide_mean__Q14515,0.006087800781286044,0.0
lag1__peptide_log__LGPLVEQGR,0.006082589898902405,0.0
missing__peptide_mean__Q562R1,0.006067852814021752,0.0
missing__peptide_count__Q562R1,0.006067852814021752,0.0
missing__protein_npx__Q562R1,0.006067852814021752,0.0
delta1__peptide_mean__Q8NBJ4,0.006064006371523028,0.0
peptide_log__FNKPFVFLM(UniMod_35)IEQNTK,0.0060556709083523196,0.0
rollmean2__protein_npx__P08571,0.006054957173320087,0.0
slope1__peptide_std__P13987,0.006038863472443986,0.0
slope1__peptide_log__EILSVDC(UniMod_4)STNNPSQAK,0.006015178377237384,0.0
peptide_mean__Q9Y6R7,0.006013507393029629,0.0
slope1__peptide_mean__Q12841,0.006013223692395293,0.0
peptide_mean__P36980,0.006006595746358461,0.0
lag1__peptide_std__P01857,0.0060057693531535465,0.0
rollmean2__peptide_std__Q92520,0.0060030650814688275,0.0
peptide_mean__P02750,0.005997855053883693,0.0
lag1__peptide_log__SC(UniMod_4)SPELQQK,0.005994672222758131,0.0
lag1__peptide_mean__P16152,0.005994672222758131,0.0
rollmean2__peptide_std__P02656,0.005992537940612486,0.0
lag1__peptide_mean__P02774,0.005992015786742581,0.0
missing__protein_npx__P01594,0.005979498466747876,0.0
missing__peptide_mean__P01594,0.005979498466747876,0.0
missing__peptide_count__P01594,0.005979498466747876,0.0
slope1__visit_index,0.005977751476142966,0.0
delta1__peptide_log__LAVYQAGAR,0.0059658717210920535,0.0
lag1__peptide_count__P02751,0.005954316917949964,0.0
slope1__protein_npx__Q9UBX5,0.005954006660073438,0.0
lag1__peptide_count__P01859,0.005948219647929382,0.0
peptide_log__TPVSDRVTK,0.005946941289067465,0.0
delta1__protein_npx__P31997,0.005946401932144225,0.0
rollmean2__protein_npx__P02792,0.005946342375224705,0.0
delta1__peptide_abundance_std,0.005930336968358936,0.0
lag1__peptide_mean__P02679,0.005929614293559063,0.0
rollmean2__peptide_std__P01034,0.005927941020279762,0.0
lag1__peptide_log__VTLTC(UniMod_4)VAPLSGVDFQLR,0.005920472386215854,0.0
lag1__peptide_log__KVEQAVETEPEPELR,0.005909801670938467,0.0
delta1__peptide_mean__P14174,0.005908420076328035,0.0
peptide_std__P02763,0.00590517324003871,0.0
lag1__peptide_count__P08697,0.005898452169638183,0.0
rollmean2__peptide_count__P01023,0.005886037579078214,0.0
peptide_mean__P30086,0.005884618282592293,0.0
rollmean2__peptide_mean__P06454,0.00587530768131946,0.0
slope1__peptide_count__P39060,0.005856918397220441,0.0
slope1__peptide_log__AATVGSLAGQPLQER,0.0058446949598099,0.0
slope1__peptide_std__P04004,0.0058378065521769735,0.0
missing__peptide_log__C(UniMod_4)REILSVDC(UniMod_4)STNNPSQAK,0.005836857274570746,0.0
delta1__peptide_count__P02774,0.00583323080174735,0.0
delta1__protein_npx__P01009,0.005829089752732813,0.0
protein_npx__P00450,0.005824218702832555,0.0
peptide_count__P43121,0.0058223224106498436,0.0
slope1__peptide_count__Q96KN2,0.005821198581666784,0.0
slope1__protein_npx__Q9UKV8,0.005807650230200479,0.0
delta1__peptide_count__P02790,0.005806532213755261,0.0
peptide_mean__P02649,0.005801569908092197,0.0
missing__peptide_log__LGADM(UniMod_35)EDVC(UniMod_4)GR,0.005801495632107376,0.0
slope1__protein_npx__P20774,0.005786528749327919,0.0
peptide_mean__Q16270,0.00577169611016368,0.0
delta1__protein_npx__Q9NQ79,0.005764536190273294,0.0
slope1__peptide_mean__P17936,0.005749520193998433,0.0
delta1__protein_npx__P07195,0.005744330571637379,0.0
lag1__protein_npx__Q14624,0.0057406045839861275,0.0
lag1__peptide_count__P02747,0.00572894712549346,0.0
slope1__protein_npx__P01024,0.0057104343967338605,0.0
peptide_mean__P35542,0.005699118661832965,0.0
delta1__protein_npx__P35542,0.005685435842896854,0.0
lag1__peptide_mean__P08133,0.005682961067236035,0.0
lag1__peptide_mean__P17936,0.005682720624071018,0.0
peptide_mean__P04433,0.005681239719076154,0.0
delta1__peptide_mean__Q14624,0.005673284367614215,0.0
protein_npx__P98160,0.00564109203153432,0.0
slope1__peptide_log__LGPLVEQGR,0.005632077553153968,0.0
slope1__peptide_log__AYKSELEEQLTPVAEETR,0.005624121319128475,0.0
slope1__peptide_log__MTVTDQVNC(UniMod_4)PK,0.0056227655207450955,0.0
delta1__protein_npx__P01023,0.0056148295531857975,0.0
missing__peptide_count__P08637,0.005578979480542811,0.0
missing__peptide_mean__P08637,0.005578979480542811,0.0
missing__protein_npx__P08637,0.005578979480542811,0.0
missing__peptide_mean__Q99674,0.00557462686785219,0.0
missing__peptide_count__Q99674,0.00557462686785219,0.0
missing__protein_npx__Q99674,0.00557462686785219,0.0
peptide_mean__P01011,0.005572395722942974,0.0
delta1__peptide_std__P02763,0.005571482535603112,0.0
slope1__peptide_mean__P02750,0.005567525435344748,0.0
rollmean2__peptide_count__P41222,0.005565094657832351,0.0
delta1__peptide_mean__P10643,0.005552251333960841,0.0
slope1__peptide_mean__P02790,0.005527886803192111,0.0
missing__peptide_mean__P17936,0.005521346582819511,0.0
missing__peptide_count__P17936,0.005521346582819511,0.0
missing__protein_npx__P17936,0.005521346582819511,0.0
peptide_log__C(UniMod_4)C(UniMod_4)VEC(UniMod_4)PPC(UniMod_4)PAPPVAGPSVFLFPPKPK,0.00550498874893084,0.0
lag1__peptide_log__VQPYLDDFQKK,0.00549778727853038,0.0
peptide_count__Q9UHG2,0.005476252054993538,0.0
lag1__peptide_std__P30086,0.005460633254153302,0.0
slope1__protein_npx__O43505,0.005456970848034561,0.0
delta1__peptide_mean__P01344,0.005453672806580534,0.0
lag1__peptide_mean__Q96PD5,0.0054527930400942075,0.0
lag1__peptide_mean__Q9UKV8,0.005449228263725419,0.0
rollmean2__peptide_log__M(UniMod_35)YLGYEYVTAIR,0.005446884159741826,0.0
delta1__peptide_log__ANRPFLVFIR,0.005443263597622167,0.0
slope1__peptide_count__P24592,0.005442530781294324,0.0
slope1__peptide_std__P51884,0.005429293993054062,0.0
slope1__peptide_count__Q9UBX5,0.005407607208406531,0.0
rollmean2__peptide_mean__P08637,0.005384892824703599,0.0
lag1__peptide_count__P02790,0.005358824318874934,0.0
lag1__peptide_abundance_mean,0.0053523923346391195,0.0
slope1__protein_npx__Q15904,0.005349212484405194,0.0
peptide_mean__P01877,0.005332071115783951,0.0
peptide_std__Q14515,0.005331834125292628,0.0
delta1__peptide_mean__P01591,0.005321391776443235,0.0
protein_npx__P01011,0.005318363505757509,0.0
delta1__protein_npx__Q13740,0.005297449202151144,0.0
slope1__protein_npx__P07858,0.005294686103725925,0.0
lag1__peptide_mean__P54289,0.005294479603622399,0.0
missing__protein_npx__P00736,0.005285595832383696,0.0
missing__peptide_count__P00736,0.005285595832383696,0.0
missing__peptide_mean__P00736,0.005285595832383696,0.0
delta1__protein_npx__P02765,0.005269572186592086,0.0
lag1__protein_npx__P01621,0.005253509056196872,0.0
lag1__peptide_abundance_sum,0.005248396149025574,0.0
peptide_mean__P14618,0.005238385089120918,0.0
rollmean2__protein_npx__P11277,0.005228589110385085,0.0
protein_npx__P13473,0.005227186547265879,0.0
delta1__protein_npx__Q9UKV8,0.005225458441320606,0.0
rollmean2__protein_npx__P23083,0.005198871325992737,0.0
lag1__peptide_std__P02656,0.00519145222396656,0.0
delta1__protein_npx__Q7Z3B1,0.005185845557944518,0.0
rollmean2__peptide_log__AYQGVAAPFPK,0.005172881315137927,0.0
lag1__peptide_count__Q08380,0.005168432190419662,0.0
rollmean2__peptide_mean__P04216,0.005151420972341704,0.0
slope1__peptide_count__P04196,0.005150893882471643,0.0
delta1__peptide_mean__Q9Y646,0.005139807518142003,0.0
missing__peptide_std__P16070,0.005126301718558869,0.0
missing__peptide_count__Q02818,0.005119000143746233,0.0
missing__peptide_mean__Q02818,0.005119000143746233,0.0
missing__protein_npx__Q02818,0.005119000143746233,0.0
rollmean2__peptide_std__O15394,0.005113711398615115,0.0
lag1__peptide_mean__P61769,0.0051105112582263855,0.0
slope1__peptide_mean__P00450,0.005102272684673129,0.0
lag1__peptide_count__O75144,0.005099252013052987,0.0
delta1__peptide_mean__P06454,0.005098977624939412,0.0
missing__peptide_count__P98160,0.005092917630167803,0.0
missing__peptide_mean__P98160,0.005092917630167803,0.0
missing__protein_npx__P98160,0.005092917630167803,0.0
missing__protein_npx__P01833,0.005090795725600005,0.0
missing__peptide_count__P01833,0.005090795725600005,0.0
missing__peptide_mean__P01833,0.005090795725600005,0.0
lag1__peptide_log__TPVSDRVTK,0.00508060957546537,0.0
slope1__protein_npx__P02790,0.005076762158002273,0.0
delta1__protein_npx__P08637,0.00507388663074162,0.0
delta1__peptide_count__O15240,0.005060620205651609,0.0
peptide_count__Q16270,0.0050263277902542905,0.0
rollmean2__peptide_mean__Q9UKV8,0.005011996267519173,0.0
lag1__peptide_count__P30086,0.005011030154886169,0.0
slope1__peptide_log__HGGLYHENMR,0.005010143467807905,0.0
lag1__peptide_mean__P16870,0.005003627107954324,0.0
protein_npx__Q6UX71,0.005002703451594821,0.0
peptide_std__P61769,0.004999224731219168,0.0
protein_npx__P16035,0.004997876586115972,0.0
rollmean2__peptide_log__C(UniMod_4)KPVNTFVHEPLVDVQNVC(UniMod_4)FQEK,0.004983598798441411,0.0
delta1__peptide_std__P02748,0.004971189302331408,0.0
slope1__peptide_count__P10643,0.0049674591101111975,0.0
delta1__protein_npx__P01344,0.0049490574228701276,0.0
slope1__protein_npx__P04207,0.004943980641112114,0.0
rollmean2__peptide_count__Q9UHG2,0.004938244941438629,0.0
lag1__peptide_mean__P01833,0.004936378557666864,0.0
lag1__peptide_mean__P01621,0.004935925203846508,0.0
delta1__protein_npx__Q14508,0.004932351740845588,0.0
lag1__peptide_mean__O00391,0.004931949857007005,0.0
missing__peptide_mean__P04075,0.004930055950354019,0.0
missing__protein_npx__P04075,0.004930055950354019,0.0
missing__peptide_count__P04075,0.004930055950354019,0.0
delta1__peptide_count__P14314,0.004928563529886902,0.0
rollmean2__peptide_std__Q9UBX5,0.004911253742003565,0.0
delta1__peptide_std__P06681,0.004900327947253225,0.0
slope1__protein_npx__Q14624,0.004899013420238555,0.0
slope1__peptide_std__P01009,0.004897218423300575,0.0
lag1__peptide_mean__P05546,0.004877463086052568,0.0
delta1__peptide_count__P43121,0.0048699063392747925,0.0
slope1__peptide_mean__P14618,0.004860806535121537,0.0
peptide_log__SSQGGSLPSEEK,0.004857724818268077,0.0
delta1__peptide_count__P04004,0.004855341146564752,0.0
rollmean2__peptide_abundance_sum,0.0048513366031888725,0.0
delta1__peptide_mean__Q9UBR2,0.004850331405378551,0.0
rollmean2__protein_npx__Q06481,0.004835967403167283,0.0
protein_npx__P04406,0.004832405219418577,0.0
missing__peptide_log__QQETAAAETETR,0.0048195843073258055,0.0
slope1__peptide_count__P20774,0.004817645834072781,0.0
lag1__peptide_count__P36955,0.0048099145722412156,0.0
lag1__protein_npx__P00736,0.004808725685060082,0.0
slope1__peptide_mean__Q12805,0.004806992585489111,0.0
rollmean2__peptide_mean__P01608,0.004805445838253529,0.0
slope1__peptide_std__P30086,0.004784044951809933,0.0
slope1__peptide_mean__Q562R1,0.004770494402421437,0.0
peptide_mean__P01857,0.0047686518802423725,0.0
rollmean2__peptide_log__SNSSM(UniMod_35)HITDC(UniMod_4)R,0.004760734936523189,0.0
protein_npx__Q92520,0.004748956324968119,0.0
slope1__protein_npx__P01011,0.004740729623381106,0.0
rollmean2__protein_npx__Q14624,0.004736694774550855,0.0
rollmean2__protein_npx__P31997,0.00472462742212484,0.0
lag1__protein_npx__P04216,0.004722001876343081,0.0
lag1__protein_npx__P23083,0.004716089270895493,0.0
slope1__peptide_log__LRTEGDGVYTLNNEK,0.0047145810972348354,0.0
lag1__peptide_mean__P10643,0.004713436663036265,0.0
missing__peptide_log__LFDSDPITVTVPVEVSR,0.004698372618447095,0.0
peptide_std__P02647,0.004696379464688264,0.0
lag1__protein_npx__P07858,0.004692779942777967,0.0
lag1__protein_npx__P01023,0.004680814393045571,0.0
slope1__peptide_std__P00748,0.004671254246779078,0.0
slope1__protein_npx__P04217,0.004637367046632428,0.0
rollmean2__protein_npx__P01033,0.00463589563008163,0.0
peptide_count__P02790,0.004623418639963023,0.0
rollmean2__protein_npx__O00533,0.004609884784041948,0.0
lag1__peptide_mean__P01861,0.004598039582386124,0.0
lag1__peptide_log__TTPPVLDSDGSFFLYSR,0.004598039582386124,0.0
delta1__protein_npx__P24592,0.004584386960587577,0.0
rollmean2__peptide_mean__O14791,0.004568615267465,0.0
lag1__protein_npx__Q92876,0.004558480141304697,0.0
slope1__peptide_mean__P08571,0.004543286550864934,0.0
slope1__protein_npx__P01833,0.004541515537064594,0.0
delta1__protein_npx__P08253,0.00452929678107895,0.0
protein_npx__P19652,0.0045226511006957945,0.0
delta1__peptide_mean__P35542,0.0045015488623876545,0.0
lag1__peptide_log__M(UniMod_35)YLGYEYVTAIR,0.004499044267726377,0.0
delta1__peptide_log__EILSVDC(UniMod_4)STNNPSQAK,0.004494714112024891,0.0
lag1__peptide_count__P02656,0.004489642220227591,0.0
delta1__peptide_mean__P02790,0.004484733185282545,0.0
lag1__peptide_mean__P08294,0.00447335630718001,0.0
slope1__protein_npx__Q99969,0.004471715812465076,0.0
lag1__protein_npx__P49908,0.004439585671669322,0.0
rollmean2__peptide_log__SFNRGEC(UniMod_4),0.0044256073839777765,0.0
slope1__peptide_mean__P04217,0.004419405301310496,0.0
rollmean2__peptide_mean__Q08380,0.0044178143908873545,0.0
protein_npx__P30086,0.00441162380583313,0.0
lag1__peptide_mean__P01717,0.004406645074248788,0.0
peptide_std__P30086,0.004401690078371448,0.0
protein_npx__P02790,0.0043874761243382875,0.0
peptide_mean__P02679,0.004375760344815238,0.0
rollmean2__peptide_std__P02753,0.004371618538667233,0.0
slope1__peptide_log__LVGGPM(UniMod_35)DASVEEEGVRR,0.00436493937212715,0.0
delta1__protein_npx__P02766,0.004363057619536552,0.0
missing__peptide_mean__P09104,0.004361718694719831,0.0
missing__protein_npx__P09104,0.004361718694719831,0.0
missing__peptide_count__P09104,0.004361718694719831,0.0
missing__peptide_log__ELSSFIDKGQELC(UniMod_4)ADYSENTFTEYK,0.004354215895260839,0.0
slope1__protein_npx__Q8N2S1,0.004352202618433786,0.0
protein_npx__P06454,0.0043352941524722015,0.0
missing__peptide_log__TTPPVLDSDGSFFLYSK,0.004324891173614852,0.0
delta1__peptide_mean__P10451,0.0043166913625911065,0.0
delta1__protein_npx__Q13283,0.004281945764099349,0.0
lag1__protein_npx__Q99969,0.004278841046067827,0.0
protein_npx__P06396,0.004277755844026926,0.0
rollmean2__protein_npx__P12109,0.004264461972690035,0.0
lag1__peptide_log__SGELEQEEER,0.0042603083024492045,0.0
rollmean2__peptide_mean__O00584,0.004250943218049856,0.0
rollmean2__peptide_std__P36955,0.004250500185774862,0.0
rollmean2__peptide_count__Q14515,0.004230564238384376,0.0
missing__peptide_log__SGELEQEEER,0.004225713466034021,0.0
lag1__peptide_mean__P01860,0.004222686308261257,0.0
peptide_mean__O75144,0.004217039688489508,0.0
lag1__peptide_mean__O43505,0.004197594752371916,0.0
rollmean2__peptide_count__P01877,0.004195951056862638,0.0
lag1__peptide_count__P06727,0.004193633665076091,0.0
delta1__peptide_mean__O43505,0.004190177232485291,0.0
delta1__peptide_mean__P05156,0.004189646619633647,0.0
rollmean2__peptide_count__P02656,0.004189619753648103,0.0
slope1__peptide_mean__P02647,0.004182981671766688,0.0
peptide_mean__P14174,0.004160300171717446,0.0
lag1__protein_npx__P01861,0.0041504115505431325,0.0
peptide_std__P02753,0.00414582734014829,0.0
delta1__peptide_mean__P02751,0.004143607167661732,0.0
delta1__protein_npx__O60888,0.004136985758941965,0.0
lag1__peptide_mean__P07858,0.004135614260141432,0.0
peptide_mean__O00533,0.004121052449815008,0.0
slope1__peptide_std__Q14624,0.004113161168624287,0.0
rollmean2__peptide_mean__P01033,0.004103868086604083,0.0
lag1__peptide_std__P16870,0.004103394478307083,0.0
slope1__peptide_mean__P01034,0.004094207641632305,0.0
missing__peptide_log__C(UniMod_4)C(UniMod_4)VEC(UniMod_4)PPC(UniMod_4)PAPPVAGPSVFLFPPKPK,0.0040902876758358245,0.0
lag1__protein_npx__Q7Z3B1,0.004086734735807751,0.0
delta1__peptide_std__P13591,0.0040799238675753476,0.0
peptide_mean__O15240,0.004051569093592884,0.0
delta1__peptide_mean__P36955,0.004035550295364204,0.0
missing__protein_npx__P06681,0.004032986826166265,0.0
missing__peptide_count__P06681,0.004032986826166265,0.0
missing__peptide_mean__P06681,0.004032986826166265,0.0
peptide_log__LRTEGDGVYTLNNEK,0.0040322815053449035,0.0
delta1__protein_npx__Q6UXB8,0.004032155201589491,0.0
delta1__peptide_log__LSSWVLLM(UniMod_35)K,0.004030398087447782,0.0
peptide_count__P01042,0.003982392434914983,0.0
delta1__peptide_mean__P08697,0.003962752840500042,0.0
delta1__peptide_std__P01011,0.003959984320211756,0.0
peptide_mean__P20774,0.003944426768558348,0.0
delta1__protein_npx__P13521,0.003942233416993162,0.0
delta1__peptide_count__P01834,0.003924086815546002,0.0
slope1__peptide_log__QNC(UniMod_4)ELFEQLGEYK,0.003914905627910184,0.0
slope1__protein_npx__P04156,0.0039125258738219384,0.0
delta1__peptide_std__P01860,0.003892502572481934,0.0
rollmean2__peptide_count__P01860,0.0038861315196213686,0.0
rollmean2__peptide_log__VTLTC(UniMod_4)VAPLSGVDFQLR,0.0038845578060729326,0.0
lag1__peptide_count__Q14118,0.0038840064648727477,0.0
slope1__peptide_count__P16035,0.003878095958789775,0.0
lag1__peptide_std__P04180,0.0038704187354646723,0.0
protein_npx__O94919,0.0038664185030264997,0.0
rollmean2__peptide_mean__Q15904,0.0038656352342921686,0.0
missing__peptide_log__VQPYLDDFQKK,0.003862722428397707,0.0
peptide_mean__P55290,0.0038448137956111337,0.0
lag1__peptide_mean__P01033,0.0038383522839611226,0.0
lag1__peptide_log__QWAGLVEK,0.0038271823621600807,0.0
delta1__peptide_mean__P24592,0.0038149362851262808,0.0
peptide_mean__Q9NQ79,0.003797341690466446,0.0
rollmean2__peptide_mean__Q92823,0.003795392797801872,0.0
slope1__protein_npx__Q8NBJ4,0.003793070167625581,0.0
peptide_mean__P01008,0.0037914051017671284,0.0
peptide_mean__P00450,0.003778951026791065,0.0
peptide_mean__Q96PD5,0.003767756204729816,0.0
slope1__peptide_mean__P13611,0.0037523221758216582,0.0
missing__peptide_std__Q14118,0.0037508722901015068,0.0
delta1__protein_npx__P02749,0.0037504378684237684,0.0
slope1__protein_npx__O14498,0.003745190707725508,0.0
rollmean2__peptide_std__P05156,0.003742940609594363,0.0
slope1__peptide_count__P06681,0.0037324997591282223,0.0
slope1__peptide_mean__Q13451,0.0037311942673885225,0.0
delta1__peptide_mean__P80748,0.0037174782118448322,0.0
slope1__protein_npx__Q13283,0.003710364256677057,0.0
slope1__protein_npx__P01621,0.0037056514864743715,0.0
rollmean2__peptide_mean__P06681,0.00369813109553335,0.0
slope1__protein_npx__P43121,0.0036895532101098713,0.0
lag1__peptide_mean__P19652,0.00368849366229826,0.0
rollmean2__peptide_observation_count,0.003685036842890131,0.0
rollmean2__peptide_count__P05155,0.0036808394136411166,0.0
rollmean2__peptide_count__P43121,0.0036712894857909794,0.0
peptide_log__AKLEEQAQQIR,0.0036664261433922672,0.0
rollmean2__peptide_log__ILLQGTPVAQMTEDAVDAER,0.003643925612075288,0.0
slope1__peptide_log__ANRPFLVFIR,0.003636768237356586,0.0
rollmean2__protein_npx__P01859,0.003636767530323818,0.0
delta1__peptide_count__P19652,0.003636146200379175,0.0
slope1__peptide_count__Q12805,0.003618585637928934,0.0
delta1__peptide_std__Q9UHG2,0.0036044777666044826,0.0
delta1__peptide_mean__P10909,0.003604086377333847,0.0
lag1__peptide_mean__P43121,0.0036021746548470395,0.0
peptide_count__P02647,0.0035965206440895857,0.0
rollmean2__peptide_mean__P02750,0.0035924259610336942,0.0
peptide_mean__P19823,0.0035532249037134103,0.0
slope1__protein_npx__P00441,0.003545236390201971,0.0
slope1__peptide_abundance_std,0.003520285769186733,0.0
slope1__peptide_mean__P01876,0.0035195854859595955,0.0
lag1__peptide_log__VDSGNDVTDIADDGC(UniMod_4)PKPPEIAHGYVEHSVR,0.0035000960213870955,0.0
lag1__protein_npx__P02768,0.0034963820541528525,0.0
delta1__peptide_mean__P01621,0.0034931885551965293,0.0
slope1__protein_npx__P05090,0.0034795860779305706,0.0
lag1__protein_npx__P25311,0.003439113213222751,0.0
lag1__protein_npx__P08493,0.003432172446387686,0.0
lag1__peptide_std__P16070,0.0034082756640545987,0.0
missing__peptide_count__Q9Y6R7,0.0033848438060703097,0.0
missing__protein_npx__Q9Y6R7,0.0033848438060703097,0.0
missing__peptide_mean__Q9Y6R7,0.0033848438060703097,0.0
rollmean2__peptide_std__P10643,0.0033792854413029626,0.0
delta1__peptide_std__Q14515,0.003376503957381864,0.0
protein_npx__P02792,0.0033740692487135805,0.0
missing__peptide_std__Q12841,0.003362544815996007,0.0
rollmean2__peptide_mean__P13521,0.003358261590677234,0.0
peptide_mean__Q13449,0.003320845484517273,0.0
rollmean2__protein_npx__P02766,0.003302041702313015,0.0
slope1__peptide_std__P14618,0.003293761657830921,0.0
delta1__protein_npx__P01857,0.0032894628753924664,0.0
slope1__protein_npx__P02774,0.0032854854035015675,0.0
delta1__protein_npx__P00751,0.003282460964320614,0.0
peptide_std__P07602,0.003264375651775476,0.0
delta1__peptide_count__P16070,0.003254985100807946,0.0
slope1__protein_npx__P02656,0.003248648677146195,0.0
delta1__peptide_mean__Q8N2S1,0.0032461903955744334,0.0
peptide_log__FM(UniMod_35)ETVAEK,0.003218969880605463,0.0
delta1__protein_npx__Q13332,0.003212777799371942,0.0
lag1__peptide_mean__P25311,0.0032023886585022445,0.0
rollmean2__peptide_std__O14773,0.0031861735026681545,0.0
missing__protein_npx__O14791,0.0031355967654259284,0.0
missing__peptide_mean__O14791,0.0031355967654259284,0.0
missing__peptide_count__O14791,0.0031355967654259284,0.0
slope1__protein_npx__P14174,0.0031346472628115607,0.0
slope1__peptide_count__P00441,0.003132307715984013,0.0
lag1__protein_npx__P01344,0.0031233901731702028,0.0
slope1__protein_npx__P19652,0.003117298973497525,0.0
lag1__peptide_log__DLATVYVDVLK,0.003112629452341407,0.0
lag1__protein_npx__P02655,0.0031097826258230645,0.0
missing__peptide_count__Q8N2S1,0.003103286805587752,0.0
missing__protein_npx__Q8N2S1,0.003103286805587752,0.0
missing__peptide_mean__Q8N2S1,0.003103286805587752,0.0
lag1__protein_npx__P02787,0.0030996128236379806,0.0
lag1__protein_npx__P05156,0.0030664988906214633,0.0
delta1__protein_npx__P10451,0.0030568327654143575,0.0
slope1__peptide_mean__P55290,0.003055765020690027,0.0
slope1__protein_npx__P01009,0.0030203581601025,0.0
missing__peptide_mean__P01031,0.003016456868582724,0.0
missing__peptide_count__P01031,0.003016456868582724,0.0
missing__protein_npx__P01031,0.003016456868582724,0.0
delta1__peptide_mean__P00738,0.003012257934603586,0.0
delta1__peptide_mean__P00441,0.0029996132999689645,0.0
rollmean2__protein_npx__Q96KN2,0.0029925344846349292,0.0
rollmean2__peptide_mean__O00391,0.0029812626314736066,0.0
lag1__peptide_mean__P04211,0.0029650641591019693,0.0
slope1__protein_npx__P00450,0.002964175609203916,0.0
rollmean2__peptide_count__P02671,0.002958630785129934,0.0
slope1__peptide_std__P01834,0.0029495113483728255,0.0
protein_npx__P02649,0.0029371517194776682,0.0
slope1__protein_npx__Q06481,0.0029371182483053974,0.0
delta1__peptide_std__Q12805,0.002922148400475929,0.0
slope1__protein_npx__P01608,0.002909708548760717,0.0
delta1__peptide_mean__Q6UXD5,0.0029042257984164435,0.0
lag1__peptide_log__LPPTSAHGNVAEGETKPDPDVTER,0.002899663445601984,0.0
slope1__protein_npx__P05067,0.0028921566425988256,0.0
missing__peptide_count__P08253,0.002887840257144869,0.0
missing__peptide_mean__P08253,0.002887840257144869,0.0
missing__protein_npx__P08253,0.002887840257144869,0.0
delta1__peptide_std__P14314,0.00288313169527584,0.0
peptide_std__P07711,0.002872413519534095,0.0
slope1__peptide_log__LGPLVEQGRVR,0.0028694525138604505,0.0
slope1__peptide_mean__P51884,0.0028643331109828455,0.0
delta1__peptide_mean__Q12841,0.0028473405136801443,0.0
rollmean2__protein_npx__Q13332,0.0028376758078947966,0.0
lag1__protein_npx__P02753,0.0028333803942760935,0.0
rollmean2__peptide_log__SPVGVQPILNEHTFC(UniMod_4)AGMSK,0.002831713756873179,0.0
slope1__peptide_mean__Q99683,0.002826140774686188,0.0
missing__peptide_log__IMNGEADAMSLDGGFVYIAGK,0.0028147981163853,0.0
slope1__protein_npx__Q99683,0.0028145588239157247,0.0
peptide_log__HGGLYHENMR,0.0027432295129808204,0.0
rollmean2__peptide_std__P54289,0.0027391024240811827,0.0
slope1__peptide_count__P00746,0.0027313465813794554,0.0
delta1__peptide_log__DASGVTFTWTPSSGK,0.0027093476618110504,0.0
missing__peptide_mean__P13671,0.002707110602923515,0.0
missing__peptide_count__P13671,0.002707110602923515,0.0
missing__protein_npx__P13671,0.002707110602923515,0.0
lag1__peptide_mean__P05452,0.002704249688398735,0.0
peptide_std__P05090,0.0026671578261345395,0.0
lag1__peptide_mean__Q12841,0.0026474045390964982,0.0
slope1__protein_npx__P02753,0.002643893779589363,0.0
rollmean2__peptide_log__IHWESASLLR,0.0026414310206350627,0.0
missing__peptide_std__P14618,0.00263142829440058,0.0
lag1__peptide_mean__P16070,0.0026252544940897574,0.0
lag1__peptide_count__P07602,0.0026247554929177633,0.0
rollmean2__peptide_log__SGEATDGARPQALPEPMQESK,0.002617301508897482,0.0
delta1__peptide_mean__P98160,0.0026003356083591127,0.0
missing__peptide_log__TDASDVKPC(UniMod_4),0.002598610210716921,0.0
missing__peptide_std__Q92876,0.0025842884456238726,0.0
slope1__protein_feature_count,0.0025625189338958168,0.0
slope1__protein_missing_fraction,0.0025625189338950517,0.0
missing__peptide_std__P00736,0.0025546059872203278,0.0
missing__protein_npx__Q13451,0.002551713109876139,0.0
missing__peptide_count__Q13451,0.002551713109876139,0.0
missing__peptide_mean__Q13451,0.002551713109876139,0.0
slope1__peptide_std__P16035,0.0025458107594968013,0.0
lag1__visit_index,0.0025453468530541087,0.0
delta1__peptide_log__SLAELGGHLDQQVEEFRR,0.0025401692639523948,0.0
lag1__peptide_mean__P02655,0.002535906359216451,0.0
slope1__protein_npx__Q92823,0.00253093909333116,0.0
slope1__peptide_mean__P80748,0.0025296881077640377,0.0
lag1__peptide_std__Q12805,0.002528828236700429,0.0
delta1__protein_npx__P07711,0.0025264947730225355,0.0
slope1__peptide_count__P19823,0.0025218820629393066,0.0
delta1__peptide_count__P51884,0.0025097447599950738,0.0
lag1__peptide_mean__Q99683,0.002509467535315277,0.0
slope1__peptide_std__Q12907,0.002499014112154793,0.0
delta1__protein_npx__P07602,0.002485700942458283,0.0
protein_npx__Q16610,0.0024757460203816144,0.0
rollmean2__peptide_count__P02647,0.0024732925452412334,0.0
lag1__peptide_log__SPVGVQPILNEHTFC(UniMod_4)AGMSK,0.002471954566517031,0.0
delta1__protein_npx__Q92823,0.002454999269532082,0.0
rollmean2__peptide_count__O15394,0.0024509574953201427,0.0
lag1__protein_npx__O00533,0.0024451098433314992,0.0
slope1__peptide_count__Q13740,0.0024432218631196797,0.0
peptide_log__SPVGVQPILNEHTFC(UniMod_4)AGMSK,0.00243913413431368,0.0
peptide_count__P41222,0.0024388909659261025,0.0
protein_npx__P04196,0.002435280729948627,0.0
slope1__peptide_mean__Q96KN2,0.0023979134845716916,0.0
delta1__peptide_mean__P20774,0.0023939299262891837,0.0
rollmean2__peptide_log__VDNALQSGNSQESVTEQDSKDSTYSLSSTLTLSK,0.0023738240461801466,0.0
delta1__peptide_mean__P01031,0.0023737006990750785,0.0
rollmean2__protein_npx__P16035,0.002372860760654445,0.0
slope1__protein_npx__P06681,0.0023715328378501525,0.0
slope1__protein_npx__P02760,0.0023493113615238106,0.0
peptide_std__P16070,0.0023491295781011587,0.0
slope1__peptide_std__P02649,0.002347836640496901,0.0
rollmean2__peptide_mean__P01008,0.002345993907612891,0.0
protein_npx__P39060,0.0023412956109281325,0.0
peptide_mean__P02768,0.0023317268307277293,0.0
slope1__peptide_log__AATGEC(UniMod_4)TATVGKR,0.0023110156405579075,0.0
peptide_log__FLATTPNSLLVSWQPPR,0.0023008190299369765,0.0
missing__peptide_log__GYQLSDVDGVTC(UniMod_4)EDIDEC(UniMod_4)ALPTGGHIC(UniMod_4)SYR,0.0022869248700733693,0.0
delta1__peptide_log__SPVGVQPILNEHTFC(UniMod_4)AGMSK,0.0022852300139249064,0.0
peptide_std__P01034,0.002281036098634747,0.0
peptide_mean__P08133,0.0022769346723805414,0.0
slope1__protein_npx__Q99829,0.002276775538462498,0.0
rollmean2__peptide_log__NPDPWAK,0.0022684015077563697,0.0
rollmean2__peptide_mean__P02649,0.002258988992090729,0.0
slope1__protein_npx__Q7Z3B1,0.0022535919652389973,0.0
slope1__peptide_mean__P04433,0.0022464817225888996,0.0
lag1__peptide_log__LSNENHGIAQR,0.0022363645492504153,0.0
protein_npx__P01042,0.0022324847280067502,0.0
peptide_std__P06396,0.002230022171367855,0.0
lag1__peptide_mean__Q13451,0.0022266358998900945,0.0
lag1__protein_npx__P05155,0.002222916992566177,0.0
lag1__peptide_log__ANRPFLVFIR,0.0022116083926982354,0.0
rollmean2__protein_npx__Q92520,0.0022034519298287274,0.0
protein_npx__Q6UXB8,0.002200469659490642,0.0
peptide_mean__Q99829,0.002186224843783977,0.0
peptide_mean__P00746,0.00218158860860867,0.0
slope1__peptide_mean__Q96PD5,0.00217553309151871,0.0
delta1__peptide_mean__O14498,0.00216970645371734,0.0
protein_npx__Q96KN2,0.0021599677199612517,0.0
delta1__peptide_log__SGEATDGARPQALPEPMQESK,0.002140000883830289,0.0
slope1__protein_npx__P02649,0.002127268573664109,0.0
lag1__protein_npx__Q9UKV8,0.002126962646292231,0.0
rollmean2__protein_npx__P05060,0.00210810072368233,0.0
protein_npx__P10909,0.0021014468700659952,0.0
delta1__peptide_observation_count,0.002097331745285109,0.0
delta1__protein_npx__Q96BZ4,0.002094594924817556,0.0
slope1__peptide_mean__P01594,0.002091602869287056,0.0
peptide_mean__O00584,0.0020852035680385857,0.0
delta1__protein_npx__P11142,0.002065845764446671,0.0
rollmean2__peptide_mean__O00533,0.00206509107117475,0.0
delta1__protein_npx__O00391,0.0020540637463361284,0.0
delta1__peptide_std__P27169,0.002036277051990012,0.0
delta1__peptide_log__LDEVKEQVAEVR,0.002022665005632882,0.0
missing__peptide_std__P02652,0.0020224463542453824,0.0
lag1__protein_npx__Q99683,0.0020206331486815354,0.0
delta1__peptide_std__P00738,0.0020099935702103003,0.0
delta1__peptide_log__MASGAANVVGPK,0.0020091331661599428,0.0
missing__peptide_log__LGADMEDVC(UniMod_4)GR,0.002001074570655149,0.0
peptide_mean__P02452,0.0019933791920106877,0.0
slope1__peptide_mean__O14498,0.0019797017515693228,0.0
slope1__peptide_mean__P24592,0.001963971731256585,0.0
missing__peptide_count__O60888,0.0019534219837309434,0.0
missing__peptide_mean__O60888,0.0019534219837309434,0.0
missing__protein_npx__O60888,0.0019534219837309434,0.0
slope1__peptide_mean__O43505,0.0019442206886832155,0.0
rollmean2__peptide_count__P10643,0.001940572697882718,0.0
slope1__protein_npx__Q99832,0.0019194510945554156,0.0
slope1__peptide_count__P08294,0.0019161020262300158,0.0
lag1__peptide_std__Q96KN2,0.001897315813661893,0.0
lag1__peptide_std__P02753,0.0018925987672497998,0.0
lag1__peptide_mean__O14791,0.0018871017020698662,0.0
slope1__peptide_mean__P02753,0.0018812155292734214,0.0
slope1__protein_npx__P30086,0.001872774254031612,0.0
slope1__peptide_mean__P10451,0.001870132681234215,0.0
lag1__peptide_std__Q96PD5,0.0018639751701328804,0.0
peptide_std__Q12841,0.0018612037767947063,0.0
peptide_log__LIADLGSTSITNLGFR,0.0018543344648940662,0.0
lag1__peptide_mean__P02749,0.001853863074938239,0.0
lag1__peptide_mean__P49908,0.0018361911197716744,0.0
slope1__peptide_mean__O75144,0.0017971190102289308,0.0
rollmean2__peptide_mean__P07602,0.001783003737085964,0.0
rollmean2__peptide_std__P39060,0.0017808247256514687,0.0
lag1__protein_npx__P01608,0.0017778139533324183,0.0
rollmean2__protein_npx__P04216,0.001762700891449062,0.0
rollmean2__protein_npx__P06681,0.0017606100356189114,0.0
peptide_log__MYYSAVDPTKDIFTGLIGPM(UniMod_35)K,0.0017458872507796893,0.0
delta1__peptide_mean__P06396,0.0017399116829641898,0.0
rollmean2__protein_npx__P51884,0.0017377600976869545,0.0
peptide_mean__P01019,0.0017300646741794468,0.0
peptide_mean__P02792,0.0017286341308637614,0.0
lag1__peptide_mean__Q8NBJ4,0.0017220172492547854,0.0
missing__peptide_log__DLATVYVDVLK,0.0017054127864808571,0.0
delta1__current_medication_unknown,0.0016914755247468723,0.0
peptide_log__LSKELQAAQAR,0.0016911432602831232,0.0
delta1__peptide_std__Q92520,0.0016873024282462192,0.0
peptide_count__P06681,0.0016782181664351024,0.0
slope1__peptide_mean__P04207,0.0016676699576605096,0.0
peptide_count__P06396,0.0016590555644245724,0.0
delta1__peptide_mean__P02753,0.0016582962376737028,0.0
rollmean2__peptide_log__VQAAVGTSAAPVPSDNH,0.0016578219624528339,0.0
rollmean2__peptide_mean__Q16270,0.0016548634954252287,0.0
peptide_mean__P09486,0.0016518866457519775,0.0
lag1__peptide_mean__P07195,0.0016459232685677224,0.0
delta1__peptide_count__Q9UBX5,0.0016423487401187665,0.0
slope1__protein_npx__O60888,0.0016395851858878045,0.0
peptide_std__Q92520,0.0016376592611978692,0.0
peptide_mean__P00751,0.0015753797374773652,0.0
delta1__peptide_mean__P43251,0.001572248677310691,0.0
delta1__peptide_mean__Q9NQ79,0.001550935700736734,0.0
delta1__peptide_std__P04004,0.0015310993329013946,0.0
rollmean2__protein_npx__P02790,0.0015259453650535832,0.0
delta1__peptide_std__P02768,0.0015255188204580687,0.0
slope1__protein_npx__Q12907,0.001503836798815072,0.0
delta1__peptide_std__P05060,0.0014905468401181193,0.0
slope1__peptide_mean__Q16270,0.001478732505538439,0.0
protein_npx__P11142,0.0014609358511189648,0.0
lag1__peptide_mean__P10451,0.0014354878117889287,0.0
rollmean2__peptide_mean__P05156,0.0014304530208606124,0.0
lag1__protein_npx__P01031,0.0014280485017127073,0.0
slope1__peptide_mean__P14174,0.0014223100323616056,0.0
rollmean2__protein_npx__P02649,0.0014156818570505506,0.0
rollmean2__peptide_log__LRTEGDGVYTLNNEK,0.0013980938472364544,0.0
rollmean2__peptide_count__P05546,0.0013918456976242974,0.0
delta1__peptide_mean__P01780,0.0013783729913774108,0.0
delta1__peptide_log__C(UniMod_4)IIEVLSNALSK,0.0013502161694477276,0.0
rollmean2__protein_npx__Q6UXD5,0.0013428523980256928,0.0
delta1__peptide_std__P10909,0.0013348030759198458,0.0
rollmean2__protein_npx__Q6UXB8,0.0013312418566765096,0.0
slope1__peptide_log__TSPVDEKALQDQLVLVAAK,0.0013302948992605721,0.0
rollmean2__peptide_count__P04217,0.0013288077674678128,0.0
slope1__protein_npx__P04406,0.001323876982076969,0.0
protein_npx__P04004,0.0013027446378303478,0.0
lag1__peptide_mean__Q15904,0.001297274987281982,0.0
rollmean2__peptide_count__P10645,0.001297065892667513,0.0
delta1__protein_npx__P13987,0.001294814088918595,0.0
lag1__peptide_observation_count,0.0012909766024998186,0.0
slope1__peptide_std__P05156,0.0012866723883726353,0.0
slope1__peptide_std__P02751,0.0012827045276843523,0.0
missing__peptide_count__O14498,0.0012799421705486516,0.0
missing__peptide_mean__O14498,0.0012799421705486516,0.0
missing__protein_npx__O14498,0.0012799421705486516,0.0
rollmean2__protein_npx__P10909,0.0012629390652418174,0.0
slope1__peptide_log__IMNGEADAMSLDGGFVYIAGK,0.001255612216973023,0.0
delta1__peptide_std__P02765,0.001254353414311626,0.0
slope1__protein_npx__P61278,0.0012512547744366331,0.0
delta1__peptide_mean__P12109,0.0012482110427977288,0.0
rollmean2__peptide_abundance_mean,0.0012476926501195145,0.0
peptide_log__AVLPTGDVIGDSAK,0.0012465647942181992,0.0
delta1__peptide_log__C(UniMod_4)TSTGWIPAPR,0.0012442150538772255,0.0
slope1__protein_npx__P06310,0.0012380943954918378,0.0
lag1__peptide_count__Q16610,0.0012351180863707937,0.0
peptide_std__P00751,0.0012210672654577536,0.0
delta1__peptide_std__P12109,0.0012199957248845198,0.0
missing__peptide_log__LGPLVEQGR,0.001217860737655584,0.0
delta1__peptide_abundance_sum,0.0011979854926608456,0.0
peptide_mean__P36222,0.0011901884887354501,0.0
delta1__protein_npx__P19652,0.0011814274166670712,0.0
lag1__peptide_mean__P04207,0.0011747871387399536,0.0
peptide_mean__P01608,0.001173433651199817,0.0
delta1__protein_npx__P25311,0.0011657099454658402,0.0
peptide_mean__P10909,0.0011213974902159192,0.0
delta1__peptide_log__C(UniMod_4)C(UniMod_4)VEC(UniMod_4)PPC(UniMod_4)PAPPVAGPSVFLFPPKPK,0.0011183051596104282,0.0
lag1__peptide_mean__P80748,0.0011158410527327854,0.0
missing__peptide_log__IHWESASLLR,0.0011134909111387235,0.0
rollmean2__peptide_mean__P13591,0.001068694004260622,0.0
slope1__peptide_mean__P01861,0.0010446126896059827,0.0
slope1__peptide_log__TTPPVLDSDGSFFLYSR,0.0010446126896059827,0.0
rollmean2__peptide_mean__Q9Y646,0.0010156669922522757,0.0
delta1__protein_npx__P08571,0.001008788775272029,0.0
slope1__peptide_log__C(UniMod_4)C(UniMod_4)VEC(UniMod_4)PPC(UniMod_4)PAPPVAGPSVFLFPPKPK,0.0010034826896726894,0.0
lag1__protein_npx__P23142,0.0010022559213394584,0.0
rollmean2__protein_npx__Q12907,0.0009957012746333186,0.0
slope1__peptide_log__LAVYQAGAR,0.0009856173198188568,0.0
missing__protein_npx__P13473,0.0009817981177541054,0.0
missing__peptide_count__P13473,0.0009817981177541054,0.0
missing__peptide_mean__P13473,0.0009817981177541054,0.0
peptide_mean__Q99435,0.0009529827895298712,0.0
protein_npx__P05156,0.0009525879670516406,0.0
lag1__peptide_mean__P00751,0.0009493407900838564,0.0
peptide_abundance_mean,0.0009333768755230203,0.0
rollmean2__protein_npx__P04004,0.0009322585005283274,0.0
slope1__protein_npx__P00746,0.0009320860611040987,0.0
missing__peptide_log__VLLDQLR,0.0009319057531265515,0.0
missing__peptide_mean__Q9HDC9,0.0009319057531265515,0.0
missing__peptide_count__Q9HDC9,0.0009319057531265515,0.0
missing__protein_npx__Q9HDC9,0.0009319057531265515,0.0
lag1__peptide_mean__P08603,0.0009303977092969982,0.0
missing__protein_npx__P39060,0.0009240997202758351,0.0
missing__peptide_count__P39060,0.0009240997202758351,0.0
missing__peptide_mean__P39060,0.0009240997202758351,0.0
delta1__peptide_std__P13987,0.0009143440214436829,0.0
delta1__peptide_mean__Q92520,0.000914000946968508,0.0
delta1__peptide_mean__P19827,0.0009127759471399369,0.0
delta1__protein_npx__P20774,0.0009030504971388248,0.0
lag1__protein_npx__Q9UHG2,0.0008873664534241156,0.0
lag1__peptide_mean__Q92876,0.0008861591299251055,0.0
lag1__peptide_log__C(UniMod_4)KPVNTFVHEPLVDVQNVC(UniMod_4)FQEK,0.0008861372477457791,0.0
rollmean2__protein_npx__P05408,0.0008786911336023965,0.0
peptide_count__P04433,0.0008693227559475415,0.0
rollmean2__peptide_mean__P02763,0.0008601079159921371,0.0
delta1__protein_npx__P04217,0.0008597084443557178,0.0
rollmean2__peptide_std__P13987,0.0008507055014512068,0.0
peptide_mean__Q92876,0.0008479871389387612,0.0
rollmean2__protein_npx__P00450,0.0008438605039983188,0.0
delta1__peptide_count__P07711,0.0008414226221360559,0.0
delta1__peptide_log__LEGQEEEEDNRDSSMK,0.0008342973154656975,0.0
delta1__peptide_mean__P49908,0.0008260196385240573,0.0
rollmean2__protein_npx__P19652,0.0008132494364301465,0.0
lag1__peptide_std__P02649,0.0007849596806289781,0.0
protein_npx__P01594,0.0007765621395457744,0.0
slope1__peptide_mean__P04216,0.00077222932180032,0.0
lag1__peptide_mean__Q16270,0.0007575860681996224,0.0
peptide_log__LC(UniMod_4)MGSGLNLC(UniMod_4)EPNNKEGYYGYTGAFR,0.0007516095579985027,0.0
lag1__protein_npx__Q96PD5,0.0007355699287677022,0.0
peptide_std__P19652,0.0007296403556054758,0.0
peptide_mean__P08603,0.000706427263729392,0.0
delta1__peptide_count__P04180,0.0006975572072855827,0.0
rollmean2__peptide_log__LQAEAFQAR,0.0006830378715195675,0.0
delta1__peptide_log__GYQLSDVDGVTC(UniMod_4)EDIDEC(UniMod_4)ALPTGGHIC(UniMod_4)SYR,0.0006822866569736292,0.0
lag1__peptide_count__P14314,0.0006821372282667009,0.0
lag1__peptide_count__Q12805,0.0006693249302828518,0.0
slope1__peptide_count__P02790,0.0006683718300797043,0.0
delta1__peptide_count__Q08380,0.0006593978769957362,0.0
delta1__peptide_mean__Q7Z5P9,0.0006573752951934239,0.0
delta1__peptide_mean__P00751,0.0006372150187048163,0.0
lag1__protein_npx__Q96KN2,0.0006308792928568941,0.0
delta1__peptide_mean__P07339,0.0006305091885519852,0.0
delta1__peptide_log__C(UniMod_4)VDVDEC(UniMod_4)APPAEPC(UniMod_4)GK,0.000628204061747779,0.0
slope1__peptide_mean__P30086,0.0006275943595813506,0.0
delta1__peptide_count__P16035,0.0006267772771642925,0.0
lag1__peptide_count__Q13740,0.0006199330640299277,0.0
slope1__peptide_log__M(UniMod_35)ASGAANVVGPK,0.0006005460364898537,0.0
rollmean2__protein_npx__Q16610,0.0005944473338184682,0.0
slope1__peptide_log__SLAELGGHLDQQVEEFRR,0.000581918219323876,0.0
rollmean2__peptide_mean__P01023,0.0005800597112657823,0.0
lag1__protein_npx__P07195,0.0005771060025661244,0.0
missing__peptide_count__Q96S96,0.0005690155103495523,0.0
missing__peptide_mean__Q96S96,0.0005690155103495523,0.0
missing__protein_npx__Q96S96,0.0005690155103495523,0.0
delta1__peptide_std__P08697,0.0005618474664466741,0.0
protein_npx__P07339,0.0004973081395758796,0.0
slope1__protein_npx__P02679,0.0004914840910015161,0.0
missing__peptide_std__P01877,0.0004911589604524769,0.0
lag1__peptide_log__TTPPVLDSDGSFFLYSK,0.0004774593278883782,0.0
delta1__peptide_mean__P13473,0.00045504918349361864,0.0
peptide_std__Q12805,0.00044968833523351907,0.0
delta1__peptide_log__IMNGEADAMSLDGGFVYIAGK,0.00044914179130967416,0.0
rollmean2__protein_npx__Q99832,0.0004417976373423231,0.0
slope1__peptide_std__P01860,0.00043851997678175103,0.0
delta1__peptide_mean__P04207,0.00042588291017937614,0.0
lag1__protein_npx__P00747,0.00041558450338046013,0.0
missing__peptide_std__P02750,0.0004084011016359301,0.0
delta1__peptide_std__P05067,0.00038531452651747924,0.0
slope1__peptide_log__SPVGVQPILNEHTFC(UniMod_4)AGMSK,0.0003832499779861439,0.0
slope1__protein_npx__Q92520,0.0003788605032385398,0.0
peptide_log__MASGAANVVGPK,0.0003783796855702003,0.0
delta1__protein_npx__P30086,0.00037238574504412387,0.0
peptide_log__AYQGVAAPFPK,0.00035185428501039893,0.0
delta1__peptide_std__P02774,0.0003364172927586048,0.0
slope1__peptide_count__P07602,0.000333902145098928,0.0
delta1__protein_npx__O00533,0.0003085549970743024,0.0
rollmean2__peptide_mean__O75144,0.0002920696317527723,0.0
protein_npx__Q12907,0.00027746443708718356,0.0
missing__peptide_mean__Q12907,0.00026132204287501493,0.0
missing__protein_npx__Q12907,0.00026132204287501493,0.0
missing__peptide_count__Q12907,0.00026132204287501493,0.0
slope1__protein_npx__P01876,0.0002612649451689386,0.0
delta1__peptide_mean__Q14118,0.00026110094880600187,0.0
lag1__peptide_count__P25311,0.0002487413424504463,0.0
slope1__peptide_mean__P05090,0.00024241507189856864,0.0
missing__peptide_std__P06681,0.00024220863156652894,0.0
lag1__peptide_log__QQETAAAETETR,0.00022893031005129325,0.0
peptide_log__HYDGSYSTFGER,0.00022862906155199988,0.0
slope1__peptide_log__SSQGGSLPSEEK,0.00021794141763415283,0.0
slope1__peptide_mean__P04275,0.00021152217011738558,0.0
peptide_count__P14618,0.00020639159230162658,0.0
rollmean2__peptide_mean__P00751,0.00019856375744331045,0.0
peptide_log__SGEATDGARPQALPEPMQESK,0.00019294356570242208,0.0
lag1__peptide_log__NFPPSQDASGDLYTTSSQLTLPATQC(UniMod_4)PDGK,0.00016435828539081458,0.0
slope1__protein_npx__P49588,0.00014798871752909597,0.0
lag1__peptide_std__P00751,0.0001400574697525787,0.0
delta1__peptide_mean__P06727,0.00013062562735267338,0.0
peptide_log__TTPPVLDSDGSFFLYSK,0.00011079433476799544,0.0
lag1__protein_npx__O43505,0.00010819868005110256,0.0
delta1__peptide_count__P04196,0.00010307799519471085,0.0
lag1__peptide_mean__P02649,8.51063837040136e-05,0.0
missing__peptide_std__Q16610,8.472862020901062e-05,0.0
peptide_count__P00450,7.621036624748628e-05,0.0
lag1__peptide_std__P05090,6.295787509707313e-05,0.0
delta1__peptide_mean__Q14508,3.910803977393452e-05,0.0
slope1__peptide_mean__Q9UBX5,2.9127580744737775e-05,0.0
missing__protein_npx__P00441,7.382754072630406e-06,0.0
missing__peptide_count__P00441,7.382754072630406e-06,0.0
missing__peptide_mean__P00441,7.382754072630406e-06,0.0
rollmean2__protein_npx__O94919,5.750642343496052e-06,0.0
missing__peptide_std__P13987,0.0,0.0
missing__peptide_std__P18065,0.0,0.0
missing__peptide_std__P23142,0.0,0.0
missing__peptide_std__P24592,0.0,0.0
missing__peptide_std__P25311,0.0,0.0
missing__peptide_std__P36222,0.0,0.0
missing__peptide_std__P36955,0.0,0.0
missing__peptide_std__P08571,0.0,0.0
missing__peptide_std__P08603,0.0,0.0
missing__peptide_std__P08697,0.0,0.0
missing__peptide_std__P09486,0.0,0.0
missing__peptide_std__P09871,0.0,0.0
delta1__peptide_count__P61278,0.0,0.0
missing__peptide_std__P10909,0.0,0.0
delta1__peptide_count__P04275,0.0,0.0
missing__peptide_count__O15240,0.0,0.0
missing__peptide_count__O43505,0.0,0.0
missing__peptide_count__O75144,0.0,0.0
missing__peptide_count__P00450,0.0,0.0
delta1__peptide_count__P13671,0.0,0.0
delta1__peptide_count__P14174,0.0,0.0
delta1__peptide_count__P16152,0.0,0.0
delta1__peptide_count__P17936,0.0,0.0
delta1__peptide_count__P19021,0.0,0.0
delta1__peptide_count__P19827,0.0,0.0
slope1__peptide_count__P01780,0.0,0.0
missing__peptide_std__P10645,0.0,0.0
delta1__peptide_count__P08133,0.0,0.0
delta1__peptide_count__P08253,0.0,0.0
delta1__peptide_count__P08637,0.0,0.0
slope1__peptide_count__P01861,0.0,0.0
missing__peptide_std__P07998,0.0,0.0
missing__peptide_std__P08294,0.0,0.0
delta1__peptide_count__P04406,0.0,0.0
delta1__peptide_count__P05408,0.0,0.0
delta1__peptide_count__P06310,0.0,0.0
delta1__peptide_count__P06454,0.0,0.0
delta1__peptide_count__P07195,0.0,0.0
missing__peptide_std__P05155,0.0,0.0
missing__peptide_std__P05452,0.0,0.0
missing__peptide_std__Q12805,0.0,0.0
missing__peptide_std__P06727,0.0,0.0
missing__peptide_std__P07225,0.0,0.0
missing__peptide_std__P07339,0.0,0.0
missing__peptide_std__P07602,0.0,0.0
missing__peptide_std__Q14515,0.0,0.0
missing__peptide_std__Q16270,0.0,0.0
missing__peptide_std__Q92520,0.0,0.0
missing__peptide_std__Q96KN2,0.0,0.0
missing__peptide_std__Q9UHG2,0.0,0.0
missing__peptide_count__O00533,0.0,0.0
missing__peptide_std__P41222,0.0,0.0
missing__peptide_std__P43652,0.0,0.0
missing__peptide_std__P51884,0.0,0.0
missing__peptide_std__Q08380,0.0,0.0
missing__peptide_std__P06396,0.0,0.0
missing__peptide_count__P02649,0.0,0.0
missing__peptide_count__P01019,0.0,0.0
missing__peptide_count__P01023,0.0,0.0
missing__peptide_count__P01024,0.0,0.0
missing__peptide_count__P01034,0.0,0.0
missing__peptide_count__P01042,0.0,0.0
missing__peptide_count__P01344,0.0,0.0
missing__peptide_count__P01621,0.0,0.0
missing__peptide_count__P00734,0.0,0.0
missing__peptide_count__P00738,0.0,0.0
missing__peptide_count__P00747,0.0,0.0
missing__peptide_count__P00748,0.0,0.0
missing__peptide_count__P00751,0.0,0.0
slope1__peptide_count__P01833,0.0,0.0
missing__peptide_count__P01009,0.0,0.0
missing__peptide_count__P01011,0.0,0.0
delta1__peptide_count__Q02818,0.0,0.0
slope1__peptide_count__O00391,0.0,0.0
slope1__peptide_count__O14498,0.0,0.0
slope1__peptide_count__O14791,0.0,0.0
slope1__peptide_count__O43505,0.0,0.0
slope1__peptide_count__O60888,0.0,0.0
slope1__peptide_count__O75326,0.0,0.0
delta1__peptide_count__P43251,0.0,0.0
delta1__peptide_count__P49588,0.0,0.0
delta1__peptide_count__P49908,0.0,0.0
delta1__peptide_count__P60174,0.0,0.0
missing__peptide_count__P01008,0.0,0.0
delta1__peptide_count__P09104,0.0,0.0
delta1__peptide_count__P10451,0.0,0.0
delta1__peptide_count__P11142,0.0,0.0
delta1__peptide_count__P11277,0.0,0.0
delta1__peptide_count__P13473,0.0,0.0
delta1__peptide_count__P13521,0.0,0.0
slope1__peptide_count__P01033,0.0,0.0
slope1__peptide_count__P01344,0.0,0.0
slope1__peptide_count__P01591,0.0,0.0
slope1__peptide_count__P01594,0.0,0.0
slope1__peptide_count__P01608,0.0,0.0
slope1__peptide_count__P01621,0.0,0.0
slope1__peptide_count__P01717,0.0,0.0
missing__peptide_count__P02647,0.0,0.0
missing__peptide_count__P02656,0.0,0.0
missing__peptide_count__P02671,0.0,0.0
missing__peptide_count__P02675,0.0,0.0
missing__peptide_count__P02679,0.0,0.0
missing__peptide_count__P02747,0.0,0.0
missing__peptide_count__P02748,0.0,0.0
missing__peptide_count__P02749,0.0,0.0
missing__peptide_count__P01717,0.0,0.0
missing__peptide_count__P01834,0.0,0.0
missing__peptide_count__P01857,0.0,0.0
missing__peptide_count__P01859,0.0,0.0
missing__peptide_count__P01860,0.0,0.0
missing__peptide_count__P01876,0.0,0.0
missing__peptide_count__P02652,0.0,0.0
lag1__peptide_count__Q7Z3B1,0.0,0.0
lag1__peptide_count__Q7Z5P9,0.0,0.0
lag1__peptide_count__Q8IWV7,0.0,0.0
rollmean2__peptide_count__P60174,0.0,0.0
peptide_count__O75326,0.0,0.0
missing__peptide_mean__Q08380,0.0,0.0
missing__peptide_mean__Q12805,0.0,0.0
missing__peptide_std__P00738,0.0,0.0
missing__peptide_std__P00747,0.0,0.0
missing__peptide_std__P00751,0.0,0.0
missing__peptide_std__P01008,0.0,0.0
missing__peptide_std__P01009,0.0,0.0
missing__peptide_std__P01011,0.0,0.0
delta1__peptide_count__P08123,0.0,0.0
missing__peptide_std__O00533,0.0,0.0
missing__peptide_std__P00450,0.0,0.0
missing__peptide_std__P00734,0.0,0.0
missing__peptide_mean__Q96KN2,0.0,0.0
missing__peptide_mean__Q96PD5,0.0,0.0
missing__peptide_mean__Q9UHG2,0.0,0.0
delta1__peptide_count__P02655,0.0,0.0
delta1__peptide_count__P02792,0.0,0.0
delta1__peptide_count__P04156,0.0,0.0
delta1__peptide_count__P04207,0.0,0.0
delta1__peptide_count__P04211,0.0,0.0
missing__peptide_std__P04004,0.0,0.0
missing__peptide_std__P04180,0.0,0.0
missing__peptide_std__P01019,0.0,0.0
peptide_count__O60888,0.0,0.0
rollmean2__peptide_count__P23083,0.0,0.0
rollmean2__peptide_count__P31997,0.0,0.0
rollmean2__peptide_count__P32754,0.0,0.0
rollmean2__peptide_count__P35542,0.0,0.0
lag1__peptide_count__Q99969,0.0,0.0
lag1__peptide_count__Q9BY67,0.0,0.0
lag1__peptide_count__Q9HDC9,0.0,0.0
lag1__peptide_count__Q9NYU2,0.0,0.0
lag1__peptide_count__Q9UBR2,0.0,0.0
lag1__peptide_count__Q9UKV8,0.0,0.0
lag1__peptide_count__Q9UNU6,0.0,0.0
lag1__peptide_count__Q9Y646,0.0,0.0
rollmean2__peptide_count__Q6UX71,0.0,0.0
rollmean2__peptide_count__Q7Z3B1,0.0,0.0
rollmean2__peptide_count__Q7Z5P9,0.0,0.0
rollmean2__peptide_count__Q8IWV7,0.0,0.0
lag1__peptide_count__Q99683,0.0,0.0
lag1__peptide_count__Q99829,0.0,0.0
lag1__peptide_count__Q99832,0.0,0.0
rollmean2__peptide_count__Q13283,0.0,0.0
rollmean2__peptide_count__Q13332,0.0,0.0
rollmean2__peptide_count__Q13449,0.0,0.0
rollmean2__peptide_count__Q13451,0.0,0.0
rollmean2__peptide_count__Q14508,0.0,0.0
rollmean2__peptide_count__Q15904,0.0,0.0
rollmean2__peptide_count__Q562R1,0.0,0.0
rollmean2__peptide_count__Q6UXD5,0.0,0.0
lag1__peptide_count__Q15904,0.0,0.0
lag1__peptide_count__Q562R1,0.0,0.0
lag1__peptide_count__Q6UX71,0.0,0.0
lag1__peptide_count__Q6UXD5,0.0,0.0
lag1__peptide_count__Q13283,0.0,0.0
lag1__peptide_count__Q13332,0.0,0.0
lag1__peptide_count__Q13449,0.0,0.0
rollmean2__peptide_count__P36980,0.0,0.0
rollmean2__peptide_count__P40925,0.0,0.0
rollmean2__peptide_count__P43251,0.0,0.0
rollmean2__peptide_count__P49588,0.0,0.0
rollmean2__peptide_count__P49908,0.0,0.0
rollmean2__peptide_count__P17936,0.0,0.0
missing__peptide_std__P04196,0.0,0.0
rollmean2__peptide_count__P19827,0.0,0.0
rollmean2__peptide_count__P20933,0.0,0.0
missing__peptide_std__P01834,0.0,0.0
missing__peptide_std__P01876,0.0,0.0
missing__peptide_std__P02647,0.0,0.0
slope1__peptide_count__P02655,0.0,0.0
slope1__peptide_count__P02792,0.0,0.0
slope1__peptide_count__P04156,0.0,0.0
slope1__peptide_count__P04207,0.0,0.0
slope1__peptide_count__P04211,0.0,0.0
slope1__peptide_count__P04216,0.0,0.0
delta1__peptide_count__P07333,0.0,0.0
delta1__peptide_count__P07858,0.0,0.0
rollmean2__peptide_count__P19021,0.0,0.0
missing__peptide_std__P04217,0.0,0.0
missing__peptide_std__P04433,0.0,0.0
missing__peptide_std__P05060,0.0,0.0
missing__peptide_std__P05067,0.0,0.0
missing__peptide_std__P05090,0.0,0.0
missing__peptide_std__P02753,0.0,0.0
missing__peptide_std__P02760,0.0,0.0
missing__peptide_std__P02765,0.0,0.0
missing__peptide_std__P02766,0.0,0.0
missing__peptide_std__P02768,0.0,0.0
missing__peptide_std__P02774,0.0,0.0
missing__peptide_std__P02787,0.0,0.0
missing__peptide_std__P02790,0.0,0.0
lag1__peptide_count__Q14508,0.0,0.0
missing__peptide_std__P02671,0.0,0.0
missing__peptide_std__P02675,0.0,0.0
missing__peptide_std__P02679,0.0,0.0
missing__peptide_std__P02749,0.0,0.0
missing__peptide_std__P02751,0.0,0.0
missing__peptide_std__P01023,0.0,0.0
missing__peptide_std__P01024,0.0,0.0
missing__peptide_std__P01034,0.0,0.0
missing__peptide_std__P01042,0.0,0.0
rollmean2__peptide_count__P11142,0.0,0.0
rollmean2__peptide_count__P11277,0.0,0.0
rollmean2__peptide_count__P13473,0.0,0.0
lag1__peptide_count__Q13451,0.0,0.0
missing__peptide_std__P02649,0.0,0.0
rollmean2__peptide_count__P04211,0.0,0.0
rollmean2__peptide_count__P04216,0.0,0.0
missing__peptide_count__P36222,0.0,0.0
missing__peptide_count__P36955,0.0,0.0
missing__peptide_count__P41222,0.0,0.0
delta1__peptide_count__Q99832,0.0,0.0
delta1__peptide_count__Q99969,0.0,0.0
delta1__peptide_count__Q9BY67,0.0,0.0
delta1__peptide_count__Q96S96,0.0,0.0
delta1__peptide_count__Q99435,0.0,0.0
delta1__peptide_count__Q99674,0.0,0.0
delta1__peptide_count__Q99683,0.0,0.0
delta1__peptide_count__Q99829,0.0,0.0
delta1__peptide_count__P61626,0.0,0.0
missing__peptide_count__Q14515,0.0,0.0
rollmean2__peptide_count__O43505,0.0,0.0
rollmean2__peptide_count__O60888,0.0,0.0
rollmean2__peptide_count__O75326,0.0,0.0
lag1__peptide_count__P07858,0.0,0.0
lag1__peptide_count__P08123,0.0,0.0
lag1__peptide_count__P08133,0.0,0.0
missing__peptide_log__AYKSELEEQLTPVAEETR,0.0,0.0
missing__peptide_log__AYQGVAAPFPK,0.0,0.0
missing__peptide_log__DASGVTFTWTPSSGK,0.0,0.0
missing__peptide_log__ADDKETC(UniMod_4)FAEEGK,0.0,0.0
missing__peptide_log__AKLEEQAQQIR,0.0,0.0
lag1__peptide_count__P01717,0.0,0.0
missing__peptide_count__Q12805,0.0,0.0
missing__peptide_count__P20774,0.0,0.0
missing__peptide_count__P23142,0.0,0.0
missing__peptide_count__P24592,0.0,0.0
missing__peptide_count__P25311,0.0,0.0
rollmean2__peptide_count__P01861,0.0,0.0
lag1__peptide_count__P11142,0.0,0.0
lag1__peptide_count__P11277,0.0,0.0
lag1__peptide_count__P13473,0.0,0.0
lag1__peptide_count__P13521,0.0,0.0
lag1__peptide_count__P13671,0.0,0.0
lag1__peptide_count__P14174,0.0,0.0
lag1__peptide_count__P16152,0.0,0.0
rollmean2__peptide_count__P08253,0.0,0.0
rollmean2__peptide_count__P04207,0.0,0.0
lag1__peptide_count__P61278,0.0,0.0
lag1__peptide_count__P61626,0.0,0.0
lag1__peptide_count__P80748,0.0,0.0
lag1__peptide_count__Q02818,0.0,0.0
lag1__peptide_count__P10451,0.0,0.0
rollmean2__peptide_count__P06310,0.0,0.0
rollmean2__peptide_count__P06454,0.0,0.0
rollmean2__peptide_count__P07195,0.0,0.0
rollmean2__peptide_count__P07333,0.0,0.0
rollmean2__peptide_count__P07858,0.0,0.0
rollmean2__peptide_count__P08123,0.0,0.0
rollmean2__peptide_count__P08133,0.0,0.0
rollmean2__peptide_count__P04156,0.0,0.0
lag1__peptide_count__P60174,0.0,0.0
lag1__peptide_count__P06310,0.0,0.0
lag1__peptide_count__P06454,0.0,0.0
lag1__peptide_count__P07195,0.0,0.0
lag1__peptide_count__P01833,0.0,0.0
rollmean2__peptide_count__P02655,0.0,0.0
rollmean2__peptide_count__P02792,0.0,0.0
lag1__peptide_count__P17936,0.0,0.0
lag1__peptide_count__P19021,0.0,0.0
lag1__peptide_count__P19827,0.0,0.0
lag1__peptide_count__P20933,0.0,0.0
lag1__peptide_count__P01591,0.0,0.0
lag1__peptide_count__P01594,0.0,0.0
missing__peptide_count__Q14624,0.0,0.0
lag1__peptide_count__P01780,0.0,0.0
missing__peptide_count__Q16610,0.0,0.0
missing__peptide_count__Q9UHG2,0.0,0.0
missing__peptide_count__Q7Z3B1,0.0,0.0
missing__peptide_count__Q7Z5P9,0.0,0.0
missing__peptide_count__Q92520,0.0,0.0
missing__peptide_count__Q92823,0.0,0.0
missing__peptide_count__Q92876,0.0,0.0
missing__peptide_count__Q96KN2,0.0,0.0
missing__peptide_count__Q96PD5,0.0,0.0
delta1__visit_index,0.0,0.0
lag1__peptide_count__P04216,0.0,0.0
lag1__peptide_count__P04275,0.0,0.0
lag1__peptide_count__P04406,0.0,0.0
missing__peptide_count__Q16270,0.0,0.0
lag1__peptide_count__P04207,0.0,0.0
lag1__peptide_count__P01861,0.0,0.0
lag1__peptide_count__P02655,0.0,0.0
lag1__peptide_count__O00391,0.0,0.0
rollmean2__peptide_count__O00391,0.0,0.0
rollmean2__peptide_count__O14498,0.0,0.0
rollmean2__peptide_count__O14791,0.0,0.0
lag1__peptide_count__P01608,0.0,0.0
lag1__peptide_count__P01621,0.0,0.0
lag1__peptide_count__O75326,0.0,0.0
missing__peptide_log__QWAGLVEK,0.0,0.0
slope1__months_since_baseline,0.0,0.0
rollmean2__peptide_count__Q96BZ4,0.0,0.0
lag1__peptide_count__P05408,0.0,0.0
rollmean2__peptide_count__Q99435,0.0,0.0
rollmean2__peptide_count__Q99674,0.0,0.0
missing__protein_npx__O00533,0.0,0.0
missing__protein_npx__P01717,0.0,0.0
missing__protein_npx__P01834,0.0,0.0
missing__protein_npx__P01857,0.0,0.0
missing__protein_npx__P01859,0.0,0.0
missing__protein_npx__P01860,0.0,0.0
missing__protein_npx__P01876,0.0,0.0
missing__has_previous_visit,0.0,0.0
lag1__peptide_count__P08253,0.0,0.0
lag1__peptide_count__P08637,0.0,0.0
lag1__peptide_count__P23083,0.0,0.0
rollmean2__peptide_count__Q96S96,0.0,0.0
missing__peptide_count__P08493,0.0,0.0
missing__peptide_count__P08571,0.0,0.0
missing__peptide_count__P08603,0.0,0.0
missing__peptide_count__P08697,0.0,0.0
missing__peptide_count__P05156,0.0,0.0
missing__peptide_count__P05452,0.0,0.0
missing__peptide_count__P06396,0.0,0.0
missing__peptide_count__P06727,0.0,0.0
missing__peptide_count__P07225,0.0,0.0
missing__peptide_count__P07339,0.0,0.0
missing__peptide_count__P07602,0.0,0.0
slope1__peptide_count__P01031,0.0,0.0
missing__peptide_count__P04433,0.0,0.0
delta1__peptide_count__Q9UKV8,0.0,0.0
rollmean2__peptide_count__P04406,0.0,0.0
rollmean2__peptide_count__P05408,0.0,0.0
lag1__peptide_count__P31997,0.0,0.0
lag1__peptide_count__P32754,0.0,0.0
lag1__peptide_count__P35542,0.0,0.0
lag1__peptide_count__P36980,0.0,0.0
lag1__peptide_count__P40925,0.0,0.0
lag1__peptide_count__P43251,0.0,0.0
lag1__peptide_count__P49588,0.0,0.0
lag1__peptide_count__P49908,0.0,0.0
lag1__peptide_count__Q8NBJ4,0.0,0.0
lag1__peptide_count__Q8NE71,0.0,0.0
lag1__peptide_count__Q96BZ4,0.0,0.0
rollmean2__peptide_count__P04275,0.0,0.0
missing__peptide_missing_fraction,0.0,0.0
delta1__peptide_count__P80748,0.0,0.0
missing__peptide_count__P02774,0.0,0.0
missing__peptide_count__P02787,0.0,0.0
missing__peptide_count__P02790,0.0,0.0
missing__peptide_count__P04004,0.0,0.0
missing__peptide_count__P04156,0.0,0.0
missing__peptide_count__P04180,0.0,0.0
missing__peptide_count__P04196,0.0,0.0
missing__peptide_count__P04217,0.0,0.0
missing__peptide_count__P02750,0.0,0.0
missing__peptide_count__P02751,0.0,0.0
missing__peptide_count__P02753,0.0,0.0
missing__peptide_count__P08294,0.0,0.0
missing__peptide_count__P02763,0.0,0.0
missing__peptide_count__P02765,0.0,0.0
missing__peptide_count__P02766,0.0,0.0
missing__peptide_count__P02768,0.0,0.0
missing__peptide_count__P09486,0.0,0.0
missing__peptide_count__P09871,0.0,0.0
missing__peptide_count__P10451,0.0,0.0
missing__peptide_count__P10643,0.0,0.0
missing__peptide_count__P10645,0.0,0.0
missing__peptide_count__P10909,0.0,0.0
missing__peptide_count__P12109,0.0,0.0
missing__peptide_count__P07858,0.0,0.0
missing__peptide_count__P07998,0.0,0.0
missing__peptide_count__P02760,0.0,0.0
delta1__peptide_count__Q6UXD5,0.0,0.0
delta1__peptide_count__Q7Z3B1,0.0,0.0
delta1__peptide_count__Q7Z5P9,0.0,0.0
delta1__peptide_count__Q8IWV7,0.0,0.0
delta1__peptide_count__Q8N2S1,0.0,0.0
delta1__peptide_count__Q8NBJ4,0.0,0.0
delta1__peptide_count__Q8NE71,0.0,0.0
missing__peptide_count__P13521,0.0,0.0
missing__peptide_count__P13987,0.0,0.0
delta1__peptide_count__Q562R1,0.0,0.0
delta1__peptide_count__Q13451,0.0,0.0
delta1__peptide_count__Q14508,0.0,0.0
delta1__peptide_count__Q15904,0.0,0.0
lag1__peptide_count__Q96S96,0.0,0.0
missing__peptide_count__P61769,0.0,0.0
missing__peptide_count__P61916,0.0,0.0
missing__peptide_count__P80748,0.0,0.0
missing__peptide_count__Q08380,0.0,0.0
delta1__peptide_count__Q9UNU6,0.0,0.0
delta1__peptide_count__Q9Y646,0.0,0.0
delta1__peptide_count__Q13283,0.0,0.0
delta1__peptide_count__Q13332,0.0,0.0
delta1__peptide_count__Q13449,0.0,0.0
missing__peptide_count__P43652,0.0,0.0
delta1__peptide_count__Q9HDC9,0.0,0.0
delta1__peptide_count__Q9NYU2,0.0,0.0
delta1__peptide_count__Q9UBR2,0.0,0.0
missing__peptide_count__P51884,0.0,0.0
lag1__peptide_count__Q99435,0.0,0.0
lag1__peptide_count__Q99674,0.0,0.0
rollmean2__peptide_count__P13521,0.0,0.0
rollmean2__peptide_count__P13671,0.0,0.0
rollmean2__peptide_count__P14174,0.0,0.0
rollmean2__peptide_count__P16152,0.0,0.0
lag1__peptide_count__Q8N2S1,0.0,0.0
rollmean2__peptide_count__P08637,0.0,0.0
rollmean2__peptide_count__P09104,0.0,0.0
rollmean2__peptide_count__P10451,0.0,0.0
missing__peptide_count__P05060,0.0,0.0
missing__peptide_count__P05067,0.0,0.0
missing__peptide_count__P05090,0.0,0.0
delta1__peptide_count__Q6UX71,0.0,0.0
delta1__peptide_count__P36980,0.0,0.0
delta1__peptide_count__P40925,0.0,0.0
missing__peptide_count__P16035,0.0,0.0
missing__peptide_count__P16070,0.0,0.0
missing__peptide_count__P16870,0.0,0.0
missing__peptide_count__P18065,0.0,0.0
missing__peptide_count__P19652,0.0,0.0
missing__peptide_count__P19823,0.0,0.0
delta1__peptide_count__Q96BZ4,0.0,0.0
delta1__peptide_count__P20933,0.0,0.0
delta1__peptide_count__P23083,0.0,0.0
delta1__peptide_count__P31997,0.0,0.0
delta1__peptide_count__P32754,0.0,0.0
delta1__peptide_count__P35542,0.0,0.0
missing__peptide_count__P05155,0.0,0.0
peptide_count__Q99832,0.0,0.0
peptide_count__Q562R1,0.0,0.0
peptide_count__Q6UX71,0.0,0.0
peptide_count__Q6UXD5,0.0,0.0
peptide_count__Q7Z3B1,0.0,0.0
peptide_count__Q7Z5P9,0.0,0.0
peptide_count__Q8IWV7,0.0,0.0
peptide_count__Q8N2S1,0.0,0.0
peptide_count__Q8NBJ4,0.0,0.0
missing__protein_npx__P09871,0.0,0.0
missing__protein_npx__P10451,0.0,0.0
missing__protein_npx__P10643,0.0,0.0
missing__protein_npx__P10645,0.0,0.0
peptide_count__O43505,0.0,0.0
peptide_count__Q13451,0.0,0.0
peptide_count__Q14508,0.0,0.0
peptide_count__Q15904,0.0,0.0
missing__protein_npx__P07998,0.0,0.0
missing__protein_npx__P08294,0.0,0.0
missing__protein_npx__P08493,0.0,0.0
missing__protein_npx__P08571,0.0,0.0
missing__protein_npx__P08603,0.0,0.0
missing__protein_npx__P08697,0.0,0.0
missing__protein_npx__P09486,0.0,0.0
missing__protein_npx__P80748,0.0,0.0
missing__protein_npx__Q08380,0.0,0.0
missing__protein_npx__Q12805,0.0,0.0
missing__protein_npx__P10909,0.0,0.0
rollmean2__peptide_count__P61626,0.0,0.0
rollmean2__peptide_count__P80748,0.0,0.0
rollmean2__peptide_count__Q02818,0.0,0.0
rollmean2__peptide_count__Q9UKV8,0.0,0.0
rollmean2__peptide_count__Q9UNU6,0.0,0.0
rollmean2__peptide_count__Q9Y646,0.0,0.0
rollmean2__peptide_count__Q99683,0.0,0.0
rollmean2__peptide_count__Q99829,0.0,0.0
rollmean2__peptide_count__Q99832,0.0,0.0
rollmean2__peptide_count__Q99969,0.0,0.0
rollmean2__peptide_count__Q9BY67,0.0,0.0
rollmean2__peptide_count__Q9HDC9,0.0,0.0
rollmean2__peptide_count__Q9NYU2,0.0,0.0
peptide_count__Q99829,0.0,0.0
rollmean2__peptide_count__Q8N2S1,0.0,0.0
rollmean2__peptide_count__Q8NBJ4,0.0,0.0
rollmean2__peptide_count__Q8NE71,0.0,0.0
missing__protein_npx__P05090,0.0,0.0
missing__protein_npx__P05155,0.0,0.0
missing__protein_npx__P05156,0.0,0.0
missing__protein_npx__P05452,0.0,0.0
peptide_count__Q8NE71,0.0,0.0
peptide_count__Q96BZ4,0.0,0.0
peptide_count__Q96S96,0.0,0.0
peptide_count__Q99435,0.0,0.0
peptide_count__Q99674,0.0,0.0
peptide_count__Q99683,0.0,0.0
rollmean2__peptide_count__Q9UBR2,0.0,0.0
peptide_count__P13671,0.0,0.0
peptide_count__P14174,0.0,0.0
missing__protein_npx__Q16610,0.0,0.0
missing__protein_npx__Q7Z3B1,0.0,0.0
missing__protein_npx__Q7Z5P9,0.0,0.0
missing__protein_npx__Q92520,0.0,0.0
missing__protein_npx__Q92823,0.0,0.0
missing__protein_npx__Q92876,0.0,0.0
missing__protein_npx__Q96KN2,0.0,0.0
peptide_count__P80748,0.0,0.0
peptide_count__Q02818,0.0,0.0
peptide_count__Q13283,0.0,0.0
peptide_count__Q13332,0.0,0.0
peptide_count__P32754,0.0,0.0
missing__protein_npx__Q14515,0.0,0.0
missing__protein_npx__Q14624,0.0,0.0
missing__protein_npx__Q16270,0.0,0.0
peptide_count__P40925,0.0,0.0
peptide_count__P43251,0.0,0.0
peptide_count__P49588,0.0,0.0
peptide_count__P49908,0.0,0.0
peptide_count__P60174,0.0,0.0
peptide_count__P61278,0.0,0.0
peptide_count__P61626,0.0,0.0
delta1__peptide_count__O43505,0.0,0.0
delta1__peptide_count__O60888,0.0,0.0
delta1__peptide_count__O75326,0.0,0.0
peptide_count__Q13449,0.0,0.0
peptide_count__P35542,0.0,0.0
peptide_count__P36980,0.0,0.0
missing__protein_npx__P36222,0.0,0.0
missing__protein_npx__P36955,0.0,0.0
missing__protein_npx__P41222,0.0,0.0
missing__protein_npx__P43652,0.0,0.0
missing__protein_npx__P51884,0.0,0.0
missing__protein_npx__P61769,0.0,0.0
missing__protein_npx__P61916,0.0,0.0
missing__protein_npx__P16870,0.0,0.0
missing__protein_npx__P18065,0.0,0.0
missing__protein_npx__P19652,0.0,0.0
missing__protein_npx__P19823,0.0,0.0
peptide_count__P13521,0.0,0.0
missing__protein_npx__P23142,0.0,0.0
missing__protein_npx__P24592,0.0,0.0
missing__protein_npx__P25311,0.0,0.0
peptide_count__Q99969,0.0,0.0
missing__protein_npx__P12109,0.0,0.0
missing__protein_npx__P13521,0.0,0.0
missing__protein_npx__P13987,0.0,0.0
missing__protein_npx__P16035,0.0,0.0
missing__protein_npx__P16070,0.0,0.0
missing__protein_npx__Q96PD5,0.0,0.0
peptide_count__P11142,0.0,0.0
peptide_count__P11277,0.0,0.0
peptide_count__P13473,0.0,0.0
missing__protein_npx__P20774,0.0,0.0
missing__visit_index,0.0,0.0
missing__months_since_baseline,0.0,0.0
missing__peptide_log__KQELSEAEQATR,0.0,0.0
missing__peptide_log__LQAEAFQAR,0.0,0.0
missing__peptide_log__GSPAINVAVHVFRK,0.0,0.0
missing__peptide_log__QNC(UniMod_4)ELFEQLGEYK,0.0,0.0
missing__peptide_feature_count,0.0,0.0
missing__peptide_log__TLLSNLEEAKK,0.0,0.0
lag1__peptide_count__P01031,0.0,0.0
missing__protein_npx__P02649,0.0,0.0
missing__protein_npx__P01019,0.0,0.0
missing__protein_npx__P01023,0.0,0.0
missing__protein_npx__P01024,0.0,0.0
rollmean2__peptide_count__P61278,0.0,0.0
missing__protein_npx__P01042,0.0,0.0
missing__protein_npx__P01344,0.0,0.0
missing__protein_npx__P01621,0.0,0.0
missing__protein_npx__P00734,0.0,0.0
missing__protein_npx__P00738,0.0,0.0
missing__protein_npx__P00747,0.0,0.0
missing__protein_npx__P00748,0.0,0.0
missing__protein_npx__P00751,0.0,0.0
missing__protein_npx__P01008,0.0,0.0
missing__protein_npx__P01009,0.0,0.0
missing__protein_npx__P01011,0.0,0.0
missing__protein_npx__O15240,0.0,0.0
missing__protein_npx__O43505,0.0,0.0
missing__protein_npx__P01034,0.0,0.0
missing__current_updrs_1,0.0,0.0
missing__current_updrs_2,0.0,0.0
missing__peptide_log__ANRPFLVFIR,0.0,0.0
lag1__peptide_count__P07333,0.0,0.0
missing__protein_npx__P02647,0.0,0.0
lag1__peptide_count__P01033,0.0,0.0
lag1__peptide_count__P01344,0.0,0.0
rollmean2__peptide_count__P01780,0.0,0.0
rollmean2__peptide_count__P01833,0.0,0.0
lag1__peptide_count__P09104,0.0,0.0
lag1__peptide_count__P02792,0.0,0.0
lag1__peptide_count__P04156,0.0,0.0
missing__peptide_log__SPVGVQPILNEHTFC(UniMod_4)AGMSK,0.0,0.0
missing__current_medication_unknown,0.0,0.0
rollmean2__peptide_count__P01031,0.0,0.0
rollmean2__peptide_count__P01033,0.0,0.0
rollmean2__peptide_count__P01344,0.0,0.0
rollmean2__peptide_count__P01591,0.0,0.0
rollmean2__peptide_count__P01594,0.0,0.0
rollmean2__peptide_count__P01608,0.0,0.0
rollmean2__peptide_count__P01621,0.0,0.0
rollmean2__peptide_count__P01717,0.0,0.0
lag1__peptide_count__O14498,0.0,0.0
lag1__peptide_count__O14791,0.0,0.0
lag1__peptide_count__O43505,0.0,0.0
lag1__peptide_count__O60888,0.0,0.0
missing__current_updrs_3,0.0,0.0
lag1__peptide_count__P04211,0.0,0.0
peptide_count__Q9BY67,0.0,0.0
peptide_count__Q9HDC9,0.0,0.0
slope1__peptide_count__Q9UNU6,0.0,0.0
slope1__peptide_count__Q9Y646,0.0,0.0
missing__protein_npx__P07339,0.0,0.0
missing__protein_npx__P07602,0.0,0.0
missing__protein_npx__P07858,0.0,0.0
slope1__peptide_count__Q99829,0.0,0.0
slope1__peptide_count__Q99832,0.0,0.0
slope1__peptide_count__Q99969,0.0,0.0
slope1__peptide_count__Q9BY67,0.0,0.0
slope1__peptide_count__Q9HDC9,0.0,0.0
slope1__peptide_count__Q9NYU2,0.0,0.0
missing__protein_npx__O75144,0.0,0.0
slope1__peptide_count__Q9UKV8,0.0,0.0
missing__protein_npx__P06396,0.0,0.0
missing__protein_npx__P06727,0.0,0.0
missing__protein_npx__P07225,0.0,0.0
slope1__peptide_count__Q96BZ4,0.0,0.0
slope1__peptide_count__Q96S96,0.0,0.0
slope1__peptide_count__Q99435,0.0,0.0
slope1__peptide_count__Q99674,0.0,0.0
slope1__peptide_count__Q99683,0.0,0.0
missing__protein_npx__P04217,0.0,0.0
missing__protein_npx__P04433,0.0,0.0
missing__protein_npx__P05060,0.0,0.0
missing__protein_npx__P05067,0.0,0.0
slope1__peptide_count__Q9UBR2,0.0,0.0
missing__protein_npx__P00450,0.0,0.0
missing__protein_npx__P02768,0.0,0.0
missing__protein_npx__P02774,0.0,0.0
missing__protein_npx__P02787,0.0,0.0
missing__protein_npx__P02790,0.0,0.0
missing__protein_npx__P04004,0.0,0.0
missing__protein_npx__P04156,0.0,0.0
missing__protein_npx__P04180,0.0,0.0
missing__protein_npx__P04196,0.0,0.0
missing__protein_npx__P02749,0.0,0.0
missing__protein_npx__P02750,0.0,0.0
missing__protein_npx__P02751,0.0,0.0
missing__protein_npx__P02753,0.0,0.0
missing__protein_npx__P02747,0.0,0.0
missing__protein_npx__P02763,0.0,0.0
missing__protein_npx__P02765,0.0,0.0
missing__protein_npx__P02766,0.0,0.0
peptide_count__Q9NYU2,0.0,0.0
peptide_count__Q9UBR2,0.0,0.0
peptide_count__Q9UKV8,0.0,0.0
peptide_count__Q9UNU6,0.0,0.0
peptide_count__Q9Y646,0.0,0.0
missing__protein_npx__P02748,0.0,0.0
missing__protein_npx__P02652,0.0,0.0
missing__protein_npx__P02656,0.0,0.0
missing__protein_npx__P02671,0.0,0.0
missing__protein_npx__P02675,0.0,0.0
missing__protein_npx__P02679,0.0,0.0
missing__protein_npx__P02760,0.0,0.0
peptide_count__P04406,0.0,0.0
missing__peptide_mean__P36955,0.0,0.0
missing__peptide_mean__P41222,0.0,0.0
missing__peptide_mean__P43652,0.0,0.0
missing__peptide_mean__P51884,0.0,0.0
missing__peptide_mean__P61769,0.0,0.0
missing__peptide_mean__P61916,0.0,0.0
missing__peptide_mean__P80748,0.0,0.0
missing__peptide_mean__P18065,0.0,0.0
missing__peptide_mean__P19652,0.0,0.0
missing__peptide_mean__P19823,0.0,0.0
missing__peptide_mean__P20774,0.0,0.0
missing__peptide_mean__P23142,0.0,0.0
peptide_count__P20933,0.0,0.0
missing__peptide_mean__P25311,0.0,0.0
missing__peptide_mean__P36222,0.0,0.0
missing__peptide_mean__P12109,0.0,0.0
missing__peptide_mean__P13521,0.0,0.0
missing__peptide_mean__P13987,0.0,0.0
missing__peptide_mean__P16035,0.0,0.0
missing__peptide_mean__P16070,0.0,0.0
missing__peptide_mean__P16870,0.0,0.0
missing__peptide_mean__P08603,0.0,0.0
missing__peptide_mean__P08697,0.0,0.0
missing__peptide_mean__P09486,0.0,0.0
missing__peptide_mean__P09871,0.0,0.0
missing__peptide_mean__P10451,0.0,0.0
missing__peptide_mean__P24592,0.0,0.0
slope1__peptide_count__P60174,0.0,0.0
slope1__peptide_count__P61278,0.0,0.0
slope1__peptide_count__P61626,0.0,0.0
slope1__peptide_count__P80748,0.0,0.0
slope1__peptide_count__Q02818,0.0,0.0
slope1__peptide_count__Q13283,0.0,0.0
slope1__peptide_count__P23083,0.0,0.0
slope1__peptide_count__P31997,0.0,0.0
slope1__peptide_count__P32754,0.0,0.0
slope1__peptide_count__P35542,0.0,0.0
slope1__peptide_count__P36980,0.0,0.0
slope1__peptide_count__P40925,0.0,0.0
slope1__peptide_count__P43251,0.0,0.0
peptide_count__P04275,0.0,0.0
delta1__peptide_count__P01621,0.0,0.0
delta1__peptide_count__P01717,0.0,0.0
delta1__peptide_count__P01780,0.0,0.0
delta1__peptide_count__P01833,0.0,0.0
delta1__peptide_count__P01861,0.0,0.0
slope1__peptide_count__P19827,0.0,0.0
slope1__peptide_count__P20933,0.0,0.0
missing__peptide_mean__P08571,0.0,0.0
peptide_count__P02792,0.0,0.0
peptide_count__P04156,0.0,0.0
peptide_count__P04207,0.0,0.0
peptide_count__P04211,0.0,0.0
peptide_count__P04216,0.0,0.0
slope1__peptide_count__P49588,0.0,0.0
peptide_count__P01591,0.0,0.0
peptide_count__P01594,0.0,0.0
peptide_count__P01608,0.0,0.0
peptide_count__P01621,0.0,0.0
peptide_count__P01717,0.0,0.0
slope1__peptide_count__P06454,0.0,0.0
slope1__peptide_count__P07195,0.0,0.0
slope1__peptide_count__P07333,0.0,0.0
slope1__peptide_count__P07858,0.0,0.0
slope1__peptide_count__P08123,0.0,0.0
slope1__peptide_count__P08133,0.0,0.0
slope1__peptide_count__P08253,0.0,0.0
missing__peptide_mean__Q92520,0.0,0.0
missing__peptide_mean__P10643,0.0,0.0
missing__peptide_mean__Q92876,0.0,0.0
slope1__peptide_count__P04275,0.0,0.0
slope1__peptide_count__P04406,0.0,0.0
slope1__peptide_count__P05408,0.0,0.0
slope1__peptide_count__P06310,0.0,0.0
missing__peptide_mean__Q14515,0.0,0.0
missing__peptide_mean__Q14624,0.0,0.0
missing__peptide_mean__Q16270,0.0,0.0
missing__peptide_mean__Q16610,0.0,0.0
missing__peptide_mean__Q7Z3B1,0.0,0.0
missing__peptide_mean__Q7Z5P9,0.0,0.0
peptide_count__O14498,0.0,0.0
peptide_count__O14791,0.0,0.0
missing__peptide_mean__Q92823,0.0,0.0
missing__peptide_mean__P10645,0.0,0.0
missing__peptide_mean__P10909,0.0,0.0
slope1__peptide_count__P19021,0.0,0.0
delta1__peptide_count__P01031,0.0,0.0
delta1__peptide_count__P01033,0.0,0.0
delta1__peptide_count__P01344,0.0,0.0
delta1__peptide_count__P01591,0.0,0.0
delta1__peptide_count__P01594,0.0,0.0
delta1__peptide_count__P01608,0.0,0.0
peptide_count__O00391,0.0,0.0
slope1__peptide_count__P11142,0.0,0.0
slope1__peptide_count__P11277,0.0,0.0
slope1__peptide_count__P13473,0.0,0.0
peptide_count__P01344,0.0,0.0
slope1__peptide_count__P13671,0.0,0.0
slope1__peptide_count__P14174,0.0,0.0
slope1__peptide_count__P16152,0.0,0.0
slope1__peptide_count__P17936,0.0,0.0
peptide_count__P01780,0.0,0.0
peptide_count__P01833,0.0,0.0
peptide_count__P01861,0.0,0.0
peptide_count__P02655,0.0,0.0
delta1__peptide_count__P04216,0.0,0.0
slope1__peptide_count__P08637,0.0,0.0
slope1__peptide_count__P09104,0.0,0.0
slope1__peptide_count__P10451,0.0,0.0
peptide_count__P01031,0.0,0.0
peptide_count__P01033,0.0,0.0
slope1__peptide_count__P13521,0.0,0.0
missing__peptide_mean__P01034,0.0,0.0
missing__peptide_mean__P01042,0.0,0.0
missing__peptide_mean__P01344,0.0,0.0
missing__peptide_mean__P00450,0.0,0.0
missing__peptide_mean__P00734,0.0,0.0
missing__peptide_mean__P00738,0.0,0.0
missing__peptide_mean__P00747,0.0,0.0
missing__peptide_mean__P00748,0.0,0.0
missing__peptide_mean__P00751,0.0,0.0
missing__peptide_mean__P01008,0.0,0.0
missing__peptide_mean__P01009,0.0,0.0
missing__peptide_mean__O00533,0.0,0.0
missing__peptide_mean__O15240,0.0,0.0
slope1__peptide_count__P49908,0.0,0.0
missing__peptide_mean__O75144,0.0,0.0
missing__protein_feature_count,0.0,0.0
missing__protein_missing_fraction,0.0,0.0
missing__peptide_abundance_mean,0.0,0.0
missing__peptide_abundance_std,0.0,0.0
missing__peptide_abundance_min,0.0,0.0
missing__peptide_abundance_max,0.0,0.0
missing__peptide_abundance_sum,0.0,0.0
missing__peptide_observation_count,0.0,0.0
missing__peptide_mean__P02768,0.0,0.0
missing__peptide_mean__P02774,0.0,0.0
missing__peptide_mean__P02787,0.0,0.0
missing__peptide_mean__P02790,0.0,0.0
missing__peptide_mean__O43505,0.0,0.0
peptide_count__P23083,0.0,0.0
peptide_count__P31997,0.0,0.0
missing__protein_npx__Q9UHG2,0.0,0.0
slope1__peptide_count__Q8IWV7,0.0,0.0
slope1__peptide_count__Q8N2S1,0.0,0.0
slope1__peptide_count__Q8NBJ4,0.0,0.0
slope1__peptide_count__Q8NE71,0.0,0.0
delta1__peptide_count__O00391,0.0,0.0
delta1__peptide_count__O14498,0.0,0.0
delta1__peptide_count__O14791,0.0,0.0
slope1__peptide_count__Q14508,0.0,0.0
slope1__peptide_count__Q15904,0.0,0.0
slope1__peptide_count__Q562R1,0.0,0.0
missing__peptide_mean__P01024,0.0,0.0
slope1__peptide_count__Q6UXD5,0.0,0.0
slope1__peptide_count__Q7Z3B1,0.0,0.0
slope1__peptide_count__Q7Z5P9,0.0,0.0
peptide_count__P16152,0.0,0.0
peptide_count__P17936,0.0,0.0
peptide_count__P19021,0.0,0.0
peptide_count__P19827,0.0,0.0
slope1__peptide_count__Q13332,0.0,0.0
slope1__peptide_count__Q13449,0.0,0.0
slope1__peptide_count__Q13451,0.0,0.0
missing__peptide_mean__P01011,0.0,0.0
missing__peptide_mean__P01019,0.0,0.0
missing__peptide_mean__P01023,0.0,0.0
slope1__peptide_count__Q6UX71,0.0,0.0
missing__peptide_mean__P07602,0.0,0.0
missing__peptide_mean__P07858,0.0,0.0
missing__peptide_mean__P07998,0.0,0.0
missing__peptide_mean__P08294,0.0,0.0
missing__peptide_mean__P08493,0.0,0.0
missing__peptide_mean__P05060,0.0,0.0
missing__peptide_mean__P05067,0.0,0.0
missing__peptide_mean__P05090,0.0,0.0
missing__peptide_mean__P05155,0.0,0.0
missing__peptide_mean__P05156,0.0,0.0
missing__peptide_mean__P05452,0.0,0.0
missing__peptide_mean__P06396,0.0,0.0
missing__peptide_mean__P06727,0.0,0.0
missing__peptide_mean__P04004,0.0,0.0
peptide_count__P08133,0.0,0.0
peptide_count__P08253,0.0,0.0
peptide_count__P08637,0.0,0.0
peptide_count__P09104,0.0,0.0
peptide_count__P10451,0.0,0.0
missing__peptide_mean__P04217,0.0,0.0
missing__peptide_mean__P04433,0.0,0.0
peptide_count__P05408,0.0,0.0
peptide_count__P06310,0.0,0.0
peptide_count__P06454,0.0,0.0
peptide_count__P07195,0.0,0.0
peptide_count__P07333,0.0,0.0
peptide_count__P07858,0.0,0.0
peptide_count__P08123,0.0,0.0
missing__peptide_mean__P04156,0.0,0.0
missing__peptide_mean__P04180,0.0,0.0
missing__peptide_mean__P04196,0.0,0.0
missing__peptide_mean__P02749,0.0,0.0
missing__peptide_mean__P02750,0.0,0.0
missing__peptide_mean__P02751,0.0,0.0
missing__peptide_mean__P02753,0.0,0.0
missing__peptide_mean__P02760,0.0,0.0
missing__peptide_mean__P02763,0.0,0.0
missing__peptide_mean__P02765,0.0,0.0
missing__peptide_mean__P02766,0.0,0.0
missing__peptide_mean__P02649,0.0,0.0
missing__peptide_mean__P02652,0.0,0.0
missing__peptide_mean__P07339,0.0,0.0
missing__peptide_mean__P02671,0.0,0.0
missing__peptide_mean__P02675,0.0,0.0
missing__peptide_mean__P02679,0.0,0.0
missing__peptide_mean__P02747,0.0,0.0
missing__peptide_mean__P02748,0.0,0.0
missing__peptide_mean__P01621,0.0,0.0
missing__peptide_mean__P01717,0.0,0.0
missing__peptide_mean__P01834,0.0,0.0
missing__peptide_mean__P01857,0.0,0.0
missing__peptide_mean__P01859,0.0,0.0
missing__peptide_mean__P01860,0.0,0.0
missing__peptide_mean__P01876,0.0,0.0
missing__peptide_mean__P02647,0.0,0.0
missing__peptide_mean__P07225,0.0,0.0
missing__peptide_mean__P02656,0.0,0.0
