feature,importance_mean,importance_std
rollmean2__current_updrs_1,0.4846668719224599,0.0
current_updrs_1,0.19016597739239643,0.0
rollmean2__current_updrs_2,0.024798582884040587,0.0
current_updrs_4,0.008015237849286417,0.0
current_updrs_2,0.006296174174503621,0.0
protein_npx__P20774,0.005696999315241949,0.0
protein_npx__P05060,0.005383878169711643,0.0
rollmean2__current_medication_unknown,0.003646725413547039,0.0
rollmean2__protein_npx__P39060,0.003596196537629242,0.0
lag1__peptide_mean__P04433,0.003315236789459975,0.0
delta1__protein_npx__P80748,0.0032596120938659288,0.0
rollmean2__peptide_std__P01859,0.0032526454290683487,0.0
rollmean2__peptide_mean__P02652,0.003238864354204018,0.0
rollmean2__peptide_mean__P07339,0.003184793216946589,0.0
slope1__peptide_std__P00450,0.00299607864768064,0.0
rollmean2__protein_npx__P05060,0.002920871112132797,0.0
slope1__peptide_log__TEGDGVYTLNNEK,0.0029057047993250092,0.0
peptide_log__QWAGLVEK,0.0025960815203134335,0.0
peptide_std__P10643,0.002486772127269952,0.0
delta1__peptide_log__TDASDVKPC(UniMod_4),0.002470162867990533,0.0
rollmean2__peptide_std__P02765,0.0024010737068285905,0.0
lag1__protein_npx__P04433,0.002391311413686815,0.0
slope1__peptide_log__C(UniMod_4)KPVNTFVHEPLVDVQNVC(UniMod_4)FQEK,0.0023777433855033782,0.0
rollmean2__current_updrs_4,0.0022393034992842266,0.0
slope1__peptide_mean__P01344,0.002174432503296692,0.0
peptide_log__GEVQAMLGQSTEELRVR,0.0021571387517341435,0.0
peptide_log__AATVGSLAGQPLQER,0.0020899199095174006,0.0
rollmean2__peptide_mean__P07711,0.002088313969818981,0.0
peptide_std__P43121,0.0019253005572365393,0.0
peptide_std__P04075,0.0018417243481024395,0.0
delta1__peptide_std__P05155,0.0018380124307496963,0.0
delta1__protein_npx__P19827,0.0018047634781451479,0.0
slope1__peptide_std__Q16270,0.001772644421213153,0.0
lag1__peptide_std__P02749,0.0017684020152941558,0.0
rollmean2__peptide_mean__P80748,0.0017274426538733867,0.0
peptide_log__AATGEC(UniMod_4)TATVGKR,0.0016915845294647105,0.0
peptide_log__VTLTC(UniMod_4)VAPLSGVDFQLR,0.001682461268787546,0.0
delta1__peptide_mean__P54289,0.0016720006285804673,0.0
rollmean2__peptide_mean__P13611,0.0016691005161454703,0.0
rollmean2__peptide_count__P10645,0.0016431752514861136,0.0
delta1__peptide_log__AATVGSLAGQPLQER,0.0016365452937744762,0.0
rollmean2__peptide_log__LPPTSAHGNVAEGETKPDPDVTER,0.0016299511296276924,0.0
protein_npx__P04217,0.0015795218253428407,0.0
rollmean2__peptide_std__P13611,0.0015753427316148943,0.0
rollmean2__peptide_mean__P04406,0.0015561032438477715,0.0
peptide_mean__Q8IWV7,0.0014958188230582876,0.0
rollmean2__peptide_log__TSAHGNVAEGETKPDPDVTER,0.0014553626600278576,0.0
rollmean2__peptide_std__P05155,0.0014198889673590622,0.0
slope1__protein_npx__Q12907,0.0013630443194717974,0.0
protein_npx__Q9UNU6,0.0013421276975324528,0.0
protein_npx__P16070,0.0013385563435050743,0.0
rollmean2__peptide_mean__Q99832,0.0013176996658211173,0.0
rollmean2__peptide_mean__P05546,0.0013122592059282736,0.0
slope1__peptide_log__LRTEGDGVYTLNNEK,0.0012711828470045405,0.0
rollmean2__peptide_mean__P02790,0.0012639858011004464,0.0
rollmean2__peptide_std__P16035,0.0012499951752926112,0.0
rollmean2__peptide_std__P05156,0.0012342719928146234,0.0
rollmean2__protein_npx__Q02818,0.0012259916427667104,0.0
rollmean2__peptide_mean__O94919,0.0012200627062000135,0.0
rollmean2__peptide_std__P61916,0.0011780019197317562,0.0
peptide_mean__P10643,0.001119189045134177,0.0
delta1__protein_npx__Q15904,0.0011132111196146116,0.0
peptide_mean__P08637,0.0011125402175246987,0.0
rollmean2__peptide_mean__P20774,0.0010784398418387262,0.0
rollmean2__peptide_mean__P02760,0.001062675941234215,0.0
rollmean2__protein_npx__P60174,0.0010594350330780735,0.0
rollmean2__peptide_std__Q12907,0.0010495539370906546,0.0
lag1__peptide_count__P02768,0.0010375959414327272,0.0
delta1__protein_npx__Q8NBJ4,0.001003106843242924,0.0
delta1__protein_npx__Q9UNU6,0.0010009866855661632,0.0
rollmean2__peptide_std__Q9NQ79,0.0009956362875042648,0.0
delta1__protein_npx__Q8N2S1,0.0009704816441508203,0.0
rollmean2__protein_npx__P04004,0.0009603277885397856,0.0
slope1__peptide_log__FNKPFVFLM(UniMod_35)IEQNTK,0.0009530843735434349,0.0
rollmean2__peptide_mean__P04196,0.0009413906213489056,0.0
rollmean2__protein_npx__Q8IWV7,0.0009378252711797014,0.0
rollmean2__peptide_std__P02790,0.0009345167954690189,0.0
delta1__peptide_mean__P07339,0.0009088682266518675,0.0
lag1__peptide_log__DSGEGDFLAEGGGVR,0.0009062442667780418,0.0
rollmean2__peptide_mean__Q8IWV7,0.000902358410497933,0.0
delta1__peptide_mean__Q9BY67,0.0009020370390206905,0.0
rollmean2__peptide_mean__Q9UBR2,0.0008840231796293367,0.0
rollmean2__peptide_log__ANRPFLVFIR,0.0008735410901464045,0.0
rollmean2__peptide_std__P02649,0.0008647077781491822,0.0
rollmean2__peptide_std__P04075,0.0008524117265657446,0.0
rollmean2__protein_npx__P80748,0.0008507467951249948,0.0
peptide_mean__O75326,0.0008461175901197369,0.0
protein_npx__P02751,0.0008405884708491877,0.0
rollmean2__peptide_log__LDEVKEQVAEVR,0.0008378206691863336,0.0
protein_npx__P13671,0.0008288996910143763,0.0
peptide_std__P02671,0.0008254659332791228,0.0
rollmean2__protein_npx__Q99969,0.0008169519043846136,0.0
rollmean2__protein_npx__P04433,0.0008114547280180508,0.0
rollmean2__peptide_mean__P02647,0.0008045737117255879,0.0
rollmean2__protein_npx__Q9UBR2,0.0008041037717894303,0.0
peptide_mean__P04217,0.0007850458657137941,0.0
rollmean2__peptide_mean__P01008,0.0007817035603857363,0.0
peptide_std__P02748,0.0007649650622904591,0.0
protein_npx__P01008,0.0007646356299851056,0.0
rollmean2__protein_npx__P08253,0.0007626781965560524,0.0
peptide_mean__P04196,0.0007612595592324077,0.0
protein_npx__P80748,0.0007511560255943859,0.0
rollmean2__protein_npx__P04180,0.0007368452303090776,0.0
peptide_log__NFPPSQDASGDLYTTSSQLTLPATQC(UniMod_4)LAGK,0.0007345209360781406,0.0
slope1__peptide_std__P05155,0.0007344021757860067,0.0
peptide_log__VQPYLDDFQKK,0.0007298554935277915,0.0
slope1__peptide_mean__P05546,0.0007262792397705488,0.0
delta1__protein_npx__P01024,0.000718794250349196,0.0
peptide_std__O14773,0.0007147029795225783,0.0
rollmean2__peptide_mean__P01834,0.00070853922157516,0.0
rollmean2__peptide_std__Q06481,0.0007077056056490274,0.0
peptide_std__P02750,0.000698988908695278,0.0
rollmean2__peptide_mean__Q96PD5,0.0006981858028453196,0.0
peptide_log__GEVQAMLGQSTEELR,0.000680511481949571,0.0
lag1__peptide_log__VDSGNDVTDIADDGC(UniMod_4)PKPPEIAHGYVEHSVR,0.000678176371101397,0.0
protein_npx__P17174,0.0006763814925394238,0.0
peptide_mean__P10645,0.0006735314750384504,0.0
peptide_log__SC(UniMod_4)DTPPPC(UniMod_4)PR,0.0006731455103418789,0.0
rollmean2__peptide_mean__Q9UNU6,0.0006664707082521908,0.0
rollmean2__protein_npx__Q9UBX5,0.0006475461850716779,0.0
rollmean2__peptide_count__P13591,0.0006431403251668364,0.0
peptide_mean__P04406,0.0006382811375828533,0.0
protein_npx__P01033,0.0006202121138470793,0.0
rollmean2__peptide_std__O15394,0.0006162848691397803,0.0
lag1__peptide_mean__P02765,0.0006055693946383307,0.0
rollmean2__protein_npx__P02753,0.0006035335653614655,0.0
protein_npx__Q8IWV7,0.0005973688309782421,0.0
protein_npx__Q6UX71,0.000596121670658273,0.0
delta1__peptide_mean__P35542,0.0005907101145587003,0.0
peptide_std__Q92876,0.0005893400914036205,0.0
peptide_log__MTVTDQVNC(UniMod_4)PK,0.0005845258220007106,0.0
protein_npx__Q02818,0.0005773373095318522,0.0
delta1__peptide_log__VYC(UniMod_4)DMNTENGGWTVIQNR,0.0005692408935669765,0.0
rollmean2__protein_npx__P35542,0.0005664786498970269,0.0
slope1__protein_npx__P04216,0.000560665791919429,0.0
rollmean2__protein_npx__P01621,0.0005583894243932336,0.0
slope1__peptide_log__ATVNPSAPR,0.0005566684881309996,0.0
slope1__protein_npx__P02671,0.000552740507413744,0.0
peptide_std__O00584,0.000544374663933815,0.0
peptide_log__SLAAAAGKQELAK,0.0005440267054689056,0.0
peptide_log__TSAHGNVAEGETKPDPDVTER,0.0005428719143415612,0.0
slope1__peptide_std__P08294,0.0005422873997773677,0.0
delta1__peptide_mean__P00746,0.0005412287385236935,0.0
missing__current_medication_on,0.0005370176080898065,0.0
peptide_log__TPLGDTTHTC(UniMod_4)PR,0.0005283287450080706,0.0
rollmean2__peptide_log__LFDSDPITVTVPVEVSR,0.0005282818194284484,0.0
peptide_std__P01024,0.0005234558386526069,0.0
rollmean2__peptide_std__P04217,0.0005217231647164896,0.0
protein_npx__Q96S96,0.0005208148575995587,0.0
rollmean2__protein_npx__P02751,0.0005186982564337283,0.0
rollmean2__peptide_mean__P10643,0.000516823501729124,0.0
rollmean2__peptide_log__LSNENHGIAQR,0.0005154609333879372,0.0
slope1__peptide_mean__Q99969,0.000513915893478646,0.0
peptide_std__P01042,0.0005103170544349869,0.0
rollmean2__peptide_log__VQPYLDDFQKK,0.0005068624086259723,0.0
protein_npx__P01860,0.0005060792130813503,0.0
rollmean2__protein_npx__P00738,0.0005046887009300963,0.0
rollmean2__peptide_mean__P05060,0.0005039581190419265,0.0
peptide_mean__P36955,0.0005035627330250043,0.0
rollmean2__protein_npx__Q6UXB8,0.0004988207660407678,0.0
rollmean2__peptide_std__P10909,0.000494084500951057,0.0
slope1__peptide_std__P02760,0.0004928119410510417,0.0
rollmean2__protein_npx__Q9UNU6,0.000484844566685944,0.0
delta1__peptide_mean__P06396,0.00048107375865821437,0.0
delta1__peptide_log__KVEQAVETEPEPELR,0.0004797137785312108,0.0
rollmean2__peptide_count__P61916,0.000479533366276848,0.0
rollmean2__peptide_mean__Q92823,0.0004777589880765944,0.0
peptide_mean__P36222,0.000475433237222547,0.0
slope1__protein_npx__Q8IWV7,0.0004707889400492682,0.0
peptide_std__P10645,0.00047060702447840536,0.0
rollmean2__peptide_mean__P04433,0.0004683803399767102,0.0
protein_npx__P02766,0.00046779108693722875,0.0
peptide_log__SSQGGSLPSEEK,0.00046646230713523874,0.0
peptide_mean__Q92876,0.00046143281488553097,0.0
rollmean2__peptide_mean__O14791,0.0004598634369464169,0.0
rollmean2__peptide_log__ILLQGTPVAQMTEDAVDAER,0.00045909704202377134,0.0
slope1__peptide_mean__Q99829,0.0004551364317705622,0.0
slope1__peptide_mean__Q9UKV8,0.00045257471326307617,0.0
slope1__peptide_mean__Q13451,0.00045203551739914,0.0
rollmean2__peptide_log__LSSWVLLM(UniMod_35)K,0.00044807700127254507,0.0
slope1__peptide_count__P20774,0.00044357755378002743,0.0
peptide_mean__P32754,0.00044142375508474417,0.0
protein_npx__Q99829,0.00043912767835874205,0.0
delta1__peptide_std__P01024,0.00043664076619535637,0.0
rollmean2__protein_npx__Q06481,0.00043388321351116023,0.0
delta1__peptide_mean__P10643,0.00043253875831541523,0.0
rollmean2__peptide_std__P01023,0.0004289887586774111,0.0
peptide_mean__Q9UKV8,0.0004271824348351093,0.0
peptide_std__P01860,0.0004260155315174777,0.0
rollmean2__peptide_mean__P55290,0.0004247733260818959,0.0
rollmean2__protein_npx__P43652,0.00042404728849818735,0.0
slope1__peptide_std__P20774,0.0004236158652687499,0.0
lag1__protein_npx__Q13740,0.0004231977381847211,0.0
delta1__protein_npx__P14618,0.00042179046465815333,0.0
rollmean2__peptide_log__KAADDTWEPFASGK,0.0004212692127299932,0.0
peptide_mean__P02790,0.0004198217390382208,0.0
delta1__protein_npx__P07711,0.00041817481131960747,0.0
delta1__peptide_mean__P80748,0.00041769532558796717,0.0
rollmean2__peptide_mean__O15240,0.0004120411951169449,0.0
peptide_log__ILTC(UniMod_4)M(UniMod_35)QGMEEIR,0.00040895238402754503,0.0
delta1__peptide_mean__P01833,0.0004080201392633026,0.0
missing__peptide_mean__P32754,0.00040774978867611194,0.0
peptide_log__HYTNPSQDVTVPC(UniMod_4)PVPPPPPC(UniMod_4)C(UniMod_4)HPR,0.00040056576732451716,0.0
delta1__peptide_mean__Q8IWV7,0.000393513141359748,0.0
protein_npx__P07711,0.0003930580707663504,0.0
rollmean2__peptide_mean__Q562R1,0.0003928609366790801,0.0
rollmean2__protein_npx__P55290,0.0003919257677473385,0.0
rollmean2__peptide_std__Q14118,0.00038819512877924647,0.0
peptide_std__P43652,0.0003873334867905329,0.0
protein_npx__P05546,0.0003828758262414582,0.0
protein_npx__Q99683,0.0003810285090748325,0.0
peptide_mean__P02671,0.00037686949563852973,0.0
delta1__peptide_std__P00450,0.0003755574484880067,0.0
protein_npx__P61769,0.000375248014872347,0.0
delta1__peptide_mean__P02452,0.00037305810310220733,0.0
lag1__peptide_std__P05090,0.00037222679942205413,0.0
slope1__peptide_log__SLAAAAGKQELAK,0.00037079800236413144,0.0
rollmean2__peptide_mean__Q96S96,0.0003681550977626642,0.0
slope1__peptide_std__P36222,0.00036806269882132253,0.0
rollmean2__peptide_log__C(UniMod_4)KPVNTFVHEPLVDVQNVC(UniMod_4)FQEK,0.0003677024781645988,0.0
rollmean2__peptide_count__Q08380,0.000367492824182488,0.0
missing__peptide_mean__P06310,0.00036491432933399555,0.0
slope1__protein_npx__P36222,0.0003638950652243978,0.0
rollmean2__peptide_mean__P98160,0.00036253011551171365,0.0
rollmean2__protein_npx__P14314,0.0003625112255922787,0.0
rollmean2__current_updrs_3,0.0003622601671638336,0.0
peptide_std__Q96KN2,0.0003619947491652807,0.0
delta1__protein_npx__P54289,0.00036089174336984264,0.0
lag1__peptide_log__VTSIQDWVQK,0.0003605675610823868,0.0
rollmean2__protein_npx__O14773,0.00035965535072567746,0.0
slope1__peptide_std__P01877,0.00035935975177262366,0.0
peptide_mean__P04433,0.0003584128703148627,0.0
delta1__peptide_std__P05060,0.00035780232522447897,0.0
rollmean2__peptide_mean__P20933,0.0003577814926762727,0.0
rollmean2__protein_npx__P01023,0.0003558218417920114,0.0
slope1__peptide_log__SLAELGGHLDQQVEEFRR,0.00035503819300813466,0.0
delta1__peptide_mean__P13611,0.0003538701512199892,0.0
rollmean2__peptide_std__P04180,0.0003532718489153363,0.0
rollmean2__peptide_mean__P02749,0.00035326501743243246,0.0
rollmean2__peptide_mean__P02655,0.00035205756829160086,0.0
delta1__peptide_std__P01834,0.00035074761379431257,0.0
rollmean2__peptide_mean__P02452,0.0003489572971467756,0.0
slope1__peptide_mean__P13611,0.0003479864667998008,0.0
lag1__protein_npx__P11142,0.00034530475859786573,0.0
rollmean2__peptide_std__Q12805,0.0003451838623307529,0.0
rollmean2__peptide_mean__P04217,0.00034182563556946834,0.0
delta1__peptide_std__Q16270,0.0003409688192628123,0.0
delta1__protein_npx__P08133,0.0003371512800608822,0.0
rollmean2__peptide_std__P14314,0.0003348775091466519,0.0
lag1__peptide_std__Q9NQ79,0.00033254785516767093,0.0
rollmean2__peptide_std__P07339,0.00032727529576688437,0.0
rollmean2__peptide_log__LGADMEDVC(UniMod_4)GR,0.00032726453408382563,0.0
slope1__protein_npx__P61278,0.00032663747186606885,0.0
protein_npx__P05090,0.00032487691780213446,0.0
delta1__peptide_log__SWFEPLVEDM(UniMod_35)QR,0.00032367193934936726,0.0
protein_npx__P12109,0.00032299315254469155,0.0
lag1__protein_npx__P01861,0.00032292302675145833,0.0
peptide_log__C(UniMod_4)C(UniMod_4)VEC(UniMod_4)PPC(UniMod_4)PAPPVAGPSVFLFPPKPK,0.0003195703046141583,0.0
rollmean2__peptide_std__P00441,0.00031939357698615494,0.0
lag1__peptide_log__VQPYLDDFQKK,0.0003137321008510703,0.0
rollmean2__protein_npx__Q99829,0.00031354001261950934,0.0
slope1__peptide_std__P07339,0.000312873984909781,0.0
delta1__peptide_mean__Q12841,0.00030931825530856985,0.0
peptide_log__AYKSELEEQLTPVAEETR,0.0003082321332210072,0.0
peptide_mean__P20933,0.00030689192527361126,0.0
slope1__peptide_std__O94919,0.0003025333085887563,0.0
lag1__protein_npx__Q12907,0.0002977675773932526,0.0
peptide_std__P01859,0.000297736476627729,0.0
peptide_log__KQELSEAEQATR,0.0002952713090569658,0.0
peptide_std__P00751,0.0002936047797698529,0.0
rollmean2__protein_npx__P02749,0.00029359613685957323,0.0
slope1__peptide_log__AVLPTGDVIGDSAK,0.0002912721003731839,0.0
lag1__peptide_std__P02675,0.0002894860382015185,0.0
peptide_std__P06681,0.0002890382317825209,0.0
protein_npx__Q06481,0.00028873532701667294,0.0
slope1__peptide_mean__P06396,0.000288328648147848,0.0
protein_npx__P61278,0.00028707847472059944,0.0
lag1__peptide_log__TTPPVLDSDGSFFLYSK,0.00028663457050692265,0.0
rollmean2__peptide_std__O00584,0.00028564545783672703,0.0
rollmean2__peptide_std__P02748,0.0002855457330431852,0.0
protein_npx__Q9UBR2,0.0002845815458790497,0.0
rollmean2__peptide_mean__P43652,0.00028373367691078626,0.0
rollmean2__peptide_mean__P08637,0.0002835876417626333,0.0
slope1__protein_npx__P16870,0.00027832772471120997,0.0
delta1__protein_npx__P01717,0.000277641707721255,0.0
missing__protein_npx__P32754,0.00027759696916902505,0.0
slope1__peptide_mean__P61916,0.00027439482262915806,0.0
rollmean2__peptide_std__P05090,0.0002727233157189993,0.0
delta1__peptide_mean__Q99829,0.00027133411259120337,0.0
peptide_log__FM(UniMod_35)ETVAEK,0.0002709722547120794,0.0
missing__peptide_count__P32754,0.0002682320395961404,0.0
protein_npx__O14498,0.00026803281029756014,0.0
peptide_mean__P02766,0.0002662369768862199,0.0
protein_npx__O14773,0.0002656690150743273,0.0
peptide_mean__P02749,0.00026545662024368986,0.0
delta1__peptide_mean__Q12907,0.0002647958810638431,0.0
slope1__peptide_std__P09486,0.0002645641018419945,0.0
delta1__peptide_std__P01034,0.00026428564945568255,0.0
lag1__protein_npx__Q96KN2,0.000263256189959906,0.0
rollmean2__protein_npx__P36222,0.0002607195080664285,0.0
peptide_mean__Q9UNU6,0.00026058681903126603,0.0
protein_npx__P04406,0.0002601782937334063,0.0
slope1__protein_npx__Q92876,0.0002588615428132284,0.0
delta1__peptide_log__LGQSLDC(UniMod_4)NAEVYVVPWEK,0.0002586293469980368,0.0
rollmean2__protein_npx__P01833,0.00025859643184323304,0.0
rollmean2__peptide_std__O00533,0.0002584491571047513,0.0
rollmean2__peptide_mean__P04075,0.0002575640154896781,0.0
lag1__protein_npx__P07602,0.0002571725783040775,0.0
rollmean2__peptide_log__YIVSGTPTFVPYLIK,0.00025682785938102077,0.0
missing__peptide_log__C(UniMod_4)RDQLPYIC(UniMod_4)QFGIV,0.00025422335185861406,0.0
slope1__peptide_mean__P08603,0.00025318517133755727,0.0
protein_npx__P43652,0.00025312320728759216,0.0
rollmean2__peptide_mean__P01621,0.0002508370609215007,0.0
peptide_mean__Q9BY67,0.0002507019162902979,0.0
slope1__peptide_mean__P02655,0.0002501957851013527,0.0
slope1__peptide_log__TDASDVKPC(UniMod_4),0.00024921759538384274,0.0
lag1__peptide_mean__P10643,0.00024886156119586475,0.0
rollmean2__protein_npx__Q99832,0.0002487971826681456,0.0
protein_npx__P01023,0.00024756231363429524,0.0
rollmean2__peptide_std__O75144,0.0002438215806255448,0.0
slope1__peptide_std__P51884,0.0002436797526905285,0.0
lag1__protein_npx__P05408,0.00024315505503061412,0.0
rollmean2__protein_npx__P00734,0.000242099943949705,0.0
rollmean2__peptide_mean__P39060,0.00024110064961874677,0.0
rollmean2__peptide_std__P16870,0.00023907604735830712,0.0
delta1__peptide_mean__P04275,0.0002384520866226369,0.0
peptide_std__Q14118,0.00023684146697441164,0.0
slope1__protein_npx__Q15904,0.00023522085810979363,0.0
peptide_std__P61916,0.00023400888432770702,0.0
protein_npx__P02749,0.0002337224500576469,0.0
protein_npx__P04004,0.00023263783268653995,0.0
rollmean2__peptide_log__SLAELGGHLDQQVEEFRR,0.0002325363909598038,0.0
delta1__peptide_mean__Q15904,0.0002310232784455744,0.0
lag1__protein_npx__P43652,0.00022893565601177793,0.0
lag1__peptide_log__C(UniMod_4)C(UniMod_4)VEC(UniMod_4)PPC(UniMod_4)PAPPVAGPSVFLFPPKPK,0.00022749288742061617,0.0
lag1__protein_npx__P01859,0.0002272443220206157,0.0
rollmean2__peptide_log__RLEGQEEEEDNRDSSMK,0.00022671094664380393,0.0
peptide_count__P02768,0.00022524316301751355,0.0
peptide_std__P01019,0.00022433321078354598,0.0
peptide_log__QKVEPLRAELQEGAR,0.0002240047052895283,0.0
peptide_std__P16035,0.0002231228969440425,0.0
lag1__peptide_log__M(UniMod_35)ASGAANVVGPK,0.00022095094525994622,0.0
peptide_log__LIADLGSTSITNLGFR,0.00022071790000766298,0.0
protein_npx__P06727,0.00022070433114281584,0.0
delta1__protein_npx__P09104,0.00021994591835797252,0.0
slope1__peptide_count__P02656,0.00021961306723135163,0.0
peptide_mean__P08294,0.00021902095314862069,0.0
rollmean2__peptide_mean__P08294,0.00021864076081711879,0.0
slope1__protein_npx__P02787,0.00021845182251470675,0.0
delta1__protein_npx__P30086,0.0002163002412164965,0.0
lag1__visit_index,0.0002155791382532307,0.0
peptide_log__LFDSDPITVTVPVEVSR,0.00021511512610386294,0.0
slope1__protein_npx__P02656,0.00021465285352105704,0.0
peptide_log__LGQSLDC(UniMod_4)NAEVYVVPWEK,0.00021451821130734935,0.0
missing__peptide_log__MTVTDQVNC(UniMod_4)PK,0.00021421527395182937,0.0
peptide_mean__P55290,0.0002136932753392327,0.0
protein_npx__P16035,0.00021318106346250202,0.0
slope1__protein_npx__P54289,0.00021234504342326904,0.0
peptide_std__P00747,0.00021220950273820305,0.0
peptide_log__GSPAINVAVHVFRK,0.00021179847777961437,0.0
lag1__protein_npx__P08493,0.0002110089905450581,0.0
slope1__peptide_mean__P02656,0.00021080670610768612,0.0
slope1__peptide_mean__Q9NYU2,0.00020997989715084036,0.0
protein_npx__Q99832,0.00020930402006675547,0.0
rollmean2__protein_npx__Q15904,0.0002074656333392038,0.0
delta1__peptide_mean__P16070,0.00020746034087044542,0.0
slope1__peptide_std__P01042,0.000205984033550693,0.0
delta1__protein_npx__P31997,0.00020539910531530405,0.0
lag1__peptide_std__P02679,0.00020521526327685026,0.0
slope1__peptide_log__QQETAAAETETR,0.00020492257962293324,0.0
slope1__peptide_mean__P01023,0.00020466420417165996,0.0
delta1__peptide_log__C(UniMod_4)DSSPDSAEDVRK,0.00020447800026712358,0.0
rollmean2__protein_npx__P01009,0.00020436058195110027,0.0
slope1__peptide_log__GEVQAMLGQSTEELRVR,0.00020290147879461947,0.0
rollmean2__protein_npx__P32754,0.00020191605011990978,0.0
peptide_mean__P01011,0.00020136796855137052,0.0
peptide_std__P05067,0.0002010989955710163,0.0
peptide_std__P02649,0.00020069201737446616,0.0
slope1__peptide_mean__Q92823,0.0002001141195693742,0.0
rollmean2__peptide_std__P01019,0.0002000114113575233,0.0
rollmean2__peptide_mean__Q13283,0.0001999939277064563,0.0
rollmean2__peptide_log__GEVQAMLGQSTEELR,0.0001999937000837178,0.0
peptide_log__SGELEQEEER,0.0001987431478926811,0.0
rollmean2__peptide_log__SGELEQEEER,0.00019725074906000236,0.0
protein_npx__P02774,0.00019472135559422637,0.0
peptide_mean__P01834,0.0001934870690486904,0.0
delta1__protein_npx__P05156,0.00019317732009039142,0.0
lag1__peptide_log__TM(UniMod_35)LLQPAGSLGSYSYR,0.00019246692194415434,0.0
peptide_mean__Q16610,0.0001916000522825506,0.0
delta1__peptide_mean__P23142,0.00019159936110760818,0.0
missing__peptide_log__MYYSAVDPTKDIFTGLIGPM(UniMod_35)K,0.00019132173210635275,0.0
peptide_mean__O15240,0.00019041650318924147,0.0
delta1__peptide_std__O00584,0.00018977125039204573,0.0
slope1__peptide_std__P00751,0.00018964896755176158,0.0
slope1__peptide_std__P25311,0.00018959046417289622,0.0
rollmean2__peptide_std__P27169,0.0001892444000395659,0.0
peptide_mean__Q13740,0.00018864223699049132,0.0
rollmean2__peptide_mean__Q14515,0.0001885433397228254,0.0
slope1__peptide_mean__P01717,0.00018832658466814896,0.0
delta1__peptide_mean__P07998,0.00018713618318368455,0.0
lag1__protein_npx__P02753,0.0001868750689806545,0.0
peptide_std__P01008,0.0001864591246887188,0.0
rollmean2__peptide_log__LIADLGSTSITNLGFR,0.00018643474481297277,0.0
delta1__peptide_mean__P01031,0.0001863899101483357,0.0
slope1__peptide_mean__P07711,0.00018611610777324026,0.0
peptide_log__C(UniMod_4)DSSPDSAEDVRK,0.0001857147370461539,0.0
lag1__protein_npx__Q562R1,0.00018452102682829836,0.0
delta1__peptide_std__P07225,0.00018438287522637857,0.0
lag1__peptide_std__Q16610,0.0001843640822454506,0.0
rollmean2__protein_npx__P08697,0.0001838125765853717,0.0
rollmean2__peptide_std__P61769,0.00018278546856876653,0.0
delta1__peptide_count__P06727,0.00018241237062519122,0.0
rollmean2__peptide_mean__P12109,0.0001823350822833918,0.0
missing__peptide_std__P55290,0.00018143452319250946,0.0
peptide_mean__P01859,0.00018114560163712075,0.0
protein_npx__Q562R1,0.0001808034518884289,0.0
rollmean2__peptide_std__P02647,0.00018040944920608872,0.0
rollmean2__peptide_std__P16070,0.00017975300664068523,0.0
rollmean2__peptide_mean__P19823,0.00017960161156765084,0.0
rollmean2__peptide_std__P19652,0.00017885758761977777,0.0
lag1__peptide_mean__P98160,0.00017832363585114851,0.0
peptide_mean__P01591,0.0001774542521803085,0.0
slope1__protein_npx__P43251,0.00017726102371048327,0.0
rollmean2__peptide_std__P01042,0.00017707786810819138,0.0
rollmean2__protein_npx__P08294,0.0001747432322338006,0.0
peptide_std__Q16610,0.00017437128803975713,0.0
lag1__protein_npx__P39060,0.00017351042046729188,0.0
slope1__protein_npx__P07711,0.00017348774609874737,0.0
slope1__peptide_std__P19823,0.00017323621685802812,0.0
delta1__peptide_mean__P04156,0.00017322768650700798,0.0
rollmean2__protein_npx__P19827,0.0001715616709733869,0.0
peptide_std__P02763,0.00017145801263392644,0.0
slope1__protein_npx__P02675,0.00017109394746953798,0.0
slope1__peptide_mean__P49908,0.00017050778041825462,0.0
peptide_std__P08603,0.00017047905647778674,0.0
protein_npx__P02753,0.00017020012176615918,0.0
rollmean2__peptide_mean__Q9HDC9,0.00016956446103218485,0.0
slope1__peptide_mean__P02774,0.00016879428897492846,0.0
rollmean2__peptide_std__Q92823,0.0001685374194424916,0.0
slope1__peptide_mean__P54289,0.00016839806849731093,0.0
rollmean2__protein_npx__P01860,0.0001683549474812034,0.0
peptide_mean__P54289,0.00016817373564050078,0.0
peptide_std__P23142,0.0001666919147255973,0.0
rollmean2__peptide_mean__P02748,0.00016635909792643127,0.0
lag1__peptide_mean__Q12841,0.00016551783821961948,0.0
peptide_log__HYDGSYSTFGER,0.0001638740299069324,0.0
peptide_log__SLAELGGHLDQQVEEFRR,0.0001637540596568234,0.0
peptide_std__P16870,0.00016373514421969378,0.0
peptide_log__VLLDQLR,0.00016241320201668583,0.0
rollmean2__peptide_log__MTVTDQVNC(UniMod_4)PK,0.00016215453670074487,0.0
rollmean2__protein_npx__P49588,0.00016208659020481545,0.0
slope1__protein_npx__O00584,0.00016203550686834636,0.0
peptide_log__RGYQLSDVDGVTC(UniMod_4)EDIDEC(UniMod_4)ALPTGGHIC(UniMod_4)SYR,0.00016202681476647912,0.0
delta1__protein_npx__Q8IWV7,0.00016190799259926968,0.0
rollmean2__peptide_count__P05452,0.00016183477362516176,0.0
lag1__peptide_mean__P01717,0.00016157823646737493,0.0
delta1__protein_npx__P20774,0.00015996671561995914,0.0
rollmean2__peptide_mean__O60888,0.00015984015374287267,0.0
rollmean2__peptide_std__P06396,0.00015947847238834026,0.0
lag1__peptide_mean__P60174,0.00015857129791993605,0.0
rollmean2__peptide_std__P02766,0.0001581213745268057,0.0
peptide_log__RLEGQEEEEDNRDSSMK,0.00015751432575306359,0.0
rollmean2__protein_npx__P20774,0.00015698907015223814,0.0
delta1__peptide_feature_count,0.00015686257637395046,0.0
slope1__peptide_log__HYTNPSQDVTVPC(UniMod_4)PVPPPPPC(UniMod_4)C(UniMod_4)HPR,0.00015615163864606663,0.0
lag1__peptide_log__TPVSDRVTK,0.00015571749117964883,0.0
rollmean2__peptide_std__P08571,0.00015533078085912299,0.0
slope1__peptide_count__P04004,0.00015490129577587863,0.0
lag1__protein_npx__O14791,0.00015485636649007807,0.0
rollmean2__peptide_log__C(UniMod_4)RDQLPYIC(UniMod_4)QFGIV,0.0001548264207824585,0.0
slope1__peptide_std__P16035,0.00015479835866198942,0.0
lag1__peptide_std__P41222,0.00015407801866074326,0.0
rollmean2__peptide_std__P98160,0.00015349009311896433,0.0
peptide_mean__P07333,0.0001525954444982756,0.0
peptide_mean__P01608,0.0001514279356374897,0.0
delta1__peptide_std__P07339,0.00014936746093198957,0.0
peptide_log__MASGAANVVGPK,0.0001488851400295576,0.0
rollmean2__peptide_mean__P19827,0.00014873483533066887,0.0
rollmean2__protein_npx__P14618,0.00014848553982494013,0.0
rollmean2__peptide_std__P01876,0.0001482710685729915,0.0
peptide_mean__P05060,0.0001477680979417188,0.0
delta1__protein_npx__P01009,0.00014682933973787562,0.0
lag1__protein_npx__P40925,0.0001467491865496058,0.0
rollmean2__protein_npx__P01594,0.00014661554390068678,0.0
lag1__peptide_log__EILSVDC(UniMod_4)STNNPSQAK,0.00014654511917251188,0.0
delta1__peptide_log__C(UniMod_4)RDQLPYIC(UniMod_4)QFGIV,0.00014649895050624644,0.0
peptide_mean__P02750,0.00014604647433385812,0.0
delta1__peptide_std__P19823,0.00014472420827331105,0.0
rollmean2__protein_npx__P02766,0.00014372142256221916,0.0
protein_npx__P17936,0.00014364380043817553,0.0
delta1__protein_npx__P05090,0.00014332487928669737,0.0
lag1__peptide_mean__P30086,0.00014302131588356527,0.0
slope1__protein_npx__P04156,0.00014221774302047057,0.0
rollmean2__peptide_log__QIGSVYR,0.000142184628753188,0.0
slope1__protein_npx__P01876,0.0001417969503927154,0.0
rollmean2__protein_npx__P09486,0.0001414436115603936,0.0
rollmean2__protein_npx__P01591,0.0001413058060023786,0.0
rollmean2__protein_npx__P08493,0.00014096941575883148,0.0
rollmean2__peptide_mean__P36980,0.000140191304718069,0.0
protein_npx__P01859,0.00013977835194653964,0.0
slope1__peptide_std__P36955,0.00013959211811746848,0.0
rollmean2__protein_npx__P02750,0.00013944049398734444,0.0
slope1__peptide_log__C(UniMod_4)DSSPDSAEDVRK,0.00013906705190705476,0.0
protein_npx__P07333,0.000138743674348148,0.0
rollmean2__peptide_log__TPLGDTTHTC(UniMod_4)PR,0.00013786509005769086,0.0
rollmean2__peptide_std__P08603,0.00013736024430530006,0.0
peptide_log__SEALAVDGAGKPGAEEAQDPEGK,0.00013722363578605066,0.0
rollmean2__peptide_mean__P00748,0.00013718747401920427,0.0
delta1__peptide_mean__Q13332,0.00013705239442581346,0.0
delta1__peptide_mean__Q9NYU2,0.00013573721573357115,0.0
rollmean2__peptide_count__P00736,0.00013543983619596948,0.0
lag1__peptide_std__P01860,0.00013406970880910292,0.0
slope1__peptide_mean__P06454,0.00013212316673893383,0.0
lag1__peptide_log__SNSSM(UniMod_35)HITDC(UniMod_4)R,0.00013146509415734437,0.0
rollmean2__peptide_mean__P27169,0.00013033402450916102,0.0
lag1__peptide_mean__Q9UKV8,0.00012608031368319155,0.0
lag1__peptide_log__VKDLATVYVDVLK,0.00012303646068988875,0.0
rollmean2__protein_npx__P16152,0.00011925463310029217,0.0
delta1__peptide_std__P00738,0.00011730062703560735,0.0
protein_npx__Q6UXD5,0.00011593640243580348,0.0
missing__protein_npx__Q13449,0.00011533694346523266,0.0
lag1__protein_npx__P08697,0.00011369601102387057,0.0
peptide_mean__P14174,0.0001133801284958406,0.0
lag1__peptide_std__P12109,0.00011151629961862861,0.0
peptide_std__P13987,0.00010950531226131307,0.0
rollmean2__visit_index,0.0001063283637153467,0.0
delta1__peptide_mean__O15240,0.00010518295068868543,0.0
rollmean2__peptide_std__P01857,0.00010322664619883025,0.0
rollmean2__peptide_log__DSGFQM(UniMod_35)NQLR,0.00010239327510703492,0.0
peptide_count__P08603,9.598902042430662e-05,0.0
rollmean2__protein_npx__Q8NBJ4,9.511275453825216e-05,0.0
rollmean2__protein_npx__P10645,9.167203227925426e-05,0.0
protein_npx__Q9UHG2,9.14524471580477e-05,0.0
rollmean2__peptide_log__MASGAANVVGPK,9.139730308623918e-05,0.0
rollmean2__peptide_std__Q96PD5,8.958767324308919e-05,0.0
rollmean2__protein_npx__Q7Z3B1,8.911880270305112e-05,0.0
delta1__peptide_log__LEGQEEEEDNRDSSMK,8.759989401675067e-05,0.0
lag1__peptide_log__VLLDQLR,8.221739207655841e-05,0.0
protein_npx__P19652,7.975951704913985e-05,0.0
peptide_log__FNKPFVFLM(UniMod_35)IEQNTK,7.97465967250498e-05,0.0
protein_npx__P02750,7.769842432101607e-05,0.0
slope1__peptide_mean__P04433,7.631388637134878e-05,0.0
peptide_abundance_sum,7.630588444887108e-05,0.0
rollmean2__peptide_std__P07998,7.400393890013924e-05,0.0
lag1__protein_npx__Q06481,6.967339251011203e-05,0.0
rollmean2__peptide_log__ADDKETC(UniMod_4)FAEEGK,6.653006049281898e-05,0.0
delta1__peptide_std__P01008,6.571511854739363e-05,0.0
lag1__protein_npx__P02792,6.355962867103888e-05,0.0
lag1__peptide_std__P43121,6.32457063197384e-05,0.0
lag1__peptide_std__P00734,6.257077855680543e-05,0.0
rollmean2__protein_npx__P02748,6.2475165690725e-05,0.0
rollmean2__peptide_std__Q14515,5.9202253513146626e-05,0.0
rollmean2__protein_npx__P02647,5.874281669273032e-05,0.0
rollmean2__peptide_observation_count,5.858075603485032e-05,0.0
peptide_mean__P02768,5.84986233071937e-05,0.0
rollmean2__protein_npx__P01861,5.666286170477077e-05,0.0
peptide_log__SC(UniMod_4)SPELQQK,5.2710895835660713e-05,0.0
peptide_mean__P13987,5.182080196665824e-05,0.0
slope1__peptide_log__ADDKETC(UniMod_4)FAEEGK,5.072052176596391e-05,0.0
protein_npx__Q9NQ79,4.6431349425801204e-05,0.0
rollmean2__peptide_log__YYWGGQYTWDMAK,4.582011217520665e-05,0.0
peptide_mean__P08697,4.522862899762282e-05,0.0
delta1__peptide_mean__P98160,4.503258661318102e-05,0.0
rollmean2__peptide_log__DLATVYVDVLK,4.475204735056449e-05,0.0
protein_npx__Q96BZ4,4.432578234687106e-05,0.0
protein_npx__P11277,4.398322734702449e-05,0.0
rollmean2__peptide_mean__P00736,4.349282993606507e-05,0.0
delta1__protein_npx__Q96KN2,3.9538032711126654e-05,0.0
lag1__peptide_std__Q92520,3.936630079306016e-05,0.0
rollmean2__peptide_log__QKVEPLRAELQEGAR,3.576377762221744e-05,0.0
lag1__protein_npx__O60888,3.3169869839487806e-05,0.0
rollmean2__peptide_log__C(UniMod_4)VDVDEC(UniMod_4)APPAEPC(UniMod_4)GK,3.1195391153812406e-05,0.0
rollmean2__peptide_std__Q92876,2.921931768889724e-05,0.0
peptide_count__P14314,2.814783666447638e-05,0.0
delta1__peptide_mean__P19652,2.5412815426261832e-05,0.0
peptide_mean__P04207,2.126134633027767e-05,0.0
missing__peptide_std__O15394,2.0622312623765817e-05,0.0
lag1__peptide_log__NFPPSQDASGDLYTTSSQLTLPATQC(UniMod_4)PDGK,1.8801937675360594e-05,0.0
slope1__peptide_mean__P07602,1.7590738630526357e-05,0.0
peptide_mean__P00748,1.5612970403402845e-05,0.0
delta1__peptide_count__P13611,1.5415515251130015e-05,0.0
rollmean2__protein_npx__Q14508,1.4121800833622575e-05,0.0
rollmean2__peptide_mean__P07225,1.2164029090046223e-05,0.0
lag1__peptide_count__P02787,1.0021215315670356e-05,0.0
rollmean2__peptide_std__Q08380,9.878321497201446e-06,0.0
protein_npx__P02748,4.69096583972247e-06,0.0
delta1__peptide_std__P02750,3.234842819544996e-08,0.0
rollmean2__protein_npx__P01344,0.0,0.0
rollmean2__protein_npx__P01008,0.0,0.0
rollmean2__peptide_mean__P02656,0.0,0.0
rollmean2__peptide_mean__P02671,0.0,0.0
rollmean2__peptide_mean__Q8NE71,0.0,0.0
rollmean2__peptide_mean__P02753,0.0,0.0
rollmean2__protein_npx__P01011,0.0,0.0
slope1__peptide_log__SGELEQEEER,0.0,0.0
rollmean2__protein_npx__P01034,0.0,0.0
slope1__peptide_log__SGEATDGARPQALPEPMQESK,0.0,0.0
rollmean2__protein_npx__P01033,0.0,0.0
rollmean2__protein_npx__P01019,0.0,0.0
rollmean2__peptide_mean__P01011,0.0,0.0
slope1__peptide_log__SFNRGEC(UniMod_4),0.0,0.0
rollmean2__peptide_mean__P61278,0.0,0.0
rollmean2__protein_npx__P01024,0.0,0.0
rollmean2__protein_npx__P01031,0.0,0.0
rollmean2__protein_npx__P01042,0.0,0.0
rollmean2__peptide_mean__Q12805,0.0,0.0
rollmean2__protein_npx__O75326,0.0,0.0
slope1__peptide_log__SSQGGSLPSEEK,0.0,0.0
rollmean2__peptide_mean__Q08380,0.0,0.0
rollmean2__protein_npx__O94919,0.0,0.0
rollmean2__protein_npx__P00441,0.0,0.0
rollmean2__peptide_mean__P01024,0.0,0.0
rollmean2__peptide_mean__P02751,0.0,0.0
rollmean2__protein_npx__P00450,0.0,0.0
rollmean2__peptide_mean__Q06481,0.0,0.0
slope1__peptide_log__SPVGVQPILNEHTFC(UniMod_4)AGMSK,0.0,0.0
rollmean2__peptide_mean__P01019,0.0,0.0
rollmean2__protein_npx__P00736,0.0,0.0
rollmean2__peptide_mean__P61916,0.0,0.0
slope1__peptide_log__SNSSM(UniMod_35)HITDC(UniMod_4)R,0.0,0.0
rollmean2__protein_npx__P00746,0.0,0.0
rollmean2__peptide_mean__P61769,0.0,0.0
rollmean2__protein_npx__P00747,0.0,0.0
rollmean2__peptide_mean__Q9NQ79,0.0,0.0
rollmean2__peptide_mean__P61626,0.0,0.0
rollmean2__peptide_mean__P01023,0.0,0.0
rollmean2__protein_npx__P00748,0.0,0.0
rollmean2__peptide_mean__P01876,0.0,0.0
rollmean2__protein_npx__P00751,0.0,0.0
rollmean2__peptide_mean__Q02818,0.0,0.0
rollmean2__protein_npx__P02452,0.0,0.0
rollmean2__peptide_mean__P49588,0.0,0.0
rollmean2__peptide_mean__Q9UHG2,0.0,0.0
rollmean2__protein_npx__P02649,0.0,0.0
rollmean2__protein_npx__P02652,0.0,0.0
slope1__peptide_log__SC(UniMod_4)DTPPPC(UniMod_4)PR,0.0,0.0
rollmean2__protein_npx__P02655,0.0,0.0
rollmean2__peptide_mean__P00751,0.0,0.0
slope1__peptide_log__RTPITVVK,0.0,0.0
slope1__peptide_log__VDSGNDVTDIADDGC(UniMod_4)PKPPEIAHGYVEHSVR,0.0,0.0
rollmean2__protein_npx__P02656,0.0,0.0
rollmean2__peptide_mean__P01861,0.0,0.0
slope1__peptide_log__RGYQLSDVDGVTC(UniMod_4)EDIDEC(UniMod_4)ALPTGGHIC(UniMod_4)SYR,0.0,0.0
slope1__peptide_log__QWAGLVEK,0.0,0.0
rollmean2__protein_npx__P02671,0.0,0.0
rollmean2__protein_npx__P02675,0.0,0.0
rollmean2__peptide_mean__P00747,0.0,0.0
rollmean2__protein_npx__P02679,0.0,0.0
rollmean2__peptide_mean__P43251,0.0,0.0
rollmean2__peptide_mean__P00746,0.0,0.0
slope1__peptide_log__RLEGQEEEEDNRDSSMK,0.0,0.0
slope1__peptide_log__VDNALQSGNSQESVTEQDSKDSTYSLSSTLTLSK,0.0,0.0
slope1__peptide_log__TTPPVLDSDGSFFLYSR,0.0,0.0
rollmean2__peptide_mean__P60174,0.0,0.0
rollmean2__protein_npx__P01608,0.0,0.0
slope1__peptide_log__SELEEQLTPVAEETR,0.0,0.0
rollmean2__peptide_mean__P54289,0.0,0.0
rollmean2__protein_npx__P01717,0.0,0.0
rollmean2__protein_npx__P01780,0.0,0.0
rollmean2__peptide_mean__Q9NYU2,0.0,0.0
rollmean2__peptide_mean__P51884,0.0,0.0
slope1__peptide_log__SC(UniMod_4)SPELQQK,0.0,0.0
slope1__peptide_log__VC(UniMod_4)PFAGILENGAVR,0.0,0.0
rollmean2__peptide_mean__P01009,0.0,0.0
rollmean2__protein_npx__P01834,0.0,0.0
rollmean2__protein_npx__P01857,0.0,0.0
rollmean2__protein_npx__P01859,0.0,0.0
rollmean2__peptide_mean__P02763,0.0,0.0
slope1__peptide_log__SEALAVDGAGKPGAEEAQDPEGK,0.0,0.0
slope1__peptide_log__TVVQPSVGAAAGPVVPPC(UniMod_4)PGR,0.0,0.0
rollmean2__protein_npx__P01876,0.0,0.0
rollmean2__protein_npx__P01877,0.0,0.0
rollmean2__peptide_mean__P49908,0.0,0.0
slope1__peptide_log__YVM(UniMod_35)LPVADQDQC(UniMod_4)IR,0.0,0.0
slope1__peptide_log__YVMLPVADQDQC(UniMod_4)IR,0.0,0.0
slope1__peptide_log__YYWGGQYTWDMAK,0.0,0.0
slope1__peptide_log__VMPIC(UniMod_4)LPSKDYAEVGR,0.0,0.0
slope1__peptide_log__TM(UniMod_35)LLQPAGSLGSYSYR,0.0,0.0
slope1__peptide_feature_count,0.0,0.0
rollmean2__peptide_mean__P02747,0.0,0.0
rollmean2__peptide_mean__P01717,0.0,0.0
slope1__peptide_missing_fraction,0.0,0.0
slope1__current_updrs_1,0.0,0.0
rollmean2__protein_npx__P02747,0.0,0.0
rollmean2__peptide_mean__Q6UX71,0.0,0.0
slope1__current_updrs_2,0.0,0.0
rollmean2__peptide_mean__Q92876,0.0,0.0
rollmean2__peptide_mean__P01608,0.0,0.0
rollmean2__peptide_mean__P01594,0.0,0.0
rollmean2__peptide_mean__P01591,0.0,0.0
slope1__current_updrs_3,0.0,0.0
rollmean2__peptide_mean__Q96BZ4,0.0,0.0
slope1__current_updrs_4,0.0,0.0
rollmean2__peptide_mean__Q16610,0.0,0.0
rollmean2__peptide_mean__Q16270,0.0,0.0
slope1__peptide_log__TTPPVLDSDGSFFLYSK,0.0,0.0
rollmean2__peptide_mean__P01859,0.0,0.0
slope1__peptide_log__VQPYLDDFQKK,0.0,0.0
slope1__peptide_log__VTLTC(UniMod_4)VAPLSGVDFQLR,0.0,0.0
rollmean2__peptide_mean__Q8N2S1,0.0,0.0
rollmean2__peptide_mean__P01857,0.0,0.0
slope1__peptide_log__TSPVDEKALQDQLVLVAAK,0.0,0.0
slope1__peptide_log__TSAHGNVAEGETKPDPDVTER,0.0,0.0
rollmean2__peptide_mean__P02675,0.0,0.0
rollmean2__peptide_mean__Q7Z5P9,0.0,0.0
rollmean2__peptide_mean__P01833,0.0,0.0
slope1__peptide_log__VTSIQDWVQK,0.0,0.0
slope1__peptide_log__YIVSGTPTFVPYLIK,0.0,0.0
rollmean2__peptide_mean__Q7Z3B1,0.0,0.0
rollmean2__peptide_mean__P01877,0.0,0.0
slope1__peptide_log__VQAAVGTSAAPVPSDNH,0.0,0.0
slope1__peptide_log__TQVNTQAEQLRR,0.0,0.0
rollmean2__peptide_mean__Q6UXD5,0.0,0.0
rollmean2__peptide_mean__P01780,0.0,0.0
slope1__peptide_log__TPVSDRVTK,0.0,0.0
rollmean2__peptide_mean__P02679,0.0,0.0
rollmean2__peptide_mean__Q6UXB8,0.0,0.0
slope1__peptide_log__TPLGDTTHTC(UniMod_4)PR,0.0,0.0
slope1__peptide_log__WELALGR,0.0,0.0
slope1__peptide_log__VYC(UniMod_4)DMNTENGGWTVIQNR,0.0,0.0
rollmean2__peptide_mean__Q99674,0.0,0.0
rollmean2__peptide_mean__Q99683,0.0,0.0
rollmean2__protein_npx__O14498,0.0,0.0
rollmean2__peptide_mean__Q13451,0.0,0.0
rollmean2__peptide_mean__Q13449,0.0,0.0
rollmean2__peptide_mean__Q13332,0.0,0.0
rollmean2__peptide_mean__P02750,0.0,0.0
rollmean2__peptide_mean__Q99829,0.0,0.0
rollmean2__peptide_mean__Q92520,0.0,0.0
rollmean2__peptide_mean__Q99969,0.0,0.0
rollmean2__peptide_mean__Q9BY67,0.0,0.0
slope1__current_medication_on,0.0,0.0
slope1__peptide_log__VGYVSGWGR,0.0,0.0
rollmean2__protein_npx__O14791,0.0,0.0
rollmean2__protein_npx__O15240,0.0,0.0
slope1__peptide_log__SWFEPLVEDM(UniMod_35)QR,0.0,0.0
rollmean2__peptide_mean__Q12841,0.0,0.0
rollmean2__peptide_mean__P01860,0.0,0.0
rollmean2__protein_npx__O15394,0.0,0.0
rollmean2__protein_npx__O43505,0.0,0.0
rollmean2__protein_npx__O60888,0.0,0.0
rollmean2__protein_npx__O75144,0.0,0.0
rollmean2__peptide_mean__P01031,0.0,0.0
rollmean2__peptide_mean__Q12907,0.0,0.0
rollmean2__peptide_mean__Q15904,0.0,0.0
rollmean2__peptide_mean__Q14624,0.0,0.0
rollmean2__peptide_mean__P01344,0.0,0.0
slope1__current_medication_unknown,0.0,0.0
rollmean2__peptide_mean__Q14508,0.0,0.0
slope1__peptide_log__TLLSNLEEAKK,0.0,0.0
slope1__visit_index,0.0,0.0
rollmean2__peptide_mean__Q96KN2,0.0,0.0
slope1__months_since_baseline,0.0,0.0
rollmean2__peptide_mean__Q8NBJ4,0.0,0.0
slope1__months_since_prev_visit,0.0,0.0
rollmean2__peptide_mean__Q99435,0.0,0.0
rollmean2__peptide_mean__P01042,0.0,0.0
slope1__has_previous_visit,0.0,0.0
slope1__peptide_log__VLLDQLR,0.0,0.0
rollmean2__protein_npx__O00391,0.0,0.0
rollmean2__peptide_mean__P01034,0.0,0.0
rollmean2__protein_npx__O00533,0.0,0.0
rollmean2__protein_npx__O00584,0.0,0.0
slope1__peptide_log__VKDLATVYVDVLK,0.0,0.0
rollmean2__peptide_mean__Q14118,0.0,0.0
rollmean2__peptide_mean__Q13740,0.0,0.0
rollmean2__peptide_mean__P01033,0.0,0.0
slope1__peptide_log__TKEEYGHSEVVEYYC(UniMod_4)NPR,0.0,0.0
rollmean2__peptide_mean__P13671,0.0,0.0
rollmean2__peptide_mean__P13591,0.0,0.0
rollmean2__peptide_mean__P13521,0.0,0.0
rollmean2__protein_feature_count,0.0,0.0
rollmean2__peptide_mean__P05090,0.0,0.0
rollmean2__protein_npx__P49908,0.0,0.0
rollmean2__protein_npx__P51884,0.0,0.0
rollmean2__protein_npx__P54289,0.0,0.0
rollmean2__peptide_mean__P13473,0.0,0.0
rollmean2__protein_npx__Q9Y6R7,0.0,0.0
rollmean2__peptide_mean__P05155,0.0,0.0
rollmean2__protein_npx__P61278,0.0,0.0
rollmean2__peptide_mean__P02649,0.0,0.0
rollmean2__protein_npx__P61769,0.0,0.0
rollmean2__protein_npx__P61916,0.0,0.0
rollmean2__peptide_mean__P11277,0.0,0.0
rollmean2__peptide_mean__P11142,0.0,0.0
rollmean2__protein_npx__P98160,0.0,0.0
rollmean2__peptide_mean__P10909,0.0,0.0
rollmean2__peptide_mean__P10645,0.0,0.0
rollmean2__protein_npx__Q08380,0.0,0.0
rollmean2__protein_npx__Q12805,0.0,0.0
rollmean2__protein_npx__Q12841,0.0,0.0
rollmean2__protein_npx__Q12907,0.0,0.0
rollmean2__protein_npx__Q13283,0.0,0.0
rollmean2__peptide_mean__P05156,0.0,0.0
rollmean2__protein_npx__P61626,0.0,0.0
rollmean2__protein_npx__P19021,0.0,0.0
rollmean2__peptide_abundance_sum,0.0,0.0
rollmean2__protein_npx__P19652,0.0,0.0
rollmean2__peptide_mean__P05067,0.0,0.0
rollmean2__protein_npx__P19823,0.0,0.0
rollmean2__peptide_abundance_max,0.0,0.0
rollmean2__peptide_abundance_min,0.0,0.0
rollmean2__protein_npx__P20933,0.0,0.0
rollmean2__peptide_abundance_std,0.0,0.0
rollmean2__protein_npx__P23083,0.0,0.0
rollmean2__protein_npx__P23142,0.0,0.0
rollmean2__protein_npx__P24592,0.0,0.0
rollmean2__protein_npx__P25311,0.0,0.0
rollmean2__protein_npx__P43251,0.0,0.0
rollmean2__protein_npx__P30086,0.0,0.0
rollmean2__protein_npx__P31997,0.0,0.0
rollmean2__peptide_abundance_mean,0.0,0.0
rollmean2__peptide_mean__P14618,0.0,0.0
rollmean2__protein_missing_fraction,0.0,0.0
rollmean2__peptide_mean__P14314,0.0,0.0
rollmean2__protein_npx__P36955,0.0,0.0
rollmean2__protein_npx__P36980,0.0,0.0
rollmean2__peptide_mean__P14174,0.0,0.0
rollmean2__peptide_mean__P13987,0.0,0.0
rollmean2__protein_npx__P40925,0.0,0.0
rollmean2__protein_npx__P41222,0.0,0.0
rollmean2__protein_npx__P43121,0.0,0.0
rollmean2__protein_npx__P27169,0.0,0.0
rollmean2__peptide_mean__P06454,0.0,0.0
rollmean2__protein_npx__Q8N2S1,0.0,0.0
rollmean2__peptide_mean__P06681,0.0,0.0
rollmean2__protein_npx__Q9NQ79,0.0,0.0
rollmean2__protein_npx__Q8NE71,0.0,0.0
rollmean2__protein_npx__Q92520,0.0,0.0
rollmean2__protein_npx__Q92823,0.0,0.0
rollmean2__peptide_mean__P08253,0.0,0.0
rollmean2__protein_npx__Q92876,0.0,0.0
rollmean2__peptide_mean__P08133,0.0,0.0
rollmean2__protein_npx__Q96BZ4,0.0,0.0
rollmean2__protein_npx__Q96KN2,0.0,0.0
rollmean2__protein_npx__Q13332,0.0,0.0
rollmean2__protein_npx__Q96PD5,0.0,0.0
rollmean2__protein_npx__Q96S96,0.0,0.0
rollmean2__protein_npx__Q99435,0.0,0.0
rollmean2__protein_npx__Q9HDC9,0.0,0.0
rollmean2__protein_npx__Q9BY67,0.0,0.0
rollmean2__protein_npx__Q99674,0.0,0.0
rollmean2__protein_npx__Q99683,0.0,0.0
rollmean2__peptide_mean__P07998,0.0,0.0
rollmean2__peptide_mean__P06727,0.0,0.0
rollmean2__peptide_mean__P07858,0.0,0.0
rollmean2__peptide_mean__P07602,0.0,0.0
rollmean2__peptide_mean__P07333,0.0,0.0
rollmean2__peptide_mean__P07195,0.0,0.0
rollmean2__peptide_mean__P08123,0.0,0.0
rollmean2__protein_npx__Q13449,0.0,0.0
rollmean2__protein_npx__Q9Y646,0.0,0.0
rollmean2__protein_npx__Q13451,0.0,0.0
rollmean2__protein_npx__Q13740,0.0,0.0
rollmean2__protein_npx__Q14118,0.0,0.0
rollmean2__peptide_mean__P05408,0.0,0.0
rollmean2__peptide_mean__P10451,0.0,0.0
rollmean2__peptide_mean__P09871,0.0,0.0
rollmean2__peptide_mean__P09486,0.0,0.0
rollmean2__protein_npx__Q9UKV8,0.0,0.0
rollmean2__protein_npx__Q9UHG2,0.0,0.0
rollmean2__peptide_mean__P05452,0.0,0.0
rollmean2__peptide_mean__P09104,0.0,0.0
rollmean2__protein_npx__Q9NYU2,0.0,0.0
rollmean2__protein_npx__Q14515,0.0,0.0
rollmean2__protein_npx__Q14624,0.0,0.0
rollmean2__peptide_mean__P06310,0.0,0.0
rollmean2__protein_npx__Q16270,0.0,0.0
rollmean2__protein_npx__Q16610,0.0,0.0
rollmean2__peptide_mean__P06396,0.0,0.0
rollmean2__protein_npx__Q562R1,0.0,0.0
rollmean2__protein_npx__Q6UX71,0.0,0.0
rollmean2__peptide_mean__P08603,0.0,0.0
rollmean2__protein_npx__Q6UXD5,0.0,0.0
rollmean2__peptide_mean__P08571,0.0,0.0
rollmean2__peptide_mean__P08493,0.0,0.0
rollmean2__protein_npx__Q7Z5P9,0.0,0.0
rollmean2__peptide_mean__P08697,0.0,0.0
rollmean2__protein_npx__P04207,0.0,0.0
rollmean2__peptide_mean__P23083,0.0,0.0
rollmean2__protein_npx__P04211,0.0,0.0
rollmean2__peptide_mean__P00441,0.0,0.0
rollmean2__protein_npx__P04216,0.0,0.0
rollmean2__protein_npx__P04217,0.0,0.0
rollmean2__protein_npx__P04275,0.0,0.0
rollmean2__protein_npx__P04406,0.0,0.0
rollmean2__peptide_mean__P02768,0.0,0.0
rollmean2__peptide_mean__P02774,0.0,0.0
rollmean2__peptide_mean__P02787,0.0,0.0
rollmean2__peptide_mean__O75326,0.0,0.0
rollmean2__protein_npx__P18065,0.0,0.0
rollmean2__peptide_mean__P02792,0.0,0.0
rollmean2__protein_npx__P05067,0.0,0.0
rollmean2__protein_npx__P05090,0.0,0.0
rollmean2__protein_npx__P05155,0.0,0.0
rollmean2__protein_npx__P05156,0.0,0.0
rollmean2__protein_npx__P05408,0.0,0.0
rollmean2__protein_npx__P05452,0.0,0.0
rollmean2__peptide_mean__O43505,0.0,0.0
rollmean2__protein_npx__P05546,0.0,0.0
rollmean2__protein_npx__P06310,0.0,0.0
rollmean2__protein_npx__P06396,0.0,0.0
rollmean2__protein_npx__P06454,0.0,0.0
rollmean2__protein_npx__P06681,0.0,0.0
rollmean2__peptide_mean__O75144,0.0,0.0
rollmean2__peptide_mean__P43121,0.0,0.0
rollmean2__peptide_mean__P00738,0.0,0.0
rollmean2__peptide_mean__P41222,0.0,0.0
rollmean2__peptide_mean__P02765,0.0,0.0
rollmean2__peptide_mean__P40925,0.0,0.0
rollmean2__protein_npx__P02760,0.0,0.0
rollmean2__protein_npx__P02763,0.0,0.0
rollmean2__protein_npx__P02765,0.0,0.0
rollmean2__protein_npx__P02768,0.0,0.0
rollmean2__protein_npx__P02774,0.0,0.0
rollmean2__protein_npx__P02787,0.0,0.0
rollmean2__peptide_mean__P36955,0.0,0.0
rollmean2__protein_npx__P02790,0.0,0.0
rollmean2__peptide_mean__P23142,0.0,0.0
rollmean2__peptide_mean__P00734,0.0,0.0
rollmean2__protein_npx__P02792,0.0,0.0
rollmean2__peptide_mean__P35542,0.0,0.0
rollmean2__protein_npx__P04075,0.0,0.0
rollmean2__peptide_mean__P02766,0.0,0.0
rollmean2__peptide_mean__P32754,0.0,0.0
rollmean2__protein_npx__P04156,0.0,0.0
rollmean2__peptide_mean__P31997,0.0,0.0
rollmean2__peptide_mean__P30086,0.0,0.0
rollmean2__peptide_mean__P25311,0.0,0.0
rollmean2__peptide_mean__P00450,0.0,0.0
rollmean2__peptide_mean__P24592,0.0,0.0
rollmean2__protein_npx__P04196,0.0,0.0
rollmean2__peptide_mean__P36222,0.0,0.0
rollmean2__peptide_mean__O14498,0.0,0.0
rollmean2__peptide_mean__P17936,0.0,0.0
rollmean2__protein_npx__P10643,0.0,0.0
rollmean2__peptide_mean__O00584,0.0,0.0
rollmean2__protein_npx__P10909,0.0,0.0
rollmean2__protein_npx__P11142,0.0,0.0
rollmean2__protein_npx__P11277,0.0,0.0
rollmean2__protein_npx__P12109,0.0,0.0
rollmean2__peptide_mean__P17174,0.0,0.0
rollmean2__peptide_mean__O00533,0.0,0.0
rollmean2__protein_npx__P13473,0.0,0.0
rollmean2__protein_npx__P13521,0.0,0.0
rollmean2__peptide_mean__P16870,0.0,0.0
rollmean2__protein_npx__P06727,0.0,0.0
rollmean2__peptide_mean__O00391,0.0,0.0
rollmean2__protein_npx__P13611,0.0,0.0
rollmean2__peptide_mean__P16152,0.0,0.0
rollmean2__peptide_mean__P16070,0.0,0.0
rollmean2__protein_npx__P13671,0.0,0.0
rollmean2__protein_npx__P13987,0.0,0.0
rollmean2__protein_npx__P14174,0.0,0.0
rollmean2__peptide_mean__P16035,0.0,0.0
rollmean2__protein_npx__P16035,0.0,0.0
rollmean2__protein_npx__P16070,0.0,0.0
rollmean2__protein_npx__P16870,0.0,0.0
rollmean2__protein_npx__P17174,0.0,0.0
rollmean2__protein_npx__P17936,0.0,0.0
rollmean2__protein_npx__P13591,0.0,0.0
rollmean2__protein_npx__P07195,0.0,0.0
rollmean2__protein_npx__P07225,0.0,0.0
rollmean2__protein_npx__P07333,0.0,0.0
rollmean2__protein_npx__P07339,0.0,0.0
rollmean2__peptide_mean__O15394,0.0,0.0
rollmean2__peptide_mean__P19652,0.0,0.0
rollmean2__protein_npx__P07602,0.0,0.0
rollmean2__peptide_mean__P04004,0.0,0.0
rollmean2__protein_npx__P07711,0.0,0.0
rollmean2__protein_npx__P07858,0.0,0.0
rollmean2__protein_npx__P07998,0.0,0.0
rollmean2__protein_npx__P08123,0.0,0.0
rollmean2__protein_npx__P08133,0.0,0.0
rollmean2__peptide_mean__P04275,0.0,0.0
rollmean2__peptide_mean__P04156,0.0,0.0
rollmean2__peptide_mean__P18065,0.0,0.0
rollmean2__peptide_mean__P04180,0.0,0.0
rollmean2__protein_npx__P08571,0.0,0.0
rollmean2__protein_npx__P08603,0.0,0.0
rollmean2__protein_npx__P08637,0.0,0.0
rollmean2__peptide_mean__P04207,0.0,0.0
rollmean2__peptide_mean__P04211,0.0,0.0
rollmean2__protein_npx__P09104,0.0,0.0
rollmean2__peptide_mean__P04216,0.0,0.0
rollmean2__peptide_mean__O14773,0.0,0.0
rollmean2__protein_npx__P09871,0.0,0.0
rollmean2__protein_npx__P10451,0.0,0.0
rollmean2__peptide_mean__P19021,0.0,0.0
slope1__peptide_mean__Q12841,0.0,0.0
slope1__peptide_mean__Q12805,0.0,0.0
slope1__peptide_mean__Q08380,0.0,0.0
slope1__peptide_mean__Q06481,0.0,0.0
slope1__peptide_mean__Q02818,0.0,0.0
slope1__peptide_mean__P98160,0.0,0.0
slope1__peptide_mean__P80748,0.0,0.0
slope1__peptide_mean__P61769,0.0,0.0
slope1__peptide_mean__P61626,0.0,0.0
rollmean2__peptide_mean__Q9UBX5,0.0,0.0
slope1__peptide_mean__P60174,0.0,0.0
slope1__peptide_mean__P55290,0.0,0.0
slope1__peptide_mean__P51884,0.0,0.0
slope1__peptide_mean__P49588,0.0,0.0
slope1__peptide_mean__P43652,0.0,0.0
slope1__peptide_mean__P43251,0.0,0.0
slope1__peptide_mean__P43121,0.0,0.0
slope1__peptide_mean__P41222,0.0,0.0
slope1__peptide_mean__P40925,0.0,0.0
slope1__peptide_mean__P39060,0.0,0.0
slope1__peptide_mean__P61278,0.0,0.0
slope1__peptide_mean__Q8NE71,0.0,0.0
slope1__peptide_mean__Q8NBJ4,0.0,0.0
slope1__peptide_mean__Q8N2S1,0.0,0.0
slope1__peptide_mean__Q8IWV7,0.0,0.0
slope1__peptide_mean__Q7Z5P9,0.0,0.0
slope1__peptide_mean__Q7Z3B1,0.0,0.0
slope1__peptide_mean__Q6UXD5,0.0,0.0
slope1__peptide_mean__Q6UXB8,0.0,0.0
slope1__peptide_mean__Q6UX71,0.0,0.0
slope1__peptide_mean__Q562R1,0.0,0.0
slope1__peptide_mean__Q12907,0.0,0.0
slope1__peptide_mean__Q16270,0.0,0.0
slope1__peptide_mean__Q15904,0.0,0.0
slope1__peptide_mean__Q14624,0.0,0.0
slope1__peptide_mean__Q14515,0.0,0.0
slope1__peptide_mean__Q14508,0.0,0.0
slope1__peptide_mean__Q14118,0.0,0.0
slope1__peptide_mean__Q13740,0.0,0.0
slope1__peptide_mean__Q13449,0.0,0.0
slope1__peptide_mean__Q13332,0.0,0.0
slope1__peptide_mean__Q13283,0.0,0.0
slope1__peptide_mean__Q16610,0.0,0.0
slope1__peptide_mean__P16070,0.0,0.0
slope1__peptide_mean__P16035,0.0,0.0
slope1__peptide_mean__P14618,0.0,0.0
slope1__peptide_mean__P14314,0.0,0.0
slope1__peptide_mean__P14174,0.0,0.0
slope1__peptide_mean__P13987,0.0,0.0
slope1__peptide_mean__P13671,0.0,0.0
slope1__peptide_mean__P13591,0.0,0.0
slope1__peptide_mean__P13521,0.0,0.0
slope1__peptide_mean__P36980,0.0,0.0
slope1__peptide_mean__P12109,0.0,0.0
slope1__peptide_mean__P11277,0.0,0.0
slope1__peptide_mean__P11142,0.0,0.0
slope1__peptide_mean__P10909,0.0,0.0
slope1__peptide_mean__P10645,0.0,0.0
slope1__peptide_mean__P10643,0.0,0.0
slope1__peptide_mean__P10451,0.0,0.0
slope1__peptide_mean__P09871,0.0,0.0
slope1__peptide_mean__P09486,0.0,0.0
slope1__peptide_mean__P09104,0.0,0.0
slope1__peptide_mean__P13473,0.0,0.0
slope1__peptide_mean__P36955,0.0,0.0
slope1__peptide_mean__P36222,0.0,0.0
slope1__peptide_mean__P35542,0.0,0.0
slope1__peptide_mean__P32754,0.0,0.0
slope1__peptide_mean__P31997,0.0,0.0
slope1__peptide_mean__P30086,0.0,0.0
slope1__peptide_mean__P27169,0.0,0.0
slope1__peptide_mean__P25311,0.0,0.0
slope1__peptide_mean__P24592,0.0,0.0
slope1__peptide_mean__P23142,0.0,0.0
slope1__peptide_mean__P16152,0.0,0.0
slope1__peptide_mean__P20933,0.0,0.0
slope1__peptide_mean__P20774,0.0,0.0
slope1__peptide_mean__P19827,0.0,0.0
slope1__peptide_mean__P19823,0.0,0.0
slope1__peptide_mean__P19652,0.0,0.0
slope1__peptide_mean__P19021,0.0,0.0
slope1__peptide_mean__P18065,0.0,0.0
slope1__peptide_mean__P17936,0.0,0.0
slope1__peptide_mean__P17174,0.0,0.0
slope1__peptide_mean__P16870,0.0,0.0
slope1__peptide_mean__P23083,0.0,0.0
slope1__peptide_std__P02787,0.0,0.0
slope1__peptide_std__P02774,0.0,0.0
slope1__peptide_std__P02768,0.0,0.0
slope1__peptide_std__P02766,0.0,0.0
slope1__peptide_std__P02765,0.0,0.0
slope1__peptide_std__P02763,0.0,0.0
slope1__peptide_std__P02753,0.0,0.0
slope1__peptide_std__P02751,0.0,0.0
slope1__peptide_std__P02750,0.0,0.0
slope1__peptide_mean__Q92520,0.0,0.0
slope1__peptide_std__P02748,0.0,0.0
slope1__peptide_std__P02747,0.0,0.0
slope1__peptide_std__P02679,0.0,0.0
slope1__peptide_std__P02675,0.0,0.0
slope1__peptide_std__P02671,0.0,0.0
slope1__peptide_std__P02656,0.0,0.0
slope1__peptide_std__P02652,0.0,0.0
slope1__peptide_std__P02649,0.0,0.0
slope1__peptide_std__P02647,0.0,0.0
slope1__peptide_std__P02452,0.0,0.0
slope1__peptide_std__P02749,0.0,0.0
slope1__peptide_std__P08571,0.0,0.0
slope1__peptide_std__P08493,0.0,0.0
slope1__peptide_std__P07998,0.0,0.0
slope1__peptide_std__P07711,0.0,0.0
slope1__peptide_std__P07602,0.0,0.0
slope1__peptide_std__P07225,0.0,0.0
slope1__peptide_std__P06727,0.0,0.0
slope1__peptide_std__P06681,0.0,0.0
slope1__peptide_std__P06396,0.0,0.0
slope1__peptide_std__P05546,0.0,0.0
slope1__peptide_std__P02790,0.0,0.0
slope1__peptide_std__P05156,0.0,0.0
slope1__peptide_std__P05090,0.0,0.0
slope1__peptide_std__P05067,0.0,0.0
slope1__peptide_std__P05060,0.0,0.0
slope1__peptide_std__P04433,0.0,0.0
slope1__peptide_std__P04217,0.0,0.0
slope1__peptide_std__P04196,0.0,0.0
slope1__peptide_std__P04180,0.0,0.0
slope1__peptide_std__P04075,0.0,0.0
slope1__peptide_std__P04004,0.0,0.0
slope1__peptide_std__P05452,0.0,0.0
slope1__peptide_std__O00584,0.0,0.0
slope1__peptide_std__O00533,0.0,0.0
slope1__peptide_mean__Q9Y6R7,0.0,0.0
slope1__peptide_mean__Q9Y646,0.0,0.0
slope1__peptide_mean__Q9UNU6,0.0,0.0
slope1__peptide_mean__Q9UHG2,0.0,0.0
slope1__peptide_mean__Q9UBX5,0.0,0.0
slope1__peptide_mean__Q9UBR2,0.0,0.0
slope1__peptide_mean__Q9NQ79,0.0,0.0
slope1__peptide_std__P01876,0.0,0.0
slope1__peptide_mean__Q9BY67,0.0,0.0
slope1__peptide_mean__Q99832,0.0,0.0
slope1__peptide_mean__Q99683,0.0,0.0
slope1__peptide_mean__Q99674,0.0,0.0
slope1__peptide_mean__Q99435,0.0,0.0
slope1__peptide_mean__Q96S96,0.0,0.0
slope1__peptide_mean__Q96PD5,0.0,0.0
slope1__peptide_mean__Q96KN2,0.0,0.0
slope1__peptide_mean__Q96BZ4,0.0,0.0
slope1__peptide_mean__Q92876,0.0,0.0
slope1__peptide_mean__Q9HDC9,0.0,0.0
slope1__peptide_std__P01860,0.0,0.0
slope1__peptide_std__P01859,0.0,0.0
slope1__peptide_std__P01857,0.0,0.0
slope1__peptide_std__P01834,0.0,0.0
slope1__peptide_std__P01034,0.0,0.0
slope1__peptide_std__P01024,0.0,0.0
slope1__peptide_std__P01023,0.0,0.0
slope1__peptide_std__P01019,0.0,0.0
slope1__peptide_std__P01011,0.0,0.0
slope1__peptide_std__P01009,0.0,0.0
slope1__peptide_std__O14773,0.0,0.0
slope1__peptide_std__P00748,0.0,0.0
slope1__peptide_std__P00747,0.0,0.0
slope1__peptide_std__P00746,0.0,0.0
slope1__peptide_std__P00738,0.0,0.0
slope1__peptide_std__P00736,0.0,0.0
slope1__peptide_std__P00734,0.0,0.0
slope1__peptide_std__P00441,0.0,0.0
slope1__peptide_std__O75144,0.0,0.0
slope1__peptide_std__O15394,0.0,0.0
slope1__peptide_std__O15240,0.0,0.0
slope1__peptide_std__P01008,0.0,0.0
slope1__protein_npx__Q9UNU6,0.0,0.0
slope1__protein_npx__Q9UKV8,0.0,0.0
slope1__protein_npx__Q9UHG2,0.0,0.0
slope1__protein_npx__Q9UBX5,0.0,0.0
slope1__protein_npx__Q9UBR2,0.0,0.0
slope1__protein_npx__Q9NYU2,0.0,0.0
slope1__protein_npx__Q9NQ79,0.0,0.0
slope1__protein_npx__Q9HDC9,0.0,0.0
slope1__protein_npx__Q9BY67,0.0,0.0
slope1__peptide_mean__P08697,0.0,0.0
slope1__protein_npx__Q99832,0.0,0.0
slope1__protein_npx__Q99829,0.0,0.0
slope1__protein_npx__Q99683,0.0,0.0
slope1__protein_npx__Q99674,0.0,0.0
slope1__protein_npx__Q99435,0.0,0.0
slope1__protein_npx__Q96S96,0.0,0.0
slope1__protein_npx__Q96PD5,0.0,0.0
slope1__protein_npx__Q96KN2,0.0,0.0
slope1__protein_npx__Q96BZ4,0.0,0.0
slope1__protein_npx__Q92823,0.0,0.0
slope1__protein_npx__Q99969,0.0,0.0
slope1__peptide_mean__O75326,0.0,0.0
slope1__peptide_mean__O75144,0.0,0.0
slope1__peptide_mean__O60888,0.0,0.0
slope1__peptide_mean__O43505,0.0,0.0
slope1__peptide_mean__O15394,0.0,0.0
slope1__peptide_mean__O15240,0.0,0.0
slope1__peptide_mean__O14791,0.0,0.0
slope1__peptide_mean__O14773,0.0,0.0
slope1__peptide_mean__O14498,0.0,0.0
slope1__peptide_mean__O00584,0.0,0.0
slope1__protein_npx__Q9Y646,0.0,0.0
slope1__peptide_mean__O00391,0.0,0.0
slope1__peptide_observation_count,0.0,0.0
slope1__peptide_abundance_sum,0.0,0.0
slope1__peptide_abundance_max,0.0,0.0
slope1__peptide_abundance_min,0.0,0.0
slope1__peptide_abundance_std,0.0,0.0
slope1__peptide_abundance_mean,0.0,0.0
slope1__protein_missing_fraction,0.0,0.0
slope1__protein_feature_count,0.0,0.0
slope1__protein_npx__Q9Y6R7,0.0,0.0
slope1__peptide_mean__O00533,0.0,0.0
slope1__protein_npx__Q08380,0.0,0.0
slope1__protein_npx__Q06481,0.0,0.0
slope1__protein_npx__Q02818,0.0,0.0
slope1__protein_npx__P98160,0.0,0.0
slope1__protein_npx__P80748,0.0,0.0
slope1__protein_npx__P61916,0.0,0.0
slope1__protein_npx__P61769,0.0,0.0
slope1__protein_npx__P61626,0.0,0.0
slope1__protein_npx__P60174,0.0,0.0
slope1__protein_npx__Q92520,0.0,0.0
slope1__protein_npx__P51884,0.0,0.0
slope1__protein_npx__P49908,0.0,0.0
slope1__protein_npx__P49588,0.0,0.0
slope1__protein_npx__P43652,0.0,0.0
slope1__protein_npx__P43121,0.0,0.0
slope1__protein_npx__P41222,0.0,0.0
slope1__protein_npx__P40925,0.0,0.0
slope1__protein_npx__P39060,0.0,0.0
slope1__protein_npx__P36980,0.0,0.0
slope1__protein_npx__P36955,0.0,0.0
slope1__protein_npx__P55290,0.0,0.0
slope1__protein_npx__Q8NE71,0.0,0.0
slope1__protein_npx__Q8NBJ4,0.0,0.0
slope1__protein_npx__Q8N2S1,0.0,0.0
slope1__protein_npx__Q7Z5P9,0.0,0.0
slope1__protein_npx__Q7Z3B1,0.0,0.0
slope1__protein_npx__Q6UXD5,0.0,0.0
slope1__protein_npx__Q6UXB8,0.0,0.0
slope1__protein_npx__Q6UX71,0.0,0.0
slope1__protein_npx__Q562R1,0.0,0.0
slope1__protein_npx__Q16610,0.0,0.0
slope1__protein_npx__Q12805,0.0,0.0
slope1__protein_npx__Q14624,0.0,0.0
slope1__protein_npx__Q14515,0.0,0.0
slope1__protein_npx__Q14508,0.0,0.0
slope1__protein_npx__Q14118,0.0,0.0
slope1__protein_npx__Q13740,0.0,0.0
slope1__protein_npx__Q13451,0.0,0.0
slope1__protein_npx__Q13449,0.0,0.0
slope1__protein_npx__Q13332,0.0,0.0
slope1__protein_npx__Q13283,0.0,0.0
slope1__protein_npx__Q12841,0.0,0.0
slope1__protein_npx__Q16270,0.0,0.0
slope1__peptide_mean__P05060,0.0,0.0
slope1__peptide_mean__P04406,0.0,0.0
slope1__peptide_mean__P04275,0.0,0.0
slope1__peptide_mean__P04217,0.0,0.0
slope1__peptide_mean__P04216,0.0,0.0
slope1__peptide_mean__P04211,0.0,0.0
slope1__peptide_mean__P04207,0.0,0.0
slope1__peptide_mean__P04196,0.0,0.0
slope1__peptide_mean__P04180,0.0,0.0
slope1__peptide_mean__O94919,0.0,0.0
slope1__peptide_mean__P04075,0.0,0.0
slope1__peptide_mean__P04004,0.0,0.0
slope1__peptide_mean__P02792,0.0,0.0
slope1__peptide_mean__P02790,0.0,0.0
slope1__peptide_mean__P02787,0.0,0.0
slope1__peptide_mean__P02768,0.0,0.0
slope1__peptide_mean__P02766,0.0,0.0
slope1__peptide_mean__P02765,0.0,0.0
slope1__peptide_mean__P02763,0.0,0.0
slope1__peptide_mean__P02760,0.0,0.0
slope1__peptide_mean__P04156,0.0,0.0
slope1__peptide_mean__P08637,0.0,0.0
slope1__peptide_mean__P08571,0.0,0.0
slope1__peptide_mean__P08493,0.0,0.0
slope1__peptide_mean__P08294,0.0,0.0
slope1__peptide_mean__P08253,0.0,0.0
slope1__peptide_mean__P08133,0.0,0.0
slope1__peptide_mean__P08123,0.0,0.0
slope1__peptide_mean__P07998,0.0,0.0
slope1__peptide_mean__P07858,0.0,0.0
slope1__peptide_mean__P07339,0.0,0.0
slope1__peptide_mean__P05067,0.0,0.0
slope1__peptide_mean__P07225,0.0,0.0
slope1__peptide_mean__P07195,0.0,0.0
slope1__peptide_mean__P06727,0.0,0.0
slope1__peptide_mean__P06681,0.0,0.0
slope1__peptide_mean__P06310,0.0,0.0
slope1__peptide_mean__P05452,0.0,0.0
slope1__peptide_mean__P05408,0.0,0.0
slope1__peptide_mean__P05156,0.0,0.0
slope1__peptide_mean__P05155,0.0,0.0
slope1__peptide_mean__P05090,0.0,0.0
slope1__peptide_mean__P07333,0.0,0.0
slope1__peptide_mean__P01608,0.0,0.0
slope1__peptide_mean__P01594,0.0,0.0
slope1__peptide_mean__P01591,0.0,0.0
slope1__peptide_mean__P01042,0.0,0.0
slope1__peptide_mean__P01034,0.0,0.0
slope1__peptide_mean__P01033,0.0,0.0
slope1__peptide_mean__P01031,0.0,0.0
slope1__peptide_mean__P01024,0.0,0.0
slope1__peptide_mean__P01019,0.0,0.0
slope1__peptide_mean__P01011,0.0,0.0
slope1__peptide_mean__P02753,0.0,0.0
slope1__peptide_mean__P01008,0.0,0.0
slope1__peptide_mean__P00751,0.0,0.0
slope1__peptide_mean__P00748,0.0,0.0
slope1__peptide_mean__P00747,0.0,0.0
slope1__peptide_mean__P00746,0.0,0.0
slope1__peptide_mean__P00738,0.0,0.0
slope1__peptide_mean__P00736,0.0,0.0
slope1__peptide_mean__P00734,0.0,0.0
slope1__peptide_mean__P00450,0.0,0.0
slope1__peptide_mean__P00441,0.0,0.0
slope1__peptide_mean__P01009,0.0,0.0
slope1__peptide_mean__P02751,0.0,0.0
slope1__peptide_mean__P02750,0.0,0.0
slope1__peptide_mean__P02749,0.0,0.0
slope1__peptide_mean__P02748,0.0,0.0
slope1__peptide_mean__P02747,0.0,0.0
slope1__peptide_mean__P02679,0.0,0.0
slope1__peptide_mean__P02675,0.0,0.0
slope1__peptide_mean__P02671,0.0,0.0
slope1__peptide_mean__P02652,0.0,0.0
slope1__peptide_mean__P02649,0.0,0.0
slope1__peptide_mean__P01621,0.0,0.0
slope1__peptide_mean__P02452,0.0,0.0
slope1__peptide_mean__P01877,0.0,0.0
slope1__peptide_mean__P01876,0.0,0.0
slope1__peptide_mean__P01861,0.0,0.0
slope1__peptide_mean__P01860,0.0,0.0
slope1__peptide_mean__P01859,0.0,0.0
slope1__peptide_mean__P01857,0.0,0.0
slope1__peptide_mean__P01834,0.0,0.0
slope1__peptide_mean__P01833,0.0,0.0
slope1__peptide_mean__P01780,0.0,0.0
slope1__peptide_mean__P02647,0.0,0.0
slope1__peptide_count__Q14624,0.0,0.0
slope1__peptide_count__Q14515,0.0,0.0
slope1__peptide_count__Q14508,0.0,0.0
slope1__peptide_count__Q14118,0.0,0.0
slope1__peptide_count__Q13740,0.0,0.0
slope1__peptide_count__Q13451,0.0,0.0
slope1__peptide_count__Q13449,0.0,0.0
slope1__peptide_count__Q13332,0.0,0.0
slope1__peptide_count__Q13283,0.0,0.0
slope1__peptide_std__P08603,0.0,0.0
slope1__peptide_count__Q12841,0.0,0.0
slope1__peptide_count__Q12805,0.0,0.0
slope1__peptide_count__Q08380,0.0,0.0
slope1__peptide_count__Q06481,0.0,0.0
slope1__peptide_count__Q02818,0.0,0.0
slope1__peptide_count__P98160,0.0,0.0
slope1__peptide_count__P80748,0.0,0.0
slope1__peptide_count__P61916,0.0,0.0
slope1__peptide_count__P61769,0.0,0.0
slope1__peptide_count__P61626,0.0,0.0
slope1__peptide_count__Q12907,0.0,0.0
slope1__peptide_count__Q99674,0.0,0.0
slope1__peptide_count__Q99435,0.0,0.0
slope1__peptide_count__Q96S96,0.0,0.0
slope1__peptide_count__Q96PD5,0.0,0.0
slope1__peptide_count__Q96KN2,0.0,0.0
slope1__peptide_count__Q96BZ4,0.0,0.0
slope1__peptide_count__Q92876,0.0,0.0
slope1__peptide_count__Q92823,0.0,0.0
slope1__peptide_count__Q92520,0.0,0.0
slope1__peptide_count__Q8NE71,0.0,0.0
slope1__peptide_count__Q15904,0.0,0.0
slope1__peptide_count__Q8N2S1,0.0,0.0
slope1__peptide_count__Q8IWV7,0.0,0.0
slope1__peptide_count__Q7Z5P9,0.0,0.0
slope1__peptide_count__Q7Z3B1,0.0,0.0
slope1__peptide_count__Q6UXD5,0.0,0.0
slope1__peptide_count__Q6UXB8,0.0,0.0
slope1__peptide_count__Q6UX71,0.0,0.0
slope1__peptide_count__Q562R1,0.0,0.0
slope1__peptide_count__Q16610,0.0,0.0
slope1__peptide_count__Q16270,0.0,0.0
slope1__peptide_count__Q8NBJ4,0.0,0.0
slope1__peptide_count__P23142,0.0,0.0
slope1__peptide_count__P23083,0.0,0.0
slope1__peptide_count__P20933,0.0,0.0
slope1__peptide_count__P19827,0.0,0.0
slope1__peptide_count__P19823,0.0,0.0
slope1__peptide_count__P19652,0.0,0.0
slope1__peptide_count__P19021,0.0,0.0
slope1__peptide_count__P18065,0.0,0.0
slope1__peptide_count__P17936,0.0,0.0
slope1__peptide_count__P61278,0.0,0.0
slope1__peptide_count__P16870,0.0,0.0
slope1__peptide_count__P16152,0.0,0.0
slope1__peptide_count__P16070,0.0,0.0
slope1__peptide_count__P16035,0.0,0.0
slope1__peptide_count__P14618,0.0,0.0
slope1__peptide_count__P14314,0.0,0.0
slope1__peptide_count__P14174,0.0,0.0
slope1__peptide_count__P13987,0.0,0.0
slope1__peptide_count__P13671,0.0,0.0
slope1__peptide_count__P13611,0.0,0.0
slope1__peptide_count__P17174,0.0,0.0
slope1__peptide_count__P60174,0.0,0.0
slope1__peptide_count__P55290,0.0,0.0
slope1__peptide_count__P54289,0.0,0.0
slope1__peptide_count__P51884,0.0,0.0
slope1__peptide_count__P49908,0.0,0.0
slope1__peptide_count__P49588,0.0,0.0
slope1__peptide_count__P43652,0.0,0.0
slope1__peptide_count__P43251,0.0,0.0
slope1__peptide_count__P43121,0.0,0.0
slope1__peptide_count__P41222,0.0,0.0
slope1__peptide_count__P24592,0.0,0.0
slope1__peptide_count__P39060,0.0,0.0
slope1__peptide_count__P36980,0.0,0.0
slope1__peptide_count__P36955,0.0,0.0
slope1__peptide_count__P36222,0.0,0.0
slope1__peptide_count__P35542,0.0,0.0
slope1__peptide_count__P32754,0.0,0.0
slope1__peptide_count__P31997,0.0,0.0
slope1__peptide_count__P30086,0.0,0.0
slope1__peptide_count__P27169,0.0,0.0
slope1__peptide_count__P25311,0.0,0.0
slope1__peptide_count__P40925,0.0,0.0
slope1__peptide_log__LGPLVEQGR,0.0,0.0
slope1__peptide_log__LGADMEDVC(UniMod_4)GR,0.0,0.0
slope1__peptide_log__LGADM(UniMod_35)EDVC(UniMod_4)GR,0.0,0.0
slope1__peptide_log__LFDSDPITVTVPVEVSR,0.0,0.0
slope1__peptide_log__LEGQEEEEDNRDSSMK,0.0,0.0
slope1__peptide_log__LDEVKEQVAEVR,0.0,0.0
slope1__peptide_log__LC(UniMod_4)MGSGLNLC(UniMod_4)EPNNKEGYYGYTGAFR,0.0,0.0
slope1__peptide_log__LAVYQAGAR,0.0,0.0
slope1__peptide_log__KVEQAVETEPEPELR,0.0,0.0
slope1__peptide_count__Q99683,0.0,0.0
slope1__peptide_log__KFPSGTFEQVSQLVK,0.0,0.0
slope1__peptide_log__KAADDTWEPFASGK,0.0,0.0
slope1__peptide_log__IMNGEADAMSLDGGFVYIAGK,0.0,0.0
slope1__peptide_log__ILTC(UniMod_4)M(UniMod_35)QGMEEIR,0.0,0.0
slope1__peptide_log__ILLQGTPVAQMTEDAVDAER,0.0,0.0
slope1__peptide_log__IHWESASLLR,0.0,0.0
slope1__peptide_log__HYEGSTVPEK,0.0,0.0
slope1__peptide_log__HYDGSYSTFGER,0.0,0.0
slope1__peptide_log__HGGLYHENMR,0.0,0.0
slope1__peptide_log__GYQLSDVDGVTC(UniMod_4)EDIDEC(UniMod_4)ALPTGGHIC(UniMod_4)SYR,0.0,0.0
slope1__peptide_log__KQELSEAEQATR,0.0,0.0
slope1__peptide_log__QNC(UniMod_4)ELFEQLGEYK,0.0,0.0
slope1__peptide_log__QKVEPLRAELQEGAR,0.0,0.0
slope1__peptide_log__QIGSVYR,0.0,0.0
slope1__peptide_log__NPDSSTTGPWC(UniMod_4)YTTDPTVR,0.0,0.0
slope1__peptide_log__NPDPWAK,0.0,0.0
slope1__peptide_log__NFPPSQDASGDLYTTSSQLTLPATQC(UniMod_4)PDGK,0.0,0.0
slope1__peptide_log__NFPPSQDASGDLYTTSSQLTLPATQC(UniMod_4)LAGK,0.0,0.0
slope1__peptide_log__MYYSAVDPTKDIFTGLIGPM(UniMod_35)K,0.0,0.0
slope1__peptide_log__MTVTDQVNC(UniMod_4)PK,0.0,0.0
slope1__peptide_log__MASGAANVVGPK,0.0,0.0
slope1__peptide_log__LGPLVEQGRVR,0.0,0.0
slope1__peptide_log__M(UniMod_35)ASGAANVVGPK,0.0,0.0
slope1__peptide_log__LVGGPM(UniMod_35)DASVEEEGVRR,0.0,0.0
slope1__peptide_log__LSSWVLLM(UniMod_35)K,0.0,0.0
slope1__peptide_log__LSNENHGIAQR,0.0,0.0
slope1__peptide_log__LSKELQAAQAR,0.0,0.0
slope1__peptide_log__LRTEGDGVYTLNNEKQWINK,0.0,0.0
slope1__peptide_log__LQAEAFQAR,0.0,0.0
slope1__peptide_log__LPPTSAHGNVAEGETKPDPDVTER,0.0,0.0
slope1__peptide_log__LIADLGSTSITNLGFR,0.0,0.0
slope1__peptide_log__LGQSLDC(UniMod_4)NAEVYVVPWEK,0.0,0.0
slope1__peptide_log__M(UniMod_35)YLGYEYVTAIR,0.0,0.0
slope1__peptide_log__ANRPFLVFIR,0.0,0.0
slope1__peptide_log__ALGISPFHEHAEVVFTANDSGPR,0.0,0.0
slope1__peptide_log__AKLEEQAQQIR,0.0,0.0
slope1__peptide_log__AEAQEAEDQQAR,0.0,0.0
slope1__peptide_log__AATVGSLAGQPLQER,0.0,0.0
slope1__peptide_log__AATGEC(UniMod_4)TATVGKR,0.0,0.0
slope1__peptide_count__Q9Y6R7,0.0,0.0
slope1__peptide_count__Q9Y646,0.0,0.0
slope1__peptide_count__Q9UNU6,0.0,0.0
slope1__peptide_log__GSPAINVAVHVFRK,0.0,0.0
slope1__peptide_count__Q9UHG2,0.0,0.0
slope1__peptide_count__Q9UBX5,0.0,0.0
slope1__peptide_count__Q9UBR2,0.0,0.0
slope1__peptide_count__Q9NYU2,0.0,0.0
slope1__peptide_count__Q9NQ79,0.0,0.0
slope1__peptide_count__Q9HDC9,0.0,0.0
slope1__peptide_count__Q9BY67,0.0,0.0
slope1__peptide_count__Q99969,0.0,0.0
slope1__peptide_count__Q99832,0.0,0.0
slope1__peptide_count__Q99829,0.0,0.0
slope1__peptide_count__Q9UKV8,0.0,0.0
slope1__peptide_log__GEVQAMLGQSTEELR,0.0,0.0
slope1__peptide_log__GC(UniMod_4)PTEEGC(UniMod_4)GER,0.0,0.0
slope1__peptide_log__FM(UniMod_35)ETVAEK,0.0,0.0
slope1__peptide_log__FLATTPNSLLVSWQPPR,0.0,0.0
slope1__peptide_log__ELSSFIDKGQELC(UniMod_4)ADYSENTFTEYK,0.0,0.0
slope1__peptide_log__ELDESLQVAER,0.0,0.0
slope1__peptide_log__EILSVDC(UniMod_4)STNNPSQAK,0.0,0.0
slope1__peptide_log__EDSLEAGLPLQVR,0.0,0.0
slope1__peptide_log__DSGFQM(UniMod_35)NQLR,0.0,0.0
slope1__peptide_log__DSGEGDFLAEGGGVR,0.0,0.0
slope1__peptide_log__AVGDKLPEC(UniMod_4)EADDGC(UniMod_4)PKPPEIAHGYVEHSVR,0.0,0.0
slope1__peptide_log__DASGVTFTWTPSSGK,0.0,0.0
slope1__peptide_log__C(UniMod_4)VDVDEC(UniMod_4)APPAEPC(UniMod_4)GK,0.0,0.0
slope1__peptide_log__C(UniMod_4)TSTGWIPAPR,0.0,0.0
slope1__peptide_log__C(UniMod_4)SYTEDAQC(UniMod_4)IDGTIEVPK,0.0,0.0
slope1__peptide_log__C(UniMod_4)REILSVDC(UniMod_4)STNNPSQAK,0.0,0.0
slope1__peptide_log__C(UniMod_4)RDQLPYIC(UniMod_4)QFGIV,0.0,0.0
slope1__peptide_log__C(UniMod_4)IIEVLSNALSK,0.0,0.0
slope1__peptide_log__C(UniMod_4)C(UniMod_4)VEC(UniMod_4)PPC(UniMod_4)PAPPVAGPSVFLFPPKPK,0.0,0.0
slope1__peptide_log__AYQGVAAPFPK,0.0,0.0
slope1__peptide_log__AYKSELEEQLTPVAEETR,0.0,0.0
slope1__peptide_log__DLATVYVDVLK,0.0,0.0
slope1__peptide_count__P00441,0.0,0.0
slope1__peptide_count__O94919,0.0,0.0
slope1__peptide_count__O75326,0.0,0.0
slope1__peptide_count__O75144,0.0,0.0
slope1__peptide_count__O60888,0.0,0.0
slope1__peptide_count__O43505,0.0,0.0
slope1__peptide_count__O15394,0.0,0.0
slope1__peptide_count__O15240,0.0,0.0
slope1__peptide_count__O14791,0.0,0.0
slope1__peptide_count__P13591,0.0,0.0
slope1__peptide_count__O14498,0.0,0.0
slope1__peptide_count__O00584,0.0,0.0
slope1__peptide_count__O00533,0.0,0.0
slope1__peptide_count__O00391,0.0,0.0
slope1__peptide_std__Q9Y6R7,0.0,0.0
slope1__peptide_std__Q9UHG2,0.0,0.0
slope1__peptide_std__Q9UBX5,0.0,0.0
slope1__peptide_std__Q9NQ79,0.0,0.0
slope1__peptide_std__Q96PD5,0.0,0.0
slope1__peptide_std__Q96KN2,0.0,0.0
slope1__peptide_count__O14773,0.0,0.0
slope1__peptide_count__P01608,0.0,0.0
slope1__peptide_count__P01594,0.0,0.0
slope1__peptide_count__P01591,0.0,0.0
slope1__peptide_count__P01344,0.0,0.0
slope1__peptide_count__P01042,0.0,0.0
slope1__peptide_count__P01034,0.0,0.0
slope1__peptide_count__P01033,0.0,0.0
slope1__peptide_count__P01031,0.0,0.0
slope1__peptide_count__P01024,0.0,0.0
slope1__peptide_count__P01023,0.0,0.0
slope1__peptide_count__P00450,0.0,0.0
slope1__peptide_count__P01011,0.0,0.0
slope1__peptide_count__P01009,0.0,0.0
slope1__peptide_count__P01008,0.0,0.0
slope1__peptide_count__P00751,0.0,0.0
slope1__peptide_count__P00748,0.0,0.0
slope1__peptide_count__P00747,0.0,0.0
slope1__peptide_count__P00746,0.0,0.0
slope1__peptide_count__P00738,0.0,0.0
slope1__peptide_count__P00736,0.0,0.0
slope1__peptide_count__P00734,0.0,0.0
slope1__peptide_count__P01019,0.0,0.0
slope1__peptide_std__P30086,0.0,0.0
slope1__peptide_std__P27169,0.0,0.0
slope1__peptide_std__P24592,0.0,0.0
slope1__peptide_std__P23142,0.0,0.0
slope1__peptide_std__P19652,0.0,0.0
slope1__peptide_std__P18065,0.0,0.0
slope1__peptide_std__P17174,0.0,0.0
slope1__peptide_std__P16870,0.0,0.0
slope1__peptide_std__P16070,0.0,0.0
slope1__peptide_std__Q92876,0.0,0.0
slope1__peptide_std__P14314,0.0,0.0
slope1__peptide_std__P13987,0.0,0.0
slope1__peptide_std__P13611,0.0,0.0
slope1__peptide_std__P13591,0.0,0.0
slope1__peptide_std__P12109,0.0,0.0
slope1__peptide_std__P10909,0.0,0.0
slope1__peptide_std__P10645,0.0,0.0
slope1__peptide_std__P10643,0.0,0.0
slope1__peptide_std__P09871,0.0,0.0
slope1__peptide_std__P08697,0.0,0.0
slope1__peptide_std__P14618,0.0,0.0
slope1__peptide_std__Q92823,0.0,0.0
slope1__peptide_std__Q92520,0.0,0.0
slope1__peptide_std__Q6UXB8,0.0,0.0
slope1__peptide_std__Q16610,0.0,0.0
slope1__peptide_std__Q14624,0.0,0.0
slope1__peptide_std__Q14515,0.0,0.0
slope1__peptide_std__Q14118,0.0,0.0
slope1__peptide_std__Q13740,0.0,0.0
slope1__peptide_std__Q12907,0.0,0.0
slope1__peptide_std__Q12841,0.0,0.0
slope1__peptide_std__P39060,0.0,0.0
slope1__peptide_std__Q08380,0.0,0.0
slope1__peptide_std__Q06481,0.0,0.0
slope1__peptide_std__P98160,0.0,0.0
slope1__peptide_std__P61916,0.0,0.0
slope1__peptide_std__P61769,0.0,0.0
slope1__peptide_std__P55290,0.0,0.0
slope1__peptide_std__P54289,0.0,0.0
slope1__peptide_std__P43652,0.0,0.0
slope1__peptide_std__P43121,0.0,0.0
slope1__peptide_std__P41222,0.0,0.0
slope1__peptide_std__Q12805,0.0,0.0
slope1__peptide_count__P07858,0.0,0.0
slope1__peptide_count__P07711,0.0,0.0
slope1__peptide_count__P07602,0.0,0.0
slope1__peptide_count__P07339,0.0,0.0
slope1__peptide_count__P07333,0.0,0.0
slope1__peptide_count__P07225,0.0,0.0
slope1__peptide_count__P07195,0.0,0.0
slope1__peptide_count__P06727,0.0,0.0
slope1__peptide_count__P06681,0.0,0.0
slope1__peptide_count__P01621,0.0,0.0
slope1__peptide_count__P06396,0.0,0.0
slope1__peptide_count__P06310,0.0,0.0
slope1__peptide_count__P05546,0.0,0.0
slope1__peptide_count__P05452,0.0,0.0
slope1__peptide_count__P05408,0.0,0.0
slope1__peptide_count__P05156,0.0,0.0
slope1__peptide_count__P05155,0.0,0.0
slope1__peptide_count__P05090,0.0,0.0
slope1__peptide_count__P05067,0.0,0.0
slope1__peptide_count__P05060,0.0,0.0
slope1__peptide_count__P06454,0.0,0.0
slope1__peptide_count__P13521,0.0,0.0
slope1__peptide_count__P13473,0.0,0.0
slope1__peptide_count__P12109,0.0,0.0
slope1__peptide_count__P11277,0.0,0.0
slope1__peptide_count__P11142,0.0,0.0
slope1__peptide_count__P10909,0.0,0.0
slope1__peptide_count__P10645,0.0,0.0
slope1__peptide_count__P10643,0.0,0.0
slope1__peptide_count__P10451,0.0,0.0
slope1__peptide_count__P09871,0.0,0.0
slope1__peptide_count__P07998,0.0,0.0
slope1__peptide_count__P09104,0.0,0.0
slope1__peptide_count__P08697,0.0,0.0
slope1__peptide_count__P08637,0.0,0.0
slope1__peptide_count__P08603,0.0,0.0
slope1__peptide_count__P08571,0.0,0.0
slope1__peptide_count__P08493,0.0,0.0
slope1__peptide_count__P08294,0.0,0.0
slope1__peptide_count__P08253,0.0,0.0
slope1__peptide_count__P08133,0.0,0.0
slope1__peptide_count__P08123,0.0,0.0
slope1__peptide_count__P09486,0.0,0.0
slope1__peptide_count__P02749,0.0,0.0
slope1__peptide_count__P02748,0.0,0.0
slope1__peptide_count__P02747,0.0,0.0
slope1__peptide_count__P02679,0.0,0.0
slope1__peptide_count__P02675,0.0,0.0
slope1__peptide_count__P02671,0.0,0.0
slope1__peptide_count__P02655,0.0,0.0
slope1__peptide_count__P02652,0.0,0.0
slope1__peptide_count__P02649,0.0,0.0
slope1__peptide_count__P02647,0.0,0.0
slope1__peptide_count__P04433,0.0,0.0
slope1__peptide_count__P01877,0.0,0.0
slope1__peptide_count__P01876,0.0,0.0
slope1__peptide_count__P01861,0.0,0.0
slope1__peptide_count__P01860,0.0,0.0
slope1__peptide_count__P01859,0.0,0.0
slope1__peptide_count__P01857,0.0,0.0
slope1__peptide_count__P01834,0.0,0.0
slope1__peptide_count__P01833,0.0,0.0
slope1__peptide_count__P01780,0.0,0.0
slope1__peptide_count__P01717,0.0,0.0
slope1__peptide_count__P02452,0.0,0.0
slope1__peptide_count__P04406,0.0,0.0
slope1__peptide_count__P04275,0.0,0.0
slope1__peptide_count__P04217,0.0,0.0
slope1__peptide_count__P04216,0.0,0.0
slope1__peptide_count__P04211,0.0,0.0
slope1__peptide_count__P04207,0.0,0.0
slope1__peptide_count__P04196,0.0,0.0
slope1__peptide_count__P04180,0.0,0.0
slope1__peptide_count__P04156,0.0,0.0
slope1__peptide_count__P04075,0.0,0.0
slope1__peptide_count__P02750,0.0,0.0
slope1__peptide_count__P02790,0.0,0.0
slope1__peptide_count__P02787,0.0,0.0
slope1__peptide_count__P02774,0.0,0.0
slope1__peptide_count__P02768,0.0,0.0
slope1__peptide_count__P02766,0.0,0.0
slope1__peptide_count__P02765,0.0,0.0
slope1__peptide_count__P02763,0.0,0.0
slope1__peptide_count__P02760,0.0,0.0
slope1__peptide_count__P02753,0.0,0.0
slope1__peptide_count__P02751,0.0,0.0
slope1__peptide_count__P02792,0.0,0.0
missing__peptide_std__P02763,0.0,0.0
missing__peptide_std__P02760,0.0,0.0
missing__peptide_std__P02753,0.0,0.0
missing__peptide_std__P02751,0.0,0.0
missing__peptide_std__P02750,0.0,0.0
missing__peptide_std__P02749,0.0,0.0
missing__peptide_std__P02748,0.0,0.0
missing__peptide_std__P02747,0.0,0.0
missing__peptide_std__P02679,0.0,0.0
rollmean2__peptide_count__O60888,0.0,0.0
missing__peptide_std__P02671,0.0,0.0
missing__peptide_std__P02656,0.0,0.0
missing__peptide_std__P02652,0.0,0.0
missing__peptide_std__P02649,0.0,0.0
missing__peptide_std__P02647,0.0,0.0
missing__peptide_std__P02452,0.0,0.0
missing__peptide_std__P01877,0.0,0.0
missing__peptide_std__P01876,0.0,0.0
missing__peptide_std__P01860,0.0,0.0
missing__peptide_std__P01859,0.0,0.0
missing__peptide_std__P02675,0.0,0.0
missing__peptide_std__P06681,0.0,0.0
missing__peptide_std__P06396,0.0,0.0
missing__peptide_std__P05546,0.0,0.0
missing__peptide_std__P05452,0.0,0.0
missing__peptide_std__P05156,0.0,0.0
missing__peptide_std__P05155,0.0,0.0
missing__peptide_std__P05090,0.0,0.0
missing__peptide_std__P05067,0.0,0.0
missing__peptide_std__P05060,0.0,0.0
missing__peptide_std__P02765,0.0,0.0
missing__peptide_std__P04217,0.0,0.0
missing__peptide_std__P04196,0.0,0.0
missing__peptide_std__P04180,0.0,0.0
missing__peptide_std__P04075,0.0,0.0
missing__peptide_std__P04004,0.0,0.0
missing__peptide_std__P02790,0.0,0.0
missing__peptide_std__P02787,0.0,0.0
missing__peptide_std__P02774,0.0,0.0
missing__peptide_std__P02768,0.0,0.0
missing__peptide_std__P02766,0.0,0.0
missing__peptide_std__P04433,0.0,0.0
missing__peptide_std__O00584,0.0,0.0
missing__peptide_std__O00533,0.0,0.0
missing__peptide_mean__Q9Y6R7,0.0,0.0
missing__peptide_mean__Q9Y646,0.0,0.0
missing__peptide_mean__Q9UNU6,0.0,0.0
missing__peptide_mean__Q9UKV8,0.0,0.0
missing__peptide_mean__Q9UHG2,0.0,0.0
missing__peptide_mean__Q9UBX5,0.0,0.0
missing__peptide_mean__Q9UBR2,0.0,0.0
missing__peptide_std__P01857,0.0,0.0
missing__peptide_mean__Q9NQ79,0.0,0.0
missing__peptide_mean__Q9HDC9,0.0,0.0
missing__peptide_mean__Q9BY67,0.0,0.0
missing__peptide_mean__Q99969,0.0,0.0
missing__peptide_mean__Q99832,0.0,0.0
missing__peptide_mean__Q99829,0.0,0.0
missing__peptide_mean__Q99683,0.0,0.0
missing__peptide_mean__Q99674,0.0,0.0
missing__peptide_mean__Q99435,0.0,0.0
missing__peptide_mean__Q96S96,0.0,0.0
missing__peptide_mean__Q9NYU2,0.0,0.0
missing__peptide_std__P01834,0.0,0.0
missing__peptide_std__P01042,0.0,0.0
missing__peptide_std__P01034,0.0,0.0
missing__peptide_std__P01024,0.0,0.0
missing__peptide_std__P01023,0.0,0.0
missing__peptide_std__P01019,0.0,0.0
missing__peptide_std__P01011,0.0,0.0
missing__peptide_std__P01009,0.0,0.0
missing__peptide_std__P01008,0.0,0.0
missing__peptide_std__P00751,0.0,0.0
missing__peptide_std__O14773,0.0,0.0
missing__peptide_std__P00747,0.0,0.0
missing__peptide_std__P00746,0.0,0.0
missing__peptide_std__P00738,0.0,0.0
missing__peptide_std__P00736,0.0,0.0
missing__peptide_std__P00734,0.0,0.0
missing__peptide_std__P00450,0.0,0.0
missing__peptide_std__P00441,0.0,0.0
missing__peptide_std__O94919,0.0,0.0
missing__peptide_std__O75144,0.0,0.0
missing__peptide_std__O15240,0.0,0.0
missing__peptide_std__P00748,0.0,0.0
missing__peptide_std__Q9NQ79,0.0,0.0
missing__peptide_std__Q96PD5,0.0,0.0
missing__peptide_std__Q96KN2,0.0,0.0
missing__peptide_std__Q92876,0.0,0.0
missing__peptide_std__Q92823,0.0,0.0
missing__peptide_std__Q92520,0.0,0.0
missing__peptide_std__Q6UXB8,0.0,0.0
missing__peptide_std__Q16610,0.0,0.0
missing__peptide_std__Q16270,0.0,0.0
missing__peptide_std__P06727,0.0,0.0
missing__peptide_std__Q14515,0.0,0.0
missing__peptide_std__Q14118,0.0,0.0
missing__peptide_std__Q13740,0.0,0.0
missing__peptide_std__Q12907,0.0,0.0
missing__peptide_std__Q12841,0.0,0.0
missing__peptide_std__Q12805,0.0,0.0
missing__peptide_std__Q08380,0.0,0.0
missing__peptide_std__Q06481,0.0,0.0
missing__peptide_std__P98160,0.0,0.0
missing__peptide_std__P61916,0.0,0.0
missing__peptide_std__Q14624,0.0,0.0
missing__peptide_count__P00738,0.0,0.0
missing__peptide_count__P00736,0.0,0.0
missing__peptide_count__P00734,0.0,0.0
missing__peptide_count__P00450,0.0,0.0
missing__peptide_count__P00441,0.0,0.0
missing__peptide_count__O94919,0.0,0.0
missing__peptide_count__O75326,0.0,0.0
missing__peptide_count__O75144,0.0,0.0
missing__peptide_count__O60888,0.0,0.0
missing__peptide_std__Q9UBX5,0.0,0.0
missing__peptide_count__O15394,0.0,0.0
missing__peptide_count__O15240,0.0,0.0
missing__peptide_count__O14791,0.0,0.0
missing__peptide_count__O14773,0.0,0.0
missing__peptide_count__O14498,0.0,0.0
missing__peptide_count__O00584,0.0,0.0
missing__peptide_count__O00533,0.0,0.0
missing__peptide_count__O00391,0.0,0.0
missing__peptide_std__Q9Y6R7,0.0,0.0
missing__peptide_std__Q9UHG2,0.0,0.0
missing__peptide_count__O43505,0.0,0.0
missing__peptide_std__P14314,0.0,0.0
missing__peptide_std__P13987,0.0,0.0
missing__peptide_std__P13611,0.0,0.0
missing__peptide_std__P13591,0.0,0.0
missing__peptide_std__P12109,0.0,0.0
missing__peptide_std__P10909,0.0,0.0
missing__peptide_std__P10645,0.0,0.0
missing__peptide_std__P10643,0.0,0.0
missing__peptide_std__P09871,0.0,0.0
missing__peptide_std__P61769,0.0,0.0
missing__peptide_std__P08697,0.0,0.0
missing__peptide_std__P08603,0.0,0.0
missing__peptide_std__P08571,0.0,0.0
missing__peptide_std__P08493,0.0,0.0
missing__peptide_std__P08294,0.0,0.0
missing__peptide_std__P07998,0.0,0.0
missing__peptide_std__P07711,0.0,0.0
missing__peptide_std__P07602,0.0,0.0
missing__peptide_std__P07339,0.0,0.0
missing__peptide_std__P07225,0.0,0.0
missing__peptide_std__P09486,0.0,0.0
missing__peptide_std__P54289,0.0,0.0
missing__peptide_std__P51884,0.0,0.0
missing__peptide_std__P43652,0.0,0.0
missing__peptide_std__P43121,0.0,0.0
missing__peptide_std__P41222,0.0,0.0
missing__peptide_std__P39060,0.0,0.0
missing__peptide_std__P36955,0.0,0.0
missing__peptide_std__P36222,0.0,0.0
missing__peptide_std__P30086,0.0,0.0
missing__peptide_std__P27169,0.0,0.0
missing__peptide_std__P14618,0.0,0.0
missing__peptide_std__P24592,0.0,0.0
missing__peptide_std__P23142,0.0,0.0
missing__peptide_std__P20774,0.0,0.0
missing__peptide_std__P19823,0.0,0.0
missing__peptide_std__P19652,0.0,0.0
missing__peptide_std__P18065,0.0,0.0
missing__peptide_std__P17174,0.0,0.0
missing__peptide_std__P16870,0.0,0.0
missing__peptide_std__P16070,0.0,0.0
missing__peptide_std__P16035,0.0,0.0
missing__peptide_std__P25311,0.0,0.0
missing__peptide_mean__P07339,0.0,0.0
missing__peptide_mean__P07333,0.0,0.0
missing__peptide_mean__P07225,0.0,0.0
missing__peptide_mean__P07195,0.0,0.0
missing__peptide_mean__P06727,0.0,0.0
missing__peptide_mean__P06681,0.0,0.0
missing__peptide_mean__P06454,0.0,0.0
missing__peptide_mean__P06396,0.0,0.0
missing__peptide_mean__P05546,0.0,0.0
missing__peptide_mean__Q96PD5,0.0,0.0
missing__peptide_mean__P05408,0.0,0.0
missing__peptide_mean__P05156,0.0,0.0
missing__peptide_mean__P05155,0.0,0.0
missing__peptide_mean__P05090,0.0,0.0
missing__peptide_mean__P05067,0.0,0.0
missing__peptide_mean__P05060,0.0,0.0
missing__peptide_mean__P04433,0.0,0.0
missing__peptide_mean__P04406,0.0,0.0
missing__peptide_mean__P04275,0.0,0.0
missing__peptide_mean__P04217,0.0,0.0
missing__peptide_mean__P05452,0.0,0.0
missing__peptide_mean__P11142,0.0,0.0
missing__peptide_mean__P10909,0.0,0.0
missing__peptide_mean__P10645,0.0,0.0
missing__peptide_mean__P10643,0.0,0.0
missing__peptide_mean__P10451,0.0,0.0
missing__peptide_mean__P09871,0.0,0.0
missing__peptide_mean__P09486,0.0,0.0
missing__peptide_mean__P09104,0.0,0.0
missing__peptide_mean__P08697,0.0,0.0
missing__peptide_mean__P07602,0.0,0.0
missing__peptide_mean__P08603,0.0,0.0
missing__peptide_mean__P08571,0.0,0.0
missing__peptide_mean__P08493,0.0,0.0
missing__peptide_mean__P08294,0.0,0.0
missing__peptide_mean__P08253,0.0,0.0
missing__peptide_mean__P08133,0.0,0.0
missing__peptide_mean__P08123,0.0,0.0
missing__peptide_mean__P07998,0.0,0.0
missing__peptide_mean__P07858,0.0,0.0
missing__peptide_mean__P07711,0.0,0.0
missing__peptide_mean__P08637,0.0,0.0
missing__peptide_mean__P02679,0.0,0.0
missing__peptide_mean__P02675,0.0,0.0
missing__peptide_mean__P02671,0.0,0.0
missing__peptide_mean__P02656,0.0,0.0
missing__peptide_mean__P02655,0.0,0.0
missing__peptide_mean__P02652,0.0,0.0
missing__peptide_mean__P02649,0.0,0.0
missing__peptide_mean__P02647,0.0,0.0
missing__peptide_mean__P02452,0.0,0.0
missing__peptide_mean__P04216,0.0,0.0
missing__peptide_mean__P01876,0.0,0.0
missing__peptide_mean__P01861,0.0,0.0
missing__peptide_mean__P01860,0.0,0.0
missing__peptide_mean__P01859,0.0,0.0
missing__peptide_mean__P01857,0.0,0.0
missing__peptide_mean__P01834,0.0,0.0
missing__peptide_mean__P01833,0.0,0.0
missing__peptide_mean__P01780,0.0,0.0
missing__peptide_mean__P01717,0.0,0.0
missing__peptide_mean__P01621,0.0,0.0
missing__peptide_mean__P01877,0.0,0.0
missing__peptide_mean__P04211,0.0,0.0
missing__peptide_mean__P04207,0.0,0.0
missing__peptide_mean__P04196,0.0,0.0
missing__peptide_mean__P04180,0.0,0.0
missing__peptide_mean__P04156,0.0,0.0
missing__peptide_mean__P04075,0.0,0.0
missing__peptide_mean__P04004,0.0,0.0
missing__peptide_mean__P02792,0.0,0.0
missing__peptide_mean__P02790,0.0,0.0
missing__peptide_mean__P02787,0.0,0.0
missing__peptide_mean__P02747,0.0,0.0
missing__peptide_mean__P02768,0.0,0.0
missing__peptide_mean__P02766,0.0,0.0
missing__peptide_mean__P02765,0.0,0.0
missing__peptide_mean__P02763,0.0,0.0
missing__peptide_mean__P02760,0.0,0.0
missing__peptide_mean__P02753,0.0,0.0
missing__peptide_mean__P02751,0.0,0.0
missing__peptide_mean__P02750,0.0,0.0
missing__peptide_mean__P02749,0.0,0.0
missing__peptide_mean__P02748,0.0,0.0
missing__peptide_mean__P02774,0.0,0.0
missing__peptide_mean__Q13740,0.0,0.0
missing__peptide_mean__Q13451,0.0,0.0
missing__peptide_mean__Q13449,0.0,0.0
missing__peptide_mean__Q13332,0.0,0.0
missing__peptide_mean__Q13283,0.0,0.0
missing__peptide_mean__Q12907,0.0,0.0
missing__peptide_mean__Q12841,0.0,0.0
missing__peptide_mean__Q12805,0.0,0.0
missing__peptide_mean__Q08380,0.0,0.0
missing__peptide_mean__P11277,0.0,0.0
missing__peptide_mean__Q02818,0.0,0.0
missing__peptide_mean__P98160,0.0,0.0
missing__peptide_mean__P80748,0.0,0.0
missing__peptide_mean__P61916,0.0,0.0
missing__peptide_mean__P61769,0.0,0.0
missing__peptide_mean__P61626,0.0,0.0
missing__peptide_mean__P61278,0.0,0.0
missing__peptide_mean__P60174,0.0,0.0
missing__peptide_mean__P55290,0.0,0.0
missing__peptide_mean__P54289,0.0,0.0
missing__peptide_mean__Q06481,0.0,0.0
missing__peptide_mean__Q96KN2,0.0,0.0
missing__peptide_mean__Q96BZ4,0.0,0.0
missing__peptide_mean__Q92876,0.0,0.0
missing__peptide_mean__Q92823,0.0,0.0
missing__peptide_mean__Q92520,0.0,0.0
missing__peptide_mean__Q8NE71,0.0,0.0
missing__peptide_mean__Q8NBJ4,0.0,0.0
missing__peptide_mean__Q8N2S1,0.0,0.0
missing__peptide_mean__Q8IWV7,0.0,0.0
missing__peptide_mean__Q7Z5P9,0.0,0.0
missing__peptide_mean__Q14118,0.0,0.0
missing__peptide_mean__Q6UXD5,0.0,0.0
missing__peptide_mean__Q6UXB8,0.0,0.0
missing__peptide_mean__Q6UX71,0.0,0.0
missing__peptide_mean__Q562R1,0.0,0.0
missing__peptide_mean__Q16610,0.0,0.0
missing__peptide_mean__Q16270,0.0,0.0
missing__peptide_mean__Q15904,0.0,0.0
missing__peptide_mean__Q14624,0.0,0.0
missing__peptide_mean__Q14515,0.0,0.0
missing__peptide_mean__Q14508,0.0,0.0
missing__peptide_mean__Q7Z3B1,0.0,0.0
missing__peptide_mean__P19823,0.0,0.0
missing__peptide_mean__P19652,0.0,0.0
missing__peptide_mean__P19021,0.0,0.0
missing__peptide_mean__P18065,0.0,0.0
missing__peptide_mean__P17936,0.0,0.0
missing__peptide_mean__P17174,0.0,0.0
missing__peptide_mean__P16870,0.0,0.0
missing__peptide_mean__P16152,0.0,0.0
missing__peptide_mean__P16070,0.0,0.0
missing__peptide_mean__P51884,0.0,0.0
missing__peptide_mean__P14618,0.0,0.0
missing__peptide_mean__P14314,0.0,0.0
missing__peptide_mean__P14174,0.0,0.0
missing__peptide_mean__P13987,0.0,0.0
missing__peptide_mean__P13671,0.0,0.0
missing__peptide_mean__P13611,0.0,0.0
missing__peptide_mean__P13591,0.0,0.0
missing__peptide_mean__P13521,0.0,0.0
missing__peptide_mean__P13473,0.0,0.0
missing__peptide_mean__P12109,0.0,0.0
missing__peptide_mean__P16035,0.0,0.0
missing__peptide_mean__P49908,0.0,0.0
missing__peptide_mean__P49588,0.0,0.0
missing__peptide_mean__P43652,0.0,0.0
missing__peptide_mean__P43251,0.0,0.0
missing__peptide_mean__P43121,0.0,0.0
missing__peptide_mean__P41222,0.0,0.0
missing__peptide_mean__P40925,0.0,0.0
missing__peptide_mean__P39060,0.0,0.0
missing__peptide_mean__P36980,0.0,0.0
missing__peptide_mean__P36955,0.0,0.0
missing__peptide_mean__P19827,0.0,0.0
missing__peptide_mean__P35542,0.0,0.0
missing__peptide_mean__P31997,0.0,0.0
missing__peptide_mean__P30086,0.0,0.0
missing__peptide_mean__P27169,0.0,0.0
missing__peptide_mean__P25311,0.0,0.0
missing__peptide_mean__P24592,0.0,0.0
missing__peptide_mean__P23142,0.0,0.0
missing__peptide_mean__P23083,0.0,0.0
missing__peptide_mean__P20933,0.0,0.0
missing__peptide_mean__P20774,0.0,0.0
missing__peptide_mean__P36222,0.0,0.0
missing__peptide_log__ELDESLQVAER,0.0,0.0
missing__peptide_log__EILSVDC(UniMod_4)STNNPSQAK,0.0,0.0
missing__peptide_log__EDSLEAGLPLQVR,0.0,0.0
missing__peptide_log__DSGFQM(UniMod_35)NQLR,0.0,0.0
missing__peptide_log__DSGEGDFLAEGGGVR,0.0,0.0
missing__peptide_log__DLATVYVDVLK,0.0,0.0
missing__peptide_log__DASGVTFTWTPSSGK,0.0,0.0
missing__peptide_log__C(UniMod_4)VDVDEC(UniMod_4)APPAEPC(UniMod_4)GK,0.0,0.0
missing__peptide_log__C(UniMod_4)TSTGWIPAPR,0.0,0.0
missing__peptide_count__P00746,0.0,0.0
missing__peptide_log__C(UniMod_4)REILSVDC(UniMod_4)STNNPSQAK,0.0,0.0
missing__peptide_log__C(UniMod_4)KPVNTFVHEPLVDVQNVC(UniMod_4)FQEK,0.0,0.0
missing__peptide_log__C(UniMod_4)IIEVLSNALSK,0.0,0.0
missing__peptide_log__C(UniMod_4)DSSPDSAEDVRK,0.0,0.0
missing__peptide_log__C(UniMod_4)C(UniMod_4)VEC(UniMod_4)PPC(UniMod_4)PAPPVAGPSVFLFPPKPK,0.0,0.0
missing__peptide_log__AYQGVAAPFPK,0.0,0.0
missing__peptide_log__AYKSELEEQLTPVAEETR,0.0,0.0
missing__peptide_log__AVLPTGDVIGDSAK,0.0,0.0
missing__peptide_log__AVGDKLPEC(UniMod_4)EADDGC(UniMod_4)PKPPEIAHGYVEHSVR,0.0,0.0
missing__peptide_log__ATVNPSAPR,0.0,0.0
missing__peptide_log__C(UniMod_4)SYTEDAQC(UniMod_4)IDGTIEVPK,0.0,0.0
missing__peptide_log__KVEQAVETEPEPELR,0.0,0.0
missing__peptide_log__KQELSEAEQATR,0.0,0.0
missing__peptide_log__KFPSGTFEQVSQLVK,0.0,0.0
missing__peptide_log__KAADDTWEPFASGK,0.0,0.0
missing__peptide_log__IMNGEADAMSLDGGFVYIAGK,0.0,0.0
missing__peptide_log__ILTC(UniMod_4)M(UniMod_35)QGMEEIR,0.0,0.0
missing__peptide_log__ILLQGTPVAQMTEDAVDAER,0.0,0.0
missing__peptide_log__IHWESASLLR,0.0,0.0
missing__peptide_log__HYTNPSQDVTVPC(UniMod_4)PVPPPPPC(UniMod_4)C(UniMod_4)HPR,0.0,0.0
missing__peptide_log__ELSSFIDKGQELC(UniMod_4)ADYSENTFTEYK,0.0,0.0
missing__peptide_log__HYDGSYSTFGER,0.0,0.0
missing__peptide_log__HGGLYHENMR,0.0,0.0
missing__peptide_log__GYQLSDVDGVTC(UniMod_4)EDIDEC(UniMod_4)ALPTGGHIC(UniMod_4)SYR,0.0,0.0
missing__peptide_log__GSPAINVAVHVFRK,0.0,0.0
missing__peptide_log__GEVQAMLGQSTEELRVR,0.0,0.0
missing__peptide_log__GEVQAMLGQSTEELR,0.0,0.0
missing__peptide_log__GC(UniMod_4)PTEEGC(UniMod_4)GER,0.0,0.0
missing__peptide_log__FNKPFVFLM(UniMod_35)IEQNTK,0.0,0.0
missing__peptide_log__FM(UniMod_35)ETVAEK,0.0,0.0
missing__peptide_log__FLATTPNSLLVSWQPPR,0.0,0.0
missing__peptide_log__HYEGSTVPEK,0.0,0.0
missing__peptide_count__Q99435,0.0,0.0
missing__peptide_count__Q96S96,0.0,0.0
missing__peptide_count__Q96PD5,0.0,0.0
missing__peptide_count__Q96KN2,0.0,0.0
missing__peptide_count__Q96BZ4,0.0,0.0
missing__peptide_count__Q92876,0.0,0.0
missing__peptide_count__Q92823,0.0,0.0
missing__peptide_count__Q92520,0.0,0.0
missing__peptide_count__Q8NE71,0.0,0.0
missing__peptide_log__ANRPFLVFIR,0.0,0.0
missing__peptide_count__Q8N2S1,0.0,0.0
missing__peptide_count__Q8IWV7,0.0,0.0
missing__peptide_count__Q7Z5P9,0.0,0.0
missing__peptide_count__Q7Z3B1,0.0,0.0
missing__peptide_count__Q6UXD5,0.0,0.0
missing__peptide_count__Q6UXB8,0.0,0.0
missing__peptide_count__Q6UX71,0.0,0.0
missing__peptide_count__Q562R1,0.0,0.0
missing__peptide_count__Q16610,0.0,0.0
missing__peptide_count__Q16270,0.0,0.0
missing__peptide_count__Q8NBJ4,0.0,0.0
missing__peptide_log__ALGISPFHEHAEVVFTANDSGPR,0.0,0.0
missing__peptide_log__AKLEEQAQQIR,0.0,0.0
missing__peptide_log__AEAQEAEDQQAR,0.0,0.0
missing__peptide_log__ADDKETC(UniMod_4)FAEEGK,0.0,0.0
missing__peptide_log__AATVGSLAGQPLQER,0.0,0.0
missing__peptide_log__AATGEC(UniMod_4)TATVGKR,0.0,0.0
missing__peptide_count__Q9Y6R7,0.0,0.0
missing__peptide_count__Q9Y646,0.0,0.0
missing__peptide_count__Q9UNU6,0.0,0.0
missing__peptide_count__Q9UKV8,0.0,0.0
missing__peptide_count__Q99674,0.0,0.0
missing__peptide_count__Q9UBX5,0.0,0.0
missing__peptide_count__Q9UBR2,0.0,0.0
missing__peptide_count__Q9NYU2,0.0,0.0
missing__peptide_count__Q9NQ79,0.0,0.0
missing__peptide_count__Q9HDC9,0.0,0.0
missing__peptide_count__Q9BY67,0.0,0.0
missing__peptide_count__Q99969,0.0,0.0
missing__peptide_count__Q99832,0.0,0.0
missing__peptide_count__Q99829,0.0,0.0
missing__peptide_count__Q99683,0.0,0.0
missing__peptide_count__Q9UHG2,0.0,0.0
protein_npx__O00584,0.0,0.0
missing__peptide_log__VGYVSGWGR,0.0,0.0
missing__peptide_log__VDSGNDVTDIADDGC(UniMod_4)PKPPEIAHGYVEHSVR,0.0,0.0
missing__peptide_log__VDNALQSGNSQESVTEQDSKDSTYSLSSTLTLSK,0.0,0.0
missing__peptide_log__VC(UniMod_4)PFAGILENGAVR,0.0,0.0
missing__peptide_log__TVVQPSVGAAAGPVVPPC(UniMod_4)PGR,0.0,0.0
missing__peptide_log__TTPPVLDSDGSFFLYSR,0.0,0.0
missing__peptide_log__TTPPVLDSDGSFFLYSK,0.0,0.0
missing__peptide_log__TSAHGNVAEGETKPDPDVTER,0.0,0.0
missing__peptide_log__LAVYQAGAR,0.0,0.0
missing__peptide_log__TPVSDRVTK,0.0,0.0
missing__peptide_log__TPLGDTTHTC(UniMod_4)PR,0.0,0.0
missing__peptide_log__TM(UniMod_35)LLQPAGSLGSYSYR,0.0,0.0
missing__peptide_log__TLLSNLEEAKK,0.0,0.0
missing__peptide_log__TKEEYGHSEVVEYYC(UniMod_4)NPR,0.0,0.0
missing__peptide_log__TEGDGVYTLNNEK,0.0,0.0
missing__peptide_log__TDASDVKPC(UniMod_4),0.0,0.0
missing__peptide_log__SWFEPLVEDM(UniMod_35)QR,0.0,0.0
missing__peptide_log__SSQGGSLPSEEK,0.0,0.0
missing__peptide_log__SPVGVQPILNEHTFC(UniMod_4)AGMSK,0.0,0.0
missing__peptide_log__TQVNTQAEQLRR,0.0,0.0
missing__months_since_prev_visit,0.0,0.0
missing__months_since_baseline,0.0,0.0
missing__visit_index,0.0,0.0
missing__current_medication_unknown,0.0,0.0
missing__current_updrs_4,0.0,0.0
missing__current_updrs_3,0.0,0.0
missing__current_updrs_2,0.0,0.0
missing__current_updrs_1,0.0,0.0
missing__peptide_missing_fraction,0.0,0.0
missing__peptide_feature_count,0.0,0.0
missing__peptide_log__VLLDQLR,0.0,0.0
missing__peptide_log__YVMLPVADQDQC(UniMod_4)IR,0.0,0.0
missing__peptide_log__YVM(UniMod_35)LPVADQDQC(UniMod_4)IR,0.0,0.0
missing__peptide_log__YIVSGTPTFVPYLIK,0.0,0.0
missing__peptide_log__WELALGR,0.0,0.0
missing__peptide_log__VYC(UniMod_4)DMNTENGGWTVIQNR,0.0,0.0
missing__peptide_log__VTSIQDWVQK,0.0,0.0
missing__peptide_log__VTLTC(UniMod_4)VAPLSGVDFQLR,0.0,0.0
missing__peptide_log__VQPYLDDFQKK,0.0,0.0
missing__peptide_log__VQAAVGTSAAPVPSDNH,0.0,0.0
missing__peptide_log__VMPIC(UniMod_4)LPSKDYAEVGR,0.0,0.0
missing__peptide_log__YYWGGQYTWDMAK,0.0,0.0
missing__peptide_log__M(UniMod_35)YLGYEYVTAIR,0.0,0.0
missing__peptide_log__M(UniMod_35)ASGAANVVGPK,0.0,0.0
missing__peptide_log__LVGGPM(UniMod_35)DASVEEEGVRR,0.0,0.0
missing__peptide_log__LSSWVLLM(UniMod_35)K,0.0,0.0
missing__peptide_log__LSNENHGIAQR,0.0,0.0
missing__peptide_log__LSKELQAAQAR,0.0,0.0
missing__peptide_log__LRTEGDGVYTLNNEKQWINK,0.0,0.0
missing__peptide_log__LRTEGDGVYTLNNEK,0.0,0.0
missing__peptide_log__LQAEAFQAR,0.0,0.0
missing__peptide_log__SNSSM(UniMod_35)HITDC(UniMod_4)R,0.0,0.0
missing__peptide_log__LIADLGSTSITNLGFR,0.0,0.0
missing__peptide_log__LGQSLDC(UniMod_4)NAEVYVVPWEK,0.0,0.0
missing__peptide_log__LGPLVEQGRVR,0.0,0.0
missing__peptide_log__LGPLVEQGR,0.0,0.0
missing__peptide_log__LGADMEDVC(UniMod_4)GR,0.0,0.0
missing__peptide_log__LGADM(UniMod_35)EDVC(UniMod_4)GR,0.0,0.0
missing__peptide_log__LFDSDPITVTVPVEVSR,0.0,0.0
missing__peptide_log__LEGQEEEEDNRDSSMK,0.0,0.0
missing__peptide_log__LDEVKEQVAEVR,0.0,0.0
missing__peptide_log__LC(UniMod_4)MGSGLNLC(UniMod_4)EPNNKEGYYGYTGAFR,0.0,0.0
missing__peptide_log__LPPTSAHGNVAEGETKPDPDVTER,0.0,0.0
missing__peptide_log__SLAELGGHLDQQVEEFRR,0.0,0.0
missing__peptide_log__SLAAAAGKQELAK,0.0,0.0
missing__peptide_log__SGELEQEEER,0.0,0.0
missing__peptide_log__SGEATDGARPQALPEPMQESK,0.0,0.0
missing__peptide_log__SFNRGEC(UniMod_4),0.0,0.0
missing__peptide_log__SELEEQLTPVAEETR,0.0,0.0
missing__peptide_log__SEALAVDGAGKPGAEEAQDPEGK,0.0,0.0
missing__peptide_log__SC(UniMod_4)SPELQQK,0.0,0.0
missing__peptide_log__SC(UniMod_4)DTPPPC(UniMod_4)PR,0.0,0.0
missing__peptide_log__RTPITVVK,0.0,0.0
missing__peptide_log__MASGAANVVGPK,0.0,0.0
missing__peptide_log__RGYQLSDVDGVTC(UniMod_4)EDIDEC(UniMod_4)ALPTGGHIC(UniMod_4)SYR,0.0,0.0
missing__peptide_log__QWAGLVEK,0.0,0.0
missing__peptide_log__QQETAAAETETR,0.0,0.0
missing__peptide_log__QNC(UniMod_4)ELFEQLGEYK,0.0,0.0
missing__peptide_log__QKVEPLRAELQEGAR,0.0,0.0
missing__peptide_log__QIGSVYR,0.0,0.0
missing__peptide_log__NPDSSTTGPWC(UniMod_4)YTTDPTVR,0.0,0.0
missing__peptide_log__NPDPWAK,0.0,0.0
missing__peptide_log__NFPPSQDASGDLYTTSSQLTLPATQC(UniMod_4)PDGK,0.0,0.0
missing__peptide_log__NFPPSQDASGDLYTTSSQLTLPATQC(UniMod_4)LAGK,0.0,0.0
protein_npx__O00391,0.0,0.0
missing__peptide_count__P04406,0.0,0.0
missing__peptide_count__P04275,0.0,0.0
missing__peptide_count__P04217,0.0,0.0
missing__peptide_count__P04216,0.0,0.0
missing__peptide_count__P04211,0.0,0.0
missing__peptide_count__P04207,0.0,0.0
missing__peptide_count__P04196,0.0,0.0
missing__peptide_count__P04180,0.0,0.0
missing__peptide_count__P04156,0.0,0.0
missing__peptide_count__Q15904,0.0,0.0
missing__peptide_count__P04004,0.0,0.0
missing__peptide_count__P02792,0.0,0.0
missing__peptide_count__P02790,0.0,0.0
missing__peptide_count__P02787,0.0,0.0
missing__peptide_count__P02774,0.0,0.0
missing__peptide_count__P02768,0.0,0.0
missing__peptide_count__P02766,0.0,0.0
missing__peptide_count__P02765,0.0,0.0
missing__peptide_count__P02763,0.0,0.0
missing__peptide_count__P02760,0.0,0.0
missing__peptide_count__P04075,0.0,0.0
missing__peptide_count__P07858,0.0,0.0
missing__peptide_count__P07711,0.0,0.0
missing__peptide_count__P07602,0.0,0.0
missing__peptide_count__P07339,0.0,0.0
missing__peptide_count__P07333,0.0,0.0
missing__peptide_count__P07225,0.0,0.0
missing__peptide_count__P07195,0.0,0.0
missing__peptide_count__P06727,0.0,0.0
missing__peptide_count__P06681,0.0,0.0
missing__peptide_count__P04433,0.0,0.0
missing__peptide_count__P06396,0.0,0.0
missing__peptide_count__P06310,0.0,0.0
missing__peptide_count__P05546,0.0,0.0
missing__peptide_count__P05452,0.0,0.0
missing__peptide_count__P05408,0.0,0.0
missing__peptide_count__P05156,0.0,0.0
missing__peptide_count__P05155,0.0,0.0
missing__peptide_count__P05090,0.0,0.0
missing__peptide_count__P05067,0.0,0.0
missing__peptide_count__P05060,0.0,0.0
missing__peptide_count__P06454,0.0,0.0
missing__peptide_count__P01780,0.0,0.0
missing__peptide_count__P01717,0.0,0.0
missing__peptide_count__P01621,0.0,0.0
missing__peptide_count__P01608,0.0,0.0
missing__peptide_count__P01594,0.0,0.0
missing__peptide_count__P01591,0.0,0.0
missing__peptide_count__P01344,0.0,0.0
missing__peptide_count__P01042,0.0,0.0
missing__peptide_count__P01034,0.0,0.0
missing__peptide_count__P02753,0.0,0.0
missing__peptide_count__P01031,0.0,0.0
missing__peptide_count__P01024,0.0,0.0
missing__peptide_count__P01023,0.0,0.0
missing__peptide_count__P01019,0.0,0.0
missing__peptide_count__P01011,0.0,0.0
missing__peptide_count__P01009,0.0,0.0
missing__peptide_count__P01008,0.0,0.0
missing__peptide_count__P00751,0.0,0.0
missing__peptide_count__P00748,0.0,0.0
missing__peptide_count__P00747,0.0,0.0
missing__peptide_count__P01033,0.0,0.0
missing__peptide_count__P02751,0.0,0.0
missing__peptide_count__P02750,0.0,0.0
missing__peptide_count__P02749,0.0,0.0
missing__peptide_count__P02748,0.0,0.0
missing__peptide_count__P02747,0.0,0.0
missing__peptide_count__P02679,0.0,0.0
missing__peptide_count__P02675,0.0,0.0
missing__peptide_count__P02671,0.0,0.0
missing__peptide_count__P02656,0.0,0.0
missing__peptide_count__P02655,0.0,0.0
missing__peptide_count__P01833,0.0,0.0
missing__peptide_count__P02649,0.0,0.0
missing__peptide_count__P02647,0.0,0.0
missing__peptide_count__P02452,0.0,0.0
missing__peptide_count__P01877,0.0,0.0
missing__peptide_count__P01876,0.0,0.0
missing__peptide_count__P01861,0.0,0.0
missing__peptide_count__P01860,0.0,0.0
missing__peptide_count__P01859,0.0,0.0
missing__peptide_count__P01857,0.0,0.0
missing__peptide_count__P01834,0.0,0.0
missing__peptide_count__P02652,0.0,0.0
missing__peptide_count__P55290,0.0,0.0
missing__peptide_count__P54289,0.0,0.0
missing__peptide_count__P51884,0.0,0.0
missing__peptide_count__P49908,0.0,0.0
missing__peptide_count__P49588,0.0,0.0
missing__peptide_count__P43652,0.0,0.0
missing__peptide_count__P43251,0.0,0.0
missing__peptide_count__P43121,0.0,0.0
missing__peptide_count__P41222,0.0,0.0
missing__peptide_count__P07998,0.0,0.0
missing__peptide_count__P39060,0.0,0.0
missing__peptide_count__P36980,0.0,0.0
missing__peptide_count__P36955,0.0,0.0
missing__peptide_count__P36222,0.0,0.0
missing__peptide_count__P35542,0.0,0.0
missing__peptide_count__P31997,0.0,0.0
missing__peptide_count__P30086,0.0,0.0
missing__peptide_count__P27169,0.0,0.0
missing__peptide_count__P25311,0.0,0.0
missing__peptide_count__P24592,0.0,0.0
missing__peptide_count__P40925,0.0,0.0
missing__peptide_count__Q14624,0.0,0.0
missing__peptide_count__Q14515,0.0,0.0
missing__peptide_count__Q14508,0.0,0.0
missing__peptide_count__Q14118,0.0,0.0
missing__peptide_count__Q13740,0.0,0.0
missing__peptide_count__Q13451,0.0,0.0
missing__peptide_count__Q13449,0.0,0.0
missing__peptide_count__Q13332,0.0,0.0
missing__peptide_count__Q13283,0.0,0.0
missing__peptide_count__Q12907,0.0,0.0
missing__peptide_count__P60174,0.0,0.0
missing__peptide_count__Q12805,0.0,0.0
missing__peptide_count__Q08380,0.0,0.0
missing__peptide_count__Q06481,0.0,0.0
missing__peptide_count__Q02818,0.0,0.0
missing__peptide_count__P98160,0.0,0.0
missing__peptide_count__P80748,0.0,0.0
missing__peptide_count__P61916,0.0,0.0
missing__peptide_count__P61769,0.0,0.0
missing__peptide_count__P61626,0.0,0.0
missing__peptide_count__P61278,0.0,0.0
missing__peptide_count__Q12841,0.0,0.0
missing__peptide_count__P13473,0.0,0.0
missing__peptide_count__P12109,0.0,0.0
missing__peptide_count__P11277,0.0,0.0
missing__peptide_count__P11142,0.0,0.0
missing__peptide_count__P10909,0.0,0.0
missing__peptide_count__P10645,0.0,0.0
missing__peptide_count__P10643,0.0,0.0
missing__peptide_count__P10451,0.0,0.0
missing__peptide_count__P09871,0.0,0.0
missing__peptide_count__P23142,0.0,0.0
missing__peptide_count__P09104,0.0,0.0
missing__peptide_count__P08697,0.0,0.0
missing__peptide_count__P08637,0.0,0.0
missing__peptide_count__P08603,0.0,0.0
missing__peptide_count__P08571,0.0,0.0
missing__peptide_count__P08493,0.0,0.0
missing__peptide_count__P08294,0.0,0.0
missing__peptide_count__P08253,0.0,0.0
missing__peptide_count__P08133,0.0,0.0
missing__peptide_count__P08123,0.0,0.0
missing__peptide_count__P09486,0.0,0.0
missing__peptide_count__P23083,0.0,0.0
missing__peptide_count__P20933,0.0,0.0
missing__peptide_count__P20774,0.0,0.0
missing__peptide_count__P19827,0.0,0.0
missing__peptide_count__P19823,0.0,0.0
missing__peptide_count__P19652,0.0,0.0
missing__peptide_count__P19021,0.0,0.0
missing__peptide_count__P18065,0.0,0.0
missing__peptide_count__P17936,0.0,0.0
missing__peptide_count__P17174,0.0,0.0
missing__peptide_count__P13521,0.0,0.0
missing__peptide_count__P16152,0.0,0.0
missing__peptide_count__P16070,0.0,0.0
missing__peptide_count__P16035,0.0,0.0
missing__peptide_count__P14618,0.0,0.0
missing__peptide_count__P14314,0.0,0.0
missing__peptide_count__P14174,0.0,0.0
missing__peptide_count__P13987,0.0,0.0
missing__peptide_count__P13671,0.0,0.0
missing__peptide_count__P13611,0.0,0.0
missing__peptide_count__P13591,0.0,0.0
missing__peptide_count__P16870,0.0,0.0
rollmean2__peptide_count__P25311,0.0,0.0
rollmean2__peptide_count__P24592,0.0,0.0
rollmean2__peptide_count__P23142,0.0,0.0
rollmean2__peptide_count__P23083,0.0,0.0
rollmean2__peptide_count__P20933,0.0,0.0
rollmean2__peptide_count__P20774,0.0,0.0
rollmean2__peptide_count__P19827,0.0,0.0
rollmean2__peptide_count__P19823,0.0,0.0
rollmean2__peptide_count__P19652,0.0,0.0
missing__peptide_mean__P01608,0.0,0.0
rollmean2__peptide_count__P18065,0.0,0.0
rollmean2__peptide_count__P17936,0.0,0.0
rollmean2__peptide_count__P17174,0.0,0.0
rollmean2__peptide_count__P16870,0.0,0.0
rollmean2__peptide_count__P16152,0.0,0.0
rollmean2__peptide_count__P16070,0.0,0.0
rollmean2__peptide_count__P16035,0.0,0.0
rollmean2__peptide_count__P14618,0.0,0.0
rollmean2__peptide_count__P14314,0.0,0.0
rollmean2__peptide_count__P14174,0.0,0.0
rollmean2__peptide_count__P19021,0.0,0.0
rollmean2__peptide_count__P61278,0.0,0.0
rollmean2__peptide_count__P60174,0.0,0.0
rollmean2__peptide_count__P55290,0.0,0.0
rollmean2__peptide_count__P54289,0.0,0.0
rollmean2__peptide_count__P51884,0.0,0.0
rollmean2__peptide_count__P49908,0.0,0.0
rollmean2__peptide_count__P49588,0.0,0.0
rollmean2__peptide_count__P43652,0.0,0.0
rollmean2__peptide_count__P43251,0.0,0.0
rollmean2__peptide_count__P27169,0.0,0.0
rollmean2__peptide_count__P41222,0.0,0.0
rollmean2__peptide_count__P40925,0.0,0.0
rollmean2__peptide_count__P39060,0.0,0.0
rollmean2__peptide_count__P36980,0.0,0.0
rollmean2__peptide_count__P36955,0.0,0.0
rollmean2__peptide_count__P36222,0.0,0.0
rollmean2__peptide_count__P35542,0.0,0.0
rollmean2__peptide_count__P32754,0.0,0.0
rollmean2__peptide_count__P31997,0.0,0.0
rollmean2__peptide_count__P30086,0.0,0.0
rollmean2__peptide_count__P43121,0.0,0.0
rollmean2__peptide_count__P07998,0.0,0.0
rollmean2__peptide_count__P07858,0.0,0.0
rollmean2__peptide_count__P07711,0.0,0.0
rollmean2__peptide_count__P07602,0.0,0.0
rollmean2__peptide_count__P07339,0.0,0.0
rollmean2__peptide_count__P07333,0.0,0.0
rollmean2__peptide_count__P07225,0.0,0.0
rollmean2__peptide_count__P07195,0.0,0.0
rollmean2__peptide_count__P06727,0.0,0.0
rollmean2__peptide_count__P13987,0.0,0.0
rollmean2__peptide_count__P06454,0.0,0.0
rollmean2__peptide_count__P06396,0.0,0.0
rollmean2__peptide_count__P06310,0.0,0.0
rollmean2__peptide_count__P05546,0.0,0.0
rollmean2__peptide_count__P05408,0.0,0.0
rollmean2__peptide_count__P05156,0.0,0.0
rollmean2__peptide_count__P05155,0.0,0.0
rollmean2__peptide_count__P05090,0.0,0.0
rollmean2__peptide_count__P05067,0.0,0.0
rollmean2__peptide_count__P05060,0.0,0.0
rollmean2__peptide_count__P06681,0.0,0.0
rollmean2__peptide_count__P13671,0.0,0.0
rollmean2__peptide_count__P13611,0.0,0.0
rollmean2__peptide_count__P13521,0.0,0.0
rollmean2__peptide_count__P13473,0.0,0.0
rollmean2__peptide_count__P12109,0.0,0.0
rollmean2__peptide_count__P11277,0.0,0.0
rollmean2__peptide_count__P11142,0.0,0.0
rollmean2__peptide_count__P10909,0.0,0.0
rollmean2__peptide_count__P10643,0.0,0.0
rollmean2__peptide_count__P10451,0.0,0.0
rollmean2__peptide_count__P08123,0.0,0.0
rollmean2__peptide_count__P09486,0.0,0.0
rollmean2__peptide_count__P09104,0.0,0.0
rollmean2__peptide_count__P08697,0.0,0.0
rollmean2__peptide_count__P08637,0.0,0.0
rollmean2__peptide_count__P08603,0.0,0.0
rollmean2__peptide_count__P08571,0.0,0.0
rollmean2__peptide_count__P08493,0.0,0.0
rollmean2__peptide_count__P08294,0.0,0.0
rollmean2__peptide_count__P08253,0.0,0.0
rollmean2__peptide_count__P08133,0.0,0.0
rollmean2__peptide_count__P09871,0.0,0.0
rollmean2__peptide_log__AYKSELEEQLTPVAEETR,0.0,0.0
rollmean2__peptide_log__AVLPTGDVIGDSAK,0.0,0.0
rollmean2__peptide_log__AVGDKLPEC(UniMod_4)EADDGC(UniMod_4)PKPPEIAHGYVEHSVR,0.0,0.0
rollmean2__peptide_log__ATVNPSAPR,0.0,0.0
rollmean2__peptide_log__ALGISPFHEHAEVVFTANDSGPR,0.0,0.0
rollmean2__peptide_log__AKLEEQAQQIR,0.0,0.0
rollmean2__peptide_log__AEAQEAEDQQAR,0.0,0.0
rollmean2__peptide_log__AATVGSLAGQPLQER,0.0,0.0
rollmean2__peptide_log__AATGEC(UniMod_4)TATVGKR,0.0,0.0
rollmean2__peptide_count__P61626,0.0,0.0
rollmean2__peptide_count__Q9Y646,0.0,0.0
rollmean2__peptide_count__Q9UNU6,0.0,0.0
rollmean2__peptide_count__Q9UKV8,0.0,0.0
rollmean2__peptide_count__Q9UHG2,0.0,0.0
rollmean2__peptide_count__Q9UBX5,0.0,0.0
rollmean2__peptide_count__Q9UBR2,0.0,0.0
rollmean2__peptide_count__Q9NYU2,0.0,0.0
rollmean2__peptide_count__Q9NQ79,0.0,0.0
rollmean2__peptide_count__Q9HDC9,0.0,0.0
rollmean2__peptide_count__Q9BY67,0.0,0.0
rollmean2__peptide_count__Q9Y6R7,0.0,0.0
rollmean2__peptide_log__HYDGSYSTFGER,0.0,0.0
rollmean2__peptide_log__HGGLYHENMR,0.0,0.0
rollmean2__peptide_log__GYQLSDVDGVTC(UniMod_4)EDIDEC(UniMod_4)ALPTGGHIC(UniMod_4)SYR,0.0,0.0
rollmean2__peptide_log__GSPAINVAVHVFRK,0.0,0.0
rollmean2__peptide_log__GEVQAMLGQSTEELRVR,0.0,0.0
rollmean2__peptide_log__GC(UniMod_4)PTEEGC(UniMod_4)GER,0.0,0.0
rollmean2__peptide_log__FNKPFVFLM(UniMod_35)IEQNTK,0.0,0.0
rollmean2__peptide_log__FM(UniMod_35)ETVAEK,0.0,0.0
rollmean2__peptide_log__FLATTPNSLLVSWQPPR,0.0,0.0
rollmean2__peptide_log__ELSSFIDKGQELC(UniMod_4)ADYSENTFTEYK,0.0,0.0
rollmean2__peptide_log__AYQGVAAPFPK,0.0,0.0
rollmean2__peptide_log__EILSVDC(UniMod_4)STNNPSQAK,0.0,0.0
rollmean2__peptide_log__EDSLEAGLPLQVR,0.0,0.0
rollmean2__peptide_log__DSGEGDFLAEGGGVR,0.0,0.0
rollmean2__peptide_log__DASGVTFTWTPSSGK,0.0,0.0
rollmean2__peptide_log__C(UniMod_4)TSTGWIPAPR,0.0,0.0
rollmean2__peptide_log__C(UniMod_4)SYTEDAQC(UniMod_4)IDGTIEVPK,0.0,0.0
rollmean2__peptide_log__C(UniMod_4)REILSVDC(UniMod_4)STNNPSQAK,0.0,0.0
rollmean2__peptide_log__C(UniMod_4)IIEVLSNALSK,0.0,0.0
rollmean2__peptide_log__C(UniMod_4)DSSPDSAEDVRK,0.0,0.0
rollmean2__peptide_log__C(UniMod_4)C(UniMod_4)VEC(UniMod_4)PPC(UniMod_4)PAPPVAGPSVFLFPPKPK,0.0,0.0
rollmean2__peptide_log__ELDESLQVAER,0.0,0.0
rollmean2__peptide_count__Q16610,0.0,0.0
rollmean2__peptide_count__Q16270,0.0,0.0
rollmean2__peptide_count__Q15904,0.0,0.0
rollmean2__peptide_count__Q14624,0.0,0.0
rollmean2__peptide_count__Q14515,0.0,0.0
rollmean2__peptide_count__Q14508,0.0,0.0
rollmean2__peptide_count__Q14118,0.0,0.0
rollmean2__peptide_count__Q13740,0.0,0.0
rollmean2__peptide_count__Q13451,0.0,0.0
rollmean2__peptide_count__Q99969,0.0,0.0
rollmean2__peptide_count__Q13332,0.0,0.0
rollmean2__peptide_count__Q13283,0.0,0.0
rollmean2__peptide_count__Q12907,0.0,0.0
rollmean2__peptide_count__Q12841,0.0,0.0
rollmean2__peptide_count__Q12805,0.0,0.0
rollmean2__peptide_count__Q06481,0.0,0.0
rollmean2__peptide_count__Q02818,0.0,0.0
rollmean2__peptide_count__P98160,0.0,0.0
rollmean2__peptide_count__P80748,0.0,0.0
rollmean2__peptide_count__P61769,0.0,0.0
rollmean2__peptide_count__Q13449,0.0,0.0
rollmean2__peptide_count__Q99832,0.0,0.0
rollmean2__peptide_count__Q99829,0.0,0.0
rollmean2__peptide_count__Q99683,0.0,0.0
rollmean2__peptide_count__Q99674,0.0,0.0
rollmean2__peptide_count__Q99435,0.0,0.0
rollmean2__peptide_count__Q96S96,0.0,0.0
rollmean2__peptide_count__Q96PD5,0.0,0.0
rollmean2__peptide_count__Q96KN2,0.0,0.0
rollmean2__peptide_count__Q96BZ4,0.0,0.0
rollmean2__peptide_count__Q92876,0.0,0.0
rollmean2__peptide_count__Q562R1,0.0,0.0
rollmean2__peptide_count__Q92520,0.0,0.0
rollmean2__peptide_count__Q8NE71,0.0,0.0
rollmean2__peptide_count__Q8NBJ4,0.0,0.0
rollmean2__peptide_count__Q8N2S1,0.0,0.0
rollmean2__peptide_count__Q8IWV7,0.0,0.0
rollmean2__peptide_count__Q7Z5P9,0.0,0.0
rollmean2__peptide_count__Q7Z3B1,0.0,0.0
rollmean2__peptide_count__Q6UXD5,0.0,0.0
rollmean2__peptide_count__Q6UXB8,0.0,0.0
rollmean2__peptide_count__Q6UX71,0.0,0.0
rollmean2__peptide_count__Q92823,0.0,0.0
rollmean2__peptide_std__P18065,0.0,0.0
rollmean2__peptide_std__P17174,0.0,0.0
rollmean2__peptide_std__P14618,0.0,0.0
rollmean2__peptide_std__P13987,0.0,0.0
rollmean2__peptide_std__P13591,0.0,0.0
rollmean2__peptide_std__P12109,0.0,0.0
rollmean2__peptide_std__P10645,0.0,0.0
rollmean2__peptide_std__P10643,0.0,0.0
rollmean2__peptide_std__P09871,0.0,0.0
rollmean2__peptide_count__P04433,0.0,0.0
rollmean2__peptide_std__P08697,0.0,0.0
rollmean2__peptide_std__P08493,0.0,0.0
rollmean2__peptide_std__P08294,0.0,0.0
rollmean2__peptide_std__P07711,0.0,0.0
rollmean2__peptide_std__P07602,0.0,0.0
rollmean2__peptide_std__P07225,0.0,0.0
rollmean2__peptide_std__P06727,0.0,0.0
rollmean2__peptide_std__P06681,0.0,0.0
rollmean2__peptide_std__P05546,0.0,0.0
rollmean2__peptide_std__P05452,0.0,0.0
rollmean2__peptide_std__P09486,0.0,0.0
rollmean2__peptide_std__Q6UXB8,0.0,0.0
rollmean2__peptide_std__Q16610,0.0,0.0
rollmean2__peptide_std__Q16270,0.0,0.0
rollmean2__peptide_std__Q14624,0.0,0.0
rollmean2__peptide_std__Q13740,0.0,0.0
rollmean2__peptide_std__Q12841,0.0,0.0
rollmean2__peptide_std__P55290,0.0,0.0
rollmean2__peptide_std__P54289,0.0,0.0
rollmean2__peptide_std__P51884,0.0,0.0
rollmean2__peptide_std__P19823,0.0,0.0
rollmean2__peptide_std__P43121,0.0,0.0
rollmean2__peptide_std__P41222,0.0,0.0
rollmean2__peptide_std__P39060,0.0,0.0
rollmean2__peptide_std__P36955,0.0,0.0
rollmean2__peptide_std__P36222,0.0,0.0
rollmean2__peptide_std__P30086,0.0,0.0
rollmean2__peptide_std__P25311,0.0,0.0
rollmean2__peptide_std__P24592,0.0,0.0
rollmean2__peptide_std__P23142,0.0,0.0
rollmean2__peptide_std__P20774,0.0,0.0
rollmean2__peptide_std__P43652,0.0,0.0
rollmean2__peptide_std__P01834,0.0,0.0
rollmean2__peptide_std__P01034,0.0,0.0
rollmean2__peptide_std__P01024,0.0,0.0
rollmean2__peptide_std__P01011,0.0,0.0
rollmean2__peptide_std__P01009,0.0,0.0
rollmean2__peptide_std__P01008,0.0,0.0
rollmean2__peptide_std__P00751,0.0,0.0
rollmean2__peptide_std__P00748,0.0,0.0
rollmean2__peptide_std__P00747,0.0,0.0
rollmean2__peptide_std__P05067,0.0,0.0
rollmean2__peptide_std__P00738,0.0,0.0
rollmean2__peptide_std__P00736,0.0,0.0
rollmean2__peptide_std__P00734,0.0,0.0
rollmean2__peptide_std__P00450,0.0,0.0
rollmean2__peptide_std__O94919,0.0,0.0
rollmean2__peptide_std__O15240,0.0,0.0
rollmean2__peptide_std__O14773,0.0,0.0
rollmean2__peptide_mean__Q9Y6R7,0.0,0.0
rollmean2__peptide_mean__Q9Y646,0.0,0.0
rollmean2__peptide_mean__Q9UKV8,0.0,0.0
rollmean2__peptide_std__P00746,0.0,0.0
rollmean2__peptide_std__P05060,0.0,0.0
rollmean2__peptide_std__P04433,0.0,0.0
rollmean2__peptide_std__P04196,0.0,0.0
rollmean2__peptide_std__P04004,0.0,0.0
rollmean2__peptide_std__P02787,0.0,0.0
rollmean2__peptide_std__P02774,0.0,0.0
rollmean2__peptide_std__P02768,0.0,0.0
rollmean2__peptide_std__P02763,0.0,0.0
rollmean2__peptide_std__P02760,0.0,0.0
rollmean2__peptide_std__P02753,0.0,0.0
rollmean2__peptide_std__P01860,0.0,0.0
rollmean2__peptide_std__P02750,0.0,0.0
rollmean2__peptide_std__P02749,0.0,0.0
rollmean2__peptide_std__P02747,0.0,0.0
rollmean2__peptide_std__P02679,0.0,0.0
rollmean2__peptide_std__P02675,0.0,0.0
rollmean2__peptide_std__P02671,0.0,0.0
rollmean2__peptide_std__P02656,0.0,0.0
rollmean2__peptide_std__P02652,0.0,0.0
rollmean2__peptide_std__P02452,0.0,0.0
rollmean2__peptide_std__P01877,0.0,0.0
rollmean2__peptide_std__P02751,0.0,0.0
rollmean2__peptide_count__P02750,0.0,0.0
rollmean2__peptide_count__P02749,0.0,0.0
rollmean2__peptide_count__P02748,0.0,0.0
rollmean2__peptide_count__P02747,0.0,0.0
rollmean2__peptide_count__P02679,0.0,0.0
rollmean2__peptide_count__P02675,0.0,0.0
rollmean2__peptide_count__P02671,0.0,0.0
rollmean2__peptide_count__P02656,0.0,0.0
rollmean2__peptide_count__P02655,0.0,0.0
rollmean2__peptide_std__Q92520,0.0,0.0
rollmean2__peptide_count__P02649,0.0,0.0
rollmean2__peptide_count__P02647,0.0,0.0
rollmean2__peptide_count__P02452,0.0,0.0
rollmean2__peptide_count__P01877,0.0,0.0
rollmean2__peptide_count__P01876,0.0,0.0
rollmean2__peptide_count__P01861,0.0,0.0
rollmean2__peptide_count__P01860,0.0,0.0
rollmean2__peptide_count__P01859,0.0,0.0
rollmean2__peptide_count__P01857,0.0,0.0
rollmean2__peptide_count__P01834,0.0,0.0
rollmean2__peptide_count__P02652,0.0,0.0
rollmean2__peptide_count__P04406,0.0,0.0
rollmean2__peptide_count__P04275,0.0,0.0
rollmean2__peptide_count__P04217,0.0,0.0
rollmean2__peptide_count__P04216,0.0,0.0
rollmean2__peptide_count__P04211,0.0,0.0
rollmean2__peptide_count__P04207,0.0,0.0
rollmean2__peptide_count__P04196,0.0,0.0
rollmean2__peptide_count__P04180,0.0,0.0
rollmean2__peptide_count__P04156,0.0,0.0
rollmean2__peptide_count__P04075,0.0,0.0
rollmean2__peptide_count__P02751,0.0,0.0
rollmean2__peptide_count__P02792,0.0,0.0
rollmean2__peptide_count__P02790,0.0,0.0
rollmean2__peptide_count__P02787,0.0,0.0
rollmean2__peptide_count__P02774,0.0,0.0
rollmean2__peptide_count__P02768,0.0,0.0
rollmean2__peptide_count__P02766,0.0,0.0
rollmean2__peptide_count__P02765,0.0,0.0
rollmean2__peptide_count__P02763,0.0,0.0
rollmean2__peptide_count__P02760,0.0,0.0
rollmean2__peptide_count__P02753,0.0,0.0
rollmean2__peptide_count__P04004,0.0,0.0
rollmean2__peptide_count__P00734,0.0,0.0
rollmean2__peptide_count__P00450,0.0,0.0
rollmean2__peptide_count__P00441,0.0,0.0
rollmean2__peptide_count__O94919,0.0,0.0
rollmean2__peptide_count__O75326,0.0,0.0
rollmean2__peptide_count__O75144,0.0,0.0
slope1__protein_npx__P35542,0.0,0.0
rollmean2__peptide_count__O43505,0.0,0.0
rollmean2__peptide_count__O15394,0.0,0.0
rollmean2__peptide_count__P01833,0.0,0.0
rollmean2__peptide_count__O14791,0.0,0.0
rollmean2__peptide_count__O14773,0.0,0.0
rollmean2__peptide_count__O14498,0.0,0.0
rollmean2__peptide_count__O00584,0.0,0.0
rollmean2__peptide_count__O00533,0.0,0.0
rollmean2__peptide_count__O00391,0.0,0.0
rollmean2__peptide_std__Q9Y6R7,0.0,0.0
rollmean2__peptide_std__Q9UHG2,0.0,0.0
rollmean2__peptide_std__Q9UBX5,0.0,0.0
rollmean2__peptide_std__Q96KN2,0.0,0.0
rollmean2__peptide_count__O15240,0.0,0.0
rollmean2__peptide_count__P01780,0.0,0.0
rollmean2__peptide_count__P01717,0.0,0.0
rollmean2__peptide_count__P01621,0.0,0.0
rollmean2__peptide_count__P01608,0.0,0.0
rollmean2__peptide_count__P01594,0.0,0.0
rollmean2__peptide_count__P01591,0.0,0.0
rollmean2__peptide_count__P01344,0.0,0.0
rollmean2__peptide_count__P01042,0.0,0.0
rollmean2__peptide_count__P01034,0.0,0.0
rollmean2__peptide_count__P01033,0.0,0.0
rollmean2__peptide_count__P00738,0.0,0.0
rollmean2__peptide_count__P01024,0.0,0.0
rollmean2__peptide_count__P01023,0.0,0.0
rollmean2__peptide_count__P01019,0.0,0.0
rollmean2__peptide_count__P01011,0.0,0.0
rollmean2__peptide_count__P01009,0.0,0.0
rollmean2__peptide_count__P01008,0.0,0.0
rollmean2__peptide_count__P00751,0.0,0.0
rollmean2__peptide_count__P00748,0.0,0.0
rollmean2__peptide_count__P00747,0.0,0.0
rollmean2__peptide_count__P00746,0.0,0.0
rollmean2__peptide_count__P01031,0.0,0.0
missing__protein_npx__P43251,0.0,0.0
missing__protein_npx__P43121,0.0,0.0
missing__protein_npx__P41222,0.0,0.0
missing__protein_npx__P40925,0.0,0.0
missing__protein_npx__P39060,0.0,0.0
missing__protein_npx__P36980,0.0,0.0
missing__protein_npx__P36955,0.0,0.0
missing__protein_npx__P36222,0.0,0.0
missing__protein_npx__P35542,0.0,0.0
rollmean2__peptide_log__HYEGSTVPEK,0.0,0.0
missing__protein_npx__P30086,0.0,0.0
missing__protein_npx__P27169,0.0,0.0
missing__protein_npx__P25311,0.0,0.0
missing__protein_npx__P24592,0.0,0.0
missing__protein_npx__P23142,0.0,0.0
missing__protein_npx__P23083,0.0,0.0
missing__protein_npx__P20933,0.0,0.0
missing__protein_npx__P20774,0.0,0.0
missing__protein_npx__P19827,0.0,0.0
missing__protein_npx__P19823,0.0,0.0
missing__protein_npx__P31997,0.0,0.0
missing__protein_npx__Q13332,0.0,0.0
missing__protein_npx__Q13283,0.0,0.0
missing__protein_npx__Q12907,0.0,0.0
missing__protein_npx__Q12841,0.0,0.0
missing__protein_npx__Q12805,0.0,0.0
missing__protein_npx__Q08380,0.0,0.0
missing__protein_npx__Q06481,0.0,0.0
missing__protein_npx__Q02818,0.0,0.0
missing__protein_npx__P98160,0.0,0.0
missing__protein_npx__P43652,0.0,0.0
missing__protein_npx__P61916,0.0,0.0
missing__protein_npx__P61769,0.0,0.0
missing__protein_npx__P61626,0.0,0.0
missing__protein_npx__P61278,0.0,0.0
missing__protein_npx__P60174,0.0,0.0
missing__protein_npx__P55290,0.0,0.0
missing__protein_npx__P54289,0.0,0.0
missing__protein_npx__P51884,0.0,0.0
missing__protein_npx__P49908,0.0,0.0
missing__protein_npx__P49588,0.0,0.0
missing__protein_npx__P80748,0.0,0.0
missing__protein_npx__P10643,0.0,0.0
missing__protein_npx__P10451,0.0,0.0
missing__protein_npx__P09871,0.0,0.0
missing__protein_npx__P09486,0.0,0.0
missing__protein_npx__P09104,0.0,0.0
missing__protein_npx__P08697,0.0,0.0
missing__protein_npx__P08637,0.0,0.0
missing__protein_npx__P08603,0.0,0.0
missing__protein_npx__P08571,0.0,0.0
missing__protein_npx__P19652,0.0,0.0
missing__protein_npx__P08294,0.0,0.0
missing__protein_npx__P08253,0.0,0.0
missing__protein_npx__P08133,0.0,0.0
missing__protein_npx__P08123,0.0,0.0
missing__protein_npx__P07998,0.0,0.0
missing__protein_npx__P07858,0.0,0.0
missing__protein_npx__P07711,0.0,0.0
missing__protein_npx__P07602,0.0,0.0
missing__protein_npx__P07339,0.0,0.0
missing__protein_npx__P07333,0.0,0.0
missing__protein_npx__P08493,0.0,0.0
missing__protein_npx__P19021,0.0,0.0
missing__protein_npx__P18065,0.0,0.0
missing__protein_npx__P17936,0.0,0.0
missing__protein_npx__P17174,0.0,0.0
missing__protein_npx__P16870,0.0,0.0
missing__protein_npx__P16152,0.0,0.0
missing__protein_npx__P16070,0.0,0.0
missing__protein_npx__P16035,0.0,0.0
missing__protein_npx__P14618,0.0,0.0
missing__protein_npx__P14314,0.0,0.0
missing__protein_npx__P10645,0.0,0.0
missing__protein_npx__P13987,0.0,0.0
missing__protein_npx__P13671,0.0,0.0
missing__protein_npx__P13611,0.0,0.0
missing__protein_npx__P13591,0.0,0.0
missing__protein_npx__P13521,0.0,0.0
missing__protein_npx__P13473,0.0,0.0
missing__protein_npx__P12109,0.0,0.0
missing__protein_npx__P11277,0.0,0.0
missing__protein_npx__P11142,0.0,0.0
missing__protein_npx__P10909,0.0,0.0
missing__protein_npx__P14174,0.0,0.0
missing__peptide_mean__O94919,0.0,0.0
missing__peptide_mean__O75326,0.0,0.0
missing__peptide_mean__O75144,0.0,0.0
missing__peptide_mean__O60888,0.0,0.0
missing__peptide_mean__O43505,0.0,0.0
missing__peptide_mean__O15394,0.0,0.0
missing__peptide_mean__O15240,0.0,0.0
missing__peptide_mean__O14791,0.0,0.0
missing__peptide_mean__O14773,0.0,0.0
missing__protein_npx__Q13451,0.0,0.0
missing__peptide_mean__O00584,0.0,0.0
missing__peptide_mean__O00533,0.0,0.0
missing__peptide_mean__O00391,0.0,0.0
missing__peptide_observation_count,0.0,0.0
missing__peptide_abundance_sum,0.0,0.0
missing__peptide_abundance_max,0.0,0.0
missing__peptide_abundance_min,0.0,0.0
missing__peptide_abundance_std,0.0,0.0
missing__peptide_abundance_mean,0.0,0.0
missing__protein_missing_fraction,0.0,0.0
missing__peptide_mean__O14498,0.0,0.0
missing__peptide_mean__P01594,0.0,0.0
missing__peptide_mean__P01591,0.0,0.0
missing__peptide_mean__P01344,0.0,0.0
missing__peptide_mean__P01042,0.0,0.0
missing__peptide_mean__P01034,0.0,0.0
missing__peptide_mean__P01033,0.0,0.0
missing__peptide_mean__P01031,0.0,0.0
missing__peptide_mean__P01024,0.0,0.0
missing__peptide_mean__P01023,0.0,0.0
missing__peptide_mean__P01019,0.0,0.0
missing__peptide_mean__P00441,0.0,0.0
missing__peptide_mean__P01009,0.0,0.0
missing__peptide_mean__P01008,0.0,0.0
missing__peptide_mean__P00751,0.0,0.0
missing__peptide_mean__P00748,0.0,0.0
missing__peptide_mean__P00747,0.0,0.0
missing__peptide_mean__P00746,0.0,0.0
missing__peptide_mean__P00738,0.0,0.0
missing__peptide_mean__P00736,0.0,0.0
missing__peptide_mean__P00734,0.0,0.0
missing__peptide_mean__P00450,0.0,0.0
missing__peptide_mean__P01011,0.0,0.0
missing__protein_npx__Q92823,0.0,0.0
missing__protein_npx__Q92520,0.0,0.0
missing__protein_npx__Q8NE71,0.0,0.0
missing__protein_npx__Q8NBJ4,0.0,0.0
missing__protein_npx__Q8N2S1,0.0,0.0
missing__protein_npx__Q8IWV7,0.0,0.0
missing__protein_npx__Q7Z5P9,0.0,0.0
missing__protein_npx__Q7Z3B1,0.0,0.0
missing__protein_npx__Q6UXD5,0.0,0.0
missing__protein_feature_count,0.0,0.0
missing__protein_npx__Q6UX71,0.0,0.0
missing__protein_npx__Q562R1,0.0,0.0
missing__protein_npx__Q16610,0.0,0.0
missing__protein_npx__Q16270,0.0,0.0
missing__protein_npx__Q15904,0.0,0.0
missing__protein_npx__Q14624,0.0,0.0
missing__protein_npx__Q14515,0.0,0.0
missing__protein_npx__Q14508,0.0,0.0
missing__protein_npx__Q14118,0.0,0.0
missing__protein_npx__Q13740,0.0,0.0
missing__protein_npx__Q6UXB8,0.0,0.0
missing__protein_npx__Q9Y6R7,0.0,0.0
missing__protein_npx__Q9Y646,0.0,0.0
missing__protein_npx__Q9UNU6,0.0,0.0
missing__protein_npx__Q9UKV8,0.0,0.0
missing__protein_npx__Q9UHG2,0.0,0.0
missing__protein_npx__Q9UBX5,0.0,0.0
missing__protein_npx__Q9UBR2,0.0,0.0
missing__protein_npx__Q9NYU2,0.0,0.0
missing__protein_npx__Q9NQ79,0.0,0.0
missing__protein_npx__Q9HDC9,0.0,0.0
missing__protein_npx__Q92876,0.0,0.0
missing__protein_npx__Q99969,0.0,0.0
missing__protein_npx__Q99832,0.0,0.0
missing__protein_npx__Q99829,0.0,0.0
missing__protein_npx__Q99683,0.0,0.0
missing__protein_npx__Q99674,0.0,0.0
missing__protein_npx__Q99435,0.0,0.0
missing__protein_npx__Q96S96,0.0,0.0
missing__protein_npx__Q96PD5,0.0,0.0
missing__protein_npx__Q96KN2,0.0,0.0
missing__protein_npx__Q96BZ4,0.0,0.0
missing__protein_npx__Q9BY67,0.0,0.0
rollmean2__peptide_log__VTSIQDWVQK,0.0,0.0
rollmean2__peptide_log__VTLTC(UniMod_4)VAPLSGVDFQLR,0.0,0.0
rollmean2__peptide_log__VQAAVGTSAAPVPSDNH,0.0,0.0
rollmean2__peptide_log__VMPIC(UniMod_4)LPSKDYAEVGR,0.0,0.0
rollmean2__peptide_log__VLLDQLR,0.0,0.0
rollmean2__peptide_log__VKDLATVYVDVLK,0.0,0.0
rollmean2__peptide_log__VGYVSGWGR,0.0,0.0
rollmean2__peptide_log__VDSGNDVTDIADDGC(UniMod_4)PKPPEIAHGYVEHSVR,0.0,0.0
rollmean2__peptide_log__VDNALQSGNSQESVTEQDSKDSTYSLSSTLTLSK,0.0,0.0
missing__protein_npx__P07225,0.0,0.0
rollmean2__peptide_log__TVVQPSVGAAAGPVVPPC(UniMod_4)PGR,0.0,0.0
rollmean2__peptide_log__TTPPVLDSDGSFFLYSR,0.0,0.0
rollmean2__peptide_log__TTPPVLDSDGSFFLYSK,0.0,0.0
rollmean2__peptide_log__TSPVDEKALQDQLVLVAAK,0.0,0.0
rollmean2__peptide_log__TQVNTQAEQLRR,0.0,0.0
rollmean2__peptide_log__TPVSDRVTK,0.0,0.0
rollmean2__peptide_log__TM(UniMod_35)LLQPAGSLGSYSYR,0.0,0.0
rollmean2__peptide_log__TLLSNLEEAKK,0.0,0.0
rollmean2__peptide_log__TKEEYGHSEVVEYYC(UniMod_4)NPR,0.0,0.0
rollmean2__peptide_log__TEGDGVYTLNNEK,0.0,0.0
rollmean2__peptide_log__VC(UniMod_4)PFAGILENGAVR,0.0,0.0
missing__protein_npx__O75144,0.0,0.0
missing__protein_npx__O60888,0.0,0.0
missing__protein_npx__O43505,0.0,0.0
missing__protein_npx__O15394,0.0,0.0
missing__protein_npx__O15240,0.0,0.0
missing__protein_npx__O14791,0.0,0.0
missing__protein_npx__O14773,0.0,0.0
missing__protein_npx__O14498,0.0,0.0
missing__protein_npx__O00584,0.0,0.0
rollmean2__peptide_log__VYC(UniMod_4)DMNTENGGWTVIQNR,0.0,0.0
missing__protein_npx__O00391,0.0,0.0
rollmean2__has_previous_visit,0.0,0.0
rollmean2__months_since_prev_visit,0.0,0.0
rollmean2__months_since_baseline,0.0,0.0
rollmean2__current_medication_on,0.0,0.0
rollmean2__peptide_missing_fraction,0.0,0.0
rollmean2__peptide_feature_count,0.0,0.0
rollmean2__peptide_log__YVMLPVADQDQC(UniMod_4)IR,0.0,0.0
rollmean2__peptide_log__YVM(UniMod_35)LPVADQDQC(UniMod_4)IR,0.0,0.0
rollmean2__peptide_log__WELALGR,0.0,0.0
missing__protein_npx__O00533,0.0,0.0
rollmean2__peptide_log__M(UniMod_35)ASGAANVVGPK,0.0,0.0
rollmean2__peptide_log__LVGGPM(UniMod_35)DASVEEEGVRR,0.0,0.0
rollmean2__peptide_log__LSKELQAAQAR,0.0,0.0
rollmean2__peptide_log__LRTEGDGVYTLNNEKQWINK,0.0,0.0
rollmean2__peptide_log__LRTEGDGVYTLNNEK,0.0,0.0
rollmean2__peptide_log__LQAEAFQAR,0.0,0.0
rollmean2__peptide_log__LGQSLDC(UniMod_4)NAEVYVVPWEK,0.0,0.0
rollmean2__peptide_log__LGPLVEQGRVR,0.0,0.0
rollmean2__peptide_log__LGPLVEQGR,0.0,0.0
rollmean2__peptide_log__TDASDVKPC(UniMod_4),0.0,0.0
rollmean2__peptide_log__LEGQEEEEDNRDSSMK,0.0,0.0
rollmean2__peptide_log__LC(UniMod_4)MGSGLNLC(UniMod_4)EPNNKEGYYGYTGAFR,0.0,0.0
rollmean2__peptide_log__LAVYQAGAR,0.0,0.0
rollmean2__peptide_log__KVEQAVETEPEPELR,0.0,0.0
rollmean2__peptide_log__KQELSEAEQATR,0.0,0.0
rollmean2__peptide_log__KFPSGTFEQVSQLVK,0.0,0.0
rollmean2__peptide_log__IMNGEADAMSLDGGFVYIAGK,0.0,0.0
rollmean2__peptide_log__ILTC(UniMod_4)M(UniMod_35)QGMEEIR,0.0,0.0
rollmean2__peptide_log__IHWESASLLR,0.0,0.0
rollmean2__peptide_log__HYTNPSQDVTVPC(UniMod_4)PVPPPPPC(UniMod_4)C(UniMod_4)HPR,0.0,0.0
rollmean2__peptide_log__LGADM(UniMod_35)EDVC(UniMod_4)GR,0.0,0.0
rollmean2__peptide_log__SWFEPLVEDM(UniMod_35)QR,0.0,0.0
rollmean2__peptide_log__SSQGGSLPSEEK,0.0,0.0
rollmean2__peptide_log__SPVGVQPILNEHTFC(UniMod_4)AGMSK,0.0,0.0
rollmean2__peptide_log__SNSSM(UniMod_35)HITDC(UniMod_4)R,0.0,0.0
rollmean2__peptide_log__SLAAAAGKQELAK,0.0,0.0
rollmean2__peptide_log__SGEATDGARPQALPEPMQESK,0.0,0.0
rollmean2__peptide_log__SFNRGEC(UniMod_4),0.0,0.0
rollmean2__peptide_log__SELEEQLTPVAEETR,0.0,0.0
rollmean2__peptide_log__SEALAVDGAGKPGAEEAQDPEGK,0.0,0.0
rollmean2__peptide_log__SC(UniMod_4)SPELQQK,0.0,0.0
rollmean2__peptide_log__M(UniMod_35)YLGYEYVTAIR,0.0,0.0
rollmean2__peptide_log__RTPITVVK,0.0,0.0
rollmean2__peptide_log__RGYQLSDVDGVTC(UniMod_4)EDIDEC(UniMod_4)ALPTGGHIC(UniMod_4)SYR,0.0,0.0
rollmean2__peptide_log__QWAGLVEK,0.0,0.0
rollmean2__peptide_log__QQETAAAETETR,0.0,0.0
rollmean2__peptide_log__QNC(UniMod_4)ELFEQLGEYK,0.0,0.0
rollmean2__peptide_log__NPDSSTTGPWC(UniMod_4)YTTDPTVR,0.0,0.0
rollmean2__peptide_log__NPDPWAK,0.0,0.0
rollmean2__peptide_log__NFPPSQDASGDLYTTSSQLTLPATQC(UniMod_4)PDGK,0.0,0.0
rollmean2__peptide_log__NFPPSQDASGDLYTTSSQLTLPATQC(UniMod_4)LAGK,0.0,0.0
rollmean2__peptide_log__MYYSAVDPTKDIFTGLIGPM(UniMod_35)K,0.0,0.0
rollmean2__peptide_log__SC(UniMod_4)DTPPPC(UniMod_4)PR,0.0,0.0
missing__protein_npx__P04180,0.0,0.0
missing__protein_npx__P04156,0.0,0.0
missing__protein_npx__P04075,0.0,0.0
missing__protein_npx__P04004,0.0,0.0
missing__protein_npx__P02792,0.0,0.0
missing__protein_npx__P02790,0.0,0.0
missing__protein_npx__P02787,0.0,0.0
missing__protein_npx__P02774,0.0,0.0
missing__protein_npx__P02768,0.0,0.0
missing__protein_npx__O75326,0.0,0.0
missing__protein_npx__P02765,0.0,0.0
missing__protein_npx__P02763,0.0,0.0
missing__protein_npx__P02760,0.0,0.0
missing__protein_npx__P02753,0.0,0.0
missing__protein_npx__P02751,0.0,0.0
missing__protein_npx__P02750,0.0,0.0
missing__protein_npx__P02749,0.0,0.0
missing__protein_npx__P02748,0.0,0.0
missing__protein_npx__P02747,0.0,0.0
missing__protein_npx__P02679,0.0,0.0
missing__protein_npx__P02766,0.0,0.0
missing__protein_npx__P07195,0.0,0.0
missing__protein_npx__P06727,0.0,0.0
missing__protein_npx__P06681,0.0,0.0
missing__protein_npx__P06454,0.0,0.0
missing__protein_npx__P06396,0.0,0.0
missing__protein_npx__P06310,0.0,0.0
missing__protein_npx__P05546,0.0,0.0
missing__protein_npx__P05452,0.0,0.0
missing__protein_npx__P05408,0.0,0.0
missing__protein_npx__P05156,0.0,0.0
missing__protein_npx__P04196,0.0,0.0
missing__protein_npx__P05090,0.0,0.0
missing__protein_npx__P05067,0.0,0.0
missing__protein_npx__P05060,0.0,0.0
missing__protein_npx__P04433,0.0,0.0
missing__protein_npx__P04406,0.0,0.0
missing__protein_npx__P04275,0.0,0.0
missing__protein_npx__P04217,0.0,0.0
missing__protein_npx__P04216,0.0,0.0
missing__protein_npx__P04211,0.0,0.0
missing__protein_npx__P04207,0.0,0.0
missing__protein_npx__P05155,0.0,0.0
missing__protein_npx__P01042,0.0,0.0
missing__protein_npx__P01034,0.0,0.0
missing__protein_npx__P01033,0.0,0.0
missing__protein_npx__P01031,0.0,0.0
missing__protein_npx__P01024,0.0,0.0
missing__protein_npx__P01023,0.0,0.0
missing__protein_npx__P01019,0.0,0.0
missing__protein_npx__P01011,0.0,0.0
missing__protein_npx__P01009,0.0,0.0
missing__protein_npx__P02675,0.0,0.0
missing__protein_npx__P00751,0.0,0.0
missing__protein_npx__P00748,0.0,0.0
missing__protein_npx__P00747,0.0,0.0
missing__protein_npx__P00746,0.0,0.0
missing__protein_npx__P00738,0.0,0.0
missing__protein_npx__P00736,0.0,0.0
missing__protein_npx__P00734,0.0,0.0
missing__protein_npx__P00450,0.0,0.0
missing__protein_npx__P00441,0.0,0.0
missing__protein_npx__O94919,0.0,0.0
missing__protein_npx__P01008,0.0,0.0
missing__protein_npx__P02671,0.0,0.0
missing__protein_npx__P02656,0.0,0.0
missing__protein_npx__P02655,0.0,0.0
missing__protein_npx__P02652,0.0,0.0
missing__protein_npx__P02649,0.0,0.0
missing__protein_npx__P02647,0.0,0.0
missing__protein_npx__P02452,0.0,0.0
missing__protein_npx__P01877,0.0,0.0
missing__protein_npx__P01876,0.0,0.0
missing__protein_npx__P01861,0.0,0.0
missing__protein_npx__P01344,0.0,0.0
missing__protein_npx__P01859,0.0,0.0
missing__protein_npx__P01857,0.0,0.0
missing__protein_npx__P01834,0.0,0.0
missing__protein_npx__P01833,0.0,0.0
missing__protein_npx__P01780,0.0,0.0
missing__protein_npx__P01717,0.0,0.0
missing__protein_npx__P01621,0.0,0.0
missing__protein_npx__P01608,0.0,0.0
missing__protein_npx__P01594,0.0,0.0
missing__protein_npx__P01591,0.0,0.0
missing__protein_npx__P01860,0.0,0.0
lag1__protein_npx__P16035,0.0,0.0
lag1__protein_npx__P14618,0.0,0.0
lag1__protein_npx__P14314,0.0,0.0
lag1__protein_npx__P14174,0.0,0.0
lag1__protein_npx__P13987,0.0,0.0
lag1__protein_npx__P13671,0.0,0.0
lag1__protein_npx__P13611,0.0,0.0
lag1__protein_npx__P13591,0.0,0.0
lag1__protein_npx__P13521,0.0,0.0
delta1__has_previous_visit,0.0,0.0
lag1__protein_npx__P12109,0.0,0.0
lag1__protein_npx__P11277,0.0,0.0
lag1__protein_npx__P10909,0.0,0.0
lag1__protein_npx__P10645,0.0,0.0
lag1__protein_npx__P10643,0.0,0.0
lag1__protein_npx__P10451,0.0,0.0
lag1__protein_npx__P09871,0.0,0.0
lag1__protein_npx__P09486,0.0,0.0
lag1__protein_npx__P09104,0.0,0.0
lag1__protein_npx__P08637,0.0,0.0
lag1__protein_npx__P13473,0.0,0.0
lag1__protein_npx__P35542,0.0,0.0
lag1__protein_npx__P32754,0.0,0.0
lag1__protein_npx__P31997,0.0,0.0
lag1__protein_npx__P30086,0.0,0.0
lag1__protein_npx__P27169,0.0,0.0
lag1__protein_npx__P25311,0.0,0.0
lag1__protein_npx__P24592,0.0,0.0
lag1__protein_npx__P23142,0.0,0.0
lag1__protein_npx__P23083,0.0,0.0
lag1__protein_npx__P16070,0.0,0.0
lag1__protein_npx__P20774,0.0,0.0
lag1__protein_npx__P19827,0.0,0.0
lag1__protein_npx__P19823,0.0,0.0
lag1__protein_npx__P19652,0.0,0.0
lag1__protein_npx__P19021,0.0,0.0
lag1__protein_npx__P18065,0.0,0.0
lag1__protein_npx__P17936,0.0,0.0
lag1__protein_npx__P17174,0.0,0.0
lag1__protein_npx__P16870,0.0,0.0
lag1__protein_npx__P16152,0.0,0.0
lag1__protein_npx__P20933,0.0,0.0
lag1__protein_npx__P05067,0.0,0.0
lag1__protein_npx__P05060,0.0,0.0
lag1__protein_npx__P04406,0.0,0.0
lag1__protein_npx__P04275,0.0,0.0
lag1__protein_npx__P04217,0.0,0.0
lag1__protein_npx__P04216,0.0,0.0
lag1__protein_npx__P04211,0.0,0.0
lag1__protein_npx__P04207,0.0,0.0
lag1__protein_npx__P04196,0.0,0.0
lag1__protein_npx__P08603,0.0,0.0
lag1__protein_npx__P04156,0.0,0.0
lag1__protein_npx__P04075,0.0,0.0
lag1__protein_npx__P04004,0.0,0.0
lag1__protein_npx__P02790,0.0,0.0
lag1__protein_npx__P02787,0.0,0.0
lag1__protein_npx__P02774,0.0,0.0
lag1__protein_npx__P02768,0.0,0.0
lag1__protein_npx__P02766,0.0,0.0
lag1__protein_npx__P02765,0.0,0.0
lag1__protein_npx__P02763,0.0,0.0
lag1__protein_npx__P04180,0.0,0.0
lag1__protein_npx__P08571,0.0,0.0
lag1__protein_npx__P08294,0.0,0.0
lag1__protein_npx__P08253,0.0,0.0
lag1__protein_npx__P08133,0.0,0.0
lag1__protein_npx__P08123,0.0,0.0
lag1__protein_npx__P07998,0.0,0.0
lag1__protein_npx__P07858,0.0,0.0
lag1__protein_npx__P07711,0.0,0.0
lag1__protein_npx__P07339,0.0,0.0
lag1__protein_npx__P07333,0.0,0.0
lag1__protein_npx__P05090,0.0,0.0
lag1__protein_npx__P07195,0.0,0.0
lag1__protein_npx__P06727,0.0,0.0
lag1__protein_npx__P06681,0.0,0.0
lag1__protein_npx__P06454,0.0,0.0
lag1__protein_npx__P06396,0.0,0.0
lag1__protein_npx__P06310,0.0,0.0
lag1__protein_npx__P05546,0.0,0.0
lag1__protein_npx__P05452,0.0,0.0
lag1__protein_npx__P05156,0.0,0.0
lag1__protein_npx__P05155,0.0,0.0
lag1__protein_npx__P07225,0.0,0.0
lag1__protein_npx__Q9Y646,0.0,0.0
lag1__protein_npx__Q9UNU6,0.0,0.0
lag1__protein_npx__Q9UKV8,0.0,0.0
lag1__protein_npx__Q9UHG2,0.0,0.0
lag1__protein_npx__Q9UBX5,0.0,0.0
lag1__protein_npx__Q9UBR2,0.0,0.0
lag1__protein_npx__Q9NYU2,0.0,0.0
lag1__protein_npx__Q9NQ79,0.0,0.0
lag1__protein_npx__Q9HDC9,0.0,0.0
lag1__protein_npx__P36222,0.0,0.0
lag1__protein_npx__Q99969,0.0,0.0
lag1__protein_npx__Q99832,0.0,0.0
lag1__protein_npx__Q99829,0.0,0.0
lag1__protein_npx__Q99683,0.0,0.0
lag1__protein_npx__Q99674,0.0,0.0
lag1__protein_npx__Q99435,0.0,0.0
lag1__protein_npx__Q96S96,0.0,0.0
lag1__protein_npx__Q96PD5,0.0,0.0
lag1__protein_npx__Q96BZ4,0.0,0.0
lag1__protein_npx__Q92876,0.0,0.0
lag1__protein_npx__Q9BY67,0.0,0.0
lag1__peptide_mean__O94919,0.0,0.0
lag1__peptide_mean__O75326,0.0,0.0
lag1__peptide_mean__O75144,0.0,0.0
lag1__peptide_mean__O60888,0.0,0.0
lag1__peptide_mean__O43505,0.0,0.0
lag1__peptide_mean__O15394,0.0,0.0
lag1__peptide_mean__O15240,0.0,0.0
lag1__peptide_mean__O14791,0.0,0.0
lag1__peptide_mean__O14773,0.0,0.0
lag1__peptide_mean__O14498,0.0,0.0
lag1__protein_npx__Q9Y6R7,0.0,0.0
lag1__peptide_mean__O00533,0.0,0.0
lag1__peptide_mean__O00391,0.0,0.0
lag1__peptide_observation_count,0.0,0.0
lag1__peptide_abundance_sum,0.0,0.0
lag1__peptide_abundance_max,0.0,0.0
lag1__peptide_abundance_min,0.0,0.0
lag1__peptide_abundance_std,0.0,0.0
lag1__peptide_abundance_mean,0.0,0.0
lag1__protein_missing_fraction,0.0,0.0
lag1__protein_feature_count,0.0,0.0
lag1__peptide_mean__O00584,0.0,0.0
lag1__protein_npx__Q12805,0.0,0.0
lag1__protein_npx__Q08380,0.0,0.0
lag1__protein_npx__Q02818,0.0,0.0
lag1__protein_npx__P98160,0.0,0.0
lag1__protein_npx__P80748,0.0,0.0
lag1__protein_npx__P61916,0.0,0.0
lag1__protein_npx__P61769,0.0,0.0
lag1__protein_npx__P61626,0.0,0.0
lag1__protein_npx__P61278,0.0,0.0
lag1__protein_npx__Q92823,0.0,0.0
lag1__protein_npx__P55290,0.0,0.0
lag1__protein_npx__P54289,0.0,0.0
lag1__protein_npx__P51884,0.0,0.0
lag1__protein_npx__P49908,0.0,0.0
lag1__protein_npx__P49588,0.0,0.0
lag1__protein_npx__P43251,0.0,0.0
lag1__protein_npx__P43121,0.0,0.0
lag1__protein_npx__P41222,0.0,0.0
lag1__protein_npx__P36980,0.0,0.0
lag1__protein_npx__P36955,0.0,0.0
lag1__protein_npx__P60174,0.0,0.0
lag1__protein_npx__Q92520,0.0,0.0
lag1__protein_npx__Q8NE71,0.0,0.0
lag1__protein_npx__Q8NBJ4,0.0,0.0
lag1__protein_npx__Q8N2S1,0.0,0.0
lag1__protein_npx__Q8IWV7,0.0,0.0
lag1__protein_npx__Q7Z5P9,0.0,0.0
lag1__protein_npx__Q7Z3B1,0.0,0.0
lag1__protein_npx__Q6UXD5,0.0,0.0
lag1__protein_npx__Q6UXB8,0.0,0.0
lag1__protein_npx__Q6UX71,0.0,0.0
lag1__protein_npx__Q12841,0.0,0.0
lag1__protein_npx__Q16270,0.0,0.0
lag1__protein_npx__Q15904,0.0,0.0
lag1__protein_npx__Q14624,0.0,0.0
lag1__protein_npx__Q14515,0.0,0.0
lag1__protein_npx__Q14508,0.0,0.0
lag1__protein_npx__Q14118,0.0,0.0
lag1__protein_npx__Q13451,0.0,0.0
lag1__protein_npx__Q13449,0.0,0.0
lag1__protein_npx__Q13332,0.0,0.0
lag1__protein_npx__Q13283,0.0,0.0
lag1__protein_npx__Q16610,0.0,0.0
peptide_log__LVGGPM(UniMod_35)DASVEEEGVRR,0.0,0.0
peptide_log__LSSWVLLM(UniMod_35)K,0.0,0.0
peptide_log__LSNENHGIAQR,0.0,0.0
peptide_log__LSKELQAAQAR,0.0,0.0
peptide_log__LRTEGDGVYTLNNEKQWINK,0.0,0.0
peptide_log__LRTEGDGVYTLNNEK,0.0,0.0
peptide_log__LQAEAFQAR,0.0,0.0
peptide_log__LPPTSAHGNVAEGETKPDPDVTER,0.0,0.0
peptide_log__LGPLVEQGRVR,0.0,0.0
lag1__protein_npx__P02760,0.0,0.0
peptide_log__LGADMEDVC(UniMod_4)GR,0.0,0.0
peptide_log__LGADM(UniMod_35)EDVC(UniMod_4)GR,0.0,0.0
peptide_log__LEGQEEEEDNRDSSMK,0.0,0.0
peptide_log__LDEVKEQVAEVR,0.0,0.0
peptide_log__LC(UniMod_4)MGSGLNLC(UniMod_4)EPNNKEGYYGYTGAFR,0.0,0.0
peptide_log__LAVYQAGAR,0.0,0.0
peptide_log__KVEQAVETEPEPELR,0.0,0.0
peptide_log__KFPSGTFEQVSQLVK,0.0,0.0
peptide_log__KAADDTWEPFASGK,0.0,0.0
peptide_log__IMNGEADAMSLDGGFVYIAGK,0.0,0.0
peptide_log__LGPLVEQGR,0.0,0.0
peptide_log__TM(UniMod_35)LLQPAGSLGSYSYR,0.0,0.0
peptide_log__TLLSNLEEAKK,0.0,0.0
peptide_log__TKEEYGHSEVVEYYC(UniMod_4)NPR,0.0,0.0
peptide_log__TEGDGVYTLNNEK,0.0,0.0
peptide_log__TDASDVKPC(UniMod_4),0.0,0.0
peptide_log__SWFEPLVEDM(UniMod_35)QR,0.0,0.0
peptide_log__SPVGVQPILNEHTFC(UniMod_4)AGMSK,0.0,0.0
peptide_log__SNSSM(UniMod_35)HITDC(UniMod_4)R,0.0,0.0
peptide_log__SGEATDGARPQALPEPMQESK,0.0,0.0
peptide_log__M(UniMod_35)ASGAANVVGPK,0.0,0.0
peptide_log__SELEEQLTPVAEETR,0.0,0.0
peptide_log__RTPITVVK,0.0,0.0
peptide_log__QQETAAAETETR,0.0,0.0
peptide_log__QNC(UniMod_4)ELFEQLGEYK,0.0,0.0
peptide_log__QIGSVYR,0.0,0.0
peptide_log__NPDSSTTGPWC(UniMod_4)YTTDPTVR,0.0,0.0
peptide_log__NPDPWAK,0.0,0.0
peptide_log__NFPPSQDASGDLYTTSSQLTLPATQC(UniMod_4)PDGK,0.0,0.0
peptide_log__MYYSAVDPTKDIFTGLIGPM(UniMod_35)K,0.0,0.0
peptide_log__M(UniMod_35)YLGYEYVTAIR,0.0,0.0
peptide_log__SFNRGEC(UniMod_4),0.0,0.0
peptide_log__AVLPTGDVIGDSAK,0.0,0.0
peptide_log__AVGDKLPEC(UniMod_4)EADDGC(UniMod_4)PKPPEIAHGYVEHSVR,0.0,0.0
peptide_log__ATVNPSAPR,0.0,0.0
peptide_log__ANRPFLVFIR,0.0,0.0
peptide_log__ALGISPFHEHAEVVFTANDSGPR,0.0,0.0
peptide_log__AKLEEQAQQIR,0.0,0.0
peptide_log__AEAQEAEDQQAR,0.0,0.0
peptide_log__ADDKETC(UniMod_4)FAEEGK,0.0,0.0
peptide_count__Q9Y6R7,0.0,0.0
peptide_log__ILLQGTPVAQMTEDAVDAER,0.0,0.0
peptide_count__Q9UNU6,0.0,0.0
peptide_count__Q9UKV8,0.0,0.0
peptide_count__Q9UHG2,0.0,0.0
peptide_count__Q9UBX5,0.0,0.0
peptide_count__Q9UBR2,0.0,0.0
peptide_count__Q9NYU2,0.0,0.0
peptide_count__Q9NQ79,0.0,0.0
peptide_count__Q9HDC9,0.0,0.0
peptide_count__Q9BY67,0.0,0.0
peptide_count__Q99969,0.0,0.0
peptide_count__Q9Y646,0.0,0.0
peptide_log__IHWESASLLR,0.0,0.0
peptide_log__HYEGSTVPEK,0.0,0.0
peptide_log__HGGLYHENMR,0.0,0.0
peptide_log__GYQLSDVDGVTC(UniMod_4)EDIDEC(UniMod_4)ALPTGGHIC(UniMod_4)SYR,0.0,0.0
peptide_log__GC(UniMod_4)PTEEGC(UniMod_4)GER,0.0,0.0
peptide_log__FLATTPNSLLVSWQPPR,0.0,0.0
peptide_log__ELSSFIDKGQELC(UniMod_4)ADYSENTFTEYK,0.0,0.0
peptide_log__ELDESLQVAER,0.0,0.0
peptide_log__EILSVDC(UniMod_4)STNNPSQAK,0.0,0.0
peptide_log__EDSLEAGLPLQVR,0.0,0.0
peptide_log__AYQGVAAPFPK,0.0,0.0
peptide_log__DSGEGDFLAEGGGVR,0.0,0.0
peptide_log__DLATVYVDVLK,0.0,0.0
peptide_log__DASGVTFTWTPSSGK,0.0,0.0
peptide_log__C(UniMod_4)VDVDEC(UniMod_4)APPAEPC(UniMod_4)GK,0.0,0.0
peptide_log__C(UniMod_4)TSTGWIPAPR,0.0,0.0
peptide_log__C(UniMod_4)SYTEDAQC(UniMod_4)IDGTIEVPK,0.0,0.0
peptide_log__C(UniMod_4)REILSVDC(UniMod_4)STNNPSQAK,0.0,0.0
peptide_log__C(UniMod_4)RDQLPYIC(UniMod_4)QFGIV,0.0,0.0
peptide_log__C(UniMod_4)KPVNTFVHEPLVDVQNVC(UniMod_4)FQEK,0.0,0.0
peptide_log__C(UniMod_4)IIEVLSNALSK,0.0,0.0
peptide_log__DSGFQM(UniMod_35)NQLR,0.0,0.0
lag1__protein_npx__P01621,0.0,0.0
lag1__protein_npx__P01608,0.0,0.0
lag1__protein_npx__P01594,0.0,0.0
lag1__protein_npx__P01591,0.0,0.0
lag1__protein_npx__P01344,0.0,0.0
lag1__protein_npx__P01042,0.0,0.0
lag1__protein_npx__P01034,0.0,0.0
lag1__protein_npx__P01033,0.0,0.0
lag1__protein_npx__P01031,0.0,0.0
peptide_log__TPVSDRVTK,0.0,0.0
lag1__protein_npx__P01023,0.0,0.0
lag1__protein_npx__P01019,0.0,0.0
lag1__protein_npx__P01011,0.0,0.0
lag1__protein_npx__P01009,0.0,0.0
lag1__protein_npx__P01008,0.0,0.0
lag1__protein_npx__P00751,0.0,0.0
lag1__protein_npx__P00748,0.0,0.0
lag1__protein_npx__P00747,0.0,0.0
lag1__protein_npx__P00746,0.0,0.0
lag1__protein_npx__P00738,0.0,0.0
lag1__protein_npx__P01024,0.0,0.0
lag1__protein_npx__P02751,0.0,0.0
lag1__protein_npx__P02750,0.0,0.0
lag1__protein_npx__P02749,0.0,0.0
lag1__protein_npx__P02748,0.0,0.0
lag1__protein_npx__P02747,0.0,0.0
lag1__protein_npx__P02679,0.0,0.0
lag1__protein_npx__P02675,0.0,0.0
lag1__protein_npx__P02671,0.0,0.0
lag1__protein_npx__P02656,0.0,0.0
lag1__protein_npx__P02655,0.0,0.0
lag1__protein_npx__P01717,0.0,0.0
lag1__protein_npx__P02649,0.0,0.0
lag1__protein_npx__P02647,0.0,0.0
lag1__protein_npx__P02452,0.0,0.0
lag1__protein_npx__P01877,0.0,0.0
lag1__protein_npx__P01876,0.0,0.0
lag1__protein_npx__P01860,0.0,0.0
lag1__protein_npx__P01857,0.0,0.0
lag1__protein_npx__P01834,0.0,0.0
lag1__protein_npx__P01833,0.0,0.0
lag1__protein_npx__P01780,0.0,0.0
lag1__protein_npx__P02652,0.0,0.0
peptide_feature_count,0.0,0.0
peptide_log__YYWGGQYTWDMAK,0.0,0.0
peptide_log__YVMLPVADQDQC(UniMod_4)IR,0.0,0.0
peptide_log__YVM(UniMod_35)LPVADQDQC(UniMod_4)IR,0.0,0.0
peptide_log__YIVSGTPTFVPYLIK,0.0,0.0
peptide_log__WELALGR,0.0,0.0
peptide_log__VYC(UniMod_4)DMNTENGGWTVIQNR,0.0,0.0
peptide_log__VTSIQDWVQK,0.0,0.0
peptide_log__VQAAVGTSAAPVPSDNH,0.0,0.0
lag1__protein_npx__P00736,0.0,0.0
peptide_log__VKDLATVYVDVLK,0.0,0.0
peptide_log__VGYVSGWGR,0.0,0.0
peptide_log__VDSGNDVTDIADDGC(UniMod_4)PKPPEIAHGYVEHSVR,0.0,0.0
peptide_log__VDNALQSGNSQESVTEQDSKDSTYSLSSTLTLSK,0.0,0.0
peptide_log__VC(UniMod_4)PFAGILENGAVR,0.0,0.0
peptide_log__TVVQPSVGAAAGPVVPPC(UniMod_4)PGR,0.0,0.0
peptide_log__TTPPVLDSDGSFFLYSR,0.0,0.0
peptide_log__TTPPVLDSDGSFFLYSK,0.0,0.0
peptide_log__TSPVDEKALQDQLVLVAAK,0.0,0.0
peptide_log__TQVNTQAEQLRR,0.0,0.0
peptide_log__VMPIC(UniMod_4)LPSKDYAEVGR,0.0,0.0
lag1__protein_npx__P00734,0.0,0.0
lag1__protein_npx__P00450,0.0,0.0
lag1__protein_npx__P00441,0.0,0.0
lag1__protein_npx__O94919,0.0,0.0
lag1__protein_npx__O75326,0.0,0.0
lag1__protein_npx__O75144,0.0,0.0
lag1__protein_npx__O43505,0.0,0.0
lag1__protein_npx__O15394,0.0,0.0
lag1__protein_npx__O15240,0.0,0.0
lag1__protein_npx__O14773,0.0,0.0
peptide_missing_fraction,0.0,0.0
lag1__protein_npx__O00584,0.0,0.0
lag1__protein_npx__O00533,0.0,0.0
lag1__protein_npx__O00391,0.0,0.0
has_previous_visit,0.0,0.0
months_since_prev_visit,0.0,0.0
months_since_baseline,0.0,0.0
visit_index,0.0,0.0
current_medication_unknown,0.0,0.0
current_medication_on,0.0,0.0
current_updrs_3,0.0,0.0
lag1__protein_npx__O14498,0.0,0.0
lag1__peptide_std__P02647,0.0,0.0
lag1__peptide_std__P02452,0.0,0.0
lag1__peptide_std__P01877,0.0,0.0
lag1__peptide_std__P01876,0.0,0.0
lag1__peptide_std__P01859,0.0,0.0
lag1__peptide_std__P01857,0.0,0.0
lag1__peptide_std__P01834,0.0,0.0
lag1__peptide_std__P01042,0.0,0.0
lag1__peptide_std__P01034,0.0,0.0
lag1__peptide_mean__P00441,0.0,0.0
lag1__peptide_std__P01023,0.0,0.0
lag1__peptide_std__P01019,0.0,0.0
lag1__peptide_std__P01011,0.0,0.0
lag1__peptide_std__P01009,0.0,0.0
lag1__peptide_std__P01008,0.0,0.0
lag1__peptide_std__P00751,0.0,0.0
lag1__peptide_std__P00748,0.0,0.0
lag1__peptide_std__P00747,0.0,0.0
lag1__peptide_std__P00746,0.0,0.0
lag1__peptide_std__P00738,0.0,0.0
lag1__peptide_std__P01024,0.0,0.0
lag1__peptide_std__P04196,0.0,0.0
lag1__peptide_std__P04180,0.0,0.0
lag1__peptide_std__P04075,0.0,0.0
lag1__peptide_std__P04004,0.0,0.0
lag1__peptide_std__P02790,0.0,0.0
lag1__peptide_std__P02787,0.0,0.0
lag1__peptide_std__P02774,0.0,0.0
lag1__peptide_std__P02768,0.0,0.0
lag1__peptide_std__P02766,0.0,0.0
lag1__peptide_std__P02649,0.0,0.0
lag1__peptide_std__P02763,0.0,0.0
lag1__peptide_std__P02760,0.0,0.0
lag1__peptide_std__P02753,0.0,0.0
lag1__peptide_std__P02751,0.0,0.0
lag1__peptide_std__P02750,0.0,0.0
lag1__peptide_std__P02748,0.0,0.0
lag1__peptide_std__P02747,0.0,0.0
lag1__peptide_std__P02671,0.0,0.0
lag1__peptide_std__P02656,0.0,0.0
lag1__peptide_std__P02652,0.0,0.0
lag1__peptide_std__P02765,0.0,0.0
lag1__peptide_mean__Q99683,0.0,0.0
lag1__peptide_mean__Q99674,0.0,0.0
lag1__peptide_mean__Q99435,0.0,0.0
lag1__peptide_mean__Q96S96,0.0,0.0
lag1__peptide_mean__Q96PD5,0.0,0.0
lag1__peptide_mean__Q96KN2,0.0,0.0
lag1__peptide_mean__Q96BZ4,0.0,0.0
lag1__peptide_mean__Q92876,0.0,0.0
lag1__peptide_mean__Q92823,0.0,0.0
lag1__peptide_std__P00736,0.0,0.0
lag1__peptide_mean__Q8NE71,0.0,0.0
lag1__peptide_mean__Q8NBJ4,0.0,0.0
lag1__peptide_mean__Q8N2S1,0.0,0.0
lag1__peptide_mean__Q8IWV7,0.0,0.0
lag1__peptide_mean__Q7Z5P9,0.0,0.0
lag1__peptide_mean__Q7Z3B1,0.0,0.0
lag1__peptide_mean__Q6UXD5,0.0,0.0
lag1__peptide_mean__Q6UXB8,0.0,0.0
lag1__peptide_mean__Q6UX71,0.0,0.0
lag1__peptide_mean__Q562R1,0.0,0.0
lag1__peptide_mean__Q92520,0.0,0.0
lag1__peptide_std__P00450,0.0,0.0
lag1__peptide_std__P00441,0.0,0.0
lag1__peptide_std__O94919,0.0,0.0
lag1__peptide_std__O75144,0.0,0.0
lag1__peptide_std__O15394,0.0,0.0
lag1__peptide_std__O15240,0.0,0.0
lag1__peptide_std__O14773,0.0,0.0
lag1__peptide_std__O00584,0.0,0.0
lag1__peptide_std__O00533,0.0,0.0
lag1__peptide_mean__Q9Y6R7,0.0,0.0
lag1__peptide_mean__Q99829,0.0,0.0
lag1__peptide_mean__Q9UNU6,0.0,0.0
lag1__peptide_mean__Q9UHG2,0.0,0.0
lag1__peptide_mean__Q9UBX5,0.0,0.0
lag1__peptide_mean__Q9UBR2,0.0,0.0
lag1__peptide_mean__Q9NYU2,0.0,0.0
lag1__peptide_mean__Q9NQ79,0.0,0.0
lag1__peptide_mean__Q9HDC9,0.0,0.0
lag1__peptide_mean__Q9BY67,0.0,0.0
lag1__peptide_mean__Q99969,0.0,0.0
lag1__peptide_mean__Q99832,0.0,0.0
lag1__peptide_mean__Q9Y646,0.0,0.0
lag1__peptide_std__Q16270,0.0,0.0
lag1__peptide_std__Q14624,0.0,0.0
lag1__peptide_std__Q14515,0.0,0.0
lag1__peptide_std__Q14118,0.0,0.0
lag1__peptide_std__Q13740,0.0,0.0
lag1__peptide_std__Q12907,0.0,0.0
lag1__peptide_std__Q12841,0.0,0.0
lag1__peptide_std__Q12805,0.0,0.0
lag1__peptide_std__Q08380,0.0,0.0
lag1__peptide_std__P04217,0.0,0.0
lag1__peptide_std__P98160,0.0,0.0
lag1__peptide_std__P61916,0.0,0.0
lag1__peptide_std__P61769,0.0,0.0
lag1__peptide_std__P55290,0.0,0.0
lag1__peptide_std__P54289,0.0,0.0
lag1__peptide_std__P51884,0.0,0.0
lag1__peptide_std__P43652,0.0,0.0
lag1__peptide_std__P39060,0.0,0.0
lag1__peptide_std__P36955,0.0,0.0
lag1__peptide_std__P36222,0.0,0.0
lag1__peptide_std__Q06481,0.0,0.0
lag1__peptide_count__P00441,0.0,0.0
lag1__peptide_count__O94919,0.0,0.0
lag1__peptide_count__O75326,0.0,0.0
lag1__peptide_count__O75144,0.0,0.0
lag1__peptide_count__O60888,0.0,0.0
lag1__peptide_count__O43505,0.0,0.0
lag1__peptide_count__O15394,0.0,0.0
lag1__peptide_count__O15240,0.0,0.0
lag1__peptide_count__O14791,0.0,0.0
lag1__peptide_count__O14773,0.0,0.0
lag1__peptide_std__Q6UXB8,0.0,0.0
lag1__peptide_count__O00584,0.0,0.0
lag1__peptide_count__O00533,0.0,0.0
lag1__peptide_count__O00391,0.0,0.0
lag1__peptide_std__Q9Y6R7,0.0,0.0
lag1__peptide_std__Q9UHG2,0.0,0.0
lag1__peptide_std__Q9UBX5,0.0,0.0
lag1__peptide_std__Q96PD5,0.0,0.0
lag1__peptide_std__Q96KN2,0.0,0.0
lag1__peptide_std__Q92876,0.0,0.0
lag1__peptide_std__Q92823,0.0,0.0
lag1__peptide_count__O14498,0.0,0.0
lag1__peptide_std__P08697,0.0,0.0
lag1__peptide_std__P08603,0.0,0.0
lag1__peptide_std__P08571,0.0,0.0
lag1__peptide_std__P08493,0.0,0.0
lag1__peptide_std__P08294,0.0,0.0
lag1__peptide_std__P07998,0.0,0.0
lag1__peptide_std__P07711,0.0,0.0
lag1__peptide_std__P07602,0.0,0.0
lag1__peptide_std__P07339,0.0,0.0
lag1__peptide_std__P30086,0.0,0.0
lag1__peptide_std__P06727,0.0,0.0
lag1__peptide_std__P06681,0.0,0.0
lag1__peptide_std__P06396,0.0,0.0
lag1__peptide_std__P05546,0.0,0.0
lag1__peptide_std__P05452,0.0,0.0
lag1__peptide_std__P05156,0.0,0.0
lag1__peptide_std__P05155,0.0,0.0
lag1__peptide_std__P05067,0.0,0.0
lag1__peptide_std__P05060,0.0,0.0
lag1__peptide_std__P04433,0.0,0.0
lag1__peptide_std__P07225,0.0,0.0
lag1__peptide_std__P27169,0.0,0.0
lag1__peptide_std__P25311,0.0,0.0
lag1__peptide_std__P24592,0.0,0.0
lag1__peptide_std__P23142,0.0,0.0
lag1__peptide_std__P20774,0.0,0.0
lag1__peptide_std__P19823,0.0,0.0
lag1__peptide_std__P19652,0.0,0.0
lag1__peptide_std__P18065,0.0,0.0
lag1__peptide_std__P17174,0.0,0.0
lag1__peptide_std__P16870,0.0,0.0
lag1__peptide_std__P09486,0.0,0.0
lag1__peptide_std__P16035,0.0,0.0
lag1__peptide_std__P14618,0.0,0.0
lag1__peptide_std__P14314,0.0,0.0
lag1__peptide_std__P13987,0.0,0.0
lag1__peptide_std__P13611,0.0,0.0
lag1__peptide_std__P13591,0.0,0.0
lag1__peptide_std__P10909,0.0,0.0
lag1__peptide_std__P10645,0.0,0.0
lag1__peptide_std__P10643,0.0,0.0
lag1__peptide_std__P09871,0.0,0.0
lag1__peptide_std__P16070,0.0,0.0
lag1__peptide_mean__P04216,0.0,0.0
lag1__peptide_mean__P04211,0.0,0.0
lag1__peptide_mean__P04207,0.0,0.0
lag1__peptide_mean__P04196,0.0,0.0
lag1__peptide_mean__P04180,0.0,0.0
lag1__peptide_mean__P04156,0.0,0.0
lag1__peptide_mean__P04075,0.0,0.0
lag1__peptide_mean__P04004,0.0,0.0
lag1__peptide_mean__P02792,0.0,0.0
lag1__peptide_mean__Q16610,0.0,0.0
lag1__peptide_mean__P02787,0.0,0.0
lag1__peptide_mean__P02774,0.0,0.0
lag1__peptide_mean__P02768,0.0,0.0
lag1__peptide_mean__P02766,0.0,0.0
lag1__peptide_mean__P02763,0.0,0.0
lag1__peptide_mean__P02760,0.0,0.0
lag1__peptide_mean__P02753,0.0,0.0
lag1__peptide_mean__P02751,0.0,0.0
lag1__peptide_mean__P02750,0.0,0.0
lag1__peptide_mean__P02749,0.0,0.0
lag1__peptide_mean__P02790,0.0,0.0
lag1__peptide_mean__P07602,0.0,0.0
lag1__peptide_mean__P07339,0.0,0.0
lag1__peptide_mean__P07333,0.0,0.0
lag1__peptide_mean__P07225,0.0,0.0
lag1__peptide_mean__P07195,0.0,0.0
lag1__peptide_mean__P06727,0.0,0.0
lag1__peptide_mean__P06681,0.0,0.0
lag1__peptide_mean__P06454,0.0,0.0
lag1__peptide_mean__P06396,0.0,0.0
lag1__peptide_mean__P04217,0.0,0.0
lag1__peptide_mean__P05546,0.0,0.0
lag1__peptide_mean__P05452,0.0,0.0
lag1__peptide_mean__P05408,0.0,0.0
lag1__peptide_mean__P05156,0.0,0.0
lag1__peptide_mean__P05155,0.0,0.0
lag1__peptide_mean__P05090,0.0,0.0
lag1__peptide_mean__P05067,0.0,0.0
lag1__peptide_mean__P05060,0.0,0.0
lag1__peptide_mean__P04406,0.0,0.0
lag1__peptide_mean__P04275,0.0,0.0
lag1__peptide_mean__P06310,0.0,0.0
lag1__peptide_mean__P01591,0.0,0.0
lag1__peptide_mean__P01344,0.0,0.0
lag1__peptide_mean__P01042,0.0,0.0
lag1__peptide_mean__P01034,0.0,0.0
lag1__peptide_mean__P01033,0.0,0.0
lag1__peptide_mean__P01031,0.0,0.0
lag1__peptide_mean__P01024,0.0,0.0
lag1__peptide_mean__P01023,0.0,0.0
lag1__peptide_mean__P01019,0.0,0.0
lag1__peptide_mean__P02748,0.0,0.0
lag1__peptide_mean__P01009,0.0,0.0
lag1__peptide_mean__P01008,0.0,0.0
lag1__peptide_mean__P00751,0.0,0.0
lag1__peptide_mean__P00748,0.0,0.0
lag1__peptide_mean__P00747,0.0,0.0
lag1__peptide_mean__P00746,0.0,0.0
lag1__peptide_mean__P00738,0.0,0.0
lag1__peptide_mean__P00736,0.0,0.0
lag1__peptide_mean__P00734,0.0,0.0
lag1__peptide_mean__P00450,0.0,0.0
lag1__peptide_mean__P01011,0.0,0.0
lag1__peptide_mean__P02747,0.0,0.0
lag1__peptide_mean__P02679,0.0,0.0
lag1__peptide_mean__P02675,0.0,0.0
lag1__peptide_mean__P02671,0.0,0.0
lag1__peptide_mean__P02656,0.0,0.0
lag1__peptide_mean__P02655,0.0,0.0
lag1__peptide_mean__P02652,0.0,0.0
lag1__peptide_mean__P02649,0.0,0.0
lag1__peptide_mean__P02647,0.0,0.0
lag1__peptide_mean__P02452,0.0,0.0
lag1__peptide_mean__P01594,0.0,0.0
lag1__peptide_mean__P01876,0.0,0.0
lag1__peptide_mean__P01861,0.0,0.0
lag1__peptide_mean__P01860,0.0,0.0
lag1__peptide_mean__P01859,0.0,0.0
lag1__peptide_mean__P01857,0.0,0.0
lag1__peptide_mean__P01834,0.0,0.0
lag1__peptide_mean__P01833,0.0,0.0
lag1__peptide_mean__P01780,0.0,0.0
lag1__peptide_mean__P01621,0.0,0.0
lag1__peptide_mean__P01608,0.0,0.0
lag1__peptide_mean__P01877,0.0,0.0
lag1__peptide_mean__P54289,0.0,0.0
lag1__peptide_mean__P51884,0.0,0.0
lag1__peptide_mean__P49908,0.0,0.0
lag1__peptide_mean__P49588,0.0,0.0
lag1__peptide_mean__P43652,0.0,0.0
lag1__peptide_mean__P43251,0.0,0.0
lag1__peptide_mean__P43121,0.0,0.0
lag1__peptide_mean__P41222,0.0,0.0
lag1__peptide_mean__P40925,0.0,0.0
lag1__peptide_mean__P07711,0.0,0.0
lag1__peptide_mean__P36980,0.0,0.0
lag1__peptide_mean__P36955,0.0,0.0
lag1__peptide_mean__P36222,0.0,0.0
lag1__peptide_mean__P35542,0.0,0.0
lag1__peptide_mean__P32754,0.0,0.0
lag1__peptide_mean__P31997,0.0,0.0
lag1__peptide_mean__P27169,0.0,0.0
lag1__peptide_mean__P25311,0.0,0.0
lag1__peptide_mean__P24592,0.0,0.0
lag1__peptide_mean__P23142,0.0,0.0
lag1__peptide_mean__P39060,0.0,0.0
lag1__peptide_mean__Q16270,0.0,0.0
lag1__peptide_mean__Q15904,0.0,0.0
lag1__peptide_mean__Q14624,0.0,0.0
lag1__peptide_mean__Q14515,0.0,0.0
lag1__peptide_mean__Q14508,0.0,0.0
lag1__peptide_mean__Q14118,0.0,0.0
lag1__peptide_mean__Q13740,0.0,0.0
lag1__peptide_mean__Q13451,0.0,0.0
lag1__peptide_mean__Q13449,0.0,0.0
lag1__peptide_mean__Q13332,0.0,0.0
lag1__peptide_mean__P55290,0.0,0.0
lag1__peptide_mean__Q12907,0.0,0.0
lag1__peptide_mean__Q12805,0.0,0.0
lag1__peptide_mean__Q08380,0.0,0.0
lag1__peptide_mean__Q06481,0.0,0.0
lag1__peptide_mean__Q02818,0.0,0.0
lag1__peptide_mean__P80748,0.0,0.0
lag1__peptide_mean__P61916,0.0,0.0
lag1__peptide_mean__P61769,0.0,0.0
lag1__peptide_mean__P61626,0.0,0.0
lag1__peptide_mean__P61278,0.0,0.0
lag1__peptide_mean__Q13283,0.0,0.0
lag1__peptide_mean__P12109,0.0,0.0
lag1__peptide_mean__P11277,0.0,0.0
lag1__peptide_mean__P11142,0.0,0.0
lag1__peptide_mean__P10909,0.0,0.0
lag1__peptide_mean__P10645,0.0,0.0
lag1__peptide_mean__P10451,0.0,0.0
lag1__peptide_mean__P09871,0.0,0.0
lag1__peptide_mean__P09486,0.0,0.0
lag1__peptide_mean__P09104,0.0,0.0
lag1__peptide_mean__P23083,0.0,0.0
lag1__peptide_mean__P08637,0.0,0.0
lag1__peptide_mean__P08603,0.0,0.0
lag1__peptide_mean__P08571,0.0,0.0
lag1__peptide_mean__P08493,0.0,0.0
lag1__peptide_mean__P08294,0.0,0.0
lag1__peptide_mean__P08253,0.0,0.0
lag1__peptide_mean__P08133,0.0,0.0
lag1__peptide_mean__P08123,0.0,0.0
lag1__peptide_mean__P07998,0.0,0.0
lag1__peptide_mean__P07858,0.0,0.0
lag1__peptide_mean__P08697,0.0,0.0
lag1__peptide_mean__P20933,0.0,0.0
lag1__peptide_mean__P20774,0.0,0.0
lag1__peptide_mean__P19827,0.0,0.0
lag1__peptide_mean__P19823,0.0,0.0
lag1__peptide_mean__P19652,0.0,0.0
lag1__peptide_mean__P19021,0.0,0.0
lag1__peptide_mean__P18065,0.0,0.0
lag1__peptide_mean__P17936,0.0,0.0
lag1__peptide_mean__P17174,0.0,0.0
lag1__peptide_mean__P16870,0.0,0.0
lag1__peptide_mean__P13473,0.0,0.0
lag1__peptide_mean__P16070,0.0,0.0
lag1__peptide_mean__P16035,0.0,0.0
lag1__peptide_mean__P14618,0.0,0.0
lag1__peptide_mean__P14314,0.0,0.0
lag1__peptide_mean__P14174,0.0,0.0
lag1__peptide_mean__P13987,0.0,0.0
lag1__peptide_mean__P13671,0.0,0.0
lag1__peptide_mean__P13611,0.0,0.0
lag1__peptide_mean__P13591,0.0,0.0
lag1__peptide_mean__P13521,0.0,0.0
lag1__peptide_mean__P16152,0.0,0.0
peptide_mean__P02751,0.0,0.0
peptide_mean__P02748,0.0,0.0
peptide_mean__P02747,0.0,0.0
peptide_mean__P02679,0.0,0.0
peptide_mean__P02675,0.0,0.0
peptide_mean__P02656,0.0,0.0
peptide_mean__P02655,0.0,0.0
peptide_mean__P02652,0.0,0.0
peptide_mean__P02649,0.0,0.0
peptide_count__Q99832,0.0,0.0
peptide_mean__P02452,0.0,0.0
peptide_mean__P01877,0.0,0.0
peptide_mean__P01876,0.0,0.0
peptide_mean__P01861,0.0,0.0
peptide_mean__P01860,0.0,0.0
peptide_mean__P01857,0.0,0.0
peptide_mean__P01833,0.0,0.0
peptide_mean__P01780,0.0,0.0
peptide_mean__P01717,0.0,0.0
peptide_mean__P01621,0.0,0.0
peptide_mean__P02647,0.0,0.0
peptide_mean__P05546,0.0,0.0
peptide_mean__P05452,0.0,0.0
peptide_mean__P05408,0.0,0.0
peptide_mean__P05156,0.0,0.0
peptide_mean__P05155,0.0,0.0
peptide_mean__P05090,0.0,0.0
peptide_mean__P05067,0.0,0.0
peptide_mean__P04275,0.0,0.0
peptide_mean__P04216,0.0,0.0
peptide_mean__P02753,0.0,0.0
peptide_mean__P04180,0.0,0.0
peptide_mean__P04156,0.0,0.0
peptide_mean__P04075,0.0,0.0
peptide_mean__P04004,0.0,0.0
peptide_mean__P02792,0.0,0.0
peptide_mean__P02787,0.0,0.0
peptide_mean__P02774,0.0,0.0
peptide_mean__P02765,0.0,0.0
peptide_mean__P02763,0.0,0.0
peptide_mean__P02760,0.0,0.0
peptide_mean__P04211,0.0,0.0
peptide_mean__O15394,0.0,0.0
peptide_mean__O14791,0.0,0.0
peptide_mean__O14773,0.0,0.0
peptide_mean__O14498,0.0,0.0
peptide_mean__O00584,0.0,0.0
peptide_mean__O00533,0.0,0.0
peptide_mean__O00391,0.0,0.0
peptide_observation_count,0.0,0.0
peptide_abundance_max,0.0,0.0
peptide_mean__P01594,0.0,0.0
peptide_abundance_std,0.0,0.0
peptide_abundance_mean,0.0,0.0
protein_missing_fraction,0.0,0.0
protein_feature_count,0.0,0.0
protein_npx__Q9Y6R7,0.0,0.0
protein_npx__Q9Y646,0.0,0.0
protein_npx__Q9UKV8,0.0,0.0
protein_npx__Q9UBX5,0.0,0.0
protein_npx__Q9NYU2,0.0,0.0
protein_npx__Q9HDC9,0.0,0.0
peptide_abundance_min,0.0,0.0
peptide_mean__P01344,0.0,0.0
peptide_mean__P01042,0.0,0.0
peptide_mean__P01034,0.0,0.0
peptide_mean__P01033,0.0,0.0
peptide_mean__P01031,0.0,0.0
peptide_mean__P01024,0.0,0.0
peptide_mean__P01023,0.0,0.0
peptide_mean__P01019,0.0,0.0
peptide_mean__P01009,0.0,0.0
peptide_mean__P01008,0.0,0.0
peptide_mean__O43505,0.0,0.0
peptide_mean__P00747,0.0,0.0
peptide_mean__P00746,0.0,0.0
peptide_mean__P00738,0.0,0.0
peptide_mean__P00736,0.0,0.0
peptide_mean__P00734,0.0,0.0
peptide_mean__P00450,0.0,0.0
peptide_mean__P00441,0.0,0.0
peptide_mean__O94919,0.0,0.0
peptide_mean__O75144,0.0,0.0
peptide_mean__O60888,0.0,0.0
peptide_mean__P00751,0.0,0.0
peptide_mean__P60174,0.0,0.0
peptide_mean__P51884,0.0,0.0
peptide_mean__P49908,0.0,0.0
peptide_mean__P49588,0.0,0.0
peptide_mean__P43652,0.0,0.0
peptide_mean__P43251,0.0,0.0
peptide_mean__P43121,0.0,0.0
peptide_mean__P41222,0.0,0.0
peptide_mean__P40925,0.0,0.0
peptide_mean__P06310,0.0,0.0
peptide_mean__P36980,0.0,0.0
peptide_mean__P35542,0.0,0.0
peptide_mean__P31997,0.0,0.0
peptide_mean__P30086,0.0,0.0
peptide_mean__P27169,0.0,0.0
peptide_mean__P25311,0.0,0.0
peptide_mean__P24592,0.0,0.0
peptide_mean__P23142,0.0,0.0
peptide_mean__P23083,0.0,0.0
peptide_mean__P20774,0.0,0.0
peptide_mean__P39060,0.0,0.0
peptide_mean__Q16270,0.0,0.0
peptide_mean__Q15904,0.0,0.0
peptide_mean__Q14624,0.0,0.0
peptide_mean__Q14515,0.0,0.0
peptide_mean__Q14508,0.0,0.0
peptide_mean__Q14118,0.0,0.0
peptide_mean__Q13451,0.0,0.0
peptide_mean__Q13449,0.0,0.0
peptide_mean__Q13332,0.0,0.0
peptide_mean__Q13283,0.0,0.0
peptide_mean__P61278,0.0,0.0
peptide_mean__Q12841,0.0,0.0
peptide_mean__Q12805,0.0,0.0
peptide_mean__Q08380,0.0,0.0
peptide_mean__Q06481,0.0,0.0
peptide_mean__Q02818,0.0,0.0
peptide_mean__P98160,0.0,0.0
peptide_mean__P80748,0.0,0.0
peptide_mean__P61916,0.0,0.0
peptide_mean__P61769,0.0,0.0
peptide_mean__P61626,0.0,0.0
peptide_mean__Q12907,0.0,0.0
peptide_mean__P09871,0.0,0.0
peptide_mean__P09486,0.0,0.0
peptide_mean__P09104,0.0,0.0
peptide_mean__P08603,0.0,0.0
peptide_mean__P08571,0.0,0.0
peptide_mean__P08493,0.0,0.0
peptide_mean__P08253,0.0,0.0
peptide_mean__P08133,0.0,0.0
peptide_mean__P08123,0.0,0.0
peptide_mean__P19827,0.0,0.0
peptide_mean__P07858,0.0,0.0
peptide_mean__P07711,0.0,0.0
peptide_mean__P07602,0.0,0.0
peptide_mean__P07339,0.0,0.0
peptide_mean__P07225,0.0,0.0
peptide_mean__P07195,0.0,0.0
peptide_mean__P06727,0.0,0.0
peptide_mean__P06681,0.0,0.0
peptide_mean__P06454,0.0,0.0
peptide_mean__P06396,0.0,0.0
peptide_mean__P07998,0.0,0.0
peptide_mean__P19823,0.0,0.0
peptide_mean__P19652,0.0,0.0
peptide_mean__P19021,0.0,0.0
peptide_mean__P18065,0.0,0.0
peptide_mean__P17936,0.0,0.0
peptide_mean__P17174,0.0,0.0
peptide_mean__P16870,0.0,0.0
peptide_mean__P16152,0.0,0.0
peptide_mean__P16070,0.0,0.0
peptide_mean__P16035,0.0,0.0
peptide_mean__P10451,0.0,0.0
peptide_mean__P14314,0.0,0.0
peptide_mean__P13671,0.0,0.0
peptide_mean__P13611,0.0,0.0
peptide_mean__P13591,0.0,0.0
peptide_mean__P13521,0.0,0.0
peptide_mean__P13473,0.0,0.0
peptide_mean__P12109,0.0,0.0
peptide_mean__P11277,0.0,0.0
peptide_mean__P11142,0.0,0.0
peptide_mean__P10909,0.0,0.0
peptide_mean__P14618,0.0,0.0
protein_npx__P04207,0.0,0.0
protein_npx__P04196,0.0,0.0
protein_npx__P04180,0.0,0.0
protein_npx__P04156,0.0,0.0
protein_npx__P04075,0.0,0.0
protein_npx__P02792,0.0,0.0
protein_npx__P02790,0.0,0.0
protein_npx__P02787,0.0,0.0
protein_npx__P02768,0.0,0.0
protein_npx__Q9BY67,0.0,0.0
protein_npx__P02763,0.0,0.0
protein_npx__P02760,0.0,0.0
protein_npx__P02747,0.0,0.0
protein_npx__O00533,0.0,0.0
protein_npx__P02675,0.0,0.0
protein_npx__P02671,0.0,0.0
protein_npx__P02656,0.0,0.0
protein_npx__P02655,0.0,0.0
protein_npx__P02652,0.0,0.0
protein_npx__P02649,0.0,0.0
protein_npx__P02765,0.0,0.0
protein_npx__P08133,0.0,0.0
protein_npx__P08123,0.0,0.0
protein_npx__P07998,0.0,0.0
protein_npx__P07858,0.0,0.0
protein_npx__P07602,0.0,0.0
protein_npx__P07339,0.0,0.0
protein_npx__P07225,0.0,0.0
protein_npx__P07195,0.0,0.0
protein_npx__P06681,0.0,0.0
protein_npx__P04211,0.0,0.0
protein_npx__P06396,0.0,0.0
protein_npx__P06310,0.0,0.0
protein_npx__P05452,0.0,0.0
protein_npx__P05408,0.0,0.0
protein_npx__P05156,0.0,0.0
protein_npx__P05155,0.0,0.0
protein_npx__P05067,0.0,0.0
protein_npx__P04433,0.0,0.0
protein_npx__P04275,0.0,0.0
protein_npx__P04216,0.0,0.0
protein_npx__P06454,0.0,0.0
missing__peptide_log__VKDLATVYVDVLK,0.0,0.0
protein_npx__P02679,0.0,0.0
missing__peptide_log__RLEGQEEEEDNRDSSMK,0.0,0.0
protein_npx__P01009,0.0,0.0
protein_npx__P00751,0.0,0.0
protein_npx__P00748,0.0,0.0
protein_npx__P00747,0.0,0.0
protein_npx__P00746,0.0,0.0
protein_npx__P00738,0.0,0.0
protein_npx__P02647,0.0,0.0
protein_npx__P00734,0.0,0.0
protein_npx__P00450,0.0,0.0
protein_npx__P00441,0.0,0.0
protein_npx__O94919,0.0,0.0
protein_npx__O75326,0.0,0.0
protein_npx__O75144,0.0,0.0
protein_npx__O60888,0.0,0.0
protein_npx__O43505,0.0,0.0
protein_npx__O15394,0.0,0.0
protein_npx__O15240,0.0,0.0
protein_npx__P00736,0.0,0.0
protein_npx__P02452,0.0,0.0
protein_npx__P01877,0.0,0.0
protein_npx__P01876,0.0,0.0
protein_npx__P01861,0.0,0.0
protein_npx__P01857,0.0,0.0
protein_npx__P01834,0.0,0.0
protein_npx__P01833,0.0,0.0
protein_npx__P01780,0.0,0.0
protein_npx__P01717,0.0,0.0
protein_npx__P01621,0.0,0.0
missing__peptide_log__TSPVDEKALQDQLVLVAAK,0.0,0.0
protein_npx__P01594,0.0,0.0
protein_npx__P01591,0.0,0.0
protein_npx__P01344,0.0,0.0
protein_npx__P01034,0.0,0.0
protein_npx__P01031,0.0,0.0
protein_npx__P01024,0.0,0.0
protein_npx__P01019,0.0,0.0
protein_npx__P01011,0.0,0.0
missing__has_previous_visit,0.0,0.0
protein_npx__P01042,0.0,0.0
protein_npx__P01608,0.0,0.0
protein_npx__Q13451,0.0,0.0
protein_npx__Q13449,0.0,0.0
protein_npx__Q13332,0.0,0.0
protein_npx__Q13283,0.0,0.0
protein_npx__Q12907,0.0,0.0
protein_npx__Q12841,0.0,0.0
protein_npx__Q12805,0.0,0.0
protein_npx__Q08380,0.0,0.0
protein_npx__P98160,0.0,0.0
protein_npx__P08253,0.0,0.0
protein_npx__P61626,0.0,0.0
protein_npx__P60174,0.0,0.0
protein_npx__P55290,0.0,0.0
protein_npx__P54289,0.0,0.0
protein_npx__P51884,0.0,0.0
protein_npx__P49908,0.0,0.0
protein_npx__P49588,0.0,0.0
protein_npx__P43251,0.0,0.0
protein_npx__P43121,0.0,0.0
protein_npx__P41222,0.0,0.0
protein_npx__P61916,0.0,0.0
protein_npx__Q99969,0.0,0.0
protein_npx__Q99674,0.0,0.0
protein_npx__Q99435,0.0,0.0
protein_npx__Q96PD5,0.0,0.0
protein_npx__Q96KN2,0.0,0.0
protein_npx__Q92876,0.0,0.0
protein_npx__Q92823,0.0,0.0
protein_npx__Q92520,0.0,0.0
protein_npx__Q8NE71,0.0,0.0
protein_npx__Q8NBJ4,0.0,0.0
protein_npx__Q13740,0.0,0.0
protein_npx__Q7Z5P9,0.0,0.0
protein_npx__Q7Z3B1,0.0,0.0
protein_npx__Q6UXB8,0.0,0.0
protein_npx__Q16610,0.0,0.0
protein_npx__Q16270,0.0,0.0
protein_npx__Q15904,0.0,0.0
protein_npx__Q14624,0.0,0.0
protein_npx__Q14515,0.0,0.0
protein_npx__Q14508,0.0,0.0
protein_npx__Q14118,0.0,0.0
protein_npx__Q8N2S1,0.0,0.0
protein_npx__P14174,0.0,0.0
protein_npx__P13987,0.0,0.0
protein_npx__P13611,0.0,0.0
protein_npx__P13591,0.0,0.0
protein_npx__P13521,0.0,0.0
protein_npx__P13473,0.0,0.0
protein_npx__P11142,0.0,0.0
protein_npx__P10909,0.0,0.0
protein_npx__P10645,0.0,0.0
protein_npx__P40925,0.0,0.0
protein_npx__P10451,0.0,0.0
protein_npx__P09871,0.0,0.0
protein_npx__P09486,0.0,0.0
protein_npx__P09104,0.0,0.0
protein_npx__P08697,0.0,0.0
protein_npx__P08637,0.0,0.0
protein_npx__P08603,0.0,0.0
protein_npx__P08571,0.0,0.0
protein_npx__P08493,0.0,0.0
protein_npx__P08294,0.0,0.0
protein_npx__P10643,0.0,0.0
protein_npx__P39060,0.0,0.0
protein_npx__P36980,0.0,0.0
protein_npx__P36955,0.0,0.0
protein_npx__P36222,0.0,0.0
protein_npx__P35542,0.0,0.0
protein_npx__P32754,0.0,0.0
protein_npx__P31997,0.0,0.0
protein_npx__P30086,0.0,0.0
protein_npx__P27169,0.0,0.0
protein_npx__P25311,0.0,0.0
protein_npx__P14314,0.0,0.0
protein_npx__P23142,0.0,0.0
protein_npx__P23083,0.0,0.0
protein_npx__P20933,0.0,0.0
protein_npx__P19827,0.0,0.0
protein_npx__P19823,0.0,0.0
protein_npx__P19021,0.0,0.0
protein_npx__P18065,0.0,0.0
protein_npx__P16870,0.0,0.0
protein_npx__P16152,0.0,0.0
protein_npx__P14618,0.0,0.0
protein_npx__P24592,0.0,0.0
peptide_count__P08123,0.0,0.0
peptide_count__P07998,0.0,0.0
peptide_count__P07858,0.0,0.0
peptide_count__P07711,0.0,0.0
peptide_count__P07602,0.0,0.0
peptide_count__P07339,0.0,0.0
peptide_count__P07333,0.0,0.0
peptide_count__P07225,0.0,0.0
peptide_count__P07195,0.0,0.0
peptide_mean__Q562R1,0.0,0.0
peptide_count__P06681,0.0,0.0
peptide_count__P06454,0.0,0.0
peptide_count__P06396,0.0,0.0
peptide_count__P06310,0.0,0.0
peptide_count__P05546,0.0,0.0
peptide_count__P05452,0.0,0.0
peptide_count__P05408,0.0,0.0
peptide_count__P05156,0.0,0.0
peptide_count__P05155,0.0,0.0
peptide_count__P05090,0.0,0.0
peptide_count__P06727,0.0,0.0
peptide_count__P13611,0.0,0.0
peptide_count__P13591,0.0,0.0
peptide_count__P13521,0.0,0.0
peptide_count__P13473,0.0,0.0
peptide_count__P12109,0.0,0.0
peptide_count__P11277,0.0,0.0
peptide_count__P11142,0.0,0.0
peptide_count__P10909,0.0,0.0
peptide_count__P10645,0.0,0.0
peptide_count__P08133,0.0,0.0
peptide_count__P10451,0.0,0.0
peptide_count__P09871,0.0,0.0
peptide_count__P09486,0.0,0.0
peptide_count__P09104,0.0,0.0
peptide_count__P08697,0.0,0.0
peptide_count__P08637,0.0,0.0
peptide_count__P08571,0.0,0.0
peptide_count__P08493,0.0,0.0
peptide_count__P08294,0.0,0.0
peptide_count__P08253,0.0,0.0
peptide_count__P10643,0.0,0.0
peptide_count__P02751,0.0,0.0
peptide_count__P02750,0.0,0.0
peptide_count__P02749,0.0,0.0
peptide_count__P02748,0.0,0.0
peptide_count__P02747,0.0,0.0
peptide_count__P02679,0.0,0.0
peptide_count__P02675,0.0,0.0
peptide_count__P02671,0.0,0.0
peptide_count__P02656,0.0,0.0
peptide_count__P05067,0.0,0.0
peptide_count__P02652,0.0,0.0
peptide_count__P02649,0.0,0.0
peptide_count__P02647,0.0,0.0
peptide_count__P02452,0.0,0.0
peptide_count__P01877,0.0,0.0
peptide_count__P01876,0.0,0.0
peptide_count__P01861,0.0,0.0
peptide_count__P01860,0.0,0.0
peptide_count__P01859,0.0,0.0
peptide_count__P01857,0.0,0.0
peptide_count__P02655,0.0,0.0
peptide_count__P05060,0.0,0.0
peptide_count__P04433,0.0,0.0
peptide_count__P04406,0.0,0.0
peptide_count__P04275,0.0,0.0
peptide_count__P04217,0.0,0.0
peptide_count__P04216,0.0,0.0
peptide_count__P04211,0.0,0.0
peptide_count__P04207,0.0,0.0
peptide_count__P04196,0.0,0.0
peptide_count__P04180,0.0,0.0
peptide_count__P02753,0.0,0.0
peptide_count__P04075,0.0,0.0
peptide_count__P04004,0.0,0.0
peptide_count__P02792,0.0,0.0
peptide_count__P02790,0.0,0.0
peptide_count__P02787,0.0,0.0
peptide_count__P02774,0.0,0.0
peptide_count__P02766,0.0,0.0
peptide_count__P02765,0.0,0.0
peptide_count__P02763,0.0,0.0
peptide_count__P02760,0.0,0.0
peptide_count__P04156,0.0,0.0
peptide_count__Q16270,0.0,0.0
peptide_count__Q15904,0.0,0.0
peptide_count__Q14624,0.0,0.0
peptide_count__Q14515,0.0,0.0
peptide_count__Q14508,0.0,0.0
peptide_count__Q14118,0.0,0.0
peptide_count__Q13740,0.0,0.0
peptide_count__Q13451,0.0,0.0
peptide_count__Q13449,0.0,0.0
peptide_count__P13671,0.0,0.0
peptide_count__Q13283,0.0,0.0
peptide_count__Q12907,0.0,0.0
peptide_count__Q12841,0.0,0.0
peptide_count__Q12805,0.0,0.0
peptide_count__Q08380,0.0,0.0
peptide_count__Q06481,0.0,0.0
peptide_count__Q02818,0.0,0.0
peptide_count__P98160,0.0,0.0
peptide_count__P80748,0.0,0.0
peptide_count__P61916,0.0,0.0
peptide_count__Q13332,0.0,0.0
peptide_count__Q99829,0.0,0.0
peptide_count__Q99683,0.0,0.0
peptide_count__Q99674,0.0,0.0
peptide_count__Q99435,0.0,0.0
peptide_count__Q96S96,0.0,0.0
peptide_count__Q96PD5,0.0,0.0
peptide_count__Q96KN2,0.0,0.0
peptide_count__Q96BZ4,0.0,0.0
peptide_count__Q92876,0.0,0.0
peptide_count__Q92823,0.0,0.0
peptide_count__Q16610,0.0,0.0
peptide_count__Q8NE71,0.0,0.0
peptide_count__Q8NBJ4,0.0,0.0
peptide_count__Q8N2S1,0.0,0.0
peptide_count__Q8IWV7,0.0,0.0
peptide_count__Q7Z5P9,0.0,0.0
peptide_count__Q7Z3B1,0.0,0.0
peptide_count__Q6UXD5,0.0,0.0
peptide_count__Q6UXB8,0.0,0.0
peptide_count__Q6UX71,0.0,0.0
peptide_count__Q562R1,0.0,0.0
peptide_count__Q92520,0.0,0.0
peptide_count__P25311,0.0,0.0
peptide_count__P24592,0.0,0.0
peptide_count__P23142,0.0,0.0
peptide_count__P23083,0.0,0.0
peptide_count__P20933,0.0,0.0
peptide_count__P20774,0.0,0.0
peptide_count__P19827,0.0,0.0
peptide_count__P19823,0.0,0.0
peptide_count__P19652,0.0,0.0
peptide_count__P61769,0.0,0.0
peptide_count__P18065,0.0,0.0
peptide_count__P17936,0.0,0.0
peptide_count__P17174,0.0,0.0
peptide_count__P16870,0.0,0.0
peptide_count__P16152,0.0,0.0
peptide_count__P16070,0.0,0.0
peptide_count__P16035,0.0,0.0
peptide_count__P14618,0.0,0.0
peptide_count__P14174,0.0,0.0
peptide_count__P13987,0.0,0.0
peptide_count__P19021,0.0,0.0
peptide_count__P61626,0.0,0.0
peptide_count__P61278,0.0,0.0
peptide_count__P60174,0.0,0.0
peptide_count__P55290,0.0,0.0
peptide_count__P54289,0.0,0.0
peptide_count__P51884,0.0,0.0
peptide_count__P49908,0.0,0.0
peptide_count__P49588,0.0,0.0
peptide_count__P43652,0.0,0.0
peptide_count__P43251,0.0,0.0
peptide_count__P27169,0.0,0.0
peptide_count__P41222,0.0,0.0
peptide_count__P40925,0.0,0.0
peptide_count__P39060,0.0,0.0
peptide_count__P36980,0.0,0.0
peptide_count__P36955,0.0,0.0
peptide_count__P36222,0.0,0.0
peptide_count__P35542,0.0,0.0
peptide_count__P32754,0.0,0.0
peptide_count__P31997,0.0,0.0
peptide_count__P30086,0.0,0.0
peptide_count__P43121,0.0,0.0
peptide_std__P02774,0.0,0.0
peptide_std__P02768,0.0,0.0
peptide_std__P02766,0.0,0.0
peptide_std__P02765,0.0,0.0
peptide_std__P02760,0.0,0.0
peptide_std__P02753,0.0,0.0
peptide_std__P02751,0.0,0.0
peptide_std__P02749,0.0,0.0
peptide_std__P02747,0.0,0.0
peptide_count__P01834,0.0,0.0
peptide_std__P02675,0.0,0.0
peptide_std__P02656,0.0,0.0
peptide_std__P02652,0.0,0.0
peptide_std__P02647,0.0,0.0
peptide_std__P02452,0.0,0.0
peptide_std__P01877,0.0,0.0
peptide_std__P01876,0.0,0.0
peptide_std__P01857,0.0,0.0
peptide_std__P01834,0.0,0.0
peptide_std__P01034,0.0,0.0
peptide_std__P02679,0.0,0.0
peptide_std__P08493,0.0,0.0
peptide_std__P08294,0.0,0.0
peptide_std__P07998,0.0,0.0
peptide_std__P07711,0.0,0.0
peptide_std__P07602,0.0,0.0
peptide_std__P07339,0.0,0.0
peptide_std__P07225,0.0,0.0
peptide_std__P06727,0.0,0.0
peptide_std__P06396,0.0,0.0
peptide_std__P05546,0.0,0.0
peptide_std__P02787,0.0,0.0
peptide_std__P05156,0.0,0.0
peptide_std__P05155,0.0,0.0
peptide_std__P05090,0.0,0.0
peptide_std__P05060,0.0,0.0
peptide_std__P04433,0.0,0.0
peptide_std__P04217,0.0,0.0
peptide_std__P04196,0.0,0.0
peptide_std__P04180,0.0,0.0
peptide_std__P04004,0.0,0.0
peptide_std__P02790,0.0,0.0
peptide_std__P05452,0.0,0.0
peptide_mean__Q99969,0.0,0.0
peptide_mean__Q99832,0.0,0.0
peptide_mean__Q99829,0.0,0.0
peptide_mean__Q99683,0.0,0.0
peptide_mean__Q99674,0.0,0.0
peptide_mean__Q99435,0.0,0.0
peptide_mean__Q96S96,0.0,0.0
peptide_mean__Q96PD5,0.0,0.0
peptide_mean__Q96KN2,0.0,0.0
peptide_std__P01023,0.0,0.0
peptide_mean__Q92823,0.0,0.0
peptide_mean__Q92520,0.0,0.0
peptide_mean__Q8NE71,0.0,0.0
peptide_mean__Q8NBJ4,0.0,0.0
peptide_mean__Q8N2S1,0.0,0.0
peptide_mean__Q7Z5P9,0.0,0.0
peptide_mean__Q7Z3B1,0.0,0.0
peptide_mean__Q6UXD5,0.0,0.0
peptide_mean__Q6UXB8,0.0,0.0
peptide_mean__Q6UX71,0.0,0.0
peptide_mean__Q96BZ4,0.0,0.0
peptide_std__P01011,0.0,0.0
peptide_std__P01009,0.0,0.0
peptide_std__P00748,0.0,0.0
peptide_std__P00746,0.0,0.0
peptide_std__P00738,0.0,0.0
peptide_std__P00736,0.0,0.0
peptide_std__P00734,0.0,0.0
peptide_std__P00450,0.0,0.0
peptide_std__P00441,0.0,0.0
peptide_std__O94919,0.0,0.0
peptide_mean__Q9HDC9,0.0,0.0
peptide_std__O15394,0.0,0.0
peptide_std__O15240,0.0,0.0
peptide_std__O00533,0.0,0.0
peptide_mean__Q9Y6R7,0.0,0.0
peptide_mean__Q9Y646,0.0,0.0
peptide_mean__Q9UHG2,0.0,0.0
peptide_mean__Q9UBX5,0.0,0.0
peptide_mean__Q9UBR2,0.0,0.0
peptide_mean__Q9NYU2,0.0,0.0
peptide_mean__Q9NQ79,0.0,0.0
peptide_std__O75144,0.0,0.0
peptide_count__P00738,0.0,0.0
peptide_count__P00736,0.0,0.0
peptide_count__P00734,0.0,0.0
peptide_count__P00450,0.0,0.0
peptide_count__P00441,0.0,0.0
peptide_count__O94919,0.0,0.0
peptide_count__O75326,0.0,0.0
peptide_count__O75144,0.0,0.0
peptide_count__O60888,0.0,0.0
peptide_std__P08571,0.0,0.0
peptide_count__O15394,0.0,0.0
peptide_count__O15240,0.0,0.0
peptide_count__O14791,0.0,0.0
peptide_count__O14773,0.0,0.0
peptide_count__O14498,0.0,0.0
peptide_count__O00584,0.0,0.0
peptide_count__O00533,0.0,0.0
peptide_count__O00391,0.0,0.0
peptide_std__Q9Y6R7,0.0,0.0
peptide_std__Q9UHG2,0.0,0.0
peptide_count__O43505,0.0,0.0
peptide_count__P01833,0.0,0.0
peptide_count__P01780,0.0,0.0
peptide_count__P01717,0.0,0.0
peptide_count__P01621,0.0,0.0
peptide_count__P01608,0.0,0.0
peptide_count__P01594,0.0,0.0
peptide_count__P01591,0.0,0.0
peptide_count__P01344,0.0,0.0
peptide_count__P01042,0.0,0.0
peptide_count__P01034,0.0,0.0
peptide_count__P00746,0.0,0.0
peptide_count__P01031,0.0,0.0
peptide_count__P01024,0.0,0.0
peptide_count__P01023,0.0,0.0
peptide_count__P01019,0.0,0.0
peptide_count__P01011,0.0,0.0
peptide_count__P01009,0.0,0.0
peptide_count__P01008,0.0,0.0
peptide_count__P00751,0.0,0.0
peptide_count__P00748,0.0,0.0
peptide_count__P00747,0.0,0.0
peptide_count__P01033,0.0,0.0
peptide_std__P36222,0.0,0.0
peptide_std__P30086,0.0,0.0
peptide_std__P27169,0.0,0.0
peptide_std__P25311,0.0,0.0
peptide_std__P24592,0.0,0.0
peptide_std__P20774,0.0,0.0
peptide_std__P19823,0.0,0.0
peptide_std__P19652,0.0,0.0
peptide_std__P18065,0.0,0.0
peptide_std__Q9UBX5,0.0,0.0
peptide_std__P16070,0.0,0.0
peptide_std__P14618,0.0,0.0
peptide_std__P14314,0.0,0.0
peptide_std__P13611,0.0,0.0
peptide_std__P13591,0.0,0.0
peptide_std__P12109,0.0,0.0
peptide_std__P10909,0.0,0.0
peptide_std__P09871,0.0,0.0
peptide_std__P09486,0.0,0.0
peptide_std__P08697,0.0,0.0
peptide_std__P17174,0.0,0.0
peptide_std__Q9NQ79,0.0,0.0
peptide_std__Q96PD5,0.0,0.0
peptide_std__Q92823,0.0,0.0
peptide_std__Q92520,0.0,0.0
peptide_std__Q6UXB8,0.0,0.0
peptide_std__Q16270,0.0,0.0
peptide_std__Q14624,0.0,0.0
peptide_std__Q14515,0.0,0.0
peptide_std__Q13740,0.0,0.0
peptide_std__Q12907,0.0,0.0
peptide_std__P36955,0.0,0.0
peptide_std__Q12805,0.0,0.0
peptide_std__Q08380,0.0,0.0
peptide_std__Q06481,0.0,0.0
peptide_std__P98160,0.0,0.0
peptide_std__P61769,0.0,0.0
peptide_std__P55290,0.0,0.0
peptide_std__P54289,0.0,0.0
peptide_std__P51884,0.0,0.0
peptide_std__P41222,0.0,0.0
peptide_std__P39060,0.0,0.0
peptide_std__Q12841,0.0,0.0
delta1__peptide_count__P02647,0.0,0.0
delta1__peptide_count__P02452,0.0,0.0
delta1__peptide_count__P01877,0.0,0.0
delta1__peptide_count__P01876,0.0,0.0
delta1__peptide_count__P01861,0.0,0.0
delta1__peptide_count__P01860,0.0,0.0
delta1__peptide_count__P01859,0.0,0.0
delta1__peptide_count__P01857,0.0,0.0
delta1__peptide_count__P01834,0.0,0.0
lag1__peptide_count__P00450,0.0,0.0
delta1__peptide_count__P01780,0.0,0.0
delta1__peptide_count__P01717,0.0,0.0
delta1__peptide_count__P01621,0.0,0.0
delta1__peptide_count__P01608,0.0,0.0
delta1__peptide_count__P01594,0.0,0.0
delta1__peptide_count__P01591,0.0,0.0
delta1__peptide_count__P01344,0.0,0.0
delta1__peptide_count__P01042,0.0,0.0
delta1__peptide_count__P01034,0.0,0.0
delta1__peptide_count__P01033,0.0,0.0
delta1__peptide_count__P01833,0.0,0.0
delta1__peptide_count__P02790,0.0,0.0
delta1__peptide_count__P02787,0.0,0.0
delta1__peptide_count__P02774,0.0,0.0
delta1__peptide_count__P02768,0.0,0.0
delta1__peptide_count__P02766,0.0,0.0
delta1__peptide_count__P02765,0.0,0.0
delta1__peptide_count__P02763,0.0,0.0
delta1__peptide_count__P02760,0.0,0.0
delta1__peptide_count__P02753,0.0,0.0
delta1__peptide_count__P02649,0.0,0.0
delta1__peptide_count__P02750,0.0,0.0
delta1__peptide_count__P02749,0.0,0.0
delta1__peptide_count__P02748,0.0,0.0
delta1__peptide_count__P02747,0.0,0.0
delta1__peptide_count__P02679,0.0,0.0
delta1__peptide_count__P02675,0.0,0.0
delta1__peptide_count__P02671,0.0,0.0
delta1__peptide_count__P02656,0.0,0.0
delta1__peptide_count__P02655,0.0,0.0
delta1__peptide_count__P02652,0.0,0.0
delta1__peptide_count__P02751,0.0,0.0
delta1__peptide_count__O14791,0.0,0.0
delta1__peptide_count__O14773,0.0,0.0
delta1__peptide_count__O14498,0.0,0.0
delta1__peptide_count__O00584,0.0,0.0
delta1__peptide_count__O00533,0.0,0.0
delta1__peptide_count__O00391,0.0,0.0
delta1__peptide_std__Q9Y6R7,0.0,0.0
delta1__peptide_std__Q9UHG2,0.0,0.0
delta1__peptide_std__Q9UBX5,0.0,0.0
delta1__peptide_count__P01031,0.0,0.0
delta1__peptide_std__Q96PD5,0.0,0.0
delta1__peptide_std__Q96KN2,0.0,0.0
delta1__peptide_std__Q92876,0.0,0.0
delta1__peptide_std__Q92823,0.0,0.0
delta1__peptide_std__Q92520,0.0,0.0
delta1__peptide_std__Q6UXB8,0.0,0.0
delta1__peptide_std__Q16610,0.0,0.0
delta1__peptide_std__Q14624,0.0,0.0
delta1__peptide_std__Q14515,0.0,0.0
delta1__peptide_std__Q14118,0.0,0.0
delta1__peptide_std__Q9NQ79,0.0,0.0
delta1__peptide_count__P01024,0.0,0.0
delta1__peptide_count__P01023,0.0,0.0
delta1__peptide_count__P01019,0.0,0.0
delta1__peptide_count__P01011,0.0,0.0
delta1__peptide_count__P01009,0.0,0.0
delta1__peptide_count__P01008,0.0,0.0
delta1__peptide_count__P00751,0.0,0.0
delta1__peptide_count__P00748,0.0,0.0
delta1__peptide_count__P00747,0.0,0.0
delta1__peptide_count__P00746,0.0,0.0
delta1__peptide_count__O15240,0.0,0.0
delta1__peptide_count__P00736,0.0,0.0
delta1__peptide_count__P00734,0.0,0.0
delta1__peptide_count__P00450,0.0,0.0
delta1__peptide_count__P00441,0.0,0.0
delta1__peptide_count__O94919,0.0,0.0
delta1__peptide_count__O75326,0.0,0.0
delta1__peptide_count__O75144,0.0,0.0
delta1__peptide_count__O60888,0.0,0.0
delta1__peptide_count__O43505,0.0,0.0
delta1__peptide_count__O15394,0.0,0.0
delta1__peptide_count__P00738,0.0,0.0
delta1__peptide_count__P16870,0.0,0.0
delta1__peptide_count__P16152,0.0,0.0
delta1__peptide_count__P16070,0.0,0.0
delta1__peptide_count__P16035,0.0,0.0
delta1__peptide_count__P14618,0.0,0.0
delta1__peptide_count__P14314,0.0,0.0
delta1__peptide_count__P14174,0.0,0.0
delta1__peptide_count__P13987,0.0,0.0
delta1__peptide_count__P13671,0.0,0.0
delta1__peptide_count__P02792,0.0,0.0
delta1__peptide_count__P13521,0.0,0.0
delta1__peptide_count__P13473,0.0,0.0
delta1__peptide_count__P12109,0.0,0.0
delta1__peptide_count__P11277,0.0,0.0
delta1__peptide_count__P11142,0.0,0.0
delta1__peptide_count__P10909,0.0,0.0
delta1__peptide_count__P10645,0.0,0.0
delta1__peptide_count__P10643,0.0,0.0
delta1__peptide_count__P10451,0.0,0.0
delta1__peptide_count__P09871,0.0,0.0
delta1__peptide_count__P13591,0.0,0.0
delta1__peptide_count__P39060,0.0,0.0
delta1__peptide_count__P36980,0.0,0.0
delta1__peptide_count__P36955,0.0,0.0
delta1__peptide_count__P36222,0.0,0.0
delta1__peptide_count__P35542,0.0,0.0
delta1__peptide_count__P32754,0.0,0.0
delta1__peptide_count__P31997,0.0,0.0
delta1__peptide_count__P30086,0.0,0.0
delta1__peptide_count__P27169,0.0,0.0
delta1__peptide_count__P25311,0.0,0.0
delta1__peptide_count__P17174,0.0,0.0
delta1__peptide_count__P23142,0.0,0.0
delta1__peptide_count__P23083,0.0,0.0
delta1__peptide_count__P20933,0.0,0.0
delta1__peptide_count__P20774,0.0,0.0
delta1__peptide_count__P19827,0.0,0.0
delta1__peptide_count__P19823,0.0,0.0
delta1__peptide_count__P19652,0.0,0.0
delta1__peptide_count__P19021,0.0,0.0
delta1__peptide_count__P18065,0.0,0.0
delta1__peptide_count__P17936,0.0,0.0
delta1__peptide_count__P24592,0.0,0.0
delta1__peptide_count__P05546,0.0,0.0
delta1__peptide_count__P05452,0.0,0.0
delta1__peptide_count__P05408,0.0,0.0
delta1__peptide_count__P05156,0.0,0.0
delta1__peptide_count__P05155,0.0,0.0
delta1__peptide_count__P05090,0.0,0.0
delta1__peptide_count__P05067,0.0,0.0
delta1__peptide_count__P05060,0.0,0.0
delta1__peptide_count__P04433,0.0,0.0
delta1__peptide_count__P09486,0.0,0.0
delta1__peptide_count__P04275,0.0,0.0
delta1__peptide_count__P04217,0.0,0.0
delta1__peptide_count__P04216,0.0,0.0
delta1__peptide_count__P04211,0.0,0.0
delta1__peptide_count__P04207,0.0,0.0
delta1__peptide_count__P04196,0.0,0.0
delta1__peptide_count__P04180,0.0,0.0
delta1__peptide_count__P04156,0.0,0.0
delta1__peptide_count__P04075,0.0,0.0
delta1__peptide_count__P04004,0.0,0.0
delta1__peptide_count__P04406,0.0,0.0
delta1__peptide_count__P09104,0.0,0.0
delta1__peptide_count__P08697,0.0,0.0
delta1__peptide_count__P08637,0.0,0.0
delta1__peptide_count__P08603,0.0,0.0
delta1__peptide_count__P08571,0.0,0.0
delta1__peptide_count__P08493,0.0,0.0
delta1__peptide_count__P08294,0.0,0.0
delta1__peptide_count__P08253,0.0,0.0
delta1__peptide_count__P08133,0.0,0.0
delta1__peptide_count__P08123,0.0,0.0
delta1__peptide_count__P06310,0.0,0.0
delta1__peptide_count__P07858,0.0,0.0
delta1__peptide_count__P07711,0.0,0.0
delta1__peptide_count__P07602,0.0,0.0
delta1__peptide_count__P07339,0.0,0.0
delta1__peptide_count__P07333,0.0,0.0
delta1__peptide_count__P07225,0.0,0.0
delta1__peptide_count__P07195,0.0,0.0
delta1__peptide_count__P06681,0.0,0.0
delta1__peptide_count__P06454,0.0,0.0
delta1__peptide_count__P06396,0.0,0.0
delta1__peptide_count__P07998,0.0,0.0
delta1__peptide_mean__Q9Y646,0.0,0.0
delta1__peptide_mean__Q9UNU6,0.0,0.0
delta1__peptide_mean__Q9UKV8,0.0,0.0
delta1__peptide_mean__Q9UHG2,0.0,0.0
delta1__peptide_mean__Q9UBX5,0.0,0.0
delta1__peptide_mean__Q9UBR2,0.0,0.0
delta1__peptide_mean__Q9NQ79,0.0,0.0
delta1__peptide_mean__Q9HDC9,0.0,0.0
delta1__peptide_mean__Q99969,0.0,0.0
delta1__peptide_std__Q13740,0.0,0.0
delta1__peptide_mean__Q99683,0.0,0.0
delta1__peptide_mean__Q99674,0.0,0.0
delta1__peptide_mean__Q99435,0.0,0.0
delta1__peptide_mean__Q96S96,0.0,0.0
delta1__peptide_mean__Q96PD5,0.0,0.0
delta1__peptide_mean__Q96KN2,0.0,0.0
delta1__peptide_mean__Q96BZ4,0.0,0.0
delta1__peptide_mean__Q92876,0.0,0.0
delta1__peptide_mean__Q92823,0.0,0.0
delta1__peptide_mean__Q92520,0.0,0.0
delta1__peptide_mean__Q99832,0.0,0.0
delta1__peptide_std__P01859,0.0,0.0
delta1__peptide_std__P01857,0.0,0.0
delta1__peptide_std__P01042,0.0,0.0
delta1__peptide_std__P01023,0.0,0.0
delta1__peptide_std__P01019,0.0,0.0
delta1__peptide_std__P01011,0.0,0.0
delta1__peptide_std__P01009,0.0,0.0
delta1__peptide_std__P00751,0.0,0.0
delta1__peptide_std__P00748,0.0,0.0
delta1__peptide_mean__Q9Y6R7,0.0,0.0
delta1__peptide_std__P00746,0.0,0.0
delta1__peptide_std__P00736,0.0,0.0
delta1__peptide_std__P00734,0.0,0.0
delta1__peptide_std__P00441,0.0,0.0
delta1__peptide_std__O94919,0.0,0.0
delta1__peptide_std__O75144,0.0,0.0
delta1__peptide_std__O15394,0.0,0.0
delta1__peptide_std__O15240,0.0,0.0
delta1__peptide_std__O14773,0.0,0.0
delta1__peptide_std__O00533,0.0,0.0
delta1__peptide_std__P00747,0.0,0.0
delta1__peptide_mean__P61916,0.0,0.0
delta1__peptide_mean__P61769,0.0,0.0
delta1__peptide_mean__P61626,0.0,0.0
delta1__peptide_mean__P61278,0.0,0.0
delta1__peptide_mean__P60174,0.0,0.0
delta1__peptide_mean__P55290,0.0,0.0
delta1__peptide_mean__P51884,0.0,0.0
delta1__peptide_mean__P49908,0.0,0.0
delta1__peptide_mean__P49588,0.0,0.0
delta1__peptide_mean__Q8NE71,0.0,0.0
delta1__peptide_mean__P43251,0.0,0.0
delta1__peptide_mean__P43121,0.0,0.0
delta1__peptide_mean__P41222,0.0,0.0
delta1__peptide_mean__P40925,0.0,0.0
delta1__peptide_mean__P39060,0.0,0.0
delta1__peptide_mean__P36980,0.0,0.0
delta1__peptide_mean__P36955,0.0,0.0
delta1__peptide_mean__P36222,0.0,0.0
delta1__peptide_mean__P32754,0.0,0.0
delta1__peptide_mean__P31997,0.0,0.0
delta1__peptide_mean__P43652,0.0,0.0
delta1__peptide_mean__Q8NBJ4,0.0,0.0
delta1__peptide_mean__Q8N2S1,0.0,0.0
delta1__peptide_mean__Q7Z5P9,0.0,0.0
delta1__peptide_mean__Q7Z3B1,0.0,0.0
delta1__peptide_mean__Q6UXD5,0.0,0.0
delta1__peptide_mean__Q6UXB8,0.0,0.0
delta1__peptide_mean__Q6UX71,0.0,0.0
delta1__peptide_mean__Q562R1,0.0,0.0
delta1__peptide_mean__Q16610,0.0,0.0
delta1__peptide_mean__Q16270,0.0,0.0
delta1__peptide_mean__Q02818,0.0,0.0
delta1__peptide_mean__Q14515,0.0,0.0
delta1__peptide_mean__Q14508,0.0,0.0
delta1__peptide_mean__Q14118,0.0,0.0
delta1__peptide_mean__Q13740,0.0,0.0
delta1__peptide_mean__Q13451,0.0,0.0
delta1__peptide_mean__Q13449,0.0,0.0
delta1__peptide_mean__Q13283,0.0,0.0
delta1__peptide_mean__Q12805,0.0,0.0
delta1__peptide_mean__Q08380,0.0,0.0
delta1__peptide_mean__Q06481,0.0,0.0
delta1__peptide_mean__Q14624,0.0,0.0
delta1__peptide_std__P20774,0.0,0.0
delta1__peptide_std__P19652,0.0,0.0
delta1__peptide_std__P18065,0.0,0.0
delta1__peptide_std__P17174,0.0,0.0
delta1__peptide_std__P16870,0.0,0.0
delta1__peptide_std__P16070,0.0,0.0
delta1__peptide_std__P16035,0.0,0.0
delta1__peptide_std__P14618,0.0,0.0
delta1__peptide_std__P14314,0.0,0.0
delta1__peptide_std__P01860,0.0,0.0
delta1__peptide_std__P13611,0.0,0.0
delta1__peptide_std__P13591,0.0,0.0
delta1__peptide_std__P12109,0.0,0.0
delta1__peptide_std__P10909,0.0,0.0
delta1__peptide_std__P10645,0.0,0.0
delta1__peptide_std__P10643,0.0,0.0
delta1__peptide_std__P09871,0.0,0.0
delta1__peptide_std__P09486,0.0,0.0
delta1__peptide_std__P08697,0.0,0.0
delta1__peptide_std__P08603,0.0,0.0
delta1__peptide_std__P13987,0.0,0.0
delta1__peptide_std__Q12907,0.0,0.0
delta1__peptide_std__Q12841,0.0,0.0
delta1__peptide_std__Q12805,0.0,0.0
delta1__peptide_std__Q08380,0.0,0.0
delta1__peptide_std__Q06481,0.0,0.0
delta1__peptide_std__P98160,0.0,0.0
delta1__peptide_std__P61916,0.0,0.0
delta1__peptide_std__P61769,0.0,0.0
delta1__peptide_std__P55290,0.0,0.0
delta1__peptide_std__P54289,0.0,0.0
delta1__peptide_std__P23142,0.0,0.0
delta1__peptide_std__P43652,0.0,0.0
delta1__peptide_std__P43121,0.0,0.0
delta1__peptide_std__P41222,0.0,0.0
delta1__peptide_std__P39060,0.0,0.0
delta1__peptide_std__P36955,0.0,0.0
delta1__peptide_std__P36222,0.0,0.0
delta1__peptide_std__P30086,0.0,0.0
delta1__peptide_std__P27169,0.0,0.0
delta1__peptide_std__P25311,0.0,0.0
delta1__peptide_std__P24592,0.0,0.0
delta1__peptide_std__P51884,0.0,0.0
delta1__peptide_std__P02768,0.0,0.0
delta1__peptide_std__P02766,0.0,0.0
delta1__peptide_std__P02765,0.0,0.0
delta1__peptide_std__P02763,0.0,0.0
delta1__peptide_std__P02760,0.0,0.0
delta1__peptide_std__P02753,0.0,0.0
delta1__peptide_std__P02751,0.0,0.0
delta1__peptide_std__P02749,0.0,0.0
delta1__peptide_std__P02748,0.0,0.0
delta1__peptide_std__P08571,0.0,0.0
delta1__peptide_std__P02679,0.0,0.0
delta1__peptide_std__P02675,0.0,0.0
delta1__peptide_std__P02671,0.0,0.0
delta1__peptide_std__P02656,0.0,0.0
delta1__peptide_std__P02652,0.0,0.0
delta1__peptide_std__P02649,0.0,0.0
delta1__peptide_std__P02647,0.0,0.0
delta1__peptide_std__P02452,0.0,0.0
delta1__peptide_std__P01877,0.0,0.0
delta1__peptide_std__P01876,0.0,0.0
delta1__peptide_std__P02747,0.0,0.0
delta1__peptide_std__P08493,0.0,0.0
delta1__peptide_std__P08294,0.0,0.0
delta1__peptide_std__P07998,0.0,0.0
delta1__peptide_std__P07711,0.0,0.0
delta1__peptide_std__P07602,0.0,0.0
delta1__peptide_std__P06727,0.0,0.0
delta1__peptide_std__P06681,0.0,0.0
delta1__peptide_std__P06396,0.0,0.0
delta1__peptide_std__P05546,0.0,0.0
delta1__peptide_std__P05452,0.0,0.0
delta1__peptide_std__P02774,0.0,0.0
delta1__peptide_std__P05090,0.0,0.0
delta1__peptide_std__P05067,0.0,0.0
delta1__peptide_std__P04433,0.0,0.0
delta1__peptide_std__P04217,0.0,0.0
delta1__peptide_std__P04196,0.0,0.0
delta1__peptide_std__P04180,0.0,0.0
delta1__peptide_std__P04075,0.0,0.0
delta1__peptide_std__P04004,0.0,0.0
delta1__peptide_std__P02790,0.0,0.0
delta1__peptide_std__P02787,0.0,0.0
delta1__peptide_std__P05156,0.0,0.0
slope1__protein_npx__P01621,0.0,0.0
slope1__protein_npx__P01608,0.0,0.0
slope1__protein_npx__P01594,0.0,0.0
slope1__protein_npx__P01591,0.0,0.0
slope1__protein_npx__P01344,0.0,0.0
slope1__protein_npx__P01042,0.0,0.0
slope1__protein_npx__P01034,0.0,0.0
slope1__protein_npx__P01033,0.0,0.0
slope1__protein_npx__P01031,0.0,0.0
delta1__peptide_count__P40925,0.0,0.0
slope1__protein_npx__P01023,0.0,0.0
slope1__protein_npx__P01019,0.0,0.0
slope1__protein_npx__P01011,0.0,0.0
slope1__protein_npx__P01009,0.0,0.0
slope1__protein_npx__P01008,0.0,0.0
slope1__protein_npx__P00751,0.0,0.0
slope1__protein_npx__P00748,0.0,0.0
slope1__protein_npx__P00747,0.0,0.0
slope1__protein_npx__P00746,0.0,0.0
slope1__protein_npx__P00738,0.0,0.0
slope1__protein_npx__P01024,0.0,0.0
slope1__protein_npx__P02753,0.0,0.0
slope1__protein_npx__P02751,0.0,0.0
slope1__protein_npx__P02750,0.0,0.0
slope1__protein_npx__P02749,0.0,0.0
slope1__protein_npx__P02748,0.0,0.0
slope1__protein_npx__P02747,0.0,0.0
slope1__protein_npx__P02679,0.0,0.0
slope1__protein_npx__P02655,0.0,0.0
slope1__protein_npx__P02652,0.0,0.0
slope1__protein_npx__P01717,0.0,0.0
slope1__protein_npx__P02647,0.0,0.0
slope1__protein_npx__P02452,0.0,0.0
slope1__protein_npx__P01877,0.0,0.0
slope1__protein_npx__P01861,0.0,0.0
slope1__protein_npx__P01860,0.0,0.0
slope1__protein_npx__P01859,0.0,0.0
slope1__protein_npx__P01857,0.0,0.0
slope1__protein_npx__P01834,0.0,0.0
slope1__protein_npx__P01833,0.0,0.0
slope1__protein_npx__P01780,0.0,0.0
slope1__protein_npx__P02649,0.0,0.0
delta1__current_updrs_3,0.0,0.0
delta1__current_updrs_2,0.0,0.0
delta1__current_updrs_1,0.0,0.0
delta1__peptide_missing_fraction,0.0,0.0
delta1__peptide_log__YYWGGQYTWDMAK,0.0,0.0
delta1__peptide_log__YVMLPVADQDQC(UniMod_4)IR,0.0,0.0
delta1__peptide_log__YVM(UniMod_35)LPVADQDQC(UniMod_4)IR,0.0,0.0
delta1__peptide_log__YIVSGTPTFVPYLIK,0.0,0.0
delta1__peptide_log__WELALGR,0.0,0.0
slope1__protein_npx__P00736,0.0,0.0
delta1__peptide_log__VTLTC(UniMod_4)VAPLSGVDFQLR,0.0,0.0
delta1__peptide_log__VQPYLDDFQKK,0.0,0.0
delta1__peptide_log__VQAAVGTSAAPVPSDNH,0.0,0.0
delta1__peptide_log__VMPIC(UniMod_4)LPSKDYAEVGR,0.0,0.0
delta1__peptide_log__VLLDQLR,0.0,0.0
delta1__peptide_log__VKDLATVYVDVLK,0.0,0.0
delta1__peptide_log__VGYVSGWGR,0.0,0.0
delta1__peptide_log__VDSGNDVTDIADDGC(UniMod_4)PKPPEIAHGYVEHSVR,0.0,0.0
delta1__peptide_log__VDNALQSGNSQESVTEQDSKDSTYSLSSTLTLSK,0.0,0.0
delta1__peptide_log__VC(UniMod_4)PFAGILENGAVR,0.0,0.0
delta1__peptide_log__VTSIQDWVQK,0.0,0.0
slope1__protein_npx__P00734,0.0,0.0
slope1__protein_npx__P00450,0.0,0.0
slope1__protein_npx__P00441,0.0,0.0
slope1__protein_npx__O94919,0.0,0.0
slope1__protein_npx__O75326,0.0,0.0
slope1__protein_npx__O75144,0.0,0.0
slope1__protein_npx__O60888,0.0,0.0
slope1__protein_npx__O43505,0.0,0.0
slope1__protein_npx__O15394,0.0,0.0
slope1__protein_npx__O15240,0.0,0.0
delta1__current_updrs_4,0.0,0.0
slope1__protein_npx__O14773,0.0,0.0
slope1__protein_npx__O14498,0.0,0.0
slope1__protein_npx__O00533,0.0,0.0
slope1__protein_npx__O00391,0.0,0.0
protein_npx__O14791,0.0,0.0
delta1__months_since_prev_visit,0.0,0.0
delta1__months_since_baseline,0.0,0.0
delta1__visit_index,0.0,0.0
delta1__current_medication_unknown,0.0,0.0
delta1__current_medication_on,0.0,0.0
slope1__protein_npx__O14791,0.0,0.0
slope1__protein_npx__P14174,0.0,0.0
slope1__protein_npx__P13987,0.0,0.0
slope1__protein_npx__P13671,0.0,0.0
slope1__protein_npx__P13611,0.0,0.0
slope1__protein_npx__P13591,0.0,0.0
slope1__protein_npx__P13521,0.0,0.0
slope1__protein_npx__P13473,0.0,0.0
slope1__protein_npx__P12109,0.0,0.0
slope1__protein_npx__P11277,0.0,0.0
slope1__protein_npx__P02760,0.0,0.0
slope1__protein_npx__P10909,0.0,0.0
slope1__protein_npx__P10645,0.0,0.0
slope1__protein_npx__P10643,0.0,0.0
slope1__protein_npx__P10451,0.0,0.0
slope1__protein_npx__P09871,0.0,0.0
slope1__protein_npx__P09486,0.0,0.0
slope1__protein_npx__P09104,0.0,0.0
slope1__protein_npx__P08697,0.0,0.0
slope1__protein_npx__P08637,0.0,0.0
slope1__protein_npx__P08603,0.0,0.0
slope1__protein_npx__P11142,0.0,0.0
slope1__protein_npx__P32754,0.0,0.0
slope1__protein_npx__P31997,0.0,0.0
slope1__protein_npx__P30086,0.0,0.0
slope1__protein_npx__P27169,0.0,0.0
slope1__protein_npx__P25311,0.0,0.0
slope1__protein_npx__P24592,0.0,0.0
slope1__protein_npx__P23142,0.0,0.0
slope1__protein_npx__P23083,0.0,0.0
slope1__protein_npx__P20933,0.0,0.0
slope1__protein_npx__P20774,0.0,0.0
slope1__protein_npx__P14314,0.0,0.0
slope1__protein_npx__P19823,0.0,0.0
slope1__protein_npx__P19652,0.0,0.0
slope1__protein_npx__P19021,0.0,0.0
slope1__protein_npx__P18065,0.0,0.0
slope1__protein_npx__P17936,0.0,0.0
slope1__protein_npx__P17174,0.0,0.0
slope1__protein_npx__P16152,0.0,0.0
slope1__protein_npx__P16070,0.0,0.0
slope1__protein_npx__P16035,0.0,0.0
slope1__protein_npx__P14618,0.0,0.0
slope1__protein_npx__P19827,0.0,0.0
slope1__protein_npx__P05090,0.0,0.0
slope1__protein_npx__P05067,0.0,0.0
slope1__protein_npx__P05060,0.0,0.0
slope1__protein_npx__P04433,0.0,0.0
slope1__protein_npx__P04406,0.0,0.0
slope1__protein_npx__P04275,0.0,0.0
slope1__protein_npx__P04217,0.0,0.0
slope1__protein_npx__P04211,0.0,0.0
slope1__protein_npx__P04207,0.0,0.0
slope1__protein_npx__P08571,0.0,0.0
slope1__protein_npx__P04180,0.0,0.0
slope1__protein_npx__P04075,0.0,0.0
slope1__protein_npx__P04004,0.0,0.0
slope1__protein_npx__P02792,0.0,0.0
slope1__protein_npx__P02790,0.0,0.0
slope1__protein_npx__P02774,0.0,0.0
slope1__protein_npx__P02768,0.0,0.0
slope1__protein_npx__P02766,0.0,0.0
slope1__protein_npx__P02765,0.0,0.0
slope1__protein_npx__P02763,0.0,0.0
slope1__protein_npx__P04196,0.0,0.0
slope1__protein_npx__P08493,0.0,0.0
slope1__protein_npx__P08294,0.0,0.0
slope1__protein_npx__P08253,0.0,0.0
slope1__protein_npx__P08133,0.0,0.0
slope1__protein_npx__P08123,0.0,0.0
slope1__protein_npx__P07998,0.0,0.0
slope1__protein_npx__P07858,0.0,0.0
slope1__protein_npx__P07602,0.0,0.0
slope1__protein_npx__P07339,0.0,0.0
slope1__protein_npx__P07333,0.0,0.0
slope1__protein_npx__P05155,0.0,0.0
slope1__protein_npx__P07195,0.0,0.0
slope1__protein_npx__P06727,0.0,0.0
slope1__protein_npx__P06681,0.0,0.0
slope1__protein_npx__P06454,0.0,0.0
slope1__protein_npx__P06396,0.0,0.0
slope1__protein_npx__P06310,0.0,0.0
slope1__protein_npx__P05546,0.0,0.0
slope1__protein_npx__P05452,0.0,0.0
slope1__protein_npx__P05408,0.0,0.0
slope1__protein_npx__P05156,0.0,0.0
slope1__protein_npx__P07225,0.0,0.0
delta1__peptide_count__Q9UBX5,0.0,0.0
delta1__peptide_count__Q9UBR2,0.0,0.0
delta1__peptide_count__Q9NYU2,0.0,0.0
delta1__peptide_count__Q9NQ79,0.0,0.0
delta1__peptide_count__Q9HDC9,0.0,0.0
delta1__peptide_count__Q9BY67,0.0,0.0
delta1__peptide_count__Q99969,0.0,0.0
delta1__peptide_count__Q99832,0.0,0.0
delta1__peptide_count__Q99829,0.0,0.0
delta1__peptide_log__TVVQPSVGAAAGPVVPPC(UniMod_4)PGR,0.0,0.0
delta1__peptide_count__Q99674,0.0,0.0
delta1__peptide_count__Q99435,0.0,0.0
delta1__peptide_count__Q96S96,0.0,0.0
delta1__peptide_count__Q96PD5,0.0,0.0
delta1__peptide_count__Q96KN2,0.0,0.0
delta1__peptide_count__Q96BZ4,0.0,0.0
delta1__peptide_count__Q92876,0.0,0.0
delta1__peptide_count__Q92823,0.0,0.0
delta1__peptide_count__Q92520,0.0,0.0
delta1__peptide_count__Q8NE71,0.0,0.0
delta1__peptide_count__Q99683,0.0,0.0
delta1__peptide_log__C(UniMod_4)SYTEDAQC(UniMod_4)IDGTIEVPK,0.0,0.0
delta1__peptide_log__C(UniMod_4)REILSVDC(UniMod_4)STNNPSQAK,0.0,0.0
delta1__peptide_log__C(UniMod_4)KPVNTFVHEPLVDVQNVC(UniMod_4)FQEK,0.0,0.0
delta1__peptide_log__C(UniMod_4)IIEVLSNALSK,0.0,0.0
delta1__peptide_log__C(UniMod_4)C(UniMod_4)VEC(UniMod_4)PPC(UniMod_4)PAPPVAGPSVFLFPPKPK,0.0,0.0
delta1__peptide_log__AYQGVAAPFPK,0.0,0.0
delta1__peptide_log__AYKSELEEQLTPVAEETR,0.0,0.0
delta1__peptide_log__AVLPTGDVIGDSAK,0.0,0.0
delta1__peptide_log__AVGDKLPEC(UniMod_4)EADDGC(UniMod_4)PKPPEIAHGYVEHSVR,0.0,0.0
delta1__peptide_count__Q9UHG2,0.0,0.0
delta1__peptide_log__ANRPFLVFIR,0.0,0.0
delta1__peptide_log__ALGISPFHEHAEVVFTANDSGPR,0.0,0.0
delta1__peptide_log__AKLEEQAQQIR,0.0,0.0
delta1__peptide_log__AEAQEAEDQQAR,0.0,0.0
delta1__peptide_log__ADDKETC(UniMod_4)FAEEGK,0.0,0.0
delta1__peptide_log__AATGEC(UniMod_4)TATVGKR,0.0,0.0
delta1__peptide_count__Q9Y6R7,0.0,0.0
delta1__peptide_count__Q9Y646,0.0,0.0
delta1__peptide_count__Q9UNU6,0.0,0.0
delta1__peptide_count__Q9UKV8,0.0,0.0
delta1__peptide_log__ATVNPSAPR,0.0,0.0
delta1__peptide_count__Q12805,0.0,0.0
delta1__peptide_count__Q08380,0.0,0.0
delta1__peptide_count__Q06481,0.0,0.0
delta1__peptide_count__Q02818,0.0,0.0
delta1__peptide_count__P98160,0.0,0.0
delta1__peptide_count__P80748,0.0,0.0
delta1__peptide_count__P61916,0.0,0.0
delta1__peptide_count__P61769,0.0,0.0
delta1__peptide_count__P61626,0.0,0.0
delta1__peptide_count__Q8NBJ4,0.0,0.0
delta1__peptide_count__P60174,0.0,0.0
delta1__peptide_count__P55290,0.0,0.0
delta1__peptide_count__P54289,0.0,0.0
delta1__peptide_count__P51884,0.0,0.0
delta1__peptide_count__P49908,0.0,0.0
delta1__peptide_count__P49588,0.0,0.0
delta1__peptide_count__P43652,0.0,0.0
delta1__peptide_count__P43251,0.0,0.0
delta1__peptide_count__P43121,0.0,0.0
delta1__peptide_count__P41222,0.0,0.0
delta1__peptide_count__P61278,0.0,0.0
delta1__peptide_count__Q8N2S1,0.0,0.0
delta1__peptide_count__Q8IWV7,0.0,0.0
delta1__peptide_count__Q7Z5P9,0.0,0.0
delta1__peptide_count__Q7Z3B1,0.0,0.0
delta1__peptide_count__Q6UXD5,0.0,0.0
delta1__peptide_count__Q6UXB8,0.0,0.0
delta1__peptide_count__Q6UX71,0.0,0.0
delta1__peptide_count__Q562R1,0.0,0.0
delta1__peptide_count__Q16610,0.0,0.0
delta1__peptide_count__Q16270,0.0,0.0
delta1__peptide_count__Q12841,0.0,0.0
delta1__peptide_count__Q14624,0.0,0.0
delta1__peptide_count__Q14515,0.0,0.0
delta1__peptide_count__Q14508,0.0,0.0
delta1__peptide_count__Q14118,0.0,0.0
delta1__peptide_count__Q13740,0.0,0.0
delta1__peptide_count__Q13451,0.0,0.0
delta1__peptide_count__Q13449,0.0,0.0
delta1__peptide_count__Q13332,0.0,0.0
delta1__peptide_count__Q13283,0.0,0.0
delta1__peptide_count__Q12907,0.0,0.0
delta1__peptide_count__Q15904,0.0,0.0
delta1__peptide_log__SC(UniMod_4)DTPPPC(UniMod_4)PR,0.0,0.0
delta1__peptide_log__RTPITVVK,0.0,0.0
delta1__peptide_log__RLEGQEEEEDNRDSSMK,0.0,0.0
delta1__peptide_log__RGYQLSDVDGVTC(UniMod_4)EDIDEC(UniMod_4)ALPTGGHIC(UniMod_4)SYR,0.0,0.0
delta1__peptide_log__QWAGLVEK,0.0,0.0
delta1__peptide_log__QQETAAAETETR,0.0,0.0
delta1__peptide_log__QNC(UniMod_4)ELFEQLGEYK,0.0,0.0
delta1__peptide_log__QKVEPLRAELQEGAR,0.0,0.0
delta1__peptide_log__QIGSVYR,0.0,0.0
delta1__peptide_log__C(UniMod_4)TSTGWIPAPR,0.0,0.0
delta1__peptide_log__NPDPWAK,0.0,0.0
delta1__peptide_log__NFPPSQDASGDLYTTSSQLTLPATQC(UniMod_4)PDGK,0.0,0.0
delta1__peptide_log__NFPPSQDASGDLYTTSSQLTLPATQC(UniMod_4)LAGK,0.0,0.0
delta1__peptide_log__MYYSAVDPTKDIFTGLIGPM(UniMod_35)K,0.0,0.0
delta1__peptide_log__MTVTDQVNC(UniMod_4)PK,0.0,0.0
delta1__peptide_log__MASGAANVVGPK,0.0,0.0
delta1__peptide_log__M(UniMod_35)YLGYEYVTAIR,0.0,0.0
delta1__peptide_log__M(UniMod_35)ASGAANVVGPK,0.0,0.0
delta1__peptide_log__LVGGPM(UniMod_35)DASVEEEGVRR,0.0,0.0
delta1__peptide_log__LSSWVLLM(UniMod_35)K,0.0,0.0
delta1__peptide_log__NPDSSTTGPWC(UniMod_4)YTTDPTVR,0.0,0.0
delta1__peptide_log__TTPPVLDSDGSFFLYSR,0.0,0.0
delta1__peptide_log__TTPPVLDSDGSFFLYSK,0.0,0.0
delta1__peptide_log__TSPVDEKALQDQLVLVAAK,0.0,0.0
delta1__peptide_log__TSAHGNVAEGETKPDPDVTER,0.0,0.0
delta1__peptide_log__TQVNTQAEQLRR,0.0,0.0
delta1__peptide_log__TPVSDRVTK,0.0,0.0
delta1__peptide_log__TPLGDTTHTC(UniMod_4)PR,0.0,0.0
delta1__peptide_log__TM(UniMod_35)LLQPAGSLGSYSYR,0.0,0.0
delta1__peptide_log__TLLSNLEEAKK,0.0,0.0
delta1__peptide_log__TKEEYGHSEVVEYYC(UniMod_4)NPR,0.0,0.0
delta1__peptide_log__SC(UniMod_4)SPELQQK,0.0,0.0
delta1__peptide_log__SSQGGSLPSEEK,0.0,0.0
delta1__peptide_log__SPVGVQPILNEHTFC(UniMod_4)AGMSK,0.0,0.0
delta1__peptide_log__SNSSM(UniMod_35)HITDC(UniMod_4)R,0.0,0.0
delta1__peptide_log__SLAELGGHLDQQVEEFRR,0.0,0.0
delta1__peptide_log__SLAAAAGKQELAK,0.0,0.0
delta1__peptide_log__SGELEQEEER,0.0,0.0
delta1__peptide_log__SGEATDGARPQALPEPMQESK,0.0,0.0
delta1__peptide_log__SFNRGEC(UniMod_4),0.0,0.0
delta1__peptide_log__SELEEQLTPVAEETR,0.0,0.0
delta1__peptide_log__SEALAVDGAGKPGAEEAQDPEGK,0.0,0.0
delta1__peptide_log__TEGDGVYTLNNEK,0.0,0.0
delta1__peptide_log__HYEGSTVPEK,0.0,0.0
delta1__peptide_log__HYDGSYSTFGER,0.0,0.0
delta1__peptide_log__HGGLYHENMR,0.0,0.0
delta1__peptide_log__GYQLSDVDGVTC(UniMod_4)EDIDEC(UniMod_4)ALPTGGHIC(UniMod_4)SYR,0.0,0.0
delta1__peptide_log__GSPAINVAVHVFRK,0.0,0.0
delta1__peptide_log__GEVQAMLGQSTEELRVR,0.0,0.0
delta1__peptide_log__GEVQAMLGQSTEELR,0.0,0.0
delta1__peptide_log__GC(UniMod_4)PTEEGC(UniMod_4)GER,0.0,0.0
delta1__peptide_log__FNKPFVFLM(UniMod_35)IEQNTK,0.0,0.0
delta1__peptide_log__LSNENHGIAQR,0.0,0.0
delta1__peptide_log__FLATTPNSLLVSWQPPR,0.0,0.0
delta1__peptide_log__ELSSFIDKGQELC(UniMod_4)ADYSENTFTEYK,0.0,0.0
delta1__peptide_log__ELDESLQVAER,0.0,0.0
delta1__peptide_log__EILSVDC(UniMod_4)STNNPSQAK,0.0,0.0
delta1__peptide_log__EDSLEAGLPLQVR,0.0,0.0
delta1__peptide_log__DSGFQM(UniMod_35)NQLR,0.0,0.0
delta1__peptide_log__DSGEGDFLAEGGGVR,0.0,0.0
delta1__peptide_log__DLATVYVDVLK,0.0,0.0
delta1__peptide_log__DASGVTFTWTPSSGK,0.0,0.0
delta1__peptide_log__C(UniMod_4)VDVDEC(UniMod_4)APPAEPC(UniMod_4)GK,0.0,0.0
delta1__peptide_log__FM(UniMod_35)ETVAEK,0.0,0.0
delta1__peptide_log__LSKELQAAQAR,0.0,0.0
delta1__peptide_log__LRTEGDGVYTLNNEKQWINK,0.0,0.0
delta1__peptide_log__LRTEGDGVYTLNNEK,0.0,0.0
delta1__peptide_log__LQAEAFQAR,0.0,0.0
delta1__peptide_log__LPPTSAHGNVAEGETKPDPDVTER,0.0,0.0
delta1__peptide_log__LIADLGSTSITNLGFR,0.0,0.0
delta1__peptide_log__LGPLVEQGRVR,0.0,0.0
delta1__peptide_log__LGPLVEQGR,0.0,0.0
delta1__peptide_log__LGADMEDVC(UniMod_4)GR,0.0,0.0
delta1__peptide_log__LGADM(UniMod_35)EDVC(UniMod_4)GR,0.0,0.0
delta1__peptide_log__HYTNPSQDVTVPC(UniMod_4)PVPPPPPC(UniMod_4)C(UniMod_4)HPR,0.0,0.0
delta1__peptide_log__LDEVKEQVAEVR,0.0,0.0
delta1__peptide_log__LC(UniMod_4)MGSGLNLC(UniMod_4)EPNNKEGYYGYTGAFR,0.0,0.0
delta1__peptide_log__LAVYQAGAR,0.0,0.0
delta1__peptide_log__KQELSEAEQATR,0.0,0.0
delta1__peptide_log__KFPSGTFEQVSQLVK,0.0,0.0
delta1__peptide_log__KAADDTWEPFASGK,0.0,0.0
delta1__peptide_log__IMNGEADAMSLDGGFVYIAGK,0.0,0.0
delta1__peptide_log__ILTC(UniMod_4)M(UniMod_35)QGMEEIR,0.0,0.0
delta1__peptide_log__ILLQGTPVAQMTEDAVDAER,0.0,0.0
delta1__peptide_log__IHWESASLLR,0.0,0.0
delta1__peptide_log__LFDSDPITVTVPVEVSR,0.0,0.0
lag1__peptide_log__EDSLEAGLPLQVR,0.0,0.0
lag1__peptide_log__DSGFQM(UniMod_35)NQLR,0.0,0.0
lag1__peptide_log__DLATVYVDVLK,0.0,0.0
lag1__peptide_log__DASGVTFTWTPSSGK,0.0,0.0
lag1__peptide_log__C(UniMod_4)VDVDEC(UniMod_4)APPAEPC(UniMod_4)GK,0.0,0.0
lag1__peptide_log__C(UniMod_4)TSTGWIPAPR,0.0,0.0
lag1__peptide_log__C(UniMod_4)SYTEDAQC(UniMod_4)IDGTIEVPK,0.0,0.0
lag1__peptide_log__C(UniMod_4)REILSVDC(UniMod_4)STNNPSQAK,0.0,0.0
lag1__peptide_log__C(UniMod_4)RDQLPYIC(UniMod_4)QFGIV,0.0,0.0
delta1__peptide_mean__P30086,0.0,0.0
lag1__peptide_log__C(UniMod_4)IIEVLSNALSK,0.0,0.0
lag1__peptide_log__C(UniMod_4)DSSPDSAEDVRK,0.0,0.0
lag1__peptide_log__AYQGVAAPFPK,0.0,0.0
lag1__peptide_log__AYKSELEEQLTPVAEETR,0.0,0.0
lag1__peptide_log__AVLPTGDVIGDSAK,0.0,0.0
lag1__peptide_log__AVGDKLPEC(UniMod_4)EADDGC(UniMod_4)PKPPEIAHGYVEHSVR,0.0,0.0
lag1__peptide_log__ATVNPSAPR,0.0,0.0
lag1__peptide_log__ANRPFLVFIR,0.0,0.0
lag1__peptide_log__ALGISPFHEHAEVVFTANDSGPR,0.0,0.0
lag1__peptide_log__AKLEEQAQQIR,0.0,0.0
lag1__peptide_log__C(UniMod_4)KPVNTFVHEPLVDVQNVC(UniMod_4)FQEK,0.0,0.0
lag1__peptide_log__KQELSEAEQATR,0.0,0.0
lag1__peptide_log__KFPSGTFEQVSQLVK,0.0,0.0
lag1__peptide_log__KAADDTWEPFASGK,0.0,0.0
lag1__peptide_log__IMNGEADAMSLDGGFVYIAGK,0.0,0.0
lag1__peptide_log__ILTC(UniMod_4)M(UniMod_35)QGMEEIR,0.0,0.0
lag1__peptide_log__ILLQGTPVAQMTEDAVDAER,0.0,0.0
lag1__peptide_log__IHWESASLLR,0.0,0.0
lag1__peptide_log__HYTNPSQDVTVPC(UniMod_4)PVPPPPPC(UniMod_4)C(UniMod_4)HPR,0.0,0.0
lag1__peptide_log__HYEGSTVPEK,0.0,0.0
lag1__peptide_log__ELDESLQVAER,0.0,0.0
lag1__peptide_log__HGGLYHENMR,0.0,0.0
lag1__peptide_log__GYQLSDVDGVTC(UniMod_4)EDIDEC(UniMod_4)ALPTGGHIC(UniMod_4)SYR,0.0,0.0
lag1__peptide_log__GSPAINVAVHVFRK,0.0,0.0
lag1__peptide_log__GEVQAMLGQSTEELRVR,0.0,0.0
lag1__peptide_log__GEVQAMLGQSTEELR,0.0,0.0
lag1__peptide_log__GC(UniMod_4)PTEEGC(UniMod_4)GER,0.0,0.0
lag1__peptide_log__FNKPFVFLM(UniMod_35)IEQNTK,0.0,0.0
lag1__peptide_log__FM(UniMod_35)ETVAEK,0.0,0.0
lag1__peptide_log__FLATTPNSLLVSWQPPR,0.0,0.0
lag1__peptide_log__ELSSFIDKGQELC(UniMod_4)ADYSENTFTEYK,0.0,0.0
lag1__peptide_log__HYDGSYSTFGER,0.0,0.0
lag1__peptide_count__Q96KN2,0.0,0.0
lag1__peptide_count__Q96BZ4,0.0,0.0
lag1__peptide_count__Q92876,0.0,0.0
lag1__peptide_count__Q92823,0.0,0.0
lag1__peptide_count__Q92520,0.0,0.0
lag1__peptide_count__Q8NE71,0.0,0.0
lag1__peptide_count__Q8NBJ4,0.0,0.0
lag1__peptide_count__Q8N2S1,0.0,0.0
lag1__peptide_count__Q8IWV7,0.0,0.0
lag1__peptide_log__AEAQEAEDQQAR,0.0,0.0
lag1__peptide_count__Q7Z3B1,0.0,0.0
lag1__peptide_count__Q6UXD5,0.0,0.0
lag1__peptide_count__Q6UXB8,0.0,0.0
lag1__peptide_count__Q6UX71,0.0,0.0
lag1__peptide_count__Q562R1,0.0,0.0
lag1__peptide_count__Q16610,0.0,0.0
lag1__peptide_count__Q16270,0.0,0.0
lag1__peptide_count__Q15904,0.0,0.0
lag1__peptide_count__Q14624,0.0,0.0
lag1__peptide_count__Q14515,0.0,0.0
lag1__peptide_count__Q7Z5P9,0.0,0.0
lag1__peptide_log__ADDKETC(UniMod_4)FAEEGK,0.0,0.0
lag1__peptide_log__AATVGSLAGQPLQER,0.0,0.0
lag1__peptide_log__AATGEC(UniMod_4)TATVGKR,0.0,0.0
lag1__peptide_count__Q9Y6R7,0.0,0.0
lag1__peptide_count__Q9Y646,0.0,0.0
lag1__peptide_count__Q9UNU6,0.0,0.0
lag1__peptide_count__Q9UKV8,0.0,0.0
lag1__peptide_count__Q9UHG2,0.0,0.0
lag1__peptide_count__Q9UBX5,0.0,0.0
lag1__peptide_count__Q9UBR2,0.0,0.0
lag1__peptide_count__Q96PD5,0.0,0.0
lag1__peptide_count__Q9NQ79,0.0,0.0
lag1__peptide_count__Q9HDC9,0.0,0.0
lag1__peptide_count__Q9BY67,0.0,0.0
lag1__peptide_count__Q99969,0.0,0.0
lag1__peptide_count__Q99832,0.0,0.0
lag1__peptide_count__Q99829,0.0,0.0
lag1__peptide_count__Q99683,0.0,0.0
lag1__peptide_count__Q99674,0.0,0.0
lag1__peptide_count__Q99435,0.0,0.0
lag1__peptide_count__Q96S96,0.0,0.0
lag1__peptide_count__Q9NYU2,0.0,0.0
lag1__peptide_log__VYC(UniMod_4)DMNTENGGWTVIQNR,0.0,0.0
lag1__peptide_log__VTLTC(UniMod_4)VAPLSGVDFQLR,0.0,0.0
lag1__peptide_log__VQAAVGTSAAPVPSDNH,0.0,0.0
lag1__peptide_log__VMPIC(UniMod_4)LPSKDYAEVGR,0.0,0.0
lag1__peptide_log__VGYVSGWGR,0.0,0.0
lag1__peptide_log__VDNALQSGNSQESVTEQDSKDSTYSLSSTLTLSK,0.0,0.0
lag1__peptide_log__VC(UniMod_4)PFAGILENGAVR,0.0,0.0
lag1__peptide_log__TVVQPSVGAAAGPVVPPC(UniMod_4)PGR,0.0,0.0
lag1__peptide_log__TTPPVLDSDGSFFLYSR,0.0,0.0
lag1__peptide_log__KVEQAVETEPEPELR,0.0,0.0
lag1__peptide_log__TSAHGNVAEGETKPDPDVTER,0.0,0.0
lag1__peptide_log__TQVNTQAEQLRR,0.0,0.0
lag1__peptide_log__TPLGDTTHTC(UniMod_4)PR,0.0,0.0
lag1__peptide_log__TLLSNLEEAKK,0.0,0.0
lag1__peptide_log__TKEEYGHSEVVEYYC(UniMod_4)NPR,0.0,0.0
lag1__peptide_log__TEGDGVYTLNNEK,0.0,0.0
lag1__peptide_log__TDASDVKPC(UniMod_4),0.0,0.0
lag1__peptide_log__SWFEPLVEDM(UniMod_35)QR,0.0,0.0
lag1__peptide_log__SSQGGSLPSEEK,0.0,0.0
lag1__peptide_log__SPVGVQPILNEHTFC(UniMod_4)AGMSK,0.0,0.0
lag1__peptide_log__TSPVDEKALQDQLVLVAAK,0.0,0.0
delta1__protein_npx__O14791,0.0,0.0
delta1__protein_npx__O14773,0.0,0.0
delta1__protein_npx__O14498,0.0,0.0
delta1__protein_npx__O00584,0.0,0.0
delta1__protein_npx__O00533,0.0,0.0
delta1__protein_npx__O00391,0.0,0.0
lag1__has_previous_visit,0.0,0.0
lag1__months_since_prev_visit,0.0,0.0
lag1__months_since_baseline,0.0,0.0
lag1__current_medication_unknown,0.0,0.0
lag1__peptide_log__WELALGR,0.0,0.0
lag1__current_updrs_4,0.0,0.0
lag1__current_updrs_3,0.0,0.0
lag1__current_updrs_2,0.0,0.0
lag1__current_updrs_1,0.0,0.0
lag1__peptide_missing_fraction,0.0,0.0
lag1__peptide_feature_count,0.0,0.0
lag1__peptide_log__YYWGGQYTWDMAK,0.0,0.0
lag1__peptide_log__YVMLPVADQDQC(UniMod_4)IR,0.0,0.0
lag1__peptide_log__YVM(UniMod_35)LPVADQDQC(UniMod_4)IR,0.0,0.0
lag1__peptide_log__YIVSGTPTFVPYLIK,0.0,0.0
lag1__current_medication_on,0.0,0.0
lag1__peptide_log__M(UniMod_35)YLGYEYVTAIR,0.0,0.0
lag1__peptide_log__LVGGPM(UniMod_35)DASVEEEGVRR,0.0,0.0
lag1__peptide_log__LSSWVLLM(UniMod_35)K,0.0,0.0
lag1__peptide_log__LSNENHGIAQR,0.0,0.0
lag1__peptide_log__LSKELQAAQAR,0.0,0.0
lag1__peptide_log__LRTEGDGVYTLNNEKQWINK,0.0,0.0
lag1__peptide_log__LRTEGDGVYTLNNEK,0.0,0.0
lag1__peptide_log__LQAEAFQAR,0.0,0.0
lag1__peptide_log__LPPTSAHGNVAEGETKPDPDVTER,0.0,0.0
lag1__peptide_log__SLAELGGHLDQQVEEFRR,0.0,0.0
lag1__peptide_log__LGQSLDC(UniMod_4)NAEVYVVPWEK,0.0,0.0
lag1__peptide_log__LGPLVEQGRVR,0.0,0.0
lag1__peptide_log__LGPLVEQGR,0.0,0.0
lag1__peptide_log__LGADMEDVC(UniMod_4)GR,0.0,0.0
lag1__peptide_log__LGADM(UniMod_35)EDVC(UniMod_4)GR,0.0,0.0
lag1__peptide_log__LFDSDPITVTVPVEVSR,0.0,0.0
lag1__peptide_log__LEGQEEEEDNRDSSMK,0.0,0.0
lag1__peptide_log__LDEVKEQVAEVR,0.0,0.0
lag1__peptide_log__LC(UniMod_4)MGSGLNLC(UniMod_4)EPNNKEGYYGYTGAFR,0.0,0.0
lag1__peptide_log__LAVYQAGAR,0.0,0.0
lag1__peptide_log__LIADLGSTSITNLGFR,0.0,0.0
lag1__peptide_log__SLAAAAGKQELAK,0.0,0.0
lag1__peptide_log__SGELEQEEER,0.0,0.0
lag1__peptide_log__SGEATDGARPQALPEPMQESK,0.0,0.0
lag1__peptide_log__SFNRGEC(UniMod_4),0.0,0.0
lag1__peptide_log__SELEEQLTPVAEETR,0.0,0.0
lag1__peptide_log__SEALAVDGAGKPGAEEAQDPEGK,0.0,0.0
lag1__peptide_log__SC(UniMod_4)SPELQQK,0.0,0.0
lag1__peptide_log__SC(UniMod_4)DTPPPC(UniMod_4)PR,0.0,0.0
lag1__peptide_log__RTPITVVK,0.0,0.0
lag1__peptide_log__RLEGQEEEEDNRDSSMK,0.0,0.0
lag1__peptide_log__MASGAANVVGPK,0.0,0.0
lag1__peptide_log__QWAGLVEK,0.0,0.0
lag1__peptide_log__QQETAAAETETR,0.0,0.0
lag1__peptide_log__QNC(UniMod_4)ELFEQLGEYK,0.0,0.0
lag1__peptide_log__QKVEPLRAELQEGAR,0.0,0.0
lag1__peptide_log__QIGSVYR,0.0,0.0
lag1__peptide_log__NPDSSTTGPWC(UniMod_4)YTTDPTVR,0.0,0.0
lag1__peptide_log__NPDPWAK,0.0,0.0
lag1__peptide_log__NFPPSQDASGDLYTTSSQLTLPATQC(UniMod_4)LAGK,0.0,0.0
lag1__peptide_log__MYYSAVDPTKDIFTGLIGPM(UniMod_35)K,0.0,0.0
lag1__peptide_log__MTVTDQVNC(UniMod_4)PK,0.0,0.0
lag1__peptide_log__RGYQLSDVDGVTC(UniMod_4)EDIDEC(UniMod_4)ALPTGGHIC(UniMod_4)SYR,0.0,0.0
lag1__peptide_count__P04217,0.0,0.0
lag1__peptide_count__P04216,0.0,0.0
lag1__peptide_count__P04211,0.0,0.0
lag1__peptide_count__P04207,0.0,0.0
lag1__peptide_count__P04196,0.0,0.0
lag1__peptide_count__P04180,0.0,0.0
lag1__peptide_count__P04156,0.0,0.0
lag1__peptide_count__P04075,0.0,0.0
lag1__peptide_count__P04004,0.0,0.0
lag1__peptide_count__Q14508,0.0,0.0
lag1__peptide_count__P02790,0.0,0.0
lag1__peptide_count__P02774,0.0,0.0
lag1__peptide_count__P02766,0.0,0.0
lag1__peptide_count__P02765,0.0,0.0
lag1__peptide_count__P02763,0.0,0.0
lag1__peptide_count__P02760,0.0,0.0
lag1__peptide_count__P02753,0.0,0.0
lag1__peptide_count__P02751,0.0,0.0
lag1__peptide_count__P02750,0.0,0.0
lag1__peptide_count__P02749,0.0,0.0
lag1__peptide_count__P02792,0.0,0.0
lag1__peptide_count__P07602,0.0,0.0
lag1__peptide_count__P07339,0.0,0.0
lag1__peptide_count__P07333,0.0,0.0
lag1__peptide_count__P07225,0.0,0.0
lag1__peptide_count__P07195,0.0,0.0
lag1__peptide_count__P06727,0.0,0.0
lag1__peptide_count__P06681,0.0,0.0
lag1__peptide_count__P06454,0.0,0.0
lag1__peptide_count__P06396,0.0,0.0
lag1__peptide_count__P04275,0.0,0.0
lag1__peptide_count__P05546,0.0,0.0
lag1__peptide_count__P05452,0.0,0.0
lag1__peptide_count__P05408,0.0,0.0
lag1__peptide_count__P05156,0.0,0.0
lag1__peptide_count__P05155,0.0,0.0
lag1__peptide_count__P05090,0.0,0.0
lag1__peptide_count__P05067,0.0,0.0
lag1__peptide_count__P05060,0.0,0.0
lag1__peptide_count__P04433,0.0,0.0
lag1__peptide_count__P04406,0.0,0.0
lag1__peptide_count__P06310,0.0,0.0
lag1__peptide_count__P01594,0.0,0.0
lag1__peptide_count__P01591,0.0,0.0
lag1__peptide_count__P01344,0.0,0.0
lag1__peptide_count__P01042,0.0,0.0
lag1__peptide_count__P01034,0.0,0.0
lag1__peptide_count__P01033,0.0,0.0
lag1__peptide_count__P01031,0.0,0.0
lag1__peptide_count__P01024,0.0,0.0
lag1__peptide_count__P01023,0.0,0.0
lag1__peptide_count__P02748,0.0,0.0
lag1__peptide_count__P01011,0.0,0.0
lag1__peptide_count__P01009,0.0,0.0
lag1__peptide_count__P01008,0.0,0.0
lag1__peptide_count__P00751,0.0,0.0
lag1__peptide_count__P00748,0.0,0.0
lag1__peptide_count__P00747,0.0,0.0
lag1__peptide_count__P00746,0.0,0.0
lag1__peptide_count__P00738,0.0,0.0
lag1__peptide_count__P00736,0.0,0.0
lag1__peptide_count__P00734,0.0,0.0
lag1__peptide_count__P01019,0.0,0.0
lag1__peptide_count__P02747,0.0,0.0
lag1__peptide_count__P02679,0.0,0.0
lag1__peptide_count__P02675,0.0,0.0
lag1__peptide_count__P02671,0.0,0.0
lag1__peptide_count__P02656,0.0,0.0
lag1__peptide_count__P02655,0.0,0.0
lag1__peptide_count__P02652,0.0,0.0
lag1__peptide_count__P02649,0.0,0.0
lag1__peptide_count__P02647,0.0,0.0
lag1__peptide_count__P02452,0.0,0.0
lag1__peptide_count__P01608,0.0,0.0
lag1__peptide_count__P01876,0.0,0.0
lag1__peptide_count__P01861,0.0,0.0
lag1__peptide_count__P01860,0.0,0.0
lag1__peptide_count__P01859,0.0,0.0
lag1__peptide_count__P01857,0.0,0.0
lag1__peptide_count__P01834,0.0,0.0
lag1__peptide_count__P01833,0.0,0.0
lag1__peptide_count__P01780,0.0,0.0
lag1__peptide_count__P01717,0.0,0.0
lag1__peptide_count__P01621,0.0,0.0
lag1__peptide_count__P01877,0.0,0.0
lag1__peptide_count__P49908,0.0,0.0
lag1__peptide_count__P49588,0.0,0.0
lag1__peptide_count__P43652,0.0,0.0
lag1__peptide_count__P43251,0.0,0.0
lag1__peptide_count__P43121,0.0,0.0
lag1__peptide_count__P41222,0.0,0.0
lag1__peptide_count__P40925,0.0,0.0
lag1__peptide_count__P39060,0.0,0.0
lag1__peptide_count__P36980,0.0,0.0
lag1__peptide_count__P07711,0.0,0.0
lag1__peptide_count__P36222,0.0,0.0
lag1__peptide_count__P35542,0.0,0.0
lag1__peptide_count__P32754,0.0,0.0
lag1__peptide_count__P31997,0.0,0.0
lag1__peptide_count__P30086,0.0,0.0
lag1__peptide_count__P27169,0.0,0.0
lag1__peptide_count__P25311,0.0,0.0
lag1__peptide_count__P24592,0.0,0.0
lag1__peptide_count__P23142,0.0,0.0
lag1__peptide_count__P23083,0.0,0.0
lag1__peptide_count__P36955,0.0,0.0
lag1__peptide_count__Q14118,0.0,0.0
lag1__peptide_count__Q13740,0.0,0.0
lag1__peptide_count__Q13451,0.0,0.0
lag1__peptide_count__Q13449,0.0,0.0
lag1__peptide_count__Q13332,0.0,0.0
lag1__peptide_count__Q13283,0.0,0.0
lag1__peptide_count__Q12907,0.0,0.0
lag1__peptide_count__Q12841,0.0,0.0
lag1__peptide_count__Q12805,0.0,0.0
lag1__peptide_count__Q08380,0.0,0.0
lag1__peptide_count__P51884,0.0,0.0
lag1__peptide_count__Q02818,0.0,0.0
lag1__peptide_count__P98160,0.0,0.0
lag1__peptide_count__P80748,0.0,0.0
lag1__peptide_count__P61916,0.0,0.0
lag1__peptide_count__P61769,0.0,0.0
lag1__peptide_count__P61626,0.0,0.0
lag1__peptide_count__P61278,0.0,0.0
lag1__peptide_count__P60174,0.0,0.0
lag1__peptide_count__P55290,0.0,0.0
lag1__peptide_count__P54289,0.0,0.0
lag1__peptide_count__Q06481,0.0,0.0
lag1__peptide_count__P11277,0.0,0.0
lag1__peptide_count__P11142,0.0,0.0
lag1__peptide_count__P10909,0.0,0.0
lag1__peptide_count__P10645,0.0,0.0
lag1__peptide_count__P10643,0.0,0.0
lag1__peptide_count__P10451,0.0,0.0
lag1__peptide_count__P09871,0.0,0.0
lag1__peptide_count__P09486,0.0,0.0
lag1__peptide_count__P09104,0.0,0.0
lag1__peptide_count__P20933,0.0,0.0
lag1__peptide_count__P08637,0.0,0.0
lag1__peptide_count__P08603,0.0,0.0
lag1__peptide_count__P08571,0.0,0.0
lag1__peptide_count__P08493,0.0,0.0
lag1__peptide_count__P08294,0.0,0.0
lag1__peptide_count__P08253,0.0,0.0
lag1__peptide_count__P08133,0.0,0.0
lag1__peptide_count__P08123,0.0,0.0
lag1__peptide_count__P07998,0.0,0.0
lag1__peptide_count__P07858,0.0,0.0
lag1__peptide_count__P08697,0.0,0.0
lag1__peptide_count__P20774,0.0,0.0
lag1__peptide_count__P19827,0.0,0.0
lag1__peptide_count__P19823,0.0,0.0
lag1__peptide_count__P19652,0.0,0.0
lag1__peptide_count__P19021,0.0,0.0
lag1__peptide_count__P18065,0.0,0.0
lag1__peptide_count__P17936,0.0,0.0
lag1__peptide_count__P17174,0.0,0.0
lag1__peptide_count__P16870,0.0,0.0
lag1__peptide_count__P16152,0.0,0.0
lag1__peptide_count__P12109,0.0,0.0
lag1__peptide_count__P16035,0.0,0.0
lag1__peptide_count__P14618,0.0,0.0
lag1__peptide_count__P14314,0.0,0.0
lag1__peptide_count__P14174,0.0,0.0
lag1__peptide_count__P13987,0.0,0.0
lag1__peptide_count__P13671,0.0,0.0
lag1__peptide_count__P13611,0.0,0.0
lag1__peptide_count__P13591,0.0,0.0
lag1__peptide_count__P13521,0.0,0.0
lag1__peptide_count__P13473,0.0,0.0
lag1__peptide_count__P16070,0.0,0.0
delta1__peptide_mean__P01034,0.0,0.0
delta1__peptide_mean__P01033,0.0,0.0
delta1__peptide_mean__P01024,0.0,0.0
delta1__peptide_mean__P01023,0.0,0.0
delta1__peptide_mean__P01019,0.0,0.0
delta1__peptide_mean__P01011,0.0,0.0
delta1__peptide_mean__P01009,0.0,0.0
delta1__peptide_mean__P01008,0.0,0.0
delta1__peptide_mean__P00751,0.0,0.0
delta1__protein_npx__O15240,0.0,0.0
delta1__peptide_mean__P00747,0.0,0.0
delta1__peptide_mean__P00738,0.0,0.0
delta1__peptide_mean__P00736,0.0,0.0
delta1__peptide_mean__P00734,0.0,0.0
delta1__peptide_mean__P00450,0.0,0.0
delta1__peptide_mean__P00441,0.0,0.0
delta1__peptide_mean__O94919,0.0,0.0
delta1__peptide_mean__O75326,0.0,0.0
delta1__peptide_mean__O75144,0.0,0.0
delta1__peptide_mean__O60888,0.0,0.0
delta1__peptide_mean__P00748,0.0,0.0
delta1__peptide_mean__P02671,0.0,0.0
delta1__peptide_mean__P02656,0.0,0.0
delta1__peptide_mean__P02655,0.0,0.0
delta1__peptide_mean__P02652,0.0,0.0
delta1__peptide_mean__P02649,0.0,0.0
delta1__peptide_mean__P02647,0.0,0.0
delta1__peptide_mean__P01877,0.0,0.0
delta1__peptide_mean__P01876,0.0,0.0
delta1__peptide_mean__P01861,0.0,0.0
delta1__peptide_mean__P01042,0.0,0.0
delta1__peptide_mean__P01859,0.0,0.0
delta1__peptide_mean__P01857,0.0,0.0
delta1__peptide_mean__P01834,0.0,0.0
delta1__peptide_mean__P01780,0.0,0.0
delta1__peptide_mean__P01717,0.0,0.0
delta1__peptide_mean__P01621,0.0,0.0
delta1__peptide_mean__P01608,0.0,0.0
delta1__peptide_mean__P01594,0.0,0.0
delta1__peptide_mean__P01591,0.0,0.0
delta1__peptide_mean__P01344,0.0,0.0
delta1__peptide_mean__P01860,0.0,0.0
delta1__protein_npx__Q9NQ79,0.0,0.0
delta1__protein_npx__Q9HDC9,0.0,0.0
delta1__protein_npx__Q9BY67,0.0,0.0
delta1__protein_npx__Q99969,0.0,0.0
delta1__protein_npx__Q99832,0.0,0.0
delta1__protein_npx__Q99829,0.0,0.0
delta1__protein_npx__Q99683,0.0,0.0
delta1__protein_npx__Q99674,0.0,0.0
delta1__protein_npx__Q99435,0.0,0.0
delta1__peptide_mean__O43505,0.0,0.0
delta1__protein_npx__Q96PD5,0.0,0.0
delta1__protein_npx__Q96BZ4,0.0,0.0
delta1__protein_npx__Q92876,0.0,0.0
delta1__protein_npx__Q92823,0.0,0.0
delta1__protein_npx__Q92520,0.0,0.0
delta1__protein_npx__Q8NE71,0.0,0.0
delta1__protein_npx__Q7Z5P9,0.0,0.0
delta1__protein_npx__Q7Z3B1,0.0,0.0
delta1__protein_npx__Q6UXD5,0.0,0.0
delta1__protein_npx__Q6UXB8,0.0,0.0
delta1__protein_npx__Q96S96,0.0,0.0
delta1__peptide_mean__O15394,0.0,0.0
delta1__peptide_mean__O14791,0.0,0.0
delta1__peptide_mean__O14773,0.0,0.0
delta1__peptide_mean__O14498,0.0,0.0
delta1__peptide_mean__O00584,0.0,0.0
delta1__peptide_mean__O00533,0.0,0.0
delta1__peptide_mean__O00391,0.0,0.0
delta1__peptide_observation_count,0.0,0.0
delta1__peptide_abundance_sum,0.0,0.0
delta1__peptide_abundance_max,0.0,0.0
delta1__protein_npx__Q9NYU2,0.0,0.0
delta1__peptide_abundance_std,0.0,0.0
delta1__peptide_abundance_mean,0.0,0.0
delta1__protein_missing_fraction,0.0,0.0
delta1__protein_feature_count,0.0,0.0
delta1__protein_npx__Q9Y6R7,0.0,0.0
delta1__protein_npx__Q9Y646,0.0,0.0
delta1__protein_npx__Q9UKV8,0.0,0.0
delta1__protein_npx__Q9UHG2,0.0,0.0
delta1__protein_npx__Q9UBX5,0.0,0.0
delta1__protein_npx__Q9UBR2,0.0,0.0
delta1__peptide_abundance_min,0.0,0.0
delta1__peptide_mean__P13473,0.0,0.0
delta1__peptide_mean__P12109,0.0,0.0
delta1__peptide_mean__P11277,0.0,0.0
delta1__peptide_mean__P11142,0.0,0.0
delta1__peptide_mean__P10909,0.0,0.0
delta1__peptide_mean__P10645,0.0,0.0
delta1__peptide_mean__P10451,0.0,0.0
delta1__peptide_mean__P09871,0.0,0.0
delta1__peptide_mean__P09486,0.0,0.0
delta1__peptide_mean__P02675,0.0,0.0
delta1__peptide_mean__P08697,0.0,0.0
delta1__peptide_mean__P08637,0.0,0.0
delta1__peptide_mean__P08603,0.0,0.0
delta1__peptide_mean__P08571,0.0,0.0
delta1__peptide_mean__P08493,0.0,0.0
delta1__peptide_mean__P08294,0.0,0.0
delta1__peptide_mean__P08253,0.0,0.0
delta1__peptide_mean__P08133,0.0,0.0
delta1__peptide_mean__P08123,0.0,0.0
delta1__peptide_mean__P07858,0.0,0.0
delta1__peptide_mean__P09104,0.0,0.0
delta1__peptide_mean__P27169,0.0,0.0
delta1__peptide_mean__P25311,0.0,0.0
delta1__peptide_mean__P24592,0.0,0.0
delta1__peptide_mean__P23083,0.0,0.0
delta1__peptide_mean__P20933,0.0,0.0
delta1__peptide_mean__P20774,0.0,0.0
delta1__peptide_mean__P19827,0.0,0.0
delta1__peptide_mean__P19823,0.0,0.0
delta1__peptide_mean__P19021,0.0,0.0
delta1__peptide_mean__P18065,0.0,0.0
delta1__peptide_mean__P13521,0.0,0.0
delta1__peptide_mean__P17174,0.0,0.0
delta1__peptide_mean__P16870,0.0,0.0
delta1__peptide_mean__P16152,0.0,0.0
delta1__peptide_mean__P16035,0.0,0.0
delta1__peptide_mean__P14618,0.0,0.0
delta1__peptide_mean__P14314,0.0,0.0
delta1__peptide_mean__P14174,0.0,0.0
delta1__peptide_mean__P13987,0.0,0.0
delta1__peptide_mean__P13671,0.0,0.0
delta1__peptide_mean__P13591,0.0,0.0
delta1__peptide_mean__P17936,0.0,0.0
delta1__peptide_mean__P04196,0.0,0.0
delta1__peptide_mean__P04180,0.0,0.0
delta1__peptide_mean__P04075,0.0,0.0
delta1__peptide_mean__P04004,0.0,0.0
delta1__peptide_mean__P02792,0.0,0.0
delta1__peptide_mean__P02790,0.0,0.0
delta1__peptide_mean__P02787,0.0,0.0
delta1__peptide_mean__P02774,0.0,0.0
delta1__peptide_mean__P02768,0.0,0.0
delta1__peptide_mean__P07711,0.0,0.0
delta1__peptide_mean__P02765,0.0,0.0
delta1__peptide_mean__P02763,0.0,0.0
delta1__peptide_mean__P02760,0.0,0.0
delta1__peptide_mean__P02753,0.0,0.0
delta1__peptide_mean__P02751,0.0,0.0
delta1__peptide_mean__P02750,0.0,0.0
delta1__peptide_mean__P02749,0.0,0.0
delta1__peptide_mean__P02748,0.0,0.0
delta1__peptide_mean__P02747,0.0,0.0
delta1__peptide_mean__P02679,0.0,0.0
delta1__peptide_mean__P02766,0.0,0.0
delta1__peptide_mean__P07602,0.0,0.0
delta1__peptide_mean__P07333,0.0,0.0
delta1__peptide_mean__P07225,0.0,0.0
delta1__peptide_mean__P07195,0.0,0.0
delta1__peptide_mean__P06727,0.0,0.0
delta1__peptide_mean__P06681,0.0,0.0
delta1__peptide_mean__P06454,0.0,0.0
delta1__peptide_mean__P06310,0.0,0.0
delta1__peptide_mean__P05546,0.0,0.0
delta1__peptide_mean__P05452,0.0,0.0
delta1__peptide_mean__P04207,0.0,0.0
delta1__peptide_mean__P05156,0.0,0.0
delta1__peptide_mean__P05155,0.0,0.0
delta1__peptide_mean__P05090,0.0,0.0
delta1__peptide_mean__P05067,0.0,0.0
delta1__peptide_mean__P05060,0.0,0.0
delta1__peptide_mean__P04433,0.0,0.0
delta1__peptide_mean__P04406,0.0,0.0
delta1__peptide_mean__P04217,0.0,0.0
delta1__peptide_mean__P04216,0.0,0.0
delta1__peptide_mean__P04211,0.0,0.0
delta1__peptide_mean__P05408,0.0,0.0
delta1__protein_npx__P04075,0.0,0.0
delta1__protein_npx__P04004,0.0,0.0
delta1__protein_npx__P02792,0.0,0.0
delta1__protein_npx__P02790,0.0,0.0
delta1__protein_npx__P02787,0.0,0.0
delta1__protein_npx__P02774,0.0,0.0
delta1__protein_npx__P02768,0.0,0.0
delta1__protein_npx__P02766,0.0,0.0
delta1__protein_npx__P02765,0.0,0.0
delta1__protein_npx__Q6UX71,0.0,0.0
delta1__protein_npx__P02760,0.0,0.0
delta1__protein_npx__P02753,0.0,0.0
delta1__protein_npx__P02751,0.0,0.0
delta1__protein_npx__P02750,0.0,0.0
delta1__protein_npx__P02749,0.0,0.0
delta1__protein_npx__P02748,0.0,0.0
delta1__protein_npx__P02747,0.0,0.0
delta1__protein_npx__P02679,0.0,0.0
delta1__protein_npx__P02675,0.0,0.0
delta1__protein_npx__P02671,0.0,0.0
delta1__protein_npx__P02763,0.0,0.0
delta1__protein_npx__P07195,0.0,0.0
delta1__protein_npx__P06727,0.0,0.0
delta1__protein_npx__P06681,0.0,0.0
delta1__protein_npx__P06454,0.0,0.0
delta1__protein_npx__P06396,0.0,0.0
delta1__protein_npx__P06310,0.0,0.0
delta1__protein_npx__P05546,0.0,0.0
delta1__protein_npx__P05452,0.0,0.0
delta1__protein_npx__P05408,0.0,0.0
delta1__protein_npx__P05155,0.0,0.0
delta1__protein_npx__P04156,0.0,0.0
delta1__protein_npx__P05060,0.0,0.0
delta1__protein_npx__P04433,0.0,0.0
delta1__protein_npx__P04406,0.0,0.0
delta1__protein_npx__P04275,0.0,0.0
delta1__protein_npx__P04217,0.0,0.0
delta1__protein_npx__P04216,0.0,0.0
delta1__protein_npx__P04211,0.0,0.0
delta1__protein_npx__P04207,0.0,0.0
delta1__protein_npx__P04196,0.0,0.0
delta1__protein_npx__P04180,0.0,0.0
delta1__protein_npx__P05067,0.0,0.0
delta1__protein_npx__P01031,0.0,0.0
delta1__protein_npx__P01023,0.0,0.0
delta1__protein_npx__P01019,0.0,0.0
delta1__protein_npx__P01011,0.0,0.0
delta1__protein_npx__P01008,0.0,0.0
delta1__protein_npx__P00751,0.0,0.0
delta1__protein_npx__P00748,0.0,0.0
delta1__protein_npx__P00747,0.0,0.0
delta1__protein_npx__P00746,0.0,0.0
delta1__protein_npx__P02656,0.0,0.0
delta1__protein_npx__P00736,0.0,0.0
delta1__protein_npx__P00734,0.0,0.0
delta1__protein_npx__P00450,0.0,0.0
delta1__protein_npx__P00441,0.0,0.0
delta1__protein_npx__O94919,0.0,0.0
delta1__protein_npx__O75326,0.0,0.0
delta1__protein_npx__O75144,0.0,0.0
delta1__protein_npx__O60888,0.0,0.0
delta1__protein_npx__O43505,0.0,0.0
delta1__protein_npx__O15394,0.0,0.0
delta1__protein_npx__P00738,0.0,0.0
delta1__protein_npx__P02655,0.0,0.0
delta1__protein_npx__P02652,0.0,0.0
delta1__protein_npx__P02649,0.0,0.0
delta1__protein_npx__P02647,0.0,0.0
delta1__protein_npx__P02452,0.0,0.0
delta1__protein_npx__P01877,0.0,0.0
delta1__protein_npx__P01876,0.0,0.0
delta1__protein_npx__P01861,0.0,0.0
delta1__protein_npx__P01860,0.0,0.0
delta1__protein_npx__P01859,0.0,0.0
delta1__protein_npx__P01033,0.0,0.0
delta1__protein_npx__P01834,0.0,0.0
delta1__protein_npx__P01833,0.0,0.0
delta1__protein_npx__P01780,0.0,0.0
delta1__protein_npx__P01621,0.0,0.0
delta1__protein_npx__P01608,0.0,0.0
delta1__protein_npx__P01594,0.0,0.0
delta1__protein_npx__P01591,0.0,0.0
delta1__protein_npx__P01344,0.0,0.0
delta1__protein_npx__P01042,0.0,0.0
delta1__protein_npx__P01034,0.0,0.0
delta1__protein_npx__P01857,0.0,0.0
delta1__protein_npx__P61278,0.0,0.0
delta1__protein_npx__P60174,0.0,0.0
delta1__protein_npx__P55290,0.0,0.0
delta1__protein_npx__P51884,0.0,0.0
delta1__protein_npx__P49908,0.0,0.0
delta1__protein_npx__P49588,0.0,0.0
delta1__protein_npx__P43652,0.0,0.0
delta1__protein_npx__P43251,0.0,0.0
delta1__protein_npx__P43121,0.0,0.0
delta1__protein_npx__P07225,0.0,0.0
delta1__protein_npx__P40925,0.0,0.0
delta1__protein_npx__P39060,0.0,0.0
delta1__protein_npx__P36980,0.0,0.0
delta1__protein_npx__P36955,0.0,0.0
delta1__protein_npx__P36222,0.0,0.0
delta1__protein_npx__P35542,0.0,0.0
delta1__protein_npx__P32754,0.0,0.0
delta1__protein_npx__P27169,0.0,0.0
delta1__protein_npx__P25311,0.0,0.0
delta1__protein_npx__P24592,0.0,0.0
delta1__protein_npx__P41222,0.0,0.0
delta1__protein_npx__Q562R1,0.0,0.0
delta1__protein_npx__Q16610,0.0,0.0
delta1__protein_npx__Q16270,0.0,0.0
delta1__protein_npx__Q14624,0.0,0.0
delta1__protein_npx__Q14515,0.0,0.0
delta1__protein_npx__Q14508,0.0,0.0
delta1__protein_npx__Q14118,0.0,0.0
delta1__protein_npx__Q13740,0.0,0.0
delta1__protein_npx__Q13451,0.0,0.0
delta1__protein_npx__Q13449,0.0,0.0
delta1__protein_npx__P61626,0.0,0.0
delta1__protein_npx__Q13283,0.0,0.0
delta1__protein_npx__Q12907,0.0,0.0
delta1__protein_npx__Q12841,0.0,0.0
delta1__protein_npx__Q12805,0.0,0.0
delta1__protein_npx__Q08380,0.0,0.0
delta1__protein_npx__Q06481,0.0,0.0
delta1__protein_npx__Q02818,0.0,0.0
delta1__protein_npx__P98160,0.0,0.0
delta1__protein_npx__P61916,0.0,0.0
delta1__protein_npx__P61769,0.0,0.0
delta1__protein_npx__Q13332,0.0,0.0
delta1__protein_npx__P11142,0.0,0.0
delta1__protein_npx__P10909,0.0,0.0
delta1__protein_npx__P10645,0.0,0.0
delta1__protein_npx__P10643,0.0,0.0
delta1__protein_npx__P10451,0.0,0.0
delta1__protein_npx__P09871,0.0,0.0
delta1__protein_npx__P09486,0.0,0.0
delta1__protein_npx__P08697,0.0,0.0
delta1__protein_npx__P08637,0.0,0.0
delta1__protein_npx__P23142,0.0,0.0
delta1__protein_npx__P08571,0.0,0.0
delta1__protein_npx__P08493,0.0,0.0
delta1__protein_npx__P08294,0.0,0.0
delta1__protein_npx__P08253,0.0,0.0
delta1__protein_npx__P08123,0.0,0.0
delta1__protein_npx__P07998,0.0,0.0
delta1__protein_npx__P07858,0.0,0.0
delta1__protein_npx__P07602,0.0,0.0
delta1__protein_npx__P07339,0.0,0.0
delta1__protein_npx__P07333,0.0,0.0
delta1__protein_npx__P08603,0.0,0.0
delta1__protein_npx__P23083,0.0,0.0
delta1__protein_npx__P20933,0.0,0.0
delta1__protein_npx__P19823,0.0,0.0
delta1__protein_npx__P19652,0.0,0.0
delta1__protein_npx__P19021,0.0,0.0
delta1__protein_npx__P18065,0.0,0.0
delta1__protein_npx__P17936,0.0,0.0
delta1__protein_npx__P17174,0.0,0.0
delta1__protein_npx__P16870,0.0,0.0
delta1__protein_npx__P16152,0.0,0.0
delta1__protein_npx__P11277,0.0,0.0
delta1__protein_npx__P16035,0.0,0.0
delta1__protein_npx__P14314,0.0,0.0
delta1__protein_npx__P14174,0.0,0.0
delta1__protein_npx__P13987,0.0,0.0
delta1__protein_npx__P13671,0.0,0.0
delta1__protein_npx__P13611,0.0,0.0
delta1__protein_npx__P13591,0.0,0.0
delta1__protein_npx__P13521,0.0,0.0
delta1__protein_npx__P13473,0.0,0.0
delta1__protein_npx__P12109,0.0,0.0
delta1__protein_npx__P16070,0.0,0.0
