feature,importance_mean,importance_std
rollmean2__current_updrs_4,0.22705161860076326,0.0
current_updrs_4,0.2190230013705736,0.0
lag1__current_updrs_4,0.1189285017927834,0.0
current_updrs_1,0.0983784929999162,0.0
rollmean2__current_updrs_1,0.09549354139633086,0.0
rollmean2__current_updrs_2,0.08162127113641973,0.0
missing__peptide_log__C(UniMod_4)SYTEDAQC(UniMod_4)IDGTIEVPK,0.07935517498736717,0.0
rollmean2__current_medication_unknown,0.07773216168839805,0.0
current_updrs_2,0.0751690008034345,0.0
rollmean2__peptide_count__Q12805,0.07296194054728726,0.0
missing__peptide_log__LDEVKEQVAEVR,0.07095170134862523,0.0
current_medication_unknown,0.06780743801308317,0.0
missing__current_medication_on,0.06780743801308317,0.0
lag1__current_updrs_1,0.06586775988695696,0.0
peptide_count__Q12805,0.0644744518385235,0.0
rollmean2__peptide_count__P02749,0.06316180784514995,0.0
current_medication_on,0.061562010915239926,0.0
lag1__current_updrs_2,0.05987823839800115,0.0
peptide_std__Q16610,0.05875400644626972,0.0
rollmean2__peptide_std__Q16610,0.05448404120928453,0.0
lag1__peptide_count__Q13740,0.05442022650728137,0.0
missing__protein_npx__P04275,0.053616639510432926,0.0
missing__peptide_count__P04275,0.053616639510432926,0.0
missing__peptide_mean__P04275,0.053616639510432926,0.0
rollmean2__peptide_count__P13591,0.05336966084201913,0.0
lag1__current_medication_unknown,0.0533406217949318,0.0
missing__peptide_log__C(UniMod_4)VDVDEC(UniMod_4)APPAEPC(UniMod_4)GK,0.053112388678901105,0.0
missing__protein_npx__Q99683,0.052642632157886525,0.0
missing__peptide_mean__Q99683,0.052642632157886525,0.0
missing__peptide_count__Q99683,0.052642632157886525,0.0
peptide_count__P02749,0.050727063390076245,0.0
lag1__peptide_count__P02749,0.05046077548914299,0.0
missing__peptide_log__ILTC(UniMod_4)M(UniMod_35)QGMEEIR,0.04997612339935717,0.0
missing__peptide_count__Q8IWV7,0.04997612339935717,0.0
missing__peptide_mean__Q8IWV7,0.04997612339935717,0.0
missing__protein_npx__Q8IWV7,0.04997612339935717,0.0
delta1__current_updrs_4,0.04955713541544504,0.0
missing__peptide_std__Q9UBX5,0.048896041949202905,0.0
lag1__peptide_std__P43652,0.0478715171609943,0.0
peptide_std__P07225,0.04641982065176955,0.0
peptide_std__P02763,0.046280278471522454,0.0
rollmean2__peptide_std__P54289,0.045966697726076096,0.0
peptide_count__Q9UBX5,0.045465317789918684,0.0
rollmean2__peptide_count__Q9UBX5,0.04545101427646599,0.0
lag1__peptide_std__P25311,0.04489674099866606,0.0
slope1__peptide_std__Q9NQ79,0.04484834715493973,0.0
peptide_std__P54289,0.04391659081195558,0.0
rollmean2__peptide_std__P07225,0.04391218314133684,0.0
peptide_count__P09486,0.043893548800112855,0.0
rollmean2__current_updrs_3,0.04360033881572174,0.0
peptide_std__P19652,0.04329549930395889,0.0
delta1__protein_npx__P27169,0.04289351882417726,0.0
rollmean2__peptide_count__Q06481,0.042829020608239524,0.0
rollmean2__peptide_mean__P01877,0.04250078744255252,0.0
peptide_mean__P36222,0.04228081715465017,0.0
lag1__peptide_count__P01857,0.042202314197896836,0.0
rollmean2__protein_npx__P04217,0.04209436916567634,0.0
lag1__protein_npx__Q8IWV7,0.04191353211666458,0.0
protein_npx__P19652,0.04172062051821084,0.0
rollmean2__current_medication_on,0.04171267886572171,0.0
rollmean2__peptide_std__P25311,0.041709052737261616,0.0
rollmean2__peptide_mean__P02452,0.04168323480008814,0.0
rollmean2__peptide_count__Q16270,0.04164719534909017,0.0
rollmean2__peptide_count__O14773,0.041438946080435385,0.0
delta1__peptide_mean__P10643,0.041162069544589085,0.0
rollmean2__peptide_std__P19652,0.041136192831411185,0.0
delta1__peptide_count__P01023,0.04071927272295169,0.0
peptide_log__MYYSAVDPTKDIFTGLIGPM(UniMod_35)K,0.040679645995720035,0.0
lag1__peptide_count__P06681,0.04064484731439577,0.0
missing__peptide_std__P19823,0.0405947662793373,0.0
peptide_std__P02747,0.04047245450032529,0.0
peptide_mean__O00584,0.04036332910253528,0.0
peptide_count__Q06481,0.040312005075617836,0.0
missing__peptide_log__LEGQEEEEDNRDSSMK,0.04001486612835262,0.0
lag1__peptide_log__RTPITVVK,0.03999113858293563,0.0
lag1__peptide_mean__P04406,0.0399485502563991,0.0
lag1__peptide_std__P05156,0.03990480220640292,0.0
delta1__peptide_std__Q9NQ79,0.0397372756387875,0.0
missing__peptide_std__Q06481,0.03970293603853081,0.0
current_updrs_3,0.039565804963667836,0.0
delta1__peptide_mean__P05408,0.039301067666599465,0.0
peptide_count__P13591,0.03923484456587471,0.0
lag1__peptide_std__Q12841,0.03908914515941583,0.0
lag1__protein_npx__P06681,0.039043863750070684,0.0
lag1__peptide_std__P02768,0.03903030398156344,0.0
rollmean2__peptide_std__P14314,0.039026693169022436,0.0
lag1__peptide_mean__Q12841,0.038893519016346356,0.0
missing__peptide_count__P20933,0.038450794434978834,0.0
missing__protein_npx__P20933,0.038450794434978834,0.0
missing__peptide_mean__P20933,0.038450794434978834,0.0
slope1__peptide_count__P55290,0.038449120969680235,0.0
protein_npx__P23083,0.03833037766362885,0.0
lag1__protein_npx__P00736,0.038008930335095566,0.0
rollmean2__peptide_mean__P36222,0.0379999204464163,0.0
rollmean2__protein_npx__P19652,0.037767708739645925,0.0
lag1__peptide_mean__P02763,0.037611410212391144,0.0
lag1__peptide_mean__P02765,0.03740364293939585,0.0
missing__peptide_log__VGYVSGWGR,0.03710115830111806,0.0
delta1__protein_npx__P30086,0.03691907723208865,0.0
peptide_log__DSGFQM(UniMod_35)NQLR,0.03684005749084957,0.0
missing__peptide_log__GYQLSDVDGVTC(UniMod_4)EDIDEC(UniMod_4)ALPTGGHIC(UniMod_4)SYR,0.03666830572864317,0.0
missing__peptide_log__LAVYQAGAR,0.036600358743587386,0.0
delta1__peptide_log__C(UniMod_4)DSSPDSAEDVRK,0.03659837497532396,0.0
lag1__months_since_prev_visit,0.03656742354527136,0.0
slope1__peptide_log__LC(UniMod_4)MGSGLNLC(UniMod_4)EPNNKEGYYGYTGAFR,0.03631898125198994,0.0
slope1__current_medication_on,0.03623107648658883,0.0
delta1__peptide_log__LC(UniMod_4)MGSGLNLC(UniMod_4)EPNNKEGYYGYTGAFR,0.035938683376945314,0.0
rollmean2__peptide_std__P06727,0.03587425108264479,0.0
rollmean2__peptide_mean__Q12841,0.03585126779058289,0.0
delta1__peptide_count__P09486,0.03564892639326325,0.0
peptide_count__Q96KN2,0.03548640012566271,0.0
missing__peptide_log__EILSVDC(UniMod_4)STNNPSQAK,0.035341824035028224,0.0
lag1__peptide_log__VC(UniMod_4)PFAGILENGAVR,0.03528146290425382,0.0
missing__peptide_log__TQVNTQAEQLRR,0.03517123820343311,0.0
lag1__peptide_log__RLEGQEEEEDNRDSSMK,0.03516079170193643,0.0
rollmean2__peptide_mean__P05067,0.0351493288042817,0.0
rollmean2__peptide_std__P43652,0.03508242598782551,0.0
lag1__protein_npx__P04211,0.03499554786847987,0.0
lag1__peptide_std__P00736,0.03496015295882542,0.0
peptide_count__P43121,0.03492843949359609,0.0
rollmean2__peptide_count__Q96KN2,0.03488453144688545,0.0
rollmean2__peptide_std__P13591,0.034783793281887396,0.0
peptide_mean__P23083,0.034638069783915884,0.0
peptide_count__Q9NQ79,0.03461036346712889,0.0
delta1__peptide_count__P55290,0.03459732442397723,0.0
slope1__peptide_std__P00441,0.03449679721601916,0.0
delta1__protein_npx__O14791,0.03449259711264027,0.0
delta1__peptide_std__P08571,0.03448746372357729,0.0
delta1__protein_npx__P10643,0.034477247081711834,0.0
rollmean2__months_since_prev_visit,0.03432549179646212,0.0
rollmean2__peptide_log__AATVGSLAGQPLQER,0.03431963415370943,0.0
delta1__peptide_log__EDSLEAGLPLQVR,0.03420537901750895,0.0
rollmean2__peptide_log__DSGFQM(UniMod_35)NQLR,0.034171922339678446,0.0
rollmean2__peptide_log__KQELSEAEQATR,0.034155470714260075,0.0
delta1__peptide_log__KVEQAVETEPEPELR,0.034131305964538367,0.0
lag1__protein_npx__P07858,0.03408504431333643,0.0
peptide_log__NPDPWAK,0.034074108281846704,0.0
lag1__current_updrs_3,0.03406788405029192,0.0
missing__peptide_count__Q13740,0.03406566728378147,0.0
missing__peptide_mean__Q13740,0.03406566728378147,0.0
missing__protein_npx__Q13740,0.03406566728378147,0.0
lag1__protein_npx__P08133,0.034030005713793735,0.0
rollmean2__peptide_log__RTPITVVK,0.03399232459662446,0.0
rollmean2__peptide_count__P01857,0.03398158672499238,0.0
rollmean2__peptide_count__P09486,0.03396155532952833,0.0
lag1__peptide_std__P02675,0.033844537285966377,0.0
lag1__peptide_mean__P80748,0.03384160305424176,0.0
peptide_std__P14314,0.03364939860956553,0.0
delta1__protein_npx__P19021,0.03364589484437032,0.0
missing__peptide_std__P13591,0.033610693953332625,0.0
lag1__peptide_mean__Q8IWV7,0.03356662332698281,0.0
lag1__peptide_log__ILTC(UniMod_4)M(UniMod_35)QGMEEIR,0.03356662332698281,0.0
delta1__current_updrs_1,0.033519335894760346,0.0
rollmean2__peptide_log__GSPAINVAVHVFRK,0.03341921291066167,0.0
rollmean2__peptide_count__P43121,0.033406906918508485,0.0
lag1__peptide_std__P09871,0.03335920704143231,0.0
lag1__peptide_log__ADDKETC(UniMod_4)FAEEGK,0.033314096925583514,0.0
delta1__peptide_log__NPDPWAK,0.03324297259624105,0.0
missing__peptide_log__IMNGEADAMSLDGGFVYIAGK,0.03304641794904242,0.0
peptide_std__P02452,0.033032815363192115,0.0
delta1__peptide_mean__P01009,0.03302812579166553,0.0
rollmean2__peptide_mean__O00584,0.0329701071612689,0.0
missing__protein_npx__P49588,0.03291318531349091,0.0
missing__peptide_count__P49588,0.03291318531349091,0.0
missing__peptide_mean__P49588,0.03291318531349091,0.0
delta1__peptide_log__LGPLVEQGRVR,0.032836562527840736,0.0
lag1__protein_npx__P80748,0.032730737556929505,0.0
delta1__protein_npx__P49908,0.03267752671181256,0.0
rollmean2__peptide_log__VYC(UniMod_4)DMNTENGGWTVIQNR,0.03267748911711701,0.0
rollmean2__peptide_mean__P07858,0.03257644604612468,0.0
delta1__peptide_mean__P02790,0.032523259249721596,0.0
protein_npx__P04217,0.03235418006431232,0.0
lag1__peptide_std__P16035,0.032180461873244096,0.0
slope1__peptide_std__P02656,0.03204846430596389,0.0
delta1__peptide_count__P98160,0.032033791828953745,0.0
slope1__peptide_std__P02747,0.03201273009820272,0.0
slope1__peptide_log__C(UniMod_4)DSSPDSAEDVRK,0.03199479609773684,0.0
rollmean2__peptide_log__LC(UniMod_4)MGSGLNLC(UniMod_4)EPNNKEGYYGYTGAFR,0.03194055935783387,0.0
peptide_std__P00450,0.0318077575934469,0.0
lag1__protein_npx__P04406,0.03177134004691875,0.0
missing__peptide_count__P06310,0.03176417440234577,0.0
missing__peptide_mean__P06310,0.03176417440234577,0.0
missing__protein_npx__P06310,0.03176417440234577,0.0
rollmean2__peptide_std__P00450,0.03172110060161267,0.0
peptide_count__P02753,0.03170237274723291,0.0
delta1__peptide_mean__P19021,0.0316992387700873,0.0
rollmean2__protein_npx__P23083,0.031694150588452034,0.0
delta1__peptide_std__P16035,0.03165529686165552,0.0
lag1__peptide_std__P20774,0.031635920339456114,0.0
peptide_mean__P02452,0.0316201937318916,0.0
delta1__peptide_mean__Q562R1,0.03152768697367895,0.0
missing__protein_npx__P07711,0.03148373398393712,0.0
missing__peptide_count__P07711,0.03148373398393712,0.0
missing__peptide_mean__P07711,0.03148373398393712,0.0
delta1__protein_npx__P08123,0.0314479970919078,0.0
missing__peptide_log__TEGDGVYTLNNEK,0.031420390316704454,0.0
delta1__peptide_mean__P00748,0.03135848532359914,0.0
peptide_mean__P07333,0.03135781511970495,0.0
protein_npx__P41222,0.0312936528677967,0.0
slope1__peptide_log__VYC(UniMod_4)DMNTENGGWTVIQNR,0.03124432974490147,0.0
peptide_log__AATVGSLAGQPLQER,0.03123118015893003,0.0
rollmean2__peptide_std__P10645,0.03111910710732418,0.0
rollmean2__peptide_log__ELDESLQVAER,0.031116422279952306,0.0
slope1__peptide_log__YYWGGQYTWDMAK,0.03110983391575627,0.0
peptide_count__P07602,0.03110824721799129,0.0
rollmean2__protein_npx__P01861,0.031107786494353723,0.0
peptide_log__EILSVDC(UniMod_4)STNNPSQAK,0.031098189956730176,0.0
delta1__peptide_mean__O14791,0.031074925643457423,0.0
missing__peptide_std__P01859,0.03106878669350798,0.0
rollmean2__peptide_mean__P08697,0.030892494500808634,0.0
missing__peptide_std__P01860,0.03087372108795652,0.0
rollmean2__peptide_log__VC(UniMod_4)PFAGILENGAVR,0.030861744141632844,0.0
delta1__protein_npx__Q562R1,0.03085285873987361,0.0
lag1__peptide_mean__P00751,0.030838695891879195,0.0
slope1__peptide_std__P08571,0.03077379033705355,0.0
rollmean2__peptide_std__Q12841,0.030734184310615812,0.0
rollmean2__peptide_count__P07602,0.03071889221063499,0.0
peptide_count__P00738,0.030689466698015075,0.0
lag1__peptide_count__Q9NQ79,0.030684522222500243,0.0
delta1__peptide_mean__P14314,0.03064827073651683,0.0
delta1__peptide_count__O75144,0.030638846917964608,0.0
rollmean2__peptide_count__O00584,0.03063531502708118,0.0
peptide_mean__P05067,0.0306247804178092,0.0
rollmean2__peptide_log__MYYSAVDPTKDIFTGLIGPM(UniMod_35)K,0.030611420325766973,0.0
rollmean2__peptide_count__Q9NQ79,0.030501185124428648,0.0
delta1__peptide_count__P08697,0.030494136172153356,0.0
rollmean2__protein_npx__P08133,0.03048821365236314,0.0
lag1__peptide_mean__P10643,0.03048806379976045,0.0
peptide_std__P12109,0.030462290131845555,0.0
delta1__peptide_std__P12109,0.030401135494719497,0.0
peptide_log__VC(UniMod_4)PFAGILENGAVR,0.030336714490683113,0.0
lag1__peptide_log__KQELSEAEQATR,0.030309076658212336,0.0
lag1__peptide_std__P04180,0.030290146085449304,0.0
rollmean2__peptide_std__P01877,0.030283745563380506,0.0
rollmean2__peptide_mean__P04217,0.030281228660635026,0.0
peptide_count__Q13740,0.030260784196971716,0.0
rollmean2__peptide_log__NPDPWAK,0.030203076616559032,0.0
rollmean2__protein_npx__P07858,0.03016324932696056,0.0
missing__peptide_std__Q9NQ79,0.030116096570392163,0.0
delta1__peptide_mean__Q12907,0.030071150298632502,0.0
slope1__peptide_log__LGPLVEQGRVR,0.030064219405897204,0.0
delta1__peptide_mean__Q9Y6R7,0.03006211373660847,0.0
lag1__protein_npx__P01861,0.029968475560720003,0.0
delta1__peptide_count__P30086,0.029937202233802772,0.0
delta1__protein_npx__P98160,0.02993270902145444,0.0
slope1__protein_npx__P10643,0.029898421306573785,0.0
lag1__peptide_std__P02787,0.0298294095276602,0.0
missing__peptide_log__RGYQLSDVDGVTC(UniMod_4)EDIDEC(UniMod_4)ALPTGGHIC(UniMod_4)SYR,0.029809079148213923,0.0
rollmean2__peptide_mean__P23142,0.02975059037577326,0.0
delta1__protein_npx__P02763,0.029704010080279994,0.0
missing__peptide_log__TPLGDTTHTC(UniMod_4)PR,0.029696292934060824,0.0
missing__peptide_log__HYTNPSQDVTVPC(UniMod_4)PVPPPPPC(UniMod_4)C(UniMod_4)HPR,0.029624075894798166,0.0
slope1__peptide_count__P09486,0.029618024897367562,0.0
peptide_std__P02647,0.029603114880853314,0.0
protein_npx__P36222,0.029569054962378945,0.0
peptide_count__O00584,0.029568594124444274,0.0
lag1__peptide_count__P00736,0.029560966166223713,0.0
delta1__peptide_std__P02452,0.029529615819608425,0.0
rollmean2__peptide_mean__P51884,0.029517128122603025,0.0
missing__peptide_mean__Q99829,0.029508803077460642,0.0
missing__protein_npx__Q99829,0.029508803077460642,0.0
missing__peptide_count__Q99829,0.029508803077460642,0.0
missing__peptide_log__SWFEPLVEDM(UniMod_35)QR,0.029481595506573553,0.0
missing__peptide_mean__P40925,0.029463597800792253,0.0
missing__peptide_count__P40925,0.029463597800792253,0.0
missing__protein_npx__P40925,0.029463597800792253,0.0
lag1__peptide_std__P13611,0.029462133389126434,0.0
lag1__peptide_count__Q06481,0.029430510390363582,0.0
lag1__peptide_mean__P08133,0.02934232606413052,0.0
slope1__peptide_log__IHWESASLLR,0.02929256803056588,0.0
delta1__peptide_count__P00746,0.029269235476298103,0.0
slope1__current_updrs_4,0.02925184288533487,0.0
peptide_mean__P02747,0.029233846835584276,0.0
rollmean2__protein_npx__P41222,0.029231477621544634,0.0
peptide_mean__O60888,0.02919341180117885,0.0
lag1__peptide_mean__P07858,0.029180652383729962,0.0
rollmean2__peptide_std__P02647,0.02917453980612129,0.0
rollmean2__peptide_mean__P55290,0.029143261564986023,0.0
lag1__peptide_log__LFDSDPITVTVPVEVSR,0.029131861535950904,0.0
peptide_count__P02747,0.02911021427310718,0.0
rollmean2__protein_npx__Q99683,0.029080787104729576,0.0
lag1__peptide_mean__Q6UX71,0.029066685517543253,0.0
lag1__peptide_std__P10645,0.02904530466444038,0.0
lag1__protein_npx__P02763,0.029025775895746127,0.0
delta1__peptide_std__P10643,0.028975847196799263,0.0
delta1__peptide_log__TEGDGVYTLNNEK,0.028913212160067495,0.0
rollmean2__peptide_std__P02765,0.02884604499083558,0.0
lag1__peptide_count__P01034,0.02883982366724446,0.0
delta1__peptide_std__P00736,0.028832773902004245,0.0
delta1__peptide_mean__P02765,0.02882818477114081,0.0
rollmean2__peptide_log__HYDGSYSTFGER,0.02879446172549875,0.0
peptide_count__P04433,0.028785784368666415,0.0
peptide_mean__P10645,0.02878156430090541,0.0
slope1__peptide_mean__P61626,0.028736144227602293,0.0
lag1__peptide_mean__P04211,0.028722154242494323,0.0
missing__protein_npx__O75326,0.02871366846307826,0.0
missing__peptide_count__O75326,0.02871366846307826,0.0
missing__peptide_mean__O75326,0.02871366846307826,0.0
lag1__protein_npx__Q6UXD5,0.0286763790278713,0.0
lag1__peptide_log__TQVNTQAEQLRR,0.02854487278768953,0.0
protein_npx__O00584,0.028496659452224102,0.0
rollmean2__peptide_log__LFDSDPITVTVPVEVSR,0.02849481139481091,0.0
slope1__peptide_count__Q12841,0.028462100422338602,0.0
missing__peptide_std__P39060,0.028418516343887913,0.0
lag1__protein_npx__Q12841,0.02840702668317921,0.0
missing__peptide_std__P09486,0.028390289867085597,0.0
peptide_std__P02765,0.028375941255721918,0.0
lag1__peptide_std__P00748,0.028318484067348885,0.0
rollmean2__peptide_std__P02763,0.028249973474187416,0.0
delta1__peptide_std__P01011,0.028229098055032813,0.0
rollmean2__protein_npx__P05546,0.02821164648909441,0.0
delta1__peptide_std__P23142,0.028210692037369336,0.0
peptide_log__HYDGSYSTFGER,0.02820308863769888,0.0
delta1__peptide_log__M(UniMod_35)ASGAANVVGPK,0.02817293845990621,0.0
delta1__peptide_mean__P01876,0.028164072952763266,0.0
lag1__peptide_std__P02790,0.028154970011481463,0.0
lag1__peptide_count__P54289,0.02814824066268188,0.0
rollmean2__protein_npx__O00584,0.028121532718815716,0.0
slope1__protein_npx__P27169,0.028100949426432945,0.0
missing__peptide_log__AVLPTGDVIGDSAK,0.028097615334856715,0.0
delta1__peptide_std__P02790,0.028067459650750744,0.0
rollmean2__peptide_log__HYEGSTVPEK,0.028061375414257152,0.0
delta1__peptide_log__HYDGSYSTFGER,0.028049046307665314,0.0
missing__peptide_log__AVGDKLPEC(UniMod_4)EADDGC(UniMod_4)PKPPEIAHGYVEHSVR,0.02799918893433705,0.0
rollmean2__peptide_mean__P20933,0.02798375026041047,0.0
delta1__peptide_count__P00748,0.027948581266850795,0.0
missing__peptide_std__O14773,0.02791227668144652,0.0
lag1__peptide_std__Q6UXB8,0.027908748327646043,0.0
lag1__peptide_log__AVGDKLPEC(UniMod_4)EADDGC(UniMod_4)PKPPEIAHGYVEHSVR,0.027897093516571464,0.0
peptide_log__KQELSEAEQATR,0.02789501720270165,0.0
delta1__peptide_std__P02656,0.02787129373561405,0.0
missing__protein_npx__P27169,0.027867114900327828,0.0
missing__peptide_count__P27169,0.027867114900327828,0.0
missing__peptide_mean__P27169,0.027867114900327828,0.0
peptide_count__Q16270,0.027791166587366488,0.0
months_since_prev_visit,0.027780926117159998,0.0
delta1__months_since_baseline,0.027780926117159998,0.0
rollmean2__protein_npx__Q8NE71,0.02773647494363742,0.0
missing__protein_npx__Q6UX71,0.027736108459697758,0.0
missing__peptide_count__Q6UX71,0.027736108459697758,0.0
missing__peptide_mean__Q6UX71,0.027736108459697758,0.0
peptide_std__P04196,0.027701263113772794,0.0
delta1__peptide_std__O15240,0.027635608673571524,0.0
rollmean2__peptide_count__P02747,0.027628673439144578,0.0
rollmean2__peptide_log__SLAELGGHLDQQVEEFRR,0.027625123364630206,0.0
rollmean2__protein_npx__Q13451,0.027597825064655114,0.0
rollmean2__protein_npx__Q13283,0.027566209606677508,0.0
rollmean2__protein_npx__P04211,0.027562976858729268,0.0
delta1__protein_npx__P06310,0.02750387514906343,0.0
peptide_mean__Q12841,0.02748443956219504,0.0
delta1__peptide_mean__P08123,0.02743489862323394,0.0
peptide_mean__P55290,0.02739853289999917,0.0
delta1__peptide_log__GSPAINVAVHVFRK,0.02736421825318166,0.0
delta1__peptide_count__O15394,0.027345629152613866,0.0
missing__peptide_log__YVM(UniMod_35)LPVADQDQC(UniMod_4)IR,0.027304381830798627,0.0
delta1__peptide_mean__P49908,0.027286621394140932,0.0
rollmean2__peptide_mean__Q13451,0.027278097513878274,0.0
lag1__protein_npx__Q13740,0.027253422476657047,0.0
rollmean2__protein_npx__Q12805,0.027210744222059755,0.0
lag1__peptide_count__P02652,0.02718501553231307,0.0
missing__peptide_count__O14498,0.027164690994693163,0.0
missing__peptide_mean__O14498,0.027164690994693163,0.0
missing__protein_npx__O14498,0.027164690994693163,0.0
lag1__peptide_std__P01857,0.027162681953211837,0.0
rollmean2__protein_npx__P01877,0.02708671560217143,0.0
missing__peptide_log__MASGAANVVGPK,0.027074469898070146,0.0
rollmean2__peptide_mean__P10645,0.02702593062570137,0.0
rollmean2__peptide_count__P05067,0.02694842425476861,0.0
lag1__peptide_mean__P04207,0.026946570788165432,0.0
missing__peptide_std__P02760,0.026913010657628144,0.0
peptide_std__P16870,0.0269037007842005,0.0
protein_npx__P19021,0.026854646109140314,0.0
lag1__peptide_abundance_min,0.026849569553005277,0.0
delta1__peptide_count__P00738,0.026833038058460924,0.0
lag1__peptide_count__P55290,0.026789157093149576,0.0
peptide_log__VYC(UniMod_4)DMNTENGGWTVIQNR,0.026773843319413525,0.0
lag1__peptide_mean__P16870,0.0267673951926453,0.0
delta1__peptide_std__P02751,0.026765755909639092,0.0
slope1__peptide_log__TEGDGVYTLNNEK,0.026762346045910827,0.0
slope1__peptide_log__KVEQAVETEPEPELR,0.026750318211550404,0.0
missing__peptide_log__GC(UniMod_4)PTEEGC(UniMod_4)GER,0.026747924210871667,0.0
slope1__protein_npx__P19021,0.02673970706834107,0.0
rollmean2__peptide_mean__Q562R1,0.026635940174917452,0.0
delta1__protein_npx__P02749,0.026582444151934715,0.0
missing__peptide_log__FLATTPNSLLVSWQPPR,0.02658221007875221,0.0
peptide_std__P06727,0.02652441676851304,0.0
rollmean2__protein_npx__O14773,0.02650191914055616,0.0
protein_npx__P43121,0.026497941458947426,0.0
delta1__peptide_mean__Q13740,0.026493320609009628,0.0
rollmean2__peptide_log__IHWESASLLR,0.026469846793661305,0.0
delta1__peptide_mean__P98160,0.02644043198563633,0.0
missing__peptide_log__C(UniMod_4)RDQLPYIC(UniMod_4)QFGIV,0.026409928360847133,0.0
peptide_mean__P08697,0.026404535864723466,0.0
slope1__peptide_count__P00748,0.026390535685887152,0.0
missing__peptide_log__TSAHGNVAEGETKPDPDVTER,0.02632019354396615,0.0
delta1__peptide_std__P19823,0.02630078829316176,0.0
peptide_log__LSNENHGIAQR,0.0262769820693207,0.0
rollmean2__peptide_mean__P02749,0.026242306756908054,0.0
delta1__peptide_mean__O75326,0.026210863846559945,0.0
lag1__protein_npx__P05155,0.026162793079922222,0.0
rollmean2__peptide_std__P01009,0.02616095236360541,0.0
delta1__peptide_count__P43652,0.026139790390747958,0.0
peptide_log__IMNGEADAMSLDGGFVYIAGK,0.026119802355739314,0.0
slope1__peptide_mean__P02765,0.026109496430501724,0.0
delta1__protein_npx__P05408,0.02607368305030152,0.0
delta1__protein_npx__P43121,0.026043515957293407,0.0
slope1__peptide_mean__P17174,0.025969411032499404,0.0
peptide_log__HYEGSTVPEK,0.025966465686195317,0.0
protein_npx__P04211,0.025945780443519778,0.0
peptide_std__Q14624,0.025929784170356022,0.0
rollmean2__peptide_mean__P04180,0.025887743287985848,0.0
peptide_count__P05452,0.025761704365251645,0.0
delta1__peptide_std__P01876,0.025754919553333182,0.0
rollmean2__peptide_mean__P07711,0.025742701700297674,0.0
rollmean2__peptide_log__EILSVDC(UniMod_4)STNNPSQAK,0.025726206977024206,0.0
rollmean2__peptide_log__LVGGPM(UniMod_35)DASVEEEGVRR,0.025683814350628865,0.0
peptide_std__P01877,0.025660229961580117,0.0
delta1__peptide_count__P01877,0.025654048049225886,0.0
slope1__peptide_mean__Q9Y6R7,0.02560530484103281,0.0
slope1__peptide_mean__P00748,0.025601856306543016,0.0
delta1__peptide_count__P02753,0.025591370771796334,0.0
delta1__protein_npx__Q12841,0.025587868561921606,0.0
slope1__protein_npx__P30086,0.02558227245158663,0.0
peptide_mean__P02749,0.025580432107228684,0.0
slope1__peptide_std__P23142,0.02557006999486871,0.0
rollmean2__protein_npx__P02763,0.025565760419009313,0.0
missing__peptide_log__SGELEQEEER,0.025549204546926184,0.0
peptide_std__Q06481,0.02554372716508569,0.0
rollmean2__peptide_mean__O14773,0.0255180445967568,0.0
rollmean2__peptide_mean__P43251,0.025477799541793186,0.0
delta1__peptide_mean__Q14624,0.02546435676667191,0.0
lag1__peptide_mean__P02790,0.02544141113198749,0.0
months_since_baseline,0.02542985958655672,0.0
lag1__peptide_std__P00747,0.025415149725748234,0.0
peptide_count__P01860,0.025410794725703713,0.0
delta1__peptide_std__P00441,0.025401134082013683,0.0
peptide_std__P00746,0.02539162405062285,0.0
delta1__peptide_mean__P61626,0.02538667841018346,0.0
missing__peptide_std__P02747,0.02537157063889642,0.0
rollmean2__peptide_std__P00748,0.02532739133740735,0.0
missing__peptide_count__Q8NBJ4,0.025301869419758462,0.0
missing__protein_npx__Q8NBJ4,0.025301869419758462,0.0
missing__peptide_mean__Q8NBJ4,0.025301869419758462,0.0
peptide_log__LGPLVEQGRVR,0.025288050218092058,0.0
slope1__peptide_mean__P10643,0.02525845615572961,0.0
protein_npx__P98160,0.02524323664829507,0.0
delta1__peptide_log__TVVQPSVGAAAGPVVPPC(UniMod_4)PGR,0.025242278305272342,0.0
delta1__peptide_std__P16870,0.02521289092007197,0.0
delta1__peptide_log__C(UniMod_4)KPVNTFVHEPLVDVQNVC(UniMod_4)FQEK,0.025141570524733686,0.0
lag1__peptide_std__Q16270,0.0251186004970418,0.0
peptide_mean__Q13451,0.025090036246064682,0.0
missing__peptide_log__QIGSVYR,0.025078806023249182,0.0
rollmean2__peptide_log__NFPPSQDASGDLYTTSSQLTLPATQC(UniMod_4)LAGK,0.025074080393098677,0.0
slope1__peptide_mean__P04075,0.025055409344801553,0.0
missing__peptide_log__SELEEQLTPVAEETR,0.02504780110185223,0.0
rollmean2__peptide_std__P09871,0.025030131468787697,0.0
delta1__peptide_mean__O14773,0.02502129404577565,0.0
lag1__peptide_std__P07339,0.02501155317615609,0.0
missing__peptide_std__P54289,0.025000570178437227,0.0
rollmean2__peptide_std__P02749,0.024965889273970157,0.0
rollmean2__protein_npx__P43251,0.0249494603324188,0.0
peptide_count__Q08380,0.024945917450752225,0.0
peptide_count__P01857,0.024935309921527114,0.0
peptide_count__O14773,0.024897187299569204,0.0
lag1__peptide_mean__P43652,0.02488088613203152,0.0
delta1__peptide_std__P02763,0.024873194110786253,0.0
lag1__peptide_log__VYC(UniMod_4)DMNTENGGWTVIQNR,0.024842238877572455,0.0
delta1__peptide_std__P04196,0.024841973255817627,0.0
protein_npx__Q9UKV8,0.024840582619831138,0.0
lag1__protein_npx__P00751,0.024837178340158483,0.0
peptide_mean__Q562R1,0.02482314038944886,0.0
lag1__peptide_log__KFPSGTFEQVSQLVK,0.02481244233851531,0.0
lag1__peptide_count__P20774,0.024804381523223038,0.0
protein_npx__P01594,0.024785839048290213,0.0
slope1__peptide_mean__P02675,0.024713597391190594,0.0
missing__peptide_log__M(UniMod_35)YLGYEYVTAIR,0.02470372755657172,0.0
peptide_std__P00441,0.024695393356640977,0.0
lag1__peptide_std__O15394,0.024693814451176927,0.0
delta1__peptide_std__P25311,0.024677817781626456,0.0
rollmean2__peptide_mean__P36955,0.024673720562186946,0.0
lag1__peptide_count__P01011,0.024633487173795602,0.0
slope1__peptide_mean__P16870,0.024623148928611015,0.0
slope1__peptide_count__Q16610,0.0246180098991117,0.0
slope1__peptide_mean__Q06481,0.024613376349336337,0.0
rollmean2__peptide_count__P07339,0.024601367209747295,0.0
lag1__peptide_mean__P14618,0.024580437769705428,0.0
peptide_log__KVEQAVETEPEPELR,0.024578449594293388,0.0
protein_npx__Q12805,0.02454888815584605,0.0
lag1__protein_npx__Q99829,0.024499464150592003,0.0
missing__peptide_log__VMPIC(UniMod_4)LPSKDYAEVGR,0.02447104689948443,0.0
rollmean2__protein_npx__P36222,0.024468206899495002,0.0
slope1__peptide_std__P02748,0.024420127931769328,0.0
delta1__protein_npx__P00748,0.02441062986441485,0.0
rollmean2__peptide_mean__P02747,0.02440787277002238,0.0
peptide_std__P08603,0.024406969173820556,0.0
delta1__peptide_std__P02747,0.024406269731126657,0.0
missing__protein_npx__P01594,0.024404507824308325,0.0
missing__peptide_mean__P01594,0.024404507824308325,0.0
missing__peptide_count__P01594,0.024404507824308325,0.0
rollmean2__peptide_mean__P08133,0.02439404691952039,0.0
missing__peptide_std__P16035,0.024381348654203248,0.0
lag1__peptide_std__P13591,0.024380229628680455,0.0
slope1__peptide_log__TPVSDRVTK,0.02437958640612364,0.0
delta1__peptide_std__P13611,0.02437450509280302,0.0
lag1__peptide_std__P14618,0.024350740395812573,0.0
delta1__peptide_std__P09486,0.02433525762167488,0.0
peptide_mean__Q96BZ4,0.02432961155480495,0.0
lag1__peptide_log__LC(UniMod_4)MGSGLNLC(UniMod_4)EPNNKEGYYGYTGAFR,0.024323014698956272,0.0
missing__peptide_log__ELDESLQVAER,0.024308668298689703,0.0
missing__peptide_std__Q16610,0.02430666015339924,0.0
slope1__peptide_mean__O75326,0.024286119555313117,0.0
peptide_mean__Q99829,0.024244370317937563,0.0
lag1__peptide_std__O14773,0.024238190439521416,0.0
rollmean2__protein_npx__P36980,0.02421960905894441,0.0
rollmean2__peptide_count__P04180,0.024219173191980595,0.0
slope1__protein_npx__P61626,0.024199676819975386,0.0
delta1__peptide_std__P43652,0.02418549430529625,0.0
peptide_count__P25311,0.02417629152842945,0.0
lag1__peptide_log__QIGSVYR,0.024168835751915647,0.0
delta1__peptide_std__P54289,0.024168559053449577,0.0
protein_npx__O00391,0.024162039683697834,0.0
missing__peptide_mean__P08637,0.024145598132453178,0.0
missing__protein_npx__P08637,0.024145598132453178,0.0
missing__peptide_count__P08637,0.024145598132453178,0.0
protein_npx__P36955,0.024126981533442813,0.0
slope1__protein_npx__P04196,0.024124104315756394,0.0
protein_npx__O15394,0.0241073157709888,0.0
peptide_log__LVGGPM(UniMod_35)DASVEEEGVRR,0.02410603641843949,0.0
peptide_std__P02760,0.024096937716091487,0.0
rollmean2__protein_npx__P00747,0.02409224131567351,0.0
slope1__peptide_mean__O14791,0.024091645749349827,0.0
rollmean2__peptide_count__P05452,0.024061884519571065,0.0
delta1__peptide_mean__P39060,0.02404869588442114,0.0
missing__protein_npx__Q13283,0.02404369476758495,0.0
missing__peptide_mean__Q13283,0.02404369476758495,0.0
missing__peptide_count__Q13283,0.02404369476758495,0.0
lag1__peptide_std__P02750,0.02401553735956981,0.0
missing__peptide_mean__O00584,0.024000896279222476,0.0
missing__protein_npx__O00584,0.024000896279222476,0.0
missing__peptide_count__O00584,0.024000896279222476,0.0
lag1__protein_npx__P60174,0.023995543005560043,0.0
rollmean2__peptide_count__P25311,0.023987990335608646,0.0
rollmean2__peptide_mean__P02763,0.023971237526201224,0.0
lag1__peptide_std__Q9NQ79,0.023968264428327897,0.0
protein_npx__Q13283,0.023956654300976786,0.0
delta1__peptide_mean__P20933,0.023952725832848895,0.0
rollmean2__peptide_count__P04433,0.023951726636938044,0.0
rollmean2__peptide_std__P02747,0.023931729539698448,0.0
lag1__peptide_count__Q9UHG2,0.023923910542864718,0.0
rollmean2__peptide_count__P00738,0.023922199715362077,0.0
delta1__peptide_std__P07339,0.023913415512028476,0.0
lag1__peptide_std__P02774,0.023909647525712428,0.0
rollmean2__protein_npx__P36955,0.023898427646498747,0.0
delta1__peptide_std__O14773,0.023854403252131846,0.0
delta1__peptide_std__P02750,0.02384732582425846,0.0
protein_npx__P61278,0.023842013584780847,0.0
slope1__protein_npx__Q12841,0.023826377139957076,0.0
peptide_log__C(UniMod_4)DSSPDSAEDVRK,0.023788230517524996,0.0
protein_npx__P01621,0.023747928314079285,0.0
rollmean2__peptide_std__P08603,0.023731220287593297,0.0
missing__peptide_count__Q99832,0.02371825830399873,0.0
missing__peptide_mean__Q99832,0.02371825830399873,0.0
missing__protein_npx__Q99832,0.02371825830399873,0.0
slope1__protein_npx__P06310,0.02370600707517029,0.0
missing__peptide_std__P07225,0.023687882750756156,0.0
missing__peptide_log__VTLTC(UniMod_4)VAPLSGVDFQLR,0.023660971068381526,0.0
lag1__peptide_mean__P13671,0.023633104869670657,0.0
lag1__peptide_log__VGYVSGWGR,0.023625363700666552,0.0
lag1__peptide_count__P07602,0.023608561295450022,0.0
protein_npx__Q13451,0.023602195787341986,0.0
missing__protein_npx__O94919,0.02359262511262607,0.0
missing__peptide_mean__O94919,0.02359262511262607,0.0
missing__peptide_count__O94919,0.02359262511262607,0.0
lag1__protein_npx__P02753,0.023587032267150553,0.0
slope1__protein_npx__P04180,0.023571801441536554,0.0
delta1__peptide_std__P00748,0.023571551694465637,0.0
slope1__peptide_std__P02452,0.023539225812116885,0.0
lag1__protein_npx__P04207,0.0235255246197044,0.0
rollmean2__peptide_mean__P16870,0.023512465563872938,0.0
lag1__peptide_std__P01860,0.02343231501816652,0.0
missing__peptide_count__Q14508,0.023430881863837377,0.0
missing__peptide_mean__Q14508,0.023430881863837377,0.0
missing__protein_npx__Q14508,0.023430881863837377,0.0
lag1__peptide_count__P09486,0.023422705863563053,0.0
peptide_mean__P07858,0.023398922915819475,0.0
rollmean2__months_since_baseline,0.02336870332987845,0.0
rollmean2__peptide_mean__O14498,0.023351431081368522,0.0
delta1__protein_npx__P02790,0.02333519018014408,0.0
peptide_mean__P01877,0.023333631012109023,0.0
lag1__peptide_count__P06396,0.023306673624405857,0.0
lag1__protein_npx__P04217,0.02325541708325792,0.0
rollmean2__protein_npx__P02749,0.02325014995449132,0.0
lag1__protein_npx__P01877,0.023249092847420893,0.0
delta1__peptide_mean__P09104,0.023227678103404942,0.0
delta1__peptide_mean__P16870,0.023210815199004024,0.0
rollmean2__peptide_count__P05156,0.023199147692668204,0.0
delta1__protein_npx__O15394,0.023170566723094345,0.0
rollmean2__peptide_log__RLEGQEEEEDNRDSSMK,0.023106371275791085,0.0
lag1__protein_npx__P10643,0.02310629536764082,0.0
peptide_count__P16035,0.02310050716421632,0.0
missing__peptide_count__P55290,0.02309912585692216,0.0
missing__protein_npx__P55290,0.02309912585692216,0.0
missing__peptide_mean__P55290,0.02309912585692216,0.0
slope1__peptide_mean__P02747,0.02305423982576882,0.0
rollmean2__peptide_count__P02748,0.023044772579003482,0.0
peptide_log__LDEVKEQVAEVR,0.023016233288368878,0.0
delta1__peptide_log__VYC(UniMod_4)DMNTENGGWTVIQNR,0.02297626305917936,0.0
slope1__peptide_log__EDSLEAGLPLQVR,0.022957278029129388,0.0
peptide_std__Q9UHG2,0.022951150165991557,0.0
rollmean2__peptide_count__P55290,0.022949483589825757,0.0
delta1__protein_npx__P54289,0.022945153324742118,0.0
missing__peptide_count__P39060,0.02293718933559633,0.0
missing__peptide_mean__P39060,0.02293718933559633,0.0
missing__protein_npx__P39060,0.02293718933559633,0.0
protein_npx__Q15904,0.022908453495591265,0.0
protein_npx__P08294,0.02290250554771501,0.0
lag1__protein_npx__P08253,0.022900533097376254,0.0
delta1__peptide_log__VKDLATVYVDVLK,0.02288131921737066,0.0
protein_npx__O14791,0.02287884651002955,0.0
delta1__peptide_count__P05067,0.022866709678453955,0.0
lag1__peptide_mean__P01024,0.02286647127299133,0.0
delta1__peptide_log__NFPPSQDASGDLYTTSSQLTLPATQC(UniMod_4)LAGK,0.022849306890719335,0.0
rollmean2__peptide_count__Q16610,0.02279518568156262,0.0
delta1__peptide_mean__P08493,0.02278793919133654,0.0
peptide_mean__Q15904,0.022787348623102725,0.0
lag1__peptide_count__P02760,0.022787205334885586,0.0
lag1__peptide_mean__P00748,0.022784146202373092,0.0
rollmean2__peptide_std__P16870,0.0227652995008679,0.0
protein_npx__P08697,0.022748468006714526,0.0
slope1__protein_npx__P08123,0.022739669872894427,0.0
lag1__protein_npx__Q6UX71,0.022706901019956562,0.0
lag1__peptide_mean__O14773,0.022703062498377034,0.0
slope1__peptide_count__Q16270,0.02268766484047811,0.0
delta1__peptide_mean__P23083,0.022661326073113726,0.0
missing__peptide_log__GEVQAMLGQSTEELR,0.022645079240857846,0.0
missing__peptide_std__P19652,0.02264124606153211,0.0
rollmean2__protein_npx__P00736,0.02262864663010781,0.0
lag1__peptide_mean__P05156,0.02254776875797264,0.0
rollmean2__protein_npx__Q562R1,0.022536150759763094,0.0
slope1__peptide_std__P12109,0.02252750682203784,0.0
delta1__peptide_log__LSSWVLLM(UniMod_35)K,0.02249500485765075,0.0
delta1__peptide_mean__P14618,0.02249342571198588,0.0
peptide_log__SLAAAAGKQELAK,0.02248980255533613,0.0
peptide_mean__P61278,0.02248980255533613,0.0
rollmean2__peptide_log__LSNENHGIAQR,0.022489271611181312,0.0
missing__peptide_log__KAADDTWEPFASGK,0.022487040276597717,0.0
slope1__peptide_mean__P19021,0.022466288568193268,0.0
lag1__peptide_log__QKVEPLRAELQEGAR,0.022458689635822426,0.0
rollmean2__peptide_std__P51884,0.022438274265971704,0.0
missing__peptide_log__VC(UniMod_4)PFAGILENGAVR,0.022395091260891137,0.0
slope1__peptide_mean__Q12907,0.022387797582799577,0.0
peptide_count__O75144,0.022363894709319578,0.0
slope1__protein_npx__P02763,0.022354398229363904,0.0
slope1__protein_npx__P07333,0.022353354156482246,0.0
rollmean2__peptide_mean__Q99683,0.022345491807057763,0.0
slope1__peptide_mean__P09104,0.02233077863680863,0.0
delta1__peptide_count__P00734,0.022329357563462358,0.0
rollmean2__protein_npx__P19823,0.022322229548875448,0.0
slope1__protein_npx__P60174,0.02232070471638229,0.0
lag1__protein_npx__Q06481,0.022300808782637817,0.0
rollmean2__peptide_mean__P23083,0.022299121126063647,0.0
rollmean2__peptide_count__P00736,0.022296602766676197,0.0
slope1__peptide_count__P43652,0.02229438821468217,0.0
delta1__protein_npx__P04180,0.022290780128391356,0.0
delta1__protein_npx__P01876,0.022272967932092876,0.0
protein_npx__P02647,0.022264474618923502,0.0
peptide_count__P04196,0.022262967600406754,0.0
rollmean2__peptide_mean__P07333,0.022252180628128563,0.0
delta1__protein_npx__P00736,0.022247667410740444,0.0
lag1__protein_npx__P61626,0.02222878646127089,0.0
slope1__protein_npx__P04075,0.02220844414479461,0.0
delta1__protein_npx__P00747,0.022205873969347003,0.0
peptide_count__P14314,0.022199031548438202,0.0
slope1__protein_npx__P00736,0.022194430536822504,0.0
peptide_std__P01019,0.022194162300636193,0.0
lag1__peptide_count__P04180,0.02217807143939329,0.0
lag1__peptide_count__P02649,0.022168012357574346,0.0
missing__peptide_log__FM(UniMod_35)ETVAEK,0.02216740633822029,0.0
rollmean2__protein_npx__P20933,0.02214769106464008,0.0
rollmean2__protein_npx__P08253,0.02210480609511968,0.0
rollmean2__peptide_count__P01860,0.022067288174050136,0.0
delta1__peptide_mean__Q06481,0.022053927418805314,0.0
peptide_mean__P04217,0.022040724787745474,0.0
peptide_mean__P40925,0.02201101241975595,0.0
slope1__peptide_mean__P07333,0.021998268794561113,0.0
rollmean2__peptide_std__O94919,0.021985139281492108,0.0
peptide_std__P24592,0.021975482479088298,0.0
delta1__peptide_std__Q16610,0.02196421428671376,0.0
peptide_count__P07339,0.02195700873290536,0.0
delta1__peptide_log__NFPPSQDASGDLYTTSSQLTLPATQC(UniMod_4)PDGK,0.021951041882393114,0.0
missing__peptide_log__C(UniMod_4)TSTGWIPAPR,0.021920258872920945,0.0
delta1__protein_npx__P06727,0.021919578485249655,0.0
delta1__protein_npx__P08637,0.02190965095641786,0.0
protein_npx__P04156,0.021908491898768503,0.0
protein_npx__P43251,0.02188541671271295,0.0
missing__peptide_mean__Q02818,0.021884629556979278,0.0
missing__protein_npx__Q02818,0.021884629556979278,0.0
missing__peptide_count__Q02818,0.021884629556979278,0.0
delta1__peptide_mean__P01033,0.02187921514379992,0.0
missing__peptide_count__Q9Y6R7,0.02187239599354368,0.0
missing__peptide_mean__Q9Y6R7,0.02187239599354368,0.0
missing__protein_npx__Q9Y6R7,0.02187239599354368,0.0
peptide_std__P27169,0.021856045151703696,0.0
slope1__peptide_count__Q9Y6R7,0.021852540210894056,0.0
lag1__peptide_mean__P43251,0.021848338505404054,0.0
delta1__peptide_mean__O60888,0.021841096491662423,0.0
lag1__protein_npx__P54289,0.021836477670999513,0.0
peptide_mean__P01608,0.02181271657741217,0.0
lag1__peptide_count__P13987,0.021794675224524003,0.0
missing__peptide_log__SGEATDGARPQALPEPMQESK,0.02177960444552591,0.0
delta1__peptide_count__P13591,0.02176973619542048,0.0
rollmean2__protein_npx__P13591,0.02173813079332969,0.0
peptide_mean__O14791,0.021737764905650034,0.0
rollmean2__peptide_mean__P04211,0.021697534051288273,0.0
peptide_log__LC(UniMod_4)MGSGLNLC(UniMod_4)EPNNKEGYYGYTGAFR,0.021661284668388264,0.0
peptide_mean__Q12907,0.021637615627795044,0.0
rollmean2__protein_npx__P55290,0.021630705644153397,0.0
lag1__peptide_log__YVM(UniMod_35)LPVADQDQC(UniMod_4)IR,0.021618785009539277,0.0
delta1__peptide_log__TSAHGNVAEGETKPDPDVTER,0.021616896771633,0.0
delta1__protein_npx__P04196,0.021604453429789845,0.0
peptide_count__P02790,0.021587764661483204,0.0
peptide_mean__P19021,0.021582800784502556,0.0
peptide_log__YYWGGQYTWDMAK,0.02155314161340595,0.0
missing__protein_npx__P06454,0.02154997361751705,0.0
missing__peptide_count__P06454,0.02154997361751705,0.0
missing__peptide_mean__P06454,0.02154997361751705,0.0
slope1__protein_npx__O14791,0.021549430121186357,0.0
rollmean2__peptide_count__P20774,0.021543175020862223,0.0
slope1__peptide_count__P00746,0.021536793312369316,0.0
rollmean2__peptide_mean__P00748,0.021530103581408055,0.0
missing__peptide_log__HYDGSYSTFGER,0.021522408222092795,0.0
lag1__peptide_count__P01009,0.021510703850464,0.0
peptide_mean__P01621,0.021508378570908503,0.0
peptide_log__RTPITVVK,0.021507791624350285,0.0
peptide_count__P39060,0.021486828027694888,0.0
delta1__peptide_abundance_min,0.02146468428317573,0.0
delta1__protein_npx__P04275,0.021459732382519216,0.0
rollmean2__peptide_count__P04196,0.021457669762006623,0.0
slope1__peptide_mean__O14773,0.0214571137505492,0.0
peptide_mean__P17936,0.021420983832998508,0.0
peptide_mean__P04211,0.021411047938681798,0.0
slope1__peptide_log__VDSGNDVTDIADDGC(UniMod_4)PKPPEIAHGYVEHSVR,0.021409649248007222,0.0
rollmean2__peptide_mean__P02765,0.021405657813293188,0.0
rollmean2__protein_npx__Q16610,0.021386727664080573,0.0
delta1__peptide_count__P06396,0.021384270696037006,0.0
peptide_log__QIGSVYR,0.021363757848766728,0.0
lag1__peptide_mean__P08253,0.021361203008514382,0.0
delta1__current_medication_on,0.021341996480899728,0.0
peptide_mean__P11142,0.021334421732586435,0.0
rollmean2__peptide_log__LGPLVEQGRVR,0.021318547120011546,0.0
delta1__protein_npx__P01033,0.0213098337886913,0.0
lag1__peptide_std__P36955,0.021295378682311177,0.0
delta1__peptide_std__P30086,0.021281455724497664,0.0
rollmean2__peptide_std__P01019,0.021268064345252576,0.0
rollmean2__peptide_std__P01876,0.021263357532158755,0.0
missing__peptide_count__P04211,0.02125318010517392,0.0
missing__peptide_mean__P04211,0.02125318010517392,0.0
missing__protein_npx__P04211,0.02125318010517392,0.0
delta1__peptide_std__P02787,0.021243246637594096,0.0
lag1__peptide_count__P43121,0.02123681773483507,0.0
slope1__peptide_count__P07602,0.021232548594228493,0.0
slope1__peptide_log__C(UniMod_4)KPVNTFVHEPLVDVQNVC(UniMod_4)FQEK,0.021227994148748267,0.0
rollmean2__peptide_std__P05156,0.02122418869309445,0.0
slope1__protein_npx__P00748,0.02120889053616903,0.0
slope1__peptide_mean__P01009,0.02120025216812312,0.0
peptide_mean__O00391,0.02117136403219825,0.0
rollmean2__peptide_count__P02452,0.021164872660204167,0.0
lag1__peptide_mean__P36955,0.021154391278205724,0.0
lag1__peptide_mean__P20933,0.02115099515847445,0.0
slope1__peptide_std__P10645,0.021143206257384098,0.0
peptide_mean__Q96KN2,0.021140178662006827,0.0
peptide_mean__Q02818,0.021135934498694248,0.0
peptide_std__P05060,0.021133225990892717,0.0
lag1__protein_npx__P07711,0.021125845699805947,0.0
rollmean2__protein_npx__P23142,0.02112431256825956,0.0
lag1__peptide_std__P02763,0.0211195065106294,0.0
delta1__peptide_mean__P14174,0.02109865080698767,0.0
slope1__protein_npx__P02790,0.021078474860912733,0.0
peptide_mean__P43251,0.02106388442203361,0.0
rollmean2__peptide_count__Q08380,0.021051184545619564,0.0
rollmean2__peptide_log__C(UniMod_4)SYTEDAQC(UniMod_4)IDGTIEVPK,0.021034553454129475,0.0
slope1__peptide_std__P02749,0.021029274057791494,0.0
rollmean2__peptide_mean__Q8NE71,0.021028769599073124,0.0
protein_npx__P01861,0.02102120492075359,0.0
peptide_log__GSPAINVAVHVFRK,0.021007069754366118,0.0
rollmean2__peptide_std__Q14624,0.02100533162064339,0.0
peptide_mean__P51884,0.021001738654224365,0.0
rollmean2__peptide_mean__P19652,0.020969321047344804,0.0
lag1__peptide_count__Q16270,0.020951129605956704,0.0
lag1__peptide_mean__P02652,0.02092503868102658,0.0
delta1__peptide_count__Q9Y6R7,0.02091445169725796,0.0
rollmean2__protein_npx__P98160,0.020912236516740366,0.0
delta1__peptide_log__VQPYLDDFQKK,0.020909687413972738,0.0
rollmean2__peptide_log__C(UniMod_4)IIEVLSNALSK,0.02090387376367677,0.0
slope1__peptide_log__TVVQPSVGAAAGPVVPPC(UniMod_4)PGR,0.020896198566825876,0.0
delta1__peptide_mean__P02675,0.02088665222452249,0.0
peptide_std__P01024,0.020876088530517894,0.0
peptide_std__P02751,0.02085712307976988,0.0
slope1__peptide_std__P07602,0.020855684245033774,0.0
rollmean2__peptide_count__P01011,0.020849034886305552,0.0
delta1__peptide_log__LEGQEEEEDNRDSSMK,0.02083550458915311,0.0
rollmean2__peptide_log__MTVTDQVNC(UniMod_4)PK,0.020828171387577917,0.0
rollmean2__protein_npx__O14498,0.02082087379326984,0.0
protein_npx__P07333,0.02081908534687618,0.0
protein_npx__P40925,0.02081155500736799,0.0
lag1__peptide_mean__O75326,0.020806052611739696,0.0
lag1__peptide_mean__Q13740,0.02077355474760773,0.0
slope1__protein_npx__P98160,0.020765399230666573,0.0
lag1__peptide_mean__P04180,0.020762241867708604,0.0
rollmean2__peptide_mean__P20774,0.020758310895560583,0.0
lag1__peptide_std__P36222,0.020754942437241967,0.0
slope1__peptide_mean__P02790,0.020754205286928264,0.0
delta1__protein_npx__P01621,0.020750321586946417,0.0
rollmean2__protein_npx__P01780,0.02074660993951653,0.0
missing__peptide_std__P14314,0.0207427755884323,0.0
slope1__peptide_count__P01857,0.020723406097046166,0.0
rollmean2__protein_npx__P61278,0.0207117111541992,0.0
lag1__peptide_mean__P61626,0.020710005869737924,0.0
peptide_mean__Q6UXB8,0.020698314786582732,0.0
missing__peptide_log__HGGLYHENMR,0.020663141300820958,0.0
lag1__peptide_std__P51884,0.02065345369496754,0.0
protein_npx__P23142,0.020649120874050342,0.0
delta1__peptide_log__TPVSDRVTK,0.020643748230275226,0.0
peptide_log__TDASDVKPC(UniMod_4),0.020632232103217636,0.0
lag1__peptide_count__P04075,0.02062664342361951,0.0
peptide_mean__O94919,0.020595047676348757,0.0
protein_npx__Q9NQ79,0.020574997459253987,0.0
rollmean2__peptide_count__P39060,0.020552722472868115,0.0
protein_npx__P07339,0.020523015532085298,0.0
delta1__peptide_std__Q9UBX5,0.020522977496090174,0.0
slope1__peptide_count__P00736,0.020521347145379613,0.0
peptide_log__C(UniMod_4)VDVDEC(UniMod_4)APPAEPC(UniMod_4)GK,0.020513686608625344,0.0
rollmean2__peptide_std__P04180,0.02049954002881597,0.0
peptide_log__FLATTPNSLLVSWQPPR,0.020493058378181165,0.0
delta1__peptide_count__P01857,0.02047944838705451,0.0
missing__peptide_log__LGADM(UniMod_35)EDVC(UniMod_4)GR,0.020478646438661798,0.0
delta1__peptide_log__YYWGGQYTWDMAK,0.0204742705665354,0.0
peptide_std__P02790,0.02047257053799002,0.0
peptide_mean__P19652,0.02044577858928828,0.0
peptide_log__ATVNPSAPR,0.020442294821513,0.0
rollmean2__peptide_std__P02760,0.020436526086013453,0.0
peptide_mean__Q13449,0.020424962265756578,0.0
rollmean2__peptide_std__P13987,0.02042352919222618,0.0
peptide_count__P98160,0.02041615734071476,0.0
missing__peptide_std__P98160,0.02041615734071476,0.0
rollmean2__peptide_count__P16035,0.020403905109774242,0.0
delta1__peptide_std__P39060,0.020397174860401684,0.0
missing__peptide_log__NFPPSQDASGDLYTTSSQLTLPATQC(UniMod_4)LAGK,0.020380039431868717,0.0
slope1__protein_npx__P07858,0.02035663852086645,0.0
missing__peptide_std__P16870,0.020346329946579617,0.0
peptide_mean__P04180,0.020342058538353976,0.0
missing__peptide_std__P00736,0.02033631342549687,0.0
lag1__peptide_log__GC(UniMod_4)PTEEGC(UniMod_4)GER,0.020334461443971663,0.0
lag1__peptide_count__P00450,0.020330449730068038,0.0
protein_npx__P05546,0.02032718406977946,0.0
protein_npx__P11142,0.02030924366153049,0.0
slope1__peptide_count__P04075,0.020300905027239045,0.0
slope1__protein_npx__Q14624,0.02028466027938695,0.0
rollmean2__peptide_log__AVGDKLPEC(UniMod_4)EADDGC(UniMod_4)PKPPEIAHGYVEHSVR,0.020270136073005714,0.0
protein_npx__P02774,0.020265619829778345,0.0
lag1__peptide_std__Q9UHG2,0.02022635664762305,0.0
delta1__peptide_mean__P80748,0.0202249521525422,0.0
peptide_mean__Q13740,0.020211604706519958,0.0
peptide_mean__P23142,0.020208869621411427,0.0
protein_npx__P01034,0.020187263931539138,0.0
lag1__peptide_mean__P02749,0.020157275627914327,0.0
peptide_std__P08294,0.020136909585791198,0.0
rollmean2__peptide_count__P05155,0.02012741823923616,0.0
peptide_mean__P36955,0.020032617263259316,0.0
peptide_log__MTVTDQVNC(UniMod_4)PK,0.020011829442451484,0.0
delta1__peptide_log__LGADM(UniMod_35)EDVC(UniMod_4)GR,0.0200103490504619,0.0
protein_npx__Q8NE71,0.020007887341620498,0.0
delta1__peptide_mean__P01861,0.019995115361454995,0.0
delta1__peptide_log__TTPPVLDSDGSFFLYSR,0.019995115361454995,0.0
lag1__peptide_log__KVEQAVETEPEPELR,0.019984469989623,0.0
slope1__peptide_count__O75144,0.01998015589237706,0.0
slope1__current_updrs_1,0.01996717288908304,0.0
delta1__peptide_count__P02749,0.01995303545026988,0.0
missing__peptide_std__O00584,0.01993912407821611,0.0
slope1__peptide_log__MTVTDQVNC(UniMod_4)PK,0.019922299814500718,0.0
lag1__peptide_count__P06727,0.01991955559665809,0.0
delta1__protein_npx__P10645,0.019906831005814255,0.0
lag1__peptide_mean__P51884,0.019900213335202106,0.0
lag1__months_since_baseline,0.019898948644630945,0.0
slope1__peptide_std__P02774,0.01989830858999727,0.0
missing__peptide_log__SC(UniMod_4)DTPPPC(UniMod_4)PR,0.019885608996878388,0.0
delta1__peptide_log__ELSSFIDKGQELC(UniMod_4)ADYSENTFTEYK,0.019864927512716568,0.0
delta1__protein_npx__Q16610,0.019862816886335236,0.0
delta1__protein_npx__Q14624,0.019859487321623022,0.0
protein_npx__P55290,0.019849573785146415,0.0
slope1__peptide_mean__O60888,0.019841403033979407,0.0
delta1__peptide_mean__P10451,0.019832388732825387,0.0
peptide_count__O00533,0.019827536466729294,0.0
delta1__peptide_log__RGYQLSDVDGVTC(UniMod_4)EDIDEC(UniMod_4)ALPTGGHIC(UniMod_4)SYR,0.019818988030962104,0.0
protein_npx__Q562R1,0.019811554066794506,0.0
rollmean2__peptide_log__GC(UniMod_4)PTEEGC(UniMod_4)GER,0.019798901646107328,0.0
peptide_log__VKDLATVYVDVLK,0.01977676670577994,0.0
slope1__peptide_log__HGGLYHENMR,0.019771313261680516,0.0
delta1__peptide_log__GC(UniMod_4)PTEEGC(UniMod_4)GER,0.019763553222299352,0.0
delta1__peptide_log__TKEEYGHSEVVEYYC(UniMod_4)NPR,0.01975285110906497,0.0
lag1__peptide_mean__Q02818,0.01974080083870011,0.0
lag1__peptide_mean__P06727,0.019734508330526406,0.0
protein_npx__P17936,0.019730579995922887,0.0
missing__peptide_mean__P08133,0.019723368047474814,0.0
missing__protein_npx__P08133,0.019723368047474814,0.0
missing__peptide_count__P08133,0.019723368047474814,0.0
delta1__peptide_count__P01042,0.019721829046140317,0.0
delta1__protein_npx__P04004,0.019706707136277618,0.0
delta1__peptide_count__P10909,0.019698201075039407,0.0
slope1__peptide_mean__P20933,0.019686155065202587,0.0
rollmean2__peptide_std__P08294,0.019685966257390112,0.0
peptide_log__LSSWVLLM(UniMod_35)K,0.01966103305938518,0.0
delta1__peptide_std__P18065,0.01964437400509826,0.0
slope1__peptide_std__P30086,0.01963458331878543,0.0
lag1__peptide_mean__P08697,0.019625129601371406,0.0
peptide_mean__P08123,0.019613227677059943,0.0
rollmean2__peptide_std__P23142,0.01961243460268428,0.0
peptide_std__P00738,0.019585211400151105,0.0
lag1__peptide_count__P13591,0.019583840317894636,0.0
slope1__peptide_std__P02751,0.019569981292409874,0.0
delta1__peptide_mean__O00584,0.01956366767953712,0.0
lag1__peptide_log__LIADLGSTSITNLGFR,0.01955948078980519,0.0
missing__protein_npx__P14174,0.019522650043180403,0.0
missing__peptide_mean__P14174,0.019522650043180403,0.0
missing__peptide_count__P14174,0.019522650043180403,0.0
peptide_mean__P10643,0.019518481211342115,0.0
lag1__peptide_mean__P01877,0.01950465450331279,0.0
lag1__peptide_log__C(UniMod_4)IIEVLSNALSK,0.01949987049269325,0.0
rollmean2__peptide_std__P00746,0.01949437679712238,0.0
delta1__peptide_mean__P01717,0.019480136569256415,0.0
lag1__protein_npx__P61278,0.019480033559017382,0.0
lag1__peptide_mean__P60174,0.019449404124025932,0.0
rollmean2__peptide_count__Q13740,0.019449372933229122,0.0
delta1__peptide_mean__P36980,0.01943943007535623,0.0
peptide_count__P02452,0.019425423319845956,0.0
rollmean2__peptide_count__P02790,0.019399910598715243,0.0
peptide_count__P02748,0.019392189785041404,0.0
lag1__peptide_std__P00751,0.01937555928966237,0.0
slope1__protein_npx__P00746,0.019372798619716143,0.0
slope1__protein_npx__Q16610,0.019348417459955473,0.0
rollmean2__peptide_log__HYTNPSQDVTVPC(UniMod_4)PVPPPPPC(UniMod_4)C(UniMod_4)HPR,0.01934483188028949,0.0
lag1__peptide_log__SLAELGGHLDQQVEEFRR,0.01933872989434086,0.0
delta1__peptide_std__P13591,0.019337051314942247,0.0
slope1__protein_npx__P04217,0.019320234421689265,0.0
lag1__peptide_mean__Q6UXD5,0.019319761771887222,0.0
rollmean2__peptide_mean__P43121,0.019316997168175015,0.0
lag1__protein_npx__P43251,0.019315650905579837,0.0
slope1__peptide_mean__P80748,0.019312168234383205,0.0
lag1__peptide_log__SFNRGEC(UniMod_4),0.019304423678568463,0.0
slope1__peptide_std__P54289,0.01928439631511156,0.0
peptide_std__P25311,0.01927661937787873,0.0
rollmean2__peptide_std__P00738,0.019271488738941987,0.0
slope1__peptide_count__P08697,0.019264756452776515,0.0
lag1__peptide_std__P02652,0.019242823771580566,0.0
slope1__peptide_log__C(UniMod_4)TSTGWIPAPR,0.019240913227618558,0.0
rollmean2__protein_npx__O14791,0.0192233036673569,0.0
peptide_count__P54289,0.019217332032322357,0.0
missing__peptide_count__P02792,0.01921698163388789,0.0
missing__protein_npx__P02792,0.01921698163388789,0.0
missing__peptide_mean__P02792,0.01921698163388789,0.0
rollmean2__peptide_count__P02765,0.019193395129380453,0.0
slope1__protein_npx__Q8IWV7,0.019159495396740927,0.0
missing__peptide_count__P04207,0.019150197320248977,0.0
missing__peptide_mean__P04207,0.019150197320248977,0.0
missing__protein_npx__P04207,0.019150197320248977,0.0
slope1__peptide_mean__P08123,0.019146516101700737,0.0
delta1__protein_npx__P08294,0.019135067009588735,0.0
lag1__peptide_mean__Q99829,0.019126910656110302,0.0
peptide_log__SLAELGGHLDQQVEEFRR,0.01910926441911548,0.0
delta1__protein_npx__P02765,0.01910587350190864,0.0
lag1__peptide_std__P08571,0.019101749692881632,0.0
delta1__peptide_count__P16870,0.01908814519048927,0.0
rollmean2__protein_npx__P01591,0.01908508274357451,0.0
delta1__peptide_mean__P01042,0.019077936504386165,0.0
rollmean2__protein_npx__P04156,0.019070799538406735,0.0
peptide_std__P10645,0.019068081546868215,0.0
delta1__protein_npx__P02647,0.01905840477847231,0.0
rollmean2__peptide_log__AEAQEAEDQQAR,0.019040147971852724,0.0
rollmean2__peptide_mean__Q8N2S1,0.019038137710713273,0.0
delta1__protein_npx__P19823,0.01902910394525264,0.0
peptide_log__TSAHGNVAEGETKPDPDVTER,0.019019664928875194,0.0
slope1__peptide_count__P98160,0.019015424788589527,0.0
lag1__peptide_mean__Q9UNU6,0.019009866406046304,0.0
peptide_mean__P00450,0.019008109552146043,0.0
protein_npx__O60888,0.018991074660978866,0.0
missing__protein_npx__Q9UBR2,0.018979181122341256,0.0
missing__peptide_count__Q9UBR2,0.018979181122341256,0.0
missing__peptide_mean__Q9UBR2,0.018979181122341256,0.0
delta1__peptide_mean__P13521,0.018973071272895527,0.0
delta1__peptide_mean__P11277,0.018969466369209372,0.0
delta1__peptide_count__P01859,0.018963902091137422,0.0
rollmean2__protein_npx__P43121,0.01895933652188927,0.0
delta1__protein_npx__P13611,0.01895401843852516,0.0
missing__peptide_mean__P11142,0.01895156000367298,0.0
missing__protein_npx__P11142,0.01895156000367298,0.0
missing__peptide_count__P11142,0.01895156000367298,0.0
lag1__peptide_std__Q14624,0.018944746125670174,0.0
rollmean2__peptide_mean__P07225,0.018911469080129677,0.0
delta1__protein_npx__P09104,0.01890305077648805,0.0
delta1__peptide_std__Q13740,0.018897953719737307,0.0
lag1__peptide_log__TPLGDTTHTC(UniMod_4)PR,0.01889719182025672,0.0
delta1__peptide_mean__Q96PD5,0.018894668156089617,0.0
protein_npx__Q99683,0.018873361320288495,0.0
delta1__protein_npx__Q99969,0.018863040681091462,0.0
rollmean2__protein_npx__P07195,0.018839221447598403,0.0
rollmean2__peptide_count__P54289,0.01883015041023522,0.0
protein_npx__P01877,0.018798782112216715,0.0
missing__peptide_mean__P01861,0.018791706652166004,0.0
missing__peptide_log__TTPPVLDSDGSFFLYSR,0.018791706652166004,0.0
missing__peptide_count__P01861,0.018791706652166004,0.0
missing__protein_npx__P01861,0.018791706652166004,0.0
protein_npx__P08123,0.018777404470465338,0.0
slope1__peptide_mean__P14314,0.018770473554844316,0.0
lag1__peptide_count__P25311,0.018767802319759642,0.0
rollmean2__peptide_mean__Q12805,0.018739714420806682,0.0
slope1__peptide_mean__P08571,0.018726313109721136,0.0
rollmean2__peptide_std__P20774,0.018724169721843303,0.0
delta1__peptide_mean__P04004,0.018687630249463186,0.0
lag1__peptide_log__NFPPSQDASGDLYTTSSQLTLPATQC(UniMod_4)LAGK,0.0186520045800261,0.0
delta1__protein_npx__Q96BZ4,0.018640931640144635,0.0
delta1__peptide_mean__P01621,0.018635011529058148,0.0
peptide_mean__O75144,0.01862294079673448,0.0
lag1__peptide_log__QQETAAAETETR,0.018614572522983278,0.0
delta1__peptide_std__Q9UHG2,0.018605412729607543,0.0
lag1__protein_npx__P01024,0.018602847982811744,0.0
slope1__protein_npx__P10645,0.01859929042973646,0.0
slope1__peptide_log__GSPAINVAVHVFRK,0.018588858292032072,0.0
slope1__peptide_log__LEGQEEEEDNRDSSMK,0.018583454681177454,0.0
protein_npx__Q13449,0.018583228213393654,0.0
peptide_mean__P04207,0.018580922220217344,0.0
peptide_std__P04004,0.018575541406798502,0.0
delta1__peptide_mean__O94919,0.01856028122829222,0.0
peptide_log__C(UniMod_4)SYTEDAQC(UniMod_4)IDGTIEVPK,0.01855136554373088,0.0
rollmean2__peptide_count__P02753,0.018549379149296927,0.0
delta1__peptide_log__FM(UniMod_35)ETVAEK,0.018540324182152786,0.0
slope1__protein_npx__P02765,0.018538596672987136,0.0
slope1__peptide_log__RTPITVVK,0.018525725543026634,0.0
peptide_mean__P06310,0.018524553442548733,0.0
lag1__protein_npx__P05546,0.018480154064708588,0.0
peptide_std__P01009,0.018459476402246027,0.0
peptide_std__P08571,0.018440934519186353,0.0
peptide_mean__O14498,0.018440207482439817,0.0
slope1__peptide_std__P01008,0.01843232946405858,0.0
protein_npx__P02765,0.01842016565506307,0.0
slope1__peptide_mean__Q14624,0.01839439091452494,0.0
delta1__peptide_mean__P02656,0.018391910064245842,0.0
lag1__peptide_mean__P13611,0.018389973834715252,0.0
lag1__peptide_log__C(UniMod_4)C(UniMod_4)VEC(UniMod_4)PPC(UniMod_4)PAPPVAGPSVFLFPPKPK,0.018355357485498814,0.0
slope1__protein_npx__P09871,0.018349574670078323,0.0
slope1__peptide_log__TM(UniMod_35)LLQPAGSLGSYSYR,0.01834298867894101,0.0
peptide_mean__P20774,0.018342701805907323,0.0
lag1__peptide_count__P05067,0.018332242639597405,0.0
slope1__peptide_mean__Q8IWV7,0.018331941220330536,0.0
slope1__peptide_log__ILTC(UniMod_4)M(UniMod_35)QGMEEIR,0.018331941220330536,0.0
lag1__peptide_std__P01008,0.018329344163568077,0.0
missing__peptide_std__P01877,0.01831377032448835,0.0
delta1__peptide_log__MTVTDQVNC(UniMod_4)PK,0.018302493473157395,0.0
delta1__protein_npx__P23083,0.01830018513797066,0.0
lag1__peptide_log__TVVQPSVGAAAGPVVPPC(UniMod_4)PGR,0.01824828976398769,0.0
missing__peptide_log__AEAQEAEDQQAR,0.018229893647320597,0.0
rollmean2__peptide_log__VKDLATVYVDVLK,0.01821601226722058,0.0
slope1__peptide_std__P01011,0.01821483500240653,0.0
slope1__peptide_mean__P05408,0.018196835540137242,0.0
rollmean2__peptide_mean__P02679,0.018137501985303086,0.0
slope1__protein_npx__O15394,0.018136984152542664,0.0
lag1__peptide_mean__P02655,0.018112182993077378,0.0
peptide_std__P13591,0.018105914126965526,0.0
lag1__peptide_count__P43652,0.0181047788470897,0.0
delta1__protein_npx__Q9UBR2,0.018097958384036068,0.0
lag1__protein_npx__P01857,0.018089773666791435,0.0
rollmean2__peptide_std__Q9NQ79,0.018088602709321926,0.0
delta1__peptide_log__RTPITVVK,0.01805885033438184,0.0
missing__peptide_log__LGQSLDC(UniMod_4)NAEVYVVPWEK,0.018021539112971885,0.0
missing__peptide_count__P00736,0.018010776596316058,0.0
missing__protein_npx__P00736,0.018010776596316058,0.0
missing__peptide_mean__P00736,0.018010776596316058,0.0
protein_npx__P01608,0.018003607700626936,0.0
delta1__peptide_log__VC(UniMod_4)PFAGILENGAVR,0.01799460696770479,0.0
rollmean2__peptide_mean__P06727,0.017990401191538417,0.0
slope1__peptide_mean__P36980,0.017962731412434912,0.0
delta1__peptide_log__VDSGNDVTDIADDGC(UniMod_4)PKPPEIAHGYVEHSVR,0.017945285648752113,0.0
rollmean2__peptide_count__Q12907,0.01793413727683825,0.0
slope1__protein_npx__P04275,0.017933594320919007,0.0
rollmean2__peptide_count__O00533,0.01793205000946206,0.0
slope1__peptide_count__P02753,0.017925553060364776,0.0
rollmean2__peptide_mean__P00736,0.017924809020972,0.0
lag1__peptide_count__P01834,0.017919703652598422,0.0
delta1__protein_npx__Q12907,0.017908015193195646,0.0
rollmean2__peptide_mean__P18065,0.01787475211150101,0.0
rollmean2__peptide_mean__O60888,0.01786744171042268,0.0
missing__current_updrs_4,0.01785980256937536,0.0
missing__peptide_count__P01877,0.017858136195394083,0.0
missing__protein_npx__P01877,0.017858136195394083,0.0
missing__peptide_mean__P01877,0.017858136195394083,0.0
slope1__peptide_mean__P07711,0.017847482962323392,0.0
lag1__peptide_std__P07225,0.017844599306260978,0.0
missing__peptide_std__Q92823,0.017831403351803086,0.0
protein_npx__P16035,0.017825240803063146,0.0
slope1__peptide_mean__P01717,0.01781287225335081,0.0
delta1__peptide_mean__P07195,0.017812134652904734,0.0
slope1__protein_npx__P01833,0.017809478340103338,0.0
missing__peptide_log__IHWESASLLR,0.01780743292325665,0.0
slope1__peptide_mean__P01008,0.017803037333386326,0.0
rollmean2__peptide_mean__P02760,0.017793966292344553,0.0
rollmean2__protein_npx__P01621,0.01779231758057238,0.0
slope1__peptide_std__P06727,0.017780841976691362,0.0
rollmean2__peptide_mean__P06681,0.017777838383130126,0.0
lag1__peptide_std__P00738,0.01776046346283612,0.0
protein_npx__P01591,0.01772253118066451,0.0
slope1__protein_npx__P07339,0.017717743690314307,0.0
slope1__peptide_count__P01877,0.017708562908053418,0.0
rollmean2__protein_npx__P61769,0.017699371159472396,0.0
slope1__protein_npx__Q9UBR2,0.017697844846148163,0.0
slope1__peptide_count__P09871,0.017674923833655067,0.0
slope1__protein_npx__P16035,0.017667788765924425,0.0
delta1__protein_npx__P00746,0.01766110623154392,0.0
delta1__peptide_mean__P06310,0.0176567294285207,0.0
slope1__peptide_count__P05067,0.01764888393831661,0.0
protein_npx__P07858,0.017592772858705284,0.0
delta1__peptide_std__P08294,0.017587522092839855,0.0
missing__peptide_mean__Q9NYU2,0.01758287921342317,0.0
missing__protein_npx__Q9NYU2,0.01758287921342317,0.0
missing__peptide_count__Q9NYU2,0.01758287921342317,0.0
peptide_std__P09486,0.0175819915767844,0.0
lag1__peptide_std__P04004,0.017576156767364133,0.0
slope1__peptide_mean__Q14515,0.0175553562849664,0.0
protein_npx__P01011,0.017551744420274122,0.0
rollmean2__peptide_mean__P04207,0.017520193535560374,0.0
slope1__peptide_std__P02787,0.017510232939873683,0.0
delta1__protein_npx__P07339,0.017508861297448823,0.0
rollmean2__protein_npx__P07339,0.017503304161223563,0.0
delta1__protein_npx__P01717,0.01749690597353476,0.0
lag1__peptide_log__TDASDVKPC(UniMod_4),0.01747875672515996,0.0
rollmean2__peptide_std__P02675,0.01747336603262764,0.0
rollmean2__peptide_mean__P01591,0.017471813202842943,0.0
missing__peptide_count__P13591,0.01747052315425232,0.0
missing__peptide_mean__P13591,0.01747052315425232,0.0
missing__protein_npx__P13591,0.01747052315425232,0.0
delta1__peptide_mean__Q8N2S1,0.017465821545050927,0.0
peptide_log__SFNRGEC(UniMod_4),0.01745574891237997,0.0
slope1__peptide_std__P08294,0.01745355060451001,0.0
lag1__peptide_std__P07602,0.017442609826098535,0.0
delta1__peptide_count__P06727,0.017440807575993842,0.0
lag1__peptide_log__KAADDTWEPFASGK,0.017438081358607794,0.0
lag1__peptide_std__P04433,0.017436560932014292,0.0
rollmean2__peptide_mean__Q96BZ4,0.01742594574588747,0.0
missing__peptide_std__P10643,0.017414484674594378,0.0
slope1__peptide_mean__P01023,0.017410603018719075,0.0
protein_npx__P10645,0.01741024723042691,0.0
delta1__protein_npx__P08133,0.01740694496783332,0.0
missing__peptide_log__ATVNPSAPR,0.017377794889230577,0.0
delta1__peptide_mean__Q99969,0.017376478908443384,0.0
delta1__peptide_mean__P12109,0.01737274656026091,0.0
delta1__protein_npx__P06396,0.017349251649518227,0.0
delta1__protein_npx__P60174,0.017334336662068895,0.0
rollmean2__protein_npx__Q8N2S1,0.017330803305460992,0.0
rollmean2__protein_npx__Q12841,0.017324927849131564,0.0
peptide_mean__P01042,0.01731867270582477,0.0
lag1__protein_npx__Q02818,0.017312323261364778,0.0
lag1__peptide_mean__P02753,0.017310720420046957,0.0
peptide_std__P13987,0.017291891957295875,0.0
delta1__peptide_log__LAVYQAGAR,0.01727531768870013,0.0
slope1__peptide_mean__P07602,0.017272652494319453,0.0
protein_npx__O43505,0.01725876219981901,0.0
protein_npx__Q6UX71,0.017256140279331197,0.0
delta1__peptide_count__P24592,0.017254596454744017,0.0
delta1__protein_npx__P13591,0.017254257919944872,0.0
delta1__peptide_mean__P01877,0.017243666935086097,0.0
peptide_std__P51884,0.01723741883844049,0.0
lag1__peptide_count__P16870,0.01722341074655437,0.0
slope1__peptide_log__LGQSLDC(UniMod_4)NAEVYVVPWEK,0.017220761131042452,0.0
slope1__peptide_mean__P01861,0.0172159510073517,0.0
slope1__peptide_log__TTPPVLDSDGSFFLYSR,0.0172159510073517,0.0
rollmean2__protein_npx__Q06481,0.017182691364985313,0.0
protein_npx__Q9Y6R7,0.01718068004267508,0.0
peptide_mean__P05408,0.01717939248424924,0.0
rollmean2__protein_npx__P19021,0.01716273871849739,0.0
missing__peptide_count__Q13451,0.01716020719679059,0.0
missing__protein_npx__Q13451,0.01716020719679059,0.0
missing__peptide_mean__Q13451,0.01716020719679059,0.0
rollmean2__peptide_mean__P36980,0.017154604404098675,0.0
slope1__protein_npx__P02675,0.017153647725206396,0.0
delta1__peptide_mean__P02452,0.017151611808852836,0.0
lag1__peptide_mean__P14314,0.017141200785518465,0.0
missing__peptide_mean__P60174,0.0171385036468706,0.0
missing__protein_npx__P60174,0.0171385036468706,0.0
missing__peptide_count__P60174,0.0171385036468706,0.0
delta1__peptide_count__Q08380,0.017135914586430958,0.0
rollmean2__protein_npx__P01042,0.01711009869608349,0.0
peptide_std__P43652,0.017104180588348315,0.0
peptide_mean__P04156,0.017096269635202117,0.0
delta1__peptide_mean__P16070,0.017093313814538515,0.0
protein_npx__P06310,0.017081828428190657,0.0
protein_npx__P16870,0.017081394639852067,0.0
delta1__peptide_log__TM(UniMod_35)LLQPAGSLGSYSYR,0.017066279764271497,0.0
peptide_mean__Q06481,0.017057667487920602,0.0
slope1__protein_npx__P08603,0.017049144550424992,0.0
delta1__peptide_mean__P54289,0.01704515796742026,0.0
slope1__peptide_std__P02750,0.017000781454657655,0.0
rollmean2__protein_npx__O43505,0.016999248742815547,0.0
missing__peptide_std__O75144,0.016999100320523465,0.0
delta1__protein_npx__O75326,0.01699090260879191,0.0
lag1__peptide_std__P07998,0.01698411728324642,0.0
rollmean2__peptide_mean__P41222,0.016969083287805865,0.0
delta1__peptide_mean__P05060,0.016934396067581407,0.0
rollmean2__protein_npx__P08697,0.016925715568396494,0.0
peptide_mean__Q12805,0.016924489520652605,0.0
rollmean2__protein_npx__O00391,0.016922320385967516,0.0
slope1__protein_npx__O60888,0.016912890168747228,0.0
delta1__peptide_mean__P06727,0.01688942987817209,0.0
lag1__protein_npx__Q9UNU6,0.016888519659901905,0.0
peptide_std__Q14515,0.0168865585725611,0.0
peptide_std__P09871,0.016883297731387,0.0
lag1__protein_npx__P00738,0.016881308970879392,0.0
slope1__peptide_mean__P14618,0.016880551910216018,0.0
rollmean2__peptide_mean__O75144,0.01686769978746843,0.0
protein_npx__P01042,0.016867566581366598,0.0
missing__protein_npx__P01780,0.016864184052797087,0.0
missing__peptide_mean__P01780,0.016864184052797087,0.0
missing__peptide_count__P01780,0.016864184052797087,0.0
rollmean2__peptide_count__P05546,0.016840845775076364,0.0
missing__peptide_count__Q562R1,0.0168247498885573,0.0
missing__peptide_mean__Q562R1,0.0168247498885573,0.0
missing__protein_npx__Q562R1,0.0168247498885573,0.0
delta1__peptide_mean__P02763,0.016816604170396494,0.0
rollmean2__peptide_std__P05060,0.016816276291422776,0.0
delta1__peptide_count__P00736,0.016808740965547332,0.0
rollmean2__protein_npx__P02647,0.016795870524301326,0.0
lag1__peptide_std__P23142,0.016793840102456697,0.0
rollmean2__peptide_std__Q9UHG2,0.016787478694004567,0.0
protein_npx__Q02818,0.016787093466907453,0.0
lag1__peptide_count__P09871,0.016786634866841177,0.0
peptide_count__P01011,0.016783578227715264,0.0
peptide_count__P20774,0.016776857926499605,0.0
protein_npx__O14498,0.01676711464013331,0.0
lag1__protein_npx__Q9NQ79,0.016758260093444114,0.0
peptide_mean__Q6UX71,0.016755945976918398,0.0
missing__protein_npx__P19827,0.01674580215876326,0.0
missing__peptide_count__P19827,0.01674580215876326,0.0
missing__peptide_mean__P19827,0.01674580215876326,0.0
peptide_log__VTLTC(UniMod_4)VAPLSGVDFQLR,0.016739813283976855,0.0
delta1__protein_npx__P08697,0.016739118737373295,0.0
peptide_count__P08697,0.01673422493928225,0.0
peptide_count__P14618,0.0167292055430235,0.0
delta1__peptide_mean__P01608,0.016727904924139402,0.0
protein_npx__P04275,0.016721025993388275,0.0
slope1__peptide_std__Q14624,0.01671415449605515,0.0
missing__peptide_count__P02452,0.016706307967968816,0.0
missing__protein_npx__P02452,0.016706307967968816,0.0
missing__peptide_mean__P02452,0.016706307967968816,0.0
slope1__peptide_std__Q92823,0.01669842888141416,0.0
rollmean2__peptide_mean__Q13332,0.01669554400509401,0.0
lag1__protein_npx__P05156,0.016691434535493307,0.0
lag1__peptide_count__P02765,0.016682376404812727,0.0
rollmean2__peptide_mean__P08253,0.016680915150034947,0.0
missing__peptide_log__ILLQGTPVAQMTEDAVDAER,0.016676106265392995,0.0
rollmean2__protein_npx__P16870,0.016673471649611606,0.0
peptide_mean__P02790,0.016646925578776145,0.0
rollmean2__protein_npx__P08294,0.01663139788918969,0.0
peptide_count__P08294,0.016625873270968688,0.0
rollmean2__peptide_log__LPPTSAHGNVAEGETKPDPDVTER,0.016620005182043082,0.0
rollmean2__peptide_log__RGYQLSDVDGVTC(UniMod_4)EDIDEC(UniMod_4)ALPTGGHIC(UniMod_4)SYR,0.016618174679564102,0.0
missing__peptide_log__VYC(UniMod_4)DMNTENGGWTVIQNR,0.016608935019262697,0.0
delta1__peptide_mean__P13987,0.01659836734793713,0.0
rollmean2__peptide_log__KFPSGTFEQVSQLVK,0.01659131131527059,0.0
missing__peptide_std__P02748,0.016590714518607465,0.0
rollmean2__peptide_log__TPLGDTTHTC(UniMod_4)PR,0.016586906474302446,0.0
delta1__peptide_count__Q16270,0.01658088641351329,0.0
rollmean2__protein_npx__P60174,0.01657704200864753,0.0
lag1__peptide_mean__P04196,0.016568148140329142,0.0
lag1__peptide_count__P04004,0.016561577171566113,0.0
rollmean2__peptide_std__P01042,0.01655886000952585,0.0
slope1__peptide_mean__P07858,0.016554076169843005,0.0
rollmean2__protein_npx__O15394,0.016550574327902055,0.0
lag1__peptide_std__P01024,0.016540084512600802,0.0
lag1__peptide_std__P16070,0.01653677211896788,0.0
slope1__protein_npx__O75326,0.01653523682072039,0.0
delta1__peptide_log__TDASDVKPC(UniMod_4),0.016528302170490564,0.0
slope1__peptide_mean__P02656,0.016528247621779592,0.0
lag1__peptide_log__EILSVDC(UniMod_4)STNNPSQAK,0.016515417593490636,0.0
missing__protein_npx__Q9UBX5,0.01650797603581897,0.0
missing__peptide_mean__Q9UBX5,0.01650797603581897,0.0
missing__peptide_count__Q9UBX5,0.01650797603581897,0.0
delta1__peptide_log__VTLTC(UniMod_4)VAPLSGVDFQLR,0.016502729033961504,0.0
delta1__protein_npx__P19827,0.0165002719473248,0.0
delta1__peptide_mean__P11142,0.016491010295806026,0.0
rollmean2__peptide_mean__Q96KN2,0.01648014335577501,0.0
slope1__peptide_mean__P01608,0.016456867570535747,0.0
rollmean2__peptide_count__P01834,0.016454015446332054,0.0
delta1__peptide_std__P13987,0.016447379625337395,0.0
missing__protein_npx__O00391,0.016442270894169667,0.0
missing__peptide_count__O00391,0.016442270894169667,0.0
missing__peptide_mean__O00391,0.016442270894169667,0.0
slope1__peptide_mean__P05067,0.016440989847119714,0.0
delta1__peptide_count__P02763,0.016435999776366166,0.0
slope1__peptide_mean__P01033,0.016418384812679286,0.0
protein_npx__P04207,0.016413342480300186,0.0
rollmean2__peptide_std__P01008,0.016413171964864953,0.0
slope1__protein_npx__P80748,0.01640730492585739,0.0
slope1__peptide_mean__Q96S96,0.016406352874043205,0.0
rollmean2__peptide_mean__P01857,0.016391021522202585,0.0
missing__peptide_count__Q6UXD5,0.0163893698373647,0.0
missing__peptide_mean__Q6UXD5,0.0163893698373647,0.0
missing__protein_npx__Q6UXD5,0.0163893698373647,0.0
delta1__peptide_std__P51884,0.016387962324658376,0.0
rollmean2__peptide_std__O15394,0.016384861658784118,0.0
peptide_std__P01034,0.016368664598843428,0.0
lag1__protein_npx__P27169,0.016365223663682833,0.0
rollmean2__protein_npx__P11142,0.016356999582291264,0.0
slope1__peptide_std__P39060,0.01634399115308894,0.0
rollmean2__peptide_log__LRTEGDGVYTLNNEKQWINK,0.016341387532559554,0.0
delta1__peptide_mean__P00747,0.016335139960821206,0.0
peptide_mean__P02748,0.01632003293413228,0.0
rollmean2__peptide_log__VTLTC(UniMod_4)VAPLSGVDFQLR,0.016311311817929317,0.0
peptide_mean__P04275,0.016304161146703366,0.0
slope1__peptide_std__P04433,0.01630109490028136,0.0
delta1__peptide_count__P39060,0.016287472676058914,0.0
delta1__peptide_mean__P02679,0.016273588124245755,0.0
delta1__peptide_count__P36222,0.01625325713150894,0.0
missing__peptide_log__C(UniMod_4)DSSPDSAEDVRK,0.016252368444207636,0.0
slope1__peptide_mean__P04196,0.016250061425755503,0.0
lag1__peptide_std__P02679,0.01624501491430119,0.0
delta1__protein_npx__Q9NQ79,0.016236253194834554,0.0
lag1__peptide_count__P00746,0.016232717819978832,0.0
rollmean2__peptide_mean__P02652,0.01623152177558248,0.0
delta1__peptide_log__C(UniMod_4)TSTGWIPAPR,0.016207815473144198,0.0
delta1__peptide_count__P14314,0.016195636250813352,0.0
delta1__protein_npx__P07858,0.016189628804882936,0.0
slope1__current_medication_unknown,0.016187956552128728,0.0
rollmean2__peptide_log__LGQSLDC(UniMod_4)NAEVYVVPWEK,0.016187615728911493,0.0
slope1__peptide_std__O14773,0.01617892603481261,0.0
delta1__peptide_count__P06681,0.01617393201489173,0.0
lag1__peptide_log__YVMLPVADQDQC(UniMod_4)IR,0.016173482708951022,0.0
missing__peptide_log__LSNENHGIAQR,0.016167950323689062,0.0
rollmean2__peptide_count__P00450,0.01615798233652594,0.0
rollmean2__protein_npx__P02774,0.01615514615912514,0.0
lag1__peptide_std__P01011,0.016141952555093885,0.0
slope1__peptide_mean__O15394,0.016135665528393354,0.0
rollmean2__peptide_count__P14618,0.01613080505926207,0.0
rollmean2__peptide_std__P02768,0.016113592843003854,0.0
rollmean2__peptide_mean__Q13449,0.01611134704835591,0.0
protein_npx__Q99832,0.01610990027021302,0.0
lag1__peptide_mean__P06681,0.016105229807336873,0.0
protein_npx__P01344,0.016102602049900095,0.0
slope1__peptide_std__P07339,0.016102221572049647,0.0
lag1__peptide_count__P07711,0.016083507488703755,0.0
delta1__peptide_std__P05090,0.016056487897934936,0.0
delta1__peptide_std__P14314,0.016036403344275404,0.0
delta1__peptide_mean__P08637,0.01603137403290181,0.0
slope1__peptide_std__P02768,0.016031211707711247,0.0
slope1__peptide_mean__P04217,0.01602910673831215,0.0
peptide_count__P04180,0.01602247894008346,0.0
lag1__peptide_std__P08493,0.016020992251783033,0.0
lag1__peptide_mean__P10645,0.016012261130072376,0.0
rollmean2__peptide_log__ELSSFIDKGQELC(UniMod_4)ADYSENTFTEYK,0.016011837648312013,0.0
peptide_count__P01023,0.016006873073302567,0.0
peptide_count__P05155,0.016005681668062367,0.0
missing__peptide_count__P08123,0.016000796205372453,0.0
missing__peptide_mean__P08123,0.016000796205372453,0.0
missing__protein_npx__P08123,0.016000796205372453,0.0
slope1__peptide_count__Q6UXB8,0.01599884731906525,0.0
delta1__protein_npx__P80748,0.015997369084478567,0.0
slope1__peptide_log__ADDKETC(UniMod_4)FAEEGK,0.01599538522113759,0.0
protein_npx__P09486,0.01599103157166764,0.0
delta1__peptide_mean__P60174,0.01598505002800051,0.0
peptide_log__DLATVYVDVLK,0.015979449256190662,0.0
peptide_mean__Q9UKV8,0.015967749356721007,0.0
peptide_mean__P41222,0.01596317764700282,0.0
delta1__peptide_mean__P07333,0.01595174527098762,0.0
slope1__peptide_std__P00450,0.015935680461482728,0.0
delta1__peptide_mean__P61769,0.015924948367601933,0.0
peptide_mean__P54289,0.015915737906269954,0.0
lag1__protein_npx__P36222,0.015905442514577667,0.0
peptide_std__P02749,0.015904326670899735,0.0
lag1__peptide_count__P27169,0.015899799324075804,0.0
slope1__protein_npx__P01717,0.015896823136278045,0.0
lag1__protein_npx__P43121,0.01589536166569585,0.0
slope1__peptide_mean__P60174,0.015890798589106116,0.0
lag1__protein_npx__P06727,0.01588880266923143,0.0
missing__peptide_log__VQPYLDDFQKK,0.015883645843376516,0.0
lag1__peptide_log__LPPTSAHGNVAEGETKPDPDVTER,0.015874120922258476,0.0
slope1__peptide_std__P18065,0.015870749598797074,0.0
protein_npx__P00747,0.01586550776479564,0.0
slope1__peptide_mean__P01876,0.015860800855818195,0.0
rollmean2__peptide_std__P41222,0.01584982940031897,0.0
slope1__peptide_mean__P23142,0.015847576261125675,0.0
lag1__peptide_mean__P05155,0.015837967235305457,0.0
rollmean2__protein_npx__P40925,0.015831934377076928,0.0
slope1__protein_npx__P08294,0.01582759041705609,0.0
delta1__peptide_mean__Q16270,0.015826289833530575,0.0
delta1__protein_npx__Q6UXD5,0.015825650710262377,0.0
rollmean2__peptide_std__Q14118,0.01581881938268032,0.0
delta1__peptide_count__P04075,0.015805352810505983,0.0
peptide_std__P17174,0.01580343013205235,0.0
peptide_count__P19652,0.015797614376225916,0.0
peptide_log__SWFEPLVEDM(UniMod_35)QR,0.015782576192212617,0.0
rollmean2__peptide_mean__Q6UXB8,0.015781865946263313,0.0
slope1__protein_npx__P01876,0.015780503420165806,0.0
lag1__peptide_mean__P05067,0.015774496702273388,0.0
lag1__peptide_log__C(UniMod_4)KPVNTFVHEPLVDVQNVC(UniMod_4)FQEK,0.015774238883494288,0.0
slope1__peptide_log__ATVNPSAPR,0.015773531822697317,0.0
delta1__peptide_std__Q14624,0.015771283833230527,0.0
lag1__current_medication_on,0.01576378726026629,0.0
lag1__peptide_mean__P02452,0.015739986939789303,0.0
slope1__peptide_count__P30086,0.015737956002402503,0.0
lag1__peptide_mean__P36222,0.01573723978196056,0.0
slope1__peptide_mean__P14174,0.015723714916850245,0.0
delta1__peptide_count__P04004,0.01571763733478182,0.0
rollmean2__peptide_std__P24592,0.015716964020118022,0.0
delta1__peptide_mean__Q96BZ4,0.015713612170404363,0.0
rollmean2__peptide_mean__Q13283,0.01570709517900648,0.0
delta1__peptide_log__ADDKETC(UniMod_4)FAEEGK,0.01569074352853556,0.0
peptide_std__P05067,0.01568985599639527,0.0
delta1__protein_npx__Q8IWV7,0.015689515563401504,0.0
peptide_log__LGQSLDC(UniMod_4)NAEVYVVPWEK,0.01568284327729057,0.0
rollmean2__peptide_mean__P14618,0.015648405837204445,0.0
lag1__peptide_log__TPVSDRVTK,0.01562841321238651,0.0
lag1__protein_npx__P16152,0.015622223085856249,0.0
lag1__peptide_std__P02748,0.015620656012141621,0.0
slope1__peptide_count__P02763,0.015617796911709406,0.0
lag1__peptide_mean__P23142,0.015614555363345453,0.0
delta1__peptide_mean__P08133,0.015601988120994467,0.0
slope1__protein_npx__P01621,0.015595988587887636,0.0
protein_npx__P61769,0.015594965553266353,0.0
delta1__protein_npx__Q9UNU6,0.015594500942503359,0.0
lag1__peptide_log__YYWGGQYTWDMAK,0.015578965960794968,0.0
rollmean2__protein_npx__P12109,0.015565835186152743,0.0
missing__peptide_std__P14618,0.015557899404441595,0.0
rollmean2__peptide_log__ADDKETC(UniMod_4)FAEEGK,0.01554780995122827,0.0
delta1__peptide_mean__P30086,0.015540517164414262,0.0
protein_npx__Q8N2S1,0.015538485692005716,0.0
rollmean2__peptide_std__P02452,0.015514185966918457,0.0
slope1__peptide_count__P05546,0.015505953778526352,0.0
slope1__peptide_count__P00738,0.015480582554090945,0.0
slope1__peptide_mean__P01034,0.015476384553718029,0.0
slope1__peptide_count__P01860,0.015473561887456504,0.0
delta1__protein_npx__Q13449,0.01546130296557694,0.0
lag1__peptide_mean__P05546,0.015456596465031176,0.0
protein_npx__Q99969,0.015452712474700819,0.0
missing__peptide_log__HYEGSTVPEK,0.015450455495328513,0.0
slope1__peptide_std__P25311,0.015449859294913156,0.0
slope1__peptide_mean__P07225,0.015446396582857614,0.0
protein_npx__P01717,0.015441445608929594,0.0
peptide_log__TSPVDEKALQDQLVLVAAK,0.015429555240340492,0.0
lag1__peptide_std__P10643,0.01542791506268964,0.0
peptide_log__SEALAVDGAGKPGAEEAQDPEGK,0.015424426267334994,0.0
slope1__protein_npx__Q99969,0.015420677387306285,0.0
lag1__protein_npx__Q16270,0.015415824128403066,0.0
lag1__peptide_mean__P01033,0.015408882515663339,0.0
peptide_log__LRTEGDGVYTLNNEKQWINK,0.015407411461360983,0.0
slope1__protein_npx__P04207,0.01540615317731743,0.0
slope1__peptide_log__C(UniMod_4)RDQLPYIC(UniMod_4)QFGIV,0.0154023541895238,0.0
rollmean2__protein_npx__Q9NQ79,0.015400302046158342,0.0
protein_npx__P02790,0.015397436405044818,0.0
lag1__protein_npx__P19823,0.015395982937572364,0.0
delta1__peptide_std__P05546,0.015390325895587472,0.0
peptide_mean__Q14624,0.015386953944976316,0.0
slope1__peptide_mean__O94919,0.015386692711353534,0.0
rollmean2__peptide_std__Q06481,0.015376915461998545,0.0
lag1__protein_npx__P02765,0.015376135359320874,0.0
delta1__peptide_count__P09871,0.015361405072192667,0.0
peptide_log__LPPTSAHGNVAEGETKPDPDVTER,0.015352009458825007,0.0
slope1__peptide_count__P01023,0.015346709448704723,0.0
delta1__peptide_mean__Q8IWV7,0.015341664088100034,0.0
delta1__peptide_log__ILTC(UniMod_4)M(UniMod_35)QGMEEIR,0.015341664088100034,0.0
peptide_mean__Q8NE71,0.015335711328798629,0.0
delta1__protein_npx__Q9Y6R7,0.015328486922239714,0.0
lag1__peptide_count__P01877,0.01532497741696145,0.0
peptide_log__ANRPFLVFIR,0.015309446535891051,0.0
protein_npx__P07195,0.01530780988382578,0.0
peptide_std__P01011,0.015300669656970484,0.0
peptide_mean__P08493,0.015293593160642827,0.0
lag1__peptide_log__HGGLYHENMR,0.015291582890647557,0.0
rollmean2__peptide_log__DLATVYVDVLK,0.015290185924756028,0.0
missing__peptide_mean__Q13332,0.015288102815266002,0.0
missing__peptide_count__Q13332,0.015288102815266002,0.0
missing__protein_npx__Q13332,0.015288102815266002,0.0
slope1__peptide_mean__Q562R1,0.015279092980176389,0.0
lag1__peptide_count__Q14118,0.01527867097668894,0.0
rollmean2__protein_npx__P01859,0.015274858374433905,0.0
peptide_mean__P00736,0.015274447759519152,0.0
lag1__protein_npx__P13671,0.015266690993408013,0.0
rollmean2__peptide_mean__P61278,0.015265667952856499,0.0
rollmean2__peptide_log__SLAAAAGKQELAK,0.015265667952856499,0.0
slope1__peptide_count__O00533,0.015265591425527676,0.0
lag1__peptide_std__Q12907,0.015262774413247566,0.0
lag1__peptide_mean__P04075,0.015260325922010867,0.0
delta1__peptide_std__P01023,0.015257378650788429,0.0
peptide_count__P00734,0.015250893065997107,0.0
missing__peptide_mean__P61626,0.015250623576036935,0.0
missing__peptide_count__P61626,0.015250623576036935,0.0
missing__protein_npx__P61626,0.015250623576036935,0.0
peptide_mean__P20933,0.015249207376902125,0.0
delta1__peptide_count__P01011,0.015236596264568277,0.0
delta1__peptide_std__P02749,0.015232706798000109,0.0
peptide_mean__P02763,0.015220231448924142,0.0
rollmean2__peptide_mean__P04275,0.015202418758021273,0.0
delta1__peptide_log__MASGAANVVGPK,0.015195682748645542,0.0
rollmean2__peptide_count__P14314,0.015163573893511775,0.0
rollmean2__peptide_mean__P35542,0.01515747348809932,0.0
delta1__protein_npx__P08493,0.01515313388683218,0.0
rollmean2__peptide_mean__Q7Z5P9,0.0151506051354741,0.0
slope1__peptide_mean__P13521,0.015144074694742082,0.0
lag1__peptide_log__TSAHGNVAEGETKPDPDVTER,0.015138999511518463,0.0
missing__peptide_count__P49908,0.015134023795280614,0.0
missing__protein_npx__P49908,0.015134023795280614,0.0
missing__peptide_mean__P49908,0.015134023795280614,0.0
lag1__peptide_count__P30086,0.015130385214789242,0.0
peptide_mean__Q7Z5P9,0.015110609568504883,0.0
delta1__peptide_std__O00533,0.015108537587563267,0.0
rollmean2__peptide_count__P10643,0.01510097304242301,0.0
rollmean2__protein_npx__P01034,0.015094817270085457,0.0
rollmean2__peptide_std__P16070,0.015083057949108112,0.0
missing__peptide_std__P02652,0.015071356558806556,0.0
rollmean2__peptide_mean__Q12907,0.01507131573996545,0.0
rollmean2__peptide_mean__P00450,0.015066780749135816,0.0
lag1__peptide_log__LSKELQAAQAR,0.015063328556427386,0.0
delta1__peptide_mean__Q9UNU6,0.015061762402399398,0.0
missing__peptide_std__P61916,0.015058065200005164,0.0
slope1__peptide_mean__Q92823,0.015049596690949267,0.0
protein_npx__P02766,0.015025969254556295,0.0
peptide_count__P05067,0.015021378123795835,0.0
rollmean2__peptide_mean__P01621,0.015020937681601192,0.0
delta1__peptide_log__QIGSVYR,0.015014172124253792,0.0
lag1__protein_npx__P01834,0.015008629053566518,0.0
delta1__protein_npx__P07333,0.01500455865428038,0.0
peptide_mean__Q99435,0.014993789546716936,0.0
peptide_std__P02774,0.014984003339726099,0.0
lag1__peptide_count__P02748,0.014971940199557294,0.0
peptide_std__P16035,0.014967050511709674,0.0
missing__peptide_count__Q13449,0.014955406644040166,0.0
missing__peptide_mean__Q13449,0.014955406644040166,0.0
missing__protein_npx__Q13449,0.014955406644040166,0.0
rollmean2__peptide_count__P19652,0.014953659084576205,0.0
missing__peptide_std__P27169,0.014948568398285197,0.0
slope1__peptide_count__P02765,0.014935014102617414,0.0
slope1__peptide_log__AATVGSLAGQPLQER,0.014933524992490146,0.0
rollmean2__peptide_count__Q96PD5,0.014925712249653715,0.0
rollmean2__peptide_mean__P05156,0.014905336799112934,0.0
lag1__protein_npx__Q99683,0.014904740404421218,0.0
lag1__peptide_mean__P05408,0.014889234738398906,0.0
peptide_mean__Q13283,0.014883009217180294,0.0
rollmean2__protein_npx__P16035,0.014876355345927626,0.0
missing__peptide_count__P13671,0.01486968565424145,0.0
missing__peptide_mean__P13671,0.01486968565424145,0.0
missing__protein_npx__P13671,0.01486968565424145,0.0
lag1__peptide_std__P00441,0.014866851180573088,0.0
delta1__peptide_log__SFNRGEC(UniMod_4),0.014845900742357667,0.0
peptide_mean__Q8N2S1,0.014830436007819728,0.0
delta1__peptide_std__Q08380,0.014826562525119866,0.0
delta1__peptide_mean__O14498,0.014824076469336906,0.0
delta1__current_medication_unknown,0.01481363424309006,0.0
peptide_mean__P01033,0.014806604476632698,0.0
lag1__peptide_std__P19823,0.014804921562825934,0.0
peptide_std__P02748,0.014802850246833412,0.0
slope1__peptide_log__RGYQLSDVDGVTC(UniMod_4)EDIDEC(UniMod_4)ALPTGGHIC(UniMod_4)SYR,0.014800478028192378,0.0
lag1__peptide_count__P14314,0.014797970711730436,0.0
delta1__peptide_count__Q16610,0.014796838700941489,0.0
protein_npx__P01033,0.01479636727133319,0.0
slope1__peptide_mean__P04180,0.014789583559186857,0.0
delta1__peptide_mean__P43652,0.014781886275652452,0.0
delta1__peptide_std__P02652,0.014781595674129414,0.0
delta1__peptide_log__YIVSGTPTFVPYLIK,0.014771640972072772,0.0
rollmean2__protein_npx__P04207,0.014768788068973155,0.0
rollmean2__peptide_std__P07998,0.01476722801705753,0.0
protein_npx__P20933,0.01475554688993719,0.0
slope1__protein_npx__P43121,0.014748760735671499,0.0
lag1__peptide_mean__P07339,0.014748687928716551,0.0
protein_npx__P01876,0.014746836301181161,0.0
lag1__protein_npx__O75326,0.014744051768300051,0.0
peptide_std__O94919,0.014741660432059095,0.0
rollmean2__peptide_std__P00736,0.014732422488018442,0.0
lag1__peptide_std__O75144,0.014731821969144908,0.0
peptide_count__P02765,0.01472889653627604,0.0
slope1__peptide_mean__Q9UKV8,0.014713481827883382,0.0
missing__peptide_count__Q8NE71,0.014700976975588287,0.0
missing__peptide_mean__Q8NE71,0.014700976975588287,0.0
missing__protein_npx__Q8NE71,0.014700976975588287,0.0
peptide_std__P98160,0.014699223532590226,0.0
missing__peptide_log__ALGISPFHEHAEVVFTANDSGPR,0.014690275940672425,0.0
rollmean2__peptide_log__SSQGGSLPSEEK,0.014683129377821805,0.0
rollmean2__peptide_mean__P04406,0.014681255106812723,0.0
rollmean2__peptide_count__P02750,0.014680000993370143,0.0
slope1__peptide_log__LSSWVLLM(UniMod_35)K,0.014678956579243644,0.0
lag1__peptide_mean__P02766,0.01467669859546982,0.0
rollmean2__peptide_std__P02787,0.014661390515016985,0.0
delta1__peptide_log__VDNALQSGNSQESVTEQDSKDSTYSLSSTLTLSK,0.014612858202248924,0.0
lag1__protein_npx__P49588,0.014601269509647729,0.0
delta1__peptide_mean__P23142,0.014595092351440714,0.0
delta1__peptide_log__LGQSLDC(UniMod_4)NAEVYVVPWEK,0.014594093366386151,0.0
rollmean2__protein_npx__P01860,0.014583156325971385,0.0
delta1__peptide_std__P02679,0.014572937581314616,0.0
delta1__peptide_std__P02774,0.014559554217573116,0.0
missing__peptide_std__P20774,0.014559374444470578,0.0
lag1__protein_npx__P11142,0.014517980804374463,0.0
peptide_std__O00533,0.014516067775878312,0.0
slope1__peptide_log__RLEGQEEEEDNRDSSMK,0.01449887795150187,0.0
delta1__peptide_std__P02768,0.014497411461324545,0.0
protein_npx__P13591,0.014484694437029485,0.0
slope1__peptide_mean__P02452,0.014474514638276502,0.0
rollmean2__peptide_log__TSPVDEKALQDQLVLVAAK,0.014470931696982893,0.0
slope1__peptide_count__P05155,0.014453595734696636,0.0
rollmean2__protein_npx__P10643,0.014452934112930116,0.0
peptide_log__SGELEQEEER,0.014449235297457624,0.0
lag1__peptide_log__C(UniMod_4)SYTEDAQC(UniMod_4)IDGTIEVPK,0.01444363210208193,0.0
slope1__peptide_mean__P00450,0.01444073552851682,0.0
delta1__peptide_std__P24592,0.0144391705901562,0.0
slope1__protein_npx__O14773,0.01443795783489055,0.0
delta1__peptide_std__Q6UXB8,0.014412294949850614,0.0
rollmean2__protein_npx__Q9UKV8,0.014407932406042576,0.0
lag1__peptide_log__ELSSFIDKGQELC(UniMod_4)ADYSENTFTEYK,0.014387662553203557,0.0
rollmean2__protein_npx__P07711,0.0143851131370416,0.0
lag1__protein_npx__P36980,0.014380253198197222,0.0
slope1__peptide_count__P51884,0.014365539838418585,0.0
rollmean2__protein_npx__P09486,0.014359479161936264,0.0
missing__peptide_std__P00748,0.01435134567697006,0.0
delta1__protein_npx__P05155,0.0143456106409354,0.0
delta1__peptide_count__P00441,0.014336533871101186,0.0
lag1__peptide_count__P10909,0.014330233810748539,0.0
delta1__protein_npx__P01024,0.014316301916852573,0.0
lag1__peptide_std__P02452,0.014316018210757482,0.0
slope1__peptide_count__P04433,0.014311121245189528,0.0
peptide_count__P05156,0.014286702480914971,0.0
delta1__peptide_mean__P13671,0.014286648269228364,0.0
missing__peptide_count__P31997,0.014274541552936214,0.0
missing__protein_npx__P31997,0.014274541552936214,0.0
missing__peptide_mean__P31997,0.014274541552936214,0.0
rollmean2__peptide_mean__Q99435,0.01423894450940123,0.0
rollmean2__peptide_std__P36222,0.014236457322255973,0.0
rollmean2__peptide_mean__P00734,0.014203380777739135,0.0
protein_npx__P04180,0.014199590633075646,0.0
slope1__peptide_count__P16070,0.014198735804535564,0.0
slope1__peptide_std__P00748,0.014189782813130273,0.0
protein_npx__P19823,0.014184997260264516,0.0
delta1__peptide_count__P12109,0.014184706584795636,0.0
rollmean2__peptide_std__P01034,0.014183664673005298,0.0
protein_npx__Q9NYU2,0.01417764584750027,0.0
lag1__peptide_mean__Q96BZ4,0.014164367645413563,0.0
delta1__peptide_mean__Q9NQ79,0.014163853675351019,0.0
peptide_std__Q14118,0.014162302681743517,0.0
delta1__peptide_count__P04433,0.014154468843739847,0.0
peptide_std__Q12907,0.014141190170498375,0.0
delta1__protein_npx__P02748,0.014139747012256695,0.0
delta1__protein_npx__P02760,0.014134041403712154,0.0
rollmean2__peptide_std__Q14515,0.014124004247532776,0.0
slope1__protein_npx__P01857,0.014123667082704133,0.0
peptide_mean__P39060,0.014120605194515188,0.0
slope1__peptide_std__P00736,0.014111742788939856,0.0
peptide_log__C(UniMod_4)KPVNTFVHEPLVDVQNVC(UniMod_4)FQEK,0.014104118425156919,0.0
delta1__protein_npx__O60888,0.014095469498088806,0.0
missing__peptide_mean__P30086,0.014092312822205159,0.0
missing__peptide_count__P30086,0.014092312822205159,0.0
missing__protein_npx__P30086,0.014092312822205159,0.0
slope1__peptide_mean__P02750,0.014087353726652586,0.0
rollmean2__peptide_mean__P17936,0.014077892686286547,0.0
delta1__peptide_mean__P02748,0.014075287263736186,0.0
delta1__peptide_log__AVGDKLPEC(UniMod_4)EADDGC(UniMod_4)PKPPEIAHGYVEHSVR,0.014068592259853912,0.0
delta1__peptide_std__P04180,0.014061284761853116,0.0
rollmean2__protein_npx__P01344,0.014058725177679941,0.0
rollmean2__peptide_mean__O00391,0.014042994311614395,0.0
rollmean2__protein_npx__P08571,0.014041945761858736,0.0
lag1__visit_index,0.01403608848627547,0.0
slope1__peptide_mean__O00391,0.014024698968625087,0.0
delta1__peptide_std__O15394,0.014009095887790892,0.0
delta1__protein_npx__P01833,0.01400835050891614,0.0
peptide_count__P00748,0.014002635941153285,0.0
peptide_count__Q14515,0.013997258042071348,0.0
peptide_count__P10909,0.013990553951518348,0.0
slope1__peptide_mean__P13671,0.013990419756701195,0.0
lag1__peptide_count__P36955,0.013986298217214027,0.0
lag1__peptide_log__QNC(UniMod_4)ELFEQLGEYK,0.013983687450738852,0.0
delta1__protein_npx__P61626,0.013976573828199414,0.0
delta1__peptide_mean__P04217,0.013969965452831839,0.0
peptide_log__C(UniMod_4)RDQLPYIC(UniMod_4)QFGIV,0.013962746931655319,0.0
slope1__peptide_count__P00734,0.013951282599215149,0.0
slope1__peptide_std__P01860,0.013951248552011181,0.0
delta1__peptide_log__LVGGPM(UniMod_35)DASVEEEGVRR,0.01394685022953209,0.0
rollmean2__peptide_log__SWFEPLVEDM(UniMod_35)QR,0.013944931975901008,0.0
slope1__peptide_mean__P01621,0.01393016475719949,0.0
rollmean2__peptide_std__P12109,0.013929015511781133,0.0
rollmean2__protein_npx__Q9NYU2,0.01391675513584032,0.0
peptide_mean__P49588,0.013904773850627938,0.0
peptide_log__YVM(UniMod_35)LPVADQDQC(UniMod_4)IR,0.013892474442173548,0.0
slope1__peptide_mean__P06310,0.013871360595877786,0.0
slope1__peptide_count__P01011,0.013868097692669022,0.0
delta1__peptide_std__P05067,0.01386595855257815,0.0
lag1__peptide_std__P04196,0.013860161402138851,0.0
slope1__protein_npx__O00391,0.013830302320548214,0.0
rollmean2__peptide_log__ILLQGTPVAQMTEDAVDAER,0.013821582125793925,0.0
delta1__peptide_log__SEALAVDGAGKPGAEEAQDPEGK,0.013821480616530293,0.0
delta1__peptide_log__MYYSAVDPTKDIFTGLIGPM(UniMod_35)K,0.013812974767670435,0.0
slope1__peptide_log__VQPYLDDFQKK,0.013791608819982515,0.0
slope1__protein_npx__P01033,0.013790612258580446,0.0
lag1__peptide_mean__P02675,0.013787668283025474,0.0
lag1__peptide_mean__P19823,0.013786881231221524,0.0
delta1__protein_npx__P04217,0.013775292745510467,0.0
lag1__peptide_mean__P01857,0.013773577076833956,0.0
rollmean2__peptide_std__P02671,0.013773339184070926,0.0
rollmean2__peptide_log__M(UniMod_35)YLGYEYVTAIR,0.01377024315876489,0.0
slope1__protein_npx__Q562R1,0.01376790571457487,0.0
protein_npx__P01859,0.013765774555834468,0.0
slope1__peptide_std__P02790,0.013762060005649905,0.0
protein_npx__Q96S96,0.013760232952114907,0.0
slope1__peptide_std__P09486,0.013758074006423917,0.0
slope1__peptide_std__P01042,0.013753089432822984,0.0
delta1__protein_npx__P24592,0.013739946129385516,0.0
lag1__protein_npx__O60888,0.013706989419499483,0.0
peptide_mean__P14174,0.013701760591316404,0.0
lag1__protein_npx__P04156,0.01369593450244948,0.0
peptide_std__P08493,0.013690731674418253,0.0
lag1__protein_npx__P01876,0.013688715049951929,0.0
lag1__peptide_mean__P16035,0.01368227825691781,0.0
slope1__peptide_mean__P11277,0.0136797866314819,0.0
lag1__peptide_log__TSPVDEKALQDQLVLVAAK,0.013662092099160703,0.0
slope1__peptide_count__O15394,0.013661130616585686,0.0
rollmean2__peptide_log__VMPIC(UniMod_4)LPSKDYAEVGR,0.013653975229658962,0.0
peptide_std__P04217,0.013653971240448922,0.0
slope1__protein_npx__Q12907,0.013653647008754202,0.0
rollmean2__protein_npx__P07333,0.013652714470034433,0.0
rollmean2__protein_npx__Q13449,0.013651036994686146,0.0
lag1__peptide_mean__Q562R1,0.013634767272018308,0.0
slope1__peptide_log__LFDSDPITVTVPVEVSR,0.013633607109068944,0.0
delta1__protein_npx__P02753,0.013631581728145862,0.0
peptide_count__Q16610,0.01362542333393738,0.0
peptide_count__P23142,0.013625358501839258,0.0
peptide_mean__P18065,0.013622206431664192,0.0
lag1__peptide_log__AYQGVAAPFPK,0.0136211928249332,0.0
rollmean2__peptide_count__P02652,0.013618275100745597,0.0
delta1__peptide_std__P10645,0.013616141287975418,0.0
lag1__protein_npx__O14773,0.013614347159652684,0.0
missing__peptide_log__LPPTSAHGNVAEGETKPDPDVTER,0.013604164100900722,0.0
delta1__peptide_std__P01009,0.01358867109940285,0.0
delta1__peptide_std__Q12841,0.013587325138027982,0.0
delta1__peptide_mean__Q92876,0.013582277194926173,0.0
protein_npx__P36980,0.013569740216126391,0.0
slope1__peptide_mean__P43652,0.013560755617053034,0.0
delta1__peptide_count__Q9NQ79,0.013556474733789053,0.0
delta1__protein_npx__P09871,0.01355088781994365,0.0
rollmean2__protein_npx__P02452,0.013549397320728108,0.0
lag1__peptide_log__AVLPTGDVIGDSAK,0.013545227805401827,0.0
peptide_std__P10643,0.01353289889767585,0.0
lag1__peptide_mean__P61278,0.013514286996498624,0.0
lag1__peptide_log__SLAAAAGKQELAK,0.013514286996498624,0.0
slope1__peptide_std__P01024,0.013506129853976187,0.0
protein_npx__P01780,0.01349102027087941,0.0
rollmean2__protein_npx__Q8IWV7,0.013460375407431995,0.0
rollmean2__peptide_mean__P11142,0.013453515902805278,0.0
rollmean2__protein_npx__P61626,0.013448326573874405,0.0
delta1__protein_npx__P11277,0.013444218740182876,0.0
slope1__peptide_count__P02760,0.013443270456788965,0.0
rollmean2__peptide_mean__O94919,0.013436868840280808,0.0
peptide_log__TPLGDTTHTC(UniMod_4)PR,0.013428177280277162,0.0
rollmean2__peptide_std__P04004,0.013416584578752102,0.0
slope1__peptide_mean__P04433,0.013411719544880327,0.0
rollmean2__protein_npx__O75144,0.013407840091131941,0.0
peptide_mean__P30086,0.013402898260673323,0.0
rollmean2__peptide_std__P04217,0.013393187085894976,0.0
missing__protein_npx__P08253,0.013388304900806666,0.0
missing__peptide_mean__P08253,0.013388304900806666,0.0
missing__peptide_count__P08253,0.013388304900806666,0.0
missing__peptide_log__LSKELQAAQAR,0.013379908564860595,0.0
slope1__protein_npx__Q99832,0.013366725399601256,0.0
delta1__peptide_mean__Q16610,0.013361077769935687,0.0
slope1__peptide_std__P14314,0.013354010782875325,0.0
missing__peptide_log__LFDSDPITVTVPVEVSR,0.01334794199329305,0.0
delta1__peptide_mean__P49588,0.013334040114198769,0.0
lag1__peptide_log__YIVSGTPTFVPYLIK,0.013323552131856443,0.0
slope1__protein_npx__P49908,0.013317861842570137,0.0
protein_npx__P00734,0.013309560432176654,0.0
rollmean2__peptide_count__P02647,0.013305594576515159,0.0
delta1__peptide_mean__Q6UX71,0.013300042163681636,0.0
protein_npx__P08571,0.013296827056815907,0.0
lag1__protein_npx__P36955,0.013295660054418842,0.0
delta1__peptide_log__QKVEPLRAELQEGAR,0.01328982992937157,0.0
delta1__peptide_mean__P61916,0.013283430517682684,0.0
delta1__peptide_log__IHWESASLLR,0.013279160421477944,0.0
lag1__protein_npx__P09486,0.013272979511455459,0.0
slope1__peptide_mean__P39060,0.013270482761245837,0.0
delta1__peptide_mean__P40925,0.013265518910777615,0.0
rollmean2__peptide_mean__P54289,0.013253490082344258,0.0
slope1__protein_npx__P02647,0.013246345221076978,0.0
lag1__peptide_count__O94919,0.01320431567030738,0.0
slope1__protein_npx__P00747,0.013203073798365871,0.0
peptide_count__P16870,0.013199110725701405,0.0
rollmean2__peptide_log__ANRPFLVFIR,0.013199010693532437,0.0
slope1__peptide_mean__Q96KN2,0.013191844587899007,0.0
slope1__peptide_mean__P02652,0.0131914976990134,0.0
peptide_std__P61769,0.013187687071010484,0.0
lag1__peptide_std__P54289,0.01317120778482232,0.0
delta1__peptide_mean__Q14118,0.01316005356994373,0.0
lag1__protein_npx__P01033,0.013152969648061758,0.0
peptide_std__P43121,0.01315177708537533,0.0
lag1__protein_npx__P01008,0.013134220108776011,0.0
delta1__peptide_count__P23142,0.013108492034749014,0.0
slope1__peptide_count__P13987,0.013099247644645923,0.0
missing__peptide_count__P54289,0.013094804756376798,0.0
missing__protein_npx__P54289,0.013094804756376798,0.0
missing__peptide_mean__P54289,0.013094804756376798,0.0
delta1__protein_npx__P02766,0.013084404711319815,0.0
lag1__peptide_mean__P01008,0.013083405849046761,0.0
delta1__peptide_std__P02760,0.013081459328152639,0.0
slope1__protein_npx__P09104,0.013080619770519232,0.0
slope1__peptide_mean__Q6UXB8,0.013076857847372282,0.0
slope1__peptide_log__C(UniMod_4)SYTEDAQC(UniMod_4)IDGTIEVPK,0.013064306717806071,0.0
delta1__peptide_std__P01877,0.01305988849384359,0.0
lag1__peptide_mean__P49588,0.013059083985873627,0.0
rollmean2__peptide_mean__Q02818,0.013058240934094915,0.0
delta1__peptide_log__ATVNPSAPR,0.013054333679101329,0.0
rollmean2__peptide_log__FLATTPNSLLVSWQPPR,0.01303360572470761,0.0
lag1__peptide_std__Q92520,0.01303306065376621,0.0
protein_npx__P06727,0.013022974609863913,0.0
slope1__peptide_log__EILSVDC(UniMod_4)STNNPSQAK,0.01301673052314134,0.0
slope1__protein_npx__Q06481,0.012995946973894742,0.0
slope1__peptide_mean__Q13740,0.012974638296734405,0.0
slope1__peptide_log__SLAELGGHLDQQVEEFRR,0.012967859200245522,0.0
rollmean2__peptide_count__P98160,0.012965323687986183,0.0
delta1__peptide_mean__P51884,0.01295117812242421,0.0
delta1__peptide_mean__P07225,0.012943378555951816,0.0
peptide_mean__P19827,0.012936634014714723,0.0
slope1__protein_npx__Q14515,0.01293249827302411,0.0
slope1__peptide_std__P06681,0.012914388156394284,0.0
rollmean2__protein_npx__Q6UX71,0.012908302933742899,0.0
rollmean2__peptide_count__P07711,0.012907934062556413,0.0
delta1__protein_npx__P43652,0.012905910554447175,0.0
delta1__peptide_log__AYQGVAAPFPK,0.012904901259091597,0.0
lag1__peptide_mean__Q16270,0.012903674600957628,0.0
slope1__peptide_count__P06396,0.012900693574367655,0.0
delta1__protein_npx__P00738,0.01290048935509453,0.0
slope1__peptide_count__P00441,0.012899008958369472,0.0
rollmean2__peptide_log__C(UniMod_4)DSSPDSAEDVRK,0.012892478814665516,0.0
slope1__protein_npx__P01344,0.012890858871381174,0.0
lag1__peptide_mean__Q13451,0.01288181467782494,0.0
delta1__protein_npx__Q8N2S1,0.012880781409608136,0.0
rollmean2__visit_index,0.012880164687671471,0.0
peptide_mean__P06681,0.012879543543129904,0.0
lag1__protein_npx__O94919,0.012876610988951459,0.0
rollmean2__protein_npx__P10645,0.0128725412491758,0.0
peptide_std__P18065,0.01282765786036553,0.0
rollmean2__peptide_count__P30086,0.012824796050653373,0.0
lag1__peptide_mean__O14791,0.012823172773243852,0.0
slope1__peptide_count__Q96PD5,0.012819745801159686,0.0
peptide_mean__P00734,0.012818425464877723,0.0
rollmean2__peptide_std__P43121,0.01279630441656903,0.0
slope1__peptide_std__P16870,0.012789440241187753,0.0
slope1__peptide_mean__P02763,0.012785056891904737,0.0
rollmean2__peptide_std__P13611,0.012782969190003298,0.0
rollmean2__peptide_std__P07339,0.012781920122858902,0.0
rollmean2__protein_npx__P06396,0.012735575757811497,0.0
rollmean2__peptide_count__P02671,0.012720132154778458,0.0
peptide_count__P00736,0.012719654622070293,0.0
lag1__peptide_mean__P27169,0.012710529919524599,0.0
missing__peptide_std__Q6UXB8,0.012703417260207402,0.0
peptide_mean__O15394,0.012702405993884596,0.0
peptide_log__ALGISPFHEHAEVVFTANDSGPR,0.012699469134795428,0.0
lag1__peptide_count__P02790,0.012697996484458117,0.0
rollmean2__peptide_mean__P19021,0.012693376521644383,0.0
delta1__peptide_log__KAADDTWEPFASGK,0.01267355812642745,0.0
slope1__protein_npx__P13521,0.012670931313723103,0.0
slope1__peptide_mean__P05060,0.01266427412703717,0.0
slope1__peptide_mean__P02679,0.012663017667349641,0.0
peptide_log__VMPIC(UniMod_4)LPSKDYAEVGR,0.012655886776890345,0.0
missing__peptide_log__YVMLPVADQDQC(UniMod_4)IR,0.012653430133724174,0.0
slope1__peptide_std__P00734,0.012652511774332072,0.0
delta1__protein_npx__P02649,0.012647306059054684,0.0
slope1__protein_npx__P02452,0.012636730690681454,0.0
lag1__peptide_mean__P19021,0.012633860249662756,0.0
rollmean2__peptide_log__QQETAAAETETR,0.01262807364980542,0.0
slope1__protein_npx__P54289,0.01262755107739333,0.0
delta1__peptide_count__P43121,0.012626735025079735,0.0
delta1__peptide_mean__P24592,0.01262614992589602,0.0
rollmean2__peptide_log__TTPPVLDSDGSFFLYSR,0.012625334444131987,0.0
rollmean2__peptide_mean__P01861,0.012625334444131987,0.0
lag1__protein_npx__Q562R1,0.012625092052811399,0.0
peptide_mean__P43121,0.01262021842549437,0.0
delta1__peptide_std__P02647,0.012615447788544952,0.0
delta1__peptide_mean__P02760,0.012615242662180714,0.0
rollmean2__peptide_count__P02760,0.01261177053383382,0.0
rollmean2__peptide_count__P12109,0.012601717990192166,0.0
slope1__protein_npx__Q13449,0.012599441898667607,0.0
protein_npx__P12109,0.012598013012131554,0.0
lag1__protein_npx__P20933,0.012593183276121491,0.0
slope1__current_updrs_2,0.012586491924488095,0.0
rollmean2__peptide_mean__P01024,0.01258210247914028,0.0
peptide_count__Q92876,0.012575674738551805,0.0
lag1__peptide_mean__P08493,0.012574973825022923,0.0
rollmean2__peptide_mean__P98160,0.012569560818881814,0.0
rollmean2__peptide_std__P01859,0.012569406278066294,0.0
peptide_std__P07998,0.01256458640221654,0.0
lag1__peptide_log__TLLSNLEEAKK,0.012549338197433538,0.0
peptide_mean__P04406,0.012547709551826504,0.0
rollmean2__peptide_mean__Q13740,0.01254519909234938,0.0
lag1__protein_npx__P05408,0.012538772795748233,0.0
rollmean2__peptide_count__P01008,0.012525987393639942,0.0
lag1__peptide_count__P02656,0.0125237301375179,0.0
slope1__protein_npx__P02753,0.012521296623510949,0.0
slope1__peptide_std__P02753,0.012520864329447252,0.0
lag1__protein_npx__P05090,0.012513754959521225,0.0
lag1__protein_npx__Q96BZ4,0.012506984230552742,0.0
peptide_mean__P00441,0.012497887497026986,0.0
rollmean2__peptide_log__TPVSDRVTK,0.012493804968737006,0.0
protein_npx__Q16610,0.012484444047485126,0.0
lag1__peptide_count__P02774,0.01247933366963427,0.0
delta1__peptide_std__P02765,0.012476924938735853,0.0
slope1__current_updrs_3,0.012476222103049047,0.0
missing__peptide_std__P02452,0.01247543252345122,0.0
missing__peptide_log__C(UniMod_4)REILSVDC(UniMod_4)STNNPSQAK,0.012472625333454024,0.0
lag1__peptide_std__Q14118,0.012467068182400298,0.0
delta1__peptide_std__P14618,0.012463564903042942,0.0
delta1__peptide_count__P13987,0.012461538404976283,0.0
protein_npx__Q06481,0.012446537542898553,0.0
lag1__peptide_mean__P00736,0.01244122564488585,0.0
delta1__peptide_mean__P06681,0.012440874587384429,0.0
slope1__peptide_mean__P11142,0.012437923516763913,0.0
slope1__peptide_log__NPDPWAK,0.012437309809035419,0.0
slope1__peptide_std__P14618,0.012430097856830639,0.0
slope1__peptide_count__P04004,0.012428478371297104,0.0
rollmean2__peptide_mean__P04156,0.012397091841347537,0.0
slope1__peptide_mean__Q6UX71,0.012391984808704641,0.0
slope1__peptide_std__P05546,0.012391203248511064,0.0
delta1__peptide_count__P08603,0.012388825773651899,0.0
peptide_log__ELDESLQVAER,0.012386097571875017,0.0
delta1__peptide_log__QQETAAAETETR,0.0123760456525283,0.0
delta1__peptide_mean__P04211,0.012369670827799797,0.0
peptide_std__P01859,0.01236724735298842,0.0
lag1__peptide_count__P18065,0.012360093394764638,0.0
peptide_mean__Q99683,0.012332994121441706,0.0
delta1__protein_npx__Q06481,0.012329542073488282,0.0
peptide_log__RLEGQEEEEDNRDSSMK,0.012289468917352882,0.0
lag1__peptide_std__Q16610,0.012280839176400478,0.0
lag1__peptide_count__P00734,0.012272071512342568,0.0
delta1__peptide_count__P16035,0.01226775198824522,0.0
slope1__peptide_log__QKVEPLRAELQEGAR,0.012267241038034749,0.0
visit_index,0.012260549406512325,0.0
protein_npx__Q99829,0.012258394897626139,0.0
slope1__peptide_mean__P02655,0.012229333578240135,0.0
slope1__peptide_log__NFPPSQDASGDLYTTSSQLTLPATQC(UniMod_4)PDGK,0.012208337181914232,0.0
lag1__peptide_log__GSPAINVAVHVFRK,0.012208058078160238,0.0
slope1__peptide_count__P00747,0.0122060148356563,0.0
lag1__peptide_log__TTPPVLDSDGSFFLYSK,0.012202627009782488,0.0
rollmean2__peptide_count__Q14515,0.012202035875657274,0.0
missing__peptide_log__MTVTDQVNC(UniMod_4)PK,0.012195840581626961,0.0
rollmean2__protein_npx__P05408,0.01218721976637647,0.0
slope1__peptide_mean__Q9NQ79,0.012185453355936992,0.0
lag1__peptide_count__P14618,0.01218500286649883,0.0
lag1__protein_npx__P19652,0.01217879102900053,0.0
lag1__peptide_mean__P36980,0.012172290472142421,0.0
rollmean2__peptide_mean__P40925,0.012168879269041918,0.0
delta1__peptide_mean__O15240,0.012162526457413822,0.0
slope1__peptide_log__MYYSAVDPTKDIFTGLIGPM(UniMod_35)K,0.012128729718327326,0.0
delta1__peptide_count__Q92520,0.012121969220186744,0.0
missing__peptide_std__P02656,0.0121149779253251,0.0
delta1__peptide_std__Q14515,0.01211478512699536,0.0
lag1__protein_npx__P09871,0.012108994568252495,0.0
rollmean2__peptide_log__LAVYQAGAR,0.012097630968707208,0.0
peptide_mean__P02750,0.012095726124143771,0.0
peptide_std__P02656,0.0120937859697643,0.0
protein_npx__Q96BZ4,0.012073544817352738,0.0
lag1__protein_npx__Q96S96,0.012070358497986145,0.0
lag1__peptide_mean__P04156,0.01206868071356637,0.0
slope1__peptide_std__P02652,0.01206688868650298,0.0
rollmean2__peptide_count__P13611,0.012060386401061655,0.0
delta1__peptide_count__P13611,0.012060381269146247,0.0
delta1__peptide_mean__Q96KN2,0.01205711300165922,0.0
peptide_log__SSQGGSLPSEEK,0.012056114124718282,0.0
lag1__peptide_log__SC(UniMod_4)SPELQQK,0.012049017267382079,0.0
lag1__peptide_mean__P16152,0.012049017267382079,0.0
delta1__protein_npx__P40925,0.012048341547124893,0.0
slope1__peptide_count__P54289,0.012047926452388473,0.0
slope1__peptide_log__LAVYQAGAR,0.012037589408182434,0.0
lag1__peptide_mean__P43121,0.012025167707741142,0.0
slope1__peptide_mean__P08294,0.012019517112801243,0.0
lag1__peptide_log__ILLQGTPVAQMTEDAVDAER,0.012013731565497612,0.0
lag1__protein_npx__P19021,0.012011617654043205,0.0
rollmean2__protein_npx__P00734,0.012010744305526759,0.0
rollmean2__peptide_count__P04004,0.01200848310403516,0.0
rollmean2__peptide_count__P08294,0.012007921834195114,0.0
lag1__peptide_mean__P06454,0.012003896318666774,0.0
lag1__peptide_count__P19652,0.012002255842122164,0.0
protein_npx__Q9UHG2,0.011993250305292195,0.0
rollmean2__peptide_log__TDASDVKPC(UniMod_4),0.01198828281738183,0.0
peptide_mean__Q13332,0.011985155212187983,0.0
delta1__peptide_count__P04180,0.01196589412343195,0.0
lag1__protein_npx__P01042,0.01196333861779331,0.0
lag1__peptide_log__RGYQLSDVDGVTC(UniMod_4)EDIDEC(UniMod_4)ALPTGGHIC(UniMod_4)SYR,0.011953358795456448,0.0
rollmean2__peptide_count__P36955,0.011944739278496676,0.0
peptide_std__Q96PD5,0.011941344236114745,0.0
slope1__peptide_log__QQETAAAETETR,0.011921101106086953,0.0
slope1__peptide_mean__P08493,0.011916742390648136,0.0
slope1__peptide_count__P05156,0.011912841817804887,0.0
peptide_std__P30086,0.011909656743579857,0.0
delta1__peptide_mean__P10645,0.01189308687088488,0.0
peptide_std__P04180,0.011891616178722347,0.0
slope1__protein_npx__P02749,0.011878245803374212,0.0
delta1__peptide_std__P08493,0.01186921068291399,0.0
slope1__peptide_mean__P01594,0.011863653929549783,0.0
slope1__protein_npx__P05408,0.011855363167935506,0.0
rollmean2__peptide_std__P30086,0.011851539803129668,0.0
rollmean2__protein_npx__P01008,0.011850728125332612,0.0
slope1__protein_npx__P14174,0.011842364283283755,0.0
peptide_std__P05156,0.011812017872954246,0.0
slope1__peptide_std__P16035,0.011798831255381736,0.0
lag1__peptide_log__HYTNPSQDVTVPC(UniMod_4)PVPPPPPC(UniMod_4)C(UniMod_4)HPR,0.011797011517913306,0.0
rollmean2__peptide_mean__Q9UKV8,0.011795795170906263,0.0
slope1__protein_npx__P06454,0.01179342580271839,0.0
slope1__visit_index,0.011783544604646583,0.0
delta1__peptide_std__Q92520,0.011783031978876058,0.0
peptide_mean__P01023,0.011768443966979522,0.0
peptide_mean__P08571,0.011763416107557304,0.0
delta1__peptide_mean__Q9UKV8,0.011761867942409174,0.0
delta1__protein_npx__Q9HDC9,0.011741607450403988,0.0
slope1__protein_npx__P13611,0.011740048598853593,0.0
slope1__peptide_log__AVGDKLPEC(UniMod_4)EADDGC(UniMod_4)PKPPEIAHGYVEHSVR,0.011733896525688426,0.0
lag1__peptide_mean__P05090,0.011723837761733464,0.0
slope1__peptide_std__Q12805,0.011722385476735644,0.0
lag1__peptide_count__Q96KN2,0.011722334044386558,0.0
slope1__peptide_std__Q9UBX5,0.01172185727535244,0.0
protein_npx__P02749,0.011709025319032503,0.0
delta1__protein_npx__P19652,0.011703418112514952,0.0
delta1__peptide_log__AATVGSLAGQPLQER,0.01170247530938359,0.0
missing__peptide_log__LRTEGDGVYTLNNEKQWINK,0.011689556977705724,0.0
missing__peptide_log__FNKPFVFLM(UniMod_35)IEQNTK,0.011674196528938235,0.0
slope1__peptide_std__P01877,0.011674112123929724,0.0
lag1__protein_npx__P01717,0.01166654297373219,0.0
delta1__peptide_count__P01860,0.011660439938195178,0.0
delta1__peptide_mean__P02768,0.011659096522342862,0.0
peptide_std__Q9NQ79,0.011656816816998395,0.0
delta1__peptide_log__LRTEGDGVYTLNNEK,0.01165264934469893,0.0
slope1__peptide_log__VKDLATVYVDVLK,0.011651461556794364,0.0
peptide_std__O14773,0.011648762248783242,0.0
lag1__protein_npx__P30086,0.011642007070433424,0.0
slope1__peptide_mean__P04207,0.011632545306091684,0.0
delta1__peptide_log__VTSIQDWVQK,0.011626440329676486,0.0
slope1__protein_npx__P07225,0.011624168771636809,0.0
lag1__protein_npx__P18065,0.011611165721113283,0.0
delta1__protein_npx__Q13740,0.01160874922254733,0.0
slope1__peptide_mean__P00746,0.011602390857551048,0.0
delta1__peptide_count__Q9UHG2,0.011599512209761433,0.0
delta1__protein_npx__P01861,0.011592235244053667,0.0
delta1__peptide_mean__P02652,0.011588693898172797,0.0
slope1__peptide_mean__P54289,0.011587377554561214,0.0
lag1__protein_npx__P01009,0.011580641568619937,0.0
rollmean2__peptide_mean__P19823,0.011576783752731868,0.0
rollmean2__protein_npx__O60888,0.011574089198058713,0.0
slope1__peptide_mean__P00747,0.011562680809322441,0.0
lag1__peptide_mean__Q12805,0.011547841678954266,0.0
delta1__peptide_mean__P16035,0.011530753305537695,0.0
missing__peptide_count__P17936,0.01152970805238323,0.0
missing__protein_npx__P17936,0.01152970805238323,0.0
missing__peptide_mean__P17936,0.01152970805238323,0.0
lag1__protein_npx__P01019,0.011523249098058418,0.0
slope1__peptide_count__Q08380,0.011522144231127256,0.0
rollmean2__protein_npx__P04406,0.011519099821638758,0.0
slope1__peptide_std__P08493,0.011515311147356022,0.0
protein_npx__P01860,0.0115151161256332,0.0
lag1__peptide_mean__O00391,0.011514905993064465,0.0
peptide_count__P02652,0.0115078985751382,0.0
peptide_mean__P35542,0.01150506281321658,0.0
peptide_std__P02649,0.01149657715509702,0.0
delta1__protein_npx__Q08380,0.011491362941423824,0.0
slope1__peptide_std__P06396,0.011479112876011653,0.0
slope1__peptide_mean__P49908,0.011473611856122702,0.0
slope1__protein_npx__P16870,0.011472626332194506,0.0
delta1__peptide_log__LFDSDPITVTVPVEVSR,0.011471638192062173,0.0
lag1__protein_npx__P10909,0.011458608797313745,0.0
lag1__peptide_mean__P01042,0.01145770089728393,0.0
lag1__peptide_mean__P02679,0.011453373572185097,0.0
slope1__protein_npx__P02671,0.011452281126989688,0.0
peptide_std__P41222,0.01144324607960364,0.0
slope1__peptide_std__P02675,0.011441125652527095,0.0
peptide_mean__P07225,0.011428559553947877,0.0
delta1__peptide_std__P04004,0.01141925731238091,0.0
missing__peptide_log__TPVSDRVTK,0.011417102928748939,0.0
protein_npx__O14773,0.011413260683921074,0.0
rollmean2__peptide_log__SGELEQEEER,0.011408375941953913,0.0
rollmean2__peptide_log__TQVNTQAEQLRR,0.011400207488961039,0.0
lag1__protein_npx__O00391,0.011387819258427669,0.0
slope1__peptide_std__P13591,0.011386648978276936,0.0
lag1__protein_npx__O15394,0.011384325627980535,0.0
rollmean2__protein_npx__Q02818,0.011380309527255746,0.0
slope1__peptide_std__P19652,0.01136864889976906,0.0
rollmean2__peptide_mean__P04004,0.01135954743802943,0.0
peptide_count__P00450,0.011359062048397107,0.0
lag1__peptide_log__LGPLVEQGR,0.011348637622860378,0.0
rollmean2__peptide_log__NFPPSQDASGDLYTTSSQLTLPATQC(UniMod_4)PDGK,0.011336450273094661,0.0
slope1__protein_npx__Q9Y6R7,0.011326359759012758,0.0
rollmean2__peptide_mean__P61626,0.011318170611788789,0.0
lag1__peptide_count__P04217,0.011316685787536727,0.0
protein_npx__P25311,0.011316423213179267,0.0
lag1__peptide_log__ANRPFLVFIR,0.011308804106006397,0.0
missing__peptide_mean__P01833,0.011301468272109257,0.0
missing__protein_npx__P01833,0.011301468272109257,0.0
missing__peptide_count__P01833,0.011301468272109257,0.0
rollmean2__protein_npx__P17936,0.011301452207711594,0.0
lag1__peptide_mean__P39060,0.011301391567905158,0.0
peptide_count__P07711,0.01130082622872688,0.0
slope1__peptide_log__IMNGEADAMSLDGGFVYIAGK,0.011299796666699296,0.0
delta1__peptide_mean__P01023,0.011291497997060567,0.0
lag1__peptide_log__LVGGPM(UniMod_35)DASVEEEGVRR,0.011274324398877078,0.0
peptide_count__P17174,0.01127315490193076,0.0
peptide_mean__Q96S96,0.01126756066109034,0.0
delta1__protein_npx__P01008,0.011260886809791516,0.0
delta1__peptide_mean__P36222,0.011256783431453905,0.0
lag1__peptide_abundance_max,0.011248509578503601,0.0
delta1__peptide_log__VQAAVGTSAAPVPSDNH,0.011246469959523192,0.0
missing__peptide_count__P17174,0.011236813781247308,0.0
missing__peptide_mean__P17174,0.011236813781247308,0.0
missing__protein_npx__P17174,0.011236813781247308,0.0
peptide_log__ELSSFIDKGQELC(UniMod_4)ADYSENTFTEYK,0.011213689265249098,0.0
lag1__peptide_mean__P07602,0.011207193497238657,0.0
rollmean2__peptide_mean__P01042,0.011199997076751941,0.0
rollmean2__peptide_mean__Q9NYU2,0.011198852348426621,0.0
protein_npx__P02655,0.011184725083438317,0.0
rollmean2__peptide_mean__P01344,0.011184609097411905,0.0
rollmean2__peptide_std__P16035,0.011184477927670437,0.0
peptide_log__HYTNPSQDVTVPC(UniMod_4)PVPPPPPC(UniMod_4)C(UniMod_4)HPR,0.011182293570944858,0.0
peptide_count__P02750,0.011174287004355417,0.0
slope1__peptide_count__P02747,0.01117116483548099,0.0
rollmean2__peptide_log__TEGDGVYTLNNEK,0.011170549118358027,0.0
peptide_count__P02647,0.011162058332383073,0.0
peptide_std__P36222,0.01116126100195919,0.0
delta1__peptide_std__P43121,0.011158055623586119,0.0
rollmean2__peptide_log__AKLEEQAQQIR,0.011157166798497313,0.0
delta1__protein_npx__P25311,0.011147614931734303,0.0
rollmean2__protein_npx__P02679,0.011142942285918443,0.0
peptide_count__P01008,0.011139310020564187,0.0
rollmean2__peptide_log__LGADMEDVC(UniMod_4)GR,0.01113780607230402,0.0
delta1__peptide_std__P27169,0.01113735278792122,0.0
rollmean2__protein_npx__P02765,0.011126229314382839,0.0
rollmean2__peptide_mean__P00747,0.011117161742036263,0.0
missing__peptide_log__SLAELGGHLDQQVEEFRR,0.01111571197005016,0.0
slope1__peptide_mean__Q13449,0.011111991901437671,0.0
missing__peptide_log__RLEGQEEEEDNRDSSMK,0.011109660216081523,0.0
rollmean2__protein_npx__P00746,0.011108368357600469,0.0
slope1__peptide_std__P19823,0.01110562247843973,0.0
lag1__protein_npx__Q9Y646,0.011095543068646328,0.0
rollmean2__peptide_std__P05155,0.011080998715680255,0.0
peptide_abundance_std,0.01107746234741328,0.0
delta1__protein_npx__P02675,0.01106748097620045,0.0
peptide_log__KFPSGTFEQVSQLVK,0.011066947697348015,0.0
delta1__peptide_std__P07225,0.011043462605094902,0.0
lag1__peptide_log__SSQGGSLPSEEK,0.011034882429529477,0.0
rollmean2__protein_npx__P10909,0.011005208137674157,0.0
slope1__peptide_log__VTSIQDWVQK,0.010992932079135776,0.0
lag1__peptide_std__P18065,0.010987305912804344,0.0
delta1__peptide_log__IMNGEADAMSLDGGFVYIAGK,0.010980989103196887,0.0
lag1__protein_npx__P02749,0.010977117812425817,0.0
slope1__protein_npx__P01023,0.01097708836593017,0.0
peptide_mean__Q14118,0.01097075908931565,0.0
peptide_count__Q6UXB8,0.01095209015598437,0.0
lag1__protein_npx__P04075,0.010948480649620547,0.0
lag1__peptide_std__P13987,0.010942328653433068,0.0
lag1__peptide_count__O00533,0.010940671368275954,0.0
slope1__peptide_mean__P12109,0.010936819095416654,0.0
rollmean2__protein_npx__P01608,0.010935243613916828,0.0
lag1__peptide_std__P41222,0.010923708802327238,0.0
delta1__protein_npx__P01834,0.010918647507884217,0.0
slope1__peptide_count__P18065,0.01091776932975047,0.0
slope1__peptide_std__Q06481,0.010915703507679389,0.0
lag1__peptide_log__VMPIC(UniMod_4)LPSKDYAEVGR,0.010910113502340906,0.0
peptide_log__C(UniMod_4)C(UniMod_4)VEC(UniMod_4)PPC(UniMod_4)PAPPVAGPSVFLFPPKPK,0.010906045125052735,0.0
lag1__protein_npx__P08123,0.010902779454913473,0.0
lag1__peptide_log__VDSGNDVTDIADDGC(UniMod_4)PKPPEIAHGYVEHSVR,0.010900876357693618,0.0
rollmean2__peptide_mean__Q96PD5,0.01089758443193083,0.0
missing__peptide_mean__P04075,0.010886618385951681,0.0
missing__peptide_count__P04075,0.010886618385951681,0.0
missing__protein_npx__P04075,0.010886618385951681,0.0
peptide_log__FM(UniMod_35)ETVAEK,0.010877736995347194,0.0
peptide_std__P20774,0.010876285440122735,0.0
rollmean2__peptide_log__ALGISPFHEHAEVVFTANDSGPR,0.010869326505910442,0.0
rollmean2__protein_npx__Q96S96,0.010867098758251831,0.0
lag1__peptide_mean__P00747,0.010866730563673871,0.0
lag1__peptide_mean__Q06481,0.010857612296724812,0.0
missing__peptide_log__LC(UniMod_4)MGSGLNLC(UniMod_4)EPNNKEGYYGYTGAFR,0.01085380049632043,0.0
lag1__protein_npx__P02790,0.010852509567563975,0.0
rollmean2__peptide_mean__P02655,0.010846714341836988,0.0
rollmean2__peptide_count__P01034,0.010841407209783003,0.0
missing__peptide_std__P13611,0.010836970684652926,0.0
lag1__peptide_std__Q12805,0.010830016834218395,0.0
lag1__peptide_mean__P00738,0.010829604283806157,0.0
delta1__protein_npx__P16035,0.010829044672399113,0.0
slope1__protein_npx__Q9UHG2,0.010828776225848644,0.0
lag1__peptide_log__SC(UniMod_4)DTPPPC(UniMod_4)PR,0.01082348734782951,0.0
slope1__peptide_count__P01834,0.010815878376213204,0.0
peptide_mean__Q9NQ79,0.010815294893734794,0.0
rollmean2__peptide_mean__P06310,0.010814969261047866,0.0
lag1__protein_npx__P06396,0.010813942359479066,0.0
peptide_mean__P02679,0.010808911195105821,0.0
delta1__peptide_count__P02747,0.010807841306545113,0.0
rollmean2__peptide_std__P01024,0.010803612535300709,0.0
lag1__peptide_log__AATVGSLAGQPLQER,0.010801585200486465,0.0
rollmean2__peptide_std__Q92520,0.01079213064128466,0.0
missing__peptide_std__P05060,0.010783638782106907,0.0
rollmean2__peptide_mean__Q06481,0.01077649334985798,0.0
rollmean2__peptide_log__TVVQPSVGAAAGPVVPPC(UniMod_4)PGR,0.0107712917952946,0.0
delta1__protein_npx__P04211,0.010769305891458088,0.0
delta1__peptide_mean__P17936,0.010767881695648887,0.0
rollmean2__peptide_mean__O14791,0.010767418338396386,0.0
peptide_mean__P01591,0.010763611809276414,0.0
rollmean2__protein_npx__P01011,0.010763292572706916,0.0
peptide_std__P04433,0.010761686641856219,0.0
slope1__peptide_std__Q14515,0.010761606705065785,0.0
peptide_mean__P16870,0.010759376441797865,0.0
lag1__peptide_count__P02679,0.010755376593027985,0.0
slope1__peptide_log__LGADM(UniMod_35)EDVC(UniMod_4)GR,0.01074394217663386,0.0
lag1__protein_npx__P41222,0.010742568901055087,0.0
lag1__peptide_mean__Q9Y646,0.010738080923627586,0.0
delta1__protein_npx__P02452,0.010734480277924785,0.0
peptide_count__P05546,0.010726257996329614,0.0
slope1__peptide_mean__P43251,0.010721562822729593,0.0
delta1__protein_npx__P00734,0.010709538084135977,0.0
rollmean2__peptide_mean__Q14624,0.010696138762012893,0.0
rollmean2__peptide_log__TKEEYGHSEVVEYYC(UniMod_4)NPR,0.01069385796605212,0.0
rollmean2__peptide_std__Q6UXB8,0.010681084512947896,0.0
lag1__peptide_mean__P09871,0.010675856726245013,0.0
rollmean2__peptide_log__QNC(UniMod_4)ELFEQLGEYK,0.010664497822337029,0.0
delta1__protein_npx__P13987,0.010661380931247326,0.0
delta1__protein_npx__Q13451,0.010656957947333625,0.0
delta1__peptide_log__YVM(UniMod_35)LPVADQDQC(UniMod_4)IR,0.010651929687345886,0.0
peptide_count__P02763,0.010650160128175469,0.0
protein_npx__P13671,0.010647942755947427,0.0
lag1__protein_npx__P00450,0.010646651446317523,0.0
delta1__peptide_count__Q96PD5,0.01064533528519724,0.0
rollmean2__protein_npx__Q13332,0.010640952169481837,0.0
delta1__protein_npx__Q99832,0.010631542562452011,0.0
delta1__peptide_count__P02751,0.010628409974032598,0.0
peptide_mean__Q9NYU2,0.010622502547769678,0.0
missing__peptide_log__LSSWVLLM(UniMod_35)K,0.010620277533369228,0.0
lag1__protein_npx__P02671,0.010620247327179767,0.0
peptide_count__P07225,0.01061342450366523,0.0
peptide_count__P02751,0.010609451755976457,0.0
rollmean2__peptide_std__P05067,0.010606459466098492,0.0
lag1__peptide_count__P02753,0.01060451661052393,0.0
slope1__protein_npx__Q9NQ79,0.010604183950688278,0.0
rollmean2__peptide_mean__Q6UX71,0.010603531067481844,0.0
slope1__peptide_std__P13611,0.010586777737818989,0.0
lag1__peptide_count__Q14515,0.010579127500402404,0.0
slope1__peptide_std__P00738,0.010578757661998903,0.0
slope1__peptide_std__P01009,0.010578232420213392,0.0
rollmean2__peptide_std__P27169,0.010574039731198373,0.0
peptide_count__O15394,0.010571437701349546,0.0
rollmean2__peptide_log__C(UniMod_4)VDVDEC(UniMod_4)APPAEPC(UniMod_4)GK,0.010570130455648667,0.0
peptide_log__AKLEEQAQQIR,0.01056913993866164,0.0
delta1__protein_npx__Q96PD5,0.010562988059092001,0.0
lag1__peptide_mean__P08123,0.010555262813475477,0.0
delta1__peptide_count__P05156,0.010550412070360764,0.0
rollmean2__peptide_mean__Q15904,0.01053962536155686,0.0
delta1__peptide_count__Q14515,0.010520438071728902,0.0
delta1__peptide_count__P00450,0.010518134780162712,0.0
rollmean2__peptide_std__P61769,0.010517414940526017,0.0
peptide_mean__P02768,0.010515623527791023,0.0
slope1__peptide_mean__O75144,0.01051552850167728,0.0
delta1__peptide_log__WELALGR,0.01051263053536737,0.0
delta1__protein_npx__O14498,0.010511502119016157,0.0
slope1__peptide_std__P51884,0.010509640758184578,0.0
delta1__protein_npx__P49588,0.010509333992765234,0.0
slope1__peptide_log__LRTEGDGVYTLNNEK,0.010508797362344151,0.0
peptide_mean__Q9Y6R7,0.01049451378481843,0.0
peptide_std__Q08380,0.010494106728638514,0.0
slope1__protein_npx__Q99674,0.010485462391797375,0.0
rollmean2__protein_npx__P19827,0.010477708695380481,0.0
rollmean2__peptide_mean__Q99829,0.010474523889574936,0.0
delta1__peptide_mean__Q92520,0.01046122778482854,0.0
slope1__peptide_mean__P00441,0.010454821000934898,0.0
protein_npx__O75144,0.010436414444116996,0.0
peptide_std__P19823,0.010432570979132935,0.0
delta1__peptide_log__ELDESLQVAER,0.01042640436369058,0.0
rollmean2__peptide_count__P00746,0.010422478902173373,0.0
delta1__peptide_count__P02671,0.010417049379710889,0.0
slope1__peptide_std__Q16610,0.010416616116850625,0.0
rollmean2__peptide_mean__P05060,0.010413200628189382,0.0
slope1__peptide_log__ELDESLQVAER,0.010411008156272878,0.0
lag1__peptide_mean__Q92876,0.010410953015274955,0.0
slope1__protein_npx__Q96S96,0.010410810762131508,0.0
rollmean2__peptide_std__P01860,0.010402095225879553,0.0
slope1__protein_npx__P05546,0.010386171416278595,0.0
slope1__peptide_mean__P02751,0.010351561116544943,0.0
slope1__peptide_mean__P02774,0.010347660429824629,0.0
delta1__peptide_mean__Q8NE71,0.010340375584636937,0.0
rollmean2__peptide_std__P04075,0.01033935555077467,0.0
rollmean2__peptide_log__AATGEC(UniMod_4)TATVGKR,0.010336040817484954,0.0
rollmean2__peptide_std__P55290,0.010335801277247283,0.0
delta1__peptide_count__Q92823,0.010330922040616022,0.0
missing__peptide_log__TVVQPSVGAAAGPVVPPC(UniMod_4)PGR,0.010326691836930812,0.0
missing__peptide_std__P04075,0.010326188603080318,0.0
slope1__peptide_log__ANRPFLVFIR,0.010311282161152967,0.0
lag1__peptide_std__P02766,0.010310715456999308,0.0
delta1__peptide_count__P02656,0.010305843283080117,0.0
delta1__peptide_std__P01024,0.010302996769212446,0.0
peptide_mean__P01857,0.010300978098893295,0.0
missing__peptide_std__P30086,0.010299312783948729,0.0
slope1__peptide_std__P02763,0.010294412700079048,0.0
delta1__protein_npx__P09486,0.010285776882744775,0.0
delta1__protein_npx__P36222,0.01027524634657615,0.0
rollmean2__protein_npx__P06681,0.010273951494014487,0.0
peptide_log__SGEATDGARPQALPEPMQESK,0.01026110707440337,0.0
slope1__peptide_count__P01859,0.010258122847952578,0.0
lag1__protein_npx__Q14624,0.010253698579455841,0.0
peptide_count__Q92520,0.010252207800953261,0.0
peptide_std__P14618,0.010248861969606277,0.0
lag1__peptide_count__P41222,0.010247980142467469,0.0
delta1__peptide_std__P98160,0.010244221520094531,0.0
rollmean2__peptide_mean__O43505,0.010240401697633971,0.0
rollmean2__peptide_count__P00751,0.010240276276653646,0.0
lag1__protein_npx__P23142,0.010238614564119385,0.0
rollmean2__protein_npx__P02766,0.01023834855175051,0.0
peptide_std__P04075,0.010238070790088205,0.0
lag1__peptide_mean__Q96S96,0.010229574446780035,0.0
protein_npx__P05452,0.010221805822157844,0.0
lag1__peptide_count__P02647,0.010210617986652064,0.0
delta1__peptide_std__Q96PD5,0.010206873709460954,0.0
slope1__protein_npx__P36955,0.010200788359222982,0.0
rollmean2__peptide_log__SEALAVDGAGKPGAEEAQDPEGK,0.010196676464455184,0.0
rollmean2__peptide_log__AVLPTGDVIGDSAK,0.0101956236242598,0.0
slope1__peptide_count__P24592,0.010188014480526336,0.0
delta1__peptide_std__P06727,0.010187533071321624,0.0
slope1__protein_npx__P11277,0.010187289760174382,0.0
lag1__peptide_mean__Q92823,0.01017687301344137,0.0
slope1__peptide_count__P10909,0.010172838420376484,0.0
delta1__protein_npx__P07225,0.010172080440528192,0.0
rollmean2__peptide_mean__P60174,0.010159071100126338,0.0
peptide_std__O15394,0.010155868166221226,0.0
lag1__peptide_log__LGADM(UniMod_35)EDVC(UniMod_4)GR,0.01015508028173274,0.0
delta1__peptide_mean__P08571,0.010149554296980393,0.0
delta1__peptide_count__P08571,0.01013818287916497,0.0
slope1__protein_npx__Q8NE71,0.010133522602629308,0.0
peptide_std__P39060,0.010118791147196006,0.0
rollmean2__peptide_count__P01009,0.010117427198306182,0.0
lag1__peptide_std__Q14515,0.010116131421187597,0.0
peptide_std__P06681,0.01011023511644934,0.0
peptide_mean__P98160,0.010109469000444914,0.0
rollmean2__peptide_count__P51884,0.010100913223008283,0.0
lag1__peptide_count__P01859,0.010081237844857366,0.0
rollmean2__protein_npx__Q9UBX5,0.010074483879218315,0.0
missing__peptide_std__Q12907,0.010031842853086836,0.0
slope1__protein_npx__P61916,0.010024115721090446,0.0
rollmean2__peptide_std__P04196,0.010016190161603586,0.0
peptide_count__P00441,0.010014375436342626,0.0
rollmean2__peptide_mean__P02750,0.010013044327148477,0.0
lag1__peptide_log__FNKPFVFLM(UniMod_35)IEQNTK,0.010012371721112936,0.0
protein_npx__Q13332,0.010009777847642705,0.0
protein_npx__Q6UXD5,0.010008668385484929,0.0
slope1__peptide_log__HYDGSYSTFGER,0.010008539563939196,0.0
lag1__peptide_mean__P01344,0.010004627325194412,0.0
lag1__peptide_std__P17174,0.009990760116779062,0.0
rollmean2__peptide_log__C(UniMod_4)C(UniMod_4)VEC(UniMod_4)PPC(UniMod_4)PAPPVAGPSVFLFPPKPK,0.009990401904123883,0.0
lag1__peptide_mean__P01019,0.009989328054974102,0.0
slope1__peptide_log__C(UniMod_4)REILSVDC(UniMod_4)STNNPSQAK,0.009984520902733638,0.0
slope1__peptide_mean__P04211,0.00998288699076932,0.0
rollmean2__protein_npx__P24592,0.009969768046377132,0.0
rollmean2__peptide_count__P09871,0.0099697277913461,0.0
rollmean2__peptide_mean__P07195,0.009964082538300365,0.0
lag1__protein_npx__P13591,0.009963881018588498,0.0
protein_npx__P00441,0.009962308819899228,0.0
peptide_mean__P07711,0.009960677101304657,0.0
slope1__protein_npx__P01034,0.009959046162364782,0.0
delta1__peptide_mean__P01008,0.00995730743294916,0.0
slope1__peptide_mean__Q13283,0.009956790109936492,0.0
delta1__peptide_mean__P32754,0.009956465696313048,0.0
lag1__peptide_mean__O60888,0.00994736131629768,0.0
slope1__peptide_log__QIGSVYR,0.009943723270809793,0.0
slope1__peptide_mean__Q14118,0.009936255168056999,0.0
slope1__protein_missing_fraction,0.00993344580972343,0.0
slope1__protein_feature_count,0.009933445809723225,0.0
slope1__peptide_abundance_min,0.009933114387305781,0.0
lag1__peptide_count__Q12907,0.0099288698837923,0.0
slope1__peptide_mean__P16070,0.009928385171132089,0.0
rollmean2__peptide_count__P36222,0.009928230299292965,0.0
slope1__peptide_count__P12109,0.009922559387164307,0.0
delta1__protein_npx__Q7Z5P9,0.009908961395230979,0.0
rollmean2__peptide_log__SC(UniMod_4)DTPPPC(UniMod_4)PR,0.009899435925430885,0.0
peptide_count__P13611,0.009892281965820027,0.0
delta1__peptide_mean__P18065,0.009873232684482262,0.0
missing__peptide_std__P06681,0.009867431973514411,0.0
protein_npx__P00748,0.009863008613019255,0.0
slope1__peptide_count__Q96KN2,0.009853160344570563,0.0
delta1__peptide_mean__P55290,0.009842685910614803,0.0
peptide_log__SPVGVQPILNEHTFC(UniMod_4)AGMSK,0.009837694663185407,0.0
rollmean2__protein_npx__P07998,0.009833193494207153,0.0
lag1__peptide_mean__P11142,0.009832566309082856,0.0
slope1__peptide_mean__Q8N2S1,0.009831070869562579,0.0
slope1__peptide_std__P01023,0.009824499832670176,0.0
lag1__peptide_mean__Q99683,0.009809741517390584,0.0
rollmean2__peptide_count__P61769,0.009794759871367924,0.0
lag1__peptide_std__P01023,0.009793002081169275,0.0
slope1__peptide_count__P01034,0.009786284959676539,0.0
delta1__protein_npx__P06681,0.009774796939227075,0.0
peptide_mean__P36980,0.009767507957211891,0.0
missing__protein_npx__Q9UKV8,0.009760486771127497,0.0
missing__peptide_count__Q9UKV8,0.009760486771127497,0.0
missing__peptide_mean__Q9UKV8,0.009760486771127497,0.0
rollmean2__peptide_count__P17174,0.00975680452104724,0.0
protein_npx__P30086,0.009749694943934357,0.0
lag1__peptide_mean__Q96KN2,0.009744364543048157,0.0
peptide_mean__P01009,0.009743350934304952,0.0
delta1__peptide_mean__P13611,0.009738846635495095,0.0
peptide_mean__P61916,0.009737063385032023,0.0
peptide_std__P07602,0.009735718463564913,0.0
delta1__peptide_std__P00746,0.009729727933447658,0.0
lag1__peptide_mean__P08294,0.009723332650045059,0.0
lag1__peptide_std__P06727,0.009721463472265985,0.0
rollmean2__peptide_log__IMNGEADAMSLDGGFVYIAGK,0.009720808104104904,0.0
rollmean2__protein_npx__Q92520,0.009719341812492361,0.0
rollmean2__peptide_mean__P01780,0.009707762008021419,0.0
lag1__protein_npx__P11277,0.00969907260598771,0.0
delta1__peptide_log__VMPIC(UniMod_4)LPSKDYAEVGR,0.0096987429534107,0.0
delta1__peptide_mean__P02750,0.009692196613736529,0.0
rollmean2__protein_npx__P54289,0.009691478623438823,0.0
delta1__peptide_std__P36222,0.009687722466602613,0.0
lag1__peptide_std__P05067,0.00966921222228068,0.0
slope1__protein_npx__P05155,0.009668980002877128,0.0
missing__peptide_log__VTSIQDWVQK,0.009668507716525778,0.0
delta1__protein_npx__P10451,0.009635604698791706,0.0
missing__peptide_log__LGPLVEQGR,0.009632354017156413,0.0
peptide_count__P61916,0.009631738221707407,0.0
rollmean2__protein_npx__Q16270,0.00962544661944575,0.0
protein_npx__P05408,0.009616404258933977,0.0
lag1__protein_npx__Q92876,0.009605470588494916,0.0
lag1__protein_npx__P49908,0.009605179319989618,0.0
slope1__peptide_std__P01876,0.009603546504123539,0.0
lag1__peptide_log__SPVGVQPILNEHTFC(UniMod_4)AGMSK,0.009603489188448151,0.0
lag1__peptide_mean__P04216,0.009586825725506736,0.0
protein_npx__P04406,0.009583676873581354,0.0
delta1__peptide_mean__P17174,0.009581279457039307,0.0
missing__peptide_log__C(UniMod_4)IIEVLSNALSK,0.00957927490049791,0.0
peptide_log__YIVSGTPTFVPYLIK,0.00957377516359222,0.0
slope1__protein_npx__P43251,0.009570276362734328,0.0
delta1__peptide_mean__P04216,0.009566004691209386,0.0
delta1__peptide_abundance_std,0.00956267979250378,0.0
rollmean2__peptide_std__P02649,0.009561322741955786,0.0
rollmean2__peptide_std__P00751,0.009558135068253778,0.0
rollmean2__peptide_mean__Q92520,0.009557125736094324,0.0
protein_npx__P10909,0.009556149470846473,0.0
peptide_log__LEGQEEEEDNRDSSMK,0.00955194397105323,0.0
delta1__peptide_count__P01034,0.009541965481719686,0.0
missing__peptide_log__VDNALQSGNSQESVTEQDSKDSTYSLSSTLTLSK,0.009541549859211912,0.0
peptide_mean__P13611,0.00954002386871258,0.0
lag1__peptide_std__P02751,0.009533953961791025,0.0
slope1__peptide_abundance_max,0.009529714237591382,0.0
delta1__peptide_mean__P01019,0.009528757865024197,0.0
slope1__peptide_std__P00746,0.009526152842985086,0.0
peptide_count__Q12907,0.009515188746566233,0.0
lag1__peptide_log__ELDESLQVAER,0.00951509872526645,0.0
delta1__protein_npx__P00751,0.009512210301103217,0.0
rollmean2__peptide_log__KVEQAVETEPEPELR,0.009510346784924153,0.0
rollmean2__peptide_count__Q92876,0.00950646401863129,0.0
peptide_mean__P01594,0.009503190665514822,0.0
lag1__protein_npx__Q92823,0.00949862190604992,0.0
peptide_mean__P00738,0.009495721865978773,0.0
missing__peptide_log__DSGFQM(UniMod_35)NQLR,0.009493662622122465,0.0
rollmean2__protein_npx__Q99969,0.009493573908202617,0.0
peptide_mean__P08294,0.009488890807814723,0.0
lag1__peptide_std__Q92823,0.00947334802584375,0.0
slope1__protein_npx__P02774,0.009469080644297308,0.0
slope1__peptide_count__P10643,0.009466971839245995,0.0
delta1__peptide_std__Q92876,0.009463292935222375,0.0
lag1__peptide_log__VTSIQDWVQK,0.009463176003623862,0.0
slope1__peptide_std__Q08380,0.009460377382536111,0.0
lag1__peptide_log__TTPPVLDSDGSFFLYSR,0.009457879237028037,0.0
lag1__peptide_mean__P01861,0.009457879237028037,0.0
peptide_mean__P24592,0.00945605628494284,0.0
slope1__peptide_log__SNSSM(UniMod_35)HITDC(UniMod_4)R,0.009449861400069141,0.0
slope1__protein_npx__P36222,0.009447779360595498,0.0
lag1__peptide_std__P61916,0.009442850102021403,0.0
delta1__peptide_count__O00533,0.00943961498825175,0.0
missing__protein_npx__P43251,0.009437239574943848,0.0
missing__peptide_count__P43251,0.009437239574943848,0.0
missing__peptide_mean__P43251,0.009437239574943848,0.0
lag1__peptide_mean__P01591,0.009427992037478102,0.0
lag1__peptide_mean__Q9UBR2,0.00942755556641908,0.0
rollmean2__peptide_count__P43652,0.009414541261055565,0.0
delta1__peptide_log__SNSSM(UniMod_35)HITDC(UniMod_4)R,0.009411054922479631,0.0
lag1__protein_npx__P12109,0.009409317680238515,0.0
peptide_count__O94919,0.009407692172192951,0.0
missing__peptide_std__O94919,0.009407692172192951,0.0
peptide_count__P01876,0.009406738940032057,0.0
peptide_std__P16070,0.009405699576510598,0.0
lag1__protein_npx__P06454,0.009402725997750373,0.0
lag1__peptide_count__P10645,0.009400124139629895,0.0
rollmean2__protein_npx__P00450,0.009393912843877882,0.0
rollmean2__peptide_count__P13987,0.009385855362491223,0.0
peptide_std__P01857,0.009382821074260344,0.0
missing__protein_npx__Q9UNU6,0.009378655303796822,0.0
missing__peptide_count__Q9UNU6,0.009378655303796822,0.0
missing__peptide_mean__Q9UNU6,0.009378655303796822,0.0
rollmean2__peptide_mean__P00738,0.009377024337105187,0.0
protein_npx__P08133,0.009372719021803987,0.0
rollmean2__peptide_mean__P01019,0.00937193978223232,0.0
lag1__peptide_mean__P35542,0.009361856724715883,0.0
delta1__peptide_mean__P07858,0.009353666626372374,0.0
rollmean2__peptide_count__Q14118,0.009336764698411147,0.0
delta1__peptide_count__P05060,0.009335428912298127,0.0
slope1__peptide_mean__O00584,0.009327425599659652,0.0
rollmean2__peptide_count__P01877,0.009311525623324116,0.0
delta1__peptide_count__P25311,0.009310511717958672,0.0
lag1__peptide_std__P55290,0.009310193645568551,0.0
rollmean2__protein_npx__P35542,0.009308302271671579,0.0
slope1__peptide_std__Q96PD5,0.009295287465979643,0.0
delta1__peptide_mean__P02747,0.009292565087758255,0.0
rollmean2__peptide_std__P05090,0.009291607126997253,0.0
rollmean2__protein_npx__Q15904,0.009284060934025595,0.0
rollmean2__peptide_std__P10909,0.0092837997273089,0.0
lag1__peptide_mean__P02751,0.009280276831786116,0.0
slope1__peptide_std__P08603,0.009266434066697558,0.0
rollmean2__protein_npx__P02750,0.009261452034518735,0.0
rollmean2__peptide_std__P02679,0.009258821001897233,0.0
delta1__peptide_std__P05156,0.009257968246922857,0.0
rollmean2__protein_npx__P01594,0.009255726141207293,0.0
slope1__protein_npx__Q9HDC9,0.009251781150625261,0.0
lag1__peptide_std__P39060,0.009250835131608627,0.0
slope1__peptide_mean__P04004,0.009250542687177921,0.0
slope1__peptide_mean__Q96PD5,0.009231469289725895,0.0
delta1__peptide_count__P01834,0.00923093646364601,0.0
rollmean2__peptide_log__SGEATDGARPQALPEPMQESK,0.009230625210433956,0.0
rollmean2__peptide_mean__P14314,0.009224298269682988,0.0
rollmean2__protein_npx__P05452,0.009224246345784162,0.0
peptide_std__P55290,0.009221140596693411,0.0
rollmean2__protein_npx__Q14508,0.009220242434530042,0.0
rollmean2__peptide_std__P09486,0.009219922237667834,0.0
lag1__peptide_log__C(UniMod_4)REILSVDC(UniMod_4)STNNPSQAK,0.009217170044034865,0.0
peptide_std__O75144,0.009216477946617988,0.0
lag1__peptide_mean__P10909,0.009213401028678837,0.0
rollmean2__protein_npx__P08637,0.00920964057612807,0.0
peptide_mean__P49908,0.009208788129216218,0.0
rollmean2__protein_npx__P01717,0.009207459568231673,0.0
lag1__peptide_mean__O15394,0.009197958053836717,0.0
peptide_mean__P01344,0.009197111934027544,0.0
delta1__protein_npx__P02774,0.009194674569122752,0.0
lag1__peptide_count__Q14624,0.0091910154403323,0.0
slope1__peptide_std__P10909,0.009184731385231043,0.0
peptide_log__AEAQEAEDQQAR,0.009183523211756325,0.0
lag1__peptide_std__P01859,0.009177109347764834,0.0
lag1__protein_npx__Q6UXB8,0.009175478258826622,0.0
peptide_mean__Q8NBJ4,0.009170382042882468,0.0
rollmean2__peptide_mean__P05408,0.009162675222111378,0.0
slope1__protein_npx__Q08380,0.009161548513469417,0.0
rollmean2__peptide_std__P00734,0.009157898192337241,0.0
peptide_log__AVLPTGDVIGDSAK,0.009152229222112108,0.0
missing__peptide_std__P05546,0.009148533704661035,0.0
peptide_mean__P02652,0.00913794298072216,0.0
delta1__peptide_count__O00584,0.009135276613794091,0.0
peptide_count__P01834,0.009133659105406328,0.0
protein_npx__P00736,0.009133038366536736,0.0
slope1__peptide_count__P02679,0.009127708985868229,0.0
slope1__peptide_std__O00584,0.009119024718003434,0.0
lag1__peptide_count__P02787,0.009117639977931684,0.0
protein_npx__P02675,0.009116914469015676,0.0
slope1__peptide_mean__P01860,0.009113654713464984,0.0
rollmean2__peptide_count__O75144,0.009111806823269607,0.0
lag1__protein_npx__P61916,0.009105055467472619,0.0
slope1__peptide_log__MASGAANVVGPK,0.009100137703828682,0.0
lag1__peptide_std__P06396,0.009088727059722445,0.0
delta1__peptide_mean__Q13449,0.009088416035293765,0.0
delta1__protein_npx__O43505,0.009083555228672276,0.0
protein_npx__Q92520,0.009073902748787433,0.0
rollmean2__protein_npx__P20774,0.009073738129559746,0.0
slope1__peptide_log__M(UniMod_35)ASGAANVVGPK,0.009073267450243777,0.0
lag1__protein_npx__Q13451,0.009073081991664428,0.0
rollmean2__peptide_log__SPVGVQPILNEHTFC(UniMod_4)AGMSK,0.00906993058700207,0.0
peptide_count__P61769,0.009069030538253043,0.0
rollmean2__protein_npx__P13671,0.009055834541554359,0.0
rollmean2__peptide_std__P36955,0.009053818862305451,0.0
protein_npx__P07225,0.009052476430177137,0.0
protein_npx__Q9UBX5,0.009044613740963535,0.0
delta1__protein_npx__P14174,0.009041957686389407,0.0
slope1__peptide_std__Q92520,0.009041082309736768,0.0
delta1__protein_npx__P00450,0.009027068412422108,0.0
rollmean2__peptide_std__P02652,0.009026506281664197,0.0
lag1__protein_npx__P20774,0.009025182267641093,0.0
lag1__protein_npx__P05060,0.009006715667506807,0.0
slope1__protein_npx__P05067,0.009000855757257542,0.0
lag1__peptide_count__Q9UBX5,0.008999186704067122,0.0
slope1__peptide_count__P05060,0.008998396398486484,0.0
slope1__peptide_mean__P01042,0.008988293513528554,0.0
slope1__protein_npx__P19652,0.008982577213826995,0.0
lag1__peptide_mean__P17174,0.008980733221036789,0.0
delta1__peptide_std__P02675,0.008978487492227924,0.0
delta1__protein_npx__P01009,0.008972979466396032,0.0
lag1__protein_npx__P14314,0.008972648819645905,0.0
protein_npx__P61916,0.008967824347576672,0.0
delta1__peptide_count__P08294,0.008955521545982366,0.0
lag1__peptide_log__DASGVTFTWTPSSGK,0.008953457263205943,0.0
rollmean2__peptide_mean__P07339,0.008953156834949788,0.0
lag1__peptide_mean__P04217,0.008951256243694023,0.0
protein_npx__P60174,0.008944751135037819,0.0
slope1__months_since_prev_visit,0.008943228027440558,0.0
slope1__peptide_mean__P08603,0.00894157138499525,0.0
delta1__peptide_count__Q14624,0.008932745902958335,0.0
delta1__protein_npx__Q6UXB8,0.0089285450357523,0.0
rollmean2__protein_npx__P00751,0.008927604448871434,0.0
slope1__peptide_log__QNC(UniMod_4)ELFEQLGEYK,0.008923853282168376,0.0
slope1__protein_npx__Q9UBX5,0.008918198288705033,0.0
lag1__protein_npx__Q14515,0.008916959275948926,0.0
lag1__peptide_std__P01042,0.008914510621069219,0.0
lag1__peptide_mean__P00441,0.008913836122584218,0.0
delta1__protein_npx__P11142,0.008910860062820235,0.0
slope1__peptide_log__VQAAVGTSAAPVPSDNH,0.008903218969733109,0.0
delta1__protein_npx__P02652,0.008888515509306286,0.0
lag1__protein_npx__P51884,0.008887652470563369,0.0
protein_npx__P49908,0.008884957512060202,0.0
rollmean2__peptide_log__QKVEPLRAELQEGAR,0.008883880845042361,0.0
slope1__peptide_count__O00584,0.008879801278085367,0.0
rollmean2__peptide_std__P19823,0.008878388595666193,0.0
slope1__peptide_count__P00751,0.00887116217095723,0.0
rollmean2__peptide_mean__P08294,0.008869043308160286,0.0
delta1__peptide_mean__Q96S96,0.00886232813029677,0.0
slope1__protein_npx__P07195,0.008862240140627144,0.0
delta1__peptide_mean__P08294,0.008858186175735432,0.0
slope1__peptide_log__VDNALQSGNSQESVTEQDSKDSTYSLSSTLTLSK,0.008857865860765224,0.0
peptide_mean__P04433,0.008855633256767786,0.0
slope1__protein_npx__P17174,0.00885366810047985,0.0
lag1__peptide_log__SGELEQEEER,0.008841246093063741,0.0
lag1__peptide_log__AEAQEAEDQQAR,0.008840008663702135,0.0
protein_npx__P02763,0.008826679299243375,0.0
peptide_std__P02675,0.008821192003117439,0.0
delta1__peptide_count__P04196,0.00881788204983023,0.0
slope1__peptide_mean__Q9UBX5,0.008809814983069585,0.0
delta1__protein_npx__P13473,0.008808293058983556,0.0
delta1__peptide_mean__P07711,0.008801959206874812,0.0
lag1__peptide_count__P02763,0.008798170614905496,0.0
rollmean2__peptide_std__Q9UBX5,0.008790673300989578,0.0
delta1__peptide_log__C(UniMod_4)C(UniMod_4)VEC(UniMod_4)PPC(UniMod_4)PAPPVAGPSVFLFPPKPK,0.008782199034867339,0.0
delta1__peptide_count__P41222,0.008781022306563024,0.0
rollmean2__protein_npx__P01876,0.00877099788798188,0.0
rollmean2__peptide_count__P07225,0.008766814437839752,0.0
slope1__peptide_log__FNKPFVFLM(UniMod_35)IEQNTK,0.008757962650169366,0.0
delta1__protein_npx__P13521,0.008755147638301979,0.0
lag1__peptide_count__P16035,0.008753189372774476,0.0
lag1__peptide_log__C(UniMod_4)VDVDEC(UniMod_4)APPAEPC(UniMod_4)GK,0.008752578272897311,0.0
rollmean2__peptide_std__P00747,0.00874986778657915,0.0
lag1__protein_npx__Q9HDC9,0.008744523425890082,0.0
lag1__peptide_log__LRTEGDGVYTLNNEK,0.008738585222512163,0.0
rollmean2__peptide_std__P07602,0.00873831038439004,0.0
slope1__protein_npx__P23083,0.008732553224819594,0.0
lag1__peptide_mean__Q6UXB8,0.00872483813563545,0.0
lag1__peptide_mean__P12109,0.008724023835270428,0.0
slope1__peptide_count__P02766,0.008723067518494425,0.0
lag1__peptide_log__TM(UniMod_35)LLQPAGSLGSYSYR,0.008714625190285227,0.0
rollmean2__peptide_log__VGYVSGWGR,0.008713523558531137,0.0
delta1__protein_npx__P17174,0.008700129508322134,0.0
protein_npx__P04004,0.008688828483274177,0.0
lag1__peptide_mean__P55290,0.008686996755304367,0.0
slope1__peptide_log__TSAHGNVAEGETKPDPDVTER,0.00867738504772987,0.0
missing__peptide_std__P00441,0.008676514001889806,0.0
lag1__peptide_mean__P02748,0.008673984220870793,0.0
rollmean2__peptide_std__P00441,0.008671552779027227,0.0
delta1__peptide_missing_fraction,0.008671450699258423,0.0
delta1__peptide_feature_count,0.00867145069925842,0.0
delta1__peptide_mean__P04156,0.008669383193666813,0.0
lag1__peptide_log__SWFEPLVEDM(UniMod_35)QR,0.008664417293070499,0.0
protein_npx__Q16270,0.00866140054011043,0.0
peptide_mean__Q9UNU6,0.008659842224005043,0.0
lag1__protein_npx__P01780,0.008657523736676246,0.0
slope1__protein_npx__P02751,0.008656410747304664,0.0
slope1__protein_npx__P02652,0.008655167792571875,0.0
lag1__peptide_mean__P01011,0.00865204144068511,0.0
lag1__peptide_mean__P04433,0.008649957994304907,0.0
missing__peptide_std__P55290,0.008646860024909072,0.0
lag1__protein_npx__P43652,0.008639486448901851,0.0
missing__peptide_mean__Q99674,0.008639064895750333,0.0
missing__peptide_count__Q99674,0.008639064895750333,0.0
missing__protein_npx__Q99674,0.008639064895750333,0.0
delta1__peptide_mean__P09486,0.008636723986057061,0.0
slope1__protein_npx__P32754,0.008635448191942187,0.0
slope1__peptide_mean__P61769,0.008623299591430229,0.0
rollmean2__peptide_mean__P08571,0.008621543626572312,0.0
missing__protein_npx__Q9Y646,0.008621003459032016,0.0
missing__peptide_count__Q9Y646,0.008621003459032016,0.0
missing__peptide_mean__Q9Y646,0.008621003459032016,0.0
lag1__peptide_mean__P01780,0.008612650220240839,0.0
missing__peptide_mean__P08493,0.008607362068562484,0.0
missing__protein_npx__P08493,0.008607362068562484,0.0
missing__peptide_count__P08493,0.008607362068562484,0.0
protein_npx__P20774,0.008598983757181383,0.0
slope1__protein_npx__P08493,0.008598173668379462,0.0
delta1__peptide_mean__Q99683,0.008592025165652236,0.0
delta1__protein_npx__P01011,0.008582079136700019,0.0
lag1__peptide_count__P08697,0.00856858826848977,0.0
lag1__protein_npx__O15240,0.008566258032089697,0.0
peptide_count__P01877,0.008560876039997457,0.0
slope1__peptide_mean__P17936,0.008557959281207545,0.0
lag1__peptide_count__P19823,0.008551925016437385,0.0
rollmean2__protein_npx__P08123,0.008550246970932152,0.0
lag1__peptide_mean__P05452,0.008550108498808247,0.0
delta1__peptide_log__ANRPFLVFIR,0.008549071403790177,0.0
lag1__peptide_count__O14773,0.008542090146348429,0.0
rollmean2__peptide_count__P61916,0.008539553096026059,0.0
slope1__peptide_std__P43652,0.008526697522076195,0.0
peptide_count__P36955,0.008524666735284361,0.0
missing__peptide_count__Q14118,0.008522316852963981,0.0
missing__protein_npx__Q14118,0.008522316852963981,0.0
missing__peptide_mean__Q14118,0.008522316852963981,0.0
delta1__protein_npx__P04406,0.008520694058425763,0.0
slope1__protein_npx__P01591,0.00851951927718439,0.0
missing__peptide_log__SFNRGEC(UniMod_4),0.008515610807604612,0.0
slope1__protein_npx__P24592,0.00851346904382316,0.0
delta1__peptide_count__Q12907,0.008510321526772507,0.0
peptide_mean__Q16270,0.00850760925159322,0.0
missing__peptide_std__P05156,0.008505648752208732,0.0
slope1__peptide_mean__Q9UBR2,0.008496895975080717,0.0
slope1__peptide_mean__Q7Z3B1,0.008496119022414301,0.0
rollmean2__protein_npx__P43652,0.00848886904672137,0.0
rollmean2__peptide_mean__P30086,0.008473988665072273,0.0
rollmean2__peptide_count__P16870,0.008465706741118309,0.0
slope1__peptide_count__P02656,0.008456561154396598,0.0
rollmean2__protein_npx__P39060,0.008455146010015015,0.0
protein_npx__Q14508,0.008454653239414812,0.0
rollmean2__peptide_mean__P02748,0.008452438459097803,0.0
peptide_mean__P01861,0.008448675142463391,0.0
peptide_log__TTPPVLDSDGSFFLYSR,0.008448675142463391,0.0
delta1__protein_npx__P02655,0.008426612362495953,0.0
lag1__peptide_log__M(UniMod_35)YLGYEYVTAIR,0.008426441873409503,0.0
slope1__peptide_log__SFNRGEC(UniMod_4),0.008420884048833812,0.0
slope1__peptide_mean__P02749,0.00841519147897959,0.0
delta1__peptide_count__Q96KN2,0.008414650082331528,0.0
peptide_std__P02750,0.008413545268288709,0.0
peptide_log__GYQLSDVDGVTC(UniMod_4)EDIDEC(UniMod_4)ALPTGGHIC(UniMod_4)SYR,0.008410957593314172,0.0
lag1__protein_npx__Q15904,0.008408578163625115,0.0
peptide_count__P36222,0.008408341353594079,0.0
peptide_mean__P14314,0.008393545632918059,0.0
peptide_log__DASGVTFTWTPSSGK,0.008392556072636547,0.0
lag1__protein_npx__P04216,0.008390148467288926,0.0
slope1__protein_npx__P06396,0.008388651275950015,0.0
delta1__protein_npx__P02671,0.008376552753637816,0.0
protein_npx__O94919,0.008375265533040497,0.0
peptide_std__P07339,0.008373261642836898,0.0
rollmean2__peptide_count__P23142,0.008370095408779386,0.0
delta1__peptide_mean__P04275,0.008366436929838714,0.0
rollmean2__peptide_abundance_std,0.008366045284698675,0.0
delta1__protein_npx__Q9UHG2,0.00836231923650195,0.0
slope1__protein_npx__P02649,0.008361522844427925,0.0
delta1__protein_npx__Q8NE71,0.008361220421090663,0.0
lag1__peptide_count__Q96PD5,0.00835693769829603,0.0
slope1__peptide_log__TPLGDTTHTC(UniMod_4)PR,0.008347091758656569,0.0
protein_npx__P17174,0.008346636553820024,0.0
protein_npx__P13473,0.008346031748185625,0.0
rollmean2__protein_npx__P18065,0.008345469319551478,0.0
delta1__peptide_count__Q9UBX5,0.008341952006832078,0.0
peptide_mean__P13473,0.008341030185206735,0.0
lag1__peptide_count__P01876,0.008337726245366925,0.0
delta1__peptide_std__Q16270,0.00832458168177529,0.0
slope1__peptide_mean__P10909,0.008324508540837258,0.0
delta1__peptide_std__P04433,0.008320533770480094,0.0
delta1__peptide_mean__P13473,0.008315641703740575,0.0
slope1__protein_npx__P02748,0.0083128005175846,0.0
slope1__has_previous_visit,0.008312766574868432,0.0
delta1__peptide_count__O14773,0.008311166957268287,0.0
protein_npx__Q12841,0.008308078784378994,0.0
protein_npx__P02748,0.00830590140580056,0.0
protein_npx__P04196,0.008304388172176094,0.0
lag1__peptide_std__P02747,0.008302777595035647,0.0
peptide_count__P02774,0.008296852702816056,0.0
rollmean2__peptide_log__HGGLYHENMR,0.008296722223390127,0.0
slope1__protein_npx__P04211,0.008289402865543624,0.0
lag1__peptide_std__P05060,0.008281489527878648,0.0
delta1__protein_npx__P01857,0.008280926760163267,0.0
delta1__protein_npx__O75144,0.008272105775924852,0.0
peptide_mean__P17174,0.00826903254440197,0.0
delta1__peptide_count__P00747,0.008268950993219,0.0
peptide_count__P10645,0.008268293480353746,0.0
delta1__peptide_std__Q12805,0.008267505609412333,0.0
peptide_std__P10909,0.008263224983869633,0.0
slope1__peptide_mean__Q99969,0.008262466825311694,0.0
lag1__peptide_log__SNSSM(UniMod_35)HITDC(UniMod_4)R,0.008257151304804483,0.0
rollmean2__peptide_mean__P61769,0.008250301175149855,0.0
delta1__peptide_log__HYTNPSQDVTVPC(UniMod_4)PVPPPPPC(UniMod_4)C(UniMod_4)HPR,0.008250195624747153,0.0
delta1__protein_npx__P04156,0.008249526245773742,0.0
rollmean2__peptide_count__P06396,0.008243501335955732,0.0
lag1__protein_npx__P08493,0.008242161556551593,0.0
lag1__protein_npx__P08637,0.008239082884387879,0.0
peptide_mean__P02792,0.008229541068889215,0.0
rollmean2__protein_npx__P61916,0.008223493548023951,0.0
slope1__protein_npx__P10909,0.008222096462676527,0.0
lag1__peptide_std__P01009,0.008220831399056987,0.0
peptide_log__VQPYLDDFQKK,0.008215405765340706,0.0
peptide_count__P08603,0.00821238511670772,0.0
slope1__protein_npx__Q13283,0.008211698144596477,0.0
slope1__peptide_log__AYQGVAAPFPK,0.008206896288137715,0.0
lag1__protein_npx__Q13449,0.008204035175558273,0.0
rollmean2__protein_npx__P25311,0.00819597925711707,0.0
missing__peptide_std__Q96PD5,0.008195230816459844,0.0
peptide_mean__P01876,0.00818179881406722,0.0
peptide_mean__P02760,0.008179570684238333,0.0
delta1__peptide_log__SSQGGSLPSEEK,0.008170777098847781,0.0
lag1__peptide_log__NPDPWAK,0.008168237657058632,0.0
missing__peptide_count__Q99969,0.008160110839620264,0.0
missing__protein_npx__Q99969,0.008160110839620264,0.0
missing__peptide_mean__Q99969,0.008160110839620264,0.0
lag1__peptide_std__P08603,0.008152470509071644,0.0
lag1__peptide_log__SEALAVDGAGKPGAEEAQDPEGK,0.008150066242740086,0.0
protein_npx__P02671,0.008139218081527863,0.0
peptide_mean__P04196,0.008135819850335723,0.0
rollmean2__peptide_count__P00734,0.008134739218143595,0.0
delta1__peptide_mean__P02671,0.008132227516572943,0.0
delta1__peptide_log__HGGLYHENMR,0.008132193873916536,0.0
slope1__peptide_log__HYEGSTVPEK,0.008130680492790174,0.0
lag1__peptide_mean__Q14624,0.008127592644546681,0.0
slope1__peptide_std__Q9UHG2,0.008123367160001232,0.0
delta1__peptide_mean__P02774,0.008122915297059028,0.0
delta1__peptide_log__ILLQGTPVAQMTEDAVDAER,0.008115626307667578,0.0
slope1__protein_npx__P43652,0.00811317621374392,0.0
rollmean2__protein_npx__P00441,0.00809928820281102,0.0
slope1__protein_npx__O15240,0.008092761685784228,0.0
slope1__peptide_log__GEVQAMLGQSTEELRVR,0.00809259979237095,0.0
rollmean2__peptide_mean__P14174,0.008091028771534265,0.0
peptide_count__P02656,0.008085824095162007,0.0
slope1__peptide_log__ELSSFIDKGQELC(UniMod_4)ADYSENTFTEYK,0.008076840491590135,0.0
rollmean2__peptide_mean__P19827,0.008074673325653467,0.0
lag1__peptide_std__P05155,0.008074578416260705,0.0
slope1__peptide_mean__P35542,0.008072579636213922,0.0
peptide_mean__P14618,0.008065615203857021,0.0
slope1__peptide_count__P02751,0.008045621970542606,0.0
peptide_mean__P02656,0.008043530344331015,0.0
peptide_log__QNC(UniMod_4)ELFEQLGEYK,0.008043167794193644,0.0
rollmean2__protein_npx__Q96BZ4,0.008042064154858648,0.0
peptide_log__GEVQAMLGQSTEELR,0.008038317494426482,0.0
lag1__protein_npx__P08294,0.008026619195121702,0.0
slope1__peptide_count__Q92823,0.008025468957452306,0.0
delta1__peptide_mean__Q15904,0.008024703487337023,0.0
delta1__peptide_std__P01834,0.008021378801093128,0.0
delta1__protein_npx__O14773,0.00800960421918171,0.0
delta1__peptide_count__P19652,0.008009320258642197,0.0
slope1__peptide_mean__P01857,0.00800592646338735,0.0
peptide_mean__Q99832,0.007991374829546882,0.0
delta1__protein_npx__P02656,0.007990864002838835,0.0
peptide_count__P01859,0.007983543444472004,0.0
delta1__peptide_mean__Q9UBR2,0.007982540348675897,0.0
delta1__protein_npx__P01019,0.007974877647037231,0.0
delta1__protein_npx__Q9Y646,0.007974859961480459,0.0
slope1__protein_npx__P20933,0.007971741227119312,0.0
delta1__peptide_mean__P01833,0.007968602324665668,0.0
slope1__peptide_log__SEALAVDGAGKPGAEEAQDPEGK,0.00796229868406264,0.0
lag1__protein_npx__P02452,0.007958389220376927,0.0
peptide_mean__P09486,0.007956199272195279,0.0
missing__peptide_count__O14773,0.007952541658059066,0.0
missing__peptide_mean__O14773,0.007952541658059066,0.0
missing__protein_npx__O14773,0.007952541658059066,0.0
delta1__peptide_count__P01008,0.007944838818084426,0.0
delta1__peptide_log__VLLDQLR,0.007928356144809749,0.0
delta1__peptide_mean__Q9HDC9,0.007928356144809749,0.0
lag1__peptide_mean__P07711,0.007927350113292783,0.0
lag1__peptide_log__IHWESASLLR,0.007926362883494817,0.0
peptide_log__VLLDQLR,0.00791342069068496,0.0
peptide_mean__Q9HDC9,0.00791342069068496,0.0
slope1__peptide_log__DASGVTFTWTPSSGK,0.007906512622267747,0.0
peptide_mean__P01859,0.007906079921422591,0.0
slope1__peptide_mean__P98160,0.007899094737178945,0.0
slope1__peptide_std__P36222,0.007898666608990072,0.0
slope1__peptide_mean__P08253,0.007896711582659185,0.0
rollmean2__protein_npx__P04180,0.00788248204184902,0.0
delta1__protein_npx__P61769,0.007878246150904442,0.0
peptide_count__Q9UHG2,0.007874406813384145,0.0
lag1__protein_npx__P04275,0.007872395898557698,0.0
missing__peptide_log__LGADMEDVC(UniMod_4)GR,0.007871164949002077,0.0
lag1__peptide_std__P05090,0.007866222556578668,0.0
lag1__peptide_count__P08493,0.007862298655767893,0.0
peptide_std__P00751,0.007851931691620911,0.0
slope1__peptide_log__SWFEPLVEDM(UniMod_35)QR,0.007847214454933086,0.0
rollmean2__peptide_mean__P05155,0.007844315941307228,0.0
protein_npx__Q6UXB8,0.007844304587407664,0.0
lag1__peptide_log__HYDGSYSTFGER,0.007837691482782596,0.0
delta1__peptide_mean__P01024,0.007837552419838318,0.0
peptide_count__P10643,0.007837325054093056,0.0
rollmean2__peptide_count__P01876,0.007834430137694724,0.0
lag1__protein_npx__P00746,0.007832662626380186,0.0
delta1__protein_npx__Q14118,0.00783255280374765,0.0
slope1__peptide_std__P43121,0.007825807854663304,0.0
delta1__peptide_count__P02766,0.007816828535997373,0.0
missing__protein_npx__P04406,0.007812666792767107,0.0
missing__peptide_mean__P04406,0.007812666792767107,0.0
missing__peptide_count__P04406,0.007812666792767107,0.0
delta1__peptide_mean__Q7Z3B1,0.007799226093520296,0.0
slope1__protein_npx__P14314,0.0077921450705597415,0.0
rollmean2__peptide_count__P24592,0.007769551947782994,0.0
protein_npx__P04216,0.007768250146679335,0.0
peptide_count__P02787,0.0077663165295447515,0.0
lag1__peptide_std__P08294,0.007761498614961141,0.0
delta1__peptide_std__P01042,0.007746640510051017,0.0
delta1__peptide_mean__P43251,0.007723910828657012,0.0
slope1__peptide_mean__Q02818,0.007718015279537056,0.0
slope1__peptide_mean__Q12841,0.007703886921346686,0.0
delta1__peptide_log__AEAQEAEDQQAR,0.00769749074241091,0.0
slope1__peptide_mean__P23083,0.007682559618070161,0.0
rollmean2__protein_npx__P16070,0.007682555218032386,0.0
delta1__peptide_std__P05155,0.007681371983123922,0.0
rollmean2__peptide_mean__Q9NQ79,0.0076743258045965474,0.0
rollmean2__peptide_count__P02787,0.007662149192499884,0.0
rollmean2__peptide_mean__P01031,0.007660759432064234,0.0
lag1__peptide_mean__Q9UHG2,0.007658646875402312,0.0
lag1__peptide_log__LSNENHGIAQR,0.007649820202241194,0.0
rollmean2__peptide_count__P27169,0.007647951694422278,0.0
slope1__peptide_count__Q14515,0.007647516081537104,0.0
delta1__peptide_mean__O15394,0.007638866854985421,0.0
lag1__peptide_count__P12109,0.00763139608109752,0.0
peptide_mean__P06727,0.007626967742756233,0.0
rollmean2__peptide_count__P02766,0.007624255253425395,0.0
rollmean2__peptide_count__P10645,0.007620644842178878,0.0
slope1__peptide_std__Q92876,0.00760998868587783,0.0
rollmean2__peptide_std__Q92823,0.0076097941929189564,0.0
rollmean2__peptide_count__P01024,0.007604627833111555,0.0
missing__peptide_mean__P04216,0.007598934540459248,0.0
missing__protein_npx__P04216,0.007598934540459248,0.0
missing__peptide_count__P04216,0.007598934540459248,0.0
peptide_log__IHWESASLLR,0.007586181805813227,0.0
peptide_std__P01008,0.007583454515763098,0.0
delta1__peptide_std__P07711,0.007582484595271993,0.0
lag1__peptide_mean__P32754,0.007576952296352997,0.0
delta1__peptide_count__P02760,0.007568511206611048,0.0
slope1__peptide_mean__P04156,0.007565147926836461,0.0
lag1__peptide_log__GEVQAMLGQSTEELR,0.007552918103939212,0.0
rollmean2__peptide_count__P05060,0.00755282666908954,0.0
delta1__peptide_log__GEVQAMLGQSTEELRVR,0.00755265378494226,0.0
slope1__protein_npx__Q9NYU2,0.007551112685825013,0.0
delta1__peptide_mean__P01780,0.007544054146628343,0.0
rollmean2__peptide_std__P02774,0.0075436975373075355,0.0
slope1__peptide_count__P02749,0.007520741175097109,0.0
delta1__peptide_std__Q06481,0.0075089407008595704,0.0
slope1__peptide_std__Q6UXB8,0.007508363339814646,0.0
rollmean2__protein_npx__P02656,0.007507006382801913,0.0
missing__peptide_log__NPDPWAK,0.007506470965539429,0.0
protein_npx__P02750,0.007501134924710012,0.0
lag1__protein_npx__P01608,0.007498543719390126,0.0
missing__peptide_log__NFPPSQDASGDLYTTSSQLTLPATQC(UniMod_4)PDGK,0.007497070337118441,0.0
protein_npx__P07998,0.007492553566972057,0.0
slope1__peptide_count__Q92520,0.007490817448805475,0.0
rollmean2__peptide_mean__P00751,0.007487255521428884,0.0
slope1__peptide_count__P01042,0.007475433949342924,0.0
rollmean2__peptide_count__O15394,0.007473180540677833,0.0
lag1__peptide_mean__Q9UKV8,0.007461202789903055,0.0
slope1__peptide_count__P25311,0.0074606791790704395,0.0
slope1__peptide_std__Q13740,0.007455071912651352,0.0
slope1__peptide_mean__P00736,0.007454299869034682,0.0
rollmean2__peptide_log__DASGVTFTWTPSSGK,0.007451082313733633,0.0
peptide_std__P13611,0.007444132512352054,0.0
peptide_count__P00751,0.007435174955347438,0.0
rollmean2__protein_npx__P02652,0.007432784001659608,0.0
slope1__peptide_log__KAADDTWEPFASGK,0.007424047948372099,0.0
rollmean2__peptide_mean__P10909,0.007417440155113351,0.0
delta1__peptide_log__VGYVSGWGR,0.00741387030685618,0.0
rollmean2__peptide_count__P05090,0.0074087272649415534,0.0
rollmean2__peptide_count__Q92520,0.00740832049629427,0.0
lag1__protein_npx__P01344,0.00740317617042665,0.0
delta1__peptide_mean__O00533,0.0073975414636946474,0.0
rollmean2__peptide_std__O15240,0.007395602503959512,0.0
slope1__peptide_std__P24592,0.0073935008126232845,0.0
slope1__peptide_count__P61769,0.007391382272811576,0.0
delta1__peptide_count__P01009,0.0073847078649835855,0.0
delta1__protein_npx__P04075,0.007381397495693954,0.0
rollmean2__peptide_count__P02751,0.00737787043860552,0.0
slope1__protein_npx__Q6UX71,0.007373456228058702,0.0
rollmean2__protein_npx__P04216,0.007367478796814668,0.0
peptide_log__NFPPSQDASGDLYTTSSQLTLPATQC(UniMod_4)LAGK,0.007359708671257029,0.0
delta1__protein_npx__P39060,0.007358566494000986,0.0
rollmean2__protein_npx__Q14624,0.0073341285141064454,0.0
delta1__protein_npx__Q6UX71,0.007332578211893704,0.0
peptide_mean__Q99969,0.007307852626076539,0.0
delta1__protein_npx__P02792,0.0073026747948764115,0.0
slope1__peptide_mean__P36222,0.0072943931077931465,0.0
slope1__peptide_std__P55290,0.007293430567719224,0.0
lag1__protein_npx__P06310,0.007286870477810208,0.0
rollmean2__peptide_mean__P13611,0.0072789277394624706,0.0
slope1__peptide_mean__P01833,0.0072788108274883965,0.0
rollmean2__peptide_mean__P06396,0.007278122871055318,0.0
rollmean2__protein_npx__P32754,0.007273909589255985,0.0
delta1__peptide_abundance_mean,0.007263793148201512,0.0
slope1__peptide_log__LVGGPM(UniMod_35)DASVEEEGVRR,0.007261951318704537,0.0
delta1__peptide_mean__Q6UXD5,0.007260640572006359,0.0
delta1__peptide_std__P05060,0.007256129824064882,0.0
delta1__protein_npx__P17936,0.007253732429089366,0.0
delta1__peptide_count__Q12805,0.007245395969565388,0.0
rollmean2__peptide_count__Q92823,0.00724253803911351,0.0
lag1__peptide_mean__O43505,0.007238487398995465,0.0
slope1__protein_npx__P19823,0.007237222766800035,0.0
slope1__peptide_std__P05155,0.007228499827474291,0.0
rollmean2__peptide_mean__P04196,0.007222962209363844,0.0
missing__peptide_std__Q14624,0.007221267388656678,0.0
rollmean2__peptide_mean__Q08380,0.0072172840546432665,0.0
rollmean2__peptide_mean__P02671,0.007213154746888424,0.0
lag1__peptide_mean__P41222,0.007205961849388708,0.0
delta1__peptide_log__SGELEQEEER,0.0072047427447487,0.0
missing__peptide_std__O15394,0.007188783136429941,0.0
slope1__peptide_std__P13987,0.007181697414240519,0.0
rollmean2__peptide_log__AYQGVAAPFPK,0.007175620396957987,0.0
delta1__protein_npx__P02787,0.00717327573748081,0.0
lag1__peptide_std__P04217,0.0071719797013406585,0.0
rollmean2__peptide_mean__P07998,0.007171541083501784,0.0
lag1__peptide_mean__P01023,0.007165654862331691,0.0
peptide_std__P01042,0.0071638307059513585,0.0
slope1__peptide_mean__Q99832,0.007163409118958082,0.0
delta1__protein_npx__P06454,0.0071620198512726985,0.0
peptide_mean__P13591,0.007160584211720389,0.0
lag1__protein_npx__P16070,0.007160564700022053,0.0
delta1__peptide_std__P00738,0.007156463303265493,0.0
peptide_mean__P25311,0.007147538122894277,0.0
delta1__peptide_mean__Q02818,0.0071467683764425615,0.0
slope1__peptide_mean__Q92876,0.007141968933377918,0.0
rollmean2__protein_npx__Q9UHG2,0.007140813939372902,0.0
rollmean2__peptide_mean__P02768,0.00713912421993022,0.0
lag1__peptide_mean__Q13449,0.007138528114010887,0.0
slope1__peptide_std__P08697,0.007137501060540964,0.0
protein_npx__O15240,0.007135388720291027,0.0
protein_npx__P14174,0.007133426191914713,0.0
rollmean2__protein_npx__P14314,0.007124460008941083,0.0
rollmean2__protein_npx__P01834,0.00711761456987671,0.0
slope1__peptide_mean__Q99674,0.007110557023896147,0.0
rollmean2__peptide_mean__P16035,0.007094022451384097,0.0
rollmean2__peptide_mean__P25311,0.007085388158013326,0.0
delta1__peptide_mean__Q14508,0.007083945983222231,0.0
slope1__peptide_mean__P02748,0.007079299404888916,0.0
slope1__peptide_mean__P06454,0.007076718973253626,0.0
peptide_std__P01834,0.007072232089546282,0.0
protein_npx__P49588,0.0070678299288347065,0.0
slope1__protein_npx__P01024,0.007056858427286272,0.0
rollmean2__protein_npx__P05060,0.007052707870634166,0.0
missing__peptide_count__P23083,0.007051610703747561,0.0
missing__peptide_mean__P23083,0.007051610703747561,0.0
missing__protein_npx__P23083,0.007051610703747561,0.0
missing__peptide_mean__P01033,0.007048842354347168,0.0
missing__protein_npx__P01033,0.007048842354347168,0.0
missing__peptide_count__P01033,0.007048842354347168,0.0
slope1__protein_npx__P01834,0.007048443042583225,0.0
delta1__peptide_std__P00450,0.0070483049659238245,0.0
slope1__peptide_mean__P06727,0.007043348694313892,0.0
lag1__peptide_log__LSSWVLLM(UniMod_35)K,0.007042263021540805,0.0
lag1__peptide_mean__P02671,0.007036979549116399,0.0
lag1__peptide_count__Q92823,0.0070368146059354205,0.0
lag1__protein_npx__Q16610,0.007025380012784549,0.0
rollmean2__peptide_count__P02774,0.007015199256123079,0.0
lag1__peptide_mean__Q12907,0.007013520790651003,0.0
protein_npx__P27169,0.007012590982243984,0.0
slope1__protein_npx__P11142,0.007004073244453621,0.0
delta1__protein_npx__P01591,0.0070040528083149525,0.0
delta1__peptide_mean__P43121,0.007002045381871262,0.0
peptide_mean__Q6UXD5,0.007001295094094419,0.0
delta1__peptide_count__P10643,0.006985615169298243,0.0
rollmean2__peptide_count__P02656,0.00698168874476606,0.0
peptide_mean__P10451,0.006979374986848925,0.0
rollmean2__peptide_count__P02679,0.006969575589766208,0.0
missing__peptide_std__P61769,0.00696505482640932,0.0
delta1__peptide_count__P51884,0.006962328790188717,0.0
slope1__peptide_mean__Q9Y646,0.0069589961048123405,0.0
slope1__peptide_std__P02647,0.006955647933583834,0.0
delta1__protein_npx__Q99683,0.0069550625829934406,0.0
missing__peptide_std__Q9Y6R7,0.006951015198700031,0.0
peptide_mean__O43505,0.006932622165701093,0.0
rollmean2__peptide_mean__P09486,0.006923477079500606,0.0
missing__peptide_log__DLATVYVDVLK,0.0069209975734310075,0.0
delta1__peptide_mean__P13591,0.00691879750175484,0.0
rollmean2__peptide_count__Q6UXB8,0.006908319974438228,0.0
missing__peptide_mean__Q15904,0.006904608053145332,0.0
missing__protein_npx__Q15904,0.006904608053145332,0.0
missing__peptide_count__Q15904,0.006904608053145332,0.0
lag1__peptide_log__ALGISPFHEHAEVVFTANDSGPR,0.006896847698569076,0.0
slope1__protein_npx__P06727,0.006893261820640474,0.0
slope1__peptide_mean__P01011,0.006890941938368921,0.0
peptide_mean__P00748,0.006881755706339171,0.0
slope1__protein_npx__P01009,0.006881353845799387,0.0
rollmean2__peptide_mean__P01859,0.006880465700667168,0.0
delta1__peptide_log__C(UniMod_4)SYTEDAQC(UniMod_4)IDGTIEVPK,0.0068793958686337,0.0
protein_npx__P05060,0.006878491849429194,0.0
rollmean2__peptide_std__P08571,0.0068699030329311605,0.0
lag1__protein_npx__P02655,0.0068673191596156395,0.0
slope1__peptide_mean__Q15904,0.00686565999706532,0.0
delta1__peptide_log__SLAELGGHLDQQVEEFRR,0.006861943906696063,0.0
delta1__protein_npx__P02679,0.006857515095208646,0.0
lag1__peptide_count__P39060,0.006855948593049889,0.0
lag1__protein_npx__P35542,0.006855129858692866,0.0
slope1__protein_npx__P02656,0.006845362458147862,0.0
lag1__peptide_log__TKEEYGHSEVVEYYC(UniMod_4)NPR,0.006842551134860246,0.0
lag1__peptide_log__VKDLATVYVDVLK,0.006837377806425695,0.0
lag1__peptide_mean__P02768,0.0068370404897348264,0.0
slope1__peptide_log__QWAGLVEK,0.006830256566681646,0.0
missing__peptide_log__TTPPVLDSDGSFFLYSK,0.006826701907724797,0.0
delta1__peptide_std__P01860,0.006812931489107259,0.0
delta1__peptide_mean__P36955,0.006809696285739787,0.0
peptide_log__AATGEC(UniMod_4)TATVGKR,0.006808884566199952,0.0
rollmean2__protein_npx__P49908,0.0068086373201524655,0.0
slope1__peptide_count__P43121,0.006804567146223158,0.0
delta1__peptide_count__P05546,0.006804289051133136,0.0
delta1__protein_npx__Q15904,0.006798847345250459,0.0
lag1__protein_npx__P02647,0.006795730289588933,0.0
slope1__protein_npx__P51884,0.00679392020753726,0.0
slope1__peptide_log__GC(UniMod_4)PTEEGC(UniMod_4)GER,0.006772012397842272,0.0
protein_npx__P18065,0.006767685685234567,0.0
rollmean2__peptide_mean__P01023,0.006764462373610852,0.0
rollmean2__peptide_mean__P00441,0.006761864039293113,0.0
rollmean2__peptide_mean__P05546,0.0067560795456895716,0.0
delta1__peptide_mean__P00450,0.0067532821274997185,0.0
rollmean2__peptide_std__P02766,0.006749382103897165,0.0
lag1__peptide_mean__P49908,0.006743784644857028,0.0
slope1__protein_npx__P02750,0.006741943486276415,0.0
delta1__protein_npx__P01042,0.0067297599404402475,0.0
missing__peptide_count__Q9NQ79,0.006725993470620715,0.0
missing__peptide_mean__Q9NQ79,0.006725993470620715,0.0
missing__protein_npx__Q9NQ79,0.006725993470620715,0.0
slope1__peptide_std__O75144,0.00672342087613261,0.0
slope1__peptide_mean__P40925,0.006717969985812899,0.0
protein_npx__Q08380,0.006715451190832477,0.0
slope1__peptide_std__P01859,0.006715056732999953,0.0
lag1__peptide_log__VLLDQLR,0.006714698114672174,0.0
lag1__peptide_mean__Q9HDC9,0.006714698114672174,0.0
lag1__peptide_count__P01024,0.0067118885301463566,0.0
slope1__peptide_log__FLATTPNSLLVSWQPPR,0.00671019291959484,0.0
delta1__peptide_log__C(UniMod_4)REILSVDC(UniMod_4)STNNPSQAK,0.006708590347544109,0.0
peptide_std__P05546,0.006699494734891603,0.0
slope1__peptide_abundance_std,0.00669683404773782,0.0
rollmean2__protein_npx__P04275,0.006696569784197034,0.0
lag1__peptide_mean__Q9Y6R7,0.006695632483131928,0.0
slope1__protein_npx__Q14508,0.006691975027436318,0.0
peptide_mean__Q08380,0.0066905254653107475,0.0
peptide_mean__P13521,0.0066895912621331745,0.0
peptide_mean__P10909,0.0066854513475996516,0.0
peptide_std__P02671,0.006683888701313188,0.0
slope1__peptide_mean__Q7Z5P9,0.006683338300009517,0.0
slope1__peptide_log__M(UniMod_35)YLGYEYVTAIR,0.006681689336487687,0.0
rollmean2__peptide_mean__P43652,0.00667821637270099,0.0
slope1__peptide_mean__P02671,0.006663251278240304,0.0
delta1__protein_npx__P41222,0.0066570012656373,0.0
missing__peptide_mean__P19021,0.006649283880825451,0.0
missing__protein_npx__P19021,0.006649283880825451,0.0
missing__peptide_count__P19021,0.006649283880825451,0.0
peptide_count__P01024,0.00664083827659562,0.0
peptide_std__P00747,0.006636805692646707,0.0
delta1__protein_npx__Q96KN2,0.006636676906939429,0.0
slope1__peptide_mean__P02760,0.00661234547244457,0.0
delta1__peptide_mean__P05452,0.006612012737444839,0.0
slope1__protein_npx__P02747,0.006610385495078946,0.0
rollmean2__protein_npx__Q99435,0.006608056420910709,0.0
slope1__peptide_std__P17174,0.0066066699348663,0.0
slope1__peptide_count__P07711,0.006602134730787953,0.0
lag1__peptide_count__Q16610,0.0066006214285745934,0.0
slope1__peptide_mean__Q9NYU2,0.006599450558977407,0.0
delta1__peptide_count__P16070,0.006591282826350853,0.0
lag1__peptide_abundance_mean,0.006588642774429508,0.0
delta1__peptide_count__Q06481,0.006579221892881501,0.0
slope1__peptide_mean__P27169,0.006556978634184748,0.0
lag1__peptide_log__LRTEGDGVYTLNNEKQWINK,0.006556561576186474,0.0
peptide_mean__P01024,0.006555605774186269,0.0
slope1__peptide_mean__P19652,0.0065554027801660525,0.0
lag1__peptide_count__Q08380,0.006553370872115244,0.0
peptide_log__LFDSDPITVTVPVEVSR,0.006551616239673567,0.0
slope1__peptide_std__Q12907,0.006547752274755251,0.0
peptide_mean__P07339,0.006544489622790399,0.0
rollmean2__protein_npx__P02649,0.0065338801656632944,0.0
slope1__peptide_count__Q9UHG2,0.006530153046305764,0.0
lag1__peptide_count__Q92520,0.006528132724577657,0.0
rollmean2__peptide_log__KAADDTWEPFASGK,0.006526223847629746,0.0
delta1__peptide_count__P02452,0.006525958525972406,0.0
missing__peptide_mean__O15394,0.006505758150199156,0.0
missing__peptide_count__O15394,0.006505758150199156,0.0
missing__protein_npx__O15394,0.006505758150199156,0.0
delta1__protein_npx__Q99829,0.006502400673584566,0.0
missing__protein_npx__P06681,0.00649843415236041,0.0
missing__peptide_mean__P06681,0.00649843415236041,0.0
missing__peptide_count__P06681,0.00649843415236041,0.0
protein_npx__P61626,0.006491267612877192,0.0
lag1__peptide_std__O00533,0.006488553480751623,0.0
delta1__peptide_log__C(UniMod_4)IIEVLSNALSK,0.006477426560599258,0.0
rollmean2__peptide_log__LSSWVLLM(UniMod_35)K,0.006473753444047113,0.0
rollmean2__protein_npx__P01024,0.0064680159262953405,0.0
delta1__peptide_count__P02652,0.006458718842429853,0.0
missing__peptide_std__P04180,0.006458358904166201,0.0
delta1__protein_npx__Q92876,0.006453277364550675,0.0
rollmean2__protein_npx__P01033,0.006437704889520809,0.0
peptide_log__SC(UniMod_4)DTPPPC(UniMod_4)PR,0.006435233747261318,0.0
lag1__peptide_mean__P01621,0.006430485713891222,0.0
peptide_mean__P00746,0.0064246849009904055,0.0
delta1__peptide_mean__Q14515,0.0064173100011432815,0.0
slope1__protein_npx__Q13740,0.006411761076435614,0.0
peptide_mean__P06396,0.006411525974652797,0.0
peptide_count__Q14118,0.006401816005591114,0.0
rollmean2__peptide_log__NPDSSTTGPWC(UniMod_4)YTTDPTVR,0.006400179472150088,0.0
delta1__protein_npx__P01344,0.006394412398353425,0.0
slope1__protein_npx__P01594,0.006392717056694299,0.0
slope1__peptide_std__P02760,0.006387599055053734,0.0
lag1__peptide_mean__P01834,0.006384834222130418,0.0
lag1__peptide_mean__P02656,0.006378119393716066,0.0
slope1__peptide_count__P17174,0.006377601911603903,0.0
peptide_mean__Q92520,0.006358112068207184,0.0
lag1__peptide_count__P02671,0.006351252957792891,0.0
slope1__peptide_mean__P02792,0.006347133452307207,0.0
missing__peptide_mean__Q6UXB8,0.006346773716910794,0.0
missing__protein_npx__Q6UXB8,0.006346773716910794,0.0
missing__peptide_count__Q6UXB8,0.006346773716910794,0.0
slope1__peptide_mean__P01344,0.006341598988762807,0.0
delta1__peptide_mean__P00746,0.006340762342012092,0.0
delta1__protein_npx__Q8NBJ4,0.0063406750967612375,0.0
slope1__peptide_mean__P19823,0.0063398722539380874,0.0
lag1__peptide_mean__P02760,0.006333335673512429,0.0
delta1__peptide_count__P02790,0.006330671187668974,0.0
rollmean2__peptide_mean__Q9HDC9,0.006329595181916841,0.0
rollmean2__peptide_log__VLLDQLR,0.006329595181916841,0.0
slope1__peptide_count__P05090,0.006329300398145011,0.0
rollmean2__peptide_log__WELALGR,0.006326703590104743,0.0
protein_npx__Q8NBJ4,0.006326081054350626,0.0
slope1__protein_npx__P08253,0.006323488932805125,0.0
delta1__peptide_mean__P05090,0.006315280228739938,0.0
delta1__peptide_std__P02649,0.006315046507014057,0.0
lag1__peptide_mean__P61916,0.006314717077616299,0.0
peptide_log__VQAAVGTSAAPVPSDNH,0.006309604943444475,0.0
lag1__peptide_std__P14314,0.0063052419632599315,0.0
delta1__peptide_log__AVLPTGDVIGDSAK,0.006299549777968995,0.0
slope1__protein_npx__Q13332,0.006292815734320821,0.0
peptide_std__O00584,0.0062926613511660665,0.0
lag1__protein_npx__O00584,0.00628968488435688,0.0
delta1__peptide_mean__P06396,0.006274995302992824,0.0
missing__protein_npx__Q12841,0.00626986564626042,0.0
missing__peptide_mean__Q12841,0.00626986564626042,0.0
missing__peptide_count__Q12841,0.00626986564626042,0.0
lag1__peptide_count__O15394,0.006261662035030823,0.0
lag1__peptide_mean__O00584,0.006254316410508292,0.0
slope1__peptide_count__P39060,0.0062470920890038565,0.0
slope1__peptide_mean__P01859,0.006245644093200781,0.0
slope1__peptide_std__P98160,0.006241337933208986,0.0
missing__peptide_log__KFPSGTFEQVSQLVK,0.006237456133535922,0.0
delta1__protein_npx__O15240,0.006234814417366787,0.0
protein_npx__P19827,0.0062327420636241046,0.0
rollmean2__peptide_mean__P13671,0.006231007394876358,0.0
delta1__protein_npx__P01034,0.006230868503530706,0.0
delta1__peptide_log__QNC(UniMod_4)ELFEQLGEYK,0.006216899375184553,0.0
peptide_log__NFPPSQDASGDLYTTSSQLTLPATQC(UniMod_4)PDGK,0.006216679474653079,0.0
rollmean2__peptide_mean__P24592,0.006214774131497898,0.0
delta1__peptide_std__P04217,0.006209084373454976,0.0
rollmean2__peptide_count__P06681,0.006207612619743528,0.0
slope1__protein_npx__P05090,0.006203233522647946,0.0
slope1__peptide_log__AKLEEQAQQIR,0.006196778186487473,0.0
lag1__protein_npx__Q9BY67,0.006187925061590119,0.0
peptide_mean__O75326,0.00618227408004844,0.0
delta1__peptide_mean__Q12841,0.006171577628612974,0.0
delta1__protein_npx__P02768,0.006170481236252527,0.0
slope1__peptide_std__O15240,0.006161943121043453,0.0
delta1__peptide_mean__P04406,0.006158525027544894,0.0
rollmean2__peptide_mean__P02774,0.006157014124697477,0.0
peptide_mean__Q9UHG2,0.006154077860262803,0.0
delta1__protein_npx__O00533,0.006151890237628447,0.0
lag1__peptide_log__VQPYLDDFQKK,0.0061487260001025605,0.0
rollmean2__peptide_mean__Q14118,0.006145887747649202,0.0
lag1__peptide_count__P08571,0.006143500118721545,0.0
delta1__peptide_mean__Q6UXB8,0.006138028383946968,0.0
slope1__peptide_count__P01024,0.00612991349575631,0.0
lag1__peptide_mean__Q13332,0.006128921707640193,0.0
protein_npx__P02679,0.006120606306145204,0.0
peptide_log__C(UniMod_4)REILSVDC(UniMod_4)STNNPSQAK,0.006113704594335071,0.0
rollmean2__peptide_mean__Q8IWV7,0.006102747649292167,0.0
rollmean2__peptide_log__ILTC(UniMod_4)M(UniMod_35)QGMEEIR,0.006102747649292167,0.0
slope1__protein_npx__Q9Y646,0.006098842748907721,0.0
peptide_mean__P06454,0.006091957704765486,0.0
slope1__peptide_count__P02790,0.006091577631283089,0.0
lag1__peptide_log__TEGDGVYTLNNEK,0.006091355458338014,0.0
peptide_log__HGGLYHENMR,0.006091069819903568,0.0
slope1__protein_npx__P01860,0.006081642382238004,0.0
delta1__peptide_mean__P02655,0.006074151432905402,0.0
protein_npx__P01008,0.006069589324587113,0.0
lag1__protein_npx__Q12805,0.006068596217472034,0.0
missing__peptide_log__AATGEC(UniMod_4)TATVGKR,0.006066024398249754,0.0
slope1__protein_npx__Q92876,0.006061956246202145,0.0
slope1__peptide_count__P06727,0.006061698452010964,0.0
peptide_count__P01009,0.006055600716404241,0.0
slope1__peptide_mean__P51884,0.006055088683349197,0.0
lag1__peptide_mean__Q9UBX5,0.0060458070596212795,0.0
lag1__protein_npx__Q9UHG2,0.006044033783341585,0.0
lag1__peptide_mean__P16070,0.00604212047561875,0.0
delta1__peptide_mean__P01594,0.006041601444748617,0.0
rollmean2__peptide_mean__P01717,0.006039602911537553,0.0
slope1__peptide_mean__P18065,0.006029319392137847,0.0
rollmean2__peptide_std__Q96PD5,0.00602329276262197,0.0
protein_npx__Q9Y646,0.006020903765946984,0.0
delta1__peptide_mean__P27169,0.006015244231928413,0.0
lag1__protein_npx__P10645,0.006007462379671149,0.0
lag1__protein_npx__P01011,0.005997073485437817,0.0
lag1__peptide_std__Q13740,0.0059822769141698985,0.0
lag1__peptide_mean__P09486,0.005979769880711931,0.0
missing__peptide_log__EDSLEAGLPLQVR,0.005978959230608724,0.0
slope1__peptide_log__FM(UniMod_35)ETVAEK,0.005972039552300313,0.0
lag1__protein_npx__P07225,0.005971322164066257,0.0
lag1__peptide_mean__P01876,0.005969663695980116,0.0
lag1__protein_npx__P02760,0.005967925478527126,0.0
rollmean2__peptide_std__Q92876,0.005938088899532589,0.0
lag1__peptide_count__P01860,0.005936213758226638,0.0
lag1__peptide_count__P13611,0.00593352439131929,0.0
rollmean2__peptide_mean__Q9UNU6,0.0059331939373140664,0.0
delta1__peptide_std__P19652,0.005929309595798454,0.0
slope1__peptide_mean__Q14508,0.005927664309738423,0.0
rollmean2__peptide_count__P07998,0.005919677555047781,0.0
rollmean2__peptide_mean__P09104,0.0058977860499252206,0.0
rollmean2__peptide_mean__P04433,0.005893852049340642,0.0
slope1__protein_npx__P00738,0.005889852586029095,0.0
slope1__peptide_mean__P04275,0.005883765408682376,0.0
rollmean2__peptide_std__P02751,0.0058777569479037985,0.0
rollmean2__peptide_std__O14773,0.005875973714659066,0.0
rollmean2__protein_npx__P08603,0.005875732819665304,0.0
lag1__protein_npx__P23083,0.005873296791702241,0.0
peptide_log__LAVYQAGAR,0.0058716634633349946,0.0
peptide_count__P00746,0.0058701615142114204,0.0
delta1__peptide_mean__P01857,0.005864048978037745,0.0
slope1__protein_npx__P13591,0.0058627592755070585,0.0
protein_npx__P14314,0.005855657017503718,0.0
slope1__peptide_std__P27169,0.005854883006055023,0.0
delta1__peptide_count__P07711,0.005854010264776192,0.0
lag1__peptide_mean__P25311,0.005847189795245889,0.0
peptide_log__VDNALQSGNSQESVTEQDSKDSTYSLSSTLTLSK,0.005845031687988315,0.0
rollmean2__peptide_std__Q12907,0.0058418274687550755,0.0
slope1__peptide_count__Q12907,0.0058354078498834205,0.0
rollmean2__peptide_std__P17174,0.005830821432042431,0.0
delta1__peptide_log__C(UniMod_4)RDQLPYIC(UniMod_4)QFGIV,0.005822056506623591,0.0
rollmean2__peptide_std__P04433,0.005820104904175054,0.0
lag1__peptide_std__P02765,0.005819677519672656,0.0
lag1__peptide_mean__P01608,0.00581665012428056,0.0
delta1__peptide_std__P01034,0.00581300433981752,0.0
delta1__peptide_count__P02768,0.005807024381628196,0.0
rollmean2__peptide_mean__Q99969,0.005793936614178916,0.0
rollmean2__peptide_count__O15240,0.005793361979951138,0.0
slope1__peptide_mean__P24592,0.005786027180510489,0.0
rollmean2__peptide_abundance_min,0.005776758653446248,0.0
delta1__peptide_log__GEVQAMLGQSTEELR,0.005767413473458322,0.0
lag1__peptide_mean__Q92520,0.005759288568439348,0.0
lag1__peptide_log__LEGQEEEEDNRDSSMK,0.005758715471338864,0.0
delta1__protein_npx__P01031,0.005747242559034602,0.0
rollmean2__peptide_std__Q12805,0.005737715895640177,0.0
lag1__peptide_log__FM(UniMod_35)ETVAEK,0.005737108017177346,0.0
delta1__peptide_mean__Q9UBX5,0.005734762846577019,0.0
slope1__protein_npx__P08697,0.005731776091766284,0.0
lag1__protein_npx__P31997,0.005730118898456656,0.0
protein_npx__P16152,0.00572204804873221,0.0
delta1__peptide_count__P05452,0.005714715481592899,0.0
lag1__peptide_count__P04196,0.005714126567825295,0.0
peptide_mean__P02675,0.005710945800687779,0.0
peptide_mean__P02655,0.00570379552261128,0.0
lag1__protein_npx__Q14508,0.005701815619701517,0.0
peptide_count__P08493,0.00568900825800867,0.0
peptide_mean__P01008,0.005684187041138489,0.0
missing__peptide_log__GEVQAMLGQSTEELRVR,0.005683661252908622,0.0
slope1__protein_npx__P01877,0.005672998439218769,0.0
lag1__peptide_std__P02656,0.005666443783978874,0.0
slope1__peptide_mean__P13473,0.005658947795482738,0.0
lag1__peptide_mean__P02649,0.00565740358769381,0.0
lag1__peptide_count__P07998,0.005639381111159717,0.0
protein_npx__P08603,0.005629472568369741,0.0
slope1__protein_npx__P05452,0.005612275957254965,0.0
lag1__peptide_count__P10643,0.005610506342611173,0.0
delta1__peptide_mean__O43505,0.00560446719504406,0.0
lag1__peptide_log__M(UniMod_35)ASGAANVVGPK,0.005603150163301898,0.0
protein_npx__P16070,0.005602468967555702,0.0
rollmean2__protein_npx__P02655,0.005600832832955876,0.0
lag1__peptide_mean__P08603,0.005600831171228009,0.0
lag1__peptide_std__P09486,0.00559919805946836,0.0
lag1__peptide_log__LGQSLDC(UniMod_4)NAEVYVVPWEK,0.005597064954513534,0.0
lag1__peptide_mean__P02774,0.005581918953255559,0.0
rollmean2__peptide_std__O00533,0.005578632667238553,0.0
peptide_count__P05060,0.0055748809833442246,0.0
lag1__peptide_mean__P05060,0.005569302700977249,0.0
delta1__peptide_std__P02753,0.005554548303203621,0.0
delta1__peptide_mean__Q9BY67,0.005549763615099128,0.0
slope1__protein_npx__Q8N2S1,0.0055472033405020785,0.0
lag1__peptide_count__P61769,0.0055418295232365225,0.0
slope1__peptide_log__NFPPSQDASGDLYTTSSQLTLPATQC(UniMod_4)LAGK,0.005539894057647665,0.0
rollmean2__protein_npx__P06310,0.0055398290557697235,0.0
slope1__peptide_std__P05067,0.005539544078823728,0.0
slope1__peptide_mean__P09486,0.005538932290511255,0.0
protein_npx__P09871,0.005538692299923761,0.0
lag1__peptide_count__P02675,0.005533533784771783,0.0
peptide_mean__P01833,0.005532393391682567,0.0
delta1__peptide_log__SC(UniMod_4)DTPPPC(UniMod_4)PR,0.005524310678965962,0.0
rollmean2__peptide_count__P02675,0.00552397063285274,0.0
lag1__protein_npx__P08697,0.005516847663171825,0.0
slope1__peptide_mean__P25311,0.005508219944427272,0.0
slope1__peptide_count__P41222,0.005506405573114263,0.0
lag1__peptide_mean__P01034,0.005503934184704313,0.0
lag1__peptide_std__Q96KN2,0.005503595800124104,0.0
delta1__peptide_mean__P00738,0.0055021016511426005,0.0
slope1__protein_npx__P02766,0.0054964424015973,0.0
peptide_std__Q92823,0.00549512570493112,0.0
lag1__peptide_std__P12109,0.005492860056880521,0.0
missing__peptide_std__P43121,0.0054788469869819995,0.0
slope1__protein_npx__Q9UNU6,0.0054689137501541234,0.0
peptide_count__P02675,0.005464743687884322,0.0
lag1__peptide_mean__P98160,0.005459711717260203,0.0
rollmean2__protein_npx__P14174,0.005448983969100879,0.0
slope1__peptide_mean__P43121,0.005436674833021605,0.0
lag1__protein_npx__O14791,0.005433033418664019,0.0
rollmean2__peptide_mean__Q99832,0.005425343881740491,0.0
missing__peptide_log__VQAAVGTSAAPVPSDNH,0.005415188734337858,0.0
protein_npx__P02452,0.005414863436904514,0.0
slope1__peptide_count__P36222,0.005414303285629377,0.0
delta1__peptide_std__P02671,0.0054122303667088305,0.0
lag1__protein_npx__P19827,0.005408956231750572,0.0
missing__peptide_mean__P01031,0.0054087716246954765,0.0
missing__peptide_count__P01031,0.0054087716246954765,0.0
missing__protein_npx__P01031,0.0054087716246954765,0.0
slope1__peptide_mean__Q13451,0.005407703595991814,0.0
slope1__peptide_std__P01857,0.005406644713527105,0.0
rollmean2__protein_npx__P17174,0.005400278001020032,0.0
slope1__peptide_mean__P05155,0.005393314330566244,0.0
rollmean2__protein_npx__P02671,0.005386123653692273,0.0
lag1__peptide_mean__Q08380,0.005384803698052307,0.0
peptide_log__VDSGNDVTDIADDGC(UniMod_4)PKPPEIAHGYVEHSVR,0.005382176686280635,0.0
peptide_mean__P09104,0.0053774356088119825,0.0
protein_npx__P54289,0.00537496862054091,0.0
lag1__peptide_count__Q6UXB8,0.005372992165269221,0.0
slope1__protein_npx__P41222,0.005368838679603299,0.0
lag1__protein_npx__P04196,0.005363498887361456,0.0
slope1__peptide_mean__P00738,0.005363116471674481,0.0
delta1__protein_npx__P04207,0.005362801992385892,0.0
lag1__peptide_mean__P00734,0.00535521638420268,0.0
peptide_log__DSGEGDFLAEGGGVR,0.005352439016316078,0.0
delta1__protein_npx__P07195,0.00534158040872678,0.0
missing__peptide_log__C(UniMod_4)KPVNTFVHEPLVDVQNVC(UniMod_4)FQEK,0.0053407048684355985,0.0
rollmean2__protein_npx__P16152,0.005333965905533723,0.0
peptide_mean__P02765,0.005333559140312338,0.0
delta1__protein_npx__P01877,0.005332977483158601,0.0
peptide_count__Q96PD5,0.005332771831186697,0.0
rollmean2__protein_npx__P05067,0.00533257426624059,0.0
lag1__protein_npx__O75144,0.005320914923210709,0.0
lag1__protein_npx__P07339,0.005314699574552321,0.0
delta1__peptide_mean__P05155,0.005303834856636809,0.0
rollmean2__peptide_mean__P01009,0.005296134394528861,0.0
delta1__protein_npx__Q92520,0.005294905257045317,0.0
slope1__peptide_log__VC(UniMod_4)PFAGILENGAVR,0.00528778199551015,0.0
peptide_mean__O14773,0.005287654285968025,0.0
protein_npx__Q7Z5P9,0.005286804192600542,0.0
delta1__peptide_count__Q6UXB8,0.005284640308326399,0.0
slope1__peptide_count__Q12805,0.0052818985676865325,0.0
slope1__peptide_mean__P09871,0.005275417406834609,0.0
peptide_mean__P05156,0.0052637046375462754,0.0
delta1__protein_npx__P20933,0.005261245690345542,0.0
lag1__peptide_mean__P17936,0.005249957672675355,0.0
delta1__peptide_log__SC(UniMod_4)SPELQQK,0.005240734576466183,0.0
delta1__peptide_mean__P16152,0.005240734576466183,0.0
peptide_mean__Q9Y646,0.005236652468371417,0.0
missing__peptide_log__ELSSFIDKGQELC(UniMod_4)ADYSENTFTEYK,0.005235640716432175,0.0
peptide_std__P07711,0.00523459280575728,0.0
lag1__protein_npx__O43505,0.005229431504302268,0.0
slope1__protein_npx__P04004,0.005223893903099631,0.0
slope1__peptide_std__P02671,0.005221477874011934,0.0
delta1__peptide_count__P27169,0.005218895915563447,0.0
peptide_std__P00734,0.005218272538137044,0.0
delta1__peptide_log__FLATTPNSLLVSWQPPR,0.005207833545690654,0.0
slope1__peptide_log__SELEEQLTPVAEETR,0.0052043515987219525,0.0
delta1__protein_npx__P01780,0.00520180777840874,0.0
slope1__protein_npx__P05156,0.005198122562548249,0.0
rollmean2__peptide_mean__P11277,0.005194747076822595,0.0
rollmean2__peptide_mean__P01011,0.005191541300078978,0.0
delta1__peptide_count__Q14118,0.005189312276864572,0.0
delta1__peptide_count__O15240,0.005173913064975291,0.0
delta1__protein_npx__P05156,0.0051725716862511635,0.0
lag1__peptide_mean__P30086,0.005169078249073461,0.0
lag1__peptide_mean__Q8NE71,0.005164496853915173,0.0
lag1__peptide_mean__P04004,0.0051622862524117056,0.0
delta1__protein_npx__Q9NYU2,0.005154688874860439,0.0
peptide_std__P02768,0.005154194637925147,0.0
slope1__protein_npx__P13473,0.005153302025612423,0.0
delta1__peptide_log__EILSVDC(UniMod_4)STNNPSQAK,0.00515315398158566,0.0
delta1__peptide_log__TTPPVLDSDGSFFLYSK,0.005150235780465963,0.0
protein_npx__P05155,0.005149407119142379,0.0
delta1__peptide_count__P54289,0.005148033109581581,0.0
lag1__peptide_count__P07225,0.005146973726072927,0.0
peptide_std__P02766,0.005142569809422423,0.0
rollmean2__peptide_count__P08571,0.005141825662546386,0.0
delta1__protein_npx__P36955,0.005141620829909771,0.0
peptide_count__P02679,0.005136875730077407,0.0
slope1__peptide_mean__Q9UNU6,0.005125911587060702,0.0
delta1__peptide_count__P08493,0.005116027034642502,0.0
slope1__peptide_std__P04180,0.005112209450478206,0.0
lag1__protein_npx__Q9UBR2,0.005110647623620998,0.0
slope1__peptide_count__P06681,0.005109662290992802,0.0
lag1__protein_npx__P02748,0.005103169621272385,0.0
delta1__protein_npx__P36980,0.005099493043539551,0.0
missing__protein_npx__P07195,0.005086808740403046,0.0
missing__peptide_count__P07195,0.005086808740403046,0.0
missing__peptide_mean__P07195,0.005086808740403046,0.0
slope1__peptide_std__P04075,0.005085709394610497,0.0
rollmean2__peptide_std__P06396,0.005083646815692255,0.0
delta1__peptide_std__P41222,0.005081125260949316,0.0
missing__protein_npx__Q96BZ4,0.0050807451147954,0.0
missing__peptide_count__Q96BZ4,0.0050807451147954,0.0
missing__peptide_mean__Q96BZ4,0.0050807451147954,0.0
lag1__peptide_mean__Q9BY67,0.005080502089095057,0.0
slope1__peptide_std__P01019,0.0050771172278190535,0.0
missing__current_updrs_3,0.005074515500710371,0.0
protein_npx__P05067,0.005073794327879076,0.0
rollmean2__peptide_mean__P61916,0.005068880027353165,0.0
peptide_count__P27169,0.005068378523514281,0.0
rollmean2__protein_npx__O15240,0.005065748503744948,0.0
peptide_std__O15240,0.005064556483748379,0.0
protein_npx__P51884,0.005059287108113178,0.0
rollmean2__peptide_mean__P17174,0.0050556506357102736,0.0
peptide_mean__P19823,0.0050515525634089835,0.0
delta1__peptide_std__P01857,0.005047178227795815,0.0
lag1__peptide_log__AKLEEQAQQIR,0.005025675304814526,0.0
slope1__protein_npx__Q15904,0.005025546442512444,0.0
delta1__protein_npx__P16070,0.005025099711633537,0.0
rollmean2__protein_npx__Q08380,0.00502103799180291,0.0
missing__peptide_std__P02750,0.005019899580828306,0.0
slope1__protein_npx__Q99829,0.005019679132906742,0.0
peptide_log__M(UniMod_35)YLGYEYVTAIR,0.005019456791876756,0.0
lag1__peptide_std__P01877,0.005018485107856121,0.0
delta1__protein_npx__P01594,0.005014963500854789,0.0
peptide_mean__Q9BY67,0.005014030365185573,0.0
peptide_abundance_max,0.00500781581262977,0.0
protein_npx__P39060,0.005004528700247346,0.0
slope1__peptide_count__P16870,0.005003847159233728,0.0
lag1__protein_npx__P04004,0.005001993263936654,0.0
slope1__peptide_log__YVMLPVADQDQC(UniMod_4)IR,0.00499721866965728,0.0
rollmean2__peptide_abundance_max,0.004994704426226424,0.0
rollmean2__protein_npx__Q14515,0.004994106292510747,0.0
missing__peptide_std__P12109,0.004992799704225809,0.0
slope1__peptide_mean__Q9UHG2,0.004992300551662756,0.0
peptide_log__LSKELQAAQAR,0.00498973552813188,0.0
slope1__peptide_mean__P16035,0.0049887062857645915,0.0
delta1__peptide_mean__Q13332,0.004986779123254168,0.0
lag1__protein_npx__Q9UBX5,0.004984947151376865,0.0
lag1__peptide_log__SELEEQLTPVAEETR,0.004984145338790156,0.0
slope1__peptide_std__P09871,0.004981465548734582,0.0
slope1__protein_npx__P10451,0.004978152180924886,0.0
delta1__peptide_mean__Q99829,0.0049691469237691886,0.0
rollmean2__peptide_mean__P13591,0.004960884458851669,0.0
slope1__peptide_mean__P02649,0.004953405295761816,0.0
delta1__peptide_mean__Q99435,0.004953381022816613,0.0
slope1__peptide_mean__Q16610,0.0049441885728954485,0.0
delta1__peptide_count__P02765,0.004943797107976027,0.0
delta1__peptide_log__DLATVYVDVLK,0.004939654538383877,0.0
lag1__protein_npx__P08603,0.004939379562244463,0.0
protein_npx__P02656,0.004934136991951996,0.0
slope1__protein_npx__Q02818,0.004927787593069219,0.0
rollmean2__peptide_std__P02748,0.0049274908383183475,0.0
rollmean2__peptide_mean__Q8NBJ4,0.004926224308065469,0.0
lag1__peptide_log__WELALGR,0.004926094926765558,0.0
rollmean2__peptide_mean__P01608,0.0049186117478757455,0.0
rollmean2__protein_npx__P06727,0.004915955318824489,0.0
missing__peptide_mean__P13473,0.004914571593033815,0.0
missing__peptide_count__P13473,0.004914571593033815,0.0
missing__protein_npx__P13473,0.004914571593033815,0.0
missing__protein_npx__P02655,0.00489084689986443,0.0
missing__peptide_mean__P02655,0.00489084689986443,0.0
missing__peptide_count__P02655,0.00489084689986443,0.0
missing__peptide_log__KQELSEAEQATR,0.004889641042520084,0.0
protein_npx__P08253,0.00488829420719614,0.0
rollmean2__peptide_count__O94919,0.004887865511753629,0.0
slope1__peptide_mean__P13987,0.004887582960575305,0.0
lag1__peptide_mean__Q99969,0.004884757057257084,0.0
peptide_std__Q12841,0.004875160814022657,0.0
peptide_std__P36955,0.004866042591215942,0.0
slope1__peptide_std__P07998,0.0048647695925922545,0.0
lag1__protein_npx__P00748,0.004862656903132718,0.0
rollmean2__peptide_mean__Q16610,0.004853188783873624,0.0
lag1__protein_npx__Q9Y6R7,0.004851534705945699,0.0
rollmean2__peptide_log__LDEVKEQVAEVR,0.0048492853068197945,0.0
lag1__protein_npx__P61769,0.0048465862207493484,0.0
delta1__protein_npx__Q99674,0.00483835275156871,0.0
missing__peptide_std__P17174,0.0048362362066800176,0.0
rollmean2__peptide_count__P01023,0.004831287917151472,0.0
lag1__peptide_std__P02753,0.00482524308624593,0.0
delta1__peptide_log__LDEVKEQVAEVR,0.0048251803639651775,0.0
delta1__peptide_std__Q96KN2,0.004817765486209417,0.0
delta1__peptide_std__P10909,0.004816542208967265,0.0
rollmean2__peptide_mean__O15240,0.004815456137126302,0.0
delta1__peptide_mean__Q7Z5P9,0.004813279768110111,0.0
rollmean2__peptide_mean__P16070,0.004811669517306408,0.0
rollmean2__peptide_std__P39060,0.004810334250342254,0.0
missing__peptide_log__MYYSAVDPTKDIFTGLIGPM(UniMod_35)K,0.004807731853390685,0.0
protein_npx__P05156,0.0048074052101257005,0.0
missing__peptide_std__P00746,0.0048045961570179554,0.0
delta1__protein_npx__P07998,0.004788941748662402,0.0
delta1__peptide_std__P02766,0.004784576905419652,0.0
delta1__protein_npx__P14314,0.004781483202773127,0.0
protein_npx__Q14515,0.004781005428034145,0.0
delta1__peptide_std__P06681,0.004779488462631145,0.0
protein_npx__P06396,0.0047771246304490695,0.0
rollmean2__protein_npx__P14618,0.004773865356132166,0.0
lag1__protein_npx__P02751,0.0047701021030425875,0.0
peptide_count__Q9Y6R7,0.004769181961200765,0.0
slope1__peptide_mean__Q8NE71,0.004768434541091464,0.0
slope1__protein_npx__Q92823,0.00475894802117317,0.0
slope1__peptide_log__SPVGVQPILNEHTFC(UniMod_4)AGMSK,0.0047538835546661155,0.0
rollmean2__peptide_std__P61916,0.00474391898269276,0.0
rollmean2__peptide_mean__P13987,0.004743526517365902,0.0
peptide_log__LGPLVEQGR,0.004739206023525404,0.0
lag1__protein_npx__P01621,0.0047292784133286915,0.0
peptide_log__SNSSM(UniMod_35)HITDC(UniMod_4)R,0.00472862337065515,0.0
peptide_missing_fraction,0.004724365291385636,0.0
peptide_feature_count,0.004724365291385629,0.0
lag1__protein_npx__Q9NYU2,0.004711140649090714,0.0
slope1__peptide_log__C(UniMod_4)C(UniMod_4)VEC(UniMod_4)PPC(UniMod_4)PAPPVAGPSVFLFPPKPK,0.004710416980943772,0.0
slope1__peptide_log__TKEEYGHSEVVEYYC(UniMod_4)NPR,0.004710042749189148,0.0
peptide_count__P04075,0.004706191258431006,0.0
peptide_std__P01023,0.00470378093931145,0.0
slope1__protein_npx__P00751,0.004697549866327312,0.0
rollmean2__protein_npx__Q9Y6R7,0.004694025147252591,0.0
slope1__peptide_count__Q06481,0.004690057287808046,0.0
rollmean2__peptide_log__FNKPFVFLM(UniMod_35)IEQNTK,0.00468988499925806,0.0
peptide_log__LGADMEDVC(UniMod_4)GR,0.004689647332080081,0.0
slope1__peptide_mean__Q9BY67,0.004688857965528505,0.0
lag1__peptide_std__P08697,0.004686401289351032,0.0
rollmean2__peptide_std__Q9Y6R7,0.004677375538851042,0.0
delta1__peptide_count__P01019,0.00466809607794681,0.0
peptide_mean__P04004,0.0046673425178353255,0.0
missing__protein_npx__P98160,0.004665593281888213,0.0
missing__peptide_count__P98160,0.004665593281888213,0.0
missing__peptide_mean__P98160,0.004665593281888213,0.0
lag1__protein_npx__P32754,0.004664384049670577,0.0
peptide_log__LIADLGSTSITNLGFR,0.004663370118649502,0.0
rollmean2__protein_npx__P00738,0.004649922474989951,0.0
slope1__peptide_count__P10645,0.004649697421746972,0.0
slope1__peptide_log__VTLTC(UniMod_4)VAPLSGVDFQLR,0.0046423564767826084,0.0
protein_npx__P02649,0.004640483862578,0.0
rollmean2__peptide_mean__P39060,0.004636557624441416,0.0
rollmean2__peptide_mean__P01033,0.004635851140017134,0.0
protein_npx__Q14118,0.00463509598942024,0.0
rollmean2__protein_npx__O94919,0.00462740516055989,0.0
slope1__peptide_mean__P02787,0.004624316075215257,0.0
slope1__protein_npx__P61278,0.004623773605395448,0.0
delta1__peptide_mean__P19652,0.004622122301445232,0.0
delta1__peptide_mean__Q9Y646,0.004621899519251574,0.0
delta1__peptide_log__GYQLSDVDGVTC(UniMod_4)EDIDEC(UniMod_4)ALPTGGHIC(UniMod_4)SYR,0.00461704298198839,0.0
slope1__peptide_mean__P02768,0.004602712997478849,0.0
delta1__peptide_log__AYKSELEEQLTPVAEETR,0.004602624121716942,0.0
peptide_count__P06681,0.004601282051286768,0.0
lag1__peptide_mean__Q14118,0.004599174604606471,0.0
delta1__protein_npx__P05090,0.00459865627669258,0.0
slope1__protein_npx__Q9BY67,0.004596324379802179,0.0
lag1__peptide_log__DSGEGDFLAEGGGVR,0.004592385014884184,0.0
peptide_count__P01019,0.004581934325767712,0.0
lag1__peptide_mean__P02750,0.004581270855310112,0.0
lag1__peptide_count__P01023,0.00457475486213998,0.0
lag1__protein_npx__Q13283,0.004569342169208649,0.0
delta1__peptide_mean__P00751,0.004560095578613581,0.0
slope1__protein_npx__P02760,0.004559784664559823,0.0
lag1__peptide_std__P27169,0.004558850839178862,0.0
delta1__peptide_mean__Q99674,0.004556871322427043,0.0
slope1__peptide_log__YIVSGTPTFVPYLIK,0.004555885676619733,0.0
lag1__peptide_count__P00738,0.0045532967854686746,0.0
slope1__peptide_std__P02765,0.004551475031531696,0.0
rollmean2__peptide_mean__P49588,0.0045438542594637915,0.0
lag1__peptide_mean__P19652,0.004535386339280375,0.0
slope1__protein_npx__P09486,0.004534158106083273,0.0
delta1__peptide_count__P05155,0.004517823344195299,0.0
rollmean2__peptide_mean__P05452,0.004508620279454481,0.0
slope1__peptide_mean__P13611,0.004499441500683998,0.0
slope1__protein_npx__P01859,0.00449351917530164,0.0
lag1__peptide_mean__P07225,0.004489698599832091,0.0
delta1__peptide_count__P05090,0.004487055205624099,0.0
slope1__peptide_mean__P49588,0.004479819931589578,0.0
missing__peptide_log__LVGGPM(UniMod_35)DASVEEEGVRR,0.004478972580436672,0.0
lag1__peptide_mean__P01833,0.004475241092149676,0.0
protein_npx__Q9UNU6,0.004468683357114557,0.0
rollmean2__protein_npx__P01833,0.0044592007750782195,0.0
rollmean2__protein_npx__P27169,0.004457840900268179,0.0
rollmean2__peptide_mean__P49908,0.004456781715907551,0.0
missing__peptide_mean__Q9HDC9,0.004450364455362489,0.0
missing__peptide_count__Q9HDC9,0.004450364455362489,0.0
missing__peptide_log__VLLDQLR,0.004450364455362489,0.0
missing__protein_npx__Q9HDC9,0.004450364455362489,0.0
peptide_mean__P80748,0.004445192090393085,0.0
rollmean2__peptide_log__VQAAVGTSAAPVPSDNH,0.004441044953594848,0.0
missing__peptide_std__P07711,0.004440663482012915,0.0
slope1__protein_npx__Q96PD5,0.004434922212867481,0.0
slope1__peptide_log__TDASDVKPC(UniMod_4),0.004430246357087967,0.0
slope1__peptide_mean__P08697,0.004427390700579927,0.0
slope1__peptide_mean__O00533,0.004426006765082785,0.0
slope1__peptide_count__P08294,0.004417983593485476,0.0
peptide_count__P06396,0.004408111166544379,0.0
rollmean2__protein_npx__P02792,0.00440704389056239,0.0
rollmean2__peptide_count__P00747,0.004403659727380748,0.0
rollmean2__peptide_count__P19823,0.004402055570371138,0.0
delta1__peptide_mean__Q8NBJ4,0.004398237884647844,0.0
lag1__peptide_mean__P31997,0.004396918265589822,0.0
slope1__protein_npx__Q99435,0.004374420558267017,0.0
slope1__peptide_log__AYKSELEEQLTPVAEETR,0.00436619879604305,0.0
lag1__peptide_count__P00441,0.004365566192839497,0.0
lag1__peptide_count__P05155,0.004365001475609385,0.0
protein_npx__P35542,0.0043529608986024836,0.0
lag1__peptide_std__P06681,0.004347176207331311,0.0
slope1__protein_npx__P07998,0.004346028060214907,0.0
lag1__protein_npx__P13611,0.004340703540265447,0.0
peptide_log__TQVNTQAEQLRR,0.0043363932103013415,0.0
rollmean2__peptide_mean__P08123,0.004335222427541277,0.0
missing__peptide_log__NPDSSTTGPWC(UniMod_4)YTTDPTVR,0.004330076895307652,0.0
slope1__peptide_std__P41222,0.00432958046236314,0.0
peptide_mean__P05060,0.004328522553016354,0.0
rollmean2__peptide_mean__Q9UHG2,0.0043272463754851585,0.0
slope1__protein_npx__P35542,0.004322687835516338,0.0
rollmean2__protein_npx__P02675,0.004321030731937685,0.0
peptide_mean__P02753,0.00431309306405322,0.0
rollmean2__peptide_mean__P12109,0.0043035387911374845,0.0
delta1__peptide_std__P06396,0.004292686179914475,0.0
lag1__protein_npx__P55290,0.004291116994740129,0.0
delta1__peptide_log__SGEATDGARPQALPEPMQESK,0.004288060895618235,0.0
slope1__peptide_log__LQAEAFQAR,0.004287111866306928,0.0
protein_npx__O75326,0.004279776295093918,0.0
rollmean2__protein_npx__Q9HDC9,0.004266567708577369,0.0
peptide_mean__P00747,0.004254753704739271,0.0
lag1__peptide_std__P02760,0.0042528775265649,0.0
slope1__peptide_mean__P01877,0.004250546940507723,0.0
delta1__protein_npx__P02751,0.004248409564247602,0.0
slope1__protein_npx__Q96BZ4,0.004244851831646171,0.0
delta1__peptide_count__P02748,0.004244500563391581,0.0
rollmean2__protein_npx__Q8NBJ4,0.0042440533400132634,0.0
lag1__peptide_mean__P20774,0.004241957711914697,0.0
peptide_mean__P60174,0.0042360833102934765,0.0
lag1__peptide_log__ATVNPSAPR,0.004233427035455024,0.0
lag1__peptide_log__MASGAANVVGPK,0.004228128039122861,0.0
slope1__protein_npx__P04406,0.00422663267126834,0.0
delta1__peptide_count__P07998,0.0042195208016565094,0.0
lag1__peptide_std__P02647,0.004218861372940171,0.0
rollmean2__peptide_std__P02790,0.004216474813492306,0.0
protein_npx__P01031,0.00420303655140098,0.0
lag1__peptide_count__O00584,0.004200682167909118,0.0
delta1__peptide_std__O75144,0.004200506443262932,0.0
slope1__peptide_log__ILLQGTPVAQMTEDAVDAER,0.004196383062286912,0.0
missing__peptide_count__O14791,0.004191685145241384,0.0
missing__peptide_mean__O14791,0.004191685145241384,0.0
missing__protein_npx__O14791,0.004191685145241384,0.0
delta1__protein_npx__P05067,0.004191127395852882,0.0
delta1__peptide_count__Q12841,0.004190106353311565,0.0
peptide_log__ILTC(UniMod_4)M(UniMod_35)QGMEEIR,0.004188789935276591,0.0
peptide_mean__Q8IWV7,0.004188789935276591,0.0
protein_npx__P02760,0.004188676766063569,0.0
rollmean2__peptide_log__AYKSELEEQLTPVAEETR,0.0041873228150749705,0.0
delta1__peptide_mean__P08603,0.004178410684817477,0.0
rollmean2__peptide_log__YVM(UniMod_35)LPVADQDQC(UniMod_4)IR,0.0041772835573632774,0.0
peptide_mean__P07998,0.00417693159309877,0.0
delta1__peptide_mean__P04075,0.004175763253491778,0.0
delta1__peptide_mean__P01034,0.004174618047714643,0.0
slope1__protein_npx__P04156,0.00417068355496003,0.0
peptide_count__Q12841,0.004168491776271369,0.0
rollmean2__peptide_mean__Q96S96,0.004158003886727412,0.0
slope1__protein_npx__Q6UXD5,0.00415490818876343,0.0
peptide_count__P02760,0.0041480882128499,0.0
peptide_mean__O00533,0.004141346779629057,0.0
lag1__protein_npx__P02679,0.0041388212480146435,0.0
rollmean2__peptide_count__P10909,0.004136066212826111,0.0
slope1__protein_npx__O94919,0.004128748332721584,0.0
lag1__protein_npx__P07333,0.004118555947939015,0.0
peptide_mean__P13671,0.004113198106908761,0.0
lag1__protein_npx__P04180,0.00410744654687429,0.0
peptide_mean__Q92876,0.004106909846939092,0.0
delta1__protein_npx__P08571,0.004086939926651131,0.0
missing__peptide_log__SNSSM(UniMod_35)HITDC(UniMod_4)R,0.004085453082589036,0.0
rollmean2__peptide_mean__P02792,0.004071661382613638,0.0
lag1__peptide_count__P61916,0.004060083206491626,0.0
protein_npx__Q96PD5,0.004058359603633641,0.0
rollmean2__peptide_mean__Q9UBX5,0.004056588118634412,0.0
rollmean2__protein_npx__P02787,0.004056409493147098,0.0
peptide_mean__P08133,0.0040503156031418555,0.0
slope1__peptide_mean__P36955,0.004049186817205342,0.0
slope1__protein_npx__P36980,0.004048501316250227,0.0
rollmean2__peptide_log__VTSIQDWVQK,0.004036919129420869,0.0
peptide_mean__P01019,0.004035691610654664,0.0
rollmean2__peptide_mean__O75326,0.00402881636192375,0.0
peptide_std__P61916,0.004027507295867343,0.0
delta1__protein_npx__Q14515,0.004023827941468849,0.0
lag1__peptide_std__P01034,0.004022268379490695,0.0
slope1__peptide_count__P00450,0.004021788552485885,0.0
lag1__peptide_log__MTVTDQVNC(UniMod_4)PK,0.004017127986218709,0.0
lag1__peptide_count__P36222,0.004016780025573246,0.0
lag1__protein_npx__P08571,0.004002981970304609,0.0
delta1__peptide_mean__P19827,0.0040008764976301025,0.0
lag1__peptide_mean__P01594,0.00400035831354656,0.0
delta1__peptide_std__P01019,0.003999813045490206,0.0
rollmean2__peptide_count__P01042,0.003999282793508603,0.0
delta1__peptide_mean__P04207,0.0039898751975179,0.0
lag1__peptide_count__Q12805,0.003988601894817522,0.0
rollmean2__protein_npx__P30086,0.003980710639477896,0.0
peptide_std__Q92520,0.003980104575727099,0.0
protein_npx__P06454,0.003977179025301441,0.0
rollmean2__peptide_mean__P06454,0.003968456400218461,0.0
protein_npx__P09104,0.003968254724231201,0.0
rollmean2__peptide_log__LSKELQAAQAR,0.003964636296871647,0.0
delta1__peptide_mean__P31997,0.003958799894063406,0.0
delta1__protein_npx__Q16270,0.003953299720254776,0.0
delta1__peptide_mean__P04433,0.003951111924588819,0.0
lag1__peptide_mean__P09104,0.00394029020196958,0.0
lag1__peptide_mean__P08637,0.003938276522125178,0.0
lag1__peptide_mean__Q14515,0.003930202772368033,0.0
slope1__protein_npx__P01780,0.003927432768490621,0.0
peptide_mean__P01034,0.00392092845656222,0.0
slope1__peptide_std__P61769,0.003911632994916241,0.0
slope1__peptide_count__O94919,0.003911481704811331,0.0
slope1__peptide_count__O14773,0.00390208412601661,0.0
lag1__peptide_mean__Q15904,0.0039011012207404183,0.0
lag1__peptide_mean__O75144,0.003900747706450076,0.0
delta1__peptide_std__P36955,0.0039002142050781814,0.0
slope1__peptide_mean__P00751,0.003898963665314417,0.0
slope1__protein_npx__P08133,0.003898378746899247,0.0
missing__peptide_count__P01608,0.0038963808892801743,0.0
missing__peptide_mean__P01608,0.0038963808892801743,0.0
missing__protein_npx__P01608,0.0038963808892801743,0.0
peptide_mean__P05546,0.003895725111351274,0.0
lag1__peptide_count__O75144,0.003891878142768385,0.0
lag1__peptide_mean__P06310,0.0038883423118274587,0.0
rollmean2__peptide_std__P18065,0.0038857424673436965,0.0
slope1__peptide_mean__P10451,0.003885517904788153,0.0
delta1__protein_npx__P16870,0.0038853658714641938,0.0
slope1__peptide_mean__O15240,0.0038834515475514916,0.0
rollmean2__protein_npx__P07225,0.0038809789427078616,0.0
delta1__peptide_count__P01876,0.0038772344219704094,0.0
protein_npx__P02792,0.003875495162374187,0.0
peptide_count__P02671,0.0038644126445829484,0.0
rollmean2__peptide_log__LRTEGDGVYTLNNEK,0.003862421798729536,0.0
delta1__peptide_log__NPDSSTTGPWC(UniMod_4)YTTDPTVR,0.0038611182675912376,0.0
protein_npx__P80748,0.003851492259109324,0.0
delta1__protein_npx__P02750,0.003846812696694511,0.0
peptide_count__P02766,0.0038428368491050637,0.0
missing__protein_npx__P05408,0.0038405361111387365,0.0
missing__peptide_mean__P05408,0.0038405361111387365,0.0
missing__peptide_count__P05408,0.0038405361111387365,0.0
slope1__peptide_log__VGYVSGWGR,0.0038398504262550015,0.0
slope1__peptide_mean__P02753,0.003836311884335572,0.0
lag1__protein_npx__P16870,0.0038361416376744167,0.0
slope1__protein_npx__P00441,0.0038312717008136825,0.0
rollmean2__peptide_count__P16070,0.003819808377473387,0.0
lag1__peptide_count__P05156,0.0038178000345344396,0.0
delta1__protein_npx__P61916,0.003800568352578838,0.0
slope1__peptide_log__TSPVDEKALQDQLVLVAAK,0.003789902175453929,0.0
slope1__peptide_count__P04196,0.003785202119208308,0.0
lag1__protein_npx__P01859,0.0037733111921657058,0.0
missing__protein_npx__P01591,0.0037699607274663564,0.0
missing__peptide_mean__P01591,0.0037699607274663564,0.0
missing__peptide_count__P01591,0.0037699607274663564,0.0
rollmean2__peptide_log__EDSLEAGLPLQVR,0.003768641026256893,0.0
lag1__peptide_std__P00734,0.003767329059083313,0.0
slope1__protein_npx__P01042,0.0037656376082104404,0.0
lag1__protein_npx__P01031,0.0037604247958822473,0.0
delta1__peptide_std__P08603,0.0037536083260532225,0.0
slope1__protein_npx__P07711,0.0037430321240389496,0.0
delta1__peptide_mean__Q9UHG2,0.003740279137532693,0.0
delta1__peptide_mean__O75144,0.0037329617631111536,0.0
delta1__peptide_std__P00751,0.003721231050599992,0.0
rollmean2__protein_npx__Q6UXB8,0.003717952371309064,0.0
delta1__peptide_std__P00747,0.0037132191639559454,0.0
delta1__protein_npx__Q7Z3B1,0.003711485364115556,0.0
rollmean2__peptide_count__Q14624,0.0037085005739658735,0.0
lag1__peptide_log__VTLTC(UniMod_4)VAPLSGVDFQLR,0.0037055075096509506,0.0
missing__peptide_log__LIADLGSTSITNLGFR,0.0037042902619645857,0.0
slope1__peptide_std__Q14118,0.0037016598339273963,0.0
rollmean2__peptide_log__MASGAANVVGPK,0.0036993357398630113,0.0
lag1__peptide_std__O15240,0.0036981905226863773,0.0
rollmean2__peptide_mean__P10643,0.0036975816031396477,0.0
lag1__peptide_log__MYYSAVDPTKDIFTGLIGPM(UniMod_35)K,0.0036947587539001158,0.0
slope1__peptide_std__P05060,0.00369387708636217,0.0
slope1__peptide_std__P02649,0.0036915585925633714,0.0
protein_npx__P04075,0.0036908719164661014,0.0
lag1__peptide_std__Q96PD5,0.003673082555434749,0.0
lag1__peptide_log__LGPLVEQGRVR,0.0036726416914630985,0.0
slope1__peptide_count__P27169,0.003668448254082256,0.0
peptide_log__AVGDKLPEC(UniMod_4)EADDGC(UniMod_4)PKPPEIAHGYVEHSVR,0.0036637343155241685,0.0
slope1__peptide_count__O15240,0.0036631126444486703,0.0
rollmean2__peptide_log__YVMLPVADQDQC(UniMod_4)IR,0.0036583921792174056,0.0
missing__peptide_log__C(UniMod_4)C(UniMod_4)VEC(UniMod_4)PPC(UniMod_4)PAPPVAGPSVFLFPPKPK,0.0036539900725833896,0.0
slope1__protein_npx__P02679,0.003650422870660079,0.0
delta1__peptide_mean__P19823,0.0036466474828954244,0.0
lag1__peptide_log__DSGFQM(UniMod_35)NQLR,0.0036390374030335422,0.0
lag1__peptide_std__P00746,0.0036342915657621333,0.0
slope1__protein_npx__P61769,0.0036253784076912556,0.0
rollmean2__peptide_mean__Q9UBR2,0.0036233734417785825,0.0
peptide_mean__Q7Z3B1,0.003622807773279244,0.0
peptide_log__ADDKETC(UniMod_4)FAEEGK,0.0036201791293081088,0.0
slope1__peptide_count__P02647,0.003607455167915412,0.0
rollmean2__peptide_count__P01859,0.0036057756478255105,0.0
delta1__months_since_prev_visit,0.0036025708065935084,0.0
slope1__peptide_mean__P05090,0.00360219816520302,0.0
delta1__peptide_log__C(UniMod_4)VDVDEC(UniMod_4)APPAEPC(UniMod_4)GK,0.003601268651205968,0.0
delta1__protein_npx__P05546,0.0035973125594514813,0.0
delta1__peptide_mean__P20774,0.003595640790061867,0.0
slope1__protein_npx__P20774,0.0035955458901607406,0.0
delta1__peptide_mean__P07998,0.00359149688420853,0.0
lag1__peptide_mean__P40925,0.003588766971141258,0.0
protein_npx__P31997,0.003585888293047775,0.0
slope1__peptide_missing_fraction,0.0035823534998748246,0.0
slope1__peptide_feature_count,0.0035823534998743814,0.0
peptide_mean__P02649,0.0035817976692809664,0.0
rollmean2__protein_npx__P13987,0.003581518967878347,0.0
missing__peptide_std__P01857,0.003578086872994193,0.0
rollmean2__peptide_mean__P07602,0.0035738565907670918,0.0
rollmean2__peptide_mean__Q9Y6R7,0.003572198273973207,0.0
peptide_mean__P01011,0.003565678661067877,0.0
lag1__peptide_mean__Q99435,0.0035620393927675003,0.0
slope1__peptide_count__Q9NQ79,0.003560924530270681,0.0
peptide_count__P09871,0.0035557792923272937,0.0
rollmean2__protein_npx__Q7Z3B1,0.0035536674488260062,0.0
lag1__peptide_observation_count,0.003547821430537748,0.0
lag1__peptide_mean__Q9NQ79,0.003545535607783685,0.0
rollmean2__protein_npx__Q9Y646,0.003540343599237455,0.0
lag1__protein_npx__P01860,0.003536819475991718,0.0
slope1__peptide_mean__P61916,0.0035356367585217957,0.0
rollmean2__protein_npx__Q12907,0.003522727073342128,0.0
lag1__peptide_mean__P54289,0.0035226990782271017,0.0
rollmean2__protein_npx__P08493,0.0035221855240250635,0.0
rollmean2__peptide_count__P00441,0.003519513836693269,0.0
missing__peptide_mean__P36980,0.0035174420259610384,0.0
missing__peptide_count__P36980,0.0035174420259610384,0.0
missing__protein_npx__P36980,0.0035174420259610384,0.0
lag1__peptide_count__O15240,0.0035076727644211877,0.0
delta1__peptide_mean__P01011,0.0035061398149960543,0.0
lag1__protein_npx__P02792,0.003492171647003025,0.0
delta1__protein_npx__P01608,0.003486660797856237,0.0
slope1__peptide_log__TQVNTQAEQLRR,0.0034846077186540684,0.0
protein_npx__P32754,0.0034811109540502394,0.0
rollmean2__peptide_std__P01023,0.003475647127952658,0.0
slope1__peptide_count__P16035,0.0034724499505461356,0.0
rollmean2__protein_npx__P51884,0.0034719658336660503,0.0
delta1__peptide_mean__P01344,0.0034715515527179983,0.0
slope1__protein_npx__P01031,0.00347126678521465,0.0
slope1__protein_npx__P13671,0.003466661822065186,0.0
peptide_log__AYQGVAAPFPK,0.0034610606204260185,0.0
rollmean2__peptide_log__TM(UniMod_35)LLQPAGSLGSYSYR,0.0034607077806229447,0.0
rollmean2__protein_npx__P06454,0.00346061230565933,0.0
peptide_std__P01876,0.0034572525521805704,0.0
protein_npx__P08493,0.0034568956903225346,0.0
lag1__peptide_std__P00450,0.0034477270069623307,0.0
missing__peptide_std__P08493,0.003447531605716155,0.0
slope1__peptide_log__SLAAAAGKQELAK,0.003444656950681523,0.0
slope1__peptide_mean__P61278,0.003444656950681523,0.0
rollmean2__peptide_mean__P04075,0.0034423227293525083,0.0
protein_npx__P02768,0.0034402682085971424,0.0
lag1__peptide_count__P05546,0.0034286662929476873,0.0
rollmean2__peptide_mean__O00533,0.0034205635975810573,0.0
protein_npx__Q9UBR2,0.003414094252600891,0.0
slope1__peptide_mean__P07339,0.003411981895923462,0.0
delta1__peptide_log__LIADLGSTSITNLGFR,0.003411466645178321,0.0
rollmean2__protein_npx__Q9UBR2,0.0034095654869208077,0.0
peptide_count__P01042,0.0034084124020472835,0.0
lag1__protein_npx__P01023,0.003405934710808793,0.0
peptide_mean__P07602,0.0034019361139597253,0.0
slope1__peptide_count__P19823,0.0033892383157366384,0.0
lag1__protein_npx__P09104,0.0033782899260732606,0.0
lag1__peptide_mean__P01717,0.003369932606505764,0.0
missing__peptide_log__RTPITVVK,0.0033692218457051547,0.0
slope1__protein_npx__Q7Z5P9,0.00335919528241475,0.0
delta1__protein_npx__P01023,0.0033574782601750053,0.0
peptide_std__P02652,0.0033540434319826516,0.0
slope1__peptide_log__GYQLSDVDGVTC(UniMod_4)EDIDEC(UniMod_4)ALPTGGHIC(UniMod_4)SYR,0.0033513606833879875,0.0
rollmean2__peptide_mean__P02656,0.0033480946807305655,0.0
delta1__peptide_count__P00751,0.003346449217968593,0.0
delta1__protein_npx__P13671,0.0033410308318636162,0.0
rollmean2__peptide_log__DSGEGDFLAEGGGVR,0.003324636081725567,0.0
peptide_mean__P00751,0.003318975505361576,0.0
slope1__peptide_mean__Q8NBJ4,0.003316002785486434,0.0
slope1__peptide_log__AEAQEAEDQQAR,0.0033155543911983472,0.0
lag1__peptide_mean__Q16610,0.0033151270319141043,0.0
delta1__peptide_mean__P02787,0.0033110599522450505,0.0
lag1__peptide_mean__P13591,0.003308788073694758,0.0
peptide_count__P12109,0.003305834596618917,0.0
protein_npx__P01857,0.0033045169902641085,0.0
peptide_log__YVMLPVADQDQC(UniMod_4)IR,0.0033007876018012585,0.0
rollmean2__peptide_mean__Q14515,0.003300738432172283,0.0
delta1__peptide_count__P02787,0.003297767606606964,0.0
delta1__peptide_count__P20774,0.003296949345076976,0.0
peptide_log__M(UniMod_35)ASGAANVVGPK,0.003295882389676108,0.0
slope1__peptide_mean__Q6UXD5,0.003289499588514488,0.0
peptide_log__EDSLEAGLPLQVR,0.0032884299309069854,0.0
delta1__protein_npx__Q13283,0.0032878529617179093,0.0
rollmean2__peptide_log__LGPLVEQGR,0.0032839561833060845,0.0
rollmean2__peptide_std__Q13740,0.003282262195009529,0.0
lag1__protein_npx__P14618,0.003280735476275074,0.0
slope1__peptide_mean__P01591,0.0032699878578447087,0.0
lag1__peptide_std__P01019,0.0032632611744458037,0.0
peptide_count__P04004,0.0032625479699943723,0.0
delta1__protein_npx__Q14508,0.003261792287118821,0.0
delta1__peptide_std__P55290,0.003260141692105809,0.0
slope1__peptide_count__P08571,0.003258532273900369,0.0
lag1__peptide_count__P51884,0.0032573597506994575,0.0
lag1__protein_npx__P02766,0.0032536348015565486,0.0
delta1__protein_npx__Q9UKV8,0.003251279004622345,0.0
missing__peptide_log__YIVSGTPTFVPYLIK,0.003250740143742395,0.0
rollmean2__protein_npx__P01019,0.003250445980270683,0.0
delta1__peptide_count__P07602,0.0032501482378606518,0.0
slope1__peptide_std__P05090,0.0032441426941459805,0.0
delta1__peptide_mean__Q12805,0.0032418447456914424,0.0
rollmean2__peptide_std__P02656,0.0032333125914122403,0.0
lag1__peptide_mean__P02747,0.003229214747945237,0.0
delta1__peptide_log__KFPSGTFEQVSQLVK,0.0032279854028288957,0.0
lag1__peptide_count__P04433,0.0032169884547477265,0.0
lag1__protein_npx__Q96KN2,0.0031981373846234912,0.0
slope1__protein_npx__Q16270,0.0031959995863549196,0.0
delta1__protein_npx__Q9BY67,0.0031954267794005895,0.0
slope1__peptide_mean__Q16270,0.0031925853280520035,0.0
missing__peptide_count__Q12907,0.0031869937626780196,0.0
missing__protein_npx__Q12907,0.0031869937626780196,0.0
missing__peptide_mean__Q12907,0.0031869937626780196,0.0
lag1__peptide_count__P08603,0.0031856964464760684,0.0
lag1__peptide_log__NPDSSTTGPWC(UniMod_4)YTTDPTVR,0.003183336328693539,0.0
rollmean2__protein_npx__P05090,0.0031771897026067974,0.0
slope1__peptide_std__Q16270,0.003173414218482665,0.0
peptide_count__P51884,0.003171524034418701,0.0
protein_npx__P00450,0.0031672146318517734,0.0
peptide_mean__P61626,0.0031659121030649644,0.0
slope1__protein_npx__Q7Z3B1,0.003163620721031574,0.0
slope1__peptide_observation_count,0.003161578948391572,0.0
rollmean2__peptide_count__P41222,0.003153022297012946,0.0
protein_npx__Q12907,0.003150625377990009,0.0
lag1__peptide_mean__O15240,0.0031428943513480442,0.0
missing__peptide_log__SEALAVDGAGKPGAEEAQDPEGK,0.0031409529573619838,0.0
rollmean2__peptide_log__GEVQAMLGQSTEELR,0.0031352232306905595,0.0
lag1__peptide_mean__Q99832,0.0031310416746542194,0.0
rollmean2__peptide_mean__Q9Y646,0.003123358647707949,0.0
delta1__peptide_log__TQVNTQAEQLRR,0.0031206949276535107,0.0
delta1__protein_npx__P08603,0.0031111228549514417,0.0
slope1__protein_npx__P04433,0.0031080237149209806,0.0
missing__peptide_mean__P16070,0.003101166625008155,0.0
missing__protein_npx__P16070,0.003101166625008155,0.0
missing__peptide_count__P16070,0.003101166625008155,0.0
slope1__peptide_count__P01009,0.0030991764297756607,0.0
slope1__peptide_std__P01034,0.003096983259025119,0.0
protein_npx__P05090,0.0030862745992957614,0.0
rollmean2__peptide_mean__Q6UXD5,0.0030830892813070577,0.0
lag1__peptide_log__LDEVKEQVAEVR,0.0030814224125498128,0.0
delta1__peptide_log__AKLEEQAQQIR,0.0030797228522995595,0.0
lag1__peptide_mean__Q99674,0.003075794952792716,0.0
lag1__peptide_mean__O00533,0.0030745322310274112,0.0
delta1__peptide_mean__P02649,0.0030695215048772515,0.0
rollmean2__protein_npx__P49588,0.0030662396647267464,0.0
lag1__protein_npx__Q8NE71,0.003057530875127925,0.0
protein_npx__P02753,0.003049122134846887,0.0
missing__peptide_mean__P13611,0.0030482783998373297,0.0
missing__peptide_count__P13611,0.0030482783998373297,0.0
missing__protein_npx__P13611,0.0030482783998373297,0.0
delta1__protein_npx__Q96S96,0.0030479285235859178,0.0
delta1__protein_npx__Q13332,0.0030418998566662,0.0
peptide_std__Q16270,0.0030359287542841987,0.0
lag1__peptide_count__P16070,0.0030258501971686075,0.0
rollmean2__peptide_mean__P32754,0.0030255819081187823,0.0
peptide_mean__P02774,0.0030246657888562847,0.0
rollmean2__protein_npx__P05156,0.003013273312093097,0.0
slope1__protein_npx__P02792,0.0030131846458202258,0.0
rollmean2__protein_npx__P80748,0.003004052240910317,0.0
missing__peptide_log__TKEEYGHSEVVEYYC(UniMod_4)NPR,0.002995453559466432,0.0
delta1__peptide_std__P20774,0.002993085830645944,0.0
rollmean2__protein_npx__P04075,0.0029926928063408855,0.0
peptide_count__P04217,0.0029892789619406068,0.0
missing__peptide_mean__Q99435,0.0029883440084494174,0.0
missing__peptide_count__Q99435,0.0029883440084494174,0.0
missing__protein_npx__Q99435,0.0029883440084494174,0.0
missing__peptide_std__Q14515,0.002987469140182191,0.0
peptide_log__GC(UniMod_4)PTEEGC(UniMod_4)GER,0.0029871595191881986,0.0
lag1__protein_npx__P01594,0.002983391945919258,0.0
rollmean2__peptide_std__O00584,0.0029783450335865557,0.0
slope1__peptide_mean__P05452,0.002975456083092772,0.0
lag1__protein_npx__Q8NBJ4,0.0029708682456667567,0.0
lag1__protein_npx__P16035,0.002966563963067089,0.0
missing__peptide_log__LRTEGDGVYTLNNEK,0.0029613447705205873,0.0
missing__peptide_log__YYWGGQYTWDMAK,0.002960047133488757,0.0
slope1__peptide_count__Q13740,0.0029561835173959944,0.0
slope1__peptide_count__P08493,0.002953253937105715,0.0
lag1__protein_npx__Q99435,0.0029489588305351526,0.0
slope1__protein_npx__P02768,0.00294813158866788,0.0
slope1__protein_npx__Q8NBJ4,0.0029435994491923798,0.0
peptide_log__QWAGLVEK,0.002943146541271582,0.0
lag1__peptide_mean__O94919,0.0029401597427165605,0.0
rollmean2__protein_npx__P02753,0.0029391068679742722,0.0
peptide_count__P01034,0.0029382293721534943,0.0
protein_npx__P01009,0.002935483846307021,0.0
slope1__peptide_std__P05156,0.0029296354020755025,0.0
rollmean2__peptide_mean__P01876,0.0029283020093819143,0.0
lag1__peptide_log__GEVQAMLGQSTEELRVR,0.002923583600554823,0.0
rollmean2__peptide_log__TTPPVLDSDGSFFLYSK,0.0029231045908419333,0.0
lag1__peptide_mean__P07998,0.002919511222517605,0.0
protein_npx__P06681,0.002917714070624313,0.0
peptide_log__VGYVSGWGR,0.002915493899714854,0.0
protein_missing_fraction,0.002909784303685524,0.0
protein_feature_count,0.0029097843036854725,0.0
protein_npx__P13611,0.002901019867575114,0.0
slope1__peptide_std__P04004,0.0028935614173610773,0.0
rollmean2__peptide_count__P02768,0.002893123756566128,0.0
rollmean2__peptide_mean__P80748,0.002877097458608672,0.0
delta1__peptide_log__QWAGLVEK,0.0028761727159688625,0.0
rollmean2__protein_npx__Q99829,0.002875965181132537,0.0
slope1__peptide_mean__P06681,0.00287044256315288,0.0
slope1__peptide_count__P19652,0.002869894596957547,0.0
rollmean2__protein_npx__P02768,0.0028690525020228915,0.0
peptide_mean__P12109,0.0028610927334889315,0.0
slope1__peptide_mean__P04216,0.002859186497258506,0.0
slope1__peptide_abundance_mean,0.0028568809820906918,0.0
delta1__peptide_std__P00734,0.0028554954460606515,0.0
lag1__protein_npx__P00734,0.002854036533419374,0.0
lag1__peptide_std__Q9Y6R7,0.0028520008152891616,0.0
peptide_count__P08571,0.0028481388532055245,0.0
rollmean2__peptide_std__P01011,0.0028379768639674916,0.0
peptide_mean__P04075,0.002837841048726862,0.0
rollmean2__protein_npx__P09104,0.0028348306280846607,0.0
peptide_count__P19823,0.0028293961994621006,0.0
delta1__protein_npx__P18065,0.002821248626407134,0.0
slope1__peptide_count__P23142,0.0028197101138710758,0.0
slope1__peptide_count__P04217,0.0028185358502343743,0.0
delta1__peptide_mean__P05156,0.0028166672307423047,0.0
missing__peptide_mean__Q96S96,0.002810014759854917,0.0
missing__peptide_count__Q96S96,0.002810014759854917,0.0
missing__protein_npx__Q96S96,0.002810014759854917,0.0
delta1__peptide_mean__Q9NYU2,0.002803213300363221,0.0
rollmean2__peptide_count__P01019,0.002803081965879963,0.0
slope1__peptide_count__P07339,0.002802784548971104,0.0
rollmean2__peptide_std__Q96KN2,0.0027990498885578246,0.0
rollmean2__peptide_std__P02753,0.0027965808649208592,0.0
delta1__protein_npx__P12109,0.002796494941131857,0.0
slope1__peptide_std__P02766,0.002790398071568341,0.0
slope1__peptide_count__P13611,0.0027899893033338217,0.0
missing__peptide_log__WELALGR,0.002789323799494772,0.0
rollmean2__protein_npx__Q9UNU6,0.0027820888229703393,0.0
peptide_abundance_min,0.002777327070598769,0.0
peptide_std__P00736,0.0027772775360936142,0.0
delta1__peptide_mean__P01859,0.002775596756558237,0.0
rollmean2__protein_npx__P13473,0.0027680258093550248,0.0
rollmean2__peptide_log__TSAHGNVAEGETKPDPDVTER,0.00275416289331021,0.0
lag1__peptide_log__VDNALQSGNSQESVTEQDSKDSTYSLSSTLTLSK,0.0027535150004811596,0.0
peptide_std__P05155,0.002750212405294233,0.0
rollmean2__protein_npx__P02790,0.0027487470419303574,0.0
delta1__peptide_std__P16070,0.002740113157566435,0.0
lag1__peptide_std__Q9UBX5,0.0027374961591436608,0.0
rollmean2__peptide_mean__P27169,0.0027357352825490987,0.0
slope1__peptide_std__P01834,0.0027339089194337563,0.0
lag1__peptide_log__VQAAVGTSAAPVPSDNH,0.00272772447088681,0.0
slope1__peptide_mean__Q92520,0.0027249731687613975,0.0
delta1__protein_missing_fraction,0.0027227582053374133,0.0
delta1__protein_feature_count,0.002722758205337378,0.0
slope1__peptide_count__P36955,0.002718658194290032,0.0
protein_npx__P00751,0.002714648331593219,0.0
delta1__protein_npx__P07711,0.002701080656299218,0.0
rollmean2__peptide_mean__Q9BY67,0.0027006219659049878,0.0
delta1__peptide_count__P02647,0.0026995447937782245,0.0
lag1__protein_npx__O14498,0.002694163882721386,0.0
lag1__protein_npx__P01591,0.002692153722537808,0.0
lag1__peptide_mean__P02792,0.0026914522168429403,0.0
delta1__peptide_log__M(UniMod_35)YLGYEYVTAIR,0.002688383585858649,0.0
lag1__protein_npx__Q14118,0.002685052714350643,0.0
delta1__protein_npx__P51884,0.0026808948411195786,0.0
delta1__peptide_mean__P09871,0.002680476665084173,0.0
peptide_mean__P11277,0.0026791242802524018,0.0
peptide_count__P06727,0.0026785718328070965,0.0
delta1__peptide_count__P36955,0.002677803427543082,0.0
protein_npx__Q99435,0.0026777680147758902,0.0
peptide_mean__Q9UBR2,0.0026732612690394952,0.0
delta1__protein_npx__Q92823,0.002672846101978422,0.0
lag1__protein_npx__P24592,0.0026702272512210356,0.0
lag1__peptide_std__P19652,0.0026677616883144244,0.0
rollmean2__peptide_count__P08493,0.0026652461143101894,0.0
lag1__peptide_mean__O14498,0.0026638584029418976,0.0
missing__peptide_std__O15240,0.002663448417289013,0.0
peptide_observation_count,0.0026590922254313546,0.0
slope1__peptide_mean__Q99683,0.0026578871895971065,0.0
protein_npx__P01834,0.00265739641547605,0.0
lag1__peptide_std__P02749,0.0026564327406139138,0.0
delta1__peptide_mean__P08253,0.002652788025691506,0.0
rollmean2__peptide_log__LIADLGSTSITNLGFR,0.0026524112072446007,0.0
rollmean2__protein_npx__P10451,0.0026434012643628134,0.0
slope1__peptide_count__P07225,0.002641458830409509,0.0
delta1__peptide_count__Q13740,0.002631599803982276,0.0
peptide_log__LRTEGDGVYTLNNEK,0.0026255945582986493,0.0
slope1__protein_npx__P40925,0.0026007055146602853,0.0
delta1__peptide_mean__P01031,0.0025982564963983436,0.0
lag1__peptide_mean__P07333,0.002594104483701061,0.0
lag1__peptide_log__AATGEC(UniMod_4)TATVGKR,0.0025875398424374083,0.0
protein_npx__P00746,0.0025844856036427682,0.0
rollmean2__peptide_std__P14618,0.002582312862475466,0.0
lag1__peptide_count__P02768,0.002581217718319372,0.0
slope1__protein_npx__P07602,0.0025807667747390003,0.0
peptide_log__VTSIQDWVQK,0.0025711416825613563,0.0
lag1__peptide_mean__P01860,0.002569337920820442,0.0
delta1__protein_npx__Q99435,0.002568294954669621,0.0
rollmean2__peptide_mean__P04216,0.0025632591212746184,0.0
slope1__protein_npx__O75144,0.0025534454391715924,0.0
slope1__peptide_std__P02679,0.0025500618824834892,0.0
rollmean2__peptide_mean__P08637,0.0025499885862285653,0.0
peptide_abundance_mean,0.0025436848996856242,0.0
slope1__peptide_count__P01876,0.002538913221520499,0.0
slope1__peptide_log__C(UniMod_4)VDVDEC(UniMod_4)APPAEPC(UniMod_4)GK,0.0025371551707319595,0.0
rollmean2__protein_npx__P05155,0.002535364005215486,0.0
peptide_mean__Q9UBX5,0.0025306297829290427,0.0
lag1__protein_npx__P40925,0.0025236259658519924,0.0
lag1__peptide_count__P24592,0.0025215087724068243,0.0
peptide_std__P01860,0.0025202135843413985,0.0
lag1__protein_npx__P14174,0.0025196640973830812,0.0
lag1__peptide_mean__P61769,0.0025127564152259067,0.0
delta1__peptide_mean__Q99832,0.0025073534286325517,0.0
lag1__peptide_mean__P13521,0.0025049085856692103,0.0
peptide_std__Q13740,0.002497253083308429,0.0
slope1__protein_npx__P18065,0.002495159618512178,0.0
delta1__protein_npx__P02747,0.0024923894753055044,0.0
delta1__protein_npx__O94919,0.00249142529738956,0.0
slope1__peptide_count__Q14624,0.0024851903960648306,0.0
lag1__peptide_mean__Q7Z5P9,0.0024832548060144516,0.0
delta1__peptide_mean__P07339,0.002477358727248685,0.0
lag1__peptide_log__GYQLSDVDGVTC(UniMod_4)EDIDEC(UniMod_4)ALPTGGHIC(UniMod_4)SYR,0.002475499382954346,0.0
protein_npx__P02652,0.0024751794158231525,0.0
rollmean2__protein_npx__P01857,0.0024744602573108627,0.0
rollmean2__peptide_mean__P02753,0.0024728403048915877,0.0
rollmean2__peptide_mean__P02766,0.002472312165808764,0.0
delta1__peptide_abundance_sum,0.002470978677619536,0.0
slope1__peptide_std__Q12841,0.0024664354784939705,0.0
protein_npx__P43652,0.002464922227931702,0.0
slope1__protein_npx__P02655,0.0024631561882940208,0.0
missing__peptide_log__QKVEPLRAELQEGAR,0.0024508321546587606,0.0
delta1__peptide_mean__P04196,0.002437527847868033,0.0
slope1__peptide_count__P02750,0.002435827817395751,0.0
rollmean2__protein_npx__Q96KN2,0.002431905017406239,0.0
slope1__peptide_mean__P00734,0.0024252372621263152,0.0
lag1__peptide_count__P01019,0.0024237329205501123,0.0
delta1__peptide_log__KQELSEAEQATR,0.002422022279757027,0.0
slope1__peptide_mean__Q12805,0.0024181250976334427,0.0
delta1__peptide_count__P02675,0.002414898317531445,0.0
peptide_mean__P01717,0.002409640476453063,0.0
peptide_count__P02768,0.002407928612492285,0.0
lag1__peptide_std__P98160,0.002406501951037564,0.0
rollmean2__peptide_std__P02750,0.002397827933737904,0.0
rollmean2__protein_npx__P07602,0.0023976388526546514,0.0
slope1__protein_npx__P08637,0.0023970666738642394,0.0
rollmean2__peptide_missing_fraction,0.0023863145718767097,0.0
rollmean2__peptide_feature_count,0.002386314571876701,0.0
rollmean2__peptide_log__SELEEQLTPVAEETR,0.002383488709575077,0.0
lag1__protein_npx__P07195,0.002382382227987448,0.0
delta1__protein_npx__Q02818,0.0023772338863402385,0.0
rollmean2__protein_npx__P02748,0.002375249697898804,0.0
lag1__peptide_mean__P14174,0.002364337485983378,0.0
slope1__peptide_mean__Q96BZ4,0.002362545328708223,0.0
rollmean2__peptide_std__P10643,0.0023624192621654605,0.0
peptide_count__P24592,0.0023623644651717068,0.0
delta1__peptide_mean__P04180,0.0023519814991796936,0.0
slope1__protein_npx__P04216,0.002347899101437953,0.0
lag1__peptide_count__P02452,0.00234725034687129,0.0
protein_npx__P07602,0.0023469869693448437,0.0
slope1__peptide_log__AVLPTGDVIGDSAK,0.0023445815706642035,0.0
lag1__peptide_std__P01876,0.0023421384798675143,0.0
rollmean2__peptide_log__SNSSM(UniMod_35)HITDC(UniMod_4)R,0.0023372924817010327,0.0
lag1__peptide_mean__Q7Z3B1,0.002336047071253144,0.0
delta1__protein_npx__P08253,0.0023327364071182273,0.0
lag1__protein_npx__Q12907,0.002330525111812912,0.0
delta1__peptide_std__P01008,0.002325978078170257,0.0
lag1__protein_npx__Q13332,0.0023256971086484065,0.0
peptide_mean__P01780,0.002322303203358731,0.0
delta1__peptide_std__O00584,0.002322007193391268,0.0
peptide_count__P02649,0.0023181444798665908,0.0
slope1__protein_npx__P16152,0.0023136690158442243,0.0
delta1__protein_npx__P35542,0.0023093913609608654,0.0
lag1__peptide_std__O00584,0.0023067224753118166,0.0
slope1__peptide_std__P61916,0.002306035690192133,0.0
delta1__peptide_mean__P41222,0.0023020528378431774,0.0
rollmean2__peptide_log__VDNALQSGNSQESVTEQDSKDSTYSLSSTLTLSK,0.002301226350491471,0.0
peptide_std__Q9UBX5,0.002300637765001005,0.0
lag1__peptide_mean__P02787,0.0022981680337289486,0.0
peptide_log__KAADDTWEPFASGK,0.0022963472816553946,0.0
rollmean2__peptide_log__LGADM(UniMod_35)EDVC(UniMod_4)GR,0.0022906163715058275,0.0
peptide_log__TKEEYGHSEVVEYYC(UniMod_4)NPR,0.002290109016521512,0.0
slope1__peptide_mean__P08133,0.002286324932956726,0.0
lag1__protein_npx__Q96PD5,0.0022835940713110707,0.0
peptide_log__C(UniMod_4)TSTGWIPAPR,0.0022821261989363394,0.0
protein_npx__P13987,0.002274284840831846,0.0
slope1__protein_npx__O43505,0.0022656659149743043,0.0
slope1__peptide_log__KFPSGTFEQVSQLVK,0.00225564197946324,0.0
lag1__peptide_std__P10909,0.002255488614153742,0.0
delta1__peptide_count__P04217,0.0022493298810347347,0.0
lag1__peptide_mean__P23083,0.0022486834194491516,0.0
slope1__protein_npx__Q92520,0.002248180584898154,0.0
slope1__peptide_std__P04217,0.002241140764727582,0.0
delta1__peptide_std__P09871,0.0022405590470566594,0.0
lag1__peptide_count__P17174,0.0022376655887321483,0.0
delta1__protein_npx__P20774,0.0022375493490578244,0.0
rollmean2__peptide_std__P05546,0.0022322513220737338,0.0
slope1__protein_npx__Q14118,0.00223017627227528,0.0
peptide_std__Q9Y6R7,0.0022224751316410225,0.0
rollmean2__peptide_mean__O15394,0.0022201337546374194,0.0
lag1__protein_npx__Q99674,0.00221729446770276,0.0
peptide_log__TM(UniMod_35)LLQPAGSLGSYSYR,0.0022097013063064235,0.0
lag1__peptide_mean__P19827,0.0022028652252295967,0.0
protein_npx__P00738,0.002200211330351365,0.0
lag1__peptide_count__P07339,0.0021990887200559616,0.0
lag1__peptide_std__P24592,0.002197879215454238,0.0
rollmean2__peptide_log__QIGSVYR,0.0021958336452693535,0.0
slope1__peptide_mean__Q08380,0.0021877050316089,0.0
lag1__peptide_mean__P01009,0.0021857235676284318,0.0
delta1__peptide_log__SWFEPLVEDM(UniMod_35)QR,0.002176562089403388,0.0
rollmean2__peptide_count__Q9UHG2,0.0021722520642475504,0.0
delta1__protein_npx__P14618,0.002171265935855502,0.0
slope1__peptide_mean__P07998,0.002170741930115146,0.0
lag1__protein_npx__P02656,0.002161780939610266,0.0
delta1__peptide_count__P61769,0.002158544490241009,0.0
delta1__peptide_mean__P02751,0.002157178489683824,0.0
peptide_log__NPDSSTTGPWC(UniMod_4)YTTDPTVR,0.002155686376045582,0.0
slope1__peptide_count__P05452,0.002154749772007007,0.0
slope1__peptide_log__KQELSEAEQATR,0.002153170124052787,0.0
slope1__peptide_log__VMPIC(UniMod_4)LPSKDYAEVGR,0.002147355539849187,0.0
slope1__peptide_mean__P55290,0.0021464590616839334,0.0
peptide_mean__P01834,0.0021421451816582733,0.0
rollmean2__peptide_mean__P01833,0.002141821194085424,0.0
delta1__peptide_mean__P02766,0.002141197654524949,0.0
protein_npx__P14618,0.0021347635163498067,0.0
rollmean2__peptide_std__P08493,0.0021298458500763062,0.0
delta1__protein_npx__P55290,0.002112255835063383,0.0
lag1__peptide_log__LAVYQAGAR,0.0021059661498829462,0.0
lag1__peptide_mean__P18065,0.0021018499777026084,0.0
delta1__peptide_log__LSKELQAAQAR,0.002098840385813374,0.0
slope1__peptide_abundance_sum,0.002094892401696664,0.0
peptide_count__O15240,0.0020875308904971953,0.0
rollmean2__protein_npx__Q99674,0.002079700472517982,0.0
protein_npx__Q14624,0.002077307992269131,0.0
rollmean2__peptide_mean__P13473,0.0020772081751857857,0.0
peptide_mean__P07195,0.0020760958333058796,0.0
lag1__protein_npx__P02747,0.002071546124380863,0.0
peptide_mean__P16035,0.0020702919716495483,0.0
missing__peptide_log__AATVGSLAGQPLQER,0.002062769389867846,0.0
slope1__peptide_mean__P08637,0.00206067111613604,0.0
peptide_mean__Q16610,0.0020599927127925187,0.0
delta1__peptide_log__LPPTSAHGNVAEGETKPDPDVTER,0.002057541294298035,0.0
slope1__peptide_count__P14618,0.00205707701350475,0.0
peptide_std__P02679,0.002057051582323657,0.0
missing__peptide_log__ADDKETC(UniMod_4)FAEEGK,0.002050842634794281,0.0
delta1__peptide_count__P07339,0.0020505855572019744,0.0
lag1__protein_npx__Q92520,0.0020490051191638793,0.0
slope1__protein_npx__P02787,0.002044680000828166,0.0
lag1__peptide_abundance_sum,0.0020446315246620828,0.0
slope1__peptide_mean__P20774,0.0020423085364359374,0.0
lag1__peptide_count__Q92876,0.0020417078449162926,0.0
delta1__peptide_log__LQAEAFQAR,0.0020326710965949506,0.0
peptide_abundance_sum,0.0020294187319247438,0.0
delta1__peptide_mean__P00441,0.0020293195448696883,0.0
slope1__protein_npx__Q6UXB8,0.002029264094572058,0.0
slope1__peptide_mean__P04406,0.002027461067251043,0.0
missing__protein_npx__P05546,0.0020245487793033308,0.0
missing__peptide_mean__P05546,0.0020245487793033308,0.0
missing__peptide_count__P05546,0.0020245487793033308,0.0
delta1__protein_npx__P04433,0.002024282168783269,0.0
peptide_log__TEGDGVYTLNNEK,0.002013274449711762,0.0
delta1__peptide_mean__P02753,0.002011973795480067,0.0
delta1__peptide_count__P17174,0.0020084947333417857,0.0
delta1__peptide_std__P07998,0.0020084020670654294,0.0
rollmean2__peptide_std__P06681,0.0019999355670673362,0.0
peptide_count__P55290,0.0019953140176643155,0.0
rollmean2__protein_npx__P13611,0.001992614713253963,0.0
rollmean2__peptide_mean__P02675,0.0019910160171987784,0.0
lag1__peptide_count__P08294,0.0019845938814739322,0.0
delta1__peptide_abundance_max,0.0019813567700951175,0.0
lag1__protein_npx__P25311,0.001980242571543267,0.0
slope1__peptide_std__O00533,0.0019761138768722,0.0
delta1__peptide_count__P02679,0.001965696609238233,0.0
slope1__peptide_log__C(UniMod_4)IIEVLSNALSK,0.001955769917991692,0.0
rollmean2__peptide_log__GYQLSDVDGVTC(UniMod_4)EDIDEC(UniMod_4)ALPTGGHIC(UniMod_4)SYR,0.0019498557047257679,0.0
lag1__peptide_mean__Q8N2S1,0.001947294831145759,0.0
slope1__peptide_log__WELALGR,0.0019426844030635564,0.0
missing__peptide_std__P02763,0.0019407471946392546,0.0
rollmean2__peptide_mean__P02751,0.0019323111677794157,0.0
lag1__peptide_std__P05452,0.0019278247912772573,0.0
slope1__peptide_mean__Q99435,0.0019247730838314792,0.0
slope1__peptide_count__Q14118,0.0019223036441737514,0.0
peptide_mean__Q14515,0.0019161885261716409,0.0
rollmean2__peptide_mean__Q16270,0.0019154530693566087,0.0
delta1__peptide_mean__O00391,0.0019142439025676393,0.0
slope1__peptide_mean__P01031,0.001912780934797545,0.0
slope1__peptide_log__VLLDQLR,0.001907743693217077,0.0
slope1__peptide_mean__Q9HDC9,0.001907743693217077,0.0
slope1__peptide_std__P36955,0.0019018341500062087,0.0
delta1__protein_npx__P01860,0.0018974954378287142,0.0
lag1__protein_npx__P02774,0.0018965089976733741,0.0
delta1__protein_npx__P16152,0.0018932125564330715,0.0
peptide_log__FNKPFVFLM(UniMod_35)IEQNTK,0.0018920266679654893,0.0
rollmean2__peptide_mean__P31997,0.001886957336423514,0.0
delta1__peptide_count__P14618,0.0018829934459600045,0.0
lag1__protein_npx__P07998,0.0018824484595749424,0.0
lag1__peptide_std__P07711,0.0018814061443643332,0.0
delta1__protein_npx__P05060,0.0018750913587383111,0.0
rollmean2__peptide_mean__P01594,0.0018714903924755483,0.0
peptide_log__LGADM(UniMod_35)EDVC(UniMod_4)GR,0.0018712159622043102,0.0
rollmean2__protein_npx__P01023,0.0018701578000992981,0.0
lag1__peptide_std__P02671,0.0018628528493418654,0.0
delta1__peptide_count__P01024,0.0018469553026814478,0.0
delta1__peptide_mean__P35542,0.0018461440295465818,0.0
slope1__peptide_mean__P05546,0.0018434773623160364,0.0
rollmean2__peptide_count__P08697,0.0018423751007748143,0.0
delta1__peptide_mean__P25311,0.001834453458028627,0.0
delta1__peptide_count__P18065,0.0018344514098331346,0.0
lag1__protein_npx__O00533,0.0018300041536052566,0.0
slope1__peptide_std__Q96KN2,0.001826302920145555,0.0
slope1__protein_npx__P49588,0.0018258209194564406,0.0
lag1__peptide_log__IMNGEADAMSLDGGFVYIAGK,0.0018243047044550716,0.0
peptide_count__Q14624,0.001818356517389845,0.0
delta1__peptide_mean__P01591,0.001813778834334672,0.0
slope1__peptide_count__P13591,0.0018100863025282462,0.0
protein_npx__P13521,0.001809423457961748,0.0
delta1__peptide_log__SPVGVQPILNEHTFC(UniMod_4)AGMSK,0.0018064803289840046,0.0
rollmean2__peptide_count__P02763,0.0018016763744457352,0.0
delta1__peptide_mean__P05067,0.0018012767713304566,0.0
peptide_count__Q92823,0.001792524212988969,0.0
lag1__protein_npx__P17174,0.0017910738463399482,0.0
rollmean2__protein_npx__P02760,0.0017909413681795518,0.0
delta1__peptide_mean__P08697,0.001788011787336301,0.0
delta1__peptide_log__DSGFQM(UniMod_35)NQLR,0.0017833513249271406,0.0
protein_npx__P10451,0.0017755867013546536,0.0
rollmean2__peptide_log__QWAGLVEK,0.0017731445538849845,0.0
delta1__peptide_std__P08697,0.0017716470191446157,0.0
slope1__peptide_log__DSGEGDFLAEGGGVR,0.0017645916890727952,0.0
lag1__peptide_count__Q9Y6R7,0.001754816655320269,0.0
delta1__peptide_std__P01859,0.001753367752953099,0.0
delta1__peptide_count__P02649,0.0017531303387079509,0.0
delta1__peptide_mean__Q13451,0.001751784894773533,0.0
lag1__peptide_mean__P11277,0.0017484286130241332,0.0
rollmean2__peptide_count__P08603,0.00174550143060193,0.0
slope1__peptide_std__P00747,0.0017430362393972523,0.0
slope1__peptide_count__P04180,0.0017385345487089055,0.0
slope1__peptide_count__Q9UBX5,0.0017335533432738543,0.0
delta1__protein_npx__P43251,0.0017287942363754388,0.0
slope1__protein_npx__P01608,0.0017287902165510978,0.0
protein_npx__O00533,0.0017212239497799745,0.0
lag1__peptide_std__P02649,0.00171859240917764,0.0
delta1__peptide_mean__P00734,0.0017078927827067702,0.0
missing__peptide_log__VDSGNDVTDIADDGC(UniMod_4)PKPPEIAHGYVEHSVR,0.0017058688731754858,0.0
slope1__peptide_mean__P05156,0.0016952948930353073,0.0
lag1__protein_npx__Q99969,0.001695113258214064,0.0
delta1__peptide_log__TSPVDEKALQDQLVLVAAK,0.0016870505160340077,0.0
missing__peptide_mean__P00746,0.0016761750064709685,0.0
missing__peptide_count__P00746,0.0016761750064709685,0.0
missing__protein_npx__P00746,0.0016761750064709685,0.0
peptide_count__P43652,0.0016733081856052778,0.0
lag1__peptide_count__P00751,0.0016714096983464128,0.0
rollmean2__peptide_std__O75144,0.0016709509367126704,0.0
slope1__protein_npx__P55290,0.0016691144841783814,0.0
lag1__peptide_log__LGADMEDVC(UniMod_4)GR,0.0016627003928313525,0.0
delta1__peptide_std__P07602,0.0016608055705184593,0.0
rollmean2__peptide_count__P06727,0.0016511572874566042,0.0
rollmean2__protein_npx__Q13740,0.0016465733553273306,0.0
missing__peptide_log__LGPLVEQGRVR,0.0016459302774943577,0.0
missing__protein_npx__P14314,0.0016373601931396653,0.0
missing__peptide_count__P14314,0.0016373601931396653,0.0
missing__peptide_mean__P14314,0.0016373601931396653,0.0
missing__peptide_mean__P14618,0.0016316420429106188,0.0
missing__peptide_count__P14618,0.0016316420429106188,0.0
missing__protein_npx__P14618,0.0016316420429106188,0.0
lag1__peptide_count__P02751,0.0016310729295522317,0.0
slope1__peptide_count__P02671,0.001626938699036817,0.0
delta1__current_updrs_2,0.0016254205707996237,0.0
rollmean2__protein_npx__Q99832,0.0016216675975863743,0.0
lag1__peptide_mean__P00746,0.0016150713589447375,0.0
peptide_mean__P05155,0.0016127164605819692,0.0
slope1__peptide_count__P02774,0.0016018451214870513,0.0
slope1__peptide_mean__P16152,0.0015963365208366588,0.0
slope1__peptide_log__SC(UniMod_4)SPELQQK,0.0015963365208366588,0.0
delta1__peptide_std__O94919,0.0015912734194627998,0.0
peptide_log__TPVSDRVTK,0.0015893932041131911,0.0
missing__peptide_std__Q92876,0.0015800787603468553,0.0
peptide_std__Q12805,0.0015795270102435908,0.0
lag1__peptide_log__C(UniMod_4)DSSPDSAEDVRK,0.0015777239772141404,0.0
peptide_log__RGYQLSDVDGVTC(UniMod_4)EDIDEC(UniMod_4)ALPTGGHIC(UniMod_4)SYR,0.0015753195081493307,0.0
slope1__peptide_log__LPPTSAHGNVAEGETKPDPDVTER,0.0015679601116215915,0.0
peptide_mean__P08603,0.0015655603829452995,0.0
peptide_std__Q92876,0.0015555669423520904,0.0
lag1__peptide_mean__P00450,0.0015504811472375694,0.0
peptide_count__P07998,0.0015377196585081695,0.0
lag1__peptide_std__P04075,0.001535261416316532,0.0
peptide_count__P05090,0.0015222569847483114,0.0
delta1__peptide_log__ALGISPFHEHAEVVFTANDSGPR,0.0015222331833881322,0.0
lag1__peptide_std__Q06481,0.0015195457267901656,0.0
peptide_mean__Q92823,0.0015143232618924716,0.0
delta1__protein_npx__P23142,0.0015124359469788373,0.0
delta1__peptide_count__P02774,0.0015071971837918765,0.0
lag1__peptide_std__P30086,0.001506331560380687,0.0
rollmean2__peptide_std__Q16270,0.0015037800389204044,0.0
protein_npx__P01024,0.0015036891754683305,0.0
rollmean2__peptide_log__ATVNPSAPR,0.0015021244439492095,0.0
rollmean2__protein_npx__P01009,0.0015000625067933932,0.0
slope1__peptide_std__P07225,0.0014920930981109533,0.0
peptide_mean__Q96PD5,0.001486645854627245,0.0
delta1__peptide_mean__P01834,0.0014835754771859069,0.0
slope1__protein_npx__P01861,0.0014774579071012374,0.0
slope1__peptide_log__SC(UniMod_4)DTPPPC(UniMod_4)PR,0.0014716859694015713,0.0
slope1__protein_npx__Q13451,0.0014706640583236326,0.0
rollmean2__protein_missing_fraction,0.0014699459142525442,0.0
rollmean2__protein_feature_count,0.001469945914252501,0.0
slope1__peptide_log__HYTNPSQDVTVPC(UniMod_4)PVPPPPPC(UniMod_4)C(UniMod_4)HPR,0.0014681131053485663,0.0
delta1__peptide_mean__Q13283,0.001464793232946389,0.0
slope1__peptide_mean__P32754,0.001463174519030503,0.0
lag1__protein_npx__P02787,0.001460130481149917,0.0
peptide_mean__Q99674,0.0014591752582505772,0.0
lag1__peptide_count__P05060,0.0014562143426784567,0.0
delta1__peptide_log__TPLGDTTHTC(UniMod_4)PR,0.0014552395727550657,0.0
slope1__peptide_mean__P13591,0.0014457130198340434,0.0
lag1__protein_npx__P05067,0.0014443263508347925,0.0
rollmean2__protein_npx__Q9BY67,0.001442686714027857,0.0
lag1__peptide_count__P05090,0.0014424635349209942,0.0
missing__protein_npx__Q7Z3B1,0.0014350331153938343,0.0
missing__peptide_mean__Q7Z3B1,0.0014350331153938343,0.0
missing__peptide_count__Q7Z3B1,0.0014350331153938343,0.0
rollmean2__peptide_count__P04075,0.0014338135748380013,0.0
slope1__peptide_log__NPDSSTTGPWC(UniMod_4)YTTDPTVR,0.001417081220868761,0.0
lag1__peptide_mean__Q8NBJ4,0.0014154718320980812,0.0
peptide_log__WELALGR,0.0014111381924026315,0.0
lag1__protein_npx__Q08380,0.0014068326369114815,0.0
slope1__peptide_mean__P01019,0.001404968452127007,0.0
slope1__protein_npx__P00734,0.0014018257757544297,0.0
peptide_log__TVVQPSVGAAAGPVVPPC(UniMod_4)PGR,0.0014015111642899662,0.0
missing__peptide_log__DSGEGDFLAEGGGVR,0.0014009117745472845,0.0
rollmean2__peptide_abundance_mean,0.001387816754750898,0.0
rollmean2__protein_npx__Q7Z5P9,0.0013873412254205946,0.0
slope1__peptide_log__LSKELQAAQAR,0.001381717569099125,0.0
delta1__protein_npx__Q9UBX5,0.0013787770569677487,0.0
lag1__peptide_mean__P10451,0.0013760254338009063,0.0
slope1__peptide_log__DSGFQM(UniMod_35)NQLR,0.0013760001370500458,0.0
delta1__protein_npx__P00441,0.001362863006988338,0.0
lag1__peptide_mean__Q14508,0.0013604131658083707,0.0
lag1__peptide_count__P00748,0.0013569236839285396,0.0
lag1__protein_npx__P98160,0.0013561309149147018,0.0
slope1__protein_npx__P01011,0.0013534664901466273,0.0
slope1__peptide_std__P04196,0.0013500249895015304,0.0
delta1__peptide_log__DSGEGDFLAEGGGVR,0.001348601849151621,0.0
peptide_mean__P04216,0.0013483202744018613,0.0
rollmean2__peptide_mean__P00746,0.0013452235442050929,0.0
delta1__protein_npx__P01859,0.0013409332532154932,0.0
peptide_mean__P08637,0.0013318724269902676,0.0
rollmean2__peptide_mean__P02647,0.0013303452850820594,0.0
slope1__peptide_log__LRTEGDGVYTLNNEKQWINK,0.0013292240690721587,0.0
slope1__peptide_log__SGEATDGARPQALPEPMQESK,0.0013289468767621897,0.0
slope1__protein_npx__Q99683,0.00132266096131341,0.0
rollmean2__peptide_log__M(UniMod_35)ASGAANVVGPK,0.0013206424445658682,0.0
delta1__peptide_std__P02748,0.001320016278732368,0.0
delta1__protein_npx__O00391,0.0013155222284529625,0.0
peptide_mean__P09871,0.0013130788907151972,0.0
lag1__protein_npx__P02649,0.0013100565191443872,0.0
delta1__protein_npx__P05452,0.0013095361913384646,0.0
rollmean2__peptide_mean__P02787,0.0013079253437349098,0.0
delta1__current_updrs_3,0.0013058681662188455,0.0
delta1__peptide_log__HYEGSTVPEK,0.0013008054070834784,0.0
missing__protein_npx__P61278,0.0012978592740866357,0.0
missing__peptide_mean__P61278,0.0012978592740866357,0.0
missing__peptide_log__SLAAAAGKQELAK,0.0012978592740866357,0.0
missing__peptide_count__P61278,0.0012978592740866357,0.0
peptide_std__P23142,0.0012958791359374464,0.0
lag1__peptide_mean__P01031,0.0012896894270312232,0.0
missing__peptide_std__Q14118,0.0012873785862224393,0.0
lag1__peptide_std__P43121,0.001285084259551422,0.0
lag1__peptide_log__QWAGLVEK,0.001281228541289203,0.0
delta1__peptide_log__LGPLVEQGR,0.0012783746854641734,0.0
slope1__peptide_count__P61916,0.0012767899832995986,0.0
slope1__peptide_std__O15394,0.0012764682868929961,0.0
missing__peptide_std__Q12841,0.0012753162903077003,0.0
rollmean2__peptide_mean__P01008,0.0012612326791739484,0.0
slope1__protein_npx__P06681,0.001257718489838464,0.0
slope1__protein_npx__Q12805,0.001257712853326883,0.0
slope1__peptide_count__P01008,0.00125541079642872,0.0
peptide_mean__P31997,0.0012553136870028616,0.0
peptide_count__P41222,0.0012511711638106323,0.0
lag1__peptide_log__C(UniMod_4)RDQLPYIC(UniMod_4)QFGIV,0.001247261986504167,0.0
rollmean2__protein_npx__P00748,0.00124222340979403,0.0
rollmean2__peptide_count__P04217,0.0012415043379689912,0.0
rollmean2__protein_npx__P11277,0.0012325357935149227,0.0
rollmean2__protein_npx__P02747,0.001230410098150905,0.0
peptide_std__P05090,0.0012246565791993842,0.0
delta1__protein_npx__O00584,0.0012232540936641862,0.0
lag1__peptide_mean__P08571,0.0012169804075125683,0.0
has_previous_visit,0.0012134551741846769,0.0
missing__months_since_prev_visit,0.0012134551741846665,0.0
slope1__peptide_count__P02649,0.0012112582731076034,0.0
peptide_log__LQAEAFQAR,0.001209603521020515,0.0
protein_npx__P01019,0.00120778067548062,0.0
peptide_count__P18065,0.0012002170932693616,0.0
slope1__peptide_log__ALGISPFHEHAEVVFTANDSGPR,0.00119944844380673,0.0
slope1__peptide_std__P20774,0.0011982091539585495,0.0
slope1__peptide_std__Q9Y6R7,0.0011877116505790472,0.0
rollmean2__protein_npx__Q92876,0.0011855517609833484,0.0
delta1__peptide_count__P19823,0.0011835241862213639,0.0
slope1__peptide_mean__P01780,0.001183416059050598,0.0
lag1__protein_npx__P13473,0.0011827007133079714,0.0
lag1__protein_npx__P01034,0.0011758587625693465,0.0
delta1__peptide_observation_count,0.0011744903842411084,0.0
slope1__peptide_mean__P06396,0.0011739638821989997,0.0
lag1__protein_npx__P13987,0.0011712040134932466,0.0
rollmean2__peptide_mean__P08603,0.0011711914108700984,0.0
delta1__peptide_mean__P07602,0.0011659997465255495,0.0
delta1__peptide_count__P07225,0.001161412845642532,0.0
lag1__peptide_mean__P06396,0.0011476557206313018,0.0
lag1__protein_npx__Q7Z5P9,0.0011468000308886347,0.0
delta1__peptide_count__P02750,0.0011467652516663428,0.0
slope1__protein_npx__P14618,0.0011449943958784276,0.0
rollmean2__peptide_log__LEGQEEEEDNRDSSMK,0.0011408783232229008,0.0
rollmean2__peptide_mean__P02649,0.0011393011959134284,0.0
slope1__protein_npx__P00450,0.0011250395691060591,0.0
rollmean2__peptide_std__P05452,0.0011210312783535535,0.0
protein_npx__P02751,0.0011186110988917035,0.0
lag1__peptide_count__P98160,0.0011154049564302637,0.0
lag1__peptide_mean__Q9NYU2,0.0011100959391149327,0.0
delta1__peptide_std__Q92823,0.0011013406964972112,0.0
missing__peptide_count__P00441,0.0010972369278686564,0.0
missing__peptide_mean__P00441,0.0010972369278686564,0.0
missing__protein_npx__P00441,0.0010972369278686564,0.0
lag1__peptide_std__P61769,0.0010955130521884792,0.0
slope1__peptide_count__P02768,0.001092152971272325,0.0
lag1__peptide_count__P23142,0.0010914073404255141,0.0
peptide_mean__P01860,0.0010864434722315283,0.0
rollmean2__peptide_std__Q08380,0.0010769735179253456,0.0
slope1__peptide_mean__O43505,0.0010754538798210703,0.0
rollmean2__peptide_mean__P01034,0.001074709704113818,0.0
rollmean2__protein_npx__P31997,0.0010745906307841463,0.0
peptide_mean__P16070,0.0010742010600265773,0.0
rollmean2__peptide_log__SFNRGEC(UniMod_4),0.0010650467250194696,0.0
slope1__peptide_std__P07711,0.0010638278447934492,0.0
peptide_count__P30086,0.0010593516606551172,0.0
slope1__peptide_count__P02748,0.0010537021362421917,0.0
peptide_mean__P61769,0.0010535778989882527,0.0
protein_npx__P24592,0.0010478407167709436,0.0
slope1__peptide_count__P14314,0.0010477680507301151,0.0
rollmean2__peptide_log__C(UniMod_4)REILSVDC(UniMod_4)STNNPSQAK,0.0010464923984238352,0.0
slope1__peptide_log__YVM(UniMod_35)LPVADQDQC(UniMod_4)IR,0.0010453477373276844,0.0
rollmean2__peptide_count__P00748,0.0010397315486799573,0.0
rollmean2__has_previous_visit,0.0010365411688254193,0.0
rollmean2__protein_npx__O00533,0.0010310759539356711,0.0
lag1__peptide_log__AYKSELEEQLTPVAEETR,0.001027591869939976,0.0
lag1__protein_npx__P00747,0.001020980439991421,0.0
peptide_mean__P32754,0.0010168039999339416,0.0
delta1__protein_npx__P04216,0.0010166026603810193,0.0
slope1__protein_npx__P01019,0.0010148914467804657,0.0
delta1__peptide_std__Q9Y6R7,0.0010105139564684541,0.0
rollmean2__peptide_std__P07711,0.0010018342318870374,0.0
slope1__protein_npx__Q9UKV8,0.0009927469626706605,0.0
rollmean2__peptide_std__P01857,0.0009861181568914092,0.0
lag1__protein_npx__P05452,0.000984612315983763,0.0
protein_npx__Q9BY67,0.0009839285691324198,0.0
peptide_log__ILLQGTPVAQMTEDAVDAER,0.0009821686700753364,0.0
slope1__peptide_count__P02652,0.0009688937706176972,0.0
missing__peptide_log__TDASDVKPC(UniMod_4),0.0009638578025201761,0.0
peptide_count__P00747,0.000963693758557096,0.0
lag1__protein_npx__Q99832,0.0009544319692800844,0.0
peptide_std__P05452,0.0009507731660491479,0.0
peptide_mean__P02671,0.000945161149545876,0.0
delta1__peptide_mean__P05546,0.0009439338655903646,0.0
lag1__peptide_count__P02747,0.0009389451940956276,0.0
peptide_std__P06396,0.0009343263538201378,0.0
lag1__peptide_mean__P13987,0.0009268803348800012,0.0
rollmean2__peptide_mean__P02790,0.0009232781250285302,0.0
delta1__peptide_mean__P10909,0.0009199900692015646,0.0
slope1__peptide_mean__P01024,0.0009067188840242165,0.0
delta1__peptide_log__SELEEQLTPVAEETR,0.0009064037027369932,0.0
delta1__peptide_mean__P00736,0.0009055079060741721,0.0
peptide_mean__P02766,0.0009001958420537322,0.0
delta1__peptide_log__LSNENHGIAQR,0.0008984953697221411,0.0
missing__peptide_count__P32754,0.0008960747236741212,0.0
missing__protein_npx__P32754,0.0008960747236741212,0.0
missing__peptide_mean__P32754,0.0008960747236741212,0.0
lag1__protein_npx__Q8N2S1,0.0008946863324330939,0.0
slope1__peptide_log__LGADMEDVC(UniMod_4)GR,0.000894198529678391,0.0
missing__protein_npx__P35542,0.0008901900710902069,0.0
missing__peptide_count__P35542,0.0008901900710902069,0.0
missing__peptide_mean__P35542,0.0008901900710902069,0.0
peptide_mean__P02751,0.0008867986566872821,0.0
lag1__peptide_mean__P01859,0.0008860821558314304,0.0
missing__protein_npx__Q8N2S1,0.0008853526774125923,0.0
missing__peptide_count__Q8N2S1,0.0008853526774125923,0.0
missing__peptide_mean__Q8N2S1,0.0008853526774125923,0.0
protein_npx__P04433,0.0008851799172904403,0.0
rollmean2__peptide_log__VQPYLDDFQKK,0.0008851470891548969,0.0
protein_npx__Q99674,0.0008848989691276943,0.0
lag1__peptide_log__NFPPSQDASGDLYTTSSQLTLPATQC(UniMod_4)PDGK,0.0008811565238190836,0.0
lag1__peptide_log__HYEGSTVPEK,0.0008693595601751608,0.0
lag1__protein_npx__P02675,0.000859919199040047,0.0
lag1__peptide_count__P01008,0.0008571068805243097,0.0
lag1__peptide_mean__Q96PD5,0.0008401203507441755,0.0
slope1__protein_npx__O00584,0.0008399048548955877,0.0
rollmean2__protein_npx__P04433,0.0008374244627427336,0.0
peptide_log__TTPPVLDSDGSFFLYSK,0.0008308375350116864,0.0
lag1__peptide_std__Q92876,0.0008297796119238357,0.0
delta1__peptide_log__RLEGQEEEEDNRDSSMK,0.0008277063458362145,0.0
lag1__peptide_log__FLATTPNSLLVSWQPPR,0.0008270815731549985,0.0
lag1__protein_npx__Q7Z3B1,0.0008240280766498823,0.0
slope1__peptide_log__LDEVKEQVAEVR,0.0008240269424421089,0.0
delta1__peptide_mean__P06454,0.0008135940973989874,0.0
slope1__peptide_mean__P02766,0.0008074119676751378,0.0
slope1__protein_npx__P01008,0.0008017791445782535,0.0
peptide_mean__P08253,0.0008004680739762288,0.0
rollmean2__protein_npx__P09871,0.0007955922035210851,0.0
slope1__protein_npx__Q96KN2,0.0007930104489564408,0.0
rollmean2__peptide_log__LQAEAFQAR,0.0007867411122137772,0.0
slope1__peptide_std__P05452,0.0007832584991757734,0.0
slope1__protein_npx__P23142,0.0007777730882906576,0.0
slope1__peptide_count__P02675,0.0007701049250732595,0.0
delta1__peptide_log__FNKPFVFLM(UniMod_35)IEQNTK,0.0007657395576458534,0.0
slope1__protein_npx__P12109,0.0007651450083574531,0.0
delta1__peptide_count__P10645,0.0007596605809031278,0.0
delta1__protein_npx__P32754,0.0007595122704233833,0.0
rollmean2__protein_npx__Q6UXD5,0.0007592563886009108,0.0
rollmean2__peptide_count__Q12841,0.0007557299381114627,0.0
rollmean2__peptide_abundance_sum,0.0007543085527466802,0.0
missing__peptide_log__KVEQAVETEPEPELR,0.0007530270985454257,0.0
lag1__peptide_log__LQAEAFQAR,0.0007525343453852131,0.0
rollmean2__peptide_observation_count,0.0007515831436189921,0.0
delta1__peptide_log__LGADMEDVC(UniMod_4)GR,0.000749290146285761,0.0
missing__peptide_mean__O60888,0.0007491830262097157,0.0
missing__peptide_count__O60888,0.0007491830262097157,0.0
missing__protein_npx__O60888,0.0007491830262097157,0.0
protein_npx__Q92876,0.0007457742447249455,0.0
missing__peptide_log__M(UniMod_35)ASGAANVVGPK,0.0007414354463714202,0.0
rollmean2__peptide_std__P01834,0.0007395247893730708,0.0
slope1__peptide_mean__P07195,0.0007331482042294031,0.0
lag1__peptide_count__P02750,0.0007237686464777049,0.0
lag1__peptide_log__DLATVYVDVLK,0.0007182195842523758,0.0
rollmean2__peptide_mean__P05090,0.0007156041821515212,0.0
slope1__peptide_log__LIADLGSTSITNLGFR,0.0007127798768547477,0.0
lag1__protein_npx__P39060,0.0007122301880294696,0.0
delta1__peptide_std__P04075,0.0007113249046913137,0.0
delta1__peptide_log__SLAAAAGKQELAK,0.0007108044084959099,0.0
delta1__peptide_mean__P61278,0.0007108044084959099,0.0
peptide_log__SELEEQLTPVAEETR,0.0006972817835342655,0.0
peptide_mean__P27169,0.0006915657634567407,0.0
missing__peptide_std__P16070,0.0006853968101970963,0.0
peptide_std__P02753,0.0006843085315162992,0.0
peptide_log__TLLSNLEEAKK,0.0006778315860980868,0.0
rollmean2__peptide_count__Q9Y6R7,0.0006771738754454402,0.0
slope1__peptide_count__P01019,0.0006768918656857885,0.0
slope1__peptide_log__SGELEQEEER,0.0006756911469062497,0.0
slope1__peptide_mean__P19827,0.0006733031984924966,0.0
rollmean2__peptide_mean__P01860,0.0006698841087587603,0.0
slope1__peptide_log__TTPPVLDSDGSFFLYSK,0.0006667549163396736,0.0
slope1__peptide_log__GEVQAMLGQSTEELR,0.0006603215112253229,0.0
lag1__peptide_mean__P04275,0.0006593598555401318,0.0
slope1__peptide_mean__P30086,0.0006561210493584172,0.0
delta1__protein_npx__P31997,0.0006518218274982561,0.0
slope1__protein_npx__P16070,0.0006441800954230614,0.0
lag1__protein_npx__P17936,0.0006423004932502644,0.0
rollmean2__peptide_log__TLLSNLEEAKK,0.000640165452858663,0.0
rollmean2__peptide_mean__Q14508,0.0006400365450268192,0.0
lag1__peptide_std__P01834,0.0006366929232180279,0.0
lag1__peptide_count__P05452,0.0006338568078056374,0.0
peptide_log__QQETAAAETETR,0.0006277124273894492,0.0
rollmean2__protein_npx__P13521,0.0006254291354404983,0.0
slope1__peptide_mean__P01834,0.000623933995750994,0.0
missing__protein_npx__P09104,0.0006183333835341302,0.0
missing__peptide_mean__P09104,0.0006183333835341302,0.0
missing__peptide_count__P09104,0.0006183333835341302,0.0
peptide_std__Q96KN2,0.0006151852891037836,0.0
peptide_log__QKVEPLRAELQEGAR,0.0006115927067842852,0.0
peptide_count__P13987,0.0006081705247238132,0.0
rollmean2__peptide_mean__P09871,0.0006056437661855019,0.0
slope1__protein_npx__P17936,0.0006044635847063466,0.0
peptide_std__P02787,0.0006000171726426308,0.0
missing__protein_npx__Q06481,0.0005999690641888886,0.0
missing__peptide_count__Q06481,0.0005999690641888886,0.0
missing__peptide_mean__Q06481,0.0005999690641888886,0.0
lag1__peptide_std__P16870,0.0005948655996673618,0.0
lag1__protein_npx__P07602,0.0005939449694311614,0.0
delta1__peptide_count__O94919,0.0005934253035181717,0.0
slope1__protein_npx__P19827,0.0005927331985625271,0.0
slope1__peptide_std__P10643,0.0005917069982622137,0.0
lag1__protein_npx__P04433,0.0005890947783044479,0.0
rollmean2__peptide_log__C(UniMod_4)KPVNTFVHEPLVDVQNVC(UniMod_4)FQEK,0.0005887285938716412,0.0
slope1__protein_npx__O00533,0.0005869219735362114,0.0
slope1__protein_npx__O14498,0.0005849191757907888,0.0
rollmean2__peptide_mean__Q92876,0.000574924548962038,0.0
peptide_log__SC(UniMod_4)SPELQQK,0.0005747082035113168,0.0
peptide_mean__P16152,0.0005747082035113168,0.0
slope1__peptide_count__P07998,0.0005719879942338627,0.0
slope1__peptide_std__P00751,0.0005705078709026428,0.0
lag1__protein_npx__P00441,0.0005660485724144029,0.0
peptide_std__P00748,0.0005599367907095518,0.0
lag1__protein_npx__P02750,0.0005579222571613593,0.0
missing__peptide_count__P43121,0.0005545746088885716,0.0
missing__peptide_mean__P43121,0.0005545746088885716,0.0
missing__protein_npx__P43121,0.0005545746088885716,0.0
lag1__peptide_std__Q08380,0.0005542800084564957,0.0
lag1__peptide_feature_count,0.0005398308190538927,0.0
lag1__peptide_missing_fraction,0.0005398308190538857,0.0
missing__peptide_log__VKDLATVYVDVLK,0.0005372287368987782,0.0
peptide_count__P16070,0.0005315301076786214,0.0
delta1__peptide_log__AATGEC(UniMod_4)TATVGKR,0.000525192691559109,0.0
peptide_mean__P05090,0.0005222888008435592,0.0
lag1__peptide_mean__P13473,0.0005193265698648368,0.0
slope1__peptide_count__P02787,0.0005169680161100737,0.0
delta1__peptide_mean__P02792,0.0005002396772116114,0.0
missing__peptide_mean__P16152,0.0004941373190961284,0.0
missing__protein_npx__P16152,0.0004941373190961284,0.0
missing__peptide_count__P16152,0.0004941373190961284,0.0
missing__peptide_log__SC(UniMod_4)SPELQQK,0.0004941373190961284,0.0
delta1__peptide_log__DASGVTFTWTPSSGK,0.0004898549519480546,0.0
missing__protein_npx__P07333,0.0004845340985988884,0.0
missing__peptide_count__P07333,0.0004845340985988884,0.0
missing__peptide_mean__P07333,0.0004845340985988884,0.0
delta1__peptide_mean__P02749,0.0004816498594839605,0.0
missing__peptide_log__QQETAAAETETR,0.0004812236771420172,0.0
rollmean2__peptide_mean__P01834,0.0004550191210848302,0.0
slope1__protein_npx__P05060,0.00044640238726615847,0.0
peptide_mean__O15240,0.00043675591226553567,0.0
rollmean2__peptide_count__P02649,0.00043127893841304795,0.0
missing__protein_npx__Q9BY67,0.00043072355780738724,0.0
missing__peptide_mean__Q9BY67,0.00043072355780738724,0.0
missing__peptide_count__Q9BY67,0.00043072355780738724,0.0
lag1__peptide_mean__P07195,0.0004289998098829344,0.0
rollmean2__peptide_mean__P08493,0.0004246327110584233,0.0
delta1__peptide_std__Q12907,0.00042105509848356103,0.0
lag1__protein_npx__P10451,0.00041341738313690747,0.0
protein_npx__Q9HDC9,0.0004092421277401667,0.0
missing__peptide_std__Q13740,0.0004080808916138516,0.0
slope1__peptide_log__LGPLVEQGR,0.000407048338362903,0.0
rollmean2__peptide_log__GEVQAMLGQSTEELRVR,0.00040264652609514005,0.0
slope1__peptide_count__P02452,0.00039848107874349454,0.0
rollmean2__peptide_log__YYWGGQYTWDMAK,0.0003974540214698235,0.0
protein_npx__P01833,0.0003919874802921635,0.0
missing__peptide_mean__P11277,0.000390560322580525,0.0
missing__protein_npx__P11277,0.000390560322580525,0.0
missing__peptide_count__P11277,0.000390560322580525,0.0
delta1__protein_npx__P61278,0.00038416899175101253,0.0
slope1__peptide_mean__O14498,0.00038111177112196,0.0
lag1__peptide_count__P00747,0.0003762935101272872,0.0
slope1__peptide_mean__P10645,0.00037337477144397364,0.0
slope1__protein_npx__P39060,0.0003706426481700278,0.0
delta1__peptide_log__LRTEGDGVYTLNNEKQWINK,0.0003704142930031105,0.0
rollmean2__protein_npx__Q92823,0.0003703620651375702,0.0
rollmean2__peptide_mean__Q92823,0.00036656088703809775,0.0
delta1__peptide_std__P05452,0.00036588569011088276,0.0
slope1__peptide_log__AATGEC(UniMod_4)TATVGKR,0.000364848982529396,0.0
peptide_std__Q6UXB8,0.00036434313160074505,0.0
peptide_mean__P13987,0.00036124142470624407,0.0
lag1__peptide_std__O94919,0.00036079212776416635,0.0
delta1__protein_npx__Q12805,0.0003605441784289028,0.0
slope1__peptide_log__DLATVYVDVLK,0.0003584168191299911,0.0
rollmean2__peptide_log__FM(UniMod_35)ETVAEK,0.00035044652391470857,0.0
delta1__peptide_std__P17174,0.00034871971296892597,0.0
protein_npx__P10643,0.0003479998204201043,0.0
rollmean2__peptide_std__P08697,0.00034505179176041073,0.0
lag1__protein_missing_fraction,0.0003423871562540904,0.0
lag1__protein_feature_count,0.00034238715625408756,0.0
slope1__peptide_count__P20774,0.00033990525805236387,0.0
slope1__peptide_std__O94919,0.00031477413487814796,0.0
lag1__peptide_mean__P02647,0.00031440902724518644,0.0
protein_npx__Q92823,0.0003142821980940811,0.0
rollmean2__peptide_log__YIVSGTPTFVPYLIK,0.0003082529198782253,0.0
rollmean2__protein_npx__P02751,0.0003034050341585427,0.0
delta1__peptide_std__P61769,0.000301386169579927,0.0
rollmean2__peptide_count__P18065,0.00029886191331698946,0.0
slope1__peptide_std__P16070,0.0002980944185468919,0.0
protein_npx__Q13740,0.00029699382568293,0.0
protein_npx__P02787,0.0002968720936196589,0.0
lag1__peptide_abundance_std,0.0002953186511920844,0.0
lag1__peptide_count__P02766,0.0002866123164320036,0.0
lag1__peptide_mean__Q13283,0.00027698237155431075,0.0
slope1__peptide_mean__P41222,0.00027535892268524794,0.0
rollmean2__protein_npx__O75326,0.00027203322838587464,0.0
lag1__protein_npx__P01833,0.00026740483502538874,0.0
lag1__peptide_std__P05546,0.00026599417153046526,0.0
slope1__protein_npx__P13987,0.0002654585507790382,0.0
missing__peptide_log__SSQGGSLPSEEK,0.00025802860471525003,0.0
rollmean2__peptide_log__C(UniMod_4)RDQLPYIC(UniMod_4)QFGIV,0.00025177083763094465,0.0
lag1__peptide_log__EDSLEAGLPLQVR,0.0002505260411469694,0.0
peptide_std__P08697,0.00024793252162234983,0.0
rollmean2__peptide_log__VDSGNDVTDIADDGC(UniMod_4)PKPPEIAHGYVEHSVR,0.0002421904525873374,0.0
delta1__peptide_log__YVMLPVADQDQC(UniMod_4)IR,0.00024018308146858227,0.0
protein_npx__Q8IWV7,0.00023796415022808655,0.0
lag1__peptide_log__C(UniMod_4)TSTGWIPAPR,0.00023676294147743871,0.0
peptide_mean__P01031,0.00023578920626066935,0.0
slope1__peptide_count__P08603,0.0002328169859970909,0.0
rollmean2__peptide_mean__P10451,0.000231061986359761,0.0
delta1__has_previous_visit,0.00022811168704420262,0.0
lag1__has_previous_visit,0.00022811168704420088,0.0
rollmean2__protein_npx__Q14118,0.0002214343072187709,0.0
slope1__peptide_mean__Q99829,0.00021817728545474294,0.0
peptide_log__C(UniMod_4)IIEVLSNALSK,0.0002154785347394862,0.0
peptide_log__GEVQAMLGQSTEELRVR,0.00021450179575171262,0.0
rollmean2__protein_npx__P04004,0.00020981176159668815,0.0
slope1__protein_npx__P31997,0.00020573410910878373,0.0
lag1__protein_npx__P02652,0.0001998732926443857,0.0
slope1__peptide_log__SSQGGSLPSEEK,0.00019789379390412312,0.0
rollmean2__peptide_log__C(UniMod_4)TSTGWIPAPR,0.00019485905599557008,0.0
rollmean2__peptide_std__P98160,0.0001944439123068754,0.0
slope1__protein_npx__P25311,0.00019280820325571276,0.0
slope1__peptide_mean__P31997,0.0001837155016121596,0.0
lag1__protein_npx__P13521,0.00017507981940534988,0.0
peptide_mean__P02647,0.00017369944773130898,0.0
slope1__protein_npx__P08571,0.00017293846523677646,0.0
delta1__peptide_std__Q14118,0.00016475176172647672,0.0
slope1__peptide_mean__P02647,0.00015818772095921044,0.0
lag1__peptide_mean__P24592,0.00015592617940125166,0.0
slope1__peptide_mean__Q13332,0.00015583119939466158,0.0
peptide_mean__Q14508,0.00015398254350425394,0.0
slope1__peptide_log__TLLSNLEEAKK,0.00014694985434157148,0.0
delta1__protein_npx__P10909,0.0001379834319226036,0.0
delta1__peptide_std__P61916,0.0001123738174751332,0.0
delta1__peptide_count__P61916,0.00011196942310479336,0.0
protein_npx__P08637,0.00010141628616575919,0.0
protein_npx__Q7Z3B1,9.76563094989253e-05,0.0
rollmean2__protein_npx__P01031,9.717260888071887e-05,0.0
rollmean2__peptide_mean__Q99674,8.913450823326404e-05,0.0
rollmean2__peptide_mean__P13521,8.49749927603507e-05,0.0
protein_npx__P11277,8.214223356779739e-05,0.0
lag1__peptide_log__SGEATDGARPQALPEPMQESK,7.466936778107381e-05,0.0
slope1__peptide_log__LSNENHGIAQR,7.313660059555618e-05,0.0
delta1__peptide_mean__Q08380,7.040710574796752e-05,0.0
lag1__peptide_count__P01042,6.677792916026277e-05,0.0
delta1__peptide_mean__P02647,6.5917970958948e-05,0.0
peptide_mean__P05452,5.985520364602115e-05,0.0
delta1__peptide_mean__P01860,5.8939114813550946e-05,0.0
delta1__protein_npx__P07602,5.765712375402373e-05,0.0
lag1__peptide_count__Q12841,5.608996551802933e-05,0.0
lag1__protein_npx__P02768,5.4689758194683426e-05,0.0
peptide_mean__P02787,5.187515679611775e-05,0.0
peptide_mean__P43652,5.0281391904243136e-05,0.0
protein_npx__P02747,4.8958085073807267e-05,0.0
rollmean2__protein_npx__P04196,4.5251060085721884e-05,0.0
lag1__protein_npx__Q9UKV8,4.279826083706949e-05,0.0
rollmean2__protein_npx__Q96PD5,4.1564083307191214e-05,0.0
peptide_log__AYKSELEEQLTPVAEETR,4.134725967791118e-05,0.0
protein_npx__P07711,4.029833322023696e-05,0.0
rollmean2__peptide_mean__Q7Z3B1,3.7471849034500834e-05,0.0
missing__peptide_log__TSPVDEKALQDQLVLVAAK,3.3317652139278525e-05,0.0
delta1__peptide_mean__Q92823,3.0486134275853083e-05,0.0
protein_npx__P01023,2.4930232621150356e-05,0.0
protein_npx__Q96KN2,2.3088991407096114e-05,0.0
delta1__peptide_log__TLLSNLEEAKK,2.0439413580941157e-05,0.0
rollmean2__peptide_mean__P16152,1.021001879953322e-05,0.0
rollmean2__peptide_log__SC(UniMod_4)SPELQQK,1.021001879953322e-05,0.0
missing__peptide_log__TM(UniMod_35)LLQPAGSLGSYSYR,2.9600452406999925e-06,0.0
peptide_log__MASGAANVVGPK,1.1954341197474727e-06,0.0
peptide_count__Q9UNU6,0.0,0.0
peptide_count__Q9Y646,0.0,0.0
peptide_count__Q99435,0.0,0.0
rollmean2__peptide_count__P04211,0.0,0.0
rollmean2__peptide_count__P04216,0.0,0.0
rollmean2__peptide_count__P04275,0.0,0.0
rollmean2__peptide_count__P04406,0.0,0.0
peptide_count__Q99683,0.0,0.0
peptide_count__Q99829,0.0,0.0
peptide_count__Q99832,0.0,0.0
peptide_count__Q99969,0.0,0.0
peptide_count__Q9BY67,0.0,0.0
peptide_count__Q9HDC9,0.0,0.0
peptide_count__Q9UKV8,0.0,0.0
peptide_count__Q9UBR2,0.0,0.0
missing__peptide_count__P00748,0.0,0.0
missing__peptide_count__P00751,0.0,0.0
missing__peptide_count__P01008,0.0,0.0
missing__peptide_count__P01009,0.0,0.0
missing__peptide_count__P01011,0.0,0.0
missing__peptide_count__P01019,0.0,0.0
missing__peptide_count__P01023,0.0,0.0
missing__peptide_count__P01024,0.0,0.0
missing__peptide_count__O15240,0.0,0.0
missing__peptide_count__O43505,0.0,0.0
missing__peptide_count__O75144,0.0,0.0
peptide_count__Q9NYU2,0.0,0.0
missing__peptide_std__P10909,0.0,0.0
delta1__peptide_count__O00391,0.0,0.0
delta1__peptide_count__O14498,0.0,0.0
missing__peptide_std__P05155,0.0,0.0
missing__peptide_std__P05452,0.0,0.0
missing__peptide_std__P06396,0.0,0.0
missing__peptide_std__P06727,0.0,0.0
missing__peptide_std__P07339,0.0,0.0
missing__peptide_std__P07602,0.0,0.0
missing__peptide_std__P07998,0.0,0.0
missing__peptide_std__P08294,0.0,0.0
rollmean2__peptide_count__P08253,0.0,0.0
rollmean2__peptide_count__P02655,0.0,0.0
rollmean2__peptide_count__P08133,0.0,0.0
peptide_count__O14498,0.0,0.0
peptide_count__O14791,0.0,0.0
peptide_count__O43505,0.0,0.0
peptide_count__O60888,0.0,0.0
peptide_count__O75326,0.0,0.0
rollmean2__peptide_count__P05408,0.0,0.0
rollmean2__peptide_count__P06310,0.0,0.0
rollmean2__peptide_count__P06454,0.0,0.0
rollmean2__peptide_count__P07195,0.0,0.0
rollmean2__peptide_count__P07333,0.0,0.0
rollmean2__peptide_count__P07858,0.0,0.0
rollmean2__peptide_count__P08123,0.0,0.0
peptide_count__P06454,0.0,0.0
peptide_count__O00391,0.0,0.0
missing__peptide_count__P02679,0.0,0.0
missing__peptide_count__P02747,0.0,0.0
missing__peptide_count__P02748,0.0,0.0
missing__peptide_count__P02749,0.0,0.0
missing__peptide_count__P02750,0.0,0.0
missing__peptide_count__P02751,0.0,0.0
missing__peptide_count__P02753,0.0,0.0
missing__peptide_count__P02760,0.0,0.0
missing__peptide_count__P01860,0.0,0.0
missing__peptide_count__P01876,0.0,0.0
missing__peptide_count__P02647,0.0,0.0
missing__peptide_count__P02649,0.0,0.0
missing__peptide_count__P00450,0.0,0.0
missing__peptide_count__P02656,0.0,0.0
missing__peptide_count__P02671,0.0,0.0
missing__peptide_count__P02675,0.0,0.0
missing__peptide_count__P01034,0.0,0.0
missing__peptide_count__P01042,0.0,0.0
missing__peptide_count__P01344,0.0,0.0
missing__peptide_count__P01621,0.0,0.0
missing__peptide_count__P01717,0.0,0.0
missing__peptide_count__P01834,0.0,0.0
missing__peptide_count__P01857,0.0,0.0
missing__peptide_count__P01859,0.0,0.0
lag1__peptide_count__P01833,0.0,0.0
lag1__peptide_count__P01861,0.0,0.0
missing__peptide_count__P02652,0.0,0.0
lag1__peptide_count__O75326,0.0,0.0
missing__peptide_count__P00734,0.0,0.0
missing__peptide_count__P00738,0.0,0.0
missing__peptide_count__P00747,0.0,0.0
missing__peptide_std__P51884,0.0,0.0
missing__peptide_std__Q08380,0.0,0.0
missing__peptide_std__Q12805,0.0,0.0
missing__peptide_std__Q16270,0.0,0.0
missing__peptide_std__Q92520,0.0,0.0
missing__peptide_std__Q96KN2,0.0,0.0
missing__peptide_std__Q9UHG2,0.0,0.0
missing__peptide_count__O00533,0.0,0.0
rollmean2__peptide_count__P02792,0.0,0.0
missing__peptide_count__P04004,0.0,0.0
rollmean2__peptide_count__P04207,0.0,0.0
peptide_count__Q99674,0.0,0.0
missing__peptide_std__P36222,0.0,0.0
missing__peptide_std__P36955,0.0,0.0
missing__peptide_std__P41222,0.0,0.0
missing__peptide_std__P43652,0.0,0.0
missing__peptide_count__P02763,0.0,0.0
missing__peptide_count__P02765,0.0,0.0
missing__peptide_count__P02766,0.0,0.0
missing__peptide_count__P02768,0.0,0.0
missing__peptide_count__P02774,0.0,0.0
missing__peptide_count__P02787,0.0,0.0
missing__peptide_count__P02790,0.0,0.0
rollmean2__peptide_count__P04156,0.0,0.0
missing__peptide_std__P00738,0.0,0.0
missing__peptide_std__P00747,0.0,0.0
missing__peptide_std__P00751,0.0,0.0
missing__peptide_std__P01008,0.0,0.0
missing__peptide_std__P01009,0.0,0.0
missing__peptide_std__O00533,0.0,0.0
missing__peptide_std__P00450,0.0,0.0
delta1__peptide_count__P02655,0.0,0.0
delta1__peptide_count__P02792,0.0,0.0
delta1__peptide_count__P04156,0.0,0.0
delta1__peptide_count__P04207,0.0,0.0
delta1__peptide_count__P04211,0.0,0.0
missing__peptide_std__P10645,0.0,0.0
delta1__peptide_count__P08253,0.0,0.0
delta1__peptide_count__P08637,0.0,0.0
delta1__peptide_count__P09104,0.0,0.0
delta1__peptide_count__P10451,0.0,0.0
delta1__peptide_count__P11142,0.0,0.0
delta1__peptide_count__P11277,0.0,0.0
delta1__peptide_count__P13473,0.0,0.0
delta1__peptide_count__P13521,0.0,0.0
delta1__peptide_count__P05408,0.0,0.0
delta1__peptide_count__P06310,0.0,0.0
delta1__peptide_count__P06454,0.0,0.0
delta1__peptide_count__P07195,0.0,0.0
delta1__peptide_count__P07333,0.0,0.0
delta1__peptide_count__P04216,0.0,0.0
delta1__peptide_count__P49588,0.0,0.0
delta1__peptide_count__P49908,0.0,0.0
rollmean2__peptide_count__P10451,0.0,0.0
slope1__months_since_baseline,0.0,0.0
rollmean2__peptide_count__P11142,0.0,0.0
rollmean2__peptide_count__P11277,0.0,0.0
rollmean2__peptide_count__P13473,0.0,0.0
rollmean2__peptide_count__P13521,0.0,0.0
rollmean2__peptide_count__P13671,0.0,0.0
delta1__peptide_count__P17936,0.0,0.0
delta1__peptide_count__P19021,0.0,0.0
delta1__peptide_count__P19827,0.0,0.0
delta1__peptide_count__P20933,0.0,0.0
missing__peptide_std__P00734,0.0,0.0
delta1__peptide_count__P31997,0.0,0.0
rollmean2__peptide_count__P08637,0.0,0.0
rollmean2__peptide_count__P09104,0.0,0.0
missing__peptide_mean__Q92823,0.0,0.0
missing__peptide_mean__Q92876,0.0,0.0
missing__peptide_mean__Q96KN2,0.0,0.0
missing__peptide_mean__Q96PD5,0.0,0.0
missing__peptide_mean__Q9UHG2,0.0,0.0
delta1__peptide_count__P13671,0.0,0.0
delta1__peptide_count__P14174,0.0,0.0
delta1__peptide_count__P16152,0.0,0.0
delta1__peptide_count__P04275,0.0,0.0
delta1__peptide_count__P04406,0.0,0.0
delta1__peptide_count__P23083,0.0,0.0
missing__peptide_std__P01023,0.0,0.0
missing__peptide_std__P01024,0.0,0.0
missing__peptide_std__P01034,0.0,0.0
missing__peptide_std__P01042,0.0,0.0
missing__peptide_std__P01834,0.0,0.0
missing__peptide_std__P01876,0.0,0.0
delta1__peptide_count__P01594,0.0,0.0
delta1__peptide_count__P01608,0.0,0.0
delta1__peptide_count__P01621,0.0,0.0
missing__peptide_std__P13987,0.0,0.0
missing__peptide_std__P18065,0.0,0.0
missing__peptide_std__P23142,0.0,0.0
delta1__peptide_count__P07858,0.0,0.0
missing__peptide_std__P25311,0.0,0.0
delta1__peptide_count__O14791,0.0,0.0
delta1__peptide_count__O43505,0.0,0.0
delta1__peptide_count__O60888,0.0,0.0
delta1__peptide_count__O75326,0.0,0.0
delta1__peptide_count__P01031,0.0,0.0
delta1__peptide_count__P01033,0.0,0.0
delta1__peptide_count__P01344,0.0,0.0
delta1__peptide_count__P01591,0.0,0.0
missing__peptide_std__P08571,0.0,0.0
missing__peptide_std__P08603,0.0,0.0
missing__peptide_std__P08697,0.0,0.0
missing__peptide_std__P09871,0.0,0.0
missing__peptide_std__P24592,0.0,0.0
delta1__peptide_count__P08123,0.0,0.0
delta1__peptide_count__P08133,0.0,0.0
missing__peptide_std__P02787,0.0,0.0
missing__peptide_std__P02790,0.0,0.0
missing__peptide_std__P04004,0.0,0.0
missing__peptide_std__P04196,0.0,0.0
missing__peptide_std__P04217,0.0,0.0
missing__peptide_std__P04433,0.0,0.0
missing__peptide_std__P05067,0.0,0.0
missing__peptide_std__P05090,0.0,0.0
missing__peptide_std__P02765,0.0,0.0
missing__peptide_std__P02766,0.0,0.0
missing__peptide_std__P02768,0.0,0.0
missing__peptide_std__P01019,0.0,0.0
delta1__peptide_count__P01717,0.0,0.0
delta1__peptide_count__P01780,0.0,0.0
delta1__peptide_count__P01833,0.0,0.0
delta1__peptide_count__P01861,0.0,0.0
missing__peptide_std__P02647,0.0,0.0
missing__peptide_std__P02649,0.0,0.0
missing__peptide_std__P02671,0.0,0.0
missing__peptide_std__P02675,0.0,0.0
missing__peptide_std__P02679,0.0,0.0
missing__peptide_std__P02749,0.0,0.0
missing__peptide_std__P02751,0.0,0.0
missing__peptide_std__P02753,0.0,0.0
missing__peptide_std__P01011,0.0,0.0
missing__peptide_std__P02774,0.0,0.0
lag1__peptide_count__P14174,0.0,0.0
lag1__peptide_count__P16152,0.0,0.0
missing__peptide_count__Q7Z5P9,0.0,0.0
missing__peptide_count__Q92520,0.0,0.0
missing__peptide_count__Q92823,0.0,0.0
missing__peptide_count__Q92876,0.0,0.0
missing__peptide_count__Q96KN2,0.0,0.0
missing__peptide_count__Q96PD5,0.0,0.0
lag1__peptide_count__P08637,0.0,0.0
lag1__peptide_count__P09104,0.0,0.0
missing__peptide_count__P61916,0.0,0.0
missing__peptide_count__P80748,0.0,0.0
missing__peptide_count__P05452,0.0,0.0
missing__peptide_count__Q12805,0.0,0.0
missing__peptide_count__Q14515,0.0,0.0
missing__peptide_count__Q14624,0.0,0.0
missing__peptide_count__Q16270,0.0,0.0
missing__peptide_count__Q16610,0.0,0.0
peptide_count__P01591,0.0,0.0
peptide_count__P01594,0.0,0.0
peptide_count__P01608,0.0,0.0
peptide_count__P01621,0.0,0.0
peptide_count__P01717,0.0,0.0
peptide_count__P01780,0.0,0.0
lag1__peptide_count__P49588,0.0,0.0
missing__peptide_missing_fraction,0.0,0.0
missing__peptide_count__Q08380,0.0,0.0
peptide_count__P43251,0.0,0.0
peptide_count__P49588,0.0,0.0
peptide_count__P49908,0.0,0.0
peptide_count__P60174,0.0,0.0
peptide_count__P61278,0.0,0.0
peptide_count__P61626,0.0,0.0
lag1__peptide_count__P05408,0.0,0.0
lag1__peptide_count__P06310,0.0,0.0
lag1__peptide_count__P06454,0.0,0.0
peptide_count__P01833,0.0,0.0
peptide_count__P01861,0.0,0.0
peptide_count__P31997,0.0,0.0
peptide_count__P32754,0.0,0.0
lag1__peptide_count__P13671,0.0,0.0
lag1__peptide_count__P17936,0.0,0.0
lag1__peptide_count__P19021,0.0,0.0
missing__peptide_count__Q9UHG2,0.0,0.0
missing__peptide_log__AKLEEQAQQIR,0.0,0.0
missing__peptide_log__ANRPFLVFIR,0.0,0.0
lag1__peptide_count__P19827,0.0,0.0
lag1__peptide_count__P20933,0.0,0.0
lag1__peptide_count__P23083,0.0,0.0
lag1__peptide_count__P10451,0.0,0.0
lag1__peptide_count__P11142,0.0,0.0
lag1__peptide_count__P11277,0.0,0.0
lag1__peptide_count__P13473,0.0,0.0
lag1__peptide_count__P13521,0.0,0.0
peptide_count__P35542,0.0,0.0
missing__months_since_baseline,0.0,0.0
missing__peptide_log__SPVGVQPILNEHTFC(UniMod_4)AGMSK,0.0,0.0
missing__current_updrs_2,0.0,0.0
lag1__peptide_count__Q8N2S1,0.0,0.0
lag1__peptide_count__Q8NBJ4,0.0,0.0
lag1__peptide_count__Q8NE71,0.0,0.0
missing__peptide_log__AYKSELEEQLTPVAEETR,0.0,0.0
missing__peptide_log__AYQGVAAPFPK,0.0,0.0
missing__peptide_log__DASGVTFTWTPSSGK,0.0,0.0
missing__peptide_feature_count,0.0,0.0
missing__peptide_log__QWAGLVEK,0.0,0.0
lag1__peptide_count__Q14508,0.0,0.0
peptide_count__P17936,0.0,0.0
lag1__peptide_count__Q562R1,0.0,0.0
lag1__peptide_count__Q6UX71,0.0,0.0
lag1__peptide_count__Q6UXD5,0.0,0.0
lag1__peptide_count__Q7Z3B1,0.0,0.0
lag1__peptide_count__Q7Z5P9,0.0,0.0
lag1__peptide_count__Q8IWV7,0.0,0.0
lag1__peptide_count__P60174,0.0,0.0
lag1__peptide_count__P61278,0.0,0.0
lag1__peptide_count__P61626,0.0,0.0
lag1__peptide_count__P80748,0.0,0.0
lag1__peptide_count__Q13283,0.0,0.0
lag1__peptide_count__Q13332,0.0,0.0
lag1__peptide_count__Q13449,0.0,0.0
lag1__peptide_count__Q15904,0.0,0.0
peptide_count__P19021,0.0,0.0
peptide_count__P19827,0.0,0.0
peptide_count__P20933,0.0,0.0
peptide_count__P23083,0.0,0.0
peptide_count__P01031,0.0,0.0
peptide_count__P01033,0.0,0.0
peptide_count__P01344,0.0,0.0
peptide_count__P10451,0.0,0.0
peptide_count__P11142,0.0,0.0
peptide_count__P11277,0.0,0.0
peptide_count__P13473,0.0,0.0
peptide_count__P13521,0.0,0.0
peptide_count__P13671,0.0,0.0
missing__visit_index,0.0,0.0
peptide_count__P16152,0.0,0.0
lag1__peptide_count__P31997,0.0,0.0
lag1__peptide_count__P32754,0.0,0.0
lag1__peptide_count__P35542,0.0,0.0
lag1__peptide_count__P36980,0.0,0.0
lag1__peptide_count__P40925,0.0,0.0
lag1__peptide_count__P43251,0.0,0.0
peptide_count__P04275,0.0,0.0
peptide_count__P05408,0.0,0.0
missing__peptide_log__QNC(UniMod_4)ELFEQLGEYK,0.0,0.0
missing__peptide_log__LQAEAFQAR,0.0,0.0
missing__peptide_log__TLLSNLEEAKK,0.0,0.0
missing__current_medication_unknown,0.0,0.0
peptide_count__P14174,0.0,0.0
missing__peptide_count__P05090,0.0,0.0
rollmean2__peptide_count__P01608,0.0,0.0
rollmean2__peptide_count__P01621,0.0,0.0
rollmean2__peptide_count__P01717,0.0,0.0
rollmean2__peptide_count__P01780,0.0,0.0
rollmean2__peptide_count__P01833,0.0,0.0
rollmean2__peptide_count__P01861,0.0,0.0
missing__peptide_count__P08294,0.0,0.0
missing__peptide_count__P08571,0.0,0.0
peptide_count__Q8NE71,0.0,0.0
peptide_count__Q96BZ4,0.0,0.0
peptide_count__Q96S96,0.0,0.0
peptide_count__P40925,0.0,0.0
rollmean2__peptide_count__P01033,0.0,0.0
rollmean2__peptide_count__P01344,0.0,0.0
rollmean2__peptide_count__P01591,0.0,0.0
rollmean2__peptide_count__P01594,0.0,0.0
peptide_count__Q562R1,0.0,0.0
peptide_count__Q6UX71,0.0,0.0
peptide_count__Q6UXD5,0.0,0.0
peptide_count__Q7Z3B1,0.0,0.0
peptide_count__Q7Z5P9,0.0,0.0
peptide_count__Q8IWV7,0.0,0.0
peptide_count__Q8N2S1,0.0,0.0
peptide_count__Q8NBJ4,0.0,0.0
missing__peptide_count__P07858,0.0,0.0
rollmean2__peptide_count__P01031,0.0,0.0
missing__peptide_count__P06396,0.0,0.0
missing__peptide_count__P06727,0.0,0.0
missing__peptide_count__P07225,0.0,0.0
missing__peptide_count__P07339,0.0,0.0
missing__peptide_count__P07602,0.0,0.0
lag1__peptide_count__P01033,0.0,0.0
lag1__peptide_count__P01344,0.0,0.0
lag1__peptide_count__P01591,0.0,0.0
lag1__peptide_count__P01594,0.0,0.0
lag1__peptide_count__P01608,0.0,0.0
lag1__peptide_count__P01621,0.0,0.0
lag1__peptide_count__P01717,0.0,0.0
lag1__peptide_count__P01780,0.0,0.0
missing__peptide_count__P05067,0.0,0.0
missing__peptide_count__P05156,0.0,0.0
lag1__peptide_count__O00391,0.0,0.0
lag1__peptide_count__O14498,0.0,0.0
lag1__peptide_count__O14791,0.0,0.0
lag1__peptide_count__O43505,0.0,0.0
lag1__peptide_count__O60888,0.0,0.0
lag1__peptide_count__P01031,0.0,0.0
missing__peptide_count__P04156,0.0,0.0
missing__peptide_count__P04180,0.0,0.0
missing__peptide_count__P04196,0.0,0.0
missing__peptide_count__P04217,0.0,0.0
missing__peptide_count__P04433,0.0,0.0
missing__peptide_count__P05060,0.0,0.0
missing__peptide_count__P05155,0.0,0.0
missing__peptide_count__P19652,0.0,0.0
missing__peptide_count__P19823,0.0,0.0
missing__peptide_count__P08603,0.0,0.0
missing__peptide_count__P08697,0.0,0.0
missing__peptide_count__P09486,0.0,0.0
missing__peptide_count__P09871,0.0,0.0
missing__peptide_count__P10451,0.0,0.0
missing__peptide_count__P10643,0.0,0.0
missing__peptide_count__P10645,0.0,0.0
missing__peptide_count__P10909,0.0,0.0
lag1__peptide_count__P07195,0.0,0.0
lag1__peptide_count__P07333,0.0,0.0
lag1__peptide_count__P07858,0.0,0.0
missing__peptide_count__P07998,0.0,0.0
lag1__peptide_count__P08133,0.0,0.0
lag1__peptide_count__P08253,0.0,0.0
lag1__peptide_count__P04216,0.0,0.0
missing__peptide_count__P61769,0.0,0.0
peptide_count__P80748,0.0,0.0
peptide_count__Q02818,0.0,0.0
rollmean2__peptide_count__O00391,0.0,0.0
rollmean2__peptide_count__O14498,0.0,0.0
rollmean2__peptide_count__O14791,0.0,0.0
rollmean2__peptide_count__O43505,0.0,0.0
rollmean2__peptide_count__O60888,0.0,0.0
rollmean2__peptide_count__O75326,0.0,0.0
peptide_count__P36980,0.0,0.0
lag1__peptide_count__P08123,0.0,0.0
peptide_count__Q13283,0.0,0.0
peptide_count__Q13332,0.0,0.0
peptide_count__Q13449,0.0,0.0
peptide_count__Q13451,0.0,0.0
peptide_count__Q14508,0.0,0.0
peptide_count__Q15904,0.0,0.0
missing__peptide_count__P25311,0.0,0.0
missing__peptide_count__P36222,0.0,0.0
missing__peptide_count__P36955,0.0,0.0
missing__peptide_count__P41222,0.0,0.0
missing__peptide_count__P43652,0.0,0.0
missing__peptide_count__P51884,0.0,0.0
lag1__peptide_count__P04275,0.0,0.0
missing__peptide_count__P18065,0.0,0.0
missing__peptide_count__P20774,0.0,0.0
lag1__peptide_count__P02655,0.0,0.0
lag1__peptide_count__P02792,0.0,0.0
lag1__peptide_count__P04156,0.0,0.0
lag1__peptide_count__P04207,0.0,0.0
lag1__peptide_count__P04211,0.0,0.0
missing__peptide_count__P23142,0.0,0.0
missing__peptide_count__P24592,0.0,0.0
missing__peptide_count__P12109,0.0,0.0
missing__peptide_count__P13521,0.0,0.0
missing__peptide_count__P13987,0.0,0.0
missing__peptide_count__P16035,0.0,0.0
missing__peptide_count__P16870,0.0,0.0
lag1__peptide_count__P04406,0.0,0.0
missing__protein_npx__P12109,0.0,0.0
missing__protein_npx__P13521,0.0,0.0
missing__protein_npx__P07339,0.0,0.0
missing__protein_npx__P07602,0.0,0.0
missing__protein_npx__P07858,0.0,0.0
missing__protein_npx__P07998,0.0,0.0
missing__protein_npx__P08294,0.0,0.0
missing__protein_npx__P08571,0.0,0.0
missing__protein_npx__P08603,0.0,0.0
missing__protein_npx__P08697,0.0,0.0
missing__protein_npx__Q16270,0.0,0.0
missing__protein_npx__Q16610,0.0,0.0
delta1__peptide_count__P43251,0.0,0.0
missing__protein_npx__Q92520,0.0,0.0
missing__protein_npx__Q92823,0.0,0.0
missing__protein_npx__Q92876,0.0,0.0
slope1__peptide_count__P36980,0.0,0.0
slope1__peptide_count__P40925,0.0,0.0
missing__protein_npx__P51884,0.0,0.0
missing__protein_npx__P61769,0.0,0.0
missing__protein_npx__P61916,0.0,0.0
missing__protein_npx__P80748,0.0,0.0
missing__protein_npx__Q08380,0.0,0.0
missing__protein_npx__Q12805,0.0,0.0
missing__protein_npx__Q14515,0.0,0.0
missing__protein_npx__Q14624,0.0,0.0
missing__protein_npx__Q7Z5P9,0.0,0.0
missing__protein_npx__P04004,0.0,0.0
missing__protein_npx__P04156,0.0,0.0
missing__protein_npx__P04180,0.0,0.0
missing__protein_npx__P04196,0.0,0.0
missing__protein_npx__P04217,0.0,0.0
missing__protein_npx__P04433,0.0,0.0
slope1__peptide_count__P06454,0.0,0.0
slope1__peptide_count__P07195,0.0,0.0
slope1__peptide_count__P07333,0.0,0.0
slope1__peptide_count__P07858,0.0,0.0
slope1__peptide_count__P08123,0.0,0.0
slope1__peptide_count__P08133,0.0,0.0
slope1__peptide_count__P08253,0.0,0.0
missing__protein_npx__P10909,0.0,0.0
missing__protein_npx__P13987,0.0,0.0
slope1__peptide_count__P04207,0.0,0.0
slope1__peptide_count__P04211,0.0,0.0
slope1__peptide_count__P04216,0.0,0.0
slope1__peptide_count__P04275,0.0,0.0
slope1__peptide_count__P04406,0.0,0.0
slope1__peptide_count__P05408,0.0,0.0
slope1__peptide_count__P06310,0.0,0.0
missing__protein_npx__P09486,0.0,0.0
missing__protein_npx__P09871,0.0,0.0
missing__protein_npx__P10451,0.0,0.0
missing__protein_npx__P10643,0.0,0.0
missing__protein_npx__P10645,0.0,0.0
slope1__peptide_count__P08637,0.0,0.0
slope1__peptide_count__P17936,0.0,0.0
slope1__peptide_count__P19021,0.0,0.0
slope1__peptide_count__P19827,0.0,0.0
slope1__peptide_count__Q13283,0.0,0.0
slope1__peptide_count__Q13332,0.0,0.0
slope1__peptide_count__Q13449,0.0,0.0
slope1__peptide_count__Q13451,0.0,0.0
slope1__peptide_count__Q14508,0.0,0.0
slope1__peptide_count__P10451,0.0,0.0
slope1__peptide_count__P11142,0.0,0.0
slope1__peptide_count__P11277,0.0,0.0
slope1__peptide_count__P43251,0.0,0.0
missing__protein_npx__P20774,0.0,0.0
slope1__peptide_count__P49908,0.0,0.0
slope1__peptide_count__P60174,0.0,0.0
slope1__peptide_count__P61278,0.0,0.0
slope1__peptide_count__P61626,0.0,0.0
slope1__peptide_count__P80748,0.0,0.0
slope1__peptide_count__Q02818,0.0,0.0
missing__protein_missing_fraction,0.0,0.0
missing__peptide_abundance_mean,0.0,0.0
missing__peptide_abundance_std,0.0,0.0
missing__peptide_abundance_min,0.0,0.0
missing__peptide_abundance_max,0.0,0.0
missing__peptide_abundance_sum,0.0,0.0
missing__peptide_observation_count,0.0,0.0
slope1__peptide_count__P49588,0.0,0.0
missing__protein_npx__P23142,0.0,0.0
missing__protein_npx__P24592,0.0,0.0
missing__protein_npx__P25311,0.0,0.0
missing__protein_npx__P36222,0.0,0.0
missing__protein_npx__P36955,0.0,0.0
missing__protein_npx__P41222,0.0,0.0
missing__protein_npx__P43652,0.0,0.0
slope1__peptide_count__P09104,0.0,0.0
slope1__peptide_count__P02792,0.0,0.0
slope1__peptide_count__P04156,0.0,0.0
missing__protein_npx__P16035,0.0,0.0
missing__protein_npx__P16870,0.0,0.0
missing__protein_npx__P18065,0.0,0.0
slope1__peptide_count__P16152,0.0,0.0
missing__protein_npx__P19823,0.0,0.0
slope1__peptide_count__P20933,0.0,0.0
slope1__peptide_count__P23083,0.0,0.0
slope1__peptide_count__Q562R1,0.0,0.0
slope1__peptide_count__Q6UX71,0.0,0.0
slope1__peptide_count__Q6UXD5,0.0,0.0
slope1__peptide_count__Q7Z3B1,0.0,0.0
slope1__peptide_count__Q7Z5P9,0.0,0.0
slope1__peptide_count__Q8IWV7,0.0,0.0
slope1__peptide_count__P13473,0.0,0.0
slope1__peptide_count__P13521,0.0,0.0
slope1__peptide_count__P13671,0.0,0.0
slope1__peptide_count__P14174,0.0,0.0
missing__protein_npx__P19652,0.0,0.0
peptide_count__P06310,0.0,0.0
slope1__peptide_count__O43505,0.0,0.0
slope1__peptide_count__O60888,0.0,0.0
slope1__peptide_count__O75326,0.0,0.0
missing__protein_npx__O00533,0.0,0.0
missing__protein_npx__O15240,0.0,0.0
missing__protein_npx__O43505,0.0,0.0
missing__protein_npx__O75144,0.0,0.0
missing__protein_npx__P00450,0.0,0.0
lag1__peptide_count__Q9BY67,0.0,0.0
lag1__peptide_count__Q9HDC9,0.0,0.0
lag1__peptide_count__Q9NYU2,0.0,0.0
missing__protein_npx__P02790,0.0,0.0
lag1__peptide_count__Q9UKV8,0.0,0.0
lag1__peptide_count__Q9UNU6,0.0,0.0
lag1__peptide_count__Q9Y646,0.0,0.0
missing__peptide_log__GSPAINVAVHVFRK,0.0,0.0
lag1__peptide_count__Q96BZ4,0.0,0.0
lag1__peptide_count__Q96S96,0.0,0.0
lag1__peptide_count__Q99435,0.0,0.0
lag1__peptide_count__Q99674,0.0,0.0
lag1__peptide_count__Q99683,0.0,0.0
lag1__peptide_count__Q99829,0.0,0.0
lag1__peptide_count__Q99832,0.0,0.0
missing__current_updrs_1,0.0,0.0
missing__protein_npx__P02751,0.0,0.0
lag1__peptide_count__Q9UBR2,0.0,0.0
peptide_count__P07195,0.0,0.0
peptide_count__P07333,0.0,0.0
peptide_count__P07858,0.0,0.0
peptide_count__P08123,0.0,0.0
peptide_count__P08133,0.0,0.0
peptide_count__P08253,0.0,0.0
peptide_count__P08637,0.0,0.0
peptide_count__P09104,0.0,0.0
peptide_count__P02655,0.0,0.0
peptide_count__P02792,0.0,0.0
peptide_count__P04156,0.0,0.0
peptide_count__P04207,0.0,0.0
peptide_count__P04211,0.0,0.0
missing__protein_npx__P01009,0.0,0.0
lag1__peptide_count__Q02818,0.0,0.0
peptide_count__P04406,0.0,0.0
missing__protein_npx__P01011,0.0,0.0
lag1__peptide_count__Q13451,0.0,0.0
lag1__peptide_count__P49908,0.0,0.0
lag1__peptide_count__Q99969,0.0,0.0
missing__has_previous_visit,0.0,0.0
missing__protein_npx__P00734,0.0,0.0
missing__protein_npx__P00738,0.0,0.0
missing__protein_npx__P00747,0.0,0.0
missing__protein_npx__P00748,0.0,0.0
missing__protein_npx__P00751,0.0,0.0
missing__protein_npx__P01008,0.0,0.0
peptide_count__P04216,0.0,0.0
missing__protein_npx__P01621,0.0,0.0
missing__protein_npx__P01717,0.0,0.0
slope1__peptide_count__P01780,0.0,0.0
slope1__peptide_count__P01833,0.0,0.0
slope1__peptide_count__P01861,0.0,0.0
slope1__peptide_count__P02655,0.0,0.0
slope1__peptide_count__O00391,0.0,0.0
slope1__peptide_count__O14498,0.0,0.0
slope1__peptide_count__O14791,0.0,0.0
missing__protein_npx__P07225,0.0,0.0
slope1__peptide_count__P01031,0.0,0.0
slope1__peptide_count__P01033,0.0,0.0
slope1__peptide_count__P01344,0.0,0.0
missing__protein_npx__P02753,0.0,0.0
slope1__peptide_count__P01594,0.0,0.0
slope1__peptide_count__P01608,0.0,0.0
slope1__peptide_count__P01621,0.0,0.0
slope1__peptide_count__P01717,0.0,0.0
missing__protein_npx__P05060,0.0,0.0
missing__protein_npx__P05067,0.0,0.0
missing__protein_npx__P05090,0.0,0.0
missing__protein_npx__P05155,0.0,0.0
missing__protein_npx__P05156,0.0,0.0
missing__protein_npx__P05452,0.0,0.0
missing__protein_npx__P06396,0.0,0.0
missing__protein_npx__P06727,0.0,0.0
missing__protein_npx__P02787,0.0,0.0
slope1__peptide_count__P01591,0.0,0.0
missing__protein_npx__P02760,0.0,0.0
missing__protein_npx__P02763,0.0,0.0
missing__protein_npx__P02765,0.0,0.0
missing__protein_npx__P02766,0.0,0.0
missing__protein_npx__P02768,0.0,0.0
missing__protein_npx__P02774,0.0,0.0
missing__protein_npx__P02656,0.0,0.0
missing__protein_npx__P02671,0.0,0.0
missing__protein_npx__P02675,0.0,0.0
missing__protein_npx__P02679,0.0,0.0
missing__protein_npx__P02747,0.0,0.0
missing__protein_npx__P02748,0.0,0.0
missing__protein_npx__P02749,0.0,0.0
missing__protein_npx__P01344,0.0,0.0
missing__protein_npx__P01834,0.0,0.0
missing__protein_npx__P01857,0.0,0.0
missing__protein_npx__P01859,0.0,0.0
missing__protein_npx__P01860,0.0,0.0
missing__protein_npx__P01876,0.0,0.0
missing__protein_npx__P02647,0.0,0.0
missing__protein_npx__P02649,0.0,0.0
missing__protein_npx__P02652,0.0,0.0
missing__protein_npx__P01019,0.0,0.0
missing__protein_npx__P01023,0.0,0.0
missing__protein_npx__P01024,0.0,0.0
missing__protein_npx__P01034,0.0,0.0
missing__protein_npx__P01042,0.0,0.0
missing__protein_npx__P02750,0.0,0.0
missing__peptide_mean__P08294,0.0,0.0
missing__peptide_mean__P08571,0.0,0.0
missing__peptide_mean__P08603,0.0,0.0
missing__peptide_mean__P08697,0.0,0.0
missing__peptide_mean__P09486,0.0,0.0
delta1__peptide_count__Q9BY67,0.0,0.0
delta1__peptide_count__Q9HDC9,0.0,0.0
delta1__peptide_count__Q9NYU2,0.0,0.0
delta1__peptide_count__Q9UBR2,0.0,0.0
delta1__peptide_count__Q9UKV8,0.0,0.0
delta1__peptide_count__Q9UNU6,0.0,0.0
delta1__peptide_count__Q9Y646,0.0,0.0
missing__peptide_mean__O00533,0.0,0.0
rollmean2__peptide_count__P61626,0.0,0.0
rollmean2__peptide_count__P80748,0.0,0.0
rollmean2__peptide_count__Q02818,0.0,0.0
delta1__peptide_count__Q15904,0.0,0.0
delta1__peptide_count__Q562R1,0.0,0.0
delta1__peptide_count__Q6UX71,0.0,0.0
delta1__peptide_count__Q6UXD5,0.0,0.0
delta1__peptide_count__Q7Z3B1,0.0,0.0
rollmean2__peptide_count__P35542,0.0,0.0
rollmean2__peptide_count__P36980,0.0,0.0
rollmean2__peptide_count__P40925,0.0,0.0
rollmean2__peptide_count__P43251,0.0,0.0
rollmean2__peptide_count__P49588,0.0,0.0
missing__peptide_mean__P07339,0.0,0.0
missing__peptide_mean__P05155,0.0,0.0
missing__peptide_mean__P02765,0.0,0.0
missing__peptide_mean__P02766,0.0,0.0
missing__peptide_mean__P02768,0.0,0.0
missing__peptide_mean__P02774,0.0,0.0
missing__peptide_mean__P02787,0.0,0.0
missing__peptide_mean__P02790,0.0,0.0
missing__peptide_mean__P04004,0.0,0.0
missing__peptide_mean__P04156,0.0,0.0
missing__peptide_mean__P16035,0.0,0.0
missing__peptide_mean__P16870,0.0,0.0
missing__peptide_mean__P18065,0.0,0.0
missing__peptide_mean__P19652,0.0,0.0
missing__peptide_mean__P07998,0.0,0.0
missing__peptide_mean__P20774,0.0,0.0
missing__peptide_mean__P23142,0.0,0.0
missing__peptide_mean__P24592,0.0,0.0
missing__peptide_mean__P09871,0.0,0.0
missing__peptide_mean__P10451,0.0,0.0
missing__peptide_mean__P10643,0.0,0.0
missing__peptide_mean__P10645,0.0,0.0
missing__peptide_mean__P10909,0.0,0.0
missing__peptide_mean__P12109,0.0,0.0
missing__peptide_mean__P13521,0.0,0.0
missing__peptide_mean__P13987,0.0,0.0
missing__peptide_mean__P07602,0.0,0.0
missing__peptide_mean__P07858,0.0,0.0
missing__peptide_mean__P19823,0.0,0.0
missing__peptide_mean__P41222,0.0,0.0
missing__peptide_mean__P43652,0.0,0.0
missing__peptide_mean__P51884,0.0,0.0
missing__peptide_mean__P61769,0.0,0.0
missing__peptide_mean__P61916,0.0,0.0
missing__peptide_mean__P80748,0.0,0.0
delta1__peptide_count__Q99435,0.0,0.0
delta1__peptide_count__Q99674,0.0,0.0
delta1__peptide_count__Q99683,0.0,0.0
delta1__peptide_count__Q99829,0.0,0.0
delta1__peptide_count__Q99832,0.0,0.0
delta1__peptide_count__P60174,0.0,0.0
delta1__peptide_count__P61278,0.0,0.0
rollmean2__peptide_count__P49908,0.0,0.0
delta1__peptide_count__Q7Z5P9,0.0,0.0
delta1__peptide_count__Q8IWV7,0.0,0.0
delta1__peptide_count__Q8N2S1,0.0,0.0
delta1__peptide_count__Q8NBJ4,0.0,0.0
delta1__peptide_count__Q8NE71,0.0,0.0
delta1__peptide_count__Q92876,0.0,0.0
delta1__peptide_count__Q96BZ4,0.0,0.0
delta1__peptide_count__Q96S96,0.0,0.0
rollmean2__peptide_count__P14174,0.0,0.0
delta1__peptide_count__P32754,0.0,0.0
delta1__peptide_count__P35542,0.0,0.0
delta1__peptide_count__P36980,0.0,0.0
delta1__peptide_count__P40925,0.0,0.0
delta1__peptide_count__P61626,0.0,0.0
rollmean2__peptide_count__P60174,0.0,0.0
rollmean2__peptide_count__P61278,0.0,0.0
rollmean2__peptide_count__P16152,0.0,0.0
rollmean2__peptide_count__P17936,0.0,0.0
rollmean2__peptide_count__P19021,0.0,0.0
rollmean2__peptide_count__P19827,0.0,0.0
rollmean2__peptide_count__P20933,0.0,0.0
rollmean2__peptide_count__P23083,0.0,0.0
rollmean2__peptide_count__P31997,0.0,0.0
rollmean2__peptide_count__P32754,0.0,0.0
missing__peptide_mean__P25311,0.0,0.0
missing__peptide_mean__P36222,0.0,0.0
missing__peptide_mean__P36955,0.0,0.0
delta1__peptide_count__Q02818,0.0,0.0
delta1__peptide_count__Q13332,0.0,0.0
delta1__peptide_count__Q13449,0.0,0.0
delta1__peptide_count__Q13451,0.0,0.0
delta1__peptide_count__Q14508,0.0,0.0
missing__peptide_mean__Q08380,0.0,0.0
missing__peptide_mean__Q12805,0.0,0.0
missing__peptide_mean__Q14515,0.0,0.0
missing__peptide_mean__Q14624,0.0,0.0
missing__peptide_mean__Q16270,0.0,0.0
missing__peptide_mean__Q16610,0.0,0.0
missing__peptide_mean__Q7Z5P9,0.0,0.0
missing__peptide_mean__Q92520,0.0,0.0
delta1__peptide_count__P80748,0.0,0.0
delta1__peptide_count__Q13283,0.0,0.0
missing__peptide_mean__P02656,0.0,0.0
missing__peptide_mean__P02671,0.0,0.0
missing__peptide_mean__P02675,0.0,0.0
missing__peptide_mean__P02679,0.0,0.0
missing__peptide_mean__P01042,0.0,0.0
missing__peptide_mean__P01344,0.0,0.0
missing__peptide_mean__P01621,0.0,0.0
missing__peptide_mean__P01717,0.0,0.0
missing__peptide_mean__P01834,0.0,0.0
missing__peptide_mean__P01857,0.0,0.0
missing__peptide_mean__P01859,0.0,0.0
missing__peptide_mean__P01860,0.0,0.0
missing__peptide_mean__P05090,0.0,0.0
missing__peptide_mean__P01008,0.0,0.0
missing__peptide_mean__P01009,0.0,0.0
missing__peptide_mean__P01011,0.0,0.0
missing__peptide_mean__P01019,0.0,0.0
missing__peptide_mean__P01023,0.0,0.0
missing__peptide_mean__P01024,0.0,0.0
missing__peptide_mean__P01034,0.0,0.0
missing__peptide_mean__O15240,0.0,0.0
missing__peptide_mean__O43505,0.0,0.0
missing__peptide_mean__O75144,0.0,0.0
missing__peptide_mean__P00450,0.0,0.0
missing__peptide_mean__P00734,0.0,0.0
missing__peptide_mean__P00738,0.0,0.0
missing__peptide_mean__P00751,0.0,0.0
slope1__peptide_count__P31997,0.0,0.0
slope1__peptide_count__P32754,0.0,0.0
slope1__peptide_count__P35542,0.0,0.0
missing__protein_npx__Q96KN2,0.0,0.0
missing__protein_npx__Q96PD5,0.0,0.0
delta1__visit_index,0.0,0.0
missing__protein_npx__Q9UHG2,0.0,0.0
missing__protein_feature_count,0.0,0.0
slope1__peptide_count__Q99683,0.0,0.0
slope1__peptide_count__Q99829,0.0,0.0
slope1__peptide_count__Q99832,0.0,0.0
slope1__peptide_count__Q99969,0.0,0.0
slope1__peptide_count__Q9BY67,0.0,0.0
missing__peptide_mean__P02652,0.0,0.0
slope1__peptide_count__Q9NYU2,0.0,0.0
slope1__peptide_count__Q9UBR2,0.0,0.0
slope1__peptide_count__Q8N2S1,0.0,0.0
slope1__peptide_count__Q8NBJ4,0.0,0.0
slope1__peptide_count__Q8NE71,0.0,0.0
slope1__peptide_count__Q92876,0.0,0.0
slope1__peptide_count__Q96BZ4,0.0,0.0
slope1__peptide_count__Q96S96,0.0,0.0
slope1__peptide_count__Q99435,0.0,0.0
slope1__peptide_count__Q99674,0.0,0.0
missing__peptide_mean__P01876,0.0,0.0
missing__peptide_mean__P02647,0.0,0.0
missing__peptide_mean__P02649,0.0,0.0
slope1__peptide_count__Q9HDC9,0.0,0.0
missing__peptide_mean__P02750,0.0,0.0
missing__peptide_mean__P02751,0.0,0.0
rollmean2__peptide_count__Q7Z5P9,0.0,0.0
rollmean2__peptide_count__Q8IWV7,0.0,0.0
rollmean2__peptide_count__Q8N2S1,0.0,0.0
rollmean2__peptide_count__Q13451,0.0,0.0
rollmean2__peptide_count__Q14508,0.0,0.0
rollmean2__peptide_count__Q15904,0.0,0.0
rollmean2__peptide_count__Q562R1,0.0,0.0
rollmean2__peptide_count__Q6UX71,0.0,0.0
rollmean2__peptide_count__Q6UXD5,0.0,0.0
rollmean2__peptide_count__Q7Z3B1,0.0,0.0
delta1__peptide_count__Q99969,0.0,0.0
missing__peptide_mean__P00747,0.0,0.0
missing__peptide_mean__P05452,0.0,0.0
missing__peptide_mean__P06396,0.0,0.0
missing__peptide_mean__P06727,0.0,0.0
missing__peptide_mean__P07225,0.0,0.0
rollmean2__peptide_count__Q13283,0.0,0.0
rollmean2__peptide_count__Q13332,0.0,0.0
rollmean2__peptide_count__Q13449,0.0,0.0
missing__peptide_mean__P04180,0.0,0.0
missing__peptide_mean__P04196,0.0,0.0
missing__peptide_mean__P04217,0.0,0.0
missing__peptide_mean__P04433,0.0,0.0
missing__peptide_mean__P05060,0.0,0.0
missing__peptide_mean__P05067,0.0,0.0
missing__peptide_mean__P05156,0.0,0.0
missing__peptide_mean__P00748,0.0,0.0
rollmean2__peptide_count__Q9UBR2,0.0,0.0
rollmean2__peptide_count__Q9UKV8,0.0,0.0
rollmean2__peptide_count__Q9UNU6,0.0,0.0
rollmean2__peptide_count__Q9Y646,0.0,0.0
slope1__peptide_count__Q15904,0.0,0.0
missing__peptide_mean__P02753,0.0,0.0
missing__peptide_mean__P02760,0.0,0.0
missing__peptide_mean__P02763,0.0,0.0
rollmean2__peptide_count__Q99674,0.0,0.0
rollmean2__peptide_count__Q99683,0.0,0.0
rollmean2__peptide_count__Q99829,0.0,0.0
rollmean2__peptide_count__Q99832,0.0,0.0
missing__peptide_mean__P02749,0.0,0.0
rollmean2__peptide_count__Q9BY67,0.0,0.0
rollmean2__peptide_count__Q9HDC9,0.0,0.0
rollmean2__peptide_count__Q9NYU2,0.0,0.0
slope1__peptide_count__Q9UKV8,0.0,0.0
slope1__peptide_count__Q9UNU6,0.0,0.0
slope1__peptide_count__Q9Y646,0.0,0.0
rollmean2__peptide_count__Q8NBJ4,0.0,0.0
rollmean2__peptide_count__Q8NE71,0.0,0.0
rollmean2__peptide_count__Q96BZ4,0.0,0.0
rollmean2__peptide_count__Q96S96,0.0,0.0
rollmean2__peptide_count__Q99435,0.0,0.0
missing__peptide_mean__P02747,0.0,0.0
missing__peptide_mean__P02748,0.0,0.0
rollmean2__peptide_count__Q99969,0.0,0.0
