feature,importance_mean,importance_std
current_updrs_2,0.4112834331309504,0.0
rollmean2__current_updrs_2,0.39596544828055563,0.0
rollmean2__current_updrs_3,0.018751030080149115,0.0
current_updrs_3,0.002335146609763108,0.0
current_updrs_1,0.0015085831888437273,0.0
delta1__peptide_mean__Q06481,0.0008311904755882969,0.0
lag1__peptide_std__P51884,0.000685828014582361,0.0
lag1__current_updrs_2,0.000640483548449189,0.0
protein_npx__P02656,0.0005897318328620653,0.0
peptide_std__Q14118,0.0005381555015103792,0.0
slope1__peptide_std__P02774,0.0005318217957956554,0.0
lag1__peptide_mean__Q06481,0.0004965182129336228,0.0
rollmean2__peptide_log__C(UniMod_4)RDQLPYIC(UniMod_4)QFGIV,0.0004720470865023586,0.0
delta1__protein_npx__P02679,0.00045860647938793486,0.0
rollmean2__protein_npx__P02760,0.0004495326699267725,0.0
lag1__peptide_mean__P02679,0.0004408400390702555,0.0
rollmean2__peptide_std__P98160,0.0004122155955672821,0.0
rollmean2__peptide_std__Q14515,0.0004059664401934347,0.0
slope1__peptide_mean__P02774,0.00040531872945439836,0.0
lag1__protein_npx__Q06481,0.0004017611668626204,0.0
lag1__protein_npx__Q13332,0.00040173622036856663,0.0
peptide_std__Q92876,0.0003990390447699095,0.0
rollmean2__peptide_log__M(UniMod_35)YLGYEYVTAIR,0.00038366909057794304,0.0
lag1__peptide_mean__Q13332,0.0003810771564192077,0.0
rollmean2__protein_npx__P14314,0.0003794135767888551,0.0
lag1__protein_npx__P02750,0.00037901426010969805,0.0
peptide_mean__P04180,0.0003721896798335252,0.0
protein_npx__P51884,0.00036626640509708643,0.0
rollmean2__peptide_std__P05452,0.0003615460254061885,0.0
protein_npx__P19652,0.00035864129889398734,0.0
rollmean2__peptide_mean__P04180,0.0003447124880637088,0.0
delta1__peptide_log__LVGGPM(UniMod_35)DASVEEEGVRR,0.0003383385578995073,0.0
rollmean2__peptide_log__LFDSDPITVTVPVEVSR,0.000334568568341607,0.0
rollmean2__protein_npx__P04217,0.00033007943268178444,0.0
rollmean2__peptide_log__NFPPSQDASGDLYTTSSQLTLPATQC(UniMod_4)PDGK,0.0003271809868309286,0.0
rollmean2__peptide_std__P00747,0.0003265940164574695,0.0
protein_npx__P05156,0.000325376219075478,0.0
slope1__peptide_mean__P43121,0.00032392045482637096,0.0
delta1__protein_npx__P02675,0.00030624323917296305,0.0
rollmean2__peptide_log__KQELSEAEQATR,0.0002975508474174885,0.0
delta1__peptide_mean__P02675,0.0002949988044123145,0.0
rollmean2__peptide_std__P01877,0.00029490729471217823,0.0
delta1__protein_npx__P01011,0.00029320091565399964,0.0
slope1__peptide_mean__P04433,0.0002911560674625875,0.0
rollmean2__peptide_std__O75144,0.00028973060242851233,0.0
protein_npx__P04217,0.0002893827712739126,0.0
peptide_log__MYYSAVDPTKDIFTGLIGPM(UniMod_35)K,0.00028765747041534635,0.0
peptide_std__P01023,0.00028729127844020775,0.0
peptide_std__P02768,0.0002852951192285624,0.0
slope1__peptide_std__Q9UBX5,0.0002825382499072115,0.0
rollmean2__peptide_mean__P11277,0.00027729013524824654,0.0
rollmean2__peptide_std__O00533,0.0002761499050846118,0.0
rollmean2__peptide_mean__P39060,0.0002757382618122678,0.0
lag1__peptide_mean__P19823,0.0002755375752173192,0.0
lag1__peptide_mean__P31997,0.0002753730249366351,0.0
lag1__peptide_log__IMNGEADAMSLDGGFVYIAGK,0.0002708753070126427,0.0
delta1__protein_npx__Q9HDC9,0.00027021163275786115,0.0
rollmean2__peptide_mean__P02671,0.0002694238163536351,0.0
rollmean2__peptide_std__P01023,0.00026917065830661685,0.0
lag1__peptide_log__SNSSM(UniMod_35)HITDC(UniMod_4)R,0.0002685214307612018,0.0
peptide_log__VQPYLDDFQKK,0.0002643392903323775,0.0
protein_npx__P00746,0.0002630670761785587,0.0
rollmean2__peptide_mean__P04217,0.00026256130608920793,0.0
rollmean2__peptide_std__P02751,0.0002618694393745064,0.0
rollmean2__peptide_log__ADDKETC(UniMod_4)FAEEGK,0.0002614228183060523,0.0
rollmean2__protein_npx__P00736,0.00026069908090218185,0.0
lag1__peptide_std__P02748,0.0002591618719999076,0.0
rollmean2__protein_npx__P00746,0.0002588644372487087,0.0
peptide_std__P08603,0.00025817439111944484,0.0
rollmean2__protein_npx__Q8IWV7,0.0002578027899157247,0.0
rollmean2__protein_npx__P19652,0.0002574525510679634,0.0
lag1__protein_npx__P04004,0.0002556890545136168,0.0
delta1__peptide_mean__P02671,0.00025349541596236103,0.0
peptide_std__P25311,0.00025339958642289973,0.0
delta1__protein_npx__P02671,0.00024755303200999054,0.0
protein_npx__P19823,0.0002450386325837825,0.0
slope1__protein_npx__P11142,0.00024374380823446697,0.0
rollmean2__peptide_std__P01019,0.00023754931557565725,0.0
peptide_std__Q14515,0.00023510912299693845,0.0
peptide_mean__P02655,0.000234828523082255,0.0
rollmean2__peptide_mean__P09871,0.00023464338639248112,0.0
rollmean2__current_updrs_4,0.00023170281419476266,0.0
protein_npx__P43652,0.00023157219718439472,0.0
rollmean2__peptide_mean__P08603,0.00023063526152080312,0.0
rollmean2__current_updrs_1,0.0002294508968332273,0.0
delta1__peptide_abundance_min,0.00022900624521840604,0.0
slope1__peptide_mean__P08253,0.00022865262454901565,0.0
rollmean2__peptide_std__P01857,0.0002284757327930977,0.0
rollmean2__protein_npx__P19823,0.00022509584604818943,0.0
rollmean2__protein_npx__O75144,0.0002247422934384133,0.0
delta1__protein_npx__P05155,0.00022421570042472733,0.0
delta1__protein_npx__P00748,0.0002241649921812431,0.0
lag1__protein_npx__P02656,0.00022302670305242203,0.0
rollmean2__peptide_std__P24592,0.00022221646966712723,0.0
rollmean2__peptide_std__Q9UHG2,0.00022202696605342297,0.0
rollmean2__protein_npx__O94919,0.0002205877954706144,0.0
protein_npx__P32754,0.00022036690241771344,0.0
rollmean2__peptide_std__P02656,0.00022016073227396318,0.0
slope1__peptide_mean__P01860,0.00021728459293839084,0.0
rollmean2__protein_npx__P98160,0.00021653892400988866,0.0
peptide_log__FM(UniMod_35)ETVAEK,0.00021594084395617838,0.0
peptide_std__P00734,0.00021570761943984297,0.0
lag1__peptide_std__P05156,0.00021463291950102472,0.0
rollmean2__peptide_std__P10909,0.00021452756828303912,0.0
peptide_std__P43652,0.0002138802717842915,0.0
lag1__peptide_std__P00748,0.00021366256787656455,0.0
rollmean2__peptide_log__LC(UniMod_4)MGSGLNLC(UniMod_4)EPNNKEGYYGYTGAFR,0.000212472012559342,0.0
delta1__peptide_std__P01860,0.00021032194861106017,0.0
protein_npx__P08697,0.00020924096462737531,0.0
rollmean2__peptide_log__TVVQPSVGAAAGPVVPPC(UniMod_4)PGR,0.00020894377188387898,0.0
lag1__peptide_mean__P19827,0.00020845135413836543,0.0
rollmean2__protein_npx__P35542,0.00020713366839944104,0.0
peptide_log__TSAHGNVAEGETKPDPDVTER,0.00020655901960744646,0.0
rollmean2__peptide_mean__P35542,0.00020411884876471713,0.0
rollmean2__protein_npx__P02753,0.0002023006296831777,0.0
rollmean2__peptide_mean__Q13451,0.00020221631462003124,0.0
peptide_mean__P06681,0.0002019992486845932,0.0
rollmean2__peptide_std__P02768,0.0002019829388542909,0.0
rollmean2__protein_npx__P06310,0.00020173052737413227,0.0
delta1__peptide_mean__P05155,0.0002003948887552944,0.0
peptide_std__P01024,0.00020008828548332747,0.0
peptide_std__P36222,0.00019917982933597553,0.0
peptide_std__P04180,0.00019744842771150879,0.0
rollmean2__peptide_log__RGYQLSDVDGVTC(UniMod_4)EDIDEC(UniMod_4)ALPTGGHIC(UniMod_4)SYR,0.00019625770227782352,0.0
rollmean2__peptide_std__Q9NQ79,0.00019583705484139187,0.0
rollmean2__peptide_mean__P00747,0.00019528693408951193,0.0
lag1__peptide_mean__P02763,0.00019518779714267545,0.0
rollmean2__protein_npx__P13591,0.00019456037321267646,0.0
delta1__peptide_std__P02774,0.0001943864875654115,0.0
peptide_log__DSGFQM(UniMod_35)NQLR,0.00019348250602407738,0.0
protein_npx__Q9HDC9,0.00019141158488555703,0.0
rollmean2__protein_npx__P01009,0.0001912252167880947,0.0
peptide_std__P05452,0.00018939074160093114,0.0
rollmean2__peptide_log__TSPVDEKALQDQLVLVAAK,0.00018883502550850754,0.0
protein_npx__P02750,0.00018764010223004977,0.0
rollmean2__peptide_log__TSAHGNVAEGETKPDPDVTER,0.0001846720597695371,0.0
peptide_mean__P02753,0.00018289156722691238,0.0
rollmean2__peptide_mean__P02753,0.00018196741137075436,0.0
slope1__peptide_mean__P01042,0.0001816237605525372,0.0
peptide_log__KQELSEAEQATR,0.00018134323811568406,0.0
rollmean2__peptide_std__O14773,0.00018086960688785492,0.0
rollmean2__protein_npx__P01011,0.00018071145660414977,0.0
peptide_std__P07225,0.00018015262929664566,0.0
slope1__peptide_mean__P19823,0.0001798807507961557,0.0
rollmean2__peptide_std__P02753,0.00017981695679080337,0.0
rollmean2__peptide_std__P07711,0.00017708733760741637,0.0
rollmean2__peptide_std__P01876,0.00017684608236003007,0.0
peptide_std__Q92520,0.00017608215313178746,0.0
rollmean2__protein_npx__P08637,0.0001754311646870541,0.0
protein_npx__P01591,0.00017531624013538146,0.0
peptide_log__AKLEEQAQQIR,0.00017505681516302986,0.0
rollmean2__peptide_std__P12109,0.00017462121729033839,0.0
slope1__peptide_log__AYQGVAAPFPK,0.00017394891504256442,0.0
rollmean2__peptide_std__P51884,0.0001737137860306432,0.0
rollmean2__peptide_std__P02750,0.00017256472054815513,0.0
rollmean2__protein_npx__P51884,0.00017255295841120573,0.0
peptide_abundance_mean,0.00017241335765704152,0.0
rollmean2__peptide_mean__P10643,0.00017187104500586406,0.0
delta1__peptide_mean__P19823,0.00017136376946614535,0.0
missing__peptide_std__Q6UXB8,0.0001710060466616075,0.0
rollmean2__peptide_std__P04004,0.00017069576498487523,0.0
rollmean2__peptide_log__AATGEC(UniMod_4)TATVGKR,0.0001702348886540021,0.0
peptide_mean__P19652,0.00017012717482282585,0.0
lag1__protein_npx__P04217,0.00016940673968667295,0.0
peptide_std__P01876,0.0001688728218402983,0.0
protein_npx__P05060,0.0001686516657281198,0.0
peptide_std__P18065,0.00016859943320326015,0.0
rollmean2__peptide_log__FM(UniMod_35)ETVAEK,0.00016736882588524394,0.0
rollmean2__peptide_std__P61769,0.00016608840559054317,0.0
delta1__peptide_mean__P01834,0.0001654564138831576,0.0
rollmean2__peptide_std__P25311,0.0001651449450764026,0.0
slope1__peptide_mean__P04004,0.00016472127296035728,0.0
lag1__peptide_log__ELDESLQVAER,0.00016438338814345177,0.0
peptide_std__P01877,0.00016404722590404917,0.0
peptide_std__P61769,0.0001636642055167155,0.0
protein_npx__P02774,0.00016360840856409432,0.0
peptide_mean__P07711,0.00016345574212443714,0.0
slope1__peptide_mean__P02675,0.00016320254104766854,0.0
delta1__peptide_mean__P00751,0.0001614485200958548,0.0
peptide_log__IHWESASLLR,0.00016137635524939318,0.0
peptide_std__O14773,0.00016117818878855512,0.0
rollmean2__peptide_std__P01859,0.00016115512015425816,0.0
peptide_std__Q96KN2,0.0001603224585603506,0.0
peptide_log__C(UniMod_4)SYTEDAQC(UniMod_4)IDGTIEVPK,0.00016016552778790673,0.0
slope1__peptide_log__TTPPVLDSDGSFFLYSK,0.00015977001636479848,0.0
delta1__peptide_std__P02649,0.0001596023031546539,0.0
delta1__peptide_mean__P00738,0.00015931137438972236,0.0
rollmean2__peptide_log__RLEGQEEEEDNRDSSMK,0.00015900687310489215,0.0
lag1__peptide_std__P01034,0.00015875854334570542,0.0
peptide_mean__P43121,0.00015794725560192927,0.0
slope1__peptide_mean__P02763,0.0001577662629831792,0.0
rollmean2__protein_npx__P05156,0.0001576265143808271,0.0
slope1__protein_npx__P16070,0.00015677883911364816,0.0
rollmean2__peptide_mean__P00450,0.00015666369763677149,0.0
rollmean2__peptide_std__Q12841,0.00015659430997287167,0.0
lag1__peptide_std__Q12907,0.00015628429053580987,0.0
delta1__peptide_mean__P02655,0.00015626701673364656,0.0
protein_npx__P02655,0.00015612603915278058,0.0
lag1__peptide_log__TEGDGVYTLNNEK,0.00015493366437637073,0.0
lag1__peptide_std__P19823,0.00015329178994683628,0.0
peptide_std__P07602,0.00015321270661026976,0.0
rollmean2__protein_npx__Q99683,0.00015233392015993807,0.0
rollmean2__peptide_log__C(UniMod_4)C(UniMod_4)VEC(UniMod_4)PPC(UniMod_4)PAPPVAGPSVFLFPPKPK,0.00015225465005277465,0.0
rollmean2__protein_npx__P08697,0.0001505694585359769,0.0
rollmean2__peptide_abundance_std,0.0001503745110169238,0.0
rollmean2__peptide_std__P02748,0.0001501311422404012,0.0
rollmean2__peptide_mean__P06681,0.0001499844944609952,0.0
rollmean2__peptide_std__P16070,0.00014900163882461927,0.0
rollmean2__peptide_mean__P00748,0.00014788761307503364,0.0
rollmean2__peptide_std__P02787,0.00014717032749033296,0.0
peptide_std__P01860,0.00014681857842292965,0.0
peptide_log__C(UniMod_4)C(UniMod_4)VEC(UniMod_4)PPC(UniMod_4)PAPPVAGPSVFLFPPKPK,0.00014649224973971179,0.0
peptide_std__P04004,0.0001459869724092058,0.0
rollmean2__peptide_std__P00748,0.000145892197563039,0.0
rollmean2__peptide_std__P02649,0.0001445399067183246,0.0
slope1__peptide_std__P07225,0.00014449536118378106,0.0
peptide_std__Q9UHG2,0.0001437659171388032,0.0
rollmean2__protein_npx__Q96PD5,0.0001434298587229861,0.0
peptide_log__QIGSVYR,0.0001429861489623859,0.0
delta1__peptide_mean__P19827,0.0001426494427159403,0.0
lag1__peptide_std__P00734,0.00014201340730604729,0.0
lag1__peptide_log__KQELSEAEQATR,0.0001418885234614609,0.0
delta1__peptide_log__GYQLSDVDGVTC(UniMod_4)EDIDEC(UniMod_4)ALPTGGHIC(UniMod_4)SYR,0.00014167312451612374,0.0
peptide_log__LC(UniMod_4)MGSGLNLC(UniMod_4)EPNNKEGYYGYTGAFR,0.00014155698997792365,0.0
peptide_mean__P51884,0.00014099105061427035,0.0
delta1__protein_npx__P39060,0.0001406541878954893,0.0
rollmean2__peptide_std__P01834,0.0001404294365608877,0.0
peptide_std__P02649,0.00013999498720083136,0.0
rollmean2__peptide_std__Q92876,0.00013989743641537911,0.0
peptide_std__P08493,0.00013948702581415023,0.0
lag1__peptide_std__P61916,0.00013932641988892775,0.0
rollmean2__protein_npx__P02748,0.00013793078017770892,0.0
lag1__peptide_std__P02749,0.00013661303585162928,0.0
peptide_mean__P10451,0.00013639027390226864,0.0
peptide_mean__P00751,0.0001363087899514477,0.0
rollmean2__peptide_std__Q96KN2,0.00013616925875089577,0.0
rollmean2__peptide_std__Q9Y6R7,0.00013600853503157345,0.0
rollmean2__peptide_std__Q14624,0.00013577582437085037,0.0
peptide_std__P02671,0.00013550071383782743,0.0
lag1__protein_npx__P01008,0.00013512778074422735,0.0
slope1__protein_npx__P05155,0.00013496104405696962,0.0
rollmean2__protein_npx__P04004,0.0001345942771337472,0.0
rollmean2__peptide_mean__P01591,0.00013397077525489603,0.0
slope1__peptide_mean__P02649,0.0001338967299415084,0.0
protein_npx__P02749,0.00013388247798054448,0.0
slope1__peptide_std__P01876,0.00013346738218140248,0.0
rollmean2__peptide_log__QIGSVYR,0.00013295148670031037,0.0
rollmean2__protein_npx__P06454,0.00013258585168437044,0.0
lag1__peptide_log__HYDGSYSTFGER,0.00013236391786212667,0.0
peptide_std__P01857,0.00013213540809216748,0.0
peptide_mean__Q9UHG2,0.00013190675968165249,0.0
peptide_mean__P00747,0.00013166697079566462,0.0
rollmean2__protein_npx__P00450,0.000131632796647966,0.0
protein_npx__Q12841,0.00013124565523238842,0.0
slope1__peptide_mean__Q9Y6R7,0.00013114119125335827,0.0
protein_npx__Q96PD5,0.00013105751049343243,0.0
lag1__peptide_mean__P51884,0.00013087376617741087,0.0
slope1__peptide_std__P02652,0.00013082539378361598,0.0
peptide_mean__P35542,0.00013080902650183332,0.0
protein_npx__P11142,0.00013017318827734337,0.0
delta1__peptide_mean__Q9NQ79,0.00012997109850711546,0.0
peptide_std__Q08380,0.0001295680171072946,0.0
protein_npx__Q6UXB8,0.0001295261546863122,0.0
delta1__peptide_mean__Q13740,0.00012919054907046702,0.0
peptide_log__TQVNTQAEQLRR,0.00012918771569422077,0.0
peptide_mean__P00450,0.0001291834042754656,0.0
rollmean2__peptide_mean__P00736,0.00012902525592596592,0.0
delta1__protein_npx__P02747,0.0001288471910700895,0.0
peptide_std__O75144,0.00012881315803816228,0.0
peptide_mean__Q6UXB8,0.00012875924861015814,0.0
peptide_abundance_std,0.0001286351241925741,0.0
rollmean2__peptide_mean__Q9Y6R7,0.00012854747930069978,0.0
rollmean2__peptide_count__P14314,0.0001278963022746757,0.0
protein_npx__P01019,0.0001278683849141929,0.0
rollmean2__peptide_std__P19652,0.00012775389403395942,0.0
delta1__protein_npx__P05067,0.000127394616746615,0.0
lag1__protein_npx__P06727,0.00012737234586916938,0.0
rollmean2__peptide_mean__Q99683,0.00012735264630910805,0.0
peptide_log__ILLQGTPVAQMTEDAVDAER,0.00012733545387455075,0.0
delta1__peptide_log__YVMLPVADQDQC(UniMod_4)IR,0.00012707367858788278,0.0
peptide_std__P00738,0.0001269724234026145,0.0
rollmean2__peptide_std__P04433,0.00012689450866374235,0.0
rollmean2__peptide_std__P01042,0.0001268518458572803,0.0
peptide_mean__P02763,0.00012682448654864007,0.0
lag1__peptide_std__Q14624,0.0001268054348433983,0.0
peptide_log__ANRPFLVFIR,0.0001268001136718202,0.0
rollmean2__peptide_mean__P14314,0.00012626837724602152,0.0
rollmean2__peptide_mean__P07998,0.0001259923018909632,0.0
lag1__peptide_std__P02760,0.00012581491914897552,0.0
rollmean2__peptide_mean__P19652,0.00012568092613002082,0.0
peptide_mean__P08493,0.00012560654505179317,0.0
slope1__protein_npx__O94919,0.00012559471986279896,0.0
rollmean2__peptide_std__P61916,0.00012545789380879842,0.0
rollmean2__peptide_log__AVLPTGDVIGDSAK,0.0001250383593128822,0.0
peptide_std__P13987,0.00012462988827052096,0.0
peptide_log__LFDSDPITVTVPVEVSR,0.00012453292255736536,0.0
peptide_log__TTPPVLDSDGSFFLYSK,0.00012428937235695484,0.0
delta1__peptide_log__LDEVKEQVAEVR,0.00012420918742028696,0.0
peptide_log__LGQSLDC(UniMod_4)NAEVYVVPWEK,0.0001238797180337822,0.0
rollmean2__peptide_mean__Q92520,0.0001238498695878002,0.0
rollmean2__peptide_std__P02747,0.0001237036917462127,0.0
peptide_mean__Q13451,0.00012346523178671744,0.0
lag1__peptide_mean__P06681,0.00012345131896339132,0.0
rollmean2__peptide_std__P04217,0.00012340042245710485,0.0
delta1__peptide_std__P19652,0.0001230041198346728,0.0
lag1__peptide_std__P25311,0.00012285856514645757,0.0
lag1__peptide_mean__P36222,0.00012256752956052571,0.0
rollmean2__peptide_log__SNSSM(UniMod_35)HITDC(UniMod_4)R,0.0001225022347151273,0.0
lag1__peptide_mean__P02671,0.00012224055481495537,0.0
peptide_mean__Q13740,0.0001220941814243419,0.0
rollmean2__peptide_mean__P01834,0.00012199655461041394,0.0
peptide_mean__P07998,0.00012177500761327453,0.0
rollmean2__peptide_log__ILLQGTPVAQMTEDAVDAER,0.00012145157317403302,0.0
rollmean2__peptide_mean__P02787,0.00012131370132252815,0.0
rollmean2__protein_npx__Q9Y6R7,0.00012120530120384812,0.0
rollmean2__peptide_mean__P02760,0.00012118421444345488,0.0
peptide_mean__P04196,0.00012097417890267575,0.0
rollmean2__peptide_std__P02763,0.00012059531031217464,0.0
rollmean2__peptide_log__GYQLSDVDGVTC(UniMod_4)EDIDEC(UniMod_4)ALPTGGHIC(UniMod_4)SYR,0.00012025201867936257,0.0
delta1__peptide_mean__P43121,0.00012003750064586257,0.0
peptide_std__P04433,0.00011976145017115936,0.0
peptide_std__P10643,0.00011967006107393013,0.0
peptide_std__P02656,0.00011951866486781787,0.0
lag1__protein_npx__P02749,0.00011947144091012007,0.0
peptide_mean__P39060,0.00011941326350044541,0.0
lag1__peptide_count__P02671,0.0001192278570332567,0.0
lag1__peptide_std__P01877,0.0001192179447558098,0.0
rollmean2__protein_npx__Q9HDC9,0.00011862582363347509,0.0
delta1__peptide_std__P07998,0.000118598628719949,0.0
lag1__peptide_mean__P07225,0.00011859859932946528,0.0
peptide_log__C(UniMod_4)KPVNTFVHEPLVDVQNVC(UniMod_4)FQEK,0.00011854784741062771,0.0
delta1__peptide_mean__Q9Y6R7,0.00011790196458932041,0.0
slope1__peptide_std__P01024,0.00011788366020631937,0.0
slope1__peptide_std__P02749,0.00011761497938494596,0.0
lag1__protein_npx__P43251,0.00011759298224430859,0.0
lag1__peptide_std__P18065,0.00011758003685515555,0.0
delta1__protein_npx__P61769,0.00011751615261837936,0.0
slope1__peptide_log__RLEGQEEEEDNRDSSMK,0.00011740599477464629,0.0
peptide_log__LPPTSAHGNVAEGETKPDPDVTER,0.00011736768004321287,0.0
rollmean2__protein_npx__P23142,0.00011732647614706987,0.0
slope1__peptide_count__Q96PD5,0.00011724789629097922,0.0
slope1__peptide_count__P01024,0.0001170277732399878,0.0
rollmean2__peptide_mean__P11142,0.0001166631329014182,0.0
lag1__peptide_std__P61769,0.00011648144792992579,0.0
lag1__peptide_std__P06727,0.00011634619077336735,0.0
delta1__peptide_std__P18065,0.0001163333469836851,0.0
peptide_log__VC(UniMod_4)PFAGILENGAVR,0.0001162969101271178,0.0
rollmean2__peptide_std__Q14118,0.00011597561849801714,0.0
rollmean2__peptide_mean__P05090,0.00011593498501174195,0.0
peptide_mean__P18065,0.00011590230987976673,0.0
slope1__peptide_std__P01008,0.00011584686567993177,0.0
slope1__peptide_mean__P05452,0.00011569804720185927,0.0
peptide_std__P02747,0.00011552428311128062,0.0
peptide_std__P43121,0.00011536145815281137,0.0
peptide_mean__Q99829,0.00011529448379489692,0.0
delta1__peptide_mean__Q9HDC9,0.00011513907516612447,0.0
rollmean2__peptide_log__LRTEGDGVYTLNNEK,0.00011499442712286692,0.0
peptide_mean__P01008,0.00011477296024335975,0.0
delta1__protein_npx__Q9UHG2,0.00011476571880207219,0.0
protein_npx__P01859,0.000114601379352955,0.0
peptide_log__DSGEGDFLAEGGGVR,0.00011439936562242033,0.0
rollmean2__protein_npx__P32754,0.00011439387775957419,0.0
peptide_mean__P01591,0.00011409144360452742,0.0
delta1__peptide_log__VTSIQDWVQK,0.00011404735307559052,0.0
peptide_log__SC(UniMod_4)DTPPPC(UniMod_4)PR,0.00011400529492258852,0.0
lag1__peptide_log__AEAQEAEDQQAR,0.00011369291221575245,0.0
rollmean2__protein_npx__P02790,0.00011359243170950227,0.0
delta1__protein_npx__O00584,0.00011324196373724686,0.0
delta1__peptide_log__C(UniMod_4)SYTEDAQC(UniMod_4)IDGTIEVPK,0.00011323942897648644,0.0
protein_npx__P14314,0.00011299759819044649,0.0
peptide_std__P02751,0.00011295825993261281,0.0
peptide_mean__P08294,0.00011289656168040704,0.0
lag1__peptide_std__P02675,0.00011289602371720631,0.0
lag1__current_updrs_4,0.00011278741696548959,0.0
rollmean2__peptide_mean__P05060,0.00011267781757258348,0.0
protein_npx__P06681,0.00011264048179892235,0.0
rollmean2__peptide_std__P02452,0.0001124490208629984,0.0
rollmean2__peptide_std__P02652,0.00011226803959817747,0.0
rollmean2__protein_npx__O14791,0.00011214366100201343,0.0
slope1__peptide_std__P36222,0.00011210281539544575,0.0
rollmean2__protein_npx__P07711,0.00011191312785620369,0.0
lag1__peptide_std__P05452,0.00011168290189520729,0.0
peptide_mean__Q96PD5,0.0001115051000897649,0.0
slope1__peptide_std__P43652,0.00011144219199549003,0.0
peptide_mean__P16152,0.00011143207821736728,0.0
rollmean2__protein_npx__Q99829,0.0001112419727773524,0.0
protein_npx__P16070,0.000110810990372233,0.0
peptide_mean__P02652,0.00011075428697893467,0.0
protein_npx__P02753,0.00011049214666569623,0.0
rollmean2__protein_npx__P00747,0.00011041226818147934,0.0
protein_npx__P13671,0.00011033324357301897,0.0
rollmean2__peptide_std__P00746,0.0001100055907396835,0.0
peptide_std__P09871,0.00010999544251182562,0.0
lag1__peptide_std__P12109,0.00010994515590245631,0.0
rollmean2__peptide_log__C(UniMod_4)SYTEDAQC(UniMod_4)IDGTIEVPK,0.00010975529823205195,0.0
delta1__peptide_log__C(UniMod_4)C(UniMod_4)VEC(UniMod_4)PPC(UniMod_4)PAPPVAGPSVFLFPPKPK,0.00010965127688555547,0.0
rollmean2__peptide_log__DSGFQM(UniMod_35)NQLR,0.00010832540749997864,0.0
slope1__protein_npx__P07225,0.0001081245913888269,0.0
lag1__peptide_log__VYC(UniMod_4)DMNTENGGWTVIQNR,0.00010805044810079106,0.0
peptide_log__QNC(UniMod_4)ELFEQLGEYK,0.00010781905472740888,0.0
peptide_std__P02675,0.00010768425256657918,0.0
protein_npx__P04196,0.00010748221499486666,0.0
lag1__peptide_mean__Q9NYU2,0.00010746102108417669,0.0
rollmean2__peptide_log__LAVYQAGAR,0.00010712412399515622,0.0
lag1__peptide_mean__P07711,0.00010711108491484248,0.0
lag1__peptide_log__HGGLYHENMR,0.00010697951549960307,0.0
protein_npx__Q9NQ79,0.00010685184723175709,0.0
rollmean2__peptide_std__Q9UBX5,0.00010676251538651314,0.0
peptide_log__VTLTC(UniMod_4)VAPLSGVDFQLR,0.00010664200469954369,0.0
protein_npx__O15394,0.00010658347225838684,0.0
peptide_mean__O75144,0.00010653494524040282,0.0
lag1__peptide_mean__Q14515,0.00010651865233708169,0.0
slope1__peptide_mean__P08637,0.00010642329028136056,0.0
peptide_std__O00533,0.00010635110010209123,0.0
peptide_mean__Q13283,0.00010633584824465444,0.0
protein_npx__Q9Y6R7,0.00010627890880784204,0.0
protein_npx__P01877,0.00010599763555586832,0.0
rollmean2__peptide_std__P01024,0.00010596670797005877,0.0
lag1__protein_npx__Q14118,0.00010595335337182202,0.0
peptide_std__P04075,0.00010590694520761484,0.0
slope1__peptide_log__DSGEGDFLAEGGGVR,0.00010588757905178686,0.0
lag1__peptide_mean__P01009,0.00010561619488198228,0.0
slope1__protein_npx__P13591,0.00010558696660383582,0.0
protein_npx__P01834,0.00010557496747604902,0.0
peptide_log__VDNALQSGNSQESVTEQDSKDSTYSLSSTLTLSK,0.00010543025819601161,0.0
rollmean2__peptide_std__P08493,0.00010528446492609464,0.0
lag1__protein_npx__P02763,0.00010527571997776718,0.0
rollmean2__protein_npx__Q9UNU6,0.00010520495343165937,0.0
peptide_log__C(UniMod_4)RDQLPYIC(UniMod_4)QFGIV,0.0001051604339728445,0.0
rollmean2__peptide_log__GSPAINVAVHVFRK,0.0001051057386834265,0.0
peptide_log__DLATVYVDVLK,0.00010499132110192646,0.0
peptide_mean__P60174,0.00010498389282777378,0.0
lag1__peptide_mean__P01876,0.00010491669112053138,0.0
rollmean2__peptide_std__P18065,0.00010482035329947296,0.0
peptide_std__Q9Y6R7,0.00010443830800482773,0.0
rollmean2__protein_npx__P02763,0.00010432047926821774,0.0
peptide_log__TSPVDEKALQDQLVLVAAK,0.00010430314244988278,0.0
protein_npx__P00748,0.00010427099186220182,0.0
rollmean2__peptide_std__P05546,0.00010407881586132159,0.0
rollmean2__peptide_std__P39060,0.0001040280976187318,0.0
rollmean2__peptide_mean__P06396,0.00010402264431459908,0.0
lag1__peptide_log__DSGEGDFLAEGGGVR,0.00010395813300296918,0.0
slope1__peptide_count__Q08380,0.00010371367515881597,0.0
peptide_abundance_sum,0.00010356938080594316,0.0
peptide_observation_count,0.00010349872023595202,0.0
peptide_std__P00736,0.00010334924520642735,0.0
lag1__peptide_mean__P08571,0.0001033339675403869,0.0
rollmean2__peptide_log__TPVSDRVTK,0.00010309122980219589,0.0
delta1__peptide_mean__P61769,0.00010292177744113451,0.0
peptide_mean__P02671,0.00010288733048708963,0.0
rollmean2__peptide_mean__P80748,0.00010275579100334792,0.0
lag1__peptide_log__QKVEPLRAELQEGAR,0.00010275311730958634,0.0
lag1__peptide_mean__P17174,0.00010269718994826432,0.0
rollmean2__peptide_mean__P19823,0.00010256170324629672,0.0
peptide_std__P00747,0.00010254272914637064,0.0
delta1__protein_npx__P23142,0.00010252233186859652,0.0
peptide_std__P07998,0.00010235680206952272,0.0
slope1__current_updrs_1,0.0001022992508136111,0.0
slope1__protein_npx__P01011,0.00010201301173691544,0.0
rollmean2__peptide_mean__Q9HDC9,0.00010195343411862111,0.0
lag1__peptide_mean__P14174,0.000101850298663285,0.0
lag1__peptide_std__P39060,0.00010182530914538646,0.0
rollmean2__peptide_mean__P19021,0.00010151861721765944,0.0
rollmean2__peptide_log__YVM(UniMod_35)LPVADQDQC(UniMod_4)IR,0.00010150555421250981,0.0
protein_npx__O15240,0.00010109749776311398,0.0
lag1__protein_npx__P01594,0.00010107234522437094,0.0
rollmean2__protein_npx__P02656,0.00010087142661222993,0.0
rollmean2__peptide_mean__Q8NE71,0.00010082350473602944,0.0
slope1__peptide_log__LVGGPM(UniMod_35)DASVEEEGVRR,0.00010082251246387996,0.0
delta1__peptide_mean__P07602,0.00010069570476501157,0.0
peptide_mean__P01834,0.00010057010615845958,0.0
peptide_std__P39060,0.00010048720877079282,0.0
lag1__peptide_std__P06681,0.00010032411884165043,0.0
peptide_log__RGYQLSDVDGVTC(UniMod_4)EDIDEC(UniMod_4)ALPTGGHIC(UniMod_4)SYR,0.00010026568544094504,0.0
slope1__peptide_std__P19652,0.00010016466657017732,0.0
lag1__peptide_mean__P00736,9.988238720768374e-05,0.0
protein_npx__P02671,9.98173551557198e-05,0.0
rollmean2__peptide_log__TTPPVLDSDGSFFLYSR,9.969537042704317e-05,0.0
rollmean2__protein_npx__P06727,9.958865015603972e-05,0.0
peptide_std__P02748,9.945893301344123e-05,0.0
lag1__peptide_mean__Q12907,9.939675152261855e-05,0.0
rollmean2__peptide_mean__P02675,9.882764928741647e-05,0.0
peptide_log__SWFEPLVEDM(UniMod_35)QR,9.864019817621706e-05,0.0
peptide_std__P08571,9.861871478921193e-05,0.0
protein_npx__O00584,9.84098927120511e-05,0.0
rollmean2__peptide_count__P06396,9.8313211674351e-05,0.0
peptide_log__ADDKETC(UniMod_4)FAEEGK,9.820036829545242e-05,0.0
rollmean2__peptide_std__P06396,9.79032489840518e-05,0.0
lag1__protein_npx__P36222,9.76443171394551e-05,0.0
rollmean2__peptide_std__Q08380,9.749450316125498e-05,0.0
rollmean2__peptide_std__Q92520,9.744414320443399e-05,0.0
lag1__peptide_std__P19652,9.742827339835371e-05,0.0
rollmean2__protein_npx__Q14118,9.732061435161209e-05,0.0
lag1__peptide_log__LPPTSAHGNVAEGETKPDPDVTER,9.727225942948259e-05,0.0
slope1__peptide_std__P00441,9.719403095853545e-05,0.0
rollmean2__protein_feature_count,9.71901638699789e-05,0.0
peptide_std__P05060,9.716425852595708e-05,0.0
slope1__peptide_log__NFPPSQDASGDLYTTSSQLTLPATQC(UniMod_4)LAGK,9.713132574565929e-05,0.0
rollmean2__peptide_mean__Q8IWV7,9.707499186509671e-05,0.0
peptide_mean__P01877,9.702780862631857e-05,0.0
peptide_std__P12109,9.6766164987327e-05,0.0
delta1__protein_npx__P36980,9.660530982853952e-05,0.0
lag1__peptide_mean__P02748,9.657418760332822e-05,0.0
lag1__peptide_mean__P06727,9.643702490999904e-05,0.0
slope1__peptide_mean__Q13449,9.63361944711622e-05,0.0
delta1__protein_npx__P20933,9.625007544458025e-05,0.0
rollmean2__peptide_log__SC(UniMod_4)SPELQQK,9.600579641149011e-05,0.0
peptide_mean__P05408,9.595699611529977e-05,0.0
rollmean2__protein_npx__P01591,9.569351835457426e-05,0.0
rollmean2__protein_npx__Q06481,9.553562023486725e-05,0.0
lag1__protein_npx__P25311,9.549059288707592e-05,0.0
slope1__peptide_std__P23142,9.546537641202563e-05,0.0
protein_npx__P01024,9.530062074770619e-05,0.0
rollmean2__protein_npx__P25311,9.518315126548152e-05,0.0
delta1__peptide_std__P01877,9.502881999561751e-05,0.0
rollmean2__peptide_mean__P02679,9.481132532009225e-05,0.0
delta1__peptide_std__P04004,9.475563342078078e-05,0.0
delta1__protein_npx__P43652,9.442399641859221e-05,0.0
peptide_mean__Q9Y6R7,9.441080509123238e-05,0.0
rollmean2__protein_npx__Q96S96,9.438734374689808e-05,0.0
delta1__peptide_mean__Q14515,9.425773043138947e-05,0.0
peptide_mean__P01011,9.423214404617126e-05,0.0
rollmean2__peptide_mean__O14773,9.404851695943077e-05,0.0
lag1__peptide_mean__P06396,9.357847855452186e-05,0.0
slope1__peptide_mean__Q13740,9.355842425680914e-05,0.0
peptide_std__P08697,9.352839943785145e-05,0.0
rollmean2__peptide_std__P13987,9.338593336542595e-05,0.0
protein_npx__Q14624,9.337362754572204e-05,0.0
rollmean2__peptide_std__P16870,9.325631245363605e-05,0.0
rollmean2__peptide_std__P09486,9.284360325892573e-05,0.0
lag1__peptide_mean__P01860,9.281704578617246e-05,0.0
delta1__peptide_std__Q14624,9.274583239831834e-05,0.0
rollmean2__peptide_std__P00450,9.26507724301846e-05,0.0
lag1__peptide_mean__P43652,9.261717452968354e-05,0.0
rollmean2__peptide_mean__P01031,9.256532128049531e-05,0.0
rollmean2__protein_npx__P08493,9.256111443712613e-05,0.0
rollmean2__peptide_mean__P08697,9.194707574809166e-05,0.0
lag1__peptide_mean__P01024,9.160711699853456e-05,0.0
delta1__peptide_mean__P02679,9.150887398115437e-05,0.0
rollmean2__peptide_std__P16035,9.142224517653814e-05,0.0
protein_npx__P25311,9.133999624589133e-05,0.0
lag1__protein_npx__P19823,9.132886200047606e-05,0.0
rollmean2__peptide_mean__P01860,9.131729609162727e-05,0.0
delta1__peptide_log__KAADDTWEPFASGK,9.090101907709365e-05,0.0
peptide_mean__Q08380,9.067008377894114e-05,0.0
peptide_log__MTVTDQVNC(UniMod_4)PK,9.065433811563165e-05,0.0
lag1__current_updrs_3,9.056094481118625e-05,0.0
rollmean2__peptide_std__P09871,9.04684016659658e-05,0.0
delta1__peptide_mean__Q562R1,9.043678198589346e-05,0.0
slope1__peptide_log__DLATVYVDVLK,9.007894091854653e-05,0.0
delta1__peptide_count__P02671,8.978620020094425e-05,0.0
peptide_std__P02647,8.97124785959516e-05,0.0
peptide_log__EDSLEAGLPLQVR,8.971109449120887e-05,0.0
delta1__protein_npx__P36222,8.94808831065437e-05,0.0
lag1__protein_npx__P02760,8.940707035826706e-05,0.0
peptide_mean__P02750,8.906374261391675e-05,0.0
rollmean2__protein_npx__P01042,8.905904645686028e-05,0.0
rollmean2__peptide_mean__P31997,8.893341965814242e-05,0.0
rollmean2__peptide_log__VTLTC(UniMod_4)VAPLSGVDFQLR,8.888297887052495e-05,0.0
lag1__peptide_std__P08493,8.881621861261127e-05,0.0
peptide_std__P02766,8.867687238107115e-05,0.0
peptide_std__P16035,8.848911626989985e-05,0.0
rollmean2__peptide_std__P08603,8.846595385560327e-05,0.0
lag1__current_medication_unknown,8.82737958761067e-05,0.0
rollmean2__peptide_std__P04075,8.819231930078823e-05,0.0
slope1__peptide_mean__P01034,8.812963292681119e-05,0.0
peptide_mean__P10643,8.807637704634758e-05,0.0
peptide_log__KAADDTWEPFASGK,8.779558198302172e-05,0.0
lag1__peptide_std__Q14515,8.772641857689929e-05,0.0
delta1__protein_npx__P01876,8.756780171944315e-05,0.0
delta1__peptide_mean__P02747,8.749411705405483e-05,0.0
protein_npx__P02760,8.744885490626279e-05,0.0
rollmean2__protein_npx__Q14624,8.743180619034965e-05,0.0
slope1__peptide_std__Q96KN2,8.735991291823526e-05,0.0
rollmean2__peptide_log__C(UniMod_4)IIEVLSNALSK,8.696064236845625e-05,0.0
delta1__peptide_std__P00738,8.691442057471712e-05,0.0
protein_npx__Q08380,8.689141883750991e-05,0.0
peptide_mean__P02768,8.681088739067578e-05,0.0
rollmean2__peptide_log__LGPLVEQGR,8.675875870929823e-05,0.0
peptide_std__P08294,8.674800112770111e-05,0.0
delta1__peptide_std__P55290,8.670520577009171e-05,0.0
peptide_mean__Q9UBX5,8.658905298254879e-05,0.0
rollmean2__peptide_log__AATVGSLAGQPLQER,8.657614348793176e-05,0.0
peptide_mean__P32754,8.634667061343934e-05,0.0
peptide_log__HYEGSTVPEK,8.632503129898639e-05,0.0
slope1__peptide_std__P01877,8.628388299065042e-05,0.0
rollmean2__peptide_count__Q16610,8.621868405382253e-05,0.0
rollmean2__peptide_std__O15240,8.617299553894443e-05,0.0
peptide_log__TVVQPSVGAAAGPVVPPC(UniMod_4)PGR,8.617113535649179e-05,0.0
lag1__peptide_mean__P02675,8.605134740060753e-05,0.0
rollmean2__protein_npx__P40925,8.589486887831972e-05,0.0
rollmean2__peptide_std__P02760,8.585684503842504e-05,0.0
rollmean2__peptide_mean__P02656,8.583540483183508e-05,0.0
rollmean2__peptide_count__Q92520,8.56422751975388e-05,0.0
lag1__protein_npx__P01034,8.549946321043144e-05,0.0
rollmean2__peptide_count__O75144,8.545862047234753e-05,0.0
peptide_std__Q9NQ79,8.536450694361634e-05,0.0
peptide_std__P13611,8.507870082298653e-05,0.0
rollmean2__protein_npx__P01833,8.506343673068023e-05,0.0
peptide_mean__P00748,8.49738827923294e-05,0.0
peptide_std__P30086,8.493773594724015e-05,0.0
delta1__protein_npx__P02452,8.469243289359861e-05,0.0
rollmean2__peptide_std__Q6UXB8,8.453964767312566e-05,0.0
lag1__peptide_log__VKDLATVYVDVLK,8.44472555937489e-05,0.0
rollmean2__protein_npx__Q6UXB8,8.442656467914511e-05,0.0
rollmean2__peptide_log__ALGISPFHEHAEVVFTANDSGPR,8.422762746184835e-05,0.0
rollmean2__peptide_log__DSGEGDFLAEGGGVR,8.380439829332753e-05,0.0
rollmean2__peptide_log__C(UniMod_4)VDVDEC(UniMod_4)APPAEPC(UniMod_4)GK,8.377443032988453e-05,0.0
peptide_std__P01834,8.372607282967765e-05,0.0
slope1__peptide_mean__Q9UBR2,8.367656900093813e-05,0.0
peptide_count__P36955,8.351780822709602e-05,0.0
rollmean2__peptide_mean__P08133,8.347674957727354e-05,0.0
rollmean2__peptide_abundance_max,8.343041022403327e-05,0.0
lag1__protein_npx__P01780,8.318729363588757e-05,0.0
protein_npx__P01009,8.315867466145822e-05,0.0
rollmean2__peptide_log__YYWGGQYTWDMAK,8.313646182612535e-05,0.0
slope1__peptide_log__C(UniMod_4)DSSPDSAEDVRK,8.307519688379442e-05,0.0
peptide_log__IMNGEADAMSLDGGFVYIAGK,8.302603945979547e-05,0.0
delta1__peptide_std__P01834,8.302448597094515e-05,0.0
rollmean2__peptide_log__GEVQAMLGQSTEELR,8.281863809101616e-05,0.0
rollmean2__peptide_log__LSNENHGIAQR,8.277410413826621e-05,0.0
peptide_log__VYC(UniMod_4)DMNTENGGWTVIQNR,8.274866429270425e-05,0.0
rollmean2__protein_npx__P01857,8.272616113926318e-05,0.0
protein_npx__P01857,8.262353174075136e-05,0.0
slope1__peptide_std__P06727,8.256481736039633e-05,0.0
rollmean2__peptide_std__P02749,8.24710861983847e-05,0.0
lag1__peptide_std__P02763,8.237393912797869e-05,0.0
peptide_log__ELSSFIDKGQELC(UniMod_4)ADYSENTFTEYK,8.23587502817013e-05,0.0
slope1__peptide_mean__Q13451,8.23359966433499e-05,0.0
peptide_std__P10909,8.229506408595728e-05,0.0
rollmean2__protein_npx__P18065,8.228011197593806e-05,0.0
delta1__protein_npx__P01019,8.22700659758386e-05,0.0
rollmean2__protein_npx__P24592,8.216225470881788e-05,0.0
rollmean2__peptide_std__P41222,8.212288109739917e-05,0.0
lag1__protein_npx__P19021,8.199051117243882e-05,0.0
lag1__peptide_std__P07602,8.19846906816511e-05,0.0
slope1__peptide_mean__P07711,8.19596173867237e-05,0.0
rollmean2__peptide_mean__P02774,8.191539057509798e-05,0.0
rollmean2__peptide_mean__O00584,8.183671218483421e-05,0.0
lag1__peptide_std__Q92823,8.173690313879821e-05,0.0
rollmean2__peptide_std__P02679,8.139434253720226e-05,0.0
lag1__protein_npx__P02790,8.116586337002199e-05,0.0
delta1__protein_npx__P40925,8.099777877601001e-05,0.0
peptide_log__LQAEAFQAR,8.097298589756748e-05,0.0
lag1__protein_npx__P01608,8.092304859427213e-05,0.0
delta1__peptide_std__Q92876,8.091776521620581e-05,0.0
peptide_mean__Q99435,8.091414606168475e-05,0.0
peptide_log__C(UniMod_4)TSTGWIPAPR,8.090040088575336e-05,0.0
rollmean2__peptide_std__P00751,8.06044147458191e-05,0.0
peptide_std__Q14624,8.044306476209148e-05,0.0
rollmean2__peptide_std__P08294,8.021669772860243e-05,0.0
lag1__protein_npx__P07711,7.984009708125735e-05,0.0
rollmean2__peptide_mean__P06727,7.976902379510216e-05,0.0
protein_npx__P16870,7.972145309955492e-05,0.0
slope1__peptide_std__P01042,7.967961445680002e-05,0.0
lag1__peptide_log__C(UniMod_4)IIEVLSNALSK,7.9662438933147e-05,0.0
protein_npx__P02763,7.957164356208677e-05,0.0
rollmean2__peptide_count__P02675,7.948148488507473e-05,0.0
slope1__peptide_feature_count,7.93990071492129e-05,0.0
peptide_std__Q12805,7.937496179706478e-05,0.0
protein_npx__P02765,7.934385483730469e-05,0.0
peptide_std__Q96PD5,7.934377694499025e-05,0.0
delta1__peptide_mean__O14498,7.919772739848912e-05,0.0
rollmean2__protein_npx__P06681,7.903835513527116e-05,0.0
peptide_mean__P01034,7.90269942448304e-05,0.0
slope1__peptide_std__P01009,7.89624839211168e-05,0.0
lag1__peptide_mean__P02652,7.878010878325352e-05,0.0
peptide_mean__P36955,7.86841257388183e-05,0.0
lag1__peptide_std__P01011,7.853868813310405e-05,0.0
peptide_mean__P20774,7.841180319916616e-05,0.0
rollmean2__protein_npx__P01608,7.833348166447963e-05,0.0
delta1__peptide_mean__P17174,7.82834844608368e-05,0.0
delta1__peptide_std__P02747,7.820410774507642e-05,0.0
peptide_mean__P06454,7.813486450572128e-05,0.0
rollmean2__protein_npx__P36980,7.793099634466611e-05,0.0
peptide_std__O00584,7.790085179166447e-05,0.0
rollmean2__peptide_std__P43652,7.787925868872085e-05,0.0
lag1__peptide_log__C(UniMod_4)SYTEDAQC(UniMod_4)IDGTIEVPK,7.785635900796689e-05,0.0
lag1__peptide_mean__P08493,7.763352451623732e-05,0.0
rollmean2__protein_npx__P02749,7.760139667654081e-05,0.0
slope1__protein_npx__P10451,7.73690324437542e-05,0.0
slope1__peptide_mean__P01008,7.733762346561617e-05,0.0
rollmean2__peptide_mean__Q9UBX5,7.71446201713255e-05,0.0
rollmean2__peptide_mean__P16870,7.702874048795308e-05,0.0
delta1__peptide_log__KFPSGTFEQVSQLVK,7.701149042752308e-05,0.0
delta1__peptide_log__DSGEGDFLAEGGGVR,7.696919066148833e-05,0.0
rollmean2__peptide_log__LGADM(UniMod_35)EDVC(UniMod_4)GR,7.691858878754277e-05,0.0
rollmean2__peptide_std__P13591,7.676737439487737e-05,0.0
rollmean2__peptide_mean__P51884,7.675992764860535e-05,0.0
rollmean2__protein_npx__P00734,7.669257526345612e-05,0.0
rollmean2__peptide_log__AVGDKLPEC(UniMod_4)EADDGC(UniMod_4)PKPPEIAHGYVEHSVR,7.658216383413446e-05,0.0
delta1__peptide_std__Q92520,7.650931479653017e-05,0.0
lag1__peptide_std__P05546,7.649471137755118e-05,0.0
rollmean2__peptide_log__TPLGDTTHTC(UniMod_4)PR,7.646855227843207e-05,0.0
rollmean2__protein_npx__P02675,7.620254983195357e-05,0.0
lag1__peptide_mean__O94919,7.62007892250945e-05,0.0
delta1__protein_npx__O15240,7.616882271566183e-05,0.0
peptide_mean__P01031,7.61490543995753e-05,0.0
peptide_std__P02787,7.594619725960841e-05,0.0
peptide_std__P02679,7.571514479860726e-05,0.0
delta1__peptide_log__LSSWVLLM(UniMod_35)K,7.56801868461349e-05,0.0
peptide_mean__P08603,7.559616732322034e-05,0.0
peptide_log__KFPSGTFEQVSQLVK,7.548152416116446e-05,0.0
slope1__peptide_std__P02760,7.544339249637102e-05,0.0
delta1__protein_npx__P14618,7.542722932072431e-05,0.0
peptide_std__P00746,7.522056833859033e-05,0.0
rollmean2__peptide_count__P16070,7.518401208299391e-05,0.0
current_updrs_4,7.516259441195019e-05,0.0
peptide_log__TEGDGVYTLNNEK,7.512625866360662e-05,0.0
lag1__peptide_std__P14314,7.508888598551362e-05,0.0
lag1__peptide_log__ADDKETC(UniMod_4)FAEEGK,7.5074232088832e-05,0.0
rollmean2__peptide_mean__P01780,7.499895585781167e-05,0.0
lag1__peptide_mean__P43251,7.482279176614236e-05,0.0
lag1__peptide_log__HYEGSTVPEK,7.476230700718068e-05,0.0
peptide_mean__P02765,7.431337123155552e-05,0.0
protein_npx__P02790,7.426805212338825e-05,0.0
rollmean2__peptide_log__KFPSGTFEQVSQLVK,7.416187201545974e-05,0.0
lag1__protein_npx__P19652,7.397047235485126e-05,0.0
rollmean2__protein_npx__Q7Z5P9,7.396120153513765e-05,0.0
lag1__peptide_mean__Q92520,7.392857468201069e-05,0.0
peptide_log__GYQLSDVDGVTC(UniMod_4)EDIDEC(UniMod_4)ALPTGGHIC(UniMod_4)SYR,7.390570450950292e-05,0.0
rollmean2__protein_npx__Q9UHG2,7.387889132146457e-05,0.0
lag1__peptide_log__C(UniMod_4)REILSVDC(UniMod_4)STNNPSQAK,7.369598422260526e-05,0.0
peptide_mean__P01857,7.362598778736732e-05,0.0
lag1__peptide_log__LC(UniMod_4)MGSGLNLC(UniMod_4)EPNNKEGYYGYTGAFR,7.355445153833868e-05,0.0
lag1__peptide_mean__Q8N2S1,7.352438024279287e-05,0.0
peptide_log__YYWGGQYTWDMAK,7.351933256475545e-05,0.0
rollmean2__peptide_log__TDASDVKPC(UniMod_4),7.351848878895012e-05,0.0
peptide_std__P36955,7.349163923857831e-05,0.0
protein_npx__O94919,7.348659872910126e-05,0.0
peptide_std__P54289,7.348583770014515e-05,0.0
protein_npx__P01008,7.329404600146804e-05,0.0
rollmean2__protein_npx__P36222,7.327316172394855e-05,0.0
protein_npx__P06310,7.319642869089074e-05,0.0
delta1__peptide_std__P05452,7.311461350781004e-05,0.0
rollmean2__peptide_log__TKEEYGHSEVVEYYC(UniMod_4)NPR,7.305178080520385e-05,0.0
rollmean2__protein_npx__P04275,7.303732407304891e-05,0.0
peptide_mean__P02748,7.298935087847302e-05,0.0
lag1__peptide_std__P01834,7.272352629773921e-05,0.0
peptide_log__LGPLVEQGRVR,7.265838909804429e-05,0.0
lag1__protein_npx__P01011,7.256408140687899e-05,0.0
rollmean2__peptide_mean__P43121,7.253614694421778e-05,0.0
peptide_mean__P10909,7.253587460842603e-05,0.0
delta1__protein_npx__O94919,7.248275173465466e-05,0.0
rollmean2__peptide_log__SLAAAAGKQELAK,7.245645868471559e-05,0.0
rollmean2__peptide_std__Q96PD5,7.236152268098375e-05,0.0
lag1__peptide_mean__O00584,7.221551891225107e-05,0.0
peptide_mean__P14314,7.212601943197423e-05,0.0
protein_npx__P17936,7.210525331659165e-05,0.0
protein_npx__Q92520,7.210101884779135e-05,0.0
slope1__peptide_mean__P01859,7.206163271732868e-05,0.0
lag1__peptide_log__GC(UniMod_4)PTEEGC(UniMod_4)GER,7.20244053652764e-05,0.0
peptide_std__P02760,7.198734943768158e-05,0.0
peptide_log__TDASDVKPC(UniMod_4),7.18548978028146e-05,0.0
slope1__peptide_log__TPVSDRVTK,7.185145004787553e-05,0.0
lag1__protein_npx__P41222,7.182999212048502e-05,0.0
protein_npx__P04211,7.182798789921502e-05,0.0
slope1__peptide_mean__P04275,7.176102601035512e-05,0.0
delta1__protein_npx__O60888,7.173984863247298e-05,0.0
slope1__protein_npx__P07333,7.153382915913276e-05,0.0
protein_npx__P01011,7.151680398624264e-05,0.0
slope1__peptide_count__P07711,7.14566519827741e-05,0.0
lag1__peptide_std__P04004,7.139785176488429e-05,0.0
delta1__peptide_log__SPVGVQPILNEHTFC(UniMod_4)AGMSK,7.139162580406695e-05,0.0
rollmean2__protein_npx__P80748,7.132067679738433e-05,0.0
lag1__peptide_std__P04180,7.127582859913874e-05,0.0
delta1__protein_npx__P02656,7.121613657564942e-05,0.0
delta1__peptide_std__P16070,7.117416644998939e-05,0.0
protein_npx__P08493,7.109048386042693e-05,0.0
slope1__peptide_std__Q16270,7.103343122694431e-05,0.0
slope1__peptide_std__P08571,7.080397082573612e-05,0.0
peptide_mean__P02749,7.08006745602624e-05,0.0
peptide_log__NPDSSTTGPWC(UniMod_4)YTTDPTVR,7.077433012319054e-05,0.0
rollmean2__peptide_std__Q16610,7.072989173648826e-05,0.0
peptide_mean__Q06481,7.071256734784284e-05,0.0
protein_npx__P02792,7.065962410419541e-05,0.0
rollmean2__peptide_mean__Q9UBR2,7.053628626472453e-05,0.0
slope1__peptide_mean__P01019,7.044305714336939e-05,0.0
slope1__peptide_mean__O00533,7.041216789369515e-05,0.0
rollmean2__protein_npx__P11277,7.0263662921675e-05,0.0
lag1__protein_npx__P61626,7.009327369522552e-05,0.0
lag1__protein_npx__P00748,7.003436518008467e-05,0.0
lag1__peptide_log__YVMLPVADQDQC(UniMod_4)IR,7.000910069492187e-05,0.0
rollmean2__protein_npx__P43652,6.990813336012745e-05,0.0
rollmean2__protein_npx__P16152,6.987537995524187e-05,0.0
peptide_count__P02774,6.986281742903314e-05,0.0
peptide_log__M(UniMod_35)YLGYEYVTAIR,6.981893505215828e-05,0.0
lag1__peptide_mean__O60888,6.97907266930926e-05,0.0
peptide_mean__P01859,6.974720040387827e-05,0.0
rollmean2__protein_npx__Q92823,6.951711072611821e-05,0.0
rollmean2__peptide_std__P05060,6.941929963123927e-05,0.0
peptide_mean__P04207,6.93672562212298e-05,0.0
slope1__peptide_std__P04075,6.932100544210973e-05,0.0
lag1__peptide_std__P16070,6.916163497738028e-05,0.0
rollmean2__peptide_mean__P01717,6.889717669522073e-05,0.0
delta1__peptide_std__P07225,6.88469835437586e-05,0.0
slope1__peptide_mean__P17174,6.880333012618828e-05,0.0
delta1__peptide_mean__Q13451,6.877064565127423e-05,0.0
delta1__peptide_count__P05067,6.867515084632377e-05,0.0
rollmean2__peptide_mean__P08493,6.867323362249933e-05,0.0
peptide_std__P10645,6.866721772159856e-05,0.0
peptide_std__P01042,6.861554886043131e-05,0.0
lag1__peptide_mean__P02749,6.858124251929546e-05,0.0
rollmean2__peptide_std__P01011,6.850910954445772e-05,0.0
delta1__peptide_std__P05156,6.847406308053019e-05,0.0
peptide_std__P02763,6.845309874672834e-05,0.0
peptide_mean__P13611,6.838896902257993e-05,0.0
rollmean2__protein_npx__P10643,6.830057184261236e-05,0.0
delta1__peptide_log__SWFEPLVEDM(UniMod_35)QR,6.828130784463007e-05,0.0
slope1__peptide_std__P16035,6.827568148567677e-05,0.0
lag1__protein_npx__P02766,6.826855993324459e-05,0.0
peptide_std__P02750,6.818142644812147e-05,0.0
delta1__peptide_mean__O00584,6.789906750007487e-05,0.0
delta1__peptide_mean__P49588,6.789014988982148e-05,0.0
peptide_std__Q16270,6.773666486146206e-05,0.0
rollmean2__months_since_baseline,6.773400625058639e-05,0.0
slope1__peptide_mean__P11142,6.769916950387876e-05,0.0
rollmean2__peptide_log__LGPLVEQGRVR,6.763176449852483e-05,0.0
lag1__peptide_std__O75144,6.754298375526651e-05,0.0
slope1__peptide_mean__P14618,6.752466800089318e-05,0.0
rollmean2__peptide_feature_count,6.746386373297714e-05,0.0
peptide_mean__P02656,6.743898803008e-05,0.0
rollmean2__protein_npx__P01877,6.733491161517011e-05,0.0
delta1__peptide_log__FLATTPNSLLVSWQPPR,6.727266535124979e-05,0.0
delta1__peptide_log__MASGAANVVGPK,6.715276834924063e-05,0.0
lag1__peptide_mean__P02751,6.711946082319946e-05,0.0
lag1__peptide_mean__P01591,6.689762877282899e-05,0.0
delta1__peptide_mean__Q9UHG2,6.680065749468916e-05,0.0
peptide_mean__P01009,6.671197153481968e-05,0.0
delta1__peptide_log__AYQGVAAPFPK,6.667944994956716e-05,0.0
peptide_std__Q6UXB8,6.663026442070642e-05,0.0
slope1__peptide_mean__P08493,6.655644915406498e-05,0.0
delta1__protein_npx__Q14515,6.645377087771681e-05,0.0
peptide_mean__O94919,6.639900193807211e-05,0.0
rollmean2__protein_npx__P05155,6.625770163656917e-05,0.0
rollmean2__peptide_mean__P00751,6.621062303249195e-05,0.0
rollmean2__peptide_mean__P01011,6.618258691111469e-05,0.0
lag1__protein_npx__P08133,6.616698919422733e-05,0.0
rollmean2__peptide_mean__P40925,6.60184483131484e-05,0.0
rollmean2__peptide_mean__O94919,6.599947346456457e-05,0.0
delta1__peptide_std__P41222,6.58853846643796e-05,0.0
rollmean2__peptide_mean__Q96PD5,6.580826538342597e-05,0.0
protein_npx__P17174,6.580815847687381e-05,0.0
lag1__peptide_mean__P10645,6.575204271115161e-05,0.0
slope1__peptide_log__GYQLSDVDGVTC(UniMod_4)EDIDEC(UniMod_4)ALPTGGHIC(UniMod_4)SYR,6.552322236024894e-05,0.0
delta1__peptide_std__P14314,6.543468492679975e-05,0.0
lag1__peptide_mean__Q9UBX5,6.5382996072706e-05,0.0
peptide_mean__Q14624,6.536856782889723e-05,0.0
rollmean2__peptide_mean__Q9UHG2,6.536238782011448e-05,0.0
rollmean2__peptide_std__P10645,6.534777217174532e-05,0.0
slope1__protein_npx__Q92823,6.52261462236838e-05,0.0
slope1__peptide_std__P02747,6.516946395801931e-05,0.0
peptide_log__TKEEYGHSEVVEYYC(UniMod_4)NPR,6.510536342043865e-05,0.0
slope1__protein_npx__P02649,6.50222783708812e-05,0.0
delta1__peptide_std__Q16610,6.49698440756728e-05,0.0
slope1__peptide_std__P10909,6.481905990658732e-05,0.0
delta1__peptide_log__LSKELQAAQAR,6.48141892920684e-05,0.0
lag1__peptide_std__P98160,6.480979884258612e-05,0.0
rollmean2__protein_npx__P02766,6.455122686460669e-05,0.0
protein_npx__Q8IWV7,6.451442558668028e-05,0.0
delta1__peptide_log__RGYQLSDVDGVTC(UniMod_4)EDIDEC(UniMod_4)ALPTGGHIC(UniMod_4)SYR,6.444943849659748e-05,0.0
rollmean2__peptide_log__IHWESASLLR,6.441585070311118e-05,0.0
slope1__protein_npx__P02768,6.439998066819486e-05,0.0
rollmean2__peptide_count__P00738,6.430273802996735e-05,0.0
slope1__peptide_mean__P55290,6.423124274661266e-05,0.0
delta1__peptide_log__FNKPFVFLM(UniMod_35)IEQNTK,6.41694730698527e-05,0.0
slope1__peptide_log__ILTC(UniMod_4)M(UniMod_35)QGMEEIR,6.408253447378713e-05,0.0
rollmean2__peptide_std__Q06481,6.385093130384061e-05,0.0
rollmean2__peptide_mean__P16152,6.362828126718766e-05,0.0
rollmean2__peptide_mean__P01859,6.344843007043318e-05,0.0
peptide_log__NFPPSQDASGDLYTTSSQLTLPATQC(UniMod_4)PDGK,6.336893444625316e-05,0.0
rollmean2__peptide_mean__P05156,6.329629529137645e-05,0.0
peptide_std__Q12907,6.326215476844078e-05,0.0
rollmean2__protein_npx__P08133,6.323293181819295e-05,0.0
peptide_abundance_min,6.32291448041431e-05,0.0
peptide_count__Q6UXB8,6.3226053673577e-05,0.0
peptide_mean__P08571,6.317255491830527e-05,0.0
rollmean2__peptide_std__Q12805,6.315605232862291e-05,0.0
delta1__peptide_mean__Q13332,6.307620373532214e-05,0.0
slope1__peptide_mean__P01857,6.305716191104741e-05,0.0
peptide_std__P00748,6.283366602289222e-05,0.0
peptide_mean__P05452,6.28065555774742e-05,0.0
lag1__peptide_std__Q16270,6.262504367862649e-05,0.0
delta1__peptide_std__P13591,6.252468608449226e-05,0.0
peptide_mean__P02787,6.251410658472894e-05,0.0
slope1__peptide_std__P10645,6.249874894024418e-05,0.0
slope1__peptide_mean__P00751,6.245733971206768e-05,0.0
peptide_std__P61916,6.224229049518737e-05,0.0
delta1__protein_npx__P01034,6.216638254914605e-05,0.0
lag1__peptide_std__P24592,6.214051846296298e-05,0.0
rollmean2__peptide_log__TQVNTQAEQLRR,6.209173544138828e-05,0.0
rollmean2__peptide_mean__P02790,6.191138698852686e-05,0.0
lag1__peptide_std__Q6UXB8,6.187222406365609e-05,0.0
rollmean2__peptide_mean__Q13449,6.172185478077347e-05,0.0
delta1__protein_npx__Q9UBR2,6.167813163516474e-05,0.0
peptide_abundance_max,6.14045350014072e-05,0.0
rollmean2__peptide_mean__P01024,6.132368938490834e-05,0.0
rollmean2__protein_npx__P27169,6.118286962294711e-05,0.0
rollmean2__peptide_std__P04180,6.0958216450801105e-05,0.0
delta1__protein_npx__P01608,6.078528328565768e-05,0.0
lag1__peptide_log__TSPVDEKALQDQLVLVAAK,6.07310448614659e-05,0.0
delta1__peptide_mean__P18065,6.0689126110695374e-05,0.0
peptide_mean__P01608,6.068156767182946e-05,0.0
delta1__protein_npx__P02655,6.0659513500004585e-05,0.0
lag1__peptide_count__P00441,6.0641238087188674e-05,0.0
missing__protein_npx__Q13283,6.0556809480874835e-05,0.0
rollmean2__peptide_count__P07998,6.0553455814234584e-05,0.0
rollmean2__peptide_mean__P08253,6.048968163476534e-05,0.0
peptide_mean__P07339,6.04153424759231e-05,0.0
lag1__protein_npx__Q12907,6.03804877180387e-05,0.0
delta1__peptide_mean__P01857,6.024621098346671e-05,0.0
rollmean2__peptide_count__P02652,6.0121633491974063e-05,0.0
rollmean2__peptide_mean__P02768,6.0071685987185765e-05,0.0
slope1__peptide_mean__Q02818,6.001687843172284e-05,0.0
delta1__protein_npx__P13611,5.9998428546074214e-05,0.0
rollmean2__protein_npx__P19827,5.991492728565383e-05,0.0
rollmean2__protein_npx__P13611,5.9821042193488173e-05,0.0
peptide_std__P09486,5.97792669507661e-05,0.0
lag1__protein_npx__P05155,5.9719910288209274e-05,0.0
delta1__peptide_std__P02679,5.967126953376758e-05,0.0
lag1__peptide_mean__P02768,5.9664543170928256e-05,0.0
lag1__peptide_std__P06396,5.9657165159210244e-05,0.0
peptide_std__P05090,5.949752688213563e-05,0.0
slope1__peptide_log__LFDSDPITVTVPVEVSR,5.946718890829434e-05,0.0
protein_npx__P09486,5.9466678700371806e-05,0.0
lag1__peptide_std__P09486,5.933266674679893e-05,0.0
rollmean2__peptide_std__P00738,5.924258933707817e-05,0.0
lag1__peptide_mean__P01717,5.9180479749607634e-05,0.0
rollmean2__peptide_mean__P02750,5.914152076844417e-05,0.0
peptide_std__P04217,5.8943364875975694e-05,0.0
lag1__protein_npx__O60888,5.879068063979625e-05,0.0
rollmean2__peptide_log__ATVNPSAPR,5.8714974981812245e-05,0.0
protein_npx__P00450,5.867177880236718e-05,0.0
lag1__protein_npx__P14314,5.8637849870074924e-05,0.0
rollmean2__peptide_mean__P04004,5.8613407481233423e-05,0.0
rollmean2__peptide_std__P00736,5.861014950224512e-05,0.0
slope1__peptide_mean__P01344,5.8486246101278674e-05,0.0
slope1__peptide_std__P02766,5.8461163483876625e-05,0.0
slope1__peptide_log__LRTEGDGVYTLNNEKQWINK,5.84194389947995e-05,0.0
rollmean2__peptide_mean__P02763,5.8375331854549634e-05,0.0
peptide_log__C(UniMod_4)DSSPDSAEDVRK,5.827611327743421e-05,0.0
delta1__peptide_mean__P01621,5.826505681872984e-05,0.0
lag1__peptide_mean__P08133,5.822470033166393e-05,0.0
protein_npx__P35542,5.813563043764916e-05,0.0
slope1__peptide_std__P13591,5.800901857139958e-05,0.0
peptide_mean__P01042,5.80087682452543e-05,0.0
slope1__peptide_log__LGPLVEQGR,5.7944525804720286e-05,0.0
peptide_mean__P19823,5.791803946083573e-05,0.0
rollmean2__peptide_std__Q92823,5.7911780080788114e-05,0.0
rollmean2__peptide_mean__Q9Y646,5.764353987632007e-05,0.0
rollmean2__peptide_mean__P04075,5.7591345209885584e-05,0.0
rollmean2__peptide_log__AEAQEAEDQQAR,5.757014529906713e-05,0.0
protein_npx__P02679,5.7414189522622296e-05,0.0
delta1__peptide_std__P02766,5.7365041533325184e-05,0.0
peptide_log__NFPPSQDASGDLYTTSSQLTLPATQC(UniMod_4)LAGK,5.730595363255347e-05,0.0
rollmean2__peptide_std__P02766,5.710314525358585e-05,0.0
rollmean2__peptide_log__SGELEQEEER,5.7036911388267116e-05,0.0
slope1__protein_npx__P04211,5.703547000954091e-05,0.0
delta1__protein_npx__P13591,5.701025731291751e-05,0.0
peptide_mean__O00391,5.700309849736169e-05,0.0
lag1__peptide_mean__P05546,5.6856717322893256e-05,0.0
slope1__protein_npx__P09871,5.679949190823209e-05,0.0
rollmean2__peptide_mean__P61916,5.671318657972638e-05,0.0
slope1__peptide_count__P00748,5.65746757528479e-05,0.0
lag1__protein_npx__P07339,5.643298440845857e-05,0.0
delta1__peptide_log__LGADM(UniMod_35)EDVC(UniMod_4)GR,5.642755876323969e-05,0.0
delta1__peptide_mean__P02765,5.622754746599202e-05,0.0
rollmean2__peptide_log__M(UniMod_35)ASGAANVVGPK,5.619851014841799e-05,0.0
peptide_mean__P11142,5.606596364773148e-05,0.0
peptide_mean__Q92520,5.6022081221344164e-05,0.0
delta1__peptide_mean__P02751,5.5965880726531815e-05,0.0
slope1__peptide_mean__P05060,5.589828096918744e-05,0.0
peptide_mean__P07195,5.586792361938816e-05,0.0
slope1__peptide_log__VKDLATVYVDVLK,5.58296911630359e-05,0.0
delta1__peptide_log__ALGISPFHEHAEVVFTANDSGPR,5.5806683413143365e-05,0.0
lag1__protein_npx__P05090,5.578532909805044e-05,0.0
peptide_std__P06681,5.5781365770140345e-05,0.0
rollmean2__peptide_mean__P17174,5.577356031208885e-05,0.0
rollmean2__peptide_std__P00734,5.576599281687725e-05,0.0
peptide_std__O15240,5.575898442138679e-05,0.0
lag1__peptide_mean__P98160,5.575193578424389e-05,0.0
rollmean2__peptide_mean__P01876,5.5718649652771205e-05,0.0
delta1__peptide_mean__P41222,5.564651586943475e-05,0.0
peptide_log__M(UniMod_35)ASGAANVVGPK,5.562707159601449e-05,0.0
peptide_log__TPLGDTTHTC(UniMod_4)PR,5.561067334750572e-05,0.0
rollmean2__protein_npx__Q8N2S1,5.554702751545675e-05,0.0
lag1__peptide_mean__P02750,5.5530314866520164e-05,0.0
lag1__peptide_log__LVGGPM(UniMod_35)DASVEEEGVRR,5.539823918757339e-05,0.0
rollmean2__peptide_log__VDNALQSGNSQESVTEQDSKDSTYSLSSTLTLSK,5.523123344242932e-05,0.0
lag1__peptide_mean__P01594,5.514013910850155e-05,0.0
protein_npx__P49588,5.512598168640319e-05,0.0
lag1__peptide_log__IHWESASLLR,5.509899534875247e-05,0.0
rollmean2__peptide_std__P01034,5.504045376782003e-05,0.0
rollmean2__protein_npx__P00751,5.501813770731604e-05,0.0
rollmean2__protein_npx__Q16610,5.498046382352838e-05,0.0
rollmean2__protein_npx__Q12907,5.497076160218754e-05,0.0
slope1__protein_npx__Q13451,5.493274875973447e-05,0.0
delta1__peptide_mean__P09104,5.4708289234422476e-05,0.0
lag1__protein_npx__Q9Y646,5.4648732697708545e-05,0.0
lag1__protein_npx__P40925,5.463141023656504e-05,0.0
peptide_std__P01034,5.460466024294083e-05,0.0
peptide_log__RTPITVVK,5.4594380709340144e-05,0.0
rollmean2__peptide_std__P07225,5.4569399209572665e-05,0.0
peptide_mean__P02766,5.4437263185902604e-05,0.0
peptide_std__O15394,5.4393925170713e-05,0.0
peptide_log__GEVQAMLGQSTEELRVR,5.421737206073693e-05,0.0
rollmean2__peptide_std__P02675,5.418880141863974e-05,0.0
peptide_log__VQAAVGTSAAPVPSDNH,5.4135160049136605e-05,0.0
rollmean2__peptide_mean__P13473,5.412814500913875e-05,0.0
lag1__protein_npx__P17174,5.412568193016403e-05,0.0
delta1__protein_npx__O00533,5.4109291571596856e-05,0.0
delta1__peptide_mean__P02766,5.409845877911453e-05,0.0
delta1__peptide_mean__Q13283,5.4081833771510566e-05,0.0
protein_npx__Q6UX71,5.40770985417205e-05,0.0
rollmean2__peptide_std__P05067,5.4058833394620665e-05,0.0
rollmean2__peptide_mean__P02748,5.404197406127586e-05,0.0
delta1__protein_npx__P51884,5.402102053791694e-05,0.0
slope1__protein_npx__P08603,5.4009442666530246e-05,0.0
rollmean2__peptide_std__P19823,5.399214880572958e-05,0.0
peptide_mean__O00533,5.397933164389647e-05,0.0
delta1__peptide_log__MYYSAVDPTKDIFTGLIGPM(UniMod_35)K,5.396847561782157e-05,0.0
rollmean2__peptide_mean__P01594,5.396406707635172e-05,0.0
rollmean2__peptide_std__P14618,5.3939870867876036e-05,0.0
peptide_mean__P17174,5.3935413832720375e-05,0.0
rollmean2__protein_npx__O14773,5.3845756635384525e-05,0.0
slope1__peptide_count__P10645,5.3764211741776716e-05,0.0
delta1__peptide_mean__P27169,5.36991608482523e-05,0.0
delta1__peptide_log__QIGSVYR,5.3688748743007473e-05,0.0
lag1__peptide_abundance_sum,5.3558366725955976e-05,0.0
slope1__protein_npx__Q06481,5.3539255106423294e-05,0.0
rollmean2__protein_npx__P02750,5.342750476736914e-05,0.0
peptide_log__DASGVTFTWTPSSGK,5.3423930374452135e-05,0.0
rollmean2__peptide_mean__P08637,5.3384509023561924e-05,0.0
protein_npx__P05546,5.321302269750012e-05,0.0
delta1__protein_npx__Q9NQ79,5.319461034756911e-05,0.0
peptide_log__LRTEGDGVYTLNNEKQWINK,5.315805003558253e-05,0.0
peptide_log__FLATTPNSLLVSWQPPR,5.3154410016888856e-05,0.0
lag1__peptide_mean__P19652,5.3091352271520226e-05,0.0
lag1__peptide_std__P05090,5.2999009888653236e-05,0.0
rollmean2__peptide_std__P00441,5.292373453256844e-05,0.0
rollmean2__peptide_count__P23142,5.289757255734403e-05,0.0
delta1__peptide_log__MTVTDQVNC(UniMod_4)PK,5.283525498256478e-05,0.0
peptide_log__EILSVDC(UniMod_4)STNNPSQAK,5.268892764229396e-05,0.0
rollmean2__peptide_log__VGYVSGWGR,5.2661274983959556e-05,0.0
lag1__peptide_mean__P36955,5.2611858439611145e-05,0.0
slope1__peptide_mean__P05155,5.26070093571975e-05,0.0
slope1__peptide_mean__P00747,5.2575113237729676e-05,0.0
slope1__peptide_mean__P02790,5.2543624280953295e-05,0.0
rollmean2__peptide_log__C(UniMod_4)REILSVDC(UniMod_4)STNNPSQAK,5.2511057262319526e-05,0.0
rollmean2__peptide_log__LSSWVLLM(UniMod_35)K,5.2500527403372896e-05,0.0
peptide_std__P55290,5.2438683325947314e-05,0.0
peptide_mean__Q8N2S1,5.243461642335418e-05,0.0
rollmean2__peptide_mean__Q562R1,5.234903639338782e-05,0.0
rollmean2__protein_npx__Q99674,5.2277544754939455e-05,0.0
lag1__peptide_mean__Q13451,5.224302078507545e-05,0.0
delta1__peptide_mean__P30086,5.217205088146453e-05,0.0
lag1__protein_npx__P36980,5.2034801360836105e-05,0.0
rollmean2__protein_npx__P01717,5.2032611259285246e-05,0.0
peptide_std__P00450,5.202998271844367e-05,0.0
delta1__peptide_log__TEGDGVYTLNNEK,5.1936524792153e-05,0.0
lag1__protein_npx__P35542,5.1819746559992625e-05,0.0
lag1__peptide_std__P36955,5.175673836569493e-05,0.0
lag1__peptide_mean__Q9UHG2,5.175342611026968e-05,0.0
peptide_mean__P14174,5.166905340624639e-05,0.0
rollmean2__protein_npx__P05546,5.163397418344381e-05,0.0
lag1__peptide_mean__P02656,5.1625239737174924e-05,0.0
delta1__peptide_mean__P51884,5.1608190327273904e-05,0.0
rollmean2__peptide_mean__P05546,5.157210775682445e-05,0.0
peptide_log__LSSWVLLM(UniMod_35)K,5.157097709713122e-05,0.0
rollmean2__peptide_log__VQPYLDDFQKK,5.1567277859123584e-05,0.0
rollmean2__protein_npx__P02655,5.14844228814761e-05,0.0
rollmean2__peptide_mean__P00738,5.144628070828813e-05,0.0
delta1__peptide_mean__Q9NYU2,5.144246078875557e-05,0.0
slope1__peptide_std__Q14515,5.1434684991362225e-05,0.0
lag1__peptide_mean__P09486,5.135546740414111e-05,0.0
protein_npx__P30086,5.1346992588253756e-05,0.0
peptide_mean__Q12841,5.1198994727806845e-05,0.0
slope1__peptide_mean__P14174,5.115860740476646e-05,0.0
peptide_mean__P00746,5.110245864909149e-05,0.0
lag1__peptide_count__P00738,5.1098316405767625e-05,0.0
delta1__peptide_log__SSQGGSLPSEEK,5.104423857911615e-05,0.0
lag1__peptide_log__ILLQGTPVAQMTEDAVDAER,5.1040343486932195e-05,0.0
rollmean2__peptide_mean__O15240,5.098729903783262e-05,0.0
rollmean2__protein_npx__P04216,5.0918913652421476e-05,0.0
rollmean2__peptide_std__P02774,5.091634475665584e-05,0.0
slope1__protein_npx__P19823,5.0915216164254556e-05,0.0
delta1__protein_npx__P04433,5.079531985556543e-05,0.0
lag1__peptide_mean__P00734,5.07493463337752e-05,0.0
slope1__peptide_abundance_min,5.0638731416196034e-05,0.0
delta1__peptide_mean__P04180,5.063369029286794e-05,0.0
lag1__peptide_mean__P35542,5.0597006715199716e-05,0.0
slope1__peptide_std__P05155,5.057838668063897e-05,0.0
rollmean2__peptide_count__Q13740,5.054070996129579e-05,0.0
peptide_std__P02774,5.049555254118321e-05,0.0
rollmean2__protein_npx__P11142,5.048782816102782e-05,0.0
rollmean2__peptide_std__P10643,5.04700131599026e-05,0.0
rollmean2__peptide_log__DLATVYVDVLK,5.04330324817203e-05,0.0
peptide_log__YVM(UniMod_35)LPVADQDQC(UniMod_4)IR,5.024443367210722e-05,0.0
slope1__protein_npx__Q12841,5.0237235480642256e-05,0.0
rollmean2__peptide_mean__P02749,5.0232610579946686e-05,0.0
rollmean2__peptide_log__IMNGEADAMSLDGGFVYIAGK,5.0080396400252156e-05,0.0
rollmean2__peptide_mean__P07602,5.0023113050294554e-05,0.0
rollmean2__peptide_std__Q16270,5.000786855317083e-05,0.0
delta1__protein_npx__Q06481,4.9946233273226005e-05,0.0
slope1__peptide_log__C(UniMod_4)C(UniMod_4)VEC(UniMod_4)PPC(UniMod_4)PAPPVAGPSVFLFPPKPK,4.987488633354554e-05,0.0
peptide_log__LAVYQAGAR,4.985401291014698e-05,0.0
rollmean2__peptide_log__NPDSSTTGPWC(UniMod_4)YTTDPTVR,4.984701716862974e-05,0.0
lag1__protein_npx__P13591,4.980644748110973e-05,0.0
rollmean2__peptide_mean__P04433,4.977019263522775e-05,0.0
peptide_mean__P40925,4.9764345654161516e-05,0.0
peptide_mean__P05155,4.973519283527165e-05,0.0
peptide_mean__Q92823,4.9668698699825555e-05,0.0
lag1__peptide_std__P08603,4.965595688692192e-05,0.0
rollmean2__protein_npx__Q96KN2,4.960544433271472e-05,0.0
lag1__peptide_std__P01008,4.960009289253588e-05,0.0
rollmean2__peptide_count__P05090,4.9565068660217096e-05,0.0
rollmean2__peptide_std__P04196,4.950607413865241e-05,0.0
rollmean2__peptide_mean__P07195,4.946428973799738e-05,0.0
rollmean2__peptide_std__P08571,4.9433099775631034e-05,0.0
rollmean2__peptide_log__LGQSLDC(UniMod_4)NAEVYVVPWEK,4.936878275143764e-05,0.0
delta1__peptide_std__P04196,4.931881521772553e-05,0.0
rollmean2__peptide_log__KAADDTWEPFASGK,4.931652085325141e-05,0.0
lag1__protein_npx__P04433,4.9259485007601705e-05,0.0
rollmean2__peptide_count__P07339,4.924503948509187e-05,0.0
rollmean2__peptide_log__HGGLYHENMR,4.9231844323199914e-05,0.0
rollmean2__protein_npx__P08294,4.907551495000403e-05,0.0
slope1__peptide_mean__P07602,4.906651491199215e-05,0.0
lag1__protein_npx__O75144,4.903830289065552e-05,0.0
slope1__protein_npx__O00584,4.902122450891961e-05,0.0
slope1__peptide_std__P01034,4.893560414495388e-05,0.0
lag1__protein_npx__P08637,4.890355558352361e-05,0.0
rollmean2__protein_npx__P09871,4.887738193676676e-05,0.0
peptide_log__QKVEPLRAELQEGAR,4.886318199846515e-05,0.0
slope1__peptide_mean__P02750,4.8843642356320194e-05,0.0
rollmean2__protein_npx__P31997,4.8786337838063856e-05,0.0
slope1__peptide_mean__P07858,4.878593613968391e-05,0.0
peptide_log__TLLSNLEEAKK,4.87751420077355e-05,0.0
peptide_mean__Q6UX71,4.8741365691839745e-05,0.0
slope1__protein_npx__P00747,4.8740190583147534e-05,0.0
slope1__protein_npx__P02749,4.8721599751732974e-05,0.0
rollmean2__peptide_std__P06727,4.8603918512825784e-05,0.0
peptide_std__P19823,4.8592779622485485e-05,0.0
peptide_count__P00747,4.8579932166516296e-05,0.0
peptide_mean__P01717,4.855512769138624e-05,0.0
peptide_mean__Q9UBR2,4.8349572126683385e-05,0.0
rollmean2__peptide_std__P17174,4.833339489624539e-05,0.0
rollmean2__peptide_log__SLAELGGHLDQQVEEFRR,4.8175450063128786e-05,0.0
rollmean2__peptide_mean__P04275,4.8089893034020756e-05,0.0
delta1__peptide_mean__Q12841,4.8029674344546895e-05,0.0
protein_npx__P27169,4.802902534257299e-05,0.0
lag1__peptide_mean__P04156,4.800511965240491e-05,0.0
delta1__peptide_log__LFDSDPITVTVPVEVSR,4.797522136253965e-05,0.0
slope1__protein_npx__P00738,4.793871029339326e-05,0.0
peptide_mean__P09486,4.79383933634998e-05,0.0
missing__peptide_log__AATVGSLAGQPLQER,4.786004606792624e-05,0.0
delta1__peptide_log__C(UniMod_4)DSSPDSAEDVRK,4.785204974346741e-05,0.0
lag1__protein_npx__P06454,4.784582020019169e-05,0.0
peptide_count__P06396,4.769492353785818e-05,0.0
lag1__peptide_mean__Q08380,4.7601779517605915e-05,0.0
lag1__peptide_mean__Q92876,4.7531841798855844e-05,0.0
lag1__protein_npx__P00747,4.7525968999935064e-05,0.0
peptide_mean__P06727,4.7514700905021976e-05,0.0
delta1__peptide_mean__Q6UXB8,4.749946805503987e-05,0.0
rollmean2__peptide_log__ELSSFIDKGQELC(UniMod_4)ADYSENTFTEYK,4.745949608618456e-05,0.0
slope1__peptide_std__P07602,4.73900508787363e-05,0.0
lag1__peptide_std__P07998,4.7342520706477903e-05,0.0
rollmean2__peptide_log__WELALGR,4.725000295345614e-05,0.0
delta1__peptide_mean__P01019,4.7134008388048156e-05,0.0
delta1__peptide_mean__P01034,4.711533952123431e-05,0.0
rollmean2__peptide_std__P13611,4.695399164094545e-05,0.0
delta1__peptide_mean__P16870,4.695141631319009e-05,0.0
rollmean2__peptide_mean__P13611,4.6931101213309206e-05,0.0
lag1__peptide_mean__Q7Z5P9,4.690119331153922e-05,0.0
lag1__peptide_mean__Q14624,4.68640897420477e-05,0.0
delta1__peptide_mean__P07339,4.6799728129790745e-05,0.0
lag1__peptide_log__EILSVDC(UniMod_4)STNNPSQAK,4.676601279486991e-05,0.0
rollmean2__peptide_mean__O00391,4.672834476385983e-05,0.0
peptide_mean__P02647,4.671933676695447e-05,0.0
delta1__protein_npx__P01621,4.667898251405787e-05,0.0
delta1__protein_npx__Q99829,4.6668411556525724e-05,0.0
rollmean2__peptide_count__P17174,4.6660717484488194e-05,0.0
rollmean2__protein_npx__Q16270,4.658916118453323e-05,0.0
rollmean2__peptide_log__SFNRGEC(UniMod_4),4.656155627338313e-05,0.0
rollmean2__peptide_log__ILTC(UniMod_4)M(UniMod_35)QGMEEIR,4.653143704148889e-05,0.0
rollmean2__protein_npx__P09104,4.6526611744547334e-05,0.0
rollmean2__peptide_log__VDSGNDVTDIADDGC(UniMod_4)PKPPEIAHGYVEHSVR,4.6428532153282435e-05,0.0
rollmean2__peptide_log__EDSLEAGLPLQVR,4.6408319790649494e-05,0.0
delta1__peptide_std__P10645,4.6404178685582476e-05,0.0
peptide_count__P02647,4.6213645950778936e-05,0.0
lag1__peptide_std__P01857,4.621156471220306e-05,0.0
lag1__peptide_mean__P00748,4.619444080415657e-05,0.0
peptide_mean__P04217,4.6022364821271426e-05,0.0
rollmean2__peptide_std__P23142,4.597630816180039e-05,0.0
delta1__peptide_std__P01042,4.5858322085781e-05,0.0
peptide_count__P02768,4.5850533345374216e-05,0.0
delta1__protein_npx__Q562R1,4.5817833901946185e-05,0.0
rollmean2__peptide_mean__Q14508,4.580437583000014e-05,0.0
lag1__protein_npx__P07858,4.580123577031144e-05,0.0
lag1__peptide_log__C(UniMod_4)VDVDEC(UniMod_4)APPAEPC(UniMod_4)GK,4.575355364180744e-05,0.0
delta1__peptide_log__ADDKETC(UniMod_4)FAEEGK,4.574424929655524e-05,0.0
lag1__peptide_mean__P23083,4.574104111866775e-05,0.0
rollmean2__peptide_mean__Q12805,4.5725144870071506e-05,0.0
lag1__peptide_mean__P61626,4.571010421857902e-05,0.0
delta1__peptide_std__O00533,4.5632857886075824e-05,0.0
peptide_mean__P02760,4.5623813247419995e-05,0.0
delta1__protein_npx__P98160,4.561914334621663e-05,0.0
protein_npx__Q96KN2,4.55690018270415e-05,0.0
delta1__peptide_mean__P13611,4.546800457147711e-05,0.0
peptide_mean__O15394,4.5394636922064683e-05,0.0
rollmean2__peptide_std__P05156,4.5280863370973334e-05,0.0
rollmean2__peptide_log__LPPTSAHGNVAEGETKPDPDVTER,4.524127223042745e-05,0.0
rollmean2__peptide_count__P01009,4.5212985816909665e-05,0.0
slope1__peptide_log__FM(UniMod_35)ETVAEK,4.51723041261293e-05,0.0
lag1__peptide_mean__P61278,4.5163319776512013e-05,0.0
rollmean2__protein_npx__P01859,4.514769506809052e-05,0.0
lag1__protein_npx__P05452,4.5146759578108695e-05,0.0
rollmean2__peptide_mean__Q16610,4.51456754730835e-05,0.0
delta1__peptide_mean__P00746,4.5134231652858624e-05,0.0
rollmean2__protein_npx__P01876,4.512679327411861e-05,0.0
lag1__peptide_mean__P04180,4.5117069757654e-05,0.0
peptide_log__AYQGVAAPFPK,4.510115694861726e-05,0.0
slope1__protein_npx__Q14515,4.508505294802697e-05,0.0
rollmean2__peptide_log__HYTNPSQDVTVPC(UniMod_4)PVPPPPPC(UniMod_4)C(UniMod_4)HPR,4.501773183170562e-05,0.0
delta1__peptide_mean__Q02818,4.496711026682324e-05,0.0
rollmean2__peptide_count__P00751,4.491819328930483e-05,0.0
slope1__protein_npx__P07339,4.485811164780158e-05,0.0
protein_npx__P13987,4.479215453222052e-05,0.0
lag1__peptide_log__AATVGSLAGQPLQER,4.477958286027982e-05,0.0
delta1__protein_npx__P61626,4.477735601423477e-05,0.0
delta1__peptide_log__C(UniMod_4)KPVNTFVHEPLVDVQNVC(UniMod_4)FQEK,4.477262208628554e-05,0.0
rollmean2__peptide_log__RTPITVVK,4.476027236502241e-05,0.0
rollmean2__protein_npx__P02774,4.474815269917751e-05,0.0
peptide_log__LSNENHGIAQR,4.466405436608098e-05,0.0
rollmean2__peptide_std__P05090,4.465715073895586e-05,0.0
peptide_std__P14618,4.46380029546917e-05,0.0
lag1__peptide_mean__Q14118,4.4628659184453143e-05,0.0
peptide_mean__Q12805,4.443976055292689e-05,0.0
slope1__protein_npx__Q8N2S1,4.4419182084590315e-05,0.0
rollmean2__peptide_mean__P43652,4.4404147920572794e-05,0.0
delta1__protein_npx__P04211,4.436005771672765e-05,0.0
rollmean2__protein_npx__P07858,4.43363033294756e-05,0.0
delta1__peptide_std__P08603,4.4267564393357314e-05,0.0
lag1__protein_npx__P08697,4.4255046628635254e-05,0.0
rollmean2__peptide_std__P20774,4.4178171259851775e-05,0.0
lag1__protein_npx__P01859,4.417473156094044e-05,0.0
delta1__peptide_log__VYC(UniMod_4)DMNTENGGWTVIQNR,4.4099105010099546e-05,0.0
rollmean2__peptide_mean__P01008,4.4082964194605636e-05,0.0
delta1__peptide_std__Q9UHG2,4.404628158379115e-05,0.0
rollmean2__protein_npx__P20933,4.3987055209923104e-05,0.0
slope1__peptide_log__TPLGDTTHTC(UniMod_4)PR,4.398156347636197e-05,0.0
protein_npx__O14791,4.396357757976012e-05,0.0
protein_npx__P06727,4.39342651933401e-05,0.0
rollmean2__protein_npx__P00748,4.3808672861879344e-05,0.0
slope1__peptide_log__EDSLEAGLPLQVR,4.3799947658547214e-05,0.0
missing__peptide_mean__O75326,4.379273472133389e-05,0.0
lag1__peptide_log__VTSIQDWVQK,4.377334736572336e-05,0.0
rollmean2__peptide_std__P02765,4.369439388320712e-05,0.0
slope1__peptide_log__FNKPFVFLM(UniMod_35)IEQNTK,4.361755331805365e-05,0.0
rollmean2__protein_npx__P01019,4.3602990137947354e-05,0.0
delta1__peptide_mean__P10451,4.360104657227033e-05,0.0
slope1__peptide_log__VQPYLDDFQKK,4.3566179572651395e-05,0.0
delta1__peptide_log__TTPPVLDSDGSFFLYSR,4.3507054662654776e-05,0.0
peptide_std__P02652,4.347443343611901e-05,0.0
peptide_std__P19652,4.34459282461668e-05,0.0
delta1__peptide_std__P00747,4.3413443916124155e-05,0.0
delta1__peptide_std__Q6UXB8,4.3377219898038616e-05,0.0
slope1__peptide_std__P05067,4.3341622577458964e-05,0.0
delta1__peptide_std__P01023,4.3313118596887895e-05,0.0
peptide_log__QWAGLVEK,4.330904774927019e-05,0.0
protein_npx__P04156,4.3277069015820706e-05,0.0
slope1__peptide_log__VTSIQDWVQK,4.322240014951868e-05,0.0
delta1__peptide_mean__O00533,4.321111848872171e-05,0.0
delta1__peptide_mean__Q15904,4.3182745314088754e-05,0.0
missing__peptide_count__Q99832,4.314860536442316e-05,0.0
peptide_log__TTPPVLDSDGSFFLYSR,4.3045561270492714e-05,0.0
delta1__peptide_mean__P10909,4.3017514873863025e-05,0.0
delta1__peptide_mean__P01042,4.299606019827744e-05,0.0
slope1__peptide_log__TLLSNLEEAKK,4.297890057483308e-05,0.0
delta1__peptide_mean__P04207,4.279518292184419e-05,0.0
protein_npx__Q99683,4.2744697715540165e-05,0.0
slope1__protein_npx__Q96KN2,4.267694825685914e-05,0.0
peptide_log__QQETAAAETETR,4.266879646551442e-05,0.0
protein_npx__P61769,4.261159629410971e-05,0.0
peptide_mean__Q9NYU2,4.2540685539412844e-05,0.0
lag1__peptide_mean__Q9NQ79,4.252217960021807e-05,0.0
peptide_std__P02452,4.2498978616424874e-05,0.0
lag1__protein_npx__P02753,4.241004772185433e-05,0.0
delta1__peptide_mean__Q9BY67,4.238445269657899e-05,0.0
lag1__peptide_log__C(UniMod_4)TSTGWIPAPR,4.2333130742416875e-05,0.0
protein_npx__P04275,4.229862697285885e-05,0.0
delta1__peptide_log__LGPLVEQGRVR,4.2254553503021065e-05,0.0
rollmean2__peptide_count__P10645,4.2229134046660536e-05,0.0
slope1__peptide_log__KQELSEAEQATR,4.221338457053656e-05,0.0
lag1__peptide_std__P02753,4.221120908564739e-05,0.0
slope1__peptide_log__LGPLVEQGRVR,4.220874911430555e-05,0.0
lag1__peptide_mean__P05090,4.220664955283122e-05,0.0
rollmean2__peptide_mean__P23142,4.213428617530843e-05,0.0
rollmean2__protein_npx__P08253,4.211751697777726e-05,0.0
slope1__peptide_std__P19823,4.2070725854741745e-05,0.0
delta1__peptide_mean__P01033,4.206076324571816e-05,0.0
protein_npx__P00441,4.2006786055690086e-05,0.0
rollmean2__peptide_mean__P24592,4.200604339534137e-05,0.0
protein_npx__P02766,4.196201356678524e-05,0.0
protein_npx__Q14118,4.192333993241168e-05,0.0
rollmean2__peptide_log__LGADMEDVC(UniMod_4)GR,4.184704630115537e-05,0.0
slope1__peptide_std__P61769,4.184672439035736e-05,0.0
peptide_log__FNKPFVFLM(UniMod_35)IEQNTK,4.17825165293351e-05,0.0
rollmean2__peptide_std__P07998,4.175694983863724e-05,0.0
delta1__protein_npx__P10909,4.1747726578626913e-05,0.0
delta1__peptide_log__VDNALQSGNSQESVTEQDSKDSTYSLSSTLTLSK,4.1722364397902706e-05,0.0
rollmean2__protein_npx__P08603,4.171596731769111e-05,0.0
delta1__peptide_mean__P01011,4.164538341113955e-05,0.0
lag1__peptide_std__P00738,4.1608423098300934e-05,0.0
slope1__peptide_mean__Q9HDC9,4.142603393006208e-05,0.0
lag1__peptide_log__C(UniMod_4)KPVNTFVHEPLVDVQNVC(UniMod_4)FQEK,4.1272216544600834e-05,0.0
delta1__peptide_mean__P08493,4.125782588312574e-05,0.0
lag1__peptide_std__P05067,4.124287513282028e-05,0.0
delta1__peptide_mean__P10645,4.123395821535251e-05,0.0
rollmean2__protein_npx__P01024,4.118217935885458e-05,0.0
slope1__peptide_mean__P61626,4.1172621462396584e-05,0.0
lag1__peptide_std__P10643,4.114001451516509e-05,0.0
protein_npx__P02647,4.1130855017667704e-05,0.0
rollmean2__peptide_mean__P02765,4.1127878830050265e-05,0.0
peptide_log__LGADMEDVC(UniMod_4)GR,4.1112535235481135e-05,0.0
delta1__protein_npx__P00751,4.111209598570409e-05,0.0
protein_npx__P01594,4.0998298217309147e-05,0.0
peptide_std__P01009,4.0987105444584324e-05,0.0
slope1__peptide_std__P24592,4.094769249998085e-05,0.0
rollmean2__peptide_log__SC(UniMod_4)DTPPPC(UniMod_4)PR,4.090329783599111e-05,0.0
rollmean2__peptide_mean__P36980,4.087321351441099e-05,0.0
delta1__peptide_log__VQPYLDDFQKK,4.087194489641176e-05,0.0
peptide_mean__P01023,4.0848977718611035e-05,0.0
peptide_mean__P02452,4.0824494869129894e-05,0.0
slope1__peptide_mean__P08697,4.0765035582164094e-05,0.0
peptide_mean__P12109,4.070468234018101e-05,0.0
rollmean2__peptide_std__P05155,4.062966299293157e-05,0.0
delta1__protein_npx__Q96KN2,4.062328893614664e-05,0.0
lag1__peptide_mean__P00738,4.05851459871028e-05,0.0
peptide_std__P02749,4.056226219256965e-05,0.0
protein_npx__Q9UBX5,4.0520793741034933e-05,0.0
rollmean2__peptide_mean__Q8N2S1,4.0509096778910475e-05,0.0
peptide_mean__P61769,4.050702532931749e-05,0.0
rollmean2__peptide_mean__P10645,4.050112994914557e-05,0.0
slope1__protein_npx__P55290,4.049412485186596e-05,0.0
slope1__peptide_std__O15240,4.047765318266797e-05,0.0
rollmean2__peptide_missing_fraction,4.0457851273118784e-05,0.0
delta1__peptide_std__Q14118,4.040768115507573e-05,0.0
rollmean2__peptide_std__P02647,4.0351178890446585e-05,0.0
slope1__protein_npx__P06454,4.033675085506146e-05,0.0
lag1__peptide_std__P41222,4.0271981550487795e-05,0.0
rollmean2__peptide_mean__P02652,4.023015758723521e-05,0.0
lag1__peptide_std__Q96PD5,4.019620749565288e-05,0.0
rollmean2__peptide_log__GC(UniMod_4)PTEEGC(UniMod_4)GER,3.999691030873373e-05,0.0
rollmean2__peptide_std__P27169,3.995397115966406e-05,0.0
lag1__protein_npx__Q9UNU6,3.9937638726574595e-05,0.0
slope1__peptide_mean__P02679,3.993008791865917e-05,0.0
peptide_mean__Q99683,3.992998665689947e-05,0.0
lag1__peptide_std__P01859,3.9873615738507195e-05,0.0
rollmean2__protein_npx__P01860,3.970801666797151e-05,0.0
rollmean2__peptide_std__P36955,3.9693882487482213e-05,0.0
rollmean2__peptide_mean__P02751,3.968969933722537e-05,0.0
lag1__peptide_std__P04433,3.967762708703287e-05,0.0
rollmean2__peptide_abundance_min,3.967321359512848e-05,0.0
slope1__peptide_log__C(UniMod_4)KPVNTFVHEPLVDVQNVC(UniMod_4)FQEK,3.959643848018124e-05,0.0
slope1__peptide_mean__P00738,3.95551099747727e-05,0.0
lag1__peptide_std__Q96KN2,3.955045987792399e-05,0.0
rollmean2__peptide_log__ANRPFLVFIR,3.9542248078744696e-05,0.0
peptide_mean__P01861,3.951684158239297e-05,0.0
protein_npx__P13591,3.9405790623896186e-05,0.0
lag1__peptide_log__AYKSELEEQLTPVAEETR,3.940515356622373e-05,0.0
rollmean2__protein_npx__Q8NE71,3.9399048604503025e-05,0.0
peptide_mean__P04433,3.9360902721826526e-05,0.0
slope1__peptide_mean__P06396,3.926523886773755e-05,0.0
rollmean2__peptide_log__YVMLPVADQDQC(UniMod_4)IR,3.92647801699391e-05,0.0
slope1__peptide_mean__Q13283,3.9236034665080324e-05,0.0
delta1__peptide_mean__P02649,3.9196139079497826e-05,0.0
delta1__peptide_mean__P61278,3.9168582478331886e-05,0.0
rollmean2__peptide_log__VKDLATVYVDVLK,3.911715906281328e-05,0.0
rollmean2__peptide_log__NFPPSQDASGDLYTTSSQLTLPATQC(UniMod_4)LAGK,3.909493246347092e-05,0.0
rollmean2__peptide_log__C(UniMod_4)DSSPDSAEDVRK,3.90784095802649e-05,0.0
protein_npx__P07711,3.906851919070865e-05,0.0
rollmean2__peptide_mean__Q02818,3.900752061725773e-05,0.0
delta1__protein_npx__P11277,3.899045151086919e-05,0.0
slope1__peptide_log__HYDGSYSTFGER,3.892200199343538e-05,0.0
delta1__peptide_log__C(UniMod_4)VDVDEC(UniMod_4)APPAEPC(UniMod_4)GK,3.891357212994034e-05,0.0
rollmean2__peptide_log__QQETAAAETETR,3.890184369906633e-05,0.0
delta1__protein_npx__P01877,3.883516096464403e-05,0.0
delta1__protein_npx__P16870,3.8821831162936755e-05,0.0
peptide_mean__O14773,3.879008032254886e-05,0.0
protein_npx__P01717,3.878917701529321e-05,0.0
peptide_std__P05156,3.8774217312290265e-05,0.0
peptide_mean__O43505,3.8754535402616565e-05,0.0
peptide_log__LRTEGDGVYTLNNEK,3.875172435191571e-05,0.0
peptide_count__P02765,3.8625573756951635e-05,0.0
peptide_std__P05155,3.860501487955297e-05,0.0
delta1__peptide_std__P04433,3.8581083832192946e-05,0.0
slope1__peptide_log__LGQSLDC(UniMod_4)NAEVYVVPWEK,3.857171321820649e-05,0.0
lag1__protein_npx__P01591,3.8549348136518995e-05,0.0
delta1__peptide_mean__O75144,3.8521897962895053e-05,0.0
slope1__protein_npx__P01833,3.847700504550588e-05,0.0
rollmean2__peptide_mean__P01861,3.847219390542069e-05,0.0
slope1__peptide_std__P05452,3.846045150841662e-05,0.0
rollmean2__peptide_mean__P30086,3.842732402008146e-05,0.0
rollmean2__peptide_count__P08603,3.8389130167226025e-05,0.0
delta1__peptide_std__P02675,3.836377526666162e-05,0.0
rollmean2__peptide_log__SELEEQLTPVAEETR,3.830216903969326e-05,0.0
peptide_mean__P36980,3.8227783891056726e-05,0.0
lag1__peptide_mean__P02760,3.818384360189468e-05,0.0
rollmean2__peptide_mean__P01033,3.8153481824201955e-05,0.0
rollmean2__peptide_log__AYQGVAAPFPK,3.8140884975168116e-05,0.0
delta1__peptide_mean__P04216,3.81263039024411e-05,0.0
slope1__peptide_std__P08294,3.810019486214855e-05,0.0
protein_npx__P02675,3.8086473098692926e-05,0.0
slope1__peptide_log__C(UniMod_4)REILSVDC(UniMod_4)STNNPSQAK,3.806847401256754e-05,0.0
lag1__peptide_std__P54289,3.80588834713614e-05,0.0
lag1__peptide_std__Q08380,3.8036434141462146e-05,0.0
lag1__peptide_std__O15394,3.7945906880361486e-05,0.0
rollmean2__peptide_std__P01008,3.7928439339516935e-05,0.0
rollmean2__peptide_count__P04196,3.7904893679883536e-05,0.0
rollmean2__current_medication_unknown,3.784630249956047e-05,0.0
peptide_count__P05156,3.7797644071902403e-05,0.0
peptide_log__LVGGPM(UniMod_35)DASVEEEGVRR,3.7739429376650546e-05,0.0
delta1__peptide_mean__P06396,3.772006513606221e-05,0.0
slope1__protein_npx__P16152,3.765962178678642e-05,0.0
delta1__peptide_mean__P04275,3.7630369951014265e-05,0.0
lag1__peptide_mean__P04004,3.759225172069158e-05,0.0
missing__peptide_std__P43121,3.755855013298523e-05,0.0
peptide_mean__P30086,3.749984491924637e-05,0.0
slope1__protein_npx__P00751,3.747898530593587e-05,0.0
protein_npx__Q14515,3.7462943775881036e-05,0.0
lag1__peptide_mean__P00746,3.745264614358638e-05,0.0
delta1__protein_npx__P41222,3.743959853418967e-05,0.0
peptide_std__P07339,3.7318774231597064e-05,0.0
rollmean2__peptide_log__LSKELQAAQAR,3.7255679102250327e-05,0.0
peptide_log__VLLDQLR,3.724859409166796e-05,0.0
peptide_mean__P05090,3.7185539874918436e-05,0.0
lag1__peptide_mean__O43505,3.715096766877685e-05,0.0
protein_npx__P05090,3.7121381340559505e-05,0.0
rollmean2__peptide_log__VLLDQLR,3.707148066992181e-05,0.0
rollmean2__peptide_mean__Q9UNU6,3.704447698501004e-05,0.0
delta1__protein_npx__O14791,3.698388889716906e-05,0.0
rollmean2__peptide_count__P02787,3.696695720209558e-05,0.0
lag1__peptide_std__O15240,3.692968385522831e-05,0.0
slope1__peptide_std__P51884,3.69096816746473e-05,0.0
rollmean2__peptide_count__P01023,3.6902797727639235e-05,0.0
peptide_log__GSPAINVAVHVFRK,3.686253232474606e-05,0.0
rollmean2__peptide_mean__P02655,3.6844665858770006e-05,0.0
peptide_std__P00441,3.6831326268515894e-05,0.0
lag1__peptide_log__ELSSFIDKGQELC(UniMod_4)ADYSENTFTEYK,3.682588262361624e-05,0.0
slope1__protein_npx__Q16270,3.6813144050623516e-05,0.0
rollmean2__peptide_mean__P01877,3.676339835255177e-05,0.0
slope1__protein_npx__P02763,3.6724605432405736e-05,0.0
delta1__peptide_mean__P09871,3.6703791229472895e-05,0.0
lag1__protein_npx__P02679,3.664751406209892e-05,0.0
delta1__peptide_mean__P13987,3.664227613997417e-05,0.0
lag1__protein_npx__Q9Y6R7,3.6570564585587595e-05,0.0
delta1__peptide_std__P07602,3.655554918512725e-05,0.0
rollmean2__protein_npx__P05090,3.651283581961349e-05,0.0
protein_npx__P04433,3.648929465562659e-05,0.0
delta1__protein_npx__P01344,3.646641065404912e-05,0.0
lag1__protein_npx__P01876,3.6431315323976745e-05,0.0
protein_npx__P00747,3.641589651379947e-05,0.0
peptide_mean__P08637,3.640502323289517e-05,0.0
delta1__peptide_mean__P08637,3.637376699592573e-05,0.0
slope1__protein_npx__P11277,3.637345769963349e-05,0.0
peptide_mean__P01024,3.6319604172817504e-05,0.0
lag1__peptide_mean__Q96PD5,3.6257540858071324e-05,0.0
lag1__protein_npx__P02671,3.624811389012439e-05,0.0
rollmean2__protein_npx__P02765,3.624145975741655e-05,0.0
slope1__peptide_count__P04004,3.6217972452241036e-05,0.0
rollmean2__peptide_mean__P01833,3.6189328453164517e-05,0.0
peptide_log__GEVQAMLGQSTEELR,3.6144932481845576e-05,0.0
peptide_mean__P24592,3.6139789052837596e-05,0.0
lag1__peptide_observation_count,3.610658931379961e-05,0.0
protein_npx__P08637,3.608175588637934e-05,0.0
rollmean2__protein_npx__O00584,3.606571804301625e-05,0.0
rollmean2__peptide_log__DASGVTFTWTPSSGK,3.6034977366385084e-05,0.0
slope1__peptide_log__QWAGLVEK,3.6009910357688207e-05,0.0
slope1__peptide_count__P19652,3.594213335166875e-05,0.0
rollmean2__protein_npx__Q12841,3.593807385766597e-05,0.0
lag1__protein_npx__P01717,3.5933656380885384e-05,0.0
peptide_std__Q16610,3.59310373478554e-05,0.0
slope1__protein_npx__P10645,3.5900573636534085e-05,0.0
peptide_mean__P01019,3.585704058718982e-05,0.0
delta1__peptide_log__TQVNTQAEQLRR,3.581188680479982e-05,0.0
rollmean2__peptide_log__AYKSELEEQLTPVAEETR,3.5737136408771994e-05,0.0
slope1__peptide_mean__P04217,3.5718368240420855e-05,0.0
slope1__peptide_mean__P02766,3.5702568423899026e-05,0.0
peptide_mean__P16070,3.568965124362819e-05,0.0
peptide_mean__P04004,3.5665419759539354e-05,0.0
rollmean2__peptide_std__P06681,3.56417176814268e-05,0.0
lag1__protein_npx__Q8IWV7,3.559380285660248e-05,0.0
rollmean2__peptide_std__P36222,3.5578419199508416e-05,0.0
lag1__protein_npx__P30086,3.5540517749447504e-05,0.0
peptide_log__SPVGVQPILNEHTFC(UniMod_4)AGMSK,3.553814428956856e-05,0.0
rollmean2__peptide_mean__P05452,3.552290109850046e-05,0.0
lag1__peptide_mean__P01859,3.5500078579990295e-05,0.0
delta1__protein_npx__P04075,3.5498756961897594e-05,0.0
slope1__peptide_std__Q9UHG2,3.549855754522559e-05,0.0
protein_npx__Q13740,3.547980333208105e-05,0.0
slope1__peptide_mean__P08294,3.538011562042126e-05,0.0
rollmean2__peptide_mean__P27169,3.53784300093009e-05,0.0
delta1__protein_npx__P07225,3.528644162441352e-05,0.0
peptide_mean__P02792,3.528504052832484e-05,0.0
rollmean2__peptide_std__P01009,3.5258929785124585e-05,0.0
slope1__protein_npx__Q14624,3.525538833528267e-05,0.0
peptide_std__P01019,3.5249718366115285e-05,0.0
rollmean2__peptide_std__O15394,3.523645319609476e-05,0.0
lag1__peptide_log__TLLSNLEEAKK,3.5191830144677374e-05,0.0
slope1__protein_npx__Q14118,3.516901961393323e-05,0.0
peptide_mean__P27169,3.516538354595815e-05,0.0
delta1__peptide_log__C(UniMod_4)REILSVDC(UniMod_4)STNNPSQAK,3.516528338274021e-05,0.0
slope1__protein_npx__Q9NQ79,3.511739034920483e-05,0.0
protein_npx__P02768,3.506091359582206e-05,0.0
lag1__peptide_std__O00533,3.4991078204625844e-05,0.0
rollmean2__protein_npx__P60174,3.4960437687913186e-05,0.0
lag1__peptide_mean__Q92823,3.492914128663571e-05,0.0
peptide_mean__O15240,3.492381903604644e-05,0.0
peptide_std__P02765,3.4905531647315485e-05,0.0
delta1__protein_npx__P35542,3.489556424393561e-05,0.0
rollmean2__peptide_mean__P06310,3.484719394306773e-05,0.0
delta1__peptide_log__LGQSLDC(UniMod_4)NAEVYVVPWEK,3.484585893937969e-05,0.0
slope1__protein_npx__O15240,3.483449487282202e-05,0.0
slope1__peptide_log__TVVQPSVGAAAGPVVPPC(UniMod_4)PGR,3.48017320528137e-05,0.0
lag1__peptide_log__TQVNTQAEQLRR,3.478083642182783e-05,0.0
slope1__peptide_mean__P02656,3.472121675577995e-05,0.0
delta1__peptide_mean__P04075,3.4675325107927744e-05,0.0
slope1__peptide_log__LC(UniMod_4)MGSGLNLC(UniMod_4)EPNNKEGYYGYTGAFR,3.46730943297314e-05,0.0
lag1__protein_npx__P02774,3.4580573462726264e-05,0.0
peptide_std__P13591,3.455123090947371e-05,0.0
peptide_mean__Q9HDC9,3.454900869692511e-05,0.0
delta1__peptide_log__QWAGLVEK,3.4537149174547035e-05,0.0
rollmean2__peptide_count__P02452,3.453447383370949e-05,0.0
lag1__peptide_log__TPLGDTTHTC(UniMod_4)PR,3.4473257596973056e-05,0.0
protein_npx__Q9NYU2,3.439877013940429e-05,0.0
lag1__peptide_log__C(UniMod_4)RDQLPYIC(UniMod_4)QFGIV,3.438356526554393e-05,0.0
rollmean2__peptide_mean__P01009,3.433940914168787e-05,0.0
peptide_feature_count,3.430965822474881e-05,0.0
lag1__peptide_std__P02649,3.427912909061302e-05,0.0
rollmean2__peptide_log__SWFEPLVEDM(UniMod_35)QR,3.425986153778425e-05,0.0
protein_npx__P08253,3.4259470067114585e-05,0.0
slope1__protein_npx__P00441,3.423568509085453e-05,0.0
slope1__peptide_std__Q14624,3.423489575504449e-05,0.0
peptide_mean__Q13449,3.422516299873751e-05,0.0
lag1__protein_npx__Q96PD5,3.419768866445473e-05,0.0
rollmean2__peptide_log__LRTEGDGVYTLNNEKQWINK,3.4166790015467085e-05,0.0
delta1__peptide_mean__Q16270,3.4140785765462024e-05,0.0
rollmean2__protein_npx__Q99832,3.4110172819629684e-05,0.0
lag1__peptide_mean__Q9Y646,3.4106158590486055e-05,0.0
protein_npx__P36980,3.401719361785214e-05,0.0
lag1__peptide_mean__P01011,3.3904248431190644e-05,0.0
peptide_std__P06396,3.389226470143615e-05,0.0
peptide_mean__P01876,3.37564592210236e-05,0.0
lag1__peptide_log__TPVSDRVTK,3.372149436970722e-05,0.0
delta1__peptide_mean__P04004,3.371619755319792e-05,0.0
peptide_std__P05067,3.370884955132441e-05,0.0
lag1__peptide_count__P19823,3.361265474002188e-05,0.0
rollmean2__peptide_log__LQAEAFQAR,3.3528044495854255e-05,0.0
peptide_log__LDEVKEQVAEVR,3.348006304368509e-05,0.0
delta1__peptide_std__Q12907,3.3456884530152044e-05,0.0
rollmean2__peptide_mean__O00533,3.3450229453518475e-05,0.0
lag1__peptide_mean__P43121,3.340706969281801e-05,0.0
slope1__peptide_log__AKLEEQAQQIR,3.335453529612814e-05,0.0
peptide_log__SFNRGEC(UniMod_4),3.328018598278515e-05,0.0
rollmean2__peptide_count__Q9UHG2,3.3185644228096753e-05,0.0
peptide_mean__P13671,3.3162017709098265e-05,0.0
protein_npx__Q9Y646,3.314603026895546e-05,0.0
slope1__peptide_log__RGYQLSDVDGVTC(UniMod_4)EDIDEC(UniMod_4)ALPTGGHIC(UniMod_4)SYR,3.314165490799745e-05,0.0
protein_npx__Q06481,3.3129578144539195e-05,0.0
protein_npx__P10645,3.3127935444384656e-05,0.0
rollmean2__peptide_log__QNC(UniMod_4)ELFEQLGEYK,3.3120470620649494e-05,0.0
rollmean2__peptide_std__P02671,3.307761809014496e-05,0.0
slope1__protein_npx__P10643,3.3077594363899435e-05,0.0
rollmean2__peptide_std__P54289,3.3042739236975154e-05,0.0
lag1__peptide_log__LSNENHGIAQR,3.300432840195811e-05,0.0
lag1__peptide_log__MYYSAVDPTKDIFTGLIGPM(UniMod_35)K,3.289651122998153e-05,0.0
lag1__peptide_std__P02787,3.2880798669520625e-05,0.0
slope1__peptide_log__YVM(UniMod_35)LPVADQDQC(UniMod_4)IR,3.287434699249053e-05,0.0
peptide_log__VDSGNDVTDIADDGC(UniMod_4)PKPPEIAHGYVEHSVR,3.285405247477237e-05,0.0
slope1__peptide_count__P01023,3.285081291074597e-05,0.0
peptide_mean__Q13332,3.2845907937512406e-05,0.0
slope1__protein_npx__P04406,3.2804237977942683e-05,0.0
slope1__peptide_std__P02656,3.276548890876331e-05,0.0
slope1__peptide_count__Q9Y6R7,3.2723443569433007e-05,0.0
slope1__protein_npx__P04433,3.271491277752252e-05,0.0
lag1__peptide_std__P02766,3.268248815593784e-05,0.0
delta1__peptide_log__YVM(UniMod_35)LPVADQDQC(UniMod_4)IR,3.26680673253521e-05,0.0
delta1__peptide_log__ATVNPSAPR,3.262698890162723e-05,0.0
delta1__peptide_mean__P02652,3.262242893910035e-05,0.0
lag1__protein_npx__P02652,3.2559455924450026e-05,0.0
slope1__protein_npx__P02679,3.254510252685183e-05,0.0
lag1__peptide_log__SC(UniMod_4)DTPPPC(UniMod_4)PR,3.2525431191641594e-05,0.0
slope1__peptide_log__MTVTDQVNC(UniMod_4)PK,3.251563483526376e-05,0.0
rollmean2__peptide_mean__Q6UXB8,3.2515260828592e-05,0.0
delta1__protein_npx__P00441,3.251421681903849e-05,0.0
delta1__peptide_count__P01019,3.244626357407378e-05,0.0
peptide_std__P01859,3.242406940314855e-05,0.0
protein_npx__P11277,3.24122367065574e-05,0.0
slope1__peptide_mean__O14773,3.238956954903763e-05,0.0
slope1__peptide_count__P05067,3.236326769809443e-05,0.0
delta1__peptide_mean__Q14508,3.2333402295443896e-05,0.0
slope1__peptide_std__P00746,3.23235791236217e-05,0.0
delta1__protein_npx__P19823,3.230998879381079e-05,0.0
rollmean2__peptide_log__FNKPFVFLM(UniMod_35)IEQNTK,3.228390868711831e-05,0.0
rollmean2__protein_npx__P01031,3.2237796500981696e-05,0.0
peptide_mean__P08697,3.220584835963396e-05,0.0
delta1__peptide_log__LRTEGDGVYTLNNEKQWINK,3.217228479797711e-05,0.0
peptide_std__P05546,3.217182906563952e-05,0.0
slope1__peptide_log__SELEEQLTPVAEETR,3.215205302414226e-05,0.0
delta1__peptide_std__P10909,3.2149171307592935e-05,0.0
delta1__peptide_observation_count,3.214384917531768e-05,0.0
lag1__peptide_mean__P14618,3.2142764969062126e-05,0.0
delta1__protein_npx__Q12841,3.20987747292876e-05,0.0
rollmean2__peptide_log__VTSIQDWVQK,3.208848246295143e-05,0.0
slope1__peptide_mean__O14498,3.208255162469374e-05,0.0
delta1__peptide_std__Q08380,3.2032524109142744e-05,0.0
protein_npx__O14773,3.2008165596522323e-05,0.0
slope1__protein_npx__P13611,3.2007709412768974e-05,0.0
rollmean2__protein_npx__P00441,3.1984395502624036e-05,0.0
delta1__peptide_mean__P02749,3.1962794982819026e-05,0.0
rollmean2__peptide_mean__P07339,3.1958271750915866e-05,0.0
rollmean2__protein_npx__P36955,3.1948411604226735e-05,0.0
lag1__peptide_log__LGPLVEQGRVR,3.194808224928249e-05,0.0
delta1__peptide_count__P02452,3.1940253546785295e-05,0.0
rollmean2__peptide_mean__P02452,3.191797251049223e-05,0.0
peptide_mean__Q99674,3.190037620989891e-05,0.0
rollmean2__peptide_log__LDEVKEQVAEVR,3.1886685741910554e-05,0.0
protein_npx__Q9BY67,3.1882423218663827e-05,0.0
delta1__peptide_log__VKDLATVYVDVLK,3.18077465556477e-05,0.0
slope1__protein_npx__Q7Z5P9,3.178012827532422e-05,0.0
peptide_mean__Q14515,3.172961927869906e-05,0.0
slope1__protein_npx__P54289,3.17248353571192e-05,0.0
slope1__peptide_mean__P11277,3.1692339912991296e-05,0.0
missing__peptide_log__LFDSDPITVTVPVEVSR,3.166050721242814e-05,0.0
slope1__peptide_log__ADDKETC(UniMod_4)FAEEGK,3.163086948633411e-05,0.0
current_medication_unknown,3.161843527252483e-05,0.0
slope1__peptide_log__SC(UniMod_4)SPELQQK,3.158423732187109e-05,0.0
peptide_log__C(UniMod_4)REILSVDC(UniMod_4)STNNPSQAK,3.151018531589325e-05,0.0
delta1__peptide_mean__Q14624,3.1509600372336006e-05,0.0
delta1__peptide_std__Q16270,3.148855997623707e-05,0.0
rollmean2__protein_npx__P08123,3.14585039930907e-05,0.0
protein_npx__P04004,3.142916432038237e-05,0.0
slope1__protein_npx__P06727,3.1424302673425036e-05,0.0
lag1__peptide_std__P01042,3.137994637962016e-05,0.0
delta1__peptide_count__Q96PD5,3.136398341489627e-05,0.0
delta1__protein_npx__Q9BY67,3.135510468787748e-05,0.0
delta1__protein_npx__Q99832,3.135322784185067e-05,0.0
rollmean2__peptide_mean__P04207,3.126843358255433e-05,0.0
delta1__peptide_log__YYWGGQYTWDMAK,3.1253526698144206e-05,0.0
peptide_count__P19823,3.114999058703824e-05,0.0
lag1__peptide_mean__Q9HDC9,3.110510726045735e-05,0.0
peptide_mean__Q16610,3.105323406243683e-05,0.0
delta1__peptide_mean__P05452,3.104802539515296e-05,0.0
slope1__peptide_mean__P30086,3.102362661438444e-05,0.0
rollmean2__protein_npx__P16070,3.100179157097258e-05,0.0
rollmean2__peptide_mean__O75326,3.0864010027150566e-05,0.0
rollmean2__peptide_count__P09871,3.086252163554335e-05,0.0
rollmean2__peptide_std__P02790,3.0836946621261426e-05,0.0
slope1__peptide_log__ELDESLQVAER,3.082312084714855e-05,0.0
peptide_mean__P01594,3.080138507947012e-05,0.0
rollmean2__peptide_mean__P55290,3.078728688033713e-05,0.0
delta1__peptide_mean__Q99832,3.0739390369239224e-05,0.0
rollmean2__peptide_mean__P61626,3.0736219701634515e-05,0.0
delta1__peptide_mean__P23083,3.0714363276533764e-05,0.0
lag1__peptide_log__AKLEEQAQQIR,3.067083699743674e-05,0.0
slope1__protein_npx__Q96PD5,3.065497930292787e-05,0.0
rollmean2__peptide_mean__Q13740,3.065128260521434e-05,0.0
slope1__peptide_mean__P39060,3.062467304557644e-05,0.0
rollmean2__peptide_std__P08697,3.060642967719996e-05,0.0
lag1__peptide_std__P04196,3.057508686626957e-05,0.0
missing__protein_npx__Q6UXD5,3.050635397935323e-05,0.0
delta1__protein_npx__P01857,3.04650632565598e-05,0.0
lag1__peptide_mean__P02774,3.0448528488004726e-05,0.0
delta1__peptide_std__P00736,3.0432400806973632e-05,0.0
delta1__peptide_std__P16035,3.0427667948167868e-05,0.0
peptide_std__P16870,3.0396646783474697e-05,0.0
peptide_count__P02790,3.037967072739172e-05,0.0
lag1__peptide_log__C(UniMod_4)DSSPDSAEDVRK,3.0353550072358708e-05,0.0
lag1__protein_npx__P23083,3.031345552303438e-05,0.0
lag1__protein_npx__P13671,3.0297290318699777e-05,0.0
lag1__protein_npx__P24592,3.0266581284092215e-05,0.0
delta1__protein_npx__P02649,3.0232078262877066e-05,0.0
peptide_log__C(UniMod_4)IIEVLSNALSK,3.0207044732367005e-05,0.0
protein_npx__P02787,3.020187114653567e-05,0.0
peptide_log__SLAELGGHLDQQVEEFRR,3.0193248251894604e-05,0.0
protein_npx__P01621,3.0154728059698324e-05,0.0
rollmean2__peptide_count__P61769,3.0153662880168512e-05,0.0
peptide_std__P41222,3.013163076404374e-05,0.0
peptide_std__P07711,3.0097457746964922e-05,0.0
delta1__peptide_log__LGPLVEQGR,3.009599247387011e-05,0.0
rollmean2__protein_npx__Q9UBX5,3.0044602946227857e-05,0.0
peptide_mean__O14791,2.9992285192225006e-05,0.0
lag1__peptide_std__Q16610,2.9969838334908706e-05,0.0
rollmean2__peptide_log__GEVQAMLGQSTEELRVR,2.9943919588616143e-05,0.0
delta1__protein_npx__Q99969,2.9939133403830675e-05,0.0
delta1__peptide_log__ILTC(UniMod_4)M(UniMod_35)QGMEEIR,2.990172927577112e-05,0.0
peptide_mean__P80748,2.9895287873766286e-05,0.0
rollmean2__protein_npx__Q9NQ79,2.9889965619012584e-05,0.0
lag1__protein_npx__P00441,2.9830908724713805e-05,0.0
lag1__protein_npx__O15394,2.975185140971703e-05,0.0
protein_npx__P13473,2.9705917116671503e-05,0.0
lag1__peptide_log__LFDSDPITVTVPVEVSR,2.9693727049441995e-05,0.0
months_since_baseline,2.963821314595395e-05,0.0
peptide_count__P10643,2.9604013636206666e-05,0.0
rollmean2__peptide_log__VYC(UniMod_4)DMNTENGGWTVIQNR,2.959859238755091e-05,0.0
lag1__peptide_std__P00746,2.9570941294210508e-05,0.0
peptide_count__P01009,2.9568616885468166e-05,0.0
protein_npx__P09104,2.9529552969463667e-05,0.0
rollmean2__peptide_mean__P36222,2.9484342407348495e-05,0.0
peptide_log__C(UniMod_4)VDVDEC(UniMod_4)APPAEPC(UniMod_4)GK,2.9465844426441053e-05,0.0
rollmean2__peptide_mean__P07711,2.9435014208050655e-05,0.0
slope1__peptide_std__Q92520,2.9378739818136517e-05,0.0
lag1__peptide_std__Q92520,2.9362534702000444e-05,0.0
rollmean2__peptide_mean__P02766,2.9358478165028242e-05,0.0
lag1__peptide_mean__P01344,2.9358117971109673e-05,0.0
lag1__protein_npx__P04156,2.9357140319835714e-05,0.0
delta1__peptide_std__P05090,2.935518662833519e-05,0.0
lag1__protein_npx__P00746,2.9354959721863443e-05,0.0
slope1__peptide_log__LGADMEDVC(UniMod_4)GR,2.9344505398288546e-05,0.0
lag1__peptide_mean__P05067,2.9330003435557782e-05,0.0
peptide_mean__P16035,2.9317896358930447e-05,0.0
missing__peptide_log__AVGDKLPEC(UniMod_4)EADDGC(UniMod_4)PKPPEIAHGYVEHSVR,2.931385740233867e-05,0.0
rollmean2__peptide_mean__P05067,2.9303949229971935e-05,0.0
rollmean2__peptide_count__P02671,2.924020760382628e-05,0.0
lag1__protein_npx__P02675,2.9240029107315467e-05,0.0
slope1__peptide_mean__P10909,2.923885789682817e-05,0.0
lag1__protein_npx__P02649,2.918942735422336e-05,0.0
slope1__peptide_log__SC(UniMod_4)DTPPPC(UniMod_4)PR,2.915716691443303e-05,0.0
delta1__peptide_log__DLATVYVDVLK,2.915625721382287e-05,0.0
rollmean2__peptide_log__QWAGLVEK,2.915159732894133e-05,0.0
rollmean2__peptide_log__MTVTDQVNC(UniMod_4)PK,2.9139172548749635e-05,0.0
delta1__peptide_log__TVVQPSVGAAAGPVVPPC(UniMod_4)PGR,2.912963267535579e-05,0.0
peptide_std__P51884,2.9118369853242746e-05,0.0
rollmean2__peptide_mean__P00746,2.9115420299196452e-05,0.0
lag1__peptide_log__LRTEGDGVYTLNNEK,2.9113282253235545e-05,0.0
lag1__peptide_count__P02768,2.905069605749321e-05,0.0
lag1__protein_npx__P05156,2.901797904125407e-05,0.0
peptide_log__SC(UniMod_4)SPELQQK,2.9007964418931036e-05,0.0
rollmean2__peptide_std__Q13740,2.887238409164494e-05,0.0
delta1__protein_npx__Q6UXD5,2.886347005851839e-05,0.0
peptide_mean__P43652,2.8847052567793028e-05,0.0
rollmean2__peptide_log__C(UniMod_4)KPVNTFVHEPLVDVQNVC(UniMod_4)FQEK,2.8766938531251646e-05,0.0
delta1__peptide_std__P05155,2.8725640983041293e-05,0.0
delta1__peptide_mean__O94919,2.8719758418545167e-05,0.0
delta1__peptide_mean__P36955,2.8659304188946572e-05,0.0
slope1__current_updrs_2,2.854184448091157e-05,0.0
protein_npx__P40925,2.8519688351741698e-05,0.0
rollmean2__protein_npx__Q562R1,2.847770617929245e-05,0.0
delta1__peptide_log__VC(UniMod_4)PFAGILENGAVR,2.8393381584177966e-05,0.0
peptide_mean__Q8NE71,2.8367759532357332e-05,0.0
lag1__peptide_mean__P01857,2.8314879008725183e-05,0.0
protein_npx__P10451,2.829665477858214e-05,0.0
peptide_mean__P13591,2.820519795677386e-05,0.0
slope1__peptide_mean__P05090,2.8189383094070468e-05,0.0
lag1__peptide_mean__P07602,2.817158935842703e-05,0.0
rollmean2__protein_npx__Q13740,2.8046431332495785e-05,0.0
rollmean2__peptide_log__TEGDGVYTLNNEK,2.8019511108133732e-05,0.0
missing__peptide_log__LSSWVLLM(UniMod_35)K,2.7980854702886635e-05,0.0
rollmean2__peptide_mean__P32754,2.797284924995809e-05,0.0
lag1__peptide_log__VMPIC(UniMod_4)LPSKDYAEVGR,2.796089966319242e-05,0.0
lag1__protein_npx__P07998,2.7949480108353216e-05,0.0
rollmean2__protein_npx__Q08380,2.7939699845978232e-05,0.0
slope1__peptide_std__P02751,2.7911286381530873e-05,0.0
lag1__protein_npx__P14174,2.787757842479285e-05,0.0
lag1__peptide_mean__P02787,2.785267381138285e-05,0.0
slope1__peptide_mean__P06727,2.781802943916951e-05,0.0
delta1__protein_npx__Q96PD5,2.7749969737379015e-05,0.0
peptide_log__LIADLGSTSITNLGFR,2.7695656391491462e-05,0.0
delta1__peptide_mean__P00441,2.760904680012816e-05,0.0
peptide_log__ALGISPFHEHAEVVFTANDSGPR,2.7581174394428246e-05,0.0
slope1__protein_npx__P51884,2.7572303210466906e-05,0.0
peptide_std__P02753,2.7565854860144506e-05,0.0
delta1__protein_npx__P00734,2.755334467187082e-05,0.0
rollmean2__peptide_mean__Q14515,2.7538051990978915e-05,0.0
rollmean2__peptide_std__P07339,2.7446358840154925e-05,0.0
peptide_std__Q92823,2.744391531648177e-05,0.0
rollmean2__peptide_mean__P41222,2.7433297164680138e-05,0.0
slope1__peptide_mean__P23142,2.7407802224962024e-05,0.0
lag1__peptide_log__YYWGGQYTWDMAK,2.7386303652194126e-05,0.0
lag1__peptide_log__DLATVYVDVLK,2.737718044990586e-05,0.0
peptide_log__AYKSELEEQLTPVAEETR,2.729091101261591e-05,0.0
delta1__peptide_mean__P06310,2.7265473112170145e-05,0.0
peptide_std__P01011,2.7251192512514855e-05,0.0
peptide_log__MASGAANVVGPK,2.7144253105098664e-05,0.0
rollmean2__protein_npx__P04196,2.7131585207244773e-05,0.0
delta1__protein_npx__Q14118,2.7118346667092344e-05,0.0
slope1__peptide_log__LRTEGDGVYTLNNEK,2.7110983206000725e-05,0.0
delta1__peptide_log__GEVQAMLGQSTEELR,2.7015187269300017e-05,0.0
slope1__peptide_mean__Q99969,2.7014667354746797e-05,0.0
slope1__peptide_mean__P07339,2.701067699350149e-05,0.0
delta1__protein_npx__P13473,2.6989070821997974e-05,0.0
slope1__protein_npx__P01834,2.6985223849843874e-05,0.0
slope1__peptide_std__P16070,2.697633485799208e-05,0.0
delta1__peptide_count__P05060,2.6973502457527388e-05,0.0
rollmean2__peptide_log__HYEGSTVPEK,2.696390627372286e-05,0.0
delta1__protein_npx__P19827,2.6959030053699096e-05,0.0
protein_npx__P01031,2.6946141778924283e-05,0.0
peptide_std__P06727,2.6915768923154026e-05,0.0
delta1__peptide_std__P08294,2.6887960824409698e-05,0.0
lag1__peptide_std__P08294,2.6876728688121797e-05,0.0
delta1__protein_npx__P01591,2.6844387201945395e-05,0.0
slope1__protein_npx__P02766,2.6780467824958576e-05,0.0
delta1__protein_npx__P01024,2.6731535492456193e-05,0.0
slope1__peptide_abundance_sum,2.6707836560814315e-05,0.0
protein_npx__P01034,2.6692302557165117e-05,0.0
peptide_count__O15394,2.6647044520373767e-05,0.0
lag1__peptide_std__Q12841,2.6631224178272672e-05,0.0
peptide_log__SGEATDGARPQALPEPMQESK,2.661002252281348e-05,0.0
rollmean2__peptide_std__P43121,2.6525763792149998e-05,0.0
slope1__peptide_mean__P01033,2.644543147646133e-05,0.0
protein_npx__P08133,2.6433830344262582e-05,0.0
missing__protein_npx__Q9UBR2,2.641910832077915e-05,0.0
rollmean2__peptide_mean__P02747,2.6413830755355962e-05,0.0
rollmean2__protein_npx__P17174,2.6366839646618684e-05,0.0
protein_npx__Q8NE71,2.6364736415318137e-05,0.0
slope1__peptide_mean__P61916,2.636319498651558e-05,0.0
rollmean2__peptide_mean__Q13283,2.629294615445986e-05,0.0
lag1__peptide_log__EDSLEAGLPLQVR,2.6288694884912655e-05,0.0
peptide_log__TM(UniMod_35)LLQPAGSLGSYSYR,2.626841623631778e-05,0.0
lag1__peptide_count__Q06481,2.6239176386234e-05,0.0
rollmean2__peptide_mean__P43251,2.6204291523988857e-05,0.0
delta1__protein_npx__P02760,2.6127049198222447e-05,0.0
delta1__protein_npx__P06681,2.6123589858954524e-05,0.0
rollmean2__peptide_mean__Q08380,2.6114971349348812e-05,0.0
lag1__protein_npx__P10643,2.6101536171276902e-05,0.0
delta1__peptide_mean__P13521,2.6097875099781e-05,0.0
protein_npx__Q6UXD5,2.6031722988870807e-05,0.0
protein_npx__P04207,2.6029720563136564e-05,0.0
delta1__current_updrs_2,2.6027262769924967e-05,0.0
peptide_log__VKDLATVYVDVLK,2.600808999832643e-05,0.0
delta1__peptide_mean__Q96PD5,2.6001925270204694e-05,0.0
peptide_std__P20774,2.596230385594021e-05,0.0
protein_npx__P10643,2.595796857659807e-05,0.0
delta1__peptide_std__P04180,2.594226606021534e-05,0.0
delta1__peptide_log__M(UniMod_35)YLGYEYVTAIR,2.592639383349912e-05,0.0
lag1__peptide_log__DASGVTFTWTPSSGK,2.5871862322378796e-05,0.0
months_since_prev_visit,2.584728986987993e-05,0.0
peptide_std__Q12841,2.583398486005254e-05,0.0
delta1__protein_npx__P08294,2.58213716919513e-05,0.0
rollmean2__peptide_mean__O15394,2.5797749546363162e-05,0.0
delta1__protein_npx__P02774,2.576141427102457e-05,0.0
lag1__peptide_mean__P01033,2.574130458742537e-05,0.0
lag1__peptide_abundance_std,2.5732361389979286e-05,0.0
rollmean2__peptide_mean__Q92823,2.5714504861904718e-05,0.0
delta1__peptide_mean__P00748,2.5671664426489073e-05,0.0
delta1__protein_npx__P27169,2.5610949451584245e-05,0.0
peptide_log__AVGDKLPEC(UniMod_4)EADDGC(UniMod_4)PKPPEIAHGYVEHSVR,2.5598299860363226e-05,0.0
delta1__protein_npx__P01042,2.5594977633326194e-05,0.0
rollmean2__peptide_log__TLLSNLEEAKK,2.5556150354823858e-05,0.0
lag1__peptide_mean__O14773,2.554421875222022e-05,0.0
lag1__protein_npx__P04216,2.5538555078051813e-05,0.0
rollmean2__protein_npx__P02452,2.5481375192024336e-05,0.0
slope1__peptide_std__P16870,2.5446408359557432e-05,0.0
lag1__peptide_log__GYQLSDVDGVTC(UniMod_4)EDIDEC(UniMod_4)ALPTGGHIC(UniMod_4)SYR,2.5419494368236457e-05,0.0
lag1__protein_npx__P01009,2.541923460533511e-05,0.0
slope1__protein_npx__P02750,2.538524433049767e-05,0.0
slope1__peptide_log__LGADM(UniMod_35)EDVC(UniMod_4)GR,2.5367012303038938e-05,0.0
lag1__peptide_log__AATGEC(UniMod_4)TATVGKR,2.5355849052461758e-05,0.0
rollmean2__protein_npx__P09486,2.5343313837930857e-05,0.0
rollmean2__peptide_log__C(UniMod_4)TSTGWIPAPR,2.5325358284710225e-05,0.0
slope1__peptide_std__O15394,2.5304157561916646e-05,0.0
peptide_mean__P09871,2.526853078862001e-05,0.0
delta1__protein_npx__P14174,2.5216817319821025e-05,0.0
lag1__protein_npx__P07225,2.5192138033147265e-05,0.0
slope1__peptide_mean__P02760,2.516596494128116e-05,0.0
peptide_mean__P23142,2.5086780707778675e-05,0.0
rollmean2__peptide_count__P06727,2.5078661424707054e-05,0.0
lag1__protein_npx__P04207,2.505519336554081e-05,0.0
rollmean2__peptide_mean__P08123,2.4997181633150785e-05,0.0
protein_npx__P06454,2.4980963431260658e-05,0.0
slope1__protein_npx__Q9HDC9,2.491003907310654e-05,0.0
protein_npx__P00736,2.490885868839082e-05,0.0
peptide_log__HYDGSYSTFGER,2.490666028260627e-05,0.0
lag1__peptide_mean__P10909,2.4898362454291367e-05,0.0
rollmean2__peptide_mean__P09486,2.4813391385966125e-05,0.0
lag1__peptide_mean__P00747,2.4769282857843806e-05,0.0
rollmean2__protein_npx__P61626,2.476711186937542e-05,0.0
rollmean2__protein_npx__P01834,2.475273452429292e-05,0.0
lag1__peptide_log__SGELEQEEER,2.471611806523658e-05,0.0
slope1__peptide_mean__Q12907,2.4688731064282385e-05,0.0
protein_npx__P04406,2.467829399984048e-05,0.0
delta1__peptide_std__P16870,2.462329109640493e-05,0.0
peptide_mean__P02790,2.4589268205742976e-05,0.0
delta1__peptide_std__P13987,2.4587264356979087e-05,0.0
delta1__peptide_std__P24592,2.4568626625895377e-05,0.0
lag1__peptide_log__LGQSLDC(UniMod_4)NAEVYVVPWEK,2.4556228613790072e-05,0.0
rollmean2__protein_npx__Q9Y646,2.4544358794559585e-05,0.0
delta1__peptide_std__P12109,2.4537298216388896e-05,0.0
lag1__peptide_mean__P02649,2.448601378389405e-05,0.0
slope1__peptide_log__ILLQGTPVAQMTEDAVDAER,2.4480994250549248e-05,0.0
peptide_mean__P04075,2.4461185860444153e-05,0.0
lag1__peptide_log__ALGISPFHEHAEVVFTANDSGPR,2.4452884023051236e-05,0.0
peptide_mean__P01621,2.4441596035497944e-05,0.0
delta1__peptide_mean__P08697,2.44226563745895e-05,0.0
rollmean2__protein_npx__P05060,2.4422501334042386e-05,0.0
peptide_mean__P14618,2.4370838266705702e-05,0.0
rollmean2__peptide_count__P55290,2.4358476496190926e-05,0.0
lag1__peptide_log__TTPPVLDSDGSFFLYSR,2.4307807066960428e-05,0.0
lag1__protein_npx__P02655,2.4296049766199173e-05,0.0
peptide_mean__P02675,2.4278569688499784e-05,0.0
slope1__peptide_mean__P04180,2.427187295743926e-05,0.0
delta1__peptide_mean__O15394,2.421475442357904e-05,0.0
missing__protein_npx__P04211,2.4210898890407194e-05,0.0
lag1__protein_npx__P00751,2.412106472284264e-05,0.0
delta1__peptide_mean__Q8NBJ4,2.4070291367839637e-05,0.0
lag1__peptide_log__LRTEGDGVYTLNNEKQWINK,2.4044725263827048e-05,0.0
lag1__protein_npx__P02787,2.403195123244587e-05,0.0
delta1__peptide_std__P36955,2.3992478164343248e-05,0.0
peptide_mean__Q562R1,2.39509296990741e-05,0.0
slope1__protein_npx__P02787,2.394921666455689e-05,0.0
slope1__peptide_std__P25311,2.394092759535258e-05,0.0
peptide_mean__P07602,2.3928966252277645e-05,0.0
protein_npx__P09871,2.3919429476993315e-05,0.0
lag1__peptide_std__P07711,2.383597863621856e-05,0.0
slope1__protein_npx__Q13740,2.3814815405840565e-05,0.0
slope1__protein_npx__Q14508,2.3783170444971846e-05,0.0
rollmean2__peptide_mean__Q14624,2.3776858873526164e-05,0.0
rollmean2__peptide_log__TTPPVLDSDGSFFLYSK,2.376629393909119e-05,0.0
slope1__peptide_mean__P01876,2.3678005792387826e-05,0.0
rollmean2__peptide_mean__P18065,2.3632812581341952e-05,0.0
missing__peptide_count__P08133,2.362677414486316e-05,0.0
slope1__current_medication_unknown,2.3616317101604088e-05,0.0
delta1__peptide_mean__P00736,2.3613375705535773e-05,0.0
lag1__peptide_mean__Q96S96,2.360645617353184e-05,0.0
peptide_mean__P25311,2.359187076533375e-05,0.0
protein_npx__Q7Z3B1,2.359171568576026e-05,0.0
rollmean2__peptide_log__EILSVDC(UniMod_4)STNNPSQAK,2.3560069718094482e-05,0.0
lag1__peptide_log__AVLPTGDVIGDSAK,2.354109823027865e-05,0.0
lag1__peptide_count__Q14515,2.352710429472442e-05,0.0
rollmean2__peptide_mean__P02792,2.3506277500663607e-05,0.0
slope1__protein_npx__Q16610,2.349943342774309e-05,0.0
slope1__peptide_std__O00533,2.341681028998559e-05,0.0
lag1__peptide_log__QIGSVYR,2.341005843800772e-05,0.0
slope1__protein_npx__P01023,2.340342474805295e-05,0.0
slope1__peptide_std__P18065,2.339567265288883e-05,0.0
slope1__peptide_std__P02675,2.3366300702706695e-05,0.0
peptide_mean__P54289,2.3316320625830822e-05,0.0
protein_npx__P23083,2.318453038391031e-05,0.0
rollmean2__protein_npx__P01008,2.315272676877674e-05,0.0
lag1__peptide_std__P02747,2.3104378658461833e-05,0.0
lag1__peptide_std__P16870,2.3038114925083097e-05,0.0
rollmean2__peptide_count__Q08380,2.3027962546275725e-05,0.0
peptide_count__P23142,2.3007988769183316e-05,0.0
peptide_count__P00450,2.29691743500226e-05,0.0
rollmean2__protein_npx__Q9UBR2,2.285675121871856e-05,0.0
rollmean2__protein_npx__P10645,2.2856715996950066e-05,0.0
lag1__peptide_std__Q06481,2.280928994993478e-05,0.0
lag1__peptide_mean__P08123,2.276150893619811e-05,0.0
peptide_log__NPDPWAK,2.2720796970962653e-05,0.0
rollmean2__protein_npx__P06396,2.2717715720523093e-05,0.0
protein_npx__P00734,2.2693021716448675e-05,0.0
lag1__peptide_mean__P09871,2.2681389246077253e-05,0.0
rollmean2__peptide_count__P01024,2.267886836187234e-05,0.0
protein_npx__P06396,2.2618682850577694e-05,0.0
slope1__peptide_std__Q12805,2.261250410086147e-05,0.0
slope1__peptide_mean__P02671,2.2569197665039956e-05,0.0
lag1__protein_npx__P18065,2.2565322075249464e-05,0.0
slope1__protein_npx__P07711,2.2562180862487376e-05,0.0
lag1__protein_npx__P27169,2.2553965925248328e-05,0.0
delta1__peptide_mean__Q9UKV8,2.2505659955531425e-05,0.0
protein_npx__P00751,2.2464250433310235e-05,0.0
lag1__peptide_std__P43652,2.2457586964690423e-05,0.0
protein_npx__P07195,2.2377973907010247e-05,0.0
delta1__peptide_std__P00751,2.237336331938598e-05,0.0
delta1__protein_npx__P19652,2.2363080410111935e-05,0.0
delta1__protein_npx__P07998,2.2353078389044683e-05,0.0
slope1__protein_npx__P02760,2.234303327544446e-05,0.0
rollmean2__peptide_mean__Q06481,2.2300608636781802e-05,0.0
lag1__peptide_std__P02751,2.224776790152581e-05,0.0
delta1__current_updrs_4,2.2244668521082827e-05,0.0
rollmean2__protein_npx__P30086,2.2186739001993386e-05,0.0
rollmean2__peptide_count__Q06481,2.2135899168393853e-05,0.0
slope1__protein_npx__Q99683,2.2113462400193977e-05,0.0
delta1__peptide_std__P08697,2.2094339447251502e-05,0.0
delta1__peptide_mean__P01591,2.208185130913216e-05,0.0
peptide_mean__Q99969,2.2014078135382306e-05,0.0
delta1__peptide_log__DSGFQM(UniMod_35)NQLR,2.200676983060419e-05,0.0
rollmean2__peptide_count__P10909,2.195599051082819e-05,0.0
delta1__peptide_mean__P00747,2.1929937609085837e-05,0.0
delta1__peptide_std__P02656,2.1885752645852734e-05,0.0
peptide_mean__O00584,2.1841168852584468e-05,0.0
lag1__peptide_mean__Q99832,2.1778528252410273e-05,0.0
rollmean2__peptide_mean__P04196,2.1732756298070968e-05,0.0
slope1__peptide_mean__P49908,2.1720244819496953e-05,0.0
slope1__protein_npx__O43505,2.171396952249894e-05,0.0
slope1__peptide_mean__Q96PD5,2.170559128484307e-05,0.0
lag1__protein_npx__P01834,2.1689137847436877e-05,0.0
slope1__protein_npx__P02452,2.164246498949874e-05,0.0
lag1__peptide_mean__P12109,2.163129032611792e-05,0.0
delta1__peptide_std__P01859,2.1627660208947077e-05,0.0
slope1__peptide_mean__P13987,2.161145693024e-05,0.0
delta1__peptide_mean__P07711,2.160363589860205e-05,0.0
rollmean2__peptide_mean__P13671,2.1580700671404194e-05,0.0
rollmean2__protein_npx__P01023,2.155591124065258e-05,0.0
lag1__peptide_log__LGADM(UniMod_35)EDVC(UniMod_4)GR,2.1551874201787455e-05,0.0
lag1__peptide_log__LAVYQAGAR,2.1457665383255396e-05,0.0
delta1__peptide_std__Q96PD5,2.141250064382679e-05,0.0
peptide_mean__P36222,2.1412150820209055e-05,0.0
slope1__peptide_mean__P05067,2.1355445743966106e-05,0.0
lag1__protein_npx__P02748,2.132818159050359e-05,0.0
lag1__peptide_std__P23142,2.1313917280436674e-05,0.0
protein_npx__P13521,2.1313416472585775e-05,0.0
missing__peptide_count__Q6UXD5,2.1297950679161122e-05,0.0
slope1__peptide_std__P05546,2.1268651992889762e-05,0.0
lag1__peptide_mean__P16870,2.1240536024595712e-05,0.0
slope1__peptide_log__C(UniMod_4)VDVDEC(UniMod_4)APPAEPC(UniMod_4)GK,2.117619810442937e-05,0.0
slope1__peptide_log__NPDPWAK,2.1166845730054734e-05,0.0
delta1__peptide_mean__Q9Y646,2.115425094497951e-05,0.0
slope1__peptide_mean__P12109,2.112114763321004e-05,0.0
delta1__protein_npx__P80748,2.1101922041191364e-05,0.0
slope1__peptide_mean__P05546,2.108550017019352e-05,0.0
delta1__peptide_mean__P05090,2.107829632722993e-05,0.0
protein_npx__Q92823,2.1050468228937092e-05,0.0
peptide_mean__P01833,2.099120345106552e-05,0.0
slope1__peptide_std__P41222,2.0986468739769623e-05,0.0
delta1__protein_npx__P61916,2.0942934359884643e-05,0.0
slope1__peptide_std__P07339,2.0935661574595473e-05,0.0
protein_npx__P02649,2.0895357230171926e-05,0.0
lag1__peptide_std__O00584,2.0877328650704758e-05,0.0
protein_npx__Q7Z5P9,2.08267983973514e-05,0.0
delta1__peptide_std__P20774,2.082470337117663e-05,0.0
peptide_mean__Q9UKV8,2.0818315457179567e-05,0.0
slope1__peptide_mean__Q9UNU6,2.0814701236163416e-05,0.0
delta1__peptide_count__P02751,2.0788410283365924e-05,0.0
delta1__protein_npx__P01008,2.078365387843997e-05,0.0
protein_npx__O60888,2.073447452003716e-05,0.0
slope1__peptide_log__EILSVDC(UniMod_4)STNNPSQAK,2.070545303466938e-05,0.0
rollmean2__peptide_count__P10643,2.0659501524779287e-05,0.0
lag1__peptide_log__VDNALQSGNSQESVTEQDSKDSTYSLSSTLTLSK,2.0648189249123747e-05,0.0
delta1__peptide_count__P43652,2.0616857951136818e-05,0.0
lag1__peptide_mean__P04207,2.0588406041970297e-05,0.0
rollmean2__protein_npx__Q14515,2.0545433565194913e-05,0.0
delta1__peptide_std__P06681,2.054363009946893e-05,0.0
rollmean2__peptide_mean__P49588,2.054069104536161e-05,0.0
rollmean2__peptide_mean__P04211,2.0486502385421417e-05,0.0
slope1__protein_npx__P08123,2.0482405379123344e-05,0.0
delta1__peptide_mean__P61626,2.0377529428452167e-05,0.0
protein_npx__O00391,2.036597158643794e-05,0.0
slope1__peptide_mean__P02787,2.0343149530314537e-05,0.0
lag1__peptide_log__VGYVSGWGR,2.033161253303449e-05,0.0
peptide_mean__P06310,2.0266289907431932e-05,0.0
lag1__peptide_log__LGADMEDVC(UniMod_4)GR,2.0244619662777414e-05,0.0
slope1__peptide_log__AEAQEAEDQQAR,2.0240313901087035e-05,0.0
rollmean2__peptide_count__P02768,2.0235056069952025e-05,0.0
delta1__protein_npx__P24592,2.0221265065907112e-05,0.0
lag1__peptide_std__P05060,2.0210502321926575e-05,0.0
rollmean2__peptide_std__P55290,2.0204170510472598e-05,0.0
delta1__protein_npx__P04196,2.0185777703484305e-05,0.0
peptide_log__SEALAVDGAGKPGAEEAQDPEGK,2.016938513727266e-05,0.0
rollmean2__peptide_log__VC(UniMod_4)PFAGILENGAVR,2.0162061020338828e-05,0.0
slope1__peptide_mean__P04406,2.0124463169618303e-05,0.0
peptide_mean__P07225,2.011421824767586e-05,0.0
lag1__peptide_std__P01876,2.010766151375149e-05,0.0
protein_npx__P01023,2.0106943027561934e-05,0.0
delta1__peptide_mean__O14773,2.008786056536758e-05,0.0
rollmean2__peptide_mean__P25311,2.006866873810935e-05,0.0
peptide_mean__Q96S96,2.0020608498768064e-05,0.0
rollmean2__peptide_mean__P07225,2.0019667306213643e-05,0.0
peptide_mean__Q6UXD5,2.0016925437921868e-05,0.0
lag1__protein_npx__P02647,1.998321661194456e-05,0.0
peptide_mean__O14498,1.9980042917436954e-05,0.0
protein_npx__P05067,1.996537258891105e-05,0.0
rollmean2__protein_npx__P04433,1.9908286193096053e-05,0.0
delta1__peptide_std__P39060,1.9895304993166216e-05,0.0
slope1__peptide_mean__P19827,1.985248671763846e-05,0.0
delta1__peptide_log__VLLDQLR,1.9840534324416967e-05,0.0
peptide_mean__P01033,1.983901077496341e-05,0.0
delta1__protein_npx__P04180,1.9757758259817817e-05,0.0
slope1__peptide_mean__P36980,1.9743837979920094e-05,0.0
rollmean2__peptide_count__P01877,1.972418173786699e-05,0.0
peptide_mean__P08123,1.97204378029478e-05,0.0
peptide_mean__P04211,1.967065328533979e-05,0.0
delta1__peptide_count__P05452,1.9645683549865987e-05,0.0
delta1__peptide_log__DASGVTFTWTPSSGK,1.961270226953559e-05,0.0
peptide_log__RLEGQEEEEDNRDSSMK,1.96121429611311e-05,0.0
delta1__peptide_mean__Q92520,1.960740299508228e-05,0.0
delta1__peptide_std__P06727,1.96039436467865e-05,0.0
protein_npx__P13611,1.9599608845340833e-05,0.0
rollmean2__peptide_std__O00584,1.9546446129623446e-05,0.0
lag1__protein_npx__P04406,1.9533345337798082e-05,0.0
lag1__peptide_std__Q14118,1.9511488170212628e-05,0.0
slope1__protein_npx__P04207,1.9510604200528088e-05,0.0
protein_npx__Q13451,1.9495255329664437e-05,0.0
slope1__peptide_log__AVLPTGDVIGDSAK,1.9475410895682018e-05,0.0
rollmean2__peptide_count__P01019,1.9433304755539257e-05,0.0
lag1__protein_npx__P61278,1.938152354793942e-05,0.0
rollmean2__peptide_abundance_sum,1.9360817888526624e-05,0.0
missing__peptide_log__VDNALQSGNSQESVTEQDSKDSTYSLSSTLTLSK,1.935972639192808e-05,0.0
rollmean2__protein_npx__P04406,1.9303220243233076e-05,0.0
lag1__peptide_log__YVM(UniMod_35)LPVADQDQC(UniMod_4)IR,1.929795953098645e-05,0.0
protein_npx__P36955,1.9289931317350104e-05,0.0
peptide_log__VGYVSGWGR,1.9246649852488385e-05,0.0
rollmean2__protein_npx__P41222,1.923630943774217e-05,0.0
delta1__peptide_mean__P02750,1.9215081098948095e-05,0.0
protein_npx__P31997,1.9193727217082116e-05,0.0
delta1__peptide_mean__P05060,1.918724776623371e-05,0.0
rollmean2__protein_npx__O75326,1.915270724827692e-05,0.0
protein_npx__P24592,1.9121345230246407e-05,0.0
peptide_std__P04196,1.909047082978212e-05,0.0
slope1__peptide_log__VYC(UniMod_4)DMNTENGGWTVIQNR,1.908381107134829e-05,0.0
lag1__peptide_mean__P08637,1.9067046465422187e-05,0.0
peptide_mean__Q9BY67,1.9038747515244104e-05,0.0
lag1__peptide_mean__P01621,1.9010849365378363e-05,0.0
delta1__peptide_log__VMPIC(UniMod_4)LPSKDYAEVGR,1.899843732532656e-05,0.0
lag1__peptide_log__SWFEPLVEDM(UniMod_35)QR,1.8984583338896976e-05,0.0
lag1__peptide_mean__P02747,1.8944033843206964e-05,0.0
rollmean2__peptide_mean__P14174,1.891204028446566e-05,0.0
rollmean2__peptide_mean__P16035,1.8906035017022066e-05,0.0
slope1__protein_npx__P25311,1.8895924857791196e-05,0.0
delta1__peptide_mean__Q99674,1.8874680722952506e-05,0.0
lag1__peptide_log__LSSWVLLM(UniMod_35)K,1.8873257331009715e-05,0.0
delta1__protein_npx__P01594,1.8872524071458855e-05,0.0
rollmean2__peptide_mean__Q99829,1.8839827035450686e-05,0.0
peptide_mean__P00736,1.8835669912548413e-05,0.0
rollmean2__peptide_mean__Q9UKV8,1.881485489844719e-05,0.0
protein_npx__P19021,1.8710612318079133e-05,0.0
rollmean2__peptide_log__QKVEPLRAELQEGAR,1.869576003735942e-05,0.0
rollmean2__protein_npx__P55290,1.86943159984543e-05,0.0
protein_npx__P36222,1.8690094729908802e-05,0.0
rollmean2__peptide_log__TM(UniMod_35)LLQPAGSLGSYSYR,1.8685361325820025e-05,0.0
delta1__peptide_mean__P43251,1.8666348590170188e-05,0.0
protein_npx__Q12907,1.866426635006658e-05,0.0
slope1__protein_npx__P02774,1.865791578685029e-05,0.0
delta1__protein_npx__P00450,1.8637739271857304e-05,0.0
delta1__peptide_log__HYTNPSQDVTVPC(UniMod_4)PVPPPPPC(UniMod_4)C(UniMod_4)HPR,1.862857899363679e-05,0.0
lag1__peptide_std__P01860,1.862543331936661e-05,0.0
rollmean2__protein_npx__Q99969,1.86108041764655e-05,0.0
peptide_mean__Q12907,1.8593430749742976e-05,0.0
rollmean2__peptide_mean__Q7Z5P9,1.858995138604255e-05,0.0
lag1__peptide_std__P04075,1.85744154912571e-05,0.0
lag1__protein_npx__P02747,1.8570761907366245e-05,0.0
lag1__peptide_mean__P04406,1.8530236707056076e-05,0.0
delta1__peptide_mean__P23142,1.8498351727438473e-05,0.0
protein_npx__P04075,1.8492845719618758e-05,0.0
rollmean2__peptide_count__P01008,1.848855799911489e-05,0.0
protein_npx__Q9UNU6,1.8465806023196287e-05,0.0
peptide_log__YVMLPVADQDQC(UniMod_4)IR,1.846028430190256e-05,0.0
slope1__peptide_count__P02766,1.8444278925781972e-05,0.0
rollmean2__peptide_mean__Q9NQ79,1.844057459492676e-05,0.0
rollmean2__protein_npx__P04075,1.8438240959341305e-05,0.0
rollmean2__protein_npx__P02747,1.8400774126525913e-05,0.0
delta1__current_updrs_1,1.839096454121236e-05,0.0
protein_npx__P80748,1.8365755311363934e-05,0.0
slope1__peptide_log__IMNGEADAMSLDGGFVYIAGK,1.8329048351125838e-05,0.0
slope1__protein_npx__P05067,1.8318719949163816e-05,0.0
rollmean2__peptide_count__P19823,1.8310103349566832e-05,0.0
protein_npx__P39060,1.8305092279983807e-05,0.0
rollmean2__protein_npx__P10451,1.8294700889060136e-05,0.0
lag1__peptide_log__QNC(UniMod_4)ELFEQLGEYK,1.827128486382921e-05,0.0
delta1__peptide_mean__P08294,1.8263220934118654e-05,0.0
slope1__peptide_std__P13987,1.8260339971309152e-05,0.0
peptide_mean__P43251,1.8257461644295804e-05,0.0
lag1__protein_npx__Q7Z3B1,1.8256410824030152e-05,0.0
peptide_mean__Q16270,1.8253758851848336e-05,0.0
delta1__peptide_mean__Q8NE71,1.824070408229907e-05,0.0
peptide_mean__P16870,1.823678707942192e-05,0.0
delta1__peptide_mean__P01833,1.8210114645532627e-05,0.0
lag1__peptide_std__P02679,1.820938353944017e-05,0.0
delta1__protein_npx__P02647,1.8203173547807935e-05,0.0
peptide_count__P27169,1.819702395481198e-05,0.0
delta1__peptide_log__NPDSSTTGPWC(UniMod_4)YTTDPTVR,1.8185308772167532e-05,0.0
slope1__protein_npx__Q12805,1.818143104730332e-05,0.0
protein_npx__P01833,1.8135386572298696e-05,0.0
protein_npx__P08571,1.8120011765626104e-05,0.0
peptide_log__AATGEC(UniMod_4)TATVGKR,1.8087863912938218e-05,0.0
rollmean2__peptide_mean__P08571,1.807715652927315e-05,0.0
protein_npx__Q99674,1.8042905871012006e-05,0.0
rollmean2__peptide_log__ELDESLQVAER,1.8005971804328935e-05,0.0
delta1__peptide_std__P30086,1.7996900626490274e-05,0.0
slope1__peptide_log__KVEQAVETEPEPELR,1.7984453592199987e-05,0.0
protein_feature_count,1.7972085471570075e-05,0.0
slope1__peptide_count__P06681,1.7970622325650833e-05,0.0
rollmean2__peptide_mean__P00441,1.792617891068492e-05,0.0
slope1__peptide_mean__P02652,1.7895384598842693e-05,0.0
slope1__peptide_std__P04004,1.7891333408388675e-05,0.0
delta1__peptide_log__AATVGSLAGQPLQER,1.7844823806540827e-05,0.0
delta1__protein_npx__Q12907,1.783982413141872e-05,0.0
slope1__protein_npx__Q9UBX5,1.7828156038441682e-05,0.0
slope1__peptide_mean__Q8NBJ4,1.7807498565874055e-05,0.0
slope1__protein_npx__Q9UHG2,1.776782151075617e-05,0.0
rollmean2__protein_npx__P02787,1.77591892885659e-05,0.0
slope1__peptide_count__P00738,1.77363395414349e-05,0.0
delta1__protein_npx__Q16270,1.7728768240756198e-05,0.0
lag1__peptide_log__VQAAVGTSAAPVPSDNH,1.769132137512259e-05,0.0
lag1__peptide_log__TVVQPSVGAAAGPVVPPC(UniMod_4)PGR,1.7651042484418372e-05,0.0
lag1__peptide_log__KAADDTWEPFASGK,1.7548452275401513e-05,0.0
rollmean2__peptide_mean__Q6UXD5,1.752640300375304e-05,0.0
delta1__protein_npx__P04217,1.7513498544298726e-05,0.0
delta1__protein_npx__P01861,1.7507932419515517e-05,0.0
rollmean2__peptide_mean__Q99969,1.7449763245239324e-05,0.0
missing__peptide_log__SNSSM(UniMod_35)HITDC(UniMod_4)R,1.7413377985390906e-05,0.0
rollmean2__peptide_log__MYYSAVDPTKDIFTGLIGPM(UniMod_35)K,1.739147856168119e-05,0.0
rollmean2__peptide_log__VQAAVGTSAAPVPSDNH,1.7377963046492142e-05,0.0
delta1__protein_npx__P01860,1.7373938501772744e-05,0.0
rollmean2__peptide_mean__Q12841,1.7370092652607027e-05,0.0
lag1__protein_npx__P06310,1.7365958802671007e-05,0.0
peptide_mean__P02747,1.7330971657680275e-05,0.0
slope1__protein_npx__P36222,1.7310653487424332e-05,0.0
lag1__peptide_mean__P00751,1.7272561847822302e-05,0.0
slope1__peptide_std__P04433,1.7255699335304682e-05,0.0
delta1__peptide_log__TPLGDTTHTC(UniMod_4)PR,1.725030746542673e-05,0.0
peptide_count__P01859,1.7158241570453193e-05,0.0
slope1__peptide_std__P02748,1.7156666929119376e-05,0.0
slope1__peptide_mean__P41222,1.7107439647988507e-05,0.0
protein_npx__P01860,1.7105516937920986e-05,0.0
lag1__peptide_std__P01019,1.7092468773731948e-05,0.0
protein_npx__P07602,1.705744709506643e-05,0.0
rollmean2__peptide_mean__P16070,1.705182450006611e-05,0.0
slope1__peptide_mean__P13473,1.70209926115252e-05,0.0
delta1__peptide_log__VGYVSGWGR,1.7014218000595173e-05,0.0
protein_npx__P01033,1.6999463320610693e-05,0.0
delta1__peptide_mean__P05546,1.6929418615685742e-05,0.0
protein_npx__P16035,1.6917563839912145e-05,0.0
rollmean2__protein_npx__P04207,1.690867219781194e-05,0.0
delta1__peptide_log__M(UniMod_35)ASGAANVVGPK,1.684953462480215e-05,0.0
rollmean2__peptide_mean__Q96KN2,1.675478288193881e-05,0.0
peptide_mean__P05060,1.669852226638152e-05,0.0
slope1__peptide_std__P04180,1.6692244167292964e-05,0.0
rollmean2__peptide_count__P13611,1.6668593978551783e-05,0.0
peptide_mean__P13987,1.6652593610257377e-05,0.0
delta1__peptide_mean__P25311,1.6614197615542678e-05,0.0
rollmean2__protein_npx__P61916,1.6604838048136135e-05,0.0
delta1__peptide_count__P13611,1.6593060683328163e-05,0.0
slope1__peptide_log__LSKELQAAQAR,1.65726464556012e-05,0.0
slope1__peptide_std__Q12841,1.6549269128753758e-05,0.0
slope1__peptide_log__GSPAINVAVHVFRK,1.654552419592658e-05,0.0
delta1__peptide_mean__P04433,1.6535844331143294e-05,0.0
lag1__protein_npx__P51884,1.6532817605706605e-05,0.0
protein_npx__P00738,1.6502689658988435e-05,0.0
rollmean2__protein_npx__P07602,1.6496628769233155e-05,0.0
protein_npx__P02748,1.6474710178855426e-05,0.0
slope1__peptide_mean__P06454,1.6395685229483935e-05,0.0
lag1__protein_npx__P00736,1.6392778407382156e-05,0.0
peptide_mean__P01860,1.6386603116628978e-05,0.0
lag1__peptide_log__NFPPSQDASGDLYTTSSQLTLPATQC(UniMod_4)PDGK,1.6382082309483133e-05,0.0
delta1__protein_npx__O75326,1.6349334495204398e-05,0.0
delta1__peptide_mean__P02760,1.6308026673935352e-05,0.0
slope1__peptide_log__AYKSELEEQLTPVAEETR,1.6284152683425404e-05,0.0
lag1__protein_npx__P01860,1.6266840296940194e-05,0.0
delta1__peptide_abundance_std,1.626256678778093e-05,0.0
rollmean2__protein_npx__P08571,1.6249819241471675e-05,0.0
delta1__peptide_std__P25311,1.624761225078514e-05,0.0
delta1__protein_npx__P06727,1.6243830990817373e-05,0.0
lag1__peptide_mean__P30086,1.624254306585905e-05,0.0
rollmean2__protein_npx__P61769,1.620356645425996e-05,0.0
peptide_std__P16070,1.6182202034551132e-05,0.0
delta1__peptide_log__AYKSELEEQLTPVAEETR,1.6179930839092047e-05,0.0
delta1__peptide_mean__Q08380,1.6144199764434344e-05,0.0
slope1__peptide_mean__P01621,1.613120093985666e-05,0.0
delta1__peptide_mean__P19652,1.6123052706322598e-05,0.0
slope1__protein_npx__P43652,1.611820525834328e-05,0.0
lag1__peptide_mean__P05060,1.6114820728764093e-05,0.0
peptide_mean__P04216,1.611102777089465e-05,0.0
peptide_log__AATVGSLAGQPLQER,1.6093662777686903e-05,0.0
rollmean2__peptide_mean__Q14118,1.6063949960905937e-05,0.0
rollmean2__peptide_count__P02790,1.6059658083423103e-05,0.0
lag1__peptide_log__FLATTPNSLLVSWQPPR,1.6044126841195137e-05,0.0
delta1__peptide_std__P00734,1.604159406968707e-05,0.0
rollmean2__peptide_mean__P07333,1.6023726401723862e-05,0.0
slope1__peptide_mean__Q92823,1.5981177930969537e-05,0.0
delta1__protein_npx__P18065,1.5978620333123704e-05,0.0
peptide_mean__Q02818,1.59640510719123e-05,0.0
peptide_mean__Q8IWV7,1.5960263509678087e-05,0.0
delta1__peptide_std__P01034,1.5945414170208923e-05,0.0
peptide_std__P17174,1.5913103209576605e-05,0.0
peptide_log__LSKELQAAQAR,1.587268328641017e-05,0.0
slope1__peptide_mean__Q15904,1.5844594844203204e-05,0.0
delta1__protein_npx__P06396,1.584086459430043e-05,0.0
slope1__protein_npx__P39060,1.5840094986076517e-05,0.0
delta1__peptide_mean__P00450,1.5825978264683373e-05,0.0
lag1__peptide_mean__P01834,1.5791162196736865e-05,0.0
rollmean2__peptide_mean__P00734,1.5790991588734862e-05,0.0
rollmean2__peptide_mean__P01023,1.5779433483356174e-05,0.0
protein_npx__Q02818,1.5773080306701653e-05,0.0
delta1__protein_npx__O14773,1.5752633753759044e-05,0.0
missing__peptide_std__Q16610,1.5711093610499763e-05,0.0
delta1__peptide_log__TTPPVLDSDGSFFLYSK,1.5702904175271492e-05,0.0
slope1__peptide_std__P09486,1.5662742234490792e-05,0.0
lag1__peptide_std__P02768,1.566028701988937e-05,0.0
delta1__peptide_log__TM(UniMod_35)LLQPAGSLGSYSYR,1.5659268125190013e-05,0.0
peptide_mean__P08133,1.565832314335486e-05,0.0
lag1__protein_npx__P08571,1.5658117716740396e-05,0.0
rollmean2__peptide_count__P01857,1.562459038192438e-05,0.0
protein_npx__P01344,1.5623738097210747e-05,0.0
protein_npx__P07339,1.558900996741927e-05,0.0
slope1__peptide_std__P61916,1.5574860795414637e-05,0.0
slope1__peptide_mean__P08571,1.5569504267527677e-05,0.0
rollmean2__peptide_count__P39060,1.5551672027714612e-05,0.0
peptide_mean__O60888,1.5516365671198096e-05,0.0
slope1__protein_npx__Q6UXD5,1.5511792066072864e-05,0.0
slope1__peptide_log__FLATTPNSLLVSWQPPR,1.551023942740199e-05,0.0
delta1__protein_npx__P10645,1.5490831079708473e-05,0.0
rollmean2__peptide_mean__P61769,1.548927483266935e-05,0.0
missing__peptide_std__P13611,1.5481929635994368e-05,0.0
rollmean2__peptide_std__P07602,1.5463878675834472e-05,0.0
missing__peptide_std__P54289,1.5422953995102105e-05,0.0
slope1__peptide_mean__P35542,1.537376130383006e-05,0.0
peptide_log__SSQGGSLPSEEK,1.5308179079770818e-05,0.0
slope1__protein_npx__P43251,1.5308033497631985e-05,0.0
delta1__peptide_std__P01009,1.5279257892332483e-05,0.0
protein_npx__P05408,1.5277070288529865e-05,0.0
peptide_mean__P05067,1.5263153194120407e-05,0.0
slope1__peptide_std__P01860,1.5257056010529182e-05,0.0
delta1__peptide_mean__P01031,1.5246509649673852e-05,0.0
lag1__protein_npx__P31997,1.5225051406607499e-05,0.0
lag1__peptide_mean__Q562R1,1.5224454750497928e-05,0.0
peptide_log__ELDESLQVAER,1.5212701865165109e-05,0.0
slope1__protein_npx__P01008,1.514593437106813e-05,0.0
peptide_count__P36222,1.5130438110371033e-05,0.0
rollmean2__peptide_count__P07711,1.5099934176403719e-05,0.0
delta1__protein_npx__P49588,1.5096898424567393e-05,0.0
slope1__peptide_mean__P02647,1.5092105629005478e-05,0.0
missing__protein_npx__P08253,1.5079651252350873e-05,0.0
slope1__protein_npx__P06681,1.5078531053795834e-05,0.0
rollmean2__protein_npx__O15240,1.5070822471745976e-05,0.0
rollmean2__peptide_mean__P23083,1.5047021372824485e-05,0.0
slope1__protein_npx__P08493,1.5038244881702517e-05,0.0
delta1__protein_npx__P05452,1.4991931048131202e-05,0.0
lag1__peptide_count__P02790,1.4986761882208127e-05,0.0
peptide_mean__P61916,1.4963758033829082e-05,0.0
slope1__protein_npx__P16035,1.4961688800136936e-05,0.0
rollmean2__peptide_mean__P12109,1.4956290407092722e-05,0.0
slope1__peptide_std__P02787,1.4952533728284593e-05,0.0
peptide_std__O94919,1.4945400885465101e-05,0.0
slope1__protein_npx__Q8NBJ4,1.493434160520138e-05,0.0
delta1__peptide_count__P00450,1.4927310795186644e-05,0.0
protein_npx__Q13283,1.4925966951703959e-05,0.0
rollmean2__peptide_log__NPDPWAK,1.4898146520254266e-05,0.0
protein_npx__P55290,1.4893006840514579e-05,0.0
rollmean2__protein_npx__P02649,1.488480706788744e-05,0.0
rollmean2__protein_npx__P04211,1.4824893912307046e-05,0.0
slope1__peptide_std__Q92876,1.4812154935319735e-05,0.0
peptide_log__LGADM(UniMod_35)EDVC(UniMod_4)GR,1.4776056386846947e-05,0.0
delta1__protein_npx__P09871,1.4769921496018479e-05,0.0
slope1__protein_npx__P00734,1.4768922509039895e-05,0.0
peptide_mean__P04275,1.4763096573542705e-05,0.0
delta1__protein_npx__P00736,1.474064435663785e-05,0.0
slope1__peptide_log__ALGISPFHEHAEVVFTANDSGPR,1.4721930670721702e-05,0.0
rollmean2__peptide_count__P00734,1.4716171439394795e-05,0.0
slope1__peptide_mean__Q6UX71,1.4715178024302945e-05,0.0
delta1__protein_npx__P04004,1.46559641176775e-05,0.0
rollmean2__peptide_mean__P01857,1.4653101475542189e-05,0.0
lag1__peptide_mean__P06310,1.4634520804656695e-05,0.0
peptide_std__P23142,1.4632363296805169e-05,0.0
rollmean2__peptide_count__P02749,1.462851747754929e-05,0.0
rollmean2__protein_npx__O00533,1.4602180428822978e-05,0.0
lag1__peptide_mean__P61769,1.4593928690156876e-05,0.0
delta1__peptide_mean__P02787,1.4588416220765375e-05,0.0
lag1__peptide_log__MTVTDQVNC(UniMod_4)PK,1.4580575846653001e-05,0.0
rollmean2__protein_npx__P07998,1.4576930258044596e-05,0.0
protein_npx__P61916,1.45710154963553e-05,0.0
slope1__protein_npx__Q9Y646,1.4560198475587066e-05,0.0
rollmean2__peptide_log__FLATTPNSLLVSWQPPR,1.454775469285333e-05,0.0
missing__peptide_log__M(UniMod_35)YLGYEYVTAIR,1.4517763970475901e-05,0.0
slope1__peptide_mean__P02655,1.4515253215049901e-05,0.0
rollmean2__peptide_mean__P05408,1.4491363718913478e-05,0.0
delta1__peptide_log__AEAQEAEDQQAR,1.4482194236600368e-05,0.0
lag1__peptide_mean__P01833,1.4454170802329668e-05,0.0
rollmean2__peptide_mean__O60888,1.442907082394381e-05,0.0
missing__peptide_mean__P17936,1.4405542521230167e-05,0.0
delta1__peptide_std__O00584,1.439731630773501e-05,0.0
delta1__peptide_mean__P20933,1.4396250414078371e-05,0.0
lag1__peptide_log__KFPSGTFEQVSQLVK,1.4388547335668462e-05,0.0
lag1__peptide_mean__P07333,1.437991045596773e-05,0.0
rollmean2__peptide_log__HYDGSYSTFGER,1.4359876153374116e-05,0.0
lag1__peptide_std__P13987,1.435959066703921e-05,0.0
lag1__peptide_log__AYQGVAAPFPK,1.4358591314923005e-05,0.0
slope1__peptide_std__Q16610,1.4334276751000155e-05,0.0
rollmean2__peptide_log__LIADLGSTSITNLGFR,1.4300350120880923e-05,0.0
rollmean2__peptide_mean__P61278,1.4289484545376204e-05,0.0
slope1__peptide_std__P10643,1.4278180966217918e-05,0.0
slope1__peptide_observation_count,1.4270922330641392e-05,0.0
delta1__peptide_log__AVLPTGDVIGDSAK,1.4256165815282168e-05,0.0
delta1__peptide_log__VQAAVGTSAAPVPSDNH,1.4218512221900512e-05,0.0
delta1__peptide_mean__P02763,1.42070338646739e-05,0.0
rollmean2__peptide_std__Q12907,1.4189353451322976e-05,0.0
peptide_log__VTSIQDWVQK,1.413712580470963e-05,0.0
slope1__peptide_mean__P02749,1.4134810783543374e-05,0.0
delta1__peptide_mean__P35542,1.4133703375996626e-05,0.0
protein_npx__Q8NBJ4,1.4092316390737651e-05,0.0
slope1__peptide_log__WELALGR,1.4091011101936825e-05,0.0
lag1__peptide_mean__Q8NBJ4,1.4027796080118096e-05,0.0
slope1__protein_npx__P61916,1.4012722285875201e-05,0.0
lag1__peptide_mean__P23142,1.4006250112264801e-05,0.0
lag1__protein_npx__P11277,1.3949112527440245e-05,0.0
slope1__peptide_mean__P07225,1.393651939280648e-05,0.0
peptide_mean__P49588,1.3905599188428044e-05,0.0
rollmean2__peptide_log__SEALAVDGAGKPGAEEAQDPEGK,1.3863406401066841e-05,0.0
delta1__peptide_abundance_sum,1.3857027911179518e-05,0.0
peptide_mean__P01780,1.3853419291243477e-05,0.0
peptide_log__SLAAAAGKQELAK,1.3830191840757447e-05,0.0
lag1__protein_npx__P43121,1.3826696658577602e-05,0.0
slope1__protein_npx__P23142,1.38256229117358e-05,0.0
delta1__peptide_mean__P01861,1.3812374345145862e-05,0.0
rollmean2__protein_npx__P02679,1.3756909825605556e-05,0.0
rollmean2__peptide_std__O94919,1.3751600299851214e-05,0.0
lag1__protein_npx__Q9NQ79,1.3726504187255709e-05,0.0
lag1__protein_npx__Q99674,1.370560129406963e-05,0.0
lag1__peptide_log__VC(UniMod_4)PFAGILENGAVR,1.3691378493148867e-05,0.0
delta1__peptide_log__EDSLEAGLPLQVR,1.367955515160399e-05,0.0
lag1__protein_npx__P16035,1.3669924355994499e-05,0.0
rollmean2__protein_npx__P20774,1.3626734120443653e-05,0.0
peptide_log__HYTNPSQDVTVPC(UniMod_4)PVPPPPPC(UniMod_4)C(UniMod_4)HPR,1.3613761708215223e-05,0.0
protein_npx__P60174,1.357177553136352e-05,0.0
delta1__peptide_log__SEALAVDGAGKPGAEEAQDPEGK,1.3530070577713129e-05,0.0
rollmean2__protein_npx__Q7Z3B1,1.3529811992251188e-05,0.0
rollmean2__peptide_mean__P01034,1.3521486910104136e-05,0.0
slope1__peptide_log__M(UniMod_35)YLGYEYVTAIR,1.351919422951465e-05,0.0
peptide_log__KVEQAVETEPEPELR,1.350734091347317e-05,0.0
delta1__protein_npx__Q92823,1.3460917805937246e-05,0.0
lag1__peptide_mean__Q02818,1.3456990990121062e-05,0.0
protein_npx__P01780,1.3438083533721453e-05,0.0
protein_npx__Q9UKV8,1.3427906659405063e-05,0.0
lag1__peptide_std__P16035,1.3412715088805993e-05,0.0
slope1__peptide_log__DASGVTFTWTPSSGK,1.3388648494850262e-05,0.0
rollmean2__peptide_log__MASGAANVVGPK,1.3380628532109904e-05,0.0
lag1__protein_npx__P07195,1.3334508017748687e-05,0.0
rollmean2__peptide_std__P30086,1.331200576764268e-05,0.0
delta1__peptide_log__SELEEQLTPVAEETR,1.3289148767165261e-05,0.0
delta1__peptide_log__KQELSEAEQATR,1.3285631402641528e-05,0.0
lag1__peptide_mean__Q9UNU6,1.328162051780531e-05,0.0
rollmean2__peptide_mean__P01608,1.3271913155425978e-05,0.0
peptide_mean__Q9NQ79,1.3269581830709762e-05,0.0
rollmean2__peptide_mean__P01621,1.324684181069308e-05,0.0
rollmean2__peptide_mean__Q99435,1.3242471767945205e-05,0.0
lag1__peptide_std__P00450,1.3181712039014096e-05,0.0
peptide_mean__P19021,1.3129449326537597e-05,0.0
lag1__peptide_std__P02790,1.3116461263340237e-05,0.0
delta1__protein_npx__P05156,1.3079747365241689e-05,0.0
rollmean2__peptide_count__P04217,1.3078322345880547e-05,0.0
lag1__peptide_mean__P41222,1.3074580007980635e-05,0.0
slope1__peptide_mean__P08603,1.3050440365913653e-05,0.0
slope1__protein_npx__Q9Y6R7,1.2997866676095822e-05,0.0
peptide_log__YIVSGTPTFVPYLIK,1.2993395762047209e-05,0.0
rollmean2__protein_npx__P02792,1.2960076029405842e-05,0.0
peptide_std__P27169,1.2955541309941433e-05,0.0
rollmean2__peptide_log__LVGGPM(UniMod_35)DASVEEEGVRR,1.2937492890301388e-05,0.0
slope1__peptide_mean__P18065,1.2929488057699045e-05,0.0
rollmean2__protein_npx__O00391,1.2875592590769953e-05,0.0
delta1__peptide_log__HYDGSYSTFGER,1.2822299725983736e-05,0.0
delta1__protein_npx__P55290,1.281706047709975e-05,0.0
peptide_mean__P20933,1.2788884009690165e-05,0.0
missing__peptide_log__LGADM(UniMod_35)EDVC(UniMod_4)GR,1.2781982375251821e-05,0.0
peptide_mean__P00734,1.2735813417815674e-05,0.0
rollmean2__peptide_std__P01860,1.270603800957446e-05,0.0
slope1__peptide_mean__P00746,1.2705994463230225e-05,0.0
delta1__peptide_std__P17174,1.2696911852995375e-05,0.0
slope1__peptide_mean__Q9UHG2,1.2686017969682866e-05,0.0
rollmean2__protein_npx__P00738,1.2673580649539523e-05,0.0
rollmean2__protein_npx__P17936,1.2639174193073515e-05,0.0
lag1__peptide_log__ANRPFLVFIR,1.2638071692221031e-05,0.0
delta1__protein_npx__P60174,1.2613825728051838e-05,0.0
delta1__peptide_count__Q16610,1.2606816739860101e-05,0.0
missing__peptide_mean__P55290,1.2584526796100806e-05,0.0
slope1__peptide_mean__P01608,1.2546658746651023e-05,0.0
peptide_mean__P06396,1.251645901593197e-05,0.0
peptide_std__P02790,1.2493255412792794e-05,0.0
lag1__peptide_log__DSGFQM(UniMod_35)NQLR,1.2487521413073622e-05,0.0
lag1__peptide_mean__P01042,1.2482077388376174e-05,0.0
slope1__peptide_log__LQAEAFQAR,1.2470371028040703e-05,0.0
protein_npx__P07225,1.246977013418492e-05,0.0
delta1__peptide_std__P19823,1.2458513374704037e-05,0.0
slope1__protein_npx__P01019,1.2454590916793172e-05,0.0
peptide_log__SNSSM(UniMod_35)HITDC(UniMod_4)R,1.2429606774536827e-05,0.0
slope1__peptide_count__P02751,1.2424635012851848e-05,0.0
peptide_log__GC(UniMod_4)PTEEGC(UniMod_4)GER,1.2421822780726887e-05,0.0
delta1__protein_npx__P07195,1.241707341889594e-05,0.0
lag1__peptide_mean__P05452,1.2413464088158871e-05,0.0
slope1__peptide_log__GEVQAMLGQSTEELRVR,1.2404476249236421e-05,0.0
slope1__protein_npx__P41222,1.240008372121425e-05,0.0
lag1__peptide_mean__P60174,1.2358987744782368e-05,0.0
lag1__peptide_mean__P20774,1.2306023573953266e-05,0.0
protein_npx__P01042,1.2299480506688062e-05,0.0
peptide_mean__P10645,1.2286915137483675e-05,0.0
rollmean2__protein_npx__P07225,1.2238956696704937e-05,0.0
lag1__peptide_log__LSKELQAAQAR,1.2218664775852776e-05,0.0
slope1__protein_npx__Q99674,1.2201856364534671e-05,0.0
slope1__protein_npx__P01344,1.2193613933618695e-05,0.0
slope1__peptide_std__P01011,1.2190832502749429e-05,0.0
rollmean2__peptide_mean__Q99832,1.2186599915972917e-05,0.0
slope1__peptide_std__P00736,1.2179448843289121e-05,0.0
peptide_count__P14618,1.2170152378278942e-05,0.0
slope1__peptide_mean__Q92876,1.2161145536818825e-05,0.0
rollmean2__peptide_log__AKLEEQAQQIR,1.2155533889154824e-05,0.0
delta1__peptide_log__NFPPSQDASGDLYTTSSQLTLPATQC(UniMod_4)LAGK,1.2143914432133664e-05,0.0
lag1__peptide_mean__P07998,1.2143079827882947e-05,0.0
slope1__peptide_mean__Q9Y646,1.2142537092023737e-05,0.0
rollmean2__peptide_mean__P01042,1.2126143654536878e-05,0.0
slope1__peptide_log__AATGEC(UniMod_4)TATVGKR,1.2111003059051865e-05,0.0
rollmean2__peptide_count__P08493,1.2072729348316768e-05,0.0
peptide_mean__P11277,1.2067624203273342e-05,0.0
slope1__peptide_mean__Q9UBX5,1.2055635022226694e-05,0.0
delta1__peptide_mean__P01009,1.2045167078484498e-05,0.0
lag1__peptide_log__RTPITVVK,1.2019357845899629e-05,0.0
rollmean2__peptide_log__YIVSGTPTFVPYLIK,1.2012865614023122e-05,0.0
missing__protein_npx__Q9UKV8,1.2008030006983319e-05,0.0
lag1__protein_npx__P04211,1.199914616993105e-05,0.0
delta1__current_updrs_3,1.1989154935969165e-05,0.0
slope1__peptide_mean__P13521,1.1955886909955993e-05,0.0
delta1__peptide_std__P05067,1.1940607040343584e-05,0.0
rollmean2__protein_npx__P02647,1.1918747293275868e-05,0.0
protein_npx__Q16610,1.1882874731142164e-05,0.0
slope1__protein_npx__P01594,1.187551976187414e-05,0.0
rollmean2__peptide_observation_count,1.1844871545885179e-05,0.0
missing__peptide_count__P17936,1.1732446676870896e-05,0.0
slope1__protein_npx__Q92520,1.1722397904063906e-05,0.0
peptide_mean__P61626,1.170967507869372e-05,0.0
delta1__peptide_mean__Q6UXD5,1.1686690687801845e-05,0.0
slope1__peptide_mean__Q8N2S1,1.1665250787201796e-05,0.0
lag1__peptide_mean__P13611,1.1654447255752964e-05,0.0
peptide_mean__P13521,1.1648069536076818e-05,0.0
rollmean2__peptide_mean__Q99674,1.1636699728271715e-05,0.0
peptide_count__P01042,1.1625950267315008e-05,0.0
slope1__protein_npx__P05452,1.162354681501125e-05,0.0
rollmean2__protein_npx__P13987,1.1608399042129003e-05,0.0
delta1__peptide_log__TSAHGNVAEGETKPDPDVTER,1.151862867377596e-05,0.0
slope1__peptide_log__SWFEPLVEDM(UniMod_35)QR,1.1476477158707879e-05,0.0
delta1__peptide_log__SGEATDGARPQALPEPMQESK,1.1463817789241788e-05,0.0
lag1__protein_npx__P02751,1.1444161251386515e-05,0.0
rollmean2__peptide_mean__P02649,1.1435479662076896e-05,0.0
delta1__peptide_log__YIVSGTPTFVPYLIK,1.1433585446345012e-05,0.0
lag1__peptide_mean__Q16270,1.1427148760556146e-05,0.0
lag1__protein_npx__Q16610,1.1421662778686706e-05,0.0
lag1__peptide_mean__P01019,1.1407902522786108e-05,0.0
lag1__protein_npx__P08294,1.1391553782015255e-05,0.0
delta1__protein_npx__P02753,1.1389483684236664e-05,0.0
slope1__peptide_std__P02750,1.1353817634096855e-05,0.0
delta1__peptide_std__P02768,1.1353283814151166e-05,0.0
delta1__peptide_mean__P01876,1.1347698450277573e-05,0.0
lag1__peptide_mean__P05408,1.1333466040085824e-05,0.0
peptide_mean__Q8NBJ4,1.132444420150136e-05,0.0
peptide_count__O00533,1.131918810675867e-05,0.0
missing__peptide_std__Q14624,1.1314093034236414e-05,0.0
lag1__protein_npx__Q7Z5P9,1.129633500566653e-05,0.0
slope1__peptide_std__P05090,1.1226310111477227e-05,0.0
peptide_log__AVLPTGDVIGDSAK,1.1225347491148933e-05,0.0
peptide_mean__P41222,1.1189265078678599e-05,0.0
slope1__protein_npx__P00748,1.118704090052772e-05,0.0
rollmean2__protein_npx__P19021,1.1168100445466117e-05,0.0
missing__peptide_log__C(UniMod_4)C(UniMod_4)VEC(UniMod_4)PPC(UniMod_4)PAPPVAGPSVFLFPPKPK,1.1166619105396057e-05,0.0
lag1__peptide_log__YIVSGTPTFVPYLIK,1.1166382318912727e-05,0.0
peptide_mean__P02774,1.1162835928697818e-05,0.0
rollmean2__protein_npx__P07333,1.1156100116483413e-05,0.0
rollmean2__protein_npx__P02652,1.1133086018832841e-05,0.0
lag1__protein_npx__Q8NE71,1.1125345291968396e-05,0.0
delta1__protein_npx__P02790,1.1117196605104882e-05,0.0
delta1__peptide_mean__Q8N2S1,1.1116620972491785e-05,0.0
slope1__peptide_mean__Q13332,1.1111035022038201e-05,0.0
missing__protein_npx__P55290,1.1101404034395532e-05,0.0
rollmean2__protein_npx__P39060,1.1098485688916282e-05,0.0
delta1__protein_npx__Q92876,1.1077046045712994e-05,0.0
protein_npx__P07998,1.1061166691334516e-05,0.0
delta1__peptide_std__P02452,1.104000401343887e-05,0.0
missing__peptide_log__SC(UniMod_4)SPELQQK,1.102302892479965e-05,0.0
peptide_count__P54289,1.1013356682118783e-05,0.0
slope1__protein_npx__P07602,1.1003880163708265e-05,0.0
slope1__peptide_mean__P02452,1.0975706250152594e-05,0.0
slope1__peptide_std__Q08380,1.0969947789302114e-05,0.0
slope1__protein_npx__P00736,1.0968804285126992e-05,0.0
peptide_std__Q06481,1.096529447152716e-05,0.0
slope1__peptide_log__VDSGNDVTDIADDGC(UniMod_4)PKPPEIAHGYVEHSVR,1.0957684156738105e-05,0.0
slope1__peptide_log__SFNRGEC(UniMod_4),1.0937030925564066e-05,0.0
slope1__peptide_log__QIGSVYR,1.09094063436766e-05,0.0
slope1__peptide_log__LDEVKEQVAEVR,1.0869086944005266e-05,0.0
delta1__peptide_std__P06396,1.0865421927366506e-05,0.0
slope1__peptide_log__IHWESASLLR,1.0859919788758735e-05,0.0
slope1__peptide_log__VQAAVGTSAAPVPSDNH,1.0793171293288212e-05,0.0
slope1__peptide_std__P01857,1.078121279566935e-05,0.0
slope1__peptide_std__P02790,1.0750960755132656e-05,0.0
rollmean2__peptide_count__P02647,1.0743013250160965e-05,0.0
rollmean2__peptide_abundance_mean,1.071496131753521e-05,0.0
lag1__peptide_mean__P49908,1.0710361095681492e-05,0.0
delta1__protein_npx__Q6UXB8,1.069577759224229e-05,0.0
delta1__peptide_log__LGADMEDVC(UniMod_4)GR,1.068140488217124e-05,0.0
rollmean2__protein_npx__P07339,1.0681000522236405e-05,0.0
protein_npx__Q9UHG2,1.0666033548168632e-05,0.0
slope1__protein_npx__P01024,1.0657186902907615e-05,0.0
rollmean2__protein_npx__Q99435,1.0651146845251247e-05,0.0
lag1__peptide_std__P00747,1.063241225154075e-05,0.0
delta1__peptide_mean__P04217,1.062418530381623e-05,0.0
rollmean2__peptide_mean__P54289,1.0599113530592325e-05,0.0
lag1__peptide_std__P08697,1.059764165593218e-05,0.0
delta1__peptide_mean__Q12805,1.056560854663537e-05,0.0
slope1__peptide_count__P02787,1.0560087601160692e-05,0.0
peptide_log__HGGLYHENMR,1.054332568567417e-05,0.0
peptide_log__LGPLVEQGR,1.0536276138411333e-05,0.0
protein_npx__P01876,1.0534342842077513e-05,0.0
slope1__protein_npx__P05060,1.0529133909225577e-05,0.0
lag1__peptide_mean__O15240,1.0521205861832177e-05,0.0
rollmean2__has_previous_visit,1.0510618312375478e-05,0.0
protein_npx__Q8N2S1,1.0499105568265994e-05,0.0
delta1__peptide_log__AATGEC(UniMod_4)TATVGKR,1.0487255971055546e-05,0.0
lag1__peptide_count__P01834,1.0468524255850673e-05,0.0
lag1__peptide_mean__P16152,1.0447533853443943e-05,0.0
slope1__peptide_log__C(UniMod_4)IIEVLSNALSK,1.0413552598024138e-05,0.0
protein_npx__Q99969,1.0413224466539301e-05,0.0
slope1__peptide_std__P06396,1.040862667691384e-05,0.0
rollmean2__peptide_mean__Q15904,1.0387033296278584e-05,0.0
protein_npx__P54289,1.0383115675292386e-05,0.0
protein_npx__Q9UBR2,1.0361164303171379e-05,0.0
rollmean2__peptide_log__KVEQAVETEPEPELR,1.035891857464787e-05,0.0
rollmean2__protein_npx__P02751,1.0354941547261989e-05,0.0
delta1__peptide_std__P02787,1.0350582683520558e-05,0.0
lag1__peptide_mean__P18065,1.0344569427374022e-05,0.0
lag1__peptide_std__P02647,1.0302806945946164e-05,0.0
missing__peptide_log__VTLTC(UniMod_4)VAPLSGVDFQLR,1.0295759421551356e-05,0.0
lag1__peptide_std__Q92876,1.0285642021932668e-05,0.0
peptide_mean__P19827,1.0278391947363683e-05,0.0
peptide_mean__P98160,1.0255874868150441e-05,0.0
lag1__protein_npx__P06681,1.0255595372148228e-05,0.0
slope1__peptide_std__Q12907,1.0233118947425316e-05,0.0
slope1__peptide_mean__P07998,1.0203243466405087e-05,0.0
peptide_log__ATVNPSAPR,1.0186097366646364e-05,0.0
lag1__peptide_log__LEGQEEEEDNRDSSMK,1.0123274651972236e-05,0.0
protein_npx__P08294,1.0113929037274165e-05,0.0
delta1__peptide_log__LEGQEEEEDNRDSSMK,1.0103073011539126e-05,0.0
peptide_mean__P07858,1.0090512429484668e-05,0.0
delta1__peptide_std__P13611,1.0031156415394748e-05,0.0
lag1__peptide_mean__P01034,9.985192310645348e-06,0.0
delta1__peptide_std__P00746,9.978562436078407e-06,0.0
slope1__peptide_std__P05156,9.971581445052999e-06,0.0
lag1__protein_npx__Q14624,9.96299985864936e-06,0.0
lag1__protein_npx__P54289,9.895478080434649e-06,0.0
protein_npx__Q14508,9.882881218741622e-06,0.0
slope1__peptide_mean__P01877,9.869530157415826e-06,0.0
slope1__peptide_log__GC(UniMod_4)PTEEGC(UniMod_4)GER,9.867287377246835e-06,0.0
lag1__peptide_std__P13591,9.86055632864405e-06,0.0
protein_npx__P02751,9.839052653224522e-06,0.0
slope1__peptide_std__P00751,9.820061395709903e-06,0.0
lag1__protein_npx__O15240,9.817185809767379e-06,0.0
slope1__peptide_mean__P01833,9.80095771713783e-06,0.0
slope1__protein_npx__Q9UNU6,9.79387511871784e-06,0.0
rollmean2__peptide_count__P02774,9.779899368119577e-06,0.0
peptide_mean__O75326,9.778732827697675e-06,0.0
delta1__peptide_mean__P80748,9.749932929556647e-06,0.0
slope1__peptide_mean__P51884,9.73276156967145e-06,0.0
delta1__peptide_std__P01008,9.688013922357161e-06,0.0
lag1__peptide_std__P17174,9.670254009100278e-06,0.0
protein_npx__P07858,9.66855310633921e-06,0.0
slope1__peptide_mean__P09486,9.657388547903186e-06,0.0
delta1__peptide_log__VDSGNDVTDIADDGC(UniMod_4)PKPPEIAHGYVEHSVR,9.633073954906829e-06,0.0
lag1__peptide_mean__P40925,9.632141693787105e-06,0.0
slope1__protein_npx__P13473,9.621928919964334e-06,0.0
peptide_std__P24592,9.611792627047003e-06,0.0
slope1__peptide_mean__O00584,9.594865520925777e-06,0.0
lag1__protein_npx__P14618,9.571631228596508e-06,0.0
lag1__peptide_std__P10909,9.561464991985785e-06,0.0
delta1__protein_npx__P00746,9.543453996344546e-06,0.0
delta1__peptide_log__LQAEAFQAR,9.527673222760056e-06,0.0
delta1__protein_npx__O15394,9.524936909649322e-06,0.0
lag1__peptide_mean__P02790,9.516410690168019e-06,0.0
lag1__peptide_std__P13611,9.516059941715012e-06,0.0
protein_npx__P19827,9.515292095150813e-06,0.0
peptide_std__P00751,9.510742956645284e-06,0.0
lag1__protein_npx__P05060,9.506127227395435e-06,0.0
delta1__protein_npx__P01023,9.504419437028132e-06,0.0
protein_npx__P20933,9.498152913710529e-06,0.0
rollmean2__protein_missing_fraction,9.489904262354755e-06,0.0
lag1__protein_npx__P10451,9.485924458010485e-06,0.0
slope1__protein_npx__Q13449,9.464847435060204e-06,0.0
delta1__protein_npx__Q13740,9.458103078722739e-06,0.0
protein_npx__P61626,9.418370944114638e-06,0.0
delta1__peptide_std__P51884,9.38268504291319e-06,0.0
peptide_log__WELALGR,9.378881245769919e-06,0.0
rollmean2__peptide_mean__P13591,9.377325209879674e-06,0.0
delta1__protein_npx__Q15904,9.368834060578731e-06,0.0
rollmean2__protein_npx__P13521,9.368116138806758e-06,0.0
lag1__protein_npx__Q99832,9.363068459534005e-06,0.0
delta1__protein_npx__Q13283,9.355057780661252e-06,0.0
rollmean2__peptide_count__P18065,9.338387431753715e-06,0.0
slope1__protein_npx__P09104,9.325367746686028e-06,0.0
delta1__protein_npx__P14314,9.316623436293372e-06,0.0
rollmean2__peptide_mean__O75144,9.30381926729326e-06,0.0
lag1__peptide_mean__O14498,9.303055308129159e-06,0.0
protein_npx__O75144,9.268494003157601e-06,0.0
rollmean2__peptide_log__LEGQEEEEDNRDSSMK,9.263595388133133e-06,0.0
protein_npx__Q13332,9.25168380050221e-06,0.0
slope1__peptide_count__P02647,9.246755450713724e-06,0.0
delta1__peptide_mean__P01344,9.236097232835159e-06,0.0
rollmean2__protein_npx__P01780,9.233660178669178e-06,0.0
slope1__protein_npx__P61626,9.224423542579696e-06,0.0
slope1__peptide_mean__O94919,9.224220606735088e-06,0.0
protein_npx__P61278,9.212430065661292e-06,0.0
slope1__peptide_mean__P16870,9.203390217603023e-06,0.0
protein_npx__O00533,9.189755163874682e-06,0.0
lag1__peptide_mean__P16035,9.177607291269048e-06,0.0
delta1__protein_npx__P20774,9.174820269842573e-06,0.0
peptide_count__P02452,9.16160711308735e-06,0.0
rollmean2__protein_npx__P01621,9.141145560889166e-06,0.0
rollmean2__protein_npx__P04180,9.13632185777581e-06,0.0
peptide_mean__P31997,9.136243993931496e-06,0.0
delta1__protein_npx__Q13332,9.133401695635065e-06,0.0
rollmean2__peptide_count__P54289,9.12999772935809e-06,0.0
slope1__peptide_mean__P01834,9.082660660083608e-06,0.0
slope1__protein_npx__O15394,9.071297442448591e-06,0.0
delta1__peptide_std__P00441,9.049001077791056e-06,0.0
protein_npx__Q15904,9.038808257063221e-06,0.0
slope1__protein_npx__P02656,8.997703887409544e-06,0.0
slope1__peptide_mean__Q06481,8.970541259489555e-06,0.0
missing__peptide_std__P14314,8.950544410068867e-06,0.0
rollmean2__protein_npx__Q13332,8.927764863258588e-06,0.0
peptide_mean__P07333,8.917647723317234e-06,0.0
rollmean2__protein_npx__P43121,8.914978982351087e-06,0.0
delta1__protein_npx__O14498,8.904248460513441e-06,0.0
lag1__protein_npx__Q92876,8.903941484374036e-06,0.0
delta1__peptide_mean__Q16610,8.89126055894452e-06,0.0
delta1__peptide_count__P10645,8.84756534821989e-06,0.0
peptide_mean__P55290,8.833125746424534e-06,0.0
rollmean2__protein_npx__Q12805,8.77615340670232e-06,0.0
slope1__protein_npx__Q8IWV7,8.73281745304481e-06,0.0
protein_missing_fraction,8.704293192949094e-06,0.0
delta1__peptide_std__P00450,8.702065082790723e-06,0.0
delta1__protein_npx__P02749,8.678591105930409e-06,0.0
rollmean2__peptide_std__P14314,8.668013882207266e-06,0.0
delta1__peptide_std__P02671,8.665797233414848e-06,0.0
delta1__peptide_log__HGGLYHENMR,8.652460853470377e-06,0.0
peptide_std__P01008,8.640540496653595e-06,0.0
rollmean2__peptide_mean__P36955,8.628809707400022e-06,0.0
lag1__peptide_mean__Q6UXD5,8.620771810460466e-06,0.0
delta1__peptide_std__Q13740,8.611567020632835e-06,0.0
rollmean2__protein_npx__Q9UKV8,8.607085866594724e-06,0.0
rollmean2__protein_npx__P01034,8.573993982133776e-06,0.0
slope1__peptide_std__P12109,8.532406541328656e-06,0.0
lag1__peptide_std__Q9UHG2,8.512236179165015e-06,0.0
slope1__peptide_mean__P06681,8.502266879444326e-06,0.0
peptide_mean__P05546,8.499023945438922e-06,0.0
slope1__peptide_std__P00734,8.473475104856134e-06,0.0
rollmean2__protein_npx__P01594,8.4725894088392e-06,0.0
delta1__protein_npx__P01033,8.4665903831885e-06,0.0
slope1__protein_npx__P01861,8.462632170164637e-06,0.0
peptide_mean__P09104,8.455369701439431e-06,0.0
delta1__peptide_std__P02753,8.410313751061504e-06,0.0
slope1__peptide_log__SSQGGSLPSEEK,8.409002327756349e-06,0.0
slope1__peptide_std__Q9NQ79,8.406061463905834e-06,0.0
delta1__peptide_log__QKVEPLRAELQEGAR,8.404544419559755e-06,0.0
protein_npx__P16152,8.400726023734056e-06,0.0
lag1__peptide_std__P08571,8.385338394543256e-06,0.0
rollmean2__protein_npx__P49908,8.36195389078492e-06,0.0
delta1__peptide_log__GSPAINVAVHVFRK,8.313904697945124e-06,0.0
lag1__peptide_mean__P10643,8.31023806989988e-06,0.0
missing__peptide_count__P02792,8.292475469667571e-06,0.0
rollmean2__protein_npx__P04156,8.277779910544963e-06,0.0
delta1__protein_npx__P01009,8.242513472685068e-06,0.0
lag1__protein_npx__P04180,8.222572131501787e-06,0.0
slope1__peptide_log__SPVGVQPILNEHTFC(UniMod_4)AGMSK,8.18039652859471e-06,0.0
lag1__protein_npx__P09104,8.175354902000765e-06,0.0
peptide_mean__P02751,8.165222785462176e-06,0.0
delta1__peptide_std__P01011,8.157914520484751e-06,0.0
slope1__peptide_std__P55290,8.150528465419023e-06,0.0
lag1__peptide_mean__P01023,8.145874292043457e-06,0.0
rollmean2__peptide_count__P02751,8.10973125795215e-06,0.0
delta1__peptide_mean__P05156,8.104664730629978e-06,0.0
peptide_count__P00738,8.098740204702634e-06,0.0
delta1__peptide_mean__P07333,8.02904525326361e-06,0.0
peptide_mean__P02649,8.020439220484086e-06,0.0
peptide_count__P01023,8.013338732159715e-06,0.0
delta1__peptide_std__P04075,8.003454443886538e-06,0.0
slope1__protein_npx__O00533,7.978970943200459e-06,0.0
lag1__peptide_mean__P11277,7.946913530033864e-06,0.0
slope1__peptide_mean__P49588,7.921142525155226e-06,0.0
lag1__peptide_mean__Q8IWV7,7.909490159675953e-06,0.0
delta1__peptide_mean__P39060,7.885835338634645e-06,0.0
lag1__peptide_log__GEVQAMLGQSTEELRVR,7.884603017695576e-06,0.0
rollmean2__peptide_mean__P60174,7.872558296138809e-06,0.0
rollmean2__peptide_count__P43121,7.871851964551688e-06,0.0
missing__protein_npx__O00391,7.854150817142735e-06,0.0
rollmean2__protein_npx__P13671,7.841460240166656e-06,0.0
missing__peptide_log__TSPVDEKALQDQLVLVAAK,7.817166687457479e-06,0.0
delta1__protein_npx__P43251,7.807113848699313e-06,0.0
lag1__peptide_mean__Q13449,7.806516036961846e-06,0.0
lag1__protein_feature_count,7.800113831910303e-06,0.0
protein_npx__Q92876,7.75654162621774e-06,0.0
lag1__peptide_std__P01024,7.742512452538725e-06,0.0
delta1__peptide_std__P02748,7.739527581561117e-06,0.0
slope1__peptide_mean__P13671,7.73869675695375e-06,0.0
slope1__peptide_std__Q96PD5,7.705493926263708e-06,0.0
delta1__peptide_log__AKLEEQAQQIR,7.702364170315814e-06,0.0
delta1__peptide_count__Q08380,7.684517648001362e-06,0.0
rollmean2__peptide_count__P19652,7.669776900286552e-06,0.0
peptide_count__P00748,7.652662494478725e-06,0.0
delta1__peptide_count__P02787,7.642975917674475e-06,0.0
delta1__peptide_std__O75144,7.642038875101376e-06,0.0
peptide_count__P05067,7.628317005273959e-06,0.0
slope1__protein_npx__Q9NYU2,7.622331814852993e-06,0.0
missing__peptide_log__M(UniMod_35)ASGAANVVGPK,7.605139392864333e-06,0.0
lag1__peptide_feature_count,7.582070849571396e-06,0.0
delta1__protein_npx__P16070,7.572082752594694e-06,0.0
rollmean2__protein_npx__P05452,7.563558831578527e-06,0.0
delta1__peptide_std__P05060,7.561770161460418e-06,0.0
slope1__protein_npx__P02792,7.547659211425085e-06,0.0
slope1__peptide_log__TEGDGVYTLNNEK,7.547615465102262e-06,0.0
lag1__peptide_std__P07339,7.531757109516574e-06,0.0
delta1__peptide_std__P36222,7.5198287531851885e-06,0.0
peptide_mean__P13473,7.511851911840865e-06,0.0
rollmean2__peptide_count__P25311,7.500410333039642e-06,0.0
lag1__peptide_std__P02656,7.492044852655476e-06,0.0
delta1__protein_npx__P08603,7.486988043723687e-06,0.0
slope1__protein_npx__P14174,7.485733087300246e-06,0.0
rollmean2__protein_npx__P23083,7.484553823953511e-06,0.0
slope1__peptide_mean__P14314,7.479145330486766e-06,0.0
lag1__peptide_count__P02675,7.479005273379544e-06,0.0
slope1__peptide_log__KFPSGTFEQVSQLVK,7.465835945652695e-06,0.0
slope1__protein_npx__P20774,7.4647041892257475e-06,0.0
slope1__peptide_count__P51884,7.462989045902963e-06,0.0
delta1__protein_npx__P02768,7.447119082818832e-06,0.0
rollmean2__peptide_mean__O14791,7.429961043944328e-06,0.0
lag1__peptide_mean__P10451,7.424155140615164e-06,0.0
lag1__protein_npx__P17936,7.404362476429916e-06,0.0
protein_npx__P43121,7.391131319368206e-06,0.0
delta1__protein_npx__P02766,7.3904538637035335e-06,0.0
delta1__protein_npx__Q02818,7.3811006445179595e-06,0.0
slope1__peptide_count__P14618,7.349301344460133e-06,0.0
lag1__peptide_std__P09871,7.313804137679212e-06,0.0
lag1__peptide_std__P20774,7.290146061629681e-06,0.0
rollmean2__peptide_count__P04004,7.279513066476497e-06,0.0
lag1__peptide_mean__P04275,7.276646224297306e-06,0.0
lag1__protein_npx__P80748,7.26464932402331e-06,0.0
protein_npx__P02452,7.259319261173577e-06,0.0
slope1__peptide_mean__Q14515,7.244023198153601e-06,0.0
lag1__peptide_count__P02774,7.239415831841089e-06,0.0
lag1__peptide_std__P02774,7.238066567975735e-06,0.0
rollmean2__peptide_count__P24592,7.2171385395498e-06,0.0
lag1__peptide_mean__Q12841,7.211718756090688e-06,0.0
slope1__peptide_abundance_std,7.182858548366078e-06,0.0
delta1__peptide_mean__P01023,7.168867235819447e-06,0.0
rollmean2__peptide_count__O14773,7.1622778939921595e-06,0.0
missing__peptide_count__P01861,7.140582484083041e-06,0.0
lag1__protein_npx__P01042,7.132963212388175e-06,0.0
rollmean2__peptide_count__P06681,7.118178798024156e-06,0.0
peptide_log__AEAQEAEDQQAR,7.115261002886805e-06,0.0
peptide_mean__Q7Z5P9,7.1139933717552745e-06,0.0
rollmean2__peptide_mean__Q9NYU2,7.106260248810327e-06,0.0
protein_npx__P08603,7.091873300994306e-06,0.0
delta1__protein_npx__P36955,7.0734321416519675e-06,0.0
slope1__peptide_mean__P13611,7.063443473280835e-06,0.0
slope1__peptide_log__VMPIC(UniMod_4)LPSKDYAEVGR,7.0520354086809096e-06,0.0
delta1__peptide_mean__Q7Z5P9,7.051841780991617e-06,0.0
delta1__peptide_mean__P07998,7.050760043038212e-06,0.0
peptide_log__SELEEQLTPVAEETR,7.048548904347835e-06,0.0
delta1__peptide_mean__P17936,7.022961743131367e-06,0.0
lag1__protein_npx__P02765,7.0146432482506336e-06,0.0
slope1__peptide_mean__P36222,6.997750757979837e-06,0.0
delta1__peptide_mean__P04211,6.995246225074739e-06,0.0
slope1__peptide_mean__O60888,6.9820083000192694e-06,0.0
protein_npx__O75326,6.981703558662838e-06,0.0
lag1__peptide_log__SELEEQLTPVAEETR,6.9707191046340565e-06,0.0
lag1__protein_npx__P01344,6.968326545430963e-06,0.0
missing__peptide_log__HYEGSTVPEK,6.912512574987473e-06,0.0
delta1__peptide_log__IMNGEADAMSLDGGFVYIAGK,6.9050001288011225e-06,0.0
rollmean2__peptide_count__P43652,6.889332317870262e-06,0.0
delta1__protein_npx__Q14624,6.8641099054414065e-06,0.0
slope1__peptide_log__LSSWVLLM(UniMod_35)K,6.855314211807978e-06,0.0
rollmean2__peptide_count__P02765,6.852225895858712e-06,0.0
missing__peptide_std__Q9Y6R7,6.83937774435595e-06,0.0
lag1__peptide_mean__Q15904,6.827678786255071e-06,0.0
rollmean2__peptide_mean__P10909,6.824285604850337e-06,0.0
lag1__protein_npx__P01019,6.79680583851395e-06,0.0
rollmean2__protein_npx__P61278,6.796409685921883e-06,0.0
slope1__peptide_std__P04217,6.7931039343777186e-06,0.0
slope1__peptide_log__SLAELGGHLDQQVEEFRR,6.791545920717772e-06,0.0
slope1__protein_npx__P02753,6.790265749629081e-06,0.0
lag1__peptide_mean__P07195,6.783417475273207e-06,0.0
rollmean2__protein_npx__Q13283,6.77193619847885e-06,0.0
slope1__peptide_mean__Q7Z3B1,6.766324841626542e-06,0.0
lag1__peptide_mean__P02452,6.762812061672235e-06,0.0
lag1__peptide_abundance_min,6.756530806711174e-06,0.0
delta1__peptide_mean__P02748,6.748478355570732e-06,0.0
slope1__peptide_mean__P61769,6.727782924110068e-06,0.0
delta1__peptide_log__ILLQGTPVAQMTEDAVDAER,6.72528212469894e-06,0.0
protein_npx__P98160,6.714418108163938e-06,0.0
slope1__peptide_mean__P08133,6.705613780621686e-06,0.0
slope1__peptide_mean__P04211,6.701607384304535e-06,0.0
missing__protein_npx__P01780,6.700321875107239e-06,0.0
delta1__protein_npx__P04406,6.700063759277941e-06,0.0
rollmean2__protein_npx__O15394,6.692639094466742e-06,0.0
peptide_log__SGELEQEEER,6.67505062873708e-06,0.0
slope1__peptide_std__P17174,6.669507380966272e-06,0.0
delta1__peptide_std__P05546,6.661587793495605e-06,0.0
delta1__peptide_mean__P01024,6.6581610092336095e-06,0.0
slope1__peptide_mean__P05156,6.588155859182039e-06,0.0
rollmean2__protein_npx__P49588,6.583751375923849e-06,0.0
rollmean2__peptide_log__VMPIC(UniMod_4)LPSKDYAEVGR,6.5629124804018585e-06,0.0
peptide_mean__P01344,6.553880457658818e-06,0.0
rollmean2__protein_npx__P02671,6.553081365021263e-06,0.0
delta1__protein_npx__Q92520,6.545312158137349e-06,0.0
delta1__peptide_mean__P11277,6.5399753382848675e-06,0.0
slope1__peptide_count__P06396,6.538173725841843e-06,0.0
delta1__protein_npx__Q8IWV7,6.527101315504008e-06,0.0
rollmean2__peptide_mean__P13521,6.511574286812285e-06,0.0
slope1__peptide_mean__P02753,6.507091446834764e-06,0.0
protein_npx__Q562R1,6.496860630922538e-06,0.0
missing__peptide_count__P27169,6.49246354464588e-06,0.0
delta1__peptide_mean__P43652,6.492030583238238e-06,0.0
delta1__peptide_log__ELSSFIDKGQELC(UniMod_4)ADYSENTFTEYK,6.450288402213702e-06,0.0
peptide_count__P02652,6.4484459149007216e-06,0.0
rollmean2__peptide_mean__P17936,6.416249493240582e-06,0.0
rollmean2__peptide_mean__Q12907,6.4094523260491926e-06,0.0
lag1__protein_npx__Q9UHG2,6.401299929398832e-06,0.0
lag1__protein_npx__Q02818,6.399178766301725e-06,0.0
slope1__peptide_std__P02765,6.3946863625647036e-06,0.0
delta1__peptide_mean__Q13449,6.390067892156302e-06,0.0
delta1__peptide_std__P07339,6.320218194966457e-06,0.0
slope1__protein_npx__P00746,6.318519243418889e-06,0.0
slope1__protein_npx__O14498,6.31043791506399e-06,0.0
rollmean2__protein_npx__Q9BY67,6.300458185635187e-06,0.0
delta1__peptide_count__P01008,6.27961798517977e-06,0.0
slope1__peptide_log__GEVQAMLGQSTEELR,6.277263923509721e-06,0.0
rollmean2__protein_npx__P43251,6.26397877322428e-06,0.0
delta1__peptide_mean__P06454,6.261201133638826e-06,0.0
delta1__protein_npx__Q9Y6R7,6.260153535636625e-06,0.0
lag1__peptide_mean__P00450,6.246976453592519e-06,0.0
delta1__peptide_std__Q14515,6.246069451311642e-06,0.0
lag1__peptide_count__Q96KN2,6.242296792922252e-06,0.0
slope1__protein_npx__P13521,6.241835160397066e-06,0.0
delta1__peptide_count__P08603,6.2379556544667885e-06,0.0
rollmean2__peptide_count__P51884,6.221960372816013e-06,0.0
lag1__peptide_count__P08603,6.190463090864852e-06,0.0
slope1__peptide_log__TDASDVKPC(UniMod_4),6.186308136364492e-06,0.0
slope1__peptide_mean__P20933,6.170071187603059e-06,0.0
delta1__peptide_log__SLAELGGHLDQQVEEFRR,6.150666521280703e-06,0.0
peptide_count__P18065,6.146604583546409e-06,0.0
delta1__protein_npx__P01834,6.145162347046968e-06,0.0
rollmean2__peptide_mean__O14498,6.141383244224376e-06,0.0
rollmean2__peptide_mean__Q13332,6.129002715625382e-06,0.0
delta1__peptide_std__Q92823,6.11459023917892e-06,0.0
delta1__peptide_std__P00748,6.068277484062142e-06,0.0
missing__protein_npx__P19021,6.062868209294658e-06,0.0
rollmean2__protein_npx__P13473,6.050980114420575e-06,0.0
delta1__peptide_missing_fraction,6.048000377151871e-06,0.0
rollmean2__peptide_count__P01876,6.044112954112121e-06,0.0
rollmean2__peptide_mean__P08294,6.040997055568895e-06,0.0
rollmean2__peptide_count__P04075,6.020639690383338e-06,0.0
slope1__protein_npx__Q15904,6.0145458205992965e-06,0.0
lag1__peptide_count__P02749,6.001443701965699e-06,0.0
lag1__protein_npx__P11142,5.975226359436193e-06,0.0
delta1__peptide_std__P02652,5.965664172496815e-06,0.0
slope1__peptide_mean__P01009,5.934969422299137e-06,0.0
lag1__protein_npx__O00584,5.931559082573872e-06,0.0
slope1__peptide_mean__P98160,5.929067357953383e-06,0.0
lag1__peptide_abundance_max,5.924984466943547e-06,0.0
protein_npx__P02747,5.9036467896601e-06,0.0
slope1__peptide_log__TSAHGNVAEGETKPDPDVTER,5.899745116695156e-06,0.0
delta1__protein_npx__P54289,5.8986318020801925e-06,0.0
protein_npx__Q12805,5.877601422778184e-06,0.0
rollmean2__peptide_count__O94919,5.871124209330557e-06,0.0
delta1__peptide_log__LAVYQAGAR,5.856323768089906e-06,0.0
peptide_mean__Q14508,5.845195688973869e-06,0.0
delta1__peptide_std__P04217,5.845049347231231e-06,0.0
lag1__peptide_count__P23142,5.844709023411335e-06,0.0
slope1__peptide_std__P02753,5.828341033827458e-06,0.0
lag1__protein_npx__P98160,5.827680787728189e-06,0.0
slope1__protein_npx__P49588,5.811490439726107e-06,0.0
slope1__peptide_mean__P00450,5.8078478045409964e-06,0.0
lag1__peptide_log__ILTC(UniMod_4)M(UniMod_35)QGMEEIR,5.806676376777464e-06,0.0
lag1__peptide_std__P00751,5.805701240415208e-06,0.0
peptide_count__P30086,5.791811958154424e-06,0.0
delta1__peptide_log__IHWESASLLR,5.785069593972347e-06,0.0
lag1__peptide_mean__Q9UBR2,5.782253229068733e-06,0.0
slope1__peptide_std__P01019,5.76326153471152e-06,0.0
rollmean2__peptide_mean__Q9BY67,5.741123825955805e-06,0.0
slope1__peptide_count__P43652,5.7379938839887245e-06,0.0
lag1__protein_npx__P01031,5.722940766219197e-06,0.0
lag1__peptide_std__P02452,5.716808824519204e-06,0.0
slope1__peptide_std__P02763,5.709472549892945e-06,0.0
rollmean2__protein_npx__Q13451,5.698450750821916e-06,0.0
peptide_count__P02787,5.6843898432973076e-06,0.0
lag1__protein_npx__P08603,5.683769366260044e-06,0.0
protein_npx__P23142,5.6810642603413645e-06,0.0
lag1__protein_npx__O94919,5.655191135462858e-06,0.0
lag1__peptide_log__NPDSSTTGPWC(UniMod_4)YTTDPTVR,5.654769233250591e-06,0.0
slope1__peptide_abundance_max,5.654369587864949e-06,0.0
lag1__peptide_log__VLLDQLR,5.647819072808415e-06,0.0
delta1__peptide_log__QNC(UniMod_4)ELFEQLGEYK,5.639822649567325e-06,0.0
slope1__peptide_log__HYEGSTVPEK,5.625316454436665e-06,0.0
lag1__peptide_log__C(UniMod_4)C(UniMod_4)VEC(UniMod_4)PPC(UniMod_4)PAPPVAGPSVFLFPPKPK,5.625150322709664e-06,0.0
lag1__protein_npx__Q9UBR2,5.59530635602377e-06,0.0
lag1__peptide_count__P43121,5.593967468295769e-06,0.0
lag1__protein_npx__Q99683,5.593017900767886e-06,0.0
slope1__peptide_log__KAADDTWEPFASGK,5.587348931016304e-06,0.0
missing__peptide_count__Q9UNU6,5.585818175974972e-06,0.0
slope1__peptide_mean__Q14508,5.578013851123576e-06,0.0
lag1__peptide_abundance_mean,5.577332831155688e-06,0.0
rollmean2__peptide_mean__Q8NBJ4,5.575565582743391e-06,0.0
lag1__protein_npx__Q8NBJ4,5.566103992338228e-06,0.0
lag1__protein_npx__P08253,5.5592364142516995e-06,0.0
rollmean2__peptide_count__P00450,5.547681253688833e-06,0.0
rollmean2__peptide_count__P16870,5.533686223446283e-06,0.0
delta1__protein_npx__P32754,5.527701382669675e-06,0.0
lag1__peptide_std__P02652,5.5153203198777685e-06,0.0
peptide_mean__Q9Y646,5.495412830494783e-06,0.0
lag1__protein_npx__Q9NYU2,5.486319662809206e-06,0.0
delta1__peptide_mean__Q96KN2,5.48376275342236e-06,0.0
rollmean2__protein_npx__Q15904,5.479684895220441e-06,0.0
peptide_mean__P08253,5.473474518758362e-06,0.0
slope1__peptide_log__SGEATDGARPQALPEPMQESK,5.463279745688555e-06,0.0
peptide_mean__P17936,5.429033739660556e-06,0.0
delta1__peptide_std__P61916,5.42725678876741e-06,0.0
slope1__peptide_mean__P25311,5.424426879373301e-06,0.0
slope1__peptide_std__P01834,5.421513618936487e-06,0.0
rollmean2__protein_npx__P10909,5.407980615357532e-06,0.0
slope1__peptide_mean__Q12841,5.3803770485978155e-06,0.0
lag1__peptide_mean__P01008,5.378211557963517e-06,0.0
slope1__protein_npx__Q02818,5.37063758483381e-06,0.0
slope1__peptide_mean__P10645,5.358260899554605e-06,0.0
rollmean2__peptide_count__P02766,5.353015793075378e-06,0.0
delta1__peptide_mean__P31997,5.343059268786342e-06,0.0
delta1__peptide_mean__Q12907,5.31439940876332e-06,0.0
slope1__protein_npx__P01860,5.294998637022604e-06,0.0
slope1__peptide_std__P02649,5.243114108177707e-06,0.0
lag1__peptide_count__P05060,5.237721940451632e-06,0.0
slope1__protein_npx__P24592,5.200323573947822e-06,0.0
delta1__peptide_std__P09871,5.178138738340853e-06,0.0
protein_npx__P05155,5.156103490237008e-06,0.0
lag1__peptide_mean__P08253,5.15591651333626e-06,0.0
rollmean2__peptide_mean__P20774,5.123896306331322e-06,0.0
slope1__protein_npx__P01033,5.123008609375259e-06,0.0
delta1__peptide_std__P02760,5.118530224250534e-06,0.0
rollmean2__peptide_mean__P10451,5.108404050144469e-06,0.0
slope1__protein_missing_fraction,5.095966206208826e-06,0.0
slope1__protein_npx__Q9UBR2,5.092448547582218e-06,0.0
slope1__peptide_mean__P20774,5.087585010035256e-06,0.0
lag1__protein_npx__P01833,5.070142944874029e-06,0.0
lag1__protein_npx__Q12841,5.027205279721894e-06,0.0
lag1__protein_npx__P00738,5.001513294268345e-06,0.0
delta1__peptide_mean__P04196,4.985551156195943e-06,0.0
peptide_count__P02751,4.939660368413599e-06,0.0
slope1__protein_npx__P04004,4.925493801618923e-06,0.0
lag1__peptide_std__P43121,4.918721426890347e-06,0.0
lag1__protein_npx__P00734,4.918171199413473e-06,0.0
missing__peptide_mean__Q99832,4.915195033696727e-06,0.0
lag1__peptide_mean__Q96KN2,4.90916270398727e-06,0.0
delta1__peptide_std__P01019,4.900239000680301e-06,0.0
slope1__peptide_std__Q14118,4.8869112595244015e-06,0.0
slope1__peptide_log__SGELEQEEER,4.866095848860946e-06,0.0
lag1__peptide_std__Q12805,4.859752618030536e-06,0.0
slope1__peptide_std__P01859,4.857335738437083e-06,0.0
peptide_mean__Q15904,4.847835243974644e-06,0.0
delta1__peptide_log__SGELEQEEER,4.823209997215856e-06,0.0
lag1__protein_npx__P60174,4.813643652049406e-06,0.0
protein_npx__P04180,4.813143047071659e-06,0.0
delta1__protein_npx__P02763,4.797650874952729e-06,0.0
rollmean2__protein_npx__Q6UXD5,4.796743949319737e-06,0.0
slope1__peptide_log__VDNALQSGNSQESVTEQDSKDSTYSLSSTLTLSK,4.796589183585413e-06,0.0
peptide_count__P17174,4.78607127594452e-06,0.0
delta1__peptide_mean__O60888,4.782883682717504e-06,0.0
lag1__protein_npx__P01857,4.756966145953674e-06,0.0
delta1__protein_npx__P00747,4.7414931825101335e-06,0.0
rollmean2__peptide_mean__P04406,4.7279256741395265e-06,0.0
peptide_log__ILTC(UniMod_4)M(UniMod_35)QGMEEIR,4.7231917575818214e-06,0.0
delta1__peptide_std__P08571,4.695418922311609e-06,0.0
slope1__protein_npx__Q99832,4.694698888752511e-06,0.0
lag1__peptide_log__QQETAAAETETR,4.677127043510779e-06,0.0
peptide_count__P05155,4.671756689316506e-06,0.0
lag1__peptide_std__P02750,4.665719916793994e-06,0.0
peptide_mean__Q14118,4.6576501323881235e-06,0.0
slope1__peptide_log__C(UniMod_4)RDQLPYIC(UniMod_4)QFGIV,4.653838434719319e-06,0.0
lag1__peptide_mean__P13987,4.647151679594726e-06,0.0
missing__protein_npx__P05408,4.6454823792880585e-06,0.0
slope1__peptide_mean__Q99674,4.625768525524679e-06,0.0
peptide_mean__Q7Z3B1,4.615656589850921e-06,0.0
lag1__peptide_count__P43652,4.610001905890267e-06,0.0
peptide_mean__P05156,4.604915691270403e-06,0.0
protein_npx__Q96BZ4,4.5946487035071315e-06,0.0
missing__current_updrs_4,4.5905818660631825e-06,0.0
delta1__peptide_mean__Q14118,4.5852780905378616e-06,0.0
delta1__peptide_mean__P61916,4.575770183972951e-06,0.0
lag1__peptide_mean__Q6UXB8,4.537872578833083e-06,0.0
delta1__peptide_log__LSNENHGIAQR,4.534974206891285e-06,0.0
slope1__peptide_mean__O00391,4.533571106128136e-06,0.0
peptide_count__P08294,4.52252178023611e-06,0.0
slope1__peptide_std__P30086,4.515222528157868e-06,0.0
slope1__peptide_std__P04196,4.514839144396636e-06,0.0
peptide_log__TPVSDRVTK,4.5041544565783464e-06,0.0
rollmean2__protein_npx__P01344,4.500506414648799e-06,0.0
lag1__protein_npx__Q9BY67,4.500092660869492e-06,0.0
rollmean2__peptide_count__P02649,4.487835183066218e-06,0.0
peptide_count__P61916,4.478543759986086e-06,0.0
delta1__peptide_std__P10643,4.4730209438687835e-06,0.0
lag1__protein_npx__P10909,4.4677414993886885e-06,0.0
peptide_count__P43121,4.465531501029903e-06,0.0
rollmean2__peptide_mean__P49908,4.461210837942112e-06,0.0
delta1__protein_npx__P01833,4.456129602384177e-06,0.0
lag1__protein_npx__P04275,4.453651005086622e-06,0.0
lag1__protein_npx__P13987,4.452582693436834e-06,0.0
rollmean2__peptide_count__P05060,4.443934357698916e-06,0.0
lag1__protein_npx__P20933,4.4437023314792805e-06,0.0
rollmean2__protein_npx__Q6UX71,4.412462811828906e-06,0.0
lag1__peptide_log__RLEGQEEEEDNRDSSMK,4.405668497302809e-06,0.0
delta1__peptide_mean__P08123,4.394701028603513e-06,0.0
rollmean2__peptide_count__P20774,4.386973064698028e-06,0.0
lag1__peptide_count__P16870,4.381995338856372e-06,0.0
lag1__peptide_log__LQAEAFQAR,4.353079570647363e-06,0.0
delta1__peptide_std__P01024,4.328404226543944e-06,0.0
slope1__peptide_mean__P00736,4.325130738656824e-06,0.0
peptide_count__P12109,4.323135743044114e-06,0.0
lag1__protein_npx__P10645,4.3171023801921e-06,0.0
slope1__peptide_mean__P01780,4.309230822203302e-06,0.0
rollmean2__peptide_count__P01011,4.266833632989798e-06,0.0
protein_npx__P02652,4.205829503847763e-06,0.0
delta1__peptide_log__VTLTC(UniMod_4)VAPLSGVDFQLR,4.1953056669547394e-06,0.0
slope1__protein_npx__P07998,4.1801020114341965e-06,0.0
slope1__protein_npx__O75144,4.1761033288304446e-06,0.0
lag1__protein_npx__Q562R1,4.17432771135316e-06,0.0
missing__protein_npx__P01594,4.168564803114338e-06,0.0
slope1__protein_npx__P09486,4.168489102473961e-06,0.0
rollmean2__peptide_log__SSQGGSLPSEEK,4.148316185129467e-06,0.0
lag1__peptide_mean__Q99969,4.138957950684766e-06,0.0
rollmean2__protein_npx__P01033,4.136136123199601e-06,0.0
lag1__peptide_mean__O15394,4.135400698213969e-06,0.0
lag1__protein_npx__Q14508,4.133338824969359e-06,0.0
lag1__peptide_mean__P04211,4.129767626093793e-06,0.0
slope1__peptide_count__P19823,4.1202910430780846e-06,0.0
delta1__peptide_log__HYEGSTVPEK,4.115347730272051e-06,0.0
rollmean2__peptide_count__Q12805,4.094555439789752e-06,0.0
visit_index,4.092507158774789e-06,0.0
slope1__protein_npx__P04180,4.084115702341691e-06,0.0
peptide_mean__P02679,4.07492146314374e-06,0.0
slope1__protein_npx__P01034,4.074050967738497e-06,0.0
slope1__peptide_log__TM(UniMod_35)LLQPAGSLGSYSYR,4.066019910062729e-06,0.0
delta1__protein_npx__P06454,4.056941019394402e-06,0.0
delta1__protein_npx__P02792,4.039731437298887e-06,0.0
slope1__protein_npx__P02790,4.033456594801543e-06,0.0
missing__peptide_count__P01031,4.0158918584508425e-06,0.0
slope1__protein_npx__P19827,4.01561700540364e-06,0.0
lag1__peptide_mean__P02765,4.01299930446191e-06,0.0
lag1__protein_npx__P04075,4.0094186484753015e-06,0.0
delta1__peptide_mean__P04156,4.008730913696921e-06,0.0
lag1__peptide_mean__Q13283,4.0078584456066265e-06,0.0
slope1__peptide_mean__O14791,4.00373511777517e-06,0.0
missing__protein_npx__P11277,4.003248511489118e-06,0.0
lag1__peptide_mean__P08603,3.997116597016958e-06,0.0
rollmean2__protein_npx__P01861,3.899466442328967e-06,0.0
rollmean2__peptide_count__P98160,3.898114204709138e-06,0.0
protein_npx__P12109,3.883104694111272e-06,0.0
delta1__protein_npx__P08637,3.855622716975848e-06,0.0
slope1__protein_npx__Q9BY67,3.828724607400528e-06,0.0
lag1__peptide_mean__P01877,3.81061787210389e-06,0.0
peptide_mean__Q9UNU6,3.800690297141516e-06,0.0
lag1__peptide_log__LGPLVEQGR,3.7877510829289433e-06,0.0
rollmean2__peptide_count__P02656,3.7824530940301816e-06,0.0
slope1__protein_npx__P08133,3.7770679031225576e-06,0.0
slope1__peptide_std__P02647,3.774732900549113e-06,0.0
slope1__protein_npx__P01859,3.7743556880039997e-06,0.0
lag1__peptide_std__P02765,3.753690262035895e-06,0.0
delta1__peptide_std__P61769,3.741117436192259e-06,0.0
missing__peptide_mean__P05408,3.7192558137427024e-06,0.0
slope1__peptide_mean__P04196,3.7131239666804046e-06,0.0
lag1__peptide_mean__O00533,3.67175216286205e-06,0.0
rollmean2__peptide_mean__P98160,3.6623220873481147e-06,0.0
slope1__protein_npx__P02748,3.6581468988523094e-06,0.0
peptide_count__P04196,3.632430660955576e-06,0.0
rollmean2__peptide_mean__Q7Z3B1,3.6252733095993494e-06,0.0
rollmean2__protein_npx__P14174,3.6187005677694644e-06,0.0
slope1__peptide_count__P02671,3.611669154182469e-06,0.0
missing__peptide_mean__P60174,3.6106352657738206e-06,0.0
slope1__protein_npx__Q12907,3.5936326351060406e-06,0.0
delta1__peptide_mean__P19021,3.5830254833965262e-06,0.0
lag1__peptide_log__M(UniMod_35)YLGYEYVTAIR,3.581798272038574e-06,0.0
delta1__peptide_count__P06396,3.571232444842486e-06,0.0
lag1__protein_npx__P23142,3.5656547873257583e-06,0.0
rollmean2__protein_npx__P54289,3.5640432523633774e-06,0.0
delta1__protein_npx__P05090,3.5596444547356798e-06,0.0
delta1__peptide_log__WELALGR,3.558429918146448e-06,0.0
protein_npx__P05452,3.5516644158839526e-06,0.0
lag1__peptide_log__HYTNPSQDVTVPC(UniMod_4)PVPPPPPC(UniMod_4)C(UniMod_4)HPR,3.549139683766738e-06,0.0
lag1__peptide_log__VDSGNDVTDIADDGC(UniMod_4)PKPPEIAHGYVEHSVR,3.5474668837116374e-06,0.0
slope1__protein_npx__P01717,3.5447223546752713e-06,0.0
delta1__peptide_mean__P24592,3.528025161244459e-06,0.0
peptide_count__P10909,3.522838892637718e-06,0.0
protein_npx__P18065,3.522595044289658e-06,0.0
delta1__peptide_mean__P16070,3.519678068712027e-06,0.0
missing__peptide_count__P01594,3.509174567883798e-06,0.0
rollmean2__visit_index,3.507478032272126e-06,0.0
lag1__protein_npx__P01024,3.480019830846127e-06,0.0
slope1__peptide_mean__P00734,3.4669020403815362e-06,0.0
slope1__peptide_mean__P04216,3.4635044536101952e-06,0.0
delta1__peptide_mean__P12109,3.4573660412621195e-06,0.0
slope1__protein_npx__P61278,3.453647191760251e-06,0.0
lag1__peptide_mean__P04196,3.450222642210325e-06,0.0
protein_npx__P01608,3.4430101522123993e-06,0.0
rollmean2__peptide_count__P01042,3.4386971253950543e-06,0.0
missing__peptide_mean__P20933,3.4182508079446407e-06,0.0
protein_npx__P08123,3.404252434365324e-06,0.0
delta1__peptide_log__QQETAAAETETR,3.4005555422532455e-06,0.0
slope1__peptide_std__P05060,3.395893091361188e-06,0.0
delta1__peptide_log__FM(UniMod_35)ETVAEK,3.3925299520427145e-06,0.0
rollmean2__protein_npx__Q8NBJ4,3.3891468135643227e-06,0.0
lag1__protein_npx__P39060,3.3831344263159954e-06,0.0
delta1__peptide_mean__P07225,3.38180889769276e-06,0.0
slope1__peptide_mean__P16152,3.3771815614952288e-06,0.0
lag1__peptide_mean__P80748,3.374357677721025e-06,0.0
protein_npx__P14618,3.3742427062208926e-06,0.0
rollmean2__protein_npx__P16035,3.3679468492836967e-06,0.0
delta1__peptide_std__O15240,3.3602880250458278e-06,0.0
protein_npx__P04216,3.3545730289835315e-06,0.0
current_medication_on,3.350230762998413e-06,0.0
slope1__peptide_mean__P01024,3.3468858462737384e-06,0.0
lag1__peptide_std__P10645,3.345477423973143e-06,0.0
missing__peptide_std__P02452,3.3404377516875105e-06,0.0
lag1__peptide_mean__P55290,3.3130507207127037e-06,0.0
delta1__peptide_mean__P36222,3.3096030287675415e-06,0.0
protein_npx__P07333,3.3017438609892874e-06,0.0
peptide_count__P01024,3.2970097111855342e-06,0.0
slope1__peptide_mean__Q9UKV8,3.2863239534035114e-06,0.0
rollmean2__peptide_mean__P05155,3.2578325053917816e-06,0.0
delta1__peptide_mean__P09486,3.2318434032285673e-06,0.0
delta1__peptide_log__C(UniMod_4)IIEVLSNALSK,3.2282151114776005e-06,0.0
missing__peptide_log__LSNENHGIAQR,3.22323159577384e-06,0.0
peptide_count__Q16610,3.2097561701963454e-06,0.0
delta1__peptide_mean__P10643,3.1955689855160718e-06,0.0
peptide_count__Q92520,3.188232377311469e-06,0.0
slope1__protein_npx__Q6UXB8,3.167382239012348e-06,0.0
lag1__peptide_mean__P32754,3.163730393079836e-06,0.0
delta1__peptide_std__P02790,3.1631586655220403e-06,0.0
slope1__protein_npx__P07858,3.1587773087226576e-06,0.0
delta1__protein_npx__P01717,3.1492368227377863e-06,0.0
slope1__peptide_log__TKEEYGHSEVVEYYC(UniMod_4)NPR,3.1357734190243026e-06,0.0
lag1__protein_npx__O75326,3.1326858652929416e-06,0.0
slope1__peptide_log__ATVNPSAPR,3.1221419509119297e-06,0.0
rollmean2__peptide_mean__O43505,3.120851320981035e-06,0.0
protein_npx__O14498,3.1205401091134848e-06,0.0
peptide_count__Q12841,3.1185069795533335e-06,0.0
delta1__peptide_mean__P02452,3.110911127102118e-06,0.0
slope1__peptide_count__Q16610,3.107627656537531e-06,0.0
delta1__peptide_std__P02765,3.1047674584690113e-06,0.0
delta1__protein_npx__P13521,3.1011141337255013e-06,0.0
lag1__protein_npx__Q16270,3.0935918627919536e-06,0.0
protein_npx__Q99829,3.091811895107734e-06,0.0
slope1__peptide_count__P10643,3.0772197566148418e-06,0.0
missing__peptide_mean__P07333,3.0602337166142016e-06,0.0
protein_npx__Q99435,3.0599978650522133e-06,0.0
slope1__peptide_mean__Q08380,3.0561942207417436e-06,0.0
peptide_std__P14314,3.0541006996912663e-06,0.0
slope1__protein_npx__P08294,3.051252550956843e-06,0.0
missing__peptide_mean__Q6UXD5,3.0354769015601924e-06,0.0
peptide_log__LEGQEEEEDNRDSSMK,3.025902189276562e-06,0.0
rollmean2__peptide_mean__P02647,3.0170057216476164e-06,0.0
delta1__peptide_mean__P54289,2.994510109085012e-06,0.0
delta1__protein_npx__O75144,2.9932869305772276e-06,0.0
lag1__visit_index,2.978045014472623e-06,0.0
slope1__peptide_mean__Q14118,2.974463236317161e-06,0.0
slope1__peptide_log__LIADLGSTSITNLGFR,2.944187034515271e-06,0.0
slope1__peptide_mean__P24592,2.9376583017451032e-06,0.0
slope1__peptide_mean__P00748,2.936950057858005e-06,0.0
lag1__protein_npx__Q6UXB8,2.9362022546022687e-06,0.0
slope1__protein_npx__P01031,2.9321213225689744e-06,0.0
lag1__peptide_mean__P24592,2.9193514956027477e-06,0.0
delta1__peptide_mean__P01860,2.9187283979248487e-06,0.0
slope1__peptide_mean__Q96BZ4,2.906401281890222e-06,0.0
peptide_mean__Q96BZ4,2.8983105015392815e-06,0.0
delta1__peptide_log__KVEQAVETEPEPELR,2.8837089224882497e-06,0.0
slope1__peptide_mean__P06310,2.8764961351862015e-06,0.0
peptide_count__Q96PD5,2.8761890509254356e-06,0.0
rollmean2__peptide_mean__Q6UX71,2.8760168812309404e-06,0.0
missing__peptide_log__SWFEPLVEDM(UniMod_35)QR,2.8656611039315956e-06,0.0
delta1__peptide_mean__P06727,2.8583812352818475e-06,0.0
slope1__peptide_std__P08697,2.8543947523842283e-06,0.0
slope1__peptide_missing_fraction,2.853271156863627e-06,0.0
delta1__peptide_mean__P98160,2.8461045019270347e-06,0.0
delta1__peptide_log__NFPPSQDASGDLYTTSSQLTLPATQC(UniMod_4)PDGK,2.8372083255315104e-06,0.0
lag1__peptide_mean__P16070,2.8337180237929413e-06,0.0
slope1__protein_npx__P23083,2.831870033760985e-06,0.0
missing__peptide_mean__Q9NYU2,2.819512158124938e-06,0.0
lag1__peptide_log__TDASDVKPC(UniMod_4),2.8114749751185847e-06,0.0
delta1__peptide_std__P02750,2.7983900654627058e-06,0.0
peptide_mean__Q96KN2,2.7927716844620357e-06,0.0
lag1__protein_npx__P05408,2.7906676753813863e-06,0.0
lag1__peptide_log__RGYQLSDVDGVTC(UniMod_4)EDIDEC(UniMod_4)ALPTGGHIC(UniMod_4)SYR,2.7878083643730313e-06,0.0
slope1__peptide_log__YIVSGTPTFVPYLIK,2.7672178088580314e-06,0.0
delta1__protein_npx__P02787,2.7384150918727977e-06,0.0
delta1__peptide_count__P01023,2.7358762344835007e-06,0.0
rollmean2__peptide_mean__P01344,2.734579036070241e-06,0.0
slope1__peptide_mean__P10451,2.7262315200739475e-06,0.0
rollmean2__peptide_count__P30086,2.7112945860408755e-06,0.0
lag1__peptide_count__Q16610,2.703972810760341e-06,0.0
missing__peptide_mean__Q13740,2.6942416713222863e-06,0.0
delta1__peptide_log__SFNRGEC(UniMod_4),2.6803989206346315e-06,0.0
slope1__protein_npx__P02751,2.677039372147631e-06,0.0
slope1__peptide_mean__Q8NE71,2.673456164158859e-06,0.0
missing__peptide_mean__O00391,2.670726692689605e-06,0.0
slope1__peptide_log__QQETAAAETETR,2.655731616878133e-06,0.0
slope1__protein_npx__P02652,2.652048474438167e-06,0.0
delta1__protein_npx__P04275,2.6492762075168247e-06,0.0
slope1__peptide_log__C(UniMod_4)SYTEDAQC(UniMod_4)IDGTIEVPK,2.625751162652854e-06,0.0
peptide_count__P01857,2.610801399656196e-06,0.0
rollmean2__protein_npx__P05067,2.6091143010829887e-06,0.0
lag1__peptide_log__GEVQAMLGQSTEELR,2.5904214749715455e-06,0.0
slope1__peptide_mean__Q9NYU2,2.5855017101215362e-06,0.0
lag1__protein_npx__P55290,2.5815653649744484e-06,0.0
rollmean2__peptide_mean__P09104,2.5801682160709727e-06,0.0
delta1__peptide_mean__P14314,2.562279176634798e-06,0.0
lag1__protein_npx__P13611,2.5583001684758207e-06,0.0
missing__peptide_count__P49588,2.554848446695057e-06,0.0
slope1__peptide_std__P00738,2.5478482765241916e-06,0.0
slope1__peptide_mean__P02765,2.5438545326959262e-06,0.0
lag1__peptide_mean__P13591,2.5348812126633633e-06,0.0
delta1__peptide_mean__Q99683,2.5268527486136555e-06,0.0
lag1__protein_npx__Q9UKV8,2.5243659801867794e-06,0.0
delta1__peptide_mean__P01717,2.5237058116686314e-06,0.0
delta1__peptide_mean__P08603,2.510035057523794e-06,0.0
slope1__peptide_log__VC(UniMod_4)PFAGILENGAVR,2.509932791298447e-06,0.0
lag1__peptide_log__M(UniMod_35)ASGAANVVGPK,2.5067039980008724e-06,0.0
slope1__peptide_mean__Q92520,2.5059063144524133e-06,0.0
peptide_count__P07339,2.478352874357563e-06,0.0
peptide_count__P02671,2.4738039327965746e-06,0.0
lag1__peptide_log__LDEVKEQVAEVR,2.4577905139118714e-06,0.0
lag1__peptide_mean__Q7Z3B1,2.4536801471675444e-06,0.0
lag1__protein_npx__P36955,2.446974399124641e-06,0.0
slope1__peptide_log__VTLTC(UniMod_4)VAPLSGVDFQLR,2.444003229498163e-06,0.0
delta1__peptide_log__TLLSNLEEAKK,2.4421598583648933e-06,0.0
peptide_count__P13591,2.43900683738907e-06,0.0
slope1__protein_npx__P18065,2.4203830868219184e-06,0.0
protein_npx__O43505,2.4190379166355732e-06,0.0
lag1__peptide_mean__P01608,2.4186755232026552e-06,0.0
lag1__peptide_mean__O75144,2.415238180168001e-06,0.0
slope1__peptide_log__MASGAANVVGPK,2.4116506883731637e-06,0.0
delta1__protein_npx__P25311,2.4011645837425395e-06,0.0
slope1__peptide_std__P36955,2.3892428806128195e-06,0.0
lag1__protein_npx__P16070,2.3701397315444344e-06,0.0
slope1__peptide_mean__O75144,2.3626714152867613e-06,0.0
peptide_count__P02675,2.3594695681758853e-06,0.0
slope1__protein_npx__P35542,2.3558901657320973e-06,0.0
protein_npx__P20774,2.349376991828325e-06,0.0
lag1__peptide_log__FNKPFVFLM(UniMod_35)IEQNTK,2.3338867986199464e-06,0.0
slope1__peptide_log__ANRPFLVFIR,2.3237367386342616e-06,0.0
delta1__protein_npx__Q12805,2.319184909346698e-06,0.0
delta1__protein_npx__Q7Z5P9,2.3181128202520383e-06,0.0
lag1__protein_npx__Q14515,2.3097196848233558e-06,0.0
slope1__protein_npx__P01009,2.309235828977252e-06,0.0
delta1__peptide_abundance_max,2.3090231553764647e-06,0.0
lag1__peptide_mean__P20933,2.3082319755797977e-06,0.0
slope1__peptide_mean__P02751,2.3064783788617794e-06,0.0
rollmean2__protein_npx__Q9NYU2,2.300555363223799e-06,0.0
slope1__peptide_mean__P54289,2.2988821908043053e-06,0.0
slope1__peptide_count__P01859,2.29746863755113e-06,0.0
delta1__peptide_log__SC(UniMod_4)DTPPPC(UniMod_4)PR,2.2919428486617886e-06,0.0
slope1__peptide_mean__Q16610,2.2605785669880148e-06,0.0
delta1__peptide_mean__P00734,2.245941867321741e-06,0.0
missing__peptide_mean__Q9UKV8,2.2429361678425244e-06,0.0
rollmean2__peptide_count__O15240,2.2391301801641995e-06,0.0
slope1__protein_npx__P08571,2.2292908578630077e-06,0.0
missing__peptide_count__Q9Y646,2.2242868103381976e-06,0.0
missing__peptide_log__AEAQEAEDQQAR,2.211169940749553e-06,0.0
delta1__protein_npx__P11142,2.207020827129265e-06,0.0
rollmean2__peptide_mean__P04156,2.206963385295994e-06,0.0
missing__peptide_std__P08493,2.190176528991167e-06,0.0
delta1__peptide_mean__Q7Z3B1,2.1894403547975885e-06,0.0
lag1__peptide_mean__Q13740,2.186933433278267e-06,0.0
rollmean2__protein_npx__O43505,2.1619270229451448e-06,0.0
lag1__protein_npx__Q12805,2.1580693001716793e-06,0.0
slope1__peptide_log__LSNENHGIAQR,2.138632573801051e-06,0.0
slope1__protein_npx__P49908,2.13415154586914e-06,0.0
delta1__protein_missing_fraction,2.126423704543828e-06,0.0
delta1__protein_npx__P61278,2.120708384596711e-06,0.0
lag1__peptide_count__O00533,2.114310998349754e-06,0.0
rollmean2__protein_npx__Q96BZ4,2.1142161261846628e-06,0.0
delta1__peptide_count__P01024,2.1084645805328524e-06,0.0
delta1__peptide_std__P02749,2.091118393275979e-06,0.0
slope1__protein_feature_count,2.0906086379994254e-06,0.0
delta1__peptide_log__TPVSDRVTK,2.090330377186512e-06,0.0
slope1__peptide_log__VGYVSGWGR,2.089596616515074e-06,0.0
slope1__peptide_log__MYYSAVDPTKDIFTGLIGPM(UniMod_35)K,2.0834741087234624e-06,0.0
rollmean2__peptide_mean__Q96BZ4,2.0831214855770564e-06,0.0
delta1__peptide_std__P02751,2.073870833947629e-06,0.0
delta1__peptide_std__Q9UBX5,2.069841863003509e-06,0.0
lag1__peptide_mean__P01861,2.0607642362516494e-06,0.0
lag1__peptide_count__P01019,2.051441263775689e-06,0.0
delta1__protein_npx__P23083,2.039177802534055e-06,0.0
peptide_mean__P23083,2.038846539320758e-06,0.0
missing__peptide_mean__P36980,2.023843022388926e-06,0.0
missing__peptide_log__AVLPTGDVIGDSAK,2.0227624105632144e-06,0.0
delta1__peptide_log__LIADLGSTSITNLGFR,1.9988154772817223e-06,0.0
lag1__peptide_count__P01009,1.9823136584616896e-06,0.0
protein_npx__Q13449,1.9805090834276787e-06,0.0
lag1__protein_npx__P19827,1.9503242374821137e-06,0.0
slope1__peptide_count__P06727,1.9190175703419046e-06,0.0
peptide_std__Q9UBX5,1.9183220266701216e-06,0.0
slope1__peptide_mean__P01031,1.9157626857545446e-06,0.0
delta1__peptide_log__SLAAAAGKQELAK,1.895787495465816e-06,0.0
missing__protein_npx__P02792,1.8895023026996007e-06,0.0
lag1__peptide_std__P05155,1.8833745000274304e-06,0.0
missing__peptide_log__SFNRGEC(UniMod_4),1.8596219315464006e-06,0.0
delta1__peptide_mean__P02790,1.858732758793602e-06,0.0
lag1__peptide_log__VQPYLDDFQKK,1.8480656354322205e-06,0.0
slope1__protein_npx__P01857,1.837484334519396e-06,0.0
lag1__peptide_std__P01009,1.8298909395501018e-06,0.0
slope1__protein_npx__P01876,1.8195965134829332e-06,0.0
slope1__protein_npx__Q13283,1.8148740287649815e-06,0.0
peptide_mean__P49908,1.813562951084381e-06,0.0
slope1__current_updrs_3,1.8131686216252264e-06,0.0
delta1__peptide_mean__Q8IWV7,1.8078951312139231e-06,0.0
slope1__peptide_count__P01834,1.8071634461762879e-06,0.0
missing__peptide_count__Q6UX71,1.8065060273787367e-06,0.0
rollmean2__peptide_count__Q14515,1.8049975708420138e-06,0.0
missing__peptide_mean__Q96BZ4,1.801336068730179e-06,0.0
lag1__peptide_mean__P04075,1.7963246753672984e-06,0.0
delta1__peptide_log__ELDESLQVAER,1.7949423441965115e-06,0.0
missing__protein_npx__O75326,1.7943440943115281e-06,0.0
delta1__protein_npx__Q13449,1.773859374652977e-06,0.0
slope1__protein_npx__P60174,1.7671856834016548e-06,0.0
delta1__peptide_log__RLEGQEEEEDNRDSSMK,1.7592556791214282e-06,0.0
delta1__protein_npx__O43505,1.7512319670449299e-06,0.0
rollmean2__protein_npx__Q13449,1.7508702043251691e-06,0.0
lag1__protein_npx__P49908,1.739198241670572e-06,0.0
lag1__peptide_mean__P06454,1.737741337273035e-06,0.0
slope1__peptide_log__LEGQEEEEDNRDSSMK,1.7375011427544245e-06,0.0
peptide_count__P01008,1.7257413058097477e-06,0.0
rollmean2__protein_npx__Q02818,1.7178831700259396e-06,0.0
delta1__peptide_count__P01042,1.7077287263205846e-06,0.0
missing__peptide_count__O00391,1.6996793684167621e-06,0.0
rollmean2__peptide_mean__P01019,1.673235150018808e-06,0.0
missing__protein_npx__P04406,1.6726648114338234e-06,0.0
delta1__protein_npx__Q9UNU6,1.6689630946090097e-06,0.0
delta1__peptide_mean__P13671,1.667886291893258e-06,0.0
lag1__protein_npx__Q9HDC9,1.6586372094501045e-06,0.0
peptide_mean__P61278,1.6551658972114975e-06,0.0
protein_npx__P14174,1.6527831903835084e-06,0.0
lag1__peptide_mean__P02766,1.6450701879657767e-06,0.0
lag1__protein_npx__P32754,1.6446537039044063e-06,0.0
lag1__peptide_mean__P13473,1.6357303733216703e-06,0.0
missing__peptide_std__P17174,1.634448746752863e-06,0.0
delta1__peptide_mean__Q92876,1.621868885426568e-06,0.0
delta1__peptide_std__Q9Y6R7,1.621538717163028e-06,0.0
lag1__peptide_mean__P08697,1.6198071936416775e-06,0.0
delta1__protein_npx__P07602,1.617037429514823e-06,0.0
delta1__protein_npx__P13987,1.61595791689012e-06,0.0
delta1__peptide_log__TSPVDEKALQDQLVLVAAK,1.612423803763377e-06,0.0
delta1__protein_npx__P05546,1.6117705374672366e-06,0.0
missing__peptide_count__Q562R1,1.6113469114275087e-06,0.0
slope1__protein_npx__P05408,1.6094942449669934e-06,0.0
delta1__protein_npx__Q99674,1.5952105632141918e-06,0.0
lag1__peptide_mean__P08294,1.5944206301880733e-06,0.0
delta1__peptide_log__TKEEYGHSEVVEYYC(UniMod_4)NPR,1.5879278519036164e-06,0.0
delta1__peptide_mean__P20774,1.5850210495393142e-06,0.0
lag1__protein_npx__P09871,1.5826857314797348e-06,0.0
rollmean2__peptide_mean__P07858,1.5790494838254676e-06,0.0
delta1__protein_npx__P09486,1.5774461140313374e-06,0.0
delta1__peptide_log__ANRPFLVFIR,1.5754826397444753e-06,0.0
delta1__peptide_mean__P02656,1.5750895147859301e-06,0.0
delta1__protein_npx__P08571,1.56969221370372e-06,0.0
slope1__peptide_std__P08493,1.5582108530605663e-06,0.0
peptide_count__Q96KN2,1.5483917735732374e-06,0.0
lag1__peptide_count__P61769,1.5371186540336801e-06,0.0
delta1__protein_npx__P01859,1.529103293667252e-06,0.0
delta1__peptide_std__Q06481,1.5241908941537034e-06,0.0
rollmean2__protein_npx__P07195,1.5232223020638437e-06,0.0
lag1__peptide_mean__Q9UKV8,1.5112666202908754e-06,0.0
lag1__peptide_std__P14618,1.5082493079024571e-06,0.0
rollmean2__protein_npx__Q14508,1.5003931891244124e-06,0.0
delta1__peptide_std__P01857,1.499595185872878e-06,0.0
peptide_std__P98160,1.49392794570208e-06,0.0
peptide_count__P06727,1.4876650281292798e-06,0.0
lag1__peptide_log__SGEATDGARPQALPEPMQESK,1.4833463177123043e-06,0.0
delta1__peptide_mean__P07858,1.4797246743537954e-06,0.0
peptide_count__O94919,1.4710857225475103e-06,0.0
missing__protein_npx__P02655,1.469389931595956e-06,0.0
lag1__peptide_mean__P02792,1.4626659741935839e-06,0.0
slope1__protein_npx__P04156,1.4589301140378093e-06,0.0
delta1__peptide_mean__P01859,1.4278901402339803e-06,0.0
delta1__protein_npx__P12109,1.4089684528565287e-06,0.0
rollmean2__peptide_log__SGEATDGARPQALPEPMQESK,1.407278149006911e-06,0.0
delta1__protein_npx__P05408,1.4016925574045693e-06,0.0
lag1__peptide_log__VTLTC(UniMod_4)VAPLSGVDFQLR,1.3881440043683459e-06,0.0
peptide_mean__Q99832,1.3789039924275995e-06,0.0
slope1__protein_npx__P01042,1.3738946983922204e-06,0.0
missing__peptide_mean__P11142,1.372349223649167e-06,0.0
rollmean2__protein_npx__P16870,1.3608187374375317e-06,0.0
peptide_count__P05090,1.3552476134647975e-06,0.0
lag1__peptide_mean__P19021,1.3473082517283323e-06,0.0
peptide_count__P01834,1.3384308582063358e-06,0.0
slope1__peptide_log__LAVYQAGAR,1.3290913748167561e-06,0.0
delta1__peptide_mean__P02768,1.3214229805051689e-06,0.0
missing__peptide_mean__P01594,1.3141728261200074e-06,0.0
delta1__has_previous_visit,1.3140344152159977e-06,0.0
delta1__peptide_log__TDASDVKPC(UniMod_4),1.3019881192040807e-06,0.0
lag1__current_updrs_1,1.3019243155140545e-06,0.0
slope1__peptide_mean__P13591,1.2916653414277572e-06,0.0
missing__peptide_count__Q9UBR2,1.290204188022508e-06,0.0
slope1__peptide_std__P02768,1.2814936083096232e-06,0.0
peptide_count__P00736,1.2770386217551155e-06,0.0
missing__peptide_std__P05546,1.2755817126557325e-06,0.0
slope1__peptide_log__RTPITVVK,1.2738034025186692e-06,0.0
lag1__peptide_mean__Q99683,1.2614873869027318e-06,0.0
lag1__peptide_log__TKEEYGHSEVVEYYC(UniMod_4)NPR,1.2613991712476008e-06,0.0
slope1__protein_npx__P43121,1.2544218516829343e-06,0.0
lag1__peptide_mean__Q12805,1.2376436911067183e-06,0.0
delta1__peptide_count__P05155,1.22908888636207e-06,0.0
rollmean2__peptide_count__P01859,1.2276431580034684e-06,0.0
lag1__protein_npx__P16870,1.225964156004103e-06,0.0
peptide_count__P07711,1.2238908520993255e-06,0.0
delta1__protein_npx__P08697,1.222900956329409e-06,0.0
delta1__peptide_std__P43652,1.2127767434572875e-06,0.0
rollmean2__peptide_mean__Q92876,1.2041696235143257e-06,0.0
slope1__protein_npx__P04196,1.20412934781344e-06,0.0
slope1__peptide_std__P08603,1.2011800763043846e-06,0.0
delta1__protein_npx__Q8NE71,1.1984264672403596e-06,0.0
lag1__peptide_mean__P13671,1.1958029093468483e-06,0.0
delta1__protein_npx__P01780,1.1879459188025565e-06,0.0
delta1__peptide_mean__P02647,1.1870142052295815e-06,0.0
slope1__peptide_std__O14773,1.1852713792984334e-06,0.0
rollmean2__protein_npx__O60888,1.1844472559349448e-06,0.0
slope1__peptide_std__P00748,1.1827376656369307e-06,0.0
lag1__peptide_log__LIADLGSTSITNLGFR,1.1808432926128024e-06,0.0
lag1__peptide_mean__O00391,1.1781592772213377e-06,0.0
delta1__protein_npx__P02652,1.1718203320183084e-06,0.0
peptide_count__P51884,1.1711511919439545e-06,0.0
delta1__peptide_mean__P13591,1.1609613284154272e-06,0.0
lag1__peptide_missing_fraction,1.1495682308304395e-06,0.0
delta1__protein_npx__P08253,1.1406269717675409e-06,0.0
lag1__peptide_count__P02751,1.138018751927629e-06,0.0
slope1__protein_npx__P02671,1.1109504563197614e-06,0.0
lag1__protein_npx__O00391,1.099725289543882e-06,0.0
missing__peptide_count__Q99829,1.0964518326943415e-06,0.0
peptide_count__P07602,1.0958643984631144e-06,0.0
missing__peptide_mean__P01833,1.0867144522574985e-06,0.0
delta1__peptide_log__C(UniMod_4)RDQLPYIC(UniMod_4)QFGIV,1.086066985658556e-06,0.0
rollmean2__peptide_count__P08697,1.0844184458251247e-06,0.0
rollmean2__peptide_mean__P06454,1.0749068096502876e-06,0.0
rollmean2__protein_npx__Q92876,1.0728150786414714e-06,0.0
delta1__peptide_feature_count,1.071000837323648e-06,0.0
lag1__peptide_std__P00736,1.0707098854927347e-06,0.0
lag1__peptide_mean__P04217,1.0596640161844174e-06,0.0
slope1__peptide_std__P09871,1.0579461861030861e-06,0.0
slope1__peptide_mean__P00441,1.054307523636689e-06,0.0
delta1__protein_npx__Q14508,1.0504001925401379e-06,0.0
missing__peptide_mean__P27169,1.048918119055617e-06,0.0
slope1__peptide_std__Q92823,1.0392087879287932e-06,0.0
delta1__peptide_count__P01009,1.036412284133658e-06,0.0
missing__peptide_mean__Q562R1,1.0354996646084142e-06,0.0
peptide_mean__P04156,1.0301225276723402e-06,0.0
rollmean2__peptide_mean__P13987,1.0259885138207446e-06,0.0
missing__protein_npx__P01591,1.0225974872768697e-06,0.0
slope1__peptide_mean__P19652,1.0199923602970032e-06,0.0
protein_npx__P01861,1.0181136374765277e-06,0.0
rollmean2__peptide_count__O00584,1.0179857365826161e-06,0.0
delta1__peptide_mean__P16152,1.0146945836683365e-06,0.0
slope1__protein_npx__P16870,1.0133961894666903e-06,0.0
delta1__peptide_mean__P14618,1.0088723460108444e-06,0.0
slope1__peptide_mean__P05408,1.008294680715303e-06,0.0
lag1__protein_npx__P01877,1.0061464542131105e-06,0.0
slope1__peptide_count__P02675,1.0053926995470207e-06,0.0
delta1__protein_npx__Q08380,9.883917629666555e-07,0.0
protein_npx__P43251,9.864076827233427e-07,0.0
lag1__current_medication_on,9.659675802433277e-07,0.0
peptide_count__Q9Y6R7,9.611036591054783e-07,0.0
slope1__peptide_mean__Q6UXB8,9.55922689526413e-07,0.0
peptide_count__P02656,9.508086564199004e-07,0.0
peptide_mean__P04406,9.472200147919304e-07,0.0
missing__peptide_mean__P23083,9.458686129956642e-07,0.0
lag1__protein_npx__P02452,9.383996077037639e-07,0.0
slope1__protein_npx__Q7Z3B1,9.307450210267645e-07,0.0
slope1__peptide_mean__P07195,9.275916998825572e-07,0.0
peptide_count__Q16270,9.249570785309421e-07,0.0
protein_npx__P41222,9.24555706232127e-07,0.0
lag1__peptide_count__P14314,9.219173289095016e-07,0.0
lag1__protein_npx__P01033,9.151930304653986e-07,0.0
lag1__protein_npx__Q13740,9.056597783950335e-07,0.0
delta1__peptide_std__Q12841,9.002468792593093e-07,0.0
lag1__peptide_mean__P27169,8.958358086037308e-07,0.0
rollmean2__peptide_mean__Q96S96,8.929336338055206e-07,0.0
missing__protein_npx__Q9UNU6,8.852171544430071e-07,0.0
lag1__peptide_count__P01877,8.836667787505566e-07,0.0
delta1__peptide_mean__Q99969,8.799783828748006e-07,0.0
slope1__peptide_mean__P31997,8.76185172480951e-07,0.0
lag1__peptide_log__TTPPVLDSDGSFFLYSK,8.711524815676361e-07,0.0
rollmean2__months_since_prev_visit,8.620900735656413e-07,0.0
lag1__protein_npx__P02792,8.605076763226063e-07,0.0
rollmean2__peptide_count__Q9Y6R7,8.555012686151561e-07,0.0
lag1__peptide_mean__P04216,8.541919094132882e-07,0.0
rollmean2__peptide_count__P00748,8.468431223244166e-07,0.0
slope1__protein_npx__O14791,8.443649010667436e-07,0.0
peptide_mean__P00441,8.409231467543076e-07,0.0
slope1__peptide_std__P01023,8.406345956160956e-07,0.0
missing__peptide_log__KFPSGTFEQVSQLVK,8.333931017698699e-07,0.0
slope1__protein_npx__P04217,8.288688224907887e-07,0.0
lag1__peptide_count__P14618,8.279231377625078e-07,0.0
slope1__protein_npx__P02655,8.220851123763854e-07,0.0
missing__peptide_std__P98160,8.214379300801573e-07,0.0
lag1__peptide_std__Q9Y6R7,8.138515047831077e-07,0.0
lag1__peptide_mean__Q99829,8.12788463632392e-07,0.0
delta1__peptide_std__Q9NQ79,8.045345773440421e-07,0.0
lag1__months_since_baseline,8.038421217476489e-07,0.0
slope1__peptide_std__O00584,8.036667908286228e-07,0.0
rollmean2__protein_npx__P02768,7.994271893017436e-07,0.0
protein_npx__P49908,7.974250787932776e-07,0.0
rollmean2__peptide_count__P04180,7.921151654395061e-07,0.0
delta1__peptide_std__P07711,7.918822401400801e-07,0.0
slope1__peptide_mean__O15394,7.886484366844234e-07,0.0
lag1__peptide_log__WELALGR,7.844192899811658e-07,0.0
lag1__peptide_count__P08493,7.774391237449796e-07,0.0
lag1__peptide_mean__P01780,7.724323439143764e-07,0.0
lag1__peptide_std__P36222,7.71707159873918e-07,0.0
protein_npx__P10909,7.613605037036488e-07,0.0
missing__protein_npx__P31997,7.548612376645409e-07,0.0
lag1__peptide_std__Q9UBX5,7.542304681802466e-07,0.0
slope1__peptide_log__AATVGSLAGQPLQER,7.523480249736739e-07,0.0
lag1__peptide_count__Q9Y6R7,7.510837399872715e-07,0.0
missing__peptide_mean__P19827,7.491664559058271e-07,0.0
delta1__protein_npx__P17174,7.472113730101168e-07,0.0
slope1__protein_npx__P08697,7.376507528640244e-07,0.0
lag1__peptide_count__P05067,7.315967267233416e-07,0.0
delta1__protein_npx__P04207,7.270365771763843e-07,0.0
slope1__peptide_mean__Q99683,7.237837927878559e-07,0.0
delta1__peptide_std__P54289,7.235843965643998e-07,0.0
delta1__peptide_mean__P01877,7.214087078544924e-07,0.0
lag1__peptide_count__P02649,7.199348512567838e-07,0.0
peptide_count__P19652,7.190786503621383e-07,0.0
slope1__protein_npx__P04075,7.187963837938153e-07,0.0
delta1__protein_npx__P43121,7.186187816962634e-07,0.0
lag1__protein_npx__O43505,7.160419164102693e-07,0.0
rollmean2__peptide_mean__P19827,7.105886172198585e-07,0.0
lag1__peptide_log__SLAELGGHLDQQVEEFRR,7.066775107785059e-07,0.0
missing__protein_npx__P36980,6.998619993249202e-07,0.0
delta1__peptide_mean__P60174,6.984226566462357e-07,0.0
rollmean2__peptide_mean__P14618,6.976259191047578e-07,0.0
delta1__peptide_mean__Q9UBX5,6.925427225216038e-07,0.0
slope1__peptide_std__P02671,6.885962720336665e-07,0.0
lag1__peptide_count__P02763,6.870285027296668e-07,0.0
delta1__peptide_mean__O15240,6.865475402005924e-07,0.0
slope1__peptide_std__P02679,6.843334178724606e-07,0.0
missing__protein_npx__Q562R1,6.761454062747638e-07,0.0
peptide_count__P04075,6.711621302835439e-07,0.0
lag1__protein_npx__P61916,6.674409660935804e-07,0.0
missing__peptide_log__GYQLSDVDGVTC(UniMod_4)EDIDEC(UniMod_4)ALPTGGHIC(UniMod_4)SYR,6.615179848027325e-07,0.0
rollmean2__peptide_mean__Q16270,6.599402803187973e-07,0.0
slope1__protein_npx__P04275,6.596840847399141e-07,0.0
slope1__peptide_std__P20774,6.583680626264955e-07,0.0
missing__protein_npx__P08123,6.537354202756342e-07,0.0
rollmean2__peptide_count__P27169,6.500690503138593e-07,0.0
delta1__peptide_count__P02774,6.49816389393379e-07,0.0
slope1__peptide_count__P07998,6.490153142434787e-07,0.0
rollmean2__peptide_mean__P04216,6.449349439087097e-07,0.0
slope1__protein_npx__P13987,6.436160137258837e-07,0.0
slope1__protein_npx__P14618,6.328231388002053e-07,0.0
slope1__protein_npx__P36955,6.313657747908775e-07,0.0
rollmean2__protein_npx__O14498,6.244728595014395e-07,0.0
slope1__peptide_std__Q9Y6R7,6.240503198063085e-07,0.0
rollmean2__peptide_mean__P20933,6.231430820034668e-07,0.0
peptide_count__P04180,6.229145332829828e-07,0.0
rollmean2__protein_npx__P05408,6.173465066268261e-07,0.0
missing__peptide_std__P12109,6.161416182873525e-07,0.0
peptide_count__Q14515,6.158131058527075e-07,0.0
lag1__peptide_count__P01011,6.140512878483801e-07,0.0
lag1__peptide_log__ATVNPSAPR,6.117014224255566e-07,0.0
slope1__peptide_std__P00747,6.096419699663544e-07,0.0
missing__protein_npx__P11142,6.094666493648304e-07,0.0
slope1__peptide_mean__Q16270,6.012524385440033e-07,0.0
missing__peptide_std__O15394,5.981074677651689e-07,0.0
lag1__protein_npx__Q13449,5.953661863224507e-07,0.0
missing__peptide_mean__Q6UX71,5.932716926251296e-07,0.0
slope1__protein_npx__O00391,5.884489268350982e-07,0.0
delta1__protein_npx__P08133,5.823203220544811e-07,0.0
delta1__peptide_count__P10643,5.77897241377037e-07,0.0
delta1__protein_feature_count,5.768722158261376e-07,0.0
delta1__peptide_mean__P06681,5.703229191164425e-07,0.0
slope1__peptide_count__P08603,5.699178180359121e-07,0.0
missing__peptide_log__MTVTDQVNC(UniMod_4)PK,5.616076554869278e-07,0.0
lag1__peptide_log__TSAHGNVAEGETKPDPDVTER,5.54036467218569e-07,0.0
rollmean2__peptide_count__Q96PD5,5.510018514724847e-07,0.0
slope1__peptide_count__Q13740,5.507431418158075e-07,0.0
delta1__protein_npx__Q13451,5.504028531848535e-07,0.0
slope1__peptide_mean__P09104,5.485139007180246e-07,0.0
delta1__protein_npx__Q9NYU2,5.482415361601487e-07,0.0
delta1__peptide_log__LPPTSAHGNVAEGETKPDPDVTER,5.462205515009349e-07,0.0
delta1__protein_npx__P01031,5.420935110056042e-07,0.0
missing__peptide_log__QQETAAAETETR,5.384294579623742e-07,0.0
missing__peptide_mean__P16152,5.234918132848436e-07,0.0
peptide_count__P06681,5.229755564326572e-07,0.0
slope1__peptide_mean__P36955,5.215952203553225e-07,0.0
rollmean2__peptide_count__P14618,5.1805228562305e-07,0.0
slope1__peptide_std__Q06481,5.157152654257765e-07,0.0
slope1__peptide_count__P01011,5.101890639188836e-07,0.0
lag1__peptide_std__P27169,5.03386678747365e-07,0.0
peptide_count__P16870,5.028257756742248e-07,0.0
lag1__protein_npx__Q6UXD5,4.980308567412691e-07,0.0
slope1__protein_npx__P02675,4.921061275652132e-07,0.0
protein_npx__Q96S96,4.833311696365291e-07,0.0
missing__peptide_std__Q9NQ79,4.8197753634619e-07,0.0
rollmean2__peptide_count__P01834,4.790550505403398e-07,0.0
lag1__peptide_log__SPVGVQPILNEHTFC(UniMod_4)AGMSK,4.7511992480406987e-07,0.0
lag1__peptide_count__P27169,4.715942767606008e-07,0.0
rollmean2__peptide_count__Q16270,4.70367439138857e-07,0.0
delta1__peptide_std__P09486,4.6814641718221457e-07,0.0
rollmean2__peptide_count__Q12841,4.564878755985985e-07,0.0
peptide_count__P04004,4.557918770870267e-07,0.0
slope1__peptide_std__O75144,4.5249686852649215e-07,0.0
delta1__protein_npx__P08493,4.4835559220775015e-07,0.0
slope1__peptide_mean__P16035,4.479940409081193e-07,0.0
slope1__peptide_mean__O43505,4.4023867610932526e-07,0.0
delta1__peptide_mean__P13473,4.3782313171058045e-07,0.0
slope1__peptide_mean__Q562R1,4.3236677866625585e-07,0.0
lag1__peptide_mean__P49588,4.304250222875917e-07,0.0
slope1__peptide_std__O94919,4.3032944242138714e-07,0.0
lag1__peptide_count__P07998,4.259234020207065e-07,0.0
slope1__peptide_mean__Q7Z5P9,4.2099009499368514e-07,0.0
rollmean2__peptide_count__P36955,4.202541083018123e-07,0.0
peptide_count__Q13740,4.176919003921147e-07,0.0
lag1__protein_npx__O14498,4.109368577338058e-07,0.0
peptide_mean__P00738,4.1014168803597807e-07,0.0
delta1__peptide_log__C(UniMod_4)TSTGWIPAPR,4.08890640220516e-07,0.0
delta1__peptide_std__P01876,3.992149928806075e-07,0.0
delta1__protein_npx__P07711,3.9911982007115873e-07,0.0
slope1__peptide_log__QNC(UniMod_4)ELFEQLGEYK,3.9862107303379215e-07,0.0
rollmean2__peptide_count__Q96KN2,3.960174561542099e-07,0.0
missing__peptide_count__P60174,3.9471452897978364e-07,0.0
peptide_count__P02760,3.8642153608893523e-07,0.0
lag1__protein_npx__Q92823,3.771163695006286e-07,0.0
rollmean2__peptide_count__P08294,3.718123671111797e-07,0.0
lag1__protein_npx__P01861,3.7129082429741334e-07,0.0
delta1__protein_npx__Q8NBJ4,3.6475555025458867e-07,0.0
delta1__protein_npx__Q9UBX5,3.584879543244103e-07,0.0
lag1__peptide_mean__Q99674,3.5790599380476455e-07,0.0
lag1__peptide_std__Q9NQ79,3.552801306737104e-07,0.0
missing__peptide_mean__P01591,3.5216167403469133e-07,0.0
missing__peptide_count__P30086,3.440876166288924e-07,0.0
slope1__peptide_std__P43121,3.436271639090899e-07,0.0
delta1__peptide_mean__P04406,3.4267132914619565e-07,0.0
lag1__peptide_mean__O14791,3.400109921888176e-07,0.0
lag1__protein_npx__P13521,3.33547703778829e-07,0.0
missing__peptide_count__P01833,3.321398272336312e-07,0.0
slope1__protein_npx__P01621,3.291895913074361e-07,0.0
lag1__peptide_log__KVEQAVETEPEPELR,3.2573161123165373e-07,0.0
delta1__protein_npx__P00738,3.2429438022522834e-07,0.0
missing__protein_npx__P06310,3.186952594985515e-07,0.0
delta1__peptide_mean__P01008,3.14458579007747e-07,0.0
slope1__peptide_mean__Q14624,3.138721367357497e-07,0.0
delta1__peptide_std__Q12805,3.1355330692688224e-07,0.0
slope1__peptide_log__TTPPVLDSDGSFFLYSR,3.104162589246056e-07,0.0
slope1__peptide_log__TSPVDEKALQDQLVLVAAK,3.097959490594758e-07,0.0
slope1__protein_npx__P06310,3.0611213970694774e-07,0.0
slope1__peptide_mean__P02747,2.9976379512694444e-07,0.0
missing__protein_npx__P23083,2.9768309316122976e-07,0.0
slope1__peptide_std__P39060,2.953494598093073e-07,0.0
slope1__peptide_mean__P61278,2.910152427418095e-07,0.0
lag1__peptide_count__P06727,2.8927221058865404e-07,0.0
lag1__protein_npx__P08123,2.8687639199353404e-07,0.0
rollmean2__peptide_log__SPVGVQPILNEHTFC(UniMod_4)AGMSK,2.851108326297952e-07,0.0
lag1__protein_npx__P06396,2.820155619422139e-07,0.0
lag1__protein_npx__P07602,2.8200206629868503e-07,0.0
missing__peptide_std__P27169,2.776610049217067e-07,0.0
delta1__protein_npx__P10643,2.755037973977843e-07,0.0
delta1__peptide_mean__O75326,2.706627109791677e-07,0.0
slope1__peptide_abundance_mean,2.679011529734666e-07,0.0
delta1__peptide_count__P23142,2.6600766701652587e-07,0.0
slope1__peptide_mean__P07333,2.610074951102576e-07,0.0
rollmean2__peptide_count__P05067,2.6045876830857264e-07,0.0
delta1__protein_npx__P10451,2.5933549645431815e-07,0.0
peptide_count__P98160,2.588090320242041e-07,0.0
lag1__peptide_std__P07225,2.514361021684865e-07,0.0
lag1__peptide_mean__P05155,2.497427988006113e-07,0.0
lag1__peptide_log__QWAGLVEK,2.48783483536961e-07,0.0
missing__peptide_mean__P01780,2.479476090759886e-07,0.0
missing__peptide_std__Q13740,2.4433467248490876e-07,0.0
delta1__peptide_count__Q92520,2.441398923730919e-07,0.0
delta1__peptide_log__EILSVDC(UniMod_4)STNNPSQAK,2.4204491889437035e-07,0.0
lag1__protein_npx__P08493,2.394407071078179e-07,0.0
rollmean2__peptide_count__Q92823,2.3799156849335667e-07,0.0
delta1__peptide_mean__P07195,2.3549196770052316e-07,0.0
delta1__protein_npx__P05060,2.3423612835371214e-07,0.0
lag1__protein_npx__P09486,2.328282477925972e-07,0.0
lag1__protein_npx__P12109,2.32226523994912e-07,0.0
lag1__peptide_count__P00747,2.3084741560967084e-07,0.0
lag1__protein_npx__Q6UX71,2.2752902948021307e-07,0.0
lag1__peptide_mean__P02753,2.2678726881443872e-07,0.0
delta1__peptide_log__SC(UniMod_4)SPELQQK,2.2166023540824438e-07,0.0
slope1__peptide_mean__Q99435,2.212064906492135e-07,0.0
slope1__protein_npx__P05090,2.207283937403404e-07,0.0
delta1__peptide_count__O75144,2.1544620364035405e-07,0.0
missing__peptide_count__P01591,2.057912019047034e-07,0.0
rollmean2__peptide_count__P00736,2.0552127809409563e-07,0.0
lag1__peptide_log__GSPAINVAVHVFRK,1.9977429603337298e-07,0.0
rollmean2__peptide_count__Q12907,1.9836066653009574e-07,0.0
slope1__peptide_log__NPDSSTTGPWC(UniMod_4)YTTDPTVR,1.963253500133841e-07,0.0
slope1__protein_npx__P31997,1.9492075505173708e-07,0.0
delta1__protein_npx__P07339,1.9198612769537405e-07,0.0
delta1__protein_npx__Q8N2S1,1.9053421022667028e-07,0.0
lag1__peptide_log__NFPPSQDASGDLYTTSSQLTLPATQC(UniMod_4)LAGK,1.769432886480528e-07,0.0
missing__peptide_std__P30086,1.7073303876995496e-07,0.0
slope1__peptide_mean__P01011,1.6450086470020432e-07,0.0
missing__peptide_mean__Q8NE71,1.601181738827013e-07,0.0
slope1__peptide_std__P02452,1.58666790714614e-07,0.0
delta1__protein_npx__P07858,1.5836330043692625e-07,0.0
slope1__peptide_log__TQVNTQAEQLRR,1.5665083806462556e-07,0.0
lag1__peptide_std__P04217,1.565252604811557e-07,0.0
missing__peptide_mean__P02792,1.5183717488500425e-07,0.0
delta1__peptide_mean__P08133,1.4881784069963548e-07,0.0
slope1__protein_npx__P04216,1.475218805045102e-07,0.0
slope1__peptide_count__P43121,1.4341340491492616e-07,0.0
lag1__protein_npx__P00450,1.4237617778701318e-07,0.0
delta1__protein_npx__P06310,1.3923656115198716e-07,0.0
slope1__peptide_mean__P40925,1.3760327923554038e-07,0.0
lag1__protein_npx__P01023,1.360101276130854e-07,0.0
lag1__peptide_log__NPDPWAK,1.355003798550046e-07,0.0
peptide_log__VMPIC(UniMod_4)LPSKDYAEVGR,1.3402845496975298e-07,0.0
lag1__peptide_std__Q13740,1.2987302590960486e-07,0.0
peptide_missing_fraction,1.2565167653412993e-07,0.0
missing__peptide_log__NFPPSQDASGDLYTTSSQLTLPATQC(UniMod_4)PDGK,1.2410650030979494e-07,0.0
lag1__peptide_mean__O75326,1.2220239604866914e-07,0.0
lag1__peptide_std__O14773,1.076161529404681e-07,0.0
slope1__peptide_mean__Q9NQ79,1.0654260811146199e-07,0.0
slope1__protein_npx__P10909,1.0450119244475089e-07,0.0
rollmean2__protein_npx__P14618,1.0442471269911432e-07,0.0
delta1__peptide_mean__Q92823,1.0356771939114512e-07,0.0
lag1__peptide_mean__P02655,1.0344785343387672e-07,0.0
peptide_count__P00734,1.0281222419389127e-07,0.0
missing__peptide_log__RLEGQEEEEDNRDSSMK,1.0259934578120247e-07,0.0
slope1__peptide_log__LPPTSAHGNVAEGETKPDPDVTER,1.0065296549391595e-07,0.0
slope1__peptide_log__VLLDQLR,1.0002583965685147e-07,0.0
missing__peptide_log__HGGLYHENMR,9.900436403854602e-08,0.0
slope1__protein_npx__P08637,9.89910420477446e-08,0.0
lag1__peptide_count__P30086,9.793385877905998e-08,0.0
lag1__protein_npx__Q13283,9.582146115908916e-08,0.0
missing__peptide_count__O75326,9.456776323349333e-08,0.0
delta1__peptide_count__P27169,9.394984704079514e-08,0.0
slope1__peptide_std__P00450,8.745821273376166e-08,0.0
rollmean2__protein_npx__P12109,8.349378843374525e-08,0.0
peptide_count__O00584,8.196455133731783e-08,0.0
slope1__peptide_mean__P23083,7.768736964076253e-08,0.0
delta1__peptide_mean__P14174,7.731241379947857e-08,0.0
protein_npx__Q16270,7.429869498547556e-08,0.0
missing__peptide_std__O00584,6.940735366698474e-08,0.0
peptide_std__Q13740,6.169506800864795e-08,0.0
slope1__peptide_log__SNSSM(UniMod_35)HITDC(UniMod_4)R,6.025098223385057e-08,0.0
rollmean2__peptide_count__P00747,5.941088138207001e-08,0.0
slope1__protein_npx__P01780,5.430557933238842e-08,0.0
slope1__protein_npx__P02747,5.318333999770022e-08,0.0
slope1__protein_npx__P98160,4.930787466555577e-08,0.0
lag1__peptide_mean__Q14508,4.909243664140227e-08,0.0
lag1__protein_npx__P16152,4.70947946316308e-08,0.0
peptide_count__P02649,4.694697337261685e-08,0.0
missing__peptide_log__VKDLATVYVDVLK,4.664459647946724e-08,0.0
delta1__protein_npx__P16035,4.663517084717288e-08,0.0
delta1__protein_npx__P49908,4.6162823109699575e-08,0.0
slope1__peptide_mean__P04075,4.5726513949556316e-08,0.0
lag1__protein_npx__P04196,4.180743426112017e-08,0.0
slope1__peptide_mean__O15240,4.164272502283668e-08,0.0
peptide_count__P43652,4.129120664996283e-08,0.0
slope1__peptide_count__P13591,4.0482840893743646e-08,0.0
slope1__peptide_log__SEALAVDGAGKPGAEEAQDPEGK,3.9895569312940664e-08,0.0
delta1__peptide_log__GEVQAMLGQSTEELRVR,3.9243891182310043e-08,0.0
delta1__peptide_log__LRTEGDGVYTLNNEK,3.9026471160975504e-08,0.0
delta1__protein_npx__Q7Z3B1,3.901173454115398e-08,0.0
slope1__peptide_mean__P01717,3.841175480803143e-08,0.0
missing__peptide_std__P07711,3.787006579875738e-08,0.0
peptide_count__P07998,3.754879449583978e-08,0.0
delta1__peptide_mean__P49908,3.735901358396317e-08,0.0
lag1__peptide_count__P13611,3.733063594076818e-08,0.0
slope1__protein_npx__O14773,3.733063594076193e-08,0.0
lag1__peptide_mean__Q16610,3.686281472385443e-08,0.0
delta1__peptide_mean__P01780,3.640722127779166e-08,0.0
lag1__protein_npx__P61769,3.592912879052568e-08,0.0
missing__peptide_count__O94919,3.5819658457819444e-08,0.0
lag1__peptide_mean__P04433,3.569643295292654e-08,0.0
delta1__protein_npx__P02765,3.548090285559134e-08,0.0
delta1__peptide_mean__P05067,3.2516414257163654e-08,0.0
slope1__protein_npx__P06396,3.2453086028094766e-08,0.0
rollmean2__peptide_count__P05452,3.04453741303573e-08,0.0
slope1__peptide_log__NFPPSQDASGDLYTTSSQLTLPATQC(UniMod_4)PDGK,3.0114891660146725e-08,0.0
slope1__protein_npx__P40925,3.009682572006813e-08,0.0
peptide_mean__Q92876,2.4836538109170673e-08,0.0
delta1__peptide_std__P14618,2.4099132781023738e-08,0.0
lag1__peptide_std__P30086,1.9863878005044914e-08,0.0
missing__protein_npx__Q99969,0.0,0.0
missing__protein_npx__Q9BY67,0.0,0.0
missing__protein_npx__Q9HDC9,0.0,0.0
missing__protein_npx__Q99832,0.0,0.0
missing__peptide_abundance_mean,0.0,0.0
missing__peptide_abundance_std,0.0,0.0
missing__protein_npx__Q99829,0.0,0.0
missing__peptide_abundance_min,0.0,0.0
missing__peptide_abundance_max,0.0,0.0
missing__peptide_abundance_sum,0.0,0.0
missing__peptide_mean__O00533,0.0,0.0
missing__protein_missing_fraction,0.0,0.0
lag1__peptide_log__MASGAANVVGPK,0.0,0.0
slope1__peptide_mean__P02792,0.0,0.0
slope1__protein_npx__Q08380,0.0,0.0
slope1__peptide_mean__P04156,0.0,0.0
slope1__peptide_mean__P04207,0.0,0.0
lag1__protein_npx__P01621,0.0,0.0
slope1__protein_npx__P12109,0.0,0.0
slope1__protein_npx__P13671,0.0,0.0
missing__protein_npx__Q9Y646,0.0,0.0
missing__protein_npx__Q9UBX5,0.0,0.0
slope1__protein_npx__P80748,0.0,0.0
missing__protein_npx__Q9UHG2,0.0,0.0
slope1__protein_npx__P61769,0.0,0.0
missing__protein_npx__Q9NYU2,0.0,0.0
missing__protein_npx__Q9Y6R7,0.0,0.0
missing__protein_npx__Q9NQ79,0.0,0.0
missing__protein_feature_count,0.0,0.0
slope1__protein_npx__P14314,0.0,0.0
missing__protein_npx__Q13451,0.0,0.0
missing__protein_npx__Q13449,0.0,0.0
missing__protein_npx__Q13332,0.0,0.0
missing__protein_npx__Q12907,0.0,0.0
missing__protein_npx__Q12841,0.0,0.0
missing__protein_npx__Q12805,0.0,0.0
missing__protein_npx__Q08380,0.0,0.0
missing__protein_npx__Q06481,0.0,0.0
missing__protein_npx__Q02818,0.0,0.0
missing__protein_npx__P98160,0.0,0.0
missing__protein_npx__P80748,0.0,0.0
missing__protein_npx__P61916,0.0,0.0
missing__peptide_observation_count,0.0,0.0
missing__protein_npx__P61626,0.0,0.0
missing__protein_npx__P61278,0.0,0.0
missing__protein_npx__P60174,0.0,0.0
missing__protein_npx__P54289,0.0,0.0
missing__protein_npx__P51884,0.0,0.0
missing__protein_npx__P49908,0.0,0.0
missing__protein_npx__P49588,0.0,0.0
missing__protein_npx__P43652,0.0,0.0
missing__protein_npx__P43251,0.0,0.0
missing__protein_npx__P43121,0.0,0.0
missing__protein_npx__P41222,0.0,0.0
missing__protein_npx__P40925,0.0,0.0
missing__protein_npx__P61769,0.0,0.0
missing__protein_npx__Q99683,0.0,0.0
missing__protein_npx__Q99674,0.0,0.0
missing__protein_npx__Q99435,0.0,0.0
missing__protein_npx__Q96S96,0.0,0.0
missing__protein_npx__Q96PD5,0.0,0.0
missing__protein_npx__Q96KN2,0.0,0.0
missing__protein_npx__Q96BZ4,0.0,0.0
missing__protein_npx__Q92876,0.0,0.0
missing__protein_npx__Q92823,0.0,0.0
missing__protein_npx__Q92520,0.0,0.0
missing__protein_npx__Q8NE71,0.0,0.0
missing__protein_npx__Q8NBJ4,0.0,0.0
missing__protein_npx__Q13740,0.0,0.0
missing__protein_npx__Q8IWV7,0.0,0.0
missing__protein_npx__Q7Z5P9,0.0,0.0
missing__protein_npx__Q7Z3B1,0.0,0.0
missing__protein_npx__Q6UXB8,0.0,0.0
missing__protein_npx__Q6UX71,0.0,0.0
missing__protein_npx__Q16610,0.0,0.0
missing__protein_npx__Q16270,0.0,0.0
missing__protein_npx__Q15904,0.0,0.0
missing__protein_npx__Q14624,0.0,0.0
missing__protein_npx__Q14515,0.0,0.0
missing__protein_npx__Q14508,0.0,0.0
missing__protein_npx__Q14118,0.0,0.0
missing__protein_npx__Q8N2S1,0.0,0.0
missing__peptide_mean__P06727,0.0,0.0
missing__peptide_mean__P06681,0.0,0.0
missing__peptide_mean__P06454,0.0,0.0
missing__peptide_mean__P06396,0.0,0.0
missing__peptide_mean__P06310,0.0,0.0
missing__peptide_mean__P05546,0.0,0.0
missing__peptide_mean__P05452,0.0,0.0
missing__peptide_mean__P05156,0.0,0.0
missing__peptide_mean__P05155,0.0,0.0
missing__peptide_mean__P05090,0.0,0.0
missing__peptide_mean__P05067,0.0,0.0
missing__peptide_mean__P05060,0.0,0.0
missing__peptide_mean__P04433,0.0,0.0
missing__peptide_mean__P01033,0.0,0.0
missing__peptide_mean__P04275,0.0,0.0
missing__peptide_mean__P04217,0.0,0.0
missing__peptide_mean__P04216,0.0,0.0
missing__peptide_mean__P04211,0.0,0.0
missing__peptide_mean__P04207,0.0,0.0
missing__peptide_mean__P04196,0.0,0.0
missing__peptide_mean__P04180,0.0,0.0
missing__peptide_mean__P04156,0.0,0.0
missing__peptide_mean__P04075,0.0,0.0
missing__peptide_mean__P04004,0.0,0.0
missing__peptide_mean__P02790,0.0,0.0
missing__peptide_mean__P02787,0.0,0.0
missing__peptide_mean__P02774,0.0,0.0
missing__peptide_mean__P02768,0.0,0.0
missing__peptide_mean__P04406,0.0,0.0
missing__peptide_mean__P13671,0.0,0.0
missing__peptide_mean__P13611,0.0,0.0
missing__peptide_mean__P13591,0.0,0.0
missing__peptide_mean__P13521,0.0,0.0
missing__peptide_mean__P13473,0.0,0.0
missing__peptide_mean__P12109,0.0,0.0
missing__peptide_mean__P11277,0.0,0.0
missing__peptide_mean__P10909,0.0,0.0
missing__peptide_mean__P10645,0.0,0.0
missing__peptide_mean__P10643,0.0,0.0
missing__peptide_mean__P10451,0.0,0.0
missing__peptide_mean__P09871,0.0,0.0
missing__peptide_mean__P09486,0.0,0.0
missing__peptide_mean__P09104,0.0,0.0
missing__peptide_mean__P07195,0.0,0.0
missing__peptide_mean__P08637,0.0,0.0
missing__peptide_mean__P08603,0.0,0.0
missing__peptide_mean__P08571,0.0,0.0
missing__peptide_mean__P08493,0.0,0.0
missing__peptide_mean__P08294,0.0,0.0
missing__peptide_mean__P08253,0.0,0.0
missing__peptide_mean__P08133,0.0,0.0
missing__peptide_mean__P08123,0.0,0.0
missing__peptide_mean__P07998,0.0,0.0
missing__peptide_mean__P07858,0.0,0.0
missing__peptide_mean__P07711,0.0,0.0
missing__peptide_mean__P07602,0.0,0.0
missing__peptide_mean__P07339,0.0,0.0
missing__peptide_mean__P07225,0.0,0.0
missing__peptide_mean__P08697,0.0,0.0
missing__peptide_mean__P01034,0.0,0.0
missing__protein_npx__P39060,0.0,0.0
missing__peptide_mean__P01031,0.0,0.0
missing__peptide_mean__P01024,0.0,0.0
missing__peptide_mean__P01023,0.0,0.0
missing__peptide_mean__P01019,0.0,0.0
missing__peptide_mean__P01011,0.0,0.0
missing__peptide_mean__P01009,0.0,0.0
missing__peptide_mean__P01008,0.0,0.0
missing__peptide_mean__P00751,0.0,0.0
missing__peptide_mean__P00748,0.0,0.0
missing__peptide_mean__P00747,0.0,0.0
missing__peptide_mean__P00746,0.0,0.0
missing__peptide_mean__P02766,0.0,0.0
missing__peptide_mean__P00736,0.0,0.0
missing__peptide_mean__P00734,0.0,0.0
missing__peptide_mean__P00450,0.0,0.0
missing__peptide_mean__P00441,0.0,0.0
missing__peptide_mean__O94919,0.0,0.0
missing__peptide_mean__O75144,0.0,0.0
missing__peptide_mean__O60888,0.0,0.0
missing__peptide_mean__O43505,0.0,0.0
missing__peptide_mean__O15394,0.0,0.0
missing__peptide_mean__O15240,0.0,0.0
missing__peptide_mean__O14791,0.0,0.0
missing__peptide_mean__O14773,0.0,0.0
missing__peptide_mean__O14498,0.0,0.0
missing__peptide_mean__O00584,0.0,0.0
missing__peptide_mean__P00738,0.0,0.0
missing__peptide_mean__P02765,0.0,0.0
missing__peptide_mean__P02763,0.0,0.0
missing__peptide_mean__P02760,0.0,0.0
missing__peptide_mean__P02753,0.0,0.0
missing__peptide_mean__P02751,0.0,0.0
missing__peptide_mean__P02750,0.0,0.0
missing__peptide_mean__P02749,0.0,0.0
missing__peptide_mean__P02748,0.0,0.0
missing__peptide_mean__P02747,0.0,0.0
missing__peptide_mean__P02679,0.0,0.0
missing__peptide_mean__P02675,0.0,0.0
missing__peptide_mean__P02671,0.0,0.0
missing__peptide_mean__P02656,0.0,0.0
missing__peptide_mean__P02655,0.0,0.0
missing__peptide_mean__P01042,0.0,0.0
missing__peptide_mean__P02649,0.0,0.0
missing__peptide_mean__P02647,0.0,0.0
missing__peptide_mean__P02452,0.0,0.0
missing__peptide_mean__P01877,0.0,0.0
missing__peptide_mean__P01876,0.0,0.0
missing__peptide_mean__P01861,0.0,0.0
missing__peptide_mean__P01860,0.0,0.0
missing__peptide_mean__P01859,0.0,0.0
missing__peptide_mean__P01857,0.0,0.0
missing__peptide_mean__P01834,0.0,0.0
missing__peptide_mean__P01717,0.0,0.0
missing__peptide_mean__P01621,0.0,0.0
missing__peptide_mean__P01608,0.0,0.0
missing__peptide_mean__P01344,0.0,0.0
missing__peptide_mean__P02652,0.0,0.0
slope1__peptide_mean__P09871,0.0,0.0
slope1__peptide_mean__P08123,0.0,0.0
slope1__protein_npx__P20933,0.0,0.0
slope1__protein_npx__P19652,0.0,0.0
slope1__protein_npx__P19021,0.0,0.0
slope1__protein_npx__P17936,0.0,0.0
slope1__protein_npx__P17174,0.0,0.0
delta1__protein_npx__Q9Y646,0.0,0.0
delta1__protein_npx__Q9UKV8,0.0,0.0
delta1__protein_npx__Q99683,0.0,0.0
delta1__protein_npx__Q99435,0.0,0.0
delta1__protein_npx__Q96S96,0.0,0.0
delta1__protein_npx__Q96BZ4,0.0,0.0
missing__protein_npx__P13671,0.0,0.0
lag1__peptide_std__P01023,0.0,0.0
lag1__peptide_std__P00441,0.0,0.0
lag1__peptide_std__O94919,0.0,0.0
delta1__protein_npx__P17936,0.0,0.0
delta1__protein_npx__P16152,0.0,0.0
delta1__protein_npx__P13671,0.0,0.0
slope1__peptide_mean__P32754,0.0,0.0
slope1__peptide_mean__P27169,0.0,0.0
slope1__peptide_mean__P19021,0.0,0.0
slope1__peptide_mean__P17936,0.0,0.0
lag1__peptide_log__AVGDKLPEC(UniMod_4)EADDGC(UniMod_4)PKPPEIAHGYVEHSVR,0.0,0.0
lag1__peptide_mean__P17936,0.0,0.0
lag1__peptide_mean__P14314,0.0,0.0
slope1__protein_npx__P08253,0.0,0.0
lag1__peptide_std__P02671,0.0,0.0
missing__protein_npx__P00747,0.0,0.0
missing__protein_npx__P00746,0.0,0.0
missing__protein_npx__P00738,0.0,0.0
missing__protein_npx__P00736,0.0,0.0
missing__protein_npx__P00734,0.0,0.0
missing__protein_npx__P00450,0.0,0.0
missing__protein_npx__P00441,0.0,0.0
missing__protein_npx__O94919,0.0,0.0
missing__protein_npx__O75144,0.0,0.0
missing__protein_npx__O60888,0.0,0.0
missing__protein_npx__O43505,0.0,0.0
missing__protein_npx__O15394,0.0,0.0
missing__protein_npx__O15240,0.0,0.0
missing__protein_npx__O14791,0.0,0.0
slope1__peptide_mean__P10643,0.0,0.0
missing__protein_npx__O14498,0.0,0.0
missing__protein_npx__O00584,0.0,0.0
missing__protein_npx__O00533,0.0,0.0
rollmean2__current_medication_on,0.0,0.0
lag1__protein_missing_fraction,0.0,0.0
lag1__protein_npx__Q9UBX5,0.0,0.0
delta1__peptide_mean__O43505,0.0,0.0
delta1__peptide_mean__O14791,0.0,0.0
delta1__peptide_mean__O00391,0.0,0.0
delta1__peptide_abundance_mean,0.0,0.0
lag1__peptide_log__TM(UniMod_35)LLQPAGSLGSYSYR,0.0,0.0
lag1__peptide_mean__P07858,0.0,0.0
lag1__peptide_mean__P13521,0.0,0.0
slope1__peptide_mean__P16070,0.0,0.0
missing__protein_npx__O14773,0.0,0.0
slope1__peptide_mean__Q99832,0.0,0.0
slope1__peptide_mean__Q99829,0.0,0.0
slope1__peptide_mean__Q96S96,0.0,0.0
slope1__peptide_mean__Q96KN2,0.0,0.0
slope1__peptide_mean__Q8IWV7,0.0,0.0
slope1__peptide_mean__Q6UXD5,0.0,0.0
slope1__protein_npx__P02647,0.0,0.0
slope1__protein_npx__P01877,0.0,0.0
slope1__protein_npx__P01608,0.0,0.0
slope1__protein_npx__P01591,0.0,0.0
delta1__months_since_prev_visit,0.0,0.0
delta1__months_since_baseline,0.0,0.0
delta1__visit_index,0.0,0.0
delta1__current_medication_unknown,0.0,0.0
slope1__protein_npx__P07195,0.0,0.0
delta1__protein_npx__O00391,0.0,0.0
lag1__has_previous_visit,0.0,0.0
lag1__months_since_prev_visit,0.0,0.0
lag1__peptide_count__Q99683,0.0,0.0
lag1__peptide_count__Q99674,0.0,0.0
lag1__peptide_count__Q99435,0.0,0.0
lag1__peptide_count__Q96S96,0.0,0.0
lag1__peptide_count__Q96PD5,0.0,0.0
lag1__peptide_count__Q96BZ4,0.0,0.0
lag1__peptide_count__Q92876,0.0,0.0
lag1__peptide_count__Q92823,0.0,0.0
rollmean2__peptide_count__Q9Y646,0.0,0.0
rollmean2__peptide_count__Q9UNU6,0.0,0.0
rollmean2__peptide_count__Q9UKV8,0.0,0.0
delta1__current_medication_on,0.0,0.0
slope1__protein_npx__P05546,0.0,0.0
delta1__peptide_mean__P01608,0.0,0.0
delta1__peptide_mean__P01594,0.0,0.0
lag1__peptide_mean__P00441,0.0,0.0
lag1__peptide_mean__Q96BZ4,0.0,0.0
lag1__peptide_mean__Q8NE71,0.0,0.0
delta1__peptide_mean__P02792,0.0,0.0
delta1__peptide_mean__P02774,0.0,0.0
delta1__peptide_mean__P02753,0.0,0.0
lag1__peptide_mean__P01031,0.0,0.0
delta1__protein_npx__P31997,0.0,0.0
slope1__protein_npx__P00450,0.0,0.0
slope1__protein_npx__O75326,0.0,0.0
slope1__protein_npx__O60888,0.0,0.0
slope1__peptide_mean__Q9BY67,0.0,0.0
slope1__peptide_mean__P80748,0.0,0.0
slope1__peptide_mean__P60174,0.0,0.0
slope1__peptide_mean__P43652,0.0,0.0
slope1__peptide_mean__P43251,0.0,0.0
lag1__peptide_mean__P07339,0.0,0.0
slope1__protein_npx__P05156,0.0,0.0
slope1__protein_npx__P02765,0.0,0.0
delta1__protein_npx__P30086,0.0,0.0
delta1__protein_npx__P19021,0.0,0.0
lag1__peptide_mean__Q6UX71,0.0,0.0
delta1__peptide_mean__P11142,0.0,0.0
delta1__peptide_mean__P08571,0.0,0.0
delta1__peptide_mean__P08253,0.0,0.0
delta1__peptide_mean__P05408,0.0,0.0
slope1__peptide_mean__Q12805,0.0,0.0
missing__protein_npx__P12109,0.0,0.0
missing__protein_npx__P10909,0.0,0.0
missing__protein_npx__P10645,0.0,0.0
missing__protein_npx__P10643,0.0,0.0
missing__protein_npx__P10451,0.0,0.0
missing__protein_npx__P09871,0.0,0.0
missing__protein_npx__P09486,0.0,0.0
missing__protein_npx__P09104,0.0,0.0
missing__protein_npx__P08697,0.0,0.0
missing__protein_npx__P08637,0.0,0.0
missing__protein_npx__P08603,0.0,0.0
missing__protein_npx__P08571,0.0,0.0
missing__protein_npx__P08493,0.0,0.0
missing__protein_npx__P08294,0.0,0.0
missing__protein_npx__P00748,0.0,0.0
missing__protein_npx__P07998,0.0,0.0
missing__protein_npx__P07858,0.0,0.0
missing__protein_npx__P07711,0.0,0.0
missing__protein_npx__P07602,0.0,0.0
missing__protein_npx__P07339,0.0,0.0
missing__protein_npx__P07333,0.0,0.0
missing__protein_npx__P07225,0.0,0.0
missing__protein_npx__P07195,0.0,0.0
missing__protein_npx__P06727,0.0,0.0
missing__protein_npx__P06681,0.0,0.0
missing__protein_npx__P06454,0.0,0.0
missing__protein_npx__P06396,0.0,0.0
missing__protein_npx__P05546,0.0,0.0
missing__protein_npx__P05452,0.0,0.0
missing__protein_npx__P08133,0.0,0.0
missing__protein_npx__P36955,0.0,0.0
missing__protein_npx__P36222,0.0,0.0
missing__protein_npx__P35542,0.0,0.0
missing__protein_npx__P32754,0.0,0.0
missing__protein_npx__P30086,0.0,0.0
missing__protein_npx__P27169,0.0,0.0
missing__protein_npx__P25311,0.0,0.0
missing__protein_npx__P24592,0.0,0.0
missing__protein_npx__P23142,0.0,0.0
missing__protein_npx__P20933,0.0,0.0
missing__protein_npx__P20774,0.0,0.0
missing__protein_npx__P19827,0.0,0.0
missing__protein_npx__P19823,0.0,0.0
missing__protein_npx__P19652,0.0,0.0
missing__protein_npx__P13473,0.0,0.0
missing__protein_npx__P17936,0.0,0.0
missing__protein_npx__P17174,0.0,0.0
missing__protein_npx__P16870,0.0,0.0
missing__protein_npx__P16152,0.0,0.0
missing__protein_npx__P16070,0.0,0.0
missing__protein_npx__P16035,0.0,0.0
missing__protein_npx__P14618,0.0,0.0
missing__protein_npx__P14314,0.0,0.0
missing__protein_npx__P14174,0.0,0.0
missing__protein_npx__P13987,0.0,0.0
missing__peptide_mean__P13987,0.0,0.0
missing__protein_npx__P13611,0.0,0.0
missing__protein_npx__P13591,0.0,0.0
missing__protein_npx__P13521,0.0,0.0
missing__protein_npx__P18065,0.0,0.0
missing__protein_npx__P02671,0.0,0.0
missing__protein_npx__P02656,0.0,0.0
missing__protein_npx__P02652,0.0,0.0
missing__protein_npx__P02649,0.0,0.0
missing__protein_npx__P02647,0.0,0.0
missing__protein_npx__P02452,0.0,0.0
missing__protein_npx__P01877,0.0,0.0
missing__protein_npx__P01876,0.0,0.0
missing__protein_npx__P01861,0.0,0.0
missing__protein_npx__P01860,0.0,0.0
missing__protein_npx__P01859,0.0,0.0
missing__protein_npx__P01857,0.0,0.0
missing__protein_npx__P01834,0.0,0.0
missing__protein_npx__P01833,0.0,0.0
missing__protein_npx__P05156,0.0,0.0
missing__protein_npx__P01621,0.0,0.0
missing__protein_npx__P01608,0.0,0.0
missing__protein_npx__P01344,0.0,0.0
missing__protein_npx__P01042,0.0,0.0
missing__protein_npx__P01034,0.0,0.0
missing__protein_npx__P01033,0.0,0.0
missing__protein_npx__P01031,0.0,0.0
missing__protein_npx__P01024,0.0,0.0
missing__protein_npx__P01023,0.0,0.0
missing__protein_npx__P01019,0.0,0.0
missing__protein_npx__P01011,0.0,0.0
missing__protein_npx__P01009,0.0,0.0
missing__protein_npx__P01008,0.0,0.0
missing__protein_npx__P00751,0.0,0.0
missing__protein_npx__P01717,0.0,0.0
missing__protein_npx__P05155,0.0,0.0
missing__protein_npx__P05090,0.0,0.0
missing__protein_npx__P05067,0.0,0.0
missing__protein_npx__P05060,0.0,0.0
missing__protein_npx__P04433,0.0,0.0
missing__protein_npx__P04275,0.0,0.0
missing__protein_npx__P04217,0.0,0.0
missing__protein_npx__P04216,0.0,0.0
missing__protein_npx__P04207,0.0,0.0
missing__protein_npx__P04196,0.0,0.0
missing__protein_npx__P04180,0.0,0.0
missing__protein_npx__P04156,0.0,0.0
missing__protein_npx__P04075,0.0,0.0
missing__protein_npx__P04004,0.0,0.0
missing__protein_npx__P02675,0.0,0.0
missing__protein_npx__P02787,0.0,0.0
missing__protein_npx__P02774,0.0,0.0
missing__protein_npx__P02768,0.0,0.0
missing__protein_npx__P02766,0.0,0.0
missing__protein_npx__P02765,0.0,0.0
missing__protein_npx__P02763,0.0,0.0
missing__protein_npx__P02760,0.0,0.0
missing__protein_npx__P02753,0.0,0.0
missing__protein_npx__P02751,0.0,0.0
missing__protein_npx__P02750,0.0,0.0
missing__protein_npx__P02749,0.0,0.0
missing__protein_npx__P02748,0.0,0.0
missing__protein_npx__P02747,0.0,0.0
missing__protein_npx__P02679,0.0,0.0
missing__protein_npx__P02790,0.0,0.0
missing__peptide_count__P13521,0.0,0.0
missing__peptide_count__P13473,0.0,0.0
missing__peptide_count__P12109,0.0,0.0
missing__peptide_count__P11277,0.0,0.0
missing__peptide_count__P11142,0.0,0.0
missing__peptide_count__P10909,0.0,0.0
missing__peptide_count__P10645,0.0,0.0
missing__peptide_count__P10643,0.0,0.0
missing__peptide_count__P10451,0.0,0.0
missing__peptide_count__P09871,0.0,0.0
missing__peptide_count__P09486,0.0,0.0
missing__peptide_count__P09104,0.0,0.0
missing__peptide_count__P08697,0.0,0.0
missing__peptide_count__P08637,0.0,0.0
missing__peptide_mean__P40925,0.0,0.0
missing__peptide_count__P08571,0.0,0.0
missing__peptide_count__P08493,0.0,0.0
missing__peptide_count__P08294,0.0,0.0
missing__peptide_count__P08253,0.0,0.0
missing__peptide_count__P08123,0.0,0.0
missing__peptide_count__P07998,0.0,0.0
missing__peptide_count__P07858,0.0,0.0
missing__peptide_count__P07711,0.0,0.0
missing__peptide_count__P07602,0.0,0.0
missing__peptide_count__P07339,0.0,0.0
missing__peptide_count__P07333,0.0,0.0
missing__peptide_count__P07225,0.0,0.0
missing__peptide_count__P07195,0.0,0.0
missing__peptide_count__P06727,0.0,0.0
missing__peptide_count__P08603,0.0,0.0
missing__peptide_count__P40925,0.0,0.0
missing__peptide_count__P39060,0.0,0.0
missing__peptide_count__P36980,0.0,0.0
missing__peptide_count__P36955,0.0,0.0
missing__peptide_count__P36222,0.0,0.0
missing__peptide_count__P35542,0.0,0.0
missing__peptide_count__P32754,0.0,0.0
missing__peptide_count__P31997,0.0,0.0
missing__peptide_count__P25311,0.0,0.0
missing__peptide_count__P24592,0.0,0.0
missing__peptide_count__P23142,0.0,0.0
missing__peptide_count__P23083,0.0,0.0
missing__peptide_count__P20933,0.0,0.0
missing__peptide_count__P20774,0.0,0.0
missing__peptide_count__P13591,0.0,0.0
missing__peptide_count__P19823,0.0,0.0
missing__peptide_count__P19652,0.0,0.0
missing__peptide_count__P19021,0.0,0.0
missing__peptide_count__P18065,0.0,0.0
missing__peptide_count__P17174,0.0,0.0
missing__peptide_count__P16870,0.0,0.0
missing__peptide_count__P16152,0.0,0.0
missing__peptide_count__P16070,0.0,0.0
missing__peptide_count__P16035,0.0,0.0
missing__peptide_count__P14618,0.0,0.0
missing__peptide_count__P14314,0.0,0.0
missing__peptide_count__P14174,0.0,0.0
missing__peptide_count__P13987,0.0,0.0
missing__peptide_count__P13671,0.0,0.0
missing__peptide_count__P13611,0.0,0.0
missing__peptide_count__P19827,0.0,0.0
missing__peptide_count__P02753,0.0,0.0
missing__peptide_count__P02751,0.0,0.0
missing__peptide_count__P02750,0.0,0.0
missing__peptide_count__P02749,0.0,0.0
missing__peptide_count__P02748,0.0,0.0
missing__peptide_count__P02747,0.0,0.0
missing__peptide_count__P02679,0.0,0.0
missing__peptide_count__P02675,0.0,0.0
missing__peptide_count__P02671,0.0,0.0
missing__peptide_count__P02656,0.0,0.0
missing__peptide_count__P02655,0.0,0.0
missing__peptide_count__P02652,0.0,0.0
missing__peptide_count__P02649,0.0,0.0
missing__peptide_count__P02647,0.0,0.0
missing__peptide_count__P06681,0.0,0.0
missing__peptide_count__P01877,0.0,0.0
missing__peptide_count__P01876,0.0,0.0
missing__peptide_count__P01860,0.0,0.0
missing__peptide_count__P01859,0.0,0.0
missing__peptide_count__P01857,0.0,0.0
missing__peptide_count__P01834,0.0,0.0
missing__peptide_count__P01780,0.0,0.0
missing__peptide_count__P01717,0.0,0.0
missing__peptide_count__P01621,0.0,0.0
missing__peptide_count__P01608,0.0,0.0
missing__peptide_count__P01344,0.0,0.0
missing__peptide_count__P01042,0.0,0.0
missing__peptide_count__P01034,0.0,0.0
missing__peptide_count__P01033,0.0,0.0
missing__peptide_count__P01024,0.0,0.0
missing__peptide_count__P02452,0.0,0.0
missing__peptide_count__P06454,0.0,0.0
missing__peptide_count__P06396,0.0,0.0
missing__peptide_count__P06310,0.0,0.0
missing__peptide_count__P05546,0.0,0.0
missing__peptide_count__P05452,0.0,0.0
missing__peptide_count__P05408,0.0,0.0
missing__peptide_count__P05156,0.0,0.0
missing__peptide_count__P05155,0.0,0.0
missing__peptide_count__P05090,0.0,0.0
missing__peptide_count__P05067,0.0,0.0
missing__peptide_count__P05060,0.0,0.0
missing__peptide_count__P04433,0.0,0.0
missing__peptide_count__P04406,0.0,0.0
missing__peptide_count__P04275,0.0,0.0
missing__peptide_count__P02760,0.0,0.0
missing__peptide_count__P04216,0.0,0.0
missing__peptide_count__P04211,0.0,0.0
missing__peptide_count__P04207,0.0,0.0
missing__peptide_count__P04196,0.0,0.0
missing__peptide_count__P04180,0.0,0.0
missing__peptide_count__P04156,0.0,0.0
missing__peptide_count__P04075,0.0,0.0
missing__peptide_count__P04004,0.0,0.0
missing__peptide_count__P02790,0.0,0.0
missing__peptide_count__P02787,0.0,0.0
missing__peptide_count__P02774,0.0,0.0
missing__peptide_count__P02768,0.0,0.0
missing__peptide_count__P02766,0.0,0.0
missing__peptide_count__P02765,0.0,0.0
missing__peptide_count__P02763,0.0,0.0
missing__peptide_count__P04217,0.0,0.0
missing__peptide_log__HYDGSYSTFGER,0.0,0.0
missing__peptide_log__GSPAINVAVHVFRK,0.0,0.0
missing__peptide_log__GEVQAMLGQSTEELRVR,0.0,0.0
missing__peptide_log__GEVQAMLGQSTEELR,0.0,0.0
missing__peptide_log__GC(UniMod_4)PTEEGC(UniMod_4)GER,0.0,0.0
missing__peptide_log__FNKPFVFLM(UniMod_35)IEQNTK,0.0,0.0
missing__peptide_log__FM(UniMod_35)ETVAEK,0.0,0.0
missing__peptide_log__FLATTPNSLLVSWQPPR,0.0,0.0
missing__peptide_log__ELSSFIDKGQELC(UniMod_4)ADYSENTFTEYK,0.0,0.0
missing__peptide_log__ELDESLQVAER,0.0,0.0
missing__peptide_log__EILSVDC(UniMod_4)STNNPSQAK,0.0,0.0
lag1__peptide_mean__P02647,0.0,0.0
missing__peptide_log__IMNGEADAMSLDGGFVYIAGK,0.0,0.0
missing__peptide_log__ILTC(UniMod_4)M(UniMod_35)QGMEEIR,0.0,0.0
missing__peptide_count__P41222,0.0,0.0
lag1__peptide_mean__Q9BY67,0.0,0.0
lag1__peptide_mean__Q99435,0.0,0.0
missing__peptide_log__VGYVSGWGR,0.0,0.0
missing__peptide_log__VQPYLDDFQKK,0.0,0.0
missing__peptide_log__VQAAVGTSAAPVPSDNH,0.0,0.0
missing__peptide_log__SLAAAAGKQELAK,0.0,0.0
missing__peptide_log__VLLDQLR,0.0,0.0
missing__peptide_log__RGYQLSDVDGVTC(UniMod_4)EDIDEC(UniMod_4)ALPTGGHIC(UniMod_4)SYR,0.0,0.0
missing__peptide_log__QWAGLVEK,0.0,0.0
missing__peptide_log__QNC(UniMod_4)ELFEQLGEYK,0.0,0.0
missing__peptide_log__QKVEPLRAELQEGAR,0.0,0.0
missing__peptide_log__QIGSVYR,0.0,0.0
missing__peptide_log__AYQGVAAPFPK,0.0,0.0
missing__peptide_log__AYKSELEEQLTPVAEETR,0.0,0.0
missing__peptide_log__ATVNPSAPR,0.0,0.0
lag1__peptide_mean__Q9Y6R7,0.0,0.0
missing__peptide_log__C(UniMod_4)VDVDEC(UniMod_4)APPAEPC(UniMod_4)GK,0.0,0.0
missing__peptide_log__C(UniMod_4)TSTGWIPAPR,0.0,0.0
missing__peptide_log__C(UniMod_4)SYTEDAQC(UniMod_4)IDGTIEVPK,0.0,0.0
missing__peptide_log__C(UniMod_4)REILSVDC(UniMod_4)STNNPSQAK,0.0,0.0
missing__peptide_log__C(UniMod_4)RDQLPYIC(UniMod_4)QFGIV,0.0,0.0
missing__peptide_log__C(UniMod_4)KPVNTFVHEPLVDVQNVC(UniMod_4)FQEK,0.0,0.0
missing__peptide_log__C(UniMod_4)IIEVLSNALSK,0.0,0.0
missing__peptide_log__C(UniMod_4)DSSPDSAEDVRK,0.0,0.0
slope1__protein_npx__Q9UKV8,0.0,0.0
slope1__protein_npx__Q99969,0.0,0.0
lag1__peptide_mean__P05156,0.0,0.0
lag1__peptide_log__SSQGGSLPSEEK,0.0,0.0
lag1__peptide_log__SLAAAAGKQELAK,0.0,0.0
missing__peptide_log__LRTEGDGVYTLNNEKQWINK,0.0,0.0
missing__peptide_log__HYTNPSQDVTVPC(UniMod_4)PVPPPPPC(UniMod_4)C(UniMod_4)HPR,0.0,0.0
missing__peptide_log__LQAEAFQAR,0.0,0.0
missing__peptide_log__LPPTSAHGNVAEGETKPDPDVTER,0.0,0.0
missing__peptide_log__LIADLGSTSITNLGFR,0.0,0.0
missing__peptide_log__LGQSLDC(UniMod_4)NAEVYVVPWEK,0.0,0.0
missing__peptide_log__LGPLVEQGRVR,0.0,0.0
missing__peptide_log__LGPLVEQGR,0.0,0.0
missing__peptide_log__SPVGVQPILNEHTFC(UniMod_4)AGMSK,0.0,0.0
missing__peptide_log__LEGQEEEEDNRDSSMK,0.0,0.0
missing__peptide_log__LDEVKEQVAEVR,0.0,0.0
missing__peptide_log__LC(UniMod_4)MGSGLNLC(UniMod_4)EPNNKEGYYGYTGAFR,0.0,0.0
missing__peptide_log__LAVYQAGAR,0.0,0.0
missing__peptide_log__KVEQAVETEPEPELR,0.0,0.0
missing__peptide_log__KQELSEAEQATR,0.0,0.0
missing__peptide_log__KAADDTWEPFASGK,0.0,0.0
missing__peptide_log__SSQGGSLPSEEK,0.0,0.0
missing__peptide_log__LRTEGDGVYTLNNEK,0.0,0.0
missing__peptide_count__Q16270,0.0,0.0
missing__peptide_count__Q15904,0.0,0.0
missing__peptide_count__Q14624,0.0,0.0
missing__peptide_count__Q14515,0.0,0.0
missing__peptide_count__Q14508,0.0,0.0
missing__peptide_count__Q14118,0.0,0.0
missing__peptide_count__Q13740,0.0,0.0
missing__peptide_count__Q13451,0.0,0.0
missing__peptide_count__Q13449,0.0,0.0
missing__peptide_count__Q13332,0.0,0.0
missing__peptide_count__Q13283,0.0,0.0
missing__peptide_count__Q12907,0.0,0.0
missing__peptide_count__Q12841,0.0,0.0
missing__peptide_count__Q12805,0.0,0.0
missing__peptide_log__ANRPFLVFIR,0.0,0.0
missing__peptide_count__Q06481,0.0,0.0
missing__peptide_count__Q02818,0.0,0.0
missing__peptide_count__P98160,0.0,0.0
missing__peptide_count__P80748,0.0,0.0
missing__peptide_count__P61916,0.0,0.0
missing__peptide_count__P61769,0.0,0.0
missing__peptide_count__P61626,0.0,0.0
missing__peptide_count__P61278,0.0,0.0
missing__peptide_count__P55290,0.0,0.0
missing__peptide_count__P54289,0.0,0.0
missing__peptide_count__P51884,0.0,0.0
missing__peptide_count__P49908,0.0,0.0
missing__peptide_count__P43652,0.0,0.0
missing__peptide_count__P43251,0.0,0.0
missing__peptide_count__P43121,0.0,0.0
missing__peptide_count__Q08380,0.0,0.0
missing__peptide_log__ALGISPFHEHAEVVFTANDSGPR,0.0,0.0
missing__peptide_log__AKLEEQAQQIR,0.0,0.0
missing__peptide_log__ADDKETC(UniMod_4)FAEEGK,0.0,0.0
missing__peptide_log__AATGEC(UniMod_4)TATVGKR,0.0,0.0
missing__peptide_count__Q9Y6R7,0.0,0.0
missing__peptide_count__Q9UKV8,0.0,0.0
missing__peptide_count__Q9UHG2,0.0,0.0
missing__peptide_count__Q9UBX5,0.0,0.0
missing__peptide_count__Q9NYU2,0.0,0.0
missing__peptide_count__Q9NQ79,0.0,0.0
missing__peptide_count__Q9HDC9,0.0,0.0
missing__peptide_count__Q9BY67,0.0,0.0
missing__peptide_count__Q99969,0.0,0.0
missing__peptide_count__Q99683,0.0,0.0
missing__peptide_count__Q16610,0.0,0.0
missing__peptide_count__Q99435,0.0,0.0
missing__peptide_count__Q96S96,0.0,0.0
missing__peptide_count__Q96PD5,0.0,0.0
missing__peptide_count__Q96KN2,0.0,0.0
missing__peptide_count__Q96BZ4,0.0,0.0
missing__peptide_count__Q92876,0.0,0.0
missing__peptide_count__Q92823,0.0,0.0
missing__peptide_count__Q92520,0.0,0.0
missing__peptide_count__Q8NE71,0.0,0.0
missing__peptide_count__Q8NBJ4,0.0,0.0
missing__peptide_count__Q8N2S1,0.0,0.0
missing__peptide_count__Q8IWV7,0.0,0.0
missing__peptide_count__Q7Z5P9,0.0,0.0
missing__peptide_count__Q7Z3B1,0.0,0.0
missing__peptide_count__Q6UXB8,0.0,0.0
missing__peptide_count__Q99674,0.0,0.0
missing__peptide_mean__Q9Y6R7,0.0,0.0
missing__peptide_mean__Q9Y646,0.0,0.0
missing__peptide_mean__Q9UNU6,0.0,0.0
missing__peptide_mean__Q9UHG2,0.0,0.0
missing__peptide_mean__Q9UBX5,0.0,0.0
missing__peptide_mean__Q9UBR2,0.0,0.0
missing__peptide_mean__Q9NQ79,0.0,0.0
missing__peptide_mean__Q9HDC9,0.0,0.0
missing__peptide_mean__Q9BY67,0.0,0.0
missing__peptide_mean__Q99969,0.0,0.0
missing__peptide_mean__Q99829,0.0,0.0
missing__peptide_mean__Q99683,0.0,0.0
missing__peptide_mean__Q99674,0.0,0.0
missing__peptide_mean__Q99435,0.0,0.0
missing__peptide_count__P01023,0.0,0.0
missing__peptide_mean__Q96PD5,0.0,0.0
missing__peptide_mean__Q96KN2,0.0,0.0
missing__peptide_mean__Q92876,0.0,0.0
missing__peptide_mean__Q92823,0.0,0.0
missing__peptide_mean__Q92520,0.0,0.0
missing__peptide_mean__Q8NBJ4,0.0,0.0
missing__peptide_mean__Q8N2S1,0.0,0.0
missing__peptide_mean__Q8IWV7,0.0,0.0
missing__peptide_mean__Q7Z5P9,0.0,0.0
missing__peptide_mean__Q7Z3B1,0.0,0.0
missing__peptide_mean__Q6UXB8,0.0,0.0
missing__peptide_mean__Q16610,0.0,0.0
missing__peptide_mean__Q16270,0.0,0.0
missing__peptide_mean__Q15904,0.0,0.0
missing__peptide_mean__Q14624,0.0,0.0
missing__peptide_mean__Q96S96,0.0,0.0
missing__peptide_std__P02652,0.0,0.0
missing__peptide_std__P02649,0.0,0.0
missing__peptide_std__P02647,0.0,0.0
missing__peptide_std__P01877,0.0,0.0
missing__peptide_std__P01876,0.0,0.0
missing__peptide_std__P01860,0.0,0.0
missing__peptide_std__P01859,0.0,0.0
missing__peptide_std__P01857,0.0,0.0
missing__peptide_std__P01834,0.0,0.0
missing__peptide_std__P01042,0.0,0.0
missing__peptide_std__P01034,0.0,0.0
missing__peptide_std__P01024,0.0,0.0
missing__peptide_std__P01023,0.0,0.0
missing__peptide_std__P01019,0.0,0.0
missing__peptide_std__O00533,0.0,0.0
missing__peptide_std__P01009,0.0,0.0
missing__peptide_std__P01008,0.0,0.0
missing__peptide_std__P00751,0.0,0.0
missing__peptide_std__P00748,0.0,0.0
missing__peptide_std__P00747,0.0,0.0
missing__peptide_std__P00746,0.0,0.0
missing__peptide_std__P00738,0.0,0.0
missing__peptide_std__P00736,0.0,0.0
missing__peptide_std__P00734,0.0,0.0
missing__peptide_std__P00450,0.0,0.0
missing__peptide_std__P00441,0.0,0.0
missing__peptide_std__O94919,0.0,0.0
missing__peptide_std__O75144,0.0,0.0
missing__peptide_std__O15240,0.0,0.0
missing__peptide_std__O14773,0.0,0.0
missing__peptide_std__P01011,0.0,0.0
missing__peptide_mean__P51884,0.0,0.0
missing__peptide_mean__P49908,0.0,0.0
missing__peptide_mean__P49588,0.0,0.0
missing__peptide_mean__P43652,0.0,0.0
missing__peptide_mean__P43251,0.0,0.0
missing__peptide_mean__P43121,0.0,0.0
missing__peptide_mean__P41222,0.0,0.0
rollmean2__peptide_count__Q9UBX5,0.0,0.0
missing__peptide_mean__P39060,0.0,0.0
missing__peptide_mean__P36955,0.0,0.0
missing__peptide_mean__P36222,0.0,0.0
missing__peptide_mean__P35542,0.0,0.0
missing__peptide_mean__P32754,0.0,0.0
missing__peptide_mean__P31997,0.0,0.0
missing__peptide_mean__Q14515,0.0,0.0
missing__peptide_mean__P25311,0.0,0.0
missing__peptide_mean__P24592,0.0,0.0
missing__peptide_mean__P23142,0.0,0.0
missing__peptide_mean__P20774,0.0,0.0
missing__peptide_mean__P19823,0.0,0.0
missing__peptide_mean__P19652,0.0,0.0
missing__peptide_mean__P19021,0.0,0.0
missing__peptide_mean__P18065,0.0,0.0
missing__peptide_mean__P17174,0.0,0.0
missing__peptide_mean__P16870,0.0,0.0
missing__peptide_mean__P16070,0.0,0.0
missing__peptide_mean__P16035,0.0,0.0
missing__peptide_mean__P14618,0.0,0.0
missing__peptide_mean__P14314,0.0,0.0
missing__peptide_mean__P14174,0.0,0.0
missing__peptide_mean__P30086,0.0,0.0
missing__peptide_mean__Q14508,0.0,0.0
missing__peptide_mean__Q14118,0.0,0.0
missing__peptide_mean__Q13451,0.0,0.0
missing__peptide_mean__Q13449,0.0,0.0
missing__peptide_mean__Q13332,0.0,0.0
slope1__protein_npx__P36980,0.0,0.0
slope1__protein_npx__P32754,0.0,0.0
slope1__protein_npx__P30086,0.0,0.0
slope1__protein_npx__P27169,0.0,0.0
lag1__peptide_log__FM(UniMod_35)ETVAEK,0.0,0.0
slope1__peptide_mean__P02768,0.0,0.0
slope1__peptide_mean__P02748,0.0,0.0
slope1__peptide_mean__P01861,0.0,0.0
lag1__protein_npx__O14791,0.0,0.0
missing__peptide_mean__P54289,0.0,0.0
lag1__peptide_log__SFNRGEC(UniMod_4),0.0,0.0
lag1__peptide_log__SEALAVDGAGKPGAEEAQDPEGK,0.0,0.0
missing__peptide_mean__Q13283,0.0,0.0
missing__peptide_mean__Q12907,0.0,0.0
missing__peptide_mean__Q12841,0.0,0.0
missing__peptide_mean__Q12805,0.0,0.0
missing__peptide_mean__Q08380,0.0,0.0
missing__peptide_mean__Q06481,0.0,0.0
missing__peptide_mean__Q02818,0.0,0.0
missing__peptide_mean__P98160,0.0,0.0
missing__peptide_mean__P80748,0.0,0.0
missing__peptide_mean__P61916,0.0,0.0
missing__peptide_mean__P61769,0.0,0.0
missing__peptide_mean__P61626,0.0,0.0
missing__peptide_mean__P61278,0.0,0.0
lag1__protein_npx__O14773,0.0,0.0
missing__peptide_std__Q14515,0.0,0.0
missing__peptide_std__Q14118,0.0,0.0
missing__peptide_std__Q12907,0.0,0.0
missing__peptide_std__Q12841,0.0,0.0
missing__peptide_std__Q12805,0.0,0.0
missing__peptide_std__Q08380,0.0,0.0
missing__peptide_std__Q06481,0.0,0.0
missing__peptide_std__P61916,0.0,0.0
missing__peptide_std__P61769,0.0,0.0
missing__peptide_std__P55290,0.0,0.0
missing__peptide_std__P51884,0.0,0.0
missing__peptide_std__P43652,0.0,0.0
missing__peptide_std__P41222,0.0,0.0
delta1__protein_npx__Q6UX71,0.0,0.0
missing__peptide_std__P02656,0.0,0.0
missing__peptide_std__P39060,0.0,0.0
missing__peptide_std__P36955,0.0,0.0
missing__peptide_std__P36222,0.0,0.0
missing__peptide_std__P25311,0.0,0.0
missing__peptide_std__P24592,0.0,0.0
missing__peptide_std__P23142,0.0,0.0
missing__peptide_std__P20774,0.0,0.0
missing__peptide_std__P19823,0.0,0.0
missing__peptide_std__P19652,0.0,0.0
missing__peptide_std__P18065,0.0,0.0
missing__peptide_std__P16870,0.0,0.0
missing__peptide_std__P16070,0.0,0.0
missing__peptide_std__P16035,0.0,0.0
missing__peptide_std__P14618,0.0,0.0
missing__peptide_std__P13987,0.0,0.0
delta1__protein_npx__Q16610,0.0,0.0
missing__peptide_count__P01019,0.0,0.0
missing__peptide_count__P01011,0.0,0.0
missing__peptide_count__P01009,0.0,0.0
missing__peptide_count__P01008,0.0,0.0
missing__peptide_count__P00751,0.0,0.0
missing__peptide_count__P00748,0.0,0.0
missing__peptide_count__P00747,0.0,0.0
missing__peptide_count__P00746,0.0,0.0
missing__peptide_count__P00738,0.0,0.0
missing__peptide_count__P00736,0.0,0.0
missing__peptide_count__P00734,0.0,0.0
missing__peptide_count__P00450,0.0,0.0
missing__peptide_count__P00441,0.0,0.0
missing__peptide_count__O75144,0.0,0.0
missing__peptide_std__Q16270,0.0,0.0
missing__peptide_count__O43505,0.0,0.0
missing__peptide_count__O15394,0.0,0.0
missing__peptide_count__O15240,0.0,0.0
missing__peptide_count__O14791,0.0,0.0
missing__peptide_count__O14773,0.0,0.0
missing__peptide_count__O14498,0.0,0.0
missing__peptide_count__O00584,0.0,0.0
missing__peptide_count__O00533,0.0,0.0
missing__peptide_std__Q9UHG2,0.0,0.0
missing__peptide_std__Q9UBX5,0.0,0.0
missing__peptide_std__Q96PD5,0.0,0.0
missing__peptide_std__Q96KN2,0.0,0.0
missing__peptide_std__Q92876,0.0,0.0
missing__peptide_std__Q92823,0.0,0.0
missing__peptide_std__Q92520,0.0,0.0
missing__peptide_count__O60888,0.0,0.0
missing__peptide_std__P06396,0.0,0.0
missing__peptide_std__P05452,0.0,0.0
missing__peptide_std__P05156,0.0,0.0
missing__peptide_std__P05155,0.0,0.0
missing__peptide_std__P05090,0.0,0.0
missing__peptide_std__P05067,0.0,0.0
missing__peptide_std__P05060,0.0,0.0
missing__peptide_std__P04433,0.0,0.0
missing__peptide_std__P04217,0.0,0.0
missing__peptide_std__P04196,0.0,0.0
missing__peptide_std__P04180,0.0,0.0
missing__peptide_std__P04075,0.0,0.0
missing__peptide_std__P04004,0.0,0.0
missing__peptide_std__P02790,0.0,0.0
missing__peptide_std__P13591,0.0,0.0
missing__peptide_std__P02774,0.0,0.0
missing__peptide_std__P02768,0.0,0.0
missing__peptide_std__P02766,0.0,0.0
missing__peptide_std__P02765,0.0,0.0
missing__peptide_std__P02763,0.0,0.0
missing__peptide_std__P02760,0.0,0.0
missing__peptide_std__P02753,0.0,0.0
missing__peptide_std__P02751,0.0,0.0
missing__peptide_std__P02750,0.0,0.0
missing__peptide_std__P02749,0.0,0.0
missing__peptide_std__P02748,0.0,0.0
missing__peptide_std__P02747,0.0,0.0
missing__peptide_std__P02679,0.0,0.0
missing__peptide_std__P02675,0.0,0.0
missing__peptide_std__P02671,0.0,0.0
missing__peptide_std__P02787,0.0,0.0
lag1__peptide_log__SC(UniMod_4)SPELQQK,0.0,0.0
slope1__protein_npx__Q99829,0.0,0.0
slope1__protein_npx__Q99435,0.0,0.0
slope1__protein_npx__Q96S96,0.0,0.0
slope1__protein_npx__Q96BZ4,0.0,0.0
slope1__protein_npx__Q92876,0.0,0.0
slope1__protein_npx__Q8NE71,0.0,0.0
slope1__protein_npx__Q6UX71,0.0,0.0
slope1__protein_npx__Q562R1,0.0,0.0
slope1__protein_npx__Q13332,0.0,0.0
lag1__protein_npx__O00533,0.0,0.0
has_previous_visit,0.0,0.0
slope1__peptide_mean__P01594,0.0,0.0
slope1__peptide_mean__P01591,0.0,0.0
missing__peptide_std__P06681,0.0,0.0
slope1__peptide_mean__O75326,0.0,0.0
missing__peptide_std__P10909,0.0,0.0
missing__peptide_std__P10645,0.0,0.0
missing__peptide_std__P10643,0.0,0.0
missing__peptide_std__P09871,0.0,0.0
missing__peptide_std__P09486,0.0,0.0
missing__peptide_std__P08697,0.0,0.0
missing__peptide_std__P08603,0.0,0.0
missing__peptide_std__P08571,0.0,0.0
missing__peptide_std__P08294,0.0,0.0
missing__peptide_std__P07998,0.0,0.0
missing__peptide_std__P07602,0.0,0.0
missing__peptide_std__P07339,0.0,0.0
missing__peptide_std__P07225,0.0,0.0
missing__peptide_std__P06727,0.0,0.0
slope1__peptide_mean__P01023,0.0,0.0
peptide_count__P04275,0.0,0.0
peptide_count__P04217,0.0,0.0
peptide_count__P04216,0.0,0.0
peptide_count__P04211,0.0,0.0
peptide_count__P04207,0.0,0.0
delta1__peptide_count__P61769,0.0,0.0
delta1__peptide_count__P61626,0.0,0.0
delta1__peptide_count__P61278,0.0,0.0
delta1__peptide_count__P60174,0.0,0.0
delta1__peptide_count__P55290,0.0,0.0
delta1__peptide_count__P54289,0.0,0.0
delta1__peptide_count__P51884,0.0,0.0
delta1__peptide_count__P49908,0.0,0.0
delta1__peptide_count__P49588,0.0,0.0
rollmean2__peptide_count__Q8NE71,0.0,0.0
delta1__peptide_count__P43121,0.0,0.0
delta1__peptide_count__P41222,0.0,0.0
delta1__peptide_count__P40925,0.0,0.0
delta1__peptide_count__P39060,0.0,0.0
delta1__peptide_count__P36980,0.0,0.0
delta1__peptide_count__P36955,0.0,0.0
delta1__peptide_count__P36222,0.0,0.0
delta1__peptide_count__P35542,0.0,0.0
delta1__peptide_count__P32754,0.0,0.0
delta1__peptide_count__P31997,0.0,0.0
delta1__peptide_count__P30086,0.0,0.0
delta1__peptide_count__P25311,0.0,0.0
delta1__peptide_count__P24592,0.0,0.0
delta1__peptide_count__P23083,0.0,0.0
delta1__peptide_count__P43251,0.0,0.0
delta1__peptide_count__P13521,0.0,0.0
delta1__peptide_count__P13473,0.0,0.0
delta1__peptide_count__P12109,0.0,0.0
delta1__peptide_count__P11277,0.0,0.0
delta1__peptide_count__P11142,0.0,0.0
delta1__peptide_count__P10909,0.0,0.0
delta1__peptide_count__P10451,0.0,0.0
delta1__peptide_count__P09871,0.0,0.0
delta1__peptide_count__P09486,0.0,0.0
delta1__peptide_count__P09104,0.0,0.0
delta1__peptide_count__P08697,0.0,0.0
delta1__peptide_count__P08637,0.0,0.0
delta1__peptide_count__P08571,0.0,0.0
delta1__peptide_count__P08493,0.0,0.0
peptide_count__P04406,0.0,0.0
rollmean2__protein_npx__Q92520,0.0,0.0
peptide_count__P08253,0.0,0.0
peptide_count__P08133,0.0,0.0
peptide_count__P08123,0.0,0.0
peptide_count__P07858,0.0,0.0
peptide_count__P07333,0.0,0.0
peptide_count__P07225,0.0,0.0
peptide_count__P07195,0.0,0.0
peptide_count__P06454,0.0,0.0
peptide_count__P06310,0.0,0.0
peptide_count__P05546,0.0,0.0
peptide_count__P05452,0.0,0.0
peptide_count__P05408,0.0,0.0
peptide_count__P05060,0.0,0.0
peptide_count__P04433,0.0,0.0
delta1__peptide_count__P08294,0.0,0.0
lag1__peptide_count__P55290,0.0,0.0
lag1__peptide_count__P54289,0.0,0.0
lag1__peptide_count__P51884,0.0,0.0
slope1__peptide_count__Q9UBR2,0.0,0.0
slope1__peptide_count__Q9NYU2,0.0,0.0
slope1__peptide_count__Q9NQ79,0.0,0.0
slope1__peptide_count__Q9HDC9,0.0,0.0
slope1__peptide_count__Q9BY67,0.0,0.0
slope1__peptide_count__Q99969,0.0,0.0
slope1__peptide_count__Q99832,0.0,0.0
slope1__peptide_count__Q99829,0.0,0.0
slope1__peptide_count__Q99683,0.0,0.0
slope1__peptide_count__Q99674,0.0,0.0
slope1__peptide_count__Q99435,0.0,0.0
delta1__peptide_count__P20933,0.0,0.0
slope1__peptide_count__Q96KN2,0.0,0.0
slope1__peptide_count__Q96BZ4,0.0,0.0
slope1__peptide_count__Q92876,0.0,0.0
slope1__peptide_count__Q92823,0.0,0.0
slope1__peptide_count__Q92520,0.0,0.0
slope1__peptide_count__Q8NE71,0.0,0.0
slope1__peptide_count__Q8NBJ4,0.0,0.0
slope1__peptide_count__Q8N2S1,0.0,0.0
slope1__peptide_count__Q8IWV7,0.0,0.0
slope1__peptide_count__Q7Z5P9,0.0,0.0
slope1__peptide_count__Q7Z3B1,0.0,0.0
slope1__peptide_count__Q6UXD5,0.0,0.0
slope1__peptide_count__Q6UXB8,0.0,0.0
slope1__peptide_count__Q6UX71,0.0,0.0
slope1__peptide_count__Q562R1,0.0,0.0
slope1__peptide_count__Q96S96,0.0,0.0
delta1__peptide_count__P20774,0.0,0.0
delta1__peptide_count__P19827,0.0,0.0
delta1__peptide_count__P19823,0.0,0.0
delta1__peptide_count__P19652,0.0,0.0
delta1__peptide_count__P19021,0.0,0.0
peptide_count__P17936,0.0,0.0
peptide_count__P16152,0.0,0.0
peptide_count__P16070,0.0,0.0
peptide_count__P16035,0.0,0.0
peptide_count__P14314,0.0,0.0
peptide_count__P14174,0.0,0.0
peptide_count__P13987,0.0,0.0
peptide_count__P13671,0.0,0.0
peptide_count__P13611,0.0,0.0
lag1__peptide_count__P60174,0.0,0.0
peptide_count__P13473,0.0,0.0
peptide_count__P11277,0.0,0.0
peptide_count__P11142,0.0,0.0
peptide_count__P10645,0.0,0.0
peptide_count__P10451,0.0,0.0
peptide_count__P09871,0.0,0.0
peptide_count__P09486,0.0,0.0
peptide_count__P09104,0.0,0.0
peptide_count__P08697,0.0,0.0
peptide_count__P08637,0.0,0.0
peptide_count__P08603,0.0,0.0
peptide_count__P08571,0.0,0.0
peptide_count__P08493,0.0,0.0
lag1__peptide_count__P61626,0.0,0.0
lag1__peptide_count__P61278,0.0,0.0
peptide_count__P13521,0.0,0.0
peptide_count__P01034,0.0,0.0
peptide_count__P01033,0.0,0.0
peptide_count__P01031,0.0,0.0
peptide_count__P01019,0.0,0.0
peptide_count__P01011,0.0,0.0
peptide_count__P00751,0.0,0.0
peptide_count__P00746,0.0,0.0
peptide_count__P00441,0.0,0.0
peptide_count__O75326,0.0,0.0
lag1__peptide_count__P19021,0.0,0.0
lag1__peptide_count__P18065,0.0,0.0
lag1__peptide_count__P17936,0.0,0.0
lag1__peptide_count__P17174,0.0,0.0
lag1__peptide_count__P16152,0.0,0.0
delta1__peptide_count__P13591,0.0,0.0
lag1__peptide_count__P16035,0.0,0.0
lag1__peptide_count__P14174,0.0,0.0
lag1__peptide_count__P13987,0.0,0.0
lag1__peptide_count__P13671,0.0,0.0
lag1__peptide_count__P13591,0.0,0.0
lag1__peptide_count__P13521,0.0,0.0
lag1__peptide_count__P13473,0.0,0.0
lag1__peptide_count__P12109,0.0,0.0
lag1__peptide_count__P11277,0.0,0.0
lag1__peptide_count__P11142,0.0,0.0
lag1__peptide_count__P10909,0.0,0.0
lag1__peptide_count__P10645,0.0,0.0
lag1__peptide_count__P10643,0.0,0.0
lag1__peptide_count__P10451,0.0,0.0
lag1__peptide_count__P09871,0.0,0.0
lag1__peptide_count__P16070,0.0,0.0
delta1__peptide_count__P07333,0.0,0.0
delta1__peptide_count__P07225,0.0,0.0
delta1__peptide_count__P07195,0.0,0.0
delta1__peptide_count__P06727,0.0,0.0
delta1__peptide_count__P06681,0.0,0.0
delta1__peptide_count__P06454,0.0,0.0
delta1__peptide_count__P06310,0.0,0.0
delta1__peptide_count__P05546,0.0,0.0
delta1__peptide_count__P05408,0.0,0.0
delta1__peptide_count__P05156,0.0,0.0
delta1__peptide_count__P05090,0.0,0.0
delta1__peptide_count__P04433,0.0,0.0
delta1__peptide_count__P04406,0.0,0.0
delta1__peptide_count__P04275,0.0,0.0
peptide_count__P01344,0.0,0.0
delta1__peptide_count__P04216,0.0,0.0
delta1__peptide_count__P04211,0.0,0.0
delta1__peptide_count__P04207,0.0,0.0
delta1__peptide_count__P04196,0.0,0.0
delta1__peptide_count__P04180,0.0,0.0
delta1__peptide_count__P04156,0.0,0.0
delta1__peptide_count__P04075,0.0,0.0
peptide_count__O00391,0.0,0.0
peptide_count__P01833,0.0,0.0
peptide_count__P01780,0.0,0.0
peptide_count__P01717,0.0,0.0
peptide_count__P01621,0.0,0.0
peptide_count__P01608,0.0,0.0
peptide_count__P01594,0.0,0.0
peptide_count__P01591,0.0,0.0
delta1__peptide_count__P04217,0.0,0.0
slope1__peptide_count__Q13332,0.0,0.0
slope1__peptide_count__Q13283,0.0,0.0
slope1__peptide_count__Q12907,0.0,0.0
slope1__peptide_count__Q12841,0.0,0.0
slope1__peptide_count__Q12805,0.0,0.0
slope1__peptide_count__Q06481,0.0,0.0
slope1__peptide_count__Q02818,0.0,0.0
slope1__peptide_count__P98160,0.0,0.0
slope1__peptide_count__P80748,0.0,0.0
slope1__peptide_count__P61916,0.0,0.0
slope1__peptide_count__P61769,0.0,0.0
slope1__peptide_count__P61626,0.0,0.0
slope1__peptide_count__P61278,0.0,0.0
slope1__peptide_count__P60174,0.0,0.0
lag1__peptide_count__P09486,0.0,0.0
slope1__peptide_count__P54289,0.0,0.0
slope1__peptide_count__P49908,0.0,0.0
slope1__peptide_count__P49588,0.0,0.0
slope1__peptide_count__P43251,0.0,0.0
slope1__peptide_count__P41222,0.0,0.0
slope1__peptide_count__P40925,0.0,0.0
slope1__peptide_count__P39060,0.0,0.0
slope1__peptide_count__P36980,0.0,0.0
slope1__peptide_count__P36955,0.0,0.0
slope1__peptide_count__P36222,0.0,0.0
slope1__peptide_count__P35542,0.0,0.0
delta1__peptide_count__P14314,0.0,0.0
delta1__peptide_count__P14174,0.0,0.0
delta1__peptide_count__P13987,0.0,0.0
delta1__peptide_count__P13671,0.0,0.0
slope1__peptide_count__P55290,0.0,0.0
lag1__peptide_count__P09104,0.0,0.0
lag1__peptide_count__P08697,0.0,0.0
lag1__peptide_count__P08637,0.0,0.0
lag1__peptide_count__P08571,0.0,0.0
peptide_count__P04156,0.0,0.0
peptide_count__P02792,0.0,0.0
peptide_count__P02766,0.0,0.0
peptide_count__P02763,0.0,0.0
peptide_count__P02753,0.0,0.0
peptide_count__P02750,0.0,0.0
peptide_count__P02749,0.0,0.0
peptide_count__P02748,0.0,0.0
peptide_count__P02747,0.0,0.0
peptide_count__P02679,0.0,0.0
slope1__peptide_count__Q13449,0.0,0.0
peptide_count__P01877,0.0,0.0
peptide_count__P01876,0.0,0.0
peptide_count__P01861,0.0,0.0
peptide_count__P01860,0.0,0.0
delta1__peptide_count__P18065,0.0,0.0
delta1__peptide_count__P17936,0.0,0.0
delta1__peptide_count__P17174,0.0,0.0
delta1__peptide_count__P16870,0.0,0.0
delta1__peptide_count__P16152,0.0,0.0
delta1__peptide_count__P16070,0.0,0.0
delta1__peptide_count__P16035,0.0,0.0
delta1__peptide_count__P14618,0.0,0.0
slope1__peptide_count__Q14508,0.0,0.0
slope1__peptide_count__Q14118,0.0,0.0
slope1__peptide_count__Q13451,0.0,0.0
peptide_count__P02655,0.0,0.0
peptide_count__Q9NYU2,0.0,0.0
peptide_count__Q9NQ79,0.0,0.0
peptide_count__Q9HDC9,0.0,0.0
peptide_count__Q9BY67,0.0,0.0
peptide_count__Q99969,0.0,0.0
peptide_count__Q99832,0.0,0.0
peptide_count__Q99829,0.0,0.0
peptide_count__Q99683,0.0,0.0
peptide_count__Q99674,0.0,0.0
peptide_count__Q99435,0.0,0.0
peptide_count__Q96S96,0.0,0.0
peptide_count__Q96BZ4,0.0,0.0
peptide_count__Q92876,0.0,0.0
peptide_count__Q92823,0.0,0.0
slope1__peptide_count__Q16270,0.0,0.0
slope1__peptide_count__Q9UBX5,0.0,0.0
delta1__peptide_log__AVGDKLPEC(UniMod_4)EADDGC(UniMod_4)PKPPEIAHGYVEHSVR,0.0,0.0
lag1__protein_npx__P13473,0.0,0.0
lag1__peptide_count__Q15904,0.0,0.0
lag1__peptide_count__Q14624,0.0,0.0
lag1__peptide_count__Q14508,0.0,0.0
lag1__peptide_count__Q14118,0.0,0.0
lag1__peptide_count__Q13740,0.0,0.0
lag1__peptide_count__Q13451,0.0,0.0
lag1__peptide_count__Q13449,0.0,0.0
lag1__peptide_count__Q13332,0.0,0.0
lag1__peptide_count__Q13283,0.0,0.0
lag1__peptide_count__Q12907,0.0,0.0
lag1__peptide_count__Q12841,0.0,0.0
slope1__peptide_count__Q9UHG2,0.0,0.0
delta1__peptide_count__Q96BZ4,0.0,0.0
delta1__peptide_count__Q92876,0.0,0.0
delta1__peptide_count__Q92823,0.0,0.0
slope1__peptide_log__SLAAAAGKQELAK,0.0,0.0
slope1__peptide_log__QKVEPLRAELQEGAR,0.0,0.0
slope1__peptide_log__M(UniMod_35)ASGAANVVGPK,0.0,0.0
slope1__peptide_log__HYTNPSQDVTVPC(UniMod_4)PVPPPPPC(UniMod_4)C(UniMod_4)HPR,0.0,0.0
slope1__peptide_log__HGGLYHENMR,0.0,0.0
slope1__peptide_log__ELSSFIDKGQELC(UniMod_4)ADYSENTFTEYK,0.0,0.0
slope1__peptide_log__DSGFQM(UniMod_35)NQLR,0.0,0.0
lag1__peptide_count__Q92520,0.0,0.0
lag1__peptide_count__Q8NE71,0.0,0.0
lag1__peptide_count__Q8NBJ4,0.0,0.0
lag1__peptide_count__Q8N2S1,0.0,0.0
peptide_count__Q9UBR2,0.0,0.0
lag1__peptide_count__Q7Z5P9,0.0,0.0
lag1__peptide_count__Q7Z3B1,0.0,0.0
lag1__peptide_count__Q6UXD5,0.0,0.0
lag1__peptide_count__Q6UXB8,0.0,0.0
lag1__peptide_count__Q6UX71,0.0,0.0
lag1__peptide_count__Q562R1,0.0,0.0
lag1__peptide_count__Q16270,0.0,0.0
slope1__peptide_count__Q9Y646,0.0,0.0
slope1__peptide_count__Q9UNU6,0.0,0.0
slope1__peptide_count__Q9UKV8,0.0,0.0
peptide_count__Q9Y646,0.0,0.0
peptide_count__Q9UNU6,0.0,0.0
peptide_count__Q9UKV8,0.0,0.0
peptide_count__Q9UHG2,0.0,0.0
peptide_count__Q9UBX5,0.0,0.0
lag1__peptide_count__Q8IWV7,0.0,0.0
missing__peptide_log__LSKELQAAQAR,0.0,0.0
missing__months_since_prev_visit,0.0,0.0
missing__months_since_baseline,0.0,0.0
missing__visit_index,0.0,0.0
missing__current_medication_unknown,0.0,0.0
missing__current_medication_on,0.0,0.0
missing__current_updrs_3,0.0,0.0
missing__current_updrs_2,0.0,0.0
missing__current_updrs_1,0.0,0.0
missing__peptide_missing_fraction,0.0,0.0
missing__peptide_feature_count,0.0,0.0
missing__peptide_log__YYWGGQYTWDMAK,0.0,0.0
missing__peptide_log__YVMLPVADQDQC(UniMod_4)IR,0.0,0.0
missing__peptide_log__YVM(UniMod_35)LPVADQDQC(UniMod_4)IR,0.0,0.0
lag1__peptide_count__Q12805,0.0,0.0
missing__peptide_log__WELALGR,0.0,0.0
missing__peptide_log__VYC(UniMod_4)DMNTENGGWTVIQNR,0.0,0.0
missing__peptide_log__VTSIQDWVQK,0.0,0.0
missing__peptide_log__EDSLEAGLPLQVR,0.0,0.0
missing__peptide_log__DSGFQM(UniMod_35)NQLR,0.0,0.0
missing__peptide_log__DSGEGDFLAEGGGVR,0.0,0.0
missing__peptide_log__DLATVYVDVLK,0.0,0.0
missing__peptide_log__SGELEQEEER,0.0,0.0
missing__peptide_log__SGEATDGARPQALPEPMQESK,0.0,0.0
missing__has_previous_visit,0.0,0.0
missing__peptide_log__VMPIC(UniMod_4)LPSKDYAEVGR,0.0,0.0
missing__peptide_log__DASGVTFTWTPSSGK,0.0,0.0
missing__peptide_log__YIVSGTPTFVPYLIK,0.0,0.0
missing__peptide_log__IHWESASLLR,0.0,0.0
missing__peptide_log__LGADMEDVC(UniMod_4)GR,0.0,0.0
missing__peptide_log__NPDPWAK,0.0,0.0
lag1__peptide_count__Q08380,0.0,0.0
lag1__peptide_count__Q02818,0.0,0.0
lag1__peptide_count__P98160,0.0,0.0
lag1__peptide_count__P80748,0.0,0.0
lag1__peptide_count__P61916,0.0,0.0
slope1__peptide_log__C(UniMod_4)TSTGWIPAPR,0.0,0.0
slope1__peptide_log__AVGDKLPEC(UniMod_4)EADDGC(UniMod_4)PKPPEIAHGYVEHSVR,0.0,0.0
missing__peptide_log__VDSGNDVTDIADDGC(UniMod_4)PKPPEIAHGYVEHSVR,0.0,0.0
missing__peptide_log__VC(UniMod_4)PFAGILENGAVR,0.0,0.0
missing__peptide_log__TVVQPSVGAAAGPVVPPC(UniMod_4)PGR,0.0,0.0
missing__peptide_log__TTPPVLDSDGSFFLYSR,0.0,0.0
missing__peptide_log__TTPPVLDSDGSFFLYSK,0.0,0.0
missing__peptide_log__TSAHGNVAEGETKPDPDVTER,0.0,0.0
missing__peptide_log__TQVNTQAEQLRR,0.0,0.0
missing__peptide_log__SELEEQLTPVAEETR,0.0,0.0
missing__peptide_log__TPLGDTTHTC(UniMod_4)PR,0.0,0.0
missing__peptide_log__TM(UniMod_35)LLQPAGSLGSYSYR,0.0,0.0
missing__peptide_log__TLLSNLEEAKK,0.0,0.0
missing__peptide_log__TKEEYGHSEVVEYYC(UniMod_4)NPR,0.0,0.0
missing__peptide_log__TEGDGVYTLNNEK,0.0,0.0
missing__peptide_log__TDASDVKPC(UniMod_4),0.0,0.0
missing__peptide_log__ILLQGTPVAQMTEDAVDAER,0.0,0.0
missing__peptide_log__SLAELGGHLDQQVEEFRR,0.0,0.0
missing__peptide_log__NFPPSQDASGDLYTTSSQLTLPATQC(UniMod_4)LAGK,0.0,0.0
missing__peptide_log__MYYSAVDPTKDIFTGLIGPM(UniMod_35)K,0.0,0.0
missing__peptide_log__RTPITVVK,0.0,0.0
missing__peptide_log__MASGAANVVGPK,0.0,0.0
missing__peptide_log__SC(UniMod_4)DTPPPC(UniMod_4)PR,0.0,0.0
missing__peptide_log__SEALAVDGAGKPGAEEAQDPEGK,0.0,0.0
missing__peptide_log__LVGGPM(UniMod_35)DASVEEEGVRR,0.0,0.0
missing__peptide_log__TPVSDRVTK,0.0,0.0
delta1__peptide_count__Q7Z3B1,0.0,0.0
delta1__peptide_count__Q6UXD5,0.0,0.0
delta1__peptide_count__Q6UXB8,0.0,0.0
delta1__peptide_count__Q6UX71,0.0,0.0
delta1__peptide_count__Q562R1,0.0,0.0
delta1__peptide_count__Q16270,0.0,0.0
delta1__peptide_count__Q15904,0.0,0.0
delta1__peptide_count__Q14624,0.0,0.0
delta1__peptide_count__Q14515,0.0,0.0
delta1__peptide_count__Q14508,0.0,0.0
delta1__peptide_count__Q14118,0.0,0.0
delta1__peptide_count__Q13740,0.0,0.0
delta1__peptide_count__Q13451,0.0,0.0
delta1__peptide_count__Q13449,0.0,0.0
delta1__peptide_count__Q96KN2,0.0,0.0
delta1__peptide_count__Q13283,0.0,0.0
delta1__peptide_count__Q12907,0.0,0.0
delta1__peptide_count__Q12841,0.0,0.0
delta1__peptide_count__Q12805,0.0,0.0
delta1__peptide_count__Q06481,0.0,0.0
delta1__peptide_count__Q02818,0.0,0.0
delta1__peptide_count__P98160,0.0,0.0
delta1__peptide_count__P80748,0.0,0.0
delta1__peptide_count__P61916,0.0,0.0
peptide_count__P49908,0.0,0.0
peptide_count__P49588,0.0,0.0
peptide_count__P43251,0.0,0.0
peptide_count__P41222,0.0,0.0
peptide_count__P40925,0.0,0.0
peptide_count__P39060,0.0,0.0
delta1__peptide_count__Q13332,0.0,0.0
slope1__peptide_count__Q15904,0.0,0.0
slope1__peptide_count__Q14624,0.0,0.0
slope1__peptide_count__Q14515,0.0,0.0
lag1__peptide_count__P49908,0.0,0.0
lag1__peptide_count__P49588,0.0,0.0
lag1__peptide_count__P43251,0.0,0.0
lag1__peptide_count__P41222,0.0,0.0
lag1__peptide_count__P40925,0.0,0.0
lag1__peptide_count__P39060,0.0,0.0
lag1__peptide_count__P36980,0.0,0.0
lag1__peptide_count__P36955,0.0,0.0
lag1__peptide_count__P36222,0.0,0.0
lag1__peptide_count__P35542,0.0,0.0
lag1__peptide_count__P32754,0.0,0.0
delta1__peptide_count__Q7Z5P9,0.0,0.0
lag1__peptide_count__P25311,0.0,0.0
lag1__peptide_count__P24592,0.0,0.0
lag1__peptide_count__P23083,0.0,0.0
lag1__peptide_count__P20933,0.0,0.0
lag1__peptide_count__P20774,0.0,0.0
lag1__peptide_count__P19827,0.0,0.0
lag1__peptide_count__P19652,0.0,0.0
peptide_count__P61626,0.0,0.0
peptide_count__P61278,0.0,0.0
peptide_count__P60174,0.0,0.0
peptide_count__P55290,0.0,0.0
delta1__peptide_count__Q8NE71,0.0,0.0
delta1__peptide_count__Q8NBJ4,0.0,0.0
delta1__peptide_count__Q8N2S1,0.0,0.0
delta1__peptide_count__Q8IWV7,0.0,0.0
lag1__peptide_count__P31997,0.0,0.0
peptide_count__Q13451,0.0,0.0
peptide_count__Q13449,0.0,0.0
peptide_count__Q13332,0.0,0.0
peptide_count__Q13283,0.0,0.0
peptide_count__Q12907,0.0,0.0
peptide_count__Q12805,0.0,0.0
peptide_count__Q08380,0.0,0.0
peptide_count__Q06481,0.0,0.0
peptide_count__Q02818,0.0,0.0
peptide_count__P80748,0.0,0.0
peptide_count__P61769,0.0,0.0
lag1__protein_npx__P07333,0.0,0.0
delta1__peptide_count__Q9Y6R7,0.0,0.0
delta1__peptide_count__Q9Y646,0.0,0.0
peptide_count__P36980,0.0,0.0
delta1__peptide_count__Q9UKV8,0.0,0.0
delta1__peptide_count__Q9UHG2,0.0,0.0
delta1__peptide_count__Q9UBX5,0.0,0.0
delta1__peptide_count__Q9UBR2,0.0,0.0
delta1__peptide_count__Q9NYU2,0.0,0.0
delta1__peptide_count__Q9NQ79,0.0,0.0
delta1__peptide_count__Q9HDC9,0.0,0.0
delta1__peptide_count__Q9BY67,0.0,0.0
delta1__peptide_count__Q99969,0.0,0.0
delta1__peptide_count__Q99832,0.0,0.0
delta1__peptide_count__Q99829,0.0,0.0
delta1__peptide_count__Q99683,0.0,0.0
delta1__peptide_count__Q99674,0.0,0.0
delta1__peptide_count__Q99435,0.0,0.0
delta1__peptide_count__Q96S96,0.0,0.0
delta1__peptide_count__Q9UNU6,0.0,0.0
peptide_count__P35542,0.0,0.0
peptide_count__P32754,0.0,0.0
peptide_count__P31997,0.0,0.0
peptide_count__P25311,0.0,0.0
peptide_count__P24592,0.0,0.0
peptide_count__P23083,0.0,0.0
peptide_count__P20933,0.0,0.0
peptide_count__P20774,0.0,0.0
peptide_count__P19827,0.0,0.0
peptide_count__P19021,0.0,0.0
slope1__has_previous_visit,0.0,0.0
slope1__months_since_prev_visit,0.0,0.0
slope1__months_since_baseline,0.0,0.0
slope1__visit_index,0.0,0.0
peptide_count__Q14118,0.0,0.0
slope1__current_updrs_4,0.0,0.0
slope1__peptide_log__YYWGGQYTWDMAK,0.0,0.0
slope1__peptide_log__YVMLPVADQDQC(UniMod_4)IR,0.0,0.0
peptide_count__Q8NE71,0.0,0.0
peptide_count__Q8NBJ4,0.0,0.0
peptide_count__Q8N2S1,0.0,0.0
peptide_count__Q8IWV7,0.0,0.0
peptide_count__Q7Z5P9,0.0,0.0
peptide_count__Q7Z3B1,0.0,0.0
peptide_count__Q6UXD5,0.0,0.0
peptide_count__Q6UX71,0.0,0.0
peptide_count__Q562R1,0.0,0.0
peptide_count__Q15904,0.0,0.0
peptide_count__Q14624,0.0,0.0
peptide_count__Q14508,0.0,0.0
slope1__current_medication_on,0.0,0.0
rollmean2__peptide_count__P07602,0.0,0.0
rollmean2__peptide_count__P07333,0.0,0.0
rollmean2__peptide_count__P07225,0.0,0.0
rollmean2__peptide_count__P07195,0.0,0.0
rollmean2__peptide_count__P06454,0.0,0.0
rollmean2__peptide_count__P06310,0.0,0.0
rollmean2__peptide_count__P05546,0.0,0.0
rollmean2__peptide_count__P05408,0.0,0.0
rollmean2__peptide_count__P05156,0.0,0.0
rollmean2__peptide_count__P05155,0.0,0.0
rollmean2__peptide_count__P04433,0.0,0.0
rollmean2__peptide_count__P04406,0.0,0.0
rollmean2__peptide_count__P04275,0.0,0.0
rollmean2__peptide_count__P04216,0.0,0.0
delta1__peptide_count__P07339,0.0,0.0
rollmean2__peptide_count__P04207,0.0,0.0
rollmean2__peptide_count__P04156,0.0,0.0
rollmean2__peptide_count__P02792,0.0,0.0
rollmean2__peptide_count__P02763,0.0,0.0
rollmean2__peptide_count__P02760,0.0,0.0
rollmean2__peptide_count__P02753,0.0,0.0
rollmean2__peptide_count__P02750,0.0,0.0
rollmean2__peptide_count__P02748,0.0,0.0
rollmean2__peptide_count__P02747,0.0,0.0
rollmean2__peptide_count__P02679,0.0,0.0
rollmean2__peptide_count__P02655,0.0,0.0
rollmean2__peptide_count__P01861,0.0,0.0
rollmean2__peptide_count__P01860,0.0,0.0
rollmean2__peptide_count__P01833,0.0,0.0
rollmean2__peptide_count__P04211,0.0,0.0
slope1__peptide_count__P00747,0.0,0.0
slope1__peptide_count__P00746,0.0,0.0
slope1__peptide_count__P00736,0.0,0.0
slope1__peptide_count__P00734,0.0,0.0
slope1__peptide_count__P00450,0.0,0.0
slope1__peptide_count__P00441,0.0,0.0
slope1__peptide_count__O94919,0.0,0.0
slope1__peptide_count__O75326,0.0,0.0
slope1__peptide_count__O75144,0.0,0.0
slope1__peptide_count__O60888,0.0,0.0
slope1__peptide_count__O43505,0.0,0.0
slope1__peptide_count__O15394,0.0,0.0
slope1__peptide_count__O15240,0.0,0.0
slope1__peptide_count__O14791,0.0,0.0
rollmean2__peptide_count__P07858,0.0,0.0
slope1__peptide_count__O14498,0.0,0.0
slope1__peptide_count__O00584,0.0,0.0
slope1__peptide_count__O00533,0.0,0.0
slope1__peptide_count__O00391,0.0,0.0
slope1__peptide_std__Q6UXB8,0.0,0.0
slope1__peptide_std__Q13740,0.0,0.0
slope1__peptide_std__P98160,0.0,0.0
lag1__protein_npx__P02768,0.0,0.0
delta1__peptide_log__SNSSM(UniMod_35)HITDC(UniMod_4)R,0.0,0.0
lag1__protein_npx__Q13451,0.0,0.0
lag1__protein_npx__Q08380,0.0,0.0
delta1__protein_npx__P09104,0.0,0.0
rollmean2__peptide_count__P08253,0.0,0.0
rollmean2__peptide_count__P08133,0.0,0.0
rollmean2__peptide_count__P08123,0.0,0.0
slope1__peptide_count__O14773,0.0,0.0
slope1__peptide_count__P01009,0.0,0.0
rollmean2__peptide_count__P01344,0.0,0.0
rollmean2__peptide_count__P01034,0.0,0.0
rollmean2__peptide_count__P01033,0.0,0.0
rollmean2__peptide_count__P01031,0.0,0.0
rollmean2__peptide_count__P00746,0.0,0.0
rollmean2__peptide_count__P00441,0.0,0.0
rollmean2__peptide_count__O75326,0.0,0.0
rollmean2__peptide_count__O60888,0.0,0.0
rollmean2__peptide_count__O43505,0.0,0.0
rollmean2__peptide_count__O15394,0.0,0.0
rollmean2__peptide_count__O14791,0.0,0.0
rollmean2__peptide_count__O14498,0.0,0.0
rollmean2__peptide_count__O00533,0.0,0.0
rollmean2__peptide_count__P01780,0.0,0.0
delta1__peptide_std__P02647,0.0,0.0
delta1__peptide_std__O94919,0.0,0.0
delta1__peptide_std__O15394,0.0,0.0
delta1__peptide_std__O14773,0.0,0.0
delta1__peptide_mean__Q9UNU6,0.0,0.0
delta1__peptide_mean__Q9UBR2,0.0,0.0
delta1__peptide_mean__Q99829,0.0,0.0
delta1__peptide_mean__Q99435,0.0,0.0
delta1__peptide_mean__Q96S96,0.0,0.0
lag1__peptide_count__O43505,0.0,0.0
lag1__peptide_count__O15394,0.0,0.0
lag1__peptide_count__O15240,0.0,0.0
lag1__peptide_count__O14791,0.0,0.0
lag1__peptide_count__O14773,0.0,0.0
lag1__peptide_count__O14498,0.0,0.0
rollmean2__peptide_count__O00391,0.0,0.0
rollmean2__peptide_count__P01717,0.0,0.0
rollmean2__peptide_count__P01621,0.0,0.0
rollmean2__peptide_count__P01608,0.0,0.0
rollmean2__peptide_count__P01594,0.0,0.0
rollmean2__peptide_count__P01591,0.0,0.0
slope1__peptide_count__P02748,0.0,0.0
slope1__peptide_count__P02747,0.0,0.0
slope1__peptide_count__P02679,0.0,0.0
slope1__peptide_count__P02656,0.0,0.0
slope1__peptide_count__P02655,0.0,0.0
slope1__peptide_count__P02652,0.0,0.0
slope1__peptide_count__P02649,0.0,0.0
slope1__peptide_count__P02452,0.0,0.0
slope1__peptide_count__P01877,0.0,0.0
slope1__peptide_count__P01019,0.0,0.0
slope1__peptide_count__P01861,0.0,0.0
slope1__peptide_count__P01860,0.0,0.0
slope1__peptide_count__P01857,0.0,0.0
slope1__peptide_count__P01833,0.0,0.0
slope1__peptide_count__P01780,0.0,0.0
slope1__peptide_count__P01717,0.0,0.0
slope1__peptide_count__P01621,0.0,0.0
slope1__peptide_count__P01608,0.0,0.0
slope1__peptide_count__P01594,0.0,0.0
slope1__peptide_count__P01591,0.0,0.0
slope1__peptide_count__P01344,0.0,0.0
slope1__peptide_count__P01042,0.0,0.0
slope1__peptide_count__P01034,0.0,0.0
slope1__peptide_count__P01033,0.0,0.0
slope1__peptide_count__P01031,0.0,0.0
slope1__peptide_count__P01876,0.0,0.0
rollmean2__peptide_count__Q562R1,0.0,0.0
rollmean2__peptide_count__Q15904,0.0,0.0
rollmean2__peptide_count__Q14624,0.0,0.0
rollmean2__peptide_count__Q14508,0.0,0.0
rollmean2__peptide_count__Q14118,0.0,0.0
rollmean2__peptide_count__Q13451,0.0,0.0
rollmean2__peptide_count__Q13449,0.0,0.0
lag1__protein_npx__P05546,0.0,0.0
lag1__protein_npx__P05067,0.0,0.0
lag1__peptide_mean__P11142,0.0,0.0
lag1__peptide_mean__P09104,0.0,0.0
lag1__peptide_count__Q9Y646,0.0,0.0
lag1__peptide_count__Q9UNU6,0.0,0.0
lag1__peptide_count__Q9UKV8,0.0,0.0
slope1__peptide_count__P00751,0.0,0.0
lag1__peptide_count__Q9UBX5,0.0,0.0
lag1__peptide_count__Q9UBR2,0.0,0.0
lag1__peptide_count__Q9NYU2,0.0,0.0
lag1__peptide_count__Q9NQ79,0.0,0.0
lag1__peptide_count__Q9HDC9,0.0,0.0
lag1__peptide_count__Q9BY67,0.0,0.0
lag1__peptide_count__Q99969,0.0,0.0
lag1__peptide_count__Q99832,0.0,0.0
lag1__peptide_count__Q99829,0.0,0.0
rollmean2__peptide_count__Q13332,0.0,0.0
rollmean2__peptide_count__Q13283,0.0,0.0
rollmean2__peptide_count__Q02818,0.0,0.0
rollmean2__peptide_count__P80748,0.0,0.0
rollmean2__peptide_count__P61916,0.0,0.0
rollmean2__peptide_count__P61626,0.0,0.0
lag1__peptide_count__Q9UHG2,0.0,0.0
rollmean2__peptide_count__Q9UBR2,0.0,0.0
rollmean2__peptide_count__Q9NYU2,0.0,0.0
rollmean2__peptide_count__Q9NQ79,0.0,0.0
rollmean2__peptide_count__Q9HDC9,0.0,0.0
rollmean2__peptide_count__Q9BY67,0.0,0.0
rollmean2__peptide_count__Q99969,0.0,0.0
rollmean2__peptide_count__Q99832,0.0,0.0
rollmean2__peptide_count__Q99829,0.0,0.0
rollmean2__peptide_count__Q99683,0.0,0.0
rollmean2__peptide_count__Q99674,0.0,0.0
rollmean2__peptide_count__Q99435,0.0,0.0
rollmean2__peptide_count__Q96S96,0.0,0.0
lag1__protein_npx__Q99435,0.0,0.0
lag1__protein_npx__Q96S96,0.0,0.0
rollmean2__peptide_count__Q6UX71,0.0,0.0
lag1__protein_npx__Q96BZ4,0.0,0.0
lag1__protein_npx__Q92520,0.0,0.0
lag1__protein_npx__Q8N2S1,0.0,0.0
lag1__protein_npx__Q15904,0.0,0.0
delta1__peptide_mean__P16035,0.0,0.0
rollmean2__peptide_count__Q96BZ4,0.0,0.0
rollmean2__peptide_count__Q92876,0.0,0.0
missing__peptide_log__NPDSSTTGPWC(UniMod_4)YTTDPTVR,0.0,0.0
rollmean2__peptide_count__Q8NBJ4,0.0,0.0
rollmean2__peptide_count__Q8N2S1,0.0,0.0
rollmean2__peptide_count__Q8IWV7,0.0,0.0
rollmean2__peptide_count__Q7Z5P9,0.0,0.0
rollmean2__peptide_count__Q7Z3B1,0.0,0.0
rollmean2__peptide_count__Q6UXD5,0.0,0.0
rollmean2__peptide_count__Q6UXB8,0.0,0.0
lag1__protein_npx__Q96KN2,0.0,0.0
lag1__peptide_mean__P61916,0.0,0.0
delta1__protein_npx__P08123,0.0,0.0
delta1__peptide_log__RTPITVVK,0.0,0.0
delta1__peptide_log__NPDPWAK,0.0,0.0
slope1__peptide_std__P54289,0.0,0.0
slope1__peptide_std__P27169,0.0,0.0
slope1__peptide_std__P14618,0.0,0.0
slope1__peptide_std__P14314,0.0,0.0
slope1__peptide_std__P13611,0.0,0.0
slope1__peptide_std__P07998,0.0,0.0
slope1__peptide_std__P07711,0.0,0.0
slope1__peptide_std__P06681,0.0,0.0
delta1__protein_npx__P07333,0.0,0.0
lag1__protein_npx__P49588,0.0,0.0
rollmean2__peptide_count__P61278,0.0,0.0
delta1__peptide_mean__Q6UX71,0.0,0.0
lag1__peptide_mean__P54289,0.0,0.0
lag1__peptide_mean__P39060,0.0,0.0
lag1__peptide_mean__P36980,0.0,0.0
lag1__peptide_mean__P25311,0.0,0.0
rollmean2__peptide_count__P12109,0.0,0.0
rollmean2__peptide_count__P11277,0.0,0.0
rollmean2__peptide_count__P11142,0.0,0.0
rollmean2__peptide_count__P10451,0.0,0.0
rollmean2__peptide_count__P09486,0.0,0.0
rollmean2__peptide_count__P09104,0.0,0.0
rollmean2__peptide_count__P08637,0.0,0.0
rollmean2__peptide_count__P08571,0.0,0.0
delta1__peptide_mean__Q96BZ4,0.0,0.0
slope1__peptide_count__P01008,0.0,0.0
lag1__protein_npx__P43652,0.0,0.0
rollmean2__peptide_count__P60174,0.0,0.0
rollmean2__peptide_count__P49908,0.0,0.0
rollmean2__peptide_count__P49588,0.0,0.0
rollmean2__peptide_count__P43251,0.0,0.0
rollmean2__peptide_count__P41222,0.0,0.0
rollmean2__peptide_count__P40925,0.0,0.0
rollmean2__peptide_count__P36980,0.0,0.0
rollmean2__peptide_count__P36222,0.0,0.0
rollmean2__peptide_count__P35542,0.0,0.0
rollmean2__peptide_count__P32754,0.0,0.0
rollmean2__peptide_count__P31997,0.0,0.0
rollmean2__peptide_count__P23083,0.0,0.0
rollmean2__peptide_count__P20933,0.0,0.0
rollmean2__peptide_count__P19827,0.0,0.0
protein_npx__Q99832,0.0,0.0
rollmean2__peptide_count__P17936,0.0,0.0
delta1__peptide_mean__P55290,0.0,0.0
delta1__peptide_mean__P40925,0.0,0.0
delta1__peptide_mean__P36980,0.0,0.0
delta1__peptide_mean__P32754,0.0,0.0
lag1__protein_npx__Q99969,0.0,0.0
lag1__protein_npx__Q99829,0.0,0.0
rollmean2__peptide_count__P16152,0.0,0.0
rollmean2__peptide_count__P16035,0.0,0.0
rollmean2__peptide_count__P14174,0.0,0.0
rollmean2__peptide_count__P13987,0.0,0.0
rollmean2__peptide_count__P13671,0.0,0.0
rollmean2__peptide_count__P13591,0.0,0.0
rollmean2__peptide_count__P13521,0.0,0.0
rollmean2__peptide_count__P13473,0.0,0.0
rollmean2__peptide_count__P19021,0.0,0.0
delta1__peptide_count__P01860,0.0,0.0
delta1__peptide_count__P01859,0.0,0.0
delta1__peptide_count__P01857,0.0,0.0
delta1__peptide_count__P01834,0.0,0.0
delta1__peptide_count__P01833,0.0,0.0
delta1__peptide_count__P01780,0.0,0.0
delta1__peptide_count__P01717,0.0,0.0
lag1__peptide_count__P02748,0.0,0.0
lag1__peptide_count__P02747,0.0,0.0
lag1__peptide_count__P02679,0.0,0.0
lag1__peptide_count__P02656,0.0,0.0
lag1__peptide_count__P02655,0.0,0.0
lag1__peptide_count__P02652,0.0,0.0
lag1__peptide_count__P02647,0.0,0.0
lag1__peptide_count__O00584,0.0,0.0
lag1__peptide_count__P01876,0.0,0.0
lag1__peptide_count__P01861,0.0,0.0
lag1__peptide_count__P01860,0.0,0.0
lag1__peptide_count__P08294,0.0,0.0
lag1__peptide_count__P08253,0.0,0.0
lag1__peptide_count__P08133,0.0,0.0
lag1__peptide_count__P08123,0.0,0.0
lag1__peptide_count__P07858,0.0,0.0
lag1__peptide_count__P07711,0.0,0.0
lag1__peptide_count__P07602,0.0,0.0
lag1__peptide_count__P07339,0.0,0.0
lag1__peptide_count__P07333,0.0,0.0
lag1__peptide_count__P07225,0.0,0.0
lag1__peptide_count__P07195,0.0,0.0
lag1__peptide_count__P02452,0.0,0.0
lag1__peptide_count__P04004,0.0,0.0
lag1__peptide_count__P02792,0.0,0.0
lag1__peptide_count__P02787,0.0,0.0
lag1__peptide_count__P02766,0.0,0.0
lag1__peptide_count__P02765,0.0,0.0
lag1__peptide_count__P02760,0.0,0.0
lag1__peptide_count__P02753,0.0,0.0
lag1__peptide_count__P02750,0.0,0.0
delta1__peptide_count__P04004,0.0,0.0
delta1__peptide_count__P02792,0.0,0.0
delta1__peptide_count__P02790,0.0,0.0
delta1__peptide_count__P02768,0.0,0.0
delta1__peptide_count__P02766,0.0,0.0
delta1__peptide_count__P02765,0.0,0.0
delta1__peptide_count__P01861,0.0,0.0
delta1__peptide_count__P02760,0.0,0.0
delta1__peptide_count__P02753,0.0,0.0
delta1__peptide_count__P02750,0.0,0.0
delta1__peptide_count__P02749,0.0,0.0
delta1__peptide_count__P02748,0.0,0.0
delta1__peptide_count__P02747,0.0,0.0
delta1__peptide_count__P02679,0.0,0.0
delta1__peptide_count__P02675,0.0,0.0
delta1__peptide_count__P02656,0.0,0.0
delta1__peptide_count__P02655,0.0,0.0
delta1__peptide_count__P02652,0.0,0.0
delta1__peptide_count__P02649,0.0,0.0
delta1__peptide_count__P02647,0.0,0.0
delta1__peptide_count__P01877,0.0,0.0
delta1__peptide_count__P01876,0.0,0.0
delta1__peptide_count__P02763,0.0,0.0
lag1__peptide_count__P06454,0.0,0.0
lag1__peptide_count__P06396,0.0,0.0
lag1__peptide_count__P06310,0.0,0.0
lag1__peptide_count__P05546,0.0,0.0
lag1__peptide_count__P05452,0.0,0.0
lag1__peptide_count__P05408,0.0,0.0
lag1__peptide_count__P05156,0.0,0.0
lag1__peptide_count__P05155,0.0,0.0
lag1__peptide_count__P05090,0.0,0.0
lag1__peptide_count__P04433,0.0,0.0
lag1__peptide_count__P04406,0.0,0.0
lag1__peptide_count__P04275,0.0,0.0
lag1__peptide_count__P04217,0.0,0.0
lag1__peptide_count__P04216,0.0,0.0
lag1__peptide_count__P06681,0.0,0.0
lag1__peptide_count__P04207,0.0,0.0
peptide_count__O75144,0.0,0.0
peptide_count__O60888,0.0,0.0
peptide_count__O43505,0.0,0.0
peptide_count__O15240,0.0,0.0
peptide_count__O14791,0.0,0.0
peptide_count__O14773,0.0,0.0
peptide_count__O14498,0.0,0.0
delta1__peptide_count__P08253,0.0,0.0
delta1__peptide_count__P08133,0.0,0.0
delta1__peptide_count__P08123,0.0,0.0
delta1__peptide_count__P07998,0.0,0.0
delta1__peptide_count__P07858,0.0,0.0
delta1__peptide_count__P07711,0.0,0.0
delta1__peptide_count__P07602,0.0,0.0
lag1__peptide_count__P04211,0.0,0.0
slope1__peptide_count__P32754,0.0,0.0
slope1__peptide_count__P31997,0.0,0.0
slope1__peptide_count__P30086,0.0,0.0
slope1__peptide_count__P27169,0.0,0.0
slope1__peptide_count__P25311,0.0,0.0
slope1__peptide_count__P24592,0.0,0.0
slope1__peptide_count__P23142,0.0,0.0
slope1__peptide_count__P23083,0.0,0.0
slope1__peptide_count__P20933,0.0,0.0
slope1__peptide_count__P20774,0.0,0.0
slope1__peptide_count__P19827,0.0,0.0
slope1__peptide_count__P19021,0.0,0.0
slope1__peptide_count__P18065,0.0,0.0
slope1__peptide_count__P17936,0.0,0.0
delta1__peptide_log__LC(UniMod_4)MGSGLNLC(UniMod_4)EPNNKEGYYGYTGAFR,0.0,0.0
slope1__peptide_count__P16870,0.0,0.0
slope1__peptide_count__P16152,0.0,0.0
slope1__peptide_count__P16070,0.0,0.0
slope1__peptide_count__P16035,0.0,0.0
slope1__peptide_count__P14314,0.0,0.0
slope1__peptide_count__P14174,0.0,0.0
slope1__peptide_count__P13987,0.0,0.0
slope1__peptide_count__P13671,0.0,0.0
slope1__peptide_count__P13611,0.0,0.0
slope1__peptide_count__P13521,0.0,0.0
slope1__peptide_count__P13473,0.0,0.0
slope1__peptide_count__P12109,0.0,0.0
slope1__peptide_count__P11277,0.0,0.0
slope1__peptide_count__P11142,0.0,0.0
slope1__peptide_count__P10909,0.0,0.0
slope1__peptide_count__P17174,0.0,0.0
slope1__peptide_count__P02753,0.0,0.0
slope1__peptide_count__P02750,0.0,0.0
slope1__peptide_count__P02749,0.0,0.0
delta1__peptide_std__P02763,0.0,0.0
lag1__peptide_count__P01859,0.0,0.0
lag1__peptide_count__P01857,0.0,0.0
lag1__peptide_count__P01833,0.0,0.0
lag1__peptide_count__P01780,0.0,0.0
lag1__peptide_count__P01717,0.0,0.0
lag1__peptide_count__P01621,0.0,0.0
lag1__peptide_count__P01608,0.0,0.0
lag1__peptide_count__P01594,0.0,0.0
lag1__peptide_count__P01591,0.0,0.0
lag1__peptide_count__P01344,0.0,0.0
lag1__peptide_count__P04075,0.0,0.0
lag1__peptide_count__P01034,0.0,0.0
delta1__peptide_std__P08493,0.0,0.0
lag1__protein_npx__P20774,0.0,0.0
delta1__protein_npx__P04216,0.0,0.0
delta1__protein_npx__P04156,0.0,0.0
delta1__protein_npx__P02751,0.0,0.0
delta1__protein_npx__P02750,0.0,0.0
lag1__peptide_count__P01033,0.0,0.0
lag1__peptide_count__P01031,0.0,0.0
lag1__peptide_count__P01024,0.0,0.0
lag1__peptide_count__P01023,0.0,0.0
lag1__peptide_count__P01008,0.0,0.0
lag1__peptide_count__P00751,0.0,0.0
lag1__peptide_count__P00748,0.0,0.0
lag1__peptide_count__P00746,0.0,0.0
lag1__peptide_count__P01042,0.0,0.0
lag1__peptide_count__O00391,0.0,0.0
lag1__peptide_std__P55290,0.0,0.0
delta1__protein_npx__P02748,0.0,0.0
slope1__peptide_count__P07195,0.0,0.0
slope1__peptide_count__P06454,0.0,0.0
slope1__peptide_count__P06310,0.0,0.0
slope1__peptide_count__P05546,0.0,0.0
slope1__peptide_count__P05452,0.0,0.0
slope1__peptide_count__P05408,0.0,0.0
slope1__peptide_count__P05156,0.0,0.0
slope1__peptide_count__P05155,0.0,0.0
slope1__peptide_count__P05090,0.0,0.0
slope1__peptide_count__P05060,0.0,0.0
slope1__peptide_count__P04433,0.0,0.0
slope1__peptide_count__P02760,0.0,0.0
slope1__peptide_count__P04275,0.0,0.0
slope1__peptide_count__P04217,0.0,0.0
slope1__peptide_count__P04216,0.0,0.0
slope1__peptide_count__P04211,0.0,0.0
slope1__peptide_count__P04207,0.0,0.0
slope1__peptide_count__P04196,0.0,0.0
slope1__peptide_count__P04180,0.0,0.0
slope1__peptide_count__P04156,0.0,0.0
slope1__peptide_count__P04075,0.0,0.0
slope1__peptide_count__P02792,0.0,0.0
slope1__peptide_count__P02790,0.0,0.0
slope1__peptide_count__P02774,0.0,0.0
slope1__peptide_count__P02768,0.0,0.0
slope1__peptide_count__P02765,0.0,0.0
slope1__peptide_count__P02763,0.0,0.0
slope1__peptide_count__P04406,0.0,0.0
slope1__peptide_count__P09871,0.0,0.0
slope1__peptide_count__P09486,0.0,0.0
slope1__peptide_count__P09104,0.0,0.0
slope1__peptide_count__P08697,0.0,0.0
slope1__peptide_count__P08637,0.0,0.0
slope1__peptide_count__P08571,0.0,0.0
slope1__peptide_count__P08493,0.0,0.0
slope1__peptide_count__P08294,0.0,0.0
slope1__peptide_count__P08253,0.0,0.0
slope1__peptide_count__P08133,0.0,0.0
slope1__peptide_count__P08123,0.0,0.0
slope1__peptide_count__P07858,0.0,0.0
slope1__peptide_count__P07602,0.0,0.0
slope1__peptide_count__P07339,0.0,0.0
lag1__peptide_count__P00736,0.0,0.0
slope1__peptide_count__P07225,0.0,0.0
delta1__peptide_count__P00736,0.0,0.0
delta1__peptide_count__P00734,0.0,0.0
delta1__peptide_count__P00441,0.0,0.0
delta1__peptide_count__O94919,0.0,0.0
delta1__peptide_count__O75326,0.0,0.0
delta1__peptide_count__O60888,0.0,0.0
delta1__peptide_count__O43505,0.0,0.0
delta1__peptide_count__O15394,0.0,0.0
delta1__peptide_count__O15240,0.0,0.0
delta1__peptide_count__O14791,0.0,0.0
delta1__peptide_count__O14773,0.0,0.0
lag1__peptide_count__P04196,0.0,0.0
lag1__peptide_count__P04180,0.0,0.0
lag1__peptide_count__P04156,0.0,0.0
slope1__peptide_count__P07333,0.0,0.0
lag1__peptide_count__P00734,0.0,0.0
lag1__peptide_count__P00450,0.0,0.0
lag1__peptide_count__O94919,0.0,0.0
lag1__peptide_count__O75326,0.0,0.0
lag1__peptide_count__O75144,0.0,0.0
lag1__peptide_count__O60888,0.0,0.0
delta1__peptide_count__O14498,0.0,0.0
delta1__peptide_count__O00584,0.0,0.0
delta1__peptide_count__O00533,0.0,0.0
delta1__peptide_count__O00391,0.0,0.0
delta1__peptide_std__Q96KN2,0.0,0.0
delta1__peptide_std__P98160,0.0,0.0
delta1__peptide_std__P43121,0.0,0.0
delta1__peptide_std__P27169,0.0,0.0
slope1__peptide_count__P10451,0.0,0.0
delta1__peptide_count__P01621,0.0,0.0
delta1__peptide_count__P01608,0.0,0.0
delta1__peptide_count__P01594,0.0,0.0
delta1__peptide_count__P01591,0.0,0.0
delta1__peptide_count__P01344,0.0,0.0
delta1__peptide_count__P01034,0.0,0.0
delta1__peptide_count__P01033,0.0,0.0
delta1__peptide_count__P01031,0.0,0.0
delta1__peptide_count__P01011,0.0,0.0
delta1__peptide_count__P00751,0.0,0.0
delta1__peptide_count__P00748,0.0,0.0
delta1__peptide_count__P00747,0.0,0.0
delta1__peptide_count__P00746,0.0,0.0
delta1__peptide_count__P00738,0.0,0.0
delta1__peptide_log__GC(UniMod_4)PTEEGC(UniMod_4)GER,0.0,0.0
delta1__peptide_std__P23142,0.0,0.0
