feature,importance_mean,importance_std
current_updrs_1,0.6981798104766013,0.0
rollmean2__current_updrs_1,0.6939733471086947,0.0
rollmean2__current_updrs_2,0.3672937524647248,0.0
current_updrs_2,0.3593090623908489,0.0
lag1__current_updrs_1,0.26267202158352815,0.0
rollmean2__current_updrs_4,0.18162477402386956,0.0
rollmean2__peptide_log__MTVTDQVNC(UniMod_4)PK,0.17773378243000093,0.0
current_updrs_4,0.177354544406631,0.0
delta1__current_updrs_1,0.1686927291027502,0.0
peptide_log__MTVTDQVNC(UniMod_4)PK,0.14670332777791165,0.0
rollmean2__peptide_std__Q12907,0.13373351011514797,0.0
rollmean2__current_medication_unknown,0.1326843357427188,0.0
current_medication_on,0.13208360260065855,0.0
lag1__current_updrs_2,0.13154387741028048,0.0
rollmean2__peptide_std__P02671,0.12416218879290829,0.0
lag1__peptide_log__MTVTDQVNC(UniMod_4)PK,0.12396983442601206,0.0
missing__peptide_log__EILSVDC(UniMod_4)STNNPSQAK,0.12219569357917229,0.0
rollmean2__peptide_std__P02649,0.1191898272503424,0.0
missing__peptide_log__C(UniMod_4)VDVDEC(UniMod_4)APPAEPC(UniMod_4)GK,0.11881326398099797,0.0
slope1__peptide_count__P00751,0.11710481823153494,0.0
missing__current_medication_on,0.11604103788458799,0.0
current_medication_unknown,0.11604103788458799,0.0
missing__peptide_count__P32754,0.11417841225467396,0.0
missing__peptide_mean__P32754,0.11417841225467396,0.0
missing__protein_npx__P32754,0.11417841225467396,0.0
peptide_std__Q12907,0.11345687475620993,0.0
missing__peptide_log__SELEEQLTPVAEETR,0.11141820259304563,0.0
rollmean2__protein_npx__P80748,0.11064712355983815,0.0
missing__peptide_log__VMPIC(UniMod_4)LPSKDYAEVGR,0.10969716571337287,0.0
rollmean2__peptide_mean__P10643,0.10793467279286728,0.0
missing__peptide_log__C(UniMod_4)IIEVLSNALSK,0.1062765898189308,0.0
lag1__peptide_std__P13591,0.1054843416308213,0.0
missing__peptide_log__RGYQLSDVDGVTC(UniMod_4)EDIDEC(UniMod_4)ALPTGGHIC(UniMod_4)SYR,0.10507709049120867,0.0
delta1__peptide_count__P00751,0.10503324749722982,0.0
missing__peptide_log__MTVTDQVNC(UniMod_4)PK,0.10402207996536353,0.0
peptide_std__O15394,0.10394318930913364,0.0
missing__peptide_log__VC(UniMod_4)PFAGILENGAVR,0.1027629384824918,0.0
lag1__peptide_std__Q13740,0.1011263051658017,0.0
rollmean2__peptide_log__KFPSGTFEQVSQLVK,0.10095332200720807,0.0
rollmean2__peptide_log__DLATVYVDVLK,0.1009111777169257,0.0
rollmean2__peptide_count__Q08380,0.10086969058327584,0.0
delta1__peptide_mean__Q99829,0.09937150227821778,0.0
rollmean2__peptide_std__O15394,0.09929680981633053,0.0
peptide_log__GEVQAMLGQSTEELRVR,0.09845201822748102,0.0
delta1__peptide_log__AATVGSLAGQPLQER,0.09823901299721002,0.0
peptide_std__P27169,0.09756436031194125,0.0
rollmean2__peptide_std__P05546,0.09748883682644428,0.0
lag1__peptide_log__TDASDVKPC(UniMod_4),0.09696864742505881,0.0
rollmean2__peptide_count__P07602,0.09653849889011182,0.0
lag1__peptide_count__P02768,0.09621727829371418,0.0
rollmean2__peptide_std__O15240,0.09601818823390945,0.0
peptide_count__P07602,0.09598993134530814,0.0
missing__peptide_count__Q96BZ4,0.09570464084310253,0.0
missing__protein_npx__Q96BZ4,0.09570464084310253,0.0
missing__peptide_mean__Q96BZ4,0.09570464084310253,0.0
lag1__peptide_std__P01859,0.09570452300081066,0.0
delta1__peptide_log__TDASDVKPC(UniMod_4),0.09474854544885825,0.0
peptide_mean__P10643,0.0945156443061501,0.0
peptide_mean__Q9UNU6,0.09439248727007425,0.0
peptide_mean__P80748,0.09431876351391558,0.0
rollmean2__peptide_mean__P80748,0.09424733251505375,0.0
missing__peptide_count__Q13332,0.09386024509790301,0.0
missing__protein_npx__Q13332,0.09386024509790301,0.0
missing__peptide_mean__Q13332,0.09386024509790301,0.0
protein_npx__P80748,0.09300963129727811,0.0
lag1__peptide_mean__P05408,0.09271615021304853,0.0
peptide_log__GYQLSDVDGVTC(UniMod_4)EDIDEC(UniMod_4)ALPTGGHIC(UniMod_4)SYR,0.09231189657936377,0.0
missing__peptide_std__P16870,0.09224400740479163,0.0
lag1__peptide_count__P02747,0.091923846664817,0.0
rollmean2__peptide_log__GEVQAMLGQSTEELRVR,0.09173608519518861,0.0
rollmean2__peptide_std__P10643,0.09172206973816342,0.0
rollmean2__peptide_std__Q08380,0.091720538790436,0.0
lag1__peptide_log__ALGISPFHEHAEVVFTANDSGPR,0.09154344907876183,0.0
peptide_mean__P07333,0.0913896547149598,0.0
peptide_std__P17174,0.09128438667737482,0.0
peptide_log__FNKPFVFLM(UniMod_35)IEQNTK,0.0905305253450956,0.0
peptide_log__DLATVYVDVLK,0.09049291692428765,0.0
missing__peptide_std__P61769,0.09042015208055851,0.0
peptide_std__P02671,0.0903755930137055,0.0
missing__peptide_log__VQAAVGTSAAPVPSDNH,0.09001428213222165,0.0
protein_npx__P17936,0.08988156677781989,0.0
missing__peptide_log__AATGEC(UniMod_4)TATVGKR,0.08961234025807074,0.0
protein_npx__O14791,0.08952298334875869,0.0
current_updrs_3,0.08936654340810586,0.0
lag1__peptide_std__P08493,0.08889194412079879,0.0
lag1__peptide_std__Q9NQ79,0.08863070896490377,0.0
rollmean2__peptide_mean__Q9UNU6,0.08807369807060651,0.0
rollmean2__peptide_count__P00441,0.08806334245844291,0.0
missing__protein_npx__P01608,0.08790589490737538,0.0
missing__peptide_count__P01608,0.08790589490737538,0.0
missing__peptide_mean__P01608,0.08790589490737538,0.0
rollmean2__peptide_std__P06681,0.08766175500690199,0.0
delta1__protein_npx__P05546,0.08674050558303704,0.0
rollmean2__current_updrs_3,0.0863090787500693,0.0
missing__peptide_std__P19823,0.08610843579380979,0.0
lag1__protein_npx__P01859,0.08599993350463218,0.0
lag1__peptide_log__SNSSM(UniMod_35)HITDC(UniMod_4)R,0.08599900328547143,0.0
missing__peptide_std__P16070,0.0858150891046327,0.0
missing__peptide_count__P04275,0.08537337610519835,0.0
missing__peptide_mean__P04275,0.08537337610519835,0.0
missing__protein_npx__P04275,0.08537337610519835,0.0
lag1__peptide_log__C(UniMod_4)C(UniMod_4)VEC(UniMod_4)PPC(UniMod_4)PAPPVAGPSVFLFPPKPK,0.08522394163338581,0.0
missing__peptide_log__LGADMEDVC(UniMod_4)GR,0.08475336459668029,0.0
peptide_mean__Q9UBX5,0.08457609584326727,0.0
lag1__current_updrs_4,0.08415156958359363,0.0
lag1__peptide_log__M(UniMod_35)YLGYEYVTAIR,0.08404438101145491,0.0
missing__peptide_log__ILLQGTPVAQMTEDAVDAER,0.08400790101617202,0.0
peptide_count__P19652,0.08333488121747368,0.0
peptide_std__Q08380,0.0831498252780624,0.0
delta1__protein_npx__Q8N2S1,0.08282202627310287,0.0
lag1__peptide_std__P39060,0.08236622585897957,0.0
missing__peptide_std__P05546,0.08235616919666232,0.0
missing__peptide_log__TQVNTQAEQLRR,0.08226295837826388,0.0
slope1__peptide_std__P01024,0.08186776347266357,0.0
peptide_count__Q08380,0.08175709755970974,0.0
peptide_mean__P17936,0.08169256405427806,0.0
delta1__peptide_count__P01857,0.08154934659982738,0.0
lag1__peptide_log__KQELSEAEQATR,0.08139617309075414,0.0
rollmean2__peptide_mean__P00748,0.0813361067356633,0.0
delta1__protein_npx__P01594,0.08117140750798227,0.0
delta1__peptide_log__HYEGSTVPEK,0.080784819136263,0.0
delta1__peptide_count__Q16610,0.08077836467632096,0.0
peptide_mean__Q02818,0.08075038961279202,0.0
lag1__peptide_log__KAADDTWEPFASGK,0.08070392697979611,0.0
rollmean2__peptide_count__P19823,0.080481796143531,0.0
delta1__peptide_mean__P01594,0.08043600037547909,0.0
peptide_log__DSGEGDFLAEGGGVR,0.0802403209941917,0.0
peptide_std__Q9UBX5,0.08004596099764015,0.0
slope1__peptide_log__M(UniMod_35)ASGAANVVGPK,0.07962522511791847,0.0
lag1__protein_npx__P39060,0.07955503265962462,0.0
peptide_count__O75144,0.0795535421197627,0.0
lag1__peptide_std__P02768,0.07945770362719057,0.0
rollmean2__protein_npx__P13671,0.0792391708304669,0.0
peptide_std__P06681,0.07889523198373224,0.0
slope1__peptide_count__P00747,0.0788138828021798,0.0
delta1__peptide_log__DSGEGDFLAEGGGVR,0.07870497204737494,0.0
rollmean2__peptide_std__P14314,0.07867381764481923,0.0
lag1__peptide_std__P43121,0.07866204759451977,0.0
rollmean2__peptide_log__C(UniMod_4)TSTGWIPAPR,0.07860322238959053,0.0
lag1__peptide_count__P04075,0.07838006486724283,0.0
peptide_count__P25311,0.07822506701492611,0.0
peptide_count__P05090,0.07814232406169146,0.0
peptide_count__P02679,0.07784942551068817,0.0
rollmean2__peptide_count__P19652,0.07762970373363931,0.0
rollmean2__protein_npx__O14791,0.0775460624525799,0.0
peptide_std__P10643,0.07749897036641246,0.0
protein_npx__P05546,0.07723296338586165,0.0
rollmean2__peptide_std__P98160,0.07712551394191701,0.0
missing__peptide_count__Q12841,0.07690204041584811,0.0
missing__peptide_mean__Q12841,0.07690204041584811,0.0
missing__protein_npx__Q12841,0.07690204041584811,0.0
rollmean2__peptide_log__ELDESLQVAER,0.0768214585702041,0.0
delta1__protein_npx__Q99829,0.07673213058479385,0.0
lag1__peptide_mean__P01859,0.07672335021193662,0.0
peptide_log__RLEGQEEEEDNRDSSMK,0.07662199697013145,0.0
rollmean2__peptide_log__ADDKETC(UniMod_4)FAEEGK,0.07658010254424918,0.0
slope1__peptide_mean__Q99829,0.0765579597728466,0.0
peptide_std__O15240,0.07645736496646441,0.0
peptide_count__Q16610,0.07642274638138533,0.0
rollmean2__peptide_mean__Q99829,0.07639776032423909,0.0
lag1__peptide_std__P10645,0.07637582584134658,0.0
rollmean2__peptide_count__P10645,0.07625003505972325,0.0
delta1__protein_npx__P07333,0.07606910374936515,0.0
protein_npx__Q9NQ79,0.0760419629768015,0.0
lag1__peptide_log__C(UniMod_4)VDVDEC(UniMod_4)APPAEPC(UniMod_4)GK,0.076032484022925,0.0
peptide_std__Q14118,0.07581955104759731,0.0
peptide_std__O75144,0.07563108442734082,0.0
delta1__peptide_mean__O75144,0.07533164037537315,0.0
rollmean2__peptide_std__Q12841,0.07531455464874946,0.0
peptide_count__P20774,0.07511270464944655,0.0
peptide_count__P10645,0.07506706356496927,0.0
protein_npx__Q9UNU6,0.07502641831622246,0.0
slope1__peptide_count__P02765,0.07501651075576687,0.0
peptide_std__P05156,0.07498103770310595,0.0
rollmean2__peptide_log__GYQLSDVDGVTC(UniMod_4)EDIDEC(UniMod_4)ALPTGGHIC(UniMod_4)SYR,0.07487853135631314,0.0
lag1__peptide_log__LFDSDPITVTVPVEVSR,0.0748516024429225,0.0
delta1__peptide_std__P10645,0.07485068680857952,0.0
peptide_std__P02649,0.07484422283845377,0.0
slope1__peptide_log__HYEGSTVPEK,0.07465654423372224,0.0
rollmean2__peptide_count__P05155,0.07446740456338642,0.0
delta1__peptide_count__P01011,0.07445032062632587,0.0
delta1__protein_npx__P01860,0.07431747736874687,0.0
rollmean2__peptide_log__FNKPFVFLM(UniMod_35)IEQNTK,0.07426604831079651,0.0
lag1__peptide_log__M(UniMod_35)ASGAANVVGPK,0.07406098486222702,0.0
peptide_count__P00441,0.07405797289541845,0.0
peptide_std__P43121,0.07405635345153681,0.0
slope1__peptide_mean__P00751,0.07400851550632515,0.0
peptide_mean__P08637,0.07387924219509408,0.0
lag1__peptide_std__O00584,0.07384900617267418,0.0
peptide_std__P02647,0.07381980763435704,0.0
delta1__peptide_log__LC(UniMod_4)MGSGLNLC(UniMod_4)EPNNKEGYYGYTGAFR,0.07381089390412211,0.0
rollmean2__peptide_log__QWAGLVEK,0.07380453923544827,0.0
rollmean2__peptide_count__P00450,0.07355678745447695,0.0
rollmean2__peptide_count__O75144,0.07344444634902458,0.0
peptide_log__QWAGLVEK,0.07336099013235045,0.0
rollmean2__peptide_std__P17174,0.0732567699794706,0.0
missing__peptide_std__O75144,0.07315876605961309,0.0
lag1__protein_npx__Q12841,0.07313728654343744,0.0
peptide_mean__P01031,0.07306117694809353,0.0
peptide_log__C(UniMod_4)REILSVDC(UniMod_4)STNNPSQAK,0.07267993981623365,0.0
rollmean2__peptide_std__P01008,0.07260936225447483,0.0
lag1__peptide_mean__P00734,0.07260476585768948,0.0
missing__peptide_std__Q92823,0.07259385467087512,0.0
rollmean2__peptide_count__P13611,0.07259168552378516,0.0
rollmean2__peptide_std__O00584,0.07253190962351441,0.0
delta1__peptide_count__Q6UXB8,0.07248874352394442,0.0
protein_npx__P01834,0.0724872673793922,0.0
delta1__peptide_mean__O75326,0.07233597899112026,0.0
peptide_mean__P10451,0.0721539417754084,0.0
lag1__protein_npx__O75326,0.07214178477833863,0.0
lag1__peptide_mean__P04406,0.07205636159528012,0.0
lag1__peptide_std__P23142,0.0719622665367977,0.0
missing__peptide_std__P00441,0.07182785345506049,0.0
peptide_count__P24592,0.07180523129939458,0.0
rollmean2__peptide_mean__P19652,0.07164995531120226,0.0
slope1__peptide_log__EILSVDC(UniMod_4)STNNPSQAK,0.07141241862853173,0.0
lag1__peptide_mean__P01877,0.07137890720666623,0.0
slope1__current_updrs_1,0.07129942083780932,0.0
delta1__peptide_count__P00747,0.0712564793081056,0.0
lag1__peptide_log__GEVQAMLGQSTEELR,0.07113755107957105,0.0
rollmean2__peptide_count__P05546,0.07112074363753816,0.0
lag1__peptide_log__KFPSGTFEQVSQLVK,0.07110727468049874,0.0
lag1__peptide_count__Q14515,0.07110323478030983,0.0
rollmean2__protein_npx__P08294,0.07073636317225497,0.0
lag1__protein_npx__P06681,0.07062880080698963,0.0
protein_npx__P05090,0.07058850870174053,0.0
lag1__peptide_count__P55290,0.07041602275802952,0.0
delta1__protein_npx__O75326,0.07039250977704263,0.0
slope1__peptide_count__O15240,0.07024330690145791,0.0
slope1__peptide_count__Q14118,0.07021506598574832,0.0
lag1__peptide_std__Q12907,0.07015306342510604,0.0
peptide_mean__Q99829,0.07012748793295928,0.0
delta1__peptide_mean__P05546,0.07010731429530231,0.0
rollmean2__peptide_std__P27169,0.0700336006244052,0.0
delta1__peptide_count__P55290,0.06994288584662549,0.0
peptide_mean__P01591,0.06990138030251862,0.0
lag1__protein_npx__P05408,0.0696630848634873,0.0
rollmean2__peptide_count__P13987,0.0695912200108119,0.0
delta1__peptide_log__HGGLYHENMR,0.06936593454400923,0.0
delta1__peptide_count__P01859,0.06936371693999212,0.0
slope1__peptide_log__ELDESLQVAER,0.06925615597069033,0.0
slope1__peptide_abundance_max,0.06920692813478711,0.0
rollmean2__protein_npx__P11277,0.06919418925064627,0.0
delta1__peptide_count__P02766,0.06918477912493344,0.0
slope1__peptide_log__DSGEGDFLAEGGGVR,0.06918367360417131,0.0
lag1__peptide_std__O94919,0.0691803418767094,0.0
rollmean2__peptide_mean__Q9UBX5,0.06852183355309083,0.0
rollmean2__peptide_count__P04075,0.06846161819150194,0.0
rollmean2__peptide_count__P02679,0.06832532772835904,0.0
lag1__peptide_mean__P17936,0.06829209846111362,0.0
missing__peptide_count__P13671,0.06823538966037002,0.0
missing__protein_npx__P13671,0.06823538966037002,0.0
missing__peptide_mean__P13671,0.06823538966037002,0.0
lag1__peptide_log__HGGLYHENMR,0.06822841046620379,0.0
delta1__protein_npx__P01024,0.0681973408139837,0.0
protein_npx__P13671,0.06809655538902787,0.0
rollmean2__peptide_count__P39060,0.06803431190743506,0.0
slope1__peptide_count__Q6UXB8,0.0680334008881388,0.0
delta1__peptide_count__P13591,0.06793629747461952,0.0
lag1__current_medication_unknown,0.06792556397252654,0.0
peptide_mean__P04217,0.0678062963112564,0.0
lag1__peptide_log__LGADMEDVC(UniMod_4)GR,0.06767117645460058,0.0
lag1__peptide_mean__Q02818,0.06757853296662794,0.0
slope1__peptide_mean__P32754,0.06757016201367186,0.0
peptide_mean__Q13740,0.06748705007548436,0.0
missing__protein_npx__Q8N2S1,0.06735281832050513,0.0
missing__peptide_mean__Q8N2S1,0.06735281832050513,0.0
missing__peptide_count__Q8N2S1,0.06735281832050513,0.0
protein_npx__O00391,0.0672500989301424,0.0
lag1__protein_npx__P00734,0.06702592567224343,0.0
missing__peptide_count__P30086,0.06687936125007761,0.0
missing__protein_npx__P30086,0.06687936125007761,0.0
missing__peptide_mean__P30086,0.06687936125007761,0.0
peptide_std__P14314,0.06686368313710314,0.0
rollmean2__peptide_count__P25311,0.06685874689809253,0.0
lag1__peptide_log__LEGQEEEEDNRDSSMK,0.06679912974304167,0.0
lag1__peptide_count__Q14624,0.06672978293957929,0.0
rollmean2__peptide_std__P02647,0.06672086128688713,0.0
peptide_std__P01834,0.06667453137141648,0.0
peptide_log__ADDKETC(UniMod_4)FAEEGK,0.06642050455137592,0.0
rollmean2__protein_npx__Q9NQ79,0.06636758906224005,0.0
delta1__peptide_std__P00748,0.0660782328286092,0.0
peptide_count__P39060,0.06607028101128767,0.0
peptide_count__P36222,0.06601742656296403,0.0
protein_npx__P16152,0.0659932568796582,0.0
lag1__peptide_abundance_max,0.0658650142866423,0.0
peptide_log__YYWGGQYTWDMAK,0.06585144645072573,0.0
slope1__peptide_mean__O75144,0.06580338666019532,0.0
slope1__peptide_log__VMPIC(UniMod_4)LPSKDYAEVGR,0.06574282344198144,0.0
delta1__protein_npx__P04211,0.06569547770544618,0.0
lag1__protein_npx__Q9UKV8,0.06556328927754322,0.0
slope1__peptide_mean__O75326,0.0655527389118821,0.0
lag1__peptide_std__P16870,0.06550884178411223,0.0
peptide_log__TVVQPSVGAAAGPVVPPC(UniMod_4)PGR,0.06538164653888127,0.0
rollmean2__peptide_count__P43121,0.06526011283912535,0.0
rollmean2__peptide_std__P05155,0.06513659286900474,0.0
lag1__peptide_log__DSGFQM(UniMod_35)NQLR,0.06493070091407362,0.0
peptide_std__P01009,0.0647730602377006,0.0
slope1__peptide_mean__Q08380,0.06463262179477279,0.0
rollmean2__peptide_std__P01009,0.06460709799013985,0.0
rollmean2__peptide_std__P13611,0.06448371361591469,0.0
delta1__protein_npx__P07711,0.0644582100542127,0.0
delta1__protein_npx__Q9UHG2,0.06440731866538944,0.0
lag1__peptide_std__P00736,0.06440641508565818,0.0
lag1__peptide_log__C(UniMod_4)TSTGWIPAPR,0.06437979263316156,0.0
lag1__protein_npx__Q8NE71,0.06433418330094291,0.0
missing__peptide_log__SEALAVDGAGKPGAEEAQDPEGK,0.0642559509795788,0.0
protein_npx__P04004,0.06417789951040934,0.0
protein_npx__Q6UXD5,0.06405658107177284,0.0
missing__protein_npx__Q9Y646,0.06399035574005307,0.0
missing__peptide_count__Q9Y646,0.06399035574005307,0.0
missing__peptide_mean__Q9Y646,0.06399035574005307,0.0
peptide_log__GSPAINVAVHVFRK,0.0639585017235021,0.0
missing__peptide_log__ELSSFIDKGQELC(UniMod_4)ADYSENTFTEYK,0.06394797706927492,0.0
peptide_count__P17174,0.06394373683418711,0.0
missing__peptide_log__LPPTSAHGNVAEGETKPDPDVTER,0.06374870773585069,0.0
slope1__peptide_mean__P05546,0.0636503312821696,0.0
missing__current_updrs_4,0.06362367336470184,0.0
lag1__protein_npx__P02753,0.06355260403003975,0.0
protein_npx__P08637,0.06350954818224785,0.0
rollmean2__peptide_mean__O15394,0.06347112086736843,0.0
lag1__peptide_std__P00441,0.06340379195289234,0.0
missing__protein_npx__P31997,0.06337594706607312,0.0
missing__peptide_mean__P31997,0.06337594706607312,0.0
missing__peptide_count__P31997,0.06337594706607312,0.0
peptide_count__P05546,0.06330874520620247,0.0
peptide_log__SEALAVDGAGKPGAEEAQDPEGK,0.06325276875696034,0.0
lag1__peptide_count__P04004,0.06324835467790539,0.0
delta1__current_updrs_2,0.06323118261843771,0.0
delta1__protein_npx__Q99435,0.06322085151146024,0.0
slope1__protein_npx__P19021,0.06319874770281327,0.0
peptide_mean__P02647,0.06317394672847632,0.0
rollmean2__peptide_count__P12109,0.06305848619234626,0.0
lag1__peptide_std__P02749,0.06305158201722508,0.0
lag1__protein_npx__O75144,0.06302520262009105,0.0
peptide_std__P98160,0.06290652277920455,0.0
lag1__protein_npx__P61278,0.06287368752983306,0.0
delta1__protein_npx__P01621,0.0626693993084221,0.0
missing__peptide_log__QIGSVYR,0.06261546772287532,0.0
rollmean2__peptide_count__P08697,0.06251547750129584,0.0
rollmean2__peptide_mean__P07333,0.06251028078886069,0.0
rollmean2__peptide_std__O00533,0.062454600738683204,0.0
slope1__peptide_std__P07339,0.0623973389468375,0.0
rollmean2__peptide_std__P01834,0.06236437092721271,0.0
missing__peptide_std__P17174,0.06231482645229464,0.0
rollmean2__peptide_std__O75144,0.06229985225192741,0.0
rollmean2__peptide_mean__P02787,0.06226683254148195,0.0
peptide_mean__O15394,0.062258608611918544,0.0
slope1__peptide_std__P13611,0.06225057478347736,0.0
delta1__peptide_std__O15394,0.06223146992444854,0.0
delta1__protein_npx__Q13740,0.06219156140621426,0.0
lag1__peptide_mean__O75326,0.0621426702574318,0.0
rollmean2__peptide_std__Q9UBX5,0.062110586657575434,0.0
lag1__peptide_std__O14773,0.062083924056812546,0.0
rollmean2__current_medication_on,0.0620335261784889,0.0
rollmean2__peptide_mean__P09871,0.062027805502296515,0.0
peptide_mean__O00391,0.06196816605093999,0.0
delta1__protein_npx__P80748,0.06196461656354464,0.0
peptide_count__P18065,0.0619241720684281,0.0
rollmean2__protein_npx__P00746,0.0618374035087262,0.0
rollmean2__peptide_count__P24592,0.061827768277469795,0.0
rollmean2__peptide_mean__P13671,0.06178988279611045,0.0
lag1__peptide_log__ANRPFLVFIR,0.061708907192429795,0.0
rollmean2__peptide_count__P01859,0.0616746424484659,0.0
slope1__peptide_std__P18065,0.06162360569881767,0.0
rollmean2__protein_npx__Q14515,0.061605506812758455,0.0
lag1__peptide_std__Q12841,0.06159181614806266,0.0
rollmean2__peptide_log__FM(UniMod_35)ETVAEK,0.06153025599512856,0.0
rollmean2__peptide_mean__P02655,0.06124915798361779,0.0
lag1__peptide_log__VDSGNDVTDIADDGC(UniMod_4)PKPPEIAHGYVEHSVR,0.0612087322292672,0.0
peptide_mean__P09871,0.0611041609532684,0.0
peptide_mean__Q9NQ79,0.06107644135813168,0.0
peptide_mean__P20933,0.0610631053083491,0.0
peptide_mean__O14791,0.0609969829390158,0.0
peptide_std__P08294,0.06097920815360513,0.0
rollmean2__protein_npx__P04004,0.06093703659184967,0.0
slope1__current_medication_on,0.06086792965678695,0.0
missing__peptide_log__LFDSDPITVTVPVEVSR,0.06083148758279791,0.0
missing__peptide_log__C(UniMod_4)KPVNTFVHEPLVDVQNVC(UniMod_4)FQEK,0.060705105250982216,0.0
slope1__peptide_count__P02649,0.06057686403803727,0.0
delta1__peptide_mean__P06454,0.0605365930306843,0.0
slope1__peptide_std__Q9UBX5,0.06043265896622318,0.0
delta1__peptide_mean__O94919,0.06041865220153227,0.0
slope1__peptide_count__P07225,0.06032165763120849,0.0
peptide_log__SNSSM(UniMod_35)HITDC(UniMod_4)R,0.06026832844427307,0.0
slope1__peptide_count__P04217,0.06022987336342575,0.0
missing__peptide_std__O15240,0.06022497823263046,0.0
delta1__peptide_count__P16870,0.06015398615980495,0.0
lag1__peptide_std__Q92876,0.060144276696719394,0.0
delta1__peptide_count__P06396,0.06006215041333327,0.0
missing__protein_npx__P11142,0.05998203427899467,0.0
missing__peptide_count__P11142,0.05998203427899467,0.0
missing__peptide_mean__P11142,0.05998203427899467,0.0
protein_npx__P02774,0.059957594560848454,0.0
rollmean2__peptide_mean__Q13451,0.05991789969726659,0.0
rollmean2__peptide_mean__P07602,0.059909731412986104,0.0
rollmean2__protein_npx__P02787,0.059852884209798264,0.0
lag1__peptide_count__O00533,0.05981131757685189,0.0
delta1__peptide_count__P05067,0.05979700037043751,0.0
rollmean2__protein_npx__P01834,0.059795144702746814,0.0
lag1__peptide_count__P01019,0.05978058056329402,0.0
slope1__peptide_count__P02790,0.05974428216073112,0.0
rollmean2__peptide_std__P00736,0.059647384994424194,0.0
rollmean2__peptide_count__O00584,0.05955588373190128,0.0
rollmean2__peptide_mean__P11277,0.059518408703368116,0.0
delta1__peptide_mean__P55290,0.05938473812343197,0.0
rollmean2__protein_npx__Q13449,0.059383782604770695,0.0
rollmean2__protein_npx__P16152,0.05934753745680913,0.0
rollmean2__peptide_log__VC(UniMod_4)PFAGILENGAVR,0.05932117723842383,0.0
lag1__peptide_mean__Q15904,0.059200123990124136,0.0
peptide_mean__P19652,0.05919749504087444,0.0
lag1__peptide_mean__P02790,0.05919053159060619,0.0
delta1__peptide_count__P07339,0.059187939271617425,0.0
rollmean2__peptide_count__P05156,0.05918664438516403,0.0
peptide_std__P01859,0.059170281676220994,0.0
rollmean2__peptide_log__VDSGNDVTDIADDGC(UniMod_4)PKPPEIAHGYVEHSVR,0.05915802805237333,0.0
slope1__protein_npx__Q99829,0.059056383015387674,0.0
peptide_log__VQAAVGTSAAPVPSDNH,0.05901560053809529,0.0
delta1__peptide_log__SNSSM(UniMod_35)HITDC(UniMod_4)R,0.05900502096345354,0.0
delta1__protein_npx__P13521,0.0589409462332364,0.0
rollmean2__peptide_log__GSPAINVAVHVFRK,0.058910348864589554,0.0
delta1__peptide_log__KQELSEAEQATR,0.05890636893045998,0.0
slope1__protein_npx__Q8N2S1,0.058897002588419047,0.0
rollmean2__peptide_count__P02747,0.05887911159415152,0.0
lag1__peptide_count__P06681,0.058852900962011866,0.0
delta1__peptide_count__P98160,0.05882914565152758,0.0
protein_npx__Q562R1,0.05881896638474171,0.0
peptide_std__O00533,0.05873335057424237,0.0
peptide_count__Q06481,0.05866631877248315,0.0
delta1__peptide_log__TVVQPSVGAAAGPVVPPC(UniMod_4)PGR,0.058574243161452794,0.0
protein_npx__P00746,0.05852686669042983,0.0
protein_npx__P02787,0.058511594187724496,0.0
peptide_mean__Q562R1,0.0584995895196674,0.0
slope1__peptide_std__P17174,0.05849676190372134,0.0
missing__peptide_log__TDASDVKPC(UniMod_4),0.05847619555722184,0.0
peptide_std__P24592,0.05839116442972071,0.0
peptide_mean__P00748,0.05837426465576437,0.0
lag1__peptide_count__P16070,0.058361712699091385,0.0
missing__peptide_std__O00584,0.058332402432278434,0.0
protein_npx__P01591,0.05822905159351326,0.0
missing__peptide_mean__P01591,0.05819445108546379,0.0
missing__protein_npx__P01591,0.05819445108546379,0.0
missing__peptide_count__P01591,0.05819445108546379,0.0
slope1__peptide_mean__P16035,0.058185910329507734,0.0
rollmean2__peptide_count__P05060,0.05810688462009298,0.0
rollmean2__peptide_log__YYWGGQYTWDMAK,0.05804220567087909,0.0
missing__peptide_count__O14498,0.058033458516658185,0.0
missing__protein_npx__O14498,0.058033458516658185,0.0
missing__peptide_mean__O14498,0.058033458516658185,0.0
lag1__peptide_mean__P09104,0.0580044738989216,0.0
slope1__peptide_log__LRTEGDGVYTLNNEKQWINK,0.05794098921418535,0.0
rollmean2__protein_npx__Q99829,0.05794031526216982,0.0
delta1__peptide_log__M(UniMod_35)ASGAANVVGPK,0.057893247526811555,0.0
lag1__protein_npx__P01857,0.05779984155923477,0.0
peptide_std__P00736,0.05779098951141493,0.0
delta1__peptide_count__P07711,0.05768059818602666,0.0
protein_npx__Q12841,0.057604595973433335,0.0
missing__peptide_std__P55290,0.05756806343870658,0.0
slope1__peptide_count__O75144,0.05756025085054289,0.0
delta1__protein_npx__P07195,0.0575532700319545,0.0
rollmean2__peptide_std__P08493,0.05750752744185795,0.0
rollmean2__peptide_mean__Q99674,0.0574532563444771,0.0
lag1__protein_npx__Q8IWV7,0.05743984420372075,0.0
peptide_mean__O00584,0.05741448800572315,0.0
peptide_mean__P00734,0.05740260133563462,0.0
protein_npx__Q14515,0.05740104403504607,0.0
rollmean2__peptide_count__P05090,0.05738006019764016,0.0
rollmean2__peptide_log__C(UniMod_4)IIEVLSNALSK,0.05731362112084549,0.0
slope1__peptide_std__O15394,0.05730901907156825,0.0
rollmean2__protein_npx__P02748,0.0573088050678362,0.0
slope1__peptide_log__QQETAAAETETR,0.05723264874880533,0.0
lag1__peptide_mean__P06396,0.05721529103575629,0.0
missing__peptide_std__P39060,0.0572120104291657,0.0
slope1__peptide_count__P06681,0.057188271524224746,0.0
slope1__peptide_log__SNSSM(UniMod_35)HITDC(UniMod_4)R,0.05718248909494416,0.0
rollmean2__peptide_mean__P01591,0.05716897398650509,0.0
rollmean2__protein_npx__P05090,0.057132538462232534,0.0
peptide_count__P02656,0.057050203235628545,0.0
delta1__peptide_mean__Q9UHG2,0.056985227663242925,0.0
slope1__peptide_std__P02452,0.05695564828511739,0.0
lag1__peptide_log__GSPAINVAVHVFRK,0.05694501442469944,0.0
rollmean2__protein_npx__P02774,0.056909205903015465,0.0
peptide_count__O00584,0.05690671643323354,0.0
delta1__protein_npx__P07602,0.056894147746859254,0.0
lag1__protein_npx__P09104,0.05686838619051058,0.0
rollmean2__peptide_mean__P02748,0.056807576273363865,0.0
lag1__peptide_log__LIADLGSTSITNLGFR,0.05678094125982849,0.0
lag1__peptide_mean__Q9BY67,0.05677641519945784,0.0
slope1__peptide_mean__Q12841,0.0567200173938345,0.0
lag1__peptide_log__SLAAAAGKQELAK,0.05670769622976892,0.0
lag1__peptide_mean__P61278,0.05670769622976892,0.0
delta1__peptide_count__P02790,0.056704523677117084,0.0
peptide_mean__P02787,0.05669804590525433,0.0
rollmean2__peptide_std__P01859,0.0566458646724537,0.0
lag1__protein_npx__Q02818,0.056638776555979355,0.0
lag1__peptide_log__HYTNPSQDVTVPC(UniMod_4)PVPPPPPC(UniMod_4)C(UniMod_4)HPR,0.05663109832681107,0.0
lag1__protein_npx__P01031,0.05657326419714162,0.0
rollmean2__peptide_mean__Q9NQ79,0.05656096343954675,0.0
lag1__peptide_log__GEVQAMLGQSTEELRVR,0.05647067691091865,0.0
peptide_mean__P07602,0.05638752832142863,0.0
delta1__peptide_count__P12109,0.05634149206057119,0.0
rollmean2__peptide_count__P43652,0.056330691252711076,0.0
slope1__peptide_log__TVVQPSVGAAAGPVVPPC(UniMod_4)PGR,0.05631485814501046,0.0
slope1__peptide_std__P00748,0.05631122323555559,0.0
delta1__peptide_count__P01019,0.05623155233528394,0.0
slope1__peptide_log__M(UniMod_35)YLGYEYVTAIR,0.056228906333727915,0.0
missing__peptide_log__LAVYQAGAR,0.056113692492265006,0.0
rollmean2__peptide_mean__Q13449,0.056045557392732426,0.0
lag1__peptide_count__P04196,0.05601437530725296,0.0
peptide_log__DSGFQM(UniMod_35)NQLR,0.05598343898341605,0.0
lag1__peptide_log__NFPPSQDASGDLYTTSSQLTLPATQC(UniMod_4)PDGK,0.05597425191574929,0.0
delta1__peptide_count__Q13740,0.05596785879090346,0.0
delta1__peptide_std__P14618,0.05594587016590639,0.0
rollmean2__protein_npx__Q9UBR2,0.05590920765880019,0.0
slope1__peptide_log__NFPPSQDASGDLYTTSSQLTLPATQC(UniMod_4)PDGK,0.055903477530748244,0.0
rollmean2__peptide_log__TSAHGNVAEGETKPDPDVTER,0.05580497923070643,0.0
missing__protein_npx__Q9BY67,0.055769993268639996,0.0
missing__peptide_mean__Q9BY67,0.055769993268639996,0.0
missing__peptide_count__Q9BY67,0.055769993268639996,0.0
lag1__peptide_std__P01042,0.05571337393231994,0.0
lag1__peptide_count__P05155,0.05569187287148937,0.0
rollmean2__peptide_std__P23142,0.055670670746299555,0.0
peptide_count__P13987,0.05565674771299963,0.0
slope1__protein_npx__P32754,0.05564143659950868,0.0
rollmean2__peptide_log__NPDSSTTGPWC(UniMod_4)YTTDPTVR,0.05564087124927548,0.0
rollmean2__peptide_count__P36222,0.055631824393588,0.0
protein_npx__P01031,0.055594676203485065,0.0
slope1__protein_npx__P05546,0.055550335467554425,0.0
peptide_count__P05155,0.055420767807060595,0.0
slope1__protein_npx__P23083,0.05537795814299806,0.0
lag1__peptide_mean__P01031,0.0553668823065392,0.0
delta1__peptide_mean__Q14508,0.05529405453816287,0.0
rollmean2__peptide_std__P36955,0.05527368375722743,0.0
rollmean2__peptide_log__M(UniMod_35)YLGYEYVTAIR,0.05526381793226847,0.0
delta1__protein_npx__P23083,0.05525905922443364,0.0
delta1__peptide_std__P01008,0.05525333581144267,0.0
slope1__peptide_mean__P07998,0.055247504268395115,0.0
slope1__peptide_log__LSKELQAAQAR,0.05506023091462618,0.0
slope1__peptide_count__P20774,0.05504283016259411,0.0
lag1__peptide_mean__P07225,0.0549625603613457,0.0
rollmean2__peptide_std__P02652,0.054876786561417604,0.0
rollmean2__peptide_std__P16870,0.054808470000055724,0.0
rollmean2__peptide_mean__P02760,0.05476154872055859,0.0
lag1__peptide_log__AVGDKLPEC(UniMod_4)EADDGC(UniMod_4)PKPPEIAHGYVEHSVR,0.054760467790252176,0.0
rollmean2__peptide_mean__P10451,0.05472712199733842,0.0
rollmean2__peptide_log__LVGGPM(UniMod_35)DASVEEEGVRR,0.054692620974450296,0.0
rollmean2__peptide_count__P02751,0.05464292930448576,0.0
lag1__peptide_mean__Q12907,0.05462235834770696,0.0
rollmean2__peptide_count__P20774,0.05459207442701409,0.0
rollmean2__peptide_count__P00747,0.05455061903613012,0.0
rollmean2__peptide_std__P05156,0.054531996887820844,0.0
delta1__peptide_log__ELDESLQVAER,0.0545150086837556,0.0
lag1__peptide_log__YVM(UniMod_35)LPVADQDQC(UniMod_4)IR,0.05448660567010499,0.0
delta1__peptide_count__P13611,0.0544265376930129,0.0
rollmean2__peptide_log__IHWESASLLR,0.054402908049364485,0.0
lag1__peptide_count__Q12805,0.05438417369063724,0.0
lag1__peptide_std__P02790,0.054376161769946856,0.0
lag1__current_medication_on,0.0543736988266901,0.0
rollmean2__protein_npx__P08637,0.05436903737138346,0.0
lag1__peptide_count__P14618,0.05430905253420248,0.0
rollmean2__peptide_count__Q06481,0.054301906188342595,0.0
rollmean2__peptide_std__P07225,0.05429314706786989,0.0
slope1__peptide_mean__P06454,0.05424155554745202,0.0
lag1__peptide_std__P13611,0.054223374925788596,0.0
delta1__protein_npx__P05090,0.05421465291106115,0.0
slope1__protein_npx__Q16270,0.05419655395753202,0.0
lag1__protein_npx__P27169,0.05416583638292662,0.0
rollmean2__protein_npx__P02749,0.054157115050862466,0.0
lag1__protein_npx__P01608,0.05414569392940971,0.0
delta1__peptide_log__KFPSGTFEQVSQLVK,0.05413754598414074,0.0
lag1__peptide_log__TKEEYGHSEVVEYYC(UniMod_4)NPR,0.05412201236761194,0.0
rollmean2__peptide_count__O15240,0.05409639896613387,0.0
protein_npx__Q13449,0.05408169432545801,0.0
rollmean2__protein_npx__P02766,0.054037189431369294,0.0
lag1__protein_npx__P02750,0.05403267959612842,0.0
delta1__peptide_std__P05155,0.05398202525765152,0.0
rollmean2__peptide_count__P17174,0.05396203745596017,0.0
rollmean2__peptide_mean__P00734,0.05389402468794091,0.0
rollmean2__peptide_mean__P04217,0.0538421884022232,0.0
slope1__protein_npx__P02452,0.05378557961127466,0.0
peptide_std__P12109,0.05373067509930398,0.0
delta1__peptide_mean__Q8NBJ4,0.05367513726128544,0.0
protein_npx__Q9UBR2,0.05364225931718743,0.0
slope1__peptide_log__C(UniMod_4)RDQLPYIC(UniMod_4)QFGIV,0.05360008971629277,0.0
lag1__peptide_log__SWFEPLVEDM(UniMod_35)QR,0.05359333794621706,0.0
delta1__protein_npx__P00738,0.05358953818551524,0.0
delta1__protein_npx__P02765,0.05355070821281998,0.0
slope1__protein_npx__P01860,0.05354471096067183,0.0
lag1__peptide_mean__P27169,0.05345810120239522,0.0
missing__peptide_std__P02748,0.0533823081400054,0.0
peptide_log__TSAHGNVAEGETKPDPDVTER,0.05329600477711136,0.0
slope1__peptide_std__P04196,0.05327732926925021,0.0
slope1__peptide_mean__P23083,0.053251185997695655,0.0
rollmean2__peptide_count__P09486,0.05323894474717822,0.0
delta1__protein_npx__P01834,0.05316204322192325,0.0
slope1__peptide_log__TTPPVLDSDGSFFLYSK,0.053159330266843156,0.0
peptide_count__P08697,0.05306937359730422,0.0
rollmean2__peptide_mean__P02765,0.05306686528151109,0.0
rollmean2__peptide_std__P04196,0.05306337852630182,0.0
lag1__peptide_count__P39060,0.0528964994953861,0.0
missing__peptide_log__RLEGQEEEEDNRDSSMK,0.05279974382250885,0.0
peptide_mean__Q13451,0.05279820155292905,0.0
delta1__peptide_count__P04075,0.052781542403658524,0.0
protein_npx__P08294,0.05274874498749968,0.0
missing__protein_npx__P05546,0.05274249029296423,0.0
missing__peptide_mean__P05546,0.05274249029296423,0.0
missing__peptide_count__P05546,0.05274249029296423,0.0
rollmean2__protein_npx__P08253,0.052705585605438456,0.0
delta1__peptide_log__VMPIC(UniMod_4)LPSKDYAEVGR,0.05266230730138564,0.0
delta1__peptide_mean__P10451,0.05266189088558808,0.0
lag1__peptide_std__P41222,0.05265392539559083,0.0
delta1__peptide_mean__P13521,0.05259858776844852,0.0
delta1__peptide_mean__Q99683,0.05247298627598685,0.0
slope1__peptide_log__QWAGLVEK,0.052466016196706315,0.0
rollmean2__peptide_std__P12109,0.0524384209609572,0.0
peptide_mean__P02760,0.05237953500415872,0.0
peptide_mean__Q99674,0.05230139251433433,0.0
slope1__peptide_count__P16870,0.052297739408830805,0.0
peptide_log__VC(UniMod_4)PFAGILENGAVR,0.05227457636919288,0.0
slope1__peptide_mean__Q6UX71,0.05227306887795959,0.0
delta1__peptide_count__Q14118,0.052162994145125575,0.0
peptide_log__ELDESLQVAER,0.05212612137624363,0.0
slope1__peptide_mean__P19021,0.05207177901085633,0.0
protein_npx__P09871,0.052043282747921776,0.0
rollmean2__peptide_std__P08294,0.052018181531788686,0.0
protein_npx__Q99683,0.05200420093550014,0.0
delta1__peptide_count__P01876,0.05189141806134817,0.0
peptide_count__P00450,0.05182720317199774,0.0
peptide_count__P43121,0.05173073564894817,0.0
peptide_log__KFPSGTFEQVSQLVK,0.05171881371840678,0.0
peptide_std__P05546,0.051698855113665766,0.0
peptide_count__P00734,0.05160839263887586,0.0
rollmean2__peptide_std__P01860,0.05157885472819912,0.0
delta1__protein_npx__Q6UXB8,0.05157495310583597,0.0
rollmean2__peptide_mean__P08253,0.05156675596533576,0.0
slope1__protein_npx__P16870,0.05156046784056299,0.0
delta1__peptide_log__LSKELQAAQAR,0.051490267842294025,0.0
lag1__peptide_count__P25311,0.05146817486782148,0.0
delta1__protein_npx__Q12907,0.0514103723667379,0.0
delta1__peptide_std__P05546,0.05137319494460783,0.0
lag1__peptide_mean__P19827,0.05132430867572858,0.0
delta1__peptide_count__P00748,0.051314030931480376,0.0
missing__peptide_mean__P04406,0.051289309321242406,0.0
missing__protein_npx__P04406,0.051289309321242406,0.0
missing__peptide_count__P04406,0.051289309321242406,0.0
lag1__peptide_log__WELALGR,0.05127991979717318,0.0
delta1__protein_npx__P01591,0.05127895890054688,0.0
slope1__peptide_count__P01877,0.05125230912720121,0.0
missing__peptide_log__HYDGSYSTFGER,0.051237855846213105,0.0
rollmean2__peptide_mean__P20933,0.05121076761367468,0.0
rollmean2__peptide_std__P36222,0.051202700530040855,0.0
peptide_count__P51884,0.05119778109916251,0.0
delta1__protein_npx__P00751,0.05116615662081363,0.0
lag1__peptide_mean__P04180,0.05113651513958558,0.0
delta1__peptide_mean__P07998,0.05113345326782085,0.0
peptide_log__VDSGNDVTDIADDGC(UniMod_4)PKPPEIAHGYVEHSVR,0.051096914274686114,0.0
peptide_mean__P13671,0.05107175575036036,0.0
delta1__peptide_log__C(UniMod_4)RDQLPYIC(UniMod_4)QFGIV,0.051040410355855666,0.0
rollmean2__peptide_count__P01876,0.05103804453854837,0.0
lag1__peptide_log__ELDESLQVAER,0.05097914445494303,0.0
protein_npx__Q02818,0.05082548211850358,0.0
lag1__peptide_mean__P05067,0.050819638421650236,0.0
lag1__peptide_log__LDEVKEQVAEVR,0.05080041375726397,0.0
delta1__peptide_count__P00450,0.050790750828425206,0.0
rollmean2__protein_npx__P01859,0.05073104148366274,0.0
slope1__peptide_count__P02787,0.05071766358554095,0.0
missing__peptide_log__NPDSSTTGPWC(UniMod_4)YTTDPTVR,0.05069602845534476,0.0
slope1__peptide_count__P14618,0.050679343694876665,0.0
slope1__protein_npx__Q96S96,0.05066466935672697,0.0
delta1__peptide_count__P02765,0.05063779589945954,0.0
lag1__protein_npx__P14174,0.05062060277349502,0.0
lag1__peptide_std__Q9Y6R7,0.05060717898212591,0.0
slope1__peptide_abundance_min,0.05051822746754484,0.0
slope1__peptide_log__VDSGNDVTDIADDGC(UniMod_4)PKPPEIAHGYVEHSVR,0.050474495994578,0.0
slope1__peptide_count__P00450,0.05043487938882089,0.0
peptide_log__C(UniMod_4)IIEVLSNALSK,0.05043316508998322,0.0
peptide_count__P07225,0.05041803427372732,0.0
rollmean2__protein_npx__P00734,0.050396593609708454,0.0
rollmean2__peptide_log__RLEGQEEEEDNRDSSMK,0.0503959386491459,0.0
rollmean2__peptide_count__P08493,0.050386730336401155,0.0
rollmean2__protein_npx__Q8NE71,0.05038399169476638,0.0
rollmean2__peptide_log__SEALAVDGAGKPGAEEAQDPEGK,0.05036427122562785,0.0
rollmean2__peptide_log__LFDSDPITVTVPVEVSR,0.050337045136343066,0.0
lag1__peptide_mean__Q6UXD5,0.050314733919355155,0.0
rollmean2__peptide_count__O94919,0.050294983242459256,0.0
missing__peptide_log__VTSIQDWVQK,0.05025470857083124,0.0
delta1__peptide_log__QQETAAAETETR,0.05024818609176481,0.0
slope1__protein_npx__P00450,0.05024089792227116,0.0
peptide_count__P16070,0.05019513337062472,0.0
lag1__peptide_std__P06727,0.05014159257992233,0.0
delta1__protein_npx__P31997,0.050089886104213416,0.0
rollmean2__protein_npx__P08697,0.05006277524387873,0.0
rollmean2__peptide_std__P04180,0.05001442197413727,0.0
peptide_count__P19823,0.05001337848023865,0.0
delta1__protein_npx__P06454,0.04999205410128521,0.0
lag1__protein_npx__Q96BZ4,0.04995238733885412,0.0
rollmean2__peptide_mean__P06310,0.04994273887045147,0.0
delta1__peptide_mean__P32754,0.04986200913310993,0.0
missing__peptide_log__C(UniMod_4)SYTEDAQC(UniMod_4)IDGTIEVPK,0.04986161916307551,0.0
slope1__protein_npx__P04211,0.04981119321919198,0.0
slope1__peptide_mean__Q9UHG2,0.04976700176129934,0.0
slope1__protein_npx__P07195,0.049757390044172886,0.0
lag1__peptide_count__P54289,0.049738388361076497,0.0
rollmean2__peptide_count__P07225,0.04971387524790653,0.0
rollmean2__peptide_count__P16070,0.04961817073114504,0.0
peptide_log__YVM(UniMod_35)LPVADQDQC(UniMod_4)IR,0.04959700081087572,0.0
rollmean2__protein_npx__O00584,0.0495767561285494,0.0
missing__peptide_count__P08133,0.04951865809623207,0.0
missing__peptide_mean__P08133,0.04951865809623207,0.0
missing__protein_npx__P08133,0.04951865809623207,0.0
rollmean2__protein_npx__P02655,0.049496196560167544,0.0
lag1__peptide_log__C(UniMod_4)KPVNTFVHEPLVDVQNVC(UniMod_4)FQEK,0.04948542787458621,0.0
delta1__peptide_std__P19652,0.049451825807580826,0.0
peptide_std__P00748,0.04940517600130623,0.0
peptide_count__P55290,0.0493888873102498,0.0
peptide_std__P01042,0.04936954833824494,0.0
slope1__peptide_std__P55290,0.049337435469252,0.0
slope1__protein_npx__P10645,0.04933591195869268,0.0
rollmean2__peptide_log__HYDGSYSTFGER,0.04927572245436962,0.0
delta1__peptide_log__RGYQLSDVDGVTC(UniMod_4)EDIDEC(UniMod_4)ALPTGGHIC(UniMod_4)SYR,0.049270328504526575,0.0
peptide_std__P36222,0.04926205904763054,0.0
missing__peptide_count__O75326,0.04921442670861209,0.0
missing__peptide_mean__O75326,0.04921442670861209,0.0
missing__protein_npx__O75326,0.04921442670861209,0.0
lag1__peptide_count__Q92876,0.04921341398108703,0.0
rollmean2__protein_npx__O15394,0.04919321643824176,0.0
rollmean2__peptide_count__P02656,0.04915406121407343,0.0
rollmean2__peptide_log__VQAAVGTSAAPVPSDNH,0.04912441136261152,0.0
rollmean2__peptide_std__P43121,0.049094395282665064,0.0
missing__peptide_std__Q12841,0.0490850645434148,0.0
rollmean2__peptide_log__SC(UniMod_4)DTPPPC(UniMod_4)PR,0.0490835605641722,0.0
protein_npx__Q99435,0.04903196101126641,0.0
lag1__protein_npx__P02790,0.04899665651308757,0.0
lag1__protein_npx__P19827,0.04899533306314694,0.0
lag1__protein_npx__Q12805,0.048962912071169165,0.0
peptide_count__P08603,0.04889254429720272,0.0
lag1__peptide_count__P01859,0.04885855255799701,0.0
slope1__protein_npx__P01008,0.04876785623359372,0.0
peptide_count__P13611,0.04876697589372961,0.0
lag1__peptide_mean__P01780,0.0487381124364009,0.0
slope1__protein_npx__P08123,0.048712298268249944,0.0
lag1__peptide_count__Q96KN2,0.0486976115504891,0.0
slope1__peptide_count__Q12841,0.048662379111442375,0.0
lag1__peptide_count__P12109,0.04861848617111686,0.0
slope1__peptide_count__O94919,0.04861801311139121,0.0
peptide_mean__P98160,0.04861477924277685,0.0
slope1__protein_npx__P80748,0.04858885611131925,0.0
lag1__peptide_count__P05067,0.04858705596102153,0.0
delta1__protein_npx__P02452,0.04857685289613949,0.0
lag1__protein_npx__P04004,0.04856311124166404,0.0
rollmean2__peptide_mean__P02647,0.048560242268775713,0.0
lag1__peptide_log__LSSWVLLM(UniMod_35)K,0.04855836845246779,0.0
missing__peptide_count__Q99674,0.0485526577362373,0.0
missing__protein_npx__Q99674,0.0485526577362373,0.0
missing__peptide_mean__Q99674,0.0485526577362373,0.0
protein_npx__Q15904,0.04852042063010865,0.0
lag1__peptide_count__P18065,0.048490095679674314,0.0
delta1__peptide_std__O00584,0.04847744527293342,0.0
rollmean2__peptide_log__KVEQAVETEPEPELR,0.04840834178157812,0.0
delta1__peptide_std__P02790,0.048396528289729124,0.0
peptide_log__ATVNPSAPR,0.048310059528216445,0.0
slope1__peptide_count__P36222,0.04826885547672858,0.0
peptide_log__SC(UniMod_4)DTPPPC(UniMod_4)PR,0.04826685788850736,0.0
lag1__peptide_mean__P20774,0.048258169621348504,0.0
delta1__peptide_mean__Q8N2S1,0.0482486249170049,0.0
delta1__peptide_std__P36955,0.04824112133976027,0.0
protein_npx__P36222,0.04823618667351216,0.0
lag1__protein_npx__O15394,0.04822905028791199,0.0
slope1__peptide_count__P06396,0.04820180721415691,0.0
lag1__peptide_count__O94919,0.048136831499687296,0.0
rollmean2__peptide_mean__P02763,0.04813535110931403,0.0
rollmean2__peptide_mean__Q6UXB8,0.04812775512569736,0.0
rollmean2__peptide_mean__P17174,0.0480984213995617,0.0
delta1__peptide_std__P04075,0.04808911882149384,0.0
peptide_std__P61769,0.04804084953062239,0.0
delta1__peptide_std__P05156,0.048037540631267216,0.0
delta1__has_previous_visit,0.04796590495426171,0.0
lag1__has_previous_visit,0.047965904954261666,0.0
peptide_count__P02751,0.04794833505510327,0.0
lag1__peptide_log__AEAQEAEDQQAR,0.04794082940745531,0.0
protein_npx__P07333,0.04792720998943859,0.0
rollmean2__peptide_mean__Q02818,0.047903487038794906,0.0
slope1__peptide_std__P13591,0.04789411550489409,0.0
peptide_log__SLAELGGHLDQQVEEFRR,0.04785938238761662,0.0
peptide_count__P09486,0.04781154357826752,0.0
delta1__protein_npx__P13611,0.047810747713295756,0.0
slope1__peptide_mean__Q14508,0.04775447010107005,0.0
slope1__peptide_std__P10645,0.04774660160277227,0.0
peptide_count__P02774,0.047660294114710185,0.0
rollmean2__peptide_mean__O00584,0.04765782017554213,0.0
delta1__peptide_mean__P23083,0.04765354330118346,0.0
rollmean2__protein_npx__Q12841,0.04763979675295211,0.0
rollmean2__peptide_count__Q12805,0.04761945266460875,0.0
delta1__peptide_log__LGPLVEQGRVR,0.04761850052285496,0.0
peptide_count__P43652,0.04759791536783367,0.0
slope1__peptide_std__O00584,0.04757710485748154,0.0
missing__peptide_mean__Q9UNU6,0.04750062423296665,0.0
missing__peptide_count__Q9UNU6,0.04750062423296665,0.0
missing__protein_npx__Q9UNU6,0.04750062423296665,0.0
slope1__peptide_std__O94919,0.047461075281850985,0.0
delta1__protein_npx__P02760,0.04739627711214458,0.0
rollmean2__protein_npx__P36222,0.047388011597957636,0.0
rollmean2__peptide_count__Q14515,0.04732763465927087,0.0
lag1__peptide_mean__P35542,0.047308633390759046,0.0
lag1__peptide_mean__P08571,0.047292667616015076,0.0
slope1__peptide_std__P02753,0.04728879674422423,0.0
lag1__peptide_log__DLATVYVDVLK,0.04728556032828038,0.0
lag1__peptide_std__O15240,0.04727847778892545,0.0
peptide_mean__P43121,0.047271386952824054,0.0
peptide_std__Q16610,0.04718761407944665,0.0
lag1__peptide_mean__Q9UKV8,0.047164494765231484,0.0
lag1__protein_npx__P98160,0.04716042052473718,0.0
rollmean2__peptide_std__P02452,0.04715916507084403,0.0
rollmean2__peptide_count__Q16610,0.04710843889989647,0.0
lag1__peptide_mean__P14174,0.04708285897482131,0.0
rollmean2__protein_npx__Q99683,0.04702486574425737,0.0
lag1__peptide_std__Q06481,0.046966661254562926,0.0
missing__protein_npx__O14791,0.046908211738883446,0.0
missing__peptide_mean__O14791,0.046908211738883446,0.0
missing__peptide_count__O14791,0.046908211738883446,0.0
protein_npx__P01621,0.04687942841641607,0.0
rollmean2__peptide_log__C(UniMod_4)REILSVDC(UniMod_4)STNNPSQAK,0.04685858901988134,0.0
rollmean2__protein_npx__Q562R1,0.046835955916274805,0.0
lag1__peptide_std__P30086,0.04683430026331081,0.0
delta1__peptide_log__EILSVDC(UniMod_4)STNNPSQAK,0.04682399326747402,0.0
lag1__protein_npx__P20933,0.046796785743676905,0.0
lag1__peptide_mean__P39060,0.046796507957729376,0.0
lag1__protein_npx__P04433,0.04679072380391339,0.0
lag1__peptide_log__YYWGGQYTWDMAK,0.04671349078154476,0.0
lag1__peptide_count__P01877,0.04669796356471246,0.0
rollmean2__peptide_log__NFPPSQDASGDLYTTSSQLTLPATQC(UniMod_4)LAGK,0.04669201724158653,0.0
slope1__peptide_log__YIVSGTPTFVPYLIK,0.04669179790890774,0.0
missing__peptide_std__P14314,0.04665806342680411,0.0
delta1__peptide_std__P01024,0.04663335548371529,0.0
lag1__peptide_std__P01877,0.04663072908709324,0.0
rollmean2__peptide_log__LPPTSAHGNVAEGETKPDPDVTER,0.04659292820551595,0.0
delta1__peptide_mean__P08294,0.04657237028584064,0.0
delta1__protein_npx__P40925,0.04655983425421891,0.0
lag1__peptide_mean__P10451,0.04647235494586936,0.0
rollmean2__protein_npx__Q99674,0.046456722130864325,0.0
lag1__peptide_count__P07711,0.04645002865746166,0.0
rollmean2__peptide_std__P02753,0.04642055685870775,0.0
peptide_std__P01024,0.04639087504624058,0.0
lag1__protein_npx__P07711,0.046389739372569384,0.0
peptide_mean__P12109,0.04630645928329437,0.0
slope1__protein_npx__P06454,0.04628397512194021,0.0
rollmean2__peptide_count__P01019,0.04625493559515848,0.0
rollmean2__peptide_mean__P12109,0.046250045708796414,0.0
peptide_std__P02652,0.04621781904560322,0.0
delta1__peptide_log__C(UniMod_4)DSSPDSAEDVRK,0.04618986462145609,0.0
slope1__peptide_mean__Q8NBJ4,0.04617807977594818,0.0
delta1__peptide_count__P01834,0.0461665781904409,0.0
rollmean2__protein_npx__P10645,0.04616269074185773,0.0
peptide_mean__P36222,0.04612259902771799,0.0
lag1__peptide_log__GYQLSDVDGVTC(UniMod_4)EDIDEC(UniMod_4)ALPTGGHIC(UniMod_4)SYR,0.04607143917619756,0.0
missing__peptide_log__LGPLVEQGR,0.0460648370711644,0.0
lag1__peptide_mean__O75144,0.04602205210896517,0.0
slope1__protein_npx__P01877,0.04598794531590253,0.0
delta1__peptide_mean__P31997,0.04598564327646599,0.0
rollmean2__protein_npx__P01594,0.04595130258227459,0.0
rollmean2__peptide_count__P51884,0.04594694305909032,0.0
delta1__peptide_std__P07339,0.04593263939060025,0.0
missing__peptide_std__Q06481,0.04593232770258411,0.0
delta1__peptide_std__P24592,0.04592164877519828,0.0
delta1__peptide_log__LSSWVLLM(UniMod_35)K,0.04590594155654837,0.0
missing__peptide_log__AVLPTGDVIGDSAK,0.045880475079556386,0.0
missing__protein_npx__P01031,0.045857669325777284,0.0
missing__peptide_count__P01031,0.045857669325777284,0.0
missing__peptide_mean__P01031,0.045857669325777284,0.0
rollmean2__protein_npx__P17936,0.045851134787465324,0.0
protein_npx__P07339,0.0458323459217162,0.0
slope1__protein_npx__O00584,0.04579227845239706,0.0
missing__peptide_log__YVMLPVADQDQC(UniMod_4)IR,0.0457457982445851,0.0
protein_npx__P10451,0.04573287804941461,0.0
lag1__protein_npx__O94919,0.04572531292313703,0.0
rollmean2__peptide_count__O00533,0.04572075296812822,0.0
slope1__peptide_log__VGYVSGWGR,0.0456545220311811,0.0
missing__protein_npx__O60888,0.045619817829882406,0.0
missing__peptide_count__O60888,0.045619817829882406,0.0
missing__peptide_mean__O60888,0.045619817829882406,0.0
peptide_std__P20774,0.045613204445792435,0.0
missing__peptide_std__P13591,0.04561189240284368,0.0
rollmean2__peptide_log__AKLEEQAQQIR,0.04557805353130278,0.0
protein_npx__P00734,0.04557243949786919,0.0
peptide_mean__P41222,0.04556921542748371,0.0
rollmean2__peptide_mean__Q562R1,0.045558068303405946,0.0
lag1__peptide_std__P07225,0.04548016915456996,0.0
delta1__protein_npx__P00748,0.04545460126902135,0.0
peptide_mean__P17174,0.04537053203649394,0.0
slope1__peptide_log__GSPAINVAVHVFRK,0.045351919793517534,0.0
protein_npx__P08697,0.045261862333191724,0.0
rollmean2__peptide_log__AVGDKLPEC(UniMod_4)EADDGC(UniMod_4)PKPPEIAHGYVEHSVR,0.0452544241541457,0.0
peptide_log__NPDSSTTGPWC(UniMod_4)YTTDPTVR,0.045240295599598,0.0
rollmean2__peptide_count__P18065,0.04523710773945043,0.0
delta1__peptide_mean__P04211,0.04522473602632287,0.0
lag1__peptide_count__P05156,0.045206709102048846,0.0
slope1__peptide_count__P07339,0.04518379607843545,0.0
rollmean2__peptide_log__TSPVDEKALQDQLVLVAAK,0.04518246267236895,0.0
slope1__peptide_std__P00751,0.04515671738148908,0.0
delta1__peptide_std__Q12841,0.04515472910408614,0.0
slope1__peptide_std__P10909,0.04502479450590236,0.0
lag1__protein_npx__Q96PD5,0.045016675148282816,0.0
lag1__peptide_mean__P04004,0.04500343438679104,0.0
slope1__peptide_mean__P43121,0.04497415850308622,0.0
rollmean2__peptide_mean__P16152,0.044971299740975704,0.0
rollmean2__peptide_log__SC(UniMod_4)SPELQQK,0.044971299740975704,0.0
slope1__peptide_log__VQPYLDDFQKK,0.044967641513347534,0.0
missing__peptide_count__P04207,0.04496580980436912,0.0
missing__peptide_mean__P04207,0.04496580980436912,0.0
missing__protein_npx__P04207,0.04496580980436912,0.0
rollmean2__peptide_log__DSGEGDFLAEGGGVR,0.04488184328802918,0.0
delta1__peptide_mean__P07333,0.04488141629131407,0.0
protein_npx__P20933,0.044866087592518644,0.0
lag1__peptide_count__P01034,0.044812196718135695,0.0
delta1__current_updrs_3,0.04481136112184485,0.0
delta1__protein_npx__Q99683,0.044810584639526356,0.0
rollmean2__protein_npx__P09871,0.04475476205895026,0.0
lag1__peptide_mean__Q9NQ79,0.044753300452466845,0.0
slope1__peptide_mean__Q16270,0.044751478329963734,0.0
rollmean2__peptide_std__Q96PD5,0.044747807752861156,0.0
lag1__peptide_mean__P02750,0.044731508346915076,0.0
rollmean2__peptide_mean__P36222,0.04473017675482024,0.0
rollmean2__protein_npx__Q6UXD5,0.044708520203990236,0.0
lag1__peptide_mean__Q14624,0.044694354886908136,0.0
lag1__protein_npx__P01344,0.04467416173911688,0.0
lag1__peptide_log__ADDKETC(UniMod_4)FAEEGK,0.04467144661000147,0.0
delta1__peptide_count__P18065,0.044537803308028846,0.0
slope1__peptide_mean__P01717,0.04453411855976353,0.0
delta1__peptide_log__C(UniMod_4)IIEVLSNALSK,0.04452071551958831,0.0
peptide_count__P05060,0.04450903519338629,0.0
lag1__peptide_mean__Q96BZ4,0.04450816371683063,0.0
missing__peptide_count__Q02818,0.04449647498914774,0.0
missing__protein_npx__Q02818,0.04449647498914774,0.0
missing__peptide_mean__Q02818,0.04449647498914774,0.0
rollmean2__peptide_mean__Q9UBR2,0.04449095194074347,0.0
slope1__peptide_std__P16035,0.04447132441462024,0.0
rollmean2__peptide_mean__Q92520,0.04446889284708275,0.0
peptide_mean__P02748,0.0444326413868941,0.0
slope1__protein_npx__P08294,0.044370851636567475,0.0
slope1__peptide_log__DLATVYVDVLK,0.04433230232860226,0.0
rollmean2__peptide_mean__Q96PD5,0.044303811071380046,0.0
rollmean2__peptide_count__P07711,0.04428516816310447,0.0
slope1__protein_npx__P02655,0.044277168603150424,0.0
lag1__peptide_std__P13987,0.044271928973228576,0.0
rollmean2__peptide_count__P02748,0.044235777310733616,0.0
lag1__peptide_mean__P36222,0.044208690469983304,0.0
delta1__peptide_count__P02760,0.044197069694076586,0.0
delta1__protein_npx__O15240,0.04419117173573673,0.0
missing__protein_npx__P07711,0.04418965521072916,0.0
missing__peptide_mean__P07711,0.04418965521072916,0.0
missing__peptide_count__P07711,0.04418965521072916,0.0
lag1__protein_npx__P25311,0.044175368131450274,0.0
slope1__protein_npx__O75326,0.04411138754013864,0.0
rollmean2__protein_npx__P08493,0.04407896333144007,0.0
peptide_mean__P02753,0.04405559853946746,0.0
protein_npx__P08253,0.044045435830024314,0.0
peptide_count__P10909,0.04404262378752422,0.0
protein_npx__P00751,0.04402224489388413,0.0
missing__peptide_count__Q06481,0.04394610311099092,0.0
missing__peptide_mean__Q06481,0.04394610311099092,0.0
missing__protein_npx__Q06481,0.04394610311099092,0.0
slope1__peptide_mean__P01780,0.04394072737796051,0.0
rollmean2__peptide_mean__Q08380,0.043937642385240734,0.0
rollmean2__peptide_log__SGELEQEEER,0.043919323634636784,0.0
protein_npx__P02748,0.043900450210552076,0.0
slope1__peptide_mean__O94919,0.043882800790548675,0.0
missing__peptide_std__P10643,0.043869124946277205,0.0
peptide_mean__Q15904,0.04384704121523997,0.0
slope1__peptide_count__Q08380,0.04373246520604488,0.0
lag1__peptide_std__O15394,0.04371524515725391,0.0
lag1__peptide_count__P08294,0.043628634975129865,0.0
rollmean2__peptide_std__Q92823,0.04358634499410445,0.0
rollmean2__peptide_log__ATVNPSAPR,0.04358159608485611,0.0
slope1__protein_npx__Q8NBJ4,0.04352905716714492,0.0
missing__peptide_mean__P13611,0.04351077314850057,0.0
missing__peptide_count__P13611,0.04351077314850057,0.0
missing__protein_npx__P13611,0.04351077314850057,0.0
rollmean2__peptide_std__P07998,0.04348764408617946,0.0
delta1__peptide_std__P61769,0.04347944862706657,0.0
missing__peptide_count__Q9Y6R7,0.04347699680986535,0.0
missing__peptide_mean__Q9Y6R7,0.04347699680986535,0.0
missing__protein_npx__Q9Y6R7,0.04347699680986535,0.0
slope1__peptide_log__LGADM(UniMod_35)EDVC(UniMod_4)GR,0.04346053556730691,0.0
rollmean2__peptide_mean__O60888,0.04339170397799925,0.0
delta1__peptide_count__P02753,0.04337605640536207,0.0
lag1__peptide_mean__P06681,0.043370416180581496,0.0
slope1__protein_npx__P01621,0.04336994726187104,0.0
slope1__peptide_count__P00736,0.043324858776230095,0.0
rollmean2__peptide_mean__P41222,0.043322387893993675,0.0
lag1__peptide_count__Q12907,0.04331967798120785,0.0
delta1__peptide_count__P20774,0.04331701478036962,0.0
lag1__peptide_std__P02748,0.043305001439964755,0.0
lag1__protein_npx__P10451,0.04329396082054431,0.0
slope1__protein_npx__P01024,0.043293442535653384,0.0
delta1__peptide_mean__P05090,0.043290098116792027,0.0
missing__peptide_log__VQPYLDDFQKK,0.04320856699596624,0.0
delta1__peptide_std__Q12805,0.04316429660458605,0.0
delta1__peptide_log__QIGSVYR,0.043119663998910866,0.0
slope1__peptide_std__P61916,0.043100427804173946,0.0
peptide_mean__Q99683,0.04309520296487934,0.0
rollmean2__peptide_mean__P04406,0.04309418771547479,0.0
lag1__peptide_mean__P08637,0.04306121918886908,0.0
peptide_mean__P01344,0.04304917643985215,0.0
rollmean2__peptide_count__P02774,0.043031086239230035,0.0
rollmean2__peptide_log__EILSVDC(UniMod_4)STNNPSQAK,0.04299817625725839,0.0
protein_npx__P10645,0.04297050950324415,0.0
delta1__peptide_mean__P43251,0.04296567496109336,0.0
rollmean2__peptide_mean__P01031,0.04296277139744163,0.0
rollmean2__peptide_count__P02753,0.042958483450722514,0.0
missing__peptide_log__SGELEQEEER,0.04295773950752435,0.0
missing__peptide_std__Q9UBX5,0.04289269013582333,0.0
peptide_std__Q13740,0.04288622323691744,0.0
rollmean2__protein_npx__Q9UNU6,0.04287804351775689,0.0
delta1__protein_npx__P61769,0.04287508119165996,0.0
rollmean2__protein_npx__P06727,0.04286838704674114,0.0
missing__peptide_count__Q99832,0.04285632184956798,0.0
missing__protein_npx__Q99832,0.04285632184956798,0.0
missing__peptide_mean__Q99832,0.04285632184956798,0.0
lag1__peptide_count__P17174,0.04283137313963615,0.0
rollmean2__peptide_std__Q14118,0.04282599426464263,0.0
missing__peptide_log__DLATVYVDVLK,0.04274543586650935,0.0
rollmean2__peptide_log__AYKSELEEQLTPVAEETR,0.04269391827242953,0.0
delta1__protein_npx__P08294,0.042674616654544306,0.0
rollmean2__peptide_std__P01042,0.04267286591198399,0.0
slope1__peptide_mean__P01034,0.042628872114153685,0.0
rollmean2__protein_npx__P20933,0.04258188244111681,0.0
peptide_std__P01019,0.04257617067666382,0.0
protein_npx__O00584,0.04255631864750585,0.0
delta1__peptide_log__TSPVDEKALQDQLVLVAAK,0.04253487140190622,0.0
delta1__protein_npx__Q96S96,0.04251812729024814,0.0
rollmean2__peptide_log__GEVQAMLGQSTEELR,0.04249209410450004,0.0
slope1__peptide_mean__P02655,0.04244461570332151,0.0
lag1__peptide_std__P05546,0.042390593471006405,0.0
protein_npx__P25311,0.04237814379869589,0.0
rollmean2__peptide_std__Q16610,0.04235383012292908,0.0
rollmean2__protein_npx__P01591,0.04231820498866621,0.0
peptide_log__C(UniMod_4)TSTGWIPAPR,0.0422866248245906,0.0
rollmean2__peptide_mean__P06727,0.04227693937051341,0.0
slope1__peptide_std__Q08380,0.042262251274459296,0.0
lag1__peptide_count__P05546,0.04225080796479028,0.0
lag1__peptide_std__P05155,0.04224341486905464,0.0
peptide_mean__P02766,0.0422084954063261,0.0
delta1__peptide_std__P13591,0.04220616180590129,0.0
rollmean2__peptide_log__GC(UniMod_4)PTEEGC(UniMod_4)GER,0.04218586785524585,0.0
slope1__peptide_log__ILLQGTPVAQMTEDAVDAER,0.04218459938061817,0.0
rollmean2__peptide_log__C(UniMod_4)KPVNTFVHEPLVDVQNVC(UniMod_4)FQEK,0.042174500857090666,0.0
peptide_count__Q9UHG2,0.042167102087506354,0.0
delta1__peptide_count__P25311,0.04212337305405649,0.0
slope1__peptide_std__P14618,0.04212243330561808,0.0
protein_npx__P01019,0.042101913776210066,0.0
slope1__protein_npx__P07339,0.04207729920934315,0.0
protein_npx__Q99674,0.04206735989860686,0.0
lag1__protein_npx__P01860,0.042054918029363876,0.0
slope1__peptide_std__O14773,0.041956540761068035,0.0
delta1__peptide_mean__P01024,0.04194837852149779,0.0
slope1__peptide_std__P01859,0.04190451887722452,0.0
delta1__protein_npx__O15394,0.04173455094968366,0.0
delta1__peptide_mean__Q9NYU2,0.04172541333788622,0.0
peptide_log__LDEVKEQVAEVR,0.04167275231485225,0.0
protein_npx__Q99829,0.04166641502781651,0.0
rollmean2__peptide_mean__P02753,0.041660410439898876,0.0
rollmean2__peptide_mean__P08637,0.041616370323493614,0.0
slope1__protein_npx__P08133,0.041605923437196046,0.0
peptide_std__P00746,0.041601717903093346,0.0
missing__peptide_log__LRTEGDGVYTLNNEKQWINK,0.04158594314481313,0.0
rollmean2__peptide_std__Q92520,0.041547208658370215,0.0
missing__protein_npx__Q6UXB8,0.04154524020023632,0.0
missing__peptide_mean__Q6UXB8,0.04154524020023632,0.0
missing__peptide_count__Q6UXB8,0.04154524020023632,0.0
rollmean2__peptide_mean__O14791,0.0415369687021989,0.0
delta1__peptide_mean__P43121,0.04151764272699252,0.0
slope1__peptide_std__Q14515,0.04151409377107937,0.0
peptide_mean__P02652,0.0414370365466504,0.0
lag1__peptide_log__LAVYQAGAR,0.041404491238635224,0.0
lag1__protein_npx__Q14624,0.04140338599486612,0.0
rollmean2__protein_npx__P07339,0.0413988201330074,0.0
slope1__protein_npx__Q92876,0.04134887117641391,0.0
slope1__peptide_mean__Q9NYU2,0.04132741333205728,0.0
peptide_mean__P23083,0.04123967501285829,0.0
lag1__peptide_mean__Q9NYU2,0.041183743967327324,0.0
lag1__peptide_count__P06727,0.04117875871739399,0.0
slope1__peptide_mean__O14773,0.04116604468746784,0.0
lag1__protein_npx__Q9BY67,0.041128907412654625,0.0
delta1__peptide_count__Q92520,0.04111914131671006,0.0
rollmean2__protein_npx__P25311,0.04110609537207986,0.0
slope1__peptide_mean__P35542,0.041076820086259076,0.0
lag1__peptide_log__RGYQLSDVDGVTC(UniMod_4)EDIDEC(UniMod_4)ALPTGGHIC(UniMod_4)SYR,0.04106279010592507,0.0
delta1__protein_npx__P04004,0.041008697781846994,0.0
slope1__peptide_std__Q92823,0.04099670839515443,0.0
rollmean2__peptide_count__P02765,0.04096234383304079,0.0
peptide_mean__Q92520,0.04096106936974588,0.0
slope1__protein_npx__O15394,0.0409599709821961,0.0
protein_npx__P04275,0.04094723932420086,0.0
slope1__peptide_count__P01042,0.040908753043803855,0.0
lag1__peptide_log__TVVQPSVGAAAGPVVPPC(UniMod_4)PGR,0.04079616919357131,0.0
rollmean2__peptide_mean__P19021,0.04078370623460402,0.0
slope1__peptide_mean__Q99832,0.040777202604147626,0.0
lag1__protein_npx__Q7Z3B1,0.04076857269419883,0.0
rollmean2__protein_npx__P35542,0.040742806337450664,0.0
peptide_log__VYC(UniMod_4)DMNTENGGWTVIQNR,0.0407393069371363,0.0
rollmean2__protein_npx__Q96S96,0.04071995086724799,0.0
delta1__peptide_std__P30086,0.040709063263076786,0.0
lag1__protein_npx__P04406,0.040681817439108744,0.0
peptide_std__P04180,0.04065522262198202,0.0
lag1__peptide_std__Q9UHG2,0.04059678738250559,0.0
lag1__peptide_log__NPDSSTTGPWC(UniMod_4)YTTDPTVR,0.04056292604724647,0.0
lag1__peptide_mean__P01608,0.040549813584658485,0.0
delta1__peptide_std__O14773,0.040541565044099184,0.0
peptide_mean__Q9UBR2,0.04053596463170395,0.0
slope1__peptide_mean__P08294,0.04052746764835141,0.0
missing__peptide_std__P01857,0.04042781571739763,0.0
lag1__peptide_mean__P01344,0.04041054755767922,0.0
lag1__peptide_mean__Q6UXB8,0.0403868450090039,0.0
slope1__peptide_count__P02747,0.040378633437409946,0.0
rollmean2__peptide_log__LIADLGSTSITNLGFR,0.040369954340010075,0.0
lag1__peptide_mean__P40925,0.040360056901293045,0.0
delta1__protein_npx__Q8NBJ4,0.04035874520970332,0.0
delta1__protein_npx__P01877,0.04035181785940302,0.0
lag1__peptide_std__P02750,0.04035178517042762,0.0
delta1__protein_npx__O00391,0.04033703281460573,0.0
lag1__protein_npx__Q12907,0.040320495282921566,0.0
peptide_std__P16870,0.04030044346629903,0.0
slope1__peptide_log__MYYSAVDPTKDIFTGLIGPM(UniMod_35)K,0.040269108070398116,0.0
rollmean2__peptide_mean__P02766,0.04026506597207146,0.0
lag1__protein_npx__P43652,0.04021981616304473,0.0
peptide_mean__P05090,0.04021156506926877,0.0
slope1__protein_npx__O15240,0.040184092049980684,0.0
missing__peptide_std__P02656,0.04016740924134499,0.0
lag1__protein_npx__P07339,0.04016638641649219,0.0
missing__protein_npx__P06310,0.04016341943982936,0.0
missing__peptide_count__P06310,0.04016341943982936,0.0
missing__peptide_mean__P06310,0.04016341943982936,0.0
rollmean2__peptide_mean__P02749,0.04015895037313257,0.0
rollmean2__peptide_mean__P01717,0.04014704758680007,0.0
delta1__peptide_std__Q9UBX5,0.04014239734900339,0.0
delta1__peptide_count__P06681,0.040104086801949136,0.0
peptide_log__GEVQAMLGQSTEELR,0.040102868725112505,0.0
rollmean2__peptide_log__TTPPVLDSDGSFFLYSR,0.04010180154543564,0.0
rollmean2__peptide_mean__P01861,0.04010180154543564,0.0
slope1__peptide_count__P02766,0.040048997922593366,0.0
delta1__peptide_std__P02452,0.04002987341361677,0.0
lag1__peptide_count__P13611,0.03994961495520355,0.0
delta1__peptide_count__P08603,0.03993168591090693,0.0
peptide_mean__Q6UXB8,0.03991189165389063,0.0
lag1__peptide_mean__P07711,0.039899110246917335,0.0
protein_npx__P04180,0.03987554149413479,0.0
delta1__protein_npx__P02792,0.03987065668829514,0.0
lag1__peptide_count__O00584,0.03979912942473639,0.0
slope1__peptide_log__C(UniMod_4)SYTEDAQC(UniMod_4)IDGTIEVPK,0.03979476649198513,0.0
rollmean2__peptide_log__ILLQGTPVAQMTEDAVDAER,0.03979284621314014,0.0
delta1__peptide_mean__Q96BZ4,0.03978957587782429,0.0
peptide_mean__P36980,0.03978528582818028,0.0
delta1__peptide_mean__P02765,0.039680115700802716,0.0
lag1__peptide_mean__P07602,0.03965930544056515,0.0
lag1__peptide_mean__P00748,0.039655365579658285,0.0
delta1__peptide_count__P05090,0.03960618711480383,0.0
missing__peptide_count__P00736,0.03957469538856354,0.0
missing__peptide_mean__P00736,0.03957469538856354,0.0
missing__protein_npx__P00736,0.03957469538856354,0.0
delta1__protein_npx__P02749,0.03956506257394179,0.0
slope1__peptide_mean__Q02818,0.03952779538563247,0.0
rollmean2__peptide_log__KAADDTWEPFASGK,0.03951918757259188,0.0
lag1__peptide_mean__Q8NE71,0.03951359011982373,0.0
rollmean2__peptide_log__ILTC(UniMod_4)M(UniMod_35)QGMEEIR,0.039493417300751524,0.0
rollmean2__peptide_mean__Q8IWV7,0.039493417300751524,0.0
rollmean2__peptide_log__LSKELQAAQAR,0.039492384996939564,0.0
protein_npx__P02766,0.03946871623230182,0.0
slope1__peptide_mean__P18065,0.03946659554239111,0.0
peptide_mean__Q13449,0.039462678466895384,0.0
peptide_mean__P18065,0.03942434435821226,0.0
delta1__peptide_std__P43652,0.03941174370096903,0.0
peptide_std__P06727,0.039329608866331016,0.0
lag1__protein_npx__Q14515,0.03932266322190658,0.0
delta1__peptide_count__P02675,0.03932246733337507,0.0
peptide_mean__P02656,0.03931008338723514,0.0
rollmean2__peptide_log__LQAEAFQAR,0.039302883107021146,0.0
delta1__peptide_std__P02765,0.03927347709019575,0.0
rollmean2__peptide_log__YVM(UniMod_35)LPVADQDQC(UniMod_4)IR,0.03925627541605703,0.0
slope1__protein_npx__P09486,0.039252441769166264,0.0
slope1__protein_npx__O75144,0.039203565359622064,0.0
slope1__protein_npx__Q9UKV8,0.03920180614464798,0.0
rollmean2__peptide_mean__P55290,0.03919766699930189,0.0
slope1__peptide_mean__Q96S96,0.039197097017188265,0.0
lag1__protein_npx__P08571,0.03919256725344846,0.0
missing__peptide_std__P02652,0.03915307485634355,0.0
delta1__peptide_std__P00738,0.03914441841218781,0.0
missing__peptide_mean__Q9NYU2,0.03913160854680306,0.0
missing__peptide_count__Q9NYU2,0.03913160854680306,0.0
missing__protein_npx__Q9NYU2,0.03913160854680306,0.0
delta1__current_medication_on,0.0391202706347794,0.0
slope1__protein_npx__P13473,0.039107097908837506,0.0
peptide_log__SELEEQLTPVAEETR,0.039104124557186405,0.0
slope1__peptide_count__P02656,0.03910081752584169,0.0
rollmean2__protein_npx__P07333,0.03908132534622415,0.0
delta1__peptide_log__ALGISPFHEHAEVVFTANDSGPR,0.03906672608700252,0.0
delta1__protein_npx__O75144,0.03905125441886241,0.0
lag1__protein_npx__Q9Y646,0.039042046025255704,0.0
delta1__peptide_count__P07998,0.039037199675452855,0.0
delta1__peptide_std__P01023,0.039014840046150884,0.0
lag1__protein_npx__P35542,0.03899793727212172,0.0
protein_npx__P35542,0.03898474194452641,0.0
delta1__protein_npx__P05067,0.038977777860766984,0.0
lag1__protein_npx__Q96KN2,0.03897454453999189,0.0
lag1__peptide_count__P04217,0.038957153337874494,0.0
delta1__peptide_log__AVGDKLPEC(UniMod_4)EADDGC(UniMod_4)PKPPEIAHGYVEHSVR,0.038936811165486085,0.0
rollmean2__peptide_std__P09871,0.03893679354796632,0.0
delta1__peptide_mean__Q13283,0.038911931673368094,0.0
delta1__peptide_mean__Q6UX71,0.03888814248095852,0.0
rollmean2__peptide_count__P61916,0.03886575482849987,0.0
missing__peptide_std__Q92876,0.03885338066226635,0.0
delta1__peptide_mean__P61916,0.038840909044799664,0.0
rollmean2__peptide_std__Q14624,0.038820679557311895,0.0
delta1__peptide_count__O94919,0.03877460211453985,0.0
lag1__peptide_std__P05156,0.038773127541762535,0.0
delta1__peptide_log__VQPYLDDFQKK,0.03872927368057931,0.0
protein_npx__P51884,0.03870723008927511,0.0
delta1__peptide_log__TTPPVLDSDGSFFLYSK,0.03863930951164403,0.0
delta1__peptide_log__SGEATDGARPQALPEPMQESK,0.03862428246423588,0.0
protein_npx__P41222,0.03860454820638159,0.0
delta1__peptide_count__P36222,0.03860352934336968,0.0
lag1__peptide_log__SPVGVQPILNEHTFC(UniMod_4)AGMSK,0.03859977565112605,0.0
peptide_std__P55290,0.03854591465646252,0.0
lag1__peptide_mean__P09871,0.0385384500707461,0.0
rollmean2__peptide_std__P20774,0.038538371883204955,0.0
slope1__peptide_std__Q14118,0.038523107053206655,0.0
delta1__peptide_mean__P00736,0.038519565022977556,0.0
delta1__protein_npx__P11277,0.03850217891303263,0.0
lag1__peptide_log__VLLDQLR,0.03847643940037061,0.0
lag1__peptide_mean__Q9HDC9,0.03847643940037061,0.0
rollmean2__peptide_count__P00734,0.03844984700167534,0.0
peptide_count__Q9UBX5,0.03842246179488821,0.0
peptide_mean__P01860,0.038407133522348536,0.0
slope1__peptide_log__FLATTPNSLLVSWQPPR,0.0384055594723638,0.0
lag1__protein_npx__P00748,0.03840467427055904,0.0
slope1__peptide_mean__P06396,0.038403419664420714,0.0
rollmean2__peptide_mean__P36955,0.0383747953109265,0.0
delta1__protein_npx__P08493,0.03837124253871383,0.0
delta1__peptide_mean__P01621,0.03836964446633103,0.0
peptide_log__RGYQLSDVDGVTC(UniMod_4)EDIDEC(UniMod_4)ALPTGGHIC(UniMod_4)SYR,0.038363168111085796,0.0
rollmean2__peptide_std__P14618,0.03835943789870446,0.0
lag1__protein_npx__Q13740,0.03833087643565745,0.0
protein_npx__Q13451,0.03829598546790817,0.0
slope1__protein_npx__P05060,0.03828607281848911,0.0
delta1__peptide_std__P55290,0.038259948468893204,0.0
slope1__protein_npx__Q99832,0.038257099698960365,0.0
peptide_log__SGELEQEEER,0.038235816152645465,0.0
peptide_log__LVGGPM(UniMod_35)DASVEEEGVRR,0.03820191686813572,0.0
peptide_mean__O60888,0.038116061371096174,0.0
slope1__peptide_log__TDASDVKPC(UniMod_4),0.03808328106996683,0.0
lag1__peptide_std__P27169,0.038069239137702125,0.0
rollmean2__peptide_std__P55290,0.038063511257340914,0.0
slope1__peptide_log__C(UniMod_4)DSSPDSAEDVRK,0.03805697411503614,0.0
rollmean2__protein_npx__Q13451,0.03805082300773181,0.0
slope1__peptide_log__VDNALQSGNSQESVTEQDSKDSTYSLSSTLTLSK,0.03800163451506509,0.0
slope1__protein_npx__Q12907,0.037985913015934354,0.0
rollmean2__protein_npx__P10643,0.03795597767044002,0.0
missing__peptide_count__P02792,0.037952136774426395,0.0
missing__peptide_mean__P02792,0.037952136774426395,0.0
missing__protein_npx__P02792,0.037952136774426395,0.0
delta1__peptide_count__P02787,0.03794982096466632,0.0
peptide_mean__P02749,0.037944063532187815,0.0
delta1__peptide_mean__P08637,0.03791126044446061,0.0
rollmean2__protein_npx__P41222,0.03790659988159583,0.0
slope1__protein_npx__P02766,0.037886025408670164,0.0
slope1__peptide_mean__P10451,0.03787237447063518,0.0
lag1__peptide_mean__Q99674,0.03786116178206896,0.0
protein_npx__P14314,0.03783995076149902,0.0
lag1__peptide_log__C(UniMod_4)IIEVLSNALSK,0.0378261530202237,0.0
rollmean2__peptide_mean__P00441,0.03780613987797845,0.0
peptide_mean__P36955,0.037797916441087515,0.0
protein_npx__P01344,0.03778513385430276,0.0
rollmean2__protein_npx__P02753,0.03776360181322943,0.0
slope1__peptide_mean__P40925,0.03775916441330524,0.0
lag1__peptide_log__C(UniMod_4)DSSPDSAEDVRK,0.03775553297817083,0.0
missing__peptide_log__TSPVDEKALQDQLVLVAAK,0.03774417237523872,0.0
delta1__protein_npx__Q06481,0.037735136637329886,0.0
peptide_count__Q12805,0.037704551437117165,0.0
lag1__protein_npx__P07225,0.037676185582055995,0.0
slope1__peptide_log__LGPLVEQGRVR,0.03767503916952556,0.0
rollmean2__peptide_std__P00450,0.03765979387241683,0.0
rollmean2__protein_npx__P51884,0.03765932999857171,0.0
peptide_log__C(UniMod_4)C(UniMod_4)VEC(UniMod_4)PPC(UniMod_4)PAPPVAGPSVFLFPPKPK,0.03763291057542685,0.0
lag1__peptide_std__P02649,0.03757504254211358,0.0
rollmean2__peptide_count__P02760,0.037542097495640935,0.0
rollmean2__peptide_mean__P02656,0.03753452509035067,0.0
rollmean2__peptide_std__P02747,0.03752666882698062,0.0
rollmean2__protein_npx__O14498,0.03751619707145134,0.0
missing__peptide_log__C(UniMod_4)DSSPDSAEDVRK,0.03748575917438074,0.0
lag1__peptide_count__P02748,0.037480075361655464,0.0
delta1__peptide_count__P02763,0.037479187035094376,0.0
slope1__protein_npx__P13591,0.03744973900931506,0.0
rollmean2__protein_npx__P14174,0.03744687139827258,0.0
delta1__protein_npx__P08603,0.03738623713100069,0.0
lag1__peptide_mean__P23083,0.037384142845941506,0.0
lag1__peptide_count__P00748,0.037379233777456534,0.0
slope1__peptide_std__P00450,0.03733397085023009,0.0
slope1__peptide_std__P02790,0.03731119343923385,0.0
rollmean2__peptide_log__C(UniMod_4)VDVDEC(UniMod_4)APPAEPC(UniMod_4)GK,0.037311100548269416,0.0
slope1__peptide_std__P08294,0.03726758857494954,0.0
slope1__peptide_std__P02787,0.03725918381284297,0.0
slope1__peptide_std__P05155,0.037238283319284644,0.0
delta1__protein_npx__P04156,0.03723806533573767,0.0
slope1__peptide_mean__Q13451,0.03722690826298407,0.0
rollmean2__protein_npx__P07195,0.037211679135971176,0.0
rollmean2__peptide_log__LAVYQAGAR,0.03719701305069218,0.0
slope1__peptide_count__P05090,0.037173887064899304,0.0
peptide_log__AKLEEQAQQIR,0.037161836049467434,0.0
lag1__peptide_log__HYDGSYSTFGER,0.03714747942033769,0.0
delta1__peptide_log__LRTEGDGVYTLNNEKQWINK,0.03713364215315826,0.0
slope1__protein_npx__P00747,0.03710993071134403,0.0
slope1__peptide_mean__Q92823,0.03706281438661981,0.0
delta1__peptide_std__Q14515,0.037057817640597214,0.0
rollmean2__peptide_mean__P01009,0.03696993193230285,0.0
peptide_mean__Q16610,0.03695578906987318,0.0
protein_npx__P43121,0.03695160834920137,0.0
delta1__peptide_std__P41222,0.03695044398922931,0.0
delta1__peptide_mean__P43652,0.03693502309464411,0.0
missing__peptide_log__LC(UniMod_4)MGSGLNLC(UniMod_4)EPNNKEGYYGYTGAFR,0.036882763450802394,0.0
rollmean2__protein_npx__P04211,0.03687604433729533,0.0
lag1__peptide_mean__Q8IWV7,0.03686190518156613,0.0
lag1__peptide_log__ILTC(UniMod_4)M(UniMod_35)QGMEEIR,0.03686190518156613,0.0
slope1__protein_npx__P01011,0.03682839538239869,0.0
slope1__peptide_count__P25311,0.03681813708153044,0.0
rollmean2__peptide_std__P00751,0.03680864034353239,0.0
slope1__protein_npx__P06727,0.03679534674099306,0.0
delta1__peptide_count__P02747,0.036741607693391846,0.0
slope1__protein_npx__P01009,0.03664136503448228,0.0
delta1__protein_npx__Q96BZ4,0.03658283197285714,0.0
delta1__peptide_count__P07225,0.03656264853253569,0.0
delta1__peptide_mean__P02452,0.036512537898847786,0.0
rollmean2__protein_npx__P04180,0.03649794918949097,0.0
peptide_mean__P35542,0.03649366787507727,0.0
slope1__protein_npx__O14498,0.03644711494070731,0.0
slope1__peptide_count__P36955,0.036434064596115534,0.0
delta1__peptide_log__TKEEYGHSEVVEYYC(UniMod_4)NPR,0.03639754193288712,0.0
delta1__peptide_std__Q96PD5,0.036395323676131484,0.0
slope1__peptide_std__P02774,0.03638948211836862,0.0
lag1__protein_npx__P05067,0.03637904971329463,0.0
rollmean2__peptide_mean__P01344,0.03637501745164169,0.0
rollmean2__peptide_count__P10909,0.036351670941979615,0.0
delta1__peptide_std__P43121,0.03633015058077916,0.0
protein_npx__Q8IWV7,0.036329745770211405,0.0
peptide_count__P27169,0.03631910491882843,0.0
delta1__peptide_std__P09486,0.03631401866024076,0.0
delta1__peptide_mean__Q08380,0.03625712291448122,0.0
peptide_count__O15240,0.03624974615681241,0.0
slope1__peptide_mean__P17936,0.03624937926371998,0.0
rollmean2__peptide_std__P08697,0.036240187026271124,0.0
missing__peptide_log__VDNALQSGNSQESVTEQDSKDSTYSLSSTLTLSK,0.03622735887833864,0.0
delta1__protein_npx__P19021,0.036219559723826365,0.0
peptide_log__VMPIC(UniMod_4)LPSKDYAEVGR,0.03621513487058232,0.0
lag1__peptide_std__P09871,0.03616326624941946,0.0
peptide_mean__P19827,0.03615977077098976,0.0
delta1__peptide_count__P04217,0.03615944741420825,0.0
protein_npx__P61278,0.03615243699681734,0.0
delta1__peptide_mean__P00747,0.036135167993204556,0.0
peptide_log__NFPPSQDASGDLYTTSSQLTLPATQC(UniMod_4)LAGK,0.03613464047064343,0.0
peptide_std__P02753,0.036111328300065415,0.0
delta1__peptide_mean__P14314,0.036098807504422424,0.0
delta1__peptide_std__P08603,0.036081043195016045,0.0
slope1__peptide_log__SEALAVDGAGKPGAEEAQDPEGK,0.03606721355172895,0.0
protein_npx__P09486,0.036067150199127276,0.0
lag1__peptide_std__P61769,0.03603406070947235,0.0
peptide_log__C(UniMod_4)KPVNTFVHEPLVDVQNVC(UniMod_4)FQEK,0.03600910027885936,0.0
protein_npx__P02753,0.036007691247485596,0.0
lag1__peptide_count__P04180,0.035980030980715866,0.0
rollmean2__protein_npx__P01861,0.03595363536367969,0.0
rollmean2__protein_npx__Q9Y6R7,0.035948055409358484,0.0
slope1__protein_npx__Q6UX71,0.03594156932904147,0.0
rollmean2__protein_npx__P01344,0.03593518613576235,0.0
delta1__protein_npx__P61916,0.035917634801811586,0.0
delta1__peptide_mean__Q14624,0.035873887744737834,0.0
slope1__protein_npx__P36980,0.035873525513027034,0.0
peptide_log__LQAEAFQAR,0.03586995592982621,0.0
delta1__peptide_log__ANRPFLVFIR,0.03582017381601419,0.0
slope1__peptide_mean__P02656,0.03579521161357024,0.0
slope1__peptide_std__P05452,0.0357906494843051,0.0
peptide_std__P01023,0.03577115015228459,0.0
lag1__protein_npx__P01591,0.0357709610923542,0.0
slope1__protein_npx__Q06481,0.03571860738118719,0.0
rollmean2__visit_index,0.03571831844362185,0.0
protein_npx__Q6UXB8,0.03568301351429044,0.0
peptide_log__M(UniMod_35)YLGYEYVTAIR,0.035667932777931385,0.0
peptide_count__Q14515,0.035665365947688515,0.0
lag1__peptide_mean__P19652,0.03565315412274485,0.0
slope1__protein_npx__P00751,0.03563816486012998,0.0
rollmean2__peptide_count__Q9UHG2,0.03557908528184087,0.0
lag1__peptide_log__QNC(UniMod_4)ELFEQLGEYK,0.03557437463110431,0.0
slope1__protein_npx__P17936,0.03555701162009762,0.0
delta1__protein_npx__O00584,0.03553211089429112,0.0
slope1__peptide_count__P01860,0.035526873563906776,0.0
missing__peptide_log__LIADLGSTSITNLGFR,0.03551876171930374,0.0
peptide_std__O00584,0.03550523978801522,0.0
lag1__peptide_mean__P00736,0.035476167234932965,0.0
rollmean2__peptide_count__P07339,0.035451519839987906,0.0
slope1__peptide_std__Q16270,0.035421919287987214,0.0
rollmean2__peptide_mean__P08294,0.035409519246629426,0.0
slope1__peptide_mean__O00584,0.03539026745922388,0.0
delta1__peptide_std__P36222,0.035372597714137116,0.0
rollmean2__peptide_count__P08603,0.035369674567602157,0.0
lag1__peptide_count__P07602,0.03536732341374294,0.0
protein_npx__Q12907,0.0353544044453333,0.0
lag1__peptide_log__AYQGVAAPFPK,0.035309765123592414,0.0
lag1__peptide_mean__P07998,0.03528128733862006,0.0
rollmean2__protein_npx__Q14508,0.03527495007499047,0.0
slope1__peptide_count__P05156,0.035264640090661284,0.0
protein_npx__P08603,0.03526409784917312,0.0
delta1__peptide_log__VTLTC(UniMod_4)VAPLSGVDFQLR,0.03526116182707139,0.0
slope1__protein_npx__P02647,0.035218680206502935,0.0
delta1__peptide_mean__P01860,0.03521783070724328,0.0
rollmean2__peptide_mean__P01860,0.035209847391863745,0.0
peptide_count__P02766,0.03510803054138903,0.0
delta1__peptide_count__P02656,0.03510429082759855,0.0
delta1__protein_npx__P32754,0.03510155079637798,0.0
lag1__visit_index,0.03509209729875963,0.0
slope1__peptide_count__P12109,0.035082862038862184,0.0
lag1__peptide_mean__P55290,0.0350811587575422,0.0
protein_npx__Q9Y646,0.035064069668648806,0.0
lag1__peptide_count__P00736,0.035047256818081386,0.0
missing__peptide_log__SNSSM(UniMod_35)HITDC(UniMod_4)R,0.03504044799197447,0.0
rollmean2__protein_npx__P00736,0.035031134456718994,0.0
slope1__protein_npx__Q9NYU2,0.03502649173674021,0.0
lag1__peptide_log__VYC(UniMod_4)DMNTENGGWTVIQNR,0.03501681167585846,0.0
rollmean2__peptide_std__P51884,0.03499490903829146,0.0
lag1__peptide_count__P13591,0.03498288657279583,0.0
rollmean2__protein_npx__P10451,0.034971475806886955,0.0
peptide_std__P09871,0.03490691856116852,0.0
slope1__peptide_count__P08697,0.034897292040658605,0.0
lag1__peptide_log__RLEGQEEEEDNRDSSMK,0.0348926735285342,0.0
missing__peptide_log__KVEQAVETEPEPELR,0.034883573908869175,0.0
peptide_mean__P61626,0.03487300089833411,0.0
peptide_count__P02747,0.034870588752694,0.0
peptide_std__P43652,0.03484901154538223,0.0
delta1__peptide_count__P05156,0.034831075581905485,0.0
slope1__peptide_count__P17174,0.0348226715566145,0.0
delta1__protein_npx__P43652,0.03481689540406197,0.0
rollmean2__protein_npx__P36955,0.034811142461175046,0.0
rollmean2__protein_npx__P05546,0.034766599316006695,0.0
slope1__protein_npx__P05452,0.03474059451726327,0.0
rollmean2__peptide_mean__P18065,0.03473353944053859,0.0
slope1__peptide_std__P00747,0.03473065457745601,0.0
lag1__peptide_std__P00450,0.03470891177053719,0.0
rollmean2__peptide_log__TTPPVLDSDGSFFLYSK,0.03470785306710983,0.0
peptide_count__P02671,0.034692053556600516,0.0
rollmean2__peptide_std__P16035,0.03468890668662376,0.0
slope1__peptide_mean__P36980,0.034688438169197075,0.0
slope1__peptide_std__Q6UXB8,0.0346498482380158,0.0
delta1__months_since_prev_visit,0.03463622858689119,0.0
lag1__peptide_log__TTPPVLDSDGSFFLYSK,0.03460194680718896,0.0
missing__peptide_mean__Q14508,0.03460191500841161,0.0
missing__protein_npx__Q14508,0.03460191500841161,0.0
missing__peptide_count__Q14508,0.03460191500841161,0.0
protein_npx__P08133,0.03459454703873506,0.0
lag1__protein_npx__P02748,0.034565932708496325,0.0
slope1__protein_npx__P07711,0.03456040543372682,0.0
visit_index,0.034552346341171186,0.0
delta1__peptide_count__P01024,0.034549053220166576,0.0
delta1__protein_npx__Q9HDC9,0.034542740245722965,0.0
delta1__peptide_std__Q6UXB8,0.03451788713106518,0.0
protein_npx__P04406,0.034497295374678744,0.0
rollmean2__peptide_mean__P02750,0.03447467121667461,0.0
peptide_std__P04075,0.03447196041614182,0.0
rollmean2__peptide_count__P02790,0.03444770509379443,0.0
delta1__peptide_abundance_max,0.03443183616155562,0.0
rollmean2__peptide_log__TVVQPSVGAAAGPVVPPC(UniMod_4)PGR,0.034407140751350665,0.0
lag1__peptide_log__IHWESASLLR,0.03436845588466016,0.0
rollmean2__peptide_mean__P02652,0.03435591743778016,0.0
rollmean2__peptide_count__P61769,0.03435410726387019,0.0
lag1__peptide_count__Q08380,0.034349674561340526,0.0
delta1__peptide_mean__P07858,0.0343351062741886,0.0
delta1__protein_npx__P11142,0.03432779891594868,0.0
delta1__protein_npx__P02647,0.03431184574100693,0.0
peptide_count__P14618,0.034302604954335604,0.0
missing__peptide_std__P61916,0.03430216051148564,0.0
rollmean2__peptide_count__P14618,0.034275482347875495,0.0
delta1__peptide_std__O15240,0.03427160178162658,0.0
rollmean2__peptide_log__C(UniMod_4)RDQLPYIC(UniMod_4)QFGIV,0.034269582866221816,0.0
delta1__peptide_mean__Q9UBR2,0.03426014841876927,0.0
delta1__peptide_log__C(UniMod_4)VDVDEC(UniMod_4)APPAEPC(UniMod_4)GK,0.03421600205663123,0.0
rollmean2__protein_npx__P00450,0.03418687966664319,0.0
delta1__peptide_std__P04196,0.034183141019869565,0.0
missing__peptide_mean__P19021,0.0341570208295209,0.0
missing__protein_npx__P19021,0.0341570208295209,0.0
missing__peptide_count__P19021,0.0341570208295209,0.0
protein_npx__P02749,0.03411972618561011,0.0
lag1__peptide_log__ILLQGTPVAQMTEDAVDAER,0.03411902054165868,0.0
lag1__peptide_mean__P02652,0.03411523362892708,0.0
lag1__peptide_mean__Q9Y646,0.03406793584481805,0.0
rollmean2__peptide_mean__Q14508,0.03405123390262196,0.0
lag1__peptide_std__P43652,0.03405095864923013,0.0
rollmean2__peptide_count__P02671,0.03403659700849052,0.0
rollmean2__protein_npx__Q99435,0.03403340470667091,0.0
lag1__protein_npx__Q99674,0.03396838680279543,0.0
protein_npx__P07225,0.033963516429293426,0.0
slope1__peptide_count__Q9NQ79,0.03395608591389536,0.0
rollmean2__peptide_mean__P02792,0.03395245275633114,0.0
delta1__peptide_mean__O60888,0.03394497760057239,0.0
lag1__peptide_mean__P04075,0.03391046598675947,0.0
delta1__protein_npx__P19823,0.0339092921656621,0.0
rollmean2__peptide_mean__P05452,0.03388400546892267,0.0
missing__peptide_log__LGQSLDC(UniMod_4)NAEVYVVPWEK,0.033863915857812475,0.0
rollmean2__peptide_log__DSGFQM(UniMod_35)NQLR,0.033856696793970964,0.0
delta1__protein_npx__P00450,0.0338344622227301,0.0
delta1__peptide_log__SGELEQEEER,0.03382736328448622,0.0
peptide_count__P05156,0.03381035385933579,0.0
rollmean2__protein_npx__P07225,0.03380287866996224,0.0
rollmean2__peptide_mean__P20774,0.03379966222553724,0.0
rollmean2__peptide_std__P02787,0.033795184931170875,0.0
lag1__peptide_count__P02787,0.033788714504455725,0.0
slope1__peptide_count__P05067,0.033780734450546954,0.0
delta1__peptide_log__VC(UniMod_4)PFAGILENGAVR,0.033777745957258215,0.0
lag1__protein_npx__Q9NQ79,0.0337751311632805,0.0
protein_npx__P12109,0.03375743421117841,0.0
peptide_count__P02753,0.033738237816597766,0.0
slope1__peptide_std__P43121,0.03372911684950256,0.0
lag1__peptide_log__LQAEAFQAR,0.03372392563533732,0.0
rollmean2__peptide_count__P02675,0.033720968706079935,0.0
slope1__protein_npx__P01042,0.033719750479831535,0.0
rollmean2__peptide_std__P06727,0.03369125077851894,0.0
delta1__peptide_mean__P06310,0.03368365372512259,0.0
rollmean2__protein_npx__Q9Y646,0.03367450529595171,0.0
peptide_log__LRTEGDGVYTLNNEKQWINK,0.033662725976161094,0.0
lag1__protein_npx__P02751,0.03363426446973296,0.0
slope1__peptide_std__P27169,0.033555387253283615,0.0
rollmean2__peptide_std__P24592,0.03355302293404125,0.0
peptide_log__TSPVDEKALQDQLVLVAAK,0.033519493342205345,0.0
peptide_mean__P07711,0.033518871428538974,0.0
lag1__peptide_count__P01834,0.033500432488151224,0.0
slope1__protein_npx__Q14515,0.033494880313568974,0.0
slope1__protein_npx__P61769,0.033490198934058635,0.0
delta1__peptide_std__P01860,0.03348791046232795,0.0
missing__peptide_log__YVM(UniMod_35)LPVADQDQC(UniMod_4)IR,0.03348789652727162,0.0
slope1__peptide_mean__O60888,0.033485536211772346,0.0
rollmean2__peptide_mean__Q13740,0.03342072782807415,0.0
lag1__peptide_count__P01011,0.0334156491419515,0.0
peptide_count__P01023,0.03341508494650429,0.0
protein_npx__P02647,0.033370671483368454,0.0
peptide_std__P08697,0.03336306063828461,0.0
lag1__peptide_mean__P00738,0.03335678378368891,0.0
slope1__peptide_std__P01011,0.03334914903123169,0.0
protein_npx__P01717,0.03334749287516093,0.0
missing__peptide_std__P02747,0.033332960522507095,0.0
lag1__peptide_mean__Q16610,0.03332722207633515,0.0
delta1__peptide_count__P05060,0.03332245497320929,0.0
rollmean2__peptide_log__LGPLVEQGR,0.033321880428641336,0.0
delta1__protein_npx__P43251,0.03331658333997066,0.0
slope1__peptide_count__Q96KN2,0.03326382734282806,0.0
delta1__peptide_mean__P40925,0.03324894558578482,0.0
rollmean2__peptide_mean__P14174,0.03323381548369426,0.0
rollmean2__protein_npx__P49588,0.03322466362462639,0.0
peptide_log__C(UniMod_4)DSSPDSAEDVRK,0.033215460625246364,0.0
delta1__protein_npx__P02763,0.033202656152397134,0.0
slope1__peptide_count__P00748,0.03318576357786519,0.0
slope1__peptide_std__Q12907,0.03318538091704011,0.0
lag1__peptide_mean__P16070,0.033184501584329416,0.0
rollmean2__protein_npx__P31997,0.03317453661338382,0.0
lag1__peptide_mean__Q96KN2,0.03317015976258233,0.0
rollmean2__peptide_count__Q9UBX5,0.03316239961236791,0.0
lag1__protein_npx__P17936,0.0330827005804832,0.0
slope1__peptide_log__VYC(UniMod_4)DMNTENGGWTVIQNR,0.033079990203369526,0.0
delta1__peptide_mean__Q9UBX5,0.033051823360453016,0.0
protein_npx__Q99832,0.03304743313544623,0.0
protein_npx__P01859,0.03302838366720438,0.0
rollmean2__peptide_mean__P02774,0.033026686349727954,0.0
protein_npx__P04217,0.03300879133565386,0.0
delta1__peptide_count__O15240,0.0329984632290001,0.0
lag1__peptide_mean__P00441,0.03299383833831295,0.0
slope1__peptide_mean__P39060,0.03298030591282096,0.0
rollmean2__peptide_mean__P00746,0.03293047594563397,0.0
peptide_std__P02750,0.0329228271591655,0.0
rollmean2__protein_npx__P02765,0.032922032351269497,0.0
peptide_mean__P01594,0.0329211717803155,0.0
rollmean2__peptide_count__P02787,0.0329133001676176,0.0
slope1__peptide_log__C(UniMod_4)KPVNTFVHEPLVDVQNVC(UniMod_4)FQEK,0.03291082473050658,0.0
delta1__peptide_log__SFNRGEC(UniMod_4),0.03290569444388463,0.0
rollmean2__peptide_mean__P54289,0.032901644809571515,0.0
slope1__peptide_std__P04180,0.0328357773280701,0.0
peptide_std__O14773,0.032823936824066785,0.0
lag1__peptide_mean__P10909,0.03282031053271322,0.0
rollmean2__protein_npx__Q8NBJ4,0.03281906833830079,0.0
lag1__protein_npx__P04217,0.03280407536694563,0.0
rollmean2__peptide_std__O14773,0.032789270072237094,0.0
rollmean2__peptide_log__HYEGSTVPEK,0.032771229189815815,0.0
lag1__peptide_mean__O14773,0.0327585722172356,0.0
rollmean2__protein_npx__P54289,0.03275550698748953,0.0
missing__peptide_count__P40925,0.032751767021444306,0.0
missing__peptide_mean__P40925,0.032751767021444306,0.0
missing__protein_npx__P40925,0.032751767021444306,0.0
delta1__peptide_count__P19823,0.03271722640108782,0.0
slope1__peptide_count__P51884,0.03270520715439403,0.0
slope1__peptide_log__MTVTDQVNC(UniMod_4)PK,0.03269518464866947,0.0
slope1__peptide_count__P02452,0.03266074028874874,0.0
lag1__peptide_count__P02671,0.03266024865075677,0.0
peptide_std__P01860,0.03265486260307587,0.0
delta1__protein_npx__Q9NYU2,0.03264087619332652,0.0
lag1__peptide_mean__P80748,0.032629813020094656,0.0
rollmean2__peptide_count__P07998,0.03262249063816502,0.0
missing__protein_npx__P02452,0.03262078975005804,0.0
missing__peptide_count__P02452,0.03262078975005804,0.0
missing__peptide_mean__P02452,0.03262078975005804,0.0
slope1__peptide_mean__Q12907,0.03261867302572897,0.0
protein_npx__P05408,0.03261545889048585,0.0
lag1__protein_npx__P13473,0.03259999318285686,0.0
peptide_count__P61916,0.03258255793690692,0.0
slope1__protein_npx__P00748,0.03257205311261377,0.0
lag1__peptide_mean__Q562R1,0.03254955329396018,0.0
rollmean2__protein_npx__P05156,0.0325290998455602,0.0
rollmean2__protein_npx__P04275,0.03250544121419691,0.0
slope1__peptide_count__P01834,0.032499078521274725,0.0
delta1__peptide_log__LVGGPM(UniMod_35)DASVEEEGVRR,0.03245466414518719,0.0
lag1__peptide_mean__Q13283,0.03244454579212846,0.0
slope1__peptide_mean__P27169,0.032435077990894116,0.0
slope1__protein_npx__P01591,0.03243463960934779,0.0
lag1__protein_npx__Q96S96,0.032433516072097116,0.0
delta1__protein_npx__Q8IWV7,0.03243047018259253,0.0
rollmean2__protein_npx__Q13740,0.032423132192694354,0.0
rollmean2__peptide_mean__P04004,0.032405094211775176,0.0
delta1__peptide_log__FM(UniMod_35)ETVAEK,0.032389312634546315,0.0
peptide_mean__P05452,0.0323799943692738,0.0
rollmean2__peptide_log__SELEEQLTPVAEETR,0.032353300291454744,0.0
delta1__peptide_std__P02652,0.03235308279505075,0.0
lag1__peptide_log__AVLPTGDVIGDSAK,0.03232620873615978,0.0
missing__peptide_log__LSKELQAAQAR,0.032317128201975485,0.0
slope1__peptide_std__Q92876,0.03230286618461607,0.0
slope1__peptide_count__P01011,0.03230035012185759,0.0
slope1__peptide_log__RGYQLSDVDGVTC(UniMod_4)EDIDEC(UniMod_4)ALPTGGHIC(UniMod_4)SYR,0.032289098592672746,0.0
peptide_std__P02679,0.03228466234213238,0.0
slope1__peptide_mean__P10645,0.032280465226470545,0.0
slope1__peptide_log__AATVGSLAGQPLQER,0.03227828884212754,0.0
lag1__peptide_count__P61769,0.032275790569398,0.0
delta1__peptide_std__P13611,0.03226946844584244,0.0
peptide_mean__P01009,0.03225789665183222,0.0
rollmean2__peptide_mean__P98160,0.03222836383820283,0.0
delta1__peptide_count__P02649,0.03222641320135757,0.0
slope1__peptide_count__P02763,0.0322104313950307,0.0
peptide_std__P51884,0.032206344123127804,0.0
slope1__peptide_mean__P08603,0.03219111067953281,0.0
peptide_count__P08571,0.03215180293765579,0.0
delta1__peptide_std__P18065,0.032143298627239976,0.0
rollmean2__peptide_mean__O94919,0.03213233813038016,0.0
rollmean2__peptide_mean__P07711,0.032131909164040885,0.0
rollmean2__protein_npx__Q99832,0.03211877150603051,0.0
peptide_mean__P13591,0.03211360128711929,0.0
peptide_mean__P02452,0.03211286327893076,0.0
delta1__peptide_std__P01877,0.03210225243878397,0.0
lag1__protein_npx__P01780,0.03209755357813286,0.0
rollmean2__peptide_std__P09486,0.03205189252423445,0.0
delta1__peptide_std__P06727,0.032021848155603036,0.0
delta1__protein_npx__P01859,0.03199964623543555,0.0
delta1__peptide_count__Q14624,0.03198772145012684,0.0
missing__protein_npx__Q15904,0.03198500608496721,0.0
missing__peptide_count__Q15904,0.03198500608496721,0.0
missing__peptide_mean__Q15904,0.03198500608496721,0.0
lag1__peptide_std__P06681,0.03196001075132892,0.0
slope1__peptide_count__Q16610,0.03188119420380396,0.0
missing__peptide_count__P11277,0.03187434593716693,0.0
missing__protein_npx__P11277,0.03187434593716693,0.0
missing__peptide_mean__P11277,0.03187434593716693,0.0
lag1__peptide_mean__P01717,0.0318574821931333,0.0
lag1__protein_npx__P02768,0.03185136843783645,0.0
rollmean2__peptide_log__RGYQLSDVDGVTC(UniMod_4)EDIDEC(UniMod_4)ALPTGGHIC(UniMod_4)SYR,0.03183855728129156,0.0
rollmean2__protein_npx__P00747,0.03182964611983062,0.0
slope1__protein_npx__Q02818,0.03181415994828667,0.0
protein_npx__P01594,0.03181033479192163,0.0
lag1__peptide_count__O75144,0.03180681161063247,0.0
rollmean2__peptide_count__P14314,0.03180263841485439,0.0
lag1__peptide_log__VC(UniMod_4)PFAGILENGAVR,0.03178982453353987,0.0
slope1__protein_npx__P01876,0.03176684538541952,0.0
peptide_mean__P04004,0.031710813098624176,0.0
delta1__protein_npx__O43505,0.031679469372700206,0.0
rollmean2__peptide_mean__P13591,0.03167783114578608,0.0
delta1__peptide_std__P05452,0.031670561540551395,0.0
rollmean2__peptide_std__Q6UXB8,0.03166685795318959,0.0
rollmean2__peptide_mean__P35542,0.03165346452017357,0.0
delta1__peptide_std__P02649,0.031649863161724856,0.0
slope1__protein_npx__Q9UHG2,0.031629644080914045,0.0
lag1__peptide_std__P55290,0.031588126772656544,0.0
rollmean2__protein_npx__P00748,0.031561611538149285,0.0
rollmean2__peptide_log__SWFEPLVEDM(UniMod_35)QR,0.031551203155731976,0.0
peptide_mean__P00746,0.03154937775716206,0.0
delta1__protein_npx__P08123,0.03152006771153486,0.0
peptide_log__LPPTSAHGNVAEGETKPDPDVTER,0.03150891348036741,0.0
delta1__peptide_count__P00734,0.031472483327562924,0.0
delta1__peptide_log__C(UniMod_4)REILSVDC(UniMod_4)STNNPSQAK,0.03146554989649772,0.0
slope1__protein_npx__P01780,0.03143749082400367,0.0
rollmean2__peptide_mean__P01608,0.031428208754680546,0.0
rollmean2__protein_npx__P04216,0.03142453125463158,0.0
rollmean2__protein_npx__P09486,0.031418621244107284,0.0
lag1__peptide_std__P02751,0.031415809429759294,0.0
protein_npx__O15394,0.03139691220705631,0.0
rollmean2__peptide_count__P02649,0.03134288410973044,0.0
peptide_mean__Q08380,0.031321922438925266,0.0
lag1__protein_npx__P31997,0.03132028084289211,0.0
lag1__peptide_log__LGPLVEQGR,0.03131720766143404,0.0
peptide_std__Q9NQ79,0.031316819648244856,0.0
rollmean2__protein_npx__P01019,0.031280411513181,0.0
slope1__protein_npx__Q9NQ79,0.03127496466875426,0.0
delta1__protein_npx__P43121,0.031248568457949627,0.0
rollmean2__peptide_log__SLAELGGHLDQQVEEFRR,0.031232694939664393,0.0
protein_npx__P01861,0.03123087986053113,0.0
rollmean2__peptide_count__P00751,0.031215565291396363,0.0
peptide_std__Q96PD5,0.03120737384878466,0.0
peptide_std__P06396,0.03120686598549819,0.0
lag1__peptide_std__P02671,0.03119910996990792,0.0
lag1__protein_npx__P02792,0.031198591075124616,0.0
slope1__peptide_mean__Q9UBR2,0.031187817438197825,0.0
peptide_std__P18065,0.03118408116333908,0.0
protein_npx__P13521,0.031168713620754095,0.0
delta1__protein_npx__Q15904,0.03115069398069765,0.0
slope1__peptide_std__P04217,0.03114355480415136,0.0
delta1__peptide_std__P13987,0.03113812405640701,0.0
protein_npx__P11277,0.031120318919288858,0.0
rollmean2__protein_npx__P19021,0.031065040312770267,0.0
lag1__peptide_mean__P00450,0.031063627463129753,0.0
lag1__protein_npx__P04075,0.03105425959617031,0.0
rollmean2__peptide_std__P02748,0.031048671999718388,0.0
delta1__peptide_mean__P09486,0.031047257251232693,0.0
rollmean2__peptide_mean__P01594,0.031034502382931435,0.0
slope1__peptide_count__P55290,0.031023311374034704,0.0
peptide_log__TM(UniMod_35)LLQPAGSLGSYSYR,0.03101063330689814,0.0
rollmean2__peptide_std__P02750,0.030995693219962383,0.0
lag1__peptide_log__QQETAAAETETR,0.030966786990837446,0.0
peptide_mean__P06727,0.03093201181086818,0.0
missing__peptide_std__P08493,0.030924105555140545,0.0
peptide_std__P41222,0.03088908644212295,0.0
slope1__peptide_mean__P06727,0.0308409088384337,0.0
slope1__peptide_count__P04196,0.030818242616232224,0.0
lag1__peptide_log__TEGDGVYTLNNEK,0.030808220327274323,0.0
lag1__peptide_std__P00734,0.030801540357545825,0.0
rollmean2__protein_npx__P04217,0.030789343630915875,0.0
lag1__peptide_mean__P02649,0.030783479964530774,0.0
peptide_mean__P16035,0.030775544628974496,0.0
rollmean2__peptide_log__ALGISPFHEHAEVVFTANDSGPR,0.03070789621909911,0.0
peptide_mean__P01717,0.03069528884571435,0.0
lag1__peptide_std__P01876,0.030686218862345994,0.0
delta1__peptide_std__P07998,0.030684145587665107,0.0
delta1__peptide_std__P02749,0.03067926943183097,0.0
slope1__peptide_std__P02749,0.030678508739882555,0.0
delta1__peptide_count__P01034,0.030668229155325872,0.0
protein_npx__P61626,0.03065125097366337,0.0
delta1__peptide_std__P16035,0.030629727245705726,0.0
peptide_log__AYKSELEEQLTPVAEETR,0.03062387749651217,0.0
peptide_mean__P20774,0.030615399354487222,0.0
rollmean2__peptide_std__Q14515,0.03061380233536113,0.0
lag1__peptide_mean__P41222,0.030592307281175485,0.0
delta1__protein_npx__P04180,0.03055709870185034,0.0
slope1__peptide_std__P05060,0.03054001225909373,0.0
delta1__protein_npx__P04207,0.030537929447532558,0.0
protein_npx__Q8NBJ4,0.03052099132080674,0.0
missing__peptide_log__SLAAAAGKQELAK,0.030492786242417,0.0
missing__protein_npx__P61278,0.030492786242417,0.0
missing__peptide_mean__P61278,0.030492786242417,0.0
missing__peptide_count__P61278,0.030492786242417,0.0
missing__peptide_std__P30086,0.03048569732087929,0.0
rollmean2__peptide_mean__P02747,0.03048390529834339,0.0
delta1__peptide_mean__P11142,0.030479018417611796,0.0
peptide_std__P23142,0.03046589929625564,0.0
lag1__peptide_mean__P04433,0.03046162774259395,0.0
slope1__protein_npx__P01034,0.030432046265845406,0.0
peptide_std__Q92823,0.030399183925170038,0.0
lag1__peptide_count__P30086,0.03039480882733424,0.0
peptide_log__AVLPTGDVIGDSAK,0.030392418636852297,0.0
slope1__peptide_log__TEGDGVYTLNNEK,0.030382151148040312,0.0
protein_npx__P06727,0.03037261950276922,0.0
lag1__protein_npx__P04156,0.030359309136456195,0.0
delta1__peptide_log__YYWGGQYTWDMAK,0.03034083136634497,0.0
lag1__peptide_mean__P06727,0.030333517184142678,0.0
protein_npx__O14498,0.030323458925439663,0.0
slope1__peptide_mean__P61916,0.030297198016533092,0.0
lag1__peptide_count__P41222,0.03029420688477099,0.0
rollmean2__protein_npx__P00738,0.030282149227139496,0.0
rollmean2__peptide_mean__P36980,0.030257668884381122,0.0
rollmean2__peptide_count__P04180,0.030243441659659642,0.0
lag1__protein_npx__P18065,0.030236704210753772,0.0
delta1__peptide_log__LSNENHGIAQR,0.030224578811592934,0.0
lag1__peptide_mean__P14314,0.030208253536142784,0.0
lag1__protein_npx__P23083,0.030185287499573634,0.0
rollmean2__peptide_std__P01019,0.03014962405923565,0.0
peptide_std__P07225,0.030149208550921614,0.0
peptide_count__P14314,0.030138675945257404,0.0
peptide_count__P04180,0.030123513531295765,0.0
protein_npx__P01780,0.030117768429992062,0.0
rollmean2__protein_npx__O00391,0.030099000221728723,0.0
peptide_count__P61769,0.030069775118182842,0.0
lag1__protein_npx__Q99435,0.03005521798329149,0.0
peptide_std__P00751,0.03002382429195014,0.0
slope1__peptide_std__P01023,0.030005463312007263,0.0
peptide_mean__P51884,0.029989758010236487,0.0
lag1__peptide_std__Q92823,0.02998404824333844,0.0
peptide_mean__Q8IWV7,0.02991849936635891,0.0
peptide_log__ILTC(UniMod_4)M(UniMod_35)QGMEEIR,0.02991849936635891,0.0
slope1__peptide_mean__P55290,0.02991039176937821,0.0
delta1__peptide_count__O00533,0.029902704381291903,0.0
slope1__peptide_count__P04075,0.02989692179406421,0.0
rollmean2__peptide_mean__P06396,0.029891761277596053,0.0
peptide_std__P02766,0.029888450741724647,0.0
slope1__peptide_mean__O14498,0.029879141105976184,0.0
lag1__peptide_std__P04180,0.029868538700343585,0.0
delta1__peptide_mean__P19021,0.02986160322073119,0.0
slope1__peptide_count__P02671,0.029852117054791127,0.0
slope1__peptide_count__P01876,0.02984160354486715,0.0
rollmean2__peptide_count__P01857,0.02982151158547545,0.0
lag1__peptide_mean__P23142,0.02982027149562534,0.0
delta1__peptide_std__P01019,0.02976041541877208,0.0
delta1__peptide_mean__P41222,0.02974612019786272,0.0
lag1__peptide_mean__P04156,0.029738976856099254,0.0
slope1__peptide_std__P08571,0.029738566141967463,0.0
lag1__protein_npx__Q562R1,0.029731261401501882,0.0
lag1__protein_npx__P36980,0.029723012198488663,0.0
rollmean2__peptide_mean__O43505,0.029684005119760902,0.0
lag1__protein_npx__P07195,0.02968012155362105,0.0
delta1__protein_npx__P06396,0.02967622289604282,0.0
delta1__peptide_mean__P02792,0.0296485108530415,0.0
rollmean2__protein_npx__P12109,0.029647268171943575,0.0
delta1__peptide_mean__P02748,0.029644132807925636,0.0
delta1__peptide_mean__P11277,0.02962792314623081,0.0
lag1__peptide_mean__P02747,0.02962349125363512,0.0
lag1__peptide_count__P01876,0.029582958913041614,0.0
delta1__protein_npx__P07858,0.029531747441542362,0.0
rollmean2__protein_npx__P20774,0.029492055778902408,0.0
delta1__peptide_mean__P02655,0.02943549262455437,0.0
peptide_std__Q14624,0.02943425359668464,0.0
missing__peptide_mean__P17936,0.029428265163509697,0.0
missing__peptide_count__P17936,0.029428265163509697,0.0
missing__protein_npx__P17936,0.029428265163509697,0.0
slope1__peptide_count__P09871,0.029428230439697174,0.0
lag1__peptide_count__P02749,0.02941766848545155,0.0
peptide_mean__P02763,0.029407287016638504,0.0
rollmean2__peptide_mean__Q16610,0.029380715311911068,0.0
protein_npx__P54289,0.029367808240583777,0.0
rollmean2__protein_npx__P02751,0.029364682995403287,0.0
lag1__protein_npx__Q9UNU6,0.029353775984695164,0.0
peptide_mean__P08253,0.029322157977922234,0.0
slope1__protein_npx__P02790,0.029321841576009436,0.0
delta1__peptide_mean__Q14118,0.029318358545270685,0.0
delta1__peptide_mean__O00533,0.02930529877828847,0.0
delta1__protein_npx__Q16270,0.02929425644203112,0.0
slope1__protein_npx__P20774,0.029276343482641284,0.0
delta1__peptide_mean__P09871,0.029263124844529545,0.0
lag1__protein_npx__Q6UXB8,0.029215542156486904,0.0
rollmean2__peptide_mean__Q6UXD5,0.02920343349957875,0.0
delta1__peptide_log__TSAHGNVAEGETKPDPDVTER,0.02916632416706678,0.0
lag1__peptide_std__P07339,0.02914643065758023,0.0
slope1__peptide_log__GC(UniMod_4)PTEEGC(UniMod_4)GER,0.029143130640867425,0.0
rollmean2__peptide_log__AATVGSLAGQPLQER,0.02912457204498747,0.0
protein_npx__P00747,0.02911457954167411,0.0
peptide_count__P07711,0.029104468195823102,0.0
rollmean2__peptide_log__LGQSLDC(UniMod_4)NAEVYVVPWEK,0.02909991370881558,0.0
peptide_std__P05155,0.029044477599613164,0.0
protein_npx__P08493,0.02903571764395361,0.0
delta1__peptide_log__YIVSGTPTFVPYLIK,0.029009753384914613,0.0
peptide_mean__P02765,0.029009183589953618,0.0
lag1__protein_npx__Q9NYU2,0.028989992606473714,0.0
rollmean2__peptide_mean__Q99683,0.028972081925434375,0.0
delta1__peptide_std__P01859,0.028971761136378255,0.0
missing__peptide_log__HYEGSTVPEK,0.028929260309060855,0.0
peptide_mean__P00441,0.028898933552992705,0.0
delta1__peptide_std__P08294,0.02888821443797597,0.0
protein_npx__Q8NE71,0.028839283675142095,0.0
lag1__peptide_count__P01042,0.0288349481622038,0.0
lag1__protein_npx__P14314,0.02882841439738392,0.0
missing__peptide_std__P14618,0.028823276976096775,0.0
rollmean2__peptide_mean__Q9UKV8,0.028808175844811542,0.0
delta1__peptide_std__P02671,0.028776745178271595,0.0
peptide_log__TPVSDRVTK,0.028765555905663414,0.0
peptide_count__P00747,0.02876510278203101,0.0
slope1__peptide_mean__P98160,0.028762989882424574,0.0
rollmean2__peptide_count__P06681,0.02871147204578215,0.0
delta1__peptide_mean__P14174,0.028697897542455032,0.0
lag1__protein_npx__O60888,0.028678372477668572,0.0
delta1__peptide_count__P19652,0.028666733054862732,0.0
delta1__peptide_mean__Q16610,0.02861695943374534,0.0
slope1__peptide_log__TSAHGNVAEGETKPDPDVTER,0.028612222032964752,0.0
slope1__peptide_mean__P02647,0.028609568644554134,0.0
missing__peptide_log__MYYSAVDPTKDIFTGLIGPM(UniMod_35)K,0.028590315979992682,0.0
delta1__peptide_mean__P02647,0.028588334476677413,0.0
lag1__peptide_mean__P16152,0.028582337503031376,0.0
lag1__peptide_log__SC(UniMod_4)SPELQQK,0.028582337503031376,0.0
peptide_std__P01008,0.028572314440445497,0.0
lag1__peptide_mean__P01591,0.028543112710395658,0.0
slope1__peptide_count__P10909,0.028530176331196692,0.0
peptide_count__P01008,0.028528967350366752,0.0
rollmean2__peptide_log__VYC(UniMod_4)DMNTENGGWTVIQNR,0.028503087123316995,0.0
delta1__peptide_std__P07602,0.028485938566050018,0.0
rollmean2__protein_npx__P08571,0.028465488385489474,0.0
protein_npx__P01608,0.028465461007508925,0.0
delta1__peptide_mean__P02751,0.02846516828664552,0.0
lag1__protein_npx__P02671,0.028453506384298593,0.0
lag1__peptide_std__Q96PD5,0.028436106128488042,0.0
lag1__protein_npx__P01833,0.028407209965923087,0.0
slope1__peptide_mean__Q99683,0.028403102161350387,0.0
delta1__peptide_std__Q92876,0.02838333739672212,0.0
rollmean2__peptide_mean__P17936,0.028330622229615382,0.0
rollmean2__peptide_count__P41222,0.028327634536529617,0.0
protein_npx__P61916,0.02832698883248184,0.0
lag1__protein_npx__P02749,0.028323708678034472,0.0
delta1__peptide_count__P43121,0.02830918061328835,0.0
slope1__peptide_log__LSSWVLLM(UniMod_35)K,0.028292705075990403,0.0
delta1__peptide_log__LAVYQAGAR,0.028279823290062987,0.0
delta1__peptide_log__LGADM(UniMod_35)EDVC(UniMod_4)GR,0.02826376246528998,0.0
delta1__peptide_std__P00450,0.028250829657155207,0.0
delta1__peptide_count__O75144,0.02824706247843768,0.0
delta1__peptide_log__DSGFQM(UniMod_35)NQLR,0.0282182960918348,0.0
missing__peptide_log__LSSWVLLM(UniMod_35)K,0.028217719903238805,0.0
delta1__protein_npx__P05155,0.028208227444444418,0.0
rollmean2__peptide_std__P13591,0.028169513750416146,0.0
slope1__peptide_log__ADDKETC(UniMod_4)FAEEGK,0.02816390457721014,0.0
delta1__peptide_std__P02750,0.028153390663996698,0.0
lag1__peptide_log__VDNALQSGNSQESVTEQDSKDSTYSLSSTLTLSK,0.028141889218761824,0.0
delta1__peptide_count__P24592,0.028135023517024498,0.0
lag1__protein_npx__P01008,0.028129945317076945,0.0
lag1__peptide_mean__P18065,0.028122463579707654,0.0
slope1__peptide_count__P07998,0.028101994620572033,0.0
peptide_count__Q92520,0.028076803348656865,0.0
lag1__protein_npx__P10645,0.028069539148809646,0.0
delta1__peptide_log__VYC(UniMod_4)DMNTENGGWTVIQNR,0.028031330384418067,0.0
delta1__protein_npx__P36222,0.028028572648221506,0.0
peptide_log__VQPYLDDFQKK,0.02801236608964186,0.0
protein_npx__O75326,0.028011922151665217,0.0
missing__peptide_log__TVVQPSVGAAAGPVVPPC(UniMod_4)PGR,0.028002310069709876,0.0
lag1__peptide_std__P04004,0.02798238486688824,0.0
peptide_mean__Q7Z3B1,0.027973944468300333,0.0
slope1__protein_npx__P08493,0.027965837208430704,0.0
delta1__protein_npx__P17174,0.02795127461919508,0.0
lag1__protein_npx__P61916,0.02794645142621642,0.0
lag1__peptide_mean__Q92520,0.027922744467893647,0.0
slope1__peptide_mean__Q6UXB8,0.02791281443138835,0.0
delta1__peptide_log__LEGQEEEEDNRDSSMK,0.027887810061284955,0.0
missing__protein_npx__P06454,0.027861897147302483,0.0
missing__peptide_count__P06454,0.027861897147302483,0.0
missing__peptide_mean__P06454,0.027861897147302483,0.0
delta1__peptide_std__P01042,0.027861402759646686,0.0
rollmean2__peptide_mean__P30086,0.027820018586796728,0.0
rollmean2__protein_npx__P02649,0.027794829322578887,0.0
missing__peptide_std__O94919,0.02779241225210663,0.0
peptide_count__O94919,0.02779241225210663,0.0
lag1__peptide_std__P02656,0.027776615544630307,0.0
rollmean2__peptide_std__P00738,0.027774899718152387,0.0
peptide_mean__P10645,0.027769630440899105,0.0
delta1__protein_npx__P16152,0.027767369335856443,0.0
peptide_mean__Q13283,0.027728974734636428,0.0
lag1__protein_npx__P13987,0.027721776908321064,0.0
peptide_std__P13591,0.02771763515288983,0.0
delta1__peptide_log__AEAQEAEDQQAR,0.027668107768686855,0.0
peptide_mean__P02774,0.02766202323134278,0.0
slope1__protein_npx__Q6UXB8,0.02764924178315784,0.0
rollmean2__protein_npx__Q02818,0.02763350242181463,0.0
slope1__protein_npx__P40925,0.02761540442927783,0.0
missing__peptide_count__O94919,0.027556054200197713,0.0
missing__protein_npx__O94919,0.027556054200197713,0.0
missing__peptide_mean__O94919,0.027556054200197713,0.0
slope1__peptide_count__P01008,0.027554783666804576,0.0
protein_npx__P07711,0.02754302567827192,0.0
peptide_std__P04433,0.027513787922772346,0.0
lag1__peptide_count__Q9Y6R7,0.027480081934500203,0.0
peptide_count__Q14624,0.027476417413831028,0.0
rollmean2__peptide_std__P02766,0.02745869973044585,0.0
rollmean2__peptide_count__P01008,0.027457443089995027,0.0
protein_npx__Q9BY67,0.02743186028199618,0.0
missing__peptide_log__LGPLVEQGRVR,0.02742961435134084,0.0
peptide_count__P02647,0.0274179397958873,0.0
slope1__peptide_mean__P01834,0.027410118043291333,0.0
slope1__peptide_mean__P13473,0.02739028046613206,0.0
slope1__peptide_count__P02753,0.027384584697646198,0.0
peptide_mean__O94919,0.02736799133298312,0.0
rollmean2__protein_npx__P08133,0.0273416114863769,0.0
protein_npx__P32754,0.027339786223501496,0.0
peptide_log__ILLQGTPVAQMTEDAVDAER,0.027254632404947247,0.0
missing__peptide_log__TKEEYGHSEVVEYYC(UniMod_4)NPR,0.02725360061677809,0.0
rollmean2__peptide_std__P07602,0.02723813250874825,0.0
slope1__protein_npx__P25311,0.027230717919935178,0.0
lag1__peptide_log__YIVSGTPTFVPYLIK,0.027168266293313217,0.0
protein_npx__P02763,0.027148552298260752,0.0
lag1__peptide_mean__P00747,0.02714145712491166,0.0
slope1__peptide_std__P19652,0.027137360631564116,0.0
lag1__peptide_mean__P61916,0.027110899453213468,0.0
slope1__peptide_count__O00533,0.027104954990627764,0.0
missing__peptide_count__P55290,0.0270995199672872,0.0
missing__protein_npx__P55290,0.0270995199672872,0.0
missing__peptide_mean__P55290,0.0270995199672872,0.0
missing__peptide_std__Q14624,0.02709849708217559,0.0
lag1__peptide_std__P51884,0.027088358595214305,0.0
rollmean2__peptide_mean__P00738,0.027072618267669542,0.0
slope1__peptide_std__P09486,0.027038452639564527,0.0
missing__peptide_count__P36980,0.027036347397412133,0.0
missing__protein_npx__P36980,0.027036347397412133,0.0
missing__peptide_mean__P36980,0.027036347397412133,0.0
lag1__peptide_mean__P02452,0.027035906013828645,0.0
delta1__peptide_count__P08493,0.02699631337815516,0.0
slope1__peptide_mean__P00747,0.02698147997892656,0.0
slope1__peptide_log__AVGDKLPEC(UniMod_4)EADDGC(UniMod_4)PKPPEIAHGYVEHSVR,0.02696146393058411,0.0
lag1__peptide_mean__P25311,0.026956557084568372,0.0
lag1__peptide_std__P02787,0.026950801902089865,0.0
peptide_std__P02760,0.026941639092403973,0.0
slope1__peptide_std__P02751,0.026918790767892404,0.0
delta1__protein_npx__P01717,0.026914106693141523,0.0
slope1__peptide_log__SFNRGEC(UniMod_4),0.026863203475596134,0.0
slope1__peptide_mean__Q99435,0.0268598125567025,0.0
delta1__peptide_std__O94919,0.026857769039120807,0.0
peptide_log__QQETAAAETETR,0.02684589352345406,0.0
lag1__protein_npx__Q9UBR2,0.026822909154404113,0.0
slope1__peptide_mean__P01011,0.026816789137072437,0.0
rollmean2__peptide_mean__Q7Z3B1,0.02678310453597311,0.0
peptide_log__VDNALQSGNSQESVTEQDSKDSTYSLSSTLTLSK,0.026768229180651644,0.0
protein_npx__Q08380,0.02673278308772801,0.0
peptide_std__P00734,0.02671814917812581,0.0
delta1__peptide_mean__Q99832,0.026713572432362057,0.0
peptide_mean__P01780,0.026708339422208505,0.0
slope1__peptide_std__P02766,0.02670167586643772,0.0
peptide_log__TTPPVLDSDGSFFLYSR,0.02669635951173256,0.0
peptide_mean__P01861,0.02669635951173256,0.0
lag1__peptide_mean__P07339,0.026672170860783398,0.0
peptide_count__P12109,0.026661181189083314,0.0
lag1__protein_npx__P54289,0.02665757611075604,0.0
peptide_log__LGPLVEQGR,0.02664776627085411,0.0
rollmean2__peptide_mean__P05060,0.02663069570341252,0.0
slope1__peptide_mean__Q14118,0.02662485882788364,0.0
lag1__peptide_log__LGADM(UniMod_35)EDVC(UniMod_4)GR,0.026615047304475146,0.0
peptide_count__P02748,0.026596924309782645,0.0
missing__peptide_log__SFNRGEC(UniMod_4),0.026596799260535885,0.0
slope1__protein_npx__P04156,0.02657047969975491,0.0
rollmean2__peptide_mean__P43121,0.026506757314799005,0.0
rollmean2__protein_npx__P30086,0.026493425961375154,0.0
rollmean2__peptide_count__P27169,0.02644974099850477,0.0
slope1__peptide_mean__Q13332,0.026444024162430708,0.0
protein_npx__P16070,0.026442842859113053,0.0
missing__peptide_std__P54289,0.026416589037432426,0.0
rollmean2__peptide_log__SPVGVQPILNEHTFC(UniMod_4)AGMSK,0.026409649788147145,0.0
slope1__peptide_std__P04075,0.02639592168116126,0.0
lag1__peptide_mean__P08603,0.026392106108592682,0.0
slope1__peptide_mean__P02753,0.026381412413108447,0.0
rollmean2__peptide_count__P06727,0.026345199024811833,0.0
missing__peptide_log__VTLTC(UniMod_4)VAPLSGVDFQLR,0.026333693080242356,0.0
peptide_mean__Q99435,0.026331614387432825,0.0
peptide_std__P07998,0.02631889639637617,0.0
rollmean2__protein_npx__Q8IWV7,0.02630660406039683,0.0
slope1__peptide_count__P00734,0.026293075738257215,0.0
slope1__protein_npx__Q8IWV7,0.026186170838179666,0.0
delta1__peptide_mean__P00450,0.02618481169307703,0.0
slope1__peptide_log__SPVGVQPILNEHTFC(UniMod_4)AGMSK,0.02615352197444372,0.0
delta1__protein_npx__P01008,0.026123954408859788,0.0
rollmean2__peptide_mean__P00751,0.02609848123117083,0.0
lag1__peptide_count__O15394,0.026096206335779967,0.0
lag1__peptide_std__P20774,0.02607687021724643,0.0
rollmean2__protein_npx__P16870,0.02607224545518645,0.0
delta1__peptide_std__P10909,0.026063849242501796,0.0
lag1__peptide_mean__Q99435,0.026060712469844254,0.0
rollmean2__peptide_count__P00738,0.026055718694078526,0.0
delta1__peptide_mean__O00391,0.026049479897005026,0.0
rollmean2__peptide_mean__Q99832,0.026045749809820568,0.0
protein_npx__O60888,0.0260416633707008,0.0
rollmean2__peptide_mean__Q12841,0.026041318809440658,0.0
rollmean2__peptide_log__HGGLYHENMR,0.026023708321499875,0.0
lag1__peptide_count__P01024,0.026022764762081763,0.0
lag1__peptide_log__SEALAVDGAGKPGAEEAQDPEGK,0.02601269845500273,0.0
rollmean2__protein_npx__P01717,0.026004330053808544,0.0
missing__peptide_log__GEVQAMLGQSTEELRVR,0.025990501547502494,0.0
lag1__peptide_std__P02766,0.025963339198611605,0.0
slope1__peptide_log__KQELSEAEQATR,0.025963285248610156,0.0
rollmean2__protein_npx__O60888,0.025949131505944186,0.0
slope1__peptide_log__ANRPFLVFIR,0.025941002938986067,0.0
rollmean2__peptide_mean__Q6UX71,0.025926953240324284,0.0
lag1__peptide_count__P00450,0.025904204673511795,0.0
lag1__peptide_std__P02763,0.025864694441268127,0.0
delta1__protein_npx__P10909,0.025864309611553903,0.0
lag1__peptide_mean__Q13740,0.025856318781610974,0.0
protein_npx__P16870,0.02583560677956946,0.0
lag1__peptide_count__P16870,0.02583139456826741,0.0
peptide_log__GC(UniMod_4)PTEEGC(UniMod_4)GER,0.0258186747181543,0.0
delta1__protein_npx__P13591,0.02579895141589886,0.0
delta1__protein_npx__P06727,0.02579352324148809,0.0
rollmean2__peptide_mean__P08697,0.025787433265752297,0.0
delta1__peptide_count__P54289,0.02578422311570248,0.0
slope1__peptide_log__DASGVTFTWTPSSGK,0.025758898159697542,0.0
lag1__peptide_std__P14314,0.025754032337617073,0.0
missing__peptide_mean__P43251,0.02575152305528579,0.0
missing__peptide_count__P43251,0.02575152305528579,0.0
missing__protein_npx__P43251,0.02575152305528579,0.0
lag1__protein_npx__P30086,0.025726445360257325,0.0
rollmean2__peptide_log__M(UniMod_35)ASGAANVVGPK,0.025716222432898794,0.0
rollmean2__peptide_mean__Q9NYU2,0.025713490692141065,0.0
slope1__peptide_count__Q13740,0.025702175725855498,0.0
protein_npx__P04216,0.025694279249255332,0.0
delta1__protein_npx__Q14508,0.025690863556689612,0.0
peptide_log__LAVYQAGAR,0.025690860036785088,0.0
delta1__peptide_log__QKVEPLRAELQEGAR,0.025674980429303655,0.0
lag1__protein_npx__Q14118,0.025672057352937008,0.0
lag1__protein_npx__P01033,0.025658012057054938,0.0
lag1__peptide_mean__P02751,0.02563208311962355,0.0
delta1__peptide_count__Q9UHG2,0.02562858177814902,0.0
lag1__protein_npx__P11277,0.025601800261334975,0.0
lag1__peptide_mean__P00751,0.025588735746860946,0.0
slope1__peptide_mean__P04211,0.025558773405911856,0.0
lag1__peptide_count__P08493,0.02555307918797324,0.0
delta1__peptide_std__P00441,0.025540525226800854,0.0
slope1__peptide_mean__P07339,0.025537185976266197,0.0
lag1__peptide_mean__Q16270,0.0255367654798272,0.0
slope1__peptide_mean__P02765,0.025531307289105503,0.0
rollmean2__protein_npx__P04075,0.025522129604081168,0.0
lag1__protein_npx__P36222,0.025513857049433056,0.0
lag1__peptide_mean__P05155,0.025501645365180726,0.0
slope1__peptide_count__P01857,0.02546824910150028,0.0
missing__protein_npx__P08253,0.025466149913465387,0.0
missing__peptide_count__P08253,0.025466149913465387,0.0
missing__peptide_mean__P08253,0.025466149913465387,0.0
missing__peptide_count__Q6UX71,0.025464521817389157,0.0
missing__protein_npx__Q6UX71,0.025464521817389157,0.0
missing__peptide_mean__Q6UX71,0.025464521817389157,0.0
rollmean2__protein_npx__P01621,0.025461866468207563,0.0
delta1__peptide_std__Q92520,0.02545222643231257,0.0
rollmean2__protein_npx__P19823,0.0254455223665414,0.0
protein_npx__P36955,0.025444416817933024,0.0
lag1__protein_npx__P19823,0.025427705650505714,0.0
lag1__protein_npx__P43121,0.025407320801720767,0.0
lag1__peptide_std__P07602,0.02534502446418697,0.0
rollmean2__peptide_log__QIGSVYR,0.025325775912529824,0.0
peptide_std__P02787,0.025318727642119183,0.0
lag1__peptide_std__P04217,0.025316421306500088,0.0
missing__peptide_std__P00746,0.025314310714726944,0.0
rollmean2__peptide_count__Q92876,0.025285515695511688,0.0
slope1__peptide_std__P02763,0.02527639636310089,0.0
slope1__peptide_std__P05546,0.02526507698802921,0.0
protein_npx__P13473,0.025261675769719476,0.0
slope1__peptide_count__Q9UBX5,0.025240325515662635,0.0
delta1__protein_npx__P01019,0.02523911090246163,0.0
rollmean2__protein_npx__Q12907,0.025234072714679617,0.0
slope1__peptide_mean__P02774,0.025220216767296112,0.0
slope1__protein_npx__P08603,0.025199475039068005,0.0
lag1__protein_npx__O43505,0.025198090250071886,0.0
delta1__peptide_std__P07225,0.025180610253884926,0.0
delta1__peptide_std__P00736,0.025163533584623185,0.0
lag1__peptide_mean__P07195,0.02514967565372697,0.0
slope1__protein_npx__P07333,0.02511638182416424,0.0
missing__peptide_std__Q9Y6R7,0.025113297505264295,0.0
lag1__peptide_log__GC(UniMod_4)PTEEGC(UniMod_4)GER,0.025105025889767575,0.0
slope1__protein_npx__P07998,0.02508292589296207,0.0
peptide_std__P05090,0.02507386866027845,0.0
peptide_std__P19652,0.025051899597727807,0.0
lag1__peptide_mean__Q12805,0.025043491430332968,0.0
rollmean2__protein_npx__Q9UKV8,0.0250303310793056,0.0
rollmean2__peptide_log__AVLPTGDVIGDSAK,0.025021424809417655,0.0
rollmean2__peptide_mean__P08571,0.025019509300262414,0.0
slope1__protein_npx__P02763,0.02501387685236828,0.0
slope1__protein_npx__P51884,0.025002534620169648,0.0
delta1__peptide_mean__P07195,0.02500159886457244,0.0
rollmean2__peptide_log__VMPIC(UniMod_4)LPSKDYAEVGR,0.02498605879677039,0.0
delta1__peptide_mean__P01591,0.02496938600628092,0.0
rollmean2__peptide_log__LSSWVLLM(UniMod_35)K,0.02496914938606319,0.0
lag1__peptide_mean__P14618,0.02496188114239019,0.0
missing__protein_npx__Q9HDC9,0.024953509913343146,0.0
missing__peptide_count__Q9HDC9,0.024953509913343146,0.0
missing__peptide_mean__Q9HDC9,0.024953509913343146,0.0
missing__peptide_log__VLLDQLR,0.024953509913343146,0.0
slope1__peptide_count__P02751,0.024951125882299228,0.0
lag1__peptide_std__P09486,0.024947929133445797,0.0
delta1__peptide_mean__P16870,0.02493983174688042,0.0
slope1__peptide_mean__P19823,0.02493061473091961,0.0
slope1__protein_npx__P06681,0.024917203238059592,0.0
peptide_log__SWFEPLVEDM(UniMod_35)QR,0.024911756064063262,0.0
rollmean2__peptide_std__P04433,0.024890343236460433,0.0
delta1__current_updrs_4,0.024887774445880313,0.0
slope1__peptide_log__VC(UniMod_4)PFAGILENGAVR,0.024852669730220718,0.0
peptide_std__P01877,0.024846978826480855,0.0
lag1__peptide_count__P19823,0.024846054976079706,0.0
protein_npx__P07195,0.024844781619024092,0.0
rollmean2__peptide_std__P00734,0.02484361170512003,0.0
slope1__peptide_log__WELALGR,0.024842063824084562,0.0
protein_npx__P01033,0.02483578154516502,0.0
missing__peptide_log__VKDLATVYVDVLK,0.024825860838704035,0.0
peptide_count__P08493,0.024811598435731438,0.0
rollmean2__protein_npx__O14773,0.024798288792245726,0.0
peptide_mean__Q9BY67,0.024796107685479546,0.0
slope1__peptide_mean__P02766,0.024778888430982898,0.0
slope1__peptide_mean__P02671,0.02475083060206551,0.0
rollmean2__peptide_mean__P16035,0.024739042492229725,0.0
peptide_log__QKVEPLRAELQEGAR,0.024729850894274142,0.0
rollmean2__peptide_mean__Q99969,0.02471190507665592,0.0
delta1__peptide_std__P02753,0.024694339955403658,0.0
lag1__peptide_log__IMNGEADAMSLDGGFVYIAGK,0.024690973115079173,0.0
rollmean2__peptide_std__Q16270,0.024678857355839,0.0
slope1__peptide_std__P20774,0.02467372645719671,0.0
slope1__peptide_std__P54289,0.024672375503902232,0.0
slope1__protein_npx__P07858,0.02467096359632889,0.0
delta1__peptide_std__P02766,0.024668622432505945,0.0
peptide_log__TQVNTQAEQLRR,0.024659001584567488,0.0
slope1__peptide_count__Q92823,0.024653629805608587,0.0
peptide_mean__P07339,0.024651354927193926,0.0
protein_npx__P02751,0.024648050755896437,0.0
delta1__peptide_log__NPDPWAK,0.02462204462596308,0.0
rollmean2__peptide_mean__P01008,0.02462025477625439,0.0
lag1__peptide_std__P01008,0.02461739001496056,0.0
slope1__protein_npx__Q16610,0.02457131508025783,0.0
rollmean2__peptide_log__ANRPFLVFIR,0.02456048323108978,0.0
rollmean2__peptide_std__Q12805,0.0245462013255695,0.0
delta1__peptide_std__P04004,0.0245406692984107,0.0
slope1__peptide_log__AVLPTGDVIGDSAK,0.02453396016719406,0.0
protein_npx__P05067,0.024513453251538708,0.0
lag1__peptide_log__VTLTC(UniMod_4)VAPLSGVDFQLR,0.02451344316509429,0.0
delta1__peptide_count__Q9NQ79,0.024492639438395414,0.0
rollmean2__peptide_std__P02760,0.02448956808715824,0.0
slope1__peptide_std__Q9UHG2,0.024485189204720297,0.0
rollmean2__protein_npx__P16070,0.024473712281566938,0.0
peptide_std__P00747,0.024468938291860177,0.0
rollmean2__peptide_mean__Q8NE71,0.024467171582372427,0.0
slope1__protein_npx__P39060,0.02444140792792601,0.0
missing__peptide_log__TSAHGNVAEGETKPDPDVTER,0.024441250192905502,0.0
peptide_count__O00533,0.02442993523407484,0.0
delta1__peptide_mean__P00751,0.02442863666783144,0.0
lag1__peptide_mean__O94919,0.02441915567935156,0.0
slope1__protein_npx__P13521,0.02441914679792757,0.0
lag1__protein_npx__P00736,0.024415064571158242,0.0
protein_npx__P01024,0.02438656823026814,0.0
slope1__peptide_mean__Q8NE71,0.024346400233667076,0.0
delta1__protein_npx__P01033,0.024311036258311467,0.0
delta1__protein_npx__P01344,0.024309668891533954,0.0
missing__peptide_std__P05156,0.024292687876228,0.0
slope1__protein_npx__P43121,0.02428970679694943,0.0
delta1__protein_npx__P05452,0.02428357872057512,0.0
lag1__peptide_mean__P61626,0.02426122305000407,0.0
protein_npx__O43505,0.024259717092739413,0.0
rollmean2__protein_npx__P01034,0.02424908401917395,0.0
slope1__peptide_mean__Q9UNU6,0.024247743299009392,0.0
delta1__peptide_mean__Q12907,0.024222305312010427,0.0
slope1__peptide_std__P06396,0.02421962625099584,0.0
delta1__peptide_mean__P04433,0.024202133786528208,0.0
rollmean2__protein_npx__Q16270,0.024201485179546733,0.0
slope1__peptide_std__P25311,0.024158121500470014,0.0
peptide_mean__Q14515,0.02412494080365312,0.0
delta1__protein_npx__P01023,0.024123432924383695,0.0
missing__peptide_mean__P49908,0.024097045388116838,0.0
missing__peptide_count__P49908,0.024097045388116838,0.0
missing__protein_npx__P49908,0.024097045388116838,0.0
rollmean2__protein_npx__Q15904,0.024073885993322094,0.0
peptide_mean__Q99832,0.024071035269161514,0.0
lag1__peptide_mean__P30086,0.024064182491775138,0.0
slope1__protein_npx__P23142,0.024057241342940197,0.0
slope1__protein_npx__Q15904,0.02404843272528654,0.0
rollmean2__peptide_log__LC(UniMod_4)MGSGLNLC(UniMod_4)EPNNKEGYYGYTGAFR,0.02404627592085748,0.0
peptide_std__Q16270,0.02403572685356665,0.0
peptide_log__NFPPSQDASGDLYTTSSQLTLPATQC(UniMod_4)PDGK,0.024018444371990286,0.0
slope1__protein_npx__O60888,0.02396049236676782,0.0
slope1__protein_npx__P04075,0.023955443505709852,0.0
lag1__peptide_log__AATGEC(UniMod_4)TATVGKR,0.023927102179410013,0.0
rollmean2__peptide_log__KQELSEAEQATR,0.02388895163616217,0.0
slope1__peptide_mean__P36222,0.02387723206379911,0.0
lag1__peptide_log__VQPYLDDFQKK,0.0238724970054777,0.0
delta1__protein_npx__Q16610,0.02386080101135958,0.0
rollmean2__protein_npx__Q9NYU2,0.023845605639614884,0.0
lag1__peptide_count__P02763,0.023833831215809134,0.0
delta1__peptide_count__P01860,0.023824393729499054,0.0
rollmean2__protein_npx__P00751,0.02382262627475947,0.0
slope1__protein_npx__P07225,0.02381993702058456,0.0
rollmean2__peptide_count__P08571,0.023817412882963216,0.0
delta1__protein_npx__P19827,0.023798747048968266,0.0
missing__protein_npx__P01033,0.023791589569889506,0.0
missing__peptide_count__P01033,0.023791589569889506,0.0
missing__peptide_mean__P01033,0.023791589569889506,0.0
protein_npx__P10643,0.023790016247445225,0.0
slope1__peptide_log__LEGQEEEEDNRDSSMK,0.023779493997460745,0.0
delta1__peptide_log__SEALAVDGAGKPGAEEAQDPEGK,0.023777036770540577,0.0
slope1__protein_npx__P55290,0.023747757418705495,0.0
rollmean2__peptide_mean__Q9HDC9,0.023723566346283944,0.0
rollmean2__peptide_log__VLLDQLR,0.023723566346283944,0.0
slope1__peptide_std__P30086,0.023714169487277587,0.0
rollmean2__peptide_mean__Q8N2S1,0.02370038936762078,0.0
protein_npx__Q14508,0.023697284679426917,0.0
protein_npx__Q9Y6R7,0.02369041800982931,0.0
peptide_count__P54289,0.02368970591769657,0.0
rollmean2__peptide_mean__O00391,0.023686490128222753,0.0
peptide_mean__P04180,0.023682804548097194,0.0
peptide_count__Q13740,0.02368141558484344,0.0
missing__peptide_log__FNKPFVFLM(UniMod_35)IEQNTK,0.02367946975815492,0.0
protein_npx__P24592,0.02367672578457185,0.0
slope1__protein_npx__P05155,0.023675770127654223,0.0
rollmean2__protein_npx__P61278,0.023673202526935225,0.0
lag1__peptide_mean__P36980,0.02366242236083704,0.0
lag1__peptide_mean__P19823,0.0236551060755646,0.0
rollmean2__peptide_log__SFNRGEC(UniMod_4),0.023653780346504377,0.0
slope1__peptide_mean__P02790,0.023645179288267967,0.0
delta1__protein_npx__Q9UKV8,0.023644722955936625,0.0
slope1__protein_npx__P06310,0.023637618148295382,0.0
peptide_mean__P13521,0.02363374909108093,0.0
rollmean2__peptide_std__P00747,0.023633385149919327,0.0
missing__peptide_mean__P14314,0.02362906101002212,0.0
missing__protein_npx__P14314,0.02362906101002212,0.0
missing__peptide_count__P14314,0.02362906101002212,0.0
lag1__peptide_log__C(UniMod_4)RDQLPYIC(UniMod_4)QFGIV,0.02362514256279029,0.0
delta1__peptide_log__EDSLEAGLPLQVR,0.02360398589231595,0.0
lag1__peptide_std__P01860,0.02358857485844608,0.0
rollmean2__protein_npx__P01031,0.023579730790289074,0.0
slope1__peptide_mean__P08133,0.023571012378601902,0.0
slope1__peptide_mean__P02787,0.023566473724888338,0.0
slope1__peptide_std__P02649,0.023552781127988476,0.0
delta1__peptide_mean__P13611,0.02354266504661777,0.0
rollmean2__peptide_count__P16870,0.02353262238345282,0.0
slope1__peptide_log__LC(UniMod_4)MGSGLNLC(UniMod_4)EPNNKEGYYGYTGAFR,0.023522850284343977,0.0
peptide_std__P07339,0.023513842437016246,0.0
delta1__peptide_mean__P18065,0.023472843761565918,0.0
lag1__protein_npx__Q6UXD5,0.023471857387467415,0.0
delta1__protein_npx__P01031,0.023462570211541432,0.0
rollmean2__protein_npx__P02647,0.02345945220009321,0.0
rollmean2__peptide_std__P05090,0.02345740485010432,0.0
lag1__protein_npx__P41222,0.023434089454516742,0.0
slope1__current_updrs_2,0.02341953863863195,0.0
delta1__peptide_mean__P01008,0.023415344557714393,0.0
peptide_mean__P08571,0.02337899475292986,0.0
lag1__peptide_mean__P01033,0.023373926457251688,0.0
delta1__peptide_mean__P23142,0.023373057817486765,0.0
lag1__peptide_mean__P02792,0.0233635257938187,0.0
delta1__peptide_mean__P61769,0.023345723044660944,0.0
protein_npx__Q96S96,0.023342383858592865,0.0
delta1__peptide_mean__P10645,0.023318852886694896,0.0
rollmean2__peptide_std__P08603,0.0233017699916966,0.0
delta1__peptide_count__P01009,0.023296188211085256,0.0
rollmean2__peptide_count__P01023,0.023284582669304166,0.0
slope1__protein_npx__P17174,0.02327227884675071,0.0
lag1__protein_npx__P01876,0.02325956006724126,0.0
slope1__peptide_log__TQVNTQAEQLRR,0.0232586837575194,0.0
rollmean2__peptide_log__TDASDVKPC(UniMod_4),0.023246706799973368,0.0
lag1__peptide_mean__P13987,0.023243831306341407,0.0
lag1__peptide_mean__P43652,0.02321541363534399,0.0
lag1__peptide_mean__P06310,0.023195334703073008,0.0
lag1__months_since_prev_visit,0.023158453921648482,0.0
delta1__protein_npx__P02790,0.023156225393849122,0.0
peptide_mean__P61769,0.02313992519698611,0.0
rollmean2__peptide_count__P01877,0.02313897277933423,0.0
delta1__peptide_std__P19823,0.023131204834062773,0.0
rollmean2__peptide_abundance_max,0.02312986085014119,0.0
delta1__protein_npx__Q6UXD5,0.02309662199614595,0.0
delta1__peptide_mean__Q96S96,0.023077555076536516,0.0
peptide_log__SPVGVQPILNEHTFC(UniMod_4)AGMSK,0.023066982887272637,0.0
rollmean2__peptide_log__C(UniMod_4)C(UniMod_4)VEC(UniMod_4)PPC(UniMod_4)PAPPVAGPSVFLFPPKPK,0.02304662378830445,0.0
delta1__peptide_log__TPLGDTTHTC(UniMod_4)PR,0.023040587214975258,0.0
lag1__peptide_count__Q16610,0.023040321372191235,0.0
slope1__protein_npx__P54289,0.02303318361104873,0.0
lag1__protein_npx__P24592,0.02302502599072922,0.0
lag1__protein_npx__Q13451,0.023024285763882758,0.0
slope1__peptide_std__O15240,0.02302256518182888,0.0
delta1__protein_npx__P10451,0.0230220820113429,0.0
delta1__peptide_mean__P02753,0.023001746037108067,0.0
lag1__peptide_std__P01009,0.02300059197878722,0.0
delta1__protein_npx__P20774,0.02300004958039767,0.0
rollmean2__peptide_mean__P05090,0.02299906480323915,0.0
rollmean2__peptide_log__QKVEPLRAELQEGAR,0.022995408047786502,0.0
lag1__peptide_log__VKDLATVYVDVLK,0.022983980009804096,0.0
slope1__peptide_mean__P08637,0.02297487422776038,0.0
slope1__peptide_mean__P05408,0.022970102632475516,0.0
peptide_log__KVEQAVETEPEPELR,0.02293081085093667,0.0
lag1__peptide_log__LGPLVEQGRVR,0.02292389266886908,0.0
lag1__peptide_std__P08697,0.02290561290213943,0.0
missing__peptide_std__P19652,0.0228974254855434,0.0
rollmean2__peptide_count__P30086,0.022892533256948847,0.0
rollmean2__protein_npx__P13473,0.02288835572950921,0.0
missing__peptide_log__GEVQAMLGQSTEELR,0.022883690703325844,0.0
delta1__protein_npx__O00533,0.02287013527857262,0.0
lag1__peptide_mean__P43251,0.022852397021067308,0.0
protein_npx__P08571,0.022846320119962998,0.0
rollmean2__protein_npx__O00533,0.02284463525132571,0.0
rollmean2__protein_npx__P04207,0.0228418135344486,0.0
delta1__peptide_mean__Q96KN2,0.02283267572809495,0.0
delta1__peptide_mean__P10643,0.02281672054262229,0.0
rollmean2__peptide_std__P01024,0.02280559223441681,0.0
missing__peptide_log__HGGLYHENMR,0.0227804485101646,0.0
lag1__peptide_log__DSGEGDFLAEGGGVR,0.022772368102348374,0.0
missing__peptide_std__Q14118,0.022771785320379115,0.0
peptide_mean__Q6UXD5,0.022762125282906047,0.0
slope1__peptide_mean__Q8N2S1,0.022753772952402787,0.0
lag1__peptide_count__P01023,0.022749748272701455,0.0
delta1__protein_npx__Q92823,0.022749007841430406,0.0
peptide_mean__P13473,0.02274859591750346,0.0
delta1__protein_npx__Q9UBR2,0.022738553050613623,0.0
lag1__peptide_abundance_min,0.02272027426565934,0.0
slope1__peptide_log__C(UniMod_4)VDVDEC(UniMod_4)APPAEPC(UniMod_4)GK,0.02270527193386153,0.0
lag1__peptide_mean__O43505,0.022703303928402998,0.0
peptide_mean__P02655,0.022695153369894583,0.0
protein_npx__P00738,0.022680120303865896,0.0
peptide_count__P01834,0.022644982263035254,0.0
delta1__protein_npx__Q9Y646,0.022637646171996068,0.0
rollmean2__peptide_mean__Q9BY67,0.022633166057871825,0.0
slope1__peptide_mean__P04004,0.022621710196426302,0.0
slope1__peptide_log__AEAQEAEDQQAR,0.022592816578045353,0.0
slope1__peptide_log__QNC(UniMod_4)ELFEQLGEYK,0.02258777760799855,0.0
slope1__peptide_count__P01034,0.02258121423864732,0.0
slope1__protein_npx__P00738,0.022577493991566857,0.0
delta1__peptide_mean__Q99674,0.022573119084453967,0.0
delta1__protein_npx__Q99832,0.022560050186367225,0.0
slope1__protein_npx__P00746,0.02254490575951868,0.0
protein_npx__P61769,0.02251269135892571,0.0
rollmean2__peptide_mean__P10645,0.022512051969508548,0.0
peptide_std__P04217,0.022501348608934452,0.0
delta1__peptide_count__P02647,0.02249940086050406,0.0
peptide_std__P04196,0.02247777926980291,0.0
missing__peptide_count__Q13449,0.02245514647445502,0.0
missing__peptide_mean__Q13449,0.02245514647445502,0.0
missing__protein_npx__Q13449,0.02245514647445502,0.0
protein_npx__P49908,0.022443779783031442,0.0
rollmean2__peptide_mean__P07339,0.022438888702163737,0.0
slope1__peptide_mean__P07711,0.02243069731113608,0.0
delta1__protein_npx__P17936,0.022425271969827465,0.0
lag1__peptide_mean__P20933,0.02241932056960509,0.0
slope1__protein_npx__P05156,0.022392345870229542,0.0
rollmean2__peptide_mean__P04216,0.0223868427109472,0.0
rollmean2__peptide_mean__Q14515,0.022385749638031333,0.0
rollmean2__peptide_mean__Q12805,0.022379374338162613,0.0
lag1__peptide_count__P02649,0.022372400309018194,0.0
protein_npx__P05156,0.022370329499631147,0.0
lag1__peptide_log__LC(UniMod_4)MGSGLNLC(UniMod_4)EPNNKEGYYGYTGAFR,0.022365646859173634,0.0
missing__peptide_log__SWFEPLVEDM(UniMod_35)QR,0.02236118709463125,0.0
peptide_log__TPLGDTTHTC(UniMod_4)PR,0.02235879979101662,0.0
delta1__protein_npx__P04075,0.022358490147465555,0.0
rollmean2__peptide_mean__P07195,0.0223483198263125,0.0
peptide_count__P02765,0.022322390848138512,0.0
slope1__peptide_mean__P02763,0.022292386490567733,0.0
missing__peptide_log__NPDPWAK,0.022280421474508292,0.0
lag1__peptide_std__P24592,0.022278915458971017,0.0
peptide_mean__P02747,0.02227111481914042,0.0
peptide_mean__P00738,0.022261599153373574,0.0
rollmean2__peptide_mean__P61769,0.022253007211560576,0.0
delta1__protein_npx__P09486,0.02225006669576996,0.0
protein_npx__P31997,0.02223391572535324,0.0
peptide_std__P10645,0.022216142621464242,0.0
lag1__peptide_mean__P02765,0.022215582713351268,0.0
lag1__peptide_mean__Q14118,0.02216446616941946,0.0
delta1__peptide_log__LIADLGSTSITNLGFR,0.022148695160289243,0.0
lag1__peptide_mean__P01857,0.02213461281129037,0.0
peptide_mean__P08697,0.022114521397181508,0.0
delta1__peptide_mean__P01344,0.02211021342880875,0.0
delta1__protein_npx__P12109,0.022108833798754564,0.0
rollmean2__peptide_mean__P51884,0.02209002425826486,0.0
lag1__peptide_mean__P11142,0.022077668905206186,0.0
slope1__peptide_mean__P01857,0.022068210835223024,0.0
rollmean2__peptide_log__VKDLATVYVDVLK,0.022055869837502084,0.0
delta1__peptide_count__P02748,0.02204966259859554,0.0
lag1__protein_npx__P40925,0.022046003985112587,0.0
rollmean2__peptide_std__P02679,0.022044801188129452,0.0
slope1__protein_npx__P43652,0.022028778025087976,0.0
slope1__peptide_std__P00734,0.022022964586753766,0.0
slope1__peptide_count__P24592,0.021994435992737805,0.0
lag1__peptide_std__P19652,0.02198491139056971,0.0
slope1__protein_npx__P10643,0.021980137539686334,0.0
missing__peptide_log__C(UniMod_4)C(UniMod_4)VEC(UniMod_4)PPC(UniMod_4)PAPPVAGPSVFLFPPKPK,0.021976099608139173,0.0
lag1__peptide_log__QKVEPLRAELQEGAR,0.021971591925777995,0.0
delta1__peptide_std__P02751,0.02193641505497832,0.0
slope1__peptide_count__Q16270,0.021923865206005214,0.0
peptide_mean__P61916,0.02191568688977137,0.0
lag1__peptide_count__P02760,0.02190951503623224,0.0
delta1__peptide_count__P39060,0.021902568072855053,0.0
slope1__peptide_mean__P04196,0.021897881027056865,0.0
rollmean2__protein_npx__P05408,0.021878579818072164,0.0
slope1__peptide_mean__P00738,0.021869312372651686,0.0
missing__peptide_mean__Q99829,0.021860439126766055,0.0
missing__peptide_count__Q99829,0.021860439126766055,0.0
missing__protein_npx__Q99829,0.021860439126766055,0.0
missing__peptide_mean__Q9UKV8,0.021850747821215627,0.0
missing__peptide_count__Q9UKV8,0.021850747821215627,0.0
missing__protein_npx__Q9UKV8,0.021850747821215627,0.0
missing__peptide_std__Q9NQ79,0.02184298243637685,0.0
slope1__peptide_mean__Q14624,0.021842575615561553,0.0
slope1__protein_npx__P02652,0.02183770319274708,0.0
missing__peptide_std__P27169,0.021811395618847988,0.0
peptide_log__TKEEYGHSEVVEYYC(UniMod_4)NPR,0.021806663055675017,0.0
peptide_log__FM(UniMod_35)ETVAEK,0.021778481489275657,0.0
missing__protein_npx__Q12907,0.021763553712049095,0.0
missing__peptide_mean__Q12907,0.021763553712049095,0.0
missing__peptide_count__Q12907,0.021763553712049095,0.0
rollmean2__protein_npx__Q9BY67,0.021758715145872472,0.0
missing__peptide_mean__O14773,0.021757224807082986,0.0
missing__protein_npx__O14773,0.021757224807082986,0.0
missing__peptide_count__O14773,0.021757224807082986,0.0
rollmean2__protein_npx__P43652,0.021749188076501696,0.0
protein_npx__P19652,0.021742197006495993,0.0
peptide_count__Q9NQ79,0.02174092177645293,0.0
lag1__peptide_mean__O00391,0.02174074139392106,0.0
delta1__peptide_std__P02787,0.021722364036970195,0.0
lag1__peptide_mean__P02748,0.02171375556557712,0.0
slope1__peptide_mean__P05452,0.02169593906809429,0.0
slope1__peptide_count__P07602,0.02167709549358363,0.0
peptide_mean__P23142,0.021674785027772456,0.0
delta1__peptide_log__MTVTDQVNC(UniMod_4)PK,0.02161818785801722,0.0
protein_npx__P06310,0.021607960160471354,0.0
peptide_abundance_min,0.021601145801234345,0.0
delta1__peptide_mean__P14618,0.02160001565450213,0.0
delta1__protein_npx__Q99674,0.021571026340270954,0.0
lag1__peptide_mean__P02763,0.02156519454035309,0.0
lag1__peptide_log__MASGAANVVGPK,0.021564817265674448,0.0
peptide_std__Q14515,0.02156475441329106,0.0
slope1__protein_npx__P02760,0.021564570078040166,0.0
rollmean2__peptide_mean__Q99435,0.021563339323482873,0.0
lag1__protein_npx__P51884,0.021527225196072967,0.0
slope1__peptide_log__TLLSNLEEAKK,0.021527139465232263,0.0
missing__protein_npx__P61626,0.021518802074613434,0.0
missing__peptide_mean__P61626,0.021518802074613434,0.0
missing__peptide_count__P61626,0.021518802074613434,0.0
peptide_std__P14618,0.021505815742319856,0.0
lag1__peptide_mean__P02749,0.021500709863336506,0.0
delta1__peptide_std__P02647,0.021499238126699582,0.0
slope1__peptide_log__GEVQAMLGQSTEELRVR,0.02148480265966946,0.0
delta1__protein_npx__P04275,0.021474162854979287,0.0
rollmean2__peptide_mean__P61278,0.021452911420784548,0.0
rollmean2__peptide_log__SLAAAAGKQELAK,0.021452911420784548,0.0
lag1__peptide_std__P06396,0.021452251376989414,0.0
delta1__peptide_log__SPVGVQPILNEHTFC(UniMod_4)AGMSK,0.021450629226930425,0.0
missing__peptide_log__QKVEPLRAELQEGAR,0.021440392449372795,0.0
peptide_std__P30086,0.02142431796591743,0.0
delta1__peptide_count__P27169,0.021407695586407854,0.0
slope1__peptide_mean__P01608,0.02140742775925254,0.0
rollmean2__peptide_log__HYTNPSQDVTVPC(UniMod_4)PVPPPPPC(UniMod_4)C(UniMod_4)HPR,0.021395631070946816,0.0
rollmean2__peptide_mean__P05546,0.02138843256884783,0.0
delta1__peptide_std__P04433,0.02138381533985839,0.0
rollmean2__protein_npx__P05452,0.02134795684506788,0.0
missing__peptide_count__Q13451,0.02133257623783871,0.0
missing__protein_npx__Q13451,0.02133257623783871,0.0
missing__peptide_mean__Q13451,0.02133257623783871,0.0
protein_npx__O14773,0.021316462800529304,0.0
peptide_count__P06396,0.021311099679924395,0.0
slope1__peptide_std__P01860,0.021310159209405835,0.0
slope1__protein_npx__P36955,0.021300726829041196,0.0
delta1__protein_npx__Q92876,0.02128196839847046,0.0
protein_npx__P02652,0.021222582926129142,0.0
peptide_std__Q92520,0.021218081521527224,0.0
slope1__peptide_count__P02652,0.021193651638539483,0.0
slope1__peptide_std__P02671,0.021184346672174486,0.0
delta1__peptide_mean__P30086,0.02117171898124287,0.0
lag1__peptide_log__FLATTPNSLLVSWQPPR,0.021170173968207612,0.0
protein_npx__P23083,0.021169844213871806,0.0
peptide_count__P02649,0.02114297869321459,0.0
delta1__peptide_mean__P01042,0.021125165779774285,0.0
slope1__peptide_mean__O15240,0.02112426077038498,0.0
rollmean2__peptide_log__VTSIQDWVQK,0.02112195868050701,0.0
slope1__peptide_std__P06727,0.021117268181935555,0.0
slope1__protein_npx__P01833,0.021107099304660353,0.0
rollmean2__peptide_mean__P60174,0.021089841941500927,0.0
rollmean2__peptide_mean__P07998,0.02108807995310761,0.0
lag1__peptide_mean__Q13332,0.021065899669996425,0.0
protein_npx__Q12805,0.021064868150943758,0.0
slope1__peptide_mean__P08123,0.021059302890215684,0.0
rollmean2__peptide_count__Q6UXB8,0.02104847419973553,0.0
missing__peptide_log__AATVGSLAGQPLQER,0.02104113371710666,0.0
protein_npx__P01860,0.021038326948505846,0.0
rollmean2__peptide_std__P43652,0.021019022607492225,0.0
lag1__peptide_std__P02452,0.021016542521377787,0.0
rollmean2__peptide_mean__P61626,0.021009706020344077,0.0
lag1__peptide_mean__P19021,0.020990140358132445,0.0
lag1__peptide_mean__Q13451,0.02097719196547973,0.0
delta1__peptide_count__Q08380,0.02097519593656756,0.0
protein_npx__P02760,0.020967567047310454,0.0
lag1__peptide_mean__O00584,0.020965276422571504,0.0
lag1__protein_npx__P02679,0.020964644703455545,0.0
delta1__protein_npx__P02655,0.0209482559697462,0.0
delta1__protein_npx__P05060,0.02092356045590021,0.0
rollmean2__protein_npx__O43505,0.020895019014499472,0.0
peptide_mean__P49908,0.02089173001680845,0.0
rollmean2__peptide_std__Q92876,0.020872107959321547,0.0
delta1__peptide_std__P06396,0.020850014678032165,0.0
peptide_mean__P11277,0.020823014533562712,0.0
lag1__protein_npx__Q13332,0.02080225241051105,0.0
missing__peptide_std__P12109,0.02079590641523618,0.0
rollmean2__peptide_mean__P01019,0.020788997127369136,0.0
delta1__protein_npx__O14791,0.02078095873968191,0.0
slope1__peptide_mean__P61769,0.020779783636151367,0.0
lag1__protein_npx__Q16610,0.020777927360120803,0.0
lag1__peptide_mean__Q08380,0.02076634265132968,0.0
rollmean2__peptide_std__P10645,0.020752311155259415,0.0
slope1__peptide_std__Q12841,0.020747483847167677,0.0
peptide_mean__Q12907,0.020747235405541173,0.0
missing__peptide_count__P39060,0.020745118869381515,0.0
missing__protein_npx__P39060,0.020745118869381515,0.0
missing__peptide_mean__P39060,0.020745118869381515,0.0
lag1__peptide_count__P06396,0.020732654598024487,0.0
delta1__peptide_mean__Q12841,0.02071483025085904,0.0
rollmean2__peptide_mean__P02452,0.020706087801861887,0.0
slope1__protein_npx__P19827,0.02070254331656117,0.0
delta1__peptide_std__P02679,0.02070170108321088,0.0
lag1__peptide_count__P16035,0.02069841745387698,0.0
peptide_count__Q12841,0.020694635548540816,0.0
slope1__protein_npx__P01857,0.020684538171856087,0.0
peptide_count__P00746,0.020681668317338756,0.0
delta1__peptide_count__P02679,0.020674125280922346,0.0
peptide_mean__P06396,0.02067220660118084,0.0
peptide_count__P02768,0.02065881599730267,0.0
peptide_log__VLLDQLR,0.02063644120143501,0.0
peptide_mean__Q9HDC9,0.02063644120143501,0.0
slope1__peptide_mean__P01861,0.020626598977879138,0.0
slope1__peptide_log__TTPPVLDSDGSFFLYSR,0.020626598977879138,0.0
lag1__peptide_std__P02675,0.02057393959313594,0.0
delta1__protein_npx__P61626,0.020572711297608057,0.0
peptide_std__P00441,0.02056848869180438,0.0
rollmean2__peptide_mean__P39060,0.020547607009505246,0.0
delta1__peptide_std__Q9UHG2,0.020535598509346106,0.0
lag1__peptide_count__O14773,0.020526625492393064,0.0
protein_npx__Q8N2S1,0.020521488164031505,0.0
rollmean2__protein_npx__P02792,0.020512530127589183,0.0
lag1__protein_npx__P09486,0.02050874821295252,0.0
delta1__protein_npx__P13987,0.020501714425451126,0.0
lag1__peptide_std__P01857,0.02049970727568094,0.0
slope1__peptide_mean__P02452,0.02049935808251975,0.0
protein_npx__Q9UKV8,0.020487117896979806,0.0
lag1__peptide_count__P00738,0.020484890974397443,0.0
slope1__peptide_log__KVEQAVETEPEPELR,0.020484535211647104,0.0
rollmean2__protein_npx__P02656,0.02048329947145289,0.0
lag1__protein_npx__P00441,0.020483054964449007,0.0
peptide_log__RTPITVVK,0.020468396079764875,0.0
protein_npx__P01833,0.020431702466612498,0.0
lag1__protein_npx__Q92876,0.020431096012176894,0.0
lag1__peptide_mean__P05546,0.02041402413665088,0.0
peptide_std__P02763,0.020403036478572757,0.0
slope1__peptide_log__KFPSGTFEQVSQLVK,0.020399698816231722,0.0
peptide_log__VTSIQDWVQK,0.020396002348271124,0.0
delta1__protein_npx__Q9NQ79,0.020378969658462164,0.0
rollmean2__peptide_mean__P49908,0.020362419745544022,0.0
delta1__peptide_count__P08571,0.020349280764643707,0.0
delta1__peptide_log__FLATTPNSLLVSWQPPR,0.02034336135517863,0.0
slope1__peptide_mean__O43505,0.020329892540075986,0.0
protein_npx__P00736,0.020323365245924135,0.0
lag1__protein_npx__P61626,0.020309284186072925,0.0
rollmean2__peptide_log__RTPITVVK,0.02029895549727687,0.0
peptide_mean__P04433,0.020286313872626346,0.0
rollmean2__peptide_count__P13591,0.020281073391127925,0.0
slope1__protein_npx__Q99683,0.020269000660906457,0.0
slope1__peptide_std__Q12805,0.020267203220591595,0.0
lag1__protein_npx__P02747,0.020266394265670607,0.0
delta1__peptide_count__Q14515,0.02023899505416094,0.0
delta1__peptide_mean__P01833,0.020234569765978302,0.0
peptide_std__P02747,0.02021100897263298,0.0
peptide_count__P41222,0.020209666878387444,0.0
delta1__peptide_mean__Q7Z5P9,0.02020610190023854,0.0
lag1__peptide_std__P02760,0.020200120385998936,0.0
protein_npx__P08123,0.020190589597468365,0.0
slope1__peptide_mean__P00736,0.020186918656544983,0.0
slope1__protein_npx__Q92823,0.02018306820858489,0.0
slope1__peptide_mean__P13611,0.020173393188726328,0.0
peptide_mean__P02750,0.020171865696435972,0.0
delta1__peptide_mean__P04156,0.020157773800226243,0.0
peptide_mean__P08603,0.020132970071577147,0.0
rollmean2__peptide_std__P02790,0.020132548014781215,0.0
peptide_mean__Q99969,0.020127958960541963,0.0
delta1__peptide_count__Q9Y6R7,0.020122762070602054,0.0
rollmean2__protein_npx__Q96PD5,0.020089991481349097,0.0
lag1__peptide_std__P10643,0.020081128935110465,0.0
lag1__protein_npx__P04216,0.020079059501944163,0.0
rollmean2__peptide_std__Q9Y6R7,0.020073466664608287,0.0
lag1__protein_npx__P02787,0.020061260540622614,0.0
protein_npx__P02649,0.020059750013714427,0.0
delta1__peptide_mean__Q92876,0.0200416131331792,0.0
delta1__peptide_count__P01042,0.020031209160479176,0.0
rollmean2__protein_npx__Q08380,0.02002504343196747,0.0
missing__peptide_std__P13611,0.02002096529811947,0.0
missing__protein_npx__P27169,0.020015326478735312,0.0
missing__peptide_mean__P27169,0.020015326478735312,0.0
missing__peptide_count__P27169,0.020015326478735312,0.0
delta1__peptide_mean__Q96PD5,0.02000726829731873,0.0
rollmean2__protein_npx__P55290,0.019993050364057838,0.0
peptide_std__Q96KN2,0.01997675456793291,0.0
peptide_std__P39060,0.019971223051090482,0.0
rollmean2__protein_npx__P04196,0.019956591955080566,0.0
delta1__peptide_mean__P05408,0.01995228909197546,0.0
delta1__peptide_mean__P35542,0.019950277359588507,0.0
missing__peptide_log__YYWGGQYTWDMAK,0.019947335855674413,0.0
peptide_mean__P01877,0.0199387121875329,0.0
delta1__peptide_mean__Q9Y6R7,0.01993738733451944,0.0
missing__peptide_count__P01780,0.019932249233106603,0.0
missing__protein_npx__P01780,0.019932249233106603,0.0
missing__peptide_mean__P01780,0.019932249233106603,0.0
lag1__protein_npx__Q99832,0.019924178743694013,0.0
protein_npx__P55290,0.019921647499021658,0.0
peptide_log__LGQSLDC(UniMod_4)NAEVYVVPWEK,0.01990559661215142,0.0
peptide_count__P01859,0.01989861565758143,0.0
peptide_count__P01019,0.019894198101666954,0.0
slope1__protein_npx__Q6UXD5,0.019866109825699786,0.0
protein_npx__P14174,0.01986114222355599,0.0
slope1__peptide_std__P14314,0.01985713185923222,0.0
slope1__peptide_std__Q06481,0.019833679359420018,0.0
lag1__peptide_std__P61916,0.019812124736884068,0.0
slope1__peptide_mean__P05067,0.019789448463023482,0.0
rollmean2__peptide_mean__Q14118,0.01978391130491382,0.0
lag1__protein_npx__P05452,0.019760855522741892,0.0
delta1__peptide_std__P51884,0.01974232451371049,0.0
delta1__peptide_std__Q92823,0.019731077075751738,0.0
peptide_std__P13611,0.01970914768565309,0.0
slope1__peptide_count__Q14515,0.019671325064824618,0.0
rollmean2__peptide_std__P30086,0.01966922321469371,0.0
delta1__peptide_log__QWAGLVEK,0.019624419412393214,0.0
lag1__peptide_count__Q13740,0.01962371408238434,0.0
peptide_mean__Q14624,0.019616951098596683,0.0
slope1__protein_npx__Q12841,0.01960914837954614,0.0
slope1__peptide_mean__P04217,0.019603853394177247,0.0
lag1__protein_npx__P11142,0.019602903444838456,0.0
slope1__protein_npx__P04433,0.019590136934493286,0.0
delta1__protein_npx__P07225,0.019583834125215468,0.0
delta1__peptide_mean__P08493,0.01957674532254937,0.0
delta1__peptide_mean__P06396,0.019572089272716774,0.0
delta1__peptide_mean__P04406,0.01956903008632438,0.0
rollmean2__peptide_mean__O14498,0.019564186960823307,0.0
lag1__protein_npx__P08603,0.019557668969409876,0.0
slope1__peptide_mean__P04216,0.019555302736521195,0.0
slope1__protein_npx__P00736,0.01955391372177703,0.0
lag1__peptide_mean__P16035,0.019549934768226487,0.0
slope1__peptide_mean__P01621,0.019540845433642096,0.0
peptide_log__LEGQEEEEDNRDSSMK,0.01953107153599832,0.0
delta1__peptide_mean__Q06481,0.01952907606856318,0.0
protein_npx__P00450,0.01952640716936705,0.0
protein_npx__P01008,0.01950970871711278,0.0
rollmean2__protein_npx__P02763,0.01949847283256616,0.0
lag1__peptide_std__P07998,0.019488771266860622,0.0
delta1__peptide_count__P10643,0.019472111318248095,0.0
slope1__peptide_mean__P01876,0.019470377933037124,0.0
slope1__protein_npx__Q99435,0.01946803657196524,0.0
peptide_count__P01009,0.01946297566288847,0.0
lag1__peptide_std__P16035,0.019458484990283378,0.0
lag1__peptide_std__P10909,0.019449674644494517,0.0
missing__peptide_log__ELDESLQVAER,0.019435377871918343,0.0
slope1__peptide_log__AKLEEQAQQIR,0.019419557260910898,0.0
lag1__peptide_abundance_std,0.019402202815731417,0.0
slope1__peptide_count__O15394,0.01939093095388994,0.0
slope1__protein_npx__P10909,0.01938263774885556,0.0
lag1__peptide_mean__P02774,0.01937766118120814,0.0
slope1__peptide_count__Q14624,0.01936542712922292,0.0
delta1__peptide_log__TPVSDRVTK,0.01936100827805835,0.0
rollmean2__protein_npx__P01033,0.019353377817435905,0.0
delta1__protein_npx__Q12805,0.019351133536017136,0.0
lag1__peptide_count__P00746,0.0193413550458637,0.0
peptide_log__EILSVDC(UniMod_4)STNNPSQAK,0.01933498162546318,0.0
lag1__protein_missing_fraction,0.019318492830628257,0.0
lag1__protein_feature_count,0.019318492830628135,0.0
missing__peptide_std__P04075,0.019308897880759242,0.0
lag1__peptide_std__P01834,0.01930080917435819,0.0
slope1__protein_npx__P07602,0.019297803044672233,0.0
slope1__peptide_mean__Q16610,0.01926266318026011,0.0
protein_npx__P09104,0.019255518194896,0.0
slope1__peptide_count__P05452,0.019243219280802623,0.0
delta1__peptide_std__P02656,0.0192390976250905,0.0
delta1__protein_npx__P02774,0.019236577105790843,0.0
slope1__protein_npx__P05067,0.019216443705587182,0.0
missing__protein_npx__P16152,0.019212980045550186,0.0
missing__peptide_log__SC(UniMod_4)SPELQQK,0.019212980045550186,0.0
missing__peptide_count__P16152,0.019212980045550186,0.0
missing__peptide_mean__P16152,0.019212980045550186,0.0
lag1__peptide_count__Q96PD5,0.019211217862705972,0.0
missing__peptide_std__P00748,0.019198681958869136,0.0
missing__peptide_mean__Q9UBR2,0.01919855220054464,0.0
missing__peptide_count__Q9UBR2,0.01919855220054464,0.0
missing__protein_npx__Q9UBR2,0.01919855220054464,0.0
rollmean2__protein_npx__P18065,0.019189780391570824,0.0
delta1__peptide_mean__P09104,0.01918375863273463,0.0
slope1__months_since_prev_visit,0.01917415864936537,0.0
delta1__peptide_std__P08571,0.01917324170746049,0.0
rollmean2__protein_npx__P08603,0.019170658094863843,0.0
delta1__peptide_count__P05452,0.01916848137154162,0.0
lag1__protein_npx__O14791,0.019159440839591497,0.0
missing__peptide_std__Q13740,0.0191258555010758,0.0
rollmean2__peptide_mean__P23142,0.01912104817630589,0.0
delta1__protein_npx__Q9UNU6,0.0191204128858765,0.0
slope1__peptide_count__P61769,0.01909519691734852,0.0
delta1__protein_npx__Q8NE71,0.01907687675752985,0.0
slope1__peptide_mean__P54289,0.01906710616611068,0.0
peptide_mean__P05067,0.019065738606050125,0.0
slope1__peptide_mean__Q96KN2,0.019057279005669663,0.0
lag1__protein_npx__P05156,0.01903360032323284,0.0
slope1__peptide_std__P36222,0.019007783061248996,0.0
rollmean2__peptide_std__P04075,0.018989368456700254,0.0
delta1__protein_npx__P10643,0.018981275417332633,0.0
lag1__protein_npx__P00738,0.01896716989354387,0.0
delta1__peptide_count__P02452,0.018964718244388612,0.0
peptide_log__SC(UniMod_4)SPELQQK,0.01896184090019218,0.0
peptide_mean__P16152,0.01896184090019218,0.0
lag1__protein_npx__P60174,0.018959827346410656,0.0
slope1__protein_npx__P02768,0.01895934412687136,0.0
peptide_mean__Q96PD5,0.01895241560540827,0.0
peptide_mean__P04216,0.018949585315658934,0.0
rollmean2__peptide_count__P02766,0.018938565857584515,0.0
protein_npx__P02792,0.018923919716199812,0.0
lag1__peptide_count__P24592,0.018910460323533867,0.0
slope1__peptide_mean__Q99969,0.018909223701043722,0.0
rollmean2__peptide_mean__P04207,0.018896652358505732,0.0
lag1__protein_npx__P06396,0.0188831163729074,0.0
delta1__peptide_mean__Q9BY67,0.01888112249182793,0.0
delta1__peptide_mean__P54289,0.018859127498631542,0.0
lag1__peptide_std__P05090,0.018854256825104238,0.0
lag1__peptide_count__P02765,0.018841278467673396,0.0
delta1__protein_npx__Q13332,0.01884008240389157,0.0
peptide_count__P06727,0.018823833602906386,0.0
lag1__peptide_std__P00746,0.0188208752816931,0.0
slope1__peptide_std__Q96KN2,0.018818920890694667,0.0
delta1__peptide_log__LDEVKEQVAEVR,0.018814626056708438,0.0
lag1__protein_npx__P08253,0.01877969643152321,0.0
missing__peptide_log__C(UniMod_4)REILSVDC(UniMod_4)STNNPSQAK,0.018778509881583055,0.0
slope1__peptide_std__P02652,0.01873090562584645,0.0
slope1__peptide_mean__P07195,0.01872289565032736,0.0
lag1__peptide_mean__P05060,0.018716930059734287,0.0
slope1__peptide_count__Q12907,0.018707481560416985,0.0
slope1__peptide_log__SLAAAAGKQELAK,0.018697574299163713,0.0
slope1__peptide_mean__P61278,0.018697574299163713,0.0
missing__peptide_std__P02750,0.01868799187106391,0.0
protein_npx__Q96BZ4,0.018684978831288435,0.0
delta1__peptide_count__P00736,0.018656794030850802,0.0
slope1__peptide_std__P05156,0.018646983952344633,0.0
slope1__peptide_std__P01019,0.01864114220194876,0.0
lag1__protein_npx__P16870,0.018631799062382475,0.0
peptide_count__Q96KN2,0.01862003936715945,0.0
slope1__protein_npx__P10451,0.01861535389715589,0.0
slope1__peptide_log__LRTEGDGVYTLNNEK,0.018601273731952084,0.0
rollmean2__peptide_std__P02749,0.018599513466142328,0.0
protein_npx__Q06481,0.01857728749551128,0.0
missing__peptide_count__Q9UBX5,0.018565148336916408,0.0
missing__protein_npx__Q9UBX5,0.018565148336916408,0.0
missing__peptide_mean__Q9UBX5,0.018565148336916408,0.0
delta1__peptide_log__SC(UniMod_4)DTPPPC(UniMod_4)PR,0.018563821028877558,0.0
peptide_mean__O14498,0.01854469584580302,0.0
peptide_std__P02774,0.01853950856322516,0.0
missing__peptide_log__DSGFQM(UniMod_35)NQLR,0.01853897619534626,0.0
protein_npx__P04075,0.018537480489669033,0.0
delta1__peptide_count__P00738,0.018534684726852324,0.0
slope1__peptide_mean__P02748,0.018533809651981883,0.0
lag1__peptide_mean__P04216,0.0185296091184742,0.0
missing__peptide_log__TTPPVLDSDGSFFLYSK,0.01852882998392127,0.0
protein_npx__Q14624,0.018512036446175148,0.0
slope1__peptide_mean__P02749,0.018503656685910835,0.0
lag1__protein_npx__P09871,0.018502713582997453,0.0
peptide_log__DASGVTFTWTPSSGK,0.01848699421080544,0.0
delta1__peptide_mean__P01019,0.018484203447152254,0.0
slope1__peptide_std__P07602,0.018482580969970488,0.0
rollmean2__peptide_mean__P09486,0.018475320744460573,0.0
protein_npx__Q6UX71,0.01847307651837564,0.0
slope1__peptide_count__P02675,0.018447769719297555,0.0
delta1__peptide_mean__P02763,0.018426664525117684,0.0
delta1__peptide_log__NFPPSQDASGDLYTTSSQLTLPATQC(UniMod_4)PDGK,0.018412615060568564,0.0
slope1__peptide_mean__P09486,0.018408362038147417,0.0
peptide_std__Q6UXB8,0.018403150207971744,0.0
lag1__peptide_mean__P01833,0.018400725428469697,0.0
missing__protein_npx__P23083,0.01839385409966917,0.0
missing__peptide_count__P23083,0.01839385409966917,0.0
missing__peptide_mean__P23083,0.01839385409966917,0.0
lag1__peptide_count__P51884,0.0183796976182802,0.0
lag1__peptide_std__P01011,0.018378211398522273,0.0
delta1__peptide_mean__P00738,0.018369510993299785,0.0
rollmean2__protein_npx__P06681,0.018357398955654632,0.0
slope1__peptide_std__P02647,0.018330452958296845,0.0
peptide_std__P02751,0.018317775020956252,0.0
slope1__protein_npx__P31997,0.018302222152287367,0.0
delta1__protein_npx__P61278,0.018301164018045334,0.0
delta1__protein_npx__P06310,0.018281667948996154,0.0
peptide_mean__P04211,0.018277900340701175,0.0
slope1__protein_npx__P02792,0.01827524122316242,0.0
slope1__peptide_mean__P60174,0.018272082881423762,0.0
slope1__peptide_count__P14314,0.01826980649645314,0.0
lag1__peptide_mean__P02753,0.01826422711715644,0.0
peptide_std__P08571,0.018252900319316513,0.0
delta1__peptide_log__GC(UniMod_4)PTEEGC(UniMod_4)GER,0.018241543295296658,0.0
missing__peptide_log__SLAELGGHLDQQVEEFRR,0.018233755630782715,0.0
slope1__protein_npx__Q14508,0.01820500492710153,0.0
slope1__peptide_log__LDEVKEQVAEVR,0.018193166342287025,0.0
slope1__protein_npx__P05090,0.0181871011573015,0.0
rollmean2__peptide_log__C(UniMod_4)SYTEDAQC(UniMod_4)IDGTIEVPK,0.018179392240609937,0.0
rollmean2__peptide_count__P02647,0.018173407088707856,0.0
delta1__peptide_mean__P16035,0.018169109570784842,0.0
delta1__peptide_log__NFPPSQDASGDLYTTSSQLTLPATQC(UniMod_4)LAGK,0.018161479182238184,0.0
rollmean2__peptide_mean__Q9UHG2,0.01814278487225446,0.0
missing__protein_npx__P02655,0.018137101912443894,0.0
missing__peptide_count__P02655,0.018137101912443894,0.0
missing__peptide_mean__P02655,0.018137101912443894,0.0
rollmean2__peptide_mean__O00533,0.018129702340893672,0.0
peptide_mean__P02675,0.018124471610312623,0.0
protein_npx__P49588,0.018107915418917136,0.0
rollmean2__protein_npx__P49908,0.018105864234822664,0.0
slope1__peptide_count__P02768,0.018103186115584615,0.0
delta1__peptide_log__AVLPTGDVIGDSAK,0.018093499797252454,0.0
rollmean2__peptide_log__MYYSAVDPTKDIFTGLIGPM(UniMod_35)K,0.018088544951771555,0.0
delta1__peptide_count__P30086,0.01808647053594286,0.0
delta1__peptide_mean__P01031,0.0180856480004876,0.0
delta1__peptide_count__Q96KN2,0.018083411789318514,0.0
rollmean2__peptide_count__P36955,0.018069151344055494,0.0
lag1__protein_npx__O14773,0.018067202798917756,0.0
peptide_mean__P54289,0.01802207228115247,0.0
rollmean2__protein_npx__P05067,0.018016061171357275,0.0
delta1__protein_npx__Q08380,0.01801179661762989,0.0
slope1__protein_npx__P61278,0.018003402069193375,0.0
missing__peptide_std__P06681,0.017987055046522815,0.0
rollmean2__peptide_std__P01011,0.017945013824543322,0.0
rollmean2__peptide_count__P01009,0.01793477457792057,0.0
protein_npx__Q7Z3B1,0.017922060855443574,0.0
delta1__current_medication_unknown,0.017903400827605047,0.0
rollmean2__peptide_log__NPDPWAK,0.017878502624558097,0.0
slope1__peptide_std__P16870,0.017875456192012473,0.0
lag1__peptide_std__P01023,0.017872361047076898,0.0
missing__peptide_std__P43121,0.017841392631505384,0.0
slope1__protein_npx__P04004,0.01779737798247543,0.0
delta1__peptide_count__P16070,0.01778824126388988,0.0
slope1__peptide_std__P19823,0.017788093966058488,0.0
rollmean2__peptide_mean__P13473,0.017787567063382376,0.0
slope1__peptide_std__Q13740,0.017781880776098147,0.0
delta1__peptide_log__VGYVSGWGR,0.01777538623128341,0.0
slope1__peptide_mean__P02675,0.017756801220926457,0.0
peptide_count__P00748,0.01774625058961456,0.0
delta1__peptide_std__Q96KN2,0.01774404756726506,0.0
delta1__peptide_mean__P08123,0.01774206272815765,0.0
protein_npx__Q16270,0.017732589273981855,0.0
lag1__protein_npx__Q6UX71,0.01772180654184752,0.0
rollmean2__peptide_log__DASGVTFTWTPSSGK,0.017719665075758576,0.0
delta1__peptide_mean__O14498,0.0177132213824116,0.0
lag1__protein_npx__P01011,0.017700686584695962,0.0
rollmean2__peptide_count__P55290,0.01768684955818954,0.0
delta1__peptide_mean__Q13449,0.01766931428322108,0.0
lag1__peptide_count__P02766,0.01765346139244196,0.0
lag1__peptide_count__Q14118,0.017647538213614727,0.0
delta1__protein_npx__P08637,0.017641941510932,0.0
delta1__protein_npx__O60888,0.017639864900169687,0.0
rollmean2__peptide_mean__P16870,0.01762821807795712,0.0
delta1__peptide_mean__Q13740,0.017627225802277952,0.0
peptide_mean__P05060,0.01762184799895996,0.0
peptide_mean__O43505,0.017620370754576,0.0
slope1__protein_npx__P04207,0.01760596224894479,0.0
lag1__peptide_mean__P01008,0.01759906987122736,0.0
delta1__peptide_abundance_min,0.017598327690688382,0.0
lag1__peptide_log__TQVNTQAEQLRR,0.017594573415406725,0.0
slope1__peptide_log__RTPITVVK,0.01759233694633947,0.0
delta1__peptide_count__P00746,0.01757795379089133,0.0
lag1__protein_npx__P00450,0.01756007157447794,0.0
rollmean2__peptide_count__P54289,0.017558605074267996,0.0
missing__peptide_log__LSNENHGIAQR,0.01754833051434142,0.0
peptide_std__P02748,0.01752001468111908,0.0
slope1__peptide_log__LQAEAFQAR,0.01751744372271244,0.0
delta1__peptide_mean__P06727,0.01751619269727194,0.0
protein_npx__Q14118,0.01750885837653086,0.0
delta1__peptide_count__Q06481,0.017508512459686886,0.0
slope1__peptide_mean__O00533,0.017502090519088888,0.0
lag1__protein_npx__P43251,0.017491675059195286,0.0
slope1__protein_npx__Q13740,0.017446506567371522,0.0
protein_npx__P01023,0.017443511466756247,0.0
lag1__peptide_mean__P02671,0.01744044236695491,0.0
rollmean2__protein_npx__P02750,0.01744033187626865,0.0
rollmean2__protein_npx__P01780,0.017428044951888058,0.0
delta1__protein_npx__P36955,0.017423882074305584,0.0
protein_npx__Q9UBX5,0.01738780938236225,0.0
rollmean2__peptide_abundance_min,0.017386137005649782,0.0
rollmean2__protein_npx__P02652,0.01737883166862817,0.0
slope1__peptide_mean__P10909,0.017378326385661686,0.0
slope1__peptide_mean__P19652,0.017369871353202487,0.0
slope1__peptide_log__KAADDTWEPFASGK,0.017350448727378932,0.0
delta1__peptide_log__SELEEQLTPVAEETR,0.0173379122639218,0.0
delta1__peptide_mean__P36222,0.017323700446398378,0.0
rollmean2__peptide_log__SSQGGSLPSEEK,0.017312402860073853,0.0
missing__peptide_std__P02452,0.017301770161516187,0.0
peptide_count__P05452,0.017277194474572658,0.0
slope1__peptide_mean__P01008,0.01726752726032693,0.0
rollmean2__peptide_std__P08571,0.017259328472043062,0.0
lag1__protein_npx__Q06481,0.017240636025984142,0.0
rollmean2__peptide_count__Q96KN2,0.01722634969868495,0.0
delta1__peptide_std__P23142,0.01721632922238087,0.0
lag1__peptide_std__P54289,0.017196931138863728,0.0
lag1__peptide_count__Q12841,0.017194006484063606,0.0
lag1__peptide_std__P00747,0.017182958647853724,0.0
lag1__peptide_std__P02753,0.017177894290041285,0.0
delta1__peptide_std__P25311,0.017164342673654468,0.0
rollmean2__peptide_std__P61769,0.01715820221102014,0.0
peptide_mean__P06310,0.0171367252387449,0.0
delta1__protein_npx__P01009,0.017108038217290282,0.0
delta1__peptide_mean__P01780,0.017102324580511457,0.0
slope1__peptide_mean__P23142,0.01710151537527756,0.0
lag1__peptide_count__P02675,0.017096307143228972,0.0
slope1__peptide_count__P04004,0.017076148382189894,0.0
lag1__peptide_count__P27169,0.01707272134394347,0.0
rollmean2__peptide_std__P18065,0.01706946726459332,0.0
missing__peptide_mean__Q6UXD5,0.017068514371049136,0.0
missing__protein_npx__Q6UXD5,0.017068514371049136,0.0
missing__peptide_count__Q6UXD5,0.017068514371049136,0.0
lag1__peptide_log__LRTEGDGVYTLNNEK,0.017065627654860666,0.0
protein_npx__P18065,0.017064441284795125,0.0
lag1__peptide_mean__O15394,0.017053919482676597,0.0
slope1__protein_npx__P02679,0.017052771215983583,0.0
lag1__peptide_log__VQAAVGTSAAPVPSDNH,0.017052269079546073,0.0
rollmean2__peptide_count__P00748,0.017051736892425583,0.0
slope1__peptide_log__C(UniMod_4)IIEVLSNALSK,0.01704047887222498,0.0
delta1__protein_npx__Q14515,0.0170222943471908,0.0
lag1__peptide_mean__P10643,0.017015420630916007,0.0
lag1__protein_npx__P10909,0.017010090051514798,0.0
delta1__protein_npx__P02747,0.01699528238197812,0.0
slope1__peptide_count__P10643,0.016992962204027694,0.0
protein_npx__P20774,0.01696544244731473,0.0
delta1__protein_npx__P01608,0.016943991468206288,0.0
delta1__peptide_mean__P01011,0.016938574699225575,0.0
peptide_log__YIVSGTPTFVPYLIK,0.016938408786106807,0.0
delta1__protein_feature_count,0.0169351294291239,0.0
delta1__protein_missing_fraction,0.01693512942912389,0.0
peptide_log__SSQGGSLPSEEK,0.01692918647678513,0.0
slope1__peptide_std__P41222,0.01692369025426379,0.0
delta1__protein_npx__P09871,0.01690189436918579,0.0
delta1__protein_npx__P98160,0.01689503478805754,0.0
rollmean2__peptide_mean__P01834,0.016885427932395208,0.0
peptide_log__HGGLYHENMR,0.01688162585622965,0.0
rollmean2__peptide_mean__P04156,0.016875509053891204,0.0
protein_npx__Q9NYU2,0.016875002436691676,0.0
slope1__protein_npx__Q7Z3B1,0.016863786389980293,0.0
rollmean2__peptide_count__P98160,0.016854891935340104,0.0
missing__protein_npx__Q14118,0.016850744055915766,0.0
missing__peptide_count__Q14118,0.016850744055915766,0.0
missing__peptide_mean__Q14118,0.016850744055915766,0.0
lag1__protein_npx__P16152,0.01684451828363524,0.0
peptide_mean__P25311,0.01681412457249755,0.0
delta1__peptide_std__P00747,0.01681294892558473,0.0
delta1__protein_npx__Q02818,0.016768214494788217,0.0
rollmean2__protein_npx__P04433,0.016758246163958303,0.0
peptide_count__P02760,0.016757810913066357,0.0
peptide_count__Q92876,0.01674494789629544,0.0
slope1__peptide_log__IMNGEADAMSLDGGFVYIAGK,0.01672948224521691,0.0
delta1__peptide_mean__P12109,0.016726746131873218,0.0
slope1__peptide_std__P05090,0.016721253953533,0.0
peptide_mean__P01608,0.016706730622552186,0.0
delta1__peptide_count__Q9UBX5,0.016701899445000723,0.0
delta1__peptide_mean__Q13332,0.01669516531816729,0.0
delta1__peptide_count__P08294,0.01669202005008152,0.0
slope1__protein_npx__P36222,0.016688406401342976,0.0
rollmean2__protein_npx__P16035,0.016683098161801288,0.0
slope1__protein_npx__P09871,0.01667920184130361,0.0
rollmean2__peptide_log__LDEVKEQVAEVR,0.016675530143166296,0.0
protein_npx__P05060,0.016664219314304243,0.0
lag1__protein_npx__P08133,0.01665564059938017,0.0
rollmean2__peptide_std__P06396,0.016647441995197104,0.0
slope1__peptide_mean__P02751,0.016630877046213976,0.0
slope1__protein_npx__P01023,0.016618390978900787,0.0
delta1__peptide_mean__P61626,0.016616238062968275,0.0
lag1__peptide_count__P00747,0.016614443779502296,0.0
rollmean2__peptide_mean__P07858,0.016611627507077353,0.0
rollmean2__protein_npx__Q7Z3B1,0.016609367986588942,0.0
lag1__protein_npx__P12109,0.016596952457072295,0.0
slope1__protein_npx__P35542,0.016575699861006363,0.0
rollmean2__protein_npx__P19652,0.01657306678727572,0.0
slope1__peptide_mean__P05155,0.016560129790594715,0.0
lag1__peptide_log__SSQGGSLPSEEK,0.016559550719954522,0.0
peptide_count__P01860,0.016519479488999747,0.0
delta1__peptide_log__WELALGR,0.01651679914631587,0.0
slope1__peptide_log__AATGEC(UniMod_4)TATVGKR,0.016511298027013926,0.0
slope1__peptide_count__Q12805,0.016501717072111836,0.0
lag1__peptide_mean__O14498,0.016483712413101696,0.0
lag1__peptide_log__MYYSAVDPTKDIFTGLIGPM(UniMod_35)K,0.016450921059441844,0.0
delta1__peptide_mean__P24592,0.01644742972338767,0.0
protein_npx__Q13740,0.016425219822144288,0.0
rollmean2__peptide_count__P08294,0.016416212751482452,0.0
peptide_mean__P04275,0.016396474818900025,0.0
peptide_count__Q14118,0.016393075106761083,0.0
protein_npx__P06396,0.01638684574583931,0.0
rollmean2__peptide_log__VDNALQSGNSQESVTEQDSKDSTYSLSSTLTLSK,0.01637844787615833,0.0
slope1__peptide_log__LFDSDPITVTVPVEVSR,0.01636945678690145,0.0
lag1__peptide_mean__Q96S96,0.016368364917099476,0.0
peptide_mean__P09486,0.016365958793682384,0.0
slope1__protein_npx__P01344,0.016360478889644783,0.0
slope1__peptide_mean__P01042,0.01633818513110874,0.0
slope1__peptide_std__P04433,0.016331894926706395,0.0
delta1__peptide_log__C(UniMod_4)KPVNTFVHEPLVDVQNVC(UniMod_4)FQEK,0.016313427391263017,0.0
protein_npx__P13591,0.01630096838574525,0.0
rollmean2__protein_npx__Q12805,0.01628984842857227,0.0
slope1__peptide_mean__Q92876,0.016289347247352565,0.0
peptide_mean__Q12841,0.016267015729738647,0.0
delta1__peptide_std__P00751,0.016233069227935493,0.0
lag1__protein_npx__P02452,0.0162191139962046,0.0
missing__peptide_count__Q99683,0.016210055300093357,0.0
missing__peptide_mean__Q99683,0.016210055300093357,0.0
missing__protein_npx__Q99683,0.016210055300093357,0.0
delta1__peptide_mean__P49908,0.016204629086150335,0.0
lag1__peptide_std__P18065,0.01619698097209852,0.0
protein_npx__P04196,0.01618629597074933,0.0
slope1__peptide_mean__P16070,0.016177535735861184,0.0
rollmean2__peptide_std__P05452,0.01615009167310481,0.0
peptide_std__Q92876,0.016143371311281147,0.0
slope1__peptide_log__SC(UniMod_4)SPELQQK,0.016123976699082672,0.0
slope1__peptide_mean__P16152,0.016123976699082672,0.0
protein_npx__P19827,0.016117861317031187,0.0
rollmean2__peptide_mean__P31997,0.01610660553420357,0.0
rollmean2__peptide_mean__P02671,0.016094468660822137,0.0
missing__peptide_log__LRTEGDGVYTLNNEK,0.01608482687418281,0.0
lag1__peptide_mean__P31997,0.016073607740177444,0.0
delta1__peptide_count__Q92876,0.016068400272490166,0.0
slope1__peptide_count__Q92876,0.016068400272490166,0.0
lag1__peptide_mean__Q7Z3B1,0.016068089908867517,0.0
peptide_mean__Q14508,0.016063207545655565,0.0
slope1__protein_npx__P01859,0.01603336342100519,0.0
slope1__protein_npx__Q14118,0.016026510947398077,0.0
lag1__protein_npx__P02675,0.016023301502328297,0.0
rollmean2__peptide_count__P00746,0.01595727921728987,0.0
lag1__peptide_log__LSNENHGIAQR,0.015953397268036046,0.0
rollmean2__peptide_std__P00441,0.015932377358938064,0.0
lag1__protein_npx__P07858,0.01592505445426521,0.0
rollmean2__peptide_mean__P49588,0.015921260423965314,0.0
lag1__current_updrs_3,0.01589340565323767,0.0
lag1__peptide_std__P01019,0.015879652719656908,0.0
lag1__peptide_std__P00738,0.01586187713731218,0.0
slope1__peptide_log__TPLGDTTHTC(UniMod_4)PR,0.01585785029496826,0.0
protein_npx__P14618,0.015857643825364177,0.0
peptide_count__P04075,0.015849469877473606,0.0
lag1__peptide_mean__P12109,0.01584793951924576,0.0
lag1__peptide_std__P02765,0.015844125008903684,0.0
slope1__peptide_std__P00441,0.01583275281494883,0.0
delta1__peptide_count__P02751,0.015805862085394896,0.0
rollmean2__protein_npx__P05060,0.015804844507075096,0.0
slope1__protein_npx__Q96BZ4,0.015802091748289976,0.0
delta1__peptide_mean__P02750,0.01573434310413585,0.0
peptide_mean__P07195,0.015725181713942656,0.0
peptide_log__ANRPFLVFIR,0.01571115086795314,0.0
slope1__peptide_count__P00746,0.01569899741105798,0.0
lag1__peptide_log__ELSSFIDKGQELC(UniMod_4)ADYSENTFTEYK,0.015676739270580744,0.0
missing__peptide_std__O15394,0.01567160200446963,0.0
rollmean2__peptide_log__AATGEC(UniMod_4)TATVGKR,0.015669982088281895,0.0
peptide_count__P30086,0.015660603852383506,0.0
delta1__peptide_mean__P06681,0.01565290070757019,0.0
delta1__protein_npx__P02766,0.015647370078601033,0.0
lag1__peptide_count__P04433,0.015646929540179096,0.0
lag1__peptide_std__P16070,0.015642592275941926,0.0
slope1__peptide_std__P05067,0.015631007503793343,0.0
delta1__protein_npx__Q14624,0.015623708864314167,0.0
slope1__peptide_mean__P10643,0.015609239983583052,0.0
lag1__peptide_std__Q96KN2,0.015604663231499786,0.0
missing__protein_npx__P14618,0.01560256237180034,0.0
missing__peptide_mean__P14618,0.01560256237180034,0.0
missing__peptide_count__P14618,0.01560256237180034,0.0
peptide_std__Q9Y6R7,0.015597556857270604,0.0
slope1__peptide_count__P00738,0.015566093637494173,0.0
slope1__peptide_std__P01857,0.015554375956265479,0.0
rollmean2__protein_npx__Q14624,0.015539940028220567,0.0
slope1__peptide_count__P01859,0.015536069069198884,0.0
lag1__peptide_count__P19652,0.015533951155336621,0.0
rollmean2__peptide_mean__P02675,0.015529644717292367,0.0
slope1__peptide_std__P04004,0.015525839547577707,0.0
delta1__protein_npx__P01857,0.015520027808500638,0.0
rollmean2__protein_npx__P06310,0.015511226575382998,0.0
delta1__peptide_std__P07711,0.015509968683816402,0.0
rollmean2__peptide_log__LGPLVEQGRVR,0.015502144215256988,0.0
delta1__protein_npx__Q12841,0.015490802133741096,0.0
lag1__peptide_log__AKLEEQAQQIR,0.015483786291379491,0.0
delta1__peptide_count__P04180,0.015457378867881594,0.0
protein_npx__P04211,0.015448555782277924,0.0
slope1__peptide_mean__P13987,0.015402698494989193,0.0
lag1__peptide_mean__O60888,0.01539507268858555,0.0
lag1__peptide_mean__Q14508,0.015385290179653073,0.0
slope1__peptide_count__P01019,0.015374641214445876,0.0
slope1__peptide_std__P02675,0.015353386180321092,0.0
delta1__peptide_mean__P01009,0.015351006965190359,0.0
slope1__peptide_mean__Q13283,0.015345575823332914,0.0
delta1__protein_npx__Q9Y6R7,0.015338237285470555,0.0
rollmean2__peptide_count__P06396,0.015328839277826573,0.0
rollmean2__peptide_std__P01023,0.015325156897994529,0.0
slope1__peptide_mean__Q9NQ79,0.015313385115601855,0.0
peptide_mean__Q7Z5P9,0.015304909233599926,0.0
lag1__protein_npx__P08697,0.015303779712983873,0.0
delta1__peptide_mean__O00584,0.015280800516622688,0.0
delta1__protein_npx__P24592,0.015274144948279732,0.0
peptide_mean__P39060,0.015260529913799442,0.0
rollmean2__peptide_mean__P14314,0.015256933481761742,0.0
missing__peptide_count__P00746,0.015249619625662427,0.0
missing__peptide_mean__P00746,0.015249619625662427,0.0
missing__protein_npx__P00746,0.015249619625662427,0.0
slope1__peptide_log__ATVNPSAPR,0.015249326020725056,0.0
slope1__peptide_mean__P06681,0.015247999173272324,0.0
delta1__protein_npx__P02675,0.015241570121847091,0.0
peptide_mean__P02751,0.015225298372250508,0.0
peptide_log__LGADM(UniMod_35)EDVC(UniMod_4)GR,0.015186588264580924,0.0
rollmean2__protein_npx__Q9HDC9,0.015184109694381862,0.0
slope1__peptide_mean__P00450,0.015182986952582926,0.0
missing__peptide_log__LDEVKEQVAEVR,0.015180495528952814,0.0
missing__peptide_log__M(UniMod_35)YLGYEYVTAIR,0.01517651482124044,0.0
slope1__protein_npx__P02747,0.015168365265025373,0.0
protein_npx__P13987,0.015154969848935638,0.0
peptide_mean__P01876,0.015153999134322495,0.0
lag1__peptide_count__P09486,0.015137733563610842,0.0
slope1__peptide_mean__P01833,0.015118944718307811,0.0
peptide_count__P01876,0.015108995942077236,0.0
delta1__protein_npx__P01034,0.0151029094891486,0.0
lag1__peptide_std__P02679,0.015102162963444587,0.0
peptide_log__C(UniMod_4)SYTEDAQC(UniMod_4)IDGTIEVPK,0.0150960654266061,0.0
peptide_mean__P08294,0.015084511735628262,0.0
missing__peptide_count__Q8NBJ4,0.015084053023896916,0.0
missing__protein_npx__Q8NBJ4,0.015084053023896916,0.0
missing__peptide_mean__Q8NBJ4,0.015084053023896916,0.0
delta1__peptide_count__P36955,0.015048795390268089,0.0
peptide_mean__Q9NYU2,0.015046711337813838,0.0
protein_npx__P01034,0.015042518707351698,0.0
peptide_log__HYDGSYSTFGER,0.01502823528797304,0.0
lag1__peptide_mean__P54289,0.015026000044592432,0.0
delta1__peptide_count__P01008,0.015011295295883083,0.0
rollmean2__peptide_count__P02763,0.015008895379313639,0.0
lag1__peptide_mean__Q13449,0.015007619778468456,0.0
slope1__peptide_log__C(UniMod_4)REILSVDC(UniMod_4)STNNPSQAK,0.014967842459464252,0.0
lag1__peptide_count__P08571,0.01495545965529641,0.0
lag1__peptide_mean__P01023,0.014951835888570256,0.0
rollmean2__peptide_std__P41222,0.014949184248471425,0.0
delta1__peptide_count__P14314,0.014947181322588944,0.0
slope1__protein_npx__Q9UBR2,0.01494248822166813,0.0
peptide_mean__Q96BZ4,0.014933497053043992,0.0
slope1__peptide_mean__Q9UBX5,0.014928165806413233,0.0
delta1__peptide_mean__O14773,0.014927220373397764,0.0
slope1__peptide_log__GYQLSDVDGVTC(UniMod_4)EDIDEC(UniMod_4)ALPTGGHIC(UniMod_4)SYR,0.014924942053198893,0.0
peptide_count__P08294,0.01490229065714494,0.0
delta1__peptide_mean__Q8NE71,0.014891697538049344,0.0
delta1__peptide_mean__P19652,0.014877449008474201,0.0
delta1__protein_npx__P14314,0.01485442549019703,0.0
rollmean2__protein_npx__P24592,0.014841744366936924,0.0
peptide_std__P02452,0.014839476123198409,0.0
lag1__peptide_std__Q12805,0.014829359685810103,0.0
rollmean2__peptide_mean__P05067,0.014816048337459935,0.0
rollmean2__peptide_log__TPLGDTTHTC(UniMod_4)PR,0.014815075574315403,0.0
lag1__peptide_count__P07998,0.014762311564297512,0.0
lag1__peptide_mean__Q9UBR2,0.014761736358912259,0.0
lag1__protein_npx__P02655,0.014751605231597603,0.0
delta1__peptide_count__P14618,0.014748044038659789,0.0
rollmean2__protein_npx__Q92520,0.014746417924619592,0.0
lag1__peptide_mean__P24592,0.014743551822736584,0.0
peptide_std__P01034,0.01474170534614596,0.0
slope1__peptide_mean__P07858,0.014735476283995463,0.0
rollmean2__protein_npx__P09104,0.014731616296053712,0.0
delta1__peptide_std__P08697,0.014720745045317639,0.0
lag1__protein_npx__O00391,0.014714080310540794,0.0
delta1__peptide_std__P04180,0.014708150146265793,0.0
delta1__peptide_log__IMNGEADAMSLDGGFVYIAGK,0.01469952733708925,0.0
slope1__peptide_log__DSGFQM(UniMod_35)NQLR,0.014695706418123554,0.0
missing__peptide_log__TPVSDRVTK,0.014693925576617419,0.0
rollmean2__protein_npx__O75326,0.014689378373985292,0.0
protein_npx__Q16610,0.014682422903372815,0.0
missing__protein_npx__P07195,0.014666393532706573,0.0
missing__peptide_mean__P07195,0.014666393532706573,0.0
missing__peptide_count__P07195,0.014666393532706573,0.0
rollmean2__protein_npx__P60174,0.014658544591670332,0.0
peptide_count__P98160,0.014655335475712055,0.0
missing__peptide_log__RTPITVVK,0.014639751419910188,0.0
rollmean2__peptide_mean__P08603,0.014633408421021921,0.0
delta1__peptide_log__VLLDQLR,0.014629974622427457,0.0
delta1__peptide_mean__Q9HDC9,0.014629974622427457,0.0
slope1__peptide_mean__O14791,0.014611939467775333,0.0
rollmean2__peptide_count__Q13740,0.014610649398193325,0.0
delta1__peptide_std__P17174,0.014600741335128243,0.0
lag1__protein_npx__P01621,0.014592686940848216,0.0
peptide_mean__P61278,0.01458357840260394,0.0
peptide_log__SLAAAAGKQELAK,0.01458357840260394,0.0
lag1__peptide_count__P02679,0.014571889597382818,0.0
rollmean2__peptide_log__VGYVSGWGR,0.014554147801284919,0.0
peptide_mean__O75144,0.014539302624858957,0.0
missing__peptide_log__YIVSGTPTFVPYLIK,0.014536437006807712,0.0
slope1__peptide_count__P05546,0.01453223100774564,0.0
delta1__peptide_mean__P61278,0.01452637253859091,0.0
delta1__peptide_log__SLAAAAGKQELAK,0.01452637253859091,0.0
peptide_mean__P55290,0.014522218610496986,0.0
rollmean2__peptide_mean__O14773,0.014518029993575484,0.0
peptide_count__P01034,0.014510605648312662,0.0
missing__protein_npx__P13591,0.014508526359406694,0.0
missing__peptide_mean__P13591,0.014508526359406694,0.0
missing__peptide_count__P13591,0.014508526359406694,0.0
slope1__peptide_std__P07998,0.014503203422134977,0.0
delta1__peptide_log__MASGAANVVGPK,0.014500618931625337,0.0
slope1__peptide_std__P02750,0.014493109574329189,0.0
slope1__peptide_mean__P61626,0.014480831306989326,0.0
slope1__peptide_mean__P02679,0.014466566743343698,0.0
slope1__peptide_count__P04433,0.014450483965596223,0.0
slope1__protein_npx__P49908,0.014425307767514065,0.0
slope1__peptide_mean__P01591,0.014414316691620238,0.0
rollmean2__peptide_mean__P16070,0.014410380589130401,0.0
delta1__peptide_mean__P16070,0.014403323935523587,0.0
delta1__peptide_mean__Q6UXB8,0.014391634112634456,0.0
missing__peptide_mean__P98160,0.01437958630276244,0.0
missing__protein_npx__P98160,0.01437958630276244,0.0
missing__peptide_count__P98160,0.01437958630276244,0.0
delta1__peptide_count__P10909,0.014377485975169831,0.0
rollmean2__protein_npx__P61626,0.014361425005041843,0.0
protein_npx__O00533,0.014359002500311389,0.0
slope1__protein_npx__P01861,0.014355233602545535,0.0
rollmean2__protein_npx__P10909,0.014354022872003935,0.0
slope1__peptide_log__SGEATDGARPQALPEPMQESK,0.014350181390152518,0.0
slope1__peptide_mean__P51884,0.014342147229266801,0.0
delta1__peptide_log__LGQSLDC(UniMod_4)NAEVYVVPWEK,0.01433524722893693,0.0
delta1__peptide_log__C(UniMod_4)C(UniMod_4)VEC(UniMod_4)PPC(UniMod_4)PAPPVAGPSVFLFPPKPK,0.014333746650078052,0.0
delta1__protein_npx__O14498,0.01432925980186005,0.0
delta1__protein_npx__P25311,0.014328138360947023,0.0
peptide_mean__Q92876,0.014323120691855755,0.0
rollmean2__peptide_log__YIVSGTPTFVPYLIK,0.01432022301598661,0.0
rollmean2__peptide_mean__Q96S96,0.014289572486348845,0.0
slope1__protein_npx__Q562R1,0.014286935446282314,0.0
delta1__peptide_log__DASGVTFTWTPSSGK,0.014271187601537626,0.0
slope1__peptide_mean__P01024,0.014252647575502226,0.0
lag1__peptide_log__EILSVDC(UniMod_4)STNNPSQAK,0.014238650950883558,0.0
peptide_count__P36955,0.014237048443214289,0.0
delta1__protein_npx__P01780,0.014228763072965063,0.0
rollmean2__protein_npx__P39060,0.014222016825012304,0.0
slope1__peptide_log__ELSSFIDKGQELC(UniMod_4)ADYSENTFTEYK,0.014204454767057208,0.0
delta1__protein_npx__P02649,0.01420340681728387,0.0
delta1__peptide_log__GYQLSDVDGVTC(UniMod_4)EDIDEC(UniMod_4)ALPTGGHIC(UniMod_4)SYR,0.014202883514915884,0.0
delta1__peptide_mean__P01859,0.01420107686708423,0.0
lag1__peptide_feature_count,0.01420096354871842,0.0
lag1__peptide_missing_fraction,0.01420096354871838,0.0
rollmean2__peptide_log__TM(UniMod_35)LLQPAGSLGSYSYR,0.014198819449291853,0.0
slope1__peptide_log__NPDSSTTGPWC(UniMod_4)YTTDPTVR,0.014181233236598725,0.0
rollmean2__protein_npx__P01608,0.014148920248739238,0.0
rollmean2__peptide_mean__P01876,0.014144192717586072,0.0
slope1__peptide_log__SWFEPLVEDM(UniMod_35)QR,0.014137221162519595,0.0
peptide_mean__P01011,0.014129060547736442,0.0
rollmean2__peptide_std__P39060,0.01412194956812548,0.0
peptide_log__TDASDVKPC(UniMod_4),0.01411780328038089,0.0
delta1__peptide_mean__P02671,0.014117335052956825,0.0
peptide_log__LGPLVEQGRVR,0.014095030913626095,0.0
rollmean2__peptide_std__P01876,0.014091003604291994,0.0
peptide_count__P02749,0.014073273573357309,0.0
delta1__peptide_count__P07602,0.0140638602030793,0.0
peptide_mean__P16070,0.014055675105444492,0.0
lag1__peptide_mean__P11277,0.014051763077174798,0.0
delta1__peptide_observation_count,0.014050479927770504,0.0
missing__peptide_log__FLATTPNSLLVSWQPPR,0.0140431538976798,0.0
peptide_std__P02749,0.0140400345631906,0.0
peptide_log__KQELSEAEQATR,0.014039530984065962,0.0
peptide_count__P04217,0.014037515738645224,0.0
rollmean2__protein_npx__P11142,0.01402050116513874,0.0
rollmean2__protein_npx__P01023,0.014008912402102624,0.0
delta1__peptide_mean__Q13451,0.01399734058994926,0.0
peptide_mean__Q9UKV8,0.013994749404629865,0.0
lag1__peptide_count__P36222,0.013991627705832363,0.0
peptide_log__IMNGEADAMSLDGGFVYIAGK,0.013964461303871259,0.0
lag1__peptide_count__P02452,0.013960808680306228,0.0
delta1__protein_npx__P14618,0.013951649472663509,0.0
slope1__protein_npx__P08253,0.013926573818901519,0.0
delta1__protein_npx__P08133,0.013891933385984549,0.0
rollmean2__peptide_count__Q96PD5,0.013884908220414622,0.0
slope1__peptide_mean__P02792,0.0138846450980857,0.0
lag1__peptide_std__P25311,0.013853037696438121,0.0
lag1__peptide_count__P02774,0.01384938293921615,0.0
lag1__protein_npx__P01023,0.013824780087611989,0.0
missing__peptide_log__KFPSGTFEQVSQLVK,0.013810978089216311,0.0
protein_npx__P07858,0.013803619244676886,0.0
slope1__peptide_std__P51884,0.013803378877152443,0.0
delta1__peptide_mean__P04217,0.01379525044000738,0.0
protein_npx__P11142,0.013794382048059894,0.0
rollmean2__peptide_mean__Q96BZ4,0.013791595150562884,0.0
delta1__peptide_count__P51884,0.013790066339493577,0.0
lag1__peptide_count__P02753,0.01378070543900883,0.0
rollmean2__protein_npx__P08123,0.013761324005962926,0.0
rollmean2__protein_npx__P32754,0.013745764305264427,0.0
delta1__protein_npx__P02787,0.013736563289958204,0.0
lag1__peptide_mean__P02768,0.013735627524985836,0.0
lag1__peptide_std__Q16610,0.013721522924098034,0.0
delta1__peptide_mean__P02679,0.013721256976755528,0.0
peptide_log__ELSSFIDKGQELC(UniMod_4)ADYSENTFTEYK,0.013711493758922,0.0
delta1__peptide_mean__P07339,0.013710615758746068,0.0
rollmean2__protein_npx__P43121,0.0137076075111858,0.0
rollmean2__peptide_std__P25311,0.01370465166472787,0.0
delta1__peptide_mean__P02774,0.01370434563051458,0.0
delta1__protein_npx__P02748,0.01369522242082265,0.0
rollmean2__peptide_count__P02768,0.013694882430234805,0.0
peptide_count__P00738,0.01368638430294385,0.0
delta1__protein_npx__Q7Z3B1,0.013680522143907616,0.0
delta1__peptide_log__RLEGQEEEEDNRDSSMK,0.01367734291834649,0.0
lag1__peptide_mean__P08493,0.013674842867516575,0.0
peptide_std__P00450,0.013668837572474363,0.0
peptide_count__P00736,0.01364533127879625,0.0
slope1__peptide_missing_fraction,0.0136347477813895,0.0
slope1__peptide_feature_count,0.013634747781388408,0.0
rollmean2__peptide_log__ELSSFIDKGQELC(UniMod_4)ADYSENTFTEYK,0.013602612967632346,0.0
slope1__protein_npx__P13987,0.013602253853869957,0.0
protein_npx__P01011,0.013596604476901229,0.0
delta1__peptide_mean__P80748,0.013582444016273927,0.0
slope1__peptide_std__P01042,0.013569834101244339,0.0
slope1__peptide_mean__Q9HDC9,0.013558689256736447,0.0
slope1__peptide_log__VLLDQLR,0.013558689256736447,0.0
rollmean2__protein_npx__Q14118,0.013553597706902194,0.0
rollmean2__protein_npx__P61916,0.013539061096361452,0.0
slope1__peptide_mean__Q15904,0.013537698101343865,0.0
protein_npx__P05452,0.01352644575246361,0.0
rollmean2__peptide_mean__Q96KN2,0.013500853752225228,0.0
lag1__peptide_mean__Q14515,0.013490510154106721,0.0
slope1__protein_npx__P14618,0.01348921551058711,0.0
protein_npx__Q7Z5P9,0.013487914740845713,0.0
peptide_mean__P00736,0.013467222416955948,0.0
delta1__peptide_std__P01857,0.013448282563386737,0.0
delta1__protein_npx__P04196,0.013442932483474859,0.0
peptide_mean__P01019,0.013442365591989518,0.0
rollmean2__peptide_count__P01034,0.013430098404493222,0.0
peptide_mean__Q14118,0.013428675763286426,0.0
slope1__peptide_abundance_mean,0.013417324826725294,0.0
slope1__peptide_mean__O15394,0.013413305549060124,0.0
missing__peptide_log__AVGDKLPEC(UniMod_4)EADDGC(UniMod_4)PKPPEIAHGYVEHSVR,0.013402802932123453,0.0
lag1__peptide_mean__P05090,0.013401398612442814,0.0
slope1__peptide_log__HGGLYHENMR,0.013398496925253755,0.0
peptide_mean__Q06481,0.013375789159505876,0.0
peptide_count__O15394,0.013373428351513594,0.0
lag1__peptide_log__SELEEQLTPVAEETR,0.013367208942045782,0.0
lag1__peptide_log__YVMLPVADQDQC(UniMod_4)IR,0.013364313395480687,0.0
peptide_log__VKDLATVYVDVLK,0.013357002837581615,0.0
has_previous_visit,0.013348290923032753,0.0
missing__months_since_prev_visit,0.013348290923032753,0.0
slope1__protein_npx__P01594,0.013343066904877193,0.0
slope1__peptide_log__SGELEQEEER,0.013325090171471708,0.0
delta1__peptide_mean__P01876,0.013323021192968954,0.0
peptide_std__P07602,0.013321170087325467,0.0
delta1__protein_npx__P02750,0.013301318604174047,0.0
lag1__peptide_count__P14314,0.013292384058220976,0.0
peptide_count__P02675,0.013287324867439526,0.0
rollmean2__peptide_mean__P01024,0.013285142855506315,0.0
rollmean2__peptide_log__TQVNTQAEQLRR,0.013282720672476975,0.0
slope1__peptide_std__P08603,0.013277913230625481,0.0
peptide_mean__Q12805,0.013272698760664515,0.0
peptide_mean__P49588,0.013265583366095901,0.0
lag1__peptide_count__P07225,0.013261363204623592,0.0
rollmean2__peptide_std__P02751,0.013257694964072536,0.0
lag1__protein_npx__P49908,0.013250698218512234,0.0
lag1__peptide_count__P02647,0.013248775746389541,0.0
slope1__peptide_std__P13987,0.013229486715778544,0.0
lag1__peptide_count__P02750,0.013217732725133196,0.0
lag1__protein_npx__P01034,0.01320336584916084,0.0
delta1__peptide_log__SC(UniMod_4)SPELQQK,0.013180562311820476,0.0
delta1__peptide_mean__P16152,0.013180562311820476,0.0
delta1__peptide_std__P02748,0.013163360600188733,0.0
rollmean2__peptide_mean__P04180,0.013131676550323306,0.0
slope1__peptide_count__P39060,0.013130371864517765,0.0
delta1__peptide_log__ILTC(UniMod_4)M(UniMod_35)QGMEEIR,0.013095445187432126,0.0
delta1__peptide_mean__Q8IWV7,0.013095445187432126,0.0
slope1__peptide_mean__P05060,0.013091297618459114,0.0
peptide_mean__P01834,0.013087607900567021,0.0
protein_npx__P19021,0.013066402285306465,0.0
lag1__protein_npx__Q15904,0.013046123512873058,0.0
lag1__peptide_std__P02647,0.013041425814150296,0.0
lag1__peptide_mean__Q9Y6R7,0.013040954519006706,0.0
lag1__peptide_count__P23142,0.01300929611829934,0.0
missing__peptide_log__C(UniMod_4)TSTGWIPAPR,0.01299890449722976,0.0
peptide_mean__Q8NE71,0.012988755259738631,0.0
delta1__peptide_mean__P00441,0.01298221744590115,0.0
slope1__peptide_mean__Q562R1,0.012971212005914797,0.0
delta1__peptide_mean__Q12805,0.012971161964463762,0.0
rollmean2__protein_npx__P00441,0.012963020577151303,0.0
delta1__peptide_mean__Q9NQ79,0.012956601980287651,0.0
peptide_log__C(UniMod_4)RDQLPYIC(UniMod_4)QFGIV,0.012920279928502022,0.0
delta1__peptide_log__YVMLPVADQDQC(UniMod_4)IR,0.012916930231449153,0.0
rollmean2__peptide_log__NFPPSQDASGDLYTTSSQLTLPATQC(UniMod_4)PDGK,0.012912142486919414,0.0
slope1__protein_npx__P06396,0.012904505792618351,0.0
rollmean2__protein_npx__Q92823,0.01289572522314513,0.0
delta1__protein_npx__P14174,0.0128871313350412,0.0
delta1__peptide_count__P17174,0.012886488414449114,0.0
peptide_count__Q6UXB8,0.012857891836140292,0.0
slope1__peptide_mean__P04433,0.01285013984476159,0.0
delta1__peptide_log__TM(UniMod_35)LLQPAGSLGSYSYR,0.012847090738994735,0.0
delta1__peptide_abundance_std,0.012841618738256469,0.0
rollmean2__peptide_count__P02750,0.01282311144855399,0.0
slope1__protein_npx__Q9UNU6,0.01279112533187531,0.0
rollmean2__peptide_std__P05060,0.012779366067037692,0.0
lag1__protein_npx__P02647,0.01274802015067749,0.0
lag1__protein_npx__P06727,0.012746963892856589,0.0
delta1__peptide_mean__Q15904,0.012713063377885539,0.0
rollmean2__peptide_mean__P13987,0.01269214890547851,0.0
lag1__peptide_mean__P13473,0.01269120069219843,0.0
rollmean2__peptide_std__P02774,0.012687448729386932,0.0
delta1__peptide_mean__P04216,0.012679139231450996,0.0
lag1__peptide_std__P04196,0.012670423550562788,0.0
peptide_log__AATGEC(UniMod_4)TATVGKR,0.012669202248518764,0.0
peptide_mean__P06454,0.012665675209070882,0.0
rollmean2__peptide_count__Q12841,0.012661859144296178,0.0
delta1__peptide_log__TLLSNLEEAKK,0.012658170279405582,0.0
protein_npx__P02656,0.012657975468646833,0.0
slope1__peptide_log__TM(UniMod_35)LLQPAGSLGSYSYR,0.012654046804946556,0.0
slope1__peptide_std__P06681,0.012640666708763338,0.0
slope1__protein_npx__Q08380,0.01261259205012892,0.0
lag1__protein_npx__P07998,0.01260204990397878,0.0
rollmean2__protein_npx__O94919,0.012577267603974564,0.0
protein_npx__P16035,0.01257511794929547,0.0
peptide_mean__O75326,0.012572893347902469,0.0
slope1__peptide_mean__P08571,0.012550025953964454,0.0
peptide_abundance_sum,0.012547826582428593,0.0
lag1__peptide_mean__P04217,0.012539182787838776,0.0
delta1__protein_npx__P01833,0.012535141371950293,0.0
lag1__protein_npx__P02656,0.0125338983327153,0.0
rollmean2__peptide_mean__P07225,0.012532309593638036,0.0
lag1__peptide_count__Q16270,0.012527289107164804,0.0
slope1__peptide_mean__P05156,0.01249063165177899,0.0
lag1__protein_npx__P07602,0.012482047947875951,0.0
rollmean2__protein_npx__P01011,0.012443886457973188,0.0
lag1__peptide_count__Q06481,0.012425263219857341,0.0
missing__peptide_std__P16035,0.012420598429732439,0.0
rollmean2__protein_npx__P02768,0.012397279970790685,0.0
peptide_log__LGADMEDVC(UniMod_4)GR,0.012382323183738482,0.0
delta1__peptide_count__P02774,0.012378328108794906,0.0
slope1__peptide_std__P02760,0.012365551218702364,0.0
delta1__peptide_std__Q16270,0.012361042912199485,0.0
lag1__protein_npx__Q8NBJ4,0.012353211526839419,0.0
lag1__protein_npx__P01834,0.01233775081138696,0.0
rollmean2__peptide_mean__Q12907,0.012312582449304908,0.0
delta1__peptide_log__ELSSFIDKGQELC(UniMod_4)ADYSENTFTEYK,0.012311951171277627,0.0
protein_npx__P04433,0.01230152264302175,0.0
lag1__protein_npx__P19652,0.012299678478575146,0.0
delta1__peptide_mean__P51884,0.012290014711634798,0.0
delta1__peptide_count__Q96PD5,0.01228033890169252,0.0
peptide_count__P07998,0.012274311400528955,0.0
rollmean2__peptide_log__AEAQEAEDQQAR,0.012268607588013312,0.0
lag1__peptide_count__P08697,0.012246323102841059,0.0
rollmean2__peptide_mean__P02790,0.012239543694655264,0.0
delta1__protein_npx__Q13451,0.012213367072397854,0.0
missing__peptide_count__Q99969,0.012196603771877038,0.0
missing__protein_npx__Q99969,0.012196603771877038,0.0
missing__peptide_mean__Q99969,0.012196603771877038,0.0
lag1__protein_npx__Q8N2S1,0.012190926064742355,0.0
peptide_mean__P01859,0.012183682216023908,0.0
slope1__peptide_log__ALGISPFHEHAEVVFTANDSGPR,0.012181922861776927,0.0
rollmean2__peptide_mean__Q16270,0.012160997753408962,0.0
lag1__protein_npx__Q92520,0.012155859981809118,0.0
lag1__peptide_log__NPDPWAK,0.012149287159688807,0.0
slope1__peptide_mean__P19827,0.012149278909637943,0.0
lag1__protein_npx__P00746,0.012147469624427996,0.0
rollmean2__peptide_mean__P01780,0.012131338150121577,0.0
rollmean2__peptide_log__IMNGEADAMSLDGGFVYIAGK,0.012122326998332461,0.0
rollmean2__peptide_log__TPVSDRVTK,0.012114378309075146,0.0
slope1__peptide_count__P05155,0.012108092135496617,0.0
slope1__peptide_mean__P04406,0.012087698238717099,0.0
protein_npx__P19823,0.012084964221146726,0.0
peptide_log__WELALGR,0.012060591230430621,0.0
peptide_mean__P14174,0.01204445789169845,0.0
rollmean2__peptide_log__EDSLEAGLPLQVR,0.012009268870596172,0.0
lag1__peptide_mean__P60174,0.011995140929095358,0.0
peptide_count__P04433,0.011993819546219347,0.0
rollmean2__protein_npx__P07602,0.011984576538990582,0.0
slope1__peptide_count__P08571,0.011982797631829228,0.0
rollmean2__peptide_std__P19823,0.011969616453677263,0.0
delta1__peptide_count__P09871,0.01195080869910708,0.0
peptide_count__P10643,0.011945814927295496,0.0
slope1__protein_npx__Q9Y646,0.011930646416464675,0.0
slope1__peptide_log__TSPVDEKALQDQLVLVAAK,0.0119031735128338,0.0
delta1__peptide_mean__P08603,0.011881354741268422,0.0
slope1__protein_npx__Q92520,0.011867794217509256,0.0
protein_npx__P04156,0.01185452553685935,0.0
peptide_mean__Q8N2S1,0.011813075925243346,0.0
delta1__peptide_mean__P02790,0.01181199999522367,0.0
slope1__protein_npx__P49588,0.011811718363489949,0.0
rollmean2__peptide_mean__Q9Y646,0.011798893777345868,0.0
delta1__protein_npx__Q13449,0.01178758524976124,0.0
delta1__peptide_mean__O14791,0.011752233202157646,0.0
delta1__peptide_log__AYKSELEEQLTPVAEETR,0.011730077553299634,0.0
lag1__peptide_count__P10643,0.011726081172220518,0.0
delta1__peptide_log__M(UniMod_35)YLGYEYVTAIR,0.011721120533075285,0.0
slope1__peptide_mean__P02768,0.011712413905457759,0.0
peptide_mean__P00747,0.011702834253006809,0.0
rollmean2__peptide_std__P00746,0.011696343876767002,0.0
months_since_baseline,0.01169113884585283,0.0
peptide_mean__Q96S96,0.011686054070733747,0.0
lag1__peptide_mean__P02787,0.011674385443427542,0.0
peptide_std__P36955,0.011645489779735767,0.0
lag1__protein_npx__P00747,0.011630614516655223,0.0
lag1__peptide_count__P00441,0.0116290175669892,0.0
slope1__peptide_mean__Q14515,0.011599073382552264,0.0
delta1__protein_npx__P08253,0.01159011700431377,0.0
peptide_std__P07711,0.01158625783031849,0.0
rollmean2__peptide_mean__P06681,0.011577644639496803,0.0
lag1__peptide_std__P04433,0.011561475121297682,0.0
slope1__peptide_count__P13591,0.011559365112041082,0.0
rollmean2__peptide_mean__P32754,0.01155779744572085,0.0
slope1__peptide_std__P12109,0.011549228052956544,0.0
lag1__peptide_log__EDSLEAGLPLQVR,0.011539237488916505,0.0
lag1__protein_npx__O14498,0.01153798153413206,0.0
lag1__peptide_mean__P32754,0.01153164780137292,0.0
protein_npx__P02452,0.01152928761705402,0.0
delta1__peptide_mean__P49588,0.01152927201096199,0.0
delta1__protein_npx__P23142,0.011517225483910975,0.0
delta1__peptide_log__IHWESASLLR,0.01150418764736032,0.0
delta1__peptide_log__LPPTSAHGNVAEGETKPDPDVTER,0.011491973385150612,0.0
peptide_log__EDSLEAGLPLQVR,0.011475250572832541,0.0
delta1__peptide_mean__P02749,0.01146442447114196,0.0
slope1__peptide_mean__P04207,0.011449872564724285,0.0
rollmean2__peptide_log__MASGAANVVGPK,0.011447495867593999,0.0
slope1__protein_npx__P04406,0.011444547934914904,0.0
delta1__peptide_log__TEGDGVYTLNNEK,0.011438504747050292,0.0
delta1__protein_npx__P02656,0.011434896287439022,0.0
missing__peptide_std__P02763,0.0114222946207546,0.0
peptide_count__P00751,0.011412632069228282,0.0
delta1__protein_npx__P00747,0.011407302626897492,0.0
lag1__peptide_count__P09871,0.011405196596588143,0.0
protein_npx__Q96PD5,0.011396749772871468,0.0
missing__peptide_mean__O00584,0.011394667344255762,0.0
missing__peptide_count__O00584,0.011394667344255762,0.0
missing__protein_npx__O00584,0.011394667344255762,0.0
slope1__peptide_mean__Q9Y6R7,0.011393813961713791,0.0
slope1__protein_npx__P19823,0.011383116015789025,0.0
slope1__peptide_log__LGADMEDVC(UniMod_4)GR,0.01138243722385473,0.0
slope1__protein_npx__P02671,0.011379737423653634,0.0
lag1__peptide_mean__P01621,0.011376361908677874,0.0
lag1__peptide_mean__P01834,0.011372895154098993,0.0
peptide_log__HYTNPSQDVTVPC(UniMod_4)PVPPPPPC(UniMod_4)C(UniMod_4)HPR,0.011369538855430785,0.0
slope1__peptide_abundance_std,0.011358309050138172,0.0
slope1__peptide_mean__O00391,0.011358282330280358,0.0
missing__peptide_log__VGYVSGWGR,0.0113529882237921,0.0
slope1__protein_npx__P60174,0.011352294591038807,0.0
peptide_log__C(UniMod_4)VDVDEC(UniMod_4)APPAEPC(UniMod_4)GK,0.011350323646612218,0.0
delta1__peptide_log__HYTNPSQDVTVPC(UniMod_4)PVPPPPPC(UniMod_4)C(UniMod_4)HPR,0.01134592836293915,0.0
lag1__peptide_std__P19823,0.011343321301087377,0.0
slope1__visit_index,0.011324336296466592,0.0
slope1__protein_npx__P30086,0.01132067148131587,0.0
rollmean2__peptide_count__Q92823,0.011302653168623163,0.0
slope1__peptide_std__P16070,0.011294240421241114,0.0
rollmean2__peptide_std__P07711,0.011292313400182826,0.0
rollmean2__protein_npx__O75144,0.011290162841190771,0.0
protein_npx__Q92520,0.011288443741988785,0.0
peptide_log__TLLSNLEEAKK,0.011276587252533603,0.0
rollmean2__peptide_log__C(UniMod_4)DSSPDSAEDVRK,0.011262355308223998,0.0
peptide_std__P16035,0.011259665113714873,0.0
peptide_mean__P60174,0.01125244258434915,0.0
lag1__protein_npx__P16035,0.011224550022376838,0.0
delta1__peptide_count__O15394,0.011215632772202517,0.0
rollmean2__peptide_mean__P04433,0.011213961280343935,0.0
lag1__peptide_log__RTPITVVK,0.011205061404679867,0.0
peptide_count__P01024,0.011171002474623678,0.0
peptide_std__P61916,0.011155946161998316,0.0
lag1__peptide_count__Q6UXB8,0.011137618684220104,0.0
slope1__peptide_log__HYTNPSQDVTVPC(UniMod_4)PVPPPPPC(UniMod_4)C(UniMod_4)HPR,0.011136500741943226,0.0
peptide_log__MYYSAVDPTKDIFTGLIGPM(UniMod_35)K,0.011128499895086357,0.0
lag1__peptide_std__P02652,0.011120775102823742,0.0
rollmean2__peptide_mean__P14618,0.01110540933474248,0.0
slope1__protein_npx__P11142,0.011082208385637575,0.0
missing__peptide_std__P01860,0.011076138869942685,0.0
slope1__peptide_count__P98160,0.011075026156771793,0.0
rollmean2__protein_npx__P13611,0.011058177561094723,0.0
delta1__protein_npx__P02751,0.011055104222573834,0.0
peptide_count__O14773,0.01103767881831311,0.0
missing__peptide_log__SC(UniMod_4)DTPPPC(UniMod_4)PR,0.0110224257314583,0.0
delta1__peptide_mean__P05452,0.011008259798834392,0.0
rollmean2__peptide_mean__P04275,0.010992136509353165,0.0
delta1__protein_npx__P41222,0.010975738623158834,0.0
rollmean2__protein_npx__P13591,0.01097429026565036,0.0
delta1__peptide_count__P02652,0.010943660030407544,0.0
rollmean2__has_previous_visit,0.010941391167026596,0.0
delta1__peptide_log__SLAELGGHLDQQVEEFRR,0.010928289807070866,0.0
slope1__peptide_count__P43121,0.010903789018311403,0.0
peptide_mean__Q9Y6R7,0.010884269010023692,0.0
rollmean2__protein_npx__P14314,0.010867541091740826,0.0
missing__peptide_std__P01859,0.010866267977623256,0.0
delta1__protein_npx__P02768,0.010846761192086857,0.0
lag1__peptide_log__VGYVSGWGR,0.0108341485346386,0.0
lag1__peptide_std__P36222,0.010833481242241684,0.0
slope1__peptide_mean__P31997,0.010829255844818668,0.0
rollmean2__peptide_log__SGEATDGARPQALPEPMQESK,0.010822860660769576,0.0
lag1__protein_npx__P02766,0.010814791569132114,0.0
delta1__peptide_log__ILLQGTPVAQMTEDAVDAER,0.010808023735519501,0.0
lag1__peptide_std__Q14515,0.010788244771602933,0.0
lag1__peptide_log__FM(UniMod_35)ETVAEK,0.010778139254565066,0.0
delta1__peptide_mean__Q99435,0.010772633927742071,0.0
rollmean2__peptide_mean__P02679,0.01073949289657527,0.0
delta1__protein_npx__P00746,0.010734967389454895,0.0
slope1__peptide_mean__P00748,0.010725612673647435,0.0
rollmean2__protein_npx__P02790,0.010722254470654483,0.0
delta1__peptide_count__P05546,0.01066875558660029,0.0
lag1__peptide_count__Q9UBX5,0.010656178062910953,0.0
delta1__peptide_log__TQVNTQAEQLRR,0.01064957606568714,0.0
lag1__peptide_log__LVGGPM(UniMod_35)DASVEEEGVRR,0.010626496239021406,0.0
delta1__peptide_mean__P13987,0.010608350617737112,0.0
delta1__protein_npx__P05156,0.010601531626012005,0.0
lag1__protein_npx__P04196,0.010601075828272657,0.0
slope1__peptide_std__Q92520,0.010599456802299333,0.0
lag1__peptide_mean__Q12841,0.010583560359335647,0.0
delta1__protein_npx__P00441,0.010581101531276067,0.0
slope1__protein_npx__P14314,0.010577243253002628,0.0
rollmean2__peptide_count__Q9Y6R7,0.010560538757421785,0.0
peptide_observation_count,0.010546902166685392,0.0
peptide_mean__P00751,0.010530982562678797,0.0
protein_npx__P13611,0.010530277197629232,0.0
slope1__protein_npx__P61916,0.010524523081093628,0.0
delta1__protein_npx__Q9UBX5,0.010523335826950038,0.0
rollmean2__peptide_mean__P06454,0.010505603654001182,0.0
rollmean2__protein_npx__Q8N2S1,0.010504292780055552,0.0
delta1__protein_npx__P55290,0.010498957097809663,0.0
rollmean2__protein_npx__P06454,0.010498028582846668,0.0
peptide_count__P02652,0.010486250315305016,0.0
rollmean2__protein_npx__P43251,0.010484397970971764,0.0
rollmean2__peptide_count__P10643,0.010482859162639734,0.0
slope1__peptide_count__P08603,0.010477080854780453,0.0
rollmean2__peptide_mean__P13521,0.010473951574513638,0.0
delta1__peptide_mean__P01033,0.010471760709127288,0.0
protein_npx__P02765,0.010468861194593825,0.0
delta1__peptide_count__P00441,0.010468501156045064,0.0
lag1__peptide_std__P14618,0.010459287238880944,0.0
protein_npx__P30086,0.01045679490581955,0.0
delta1__peptide_log__VKDLATVYVDVLK,0.01045210905305385,0.0
peptide_mean__P01857,0.010426537117387141,0.0
protein_npx__O15240,0.0104261921927527,0.0
peptide_log__FLATTPNSLLVSWQPPR,0.010424169952103653,0.0
protein_npx__P05155,0.010423476181438438,0.0
rollmean2__peptide_mean__P01857,0.010417355935340801,0.0
slope1__peptide_mean__P43652,0.010414805408234229,0.0
rollmean2__protein_npx__P13521,0.010391287777466817,0.0
delta1__protein_npx__P08571,0.010383666774722595,0.0
peptide_std__P01011,0.01035563613072141,0.0
delta1__peptide_count__Q16270,0.010330208727332285,0.0
missing__peptide_count__P04075,0.010310907242687774,0.0
missing__peptide_mean__P04075,0.010310907242687774,0.0
missing__protein_npx__P04075,0.010310907242687774,0.0
slope1__protein_npx__Q9Y6R7,0.010306692130971238,0.0
lag1__peptide_mean__P07333,0.010296679070282033,0.0
peptide_log__LSSWVLLM(UniMod_35)K,0.010292113149692144,0.0
slope1__protein_npx__P02656,0.0102626641475618,0.0
rollmean2__peptide_log__LGADMEDVC(UniMod_4)GR,0.01025335437108065,0.0
lag1__peptide_count__Q9UHG2,0.01025068893982214,0.0
peptide_std__P02656,0.01024953957421384,0.0
slope1__peptide_mean__P01344,0.010223972977741344,0.0
slope1__peptide_count__P18065,0.010216394897101525,0.0
slope1__peptide_std__O00533,0.01020001892745297,0.0
rollmean2__peptide_count__O14773,0.010189258425931803,0.0
lag1__protein_npx__P19021,0.010186851213774287,0.0
missing__peptide_log__ALGISPFHEHAEVVFTANDSGPR,0.01017437160363346,0.0
delta1__peptide_mean__Q16270,0.010159110246439383,0.0
slope1__peptide_count__P02679,0.0101426999413469,0.0
slope1__peptide_mean__P14174,0.010141574711068482,0.0
lag1__protein_npx__P01024,0.010128348635505973,0.0
missing__peptide_log__VYC(UniMod_4)DMNTENGGWTVIQNR,0.010112690534200637,0.0
lag1__peptide_count__P02790,0.01009420204630363,0.0
delta1__protein_npx__P10645,0.01008942850336241,0.0
delta1__peptide_log__GSPAINVAVHVFRK,0.010055157551525203,0.0
delta1__peptide_log__GEVQAMLGQSTEELRVR,0.01005477614882191,0.0
slope1__peptide_std__P02748,0.010026245020977901,0.0
lag1__peptide_count__Q9NQ79,0.010024940131939676,0.0
protein_npx__P39060,0.010016186167230318,0.0
delta1__peptide_mean__P05155,0.010007503779245596,0.0
delta1__protein_npx__P16035,0.009992459197473276,0.0
slope1__protein_npx__Q13332,0.009984314911898995,0.0
peptide_count__P01877,0.009966749717777336,0.0
lag1__peptide_std__P05060,0.009960149574853066,0.0
missing__peptide_log__C(UniMod_4)RDQLPYIC(UniMod_4)QFGIV,0.009949626974357383,0.0
slope1__peptide_mean__P16870,0.009940909860224457,0.0
delta1__peptide_std__P12109,0.009930280016383996,0.0
lag1__peptide_count__P36955,0.009890192240303998,0.0
delta1__peptide_mean__P07225,0.009883582586798445,0.0
peptide_mean__P01034,0.00987069642244714,0.0
delta1__protein_npx__Q6UX71,0.009870586196159273,0.0
slope1__peptide_std__P24592,0.009864763919599067,0.0
peptide_count__P23142,0.009861817810465608,0.0
lag1__peptide_std__P01034,0.009847770967987756,0.0
lag1__peptide_count__P10909,0.009846167260612387,0.0
lag1__peptide_log__SLAELGGHLDQQVEEFRR,0.009844648465291735,0.0
peptide_mean__O00533,0.009843629354439573,0.0
lag1__peptide_count__P00751,0.009818244607798416,0.0
peptide_std__P09486,0.009805065726430867,0.0
delta1__peptide_log__SSQGGSLPSEEK,0.009797524449034726,0.0
delta1__peptide_std__P01876,0.009785551690807968,0.0
slope1__peptide_std__P01876,0.009772556562702542,0.0
slope1__protein_npx__P00734,0.00974267391856465,0.0
lag1__peptide_count__P07339,0.009742345792479347,0.0
rollmean2__peptide_log__LSNENHGIAQR,0.009727423917665234,0.0
delta1__peptide_count__P04196,0.009720352847159244,0.0
delta1__protein_npx__P08697,0.009714111880356528,0.0
delta1__peptide_count__P02671,0.009692645100027032,0.0
rollmean2__peptide_log__WELALGR,0.00968907526966228,0.0
lag1__peptide_mean__P04196,0.009679854007416649,0.0
slope1__peptide_mean__Q06481,0.009677969849616124,0.0
delta1__peptide_count__P02768,0.009668846131320236,0.0
rollmean2__peptide_mean__P43251,0.009653024720657056,0.0
rollmean2__protein_npx__Q6UXB8,0.009651385018883279,0.0
slope1__peptide_mean__P36955,0.009638955944934292,0.0
rollmean2__peptide_mean__P13611,0.009637097775080941,0.0
slope1__protein_npx__O14773,0.009622611129463617,0.0
delta1__peptide_std__P02760,0.009620763102432388,0.0
delta1__protein_npx__P07339,0.009592715462094257,0.0
delta1__peptide_mean__Q6UXD5,0.009562622958253665,0.0
slope1__protein_npx__P02675,0.009556975369451097,0.0
delta1__peptide_std__Q13740,0.00954429407545247,0.0
rollmean2__peptide_mean__P61916,0.009543688571307387,0.0
delta1__peptide_std__P09871,0.009543617628127912,0.0
delta1__peptide_mean__P01717,0.0095212247214789,0.0
slope1__peptide_mean__P08697,0.009517538029862636,0.0
rollmean2__peptide_log__AYQGVAAPFPK,0.009498309069904154,0.0
lag1__peptide_count__P13987,0.009485303850502391,0.0
slope1__protein_npx__P01608,0.009480264947498221,0.0
delta1__peptide_std__P05090,0.009467923430576265,0.0
rollmean2__months_since_baseline,0.009457790438858221,0.0
slope1__protein_npx__P12109,0.009451961336842793,0.0
rollmean2__protein_npx__P01857,0.009449150435422226,0.0
rollmean2__peptide_count__P04433,0.009425065462193948,0.0
delta1__peptide_mean__Q9Y646,0.009409387464287898,0.0
slope1__peptide_count__P54289,0.009402340360302424,0.0
lag1__peptide_std__P04075,0.009400987854667883,0.0
lag1__protein_npx__P05090,0.009398141804241348,0.0
slope1__peptide_log__EDSLEAGLPLQVR,0.009393805501863048,0.0
rollmean2__peptide_mean__P05156,0.009380416834010426,0.0
lag1__peptide_std__P00751,0.009370202677127902,0.0
peptide_count__Q12907,0.009363945480383206,0.0
delta1__peptide_mean__P36980,0.009344811564365587,0.0
lag1__protein_npx__Q99829,0.00934239989469997,0.0
rollmean2__peptide_std__P07339,0.009340741262252103,0.0
slope1__protein_npx__O00391,0.009336836117447862,0.0
slope1__peptide_mean__P01023,0.009334634961758393,0.0
delta1__protein_npx__Q14118,0.009332345870766685,0.0
missing__protein_npx__P01833,0.009323924375323516,0.0
missing__peptide_mean__P01833,0.009323924375323516,0.0
missing__peptide_count__P01833,0.009323924375323516,0.0
lag1__protein_npx__Q16270,0.009315213502501528,0.0
peptide_std__P05060,0.00929653094284805,0.0
peptide_std__P13987,0.009286427504740284,0.0
rollmean2__protein_npx__P04406,0.009275206658276802,0.0
slope1__peptide_mean__P01594,0.009269179710112242,0.0
protein_npx__P01857,0.009264129358413259,0.0
lag1__protein_npx__P00751,0.009262096475482182,0.0
rollmean2__peptide_std__P16070,0.00926056962734897,0.0
delta1__peptide_log__AYQGVAAPFPK,0.00925164881226881,0.0
delta1__peptide_mean__P36955,0.009249532844140037,0.0
rollmean2__peptide_mean__P00736,0.009231645321849079,0.0
missing__peptide_count__P01877,0.009219754882719183,0.0
missing__protein_npx__P01877,0.009219754882719183,0.0
missing__peptide_mean__P01877,0.009219754882719183,0.0
rollmean2__peptide_count__P05452,0.009218406379409197,0.0
rollmean2__peptide_count__P01011,0.00921812694218961,0.0
missing__peptide_mean__P43121,0.009217875220627211,0.0
missing__peptide_count__P43121,0.009217875220627211,0.0
missing__protein_npx__P43121,0.009217875220627211,0.0
slope1__protein_npx__P02787,0.009182354232599343,0.0
protein_npx__Q9UHG2,0.00914651951229827,0.0
slope1__peptide_mean__P13521,0.009141502285280356,0.0
delta1__peptide_mean__P01857,0.00912792016699183,0.0
lag1__peptide_mean__P04211,0.00911961209546442,0.0
rollmean2__peptide_std__P61916,0.009099739009095702,0.0
delta1__protein_npx__P04217,0.009080852825066647,0.0
lag1__peptide_log__HYEGSTVPEK,0.009072532667142197,0.0
delta1__protein_npx__P54289,0.00907081636278147,0.0
slope1__peptide_mean__P04156,0.009040440752015176,0.0
slope1__protein_npx__Q7Z5P9,0.009038307536273658,0.0
lag1__peptide_mean__Q9UNU6,0.009036327865881127,0.0
slope1__peptide_mean__P17174,0.009029246369948358,0.0
lag1__protein_npx__P32754,0.009026291393846968,0.0
rollmean2__protein_npx__P02679,0.009000128804609257,0.0
delta1__peptide_mean__P10909,0.00899917432594162,0.0
peptide_mean__P27169,0.00899630081315731,0.0
protein_npx__P01876,0.008991120649282107,0.0
peptide_std__P19823,0.008988135731926566,0.0
delta1__peptide_count__P41222,0.008959668415918082,0.0
lag1__peptide_log__TPLGDTTHTC(UniMod_4)PR,0.008952520554041523,0.0
rollmean2__peptide_count__Q9NQ79,0.008940012640921723,0.0
delta1__peptide_std__P27169,0.008927134642292802,0.0
protein_npx__O94919,0.008925553225562575,0.0
lag1__protein_npx__P02652,0.008918604263769442,0.0
delta1__peptide_std__P02747,0.008917667261695576,0.0
delta1__peptide_mean__Q14515,0.008916451936888507,0.0
delta1__peptide_std__P98160,0.008916205497150241,0.0
slope1__peptide_std__P02679,0.008903239411018673,0.0
slope1__protein_npx__O94919,0.008902744561391455,0.0
lag1__peptide_log__QIGSVYR,0.008886025992397094,0.0
peptide_std__Q9UHG2,0.008877974349435576,0.0
slope1__protein_npx__O43505,0.008856608638061916,0.0
protein_npx__P01009,0.008846479800088179,0.0
peptide_mean__P04156,0.008843175148820649,0.0
lag1__protein_npx__P01877,0.008835138723998574,0.0
slope1__peptide_mean__P04180,0.008821231975885017,0.0
slope1__peptide_log__MASGAANVVGPK,0.008783447171454663,0.0
slope1__protein_npx__P16070,0.008766275250356344,0.0
slope1__peptide_mean__P09104,0.008764588524419439,0.0
slope1__protein_npx__P04217,0.008754557306492886,0.0
missing__protein_npx__P04216,0.008752218446657146,0.0
missing__peptide_count__P04216,0.008752218446657146,0.0
missing__peptide_mean__P04216,0.008752218446657146,0.0
slope1__peptide_std__P02768,0.008750521819035092,0.0
rollmean2__peptide_mean__Q7Z5P9,0.008747154977075117,0.0
delta1__peptide_count__P05155,0.008734269738123183,0.0
rollmean2__peptide_std__Q9NQ79,0.008727442474702423,0.0
delta1__peptide_log__VDNALQSGNSQESVTEQDSKDSTYSLSSTLTLSK,0.008722426173245666,0.0
delta1__protein_npx__P02679,0.008709345329417358,0.0
lag1__peptide_count__Q92520,0.008685923445202158,0.0
lag1__peptide_mean__P61769,0.008678910010549172,0.0
slope1__peptide_mean__P00746,0.008673451293295222,0.0
slope1__protein_npx__P11277,0.008641671274318719,0.0
protein_npx__Q99969,0.008633036394390056,0.0
peptide_count__P16035,0.008629488821969738,0.0
rollmean2__peptide_mean__P19827,0.008615035892566418,0.0
rollmean2__peptide_mean__O75144,0.00859745433508622,0.0
slope1__protein_npx__P14174,0.008575680114871163,0.0
slope1__protein_npx__P02751,0.008566902015627617,0.0
rollmean2__protein_npx__Q9UBX5,0.008529700128801523,0.0
lag1__peptide_mean__P00746,0.008520279584228633,0.0
slope1__peptide_std__P07711,0.008519937098525044,0.0
delta1__peptide_mean__P13591,0.008513359164137233,0.0
slope1__peptide_count__P27169,0.008506895338418013,0.0
delta1__peptide_std__Q12907,0.008495133966389632,0.0
lag1__protein_npx__Q14508,0.008491855478694271,0.0
slope1__peptide_count__P13987,0.008483874437865269,0.0
lag1__protein_npx__O00533,0.008475233699441854,0.0
lag1__peptide_mean__Q8N2S1,0.008455945363411255,0.0
lag1__protein_npx__P08637,0.008443343846997207,0.0
lag1__peptide_count__P43652,0.008410369930422818,0.0
lag1__peptide_mean__P08294,0.008405827009162611,0.0
peptide_mean__P43652,0.008387806539079272,0.0
delta1__peptide_std__P14314,0.008370399931740003,0.0
delta1__peptide_std__P02774,0.00835841405089224,0.0
lag1__peptide_std__P98160,0.008355675078881401,0.0
delta1__peptide_mean__P04004,0.008352580054577827,0.0
slope1__peptide_std__P00736,0.008334258227213764,0.0
delta1__peptide_mean__P13473,0.00832731175499923,0.0
peptide_count__P02790,0.00832406097915127,0.0
slope1__peptide_mean__P01031,0.008314843864284239,0.0
lag1__protein_npx__O15240,0.008307003937151591,0.0
lag1__peptide_mean__Q99969,0.008291759433159154,0.0
missing__protein_npx__P54289,0.008259126085831701,0.0
missing__peptide_count__P54289,0.008259126085831701,0.0
missing__peptide_mean__P54289,0.008259126085831701,0.0
lag1__protein_npx__P02763,0.008258605126451404,0.0
rollmean2__peptide_std__Q96KN2,0.008255322096707762,0.0
delta1__peptide_abundance_sum,0.008250331371002333,0.0
delta1__peptide_log__YVM(UniMod_35)LPVADQDQC(UniMod_4)IR,0.008247299350650526,0.0
slope1__protein_npx__P01717,0.008246515101150431,0.0
rollmean2__peptide_log__QQETAAAETETR,0.008224727385504072,0.0
slope1__peptide_std__Q9Y6R7,0.00820738023682871,0.0
rollmean2__peptide_abundance_mean,0.00819973712795208,0.0
lag1__peptide_mean__P08133,0.008181758256368564,0.0
slope1__peptide_log__C(UniMod_4)TSTGWIPAPR,0.008162135035241172,0.0
peptide_log__AVGDKLPEC(UniMod_4)EADDGC(UniMod_4)PKPPEIAHGYVEHSVR,0.008154486913163974,0.0
rollmean2__peptide_mean__P08123,0.008150176146986798,0.0
peptide_mean__P06681,0.008145913011898398,0.0
missing__peptide_mean__Q99435,0.008116236141578697,0.0
missing__peptide_count__Q99435,0.008116236141578697,0.0
missing__protein_npx__Q99435,0.008116236141578697,0.0
rollmean2__protein_npx__Q9UHG2,0.008089771961117724,0.0
protein_npx__P36980,0.008064522676235648,0.0
slope1__peptide_mean__P04075,0.00806005322687875,0.0
peptide_count__P04004,0.007989460652359625,0.0
missing__peptide_log__NFPPSQDASGDLYTTSSQLTLPATQC(UniMod_4)LAGK,0.007985978802808233,0.0
peptide_count__Q96PD5,0.007983473314070452,0.0
lag1__peptide_mean__P05452,0.007980726058246946,0.0
lag1__peptide_log__TM(UniMod_35)LLQPAGSLGSYSYR,0.007977800670081208,0.0
missing__peptide_log__SGEATDGARPQALPEPMQESK,0.007973484189415413,0.0
slope1__peptide_mean__Q12805,0.007968881672051014,0.0
missing__peptide_count__Q96S96,0.007951577336578176,0.0
missing__peptide_mean__Q96S96,0.007951577336578176,0.0
missing__protein_npx__Q96S96,0.007951577336578176,0.0
rollmean2__peptide_mean__P02751,0.007949884927182575,0.0
delta1__protein_npx__P05408,0.007947070969966814,0.0
lag1__peptide_mean__P02655,0.007943720301382613,0.0
rollmean2__peptide_log__VTLTC(UniMod_4)VAPLSGVDFQLR,0.007939055842743565,0.0
peptide_mean__P08493,0.007930271146287795,0.0
slope1__peptide_count__P19652,0.007926294757753593,0.0
slope1__peptide_mean__P01877,0.00791138515158124,0.0
delta1__protein_npx__P02753,0.007907399950816185,0.0
lag1__protein_npx__P04211,0.007887836758627434,0.0
missing__peptide_log__FM(UniMod_35)ETVAEK,0.00787932274286099,0.0
lag1__peptide_log__TLLSNLEEAKK,0.007875930092335679,0.0
delta1__peptide_count__P06727,0.007866727684335452,0.0
slope1__current_medication_unknown,0.007865626836035998,0.0
lag1__protein_npx__P02649,0.007834487833168187,0.0
delta1__peptide_log__QNC(UniMod_4)ELFEQLGEYK,0.007831435629480833,0.0
rollmean2__peptide_mean__P01859,0.0078185255453175,0.0
delta1__protein_npx__P06681,0.007818358813319945,0.0
slope1__peptide_mean__P01033,0.007817775996445375,0.0
slope1__protein_npx__P04180,0.007795847005098958,0.0
delta1__protein_npx__P01011,0.0077750573738238505,0.0
slope1__peptide_count__P13611,0.00775215547060266,0.0
slope1__peptide_std__P39060,0.007744622413679135,0.0
delta1__peptide_std__P05060,0.007742570931413563,0.0
slope1__peptide_mean__Q7Z5P9,0.0077141308000569404,0.0
missing__peptide_mean__P08123,0.007708157397330594,0.0
missing__protein_npx__P08123,0.007708157397330594,0.0
missing__peptide_count__P08123,0.007708157397330594,0.0
rollmean2__peptide_std__O94919,0.007707910489229871,0.0
slope1__peptide_mean__P00734,0.007701275255274049,0.0
missing__peptide_count__P13473,0.007689278167789288,0.0
missing__protein_npx__P13473,0.007689278167789288,0.0
missing__peptide_mean__P13473,0.007689278167789288,0.0
missing__peptide_log__LEGQEEEEDNRDSSMK,0.007683449873492098,0.0
delta1__peptide_log__C(UniMod_4)TSTGWIPAPR,0.007683323307953673,0.0
rollmean2__protein_npx__P01008,0.00768115922195312,0.0
delta1__peptide_count__P16035,0.007670777718584685,0.0
slope1__peptide_count__P43652,0.007662664039265411,0.0
slope1__peptide_log__IHWESASLLR,0.007661139140104168,0.0
lag1__peptide_mean__P01019,0.00765625706805389,0.0
slope1__peptide_std__P02747,0.007652521196453177,0.0
slope1__peptide_mean__P02747,0.007650697623333149,0.0
delta1__peptide_count__O00584,0.007641720114908346,0.0
rollmean2__peptide_mean__P00450,0.007621810172831006,0.0
peptide_mean__Q16270,0.007619633877633149,0.0
peptide_std__P01857,0.007605875584126441,0.0
slope1__peptide_mean__Q8IWV7,0.00759059276477712,0.0
slope1__peptide_log__ILTC(UniMod_4)M(UniMod_35)QGMEEIR,0.00759059276477712,0.0
peptide_std__P00738,0.007584958303900649,0.0
rollmean2__peptide_mean__P11142,0.007582141904556732,0.0
slope1__peptide_log__LIADLGSTSITNLGFR,0.007577922661887076,0.0
delta1__peptide_mean__P04207,0.00756348196065457,0.0
delta1__peptide_mean__P05156,0.007556441031582725,0.0
delta1__protein_npx__P51884,0.007545999168281236,0.0
delta1__peptide_mean__Q9UNU6,0.0075446870438417015,0.0
lag1__peptide_mean__P08697,0.007539540064258193,0.0
slope1__peptide_mean__P01019,0.0075381883436306495,0.0
delta1__peptide_count__P01023,0.0075373192988239975,0.0
delta1__protein_npx__P36980,0.0075224048742332395,0.0
peptide_log__QNC(UniMod_4)ELFEQLGEYK,0.007489028866977045,0.0
protein_npx__P02768,0.007488586261252198,0.0
delta1__peptide_log__LFDSDPITVTVPVEVSR,0.007484152687872463,0.0
peptide_log__AEAQEAEDQQAR,0.007476313528125863,0.0
delta1__protein_npx__P00736,0.007465763487553625,0.0
lag1__peptide_count__P43121,0.007449165665663267,0.0
rollmean2__protein_npx__P01876,0.007447684495798362,0.0
slope1__peptide_log__GEVQAMLGQSTEELR,0.0074260651125758505,0.0
rollmean2__peptide_count__Q14624,0.007402594220501528,0.0
slope1__protein_npx__P01033,0.0073879285096252485,0.0
delta1__peptide_mean__Q7Z3B1,0.007382216488416076,0.0
slope1__peptide_log__LAVYQAGAR,0.007372962260289264,0.0
lag1__peptide_log__TPVSDRVTK,0.007343368811729462,0.0
peptide_log__HYEGSTVPEK,0.007340266283884145,0.0
rollmean2__peptide_std__P02768,0.007336544607777241,0.0
slope1__peptide_log__YYWGGQYTWDMAK,0.007330058224592824,0.0
rollmean2__peptide_std__Q9UHG2,0.007310329527433365,0.0
lag1__peptide_mean__Q9UHG2,0.0073088927211793385,0.0
delta1__peptide_mean__P07711,0.007299764560906604,0.0
rollmean2__peptide_mean__P04075,0.007299446167428219,0.0
rollmean2__peptide_count__P02452,0.007285687851086676,0.0
lag1__peptide_mean__P02760,0.0072806093768217756,0.0
lag1__peptide_mean__Q92823,0.00727675883787567,0.0
slope1__peptide_mean__P06310,0.00726309443776028,0.0
delta1__peptide_mean__P25311,0.0072629903698378665,0.0
missing__peptide_mean__P06681,0.007260290870907763,0.0
missing__protein_npx__P06681,0.007260290870907763,0.0
missing__peptide_count__P06681,0.007260290870907763,0.0
delta1__peptide_mean__P02766,0.007255781748527888,0.0
rollmean2__peptide_mean__P08493,0.0072544324945684165,0.0
slope1__peptide_count__P01024,0.0072445131027954355,0.0
peptide_count__P05067,0.007236627362267161,0.0
slope1__protein_npx__Q12805,0.007207566778170358,0.0
rollmean2__peptide_log__TEGDGVYTLNNEK,0.0072029058978295354,0.0
lag1__peptide_count__P05452,0.007201427989911835,0.0
rollmean2__protein_npx__P01860,0.007191213641657481,0.0
lag1__peptide_std__P01024,0.007187808717100518,0.0
lag1__peptide_mean__P01024,0.007176358270718486,0.0
delta1__peptide_log__VQAAVGTSAAPVPSDNH,0.007168513649300247,0.0
rollmean2__peptide_mean__P01621,0.007167549512303066,0.0
delta1__peptide_std__P54289,0.0071569434984410105,0.0
slope1__peptide_std__P23142,0.0071551109665878715,0.0
lag1__peptide_log__VTSIQDWVQK,0.007135100448191906,0.0
delta1__peptide_mean__Q562R1,0.0071313992545237615,0.0
lag1__protein_npx__P49588,0.007130266545081766,0.0
delta1__protein_npx__Q7Z5P9,0.007105704647367548,0.0
delta1__protein_npx__P00734,0.0071052781667787215,0.0
slope1__protein_npx__Q9HDC9,0.0070971510384411195,0.0
protein_npx__P02675,0.0070960475778882575,0.0
delta1__peptide_count__P61769,0.0070642245959216966,0.0
missing__peptide_std__Q96PD5,0.0070615610665640365,0.0
delta1__peptide_std__P00734,0.007041956951697581,0.0
lag1__protein_npx__P05546,0.00702942697589005,0.0
rollmean2__protein_npx__Q16610,0.007020253160509465,0.0
rollmean2__protein_npx__P61769,0.0070024746902865136,0.0
peptide_mean__O14773,0.0069945604175507825,0.0
missing__peptide_log__AEAQEAEDQQAR,0.006987309620661927,0.0
delta1__peptide_log__DLATVYVDVLK,0.006978718701087612,0.0
rollmean2__protein_npx__Q96KN2,0.006970804114479966,0.0
peptide_mean__P00450,0.006962444282564116,0.0
delta1__peptide_std__P01009,0.006954844200903311,0.0
delta1__peptide_count__Q12907,0.006946918922519638,0.0
rollmean2__protein_npx__P23083,0.006935011847394528,0.0
lag1__peptide_log__TSAHGNVAEGETKPDPDVTER,0.00693072128483382,0.0
delta1__peptide_count__P01877,0.006911938020881905,0.0
peptide_log__LFDSDPITVTVPVEVSR,0.0069118539577330655,0.0
protein_npx__Q13332,0.006908298538166668,0.0
slope1__protein_npx__P16035,0.006860987610123213,0.0
slope1__protein_npx__Q13449,0.006859454145169684,0.0
rollmean2__peptide_mean__P43652,0.006853774226598338,0.0
slope1__peptide_count__O14773,0.0068490955067580135,0.0
slope1__peptide_log__VKDLATVYVDVLK,0.006835152565841871,0.0
rollmean2__peptide_count__P05067,0.006828448284897561,0.0
peptide_count__P06681,0.00682844463010607,0.0
peptide_mean__P01033,0.00682086409397696,0.0
lag1__peptide_mean__P51884,0.006791714561419833,0.0
slope1__peptide_std__Q14624,0.006785391982227609,0.0
missing__peptide_std__P07711,0.0067807125227246625,0.0
missing__peptide_std__P98160,0.006780185799222492,0.0
peptide_mean__P05408,0.006777374562196232,0.0
lag1__protein_npx__P20774,0.006769768888239658,0.0
slope1__peptide_log__VTSIQDWVQK,0.0067691231097711385,0.0
rollmean2__peptide_std__P19652,0.0067610408072723005,0.0
delta1__peptide_log__LRTEGDGVYTLNNEK,0.0067565947879223535,0.0
lag1__peptide_count__P05060,0.006752507019788715,0.0
slope1__peptide_log__YVM(UniMod_35)LPVADQDQC(UniMod_4)IR,0.0067495854640749085,0.0
slope1__peptide_std__P01034,0.006725518417547932,0.0
peptide_mean__P01833,0.00671525925380962,0.0
slope1__peptide_mean__P08253,0.006705373583566074,0.0
missing__protein_npx__O15394,0.006683888768586868,0.0
missing__peptide_count__O15394,0.006683888768586868,0.0
missing__peptide_mean__O15394,0.006683888768586868,0.0
slope1__protein_npx__Q99969,0.006681201026906354,0.0
rollmean2__protein_npx__P01833,0.0066810399854338514,0.0
delta1__peptide_std__P04217,0.0066777208828764974,0.0
rollmean2__peptide_log__QNC(UniMod_4)ELFEQLGEYK,0.006662098819734081,0.0
peptide_count__Q92823,0.006660908698331745,0.0
lag1__peptide_std__Q08380,0.006654863200544259,0.0
rollmean2__peptide_mean__P04196,0.006641534600958151,0.0
rollmean2__protein_npx__Q7Z5P9,0.006616174203286649,0.0
missing__peptide_count__P49588,0.00661419849344848,0.0
missing__protein_npx__P49588,0.00661419849344848,0.0
missing__peptide_mean__P49588,0.00661419849344848,0.0
delta1__peptide_log__ADDKETC(UniMod_4)FAEEGK,0.006607013869472235,0.0
lag1__peptide_log__C(UniMod_4)REILSVDC(UniMod_4)STNNPSQAK,0.0065838267377407705,0.0
peptide_mean__P01621,0.006578359455089355,0.0
protein_npx__P01042,0.006577257060240315,0.0
slope1__peptide_std__P02656,0.006568824586010069,0.0
rollmean2__peptide_count__P01860,0.0065550903677556935,0.0
slope1__protein_npx__P09104,0.006535928428771382,0.0
delta1__protein_npx__P35542,0.006534728094108535,0.0
delta1__peptide_std__Q06481,0.0065342896749891665,0.0
rollmean2__peptide_log__LGADM(UniMod_35)EDVC(UniMod_4)GR,0.006527843000634384,0.0
lag1__peptide_mean__P01009,0.006517200833814591,0.0
delta1__peptide_std__Q9Y6R7,0.006493524553025952,0.0
slope1__protein_feature_count,0.006481661644789256,0.0
slope1__protein_missing_fraction,0.006481661644788482,0.0
slope1__peptide_mean__P41222,0.006471856814676187,0.0
lag1__peptide_mean__P04207,0.006470240470904434,0.0
slope1__peptide_count__P61916,0.0064501641007010235,0.0
delta1__peptide_log__TTPPVLDSDGSFFLYSR,0.006449137430907782,0.0
delta1__peptide_mean__P01861,0.006449137430907782,0.0
slope1__peptide_count__P04180,0.006439434461914973,0.0
missing__peptide_log__EDSLEAGLPLQVR,0.006427844820261364,0.0
lag1__protein_npx__P02765,0.006411569939808874,0.0
lag1__protein_npx__P13591,0.006400979782771717,0.0
delta1__peptide_mean__P02649,0.006396544142589526,0.0
rollmean2__peptide_log__TLLSNLEEAKK,0.0063948841389894475,0.0
peptide_std__Q12805,0.0063849831318093814,0.0
rollmean2__peptide_mean__P27169,0.006384479326475308,0.0
rollmean2__peptide_mean__P01033,0.006383666148599245,0.0
peptide_log__M(UniMod_35)ASGAANVVGPK,0.006366778423508185,0.0
rollmean2__protein_npx__P02760,0.0063576659224402355,0.0
rollmean2__peptide_mean__Q13283,0.006345821072579597,0.0
delta1__peptide_mean__P02760,0.006343721970145794,0.0
slope1__peptide_log__SSQGGSLPSEEK,0.006342244580804818,0.0
rollmean2__protein_npx__Q96BZ4,0.006332826766450141,0.0
slope1__peptide_log__VTLTC(UniMod_4)VAPLSGVDFQLR,0.006331733574910897,0.0
peptide_mean__P05156,0.006331196416282186,0.0
rollmean2__protein_npx__P07858,0.006316522145418632,0.0
peptide_count__P16870,0.0063130812162518314,0.0
slope1__peptide_mean__P24592,0.006300273124851128,0.0
protein_npx__P07602,0.006264056326374393,0.0
delta1__peptide_std__P01034,0.006258278634343053,0.0
lag1__peptide_mean__P13521,0.006254160284654166,0.0
protein_npx__P10909,0.006252586060958578,0.0
lag1__peptide_std__O75144,0.006239055750947443,0.0
rollmean2__peptide_std__P01877,0.006232483193455104,0.0
lag1__peptide_mean__P49908,0.006224798651917211,0.0
delta1__protein_npx__Q562R1,0.0061895269138408215,0.0
delta1__peptide_log__AATGEC(UniMod_4)TATVGKR,0.006188085471860365,0.0
peptide_log__TTPPVLDSDGSFFLYSK,0.006186009599704554,0.0
peptide_mean__Q13332,0.006175755559583547,0.0
rollmean2__peptide_log__SNSSM(UniMod_35)HITDC(UniMod_4)R,0.00617223461631295,0.0
slope1__peptide_count__P23142,0.006157238480855977,0.0
slope1__protein_npx__P02649,0.006154775654740646,0.0
delta1__peptide_mean__P08253,0.006102901851227625,0.0
delta1__peptide_count__P04004,0.006093393082726795,0.0
delta1__peptide_mean__P00748,0.006091104631719595,0.0
lag1__peptide_std__Q14624,0.006087161306482338,0.0
delta1__protein_npx__P49908,0.006081224476400863,0.0
rollmean2__protein_npx__P07998,0.006078003214626728,0.0
delta1__peptide_mean__P01877,0.006074887338706711,0.0
rollmean2__protein_npx__Q92876,0.006057981494321209,0.0
delta1__peptide_log__AKLEEQAQQIR,0.00604206153183749,0.0
rollmean2__peptide_std__P10909,0.0060292645968392415,0.0
delta1__peptide_mean__Q92520,0.006014279359921403,0.0
protein_npx__P06454,0.00600325543577655,0.0
peptide_mean__P05546,0.006001280320399716,0.0
slope1__peptide_mean__P08493,0.005959143931797517,0.0
rollmean2__months_since_prev_visit,0.005958283785059403,0.0
missing__peptide_log__SSQGGSLPSEEK,0.005942355078790228,0.0
slope1__peptide_std__P43652,0.005932067749989414,0.0
slope1__peptide_log__TPVSDRVTK,0.005929641227588238,0.0
peptide_mean__P31997,0.00589163963257091,0.0
peptide_log__AATVGSLAGQPLQER,0.005878530201053315,0.0
lag1__peptide_mean__P02766,0.005878061806901557,0.0
rollmean2__peptide_count__P01024,0.005862102199825564,0.0
lag1__peptide_log__DASGVTFTWTPSSGK,0.005853979027960816,0.0
lag1__peptide_mean__P13611,0.005850938001694876,0.0
peptide_mean__P01042,0.00583392986694531,0.0
rollmean2__peptide_std__P01034,0.005803476740985697,0.0
slope1__peptide_count__P01009,0.005799232983737904,0.0
peptide_mean__P13611,0.00577777904457203,0.0
peptide_log__YVMLPVADQDQC(UniMod_4)IR,0.005769445149026612,0.0
lag1__protein_npx__P01009,0.00576407280046386,0.0
delta1__protein_npx__P16870,0.005754927496064563,0.0
slope1__peptide_std__P10643,0.005749929828053199,0.0
delta1__peptide_mean__P00746,0.005731581152654068,0.0
missing__peptide_log__LVGGPM(UniMod_35)DASVEEEGVRR,0.005718678756890997,0.0
rollmean2__peptide_mean__P08133,0.00569837638277013,0.0
rollmean2__protein_npx__O15240,0.0056967940869602825,0.0
peptide_count__P02750,0.005680581743786828,0.0
peptide_count__P07339,0.0056615731629787195,0.0
delta1__peptide_mean__P07602,0.005647907142724061,0.0
protein_npx__P00441,0.005645515574400863,0.0
peptide_abundance_mean,0.0056103903338171595,0.0
lag1__peptide_mean__P49588,0.005609158361791948,0.0
peptide_std__P54289,0.005606896353435535,0.0
rollmean2__peptide_count__P16035,0.005605850385073865,0.0
lag1__protein_npx__P08493,0.00558758696130459,0.0
lag1__peptide_mean__Q7Z5P9,0.005578625104428018,0.0
peptide_count__P01042,0.005577629188310329,0.0
rollmean2__peptide_mean__P01011,0.005566407905822651,0.0
delta1__peptide_mean__P08133,0.005563881863533774,0.0
peptide_mean__P07998,0.005561967585857298,0.0
slope1__peptide_count__Q92520,0.005545357604485432,0.0
delta1__peptide_mean__O15240,0.005535929412698605,0.0
slope1__peptide_log__LGPLVEQGR,0.005510230539878022,0.0
missing__peptide_log__ILTC(UniMod_4)M(UniMod_35)QGMEEIR,0.005494648272877361,0.0
missing__protein_npx__Q8IWV7,0.005494648272877361,0.0
missing__peptide_count__Q8IWV7,0.005494648272877361,0.0
missing__peptide_mean__Q8IWV7,0.005494648272877361,0.0
peptide_mean__P13987,0.005491213210611719,0.0
rollmean2__peptide_std__P54289,0.005479124043316618,0.0
delta1__protein_npx__P60174,0.005476849895686783,0.0
slope1__protein_npx__P98160,0.005476360993643811,0.0
delta1__peptide_mean__P01034,0.0054702762025794875,0.0
lag1__peptide_mean__Q99829,0.005464921637783339,0.0
rollmean2__peptide_count__P01042,0.005450232540196955,0.0
peptide_mean__P05155,0.005429468514345601,0.0
lag1__protein_npx__P55290,0.0054287233732292755,0.0
delta1__peptide_mean__P01834,0.0054200078665666085,0.0
delta1__peptide_log__SWFEPLVEDM(UniMod_35)QR,0.005419733165619847,0.0
missing__peptide_log__WELALGR,0.005403866026433795,0.0
lag1__peptide_abundance_mean,0.005398784801762486,0.0
slope1__protein_npx__P20933,0.005382805033619074,0.0
lag1__peptide_mean__P36955,0.0053784835139891775,0.0
lag1__protein_npx__P61769,0.005371368020156834,0.0
rollmean2__peptide_mean__O15240,0.0053663190616648985,0.0
lag1__protein_npx__P01042,0.0053556568326448995,0.0
delta1__protein_npx__P07998,0.005343696797502386,0.0
protein_npx__Q13283,0.0053353571451018236,0.0
slope1__current_updrs_4,0.005329318601784463,0.0
protein_npx__P02655,0.005314788498548269,0.0
slope1__peptide_mean__P49588,0.005313267056646404,0.0
delta1__protein_npx__Q13283,0.005291565745136419,0.0
rollmean2__protein_npx__P01877,0.005284605373882104,0.0
rollmean2__peptide_std__P04004,0.00528363971355494,0.0
delta1__protein_npx__Q96PD5,0.005281219945644647,0.0
delta1__peptide_count__Q12805,0.005271559070313635,0.0
slope1__peptide_mean__Q9Y646,0.00527051847479703,0.0
slope1__peptide_log__YVMLPVADQDQC(UniMod_4)IR,0.0052634053080996765,0.0
slope1__protein_npx__P61626,0.005247601312010963,0.0
peptide_count__P02452,0.005246012295737424,0.0
delta1__peptide_mean__P19823,0.005241239632273984,0.0
rollmean2__protein_npx__P23142,0.005240967489668714,0.0
peptide_std__P05067,0.005235493226020879,0.0
peptide_abundance_max,0.005214256726203675,0.0
rollmean2__peptide_mean__O75326,0.00521032918505262,0.0
rollmean2__peptide_count__P09871,0.005208980639034786,0.0
peptide_log__NPDPWAK,0.0052044575559342145,0.0
slope1__peptide_count__P00441,0.005152504349986539,0.0
slope1__peptide_log__SC(UniMod_4)DTPPPC(UniMod_4)PR,0.005143245500866251,0.0
rollmean2__peptide_std__P02765,0.005135160165003365,0.0
slope1__protein_npx__P02749,0.005121813592361407,0.0
delta1__protein_npx__P01042,0.005098314419481743,0.0
slope1__peptide_count__Q06481,0.0050954061406594964,0.0
slope1__peptide_mean__P01860,0.005094737926938124,0.0
slope1__peptide_mean__Q92520,0.0050857181243126135,0.0
slope1__protein_npx__Q99674,0.005068703787351569,0.0
slope1__peptide_count__Q9UHG2,0.00506778703494429,0.0
delta1__peptide_mean__P27169,0.005054906673111188,0.0
lag1__protein_npx__Q13283,0.005051834282629764,0.0
rollmean2__peptide_mean__P01877,0.005049092470891226,0.0
peptide_count__P01857,0.005025030868276738,0.0
rollmean2__protein_npx__P98160,0.0050147028267877695,0.0
delta1__peptide_count__P04433,0.005011745377316887,0.0
slope1__peptide_log__C(UniMod_4)C(UniMod_4)VEC(UniMod_4)PPC(UniMod_4)PAPPVAGPSVFLFPPKPK,0.005002674327078058,0.0
peptide_std__P04004,0.004995961238448765,0.0
slope1__peptide_mean__Q7Z3B1,0.004963891879620506,0.0
peptide_log__LRTEGDGVYTLNNEK,0.004946816432017419,0.0
slope1__peptide_log__LSNENHGIAQR,0.004944225672593459,0.0
protein_npx__P02679,0.004937761381352891,0.0
protein_npx__P02750,0.004937612106437991,0.0
rollmean2__peptide_count__O15394,0.0049292224151937245,0.0
peptide_abundance_std,0.0049239195985416664,0.0
delta1__peptide_feature_count,0.0049211727961522705,0.0
delta1__peptide_missing_fraction,0.004921172796152201,0.0
protein_npx__P60174,0.004920882035758524,0.0
slope1__peptide_count__P16035,0.004912732971319135,0.0
lag1__peptide_mean__P02679,0.0049050855417121664,0.0
missing__peptide_log__IMNGEADAMSLDGGFVYIAGK,0.0049033972083552,0.0
lag1__protein_npx__P06310,0.004902507530769943,0.0
rollmean2__protein_npx__P02747,0.0048892216462626936,0.0
rollmean2__protein_npx__Q06481,0.004878095659408879,0.0
slope1__peptide_log__NPDPWAK,0.004876245712655172,0.0
peptide_std__P02675,0.0048462886814089464,0.0
rollmean2__peptide_mean__Q92876,0.0048314824480178336,0.0
slope1__peptide_std__P01834,0.004830953322041805,0.0
rollmean2__peptide_log__FLATTPNSLLVSWQPPR,0.004820065115619712,0.0
delta1__protein_npx__Q9BY67,0.004816737374015031,0.0
slope1__peptide_mean__Q96PD5,0.004810626352911993,0.0
slope1__protein_npx__P04196,0.004806854743706581,0.0
peptide_count__Q9Y6R7,0.0047943406556227655,0.0
peptide_mean__P08133,0.004772375735993357,0.0
lag1__peptide_log__C(UniMod_4)SYTEDAQC(UniMod_4)IDGTIEVPK,0.004770091481244216,0.0
slope1__peptide_std__P09871,0.004767002750244812,0.0
slope1__peptide_mean__Q96BZ4,0.004765381805316795,0.0
delta1__protein_npx__P02652,0.004755682143059361,0.0
rollmean2__protein_feature_count,0.0047441296741287985,0.0
rollmean2__protein_missing_fraction,0.004744129674128605,0.0
lag1__protein_npx__P10643,0.00474021771818277,0.0
peptide_mean__P01024,0.004733718351444292,0.0
slope1__peptide_std__P61769,0.004724264250502146,0.0
delta1__peptide_mean__P02675,0.004714681620348802,0.0
delta1__peptide_mean__Q02818,0.004713253309393111,0.0
slope1__peptide_mean__P02649,0.004709865714000776,0.0
lag1__peptide_mean__O14791,0.004707885542070711,0.0
lag1__peptide_std__Q14118,0.004691227934079134,0.0
missing__peptide_std__Q16610,0.004687574493980792,0.0
peptide_log__AYQGVAAPFPK,0.004674714395172606,0.0
slope1__peptide_mean__P00441,0.004643165952431656,0.0
slope1__peptide_count__P08294,0.004629944630348283,0.0
slope1__protein_npx__P08697,0.0046290948653211084,0.0
delta1__protein_npx__P27169,0.004625137627854081,0.0
slope1__protein_npx__P13611,0.0046142953937817095,0.0
rollmean2__protein_npx__P36980,0.004601336260607787,0.0
peptide_log__KAADDTWEPFASGK,0.0045822097626960386,0.0
lag1__peptide_mean__O00533,0.004580871370437487,0.0
slope1__protein_npx__P01019,0.00457762883946326,0.0
rollmean2__peptide_mean__Q06481,0.00457354750208444,0.0
peptide_count__P09871,0.004571826342019557,0.0
peptide_mean__P01008,0.0045678918490274145,0.0
peptide_count__P01011,0.004559554924360626,0.0
peptide_mean__P32754,0.004546241873640282,0.0
slope1__peptide_log__LPPTSAHGNVAEGETKPDPDVTER,0.0045227720324999155,0.0
protein_npx__Q9HDC9,0.004518364314644675,0.0
slope1__peptide_std__P00746,0.004514016623887115,0.0
delta1__peptide_mean__P08697,0.0045046774861409,0.0
rollmean2__peptide_count__P04196,0.004502559071241421,0.0
delta1__peptide_std__Q08380,0.004499663776865232,0.0
rollmean2__peptide_count__P00736,0.004495844433947741,0.0
rollmean2__peptide_mean__P19823,0.004464702696674585,0.0
slope1__protein_npx__P08637,0.004454576276986704,0.0
lag1__peptide_std__Q92520,0.004444585627865093,0.0
delta1__peptide_mean__P01023,0.004430519740279405,0.0
peptide_mean__P24592,0.004406981098664516,0.0
protein_npx__P01877,0.004406135349627951,0.0
delta1__peptide_mean__P13671,0.004406112277792045,0.0
missing__peptide_log__TEGDGVYTLNNEK,0.0044040636012162085,0.0
protein_npx__P07998,0.004394446079790648,0.0
peptide_std__P01876,0.0043800473617863975,0.0
missing__peptide_mean__Q8NE71,0.004364689072075888,0.0
missing__peptide_count__Q8NE71,0.004364689072075888,0.0
missing__protein_npx__Q8NE71,0.004364689072075888,0.0
lag1__protein_npx__Q99683,0.004359106908938516,0.0
delta1__peptide_std__P02768,0.004339806331318802,0.0
slope1__protein_npx__P00441,0.004336157958053413,0.0
slope1__protein_npx__Q96PD5,0.004335988788459991,0.0
delta1__peptide_log__KVEQAVETEPEPELR,0.004335299526521446,0.0
lag1__protein_npx__Q99969,0.0043337718582546255,0.0
rollmean2__peptide_std__Q06481,0.004329963369628298,0.0
rollmean2__peptide_mean__P05408,0.004316065069664974,0.0
lag1__peptide_mean__P16870,0.004298975501584499,0.0
slope1__protein_npx__P01031,0.004296563820680672,0.0
lag1__peptide_mean__P01594,0.0042960049256070155,0.0
lag1__peptide_mean__P98160,0.004286608262214613,0.0
delta1__peptide_mean__Q92823,0.004280572769180168,0.0
delta1__protein_npx__P49588,0.004273906341972519,0.0
peptide_mean__P14618,0.004270998932300538,0.0
peptide_mean__P02768,0.0042649425180274324,0.0
slope1__peptide_mean__Q6UXD5,0.0042570799987498836,0.0
rollmean2__peptide_mean__P04211,0.004252860046791985,0.0
delta1__peptide_log__KAADDTWEPFASGK,0.004252398600587949,0.0
missing__peptide_std__P01877,0.004222898233526529,0.0
rollmean2__protein_npx__Q99969,0.004212204197650774,0.0
rollmean2__peptide_count__P23142,0.004211421268713301,0.0
slope1__protein_npx__P04216,0.004187331636411452,0.0
lag1__peptide_count__P02656,0.004181938463348301,0.0
missing__peptide_mean__P60174,0.00418149122218119,0.0
missing__peptide_count__P60174,0.00418149122218119,0.0
missing__protein_npx__P60174,0.00418149122218119,0.0
protein_npx__P04207,0.004168132393283262,0.0
delta1__protein_npx__P01861,0.004164028936785662,0.0
slope1__peptide_count__P02750,0.004161101835675205,0.0
protein_npx__P98160,0.004156641192006344,0.0
lag1__peptide_log__SGEATDGARPQALPEPMQESK,0.004155618232160966,0.0
peptide_mean__P08123,0.00415222027895798,0.0
peptide_log__LSKELQAAQAR,0.004149198126672489,0.0
lag1__protein_npx__P13521,0.0041418293866231455,0.0
delta1__protein_npx__P04433,0.004131897063903324,0.0
peptide_mean__Q9UHG2,0.004125125997483877,0.0
peptide_mean__P11142,0.004124424509394245,0.0
missing__protein_npx__P05408,0.004121420241850778,0.0
missing__peptide_mean__P05408,0.004121420241850778,0.0
missing__peptide_count__P05408,0.004121420241850778,0.0
missing__peptide_mean__P09104,0.004115899266271433,0.0
missing__protein_npx__P09104,0.004115899266271433,0.0
missing__peptide_count__P09104,0.004115899266271433,0.0
delta1__peptide_count__P43652,0.004098242823526688,0.0
rollmean2__peptide_std__P00748,0.004096114235991577,0.0
lag1__protein_npx__P05060,0.004073479592441892,0.0
rollmean2__peptide_mean__P02768,0.0040660798196541295,0.0
slope1__protein_npx__P13671,0.004058579419896252,0.0
protein_npx__P27169,0.004035676547822135,0.0
peptide_std__Q12841,0.004035636861039334,0.0
lag1__peptide_log__LRTEGDGVYTLNNEKQWINK,0.004026691445583655,0.0
rollmean2__protein_npx__P04156,0.004022738766553924,0.0
peptide_mean__P02671,0.004022140118210008,0.0
missing__peptide_log__TM(UniMod_35)LLQPAGSLGSYSYR,0.004016560729728275,0.0
slope1__protein_npx__Q9BY67,0.004010050358423122,0.0
peptide_mean__P16870,0.00399086879011405,0.0
rollmean2__peptide_std__P02763,0.00397786577013098,0.0
delta1__peptide_std__P16870,0.003971482431779187,0.0
missing__peptide_count__P04211,0.003967477863144445,0.0
missing__protein_npx__P04211,0.003967477863144445,0.0
missing__peptide_mean__P04211,0.003967477863144445,0.0
missing__peptide_mean__Q13740,0.003952483062271818,0.0
missing__protein_npx__Q13740,0.003952483062271818,0.0
missing__peptide_count__Q13740,0.003952483062271818,0.0
missing__peptide_count__P01594,0.003950317609376691,0.0
missing__protein_npx__P01594,0.003950317609376691,0.0
missing__peptide_mean__P01594,0.003950317609376691,0.0
lag1__peptide_count__O15240,0.003946010900389118,0.0
rollmean2__protein_npx__Q13283,0.003940177904616693,0.0
lag1__peptide_std__P08294,0.003927105357392347,0.0
lag1__protein_npx__P02774,0.0039134817102748284,0.0
rollmean2__protein_npx__P07711,0.003899314995607729,0.0
missing__peptide_log__HYTNPSQDVTVPC(UniMod_4)PVPPPPPC(UniMod_4)C(UniMod_4)HPR,0.0038989632599228476,0.0
slope1__has_previous_visit,0.003886759944222144,0.0
slope1__peptide_mean__P30086,0.003885866433214067,0.0
rollmean2__peptide_mean__P05155,0.0038617010211665853,0.0
rollmean2__peptide_mean__P23083,0.003858055729832654,0.0
slope1__protein_npx__P18065,0.003845819985845903,0.0
lag1__protein_npx__P01717,0.003830002931090366,0.0
rollmean2__peptide_mean__Q8NBJ4,0.0038173315932855585,0.0
delta1__peptide_mean__P04180,0.003814920370365858,0.0
lag1__peptide_log__NFPPSQDASGDLYTTSSQLTLPATQC(UniMod_4)LAGK,0.0037946113495494604,0.0
slope1__peptide_mean__Q99674,0.0037842711374523616,0.0
slope1__protein_npx__P05408,0.003768047523560885,0.0
protein_npx__P43251,0.0037679201227425584,0.0
delta1__peptide_std__P01011,0.0037660132741938815,0.0
slope1__peptide_mean__Q9UKV8,0.003762750080857028,0.0
slope1__peptide_observation_count,0.0037405407412019255,0.0
lag1__peptide_std__P08603,0.0037389687284535415,0.0
slope1__peptide_count__Q96PD5,0.0037348169836323893,0.0
lag1__peptide_count__P20774,0.0037245433615313087,0.0
delta1__peptide_log__RTPITVVK,0.003717866646630643,0.0
lag1__peptide_std__Q6UXB8,0.003704182750638252,0.0
lag1__peptide_mean__Q92876,0.003702107525620956,0.0
rollmean2__peptide_count__Q14118,0.0036970179096051984,0.0
peptide_log__LIADLGSTSITNLGFR,0.0036918771655491188,0.0
slope1__peptide_mean__P01009,0.0036880530903241216,0.0
rollmean2__peptide_std__P02656,0.0036817471450176437,0.0
rollmean2__peptide_mean__P24592,0.0036783173351217337,0.0
peptide_log__QIGSVYR,0.0036726081824595995,0.0
peptide_count__P13591,0.003670734295982794,0.0
delta1__peptide_mean__Q99969,0.0036627248921647327,0.0
lag1__peptide_mean__P01860,0.0036534036894404045,0.0
lag1__peptide_std__P08571,0.00365246235711117,0.0
lag1__protein_npx__Q13449,0.003643591319742505,0.0
protein_feature_count,0.0036433496654409724,0.0
protein_missing_fraction,0.0036433496654409165,0.0
delta1__peptide_abundance_mean,0.003641851551541129,0.0
slope1__peptide_count__P41222,0.003641488344365441,0.0
rollmean2__peptide_count__P02652,0.0036292732287367523,0.0
delta1__protein_npx__P01876,0.0036240677618849127,0.0
delta1__peptide_log__HYDGSYSTFGER,0.003615737686013133,0.0
missing__peptide_count__P19827,0.0036059191309451453,0.0
missing__peptide_mean__P19827,0.0036059191309451453,0.0
missing__protein_npx__P19827,0.0036059191309451453,0.0
peptide_std__P02768,0.003602404363847794,0.0
peptide_mean__P04207,0.003600617746423192,0.0
peptide_mean__O15240,0.0036003082380861324,0.0
missing__peptide_log__NFPPSQDASGDLYTTSSQLTLPATQC(UniMod_4)PDGK,0.0036002742681238865,0.0
peptide_mean__Q8NBJ4,0.0035837950173173913,0.0
peptide_mean__P07225,0.003579900096992087,0.0
delta1__peptide_std__P16070,0.0035784085602114423,0.0
slope1__protein_npx__O00533,0.003578222578191332,0.0
rollmean2__peptide_log__LRTEGDGVYTLNNEKQWINK,0.0035503088799787178,0.0
slope1__peptide_mean__P07333,0.003541963577494355,0.0
delta1__peptide_std__P39060,0.00352580808301248,0.0
slope1__peptide_mean__P14618,0.0034807767068425967,0.0
delta1__protein_npx__P30086,0.0034746611108261525,0.0
delta1__peptide_mean__P00734,0.0034723236813141937,0.0
peptide_mean__P09104,0.003466955960427217,0.0
delta1__peptide_log__C(UniMod_4)SYTEDAQC(UniMod_4)IDGTIEVPK,0.003461991793345406,0.0
missing__peptide_log__ATVNPSAPR,0.003445119136276334,0.0
missing__peptide_log__VDSGNDVTDIADDGC(UniMod_4)PKPPEIAHGYVEHSVR,0.0034394832048914845,0.0
peptide_mean__P40925,0.003430806855197089,0.0
slope1__peptide_log__AYKSELEEQLTPVAEETR,0.003424303501238674,0.0
rollmean2__peptide_mean__P01023,0.0034197960372387383,0.0
protein_npx__P02671,0.00338807612673032,0.0
lag1__protein_npx__Q9UBX5,0.0033783704927726173,0.0
slope1__peptide_std__Q96PD5,0.0033250412908519085,0.0
lag1__protein_npx__Q9Y6R7,0.0033235185535610136,0.0
lag1__protein_npx__P01594,0.00331574794624662,0.0
slope1__peptide_count__Q9Y6R7,0.0033071938059478397,0.0
lag1__peptide_mean__P13671,0.0032984654693132163,0.0
delta1__protein_npx__P13473,0.003293171404941408,0.0
missing__peptide_mean__P14174,0.00329255981594743,0.0
missing__protein_npx__P14174,0.00329255981594743,0.0
missing__peptide_count__P14174,0.00329255981594743,0.0
lag1__peptide_count__P01008,0.003292099682368976,0.0
slope1__peptide_count__P02749,0.0032894660165886857,0.0
lag1__protein_npx__P07333,0.0032867921470458175,0.0
slope1__peptide_std__P01877,0.003267836775828166,0.0
rollmean2__peptide_mean__P25311,0.0032477939818247713,0.0
delta1__peptide_mean__P02787,0.0032315189759250704,0.0
rollmean2__protein_npx__P06396,0.0032192823991636713,0.0
rollmean2__peptide_count__Q92520,0.0032182997953139315,0.0
missing__peptide_log__TPLGDTTHTC(UniMod_4)PR,0.003217508499357586,0.0
slope1__peptide_log__RLEGQEEEEDNRDSSMK,0.0031942477283832113,0.0
delta1__peptide_std__P61916,0.003178867588457725,0.0
delta1__peptide_mean__P60174,0.0031565932602354943,0.0
rollmean2__peptide_mean__P01034,0.003156044472862689,0.0
slope1__protein_npx__P02748,0.0031505425978298005,0.0
slope1__protein_npx__P02774,0.0031501706664520453,0.0
lag1__peptide_mean__Q99683,0.0031471295016490468,0.0
lag1__protein_npx__P80748,0.0031060897400581036,0.0
slope1__peptide_mean__P02652,0.0031004009010322606,0.0
peptide_std__P16070,0.003098392407029327,0.0
slope1__peptide_count__P07711,0.0030960384300909713,0.0
lag1__peptide_mean__Q96PD5,0.0030608141154878105,0.0
slope1__peptide_count__P30086,0.0030510791894520868,0.0
lag1__peptide_count__P01860,0.0030467001838965966,0.0
missing__peptide_log__KAADDTWEPFASGK,0.003040168060953815,0.0
rollmean2__peptide_log__LEGQEEEEDNRDSSMK,0.003033300263351652,0.0
lag1__peptide_mean__P09486,0.0030328492311596407,0.0
rollmean2__peptide_abundance_std,0.0030319376136863137,0.0
missing__peptide_count__Q9NQ79,0.003031906644660641,0.0
missing__protein_npx__Q9NQ79,0.003031906644660641,0.0
missing__peptide_mean__Q9NQ79,0.003031906644660641,0.0
slope1__peptide_std__P02765,0.0030288691662220873,0.0
delta1__peptide_std__P05067,0.0030271730817442617,0.0
peptide_log__VTLTC(UniMod_4)VAPLSGVDFQLR,0.003020605979843814,0.0
slope1__peptide_std__P08493,0.003010409573696043,0.0
peptide_mean__P02792,0.0030055074134122802,0.0
peptide_std__P10909,0.003002534554932841,0.0
lag1__peptide_std__Q16270,0.0029747558687538106,0.0
lag1__peptide_std__P36955,0.002953898015706837,0.0
delta1__peptide_std__P06681,0.0029464087263484486,0.0
peptide_mean__Q96KN2,0.00294026377171219,0.0
lag1__protein_npx__P01019,0.002939668594389392,0.0
peptide_std__P25311,0.0029316425667450193,0.0
delta1__peptide_std__Q14624,0.0029103672284767693,0.0
peptide_log__SGEATDGARPQALPEPMQESK,0.0029102306469208318,0.0
peptide_count__Q16270,0.0029100696406740676,0.0
rollmean2__peptide_count__P04217,0.0029093830060020497,0.0
rollmean2__protein_npx__Q13332,0.0029010264872333827,0.0
slope1__current_updrs_3,0.0029003675893316365,0.0
lag1__peptide_mean__P02675,0.0028986127748958073,0.0
peptide_count__P04196,0.0028952525290509503,0.0
slope1__peptide_mean__P09871,0.0028833081817466475,0.0
lag1__peptide_std__P02747,0.0028808278543136466,0.0
slope1__protein_npx__Q8NE71,0.002866348709978558,0.0
lag1__peptide_std__P17174,0.002866275247025328,0.0
lag1__peptide_count__P02751,0.002864553571438615,0.0
slope1__peptide_mean__P02760,0.002854838399223674,0.0
delta1__peptide_log__FNKPFVFLM(UniMod_35)IEQNTK,0.0028200663245786066,0.0
lag1__protein_npx__P16070,0.002816345892134486,0.0
lag1__peptide_std__P05067,0.002812792533425033,0.0
delta1__peptide_count__Q12841,0.0028040791608519447,0.0
slope1__peptide_count__P08493,0.002802356513008844,0.0
delta1__peptide_std__Q16610,0.0027951541055757077,0.0
lag1__peptide_std__O00533,0.0027689735871947825,0.0
lag1__peptide_mean__P43121,0.002768932166558672,0.0
lag1__peptide_mean__P05156,0.002759478830266445,0.0
delta1__protein_npx__O94919,0.0027583527370119536,0.0
delta1__peptide_count__P13987,0.0027512614518013664,0.0
slope1__peptide_count__P02748,0.0027470450764973406,0.0
delta1__peptide_std__P01834,0.0027381488409229885,0.0
missing__peptide_log__MASGAANVVGPK,0.002733157833353979,0.0
slope1__peptide_mean__P01859,0.002732311111885247,0.0
slope1__protein_npx__P01834,0.002726483950859204,0.0
delta1__months_since_baseline,0.0027103926653726804,0.0
months_since_prev_visit,0.0027103926653726804,0.0
lag1__peptide_mean__P07858,0.0027031646423083754,0.0
rollmean2__peptide_std__P04217,0.0026845209517188627,0.0
slope1__peptide_log__AYQGVAAPFPK,0.00268153642222609,0.0
slope1__peptide_count__P09486,0.0026762475205408002,0.0
slope1__peptide_std__P07225,0.0026634678426853387,0.0
delta1__peptide_log__LQAEAFQAR,0.0026539850914974036,0.0
lag1__peptide_count__P05090,0.0026494628999573972,0.0
delta1__peptide_std__P20774,0.0026434251807070297,0.0
delta1__peptide_std__P02763,0.0026348404285048144,0.0
lag1__protein_npx__P04207,0.0026315799518039635,0.0
protein_npx__P02790,0.0026309845911289343,0.0
slope1__peptide_mean__P05090,0.002617199514689827,0.0
peptide_std__P05452,0.0026068362894850674,0.0
lag1__peptide_std__P00748,0.002599734400376487,0.0
peptide_mean__P10909,0.0025980437867711512,0.0
slope1__peptide_count__P19823,0.0025934382285756367,0.0
missing__peptide_std__Q12907,0.002587107562829866,0.0
lag1__protein_npx__P13611,0.002587102822526774,0.0
peptide_mean__P14314,0.0025807129460892276,0.0
lag1__peptide_mean__Q99832,0.0025645459728629396,0.0
delta1__peptide_count__P23142,0.002561141222539679,0.0
rollmean2__peptide_std__P02675,0.0025463065650622118,0.0
delta1__peptide_mean__P02656,0.002541177894272292,0.0
slope1__peptide_mean__P14314,0.0025402433314615125,0.0
lag1__protein_npx__P05155,0.0025297511568294403,0.0
peptide_mean__P01023,0.002524737460122684,0.0
protein_npx__P43652,0.002514592939345089,0.0
slope1__peptide_mean__P13671,0.0025041075205161733,0.0
lag1__peptide_std__P05452,0.002484702397669253,0.0
delta1__peptide_mean__P39060,0.0024727763164673244,0.0
rollmean2__peptide_mean__Q15904,0.002465371547046587,0.0
lag1__peptide_mean__P13591,0.002464833575510757,0.0
missing__peptide_log__M(UniMod_35)ASGAANVVGPK,0.002462247853717122,0.0
slope1__peptide_mean__P20774,0.0024525879937940787,0.0
protein_npx__P06681,0.002446651791075922,0.0
peptide_log__VGYVSGWGR,0.002444540164234544,0.0
peptide_log__LC(UniMod_4)MGSGLNLC(UniMod_4)EPNNKEGYYGYTGAFR,0.0024416385621905635,0.0
slope1__protein_npx__P19652,0.0024230451048944113,0.0
peptide_mean__P04075,0.002420060500455012,0.0
lag1__peptide_count__P01009,0.002412760967162748,0.0
slope1__protein_npx__P02750,0.0023841621637628167,0.0
slope1__protein_npx__P43251,0.0023761136867093326,0.0
rollmean2__peptide_mean__P01042,0.0023700000055666927,0.0
lag1__peptide_abundance_sum,0.002358356433716135,0.0
lag1__peptide_log__ATVNPSAPR,0.00235666967424547,0.0
lag1__peptide_mean__P08123,0.00235162568258869,0.0
rollmean2__protein_npx__P02452,0.0023457653890856566,0.0
peptide_mean__P19823,0.002340242748869333,0.0
missing__peptide_mean__P00441,0.0023391293299678496,0.0
missing__protein_npx__P00441,0.0023391293299678496,0.0
missing__peptide_count__P00441,0.0023391293299678496,0.0
delta1__peptide_std__P00746,0.002321610210827595,0.0
slope1__peptide_mean__P07602,0.0023034680296231233,0.0
missing__protein_npx__P17174,0.0023024151671427267,0.0
missing__peptide_count__P17174,0.0023024151671427267,0.0
missing__peptide_mean__P17174,0.0023024151671427267,0.0
slope1__peptide_log__SLAELGGHLDQQVEEFRR,0.002292866067826328,0.0
slope1__peptide_count__P10645,0.0022818148192728354,0.0
delta1__protein_npx__O14773,0.002279666620948177,0.0
missing__peptide_count__P08637,0.0022731286043955364,0.0
missing__protein_npx__P08637,0.0022731286043955364,0.0
missing__peptide_mean__P08637,0.0022731286043955364,0.0
delta1__peptide_log__ATVNPSAPR,0.002272721391099023,0.0
slope1__peptide_log__NFPPSQDASGDLYTTSSQLTLPATQC(UniMod_4)LAGK,0.002270613710797406,0.0
lag1__peptide_log__AYKSELEEQLTPVAEETR,0.002264524492566691,0.0
rollmean2__peptide_mean__Q14624,0.0022627371123831925,0.0
slope1__protein_npx__Q13283,0.002262360124751198,0.0
peptide_std__P08603,0.00222910222495014,0.0
slope1__peptide_mean__P20933,0.002225299120956896,0.0
peptide_count__P02787,0.0022252891715360225,0.0
lag1__peptide_mean__P06454,0.002201637403795915,0.0
rollmean2__peptide_mean__P01833,0.0021979122532170903,0.0
delta1__peptide_log__VTSIQDWVQK,0.002188658952761977,0.0
lag1__protein_npx__P36955,0.0021788780251591144,0.0
rollmean2__protein_npx__P40925,0.0021757850854450277,0.0
lag1__protein_npx__P23142,0.002170482801207332,0.0
delta1__protein_npx__Q92520,0.0021659039804781278,0.0
slope1__protein_npx__P16152,0.0021613448271151072,0.0
delta1__peptide_log__GEVQAMLGQSTEELR,0.0021578842721520714,0.0
slope1__peptide_mean__P49908,0.0021557776643361956,0.0
lag1__peptide_log__LPPTSAHGNVAEGETKPDPDVTER,0.0021510333766142646,0.0
delta1__peptide_mean__P20774,0.002138355317818772,0.0
peptide_mean__P04196,0.002121904673535421,0.0
lag1__protein_npx__P02760,0.00211480375701502,0.0
slope1__peptide_mean__Q13740,0.002109102961981321,0.0
peptide_log__ALGISPFHEHAEVVFTANDSGPR,0.0020971102122217125,0.0
lag1__peptide_mean__P01042,0.0020921704475322603,0.0
peptide_mean__P07858,0.0020902364522641876,0.0
slope1__protein_npx__P27169,0.0020801529790362852,0.0
delta1__protein_npx__P04216,0.0020691630171715495,0.0
missing__peptide_log__DSGEGDFLAEGGGVR,0.0020604368183406037,0.0
slope1__peptide_log__HYDGSYSTFGER,0.0020600209154102034,0.0
lag1__protein_npx__Q9UHG2,0.00204543296297303,0.0
peptide_log__IHWESASLLR,0.0020207246977396506,0.0
rollmean2__peptide_mean__P10909,0.00199808573918823,0.0
lag1__peptide_mean__P01034,0.0019979589293035093,0.0
lag1__peptide_count__P61916,0.001984869989711395,0.0
lag1__peptide_log__TSPVDEKALQDQLVLVAAK,0.001981764743984949,0.0
rollmean2__peptide_mean__P40925,0.001976839499913346,0.0
slope1__peptide_std__P01008,0.0019618605551049917,0.0
missing__peptide_log__LGADM(UniMod_35)EDVC(UniMod_4)GR,0.0019448158034603333,0.0
lag1__protein_npx__P14618,0.0019351530135402438,0.0
lag1__peptide_log__SFNRGEC(UniMod_4),0.0019330260116170613,0.0
rollmean2__peptide_mean__P02649,0.0019301534378197878,0.0
delta1__peptide_count__P02749,0.0019089089189373637,0.0
slope1__protein_npx__P24592,0.0019017933632827953,0.0
peptide_mean__P30086,0.001899257782885807,0.0
lag1__protein_npx__Q92823,0.0018963224685262046,0.0
lag1__peptide_log__SGELEQEEER,0.0018849438992229084,0.0
rollmean2__protein_npx__P14618,0.0018849307711019886,0.0
delta1__protein_npx__P20933,0.0018839218189363415,0.0
peptide_std__P08493,0.0018616558122316266,0.0
slope1__peptide_std__P98160,0.0018532541402332967,0.0
missing__peptide_count__Q13283,0.0018499490930993056,0.0
missing__protein_npx__Q13283,0.0018499490930993056,0.0
missing__peptide_mean__Q13283,0.0018499490930993056,0.0
rollmean2__peptide_mean__P09104,0.0018418327755562475,0.0
slope1__protein_npx__Q14624,0.0018303951238848085,0.0
rollmean2__protein_npx__Q6UX71,0.0018287055166836563,0.0
delta1__peptide_mean__Q9UKV8,0.001822595305636815,0.0
slope1__peptide_std__Q9NQ79,0.001814955610281862,0.0
peptide_log__MASGAANVVGPK,0.0018143813057011596,0.0
rollmean2__peptide_count__P01834,0.0018136318016353879,0.0
lag1__peptide_mean__O15240,0.0018124872406054464,0.0
slope1__protein_npx__O14791,0.00180278312966367,0.0
lag1__months_since_baseline,0.0017981662818400256,0.0
delta1__protein_npx__P13671,0.0017895196303339403,0.0
slope1__peptide_mean__P12109,0.0017894531193762455,0.0
peptide_mean__P04406,0.0017796325501278105,0.0
slope1__protein_npx__Q13451,0.0017735378906279338,0.0
lag1__peptide_log__KVEQAVETEPEPELR,0.0017728058104266831,0.0
delta1__peptide_mean__P19827,0.001767989147492368,0.0
delta1__protein_npx__P16070,0.0017659810273367113,0.0
slope1__peptide_std__O75144,0.001752554359028362,0.0
slope1__protein_npx__P02765,0.00174092100504568,0.0
lag1__peptide_mean__Q06481,0.0017364362657883397,0.0
peptide_mean__Q6UX71,0.001734498181690725,0.0
delta1__peptide_count__P08697,0.0017252720152864916,0.0
delta1__peptide_mean__P02747,0.0017211407920291054,0.0
rollmean2__protein_npx__P01024,0.0017148758374120263,0.0
delta1__peptide_count__P61916,0.0017133962937069657,0.0
delta1__peptide_count__Q92823,0.0016851640205962594,0.0
rollmean2__peptide_mean__Q13332,0.0016527122368843062,0.0
delta1__protein_npx__P02671,0.0016466590627859084,0.0
delta1__peptide_mean__O43505,0.001630500035030273,0.0
lag1__protein_npx__Q7Z5P9,0.0016228652629545304,0.0
rollmean2__protein_npx__P02671,0.0016226572460819187,0.0
peptide_mean__P43251,0.001621845323243546,0.0
slope1__peptide_mean__P43251,0.0016188764709481021,0.0
slope1__peptide_mean__Q9BY67,0.0016090276035736237,0.0
lag1__peptide_log__SC(UniMod_4)DTPPPC(UniMod_4)PR,0.0015862234469824984,0.0
lag1__peptide_log__FNKPFVFLM(UniMod_35)IEQNTK,0.0015860340083136992,0.0
lag1__peptide_count__P98160,0.0015718045830444343,0.0
peptide_log__LSNENHGIAQR,0.0015715435823164964,0.0
delta1__protein_npx__P19652,0.0015709246524297973,0.0
lag1__peptide_count__P02652,0.0015491359550130895,0.0
lag1__peptide_mean__P01876,0.001538109089897074,0.0
peptide_mean__P02649,0.0015280623817658923,0.0
delta1__peptide_count__O14773,0.0015244566377314592,0.0
delta1__peptide_std__P08493,0.0014981309450462967,0.0
lag1__peptide_mean__P04275,0.0014968907290531506,0.0
delta1__peptide_std__P10643,0.0014924881378619048,0.0
peptide_feature_count,0.001490276225099719,0.0
peptide_missing_fraction,0.0014902762250996054,0.0
rollmean2__peptide_feature_count,0.0014854924707154561,0.0
rollmean2__peptide_missing_fraction,0.0014854924707154002,0.0
delta1__protein_npx__P04406,0.0014729029708598698,0.0
lag1__peptide_log__LGQSLDC(UniMod_4)NAEVYVVPWEK,0.0014637173426210223,0.0
slope1__protein_npx__Q9UBX5,0.0014596555301198831,0.0
lag1__peptide_mean__P01861,0.0014118507741543319,0.0
lag1__peptide_log__TTPPVLDSDGSFFLYSR,0.0014118507741543319,0.0
delta1__peptide_mean__P05067,0.0014061561402401385,0.0
lag1__peptide_mean__P08253,0.001366932255964722,0.0
peptide_mean__P02679,0.001360272785851917,0.0
missing__peptide_count__P01861,0.0013560925306361038,0.0
missing__peptide_mean__P01861,0.0013560925306361038,0.0
missing__peptide_log__TTPPVLDSDGSFFLYSR,0.0013560925306361038,0.0
missing__protein_npx__P01861,0.0013560925306361038,0.0
slope1__peptide_count__P05060,0.00134815935646561,0.0
missing__peptide_std__Q6UXB8,0.0013310816273543323,0.0
slope1__protein_npx__P08571,0.0013289346994709,0.0
protein_npx__P00748,0.0013270977899721994,0.0
peptide_std__Q06481,0.001324526589572063,0.0
rollmean2__peptide_mean__Q92823,0.0013210902056848262,0.0
delta1__peptide_mean__O15394,0.0013172063959529913,0.0
slope1__peptide_mean__P13591,0.001298152775052193,0.0
rollmean2__protein_npx__P17174,0.0012980768762522318,0.0
delta1__peptide_std__P02675,0.0012868125061468502,0.0
missing__peptide_std__P00736,0.0012853005726208271,0.0
lag1__peptide_std__P02774,0.0012775523165361358,0.0
lag1__protein_npx__P13671,0.0012707262823243616,0.0
protein_npx__P17174,0.0012636150643336736,0.0
lag1__protein_npx__P06454,0.0012618364979742425,0.0
rollmean2__peptide_count__P04004,0.0012373080676912748,0.0
lag1__peptide_mean__P02656,0.0012326866669476024,0.0
rollmean2__protein_npx__P02675,0.0012291995843711277,0.0
peptide_std__P02790,0.0012197056471679852,0.0
lag1__protein_npx__P08123,0.001218028635083308,0.0
delta1__peptide_mean__P04196,0.001211686305331589,0.0
lag1__peptide_count__Q92823,0.001204400226936064,0.0
delta1__peptide_mean__P17174,0.001202356087984767,0.0
rollmean2__peptide_log__LRTEGDGVYTLNNEK,0.001191295325724934,0.0
lag1__protein_npx__P04180,0.0011805258739065027,0.0
slope1__peptide_count__P02647,0.0011802813103081813,0.0
lag1__peptide_std__Q9UBX5,0.0011746637224907836,0.0
lag1__peptide_log__AATVGSLAGQPLQER,0.0011732046295885356,0.0
rollmean2__protein_npx__P19827,0.0011570235589982234,0.0
slope1__peptide_mean__P25311,0.0011538098432154263,0.0
rollmean2__peptide_observation_count,0.0011511377465345156,0.0
lag1__peptide_mean__P01011,0.001137346389049939,0.0
lag1__protein_npx__P01861,0.001135934817495891,0.0
lag1__peptide_std__P07711,0.0011358111438406204,0.0
delta1__peptide_mean__P01608,0.0011275525298402582,0.0
missing__peptide_log__GC(UniMod_4)PTEEGC(UniMod_4)GER,0.0011032862695507782,0.0
lag1__peptide_mean__Q8NBJ4,0.001091567342466259,0.0
lag1__protein_npx__P08294,0.0010838734917309144,0.0
peptide_mean__P19021,0.0010777838813013458,0.0
lag1__peptide_mean__P02647,0.0010708504294336249,0.0
missing__peptide_std__P20774,0.0010603884755800144,0.0
slope1__peptide_log__LGQSLDC(UniMod_4)NAEVYVVPWEK,0.001057859609855956,0.0
slope1__peptide_mean__P11142,0.0010544223240613376,0.0
slope1__peptide_std__P08697,0.0010477464376690494,0.0
slope1__peptide_std__Q16610,0.0010427204226921656,0.0
delta1__protein_npx__P09104,0.0010354419383163003,0.0
rollmean2__protein_npx__P05155,0.0010350880315786186,0.0
delta1__peptide_mean__P08571,0.001001643756917268,0.0
delta1__peptide_log__NPDSSTTGPWC(UniMod_4)YTTDPTVR,0.0009831660429417957,0.0
protein_npx__Q92876,0.0009679306509255665,0.0
delta1__peptide_std__O00533,0.0009603371424344619,0.0
rollmean2__peptide_log__YVMLPVADQDQC(UniMod_4)IR,0.0009453075858044224,0.0
protein_npx__Q92823,0.0009367068278940524,0.0
delta1__peptide_mean__P04275,0.0009276632288828892,0.0
slope1__peptide_count__O00584,0.0009269151888963278,0.0
rollmean2__peptide_log__VQPYLDDFQKK,0.0009183666281295459,0.0
rollmean2__protein_npx__P01042,0.0009121027441555704,0.0
delta1__peptide_mean__P04075,0.0009111998193845599,0.0
slope1__peptide_count__P06727,0.0008796295085417671,0.0
peptide_mean__Q92823,0.0008767593740492323,0.0
delta1__protein_npx__P18065,0.0008640857676139437,0.0
rollmean2__protein_npx__P27169,0.0008625791831700369,0.0
delta1__peptide_mean__P02652,0.0008341796274697636,0.0
delta1__peptide_std__Q9NQ79,0.000827620709070115,0.0
slope1__peptide_count__P16070,0.0008238433536148579,0.0
peptide_mean__P02790,0.0008087625065050937,0.0
slope1__peptide_std__P36955,0.0007940837803316284,0.0
slope1__peptide_log__LVGGPM(UniMod_35)DASVEEEGVRR,0.0007827037809088279,0.0
missing__peptide_count__P35542,0.0007706839649860645,0.0
missing__protein_npx__P35542,0.0007706839649860645,0.0
missing__peptide_mean__P35542,0.0007706839649860645,0.0
delta1__peptide_log__LGADMEDVC(UniMod_4)GR,0.0007612576619512234,0.0
slope1__protein_npx__P41222,0.000761175818081695,0.0
missing__peptide_count__P20933,0.0007566223037526983,0.0
missing__peptide_mean__P20933,0.0007566223037526983,0.0
missing__protein_npx__P20933,0.0007566223037526983,0.0
protein_npx__O75144,0.0007558886266214033,0.0
rollmean2__peptide_std__Q13740,0.0007479004432402491,0.0
lag1__peptide_count__P08603,0.000745104941175437,0.0
slope1__peptide_std__P00738,0.0007377785538667506,0.0
protein_npx__P23142,0.0007376066362494193,0.0
lag1__peptide_count__P01857,0.0007210803246673955,0.0
peptide_count__P02763,0.0007190860181016826,0.0
slope1__peptide_log__TKEEYGHSEVVEYYC(UniMod_4)NPR,0.0007062755577291331,0.0
slope1__peptide_log__SELEEQLTPVAEETR,0.0006956608233342322,0.0
lag1__protein_npx__P04275,0.0006801959355572352,0.0
delta1__peptide_mean__P17936,0.0006704093383764625,0.0
delta1__protein_npx__Q99969,0.0006689603064882795,0.0
missing__protein_npx__O00391,0.0006617901903694303,0.0
missing__peptide_mean__O00391,0.0006617901903694303,0.0
missing__peptide_count__O00391,0.0006617901903694303,0.0
lag1__peptide_log__VMPIC(UniMod_4)LPSKDYAEVGR,0.0006573160401805773,0.0
delta1__peptide_mean__P02768,0.0006134065993612069,0.0
slope1__peptide_mean__P80748,0.0006117188280353696,0.0
rollmean2__peptide_count__P02749,0.0006051416225632544,0.0
delta1__peptide_log__MYYSAVDPTKDIFTGLIGPM(UniMod_35)K,0.0006015952138828167,0.0
delta1__protein_npx__P39060,0.0006002234860730274,0.0
lag1__peptide_log__LSKELQAAQAR,0.0005883256762028591,0.0
rollmean2__peptide_std__P05067,0.0005822904462188102,0.0
peptide_std__O94919,0.0005767865445204991,0.0
slope1__peptide_count__P01023,0.0005495023580342519,0.0
slope1__peptide_log__FNKPFVFLM(UniMod_35)IEQNTK,0.0005491794340832983,0.0
rollmean2__peptide_std__P13987,0.0005476016771484201,0.0
rollmean2__peptide_log__TKEEYGHSEVVEYYC(UniMod_4)NPR,0.0005428645503586561,0.0
missing__peptide_log__IHWESASLLR,0.0005373621919942109,0.0
slope1__protein_npx__P04275,0.0005208317567828746,0.0
missing__protein_npx__Q562R1,0.0005207574104365946,0.0
missing__peptide_count__Q562R1,0.0005207574104365946,0.0
missing__peptide_mean__Q562R1,0.0005207574104365946,0.0
protein_npx__Q96KN2,0.0005164603405893274,0.0
delta1__peptide_count__P09486,0.000508258636768693,0.0
lag1__peptide_mean__Q6UX71,0.000502459214195671,0.0
delta1__protein_npx__Q96KN2,0.0004984373473586306,0.0
slope1__peptide_mean__P02750,0.0004955683100141133,0.0
lag1__peptide_mean__P17174,0.0004950985018362308,0.0
delta1__peptide_count__P10645,0.0004919771465508368,0.0
delta1__peptide_mean__P98160,0.0004906908159157839,0.0
lag1__peptide_mean__Q9UBX5,0.0004792369935977569,0.0
slope1__protein_npx__Q96KN2,0.0004773464578272718,0.0
slope1__peptide_mean__P11277,0.00047469612944110365,0.0
protein_npx__P02747,0.00047122240111195364,0.0
lag1__protein_npx__Q9HDC9,0.00046452681720455646,0.0
lag1__peptide_observation_count,0.0004623740207658463,0.0
slope1__peptide_count__P02760,0.0004522753918331403,0.0
lag1__protein_npx__P17174,0.00043286041070000024,0.0
slope1__peptide_std__P01009,0.00040636910298844694,0.0
slope1__peptide_log__QIGSVYR,0.0004010261785465834,0.0
peptide_std__P02765,0.0003981963000532953,0.0
rollmean2__protein_npx__P01009,0.0003832716161324131,0.0
lag1__protein_npx__Q08380,0.0003659500217614982,0.0
lag1__peptide_log__QWAGLVEK,0.00036238022043264223,0.0
slope1__peptide_mean__P07225,0.00032392138179344453,0.0
missing__peptide_log__GYQLSDVDGVTC(UniMod_4)EDIDEC(UniMod_4)ALPTGGHIC(UniMod_4)SYR,0.0003162147898107733,0.0
lag1__protein_npx__O00584,0.0003108737388422219,0.0
peptide_mean__Q9Y646,0.00027747744323611354,0.0
delta1__peptide_std__Q14118,0.000277419885405254,0.0
rollmean2__peptide_mean__Q9Y6R7,0.0002766846250549164,0.0
rollmean2__peptide_abundance_sum,0.00024135697100403268,0.0
delta1__peptide_log__LGPLVEQGR,0.00022221857361013107,0.0
slope1__peptide_log__VQAAVGTSAAPVPSDNH,0.00021695867259205123,0.0
slope1__peptide_log__QKVEPLRAELQEGAR,0.00019060046616062852,0.0
lag1__peptide_count__P10645,0.0001848108287225938,0.0
slope1__protein_npx__P02753,0.00018407827115284265,0.0
peptide_log__SFNRGEC(UniMod_4),0.00017372113492256612,0.0
rollmean2__peptide_count__Q12907,0.0001669936831466872,0.0
slope1__peptide_log__FM(UniMod_35)ETVAEK,0.00015197811307529445,0.0
missing__peptide_std__O14773,0.00015063325028778454,0.0
slope1__peptide_abundance_sum,0.00015030625410888997,0.0
slope1__peptide_mean__Q13449,0.00014787912793005973,0.0
missing__peptide_log__QQETAAAETETR,0.00011067524595082646,0.0
slope1__peptide_mean__P04275,0.0001068359438448106,0.0
delta1__peptide_mean__P05060,0.0001017163961996078,0.0
rollmean2__peptide_mean__P00747,8.955084422443719e-05,0.0
lag1__peptide_std__P12109,8.566974576113299e-05,0.0
protein_npx__P40925,8.399596506342393e-05,0.0
delta1__peptide_count__P02750,6.472533863468938e-05,0.0
peptide_log__TEGDGVYTLNNEK,5.081943594775935e-05,0.0
rollmean2__peptide_count__Q16270,5.065101780984046e-05,0.0
lag1__peptide_count__P00734,3.713447712610631e-05,0.0
delta1__peptide_std__O75144,3.563386447945436e-05,0.0
delta1__peptide_mean__P20933,3.5277724548096225e-05,0.0
rollmean2__peptide_std__P01857,3.308663267529254e-05,0.0
rollmean2__protein_npx__P13987,2.973176706396125e-05,0.0
slope1__peptide_count__P02774,1.7776016055495916e-05,0.0
missing__peptide_count__P07333,1.5165136021375053e-05,0.0
missing__peptide_mean__P07333,1.5165136021375053e-05,0.0
missing__protein_npx__P07333,1.5165136021375053e-05,0.0
lag1__peptide_mean__P10645,1.2885651765868946e-05,0.0
delta1__peptide_log__VDSGNDVTDIADDGC(UniMod_4)PKPPEIAHGYVEHSVR,1.120869392379556e-06,0.0
missing__peptide_count__Q9UHG2,0.0,0.0
slope1__peptide_count__Q9UKV8,0.0,0.0
lag1__peptide_count__O14498,0.0,0.0
missing__peptide_std__P07602,0.0,0.0
lag1__peptide_count__O00391,0.0,0.0
slope1__peptide_count__Q562R1,0.0,0.0
slope1__peptide_count__Q6UX71,0.0,0.0
delta1__peptide_count__P04211,0.0,0.0
missing__peptide_std__P05090,0.0,0.0
missing__peptide_std__P05155,0.0,0.0
missing__peptide_std__P07339,0.0,0.0
missing__peptide_std__P01019,0.0,0.0
missing__peptide_std__P01023,0.0,0.0
missing__peptide_std__P01024,0.0,0.0
missing__peptide_std__P01034,0.0,0.0
missing__peptide_std__P01042,0.0,0.0
missing__peptide_count__Q92520,0.0,0.0
missing__peptide_std__P00450,0.0,0.0
missing__peptide_std__P00734,0.0,0.0
missing__peptide_std__P00738,0.0,0.0
missing__peptide_std__P00747,0.0,0.0
missing__peptide_std__P00751,0.0,0.0
missing__peptide_std__P05452,0.0,0.0
missing__peptide_count__Q7Z3B1,0.0,0.0
missing__peptide_mean__Q92520,0.0,0.0
missing__peptide_mean__Q92823,0.0,0.0
missing__peptide_mean__Q92876,0.0,0.0
missing__peptide_mean__Q96KN2,0.0,0.0
missing__peptide_mean__Q96PD5,0.0,0.0
missing__peptide_mean__Q9UHG2,0.0,0.0
missing__peptide_std__O00533,0.0,0.0
missing__peptide_std__P02790,0.0,0.0
missing__peptide_std__P06396,0.0,0.0
missing__peptide_std__P06727,0.0,0.0
missing__peptide_std__P07225,0.0,0.0
missing__peptide_count__Q7Z5P9,0.0,0.0
missing__peptide_std__P25311,0.0,0.0
delta1__peptide_count__P10451,0.0,0.0
missing__peptide_std__P07998,0.0,0.0
missing__peptide_std__P08294,0.0,0.0
missing__peptide_std__P08571,0.0,0.0
missing__peptide_std__P08603,0.0,0.0
missing__peptide_std__P08697,0.0,0.0
missing__peptide_std__P09486,0.0,0.0
missing__peptide_std__P09871,0.0,0.0
delta1__peptide_count__P07858,0.0,0.0
delta1__peptide_count__P08123,0.0,0.0
missing__peptide_std__P05060,0.0,0.0
delta1__peptide_count__P08253,0.0,0.0
slope1__peptide_count__Q9UNU6,0.0,0.0
delta1__peptide_count__P08637,0.0,0.0
missing__peptide_log__QWAGLVEK,0.0,0.0
delta1__peptide_count__P09104,0.0,0.0
slope1__peptide_count__Q96S96,0.0,0.0
delta1__peptide_count__P04216,0.0,0.0
delta1__peptide_count__P04275,0.0,0.0
slope1__months_since_baseline,0.0,0.0
delta1__peptide_count__P04406,0.0,0.0
delta1__peptide_count__P05408,0.0,0.0
delta1__peptide_count__P08133,0.0,0.0
missing__peptide_count__Q96PD5,0.0,0.0
missing__peptide_std__P04004,0.0,0.0
missing__peptide_count__Q96KN2,0.0,0.0
missing__peptide_count__Q92876,0.0,0.0
missing__peptide_std__P04180,0.0,0.0
missing__peptide_std__P04196,0.0,0.0
missing__peptide_std__P04217,0.0,0.0
missing__peptide_std__P04433,0.0,0.0
missing__peptide_std__P01011,0.0,0.0
missing__peptide_std__P05067,0.0,0.0
missing__peptide_std__P02751,0.0,0.0
missing__peptide_std__P24592,0.0,0.0
missing__peptide_std__P02760,0.0,0.0
missing__peptide_std__P02765,0.0,0.0
missing__peptide_std__P02766,0.0,0.0
missing__peptide_std__P02768,0.0,0.0
missing__peptide_std__P02774,0.0,0.0
missing__peptide_std__P02787,0.0,0.0
missing__peptide_std__P10645,0.0,0.0
missing__peptide_std__P10909,0.0,0.0
missing__peptide_std__P13987,0.0,0.0
missing__peptide_std__P18065,0.0,0.0
slope1__peptide_count__Q9Y646,0.0,0.0
missing__peptide_std__P23142,0.0,0.0
missing__peptide_std__P02753,0.0,0.0
slope1__peptide_count__Q99969,0.0,0.0
missing__peptide_mean__Q7Z3B1,0.0,0.0
missing__peptide_mean__Q7Z5P9,0.0,0.0
slope1__peptide_count__Q99832,0.0,0.0
lag1__peptide_count__P04156,0.0,0.0
lag1__peptide_count__P04207,0.0,0.0
lag1__peptide_count__P04211,0.0,0.0
lag1__peptide_count__P04216,0.0,0.0
slope1__peptide_count__Q99829,0.0,0.0
lag1__peptide_count__P04275,0.0,0.0
slope1__peptide_count__Q99683,0.0,0.0
slope1__peptide_count__Q99674,0.0,0.0
missing__peptide_std__P02675,0.0,0.0
missing__peptide_log__AYKSELEEQLTPVAEETR,0.0,0.0
missing__peptide_log__ANRPFLVFIR,0.0,0.0
delta1__peptide_count__P80748,0.0,0.0
delta1__peptide_count__Q02818,0.0,0.0
missing__peptide_mean__Q14515,0.0,0.0
missing__peptide_log__AKLEEQAQQIR,0.0,0.0
missing__peptide_log__ADDKETC(UniMod_4)FAEEGK,0.0,0.0
slope1__peptide_count__Q9UBR2,0.0,0.0
missing__current_updrs_2,0.0,0.0
missing__current_updrs_1,0.0,0.0
lag1__peptide_count__P02792,0.0,0.0
delta1__peptide_count__P36980,0.0,0.0
slope1__peptide_count__O00391,0.0,0.0
missing__peptide_mean__P41222,0.0,0.0
missing__peptide_mean__P43652,0.0,0.0
missing__peptide_mean__P51884,0.0,0.0
missing__peptide_mean__P61769,0.0,0.0
missing__peptide_mean__P61916,0.0,0.0
missing__peptide_mean__P80748,0.0,0.0
missing__peptide_mean__P19652,0.0,0.0
missing__peptide_mean__P19823,0.0,0.0
missing__peptide_mean__P20774,0.0,0.0
missing__peptide_mean__P36955,0.0,0.0
missing__peptide_mean__P23142,0.0,0.0
missing__peptide_mean__P24592,0.0,0.0
missing__peptide_mean__Q16610,0.0,0.0
missing__peptide_log__GSPAINVAVHVFRK,0.0,0.0
missing__peptide_mean__P10909,0.0,0.0
missing__peptide_mean__P12109,0.0,0.0
missing__peptide_mean__P13521,0.0,0.0
missing__peptide_mean__P13987,0.0,0.0
missing__peptide_mean__P16035,0.0,0.0
missing__peptide_mean__P16070,0.0,0.0
missing__peptide_mean__P16870,0.0,0.0
missing__peptide_mean__P18065,0.0,0.0
slope1__peptide_count__O14498,0.0,0.0
missing__peptide_mean__Q14624,0.0,0.0
slope1__peptide_count__Q9BY67,0.0,0.0
missing__peptide_mean__Q16270,0.0,0.0
missing__peptide_mean__P25311,0.0,0.0
missing__current_medication_unknown,0.0,0.0
slope1__peptide_count__P01031,0.0,0.0
missing__peptide_log__SPVGVQPILNEHTFC(UniMod_4)AGMSK,0.0,0.0
slope1__peptide_count__P01033,0.0,0.0
slope1__peptide_count__P01344,0.0,0.0
slope1__peptide_count__P01591,0.0,0.0
slope1__peptide_count__P01594,0.0,0.0
missing__peptide_log__TLLSNLEEAKK,0.0,0.0
delta1__peptide_count__P11142,0.0,0.0
delta1__peptide_count__P11277,0.0,0.0
delta1__peptide_count__P13473,0.0,0.0
delta1__peptide_count__P13521,0.0,0.0
delta1__peptide_count__P40925,0.0,0.0
delta1__peptide_count__P14174,0.0,0.0
delta1__peptide_count__P16152,0.0,0.0
missing__peptide_std__P01834,0.0,0.0
missing__peptide_std__P01876,0.0,0.0
missing__peptide_std__P02647,0.0,0.0
missing__peptide_std__P02649,0.0,0.0
missing__peptide_std__P02671,0.0,0.0
delta1__peptide_count__P06310,0.0,0.0
missing__peptide_std__P02679,0.0,0.0
missing__peptide_std__P02749,0.0,0.0
missing__peptide_std__P01008,0.0,0.0
missing__peptide_std__P01009,0.0,0.0
missing__current_updrs_3,0.0,0.0
delta1__peptide_count__P13671,0.0,0.0
delta1__peptide_count__P43251,0.0,0.0
delta1__peptide_count__P49588,0.0,0.0
missing__peptide_missing_fraction,0.0,0.0
delta1__peptide_count__P49908,0.0,0.0
delta1__peptide_count__P60174,0.0,0.0
delta1__peptide_count__P61278,0.0,0.0
delta1__peptide_count__P61626,0.0,0.0
lag1__peptide_count__P01591,0.0,0.0
lag1__peptide_count__P01594,0.0,0.0
lag1__peptide_count__P01608,0.0,0.0
lag1__peptide_count__P01621,0.0,0.0
lag1__peptide_count__P01717,0.0,0.0
delta1__peptide_count__P19021,0.0,0.0
missing__peptide_log__DASGVTFTWTPSSGK,0.0,0.0
missing__peptide_log__AYQGVAAPFPK,0.0,0.0
missing__months_since_baseline,0.0,0.0
missing__visit_index,0.0,0.0
slope1__peptide_count__P01608,0.0,0.0
slope1__peptide_count__P01621,0.0,0.0
slope1__peptide_count__P01717,0.0,0.0
slope1__peptide_count__P01780,0.0,0.0
slope1__peptide_count__P01833,0.0,0.0
lag1__peptide_count__P01031,0.0,0.0
lag1__peptide_count__P01033,0.0,0.0
lag1__peptide_count__P01344,0.0,0.0
delta1__peptide_count__P17936,0.0,0.0
lag1__peptide_count__P01780,0.0,0.0
slope1__peptide_count__P04207,0.0,0.0
slope1__peptide_count__P04211,0.0,0.0
slope1__peptide_count__P04216,0.0,0.0
slope1__peptide_count__Q8NBJ4,0.0,0.0
slope1__peptide_count__Q8N2S1,0.0,0.0
slope1__peptide_count__Q8IWV7,0.0,0.0
slope1__peptide_count__Q7Z5P9,0.0,0.0
slope1__peptide_count__Q7Z3B1,0.0,0.0
slope1__peptide_count__P04275,0.0,0.0
slope1__peptide_count__P04406,0.0,0.0
delta1__peptide_count__P01780,0.0,0.0
missing__peptide_count__Q14515,0.0,0.0
delta1__peptide_count__P01861,0.0,0.0
delta1__peptide_count__P02655,0.0,0.0
slope1__peptide_count__Q6UXD5,0.0,0.0
slope1__peptide_count__P49908,0.0,0.0
slope1__peptide_count__P49588,0.0,0.0
missing__peptide_count__P23142,0.0,0.0
missing__peptide_count__P20774,0.0,0.0
missing__peptide_count__P19823,0.0,0.0
lag1__peptide_count__O14791,0.0,0.0
lag1__peptide_count__O43505,0.0,0.0
lag1__peptide_count__O60888,0.0,0.0
missing__peptide_count__P19652,0.0,0.0
delta1__peptide_count__P01833,0.0,0.0
missing__peptide_count__P02649,0.0,0.0
missing__peptide_count__P02652,0.0,0.0
missing__peptide_count__P02656,0.0,0.0
missing__peptide_count__P02671,0.0,0.0
missing__peptide_count__P02675,0.0,0.0
missing__peptide_count__P02766,0.0,0.0
missing__peptide_count__P02768,0.0,0.0
missing__peptide_count__P02774,0.0,0.0
missing__peptide_count__P02787,0.0,0.0
missing__peptide_count__P02790,0.0,0.0
missing__peptide_count__P04004,0.0,0.0
missing__peptide_count__P04156,0.0,0.0
slope1__peptide_count__P04156,0.0,0.0
slope1__peptide_count__P35542,0.0,0.0
slope1__peptide_count__P32754,0.0,0.0
slope1__peptide_count__P31997,0.0,0.0
slope1__peptide_count__P23083,0.0,0.0
slope1__peptide_count__P05408,0.0,0.0
slope1__peptide_count__P06310,0.0,0.0
slope1__peptide_count__P06454,0.0,0.0
slope1__peptide_count__P20933,0.0,0.0
slope1__peptide_count__P07195,0.0,0.0
slope1__peptide_count__P07333,0.0,0.0
slope1__peptide_count__P07858,0.0,0.0
lag1__peptide_count__O75326,0.0,0.0
missing__peptide_count__P04180,0.0,0.0
missing__peptide_count__P24592,0.0,0.0
slope1__peptide_count__P16152,0.0,0.0
missing__peptide_count__P07225,0.0,0.0
missing__peptide_count__P07339,0.0,0.0
missing__peptide_count__P07602,0.0,0.0
missing__peptide_count__P07858,0.0,0.0
missing__peptide_count__P04196,0.0,0.0
missing__peptide_count__P04217,0.0,0.0
missing__peptide_count__P04433,0.0,0.0
missing__peptide_count__P05060,0.0,0.0
missing__peptide_count__P05067,0.0,0.0
missing__peptide_count__P05090,0.0,0.0
missing__peptide_count__P18065,0.0,0.0
missing__peptide_count__P05155,0.0,0.0
missing__peptide_count__P05156,0.0,0.0
slope1__peptide_count__P13671,0.0,0.0
slope1__peptide_count__P13521,0.0,0.0
missing__peptide_count__P36222,0.0,0.0
missing__peptide_count__P36955,0.0,0.0
slope1__peptide_count__P13473,0.0,0.0
slope1__peptide_count__P11277,0.0,0.0
missing__peptide_count__P41222,0.0,0.0
missing__peptide_count__P43652,0.0,0.0
delta1__peptide_count__O14498,0.0,0.0
delta1__peptide_count__O00391,0.0,0.0
slope1__peptide_count__P14174,0.0,0.0
missing__peptide_count__P16870,0.0,0.0
missing__peptide_count__P16070,0.0,0.0
slope1__peptide_count__P11142,0.0,0.0
slope1__peptide_count__P10451,0.0,0.0
slope1__peptide_count__P09104,0.0,0.0
slope1__peptide_count__P08637,0.0,0.0
missing__peptide_count__P10451,0.0,0.0
missing__peptide_count__P10643,0.0,0.0
missing__peptide_count__P10645,0.0,0.0
missing__peptide_count__P10909,0.0,0.0
missing__peptide_count__P12109,0.0,0.0
missing__peptide_count__P13521,0.0,0.0
missing__peptide_count__P25311,0.0,0.0
missing__peptide_count__P16035,0.0,0.0
missing__peptide_count__P07998,0.0,0.0
missing__peptide_count__P08294,0.0,0.0
missing__peptide_count__P08493,0.0,0.0
missing__peptide_count__P08571,0.0,0.0
missing__peptide_count__P08603,0.0,0.0
missing__peptide_count__P08697,0.0,0.0
missing__peptide_count__P09486,0.0,0.0
missing__peptide_count__P09871,0.0,0.0
missing__peptide_count__P05452,0.0,0.0
missing__peptide_count__P06396,0.0,0.0
missing__peptide_count__P06727,0.0,0.0
missing__peptide_count__P13987,0.0,0.0
slope1__peptide_count__P02655,0.0,0.0
slope1__peptide_count__P08133,0.0,0.0
slope1__peptide_count__P08253,0.0,0.0
slope1__peptide_count__Q13451,0.0,0.0
slope1__peptide_count__Q13449,0.0,0.0
slope1__peptide_count__Q13332,0.0,0.0
slope1__peptide_count__Q13283,0.0,0.0
slope1__peptide_count__Q02818,0.0,0.0
missing__peptide_std__P36222,0.0,0.0
missing__peptide_std__P36955,0.0,0.0
delta1__peptide_count__P02792,0.0,0.0
missing__peptide_count__P02647,0.0,0.0
delta1__peptide_count__P04207,0.0,0.0
slope1__peptide_count__P80748,0.0,0.0
slope1__peptide_count__P08123,0.0,0.0
missing__peptide_count__P01042,0.0,0.0
missing__peptide_count__P01344,0.0,0.0
missing__peptide_count__P01621,0.0,0.0
missing__peptide_count__P01717,0.0,0.0
missing__peptide_count__P01834,0.0,0.0
missing__peptide_count__P01857,0.0,0.0
missing__peptide_count__P01859,0.0,0.0
missing__peptide_count__P01860,0.0,0.0
missing__peptide_count__P00751,0.0,0.0
delta1__peptide_count__P04156,0.0,0.0
slope1__peptide_count__Q96BZ4,0.0,0.0
delta1__peptide_count__P06454,0.0,0.0
delta1__peptide_count__P07195,0.0,0.0
slope1__peptide_count__Q8NE71,0.0,0.0
missing__peptide_count__Q16270,0.0,0.0
delta1__peptide_count__P07333,0.0,0.0
missing__peptide_count__Q14624,0.0,0.0
slope1__peptide_count__P02792,0.0,0.0
missing__peptide_std__P41222,0.0,0.0
missing__peptide_std__P43652,0.0,0.0
missing__peptide_count__Q12805,0.0,0.0
missing__peptide_count__Q08380,0.0,0.0
slope1__peptide_count__Q14508,0.0,0.0
missing__peptide_std__P51884,0.0,0.0
missing__peptide_count__P61916,0.0,0.0
missing__peptide_std__Q08380,0.0,0.0
missing__peptide_std__Q12805,0.0,0.0
slope1__peptide_count__P61626,0.0,0.0
slope1__peptide_count__P61278,0.0,0.0
slope1__peptide_count__P60174,0.0,0.0
lag1__peptide_count__P01833,0.0,0.0
lag1__peptide_count__P01861,0.0,0.0
missing__peptide_count__Q16610,0.0,0.0
slope1__peptide_count__Q15904,0.0,0.0
slope1__peptide_count__P01861,0.0,0.0
missing__peptide_count__P80748,0.0,0.0
delta1__peptide_count__P01594,0.0,0.0
delta1__peptide_count__P01608,0.0,0.0
delta1__peptide_count__P01621,0.0,0.0
delta1__peptide_count__P01717,0.0,0.0
missing__peptide_count__P02763,0.0,0.0
missing__peptide_count__P02765,0.0,0.0
delta1__peptide_count__O43505,0.0,0.0
delta1__peptide_count__O14791,0.0,0.0
slope1__peptide_count__P19827,0.0,0.0
slope1__peptide_count__P19021,0.0,0.0
slope1__peptide_count__P17936,0.0,0.0
missing__peptide_count__P02679,0.0,0.0
missing__peptide_count__P01008,0.0,0.0
missing__peptide_count__P02748,0.0,0.0
missing__peptide_count__P02749,0.0,0.0
missing__peptide_count__P61769,0.0,0.0
missing__peptide_count__P02750,0.0,0.0
missing__peptide_count__P02751,0.0,0.0
missing__peptide_count__P02753,0.0,0.0
missing__peptide_count__P02760,0.0,0.0
missing__peptide_count__P51884,0.0,0.0
slope1__peptide_count__P43251,0.0,0.0
slope1__peptide_count__P40925,0.0,0.0
slope1__peptide_count__P36980,0.0,0.0
missing__peptide_count__P01876,0.0,0.0
missing__peptide_count__P02747,0.0,0.0
missing__peptide_count__P01009,0.0,0.0
missing__peptide_count__P01011,0.0,0.0
missing__peptide_count__P01019,0.0,0.0
missing__peptide_count__P01023,0.0,0.0
missing__peptide_count__P01024,0.0,0.0
missing__peptide_count__P01034,0.0,0.0
missing__peptide_count__O15240,0.0,0.0
missing__peptide_count__O43505,0.0,0.0
missing__peptide_count__O75144,0.0,0.0
missing__peptide_count__P00450,0.0,0.0
missing__peptide_count__P00734,0.0,0.0
missing__peptide_count__P00738,0.0,0.0
delta1__peptide_count__P01591,0.0,0.0
missing__peptide_count__P00748,0.0,0.0
missing__peptide_std__Q14515,0.0,0.0
missing__peptide_std__Q16270,0.0,0.0
delta1__peptide_count__O75326,0.0,0.0
missing__peptide_std__Q92520,0.0,0.0
missing__peptide_std__Q96KN2,0.0,0.0
missing__peptide_std__Q9UHG2,0.0,0.0
delta1__peptide_count__O60888,0.0,0.0
missing__peptide_count__O00533,0.0,0.0
delta1__peptide_count__P01031,0.0,0.0
delta1__peptide_count__P01033,0.0,0.0
delta1__peptide_count__P01344,0.0,0.0
missing__peptide_count__P00747,0.0,0.0
peptide_count__P02655,0.0,0.0
peptide_count__Q8IWV7,0.0,0.0
peptide_count__Q8N2S1,0.0,0.0
peptide_count__Q8NBJ4,0.0,0.0
peptide_count__Q8NE71,0.0,0.0
peptide_count__Q9UNU6,0.0,0.0
peptide_count__Q9Y646,0.0,0.0
peptide_count__Q13451,0.0,0.0
peptide_count__Q14508,0.0,0.0
peptide_count__Q15904,0.0,0.0
peptide_count__Q562R1,0.0,0.0
peptide_count__Q6UX71,0.0,0.0
peptide_count__Q6UXD5,0.0,0.0
peptide_count__Q7Z3B1,0.0,0.0
slope1__peptide_count__Q9HDC9,0.0,0.0
rollmean2__peptide_count__O00391,0.0,0.0
rollmean2__peptide_count__O14498,0.0,0.0
peptide_count__Q13283,0.0,0.0
peptide_count__Q13332,0.0,0.0
peptide_count__Q13449,0.0,0.0
peptide_count__P35542,0.0,0.0
peptide_count__P36980,0.0,0.0
peptide_count__P40925,0.0,0.0
peptide_count__P43251,0.0,0.0
peptide_count__P49588,0.0,0.0
peptide_count__P49908,0.0,0.0
peptide_count__P60174,0.0,0.0
missing__protein_npx__O00533,0.0,0.0
missing__protein_npx__O15240,0.0,0.0
missing__protein_npx__O43505,0.0,0.0
peptide_count__Q7Z5P9,0.0,0.0
peptide_count__P01717,0.0,0.0
peptide_count__P01780,0.0,0.0
peptide_count__P01833,0.0,0.0
rollmean2__peptide_count__P01033,0.0,0.0
rollmean2__peptide_count__P01344,0.0,0.0
rollmean2__peptide_count__P01591,0.0,0.0
rollmean2__peptide_count__P01594,0.0,0.0
rollmean2__peptide_count__P01608,0.0,0.0
rollmean2__peptide_count__P01621,0.0,0.0
peptide_count__P31997,0.0,0.0
peptide_count__P32754,0.0,0.0
peptide_count__Q99435,0.0,0.0
peptide_count__Q99674,0.0,0.0
peptide_count__Q99683,0.0,0.0
peptide_count__P01861,0.0,0.0
rollmean2__peptide_count__O43505,0.0,0.0
rollmean2__peptide_count__O60888,0.0,0.0
rollmean2__peptide_count__O75326,0.0,0.0
rollmean2__peptide_count__P01031,0.0,0.0
peptide_count__O00391,0.0,0.0
peptide_count__O14498,0.0,0.0
peptide_count__O14791,0.0,0.0
peptide_count__O43505,0.0,0.0
peptide_count__O60888,0.0,0.0
peptide_count__O75326,0.0,0.0
peptide_count__Q96BZ4,0.0,0.0
peptide_count__Q96S96,0.0,0.0
rollmean2__peptide_count__P07195,0.0,0.0
rollmean2__peptide_count__P07333,0.0,0.0
peptide_count__P11142,0.0,0.0
rollmean2__peptide_count__O14791,0.0,0.0
missing__protein_npx__P01011,0.0,0.0
missing__protein_npx__P01019,0.0,0.0
missing__protein_npx__P01023,0.0,0.0
missing__protein_npx__P02748,0.0,0.0
missing__protein_npx__P02749,0.0,0.0
missing__protein_npx__P02750,0.0,0.0
missing__protein_npx__P02751,0.0,0.0
missing__protein_npx__P02753,0.0,0.0
missing__protein_npx__P02760,0.0,0.0
missing__protein_npx__P02763,0.0,0.0
missing__protein_npx__P02765,0.0,0.0
missing__protein_npx__P02675,0.0,0.0
missing__protein_npx__P02679,0.0,0.0
missing__protein_npx__P02747,0.0,0.0
missing__protein_npx__O75144,0.0,0.0
missing__protein_npx__P01876,0.0,0.0
missing__protein_npx__P02647,0.0,0.0
missing__protein_npx__P02649,0.0,0.0
missing__protein_npx__P02652,0.0,0.0
missing__protein_npx__P02656,0.0,0.0
missing__protein_npx__P02671,0.0,0.0
lag1__peptide_count__Q9UKV8,0.0,0.0
missing__protein_npx__P01042,0.0,0.0
missing__protein_npx__P01344,0.0,0.0
missing__protein_npx__P01621,0.0,0.0
missing__protein_npx__P01717,0.0,0.0
missing__protein_npx__P01834,0.0,0.0
missing__protein_npx__P01857,0.0,0.0
missing__protein_npx__P01859,0.0,0.0
missing__protein_npx__P07998,0.0,0.0
missing__protein_npx__P01860,0.0,0.0
missing__protein_npx__P00450,0.0,0.0
missing__protein_npx__P00734,0.0,0.0
missing__protein_npx__P00738,0.0,0.0
lag1__peptide_count__Q9BY67,0.0,0.0
lag1__peptide_count__Q9HDC9,0.0,0.0
delta1__visit_index,0.0,0.0
lag1__peptide_count__Q96S96,0.0,0.0
lag1__peptide_count__Q99435,0.0,0.0
lag1__peptide_count__Q99674,0.0,0.0
lag1__peptide_count__Q99683,0.0,0.0
lag1__peptide_count__Q99829,0.0,0.0
lag1__peptide_count__Q99832,0.0,0.0
lag1__peptide_count__Q99969,0.0,0.0
lag1__peptide_count__Q9NYU2,0.0,0.0
lag1__peptide_count__Q9UBR2,0.0,0.0
missing__protein_npx__P01009,0.0,0.0
peptide_count__Q99832,0.0,0.0
peptide_count__Q99969,0.0,0.0
peptide_count__Q9BY67,0.0,0.0
peptide_count__Q9HDC9,0.0,0.0
peptide_count__Q9NYU2,0.0,0.0
peptide_count__Q9UBR2,0.0,0.0
peptide_count__Q9UKV8,0.0,0.0
missing__protein_npx__P01024,0.0,0.0
missing__protein_npx__P01034,0.0,0.0
lag1__peptide_count__Q9UNU6,0.0,0.0
lag1__peptide_count__Q9Y646,0.0,0.0
missing__protein_npx__P00747,0.0,0.0
missing__protein_npx__P00748,0.0,0.0
missing__protein_npx__P00751,0.0,0.0
missing__protein_npx__P01008,0.0,0.0
peptide_count__Q99829,0.0,0.0
rollmean2__peptide_count__Q02818,0.0,0.0
rollmean2__peptide_count__Q13283,0.0,0.0
rollmean2__peptide_count__Q13332,0.0,0.0
rollmean2__peptide_count__Q13449,0.0,0.0
rollmean2__peptide_count__Q13451,0.0,0.0
rollmean2__peptide_count__Q14508,0.0,0.0
rollmean2__peptide_count__Q15904,0.0,0.0
rollmean2__peptide_count__P49588,0.0,0.0
rollmean2__peptide_count__P49908,0.0,0.0
rollmean2__peptide_count__P60174,0.0,0.0
rollmean2__peptide_count__P61278,0.0,0.0
rollmean2__peptide_count__P61626,0.0,0.0
rollmean2__peptide_count__P80748,0.0,0.0
peptide_count__P08253,0.0,0.0
peptide_count__P01621,0.0,0.0
peptide_count__P09104,0.0,0.0
peptide_count__P10451,0.0,0.0
rollmean2__peptide_count__P16152,0.0,0.0
rollmean2__peptide_count__P17936,0.0,0.0
rollmean2__peptide_count__P19021,0.0,0.0
rollmean2__peptide_count__Q9NYU2,0.0,0.0
peptide_count__P05408,0.0,0.0
peptide_count__P06310,0.0,0.0
peptide_count__P06454,0.0,0.0
peptide_count__P07195,0.0,0.0
peptide_count__P07333,0.0,0.0
peptide_count__P07858,0.0,0.0
peptide_count__P08123,0.0,0.0
peptide_count__P08133,0.0,0.0
rollmean2__peptide_count__P09104,0.0,0.0
peptide_count__P08637,0.0,0.0
missing__peptide_log__KQELSEAEQATR,0.0,0.0
missing__peptide_log__LQAEAFQAR,0.0,0.0
missing__peptide_feature_count,0.0,0.0
rollmean2__peptide_count__P19827,0.0,0.0
rollmean2__peptide_count__P20933,0.0,0.0
rollmean2__peptide_count__P23083,0.0,0.0
rollmean2__peptide_count__P31997,0.0,0.0
rollmean2__peptide_count__P32754,0.0,0.0
rollmean2__peptide_count__P35542,0.0,0.0
rollmean2__peptide_count__P36980,0.0,0.0
rollmean2__peptide_count__P40925,0.0,0.0
rollmean2__peptide_count__P43251,0.0,0.0
missing__peptide_count__Q92823,0.0,0.0
rollmean2__peptide_count__Q99829,0.0,0.0
slope1__peptide_count__Q9NYU2,0.0,0.0
rollmean2__peptide_count__Q8N2S1,0.0,0.0
missing__has_previous_visit,0.0,0.0
missing__peptide_log__QNC(UniMod_4)ELFEQLGEYK,0.0,0.0
rollmean2__peptide_count__Q8NBJ4,0.0,0.0
rollmean2__peptide_count__Q8NE71,0.0,0.0
rollmean2__peptide_count__Q96BZ4,0.0,0.0
rollmean2__peptide_count__Q96S96,0.0,0.0
rollmean2__peptide_count__Q99435,0.0,0.0
rollmean2__peptide_count__Q99674,0.0,0.0
rollmean2__peptide_count__Q99683,0.0,0.0
rollmean2__peptide_count__Q562R1,0.0,0.0
rollmean2__peptide_count__Q6UX71,0.0,0.0
rollmean2__peptide_count__Q6UXD5,0.0,0.0
rollmean2__peptide_count__Q7Z3B1,0.0,0.0
rollmean2__peptide_count__Q7Z5P9,0.0,0.0
rollmean2__peptide_count__Q8IWV7,0.0,0.0
slope1__peptide_count__Q99435,0.0,0.0
rollmean2__peptide_count__Q9UBR2,0.0,0.0
rollmean2__peptide_count__Q9UKV8,0.0,0.0
rollmean2__peptide_count__Q9UNU6,0.0,0.0
rollmean2__peptide_count__Q9Y646,0.0,0.0
peptide_count__P02792,0.0,0.0
peptide_count__P04156,0.0,0.0
peptide_count__P04207,0.0,0.0
rollmean2__peptide_count__P04207,0.0,0.0
rollmean2__peptide_count__P04211,0.0,0.0
rollmean2__peptide_count__P04216,0.0,0.0
rollmean2__peptide_count__P04275,0.0,0.0
rollmean2__peptide_count__P04406,0.0,0.0
rollmean2__peptide_count__P05408,0.0,0.0
rollmean2__peptide_count__P06310,0.0,0.0
rollmean2__peptide_count__P10451,0.0,0.0
rollmean2__peptide_count__P01780,0.0,0.0
rollmean2__peptide_count__P01833,0.0,0.0
rollmean2__peptide_count__P01861,0.0,0.0
rollmean2__peptide_count__P02655,0.0,0.0
rollmean2__peptide_count__P02792,0.0,0.0
rollmean2__peptide_count__P04156,0.0,0.0
peptide_count__P61278,0.0,0.0
peptide_count__P61626,0.0,0.0
peptide_count__P80748,0.0,0.0
peptide_count__Q02818,0.0,0.0
rollmean2__peptide_count__P01717,0.0,0.0
peptide_count__P01344,0.0,0.0
peptide_count__P01591,0.0,0.0
peptide_count__P01594,0.0,0.0
peptide_count__P01608,0.0,0.0
rollmean2__peptide_count__P06454,0.0,0.0
rollmean2__peptide_count__P11142,0.0,0.0
rollmean2__peptide_count__P11277,0.0,0.0
rollmean2__peptide_count__P13473,0.0,0.0
rollmean2__peptide_count__P13521,0.0,0.0
rollmean2__peptide_count__P13671,0.0,0.0
rollmean2__peptide_count__P14174,0.0,0.0
rollmean2__peptide_count__Q99832,0.0,0.0
rollmean2__peptide_count__Q99969,0.0,0.0
rollmean2__peptide_count__Q9BY67,0.0,0.0
rollmean2__peptide_count__Q9HDC9,0.0,0.0
rollmean2__peptide_count__P08123,0.0,0.0
rollmean2__peptide_count__P08133,0.0,0.0
rollmean2__peptide_count__P08253,0.0,0.0
rollmean2__peptide_count__P08637,0.0,0.0
peptide_count__P19827,0.0,0.0
peptide_count__P13671,0.0,0.0
peptide_count__P23083,0.0,0.0
rollmean2__peptide_count__P07858,0.0,0.0
peptide_count__P04275,0.0,0.0
peptide_count__P04406,0.0,0.0
peptide_count__P01031,0.0,0.0
peptide_count__P01033,0.0,0.0
peptide_count__P14174,0.0,0.0
peptide_count__P16152,0.0,0.0
peptide_count__P17936,0.0,0.0
peptide_count__P19021,0.0,0.0
peptide_count__P04211,0.0,0.0
peptide_count__P04216,0.0,0.0
peptide_count__P11277,0.0,0.0
peptide_count__P13473,0.0,0.0
peptide_count__P13521,0.0,0.0
peptide_count__P20933,0.0,0.0
delta1__peptide_count__Q13451,0.0,0.0
delta1__peptide_count__Q14508,0.0,0.0
missing__peptide_mean__P02760,0.0,0.0
missing__peptide_mean__P02763,0.0,0.0
missing__peptide_mean__P02765,0.0,0.0
missing__peptide_mean__P02766,0.0,0.0
missing__peptide_mean__P02768,0.0,0.0
missing__peptide_mean__P02774,0.0,0.0
missing__peptide_mean__P02787,0.0,0.0
missing__peptide_mean__P02790,0.0,0.0
missing__peptide_mean__P02675,0.0,0.0
missing__peptide_mean__P02679,0.0,0.0
missing__peptide_mean__P02747,0.0,0.0
missing__peptide_mean__P02748,0.0,0.0
missing__protein_npx__P08294,0.0,0.0
missing__peptide_mean__P02750,0.0,0.0
missing__peptide_mean__P02751,0.0,0.0
missing__peptide_mean__P02753,0.0,0.0
missing__peptide_mean__P01860,0.0,0.0
missing__peptide_mean__P01876,0.0,0.0
missing__peptide_mean__P02647,0.0,0.0
missing__peptide_mean__P02649,0.0,0.0
missing__peptide_mean__P02652,0.0,0.0
missing__peptide_mean__P02656,0.0,0.0
missing__peptide_mean__P02671,0.0,0.0
missing__peptide_mean__P01034,0.0,0.0
missing__peptide_mean__P01042,0.0,0.0
missing__peptide_mean__P01344,0.0,0.0
missing__peptide_mean__P01621,0.0,0.0
missing__peptide_mean__P01717,0.0,0.0
missing__peptide_mean__P02749,0.0,0.0
missing__protein_npx__Q96KN2,0.0,0.0
missing__protein_npx__Q96PD5,0.0,0.0
missing__protein_npx__Q9UHG2,0.0,0.0
missing__protein_feature_count,0.0,0.0
missing__peptide_mean__P00748,0.0,0.0
missing__peptide_mean__P00751,0.0,0.0
missing__peptide_mean__P01008,0.0,0.0
missing__peptide_mean__P01009,0.0,0.0
missing__peptide_mean__P01011,0.0,0.0
missing__peptide_mean__P01019,0.0,0.0
missing__peptide_mean__P01023,0.0,0.0
missing__peptide_mean__P01024,0.0,0.0
delta1__peptide_count__Q8NBJ4,0.0,0.0
delta1__peptide_count__Q8NE71,0.0,0.0
delta1__peptide_count__Q13449,0.0,0.0
missing__peptide_mean__P00734,0.0,0.0
missing__peptide_mean__P00738,0.0,0.0
missing__peptide_mean__P00747,0.0,0.0
delta1__peptide_count__Q15904,0.0,0.0
delta1__peptide_count__Q562R1,0.0,0.0
delta1__peptide_count__Q6UX71,0.0,0.0
delta1__peptide_count__Q6UXD5,0.0,0.0
delta1__peptide_count__Q7Z3B1,0.0,0.0
delta1__peptide_count__Q7Z5P9,0.0,0.0
delta1__peptide_count__Q8IWV7,0.0,0.0
delta1__peptide_count__Q8N2S1,0.0,0.0
missing__peptide_mean__O43505,0.0,0.0
missing__peptide_mean__O75144,0.0,0.0
delta1__peptide_count__Q13283,0.0,0.0
delta1__peptide_count__Q13332,0.0,0.0
missing__peptide_mean__P00450,0.0,0.0
missing__peptide_mean__P09486,0.0,0.0
missing__peptide_mean__P09871,0.0,0.0
slope1__peptide_count__O14791,0.0,0.0
slope1__peptide_count__O43505,0.0,0.0
slope1__peptide_count__O60888,0.0,0.0
slope1__peptide_count__O75326,0.0,0.0
missing__peptide_mean__P07339,0.0,0.0
missing__peptide_mean__P07602,0.0,0.0
missing__peptide_mean__P07858,0.0,0.0
missing__peptide_mean__P07998,0.0,0.0
missing__peptide_mean__P08294,0.0,0.0
missing__peptide_mean__P08493,0.0,0.0
missing__peptide_mean__P08571,0.0,0.0
missing__peptide_mean__P08603,0.0,0.0
missing__peptide_mean__P01834,0.0,0.0
lag1__peptide_count__P07858,0.0,0.0
missing__peptide_mean__P05156,0.0,0.0
missing__peptide_mean__P05452,0.0,0.0
missing__peptide_mean__P06396,0.0,0.0
missing__peptide_mean__P06727,0.0,0.0
missing__peptide_mean__P07225,0.0,0.0
missing__peptide_mean__Q08380,0.0,0.0
missing__peptide_mean__Q12805,0.0,0.0
delta1__peptide_count__P19827,0.0,0.0
delta1__peptide_count__P20933,0.0,0.0
delta1__peptide_count__P23083,0.0,0.0
delta1__peptide_count__P31997,0.0,0.0
delta1__peptide_count__P32754,0.0,0.0
delta1__peptide_count__P35542,0.0,0.0
missing__peptide_mean__P36222,0.0,0.0
lag1__peptide_count__P07333,0.0,0.0
missing__peptide_mean__P01857,0.0,0.0
missing__peptide_mean__P01859,0.0,0.0
lag1__peptide_count__P04406,0.0,0.0
lag1__peptide_count__P05408,0.0,0.0
lag1__peptide_count__P06310,0.0,0.0
lag1__peptide_count__P06454,0.0,0.0
lag1__peptide_count__P07195,0.0,0.0
lag1__peptide_count__P16152,0.0,0.0
lag1__peptide_count__P17936,0.0,0.0
lag1__peptide_count__P19021,0.0,0.0
lag1__peptide_count__P19827,0.0,0.0
lag1__peptide_count__P20933,0.0,0.0
lag1__peptide_count__P02655,0.0,0.0
missing__peptide_mean__P05090,0.0,0.0
missing__peptide_mean__P05155,0.0,0.0
missing__peptide_mean__P08697,0.0,0.0
lag1__peptide_count__P08133,0.0,0.0
lag1__peptide_count__P14174,0.0,0.0
missing__peptide_mean__P04004,0.0,0.0
missing__peptide_mean__P04156,0.0,0.0
missing__peptide_mean__P04180,0.0,0.0
missing__peptide_mean__P04196,0.0,0.0
missing__peptide_mean__P04217,0.0,0.0
missing__peptide_mean__P04433,0.0,0.0
missing__peptide_mean__P05060,0.0,0.0
missing__peptide_mean__P05067,0.0,0.0
lag1__peptide_count__P08253,0.0,0.0
lag1__peptide_count__P08637,0.0,0.0
missing__peptide_mean__P10451,0.0,0.0
missing__peptide_mean__P10643,0.0,0.0
missing__peptide_mean__P10645,0.0,0.0
lag1__peptide_count__P08123,0.0,0.0
missing__protein_npx__P16035,0.0,0.0
missing__protein_npx__P16070,0.0,0.0
missing__protein_npx__P16870,0.0,0.0
missing__protein_npx__P18065,0.0,0.0
missing__protein_npx__P19652,0.0,0.0
lag1__peptide_count__Q14508,0.0,0.0
lag1__peptide_count__Q15904,0.0,0.0
lag1__peptide_count__Q562R1,0.0,0.0
lag1__peptide_count__Q6UX71,0.0,0.0
lag1__peptide_count__Q6UXD5,0.0,0.0
lag1__peptide_count__Q7Z3B1,0.0,0.0
lag1__peptide_count__Q7Z5P9,0.0,0.0
lag1__peptide_count__Q8IWV7,0.0,0.0
lag1__peptide_count__Q13283,0.0,0.0
missing__protein_npx__Q92876,0.0,0.0
lag1__peptide_count__Q13449,0.0,0.0
lag1__peptide_count__Q13451,0.0,0.0
missing__protein_npx__P10451,0.0,0.0
missing__protein_npx__P10643,0.0,0.0
missing__protein_npx__P10645,0.0,0.0
missing__protein_npx__P10909,0.0,0.0
missing__protein_npx__P12109,0.0,0.0
missing__protein_npx__P13521,0.0,0.0
missing__protein_npx__P61769,0.0,0.0
missing__protein_npx__P61916,0.0,0.0
missing__protein_npx__P80748,0.0,0.0
missing__protein_npx__Q08380,0.0,0.0
missing__protein_npx__Q12805,0.0,0.0
delta1__peptide_count__Q96BZ4,0.0,0.0
lag1__peptide_count__Q8NE71,0.0,0.0
lag1__peptide_count__Q13332,0.0,0.0
missing__protein_npx__P08493,0.0,0.0
missing__protein_npx__P08571,0.0,0.0
missing__protein_npx__P08603,0.0,0.0
missing__protein_npx__P08697,0.0,0.0
missing__protein_npx__P09486,0.0,0.0
missing__protein_npx__P09871,0.0,0.0
missing__protein_npx__P05452,0.0,0.0
missing__protein_npx__P06396,0.0,0.0
missing__protein_npx__P06727,0.0,0.0
missing__protein_npx__P07225,0.0,0.0
missing__protein_npx__P07339,0.0,0.0
missing__protein_npx__P07602,0.0,0.0
missing__protein_npx__P07858,0.0,0.0
missing__protein_npx__P04196,0.0,0.0
missing__protein_npx__P04217,0.0,0.0
missing__protein_npx__P13987,0.0,0.0
missing__protein_npx__P05060,0.0,0.0
missing__protein_npx__P05067,0.0,0.0
missing__protein_npx__P05090,0.0,0.0
missing__protein_npx__P05155,0.0,0.0
missing__protein_npx__P05156,0.0,0.0
missing__protein_npx__P02766,0.0,0.0
missing__protein_npx__P02768,0.0,0.0
missing__protein_npx__P02774,0.0,0.0
missing__protein_npx__P02787,0.0,0.0
missing__protein_npx__P02790,0.0,0.0
missing__protein_npx__P04004,0.0,0.0
missing__protein_npx__P04156,0.0,0.0
missing__protein_npx__P04180,0.0,0.0
lag1__peptide_count__Q8N2S1,0.0,0.0
lag1__peptide_count__Q8NBJ4,0.0,0.0
missing__protein_npx__P04433,0.0,0.0
lag1__peptide_count__P23083,0.0,0.0
lag1__peptide_count__P31997,0.0,0.0
delta1__peptide_count__Q96S96,0.0,0.0
delta1__peptide_count__Q99435,0.0,0.0
delta1__peptide_count__Q99674,0.0,0.0
delta1__peptide_count__Q99683,0.0,0.0
delta1__peptide_count__Q99829,0.0,0.0
delta1__peptide_count__Q99832,0.0,0.0
delta1__peptide_count__Q99969,0.0,0.0
delta1__peptide_count__Q9BY67,0.0,0.0
lag1__peptide_count__P09104,0.0,0.0
lag1__peptide_count__P10451,0.0,0.0
lag1__peptide_count__P11142,0.0,0.0
lag1__peptide_count__P11277,0.0,0.0
lag1__peptide_count__Q96BZ4,0.0,0.0
lag1__peptide_count__P13521,0.0,0.0
lag1__peptide_count__P13671,0.0,0.0
missing__peptide_mean__O00533,0.0,0.0
missing__peptide_mean__O15240,0.0,0.0
lag1__peptide_count__Q02818,0.0,0.0
missing__protein_missing_fraction,0.0,0.0
missing__peptide_abundance_mean,0.0,0.0
missing__peptide_abundance_std,0.0,0.0
missing__peptide_abundance_min,0.0,0.0
missing__peptide_abundance_max,0.0,0.0
missing__peptide_abundance_sum,0.0,0.0
missing__peptide_observation_count,0.0,0.0
missing__protein_npx__Q7Z5P9,0.0,0.0
missing__protein_npx__Q92520,0.0,0.0
missing__protein_npx__Q92823,0.0,0.0
lag1__peptide_count__P13473,0.0,0.0
missing__protein_npx__P51884,0.0,0.0
missing__protein_npx__P36222,0.0,0.0
missing__protein_npx__P36955,0.0,0.0
missing__protein_npx__P41222,0.0,0.0
missing__protein_npx__P43652,0.0,0.0
lag1__peptide_count__P80748,0.0,0.0
missing__protein_npx__P19823,0.0,0.0
missing__protein_npx__P20774,0.0,0.0
missing__protein_npx__P23142,0.0,0.0
missing__protein_npx__P24592,0.0,0.0
missing__protein_npx__P25311,0.0,0.0
lag1__peptide_count__P61278,0.0,0.0
lag1__peptide_count__P61626,0.0,0.0
missing__protein_npx__Q14515,0.0,0.0
missing__protein_npx__Q14624,0.0,0.0
delta1__peptide_count__Q9Y646,0.0,0.0
missing__protein_npx__Q16610,0.0,0.0
missing__protein_npx__Q7Z3B1,0.0,0.0
lag1__peptide_count__P32754,0.0,0.0
lag1__peptide_count__P35542,0.0,0.0
lag1__peptide_count__P36980,0.0,0.0
lag1__peptide_count__P40925,0.0,0.0
lag1__peptide_count__P43251,0.0,0.0
lag1__peptide_count__P49588,0.0,0.0
lag1__peptide_count__P49908,0.0,0.0
lag1__peptide_count__P60174,0.0,0.0
delta1__peptide_count__Q9HDC9,0.0,0.0
delta1__peptide_count__Q9NYU2,0.0,0.0
delta1__peptide_count__Q9UBR2,0.0,0.0
delta1__peptide_count__Q9UKV8,0.0,0.0
delta1__peptide_count__Q9UNU6,0.0,0.0
missing__protein_npx__Q16270,0.0,0.0
