feature,importance_mean,importance_std
rollmean2__current_updrs_4,0.38044418948333075,0.0
current_updrs_4,0.17100607421586836,0.0
rollmean2__protein_npx__P05546,0.010443953946120665,0.0
slope1__peptide_log__VC(UniMod_4)PFAGILENGAVR,0.007187133316288497,0.0
rollmean2__peptide_count__P02749,0.007096323323158959,0.0
lag1__protein_npx__P02749,0.005269518745523205,0.0
lag1__peptide_mean__P36222,0.0045591799206347785,0.0
lag1__protein_npx__P19823,0.004302419619190123,0.0
rollmean2__peptide_mean__P02749,0.0033166507205433854,0.0
lag1__peptide_std__P02750,0.003266594846241128,0.0
lag1__protein_npx__P36222,0.003172057885387271,0.0
lag1__protein_npx__P04075,0.003123238596235337,0.0
rollmean2__protein_npx__P02749,0.003088345420430144,0.0
rollmean2__peptide_std__P08294,0.002980691725805746,0.0
rollmean2__protein_npx__P00736,0.002841478088909178,0.0
lag1__peptide_log__RLEGQEEEEDNRDSSMK,0.0027062641781142476,0.0
slope1__peptide_mean__P04207,0.0026374784763315458,0.0
rollmean2__peptide_std__P43652,0.0025121411069992964,0.0
rollmean2__current_updrs_1,0.00244369257998776,0.0
peptide_std__O15240,0.002402355622686309,0.0
lag1__current_updrs_4,0.002378137284882326,0.0
peptide_count__P09486,0.0023036089853406953,0.0
slope1__protein_npx__O15240,0.002088612180437084,0.0
peptide_mean__Q96PD5,0.001996992915760009,0.0
slope1__peptide_mean__P12109,0.001919175188204553,0.0
peptide_mean__P11142,0.0019128404662847767,0.0
protein_npx__P02790,0.001708590268875057,0.0
rollmean2__peptide_std__P61916,0.001591654855513536,0.0
rollmean2__protein_npx__Q8IWV7,0.0015701597125062858,0.0
rollmean2__peptide_mean__P41222,0.0015692318699393848,0.0
rollmean2__protein_npx__P19823,0.0015568803993185395,0.0
lag1__peptide_mean__P23083,0.001534612660269708,0.0
rollmean2__protein_npx__P02655,0.0014953902276894032,0.0
lag1__peptide_mean__Q8IWV7,0.0014733329596995348,0.0
lag1__peptide_std__P02749,0.0014657275505001752,0.0
lag1__peptide_std__P61769,0.0014435830913897272,0.0
rollmean2__peptide_abundance_min,0.0014345602752839038,0.0
lag1__peptide_log__VYC(UniMod_4)DMNTENGGWTVIQNR,0.0014256009444696693,0.0
rollmean2__peptide_log__TQVNTQAEQLRR,0.0013174837805462508,0.0
rollmean2__protein_npx__P27169,0.001296918617141111,0.0
slope1__peptide_log__YYWGGQYTWDMAK,0.00126537642424409,0.0
rollmean2__peptide_mean__P05546,0.0012427024225129405,0.0
peptide_std__P08294,0.0012409850295259997,0.0
current_updrs_1,0.0012284265775606529,0.0
peptide_log__HYDGSYSTFGER,0.0012181617696001114,0.0
lag1__peptide_count__P02749,0.0012180167487470938,0.0
peptide_log__QNC(UniMod_4)ELFEQLGEYK,0.0011994126857295933,0.0
slope1__peptide_mean__P60174,0.0011938715963758014,0.0
delta1__protein_npx__P19827,0.0011885304777048602,0.0
peptide_mean__P02765,0.0011868547297033587,0.0
rollmean2__peptide_std__P02675,0.0011841460001397951,0.0
delta1__peptide_mean__P19827,0.0011781236515794,0.0
delta1__peptide_std__P00736,0.0011599086256669656,0.0
peptide_log__AVGDKLPEC(UniMod_4)EADDGC(UniMod_4)PKPPEIAHGYVEHSVR,0.001132138587799759,0.0
rollmean2__peptide_count__P02765,0.0011044427196772815,0.0
delta1__peptide_count__P01023,0.0010933898192141986,0.0
slope1__peptide_std__Q92520,0.001080515426549939,0.0
rollmean2__peptide_std__Q9UHG2,0.0010490953617659947,0.0
lag1__peptide_std__P02748,0.0010486256288973932,0.0
protein_npx__Q06481,0.0010358591148555607,0.0
lag1__protein_npx__Q6UXB8,0.001023706990281016,0.0
rollmean2__peptide_mean__P04075,0.0010169639381590037,0.0
rollmean2__protein_npx__P16152,0.0010146809083358963,0.0
rollmean2__peptide_mean__O00584,0.0010122608137387318,0.0
peptide_log__KVEQAVETEPEPELR,0.0010121380106477248,0.0
peptide_std__P43652,0.0010029518661226354,0.0
rollmean2__protein_npx__P08697,0.0010023973435755254,0.0
lag1__peptide_log__ILTC(UniMod_4)M(UniMod_35)QGMEEIR,0.0009899408937987777,0.0
rollmean2__peptide_mean__P04180,0.0009693253211859736,0.0
rollmean2__peptide_log__RLEGQEEEEDNRDSSMK,0.0009621910829856686,0.0
missing__peptide_log__EILSVDC(UniMod_4)STNNPSQAK,0.0009610701428924305,0.0
delta1__peptide_log__YYWGGQYTWDMAK,0.000959907085413791,0.0
peptide_std__P39060,0.0009505411714351133,0.0
lag1__protein_npx__P02763,0.0009460117172991701,0.0
delta1__protein_npx__P01033,0.0009337482119984656,0.0
lag1__peptide_mean__P13671,0.000925204627676677,0.0
peptide_std__P19823,0.0009139930619902972,0.0
lag1__protein_npx__P24592,0.0009089928409501354,0.0
lag1__protein_npx__Q8IWV7,0.0008984649458547333,0.0
lag1__peptide_std__Q16270,0.0008957765385000889,0.0
peptide_log__TPLGDTTHTC(UniMod_4)PR,0.000879610685964773,0.0
rollmean2__peptide_std__P08571,0.0008783771881260455,0.0
peptide_log__VQAAVGTSAAPVPSDNH,0.0008688735745966325,0.0
rollmean2__peptide_std__P04433,0.0008662259238360006,0.0
delta1__peptide_log__VC(UniMod_4)PFAGILENGAVR,0.0008608975538557822,0.0
peptide_mean__P06727,0.0008548292968200176,0.0
peptide_std__P05546,0.000848162400293275,0.0
peptide_std__P02765,0.0008359620170404796,0.0
peptide_std__P18065,0.0008273426132195365,0.0
rollmean2__protein_npx__P11142,0.0008252810995728532,0.0
delta1__peptide_log__SNSSM(UniMod_35)HITDC(UniMod_4)R,0.0008179767189260744,0.0
current_medication_on,0.0008168063308447163,0.0
delta1__peptide_count__P19823,0.0007987063621129931,0.0
delta1__peptide_mean__P07195,0.0007966605753641728,0.0
rollmean2__protein_npx__P36222,0.0007893011877771109,0.0
slope1__protein_npx__P19827,0.000785040945937964,0.0
lag1__protein_missing_fraction,0.000779661228711902,0.0
lag1__peptide_std__P05156,0.0007696393381566475,0.0
peptide_count__P02749,0.0007616403201548997,0.0
delta1__peptide_log__KVEQAVETEPEPELR,0.0007538352802377684,0.0
lag1__protein_npx__P13671,0.0007530194497265947,0.0
rollmean2__current_updrs_2,0.0007463866090325618,0.0
delta1__peptide_mean__O43505,0.0007445952278766691,0.0
protein_npx__P19823,0.0007411956010122783,0.0
rollmean2__protein_npx__P02679,0.0007382672782277557,0.0
lag1__peptide_mean__O14773,0.0007339335345453603,0.0
delta1__protein_npx__P23142,0.0007306649652568436,0.0
peptide_std__P07998,0.0007276413065868454,0.0
peptide_std__Q12907,0.0007122827856529211,0.0
rollmean2__peptide_std__P02749,0.0007057429355587447,0.0
missing__peptide_mean__P01833,0.0007011900003499252,0.0
lag1__peptide_log__AYQGVAAPFPK,0.0006992372127646312,0.0
slope1__protein_npx__P01023,0.0006922209124533165,0.0
rollmean2__peptide_count__P04180,0.0006857058840550929,0.0
rollmean2__peptide_std__P41222,0.00068291180946215,0.0
slope1__protein_npx__P05452,0.000682851635464024,0.0
rollmean2__peptide_std__Q92876,0.0006810187524211988,0.0
rollmean2__peptide_log__YYWGGQYTWDMAK,0.0006701687162714397,0.0
slope1__peptide_std__P24592,0.0006685787114478872,0.0
delta1__peptide_mean__O15240,0.0006678140554285956,0.0
slope1__protein_npx__P02452,0.0006654474196394125,0.0
delta1__peptide_std__Q6UXB8,0.0006585107347977058,0.0
rollmean2__peptide_std__P02652,0.0006570159947112358,0.0
rollmean2__peptide_mean__Q9UBX5,0.0006543317921199452,0.0
lag1__peptide_std__Q08380,0.0006538663906537246,0.0
lag1__protein_npx__P23083,0.0006532097968761116,0.0
slope1__peptide_std__P04217,0.0006495174761776501,0.0
peptide_log__AATGEC(UniMod_4)TATVGKR,0.0006467308631819388,0.0
rollmean2__peptide_std__P13611,0.0006407223413922517,0.0
slope1__protein_npx__P11277,0.000630788769709238,0.0
peptide_abundance_std,0.0006293637968288904,0.0
rollmean2__peptide_log__HYDGSYSTFGER,0.0006274316156714866,0.0
slope1__peptide_mean__P19652,0.0006185087519372692,0.0
lag1__peptide_log__QQETAAAETETR,0.0006176333256753087,0.0
peptide_mean__P02751,0.0006115690871177056,0.0
lag1__peptide_mean__P19823,0.0006002247993207321,0.0
rollmean2__peptide_std__P02679,0.0005988641774449547,0.0
rollmean2__peptide_mean__Q14624,0.0005960433631724327,0.0
lag1__protein_npx__P02747,0.0005952570338389272,0.0
rollmean2__peptide_log__IHWESASLLR,0.0005939243352233335,0.0
rollmean2__peptide_std__P00738,0.0005919646927727513,0.0
slope1__peptide_log__KVEQAVETEPEPELR,0.0005903629264830241,0.0
rollmean2__peptide_std__P04180,0.0005900495859382317,0.0
slope1__protein_npx__P51884,0.0005896326647861017,0.0
delta1__peptide_mean__P02652,0.0005883923844108434,0.0
peptide_mean__P01042,0.0005880692021382107,0.0
peptide_std__P02652,0.0005871359345285166,0.0
delta1__protein_npx__P07711,0.0005851529656742099,0.0
lag1__peptide_std__P61916,0.0005769549273579662,0.0
peptide_log__TKEEYGHSEVVEYYC(UniMod_4)NPR,0.0005745756707264452,0.0
delta1__peptide_std__Q92520,0.0005724339184373245,0.0
rollmean2__protein_npx__P02747,0.0005693969068460551,0.0
rollmean2__protein_npx__P23083,0.00056445576951435,0.0
protein_npx__P05156,0.0005619027967529317,0.0
rollmean2__peptide_std__P10645,0.0005608094161288022,0.0
protein_npx__P14314,0.0005598040305939966,0.0
lag1__peptide_std__P01019,0.0005597384731808407,0.0
rollmean2__peptide_std__P20774,0.0005569825807086118,0.0
delta1__peptide_mean__P60174,0.0005553322503806733,0.0
slope1__protein_npx__P02787,0.0005552745637730397,0.0
lag1__peptide_std__P05067,0.0005494479391261656,0.0
lag1__protein_feature_count,0.0005474614658653044,0.0
delta1__peptide_log__M(UniMod_35)ASGAANVVGPK,0.0005466041601999938,0.0
rollmean2__peptide_std__P18065,0.0005464259318363882,0.0
lag1__peptide_std__P07339,0.000546345863087457,0.0
peptide_std__P02760,0.0005414777530497162,0.0
delta1__peptide_count__Q96KN2,0.0005384825655951973,0.0
rollmean2__peptide_count__P02790,0.000535544278052048,0.0
slope1__protein_npx__Q12805,0.000535170896239168,0.0
lag1__peptide_std__O15240,0.0005345204719883237,0.0
rollmean2__protein_npx__Q12841,0.0005339489683984849,0.0
lag1__peptide_log__LSSWVLLM(UniMod_35)K,0.0005326644904981504,0.0
missing__peptide_std__P06681,0.000530233811032736,0.0
peptide_abundance_min,0.0005301245695121677,0.0
rollmean2__peptide_std__P23142,0.0005280618086521091,0.0
lag1__peptide_log__AVGDKLPEC(UniMod_4)EADDGC(UniMod_4)PKPPEIAHGYVEHSVR,0.0005197802194839495,0.0
peptide_std__P01042,0.0005167292063042491,0.0
protein_npx__P35542,0.0005165447026290426,0.0
peptide_mean__O14498,0.0005152191359726829,0.0
lag1__peptide_mean__P04211,0.0005147479147534625,0.0
delta1__protein_npx__Q14515,0.0005141268338955003,0.0
slope1__peptide_log__MASGAANVVGPK,0.0005120060286978643,0.0
slope1__protein_npx__P07711,0.0005116030495655947,0.0
slope1__peptide_log__LVGGPM(UniMod_35)DASVEEEGVRR,0.0005068717890812421,0.0
peptide_mean__P07998,0.0005067035596621031,0.0
peptide_std__Q9Y6R7,0.0005062465340294083,0.0
lag1__protein_npx__Q9Y6R7,0.0005047262065071513,0.0
rollmean2__peptide_log__TPVSDRVTK,0.0005018107607246937,0.0
peptide_std__P16035,0.0005015166388864084,0.0
peptide_log__C(UniMod_4)SYTEDAQC(UniMod_4)IDGTIEVPK,0.000500400506658589,0.0
rollmean2__protein_npx__P13611,0.0005003379548515365,0.0
slope1__peptide_log__IHWESASLLR,0.0005000694547885002,0.0
slope1__peptide_mean__P02763,0.0004965749444723802,0.0
peptide_std__P02774,0.0004956165333462959,0.0
rollmean2__peptide_log__FLATTPNSLLVSWQPPR,0.0004953197436926066,0.0
peptide_mean__P25311,0.0004939104768696985,0.0
lag1__peptide_log__RTPITVVK,0.0004929576376768586,0.0
rollmean2__peptide_mean__P04211,0.0004912369599934859,0.0
rollmean2__peptide_count__P08697,0.0004909341495955454,0.0
rollmean2__peptide_count__Q12907,0.00048717923974800933,0.0
lag1__peptide_mean__P01621,0.00048685398694794983,0.0
peptide_log__GEVQAMLGQSTEELR,0.00048657310990639986,0.0
rollmean2__peptide_std__P09871,0.00048494044579857265,0.0
rollmean2__peptide_log__QNC(UniMod_4)ELFEQLGEYK,0.0004822250418303336,0.0
rollmean2__peptide_mean__P02765,0.0004806418259659277,0.0
delta1__peptide_log__VDSGNDVTDIADDGC(UniMod_4)PKPPEIAHGYVEHSVR,0.0004806199919472774,0.0
peptide_log__LSNENHGIAQR,0.00048018213737088816,0.0
rollmean2__peptide_log__C(UniMod_4)SYTEDAQC(UniMod_4)IDGTIEVPK,0.0004784066970547194,0.0
peptide_std__P25311,0.00047655326208468284,0.0
rollmean2__peptide_std__P00746,0.0004747221778481827,0.0
lag1__peptide_mean__P05546,0.0004745716126820514,0.0
delta1__protein_npx__P80748,0.00047407956634637553,0.0
peptide_mean__P19823,0.00047192460342246513,0.0
protein_npx__Q14508,0.000471601842661695,0.0
peptide_mean__P04196,0.00047044571001497916,0.0
peptide_std__P20774,0.000467843278401372,0.0
lag1__protein_npx__P04211,0.0004639603457217854,0.0
peptide_count__P00751,0.00045941641416014756,0.0
peptide_log__LFDSDPITVTVPVEVSR,0.0004586040090659775,0.0
rollmean2__peptide_std__P05067,0.0004577246171090171,0.0
slope1__current_updrs_4,0.0004561588726657519,0.0
peptide_std__P01876,0.00045384624913509704,0.0
rollmean2__peptide_mean__P19823,0.00045322019151075447,0.0
peptide_mean__P04217,0.00045264960698119,0.0
lag1__peptide_mean__P02749,0.00045048657165273545,0.0
rollmean2__peptide_std__P06396,0.0004502347436178894,0.0
protein_npx__P04211,0.00044850693071087425,0.0
delta1__protein_npx__P54289,0.0004479301769514725,0.0
peptide_log__LGQSLDC(UniMod_4)NAEVYVVPWEK,0.00044769726843881517,0.0
peptide_mean__P14314,0.0004474241954190825,0.0
rollmean2__peptide_mean__P02679,0.00044736953209423844,0.0
rollmean2__protein_npx__Q96PD5,0.00044463696980026856,0.0
rollmean2__peptide_std__Q9Y6R7,0.0004397296589624202,0.0
rollmean2__peptide_mean__P06454,0.00043319625369558706,0.0
delta1__peptide_mean__P01344,0.00043318739128665897,0.0
peptide_std__P06681,0.0004307371742868872,0.0
peptide_log__VKDLATVYVDVLK,0.0004296445118309206,0.0
delta1__peptide_log__NFPPSQDASGDLYTTSSQLTLPATQC(UniMod_4)PDGK,0.000429429996274899,0.0
rollmean2__protein_npx__P02766,0.0004275196369290524,0.0
peptide_std__Q08380,0.00042700797119137686,0.0
slope1__peptide_std__P00736,0.00042303812861323094,0.0
delta1__peptide_log__KQELSEAEQATR,0.0004223716929200126,0.0
lag1__peptide_mean__P02766,0.00042174626411434907,0.0
peptide_log__VYC(UniMod_4)DMNTENGGWTVIQNR,0.00042030117871739455,0.0
lag1__peptide_log__GEVQAMLGQSTEELR,0.0004196694800140122,0.0
slope1__protein_npx__P02760,0.00041943666357170293,0.0
current_updrs_2,0.0004171051820581223,0.0
slope1__peptide_log__VTLTC(UniMod_4)VAPLSGVDFQLR,0.00041356620537004105,0.0
lag1__peptide_mean__P10643,0.00041328418185180774,0.0
peptide_mean__P16152,0.0004119708862582556,0.0
rollmean2__peptide_std__P05156,0.0004100047178299366,0.0
rollmean2__protein_npx__P07858,0.00040826140048223314,0.0
rollmean2__peptide_log__AVGDKLPEC(UniMod_4)EADDGC(UniMod_4)PKPPEIAHGYVEHSVR,0.00040436127656552515,0.0
rollmean2__protein_npx__P98160,0.00040356277000058017,0.0
slope1__peptide_mean__Q99969,0.00039427331278496703,0.0
slope1__peptide_mean__O15240,0.0003926640274371804,0.0
lag1__peptide_mean__P01833,0.00038850711184316343,0.0
delta1__peptide_log__VDNALQSGNSQESVTEQDSKDSTYSLSSTLTLSK,0.00038797474092966254,0.0
slope1__peptide_abundance_std,0.00038715165850333874,0.0
delta1__protein_npx__P06727,0.00038596965174392673,0.0
rollmean2__peptide_mean__P04217,0.00038594654693061253,0.0
rollmean2__peptide_log__MYYSAVDPTKDIFTGLIGPM(UniMod_35)K,0.000385677287785804,0.0
slope1__protein_npx__P04180,0.0003842356925391548,0.0
rollmean2__peptide_std__P01019,0.0003834630212183105,0.0
rollmean2__protein_npx__P02763,0.0003817356553625401,0.0
rollmean2__peptide_mean__P02452,0.0003788657051974293,0.0
rollmean2__peptide_mean__O14773,0.000378781814451581,0.0
peptide_log__SGELEQEEER,0.0003782027425605132,0.0
protein_npx__P04196,0.00037757211449902816,0.0
rollmean2__peptide_log__KFPSGTFEQVSQLVK,0.00037737710350411265,0.0
delta1__peptide_log__NFPPSQDASGDLYTTSSQLTLPATQC(UniMod_4)LAGK,0.0003764229311330172,0.0
delta1__peptide_std__P61916,0.0003760947741497393,0.0
protein_npx__P80748,0.0003754416621630529,0.0
peptide_mean__Q9UKV8,0.0003747408491337042,0.0
slope1__peptide_mean__Q7Z5P9,0.0003743543398313254,0.0
delta1__peptide_std__P02751,0.0003716540449588228,0.0
delta1__peptide_log__SGELEQEEER,0.0003711858269874481,0.0
slope1__peptide_mean__P01033,0.000370413936231576,0.0
peptide_count__P02790,0.00036820523933191754,0.0
rollmean2__protein_npx__P41222,0.00036782007430412474,0.0
peptide_log__TTPPVLDSDGSFFLYSK,0.0003667528030114121,0.0
slope1__peptide_std__P23142,0.00036673290057775753,0.0
peptide_std__P04433,0.00036631077379613736,0.0
lag1__peptide_log__RGYQLSDVDGVTC(UniMod_4)EDIDEC(UniMod_4)ALPTGGHIC(UniMod_4)SYR,0.0003639653796388899,0.0
slope1__peptide_std__P61769,0.0003627395240894907,0.0
delta1__protein_npx__Q9UKV8,0.0003627311259105494,0.0
delta1__protein_npx__P01608,0.0003617636407327865,0.0
missing__peptide_log__HYTNPSQDVTVPC(UniMod_4)PVPPPPPC(UniMod_4)C(UniMod_4)HPR,0.0003610754000588391,0.0
protein_npx__P01621,0.0003605939668123437,0.0
rollmean2__peptide_log__TM(UniMod_35)LLQPAGSLGSYSYR,0.000360242687844198,0.0
delta1__peptide_mean__P02774,0.00035990425199865336,0.0
lag1__peptide_std__P14618,0.00035951404486602947,0.0
slope1__protein_npx__P02753,0.00035756864021130547,0.0
protein_npx__P01608,0.0003570840823194472,0.0
peptide_std__P02750,0.0003565064352890229,0.0
delta1__peptide_mean__P07602,0.0003564076923920405,0.0
lag1__peptide_log__TQVNTQAEQLRR,0.00035583777230078177,0.0
rollmean2__peptide_std__P36222,0.0003543225845608855,0.0
lag1__peptide_std__P02679,0.00035107962212053284,0.0
delta1__peptide_log__NPDPWAK,0.00035086968220448005,0.0
rollmean2__peptide_std__Q96PD5,0.00035068300958727793,0.0
lag1__peptide_std__P12109,0.0003503354731901817,0.0
peptide_std__Q16270,0.00035030358164033333,0.0
peptide_log__NPDSSTTGPWC(UniMod_4)YTTDPTVR,0.0003492630804751421,0.0
peptide_log__SWFEPLVEDM(UniMod_35)QR,0.0003490575986055824,0.0
peptide_std__P02768,0.000348612456489538,0.0
rollmean2__peptide_mean__P23083,0.0003477222967087688,0.0
current_updrs_3,0.00034754190385150854,0.0
rollmean2__peptide_log__TVVQPSVGAAAGPVVPPC(UniMod_4)PGR,0.0003471460715475294,0.0
peptide_std__P02675,0.00034690630248451494,0.0
rollmean2__peptide_mean__P19652,0.00034603989885682244,0.0
peptide_mean__P10451,0.00034511431002590554,0.0
rollmean2__peptide_count__P14618,0.0003445737486949994,0.0
lag1__peptide_mean__P98160,0.0003444146705848049,0.0
peptide_std__O00584,0.0003438035963638164,0.0
peptide_mean__P14174,0.0003425353248443433,0.0
slope1__peptide_std__P19652,0.00034163439235749914,0.0
lag1__peptide_log__TEGDGVYTLNNEK,0.0003415103364078519,0.0
peptide_mean__P01608,0.0003408562056843466,0.0
slope1__protein_npx__Q16610,0.0003391661372233819,0.0
delta1__peptide_std__P16870,0.00033731173463651923,0.0
delta1__peptide_mean__Q13740,0.00033694336369711835,0.0
peptide_mean__P02452,0.0003360055240210411,0.0
peptide_std__P00441,0.00033570930600431857,0.0
lag1__protein_npx__P06727,0.00033480033563211,0.0
delta1__peptide_std__P09486,0.00033472490980737175,0.0
slope1__peptide_mean__P51884,0.00033415837967805205,0.0
rollmean2__peptide_mean__P05090,0.0003301216647640461,0.0
protein_npx__P43121,0.00032998834195950864,0.0
rollmean2__peptide_log__MTVTDQVNC(UniMod_4)PK,0.000329426550130515,0.0
rollmean2__peptide_std__P01023,0.0003291616968385719,0.0
delta1__peptide_log__SC(UniMod_4)SPELQQK,0.0003284428289981645,0.0
peptide_std__P01860,0.0003282921153011214,0.0
peptide_mean__Q14515,0.0003269591533234216,0.0
protein_npx__P06727,0.00032669827059307095,0.0
delta1__peptide_std__P01008,0.00032631029032216844,0.0
peptide_log__RTPITVVK,0.00032591275879640655,0.0
delta1__peptide_std__P08571,0.00032524891550670976,0.0
lag1__peptide_std__P19823,0.00032503295175396525,0.0
slope1__peptide_mean__P04075,0.00032376192089776613,0.0
lag1__protein_npx__P01780,0.00032327662733016524,0.0
rollmean2__peptide_log__AATVGSLAGQPLQER,0.0003226162901157759,0.0
rollmean2__protein_npx__Q9HDC9,0.00032251143877079795,0.0
slope1__peptide_log__SNSSM(UniMod_35)HITDC(UniMod_4)R,0.00032111896901146944,0.0
rollmean2__peptide_mean__P07711,0.00031959434153992625,0.0
lag1__peptide_count__P01011,0.00031880830635471684,0.0
slope1__protein_npx__P04196,0.000317986265386876,0.0
lag1__protein_npx__Q9BY67,0.00031722589163967044,0.0
slope1__peptide_mean__P17174,0.00031697245195056676,0.0
lag1__peptide_mean__P02679,0.000314251200285782,0.0
delta1__peptide_mean__P05408,0.00031251154563562063,0.0
delta1__peptide_log__AYQGVAAPFPK,0.00031113259792032495,0.0
peptide_mean__P04433,0.0003107543734973689,0.0
rollmean2__peptide_std__P01876,0.0003092179227801475,0.0
peptide_count__P01042,0.0003091152793782729,0.0
slope1__peptide_mean__P04406,0.0003087646514100379,0.0
rollmean2__protein_npx__P40925,0.00030652306864014,0.0
lag1__peptide_std__P02671,0.00030644581450674257,0.0
delta1__protein_npx__O14498,0.00030547314104640584,0.0
rollmean2__peptide_std__P10643,0.0003053129983230015,0.0
rollmean2__peptide_std__O15240,0.0003048460402420496,0.0
peptide_mean__P08571,0.0003026555293976303,0.0
rollmean2__protein_npx__O75326,0.0003026246524529538,0.0
delta1__protein_npx__Q8IWV7,0.00030102976953257354,0.0
slope1__peptide_mean__P02790,0.00030026850045627074,0.0
rollmean2__peptide_log__ADDKETC(UniMod_4)FAEEGK,0.00030018009784917526,0.0
rollmean2__protein_npx__P00738,0.0002993321929937901,0.0
delta1__protein_npx__P05452,0.00029640747481719066,0.0
rollmean2__peptide_std__Q06481,0.0002964042057909878,0.0
rollmean2__peptide_log__LRTEGDGVYTLNNEKQWINK,0.00029612668340769157,0.0
peptide_std__Q06481,0.0002958184271489705,0.0
slope1__peptide_log__ILTC(UniMod_4)M(UniMod_35)QGMEEIR,0.0002947684623929884,0.0
delta1__protein_npx__P01023,0.00029464080660027256,0.0
rollmean2__peptide_std__P10909,0.00029422461903261374,0.0
lag1__peptide_mean__P01877,0.00029405847179693446,0.0
peptide_log__TSAHGNVAEGETKPDPDVTER,0.0002939255279404457,0.0
rollmean2__peptide_std__Q14118,0.0002927130161185563,0.0
rollmean2__peptide_mean__P01876,0.00029078504557543557,0.0
delta1__peptide_mean__P17936,0.00029036880339824067,0.0
lag1__peptide_log__VC(UniMod_4)PFAGILENGAVR,0.00029032136367820573,0.0
protein_npx__P07333,0.0002902806907298452,0.0
rollmean2__protein_npx__P01009,0.0002880869623483764,0.0
rollmean2__peptide_mean__P27169,0.0002878730319573242,0.0
lag1__peptide_log__GYQLSDVDGVTC(UniMod_4)EDIDEC(UniMod_4)ALPTGGHIC(UniMod_4)SYR,0.00028748568048692584,0.0
rollmean2__protein_npx__P04207,0.0002873579626814419,0.0
slope1__peptide_mean__P19021,0.0002859939553022406,0.0
rollmean2__peptide_std__P02671,0.00028598215554756533,0.0
rollmean2__protein_npx__P02671,0.0002851468930537351,0.0
delta1__peptide_log__ILTC(UniMod_4)M(UniMod_35)QGMEEIR,0.0002847001158787613,0.0
lag1__peptide_log__LFDSDPITVTVPVEVSR,0.0002842951210075928,0.0
slope1__peptide_mean__Q96KN2,0.00028414446640820075,0.0
rollmean2__peptide_mean__P04207,0.0002823686887110867,0.0
peptide_count__P01024,0.0002819324842324576,0.0
peptide_std__P13591,0.0002804523550361592,0.0
lag1__protein_npx__P02751,0.0002789891980891373,0.0
slope1__protein_npx__Q8IWV7,0.0002781144128313368,0.0
lag1__peptide_std__P02675,0.0002779375055270609,0.0
peptide_std__P09486,0.0002771400855862633,0.0
rollmean2__peptide_std__P01834,0.0002763474704807515,0.0
peptide_mean__P11277,0.00027511245535382663,0.0
peptide_log__VLLDQLR,0.0002750568001034667,0.0
peptide_log__SNSSM(UniMod_35)HITDC(UniMod_4)R,0.00027405436397890255,0.0
delta1__peptide_std__P02768,0.0002732481714922737,0.0
peptide_mean__Q9UHG2,0.000272746356156776,0.0
lag1__peptide_std__P06396,0.0002722976585696375,0.0
protein_npx__P02749,0.0002717246313998825,0.0
rollmean2__peptide_mean__P10643,0.0002716111945837187,0.0
rollmean2__peptide_log__VQPYLDDFQKK,0.00027104544293009715,0.0
rollmean2__peptide_mean__P01834,0.00027092855977210213,0.0
delta1__peptide_std__P19823,0.0002705576032899559,0.0
protein_npx__P02750,0.0002700374939497939,0.0
protein_npx__P02675,0.0002691275089752538,0.0
peptide_mean__P20774,0.0002691144352344098,0.0
slope1__current_updrs_1,0.0002688501697052467,0.0
delta1__peptide_mean__Q96PD5,0.00026854566674840846,0.0
slope1__peptide_mean__P04433,0.00026837394818282536,0.0
slope1__peptide_mean__P02748,0.0002677339853788754,0.0
slope1__peptide_mean__P02452,0.0002666508220061835,0.0
lag1__peptide_std__P02765,0.00026636150827744553,0.0
lag1__protein_npx__P01861,0.0002662200404521708,0.0
rollmean2__peptide_mean__Q14508,0.0002650437575291793,0.0
peptide_mean__P02750,0.00026396767278898564,0.0
slope1__peptide_mean__P08294,0.0002637510471271285,0.0
slope1__peptide_mean__P01023,0.00026259575130125424,0.0
delta1__peptide_mean__Q7Z5P9,0.0002620285727020622,0.0
peptide_count__P08697,0.00026197863801721464,0.0
lag1__protein_npx__P04207,0.0002619126551899653,0.0
peptide_std__P41222,0.00025981824734706035,0.0
rollmean2__peptide_std__P24592,0.0002597754162656098,0.0
peptide_mean__P02790,0.0002597528380907517,0.0
rollmean2__peptide_mean__P36980,0.0002590114142657403,0.0
rollmean2__peptide_std__P05060,0.00025894862614367754,0.0
rollmean2__peptide_log__RGYQLSDVDGVTC(UniMod_4)EDIDEC(UniMod_4)ALPTGGHIC(UniMod_4)SYR,0.0002584149080702743,0.0
peptide_mean__P43652,0.0002580843006453681,0.0
delta1__peptide_log__AKLEEQAQQIR,0.00025802300078405833,0.0
delta1__protein_npx__P09871,0.00025784609190633465,0.0
delta1__peptide_mean__P02763,0.0002573514559666206,0.0
rollmean2__peptide_std__P12109,0.0002572280367593979,0.0
delta1__peptide_std__P02787,0.0002570542417177151,0.0
rollmean2__protein_npx__P55290,0.00025681733081826656,0.0
protein_npx__P98160,0.0002565998989368552,0.0
lag1__peptide_log__IHWESASLLR,0.00025581156759266725,0.0
peptide_mean__P17174,0.0002532776640237199,0.0
slope1__peptide_log__ANRPFLVFIR,0.00025291851958851835,0.0
lag1__protein_npx__Q7Z3B1,0.0002523165947116891,0.0
delta1__peptide_std__P20774,0.00025134985823298234,0.0
rollmean2__protein_npx__O14773,0.0002513181256049594,0.0
rollmean2__protein_npx__P04217,0.00024951047361040967,0.0
delta1__peptide_mean__O00391,0.00024797984582955804,0.0
protein_npx__P02774,0.0002479755592591448,0.0
peptide_log__SPVGVQPILNEHTFC(UniMod_4)AGMSK,0.0002475891440256736,0.0
rollmean2__peptide_log__C(UniMod_4)REILSVDC(UniMod_4)STNNPSQAK,0.00024727103426176766,0.0
peptide_log__VTLTC(UniMod_4)VAPLSGVDFQLR,0.00024710165200181517,0.0
delta1__protein_npx__Q9NQ79,0.0002468350071081656,0.0
lag1__peptide_mean__P35542,0.0002463631023388192,0.0
delta1__peptide_mean__P06727,0.0002448144831991813,0.0
lag1__peptide_std__P41222,0.00024449523755259626,0.0
slope1__peptide_mean__P01024,0.00024444955117289876,0.0
rollmean2__peptide_mean__P16152,0.00024438289385255184,0.0
delta1__protein_npx__P02753,0.00024334970735700537,0.0
slope1__protein_npx__P01859,0.00024262580895520225,0.0
rollmean2__protein_npx__Q99832,0.0002424726995768569,0.0
rollmean2__peptide_mean__Q6UXD5,0.00024144557526221868,0.0
rollmean2__peptide_mean__Q12841,0.00024059103849956805,0.0
slope1__protein_npx__Q6UXB8,0.00024045289564419636,0.0
rollmean2__peptide_count__P00751,0.00023807985802770125,0.0
delta1__peptide_std__P18065,0.0002380779299115765,0.0
peptide_mean__P02749,0.00023807103476802192,0.0
peptide_std__P10645,0.00023759281539459214,0.0
lag1__peptide_mean__P04217,0.00023659805109457361,0.0
rollmean2__protein_npx__P43121,0.0002362112991762015,0.0
slope1__peptide_log__M(UniMod_35)YLGYEYVTAIR,0.00023568224231829325,0.0
slope1__protein_npx__P35542,0.00023537814636925592,0.0
slope1__protein_npx__P01033,0.0002348966625307488,0.0
lag1__peptide_std__Q06481,0.00023476632867377867,0.0
peptide_log__RGYQLSDVDGVTC(UniMod_4)EDIDEC(UniMod_4)ALPTGGHIC(UniMod_4)SYR,0.00023464071074691143,0.0
rollmean2__protein_npx__P43251,0.0002344234502573905,0.0
delta1__peptide_mean__P13521,0.00023408784542206226,0.0
delta1__peptide_log__VGYVSGWGR,0.00023196495537329605,0.0
delta1__peptide_mean__P17174,0.00023148821292306667,0.0
protein_npx__P00748,0.0002309481729592418,0.0
peptide_log__YYWGGQYTWDMAK,0.0002306241503531334,0.0
protein_npx__P02655,0.0002302287634516242,0.0
lag1__current_updrs_1,0.00022976837970513868,0.0
peptide_mean__P05546,0.00022841812907970274,0.0
lag1__current_medication_on,0.00022706618008561013,0.0
slope1__peptide_log__QQETAAAETETR,0.0002266319066974949,0.0
rollmean2__protein_npx__P01024,0.0002263470794672521,0.0
rollmean2__peptide_std__P02760,0.00022518237686862036,0.0
delta1__peptide_std__P05090,0.00022492221061229324,0.0
delta1__peptide_std__P54289,0.00022448886266955112,0.0
rollmean2__peptide_log__TPLGDTTHTC(UniMod_4)PR,0.00022413672268160837,0.0
rollmean2__peptide_std__P02452,0.0002240031391083986,0.0
slope1__protein_npx__P07225,0.0002233145004438118,0.0
rollmean2__protein_npx__Q562R1,0.00022271425538504514,0.0
rollmean2__peptide_mean__P14314,0.00022259635205701484,0.0
rollmean2__peptide_log__ILTC(UniMod_4)M(UniMod_35)QGMEEIR,0.00022216155115636904,0.0
rollmean2__protein_npx__P19021,0.0002213668544481205,0.0
protein_npx__P43652,0.00022093093597556963,0.0
peptide_std__P04075,0.0002205643572253712,0.0
delta1__peptide_log__LDEVKEQVAEVR,0.00022048592609911992,0.0
delta1__peptide_count__P00738,0.0002188356169828317,0.0
peptide_std__P51884,0.00021872768813790546,0.0
protein_npx__P31997,0.0002185402420717229,0.0
delta1__peptide_std__P19652,0.00021835639649329833,0.0
slope1__peptide_log__C(UniMod_4)KPVNTFVHEPLVDVQNVC(UniMod_4)FQEK,0.0002182934053700783,0.0
lag1__peptide_mean__P04004,0.00021688446922305874,0.0
peptide_mean__P02675,0.00021680377265549745,0.0
protein_npx__P02753,0.00021575017488856276,0.0
rollmean2__peptide_std__P13591,0.00021433245760297593,0.0
peptide_std__P02679,0.00021354964440447,0.0
protein_npx__P01344,0.00021319577865548791,0.0
delta1__peptide_std__P02671,0.00021280002230953329,0.0
rollmean2__peptide_std__P04075,0.00021273507526599494,0.0
protein_npx__P51884,0.00021266311989661903,0.0
slope1__protein_npx__P01608,0.00021234489123003056,0.0
lag1__peptide_std__P04180,0.0002121270022517762,0.0
lag1__peptide_std__P05060,0.00021129183914395406,0.0
rollmean2__peptide_std__Q12841,0.00021040164785301373,0.0
peptide_mean__P12109,0.00021025675369039254,0.0
peptide_mean__P05408,0.00021020520116587179,0.0
peptide_std__P05060,0.00021005546252920486,0.0
peptide_mean__O14773,0.00021005021474543743,0.0
delta1__peptide_std__Q12841,0.00021004520233977177,0.0
peptide_mean__P13611,0.00020963396193375339,0.0
peptide_mean__P01834,0.00020894469832554962,0.0
slope1__peptide_std__P08571,0.00020857876622926955,0.0
delta1__peptide_mean__P10645,0.00020812873246140763,0.0
lag1__peptide_mean__O15240,0.00020784015438504984,0.0
peptide_mean__P05060,0.00020732005670100645,0.0
slope1__peptide_log__AATVGSLAGQPLQER,0.00020664957294977028,0.0
peptide_log__VQPYLDDFQKK,0.00020657934265406756,0.0
rollmean2__peptide_count__P06727,0.00020618446271163847,0.0
delta1__peptide_log__ANRPFLVFIR,0.00020541760563962092,0.0
slope1__peptide_log__TEGDGVYTLNNEK,0.00020534968166139938,0.0
peptide_std__P10643,0.00020531178804652196,0.0
peptide_log__ANRPFLVFIR,0.0002053022005373299,0.0
lag1__protein_npx__Q99832,0.0002051483047729427,0.0
delta1__peptide_log__SGEATDGARPQALPEPMQESK,0.00020271368715849862,0.0
peptide_std__P00748,0.00020256210137518574,0.0
peptide_log__C(UniMod_4)IIEVLSNALSK,0.0002015783608108218,0.0
lag1__peptide_mean__P10645,0.00020149938974837702,0.0
lag1__peptide_std__Q9Y6R7,0.00020138602774931157,0.0
protein_npx__P43251,0.00020131471998291673,0.0
slope1__peptide_log__TVVQPSVGAAAGPVVPPC(UniMod_4)PGR,0.00020120476694910846,0.0
slope1__peptide_mean__P07602,0.00020110278209470623,0.0
rollmean2__peptide_mean__P01860,0.00020084516171823207,0.0
delta1__peptide_std__O75144,0.00020076536905646133,0.0
peptide_log__M(UniMod_35)ASGAANVVGPK,0.0002007056999442808,0.0
peptide_log__MYYSAVDPTKDIFTGLIGPM(UniMod_35)K,0.0002006022623087802,0.0
slope1__peptide_std__Q12805,0.00020012798163053985,0.0
rollmean2__peptide_log__QQETAAAETETR,0.00019983305288835402,0.0
slope1__peptide_mean__Q9Y6R7,0.0001990931931360858,0.0
slope1__peptide_std__P07602,0.00019801054402999622,0.0
peptide_std__Q96KN2,0.00019768082250980676,0.0
protein_npx__P36955,0.0001975147639185436,0.0
delta1__peptide_std__Q9UHG2,0.00019748041460226085,0.0
peptide_log__TEGDGVYTLNNEK,0.00019747845256207607,0.0
lag1__peptide_std__Q12841,0.00019739866478570524,0.0
protein_npx__P61916,0.00019706150373032528,0.0
slope1__protein_npx__P05090,0.00019668330574594092,0.0
peptide_std__P09871,0.0001965688695542503,0.0
lag1__peptide_std__P07602,0.00019656777436844196,0.0
rollmean2__protein_npx__P19827,0.00019655089571685874,0.0
peptide_std__P02749,0.00019626294985072187,0.0
slope1__peptide_mean__P00450,0.0001960422394158778,0.0
slope1__peptide_log__EDSLEAGLPLQVR,0.00019574927379794569,0.0
slope1__peptide_count__P01023,0.0001954012979065224,0.0
rollmean2__peptide_mean__P07195,0.00019534240481313154,0.0
slope1__peptide_mean__P36980,0.00019524179617767232,0.0
lag1__protein_npx__P01008,0.00019507336685424396,0.0
rollmean2__peptide_count__P02751,0.00019495931992156323,0.0
lag1__protein_npx__P01023,0.00019460395836790173,0.0
lag1__peptide_mean__O00391,0.00019385946785899975,0.0
protein_npx__P00738,0.00019374703061509756,0.0
rollmean2__peptide_mean__P98160,0.00019366886906872668,0.0
peptide_mean__P01857,0.00019274018371327018,0.0
rollmean2__peptide_mean__P06727,0.00019204322047170822,0.0
peptide_mean__Q96S96,0.0001917505607379073,0.0
peptide_std__P05090,0.000191634648973188,0.0
slope1__protein_npx__P36980,0.00019140681802468667,0.0
rollmean2__peptide_log__FNKPFVFLM(UniMod_35)IEQNTK,0.00019122272047401251,0.0
lag1__peptide_mean__P30086,0.00019101484571206267,0.0
peptide_std__P55290,0.00019096841942249868,0.0
delta1__peptide_mean__P12109,0.00019067628970307476,0.0
slope1__protein_npx__P31997,0.00019004507296736803,0.0
lag1__protein_npx__P01621,0.0001896678106492504,0.0
peptide_count__P06727,0.00018963196033927677,0.0
rollmean2__peptide_log__LAVYQAGAR,0.000189265287744287,0.0
peptide_std__P00450,0.00018922370322761224,0.0
rollmean2__peptide_mean__P04004,0.00018916793006100135,0.0
delta1__peptide_mean__Q13449,0.00018914810706188723,0.0
peptide_std__P24592,0.0001885124417879756,0.0
slope1__protein_npx__P13591,0.00018846527506542296,0.0
delta1__peptide_log__SSQGGSLPSEEK,0.00018761556948724043,0.0
rollmean2__peptide_log__AEAQEAEDQQAR,0.00018701175803930207,0.0
lag1__peptide_std__P08571,0.00018664491891784516,0.0
rollmean2__protein_npx__P02452,0.00018650010343357633,0.0
rollmean2__peptide_feature_count,0.00018644908663192967,0.0
slope1__peptide_mean__P02768,0.00018644216175879406,0.0
delta1__peptide_mean__P04075,0.00018586044972521325,0.0
rollmean2__protein_npx__Q9NQ79,0.00018514970534975195,0.0
rollmean2__protein_npx__O43505,0.00018491484725938697,0.0
slope1__current_updrs_2,0.00018419141948864786,0.0
slope1__protein_npx__P04207,0.00018417783646093824,0.0
slope1__peptide_mean__P11277,0.00018392064639903026,0.0
slope1__peptide_std__P43121,0.00018346939298808304,0.0
missing__peptide_std__P14618,0.00018316168703164492,0.0
peptide_log__HGGLYHENMR,0.00018307971173770322,0.0
rollmean2__peptide_std__P07998,0.00018296157898356228,0.0
lag1__peptide_mean__P25311,0.0001822355142353762,0.0
rollmean2__peptide_mean__P01877,0.00018198435809577715,0.0
lag1__peptide_mean__P05090,0.00018151164826145732,0.0
delta1__peptide_log__DASGVTFTWTPSSGK,0.00018059959848628414,0.0
protein_npx__Q9NQ79,0.00017967202573960058,0.0
protein_npx__P01594,0.00017956170028314775,0.0
delta1__peptide_mean__P08123,0.00017954776925145212,0.0
lag1__peptide_mean__P16870,0.00017920917390863055,0.0
slope1__peptide_std__P10909,0.0001792009816140755,0.0
peptide_mean__P01011,0.0001791302759089353,0.0
slope1__peptide_mean__P13987,0.0001789432130350381,0.0
peptide_count__P14618,0.00017836771316602024,0.0
peptide_std__P02763,0.0001783458513975055,0.0
delta1__protein_npx__Q8NE71,0.00017785954580649082,0.0
protein_npx__P11142,0.00017776646743447914,0.0
rollmean2__protein_npx__P08571,0.0001776255961770727,0.0
slope1__peptide_mean__P00441,0.00017670484181374937,0.0
slope1__protein_npx__P02790,0.0001761153325287755,0.0
slope1__peptide_mean__Q9NQ79,0.00017588719876179468,0.0
delta1__peptide_std__P24592,0.00017505759241494078,0.0
rollmean2__peptide_mean__P01031,0.00017440436402415792,0.0
rollmean2__peptide_mean__P25311,0.0001741410327680002,0.0
peptide_mean__Q92520,0.0001736936523734303,0.0
slope1__peptide_mean__P07225,0.00017368856021727109,0.0
protein_npx__P18065,0.00017363719335609194,0.0
rollmean2__peptide_std__P07602,0.0001731438450799212,0.0
delta1__protein_npx__P01019,0.00017256573767862217,0.0
lag1__peptide_log__QNC(UniMod_4)ELFEQLGEYK,0.00017235656441563129,0.0
rollmean2__peptide_std__P09486,0.00017086093994190158,0.0
rollmean2__peptide_mean__P01608,0.00017039420855792666,0.0
peptide_std__P07711,0.00016997505809861609,0.0
protein_npx__Q14118,0.0001693921543643024,0.0
lag1__peptide_mean__Q96BZ4,0.0001691029285832595,0.0
rollmean2__peptide_std__P08603,0.00016903849172213942,0.0
rollmean2__peptide_log__IMNGEADAMSLDGGFVYIAGK,0.00016893115410060403,0.0
lag1__peptide_log__TM(UniMod_35)LLQPAGSLGSYSYR,0.00016891552356274473,0.0
delta1__peptide_std__P07225,0.0001685883246340281,0.0
delta1__peptide_mean__P04275,0.0001681583527675054,0.0
protein_npx__P00450,0.0001679552284144834,0.0
delta1__peptide_log__RGYQLSDVDGVTC(UniMod_4)EDIDEC(UniMod_4)ALPTGGHIC(UniMod_4)SYR,0.0001677121899194273,0.0
peptide_count__P01008,0.00016702702883791625,0.0
delta1__protein_npx__P05156,0.00016692348002599197,0.0
lag1__peptide_abundance_max,0.00016661124094680802,0.0
lag1__peptide_mean__P07602,0.00016592286925116756,0.0
delta1__protein_npx__P04180,0.00016506953367835428,0.0
rollmean2__peptide_mean__P19021,0.00016462436326311017,0.0
peptide_mean__P08123,0.00016422878000687215,0.0
lag1__peptide_std__P19652,0.00016374158846796434,0.0
rollmean2__peptide_mean__P19827,0.0001633762281777587,0.0
slope1__peptide_std__P05452,0.00016333607342189493,0.0
protein_npx__P08697,0.00016267161361984133,0.0
slope1__peptide_mean__P01008,0.00016254552175455676,0.0
lag1__peptide_std__P43121,0.00016249022059442844,0.0
peptide_mean__Q13449,0.0001624027959610223,0.0
rollmean2__peptide_log__GEVQAMLGQSTEELRVR,0.00016175549892870087,0.0
delta1__peptide_std__P07711,0.000161491290107953,0.0
rollmean2__peptide_std__O00533,0.00016141116402207192,0.0
rollmean2__peptide_log__ATVNPSAPR,0.00016139654673800837,0.0
peptide_mean__Q13283,0.0001612434042256027,0.0
peptide_mean__P30086,0.00016034767025448936,0.0
peptide_mean__P02655,0.00016017338157199544,0.0
rollmean2__protein_npx__P04180,0.00016003274214162057,0.0
lag1__protein_npx__P02748,0.00015876140350719784,0.0
peptide_log__SC(UniMod_4)DTPPPC(UniMod_4)PR,0.00015835656943567183,0.0
peptide_log__QQETAAAETETR,0.00015791310518015325,0.0
peptide_mean__P08697,0.00015740200706907377,0.0
lag1__peptide_log__VTLTC(UniMod_4)VAPLSGVDFQLR,0.00015736342088488745,0.0
rollmean2__peptide_count__P01023,0.00015683894053088076,0.0
rollmean2__peptide_std__P02649,0.0001564698530153738,0.0
slope1__protein_npx__P32754,0.00015645776500013473,0.0
peptide_log__AVLPTGDVIGDSAK,0.00015637672121978998,0.0
peptide_log__AEAQEAEDQQAR,0.00015618766887184115,0.0
lag1__peptide_mean__P01008,0.00015585503093118412,0.0
delta1__peptide_log__FM(UniMod_35)ETVAEK,0.00015558788889141788,0.0
lag1__peptide_mean__P13611,0.0001553843477052792,0.0
delta1__protein_npx__P51884,0.00015534745304144498,0.0
slope1__peptide_mean__P01876,0.00015531233984270672,0.0
lag1__peptide_mean__Q9NYU2,0.000155214876614615,0.0
rollmean2__peptide_mean__P01591,0.00015498024711203557,0.0
rollmean2__peptide_mean__P08253,0.0001547628684454597,0.0
delta1__peptide_mean__P05156,0.00015454323250974585,0.0
rollmean2__protein_npx__P51884,0.00015396958035697992,0.0
delta1__protein_npx__P02790,0.00015392812138703685,0.0
slope1__peptide_mean__Q08380,0.0001536110235322059,0.0
rollmean2__peptide_mean__P01019,0.00015328036827448737,0.0
delta1__protein_npx__Q6UXB8,0.0001531404169056725,0.0
rollmean2__peptide_mean__P43251,0.0001530047508636615,0.0
peptide_log__LRTEGDGVYTLNNEK,0.00015290719213513742,0.0
lag1__protein_npx__P41222,0.00015282172422830984,0.0
slope1__peptide_std__O15394,0.00015257394530950597,0.0
peptide_log__DSGEGDFLAEGGGVR,0.0001524112222770623,0.0
slope1__peptide_std__P02671,0.00015218536492998314,0.0
lag1__peptide_mean__O15394,0.00015200887766124687,0.0
lag1__peptide_mean__P02671,0.00015149406104754022,0.0
protein_npx__Q96PD5,0.00015039920515839497,0.0
protein_npx__P01834,0.0001503867955090594,0.0
delta1__protein_npx__O60888,0.00014987146640894883,0.0
peptide_mean__P54289,0.00014966644476770773,0.0
rollmean2__peptide_mean__P02774,0.00014959092035722016,0.0
peptide_std__P01009,0.00014926179847847253,0.0
delta1__peptide_mean__Q14624,0.00014904755980795883,0.0
lag1__peptide_mean__P08571,0.00014903306919114405,0.0
protein_npx__Q99435,0.00014863768587037717,0.0
rollmean2__peptide_mean__P02748,0.00014747361173530246,0.0
delta1__peptide_mean__Q06481,0.00014744996960278854,0.0
rollmean2__protein_npx__P43652,0.00014743507592477234,0.0
lag1__protein_npx__P05156,0.00014735952704484395,0.0
delta1__peptide_mean__P01033,0.00014725416457945508,0.0
rollmean2__peptide_std__P01042,0.00014662345244117268,0.0
rollmean2__peptide_mean__Q13449,0.00014609297034809014,0.0
lag1__peptide_log__C(UniMod_4)KPVNTFVHEPLVDVQNVC(UniMod_4)FQEK,0.0001457710501033912,0.0
rollmean2__peptide_mean__Q99683,0.00014576598561682978,0.0
protein_npx__Q12841,0.0001455288945051582,0.0
peptide_std__Q12805,0.00014528069805008588,0.0
slope1__protein_npx__P25311,0.00014515180884522037,0.0
lag1__peptide_count__P00738,0.00014480891278921705,0.0
rollmean2__peptide_log__VTLTC(UniMod_4)VAPLSGVDFQLR,0.00014394416832949432,0.0
delta1__peptide_mean__Q96KN2,0.00014374989141270795,0.0
lag1__peptide_mean__P06396,0.00014327816624217602,0.0
rollmean2__peptide_count__Q06481,0.00014315411370707467,0.0
slope1__peptide_std__P98160,0.00014310672233839181,0.0
slope1__peptide_log__TPLGDTTHTC(UniMod_4)PR,0.00014243020282977137,0.0
lag1__peptide_mean__P01024,0.0001419810943299786,0.0
peptide_log__GEVQAMLGQSTEELRVR,0.00014137991166911424,0.0
slope1__peptide_log__FM(UniMod_35)ETVAEK,0.0001406132320070983,0.0
rollmean2__protein_npx__P01833,0.00014045820349427692,0.0
protein_npx__P16870,0.00014027138748270304,0.0
slope1__peptide_std__P01008,0.00013956559552029684,0.0
missing__peptide_mean__Q13740,0.0001395267818992501,0.0
rollmean2__protein_npx__Q06481,0.00013949329987242914,0.0
rollmean2__peptide_log__TTPPVLDSDGSFFLYSK,0.00013943094565969566,0.0
delta1__protein_npx__P49908,0.0001394218504088263,0.0
peptide_std__P08493,0.00013930869133316163,0.0
peptide_count__P61916,0.00013895948567266771,0.0
lag1__protein_npx__P01834,0.0001389290075078408,0.0
delta1__peptide_log__SEALAVDGAGKPGAEEAQDPEGK,0.00013884908209417727,0.0
slope1__peptide_std__P01019,0.00013865695487762754,0.0
rollmean2__peptide_log__SGELEQEEER,0.00013836825772389332,0.0
rollmean2__protein_npx__P07998,0.0001382507936676709,0.0
rollmean2__peptide_count__O15394,0.00013797957609715882,0.0
peptide_mean__P27169,0.00013795476722259416,0.0
rollmean2__peptide_std__P01008,0.00013785903668494387,0.0
peptide_mean__P08603,0.00013757846956432442,0.0
peptide_mean__P41222,0.00013753531486209664,0.0
peptide_log__SLAELGGHLDQQVEEFRR,0.00013697662620438473,0.0
rollmean2__peptide_mean__P02652,0.0001369245469310201,0.0
rollmean2__peptide_count__Q9NQ79,0.0001369035102799066,0.0
rollmean2__peptide_mean__P51884,0.00013681245343423026,0.0
lag1__protein_npx__P01857,0.00013674583986632378,0.0
rollmean2__protein_npx__P02774,0.0001366055609610122,0.0
peptide_mean__P09104,0.00013650907615464375,0.0
peptide_std__P01034,0.00013618094940223507,0.0
slope1__peptide_std__P14618,0.0001361040441168375,0.0
protein_npx__Q96BZ4,0.00013605865321921151,0.0
slope1__peptide_log__RTPITVVK,0.00013563398659126904,0.0
delta1__peptide_log__TEGDGVYTLNNEK,0.0001356066931086176,0.0
delta1__protein_npx__P25311,0.00013549620205836112,0.0
rollmean2__peptide_mean__P61626,0.0001353936693819216,0.0
rollmean2__peptide_count__P16870,0.00013535281337871788,0.0
peptide_log__SEALAVDGAGKPGAEEAQDPEGK,0.00013533709698258434,0.0
rollmean2__peptide_std__Q12805,0.00013524496725195344,0.0
delta1__peptide_mean__P02679,0.000135227259399932,0.0
protein_npx__P12109,0.000135055463381015,0.0
lag1__peptide_log__VKDLATVYVDVLK,0.00013496990607734892,0.0
rollmean2__protein_npx__P02652,0.00013447806159760803,0.0
lag1__protein_npx__P61626,0.0001344618186501262,0.0
missing__protein_npx__P01780,0.0001344047136980502,0.0
rollmean2__peptide_count__P02768,0.00013424725021586972,0.0
slope1__protein_npx__P10643,0.00013396017483500595,0.0
lag1__peptide_log__TSPVDEKALQDQLVLVAAK,0.00013377543799689167,0.0
delta1__peptide_mean__P02760,0.00013373555271478418,0.0
delta1__peptide_log__AVLPTGDVIGDSAK,0.00013365546108541035,0.0
rollmean2__peptide_mean__P20933,0.00013356482117974036,0.0
delta1__protein_npx__P01008,0.00013343728490654674,0.0
missing__peptide_mean__P13671,0.00013330837447794643,0.0
peptide_std__P01024,0.00013330177843800105,0.0
lag1__peptide_std__P24592,0.00013289040390622537,0.0
peptide_std__P02787,0.00013254621686810048,0.0
slope1__peptide_mean__Q14624,0.00013212761988752405,0.0
peptide_std__P08571,0.00013206912204231276,0.0
peptide_mean__P02652,0.0001320432716869192,0.0
lag1__peptide_std__P18065,0.00013198499752285758,0.0
delta1__peptide_std__P05156,0.00013196119115108275,0.0
peptide_mean__P80748,0.00013145379106091156,0.0
rollmean2__peptide_mean__P01859,0.00013135039237715775,0.0
lag1__peptide_std__P07998,0.00013119464649583986,0.0
rollmean2__peptide_std__P02747,0.00013110382482451005,0.0
lag1__protein_npx__P43652,0.00013097020128846962,0.0
delta1__protein_npx__P01861,0.00013061009329704565,0.0
delta1__protein_npx__P08603,0.0001305679016162916,0.0
rollmean2__peptide_mean__P07225,0.00013037513718722928,0.0
lag1__current_updrs_2,0.00013024880723892196,0.0
slope1__protein_npx__Q6UXD5,0.0001299364779619021,0.0
peptide_log__C(UniMod_4)TSTGWIPAPR,0.00012987539985240412,0.0
delta1__peptide_mean__P05060,0.00012967106901819398,0.0
lag1__peptide_mean__Q12907,0.0001282912440285785,0.0
slope1__protein_npx__Q99435,0.00012814958981587933,0.0
peptide_std__P23142,0.00012793815438489137,0.0
slope1__protein_npx__P07333,0.00012790152738291285,0.0
peptide_mean__P18065,0.00012750456378955355,0.0
rollmean2__protein_npx__P80748,0.00012734107971405068,0.0
rollmean2__peptide_mean__P02750,0.00012723817392357227,0.0
lag1__peptide_mean__P43121,0.0001270408253259211,0.0
delta1__protein_npx__P00748,0.00012699519843108512,0.0
rollmean2__protein_npx__P01621,0.000126870039823881,0.0
peptide_log__ALGISPFHEHAEVVFTANDSGPR,0.00012686691523959467,0.0
delta1__peptide_std__P00748,0.0001264741578420706,0.0
slope1__protein_npx__P00747,0.00012630691953821857,0.0
delta1__protein_npx__P07195,0.0001259589416588415,0.0
delta1__peptide_std__P07998,0.00012585546471697963,0.0
lag1__peptide_abundance_min,0.0001258228932879959,0.0
rollmean2__peptide_std__P51884,0.00012561750941221726,0.0
rollmean2__peptide_log__TKEEYGHSEVVEYYC(UniMod_4)NPR,0.000125337171360965,0.0
peptide_log__VDNALQSGNSQESVTEQDSKDSTYSLSSTLTLSK,0.00012518541187672008,0.0
delta1__peptide_count__O14773,0.00012504100734453242,0.0
peptide_mean__P02753,0.00012454422649486096,0.0
peptide_std__P16870,0.00012446146292583487,0.0
rollmean2__peptide_mean__O43505,0.00012438325376286222,0.0
peptide_log__C(UniMod_4)RDQLPYIC(UniMod_4)QFGIV,0.00012432243989658298,0.0
rollmean2__peptide_std__P36955,0.0001243099047585301,0.0
protein_npx__P11277,0.00012426922702733718,0.0
slope1__peptide_std__P05156,0.00012421899382993463,0.0
rollmean2__peptide_count__P13591,0.00012415191708365137,0.0
delta1__peptide_log__M(UniMod_35)YLGYEYVTAIR,0.00012413650171577356,0.0
delta1__protein_npx__P05090,0.00012401613515257976,0.0
rollmean2__peptide_mean__P14618,0.0001237256984402578,0.0
peptide_log__LQAEAFQAR,0.00012353585120974484,0.0
delta1__protein_npx__Q92520,0.00012348093109508263,0.0
peptide_mean__P24592,0.00012335564279878142,0.0
peptide_std__P00738,0.00012328981507679222,0.0
delta1__peptide_mean__P14174,0.00012279527588542286,0.0
protein_npx__P13611,0.00012267493325570576,0.0
rollmean2__peptide_mean__P02655,0.0001225658059091564,0.0
peptide_std__P01877,0.00012152187891943213,0.0
peptide_abundance_max,0.00012152062139481096,0.0
protein_npx__P02656,0.0001212173216468627,0.0
rollmean2__protein_npx__P61278,0.0001211539311389565,0.0
lag1__peptide_mean__P02675,0.0001210488362094377,0.0
lag1__peptide_std__P23142,0.00012096022156991456,0.0
rollmean2__peptide_log__ILLQGTPVAQMTEDAVDAER,0.00012064894800232412,0.0
rollmean2__peptide_std__P04217,0.00012043002246726175,0.0
rollmean2__peptide_mean__P30086,0.00012007699138416657,0.0
lag1__protein_npx__P05067,0.00011966478361190503,0.0
lag1__peptide_std__P02649,0.00011930183986680906,0.0
rollmean2__peptide_std__P02790,0.00011918244676310385,0.0
delta1__peptide_std__Q16610,0.00011897201749069033,0.0
protein_npx__P07998,0.00011893569105021869,0.0
protein_npx__O14791,0.00011884479816032561,0.0
rollmean2__peptide_log__ELSSFIDKGQELC(UniMod_4)ADYSENTFTEYK,0.0001187435480501096,0.0
slope1__peptide_std__P04196,0.0001187106987470362,0.0
peptide_std__P04196,0.0001185890898454119,0.0
lag1__peptide_log__TLLSNLEEAKK,0.00011846398375125463,0.0
rollmean2__protein_npx__Q9NYU2,0.00011831596359665463,0.0
peptide_log__TQVNTQAEQLRR,0.00011812978332099885,0.0
rollmean2__peptide_std__P19652,0.00011750327670409917,0.0
peptide_mean__P00450,0.00011714515623289236,0.0
peptide_mean__P01008,0.00011710357465889447,0.0
slope1__protein_npx__P01780,0.0001170398649810587,0.0
peptide_std__Q92520,0.00011697740191311514,0.0
lag1__peptide_mean__P01023,0.00011636775557959715,0.0
rollmean2__peptide_std__P02768,0.00011602247570991315,0.0
slope1__peptide_count__O00584,0.00011598887416397097,0.0
rollmean2__peptide_std__P16035,0.0001159325486072029,0.0
lag1__peptide_mean__Q92823,0.00011584345833279704,0.0
slope1__peptide_std__P05155,0.00011535629347556576,0.0
rollmean2__peptide_mean__O60888,0.00011511688350968924,0.0
slope1__peptide_std__P01042,0.00011454246157400951,0.0
slope1__peptide_std__P01023,0.00011401069066923814,0.0
rollmean2__peptide_mean__P61769,0.00011391101372661857,0.0
peptide_mean__P01876,0.00011372541589700795,0.0
peptide_log__ELSSFIDKGQELC(UniMod_4)ADYSENTFTEYK,0.00011333566155453233,0.0
rollmean2__protein_npx__P05156,0.00011323659833137527,0.0
rollmean2__peptide_std__P14618,0.00011314969541629995,0.0
protein_npx__Q9Y6R7,0.00011226903838663815,0.0
lag1__peptide_std__P08697,0.00011222663300867318,0.0
delta1__peptide_log__LAVYQAGAR,0.00011220168735324461,0.0
delta1__peptide_std__Q92876,0.00011215445211658641,0.0
peptide_mean__P07858,0.00011192482565165912,0.0
rollmean2__peptide_mean__P01011,0.00011188814641811382,0.0
lag1__peptide_log__MYYSAVDPTKDIFTGLIGPM(UniMod_35)K,0.00011169304902339639,0.0
delta1__protein_feature_count,0.00011130296086337076,0.0
delta1__peptide_std__P14618,0.0001113007070148559,0.0
slope1__peptide_mean__P02749,0.00011112086152374177,0.0
slope1__peptide_log__ELDESLQVAER,0.00011096615354539028,0.0
lag1__peptide_std__P02763,0.00011081628196523411,0.0
protein_npx__P25311,0.0001108103821882641,0.0
peptide_mean__P19652,0.00011070372327772493,0.0
slope1__peptide_mean__P02753,0.00011053768749047541,0.0
rollmean2__peptide_log__NFPPSQDASGDLYTTSSQLTLPATQC(UniMod_4)PDGK,0.00011052938533747264,0.0
delta1__peptide_log__C(UniMod_4)SYTEDAQC(UniMod_4)IDGTIEVPK,0.00011046520605852431,0.0
slope1__peptide_count__P09486,0.00011035879676986709,0.0
slope1__peptide_log__TQVNTQAEQLRR,0.00011029519864642068,0.0
rollmean2__protein_npx__P19652,0.00011023330230055538,0.0
slope1__peptide_mean__P06454,0.00011012761760923116,0.0
slope1__peptide_log__VDSGNDVTDIADDGC(UniMod_4)PKPPEIAHGYVEHSVR,0.0001100867492860049,0.0
slope1__peptide_mean__P00748,0.00010995296852785642,0.0
protein_npx__O60888,0.00010986844473219173,0.0
rollmean2__protein_npx__Q13449,0.00010969925658727373,0.0
lag1__protein_npx__P04433,0.00010885121260224683,0.0
peptide_mean__Q8IWV7,0.00010871209255382014,0.0
lag1__peptide_std__P01009,0.00010867532893105982,0.0
delta1__peptide_std__P04004,0.00010862261101064715,0.0
protein_npx__P05546,0.00010838288948094542,0.0
rollmean2__protein_npx__P05060,0.00010837253928608726,0.0
slope1__protein_npx__Q14118,0.00010834156920904233,0.0
slope1__protein_npx__P00738,0.00010811106444869324,0.0
rollmean2__peptide_mean__P05156,0.00010800062285215509,0.0
peptide_abundance_mean,0.0001077439965445436,0.0
rollmean2__peptide_mean__P05060,0.00010774308730632988,0.0
delta1__protein_npx__P13473,0.00010747007005684521,0.0
rollmean2__peptide_mean__Q9HDC9,0.00010714031425274363,0.0
rollmean2__peptide_log__M(UniMod_35)YLGYEYVTAIR,0.00010690930308988123,0.0
lag1__protein_npx__P08637,0.00010633923920186319,0.0
delta1__peptide_std__Q06481,0.0001061263247619524,0.0
delta1__peptide_mean__P35542,0.00010595147036373959,0.0
peptide_mean__P04180,0.00010585100278541753,0.0
peptide_mean__Q02818,0.00010565505105855733,0.0
lag1__peptide_mean__P41222,0.00010557761845222821,0.0
slope1__peptide_mean__P13473,0.00010554457321245018,0.0
peptide_log__ILTC(UniMod_4)M(UniMod_35)QGMEEIR,0.00010539383194570654,0.0
lag1__protein_npx__P04004,0.0001053332587738835,0.0
slope1__peptide_mean__P02675,0.00010532700970590721,0.0
missing__peptide_std__Q12907,0.00010525619989271288,0.0
slope1__peptide_log__SGELEQEEER,0.00010522408724204064,0.0
slope1__peptide_std__P02765,0.0001048973929705925,0.0
peptide_count__P02765,0.00010478964242584217,0.0
delta1__peptide_mean__P01591,0.00010472126293441067,0.0
rollmean2__peptide_log__AVLPTGDVIGDSAK,0.00010462404887232884,0.0
slope1__peptide_log__TSPVDEKALQDQLVLVAAK,0.00010438593458675873,0.0
peptide_mean__P00748,0.00010438011912125568,0.0
protein_npx__P04004,0.00010436042644017486,0.0
delta1__peptide_mean__Q16270,0.00010432832705413298,0.0
protein_npx__P01860,0.00010405163998444704,0.0
delta1__peptide_std__P10909,0.00010401632352549428,0.0
peptide_mean__Q9BY67,0.0001039150840106404,0.0
slope1__peptide_std__Q9UBX5,0.0001038621370256705,0.0
lag1__peptide_count__P02787,0.00010367758285222536,0.0
rollmean2__protein_npx__P01344,0.00010343541594644512,0.0
rollmean2__peptide_log__GSPAINVAVHVFRK,0.00010290174159497477,0.0
lag1__peptide_log__AATVGSLAGQPLQER,0.00010289813043005063,0.0
rollmean2__peptide_std__P01857,0.00010286810702712515,0.0
delta1__protein_npx__P05067,0.00010275136767581273,0.0
rollmean2__protein_npx__P00751,0.00010274330932846561,0.0
lag1__peptide_mean__P24592,0.00010259672411414673,0.0
delta1__protein_npx__P24592,0.00010256537447991289,0.0
protein_npx__P17174,0.00010242540424352209,0.0
delta1__protein_npx__O00391,0.00010238783076685092,0.0
delta1__peptide_log__QQETAAAETETR,0.00010236261499960964,0.0
peptide_count__Q92520,0.0001021761757743025,0.0
peptide_std__P02649,0.00010157332583544929,0.0
lag1__peptide_log__ELSSFIDKGQELC(UniMod_4)ADYSENTFTEYK,0.00010124685274375834,0.0
rollmean2__peptide_std__P07711,0.00010120357298257275,0.0
rollmean2__peptide_std__P01034,0.00010105147174683712,0.0
rollmean2__peptide_log__LGPLVEQGRVR,0.00010102934289931982,0.0
delta1__peptide_std__Q16270,0.00010100148616771587,0.0
rollmean2__peptide_mean__Q16610,0.00010095636872790501,0.0
slope1__protein_npx__P08493,0.00010064034349894116,0.0
rollmean2__peptide_std__P61769,0.00010060934550908354,0.0
rollmean2__protein_npx__P36955,0.0001003155243030349,0.0
lag1__peptide_std__P00751,0.00010001562580838941,0.0
delta1__protein_npx__P39060,9.952548642189516e-05,0.0
slope1__peptide_mean__Q8N2S1,9.911359591417843e-05,0.0
missing__peptide_log__NFPPSQDASGDLYTTSSQLTLPATQC(UniMod_4)LAGK,9.887678315803199e-05,0.0
delta1__peptide_mean__P00441,9.833286315094649e-05,0.0
rollmean2__peptide_log__LPPTSAHGNVAEGETKPDPDVTER,9.827330886392921e-05,0.0
delta1__protein_npx__Q02818,9.807883118972929e-05,0.0
peptide_std__P13611,9.807258616612365e-05,0.0
peptide_log__LSSWVLLM(UniMod_35)K,9.768966638743e-05,0.0
missing__protein_npx__P40925,9.760196017365469e-05,0.0
rollmean2__peptide_log__YIVSGTPTFVPYLIK,9.746556298520156e-05,0.0
peptide_count__O14773,9.743227217411706e-05,0.0
delta1__peptide_mean__P02747,9.736131340572794e-05,0.0
missing__peptide_count__P08123,9.708465581648663e-05,0.0
delta1__protein_npx__Q99674,9.686692310234276e-05,0.0
rollmean2__peptide_log__LSNENHGIAQR,9.667509339411622e-05,0.0
lag1__protein_npx__P01024,9.659180387271614e-05,0.0
delta1__protein_npx__Q96PD5,9.648548084395848e-05,0.0
delta1__protein_npx__P04004,9.646974354711697e-05,0.0
protein_npx__O75144,9.615951122647754e-05,0.0
peptide_std__P61769,9.604111045916698e-05,0.0
lag1__peptide_mean__P02790,9.594307656168165e-05,0.0
rollmean2__peptide_log__DLATVYVDVLK,9.56592638427409e-05,0.0
peptide_mean__O15394,9.56199069437025e-05,0.0
rollmean2__peptide_std__P01877,9.546638183701692e-05,0.0
rollmean2__peptide_log__NPDSSTTGPWC(UniMod_4)YTTDPTVR,9.543014466974791e-05,0.0
peptide_log__VGYVSGWGR,9.54212522551237e-05,0.0
peptide_log__LGPLVEQGR,9.513156367666603e-05,0.0
rollmean2__protein_npx__P02675,9.502815203960424e-05,0.0
slope1__peptide_abundance_max,9.487986213238326e-05,0.0
rollmean2__peptide_std__P98160,9.478988849125843e-05,0.0
protein_npx__Q8NE71,9.476543360465732e-05,0.0
rollmean2__peptide_std__P16870,9.475383820423706e-05,0.0
slope1__peptide_std__P01876,9.46958129440207e-05,0.0
slope1__peptide_mean__P14618,9.46883932181316e-05,0.0
slope1__peptide_log__RGYQLSDVDGVTC(UniMod_4)EDIDEC(UniMod_4)ALPTGGHIC(UniMod_4)SYR,9.452647980733892e-05,0.0
slope1__current_medication_on,9.449754519333733e-05,0.0
delta1__protein_npx__P61916,9.439179664719896e-05,0.0
lag1__peptide_mean__Q9HDC9,9.415798058598403e-05,0.0
peptide_log__LC(UniMod_4)MGSGLNLC(UniMod_4)EPNNKEGYYGYTGAFR,9.400567686405217e-05,0.0
rollmean2__peptide_std__Q16610,9.399172995582654e-05,0.0
lag1__peptide_abundance_sum,9.379716873247527e-05,0.0
delta1__protein_npx__P01860,9.367104897255143e-05,0.0
slope1__peptide_mean__P00747,9.350601357463292e-05,0.0
rollmean2__peptide_mean__P54289,9.342660365030151e-05,0.0
slope1__peptide_std__Q9Y6R7,9.32915384860356e-05,0.0
peptide_mean__P01024,9.320963408539744e-05,0.0
lag1__peptide_std__Q14118,9.314773573031144e-05,0.0
lag1__protein_npx__P60174,9.271946619344542e-05,0.0
protein_npx__P00736,9.246862196296183e-05,0.0
delta1__protein_npx__P36980,9.241867018415773e-05,0.0
protein_npx__Q14515,9.220238359543506e-05,0.0
rollmean2__protein_npx__Q9Y6R7,9.216499137153794e-05,0.0
rollmean2__peptide_std__P43121,9.208940942623946e-05,0.0
lag1__peptide_log__ADDKETC(UniMod_4)FAEEGK,9.205386253771083e-05,0.0
slope1__peptide_mean__P04216,9.199613836355525e-05,0.0
lag1__peptide_std__P08294,9.181292720432687e-05,0.0
rollmean2__peptide_mean__P02647,9.175812038708905e-05,0.0
peptide_mean__Q16610,9.154641953229636e-05,0.0
slope1__peptide_mean__P01344,9.146305859708183e-05,0.0
lag1__peptide_std__P04217,9.1371838974342e-05,0.0
lag1__peptide_observation_count,9.128114538852348e-05,0.0
lag1__peptide_mean__P01042,9.117591292627487e-05,0.0
rollmean2__peptide_std__P08697,9.089230500973967e-05,0.0
delta1__peptide_mean__P49908,9.055831902087147e-05,0.0
lag1__protein_npx__P02790,9.04828354058101e-05,0.0
slope1__protein_npx__Q14515,9.034546796913088e-05,0.0
peptide_mean__P16870,9.015921010512251e-05,0.0
rollmean2__peptide_log__M(UniMod_35)ASGAANVVGPK,9.012534003606545e-05,0.0
delta1__protein_npx__P43652,9.0077340019234e-05,0.0
rollmean2__peptide_mean__O14498,8.982729703166575e-05,0.0
peptide_mean__Q14624,8.982609388785804e-05,0.0
lag1__peptide_std__P02768,8.973046381634686e-05,0.0
rollmean2__peptide_mean__Q8NE71,8.96656265129393e-05,0.0
slope1__peptide_mean__Q9BY67,8.951928096931027e-05,0.0
lag1__peptide_log__LPPTSAHGNVAEGETKPDPDVTER,8.950041986737286e-05,0.0
peptide_std__Q14118,8.949686595022731e-05,0.0
slope1__peptide_mean__P80748,8.933093878085262e-05,0.0
slope1__protein_npx__P02749,8.874321269079362e-05,0.0
slope1__peptide_std__P02774,8.870975137790133e-05,0.0
lag1__peptide_count__P04004,8.865511909612406e-05,0.0
delta1__peptide_mean__P04433,8.863806510982222e-05,0.0
lag1__protein_npx__P05155,8.84578968085609e-05,0.0
missing__peptide_mean__P23083,8.831588971121147e-05,0.0
delta1__peptide_log__ELSSFIDKGQELC(UniMod_4)ADYSENTFTEYK,8.809376503519617e-05,0.0
slope1__peptide_mean__P01833,8.807484155124951e-05,0.0
peptide_std__Q9NQ79,8.785434233839232e-05,0.0
rollmean2__protein_npx__P08123,8.776836747779581e-05,0.0
peptide_mean__P04275,8.766487820264481e-05,0.0
slope1__peptide_log__SWFEPLVEDM(UniMod_35)QR,8.74188549364308e-05,0.0
delta1__peptide_mean__P02753,8.730639966484037e-05,0.0
slope1__protein_npx__P01042,8.71571948350275e-05,0.0
lag1__peptide_mean__P00746,8.713272145695102e-05,0.0
delta1__peptide_mean__P19823,8.703281046692563e-05,0.0
slope1__protein_npx__P54289,8.69042792934072e-05,0.0
lag1__protein_npx__P00738,8.685097243340315e-05,0.0
delta1__protein_npx__P04211,8.66858813386384e-05,0.0
lag1__peptide_count__P01023,8.656826435464252e-05,0.0
rollmean2__protein_npx__P36980,8.654906119374136e-05,0.0
rollmean2__peptide_mean__P01009,8.648394187278364e-05,0.0
lag1__protein_npx__P05546,8.635713967392378e-05,0.0
rollmean2__peptide_mean__P06310,8.61043513277375e-05,0.0
lag1__peptide_std__P02751,8.60005840344411e-05,0.0
peptide_mean__Q14118,8.583532876162692e-05,0.0
protein_npx__P49908,8.541569387512214e-05,0.0
delta1__peptide_mean__P01621,8.528572197893956e-05,0.0
rollmean2__peptide_log__LFDSDPITVTVPVEVSR,8.528117634301624e-05,0.0
delta1__peptide_mean__P20774,8.518068336131515e-05,0.0
slope1__peptide_mean__P13521,8.497433455185312e-05,0.0
slope1__protein_npx__P06454,8.494684220718599e-05,0.0
lag1__protein_npx__P02753,8.481597828766056e-05,0.0
delta1__protein_npx__P08493,8.480873026023751e-05,0.0
missing__peptide_log__VKDLATVYVDVLK,8.477408481211685e-05,0.0
lag1__peptide_std__P00450,8.4708156559833e-05,0.0
rollmean2__peptide_std__Q08380,8.459791862596053e-05,0.0
delta1__peptide_mean__P98160,8.448348954304205e-05,0.0
delta1__protein_npx__P11142,8.438213569195723e-05,0.0
rollmean2__peptide_mean__P36222,8.438198690495735e-05,0.0
delta1__peptide_log__TDASDVKPC(UniMod_4),8.422887490071243e-05,0.0
rollmean2__peptide_mean__Q8N2S1,8.419017816063083e-05,0.0
rollmean2__protein_npx__P49908,8.399741427755828e-05,0.0
rollmean2__protein_npx__P49588,8.355853734716502e-05,0.0
delta1__protein_npx__P01859,8.322495649317807e-05,0.0
peptide_std__P02748,8.312148061002388e-05,0.0
lag1__peptide_mean__Q14624,8.3072989605889e-05,0.0
rollmean2__peptide_log__SC(UniMod_4)SPELQQK,8.291483812398215e-05,0.0
rollmean2__protein_npx__Q14624,8.284916978023033e-05,0.0
slope1__peptide_mean__P01621,8.282993982086805e-05,0.0
peptide_log__SELEEQLTPVAEETR,8.281130807094296e-05,0.0
rollmean2__peptide_mean__P06681,8.280848794325313e-05,0.0
peptide_log__ATVNPSAPR,8.279652452719965e-05,0.0
slope1__protein_npx__P04004,8.25817982223763e-05,0.0
rollmean2__peptide_mean__Q14515,8.238112437190146e-05,0.0
rollmean2__protein_npx__P01877,8.23647773518033e-05,0.0
lag1__protein_npx__P04180,8.229287214105828e-05,0.0
rollmean2__protein_npx__P01861,8.219732339726704e-05,0.0
delta1__protein_npx__P04406,8.167893381601623e-05,0.0
rollmean2__peptide_mean__P00450,8.160314718625988e-05,0.0
lag1__peptide_std__P00441,8.13926862813976e-05,0.0
delta1__peptide_std__P02679,8.1351320212053e-05,0.0
rollmean2__peptide_log__HGGLYHENMR,8.115887080268845e-05,0.0
peptide_mean__P01717,8.115166437576118e-05,0.0
protein_npx__Q9UHG2,8.11484564763599e-05,0.0
rollmean2__peptide_std__P02748,8.082809531195827e-05,0.0
peptide_std__Q16610,8.077101256274941e-05,0.0
protein_npx__Q9BY67,8.07359910584961e-05,0.0
delta1__peptide_mean__P61769,8.073117356144532e-05,0.0
lag1__protein_npx__P13611,8.054134960026001e-05,0.0
peptide_std__P00747,8.044283739064271e-05,0.0
peptide_mean__Q9HDC9,7.995196101914834e-05,0.0
rollmean2__peptide_mean__P02747,7.987421696619779e-05,0.0
peptide_mean__O15240,7.976573941723769e-05,0.0
delta1__protein_npx__P14174,7.962911738258102e-05,0.0
peptide_log__TM(UniMod_35)LLQPAGSLGSYSYR,7.947701168016599e-05,0.0
slope1__peptide_mean__P43121,7.944979423236804e-05,0.0
peptide_count__P00450,7.902466734061199e-05,0.0
peptide_std__P04217,7.895032244658074e-05,0.0
slope1__protein_npx__P23142,7.879497913213223e-05,0.0
rollmean2__peptide_mean__O15394,7.876758439690348e-05,0.0
peptide_log__SC(UniMod_4)SPELQQK,7.852822181934802e-05,0.0
peptide_std__P05452,7.840888514388172e-05,0.0
protein_npx__O14773,7.822355706845708e-05,0.0
peptide_mean__Q562R1,7.79389655874034e-05,0.0
peptide_mean__P06310,7.784172286708293e-05,0.0
rollmean2__peptide_std__P06681,7.781568637789114e-05,0.0
rollmean2__peptide_log__AYKSELEEQLTPVAEETR,7.75688433639361e-05,0.0
delta1__protein_npx__P04433,7.74995944363936e-05,0.0
lag1__months_since_prev_visit,7.743328399005143e-05,0.0
protein_npx__P01009,7.738308805527851e-05,0.0
delta1__peptide_std__P23142,7.725755693886029e-05,0.0
rollmean2__peptide_std__P39060,7.717954936300894e-05,0.0
rollmean2__peptide_std__P01011,7.713538050106237e-05,0.0
delta1__protein_npx__P02747,7.710789559467038e-05,0.0
slope1__peptide_std__P02656,7.707420371637531e-05,0.0
rollmean2__peptide_std__P25311,7.664957810377807e-05,0.0
delta1__protein_npx__P08294,7.655704256329561e-05,0.0
lag1__peptide_log__LEGQEEEEDNRDSSMK,7.645600802171333e-05,0.0
peptide_mean__P01009,7.58878128827529e-05,0.0
delta1__peptide_mean__O60888,7.587860061173798e-05,0.0
lag1__peptide_mean__P02656,7.576062105280768e-05,0.0
peptide_count__P02647,7.562796725754638e-05,0.0
slope1__peptide_mean__P02649,7.552420475273922e-05,0.0
missing__protein_npx__Q13740,7.551589001038986e-05,0.0
rollmean2__protein_npx__P23142,7.544661233632789e-05,0.0
peptide_mean__Q16270,7.515988806521916e-05,0.0
slope1__peptide_mean__P01042,7.490039005086032e-05,0.0
delta1__peptide_std__P43652,7.488572490711803e-05,0.0
peptide_mean__P07711,7.480338878392725e-05,0.0
slope1__peptide_std__P36955,7.471795096650785e-05,0.0
delta1__peptide_std__P13611,7.459363236031259e-05,0.0
slope1__peptide_mean__P07998,7.451188066929888e-05,0.0
rollmean2__peptide_mean__Q8NBJ4,7.42716562033863e-05,0.0
peptide_std__P00751,7.41691020629391e-05,0.0
protein_npx__Q13449,7.41208032739719e-05,0.0
slope1__protein_npx__Q92876,7.407803236792169e-05,0.0
peptide_mean__Q14508,7.399163806363803e-05,0.0
rollmean2__peptide_std__P08493,7.38156145564685e-05,0.0
missing__peptide_mean__Q6UX71,7.375742009780793e-05,0.0
protein_npx__P27169,7.373491318784364e-05,0.0
peptide_log__GSPAINVAVHVFRK,7.370224299706478e-05,0.0
slope1__protein_npx__P08571,7.369452577324889e-05,0.0
lag1__peptide_mean__P02765,7.359761717393765e-05,0.0
slope1__protein_npx__P01861,7.346980064491964e-05,0.0
peptide_mean__P01861,7.343057793200228e-05,0.0
delta1__protein_npx__P01034,7.338675863278099e-05,0.0
slope1__protein_npx__P08133,7.334829417048034e-05,0.0
rollmean2__peptide_mean__P24592,7.320025765078804e-05,0.0
delta1__protein_npx__Q9Y6R7,7.298508200077251e-05,0.0
rollmean2__protein_npx__P00747,7.298084815932397e-05,0.0
slope1__peptide_log__C(UniMod_4)RDQLPYIC(UniMod_4)QFGIV,7.291905322732031e-05,0.0
peptide_std__O00533,7.274317962443957e-05,0.0
slope1__peptide_mean__P25311,7.258945905492273e-05,0.0
rollmean2__peptide_mean__O15240,7.257509940182385e-05,0.0
delta1__protein_npx__P13987,7.238945765201305e-05,0.0
peptide_log__AYKSELEEQLTPVAEETR,7.186460138067342e-05,0.0
rollmean2__peptide_log__DSGFQM(UniMod_35)NQLR,7.179889031414604e-05,0.0
missing__peptide_mean__P40925,7.175824629366022e-05,0.0
protein_npx__P01033,7.173504217119346e-05,0.0
rollmean2__peptide_mean__P10451,7.169784987305107e-05,0.0
rollmean2__peptide_count__P43652,7.164243277964538e-05,0.0
lag1__peptide_std__P02753,7.162349810006234e-05,0.0
slope1__protein_npx__O75144,7.161992258815457e-05,0.0
peptide_mean__P13473,7.15449064098016e-05,0.0
slope1__peptide_mean__Q12805,7.141887961220676e-05,0.0
peptide_log__LPPTSAHGNVAEGETKPDPDVTER,7.141867162224903e-05,0.0
delta1__peptide_std__P02750,7.117398056790493e-05,0.0
peptide_std__P19652,7.116077135536871e-05,0.0
peptide_count__P25311,7.11183349712817e-05,0.0
slope1__protein_npx__Q13283,7.103900641940698e-05,0.0
delta1__protein_npx__P20933,7.098332548562269e-05,0.0
delta1__peptide_log__RTPITVVK,7.084168832833008e-05,0.0
delta1__peptide_mean__P01877,7.081222715012643e-05,0.0
delta1__peptide_mean__Q92823,7.075750602341687e-05,0.0
rollmean2__protein_npx__P02649,7.074134010786663e-05,0.0
peptide_std__P08603,7.071949849419662e-05,0.0
slope1__peptide_std__P00450,7.056382241522328e-05,0.0
delta1__protein_npx__P07998,7.054387959843495e-05,0.0
peptide_mean__P05156,7.016039828985732e-05,0.0
rollmean2__peptide_log__LQAEAFQAR,6.996656696558952e-05,0.0
peptide_log__DLATVYVDVLK,6.967546734459834e-05,0.0
slope1__peptide_log__HYDGSYSTFGER,6.960589076656977e-05,0.0
peptide_mean__P51884,6.956532060566763e-05,0.0
lag1__peptide_mean__P51884,6.936332856400735e-05,0.0
lag1__peptide_std__P13591,6.928211422538927e-05,0.0
delta1__protein_npx__P20774,6.922893538341795e-05,0.0
lag1__protein_npx__P07711,6.919274505349179e-05,0.0
delta1__peptide_log__C(UniMod_4)DSSPDSAEDVRK,6.916654041123172e-05,0.0
delta1__protein_npx__P02749,6.913181299458551e-05,0.0
protein_npx__P61769,6.900602161792586e-05,0.0
slope1__peptide_std__Q16610,6.89978925659752e-05,0.0
peptide_log__IMNGEADAMSLDGGFVYIAGK,6.89924105225182e-05,0.0
delta1__peptide_log__TPLGDTTHTC(UniMod_4)PR,6.89790872639107e-05,0.0
rollmean2__peptide_mean__P02766,6.885711432209406e-05,0.0
protein_npx__P02765,6.881010669643009e-05,0.0
slope1__peptide_std__P07998,6.871983920545711e-05,0.0
rollmean2__peptide_mean__P20774,6.850069500544194e-05,0.0
slope1__peptide_mean__O00584,6.827729199589086e-05,0.0
lag1__peptide_log__TPVSDRVTK,6.826239120420952e-05,0.0
delta1__protein_npx__Q96KN2,6.82309980747427e-05,0.0
rollmean2__protein_npx__P00441,6.814675046181344e-05,0.0
rollmean2__peptide_std__P07339,6.801653444802709e-05,0.0
rollmean2__protein_npx__P18065,6.799977996035583e-05,0.0
rollmean2__protein_npx__Q9UKV8,6.79025629460984e-05,0.0
delta1__peptide_std__Q96PD5,6.784266951871603e-05,0.0
months_since_baseline,6.784234618274975e-05,0.0
protein_npx__P01591,6.780334087547723e-05,0.0
delta1__peptide_mean__P02768,6.764373125011709e-05,0.0
rollmean2__current_updrs_3,6.759581517343466e-05,0.0
rollmean2__protein_npx__P02787,6.742835812895724e-05,0.0
missing__peptide_std__Q9Y6R7,6.723846209777883e-05,0.0
missing__peptide_count__Q6UXD5,6.705762070595142e-05,0.0
protein_npx__P02748,6.699891705411849e-05,0.0
delta1__peptide_log__DSGFQM(UniMod_35)NQLR,6.659643639304563e-05,0.0
protein_npx__P02766,6.654977685860371e-05,0.0
protein_npx__P02652,6.654666755486704e-05,0.0
peptide_count__Q96KN2,6.644926301682459e-05,0.0
lag1__protein_npx__Q13449,6.615166682139873e-05,0.0
rollmean2__protein_npx__P20774,6.607832749658355e-05,0.0
protein_npx__Q99683,6.60470881514519e-05,0.0
delta1__peptide_mean__P02675,6.584511318257626e-05,0.0
lag1__peptide_std__Q14624,6.582544551256465e-05,0.0
lag1__peptide_mean__P01011,6.558989824499005e-05,0.0
protein_npx__Q9UKV8,6.54797229090544e-05,0.0
lag1__protein_npx__Q13740,6.542316676740441e-05,0.0
rollmean2__protein_npx__Q92520,6.530782647440126e-05,0.0
lag1__peptide_mean__P04433,6.526165041833991e-05,0.0
delta1__peptide_mean__P00748,6.523136695947858e-05,0.0
protein_npx__P08253,6.51419865294999e-05,0.0
peptide_log__IHWESASLLR,6.510010161323045e-05,0.0
rollmean2__peptide_log__SLAELGGHLDQQVEEFRR,6.509292304092662e-05,0.0
delta1__peptide_log__LPPTSAHGNVAEGETKPDPDVTER,6.505139816581046e-05,0.0
peptide_std__P27169,6.502243869810322e-05,0.0
delta1__peptide_mean__P07998,6.493410516336537e-05,0.0
slope1__protein_npx__P02647,6.489816010165986e-05,0.0
protein_npx__P01031,6.480922777111858e-05,0.0
peptide_std__P01011,6.479097206690075e-05,0.0
missing__protein_npx__P07711,6.467388463909223e-05,0.0
delta1__peptide_std__P08493,6.442229062553842e-05,0.0
peptide_count__P10645,6.42804293206903e-05,0.0
slope1__peptide_count__P00450,6.421361525373566e-05,0.0
rollmean2__protein_npx__P02790,6.419118410074264e-05,0.0
rollmean2__peptide_log__GEVQAMLGQSTEELR,6.418670269110626e-05,0.0
slope1__peptide_mean__P54289,6.408984952494043e-05,0.0
peptide_std__P08697,6.399868553015569e-05,0.0
rollmean2__protein_npx__P02753,6.394925265539939e-05,0.0
slope1__peptide_std__P02751,6.368943643367538e-05,0.0
rollmean2__peptide_count__P10643,6.367999481945496e-05,0.0
delta1__peptide_std__P55290,6.353706566009262e-05,0.0
slope1__peptide_std__P43652,6.344766144623756e-05,0.0
rollmean2__peptide_std__P00751,6.3438873833327e-05,0.0
rollmean2__peptide_std__P00736,6.314506241375703e-05,0.0
slope1__peptide_log__C(UniMod_4)IIEVLSNALSK,6.305211498633945e-05,0.0
slope1__protein_npx__P01019,6.284852793147015e-05,0.0
delta1__peptide_log__SC(UniMod_4)DTPPPC(UniMod_4)PR,6.281552364732398e-05,0.0
delta1__peptide_mean__P01023,6.273352963063592e-05,0.0
protein_npx__P04217,6.26441425429739e-05,0.0
rollmean2__peptide_std__P00441,6.263925165623273e-05,0.0
lag1__peptide_std__P02790,6.255572068288124e-05,0.0
slope1__protein_npx__P02747,6.245261582925908e-05,0.0
lag1__peptide_mean__O75326,6.243093690561546e-05,0.0
protein_npx__O15240,6.232134097685263e-05,0.0
peptide_std__P05067,6.223907883358204e-05,0.0
peptide_std__P54289,6.20578308722876e-05,0.0
slope1__protein_npx__P19823,6.188584219693455e-05,0.0
peptide_mean__P23083,6.1881281827144e-05,0.0
lag1__peptide_mean__P02750,6.186474294472653e-05,0.0
peptide_mean__P02671,6.186045763027575e-05,0.0
rollmean2__peptide_log__DSGEGDFLAEGGGVR,6.17144835262689e-05,0.0
delta1__peptide_std__P01042,6.15277814087223e-05,0.0
peptide_mean__Q9UBX5,6.15226848954846e-05,0.0
delta1__peptide_mean__O15394,6.142233748909334e-05,0.0
rollmean2__peptide_std__P00748,6.117687475247588e-05,0.0
lag1__peptide_log__TKEEYGHSEVVEYYC(UniMod_4)NPR,6.092338915201618e-05,0.0
rollmean2__peptide_mean__P07602,6.089017201901517e-05,0.0
protein_npx__P01023,6.0743182355260806e-05,0.0
delta1__protein_npx__P18065,6.0711187873579157e-05,0.0
slope1__protein_npx__P01009,6.068126786717673e-05,0.0
rollmean2__protein_npx__P01591,6.061967361621907e-05,0.0
delta1__protein_npx__Q9UBX5,6.0509972138522384e-05,0.0
slope1__protein_npx__P36955,6.038916085262782e-05,0.0
rollmean2__peptide_count__P19652,6.03790867001615e-05,0.0
lag1__peptide_std__P54289,6.037152675973617e-05,0.0
rollmean2__protein_npx__P08133,6.03525152335178e-05,0.0
lag1__protein_npx__P30086,6.02242421153481e-05,0.0
peptide_mean__P10909,6.004552882043397e-05,0.0
protein_npx__Q7Z5P9,6.0035974787582207e-05,0.0
rollmean2__peptide_mean__P13671,6.000110666732533e-05,0.0
rollmean2__peptide_log__HYEGSTVPEK,5.9974107545391435e-05,0.0
rollmean2__peptide_mean__P11142,5.982617495022709e-05,0.0
slope1__protein_npx__Q9Y6R7,5.9587376807734195e-05,0.0
lag1__peptide_std__P00748,5.9544081909622745e-05,0.0
lag1__peptide_mean__P00751,5.9505951937117634e-05,0.0
slope1__peptide_mean__P04217,5.943564249670464e-05,0.0
slope1__protein_npx__P80748,5.937832592783101e-05,0.0
lag1__peptide_std__Q9NQ79,5.93154134451549e-05,0.0
peptide_log__SLAAAAGKQELAK,5.893209364604083e-05,0.0
slope1__peptide_mean__P19827,5.890287463792486e-05,0.0
peptide_mean__Q99683,5.885462777903475e-05,0.0
delta1__peptide_mean__P11142,5.8750031183882996e-05,0.0
peptide_std__P05156,5.8626904469277636e-05,0.0
peptide_mean__P13591,5.862564442641615e-05,0.0
slope1__peptide_std__P06727,5.8542732426276316e-05,0.0
slope1__peptide_std__P00751,5.8454063120686676e-05,0.0
rollmean2__peptide_count__P02652,5.840544029478961e-05,0.0
rollmean2__protein_npx__P05090,5.8331306332258274e-05,0.0
lag1__peptide_mean__Q12841,5.833110508109971e-05,0.0
rollmean2__peptide_log__QWAGLVEK,5.8326636051363424e-05,0.0
protein_npx__Q9NYU2,5.8286159364992215e-05,0.0
peptide_std__P06727,5.8255414337611954e-05,0.0
peptide_mean__P61278,5.8231074797321506e-05,0.0
rollmean2__peptide_count__P41222,5.8224285774379275e-05,0.0
delta1__protein_npx__P01591,5.810106223289051e-05,0.0
protein_npx__P23142,5.785891576925383e-05,0.0
rollmean2__protein_npx__P08294,5.7724712852570746e-05,0.0
rollmean2__protein_npx__P04196,5.76523076297355e-05,0.0
rollmean2__peptide_log__ANRPFLVFIR,5.7595571842047435e-05,0.0
rollmean2__peptide_std__P01024,5.734483433175971e-05,0.0
slope1__peptide_mean__Q16270,5.720633337665933e-05,0.0
rollmean2__protein_npx__P04433,5.7185560346122105e-05,0.0
delta1__peptide_log__LSNENHGIAQR,5.7076699694905145e-05,0.0
protein_npx__P07195,5.7008824094540127e-05,0.0
slope1__peptide_mean__P61916,5.6842982676409024e-05,0.0
slope1__peptide_mean__Q7Z3B1,5.682024158453359e-05,0.0
slope1__protein_npx__O00533,5.681714233722436e-05,0.0
peptide_log__QKVEPLRAELQEGAR,5.678905065603174e-05,0.0
lag1__peptide_log__C(UniMod_4)TSTGWIPAPR,5.676827923711209e-05,0.0
protein_npx__Q13283,5.674676290035927e-05,0.0
delta1__protein_npx__P10909,5.657928610497119e-05,0.0
delta1__peptide_std__O00584,5.652275490296955e-05,0.0
lag1__peptide_std__Q92823,5.647535915804172e-05,0.0
peptide_log__HYTNPSQDVTVPC(UniMod_4)PVPPPPPC(UniMod_4)C(UniMod_4)HPR,5.63188812070255e-05,0.0
lag1__protein_npx__P10643,5.626733268500886e-05,0.0
lag1__peptide_std__Q14515,5.601935224544749e-05,0.0
lag1__peptide_mean__P04207,5.593219734100042e-05,0.0
lag1__peptide_log__AATGEC(UniMod_4)TATVGKR,5.58952280033852e-05,0.0
lag1__protein_npx__Q7Z5P9,5.588666310450604e-05,0.0
protein_npx__Q92823,5.5808126896220384e-05,0.0
lag1__peptide_count__P01024,5.5789811648443094e-05,0.0
peptide_mean__Q8NBJ4,5.573211658902069e-05,0.0
peptide_log__TDASDVKPC(UniMod_4),5.558439109400832e-05,0.0
peptide_mean__P02647,5.554202229559473e-05,0.0
lag1__protein_npx__P02652,5.5515959346244615e-05,0.0
rollmean2__peptide_mean__P02760,5.5454086832761265e-05,0.0
rollmean2__peptide_log__LSSWVLLM(UniMod_35)K,5.538863796850305e-05,0.0
slope1__peptide_mean__P01608,5.5361015478248106e-05,0.0
lag1__peptide_std__P01859,5.533009194979719e-05,0.0
slope1__peptide_mean__Q12841,5.523633614300443e-05,0.0
slope1__protein_npx__Q7Z5P9,5.516711367310348e-05,0.0
lag1__peptide_mean__P01857,5.514867635788332e-05,0.0
rollmean2__peptide_std__P02647,5.5121133246489664e-05,0.0
lag1__peptide_mean__P04406,5.507922199780313e-05,0.0
protein_npx__Q99674,5.50759615513643e-05,0.0
peptide_count__P07602,5.49654417786295e-05,0.0
rollmean2__peptide_std__Q12907,5.475199212695043e-05,0.0
missing__peptide_count__Q02818,5.471014688741045e-05,0.0
protein_npx__P36222,5.470184840770176e-05,0.0
rollmean2__peptide_mean__O14791,5.46745276148332e-05,0.0
peptide_log__YIVSGTPTFVPYLIK,5.454502095000269e-05,0.0
rollmean2__peptide_mean__P16870,5.4517704405688035e-05,0.0
slope1__protein_npx__P10645,5.451442457430941e-05,0.0
peptide_std__Q92823,5.439588059587246e-05,0.0
rollmean2__peptide_mean__Q6UX71,5.4381448653884626e-05,0.0
rollmean2__peptide_log__DASGVTFTWTPSSGK,5.435936745005171e-05,0.0
lag1__protein_npx__P98160,5.41705143985259e-05,0.0
peptide_std__P02452,5.411552475549684e-05,0.0
lag1__protein_npx__Q9NQ79,5.3994623657123806e-05,0.0
peptide_std__P02790,5.375694475609461e-05,0.0
slope1__peptide_std__P10645,5.372672085388425e-05,0.0
delta1__peptide_log__VYC(UniMod_4)DMNTENGGWTVIQNR,5.34198010009911e-05,0.0
peptide_mean__P02763,5.321373459902072e-05,0.0
rollmean2__protein_npx__O00584,5.3078831307546695e-05,0.0
rollmean2__peptide_log__LGADMEDVC(UniMod_4)GR,5.3002205706938e-05,0.0
rollmean2__peptide_mean__P02763,5.294529852022503e-05,0.0
slope1__protein_npx__P00450,5.28890651473606e-05,0.0
peptide_std__P04180,5.283759181726721e-05,0.0
slope1__protein_npx__P04075,5.280189652898872e-05,0.0
slope1__peptide_log__LDEVKEQVAEVR,5.246597162984856e-05,0.0
delta1__peptide_mean__P39060,5.2369905215631897e-05,0.0
lag1__peptide_mean__Q9UHG2,5.217957874638918e-05,0.0
delta1__peptide_std__P02763,5.211567077990157e-05,0.0
slope1__peptide_mean__P08697,5.2078687993955634e-05,0.0
delta1__protein_npx__P08697,5.206681230454275e-05,0.0
lag1__peptide_std__P01023,5.200350163750487e-05,0.0
rollmean2__peptide_count__P51884,5.191281938644585e-05,0.0
rollmean2__peptide_log__WELALGR,5.1848747945848155e-05,0.0
rollmean2__peptide_log__EILSVDC(UniMod_4)STNNPSQAK,5.164473657188799e-05,0.0
slope1__peptide_std__P05060,5.16229601449958e-05,0.0
lag1__peptide_mean__P04180,5.1521100713106336e-05,0.0
delta1__peptide_std__P02649,5.143284953649392e-05,0.0
delta1__peptide_abundance_max,5.135019794245007e-05,0.0
delta1__peptide_log__FLATTPNSLLVSWQPPR,5.12699227761316e-05,0.0
rollmean2__peptide_log__QKVEPLRAELQEGAR,5.107175672595542e-05,0.0
rollmean2__peptide_mean__P13611,5.0724503182608404e-05,0.0
rollmean2__peptide_log__ELDESLQVAER,5.04670150408867e-05,0.0
lag1__peptide_mean__P01717,5.0415080230688864e-05,0.0
rollmean2__protein_npx__Q13451,5.0388556127324136e-05,0.0
rollmean2__peptide_log__SEALAVDGAGKPGAEEAQDPEGK,5.027386287517646e-05,0.0
delta1__peptide_mean__P02749,5.0252964959068114e-05,0.0
lag1__peptide_std__P09486,5.010988978078397e-05,0.0
slope1__peptide_mean__O43505,5.007515940159057e-05,0.0
protein_npx__P08571,5.0051413246603216e-05,0.0
lag1__peptide_std__Q9UHG2,4.985599901241261e-05,0.0
peptide_std__O14773,4.9747895021305337e-05,0.0
rollmean2__peptide_mean__Q9UKV8,4.974324818435075e-05,0.0
slope1__protein_npx__P05060,4.973054976702921e-05,0.0
peptide_std__P10909,4.961539586494704e-05,0.0
rollmean2__peptide_mean__P32754,4.9190746411130476e-05,0.0
peptide_log__C(UniMod_4)VDVDEC(UniMod_4)APPAEPC(UniMod_4)GK,4.9145759294546045e-05,0.0
delta1__peptide_std__P08697,4.9129842005103204e-05,0.0
peptide_log__KQELSEAEQATR,4.901652539733174e-05,0.0
protein_npx__P00747,4.892021889749867e-05,0.0
rollmean2__protein_npx__P04275,4.886906616750017e-05,0.0
delta1__protein_npx__O00533,4.8829660869414975e-05,0.0
slope1__peptide_log__LC(UniMod_4)MGSGLNLC(UniMod_4)EPNNKEGYYGYTGAFR,4.8783291715088944e-05,0.0
peptide_log__LGPLVEQGRVR,4.870564553383282e-05,0.0
protein_npx__P02649,4.8679646760946434e-05,0.0
delta1__protein_npx__P13671,4.8631852080400116e-05,0.0
slope1__peptide_log__AVLPTGDVIGDSAK,4.8529896998385734e-05,0.0
slope1__peptide_std__P02675,4.8519367456300536e-05,0.0
peptide_std__P00734,4.843269639347188e-05,0.0
lag1__peptide_mean__P19021,4.8379016491697946e-05,0.0
rollmean2__protein_npx__Q9UNU6,4.83383462928904e-05,0.0
slope1__peptide_log__TM(UniMod_35)LLQPAGSLGSYSYR,4.831736866254244e-05,0.0
peptide_mean__P20933,4.830926474060568e-05,0.0
protein_npx__P07339,4.81940102706568e-05,0.0
peptide_log__TVVQPSVGAAAGPVVPPC(UniMod_4)PGR,4.818683988990778e-05,0.0
protein_npx__P02763,4.8151299164143084e-05,0.0
rollmean2__protein_npx__P04406,4.7903335075174935e-05,0.0
protein_npx__P02751,4.7891848961532136e-05,0.0
slope1__peptide_log__C(UniMod_4)TSTGWIPAPR,4.7870408345267675e-05,0.0
protein_npx__P08603,4.784303255355312e-05,0.0
lag1__peptide_mean__P02747,4.782982800322501e-05,0.0
delta1__peptide_mean__P06396,4.778484700139589e-05,0.0
slope1__peptide_mean__Q99435,4.770201476549903e-05,0.0
lag1__protein_npx__Q92520,4.7647948218225936e-05,0.0
lag1__peptide_mean__P43251,4.74481227909082e-05,0.0
slope1__peptide_log__VYC(UniMod_4)DMNTENGGWTVIQNR,4.7360092583286416e-05,0.0
rollmean2__peptide_mean__P05155,4.735108228134506e-05,0.0
slope1__peptide_log__LSSWVLLM(UniMod_35)K,4.7160065864730915e-05,0.0
lag1__peptide_std__P01008,4.711969183502708e-05,0.0
protein_npx__P08123,4.707884169849977e-05,0.0
peptide_log__TPVSDRVTK,4.706268439600412e-05,0.0
peptide_count__P02768,4.703208501916899e-05,0.0
peptide_log__DASGVTFTWTPSSGK,4.6925586986767016e-05,0.0
slope1__protein_npx__P30086,4.686391650550539e-05,0.0
peptide_mean__P01033,4.679894798586647e-05,0.0
peptide_std__P04004,4.674868699746399e-05,0.0
rollmean2__protein_npx__P01857,4.661536224968209e-05,0.0
lag1__peptide_mean__P04196,4.659625261489579e-05,0.0
lag1__peptide_std__P04075,4.658711165011812e-05,0.0
lag1__peptide_std__P00734,4.6438519629838105e-05,0.0
delta1__peptide_std__P16070,4.634040317444643e-05,0.0
delta1__current_medication_on,4.6294797931262196e-05,0.0
lag1__peptide_mean__P08637,4.616899557701289e-05,0.0
lag1__peptide_mean__P08493,4.6158087244534365e-05,0.0
rollmean2__peptide_mean__P08294,4.6125678252984385e-05,0.0
lag1__protein_npx__P02679,4.605064608686287e-05,0.0
slope1__protein_missing_fraction,4.5987493436476566e-05,0.0
lag1__protein_npx__P18065,4.5884119541283634e-05,0.0
peptide_mean__P17936,4.5786503477740536e-05,0.0
rollmean2__peptide_log__C(UniMod_4)KPVNTFVHEPLVDVQNVC(UniMod_4)FQEK,4.5778408820971895e-05,0.0
slope1__peptide_mean__Q9HDC9,4.539551317166754e-05,0.0
peptide_mean__P06681,4.5381797950919687e-05,0.0
protein_npx__Q99969,4.5307144786072866e-05,0.0
protein_npx__Q12907,4.5242447002332194e-05,0.0
delta1__protein_npx__P06396,4.5177499771867714e-05,0.0
rollmean2__peptide_mean__P02768,4.511537209657895e-05,0.0
lag1__peptide_count__O94919,4.505467587165953e-05,0.0
missing__peptide_mean__P01594,4.494059745800081e-05,0.0
rollmean2__peptide_mean__P01857,4.489928238985365e-05,0.0
rollmean2__peptide_mean__Q13740,4.4808672683538994e-05,0.0
slope1__protein_npx__P07339,4.4807845059730064e-05,0.0
delta1__peptide_mean__P01857,4.460060062384799e-05,0.0
peptide_std__P30086,4.455248553626636e-05,0.0
lag1__peptide_count__P02774,4.453339613789199e-05,0.0
slope1__peptide_count__P02787,4.4444202442833435e-05,0.0
slope1__peptide_mean__Q13740,4.4433270745105425e-05,0.0
peptide_log__GYQLSDVDGVTC(UniMod_4)EDIDEC(UniMod_4)ALPTGGHIC(UniMod_4)SYR,4.438413698043124e-05,0.0
delta1__protein_npx__P01344,4.4288330610539556e-05,0.0
rollmean2__peptide_log__LRTEGDGVYTLNNEK,4.420351590087941e-05,0.0
peptide_mean__O60888,4.41030322159927e-05,0.0
rollmean2__peptide_mean__P12109,4.38998215158569e-05,0.0
missing__peptide_std__P02452,4.3673590406505464e-05,0.0
peptide_std__P02751,4.36481985436952e-05,0.0
slope1__peptide_mean__Q6UXD5,4.355063549107917e-05,0.0
protein_npx__Q6UXB8,4.3520917602083364e-05,0.0
peptide_mean__P01859,4.351606276592834e-05,0.0
rollmean2__peptide_count__P02675,4.333126950816844e-05,0.0
lag1__protein_npx__P13521,4.328387543153708e-05,0.0
delta1__peptide_mean__P01861,4.3276169272628416e-05,0.0
slope1__protein_npx__P00746,4.314582537041752e-05,0.0
lag1__protein_npx__P01019,4.307551146759955e-05,0.0
lag1__peptide_mean__P14174,4.3065079561132126e-05,0.0
lag1__peptide_log__SNSSM(UniMod_35)HITDC(UniMod_4)R,4.305916575711429e-05,0.0
protein_npx__P06396,4.299727463738883e-05,0.0
slope1__peptide_log__TSAHGNVAEGETKPDPDVTER,4.285194267897625e-05,0.0
protein_npx__P20774,4.2749517823516685e-05,0.0
delta1__protein_npx__Q92823,4.242780636394665e-05,0.0
slope1__peptide_mean__P02747,4.198065138613516e-05,0.0
slope1__peptide_mean__P27169,4.194429261012145e-05,0.0
delta1__peptide_mean__Q9UNU6,4.1907575247604214e-05,0.0
slope1__peptide_log__VDNALQSGNSQESVTEQDSKDSTYSLSSTLTLSK,4.1899359032058003e-05,0.0
lag1__peptide_log__C(UniMod_4)IIEVLSNALSK,4.181355325016292e-05,0.0
rollmean2__peptide_abundance_std,4.1695408490865184e-05,0.0
peptide_log__FM(UniMod_35)ETVAEK,4.1640737797670324e-05,0.0
lag1__peptide_mean__P02452,4.1575389471323425e-05,0.0
slope1__peptide_std__P02652,4.146909980682499e-05,0.0
peptide_log__LSKELQAAQAR,4.146790495453213e-05,0.0
peptide_std__P36955,4.1453570021588725e-05,0.0
rollmean2__peptide_mean__Q12907,4.1450434419303025e-05,0.0
peptide_log__SSQGGSLPSEEK,4.1429507215653375e-05,0.0
delta1__peptide_mean__P61278,4.136737197137979e-05,0.0
peptide_log__AKLEEQAQQIR,4.114193942621809e-05,0.0
delta1__peptide_mean__P25311,4.109915231920247e-05,0.0
protein_npx__P08637,4.0924189629008734e-05,0.0
lag1__protein_npx__Q13283,4.071586616917923e-05,0.0
delta1__peptide_mean__P06454,4.070368485140533e-05,0.0
slope1__peptide_std__O15240,4.067172112960262e-05,0.0
rollmean2__protein_npx__O14498,4.064020579587175e-05,0.0
lag1__peptide_std__P05155,4.049485330369664e-05,0.0
rollmean2__peptide_mean__Q13451,4.046751488946881e-05,0.0
slope1__peptide_mean__P16152,4.029792894699662e-05,0.0
delta1__peptide_count__P01024,4.013892173609687e-05,0.0
lag1__peptide_log__SSQGGSLPSEEK,4.0133409190247444e-05,0.0
rollmean2__peptide_mean__P08637,4.008999152959828e-05,0.0
delta1__peptide_mean__Q14515,4.001314441961836e-05,0.0
rollmean2__peptide_log__C(UniMod_4)C(UniMod_4)VEC(UniMod_4)PPC(UniMod_4)PAPPVAGPSVFLFPPKPK,3.99585193904979e-05,0.0
slope1__peptide_mean__Q9UBX5,3.9898568680443186e-05,0.0
delta1__peptide_std__P30086,3.988406334623105e-05,0.0
slope1__current_updrs_3,3.96231093298039e-05,0.0
lag1__protein_npx__P01344,3.948520810945979e-05,0.0
rollmean2__protein_npx__P17936,3.944546575868233e-05,0.0
protein_npx__P02768,3.935473042909905e-05,0.0
slope1__peptide_mean__O94919,3.934265520332931e-05,0.0
peptide_std__P02671,3.923467161742646e-05,0.0
lag1__peptide_std__P10909,3.915273660186149e-05,0.0
protein_npx__Q6UXD5,3.91209811844121e-05,0.0
peptide_mean__P07225,3.9107006226158745e-05,0.0
rollmean2__peptide_mean__Q9UNU6,3.910659764142937e-05,0.0
slope1__peptide_mean__P10645,3.895672698690699e-05,0.0
delta1__peptide_log__ATVNPSAPR,3.882130711790602e-05,0.0
slope1__peptide_std__P00746,3.874846264212837e-05,0.0
rollmean2__peptide_mean__P00738,3.8739190722878025e-05,0.0
lag1__peptide_std__P10643,3.873523134551857e-05,0.0
rollmean2__protein_npx__P07602,3.859483237867845e-05,0.0
rollmean2__peptide_log__NPDPWAK,3.854040661063679e-05,0.0
delta1__peptide_log__ADDKETC(UniMod_4)FAEEGK,3.849471741906363e-05,0.0
peptide_mean__P02766,3.84887560712505e-05,0.0
slope1__peptide_mean__P24592,3.8424590654369175e-05,0.0
protein_npx__Q9Y646,3.8343151231937796e-05,0.0
lag1__protein_npx__P01860,3.8214634647490374e-05,0.0
rollmean2__peptide_log__HYTNPSQDVTVPC(UniMod_4)PVPPPPPC(UniMod_4)C(UniMod_4)HPR,3.79115794821933e-05,0.0
missing__protein_npx__P19021,3.787070369210046e-05,0.0
slope1__peptide_std__O75144,3.7849058340397085e-05,0.0
slope1__protein_npx__P08603,3.7771768726690866e-05,0.0
delta1__peptide_log__MYYSAVDPTKDIFTGLIGPM(UniMod_35)K,3.769315870233645e-05,0.0
rollmean2__peptide_log__QIGSVYR,3.7684712436074186e-05,0.0
rollmean2__protein_npx__P11277,3.7579520978587684e-05,0.0
rollmean2__peptide_log__YVMLPVADQDQC(UniMod_4)IR,3.745493989341819e-05,0.0
delta1__peptide_std__P00734,3.744547335008468e-05,0.0
peptide_std__P01019,3.743373290643957e-05,0.0
rollmean2__peptide_mean__P01594,3.720450365382807e-05,0.0
lag1__protein_npx__P01717,3.7165353564946344e-05,0.0
rollmean2__peptide_mean__Q6UXB8,3.715131683671158e-05,0.0
delta1__protein_npx__P02751,3.713753783988943e-05,0.0
delta1__peptide_std__P02747,3.7068108850560874e-05,0.0
slope1__peptide_std__P16070,3.705783415518705e-05,0.0
peptide_count__P07711,3.696415763509991e-05,0.0
rollmean2__protein_npx__Q96KN2,3.695387100784996e-05,0.0
lag1__peptide_std__P16035,3.689690070642484e-05,0.0
delta1__peptide_mean__P02452,3.676508282754577e-05,0.0
delta1__peptide_mean__P24592,3.659084228015995e-05,0.0
rollmean2__peptide_log__RTPITVVK,3.65635824509471e-05,0.0
peptide_log__LGADM(UniMod_35)EDVC(UniMod_4)GR,3.656204888418142e-05,0.0
slope1__peptide_mean__P09871,3.649796778191414e-05,0.0
rollmean2__protein_npx__P30086,3.647872455556408e-05,0.0
delta1__peptide_std__P07339,3.633876667536289e-05,0.0
lag1__protein_npx__P51884,3.6160929660137764e-05,0.0
peptide_log__M(UniMod_35)YLGYEYVTAIR,3.6141787362565356e-05,0.0
peptide_count__P30086,3.606997505806646e-05,0.0
lag1__peptide_std__P27169,3.586597704665379e-05,0.0
slope1__peptide_mean__Q9UNU6,3.5814370156719356e-05,0.0
slope1__peptide_mean__P02750,3.576463203092165e-05,0.0
rollmean2__peptide_mean__P08603,3.575859826883669e-05,0.0
delta1__peptide_std__Q9Y6R7,3.575626723859674e-05,0.0
lag1__peptide_mean__P05156,3.57209452315677e-05,0.0
protein_npx__P06681,3.5718664991457095e-05,0.0
lag1__peptide_mean__P18065,3.567536998284244e-05,0.0
delta1__peptide_mean__P04406,3.5604032922287326e-05,0.0
slope1__peptide_log__C(UniMod_4)DSSPDSAEDVRK,3.557138305399858e-05,0.0
slope1__peptide_log__KFPSGTFEQVSQLVK,3.5503180697992094e-05,0.0
lag1__protein_npx__P01033,3.544488536897614e-05,0.0
rollmean2__peptide_std__Q14624,3.5431995359709084e-05,0.0
delta1__protein_npx__P00738,3.54053068823393e-05,0.0
peptide_count__P05060,3.5394159190775566e-05,0.0
lag1__peptide_log__NPDPWAK,3.538574895188195e-05,0.0
protein_npx__P04275,3.535185010182721e-05,0.0
protein_npx__P01859,3.5335553213682356e-05,0.0
peptide_mean__P00736,3.533205061644297e-05,0.0
delta1__peptide_std__P02760,3.5279145439048526e-05,0.0
peptide_observation_count,3.522645433130239e-05,0.0
slope1__peptide_count__P02768,3.5201138122241506e-05,0.0
slope1__peptide_std__P16035,3.503031302693791e-05,0.0
lag1__peptide_std__P02652,3.493022794828418e-05,0.0
protein_npx__P05060,3.4899712656949755e-05,0.0
delta1__protein_npx__P01011,3.4894364373483454e-05,0.0
rollmean2__peptide_log__GYQLSDVDGVTC(UniMod_4)EDIDEC(UniMod_4)ALPTGGHIC(UniMod_4)SYR,3.460285802041364e-05,0.0
peptide_std__P16070,3.458697148138315e-05,0.0
peptide_mean__O00391,3.4509407894971574e-05,0.0
delta1__peptide_count__P01008,3.4389592825654905e-05,0.0
slope1__peptide_mean__P16870,3.436821896425137e-05,0.0
slope1__protein_npx__P10909,3.432480829845966e-05,0.0
protein_npx__P24592,3.432210286296489e-05,0.0
slope1__peptide_mean__P31997,3.432134153507719e-05,0.0
slope1__peptide_mean__O15394,3.422334482397397e-05,0.0
protein_npx__P00734,3.400715498958584e-05,0.0
lag1__protein_npx__P61769,3.400543267091779e-05,0.0
delta1__peptide_mean__Q92520,3.4000135167479944e-05,0.0
rollmean2__peptide_count__P01024,3.3959595278735685e-05,0.0
lag1__protein_npx__Q99435,3.384976278527323e-05,0.0
lag1__peptide_std__P16070,3.3706724257677234e-05,0.0
delta1__peptide_mean__P01717,3.357810159525815e-05,0.0
delta1__protein_npx__P02649,3.344956130205095e-05,0.0
rollmean2__protein_npx__P10643,3.3405143978495395e-05,0.0
lag1__protein_npx__P07225,3.3324181389564937e-05,0.0
lag1__peptide_log__ANRPFLVFIR,3.329273696538042e-05,0.0
rollmean2__peptide_std__O14773,3.3275464727944253e-05,0.0
delta1__peptide_log__LGPLVEQGRVR,3.3275360567381774e-05,0.0
rollmean2__peptide_std__P19823,3.31905027623781e-05,0.0
rollmean2__peptide_mean__P05452,3.317646778089229e-05,0.0
rollmean2__protein_npx__P05155,3.3121011415297774e-05,0.0
rollmean2__months_since_baseline,3.305894021913947e-05,0.0
rollmean2__peptide_mean__P11277,3.3047393099809984e-05,0.0
slope1__peptide_mean__P20774,3.29625275643304e-05,0.0
lag1__peptide_mean__Q99435,3.289250083300138e-05,0.0
delta1__peptide_std__P02656,3.269682576438459e-05,0.0
lag1__protein_npx__P16870,3.2631918295618033e-05,0.0
rollmean2__peptide_missing_fraction,3.254429455661556e-05,0.0
peptide_log__LIADLGSTSITNLGFR,3.252182302722355e-05,0.0
rollmean2__peptide_std__P54289,3.251470814204942e-05,0.0
lag1__peptide_log__ATVNPSAPR,3.2467537195206124e-05,0.0
delta1__current_updrs_2,3.236555492204755e-05,0.0
slope1__peptide_std__P02750,3.230439411275755e-05,0.0
peptide_mean__P00441,3.2270306446397915e-05,0.0
slope1__peptide_log__YIVSGTPTFVPYLIK,3.212619388519428e-05,0.0
rollmean2__peptide_mean__Q9UHG2,3.21228218330808e-05,0.0
lag1__peptide_log__DASGVTFTWTPSSGK,3.2109012328169505e-05,0.0
rollmean2__peptide_count__P01008,3.206123521125326e-05,0.0
delta1__protein_npx__P04275,3.199955473429695e-05,0.0
rollmean2__protein_npx__Q14118,3.17948989086545e-05,0.0
protein_npx__P10643,3.173839770626079e-05,0.0
lag1__peptide_mean__P02763,3.1679619132374756e-05,0.0
delta1__peptide_log__YIVSGTPTFVPYLIK,3.164244920875779e-05,0.0
delta1__peptide_std__P02790,3.15521906921177e-05,0.0
slope1__peptide_mean__P02760,3.147802445867489e-05,0.0
delta1__peptide_log__SWFEPLVEDM(UniMod_35)QR,3.141080496355446e-05,0.0
rollmean2__peptide_std__P02753,3.136593433814797e-05,0.0
protein_npx__Q9UNU6,3.1298274237863576e-05,0.0
lag1__peptide_log__VLLDQLR,3.120903662366598e-05,0.0
rollmean2__protein_npx__P01019,3.113977027543814e-05,0.0
delta1__peptide_log__VQPYLDDFQKK,3.113501503550592e-05,0.0
peptide_mean__P02679,3.105724655827395e-05,0.0
slope1__peptide_log__C(UniMod_4)VDVDEC(UniMod_4)APPAEPC(UniMod_4)GK,3.102389925249479e-05,0.0
delta1__peptide_mean__P23083,3.0960000889649514e-05,0.0
rollmean2__peptide_std__P06727,3.09543990385865e-05,0.0
lag1__months_since_baseline,3.094676618186513e-05,0.0
delta1__peptide_abundance_min,3.0916689678601033e-05,0.0
slope1__peptide_mean__P05090,3.0882241762129786e-05,0.0
slope1__peptide_std__P12109,3.08610867640294e-05,0.0
rollmean2__peptide_mean__Q06481,3.084194484767208e-05,0.0
rollmean2__peptide_log__TDASDVKPC(UniMod_4),3.083373163918708e-05,0.0
lag1__peptide_log__QIGSVYR,3.079526931776654e-05,0.0
delta1__protein_npx__Q13283,3.078705033790522e-05,0.0
peptide_std__P02747,3.076351849114554e-05,0.0
rollmean2__peptide_mean__Q96BZ4,3.072198160976289e-05,0.0
peptide_log__C(UniMod_4)C(UniMod_4)VEC(UniMod_4)PPC(UniMod_4)PAPPVAGPSVFLFPPKPK,3.0660405434818836e-05,0.0
slope1__peptide_log__HYTNPSQDVTVPC(UniMod_4)PVPPPPPC(UniMod_4)C(UniMod_4)HPR,3.058302583574239e-05,0.0
peptide_mean__P07195,3.0489008154541033e-05,0.0
rollmean2__peptide_log__TSPVDEKALQDQLVLVAAK,3.0376162825119197e-05,0.0
missing__protein_npx__Q6UX71,3.0372491054598886e-05,0.0
slope1__protein_npx__P01008,3.0358537427319156e-05,0.0
lag1__peptide_std__P01857,3.034102039793685e-05,0.0
slope1__peptide_std__P00738,3.0305180649174925e-05,0.0
slope1__peptide_std__P05090,3.020503413274282e-05,0.0
protein_npx__P04406,3.0201536307634856e-05,0.0
lag1__peptide_mean__Q6UXB8,3.019928396113512e-05,0.0
rollmean2__peptide_mean__P02787,3.0193037691140357e-05,0.0
rollmean2__protein_npx__P07333,3.0162003701069338e-05,0.0
rollmean2__peptide_mean__P07998,3.013174195955552e-05,0.0
delta1__peptide_mean__P02656,3.0050475503245996e-05,0.0
lag1__peptide_mean__P00747,2.985924134370584e-05,0.0
lag1__peptide_mean__Q8N2S1,2.982181793151662e-05,0.0
slope1__peptide_mean__P01717,2.9807038211646322e-05,0.0
rollmean2__protein_npx__P08637,2.979582713010311e-05,0.0
peptide_mean__O75144,2.9606197543452266e-05,0.0
lag1__protein_npx__P02750,2.9499531578494544e-05,0.0
peptide_mean__P36980,2.9425830878875322e-05,0.0
lag1__peptide_std__P05452,2.9362557675818015e-05,0.0
lag1__peptide_log__SLAAAAGKQELAK,2.929755530791167e-05,0.0
rollmean2__peptide_mean__O75326,2.9196478600746843e-05,0.0
lag1__peptide_count__P02671,2.893395355792227e-05,0.0
slope1__peptide_mean__P05060,2.8785209297666183e-05,0.0
slope1__peptide_mean__Q96S96,2.873393969821159e-05,0.0
slope1__peptide_mean__P04004,2.8668128538831425e-05,0.0
protein_npx__P01857,2.866207740749641e-05,0.0
delta1__peptide_log__LC(UniMod_4)MGSGLNLC(UniMod_4)EPNNKEGYYGYTGAFR,2.8645435080311118e-05,0.0
slope1__peptide_std__P19823,2.859213902394394e-05,0.0
rollmean2__protein_npx__P14618,2.8481997235077062e-05,0.0
delta1__protein_npx__P41222,2.8445916632756775e-05,0.0
peptide_mean__P02768,2.8402136057423984e-05,0.0
slope1__protein_npx__P01621,2.8266044600312918e-05,0.0
lag1__protein_npx__P08603,2.826596199711014e-05,0.0
slope1__peptide_mean__P07858,2.8222020694784094e-05,0.0
slope1__peptide_std__P00748,2.8175736375961398e-05,0.0
rollmean2__peptide_mean__P01008,2.8157423458734656e-05,0.0
lag1__peptide_mean__P60174,2.8149106657296362e-05,0.0
rollmean2__peptide_mean__Q96KN2,2.8124604981590984e-05,0.0
rollmean2__peptide_log__VC(UniMod_4)PFAGILENGAVR,2.8093845480287087e-05,0.0
slope1__protein_npx__P07602,2.8089121736378948e-05,0.0
missing__peptide_std__Q9NQ79,2.804703020381588e-05,0.0
protein_npx__P09486,2.804222815411703e-05,0.0
rollmean2__peptide_count__P07339,2.8012548887752604e-05,0.0
rollmean2__peptide_std__P05546,2.794535119760349e-05,0.0
lag1__peptide_mean__Q14118,2.7941787276863166e-05,0.0
rollmean2__peptide_mean__P08123,2.7919168119552013e-05,0.0
lag1__peptide_mean__P14618,2.771667587673409e-05,0.0
delta1__peptide_std__P16035,2.7713945635118452e-05,0.0
rollmean2__peptide_mean__P49588,2.7548487452427863e-05,0.0
rollmean2__peptide_mean__P09486,2.7449085936947755e-05,0.0
peptide_mean__O00533,2.74195031766982e-05,0.0
rollmean2__protein_npx__P31997,2.7376491600351335e-05,0.0
delta1__peptide_std__P05060,2.7342037018657413e-05,0.0
lag1__peptide_std__P02787,2.7288833458872285e-05,0.0
lag1__peptide_mean__P16152,2.7286079188727515e-05,0.0
lag1__peptide_mean__P01876,2.7232653443381543e-05,0.0
rollmean2__protein_npx__Q8N2S1,2.7186369862341915e-05,0.0
slope1__peptide_std__P04180,2.714335715334377e-05,0.0
peptide_log__KAADDTWEPFASGK,2.7110444891595423e-05,0.0
delta1__protein_npx__Q06481,2.7051298012230808e-05,0.0
lag1__peptide_std__P01876,2.703312373998694e-05,0.0
delta1__protein_npx__Q9BY67,2.697230662621481e-05,0.0
slope1__peptide_observation_count,2.6901625688304785e-05,0.0
slope1__protein_npx__Q9UBX5,2.6721417401341295e-05,0.0
missing__peptide_count__P01833,2.670540030028068e-05,0.0
protein_npx__P08133,2.669087033894535e-05,0.0
rollmean2__peptide_mean__P02671,2.6667244710403444e-05,0.0
delta1__protein_npx__P16152,2.6486788790494412e-05,0.0
rollmean2__peptide_std__P16070,2.647473013194505e-05,0.0
lag1__protein_npx__P23142,2.6450258692588092e-05,0.0
slope1__peptide_log__ELSSFIDKGQELC(UniMod_4)ADYSENTFTEYK,2.6424717687800644e-05,0.0
slope1__protein_npx__O14498,2.6419465197300117e-05,0.0
slope1__peptide_log__TTPPVLDSDGSFFLYSK,2.63848356712385e-05,0.0
peptide_std__P01834,2.6321377244292212e-05,0.0
slope1__protein_npx__P05546,2.6306523112749524e-05,0.0
slope1__protein_npx__P14618,2.6214182333674367e-05,0.0
slope1__peptide_log__TLLSNLEEAKK,2.620360990748619e-05,0.0
rollmean2__peptide_mean__P01780,2.6167557807194297e-05,0.0
rollmean2__protein_npx__Q14515,2.6129568946311518e-05,0.0
slope1__peptide_std__Q6UXB8,2.6103310056644412e-05,0.0
peptide_mean__O00584,2.6092717099410384e-05,0.0
rollmean2__protein_npx__P17174,2.603038717034824e-05,0.0
delta1__peptide_mean__P02790,2.6027376453725807e-05,0.0
protein_npx__P02760,2.595793928021165e-05,0.0
peptide_log__LDEVKEQVAEVR,2.594510247949396e-05,0.0
rollmean2__peptide_abundance_max,2.5924377586486892e-05,0.0
rollmean2__protein_npx__P01033,2.5849572538838286e-05,0.0
rollmean2__visit_index,2.5806370831519524e-05,0.0
slope1__peptide_mean__P01857,2.5797926434166914e-05,0.0
slope1__peptide_std__P54289,2.577211833032528e-05,0.0
rollmean2__peptide_std__P02751,2.562574190088373e-05,0.0
rollmean2__protein_npx__P04216,2.5576983476526817e-05,0.0
peptide_mean__P05155,2.5482998165949463e-05,0.0
lag1__peptide_count__Q92520,2.5204114043820358e-05,0.0
protein_npx__P13671,2.5200020580672084e-05,0.0
protein_npx__P60174,2.515993312099178e-05,0.0
peptide_std__P07225,2.5029426782187028e-05,0.0
delta1__peptide_log__LGADMEDVC(UniMod_4)GR,2.495323938744144e-05,0.0
slope1__protein_npx__P04275,2.4912865497769226e-05,0.0
rollmean2__peptide_log__NFPPSQDASGDLYTTSSQLTLPATQC(UniMod_4)LAGK,2.4907076568124512e-05,0.0
lag1__peptide_mean__P14314,2.4902633508194986e-05,0.0
peptide_std__P02753,2.48118598695409e-05,0.0
peptide_count__P08603,2.465599435316555e-05,0.0
rollmean2__peptide_log__SELEEQLTPVAEETR,2.4649502121485904e-05,0.0
lag1__peptide_mean__P06681,2.4599551180665528e-05,0.0
rollmean2__peptide_count__P05067,2.45983179220207e-05,0.0
delta1__peptide_std__P02774,2.4564926020046726e-05,0.0
delta1__peptide_std__P02452,2.4535028240081956e-05,0.0
rollmean2__peptide_count__Q12841,2.4529768614840216e-05,0.0
lag1__peptide_std__P17174,2.4506093766842556e-05,0.0
lag1__peptide_log__SWFEPLVEDM(UniMod_35)QR,2.4472659636989615e-05,0.0
peptide_count__P01023,2.44203030901027e-05,0.0
lag1__protein_npx__Q8N2S1,2.437296211284895e-05,0.0
peptide_std__P02766,2.437070630632103e-05,0.0
lag1__peptide_std__Q92876,2.4335784336262483e-05,0.0
lag1__peptide_mean__P12109,2.4305569848630687e-05,0.0
slope1__protein_npx__P01876,2.4162678023698093e-05,0.0
protein_npx__P61278,2.40954757550627e-05,0.0
lag1__peptide_count__P01009,2.3956559152470733e-05,0.0
missing__peptide_count__P02792,2.3932541662880172e-05,0.0
peptide_mean__P07602,2.3834736420966897e-05,0.0
protein_npx__P02452,2.380347352372374e-05,0.0
rollmean2__peptide_mean__P00734,2.3785195461055883e-05,0.0
missing__peptide_std__P07711,2.378064112692177e-05,0.0
slope1__peptide_std__P02749,2.3753980455067267e-05,0.0
peptide_mean__P01031,2.3672736254362554e-05,0.0
peptide_mean__P98160,2.365928469078583e-05,0.0
missing__peptide_std__P01877,2.363481531150837e-05,0.0
delta1__peptide_mean__P05546,2.3589050976318572e-05,0.0
slope1__protein_npx__P61769,2.3584074724946577e-05,0.0
protein_npx__P02671,2.3573996760301606e-05,0.0
rollmean2__protein_npx__P08603,2.348359979388498e-05,0.0
rollmean2__peptide_mean__P01042,2.342288262479556e-05,0.0
rollmean2__peptide_mean__P04196,2.3401236834119802e-05,0.0
slope1__peptide_mean__P30086,2.3336856909838533e-05,0.0
lag1__peptide_log__MASGAANVVGPK,2.3257062042716445e-05,0.0
slope1__peptide_mean__P05408,2.3246484796383194e-05,0.0
rollmean2__peptide_std__P00734,2.3188188114870244e-05,0.0
peptide_log__VTSIQDWVQK,2.3136311241963883e-05,0.0
rollmean2__protein_npx__P04004,2.31082877605741e-05,0.0
slope1__peptide_mean__O14773,2.3027946703104827e-05,0.0
peptide_mean__Q12841,2.294877026762204e-05,0.0
lag1__peptide_mean__Q99683,2.294143646489236e-05,0.0
peptide_count__P09871,2.2937438576550755e-05,0.0
lag1__protein_npx__P39060,2.288638940904869e-05,0.0
lag1__protein_npx__P01011,2.2866534572196382e-05,0.0
rollmean2__peptide_mean__Q99435,2.2864218007102422e-05,0.0
delta1__peptide_log__AYKSELEEQLTPVAEETR,2.2831112116190347e-05,0.0
slope1__protein_npx__Q96KN2,2.2819216225734078e-05,0.0
rollmean2__protein_npx__Q14508,2.2816878564830973e-05,0.0
rollmean2__peptide_mean__Q99674,2.279825137669434e-05,0.0
peptide_std__P01859,2.2724176774838062e-05,0.0
delta1__peptide_mean__P13591,2.2689384938181522e-05,0.0
rollmean2__peptide_mean__P39060,2.268613564087579e-05,0.0
lag1__peptide_std__P98160,2.2679382446194767e-05,0.0
lag1__protein_npx__Q99969,2.2670884149581993e-05,0.0
peptide_log__TSPVDEKALQDQLVLVAAK,2.258616279903203e-05,0.0
delta1__protein_npx__Q6UXD5,2.2585591469860805e-05,0.0
delta1__peptide_std__O14773,2.2537178687238177e-05,0.0
rollmean2__peptide_mean__Q16270,2.2510652180872593e-05,0.0
delta1__protein_npx__Q13449,2.249147364508323e-05,0.0
slope1__protein_npx__Q16270,2.2477305787407773e-05,0.0
rollmean2__peptide_count__P02753,2.2417479921443968e-05,0.0
delta1__peptide_log__VLLDQLR,2.240191246776037e-05,0.0
delta1__peptide_log__ALGISPFHEHAEVVFTANDSGPR,2.2336556280318573e-05,0.0
delta1__protein_npx__Q08380,2.2316561509264044e-05,0.0
peptide_mean__Q6UX71,2.224513568812822e-05,0.0
slope1__peptide_count__P01834,2.22438012976764e-05,0.0
slope1__protein_npx__P43121,2.216761469655866e-05,0.0
rollmean2__peptide_count__P08603,2.215651089006824e-05,0.0
delta1__peptide_mean__Q16610,2.215499058534116e-05,0.0
slope1__peptide_log__SC(UniMod_4)DTPPPC(UniMod_4)PR,2.2153567266362372e-05,0.0
slope1__protein_npx__Q96S96,2.2132054397902724e-05,0.0
rollmean2__peptide_std__P02656,2.202879674143207e-05,0.0
rollmean2__protein_npx__Q96S96,2.194261244917379e-05,0.0
protein_npx__P19652,2.1934698054347233e-05,0.0
protein_npx__Q12805,2.191335547709194e-05,0.0
slope1__peptide_std__P18065,2.1904743604014006e-05,0.0
rollmean2__peptide_std__Q92823,2.190429088560034e-05,0.0
rollmean2__peptide_mean__P07333,2.188683018415209e-05,0.0
lag1__peptide_log__KVEQAVETEPEPELR,2.186517148624034e-05,0.0
delta1__peptide_mean__P31997,2.18513817260819e-05,0.0
rollmean2__protein_npx__P01042,2.1846136963196922e-05,0.0
slope1__peptide_mean__Q9UHG2,2.1795175406654696e-05,0.0
peptide_count__P08493,2.177215515608814e-05,0.0
lag1__peptide_mean__P01860,2.1757701229761257e-05,0.0
rollmean2__peptide_std__P02750,2.1706651016941024e-05,0.0
rollmean2__protein_npx__P54289,2.1692308188905706e-05,0.0
protein_npx__P01042,2.1658951067204685e-05,0.0
lag1__peptide_mean__P08697,2.1658560498125328e-05,0.0
rollmean2__protein_npx__P02748,2.1649507413763295e-05,0.0
lag1__peptide_mean__Q96S96,2.162026792284217e-05,0.0
rollmean2__protein_npx__Q13332,2.1597063434611212e-05,0.0
peptide_log__KFPSGTFEQVSQLVK,2.1516858805138778e-05,0.0
rollmean2__peptide_count__P01042,2.1445838733274635e-05,0.0
rollmean2__peptide_log__TLLSNLEEAKK,2.1427101087118263e-05,0.0
lag1__protein_npx__O14498,2.136590296479294e-05,0.0
rollmean2__peptide_mean__P80748,2.1346690363066595e-05,0.0
slope1__peptide_std__P06396,2.1218652201412583e-05,0.0
slope1__peptide_mean__Q9Y646,2.1207367318967664e-05,0.0
lag1__peptide_log__M(UniMod_35)YLGYEYVTAIR,2.1123101551346682e-05,0.0
protein_npx__P09104,2.112013418985507e-05,0.0
protein_npx__Q7Z3B1,2.107903215269937e-05,0.0
rollmean2__peptide_std__P02763,2.1047184987895462e-05,0.0
delta1__protein_npx__P08637,2.103800973740382e-05,0.0
lag1__protein_npx__P14314,2.1034191554441236e-05,0.0
delta1__peptide_mean__Q9UHG2,2.097450130972581e-05,0.0
rollmean2__peptide_log__KQELSEAEQATR,2.0956660962265904e-05,0.0
rollmean2__peptide_log__VLLDQLR,2.094532354959704e-05,0.0
missing__peptide_log__LIADLGSTSITNLGFR,2.0944670049344844e-05,0.0
delta1__peptide_mean__P43121,2.091000343455033e-05,0.0
rollmean2__protein_npx__P02768,2.0827537618281215e-05,0.0
rollmean2__protein_npx__Q6UXB8,2.081393999298479e-05,0.0
peptide_std__P06396,2.0776605248002354e-05,0.0
rollmean2__peptide_mean__P60174,2.072118024674611e-05,0.0
delta1__protein_npx__P00734,2.05942066622246e-05,0.0
delta1__peptide_std__P04180,2.058160380576806e-05,0.0
slope1__protein_npx__Q9UBR2,2.049919664338459e-05,0.0
rollmean2__peptide_mean__O94919,2.0476635414871156e-05,0.0
protein_npx__P04216,2.045779266665094e-05,0.0
protein_npx__P01019,2.0451796259277173e-05,0.0
delta1__peptide_missing_fraction,2.0406854864584266e-05,0.0
peptide_mean__Q9NQ79,2.0359699777262736e-05,0.0
delta1__peptide_mean__P80748,2.0329275745916546e-05,0.0
slope1__protein_npx__Q9Y646,2.0244337962809734e-05,0.0
rollmean2__peptide_count__P18065,2.0175837288096084e-05,0.0
protein_npx__P13987,2.0154607011301006e-05,0.0
rollmean2__protein_npx__P02751,2.014022780421491e-05,0.0
rollmean2__peptide_log__VYC(UniMod_4)DMNTENGGWTVIQNR,2.013670477506042e-05,0.0
lag1__peptide_count__P07998,2.008272022231888e-05,0.0
lag1__peptide_count__P14314,2.006822667257361e-05,0.0
slope1__peptide_mean__P02679,2.0062623691768162e-05,0.0
slope1__peptide_log__AYQGVAAPFPK,1.996623894238799e-05,0.0
slope1__peptide_log__IMNGEADAMSLDGGFVYIAGK,1.9952886124868376e-05,0.0
delta1__peptide_std__P02766,1.993263592928817e-05,0.0
missing__peptide_log__KFPSGTFEQVSQLVK,1.990906587329166e-05,0.0
rollmean2__peptide_std__P07225,1.979954844705483e-05,0.0
slope1__peptide_log__SEALAVDGAGKPGAEEAQDPEGK,1.9758548164828497e-05,0.0
lag1__peptide_mean__Q96KN2,1.9730222926788678e-05,0.0
rollmean2__peptide_log__TEGDGVYTLNNEK,1.9658183151765584e-05,0.0
peptide_mean__P32754,1.961709272904041e-05,0.0
peptide_std__P07339,1.9578835052667244e-05,0.0
delta1__peptide_log__TSAHGNVAEGETKPDPDVTER,1.9563235739812666e-05,0.0
slope1__peptide_log__GYQLSDVDGVTC(UniMod_4)EDIDEC(UniMod_4)ALPTGGHIC(UniMod_4)SYR,1.9471263063299965e-05,0.0
delta1__peptide_std__P00747,1.9433297973844216e-05,0.0
slope1__peptide_std__P04004,1.9224904795301464e-05,0.0
rollmean2__peptide_mean__P00748,1.9160128489201293e-05,0.0
slope1__peptide_log__SSQGGSLPSEEK,1.9125625844614394e-05,0.0
rollmean2__peptide_std__P04196,1.9094855622635687e-05,0.0
rollmean2__peptide_std__O00584,1.9063279069489695e-05,0.0
peptide_mean__P01594,1.8863690280770032e-05,0.0
lag1__peptide_std__P01034,1.8833087159046935e-05,0.0
protein_npx__P06454,1.878378085450505e-05,0.0
lag1__peptide_log__AYKSELEEQLTPVAEETR,1.8738019269659554e-05,0.0
missing__peptide_log__LGQSLDC(UniMod_4)NAEVYVVPWEK,1.8650132480391206e-05,0.0
peptide_mean__P61626,1.8641063627846003e-05,0.0
lag1__peptide_mean__Q9UBR2,1.8541674778738847e-05,0.0
rollmean2__peptide_mean__P01833,1.8507611236464445e-05,0.0
lag1__peptide_mean__P19827,1.842470612956421e-05,0.0
peptide_mean__P01621,1.8408415743664085e-05,0.0
lag1__protein_npx__P02675,1.832928213986166e-05,0.0
lag1__peptide_mean__P01834,1.8308508702722468e-05,0.0
slope1__peptide_mean__P01860,1.828735041828924e-05,0.0
lag1__peptide_std__P13987,1.814018609515003e-05,0.0
protein_npx__P14618,1.8095618692552792e-05,0.0
rollmean2__peptide_count__O15240,1.801702126593765e-05,0.0
peptide_count__P17174,1.7999528419253963e-05,0.0
peptide_mean__P61769,1.7972853991893518e-05,0.0
delta1__protein_npx__Q96S96,1.789339058746529e-05,0.0
rollmean2__peptide_std__O15394,1.787795600617284e-05,0.0
slope1__peptide_count__P19823,1.787381255735718e-05,0.0
rollmean2__peptide_std__P02774,1.7862530657391472e-05,0.0
rollmean2__protein_npx__P00450,1.7810675549138138e-05,0.0
slope1__peptide_count__P16070,1.7794479570188956e-05,0.0
peptide_log__NFPPSQDASGDLYTTSSQLTLPATQC(UniMod_4)PDGK,1.7707760037407246e-05,0.0
slope1__peptide_std__P01834,1.7679143030143462e-05,0.0
peptide_mean__P02656,1.7635805129996256e-05,0.0
lag1__peptide_std__P02760,1.7557081343074185e-05,0.0
slope1__peptide_std__P09871,1.7397962332693143e-05,0.0
peptide_std__P43121,1.7386281991404276e-05,0.0
slope1__protein_npx__Q96PD5,1.726736609094407e-05,0.0
lag1__protein_npx__P08571,1.7246717393249352e-05,0.0
lag1__peptide_log__KQELSEAEQATR,1.7243400430441014e-05,0.0
lag1__peptide_log__SLAELGGHLDQQVEEFRR,1.7201670951413284e-05,0.0
lag1__peptide_log__TSAHGNVAEGETKPDPDVTER,1.719686038672696e-05,0.0
slope1__peptide_abundance_min,1.7171506381016324e-05,0.0
rollmean2__peptide_mean__P04275,1.7130678524697857e-05,0.0
rollmean2__peptide_mean__P07339,1.7033915448988642e-05,0.0
lag1__peptide_log__TDASDVKPC(UniMod_4),1.7006018433617815e-05,0.0
rollmean2__peptide_mean__P16035,1.693385933962004e-05,0.0
slope1__peptide_log__LGADM(UniMod_35)EDVC(UniMod_4)GR,1.684645178928995e-05,0.0
delta1__peptide_log__LGPLVEQGR,1.6844335129458903e-05,0.0
delta1__peptide_std__Q08380,1.681477123992317e-05,0.0
lag1__peptide_std__P09871,1.6809534231183567e-05,0.0
lag1__protein_npx__P80748,1.6727249356925297e-05,0.0
slope1__peptide_count__P13591,1.6698990430830613e-05,0.0
slope1__protein_npx__P20774,1.6593242418305243e-05,0.0
lag1__protein_npx__Q9UBX5,1.6585618931501057e-05,0.0
delta1__peptide_mean__P10451,1.655994750715918e-05,0.0
rollmean2__protein_npx__Q9UHG2,1.6533910732477042e-05,0.0
peptide_log__ILLQGTPVAQMTEDAVDAER,1.649699793095009e-05,0.0
lag1__peptide_log__VQAAVGTSAAPVPSDNH,1.6487647445059005e-05,0.0
delta1__peptide_std__P05155,1.6476590793352753e-05,0.0
slope1__peptide_mean__P04275,1.6434212327430996e-05,0.0
slope1__peptide_mean__Q06481,1.63314183606406e-05,0.0
delta1__protein_npx__Q9UHG2,1.62988955535749e-05,0.0
peptide_mean__P31997,1.6288007386116438e-05,0.0
peptide_std__Q6UXB8,1.618188696591975e-05,0.0
peptide_log__HYEGSTVPEK,1.6154883472619858e-05,0.0
delta1__peptide_std__Q9NQ79,1.611248836370913e-05,0.0
slope1__peptide_mean__Q96PD5,1.606667532660341e-05,0.0
rollmean2__protein_npx__P04156,1.606633674791065e-05,0.0
lag1__protein_npx__P04217,1.6018859325119154e-05,0.0
peptide_count__P19652,1.6004500470646487e-05,0.0
rollmean2__peptide_count__P43121,1.596169720669295e-05,0.0
delta1__peptide_mean__Q14118,1.5954156460735034e-05,0.0
peptide_std__P05155,1.5916399585158366e-05,0.0
lag1__peptide_count__P06396,1.5881350943125027e-05,0.0
lag1__peptide_std__P04433,1.587648056991315e-05,0.0
lag1__protein_npx__O15394,1.5788378040627365e-05,0.0
slope1__peptide_mean__P05156,1.569703548175886e-05,0.0
delta1__protein_npx__P16870,1.5690178765509127e-05,0.0
slope1__peptide_mean__P02655,1.5656297326159858e-05,0.0
protein_npx__P02747,1.5614514062882245e-05,0.0
peptide_log__QWAGLVEK,1.5613899696990236e-05,0.0
delta1__peptide_std__P00450,1.553996449016101e-05,0.0
lag1__peptide_log__C(UniMod_4)RDQLPYIC(UniMod_4)QFGIV,1.5442938308117035e-05,0.0
slope1__protein_npx__O15394,1.5417130547152476e-05,0.0
missing__protein_npx__P04406,1.5414734528270806e-05,0.0
slope1__protein_npx__P05156,1.5314458229367112e-05,0.0
delta1__peptide_mean__P02671,1.528580852706145e-05,0.0
rollmean2__peptide_mean__P49908,1.5263468130751675e-05,0.0
rollmean2__protein_npx__P06454,1.5236160677906882e-05,0.0
delta1__protein_npx__P01621,1.5219803458539883e-05,0.0
lag1__protein_npx__P19652,1.5219713549692485e-05,0.0
slope1__peptide_log__C(UniMod_4)REILSVDC(UniMod_4)STNNPSQAK,1.5218070899897026e-05,0.0
protein_npx__P02787,1.518967697081798e-05,0.0
rollmean2__protein_npx__P06310,1.5182330540297437e-05,0.0
peptide_std__Q14515,1.512090550173252e-05,0.0
slope1__peptide_std__O00533,1.5091474098851442e-05,0.0
delta1__peptide_mean__P16152,1.5052472255479105e-05,0.0
delta1__peptide_std__P05452,1.499846869520886e-05,0.0
slope1__peptide_std__P01034,1.4943990831652867e-05,0.0
slope1__peptide_log__NFPPSQDASGDLYTTSSQLTLPATQC(UniMod_4)LAGK,1.4937560495939677e-05,0.0
lag1__peptide_log__SPVGVQPILNEHTFC(UniMod_4)AGMSK,1.4913124251562543e-05,0.0
delta1__peptide_mean__P04217,1.4880537472558162e-05,0.0
slope1__peptide_mean__Q9UBR2,1.4877940430224226e-05,0.0
slope1__peptide_mean__P61626,1.4806072279608278e-05,0.0
lag1__protein_npx__P00450,1.4694293860591536e-05,0.0
slope1__protein_npx__Q06481,1.4684824047108728e-05,0.0
delta1__peptide_mean__O94919,1.4684824047108675e-05,0.0
rollmean2__protein_npx__P01031,1.4633066899295513e-05,0.0
rollmean2__peptide_mean__P16070,1.462847688099971e-05,0.0
slope1__peptide_log__KQELSEAEQATR,1.45921904732636e-05,0.0
protein_npx__P10451,1.4577428882477997e-05,0.0
slope1__protein_npx__P01024,1.4524265453061435e-05,0.0
delta1__protein_npx__Q14508,1.4518267571957028e-05,0.0
delta1__protein_npx__P02679,1.4499749324455669e-05,0.0
peptide_count__P02774,1.4479052176979698e-05,0.0
missing__peptide_std__P14314,1.4414059425280595e-05,0.0
slope1__protein_npx__P02656,1.4390401458204138e-05,0.0
slope1__peptide_mean__P02751,1.437418989962712e-05,0.0
slope1__peptide_count__P02649,1.434630667144548e-05,0.0
delta1__peptide_std__P06396,1.4302033083384393e-05,0.0
delta1__protein_npx__P00747,1.4286081540035164e-05,0.0
slope1__peptide_count__P00751,1.4222958316378293e-05,0.0
slope1__protein_npx__P04211,1.421910303938561e-05,0.0
rollmean2__peptide_mean__Q14118,1.4191945036050183e-05,0.0
rollmean2__peptide_mean__Q9NQ79,1.41306215792906e-05,0.0
lag1__protein_npx__P00441,1.4111412758536432e-05,0.0
slope1__protein_npx__Q9UKV8,1.4093822721455948e-05,0.0
lag1__peptide_mean__O43505,1.4078327618223084e-05,0.0
lag1__visit_index,1.4029416757880533e-05,0.0
delta1__protein_npx__P02452,1.3985968041144907e-05,0.0
protein_npx__Q6UX71,1.3966422641629334e-05,0.0
slope1__peptide_mean__Q14508,1.3945379325599104e-05,0.0
delta1__protein_npx__P60174,1.3919065305187343e-05,0.0
delta1__peptide_log__TQVNTQAEQLRR,1.388263997300621e-05,0.0
missing__peptide_mean__Q562R1,1.3818981452610804e-05,0.0
rollmean2__protein_npx__P61626,1.3786855336546965e-05,0.0
slope1__peptide_mean__P23142,1.376663425295403e-05,0.0
slope1__peptide_log__VLLDQLR,1.376441715202911e-05,0.0
peptide_count__P01877,1.3663758253650936e-05,0.0
slope1__peptide_mean__O00533,1.3646598691486744e-05,0.0
delta1__peptide_std__P02753,1.364333265505095e-05,0.0
slope1__protein_npx__P11142,1.3562653245499125e-05,0.0
lag1__peptide_mean__P20933,1.3460714034632736e-05,0.0
lag1__peptide_mean__Q06481,1.3390467240011927e-05,0.0
rollmean2__protein_npx__P39060,1.3357324025878392e-05,0.0
rollmean2__peptide_mean__P09104,1.3353918469834067e-05,0.0
rollmean2__protein_npx__P01594,1.3324029436122295e-05,0.0
delta1__peptide_std__P02652,1.3301414338910733e-05,0.0
peptide_std__Q96PD5,1.3266366618656296e-05,0.0
delta1__protein_npx__P31997,1.324393660613041e-05,0.0
rollmean2__protein_npx__P02760,1.3222266432804052e-05,0.0
rollmean2__peptide_abundance_mean,1.3219342232837843e-05,0.0
delta1__protein_npx__P17174,1.32161022483859e-05,0.0
delta1__peptide_log__LGADM(UniMod_35)EDVC(UniMod_4)GR,1.3198215112485678e-05,0.0
lag1__peptide_mean__Q16610,1.3191522844482222e-05,0.0
lag1__protein_npx__Q14118,1.3141128053458992e-05,0.0
delta1__peptide_std__P01009,1.3131278431905216e-05,0.0
peptide_std__P61916,1.307878872631014e-05,0.0
lag1__peptide_std__P04196,1.306660474050925e-05,0.0
lag1__peptide_mean__P17174,1.3017797981311482e-05,0.0
peptide_mean__P43121,1.3011258837253151e-05,0.0
peptide_mean__P16035,1.2985991097066755e-05,0.0
lag1__protein_npx__Q14508,1.2949229966817313e-05,0.0
lag1__peptide_mean__Q9BY67,1.2934249744016752e-05,0.0
peptide_log__LVGGPM(UniMod_35)DASVEEEGVRR,1.2899728451578646e-05,0.0
lag1__peptide_log__ELDESLQVAER,1.2883482919857283e-05,0.0
missing__peptide_log__SNSSM(UniMod_35)HITDC(UniMod_4)R,1.2725694454892445e-05,0.0
slope1__peptide_mean__Q96BZ4,1.270179216578562e-05,0.0
rollmean2__protein_npx__P06681,1.2686527634053479e-05,0.0
lag1__peptide_mean__P01009,1.2670725542430249e-05,0.0
protein_npx__P01833,1.2667694231176832e-05,0.0
slope1__peptide_log__DSGEGDFLAEGGGVR,1.2656872929820747e-05,0.0
peptide_mean__P02748,1.2656233492797326e-05,0.0
lag1__protein_npx__P02452,1.2645661647392582e-05,0.0
peptide_std__P01023,1.258817876745856e-05,0.0
protein_npx__O00584,1.2587371237030522e-05,0.0
rollmean2__peptide_mean__P02656,1.2563150539719626e-05,0.0
lag1__protein_npx__P06396,1.2500265567097292e-05,0.0
delta1__protein_npx__P04216,1.2460852734252645e-05,0.0
delta1__peptide_mean__P08697,1.2431971592128663e-05,0.0
peptide_std__Q14624,1.2375815188365015e-05,0.0
peptide_mean__Q12907,1.2334460275358118e-05,0.0
slope1__peptide_mean__Q9NYU2,1.232755091611263e-05,0.0
delta1__protein_npx__P07339,1.22519998824127e-05,0.0
slope1__peptide_std__Q9NQ79,1.2247929037350813e-05,0.0
lag1__peptide_mean__P07339,1.2247533746341265e-05,0.0
rollmean2__peptide_log__TTPPVLDSDGSFFLYSR,1.217089157922309e-05,0.0
rollmean2__protein_npx__P32754,1.2143435028165797e-05,0.0
protein_npx__O43505,1.2130287689602847e-05,0.0
delta1__protein_npx__O75144,1.2086620293356026e-05,0.0
delta1__peptide_std__P02765,1.2057517271163774e-05,0.0
slope1__peptide_mean__P00746,1.2047539483737685e-05,0.0
slope1__peptide_mean__P02766,1.2011652700745252e-05,0.0
delta1__peptide_mean__P10909,1.20022375978068e-05,0.0
delta1__peptide_log__TPVSDRVTK,1.1967225003058939e-05,0.0
slope1__peptide_std__P00734,1.1962663835144938e-05,0.0
lag1__peptide_mean__Q13449,1.1811333192713884e-05,0.0
rollmean2__protein_npx__Q6UXD5,1.1802956989511836e-05,0.0
rollmean2__protein_missing_fraction,1.1767611793336394e-05,0.0
slope1__peptide_std__P02748,1.172087778813997e-05,0.0
rollmean2__protein_npx__Q9UBR2,1.1711395106195313e-05,0.0
delta1__peptide_mean__P07339,1.1700112276474374e-05,0.0
slope1__peptide_mean__P07333,1.169414326697733e-05,0.0
rollmean2__peptide_std__P05090,1.1684921233264688e-05,0.0
lag1__peptide_std__P20774,1.1612042172972344e-05,0.0
slope1__peptide_std__Q14624,1.1597796442527718e-05,0.0
lag1__peptide_std__P05090,1.157653977871412e-05,0.0
lag1__peptide_count__P13611,1.1558429867585545e-05,0.0
peptide_mean__O14791,1.1538449054384784e-05,0.0
delta1__peptide_log__LGQSLDC(UniMod_4)NAEVYVVPWEK,1.1527960126932028e-05,0.0
missing__peptide_mean__P19021,1.1518854682700434e-05,0.0
slope1__peptide_std__P01011,1.149302161534018e-05,0.0
lag1__protein_npx__P01877,1.1489159629235169e-05,0.0
rollmean2__protein_npx__P02792,1.1456227589458213e-05,0.0
slope1__peptide_log__LSKELQAAQAR,1.1449806927981262e-05,0.0
slope1__peptide_std__Q96KN2,1.1363365052662095e-05,0.0
lag1__protein_npx__Q12907,1.1322627941700058e-05,0.0
rollmean2__peptide_std__Q92520,1.132068915660404e-05,0.0
rollmean2__protein_npx__P01008,1.1318930128643127e-05,0.0
delta1__protein_npx__P02766,1.1306606179940799e-05,0.0
peptide_mean__P60174,1.1303497439261591e-05,0.0
lag1__peptide_mean__Q13740,1.1290539857253396e-05,0.0
lag1__peptide_missing_fraction,1.1271811986935114e-05,0.0
rollmean2__peptide_mean__P01023,1.1260952920705718e-05,0.0
lag1__protein_npx__Q96BZ4,1.12491802285475e-05,0.0
lag1__peptide_std__P00736,1.1232486496836968e-05,0.0
slope1__peptide_mean__P06681,1.1173599329897786e-05,0.0
rollmean2__peptide_count__O75144,1.1147878474251996e-05,0.0
slope1__peptide_count__P41222,1.113015306077115e-05,0.0
lag1__protein_npx__P07339,1.1108821569757818e-05,0.0
rollmean2__protein_npx__P01859,1.1039021769696474e-05,0.0
rollmean2__protein_npx__P01011,1.1030444101077708e-05,0.0
lag1__peptide_std__P04004,1.1029039742913781e-05,0.0
delta1__protein_npx__P11277,1.0997959472059967e-05,0.0
peptide_count__P08294,1.0980149705202477e-05,0.0
delta1__peptide_mean__P27169,1.0952471358899431e-05,0.0
rollmean2__peptide_mean__P13591,1.0931232773055899e-05,0.0
delta1__peptide_std__Q9UBX5,1.0875244469187966e-05,0.0
rollmean2__peptide_log__LGPLVEQGR,1.0831418990314007e-05,0.0
lag1__peptide_std__Q9UBX5,1.0786192242884138e-05,0.0
peptide_std__Q9UHG2,1.076176409088388e-05,0.0
slope1__protein_npx__O94919,1.0750779146129971e-05,0.0
slope1__peptide_mean__P16035,1.072306082924645e-05,0.0
peptide_mean__Q9Y6R7,1.0720848881291473e-05,0.0
protein_npx__P04180,1.0719546347315008e-05,0.0
slope1__peptide_log__KAADDTWEPFASGK,1.0663022608360582e-05,0.0
lag1__peptide_std__P01042,1.0657511412727164e-05,0.0
slope1__peptide_mean__O60888,1.0643217276917137e-05,0.0
slope1__peptide_log__C(UniMod_4)SYTEDAQC(UniMod_4)IDGTIEVPK,1.0518995047254738e-05,0.0
delta1__peptide_mean__P01833,1.0508254064178341e-05,0.0
lag1__protein_npx__P02671,1.0507602819279953e-05,0.0
delta1__protein_npx__O15394,1.045870720308791e-05,0.0
lag1__peptide_log__GC(UniMod_4)PTEEGC(UniMod_4)GER,1.0458681830688207e-05,0.0
delta1__peptide_mean__P04211,1.0450756390598257e-05,0.0
delta1__peptide_log__NPDSSTTGPWC(UniMod_4)YTTDPTVR,1.0399751615412788e-05,0.0
lag1__protein_npx__P32754,1.0388845528500152e-05,0.0
protein_npx__P02647,1.037192671790249e-05,0.0
delta1__peptide_mean__Q96BZ4,1.0350621693881504e-05,0.0
slope1__peptide_mean__P55290,1.0350517452967669e-05,0.0
lag1__peptide_mean__P05452,1.0337526109741335e-05,0.0
rollmean2__protein_npx__P08253,1.0324306789679842e-05,0.0
lag1__peptide_mean__Q16270,1.0324141658217398e-05,0.0
rollmean2__peptide_log__LSKELQAAQAR,1.031466725465052e-05,0.0
lag1__peptide_std__O15394,1.0308149280358623e-05,0.0
missing__peptide_log__EDSLEAGLPLQVR,1.0303010687710727e-05,0.0
lag1__peptide_std__P01860,1.0286084046609266e-05,0.0
rollmean2__protein_npx__P01876,1.0266984416574362e-05,0.0
rollmean2__peptide_log__SNSSM(UniMod_35)HITDC(UniMod_4)R,1.0244710829079358e-05,0.0
delta1__peptide_mean__P08637,1.0188926824345422e-05,0.0
missing__protein_npx__Q96S96,1.0157022113347716e-05,0.0
lag1__protein_npx__P09486,1.0156618831800926e-05,0.0
rollmean2__peptide_log__SLAAAAGKQELAK,1.0105280707402837e-05,0.0
lag1__peptide_count__P05452,1.0095016701705454e-05,0.0
protein_npx__P19021,1.0017997232262604e-05,0.0
peptide_mean__P36222,1.0003548641186846e-05,0.0
slope1__protein_npx__P02652,9.976645163018352e-06,0.0
delta1__protein_npx__O00584,9.962112346050071e-06,0.0
lag1__protein_npx__P43121,9.908089381271453e-06,0.0
lag1__peptide_log__LDEVKEQVAEVR,9.86175165541785e-06,0.0
peptide_abundance_sum,9.850103625850353e-06,0.0
slope1__peptide_mean__P01877,9.842522064526526e-06,0.0
slope1__peptide_mean__Q92520,9.796862817366527e-06,0.0
rollmean2__peptide_std__Q96KN2,9.771269461661958e-06,0.0
rollmean2__peptide_count__Q96KN2,9.742982591469116e-06,0.0
lag1__peptide_log__VDSGNDVTDIADDGC(UniMod_4)PKPPEIAHGYVEHSVR,9.731327026412649e-06,0.0
lag1__peptide_count__P07711,9.693967217610886e-06,0.0
peptide_std__P36222,9.674832602942741e-06,0.0
rollmean2__peptide_count__P06681,9.63021357713953e-06,0.0
rollmean2__protein_npx__P00746,9.554169537849195e-06,0.0
rollmean2__peptide_abundance_sum,9.533421765441331e-06,0.0
delta1__peptide_mean__P13473,9.47804220242267e-06,0.0
slope1__protein_npx__P13521,9.410646276740121e-06,0.0
rollmean2__protein_npx__O15240,9.398338386468865e-06,0.0
rollmean2__protein_npx__P09871,9.396703277309728e-06,0.0
rollmean2__protein_npx__P10909,9.382913944467793e-06,0.0
rollmean2__peptide_log__TSAHGNVAEGETKPDPDVTER,9.357916639806697e-06,0.0
delta1__peptide_log__WELALGR,9.35479711137485e-06,0.0
lag1__protein_npx__P02765,9.339419407120751e-06,0.0
delta1__peptide_mean__Q96S96,9.242746481082611e-06,0.0
rollmean2__peptide_log__C(UniMod_4)IIEVLSNALSK,9.225257199541008e-06,0.0
slope1__peptide_mean__Q92876,9.223691879970638e-06,0.0
rollmean2__peptide_mean__Q9Y6R7,9.212934644460763e-06,0.0
delta1__peptide_mean__Q12841,9.212715098453477e-06,0.0
missing__peptide_mean__Q9UNU6,9.185271982914997e-06,0.0
lag1__peptide_count__P08294,9.182465898616446e-06,0.0
missing__peptide_log__GYQLSDVDGVTC(UniMod_4)EDIDEC(UniMod_4)ALPTGGHIC(UniMod_4)SYR,9.134899969569551e-06,0.0
delta1__protein_npx__Q9HDC9,9.130788054958984e-06,0.0
rollmean2__peptide_std__P02787,9.115666838725599e-06,0.0
rollmean2__protein_npx__P07339,9.054204066952359e-06,0.0
delta1__peptide_mean__P07858,9.003373539658818e-06,0.0
delta1__protein_npx__P61626,8.999764209626915e-06,0.0
delta1__peptide_std__P08294,8.979929663266216e-06,0.0
rollmean2__protein_npx__O00391,8.958902764837042e-06,0.0
lag1__peptide_mean__Q6UXD5,8.847699556593941e-06,0.0
peptide_mean__P05452,8.820913555345444e-06,0.0
delta1__protein_npx__P02656,8.820059435648208e-06,0.0
lag1__peptide_log__QKVEPLRAELQEGAR,8.808777601284632e-06,0.0
lag1__peptide_count__P23142,8.808038460976899e-06,0.0
peptide_std__Q9UBX5,8.806424104094677e-06,0.0
lag1__peptide_mean__P07711,8.772613956154259e-06,0.0
peptide_mean__P08493,8.747391559990968e-06,0.0
delta1__peptide_mean__Q92876,8.719102478955444e-06,0.0
peptide_mean__Q15904,8.69439434375449e-06,0.0
peptide_mean__P07339,8.662135694353409e-06,0.0
rollmean2__protein_npx__P02647,8.634930946290063e-06,0.0
peptide_mean__P13671,8.590300632011463e-06,0.0
rollmean2__peptide_std__Q13740,8.571980589239043e-06,0.0
slope1__protein_npx__Q13449,8.521496721248934e-06,0.0
delta1__protein_npx__P19021,8.49796091501111e-06,0.0
lag1__peptide_mean__Q9UBX5,8.471010047749033e-06,0.0
lag1__protein_npx__Q13332,8.464125783216846e-06,0.0
delta1__peptide_mean__P13671,8.455651402036467e-06,0.0
delta1__peptide_mean__Q8NE71,8.44998019299253e-06,0.0
delta1__protein_npx__P05060,8.390461561829556e-06,0.0
rollmean2__peptide_count__P09871,8.331390708039234e-06,0.0
rollmean2__peptide_log__LVGGPM(UniMod_35)DASVEEEGVRR,8.328198823013045e-06,0.0
rollmean2__peptide_std__P01860,8.302849516261018e-06,0.0
lag1__peptide_mean__P06727,8.21390783630002e-06,0.0
slope1__peptide_mean__Q13451,8.10925459604653e-06,0.0
peptide_mean__P02774,8.06844799415525e-06,0.0
slope1__peptide_std__P13987,8.051140413364981e-06,0.0
delta1__peptide_abundance_std,8.047756307010145e-06,0.0
rollmean2__protein_npx__Q16270,8.013320925911892e-06,0.0
rollmean2__peptide_count__P02671,7.995615719313169e-06,0.0
delta1__peptide_log__LRTEGDGVYTLNNEK,7.959840331381706e-06,0.0
peptide_mean__P04406,7.93520309087913e-06,0.0
lag1__peptide_mean__P02655,7.918169795182669e-06,0.0
slope1__peptide_log__ALGISPFHEHAEVVFTANDSGPR,7.862294554122237e-06,0.0
peptide_mean__P08133,7.855539159480808e-06,0.0
rollmean2__peptide_log__SSQGGSLPSEEK,7.82153904287548e-06,0.0
slope1__peptide_abundance_sum,7.805196606697076e-06,0.0
slope1__peptide_std__P06681,7.771376986570381e-06,0.0
delta1__protein_npx__P01876,7.719733598035619e-06,0.0
delta1__peptide_mean__P04196,7.706125693782936e-06,0.0
missing__peptide_mean__Q99832,7.703499559871191e-06,0.0
peptide_mean__P02649,7.701604722147404e-06,0.0
lag1__protein_npx__Q14515,7.684858099959403e-06,0.0
lag1__protein_npx__P19827,7.646517430437426e-06,0.0
slope1__peptide_std__P16870,7.6098051606148736e-06,0.0
rollmean2__protein_npx__Q99969,7.568863434053749e-06,0.0
slope1__protein_npx__P04217,7.489129531169519e-06,0.0
delta1__peptide_std__P02647,7.470935596763862e-06,0.0
rollmean2__peptide_mean__Q7Z5P9,7.4344379578371335e-06,0.0
peptide_mean__Q92876,7.42145855746697e-06,0.0
peptide_log__VC(UniMod_4)PFAGILENGAVR,7.4107780983664275e-06,0.0
delta1__peptide_log__HYDGSYSTFGER,7.410302588319213e-06,0.0
rollmean2__protein_npx__Q16610,7.409249250976091e-06,0.0
lag1__peptide_std__P01024,7.392196833076668e-06,0.0
slope1__peptide_std__P08697,7.376515013480249e-06,0.0
slope1__protein_npx__P07195,7.355419821347779e-06,0.0
missing__protein_npx__P05546,7.3381441267152756e-06,0.0
lag1__protein_npx__P01859,7.327062924454662e-06,0.0
slope1__peptide_std__Q14118,7.257362534093918e-06,0.0
protein_npx__P00441,7.168830242401499e-06,0.0
rollmean2__peptide_mean__P08697,7.067119989257159e-06,0.0
lag1__peptide_mean__P13473,7.051888684838909e-06,0.0
rollmean2__peptide_count__P07602,7.045278594353709e-06,0.0
lag1__peptide_mean__O14498,7.014556121598242e-06,0.0
rollmean2__peptide_count__P01834,7.00407806694064e-06,0.0
rollmean2__protein_npx__P00748,6.985805990977851e-06,0.0
lag1__peptide_std__P14314,6.971917478230757e-06,0.0
missing__peptide_mean__P17174,6.959748597059716e-06,0.0
delta1__peptide_mean__P00736,6.945961817669804e-06,0.0
peptide_mean__P01833,6.925538850307838e-06,0.0
peptide_feature_count,6.912874460343122e-06,0.0
rollmean2__peptide_std__P55290,6.906780510712832e-06,0.0
lag1__peptide_mean__P10909,6.88930200566618e-06,0.0
slope1__peptide_mean__P11142,6.871577167534903e-06,0.0
peptide_mean__Q06481,6.867537439629197e-06,0.0
peptide_count__P01011,6.844106383083717e-06,0.0
rollmean2__protein_npx__P01834,6.832984244395085e-06,0.0
slope1__peptide_log__AATGEC(UniMod_4)TATVGKR,6.832224778700236e-06,0.0
slope1__protein_npx__P09871,6.8225825979916215e-06,0.0
slope1__peptide_mean__P08493,6.785698229962234e-06,0.0
slope1__protein_npx__P40925,6.773457678791139e-06,0.0
rollmean2__peptide_std__P05155,6.7639077694417305e-06,0.0
protein_npx__P32754,6.758315642446071e-06,0.0
slope1__peptide_log__FNKPFVFLM(UniMod_35)IEQNTK,6.7444591446031955e-06,0.0
slope1__protein_npx__P16035,6.742566217532307e-06,0.0
rollmean2__peptide_std__P27169,6.728749892546905e-06,0.0
slope1__peptide_count__O94919,6.690395708310703e-06,0.0
delta1__peptide_std__P04075,6.687219229298357e-06,0.0
lag1__peptide_std__P07225,6.6844773906235675e-06,0.0
missing__peptide_std__P30086,6.646933519283745e-06,0.0
delta1__peptide_std__Q92823,6.637675536473551e-06,0.0
lag1__peptide_std__P08493,6.603851554967309e-06,0.0
slope1__peptide_std__Q96PD5,6.589333666829729e-06,0.0
slope1__peptide_mean__P23083,6.578903752489464e-06,0.0
delta1__current_updrs_4,6.569688960013862e-06,0.0
slope1__peptide_mean__P02774,6.544240347010945e-06,0.0
peptide_log__TLLSNLEEAKK,6.526893674954714e-06,0.0
protein_npx__Q14624,6.444353616789758e-06,0.0
delta1__peptide_count__P02787,6.431469184502662e-06,0.0
delta1__peptide_count__P02649,6.430727692994242e-06,0.0
delta1__peptide_log__DSGEGDFLAEGGGVR,6.422935895639471e-06,0.0
rollmean2__protein_npx__P14314,6.408053019194982e-06,0.0
delta1__peptide_mean__Q99969,6.369449300293242e-06,0.0
delta1__protein_npx__Q92876,6.350793618216802e-06,0.0
slope1__peptide_count__P02766,6.326316266750222e-06,0.0
rollmean2__peptide_mean__P40925,6.293563645232898e-06,0.0
missing__peptide_mean__Q96S96,6.253403776991352e-06,0.0
rollmean2__protein_npx__Q08380,6.226685523673446e-06,0.0
missing__peptide_log__VMPIC(UniMod_4)LPSKDYAEVGR,6.206502523523922e-06,0.0
slope1__peptide_mean__P20933,6.155105796214915e-06,0.0
lag1__protein_npx__Q8NE71,6.147768939838077e-06,0.0
slope1__peptide_mean__P02647,6.104206794319008e-06,0.0
peptide_std__Q13740,6.078351784102043e-06,0.0
lag1__peptide_std__P05546,6.033103363873922e-06,0.0
lag1__peptide_mean__P20774,6.0158339748067886e-06,0.0
slope1__peptide_std__P07339,5.995715763826385e-06,0.0
missing__peptide_log__C(UniMod_4)REILSVDC(UniMod_4)STNNPSQAK,5.98229227424446e-06,0.0
lag1__peptide_mean__P02792,5.93949822864592e-06,0.0
delta1__peptide_mean__P36955,5.929649906143434e-06,0.0
delta1__peptide_mean__P02751,5.9059548664614714e-06,0.0
slope1__protein_npx__P01857,5.902377579167358e-06,0.0
lag1__peptide_mean__P16035,5.9010383414416345e-06,0.0
peptide_count__P98160,5.897108953422609e-06,0.0
missing__peptide_mean__Q02818,5.879138170155518e-06,0.0
lag1__peptide_log__YVMLPVADQDQC(UniMod_4)IR,5.871488143323588e-06,0.0
rollmean2__protein_npx__P05408,5.864368472593695e-06,0.0
lag1__peptide_log__LGADM(UniMod_35)EDVC(UniMod_4)GR,5.851482505316414e-06,0.0
delta1__peptide_log__QIGSVYR,5.846379937077262e-06,0.0
lag1__peptide_log__YVM(UniMod_35)LPVADQDQC(UniMod_4)IR,5.712747023412958e-06,0.0
lag1__peptide_log__NPDSSTTGPWC(UniMod_4)YTTDPTVR,5.711198170401349e-06,0.0
missing__peptide_log__AATVGSLAGQPLQER,5.702665521128789e-06,0.0
slope1__peptide_mean__P07711,5.693840167725306e-06,0.0
slope1__peptide_log__DLATVYVDVLK,5.689496534335341e-06,0.0
delta1__peptide_log__LSKELQAAQAR,5.655835567987677e-06,0.0
lag1__protein_npx__P25311,5.643296407474021e-06,0.0
peptide_count__P00736,5.625159368507693e-06,0.0
slope1__peptide_log__VQPYLDDFQKK,5.618240984012713e-06,0.0
delta1__peptide_std__P01857,5.601964259709125e-06,0.0
slope1__visit_index,5.600822377068461e-06,0.0
slope1__peptide_mean__P01594,5.589772058315909e-06,0.0
delta1__protein_npx__Q9UBR2,5.577630712305214e-06,0.0
lag1__peptide_mean__Q14515,5.574879114483524e-06,0.0
protein_npx__P01861,5.569158302177375e-06,0.0
rollmean2__peptide_mean__P36955,5.562705326099684e-06,0.0
peptide_mean__Q08380,5.545235456220461e-06,0.0
delta1__peptide_log__C(UniMod_4)VDVDEC(UniMod_4)APPAEPC(UniMod_4)GK,5.503305296380034e-06,0.0
delta1__peptide_count__P61916,5.4903361577660925e-06,0.0
slope1__protein_npx__P01034,5.466310679031175e-06,0.0
slope1__protein_npx__Q99674,5.441617858953595e-06,0.0
delta1__protein_npx__P06681,5.429026903475449e-06,0.0
slope1__protein_npx__Q9UNU6,5.4187661430328795e-06,0.0
lag1__peptide_mean__O14791,5.397875732959735e-06,0.0
missing__protein_npx__P17936,5.308179855127323e-06,0.0
slope1__peptide_std__P02753,5.304147981038127e-06,0.0
lag1__protein_npx__Q92823,5.2924412622367985e-06,0.0
delta1__peptide_mean__P01860,5.287644621512908e-06,0.0
slope1__peptide_mean__P04211,5.2843116836186675e-06,0.0
lag1__protein_npx__P02787,5.284024238728746e-06,0.0
slope1__protein_npx__P43251,5.266184183669325e-06,0.0
peptide_log__LGADMEDVC(UniMod_4)GR,5.2628625781484404e-06,0.0
slope1__peptide_mean__P08571,5.2417225384749334e-06,0.0
slope1__peptide_std__P61916,5.241448451234292e-06,0.0
peptide_log__YVMLPVADQDQC(UniMod_4)IR,5.239105079964533e-06,0.0
lag1__protein_npx__P00746,5.227434218597231e-06,0.0
protein_npx__P10909,5.2091552041536126e-06,0.0
slope1__peptide_count__P02671,5.181242199901006e-06,0.0
missing__peptide_count__P01608,5.176492646297423e-06,0.0
delta1__protein_npx__P02787,5.1592539332375245e-06,0.0
slope1__peptide_log__TPVSDRVTK,5.1560785300989024e-06,0.0
rollmean2__peptide_mean__P01621,5.152289443205446e-06,0.0
slope1__peptide_std__P02760,5.090393447028788e-06,0.0
missing__peptide_log__AVLPTGDVIGDSAK,5.055938046031171e-06,0.0
protein_npx__P16070,5.0221813969883805e-06,0.0
slope1__protein_npx__P02763,4.993621642022921e-06,0.0
delta1__protein_npx__P02768,4.972822904883222e-06,0.0
rollmean2__peptide_mean__Q7Z3B1,4.925350863330017e-06,0.0
slope1__peptide_mean__P08133,4.917435496166642e-06,0.0
lag1__protein_npx__P02768,4.894247862179517e-06,0.0
slope1__peptide_log__SGEATDGARPQALPEPMQESK,4.89414403517996e-06,0.0
rollmean2__peptide_mean__Q15904,4.850962721796065e-06,0.0
delta1__peptide_log__TVVQPSVGAAAGPVVPPC(UniMod_4)PGR,4.825307075696121e-06,0.0
delta1__peptide_std__P04196,4.819492734907359e-06,0.0
protein_npx__Q8N2S1,4.819381675564031e-06,0.0
slope1__protein_npx__Q562R1,4.791915176953606e-06,0.0
lag1__protein_npx__P05060,4.720857883294996e-06,0.0
protein_npx__P01876,4.606044973943562e-06,0.0
slope1__peptide_mean__Q14118,4.590943421409155e-06,0.0
protein_npx__P39060,4.584126872723982e-06,0.0
rollmean2__protein_npx__Q6UX71,4.583213037800646e-06,0.0
rollmean2__protein_npx__Q99683,4.582795083486568e-06,0.0
delta1__peptide_log__C(UniMod_4)IIEVLSNALSK,4.51447145599078e-06,0.0
lag1__peptide_mean__O00533,4.487626445002099e-06,0.0
delta1__protein_npx__P08123,4.482351032731344e-06,0.0
slope1__protein_npx__P06727,4.464161241767713e-06,0.0
lag1__peptide_mean__P01019,4.460245437676237e-06,0.0
delta1__protein_npx__P36955,4.431568514831637e-06,0.0
lag1__peptide_mean__P02652,4.416072920424265e-06,0.0
slope1__protein_npx__P23083,4.415062976608239e-06,0.0
slope1__peptide_mean__P01861,4.402747491214299e-06,0.0
missing__peptide_log__TM(UniMod_35)LLQPAGSLGSYSYR,4.358374738272734e-06,0.0
slope1__peptide_std__P02768,4.3562002352455955e-06,0.0
missing__peptide_count__P01594,4.31220398475594e-06,0.0
delta1__protein_npx__P08571,4.3071913770095295e-06,0.0
lag1__peptide_std__P02656,4.2975642319617e-06,0.0
rollmean2__protein_npx__O14791,4.295049831709696e-06,0.0
slope1__peptide_mean__P36222,4.265871521099428e-06,0.0
slope1__peptide_log__SFNRGEC(UniMod_4),4.243377844924937e-06,0.0
delta1__peptide_log__GEVQAMLGQSTEELRVR,4.234850069442306e-06,0.0
lag1__protein_npx__P13987,4.214114150753237e-06,0.0
slope1__peptide_mean__Q92823,4.2105514183006685e-06,0.0
slope1__protein_npx__Q9UHG2,4.1554985937082616e-06,0.0
delta1__peptide_log__IHWESASLLR,4.153771178216959e-06,0.0
lag1__peptide_mean__O94919,4.0848141807899205e-06,0.0
peptide_mean__Q9Y646,4.066018386641629e-06,0.0
peptide_log__EILSVDC(UniMod_4)STNNPSQAK,4.051608868798244e-06,0.0
lag1__peptide_std__P02747,4.003010118346379e-06,0.0
protein_npx__P55290,3.99256952847875e-06,0.0
lag1__peptide_mean__P01859,3.974413488193561e-06,0.0
slope1__peptide_mean__P02787,3.948967948771228e-06,0.0
slope1__peptide_std__O00584,3.929515869924897e-06,0.0
lag1__peptide_mean__P27169,3.925440811099744e-06,0.0
delta1__protein_npx__Q16610,3.920866946208947e-06,0.0
lag1__protein_npx__P00734,3.9189311856265255e-06,0.0
slope1__peptide_std__P01024,3.908771280099334e-06,0.0
lag1__protein_npx__P01876,3.898991846597543e-06,0.0
rollmean2__protein_npx__Q7Z5P9,3.8875186610224975e-06,0.0
slope1__peptide_mean__O14498,3.885761160331692e-06,0.0
rollmean2__protein_npx__P16035,3.884924296167514e-06,0.0
peptide_mean__P35542,3.8452277008312105e-06,0.0
delta1__protein_npx__P40925,3.8396091837342094e-06,0.0
lag1__peptide_mean__P00441,3.833009606259795e-06,0.0
rollmean2__protein_npx__P24592,3.822953440014895e-06,0.0
lag1__protein_npx__P05452,3.820814439988385e-06,0.0
slope1__peptide_log__AKLEEQAQQIR,3.820133143414274e-06,0.0
lag1__peptide_std__Q16610,3.817708336467731e-06,0.0
delta1__peptide_mean__P05090,3.816117111774361e-06,0.0
delta1__peptide_mean__P02748,3.8105376497356768e-06,0.0
slope1__peptide_mean__P39060,3.788139328235932e-06,0.0
delta1__peptide_mean__P04180,3.7856885000096734e-06,0.0
peptide_log__VMPIC(UniMod_4)LPSKDYAEVGR,3.7856805528782827e-06,0.0
rollmean2__protein_npx__P25311,3.7813000405495705e-06,0.0
slope1__peptide_mean__P10643,3.7531421058059136e-06,0.0
rollmean2__peptide_std__Q6UXB8,3.746350054204957e-06,0.0
rollmean2__peptide_count__Q13740,3.727712986236049e-06,0.0
lag1__peptide_std__P43652,3.71800684375016e-06,0.0
slope1__protein_npx__P08294,3.675469975047952e-06,0.0
delta1__protein_npx__P00736,3.6567907270004568e-06,0.0
peptide_mean__P01019,3.652144454529049e-06,0.0
delta1__peptide_mean__Q9HDC9,3.613545603143972e-06,0.0
rollmean2__peptide_log__LDEVKEQVAEVR,3.6104217706096056e-06,0.0
delta1__peptide_mean__P08253,3.5543248506281378e-06,0.0
slope1__peptide_log__VTSIQDWVQK,3.5511375415945137e-06,0.0
delta1__protein_npx__P02671,3.5317176533140967e-06,0.0
lag1__peptide_std__P51884,3.5011817208886377e-06,0.0
slope1__peptide_std__P13611,3.4906605941723203e-06,0.0
lag1__peptide_log__KAADDTWEPFASGK,3.4816637905983367e-06,0.0
slope1__peptide_std__Q06481,3.46838538364532e-06,0.0
missing__peptide_count__Q13740,3.45017550626864e-06,0.0
protein_npx__P49588,3.4161984994616416e-06,0.0
lag1__peptide_mean__Q08380,3.36844599152506e-06,0.0
lag1__protein_npx__O43505,3.3680504983433264e-06,0.0
lag1__peptide_log__VMPIC(UniMod_4)LPSKDYAEVGR,3.354246581161609e-06,0.0
rollmean2__peptide_mean__P01717,3.341014590621278e-06,0.0
delta1__peptide_mean__P16870,3.299057656643579e-06,0.0
rollmean2__peptide_log__LC(UniMod_4)MGSGLNLC(UniMod_4)EPNNKEGYYGYTGAFR,3.2983330524552144e-06,0.0
slope1__protein_npx__P12109,3.271916489294138e-06,0.0
lag1__protein_npx__P06454,3.2653986356869203e-06,0.0
lag1__peptide_std__P02766,3.260621330965273e-06,0.0
lag1__protein_npx__P27169,3.2551315921433457e-06,0.0
lag1__peptide_mean__P02774,3.2396907278182736e-06,0.0
lag1__peptide_std__P06681,3.207067062692687e-06,0.0
slope1__peptide_std__P08294,3.183672328894194e-06,0.0
delta1__protein_npx__P00441,3.1681419506649875e-06,0.0
lag1__protein_npx__P11277,3.1210500165684667e-06,0.0
rollmean2__peptide_count__P00450,3.111641160376271e-06,0.0
peptide_mean__P01860,3.1088776381872146e-06,0.0
lag1__peptide_mean__Q7Z3B1,3.0921410347885703e-06,0.0
rollmean2__peptide_std__P14314,3.0558343196798398e-06,0.0
lag1__peptide_mean__P07998,3.028962105068886e-06,0.0
delta1__peptide_log__AATGEC(UniMod_4)TATVGKR,3.0194423522680975e-06,0.0
visit_index,3.009171594494773e-06,0.0
lag1__protein_npx__P02766,2.998958485958676e-06,0.0
protein_npx__Q9UBR2,2.9872135299838337e-06,0.0
peptide_mean__P04075,2.964180407506936e-06,0.0
missing__protein_npx__O75326,2.922208118605232e-06,0.0
lag1__peptide_log__GSPAINVAVHVFRK,2.8955459785384247e-06,0.0
delta1__protein_npx__P07602,2.8913908527230187e-06,0.0
rollmean2__protein_npx__O60888,2.882615381486785e-06,0.0
lag1__peptide_mean__P05155,2.832515784860169e-06,0.0
lag1__peptide_abundance_mean,2.8300757566108695e-06,0.0
slope1__peptide_std__P04433,2.7820248110677145e-06,0.0
lag1__protein_npx__P02656,2.7754538595100044e-06,0.0
delta1__peptide_log__C(UniMod_4)C(UniMod_4)VEC(UniMod_4)PPC(UniMod_4)PAPPVAGPSVFLFPPKPK,2.7423388533133706e-06,0.0
slope1__protein_npx__P13987,2.719081772267072e-06,0.0
peptide_mean__Q99832,2.6623570371030013e-06,0.0
lag1__peptide_mean__P01608,2.6343893379214807e-06,0.0
slope1__peptide_mean__Q13332,2.5796743576781863e-06,0.0
lag1__protein_npx__Q06481,2.5706138796657015e-06,0.0
slope1__peptide_std__P05546,2.567739887886922e-06,0.0
lag1__peptide_log__FLATTPNSLLVSWQPPR,2.551092684130471e-06,0.0
rollmean2__peptide_mean__P02675,2.4930665666351828e-06,0.0
lag1__peptide_log__C(UniMod_4)REILSVDC(UniMod_4)STNNPSQAK,2.491885760979222e-06,0.0
slope1__peptide_count__P02774,2.4879710211827846e-06,0.0
rollmean2__peptide_count__P10645,2.457345170865911e-06,0.0
protein_npx__P05452,2.4097716341947193e-06,0.0
peptide_mean__Q8N2S1,2.407252726854133e-06,0.0
lag1__peptide_mean__P00734,2.384290470168098e-06,0.0
lag1__protein_npx__Q9UNU6,2.3373724508985915e-06,0.0
slope1__peptide_std__Q08380,2.325693098536975e-06,0.0
slope1__peptide_count__P02748,2.2767126017182657e-06,0.0
delta1__peptide_abundance_sum,2.2641776759887922e-06,0.0
delta1__peptide_log__TKEEYGHSEVVEYYC(UniMod_4)NPR,2.257445380729782e-06,0.0
slope1__protein_npx__P24592,2.2247090756794844e-06,0.0
delta1__peptide_log__GEVQAMLGQSTEELR,2.2098984500802906e-06,0.0
rollmean2__peptide_log__C(UniMod_4)TSTGWIPAPR,2.194271532149956e-06,0.0
rollmean2__protein_npx__P12109,2.1847863595890953e-06,0.0
rollmean2__peptide_count__P01877,2.155038705595963e-06,0.0
peptide_mean__Q7Z5P9,2.1513153924307446e-06,0.0
peptide_mean__P00751,2.1341334110132207e-06,0.0
peptide_log__WELALGR,2.1071049357597025e-06,0.0
rollmean2__peptide_mean__Q99829,2.104696777347814e-06,0.0
rollmean2__protein_npx__Q96BZ4,2.0964587411251605e-06,0.0
rollmean2__protein_npx__P14174,2.084854191310294e-06,0.0
slope1__peptide_count__P23142,2.0729612850900794e-06,0.0
peptide_mean__P16070,2.072405952176925e-06,0.0
slope1__peptide_mean__P32754,2.068834174507938e-06,0.0
lag1__protein_npx__P02655,2.0351862259526168e-06,0.0
lag1__protein_npx__Q8NBJ4,2.0217238408634558e-06,0.0
lag1__peptide_std__Q96KN2,2.000273797101262e-06,0.0
slope1__peptide_mean__P98160,1.9903768169462283e-06,0.0
protein_npx__P00751,1.9612427026221513e-06,0.0
delta1__peptide_mean__P19021,1.9321577610031055e-06,0.0
lag1__peptide_mean__Q13451,1.912280348827458e-06,0.0
lag1__peptide_count__P06727,1.907899562170611e-06,0.0
delta1__peptide_count__P04004,1.907288614453643e-06,0.0
missing__peptide_log__MYYSAVDPTKDIFTGLIGPM(UniMod_35)K,1.903357240587038e-06,0.0
lag1__protein_npx__P06681,1.9000008208535661e-06,0.0
protein_npx__Q8NBJ4,1.8895085047270082e-06,0.0
rollmean2__peptide_count__P02763,1.8815590319348879e-06,0.0
lag1__peptide_mean__P02647,1.865584906812009e-06,0.0
missing__peptide_std__P08493,1.8614224147746886e-06,0.0
lag1__peptide_std__P25311,1.8531234473375544e-06,0.0
lag1__protein_npx__O00584,1.8530821925086923e-06,0.0
delta1__peptide_mean__Q9UBR2,1.8470984394857478e-06,0.0
delta1__protein_npx__P10643,1.8350199027895397e-06,0.0
lag1__peptide_log__TPLGDTTHTC(UniMod_4)PR,1.79578462739691e-06,0.0
rollmean2__peptide_mean__P13521,1.789851719454338e-06,0.0
protein_npx__Q08380,1.7697064022479362e-06,0.0
lag1__peptide_std__O75144,1.7653186663596824e-06,0.0
slope1__protein_npx__P04156,1.7516672399940422e-06,0.0
peptide_mean__P00734,1.7355819483996025e-06,0.0
lag1__protein_npx__P00736,1.7082323224075852e-06,0.0
delta1__peptide_mean__Q08380,1.694787465748435e-06,0.0
lag1__current_updrs_3,1.6896025930459309e-06,0.0
slope1__peptide_count__P01024,1.683040778992195e-06,0.0
lag1__protein_npx__P09871,1.6727485405133591e-06,0.0
lag1__protein_npx__P08253,1.609529330788207e-06,0.0
lag1__protein_npx__P07998,1.6019265606294474e-06,0.0
rollmean2__peptide_mean__P55290,1.5815950435277824e-06,0.0
peptide_mean__Q96KN2,1.561192795974394e-06,0.0
delta1__peptide_mean__P02750,1.5401593228449163e-06,0.0
rollmean2__peptide_std__P13987,1.4923564195179067e-06,0.0
peptide_mean__P01344,1.4808588901410812e-06,0.0
protein_npx__P04433,1.4723333043969653e-06,0.0
rollmean2__peptide_mean__P00747,1.4464219979233206e-06,0.0
slope1__peptide_log__AEAQEAEDQQAR,1.4401854754338464e-06,0.0
lag1__peptide_mean__P11142,1.4262853188773609e-06,0.0
lag1__peptide_mean__P13521,1.415797926826792e-06,0.0
slope1__protein_npx__P04406,1.3918053535090727e-06,0.0
rollmean2__peptide_mean__P02792,1.3588158507292373e-06,0.0
peptide_count__P00748,1.3381201127298983e-06,0.0
rollmean2__peptide_std__Q16270,1.332460490244512e-06,0.0
delta1__peptide_mean__P06681,1.324587279408045e-06,0.0
slope1__peptide_log__QIGSVYR,1.2997667992747135e-06,0.0
rollmean2__protein_npx__P08493,1.278682630765027e-06,0.0
protein_npx__P09871,1.2683951175661712e-06,0.0
protein_npx__P01717,1.2540001314668987e-06,0.0
lag1__peptide_mean__P49908,1.2498723912674005e-06,0.0
protein_npx__P04075,1.2400360651860934e-06,0.0
delta1__protein_npx__P02763,1.2179543330979175e-06,0.0
slope1__protein_npx__P13473,1.212422713383105e-06,0.0
slope1__protein_npx__P19021,1.200121134425969e-06,0.0
peptide_std__O75144,1.1789653640341236e-06,0.0
delta1__peptide_mean__P61916,1.1777521432360254e-06,0.0
delta1__protein_npx__P23083,1.174840200114786e-06,0.0
missing__peptide_mean__P08133,1.1668263816424305e-06,0.0
delta1__protein_npx__Q99969,1.1507921213474637e-06,0.0
rollmean2__peptide_mean__P43652,1.1430851864428686e-06,0.0
delta1__peptide_std__P39060,1.1418275342183517e-06,0.0
slope1__protein_npx__P06681,1.1388110149083583e-06,0.0
delta1__peptide_mean__P02649,1.1250496522284172e-06,0.0
peptide_log__NPDPWAK,1.118193390737583e-06,0.0
rollmean2__peptide_mean__P01861,1.1018909915618046e-06,0.0
delta1__peptide_count__P08603,1.0885914126628613e-06,0.0
lag1__peptide_count__Q06481,1.086304728300841e-06,0.0
peptide_log__MTVTDQVNC(UniMod_4)PK,1.0685003554538637e-06,0.0
lag1__peptide_count__P43652,1.0535415600918626e-06,0.0
peptide_mean__P00747,1.0482237750861027e-06,0.0
delta1__peptide_log__TSPVDEKALQDQLVLVAAK,1.0474644845397862e-06,0.0
protein_npx__P07602,1.0424806530756748e-06,0.0
slope1__protein_npx__O00584,1.0063011893283567e-06,0.0
delta1__protein_npx__P01042,9.86952672204815e-07,0.0
delta1__peptide_count__P02790,9.82056888142065e-07,0.0
delta1__peptide_std__P01859,9.73905187874413e-07,0.0
slope1__protein_npx__P01717,9.050354827310521e-07,0.0
slope1__protein_npx__P07858,8.923977666244531e-07,0.0
rollmean2__protein_npx__P06727,8.917495345261334e-07,0.0
protein_npx__P05090,8.820990141409296e-07,0.0
lag1__peptide_mean__P13987,8.497148628410263e-07,0.0
slope1__protein_npx__P08697,8.046373842226299e-07,0.0
peptide_mean__Q96BZ4,8.008553929525291e-07,0.0
delta1__peptide_log__LFDSDPITVTVPVEVSR,7.884309845488125e-07,0.0
delta1__protein_npx__P04075,7.442127628779283e-07,0.0
slope1__peptide_mean__P01019,7.382077078112193e-07,0.0
lag1__peptide_log__ALGISPFHEHAEVVFTANDSGPR,7.308385226626214e-07,0.0
slope1__protein_npx__P02765,6.847402329976371e-07,0.0
lag1__peptide_std__P01877,6.708871246864315e-07,0.0
delta1__protein_npx__Q13332,5.457333062019848e-07,0.0
slope1__peptide_mean__P13671,5.274578205657484e-07,0.0
slope1__peptide_std__Q92823,4.4081668191314723e-07,0.0
delta1__peptide_mean__Q9NQ79,4.406862355243843e-07,0.0
rollmean2__peptide_log__ALGISPFHEHAEVVFTANDSGPR,4.062862813971813e-07,0.0
rollmean2__protein_npx__O94919,4.0246445713782945e-07,0.0
peptide_mean__P06396,3.950154886703625e-07,0.0
delta1__peptide_std__P43121,3.8946675852153126e-07,0.0
lag1__peptide_mean__P31997,3.779639384004878e-07,0.0
peptide_std__P01857,3.629516458196571e-07,0.0
delta1__peptide_log__C(UniMod_4)KPVNTFVHEPLVDVQNVC(UniMod_4)FQEK,3.625426217174258e-07,0.0
rollmean2__peptide_mean__P04433,3.6076008247891655e-07,0.0
slope1__peptide_std__P39060,3.6059421116909875e-07,0.0
lag1__protein_npx__P10645,3.583635238151929e-07,0.0
lag1__peptide_log__LSNENHGIAQR,3.581425299651331e-07,0.0
lag1__peptide_mean__Q02818,3.5758248530142945e-07,0.0
delta1__peptide_log__LVGGPM(UniMod_35)DASVEEEGVRR,3.557588379411169e-07,0.0
delta1__peptide_log__LEGQEEEEDNRDSSMK,3.550901629903465e-07,0.0
delta1__peptide_mean__Q12805,3.5270602546713006e-07,0.0
slope1__peptide_mean__P18065,3.517185189055366e-07,0.0
rollmean2__peptide_mean__P05067,3.50088674211944e-07,0.0
slope1__peptide_count__P04004,3.4972828549427805e-07,0.0
slope1__peptide_mean__P19823,3.4480619289535573e-07,0.0
slope1__protein_npx__P60174,3.4297558414761533e-07,0.0
lag1__peptide_log__IMNGEADAMSLDGGFVYIAGK,3.3586072268253827e-07,0.0
rollmean2__peptide_log__LGQSLDC(UniMod_4)NAEVYVVPWEK,3.3117196164296025e-07,0.0
lag1__protein_npx__Q9HDC9,3.273439115458927e-07,0.0
rollmean2__protein_npx__P04211,3.240409903286236e-07,0.0
rollmean2__protein_npx__P13521,3.2356123683669915e-07,0.0
lag1__peptide_log__NFPPSQDASGDLYTTSSQLTLPATQC(UniMod_4)LAGK,3.1967065769127376e-07,0.0
lag1__protein_npx__P13473,3.1455481114707367e-07,0.0
lag1__peptide_mean__P09871,3.137988324196225e-07,0.0
delta1__peptide_mean__P01024,3.1236559140484864e-07,0.0
delta1__peptide_log__GYQLSDVDGVTC(UniMod_4)EDIDEC(UniMod_4)ALPTGGHIC(UniMod_4)SYR,3.0836357432907165e-07,0.0
slope1__peptide_log__GEVQAMLGQSTEELRVR,3.012886231433181e-07,0.0
lag1__peptide_log__LGQSLDC(UniMod_4)NAEVYVVPWEK,2.9485544767113044e-07,0.0
rollmean2__protein_npx__P13671,2.933249466359146e-07,0.0
rollmean2__peptide_count__O94919,2.8768650591568283e-07,0.0
rollmean2__protein_npx__P60174,2.787570216677489e-07,0.0
rollmean2__peptide_mean__P05408,2.786329709443396e-07,0.0
protein_npx__P04207,2.7644122457583994e-07,0.0
peptide_mean__P09871,2.754977465612713e-07,0.0
slope1__protein_npx__P01877,2.662365216041823e-07,0.0
rollmean2__peptide_mean__P08133,2.6368890256773706e-07,0.0
lag1__protein_npx__P02647,2.6205781312615763e-07,0.0
protein_npx__P14174,2.5956396189031405e-07,0.0
rollmean2__peptide_count__P98160,2.5625038309585384e-07,0.0
rollmean2__peptide_mean__P23142,2.444130120572407e-07,0.0
peptide_mean__Q6UXB8,2.2599452865897428e-07,0.0
peptide_mean__P19827,1.970140345331667e-07,0.0
protein_npx__Q16270,1.7415256058782438e-07,0.0
rollmean2__peptide_log__C(UniMod_4)DSSPDSAEDVRK,0.0,0.0
peptide_mean__O43505,0.0,0.0
peptide_mean__P00746,0.0,0.0
peptide_mean__P01780,0.0,0.0
rollmean2__peptide_count__Q99435,0.0,0.0
rollmean2__peptide_count__Q16610,0.0,0.0
missing__protein_npx__P01594,0.0,0.0
peptide_mean__O75326,0.0,0.0
rollmean2__peptide_count__P36955,0.0,0.0
peptide_mean__O94919,0.0,0.0
peptide_mean__P00738,0.0,0.0
peptide_mean__P01877,0.0,0.0
missing__protein_npx__P01608,0.0,0.0
rollmean2__peptide_count__Q6UXB8,0.0,0.0
rollmean2__peptide_count__Q7Z5P9,0.0,0.0
rollmean2__peptide_count__Q7Z3B1,0.0,0.0
rollmean2__peptide_count__P39060,0.0,0.0
rollmean2__peptide_count__P36980,0.0,0.0
rollmean2__peptide_count__Q15904,0.0,0.0
rollmean2__peptide_count__Q92823,0.0,0.0
rollmean2__peptide_count__Q8IWV7,0.0,0.0
peptide_mean__P01034,0.0,0.0
missing__protein_npx__P01834,0.0,0.0
missing__protein_npx__P01857,0.0,0.0
rollmean2__peptide_count__Q9UKV8,0.0,0.0
rollmean2__peptide_count__Q6UXD5,0.0,0.0
rollmean2__peptide_count__Q96S96,0.0,0.0
rollmean2__peptide_count__Q16270,0.0,0.0
missing__protein_npx__P01859,0.0,0.0
missing__protein_npx__P01833,0.0,0.0
rollmean2__peptide_count__Q14624,0.0,0.0
protein_missing_fraction,0.0,0.0
rollmean2__peptide_count__Q8N2S1,0.0,0.0
peptide_mean__P01591,0.0,0.0
rollmean2__peptide_count__Q92520,0.0,0.0
missing__protein_npx__P01717,0.0,0.0
missing__protein_npx__P01621,0.0,0.0
rollmean2__peptide_count__Q92876,0.0,0.0
rollmean2__peptide_count__Q96BZ4,0.0,0.0
rollmean2__peptide_count__Q96PD5,0.0,0.0
peptide_mean__P01023,0.0,0.0
protein_npx__P36980,0.0,0.0
lag1__peptide_count__Q99435,0.0,0.0
protein_npx__P40925,0.0,0.0
lag1__peptide_count__Q96S96,0.0,0.0
lag1__peptide_count__Q96PD5,0.0,0.0
lag1__peptide_log__LIADLGSTSITNLGFR,0.0,0.0
lag1__peptide_log__LGPLVEQGRVR,0.0,0.0
protein_npx__P41222,0.0,0.0
lag1__peptide_count__Q92876,0.0,0.0
missing__protein_npx__O75144,0.0,0.0
lag1__peptide_count__Q92823,0.0,0.0
lag1__peptide_count__Q8NE71,0.0,0.0
missing__protein_npx__O94919,0.0,0.0
missing__protein_npx__P00441,0.0,0.0
rollmean2__peptide_count__Q14515,0.0,0.0
rollmean2__has_previous_visit,0.0,0.0
missing__protein_npx__O00391,0.0,0.0
lag1__peptide_count__Q8NBJ4,0.0,0.0
missing__protein_npx__O00533,0.0,0.0
lag1__peptide_count__Q8N2S1,0.0,0.0
lag1__peptide_log__LC(UniMod_4)MGSGLNLC(UniMod_4)EPNNKEGYYGYTGAFR,0.0,0.0
lag1__peptide_log__LAVYQAGAR,0.0,0.0
lag1__peptide_log__LSKELQAAQAR,0.0,0.0
lag1__peptide_log__LRTEGDGVYTLNNEKQWINK,0.0,0.0
lag1__peptide_log__LRTEGDGVYTLNNEK,0.0,0.0
lag1__peptide_log__LQAEAFQAR,0.0,0.0
rollmean2__peptide_log__LIADLGSTSITNLGFR,0.0,0.0
protein_feature_count,0.0,0.0
rollmean2__peptide_count__Q9HDC9,0.0,0.0
missing__protein_npx__P00450,0.0,0.0
protein_npx__Q15904,0.0,0.0
protein_npx__Q13740,0.0,0.0
protein_npx__Q13451,0.0,0.0
protein_npx__P07711,0.0,0.0
protein_npx__P07225,0.0,0.0
protein_npx__P61626,0.0,0.0
rollmean2__peptide_log__VQAAVGTSAAPVPSDNH,0.0,0.0
rollmean2__peptide_log__VMPIC(UniMod_4)LPSKDYAEVGR,0.0,0.0
protein_npx__Q13332,0.0,0.0
protein_npx__P16035,0.0,0.0
protein_npx__Q02818,0.0,0.0
lag1__peptide_count__Q96KN2,0.0,0.0
lag1__peptide_count__Q96BZ4,0.0,0.0
lag1__peptide_log__C(UniMod_4)DSSPDSAEDVRK,0.0,0.0
protein_npx__P30086,0.0,0.0
lag1__peptide_log__C(UniMod_4)C(UniMod_4)VEC(UniMod_4)PPC(UniMod_4)PAPPVAGPSVFLFPPKPK,0.0,0.0
protein_npx__Q16610,0.0,0.0
rollmean2__peptide_log__C(UniMod_4)VDVDEC(UniMod_4)APPAEPC(UniMod_4)GK,0.0,0.0
protein_npx__P17936,0.0,0.0
protein_npx__P19827,0.0,0.0
protein_npx__P20933,0.0,0.0
rollmean2__peptide_log__C(UniMod_4)RDQLPYIC(UniMod_4)QFGIV,0.0,0.0
protein_npx__Q562R1,0.0,0.0
lag1__peptide_count__Q8IWV7,0.0,0.0
lag1__peptide_log__LVGGPM(UniMod_35)DASVEEEGVRR,0.0,0.0
lag1__peptide_count__Q99829,0.0,0.0
protein_npx__P23083,0.0,0.0
lag1__peptide_count__Q99683,0.0,0.0
lag1__peptide_count__Q99674,0.0,0.0
protein_npx__P16152,0.0,0.0
protein_npx__Q99829,0.0,0.0
rollmean2__peptide_log__VDSGNDVTDIADDGC(UniMod_4)PKPPEIAHGYVEHSVR,0.0,0.0
rollmean2__peptide_log__VGYVSGWGR,0.0,0.0
rollmean2__peptide_log__VKDLATVYVDVLK,0.0,0.0
protein_npx__Q96S96,0.0,0.0
protein_npx__Q96KN2,0.0,0.0
protein_npx__Q92876,0.0,0.0
protein_npx__Q92520,0.0,0.0
rollmean2__peptide_count__Q13451,0.0,0.0
rollmean2__peptide_count__Q13449,0.0,0.0
rollmean2__peptide_count__Q13332,0.0,0.0
rollmean2__peptide_count__Q13283,0.0,0.0
rollmean2__peptide_count__Q12805,0.0,0.0
rollmean2__peptide_count__Q6UX71,0.0,0.0
rollmean2__peptide_log__MASGAANVVGPK,0.0,0.0
rollmean2__peptide_log__AYQGVAAPFPK,0.0,0.0
rollmean2__peptide_log__AKLEEQAQQIR,0.0,0.0
rollmean2__peptide_log__AATGEC(UniMod_4)TATVGKR,0.0,0.0
rollmean2__peptide_count__Q9Y6R7,0.0,0.0
missing__protein_npx__P01042,0.0,0.0
missing__protein_npx__P01344,0.0,0.0
rollmean2__peptide_count__Q9Y646,0.0,0.0
missing__protein_npx__P01591,0.0,0.0
rollmean2__peptide_count__Q9UNU6,0.0,0.0
rollmean2__peptide_count__Q14118,0.0,0.0
rollmean2__peptide_count__Q9UHG2,0.0,0.0
rollmean2__peptide_count__Q9UBX5,0.0,0.0
rollmean2__peptide_count__Q9UBR2,0.0,0.0
rollmean2__peptide_count__Q9NYU2,0.0,0.0
rollmean2__peptide_count__Q562R1,0.0,0.0
rollmean2__peptide_count__Q9BY67,0.0,0.0
rollmean2__peptide_log__SC(UniMod_4)DTPPPC(UniMod_4)PR,0.0,0.0
rollmean2__peptide_count__Q99969,0.0,0.0
rollmean2__peptide_count__Q99832,0.0,0.0
missing__protein_npx__O15394,0.0,0.0
rollmean2__peptide_count__Q99829,0.0,0.0
missing__protein_npx__O43505,0.0,0.0
rollmean2__peptide_count__Q99683,0.0,0.0
missing__protein_npx__O60888,0.0,0.0
rollmean2__peptide_count__Q99674,0.0,0.0
protein_npx__Q99832,0.0,0.0
protein_npx__P54289,0.0,0.0
rollmean2__peptide_log__LGADM(UniMod_35)EDVC(UniMod_4)GR,0.0,0.0
rollmean2__peptide_log__SFNRGEC(UniMod_4),0.0,0.0
protein_npx__Q9HDC9,0.0,0.0
rollmean2__peptide_log__LEGQEEEEDNRDSSMK,0.0,0.0
rollmean2__peptide_log__SPVGVQPILNEHTFC(UniMod_4)AGMSK,0.0,0.0
rollmean2__peptide_log__KVEQAVETEPEPELR,0.0,0.0
protein_npx__Q8IWV7,0.0,0.0
rollmean2__peptide_log__SWFEPLVEDM(UniMod_35)QR,0.0,0.0
protein_npx__P07858,0.0,0.0
protein_npx__P08294,0.0,0.0
rollmean2__peptide_log__KAADDTWEPFASGK,0.0,0.0
rollmean2__peptide_log__GC(UniMod_4)PTEEGC(UniMod_4)GER,0.0,0.0
rollmean2__peptide_log__FM(UniMod_35)ETVAEK,0.0,0.0
rollmean2__peptide_log__EDSLEAGLPLQVR,0.0,0.0
protein_npx__P08493,0.0,0.0
protein_npx__Q9UBX5,0.0,0.0
rollmean2__peptide_log__VDNALQSGNSQESVTEQDSKDSTYSLSSTLTLSK,0.0,0.0
rollmean2__peptide_log__SGEATDGARPQALPEPMQESK,0.0,0.0
peptide_count__P01859,0.0,0.0
rollmean2__peptide_mean__P61278,0.0,0.0
rollmean2__peptide_mean__P61916,0.0,0.0
rollmean2__peptide_mean__Q02818,0.0,0.0
rollmean2__peptide_mean__Q08380,0.0,0.0
peptide_std__Q92876,0.0,0.0
rollmean2__peptide_mean__Q12805,0.0,0.0
rollmean2__peptide_mean__Q13283,0.0,0.0
rollmean2__peptide_mean__Q13332,0.0,0.0
lag1__peptide_log__VTSIQDWVQK,0.0,0.0
lag1__peptide_log__WELALGR,0.0,0.0
rollmean2__peptide_count__P02792,0.0,0.0
lag1__peptide_log__TTPPVLDSDGSFFLYSK,0.0,0.0
rollmean2__peptide_mean__P31997,0.0,0.0
rollmean2__peptide_mean__P35542,0.0,0.0
peptide_count__O14791,0.0,0.0
peptide_count__O15240,0.0,0.0
peptide_count__O15394,0.0,0.0
peptide_count__O43505,0.0,0.0
rollmean2__peptide_std__P00747,0.0,0.0
rollmean2__peptide_std__P01009,0.0,0.0
rollmean2__peptide_std__P01859,0.0,0.0
peptide_std__P14314,0.0,0.0
lag1__peptide_log__YIVSGTPTFVPYLIK,0.0,0.0
delta1__protein_npx__O14791,0.0,0.0
delta1__protein_npx__O15240,0.0,0.0
delta1__protein_npx__O43505,0.0,0.0
lag1__peptide_log__YYWGGQYTWDMAK,0.0,0.0
rollmean2__peptide_mean__P17174,0.0,0.0
rollmean2__peptide_mean__P17936,0.0,0.0
rollmean2__peptide_mean__P18065,0.0,0.0
lag1__peptide_count__Q9NYU2,0.0,0.0
lag1__peptide_count__Q9UBR2,0.0,0.0
lag1__peptide_count__Q9UBX5,0.0,0.0
lag1__has_previous_visit,0.0,0.0
peptide_std__Q12841,0.0,0.0
rollmean2__peptide_mean__P43121,0.0,0.0
peptide_count__O75326,0.0,0.0
peptide_count__O94919,0.0,0.0
peptide_count__P01594,0.0,0.0
peptide_count__P01608,0.0,0.0
peptide_count__P01621,0.0,0.0
peptide_count__P01717,0.0,0.0
peptide_count__P01780,0.0,0.0
peptide_count__P01833,0.0,0.0
peptide_count__P01834,0.0,0.0
peptide_count__P01857,0.0,0.0
rollmean2__peptide_mean__Q562R1,0.0,0.0
peptide_count__P01009,0.0,0.0
peptide_mean__Q13740,0.0,0.0
peptide_mean__Q6UXD5,0.0,0.0
rollmean2__peptide_std__P02765,0.0,0.0
rollmean2__peptide_std__P02766,0.0,0.0
peptide_std__P07602,0.0,0.0
rollmean2__peptide_mean__Q9BY67,0.0,0.0
rollmean2__peptide_mean__Q9NYU2,0.0,0.0
rollmean2__peptide_mean__Q9UBR2,0.0,0.0
rollmean2__peptide_mean__Q9Y646,0.0,0.0
rollmean2__peptide_std__P05452,0.0,0.0
peptide_mean__Q99829,0.0,0.0
peptide_std__P14618,0.0,0.0
peptide_std__P02647,0.0,0.0
peptide_std__P02656,0.0,0.0
rollmean2__peptide_std__O75144,0.0,0.0
rollmean2__peptide_std__O94919,0.0,0.0
rollmean2__peptide_std__P00450,0.0,0.0
lag1__peptide_count__Q9Y6R7,0.0,0.0
lag1__peptide_log__AEAQEAEDQQAR,0.0,0.0
lag1__peptide_log__M(UniMod_35)ASGAANVVGPK,0.0,0.0
lag1__peptide_count__Q99832,0.0,0.0
lag1__peptide_count__Q99969,0.0,0.0
lag1__peptide_count__Q9BY67,0.0,0.0
lag1__peptide_count__Q9HDC9,0.0,0.0
peptide_mean__Q99969,0.0,0.0
peptide_std__P17174,0.0,0.0
peptide_count__O00391,0.0,0.0
peptide_count__O00533,0.0,0.0
peptide_count__O00584,0.0,0.0
peptide_count__O14498,0.0,0.0
rollmean2__peptide_mean__Q8IWV7,0.0,0.0
rollmean2__peptide_mean__Q92520,0.0,0.0
rollmean2__peptide_mean__Q92823,0.0,0.0
peptide_count__O60888,0.0,0.0
peptide_count__O75144,0.0,0.0
peptide_std__P12109,0.0,0.0
peptide_mean__Q13451,0.0,0.0
rollmean2__peptide_mean__Q92876,0.0,0.0
rollmean2__peptide_mean__Q96PD5,0.0,0.0
rollmean2__peptide_mean__Q96S96,0.0,0.0
rollmean2__peptide_mean__Q99832,0.0,0.0
rollmean2__peptide_mean__Q99969,0.0,0.0
peptide_std__P98160,0.0,0.0
rollmean2__peptide_std__P04004,0.0,0.0
peptide_std__O94919,0.0,0.0
peptide_std__P00736,0.0,0.0
peptide_std__P00746,0.0,0.0
peptide_std__P01008,0.0,0.0
peptide_mean__Q13332,0.0,0.0
peptide_std__P13987,0.0,0.0
peptide_count__P04217,0.0,0.0
peptide_count__P04275,0.0,0.0
peptide_count__P04406,0.0,0.0
peptide_count__P04433,0.0,0.0
peptide_count__P05067,0.0,0.0
peptide_count__P05090,0.0,0.0
rollmean2__peptide_mean__P02649,0.0,0.0
peptide_count__P05408,0.0,0.0
peptide_count__P05452,0.0,0.0
peptide_count__P05546,0.0,0.0
peptide_count__P06310,0.0,0.0
delta1__protein_npx__O14773,0.0,0.0
peptide_count__P06454,0.0,0.0
peptide_count__P04211,0.0,0.0
peptide_count__P04216,0.0,0.0
rollmean2__peptide_mean__P13473,0.0,0.0
rollmean2__peptide_mean__P13987,0.0,0.0
rollmean2__peptide_mean__P14174,0.0,0.0
peptide_count__P04156,0.0,0.0
peptide_count__P04180,0.0,0.0
rollmean2__peptide_mean__P07858,0.0,0.0
peptide_count__P07333,0.0,0.0
peptide_count__P07339,0.0,0.0
peptide_count__P06396,0.0,0.0
peptide_count__P16870,0.0,0.0
peptide_count__P17936,0.0,0.0
peptide_count__P18065,0.0,0.0
rollmean2__peptide_mean__O75144,0.0,0.0
rollmean2__peptide_mean__P00441,0.0,0.0
peptide_count__P13591,0.0,0.0
peptide_count__P13611,0.0,0.0
rollmean2__protein_npx__Q99435,0.0,0.0
rollmean2__peptide_mean__P00736,0.0,0.0
rollmean2__peptide_mean__P00746,0.0,0.0
rollmean2__peptide_mean__P00751,0.0,0.0
rollmean2__peptide_mean__P01344,0.0,0.0
peptide_count__P01861,0.0,0.0
peptide_count__P01876,0.0,0.0
peptide_count__P02452,0.0,0.0
peptide_count__P02649,0.0,0.0
peptide_count__P02652,0.0,0.0
peptide_count__P02655,0.0,0.0
rollmean2__peptide_mean__P02751,0.0,0.0
rollmean2__peptide_mean__P02753,0.0,0.0
peptide_count__P04196,0.0,0.0
peptide_count__P04207,0.0,0.0
rollmean2__peptide_mean__P01033,0.0,0.0
rollmean2__peptide_mean__P01034,0.0,0.0
rollmean2__peptide_mean__P01024,0.0,0.0
peptide_count__P02751,0.0,0.0
peptide_count__P02753,0.0,0.0
peptide_count__P01019,0.0,0.0
peptide_count__P01031,0.0,0.0
peptide_count__P01033,0.0,0.0
peptide_count__P01034,0.0,0.0
peptide_count__P02792,0.0,0.0
peptide_count__P04004,0.0,0.0
peptide_count__P04075,0.0,0.0
peptide_count__P02671,0.0,0.0
peptide_count__P02675,0.0,0.0
peptide_count__P07858,0.0,0.0
peptide_count__P02747,0.0,0.0
peptide_count__P02748,0.0,0.0
rollmean2__peptide_mean__P08493,0.0,0.0
rollmean2__peptide_mean__P08571,0.0,0.0
peptide_count__P02760,0.0,0.0
peptide_count__P02763,0.0,0.0
peptide_count__P02766,0.0,0.0
peptide_count__P02787,0.0,0.0
lag1__peptide_feature_count,0.0,0.0
lag1__current_medication_unknown,0.0,0.0
lag1__peptide_log__VGYVSGWGR,0.0,0.0
lag1__peptide_log__VQPYLDDFQKK,0.0,0.0
peptide_count__P02679,0.0,0.0
peptide_count__P07998,0.0,0.0
peptide_count__P08123,0.0,0.0
rollmean2__peptide_mean__P09871,0.0,0.0
rollmean2__peptide_mean__P10645,0.0,0.0
rollmean2__peptide_mean__P10909,0.0,0.0
peptide_count__P08253,0.0,0.0
rollmean2__peptide_mean__P02790,0.0,0.0
rollmean2__peptide_mean__P04156,0.0,0.0
rollmean2__peptide_mean__P04216,0.0,0.0
peptide_count__P06681,0.0,0.0
peptide_count__P07195,0.0,0.0
peptide_count__P02750,0.0,0.0
peptide_count__P02656,0.0,0.0
rollmean2__peptide_mean__P04406,0.0,0.0
rollmean2__peptide_mean__P06396,0.0,0.0
peptide_count__P01860,0.0,0.0
peptide_count__P08133,0.0,0.0
peptide_count__P01344,0.0,0.0
peptide_count__P01591,0.0,0.0
peptide_count__P00441,0.0,0.0
peptide_count__P00734,0.0,0.0
peptide_count__P00738,0.0,0.0
peptide_count__P00746,0.0,0.0
peptide_count__P00747,0.0,0.0
peptide_count__P07225,0.0,0.0
rollmean2__peptide_count__P10909,0.0,0.0
rollmean2__peptide_count__P02766,0.0,0.0
peptide_mean__P02787,0.0,0.0
peptide_mean__P02792,0.0,0.0
peptide_mean__P04004,0.0,0.0
peptide_mean__P04156,0.0,0.0
peptide_mean__P04207,0.0,0.0
rollmean2__peptide_count__P04196,0.0,0.0
rollmean2__peptide_count__P04207,0.0,0.0
peptide_mean__P04216,0.0,0.0
peptide_mean__P05067,0.0,0.0
lag1__peptide_count__Q9NQ79,0.0,0.0
rollmean2__peptide_count__P02760,0.0,0.0
rollmean2__peptide_count__P19823,0.0,0.0
rollmean2__peptide_count__P19827,0.0,0.0
rollmean2__peptide_count__P20774,0.0,0.0
rollmean2__peptide_count__P20933,0.0,0.0
rollmean2__peptide_count__P23083,0.0,0.0
rollmean2__peptide_count__P23142,0.0,0.0
rollmean2__peptide_count__P24592,0.0,0.0
rollmean2__peptide_count__P25311,0.0,0.0
rollmean2__peptide_count__P27169,0.0,0.0
rollmean2__peptide_count__P30086,0.0,0.0
rollmean2__peptide_count__P02750,0.0,0.0
rollmean2__peptide_count__P01019,0.0,0.0
rollmean2__peptide_count__P01031,0.0,0.0
rollmean2__peptide_count__P01033,0.0,0.0
rollmean2__peptide_count__P01034,0.0,0.0
rollmean2__peptide_count__P02452,0.0,0.0
rollmean2__peptide_count__P02647,0.0,0.0
rollmean2__peptide_count__P02649,0.0,0.0
rollmean2__peptide_count__P02655,0.0,0.0
rollmean2__peptide_count__P01608,0.0,0.0
rollmean2__peptide_count__P01621,0.0,0.0
rollmean2__peptide_count__P01717,0.0,0.0
rollmean2__peptide_count__P10451,0.0,0.0
rollmean2__peptide_count__P11142,0.0,0.0
rollmean2__peptide_count__P07998,0.0,0.0
rollmean2__peptide_count__P08123,0.0,0.0
rollmean2__peptide_count__P08133,0.0,0.0
rollmean2__peptide_count__P08253,0.0,0.0
rollmean2__peptide_count__P08294,0.0,0.0
rollmean2__peptide_count__P08493,0.0,0.0
rollmean2__peptide_count__P08571,0.0,0.0
peptide_mean__P04211,0.0,0.0
rollmean2__peptide_count__P08637,0.0,0.0
rollmean2__peptide_count__P09104,0.0,0.0
rollmean2__peptide_count__P09486,0.0,0.0
rollmean2__peptide_count__P01780,0.0,0.0
rollmean2__peptide_count__P61916,0.0,0.0
rollmean2__peptide_count__P80748,0.0,0.0
rollmean2__peptide_count__Q02818,0.0,0.0
rollmean2__peptide_count__Q08380,0.0,0.0
rollmean2__peptide_count__P40925,0.0,0.0
rollmean2__peptide_count__P12109,0.0,0.0
rollmean2__peptide_count__P13473,0.0,0.0
rollmean2__peptide_count__P13521,0.0,0.0
rollmean2__peptide_count__P13611,0.0,0.0
rollmean2__peptide_count__P13671,0.0,0.0
rollmean2__peptide_count__P13987,0.0,0.0
rollmean2__peptide_count__P31997,0.0,0.0
rollmean2__peptide_count__P61278,0.0,0.0
rollmean2__peptide_count__P14314,0.0,0.0
rollmean2__peptide_count__P16035,0.0,0.0
rollmean2__peptide_count__P16070,0.0,0.0
rollmean2__peptide_count__P16152,0.0,0.0
rollmean2__peptide_count__P17174,0.0,0.0
rollmean2__peptide_count__P17936,0.0,0.0
rollmean2__peptide_count__P19021,0.0,0.0
rollmean2__peptide_count__P11277,0.0,0.0
rollmean2__peptide_count__Q8NBJ4,0.0,0.0
rollmean2__peptide_count__Q8NE71,0.0,0.0
rollmean2__peptide_count__Q14508,0.0,0.0
rollmean2__peptide_count__P14174,0.0,0.0
rollmean2__peptide_count__P32754,0.0,0.0
rollmean2__peptide_count__P35542,0.0,0.0
rollmean2__peptide_count__P36222,0.0,0.0
rollmean2__peptide_count__P05090,0.0,0.0
rollmean2__peptide_count__P05155,0.0,0.0
rollmean2__peptide_count__P05156,0.0,0.0
rollmean2__peptide_count__P05408,0.0,0.0
rollmean2__peptide_count__P05452,0.0,0.0
rollmean2__peptide_count__P05546,0.0,0.0
rollmean2__peptide_count__P06310,0.0,0.0
rollmean2__peptide_count__P06396,0.0,0.0
rollmean2__peptide_count__P61769,0.0,0.0
rollmean2__peptide_count__P07195,0.0,0.0
rollmean2__peptide_count__P07225,0.0,0.0
rollmean2__peptide_count__P07333,0.0,0.0
rollmean2__peptide_count__P07711,0.0,0.0
rollmean2__peptide_count__P07858,0.0,0.0
rollmean2__peptide_count__P43251,0.0,0.0
rollmean2__peptide_count__P49588,0.0,0.0
rollmean2__peptide_count__P49908,0.0,0.0
rollmean2__peptide_count__P54289,0.0,0.0
rollmean2__peptide_count__P55290,0.0,0.0
rollmean2__peptide_count__P60174,0.0,0.0
rollmean2__peptide_count__P61626,0.0,0.0
rollmean2__peptide_count__P06454,0.0,0.0
peptide_mean__Q7Z3B1,0.0,0.0
peptide_mean__Q8NE71,0.0,0.0
peptide_mean__Q92823,0.0,0.0
peptide_mean__P43251,0.0,0.0
peptide_mean__P49588,0.0,0.0
peptide_mean__P49908,0.0,0.0
peptide_mean__P55290,0.0,0.0
peptide_mean__Q99435,0.0,0.0
peptide_mean__Q99674,0.0,0.0
peptide_std__O15394,0.0,0.0
peptide_mean__P61916,0.0,0.0
rollmean2__peptide_count__P01859,0.0,0.0
peptide_mean__P40925,0.0,0.0
rollmean2__peptide_count__P00736,0.0,0.0
rollmean2__peptide_count__P00738,0.0,0.0
rollmean2__peptide_count__P00746,0.0,0.0
rollmean2__peptide_count__P00747,0.0,0.0
rollmean2__peptide_count__P00748,0.0,0.0
rollmean2__peptide_count__P01009,0.0,0.0
rollmean2__peptide_count__P01011,0.0,0.0
rollmean2__peptide_count__O43505,0.0,0.0
rollmean2__peptide_std__P17174,0.0,0.0
peptide_mean__P10643,0.0,0.0
peptide_mean__Q12805,0.0,0.0
lag1__peptide_log__QWAGLVEK,0.0,0.0
lag1__peptide_log__SC(UniMod_4)DTPPPC(UniMod_4)PR,0.0,0.0
lag1__peptide_count__Q9UHG2,0.0,0.0
lag1__peptide_count__Q9UKV8,0.0,0.0
lag1__peptide_count__Q9UNU6,0.0,0.0
lag1__peptide_count__Q9Y646,0.0,0.0
lag1__peptide_log__SEALAVDGAGKPGAEEAQDPEGK,0.0,0.0
lag1__peptide_log__SELEEQLTPVAEETR,0.0,0.0
lag1__peptide_log__SFNRGEC(UniMod_4),0.0,0.0
lag1__peptide_log__SGEATDGARPQALPEPMQESK,0.0,0.0
lag1__peptide_log__SGELEQEEER,0.0,0.0
peptide_mean__P39060,0.0,0.0
lag1__peptide_log__NFPPSQDASGDLYTTSSQLTLPATQC(UniMod_4)PDGK,0.0,0.0
peptide_mean__Q9NYU2,0.0,0.0
peptide_mean__Q9UBR2,0.0,0.0
peptide_mean__Q9UNU6,0.0,0.0
lag1__peptide_log__LGADMEDVC(UniMod_4)GR,0.0,0.0
lag1__peptide_log__LGPLVEQGR,0.0,0.0
lag1__peptide_log__SC(UniMod_4)SPELQQK,0.0,0.0
peptide_mean__P08253,0.0,0.0
peptide_mean__P08294,0.0,0.0
peptide_mean__P08637,0.0,0.0
peptide_mean__P09486,0.0,0.0
peptide_mean__P36955,0.0,0.0
lag1__peptide_log__MTVTDQVNC(UniMod_4)PK,0.0,0.0
rollmean2__peptide_count__O14791,0.0,0.0
rollmean2__peptide_count__O60888,0.0,0.0
rollmean2__peptide_count__O75326,0.0,0.0
rollmean2__peptide_count__P00441,0.0,0.0
rollmean2__peptide_std__Q9NQ79,0.0,0.0
rollmean2__peptide_std__Q9UBX5,0.0,0.0
rollmean2__peptide_count__P04433,0.0,0.0
rollmean2__peptide_count__P05060,0.0,0.0
rollmean2__peptide_count__P02774,0.0,0.0
rollmean2__peptide_count__P02787,0.0,0.0
missing__protein_npx__P01860,0.0,0.0
peptide_mean__P10645,0.0,0.0
rollmean2__peptide_count__P04075,0.0,0.0
rollmean2__peptide_count__P04156,0.0,0.0
rollmean2__peptide_count__P01344,0.0,0.0
rollmean2__peptide_count__P01591,0.0,0.0
rollmean2__peptide_count__P01594,0.0,0.0
rollmean2__peptide_count__P04211,0.0,0.0
rollmean2__peptide_count__P04216,0.0,0.0
rollmean2__peptide_count__P04217,0.0,0.0
rollmean2__peptide_count__P04275,0.0,0.0
rollmean2__peptide_count__P04406,0.0,0.0
rollmean2__peptide_count__P01833,0.0,0.0
rollmean2__peptide_count__P01857,0.0,0.0
rollmean2__peptide_count__P04004,0.0,0.0
peptide_mean__P13521,0.0,0.0
rollmean2__peptide_count__P00734,0.0,0.0
peptide_mean__P13987,0.0,0.0
peptide_mean__P14618,0.0,0.0
peptide_mean__P19021,0.0,0.0
peptide_mean__P23142,0.0,0.0
peptide_mean__P05090,0.0,0.0
rollmean2__peptide_std__P30086,0.0,0.0
peptide_mean__P06454,0.0,0.0
peptide_mean__P07333,0.0,0.0
rollmean2__peptide_count__P02747,0.0,0.0
rollmean2__peptide_count__O14773,0.0,0.0
peptide_mean__P02747,0.0,0.0
peptide_mean__P02760,0.0,0.0
rollmean2__peptide_count__P01860,0.0,0.0
rollmean2__peptide_count__P01861,0.0,0.0
rollmean2__peptide_count__P01876,0.0,0.0
rollmean2__peptide_std__Q14515,0.0,0.0
rollmean2__peptide_count__P02656,0.0,0.0
rollmean2__peptide_count__P02679,0.0,0.0
rollmean2__peptide_count__O00391,0.0,0.0
rollmean2__peptide_count__O00533,0.0,0.0
rollmean2__peptide_count__O00584,0.0,0.0
rollmean2__peptide_count__O14498,0.0,0.0
rollmean2__peptide_count__P02748,0.0,0.0
missing__peptide_count__P01780,0.0,0.0
missing__peptide_count__P01834,0.0,0.0
missing__peptide_count__P01857,0.0,0.0
missing__peptide_count__P01859,0.0,0.0
missing__peptide_count__P01860,0.0,0.0
missing__peptide_count__P01861,0.0,0.0
missing__peptide_count__P01876,0.0,0.0
missing__peptide_count__P01877,0.0,0.0
missing__peptide_count__P02452,0.0,0.0
missing__peptide_count__P02647,0.0,0.0
missing__peptide_count__P02649,0.0,0.0
missing__peptide_count__P02652,0.0,0.0
missing__protein_npx__P18065,0.0,0.0
missing__peptide_count__P02656,0.0,0.0
missing__peptide_count__P02671,0.0,0.0
missing__peptide_count__P02675,0.0,0.0
missing__peptide_count__P02679,0.0,0.0
missing__peptide_count__P02747,0.0,0.0
missing__peptide_count__P02748,0.0,0.0
missing__peptide_count__P02749,0.0,0.0
missing__peptide_count__P02750,0.0,0.0
missing__peptide_count__P02751,0.0,0.0
missing__peptide_count__P02753,0.0,0.0
missing__peptide_count__P02760,0.0,0.0
missing__peptide_std__Q9UBX5,0.0,0.0
missing__peptide_std__Q9UHG2,0.0,0.0
missing__peptide_count__P02655,0.0,0.0
missing__peptide_count__O75144,0.0,0.0
missing__peptide_count__O75326,0.0,0.0
missing__peptide_count__O94919,0.0,0.0
missing__peptide_count__P00441,0.0,0.0
missing__peptide_count__P00450,0.0,0.0
missing__peptide_count__P00734,0.0,0.0
missing__peptide_count__P00736,0.0,0.0
missing__peptide_count__P00738,0.0,0.0
missing__peptide_count__P00746,0.0,0.0
missing__peptide_count__P00747,0.0,0.0
missing__peptide_count__P00748,0.0,0.0
missing__peptide_count__P00751,0.0,0.0
missing__peptide_std__P41222,0.0,0.0
missing__peptide_count__P01009,0.0,0.0
missing__peptide_count__P01011,0.0,0.0
missing__peptide_count__P01019,0.0,0.0
missing__peptide_count__P01023,0.0,0.0
missing__peptide_count__P01024,0.0,0.0
missing__peptide_count__P01031,0.0,0.0
missing__peptide_count__P01033,0.0,0.0
missing__peptide_std__P24592,0.0,0.0
missing__peptide_std__P25311,0.0,0.0
missing__peptide_std__P27169,0.0,0.0
missing__peptide_std__P36222,0.0,0.0
missing__peptide_std__P36955,0.0,0.0
missing__peptide_std__P39060,0.0,0.0
missing__peptide_count__P01008,0.0,0.0
missing__peptide_count__P06681,0.0,0.0
missing__peptide_count__P01034,0.0,0.0
missing__peptide_count__P01042,0.0,0.0
missing__peptide_count__P01344,0.0,0.0
missing__peptide_count__P01591,0.0,0.0
missing__peptide_count__P01621,0.0,0.0
missing__peptide_count__P01717,0.0,0.0
missing__peptide_count__P08133,0.0,0.0
missing__peptide_count__P08253,0.0,0.0
missing__peptide_count__P08294,0.0,0.0
missing__peptide_count__P08493,0.0,0.0
missing__peptide_count__P08571,0.0,0.0
missing__peptide_count__O00391,0.0,0.0
missing__peptide_count__P08637,0.0,0.0
missing__peptide_count__P06727,0.0,0.0
missing__peptide_count__P09104,0.0,0.0
missing__peptide_count__P09486,0.0,0.0
missing__peptide_count__P09871,0.0,0.0
missing__peptide_count__P10451,0.0,0.0
missing__peptide_count__P10643,0.0,0.0
missing__peptide_count__P10645,0.0,0.0
missing__peptide_count__P10909,0.0,0.0
missing__peptide_count__P07998,0.0,0.0
missing__peptide_count__P11277,0.0,0.0
missing__peptide_count__P12109,0.0,0.0
missing__peptide_count__P13473,0.0,0.0
missing__peptide_count__P08603,0.0,0.0
missing__peptide_count__O00533,0.0,0.0
missing__peptide_count__O00584,0.0,0.0
missing__peptide_count__O14498,0.0,0.0
missing__peptide_count__O14773,0.0,0.0
missing__peptide_count__O14791,0.0,0.0
missing__peptide_count__P04004,0.0,0.0
missing__peptide_count__P04075,0.0,0.0
missing__peptide_count__P04156,0.0,0.0
missing__peptide_count__P04180,0.0,0.0
missing__peptide_count__P04196,0.0,0.0
missing__peptide_count__P04207,0.0,0.0
missing__peptide_count__P04211,0.0,0.0
missing__peptide_count__P04216,0.0,0.0
missing__peptide_count__P06454,0.0,0.0
missing__peptide_count__P04275,0.0,0.0
missing__peptide_count__P04406,0.0,0.0
missing__peptide_count__P04433,0.0,0.0
missing__peptide_count__P05060,0.0,0.0
missing__peptide_count__P05067,0.0,0.0
missing__peptide_count__P05090,0.0,0.0
missing__peptide_count__P05155,0.0,0.0
missing__peptide_count__P05156,0.0,0.0
missing__peptide_count__P05408,0.0,0.0
missing__peptide_count__P05452,0.0,0.0
missing__peptide_count__P05546,0.0,0.0
missing__peptide_count__P06310,0.0,0.0
missing__peptide_count__P06396,0.0,0.0
missing__peptide_count__P04217,0.0,0.0
missing__peptide_std__O94919,0.0,0.0
missing__peptide_std__P04217,0.0,0.0
missing__peptide_std__P04433,0.0,0.0
missing__peptide_std__P05060,0.0,0.0
missing__peptide_std__P05067,0.0,0.0
missing__peptide_std__P05090,0.0,0.0
missing__peptide_std__P05155,0.0,0.0
missing__peptide_std__P00747,0.0,0.0
missing__peptide_std__P00748,0.0,0.0
missing__peptide_mean__Q9Y6R7,0.0,0.0
missing__peptide_std__O00533,0.0,0.0
missing__peptide_std__O00584,0.0,0.0
missing__peptide_count__O60888,0.0,0.0
missing__peptide_std__O15240,0.0,0.0
missing__peptide_std__O15394,0.0,0.0
missing__peptide_std__P16035,0.0,0.0
missing__peptide_std__P08294,0.0,0.0
missing__peptide_std__P08571,0.0,0.0
missing__peptide_std__P08603,0.0,0.0
missing__peptide_std__P08697,0.0,0.0
missing__peptide_std__P09486,0.0,0.0
missing__peptide_std__P09871,0.0,0.0
missing__peptide_std__P20774,0.0,0.0
missing__peptide_std__P23142,0.0,0.0
missing__peptide_std__P10645,0.0,0.0
missing__peptide_std__P10909,0.0,0.0
missing__peptide_std__O14773,0.0,0.0
missing__peptide_std__P01834,0.0,0.0
missing__peptide_std__P01857,0.0,0.0
missing__peptide_std__P01859,0.0,0.0
missing__peptide_std__P01860,0.0,0.0
missing__peptide_mean__Q96BZ4,0.0,0.0
missing__peptide_mean__Q96KN2,0.0,0.0
missing__peptide_mean__Q96PD5,0.0,0.0
missing__peptide_mean__Q6UXB8,0.0,0.0
missing__peptide_mean__Q6UXD5,0.0,0.0
missing__peptide_mean__Q7Z3B1,0.0,0.0
missing__peptide_mean__Q7Z5P9,0.0,0.0
missing__peptide_std__P04180,0.0,0.0
missing__peptide_std__P04196,0.0,0.0
missing__peptide_std__O75144,0.0,0.0
missing__peptide_std__P02750,0.0,0.0
missing__peptide_std__P02751,0.0,0.0
missing__peptide_std__P02753,0.0,0.0
missing__peptide_std__P02760,0.0,0.0
missing__peptide_std__P02763,0.0,0.0
missing__peptide_std__P05156,0.0,0.0
missing__peptide_std__P05452,0.0,0.0
missing__peptide_std__P02768,0.0,0.0
missing__peptide_std__P02774,0.0,0.0
missing__peptide_std__P02787,0.0,0.0
missing__peptide_std__P02790,0.0,0.0
missing__peptide_std__P04004,0.0,0.0
missing__peptide_std__P04075,0.0,0.0
missing__peptide_std__P02749,0.0,0.0
missing__peptide_std__Q08380,0.0,0.0
missing__peptide_std__Q12805,0.0,0.0
missing__peptide_std__Q12841,0.0,0.0
missing__peptide_std__Q13740,0.0,0.0
missing__peptide_std__Q14118,0.0,0.0
missing__peptide_std__Q14515,0.0,0.0
missing__peptide_std__Q14624,0.0,0.0
missing__peptide_std__Q16270,0.0,0.0
missing__peptide_std__Q16610,0.0,0.0
missing__peptide_std__Q6UXB8,0.0,0.0
missing__peptide_std__Q92520,0.0,0.0
missing__peptide_std__Q92823,0.0,0.0
missing__peptide_std__P12109,0.0,0.0
missing__peptide_std__Q96KN2,0.0,0.0
missing__peptide_std__Q96PD5,0.0,0.0
missing__peptide_std__P10643,0.0,0.0
missing__peptide_std__P05546,0.0,0.0
missing__peptide_std__P06396,0.0,0.0
missing__peptide_std__P06727,0.0,0.0
missing__peptide_std__P07225,0.0,0.0
missing__peptide_std__P07339,0.0,0.0
missing__peptide_std__P07602,0.0,0.0
missing__peptide_std__P07998,0.0,0.0
missing__peptide_count__O15240,0.0,0.0
missing__peptide_count__O15394,0.0,0.0
missing__peptide_count__O43505,0.0,0.0
missing__peptide_std__Q92876,0.0,0.0
missing__peptide_std__P13591,0.0,0.0
missing__peptide_std__P13611,0.0,0.0
missing__peptide_std__P13987,0.0,0.0
missing__peptide_std__P02747,0.0,0.0
missing__peptide_std__P02748,0.0,0.0
missing__peptide_std__P16070,0.0,0.0
missing__peptide_std__P16870,0.0,0.0
missing__peptide_std__P17174,0.0,0.0
missing__peptide_std__P18065,0.0,0.0
missing__peptide_std__P19652,0.0,0.0
missing__peptide_std__P19823,0.0,0.0
missing__peptide_std__P02765,0.0,0.0
missing__peptide_std__P02766,0.0,0.0
missing__peptide_std__Q06481,0.0,0.0
missing__peptide_std__P02652,0.0,0.0
missing__peptide_std__P02656,0.0,0.0
missing__peptide_std__P02671,0.0,0.0
missing__peptide_std__P02675,0.0,0.0
missing__peptide_std__P02679,0.0,0.0
missing__peptide_std__P43121,0.0,0.0
missing__peptide_std__P43652,0.0,0.0
missing__peptide_std__P51884,0.0,0.0
missing__peptide_std__P54289,0.0,0.0
missing__peptide_std__P55290,0.0,0.0
missing__peptide_std__P61769,0.0,0.0
missing__peptide_std__P61916,0.0,0.0
missing__peptide_std__P98160,0.0,0.0
missing__peptide_std__P02649,0.0,0.0
missing__peptide_log__ILTC(UniMod_4)M(UniMod_35)QGMEEIR,0.0,0.0
missing__peptide_log__IMNGEADAMSLDGGFVYIAGK,0.0,0.0
missing__peptide_log__KAADDTWEPFASGK,0.0,0.0
missing__peptide_log__KQELSEAEQATR,0.0,0.0
missing__peptide_log__KVEQAVETEPEPELR,0.0,0.0
missing__peptide_log__GC(UniMod_4)PTEEGC(UniMod_4)GER,0.0,0.0
missing__peptide_log__GEVQAMLGQSTEELR,0.0,0.0
missing__peptide_log__LC(UniMod_4)MGSGLNLC(UniMod_4)EPNNKEGYYGYTGAFR,0.0,0.0
missing__peptide_log__LDEVKEQVAEVR,0.0,0.0
missing__peptide_log__VLLDQLR,0.0,0.0
missing__peptide_log__VQAAVGTSAAPVPSDNH,0.0,0.0
missing__peptide_log__VQPYLDDFQKK,0.0,0.0
missing__peptide_count__P13521,0.0,0.0
missing__peptide_log__IHWESASLLR,0.0,0.0
missing__peptide_log__VYC(UniMod_4)DMNTENGGWTVIQNR,0.0,0.0
missing__peptide_log__WELALGR,0.0,0.0
missing__peptide_log__YIVSGTPTFVPYLIK,0.0,0.0
missing__peptide_log__YVM(UniMod_35)LPVADQDQC(UniMod_4)IR,0.0,0.0
missing__peptide_log__YVMLPVADQDQC(UniMod_4)IR,0.0,0.0
missing__peptide_log__YYWGGQYTWDMAK,0.0,0.0
missing__peptide_feature_count,0.0,0.0
missing__peptide_log__LAVYQAGAR,0.0,0.0
missing__peptide_log__AATGEC(UniMod_4)TATVGKR,0.0,0.0
missing__peptide_log__ADDKETC(UniMod_4)FAEEGK,0.0,0.0
missing__peptide_log__AEAQEAEDQQAR,0.0,0.0
missing__peptide_log__AKLEEQAQQIR,0.0,0.0
missing__peptide_log__VTLTC(UniMod_4)VAPLSGVDFQLR,0.0,0.0
missing__peptide_log__C(UniMod_4)C(UniMod_4)VEC(UniMod_4)PPC(UniMod_4)PAPPVAGPSVFLFPPKPK,0.0,0.0
missing__peptide_log__C(UniMod_4)DSSPDSAEDVRK,0.0,0.0
missing__peptide_log__C(UniMod_4)IIEVLSNALSK,0.0,0.0
missing__peptide_count__Q9Y6R7,0.0,0.0
missing__peptide_log__C(UniMod_4)RDQLPYIC(UniMod_4)QFGIV,0.0,0.0
missing__peptide_log__C(UniMod_4)SYTEDAQC(UniMod_4)IDGTIEVPK,0.0,0.0
missing__peptide_log__C(UniMod_4)TSTGWIPAPR,0.0,0.0
missing__peptide_log__C(UniMod_4)VDVDEC(UniMod_4)APPAEPC(UniMod_4)GK,0.0,0.0
missing__peptide_log__DASGVTFTWTPSSGK,0.0,0.0
missing__peptide_log__DLATVYVDVLK,0.0,0.0
missing__peptide_log__ATVNPSAPR,0.0,0.0
missing__peptide_log__DSGFQM(UniMod_35)NQLR,0.0,0.0
missing__peptide_log__ILLQGTPVAQMTEDAVDAER,0.0,0.0
missing__peptide_log__ELSSFIDKGQELC(UniMod_4)ADYSENTFTEYK,0.0,0.0
missing__peptide_log__FLATTPNSLLVSWQPPR,0.0,0.0
missing__peptide_log__FM(UniMod_35)ETVAEK,0.0,0.0
missing__peptide_log__FNKPFVFLM(UniMod_35)IEQNTK,0.0,0.0
missing__peptide_log__C(UniMod_4)KPVNTFVHEPLVDVQNVC(UniMod_4)FQEK,0.0,0.0
missing__peptide_count__Q6UX71,0.0,0.0
missing__peptide_count__Q6UXB8,0.0,0.0
missing__peptide_count__Q7Z3B1,0.0,0.0
missing__peptide_count__Q7Z5P9,0.0,0.0
missing__peptide_count__Q8IWV7,0.0,0.0
missing__peptide_count__Q8N2S1,0.0,0.0
missing__peptide_count__Q8NBJ4,0.0,0.0
missing__peptide_log__DSGEGDFLAEGGGVR,0.0,0.0
missing__peptide_log__ELDESLQVAER,0.0,0.0
missing__peptide_log__TVVQPSVGAAAGPVVPPC(UniMod_4)PGR,0.0,0.0
missing__peptide_log__VC(UniMod_4)PFAGILENGAVR,0.0,0.0
protein_npx__P01008,0.0,0.0
lag1__peptide_log__DLATVYVDVLK,0.0,0.0
lag1__peptide_log__DSGEGDFLAEGGGVR,0.0,0.0
lag1__peptide_log__DSGFQM(UniMod_35)NQLR,0.0,0.0
lag1__peptide_log__EDSLEAGLPLQVR,0.0,0.0
missing__peptide_log__RGYQLSDVDGVTC(UniMod_4)EDIDEC(UniMod_4)ALPTGGHIC(UniMod_4)SYR,0.0,0.0
missing__peptide_log__RLEGQEEEEDNRDSSMK,0.0,0.0
lag1__peptide_log__AKLEEQAQQIR,0.0,0.0
missing__peptide_log__VDNALQSGNSQESVTEQDSKDSTYSLSSTLTLSK,0.0,0.0
lag1__peptide_log__FM(UniMod_35)ETVAEK,0.0,0.0
missing__peptide_log__ALGISPFHEHAEVVFTANDSGPR,0.0,0.0
lag1__peptide_log__GEVQAMLGQSTEELRVR,0.0,0.0
lag1__peptide_log__C(UniMod_4)SYTEDAQC(UniMod_4)IDGTIEVPK,0.0,0.0
lag1__peptide_log__C(UniMod_4)VDVDEC(UniMod_4)APPAEPC(UniMod_4)GK,0.0,0.0
lag1__peptide_log__HYEGSTVPEK,0.0,0.0
lag1__peptide_log__HYTNPSQDVTVPC(UniMod_4)PVPPPPPC(UniMod_4)C(UniMod_4)HPR,0.0,0.0
lag1__peptide_log__ILLQGTPVAQMTEDAVDAER,0.0,0.0
lag1__peptide_log__KFPSGTFEQVSQLVK,0.0,0.0
lag1__peptide_log__EILSVDC(UniMod_4)STNNPSQAK,0.0,0.0
missing__peptide_log__GEVQAMLGQSTEELRVR,0.0,0.0
missing__peptide_log__GSPAINVAVHVFRK,0.0,0.0
protein_npx__O94919,0.0,0.0
protein_npx__O00391,0.0,0.0
lag1__peptide_log__HGGLYHENMR,0.0,0.0
lag1__peptide_log__FNKPFVFLM(UniMod_35)IEQNTK,0.0,0.0
missing__peptide_log__ANRPFLVFIR,0.0,0.0
missing__peptide_log__VTSIQDWVQK,0.0,0.0
missing__peptide_log__SLAAAAGKQELAK,0.0,0.0
missing__peptide_log__SLAELGGHLDQQVEEFRR,0.0,0.0
missing__peptide_log__SPVGVQPILNEHTFC(UniMod_4)AGMSK,0.0,0.0
missing__peptide_log__SSQGGSLPSEEK,0.0,0.0
missing__peptide_log__SWFEPLVEDM(UniMod_35)QR,0.0,0.0
missing__peptide_log__TDASDVKPC(UniMod_4),0.0,0.0
missing__peptide_log__TEGDGVYTLNNEK,0.0,0.0
missing__peptide_log__LVGGPM(UniMod_35)DASVEEEGVRR,0.0,0.0
missing__peptide_log__TKEEYGHSEVVEYYC(UniMod_4)NPR,0.0,0.0
missing__peptide_log__TLLSNLEEAKK,0.0,0.0
missing__peptide_log__TPLGDTTHTC(UniMod_4)PR,0.0,0.0
missing__peptide_log__TTPPVLDSDGSFFLYSR,0.0,0.0
missing__peptide_log__TQVNTQAEQLRR,0.0,0.0
missing__peptide_log__TSAHGNVAEGETKPDPDVTER,0.0,0.0
protein_npx__O00533,0.0,0.0
missing__peptide_log__VDSGNDVTDIADDGC(UniMod_4)PKPPEIAHGYVEHSVR,0.0,0.0
missing__peptide_log__VGYVSGWGR,0.0,0.0
protein_npx__O14498,0.0,0.0
protein_npx__O15394,0.0,0.0
protein_npx__O75326,0.0,0.0
missing__current_medication_on,0.0,0.0
missing__current_medication_unknown,0.0,0.0
missing__visit_index,0.0,0.0
protein_npx__P01877,0.0,0.0
missing__peptide_log__TTPPVLDSDGSFFLYSK,0.0,0.0
missing__peptide_log__TPVSDRVTK,0.0,0.0
missing__peptide_count__P35542,0.0,0.0
missing__peptide_count__P36222,0.0,0.0
missing__peptide_count__P36955,0.0,0.0
missing__peptide_count__P36980,0.0,0.0
missing__peptide_count__P39060,0.0,0.0
missing__peptide_count__P40925,0.0,0.0
missing__peptide_count__P41222,0.0,0.0
missing__peptide_count__P20933,0.0,0.0
missing__peptide_count__P07195,0.0,0.0
missing__peptide_count__P07225,0.0,0.0
missing__peptide_count__P07333,0.0,0.0
missing__peptide_count__P07339,0.0,0.0
missing__peptide_log__AYQGVAAPFPK,0.0,0.0
missing__peptide_count__P07711,0.0,0.0
missing__peptide_count__P07858,0.0,0.0
missing__peptide_count__P32754,0.0,0.0
missing__peptide_count__P61278,0.0,0.0
missing__peptide_count__P61626,0.0,0.0
missing__peptide_count__P61769,0.0,0.0
missing__peptide_count__P61916,0.0,0.0
missing__peptide_count__P80748,0.0,0.0
missing__peptide_count__P98160,0.0,0.0
missing__peptide_count__Q06481,0.0,0.0
missing__peptide_count__P43121,0.0,0.0
missing__peptide_count__Q12805,0.0,0.0
missing__peptide_count__Q12841,0.0,0.0
missing__peptide_count__P07602,0.0,0.0
missing__peptide_count__P13591,0.0,0.0
missing__peptide_count__P13611,0.0,0.0
missing__peptide_count__P13671,0.0,0.0
missing__peptide_count__P08697,0.0,0.0
missing__peptide_count__P02763,0.0,0.0
missing__peptide_count__P02765,0.0,0.0
missing__peptide_count__P02766,0.0,0.0
missing__peptide_count__P02768,0.0,0.0
missing__peptide_count__P02774,0.0,0.0
missing__peptide_count__P02787,0.0,0.0
missing__peptide_count__P02790,0.0,0.0
missing__peptide_count__P11142,0.0,0.0
missing__peptide_count__P17936,0.0,0.0
missing__peptide_count__P17174,0.0,0.0
missing__peptide_count__P19021,0.0,0.0
missing__peptide_count__P19652,0.0,0.0
missing__peptide_count__P19823,0.0,0.0
missing__peptide_count__P19827,0.0,0.0
missing__peptide_count__P20774,0.0,0.0
missing__peptide_count__P13987,0.0,0.0
missing__peptide_count__P23083,0.0,0.0
missing__peptide_count__P23142,0.0,0.0
missing__peptide_count__P24592,0.0,0.0
missing__peptide_count__P25311,0.0,0.0
missing__peptide_count__P27169,0.0,0.0
missing__peptide_count__P30086,0.0,0.0
missing__peptide_count__P31997,0.0,0.0
missing__peptide_count__P18065,0.0,0.0
missing__peptide_count__Q99674,0.0,0.0
missing__peptide_count__Q99683,0.0,0.0
missing__peptide_count__Q99829,0.0,0.0
missing__peptide_count__Q99832,0.0,0.0
missing__peptide_count__Q99969,0.0,0.0
missing__peptide_count__Q9BY67,0.0,0.0
missing__peptide_count__Q9HDC9,0.0,0.0
missing__peptide_count__Q8NE71,0.0,0.0
missing__peptide_count__Q9NYU2,0.0,0.0
missing__peptide_count__Q9UBR2,0.0,0.0
missing__peptide_count__Q9UBX5,0.0,0.0
missing__peptide_count__Q9UHG2,0.0,0.0
missing__peptide_count__Q12907,0.0,0.0
missing__peptide_count__Q9UNU6,0.0,0.0
missing__peptide_count__Q9Y646,0.0,0.0
missing__peptide_count__Q99435,0.0,0.0
missing__peptide_count__P43251,0.0,0.0
missing__peptide_count__P43652,0.0,0.0
missing__peptide_count__P49588,0.0,0.0
missing__peptide_count__P49908,0.0,0.0
missing__peptide_count__P51884,0.0,0.0
missing__peptide_count__P54289,0.0,0.0
missing__peptide_count__P55290,0.0,0.0
missing__peptide_count__Q9NQ79,0.0,0.0
missing__peptide_log__AVGDKLPEC(UniMod_4)EADDGC(UniMod_4)PKPPEIAHGYVEHSVR,0.0,0.0
missing__peptide_log__AYKSELEEQLTPVAEETR,0.0,0.0
missing__peptide_count__Q9UKV8,0.0,0.0
missing__peptide_count__Q13283,0.0,0.0
missing__peptide_count__Q13332,0.0,0.0
missing__peptide_count__Q13449,0.0,0.0
missing__peptide_count__Q13451,0.0,0.0
missing__peptide_count__P60174,0.0,0.0
missing__peptide_count__Q14118,0.0,0.0
missing__peptide_count__Q14508,0.0,0.0
missing__peptide_count__Q14515,0.0,0.0
missing__peptide_count__Q14624,0.0,0.0
missing__peptide_count__Q15904,0.0,0.0
missing__peptide_count__Q16270,0.0,0.0
missing__peptide_count__Q16610,0.0,0.0
missing__peptide_count__Q08380,0.0,0.0
missing__peptide_count__Q562R1,0.0,0.0
missing__peptide_count__P14314,0.0,0.0
missing__peptide_count__P14618,0.0,0.0
missing__peptide_count__P16035,0.0,0.0
missing__peptide_count__P16070,0.0,0.0
missing__peptide_count__P16152,0.0,0.0
missing__peptide_count__P16870,0.0,0.0
missing__peptide_count__Q92520,0.0,0.0
missing__peptide_count__Q92823,0.0,0.0
missing__peptide_count__Q92876,0.0,0.0
missing__peptide_count__Q96BZ4,0.0,0.0
missing__peptide_count__Q96KN2,0.0,0.0
missing__peptide_count__Q96PD5,0.0,0.0
missing__peptide_count__Q96S96,0.0,0.0
missing__peptide_count__P14174,0.0,0.0
missing__protein_npx__P13671,0.0,0.0
missing__protein_npx__P13987,0.0,0.0
missing__protein_npx__P09104,0.0,0.0
missing__protein_npx__P09486,0.0,0.0
missing__protein_npx__Q13451,0.0,0.0
missing__protein_npx__Q14118,0.0,0.0
missing__protein_npx__Q14508,0.0,0.0
missing__protein_npx__Q14515,0.0,0.0
missing__protein_npx__P61916,0.0,0.0
missing__protein_npx__P80748,0.0,0.0
missing__protein_npx__P98160,0.0,0.0
missing__protein_npx__Q02818,0.0,0.0
missing__peptide_std__P01042,0.0,0.0
missing__protein_npx__Q6UXB8,0.0,0.0
missing__protein_npx__Q6UXD5,0.0,0.0
missing__protein_npx__Q7Z3B1,0.0,0.0
missing__protein_npx__Q12907,0.0,0.0
missing__protein_npx__Q13283,0.0,0.0
missing__protein_npx__Q13332,0.0,0.0
missing__protein_npx__Q13449,0.0,0.0
protein_npx__P05155,0.0,0.0
protein_npx__P05408,0.0,0.0
protein_npx__P06310,0.0,0.0
missing__protein_npx__Q14624,0.0,0.0
missing__protein_npx__Q15904,0.0,0.0
missing__protein_npx__Q16270,0.0,0.0
missing__protein_npx__Q562R1,0.0,0.0
missing__protein_npx__P30086,0.0,0.0
missing__protein_npx__P31997,0.0,0.0
missing__protein_npx__P32754,0.0,0.0
missing__protein_npx__P35542,0.0,0.0
missing__protein_npx__P36222,0.0,0.0
missing__protein_npx__P19652,0.0,0.0
missing__protein_npx__P19823,0.0,0.0
missing__protein_npx__P39060,0.0,0.0
missing__protein_npx__P41222,0.0,0.0
missing__protein_npx__P43121,0.0,0.0
missing__protein_npx__P43251,0.0,0.0
missing__protein_npx__P43652,0.0,0.0
missing__protein_npx__P13611,0.0,0.0
missing__protein_npx__P24592,0.0,0.0
missing__protein_npx__P25311,0.0,0.0
missing__protein_npx__P09871,0.0,0.0
missing__protein_npx__P10451,0.0,0.0
missing__protein_npx__P10643,0.0,0.0
missing__protein_npx__P10645,0.0,0.0
missing__protein_npx__P10909,0.0,0.0
missing__protein_npx__P11142,0.0,0.0
missing__protein_npx__P36955,0.0,0.0
missing__protein_npx__P36980,0.0,0.0
missing__protein_npx__P13473,0.0,0.0
missing__protein_npx__P13521,0.0,0.0
missing__protein_npx__P13591,0.0,0.0
missing__protein_npx__P49588,0.0,0.0
missing__protein_npx__Q9Y646,0.0,0.0
missing__protein_npx__Q06481,0.0,0.0
missing__protein_npx__Q08380,0.0,0.0
missing__protein_npx__Q12805,0.0,0.0
missing__protein_npx__Q12841,0.0,0.0
missing__protein_npx__P49908,0.0,0.0
missing__protein_npx__P51884,0.0,0.0
missing__protein_npx__P54289,0.0,0.0
missing__protein_npx__P55290,0.0,0.0
missing__peptide_mean__P00734,0.0,0.0
missing__peptide_mean__P00736,0.0,0.0
missing__peptide_mean__P00738,0.0,0.0
missing__protein_npx__Q16610,0.0,0.0
missing__peptide_mean__O14498,0.0,0.0
missing__peptide_mean__O14773,0.0,0.0
missing__peptide_mean__O14791,0.0,0.0
missing__peptide_mean__O15240,0.0,0.0
missing__peptide_mean__P01009,0.0,0.0
missing__peptide_mean__P01011,0.0,0.0
missing__peptide_mean__P01019,0.0,0.0
missing__peptide_mean__P01023,0.0,0.0
missing__peptide_mean__O75326,0.0,0.0
missing__peptide_mean__O94919,0.0,0.0
missing__peptide_mean__P00441,0.0,0.0
missing__peptide_mean__P00450,0.0,0.0
missing__protein_npx__Q8NE71,0.0,0.0
missing__peptide_mean__P00746,0.0,0.0
missing__protein_npx__P19827,0.0,0.0
missing__protein_npx__P20774,0.0,0.0
missing__protein_npx__P20933,0.0,0.0
missing__protein_npx__P23083,0.0,0.0
missing__protein_npx__P23142,0.0,0.0
protein_npx__P05067,0.0,0.0
missing__protein_npx__Q9NQ79,0.0,0.0
missing__protein_npx__Q9NYU2,0.0,0.0
missing__protein_npx__Q9UBR2,0.0,0.0
missing__protein_npx__Q9UBX5,0.0,0.0
missing__protein_npx__Q96BZ4,0.0,0.0
missing__protein_npx__Q96KN2,0.0,0.0
missing__protein_npx__Q96PD5,0.0,0.0
missing__protein_npx__Q9UNU6,0.0,0.0
missing__protein_feature_count,0.0,0.0
missing__protein_missing_fraction,0.0,0.0
missing__peptide_abundance_mean,0.0,0.0
missing__protein_npx__Q99832,0.0,0.0
missing__protein_npx__Q99969,0.0,0.0
missing__protein_npx__Q9BY67,0.0,0.0
missing__protein_npx__Q9HDC9,0.0,0.0
missing__protein_npx__P60174,0.0,0.0
missing__protein_npx__P61278,0.0,0.0
missing__protein_npx__P61626,0.0,0.0
missing__protein_npx__P61769,0.0,0.0
missing__protein_npx__Q9UHG2,0.0,0.0
missing__protein_npx__Q9UKV8,0.0,0.0
missing__protein_npx__Q9Y6R7,0.0,0.0
missing__protein_npx__P04180,0.0,0.0
missing__protein_npx__P04196,0.0,0.0
missing__protein_npx__P04207,0.0,0.0
missing__protein_npx__P04211,0.0,0.0
missing__protein_npx__P04216,0.0,0.0
missing__protein_npx__P04217,0.0,0.0
missing__protein_npx__P00734,0.0,0.0
missing__protein_npx__P00736,0.0,0.0
missing__protein_npx__P00738,0.0,0.0
missing__protein_npx__P00746,0.0,0.0
missing__protein_npx__P00747,0.0,0.0
missing__protein_npx__P00748,0.0,0.0
missing__protein_npx__P27169,0.0,0.0
missing__protein_npx__P01008,0.0,0.0
missing__protein_npx__P01009,0.0,0.0
missing__protein_npx__P01011,0.0,0.0
missing__protein_npx__P01019,0.0,0.0
missing__protein_npx__P01023,0.0,0.0
missing__protein_npx__P01024,0.0,0.0
missing__protein_npx__P01031,0.0,0.0
missing__protein_npx__P01033,0.0,0.0
missing__protein_npx__P01034,0.0,0.0
missing__protein_npx__P07195,0.0,0.0
missing__protein_npx__P07225,0.0,0.0
missing__protein_npx__P07333,0.0,0.0
missing__protein_npx__P07339,0.0,0.0
missing__protein_npx__P00751,0.0,0.0
missing__protein_npx__P01861,0.0,0.0
missing__protein_npx__P01876,0.0,0.0
missing__protein_npx__P01877,0.0,0.0
missing__protein_npx__P02452,0.0,0.0
rollmean2__current_medication_unknown,0.0,0.0
rollmean2__months_since_prev_visit,0.0,0.0
protein_npx__P10645,0.0,0.0
protein_npx__P13473,0.0,0.0
protein_npx__P13521,0.0,0.0
protein_npx__P13591,0.0,0.0
missing__protein_npx__O00584,0.0,0.0
missing__protein_npx__O14498,0.0,0.0
missing__protein_npx__O14773,0.0,0.0
missing__protein_npx__P04156,0.0,0.0
missing__protein_npx__O15240,0.0,0.0
rollmean2__peptide_log__VTSIQDWVQK,0.0,0.0
rollmean2__peptide_log__YVM(UniMod_35)LPVADQDQC(UniMod_4)IR,0.0,0.0
rollmean2__current_medication_on,0.0,0.0
missing__protein_npx__P02765,0.0,0.0
missing__protein_npx__P02766,0.0,0.0
missing__protein_npx__P02768,0.0,0.0
missing__protein_npx__P02774,0.0,0.0
missing__protein_npx__P02787,0.0,0.0
missing__protein_npx__P02790,0.0,0.0
missing__protein_npx__P02792,0.0,0.0
missing__protein_npx__P04004,0.0,0.0
missing__protein_npx__P04075,0.0,0.0
missing__protein_npx__O14791,0.0,0.0
missing__protein_npx__P16035,0.0,0.0
missing__protein_npx__P16070,0.0,0.0
missing__protein_npx__P16152,0.0,0.0
missing__protein_npx__P16870,0.0,0.0
missing__protein_npx__P17174,0.0,0.0
missing__protein_npx__P11277,0.0,0.0
missing__protein_npx__P12109,0.0,0.0
peptide_count__P16152,0.0,0.0
protein_npx__P02792,0.0,0.0
protein_npx__P04156,0.0,0.0
missing__protein_npx__P14174,0.0,0.0
missing__protein_npx__P14314,0.0,0.0
missing__protein_npx__P07602,0.0,0.0
missing__protein_npx__P04433,0.0,0.0
missing__protein_npx__P05060,0.0,0.0
missing__protein_npx__P05067,0.0,0.0
missing__protein_npx__P05090,0.0,0.0
missing__protein_npx__P05155,0.0,0.0
missing__protein_npx__P05156,0.0,0.0
missing__protein_npx__P05408,0.0,0.0
missing__protein_npx__P05452,0.0,0.0
missing__protein_npx__P06310,0.0,0.0
missing__protein_npx__P06396,0.0,0.0
missing__protein_npx__P06454,0.0,0.0
missing__protein_npx__P06681,0.0,0.0
missing__protein_npx__P06727,0.0,0.0
missing__protein_npx__P04275,0.0,0.0
missing__protein_npx__P07858,0.0,0.0
missing__protein_npx__P07998,0.0,0.0
missing__protein_npx__P08123,0.0,0.0
missing__protein_npx__P08133,0.0,0.0
missing__protein_npx__P08253,0.0,0.0
missing__protein_npx__P08294,0.0,0.0
missing__protein_npx__P08493,0.0,0.0
missing__protein_npx__P08571,0.0,0.0
missing__protein_npx__P08603,0.0,0.0
missing__protein_npx__P08637,0.0,0.0
missing__protein_npx__P08697,0.0,0.0
missing__protein_npx__P02647,0.0,0.0
missing__protein_npx__P02649,0.0,0.0
missing__protein_npx__P14618,0.0,0.0
missing__protein_npx__P02655,0.0,0.0
missing__protein_npx__P02656,0.0,0.0
missing__protein_npx__P02671,0.0,0.0
missing__protein_npx__P02675,0.0,0.0
missing__protein_npx__P02679,0.0,0.0
missing__protein_npx__P02747,0.0,0.0
missing__protein_npx__P02748,0.0,0.0
missing__protein_npx__P02749,0.0,0.0
missing__protein_npx__P02750,0.0,0.0
missing__protein_npx__P02751,0.0,0.0
missing__protein_npx__P02753,0.0,0.0
missing__protein_npx__P02760,0.0,0.0
missing__protein_npx__P02763,0.0,0.0
missing__protein_npx__P02652,0.0,0.0
missing__peptide_mean__P06727,0.0,0.0
missing__peptide_mean__P07195,0.0,0.0
missing__peptide_mean__Q12907,0.0,0.0
missing__peptide_mean__Q13283,0.0,0.0
missing__peptide_mean__Q13332,0.0,0.0
missing__peptide_mean__Q13449,0.0,0.0
missing__peptide_mean__P60174,0.0,0.0
missing__peptide_mean__P61278,0.0,0.0
missing__peptide_mean__P61626,0.0,0.0
missing__peptide_mean__P61769,0.0,0.0
missing__peptide_mean__Q14624,0.0,0.0
missing__peptide_mean__Q15904,0.0,0.0
missing__protein_npx__Q92520,0.0,0.0
missing__peptide_mean__Q16610,0.0,0.0
missing__peptide_mean__Q06481,0.0,0.0
missing__peptide_mean__Q08380,0.0,0.0
missing__peptide_mean__Q12805,0.0,0.0
missing__peptide_mean__Q12841,0.0,0.0
missing__peptide_mean__P14314,0.0,0.0
missing__peptide_mean__P14618,0.0,0.0
missing__peptide_mean__P16035,0.0,0.0
missing__peptide_mean__P16070,0.0,0.0
missing__peptide_mean__Q13451,0.0,0.0
missing__peptide_mean__Q14118,0.0,0.0
missing__peptide_mean__Q14508,0.0,0.0
missing__peptide_mean__Q14515,0.0,0.0
missing__peptide_mean__Q16270,0.0,0.0
missing__peptide_mean__P24592,0.0,0.0
missing__peptide_mean__P25311,0.0,0.0
missing__peptide_mean__P27169,0.0,0.0
missing__peptide_mean__P30086,0.0,0.0
missing__peptide_mean__P16152,0.0,0.0
missing__peptide_mean__P16870,0.0,0.0
missing__peptide_mean__P17936,0.0,0.0
missing__peptide_mean__P36955,0.0,0.0
missing__peptide_mean__P36980,0.0,0.0
missing__peptide_mean__P39060,0.0,0.0
missing__peptide_mean__P41222,0.0,0.0
missing__peptide_mean__P19827,0.0,0.0
missing__peptide_mean__P20774,0.0,0.0
missing__peptide_mean__P06681,0.0,0.0
missing__peptide_mean__P23142,0.0,0.0
missing__peptide_mean__P07225,0.0,0.0
missing__peptide_mean__P07333,0.0,0.0
missing__peptide_mean__P07339,0.0,0.0
missing__peptide_mean__P07602,0.0,0.0
missing__peptide_mean__P31997,0.0,0.0
missing__peptide_mean__P32754,0.0,0.0
missing__peptide_mean__P35542,0.0,0.0
missing__peptide_mean__P36222,0.0,0.0
missing__peptide_mean__P08253,0.0,0.0
missing__peptide_mean__P08294,0.0,0.0
missing__peptide_mean__P08493,0.0,0.0
missing__peptide_mean__P06454,0.0,0.0
missing__peptide_mean__P20933,0.0,0.0
missing__peptide_mean__P61916,0.0,0.0
missing__peptide_mean__P80748,0.0,0.0
missing__peptide_mean__P98160,0.0,0.0
missing__peptide_mean__P43121,0.0,0.0
missing__peptide_mean__P43251,0.0,0.0
missing__peptide_mean__P43652,0.0,0.0
missing__peptide_mean__P49588,0.0,0.0
missing__peptide_std__P01024,0.0,0.0
missing__peptide_std__P01034,0.0,0.0
missing__peptide_std__P00441,0.0,0.0
missing__peptide_std__P00450,0.0,0.0
missing__peptide_std__P00734,0.0,0.0
missing__peptide_mean__P18065,0.0,0.0
missing__peptide_std__P00738,0.0,0.0
missing__peptide_std__P00746,0.0,0.0
missing__peptide_std__P01876,0.0,0.0
missing__peptide_std__P02647,0.0,0.0
missing__peptide_std__P00751,0.0,0.0
missing__peptide_std__P01008,0.0,0.0
missing__peptide_std__P01009,0.0,0.0
missing__peptide_std__P01011,0.0,0.0
missing__peptide_std__P01019,0.0,0.0
missing__peptide_std__P01023,0.0,0.0
missing__peptide_mean__Q8IWV7,0.0,0.0
missing__peptide_mean__Q8N2S1,0.0,0.0
missing__peptide_mean__Q8NBJ4,0.0,0.0
missing__peptide_std__P00736,0.0,0.0
missing__peptide_mean__P19652,0.0,0.0
missing__peptide_mean__P19823,0.0,0.0
missing__peptide_mean__P13591,0.0,0.0
missing__peptide_mean__P13611,0.0,0.0
missing__peptide_mean__P13987,0.0,0.0
missing__peptide_mean__P14174,0.0,0.0
missing__peptide_mean__Q99969,0.0,0.0
missing__peptide_mean__Q9BY67,0.0,0.0
missing__peptide_mean__Q9HDC9,0.0,0.0
missing__peptide_mean__Q8NE71,0.0,0.0
missing__peptide_mean__Q92520,0.0,0.0
missing__peptide_mean__Q92823,0.0,0.0
missing__peptide_mean__Q92876,0.0,0.0
missing__peptide_mean__Q9UBX5,0.0,0.0
missing__peptide_mean__Q9UKV8,0.0,0.0
missing__peptide_mean__Q9Y646,0.0,0.0
missing__peptide_mean__Q99435,0.0,0.0
missing__peptide_mean__Q99674,0.0,0.0
missing__peptide_mean__Q99683,0.0,0.0
missing__peptide_mean__Q99829,0.0,0.0
missing__peptide_mean__P49908,0.0,0.0
missing__peptide_mean__P51884,0.0,0.0
missing__peptide_mean__P54289,0.0,0.0
missing__peptide_mean__P55290,0.0,0.0
missing__peptide_mean__Q9NQ79,0.0,0.0
missing__peptide_mean__Q9NYU2,0.0,0.0
missing__peptide_mean__Q9UBR2,0.0,0.0
missing__peptide_mean__Q9UHG2,0.0,0.0
missing__peptide_mean__P02452,0.0,0.0
missing__peptide_mean__P02647,0.0,0.0
missing__peptide_observation_count,0.0,0.0
missing__peptide_mean__O00391,0.0,0.0
missing__peptide_mean__O00533,0.0,0.0
missing__peptide_mean__O00584,0.0,0.0
missing__peptide_mean__P02671,0.0,0.0
missing__peptide_mean__P02675,0.0,0.0
missing__peptide_mean__P02679,0.0,0.0
missing__peptide_mean__P02747,0.0,0.0
missing__peptide_mean__O15394,0.0,0.0
missing__peptide_mean__O43505,0.0,0.0
missing__peptide_mean__P02765,0.0,0.0
missing__peptide_mean__O75144,0.0,0.0
missing__peptide_abundance_std,0.0,0.0
missing__peptide_abundance_min,0.0,0.0
missing__peptide_abundance_max,0.0,0.0
missing__peptide_abundance_sum,0.0,0.0
missing__peptide_mean__P04406,0.0,0.0
missing__peptide_mean__P04433,0.0,0.0
missing__peptide_mean__P05060,0.0,0.0
missing__peptide_mean__P05067,0.0,0.0
missing__peptide_mean__P02790,0.0,0.0
missing__peptide_mean__P02792,0.0,0.0
missing__peptide_mean__P04004,0.0,0.0
missing__peptide_mean__P04075,0.0,0.0
missing__peptide_mean__O60888,0.0,0.0
missing__protein_npx__Q92823,0.0,0.0
missing__protein_npx__Q92876,0.0,0.0
missing__peptide_mean__P00747,0.0,0.0
missing__peptide_mean__P00748,0.0,0.0
missing__peptide_mean__P00751,0.0,0.0
missing__peptide_mean__P01008,0.0,0.0
missing__protein_npx__Q99435,0.0,0.0
missing__protein_npx__Q99674,0.0,0.0
missing__protein_npx__Q99683,0.0,0.0
missing__protein_npx__Q99829,0.0,0.0
missing__protein_npx__Q7Z5P9,0.0,0.0
missing__protein_npx__Q8IWV7,0.0,0.0
missing__protein_npx__Q8N2S1,0.0,0.0
missing__peptide_mean__P01877,0.0,0.0
missing__peptide_mean__P02649,0.0,0.0
missing__peptide_mean__P02652,0.0,0.0
missing__peptide_mean__P02655,0.0,0.0
missing__peptide_mean__P02656,0.0,0.0
missing__peptide_mean__P01621,0.0,0.0
missing__peptide_mean__P01717,0.0,0.0
missing__peptide_mean__P01780,0.0,0.0
missing__peptide_mean__P01834,0.0,0.0
missing__peptide_mean__P02748,0.0,0.0
missing__peptide_mean__P02749,0.0,0.0
missing__peptide_mean__P02750,0.0,0.0
missing__peptide_mean__P02751,0.0,0.0
missing__peptide_mean__P01876,0.0,0.0
missing__protein_npx__Q8NBJ4,0.0,0.0
missing__peptide_mean__P07858,0.0,0.0
missing__peptide_mean__P07998,0.0,0.0
missing__peptide_mean__P08123,0.0,0.0
missing__peptide_mean__P11277,0.0,0.0
missing__peptide_mean__P12109,0.0,0.0
missing__peptide_mean__P13473,0.0,0.0
missing__peptide_mean__P13521,0.0,0.0
missing__peptide_mean__P08571,0.0,0.0
missing__peptide_mean__P08603,0.0,0.0
missing__peptide_mean__P08637,0.0,0.0
missing__peptide_mean__P08697,0.0,0.0
missing__peptide_mean__P02766,0.0,0.0
missing__peptide_mean__P05452,0.0,0.0
missing__peptide_mean__P02774,0.0,0.0
missing__peptide_mean__P02787,0.0,0.0
missing__peptide_mean__P10643,0.0,0.0
missing__peptide_mean__P10645,0.0,0.0
missing__peptide_mean__P10909,0.0,0.0
missing__peptide_mean__P11142,0.0,0.0
missing__peptide_mean__P04156,0.0,0.0
missing__peptide_mean__P04180,0.0,0.0
missing__peptide_mean__P04196,0.0,0.0
missing__peptide_mean__P04207,0.0,0.0
missing__peptide_mean__P02753,0.0,0.0
missing__peptide_mean__P02760,0.0,0.0
missing__peptide_mean__P02763,0.0,0.0
missing__peptide_mean__P02768,0.0,0.0
missing__peptide_mean__P05546,0.0,0.0
missing__peptide_mean__P06310,0.0,0.0
missing__peptide_mean__P06396,0.0,0.0
missing__peptide_mean__P04211,0.0,0.0
missing__peptide_mean__P04216,0.0,0.0
missing__peptide_mean__P04217,0.0,0.0
missing__peptide_mean__P04275,0.0,0.0
missing__peptide_mean__P01042,0.0,0.0
missing__peptide_mean__P01344,0.0,0.0
missing__peptide_mean__P01591,0.0,0.0
missing__peptide_mean__P01608,0.0,0.0
missing__peptide_mean__P05090,0.0,0.0
missing__peptide_mean__P05155,0.0,0.0
missing__peptide_mean__P07711,0.0,0.0
missing__peptide_mean__P05408,0.0,0.0
missing__peptide_mean__P01857,0.0,0.0
missing__peptide_mean__P01859,0.0,0.0
missing__peptide_mean__P01860,0.0,0.0
missing__peptide_mean__P01861,0.0,0.0
missing__peptide_mean__P01024,0.0,0.0
missing__peptide_mean__P01031,0.0,0.0
missing__peptide_mean__P01033,0.0,0.0
missing__peptide_mean__P01034,0.0,0.0
missing__peptide_mean__P09104,0.0,0.0
missing__peptide_mean__P09486,0.0,0.0
missing__peptide_mean__P09871,0.0,0.0
missing__peptide_mean__P10451,0.0,0.0
missing__peptide_mean__P05156,0.0,0.0
delta1__peptide_count__Q562R1,0.0,0.0
delta1__peptide_count__Q12805,0.0,0.0
delta1__peptide_count__Q12841,0.0,0.0
delta1__peptide_count__Q12907,0.0,0.0
delta1__peptide_count__Q7Z3B1,0.0,0.0
delta1__peptide_count__Q7Z5P9,0.0,0.0
delta1__peptide_count__Q8IWV7,0.0,0.0
delta1__peptide_count__Q8N2S1,0.0,0.0
delta1__peptide_count__Q8NBJ4,0.0,0.0
lag1__peptide_mean__Q99969,0.0,0.0
lag1__peptide_mean__Q9NQ79,0.0,0.0
peptide_count__Q99832,0.0,0.0
delta1__peptide_count__Q96BZ4,0.0,0.0
delta1__peptide_count__Q96PD5,0.0,0.0
delta1__peptide_count__Q96S96,0.0,0.0
delta1__peptide_count__Q99435,0.0,0.0
delta1__peptide_count__Q6UX71,0.0,0.0
delta1__peptide_count__Q6UXB8,0.0,0.0
delta1__peptide_count__Q6UXD5,0.0,0.0
delta1__peptide_count__Q99832,0.0,0.0
delta1__peptide_count__Q99969,0.0,0.0
delta1__peptide_count__Q9BY67,0.0,0.0
delta1__peptide_count__Q9HDC9,0.0,0.0
delta1__peptide_count__Q9NQ79,0.0,0.0
delta1__peptide_count__Q92876,0.0,0.0
delta1__peptide_count__P55290,0.0,0.0
delta1__peptide_count__P60174,0.0,0.0
delta1__peptide_count__P61278,0.0,0.0
delta1__peptide_count__Q9NYU2,0.0,0.0
delta1__peptide_count__Q9UBR2,0.0,0.0
delta1__peptide_count__Q9UBX5,0.0,0.0
delta1__peptide_count__P80748,0.0,0.0
delta1__peptide_count__P98160,0.0,0.0
delta1__peptide_count__Q02818,0.0,0.0
delta1__peptide_count__Q06481,0.0,0.0
delta1__peptide_count__Q08380,0.0,0.0
delta1__peptide_count__Q16610,0.0,0.0
delta1__peptide_count__P49588,0.0,0.0
delta1__peptide_count__P49908,0.0,0.0
delta1__peptide_count__Q13283,0.0,0.0
delta1__peptide_count__Q13332,0.0,0.0
delta1__peptide_count__Q13449,0.0,0.0
delta1__peptide_count__Q13451,0.0,0.0
delta1__peptide_count__Q13740,0.0,0.0
delta1__peptide_count__P61626,0.0,0.0
delta1__peptide_count__P61769,0.0,0.0
delta1__peptide_count__Q14624,0.0,0.0
delta1__peptide_count__Q15904,0.0,0.0
delta1__peptide_count__Q16270,0.0,0.0
delta1__peptide_count__P43652,0.0,0.0
lag1__peptide_mean__Q9Y646,0.0,0.0
delta1__peptide_log__EILSVDC(UniMod_4)STNNPSQAK,0.0,0.0
delta1__peptide_log__ELDESLQVAER,0.0,0.0
delta1__peptide_log__FNKPFVFLM(UniMod_35)IEQNTK,0.0,0.0
lag1__peptide_mean__Q99674,0.0,0.0
lag1__peptide_mean__Q99829,0.0,0.0
lag1__peptide_mean__Q15904,0.0,0.0
lag1__peptide_mean__Q562R1,0.0,0.0
delta1__peptide_log__SLAAAAGKQELAK,0.0,0.0
delta1__peptide_log__SLAELGGHLDQQVEEFRR,0.0,0.0
delta1__peptide_log__SPVGVQPILNEHTFC(UniMod_4)AGMSK,0.0,0.0
delta1__peptide_count__Q8NE71,0.0,0.0
lag1__peptide_std__O94919,0.0,0.0
lag1__peptide_mean__Q14508,0.0,0.0
delta1__peptide_log__GSPAINVAVHVFRK,0.0,0.0
lag1__peptide_mean__Q9Y6R7,0.0,0.0
lag1__peptide_std__O00533,0.0,0.0
lag1__peptide_std__O00584,0.0,0.0
lag1__peptide_std__O14773,0.0,0.0
delta1__peptide_log__ILLQGTPVAQMTEDAVDAER,0.0,0.0
delta1__peptide_log__IMNGEADAMSLDGGFVYIAGK,0.0,0.0
delta1__peptide_log__KAADDTWEPFASGK,0.0,0.0
lag1__peptide_std__P00738,0.0,0.0
lag1__peptide_std__P00746,0.0,0.0
lag1__peptide_mean__Q12805,0.0,0.0
delta1__peptide_count__Q92520,0.0,0.0
delta1__peptide_count__Q92823,0.0,0.0
delta1__peptide_count__Q9UHG2,0.0,0.0
delta1__peptide_count__Q9UKV8,0.0,0.0
delta1__peptide_count__Q9UNU6,0.0,0.0
delta1__peptide_count__Q9Y646,0.0,0.0
delta1__peptide_count__Q9Y6R7,0.0,0.0
delta1__peptide_count__Q99674,0.0,0.0
delta1__peptide_count__Q99683,0.0,0.0
delta1__peptide_count__Q99829,0.0,0.0
delta1__peptide_log__LIADLGSTSITNLGFR,0.0,0.0
delta1__peptide_log__HGGLYHENMR,0.0,0.0
lag1__peptide_mean__Q9UNU6,0.0,0.0
delta1__peptide_log__HYTNPSQDVTVPC(UniMod_4)PVPPPPPC(UniMod_4)C(UniMod_4)HPR,0.0,0.0
delta1__peptide_log__EDSLEAGLPLQVR,0.0,0.0
delta1__peptide_log__AATVGSLAGQPLQER,0.0,0.0
delta1__peptide_log__AEAQEAEDQQAR,0.0,0.0
delta1__peptide_log__AVGDKLPEC(UniMod_4)EADDGC(UniMod_4)PKPPEIAHGYVEHSVR,0.0,0.0
delta1__peptide_log__KFPSGTFEQVSQLVK,0.0,0.0
lag1__peptide_mean__Q99832,0.0,0.0
delta1__peptide_log__C(UniMod_4)RDQLPYIC(UniMod_4)QFGIV,0.0,0.0
delta1__peptide_log__C(UniMod_4)REILSVDC(UniMod_4)STNNPSQAK,0.0,0.0
delta1__peptide_log__C(UniMod_4)TSTGWIPAPR,0.0,0.0
delta1__peptide_log__DLATVYVDVLK,0.0,0.0
lag1__peptide_mean__Q9UKV8,0.0,0.0
delta1__peptide_log__HYEGSTVPEK,0.0,0.0
delta1__peptide_count__P04156,0.0,0.0
delta1__peptide_count__P04180,0.0,0.0
delta1__peptide_count__P04196,0.0,0.0
delta1__peptide_count__P06396,0.0,0.0
delta1__peptide_count__P06454,0.0,0.0
delta1__peptide_count__P06681,0.0,0.0
delta1__peptide_count__P06727,0.0,0.0
delta1__peptide_count__P07195,0.0,0.0
delta1__peptide_count__P04406,0.0,0.0
delta1__peptide_count__P04433,0.0,0.0
delta1__peptide_count__P05060,0.0,0.0
delta1__peptide_count__P54289,0.0,0.0
delta1__peptide_count__P07711,0.0,0.0
delta1__peptide_count__P07858,0.0,0.0
delta1__peptide_count__P07998,0.0,0.0
delta1__peptide_count__P08123,0.0,0.0
delta1__peptide_count__P36222,0.0,0.0
delta1__peptide_count__P36955,0.0,0.0
delta1__peptide_count__P36980,0.0,0.0
delta1__peptide_count__P08493,0.0,0.0
delta1__peptide_count__P08571,0.0,0.0
delta1__peptide_count__P08637,0.0,0.0
delta1__peptide_count__P08697,0.0,0.0
delta1__peptide_count__P07225,0.0,0.0
delta1__peptide_count__P07602,0.0,0.0
delta1__peptide_count__P02751,0.0,0.0
delta1__peptide_count__P02753,0.0,0.0
delta1__peptide_count__P02760,0.0,0.0
delta1__peptide_count__P02763,0.0,0.0
delta1__peptide_count__P02765,0.0,0.0
delta1__peptide_count__P02652,0.0,0.0
delta1__peptide_count__P02655,0.0,0.0
delta1__peptide_count__P02792,0.0,0.0
delta1__peptide_count__P04075,0.0,0.0
delta1__peptide_count__P11277,0.0,0.0
delta1__peptide_count__P12109,0.0,0.0
delta1__peptide_count__P05408,0.0,0.0
delta1__peptide_count__P04207,0.0,0.0
delta1__peptide_count__P04211,0.0,0.0
delta1__peptide_count__P04216,0.0,0.0
delta1__peptide_count__P04217,0.0,0.0
delta1__peptide_count__P04275,0.0,0.0
delta1__peptide_count__P02766,0.0,0.0
delta1__peptide_count__P02768,0.0,0.0
delta1__peptide_count__P02774,0.0,0.0
delta1__peptide_count__P05067,0.0,0.0
delta1__peptide_count__P05090,0.0,0.0
delta1__peptide_count__P05155,0.0,0.0
delta1__peptide_count__P05156,0.0,0.0
delta1__peptide_count__P13473,0.0,0.0
delta1__peptide_count__P19827,0.0,0.0
delta1__peptide_count__P20774,0.0,0.0
delta1__peptide_count__P20933,0.0,0.0
delta1__peptide_count__P23083,0.0,0.0
delta1__peptide_count__P14174,0.0,0.0
delta1__peptide_count__P14314,0.0,0.0
delta1__peptide_count__P14618,0.0,0.0
delta1__peptide_count__P27169,0.0,0.0
delta1__peptide_count__P30086,0.0,0.0
delta1__peptide_count__P31997,0.0,0.0
delta1__peptide_count__P32754,0.0,0.0
delta1__peptide_count__P07333,0.0,0.0
delta1__peptide_count__P17936,0.0,0.0
delta1__peptide_count__P18065,0.0,0.0
delta1__peptide_count__P19021,0.0,0.0
delta1__peptide_count__P39060,0.0,0.0
delta1__peptide_count__P40925,0.0,0.0
delta1__peptide_count__P41222,0.0,0.0
delta1__peptide_count__P43121,0.0,0.0
delta1__peptide_count__P43251,0.0,0.0
delta1__peptide_count__P23142,0.0,0.0
delta1__peptide_count__P24592,0.0,0.0
delta1__peptide_count__P25311,0.0,0.0
delta1__peptide_count__P51884,0.0,0.0
delta1__peptide_count__P35542,0.0,0.0
delta1__peptide_count__P07339,0.0,0.0
delta1__peptide_count__P10451,0.0,0.0
delta1__peptide_count__P10643,0.0,0.0
delta1__peptide_count__P10645,0.0,0.0
delta1__peptide_count__P10909,0.0,0.0
delta1__peptide_count__P11142,0.0,0.0
delta1__peptide_count__P08133,0.0,0.0
delta1__peptide_count__P08253,0.0,0.0
delta1__peptide_count__P08294,0.0,0.0
delta1__peptide_count__P13521,0.0,0.0
delta1__peptide_count__P13591,0.0,0.0
delta1__peptide_count__P13611,0.0,0.0
delta1__peptide_count__P19652,0.0,0.0
delta1__peptide_count__P13987,0.0,0.0
delta1__peptide_count__P09104,0.0,0.0
delta1__peptide_count__P09486,0.0,0.0
delta1__peptide_count__P09871,0.0,0.0
delta1__peptide_count__P16035,0.0,0.0
delta1__peptide_count__P16070,0.0,0.0
delta1__peptide_count__P16152,0.0,0.0
delta1__peptide_count__P16870,0.0,0.0
delta1__peptide_count__P17174,0.0,0.0
delta1__peptide_count__Q14118,0.0,0.0
delta1__peptide_count__Q14508,0.0,0.0
delta1__peptide_count__Q14515,0.0,0.0
delta1__peptide_count__P13671,0.0,0.0
slope1__protein_npx__P16870,0.0,0.0
slope1__protein_npx__P17174,0.0,0.0
slope1__protein_npx__P17936,0.0,0.0
slope1__protein_npx__P07998,0.0,0.0
slope1__protein_npx__P08123,0.0,0.0
slope1__protein_npx__P04433,0.0,0.0
slope1__protein_npx__P05067,0.0,0.0
slope1__protein_npx__P09104,0.0,0.0
slope1__protein_npx__P09486,0.0,0.0
lag1__peptide_mean__P05060,0.0,0.0
slope1__protein_npx__P06310,0.0,0.0
lag1__peptide_std__P00747,0.0,0.0
lag1__peptide_mean__P05408,0.0,0.0
lag1__peptide_mean__P06310,0.0,0.0
lag1__peptide_mean__P06454,0.0,0.0
slope1__protein_npx__P08253,0.0,0.0
slope1__protein_npx__P08637,0.0,0.0
lag1__peptide_mean__P02649,0.0,0.0
lag1__peptide_mean__P02748,0.0,0.0
lag1__peptide_mean__P02751,0.0,0.0
lag1__peptide_mean__P02753,0.0,0.0
slope1__protein_npx__P61278,0.0,0.0
lag1__peptide_mean__P07225,0.0,0.0
lag1__peptide_mean__P07333,0.0,0.0
slope1__protein_npx__P06396,0.0,0.0
lag1__peptide_mean__P13591,0.0,0.0
lag1__peptide_mean__P05067,0.0,0.0
slope1__protein_npx__P02750,0.0,0.0
slope1__protein_npx__P02751,0.0,0.0
lag1__peptide_mean__P16070,0.0,0.0
lag1__peptide_mean__P17936,0.0,0.0
lag1__peptide_mean__P19652,0.0,0.0
slope1__protein_npx__P02792,0.0,0.0
slope1__protein_npx__P04216,0.0,0.0
slope1__protein_npx__P02671,0.0,0.0
slope1__protein_npx__P02675,0.0,0.0
slope1__protein_npx__P16152,0.0,0.0
slope1__protein_npx__P02748,0.0,0.0
delta1__protein_npx__P61769,0.0,0.0
delta1__protein_npx__P98160,0.0,0.0
slope1__protein_npx__P00734,0.0,0.0
slope1__protein_npx__P00736,0.0,0.0
slope1__protein_npx__P00748,0.0,0.0
slope1__protein_npx__P02766,0.0,0.0
slope1__protein_npx__P02768,0.0,0.0
slope1__protein_npx__P02774,0.0,0.0
slope1__protein_npx__P05155,0.0,0.0
slope1__protein_npx__P05408,0.0,0.0
slope1__protein_npx__P16070,0.0,0.0
slope1__protein_npx__P02679,0.0,0.0
lag1__peptide_mean__P00738,0.0,0.0
slope1__protein_npx__Q15904,0.0,0.0
slope1__protein_npx__P49588,0.0,0.0
slope1__protein_npx__P49908,0.0,0.0
slope1__protein_npx__P55290,0.0,0.0
slope1__protein_npx__P19652,0.0,0.0
slope1__protein_npx__P20933,0.0,0.0
slope1__protein_npx__P27169,0.0,0.0
slope1__protein_npx__P61626,0.0,0.0
slope1__protein_npx__P61916,0.0,0.0
slope1__protein_npx__P98160,0.0,0.0
lag1__peptide_mean__P07858,0.0,0.0
slope1__protein_npx__P41222,0.0,0.0
slope1__protein_npx__P43652,0.0,0.0
slope1__protein_npx__Q9NQ79,0.0,0.0
slope1__protein_npx__Q9NYU2,0.0,0.0
lag1__peptide_mean__P01594,0.0,0.0
lag1__peptide_mean__P01780,0.0,0.0
lag1__peptide_mean__P01861,0.0,0.0
slope1__protein_feature_count,0.0,0.0
slope1__peptide_abundance_mean,0.0,0.0
slope1__protein_npx__Q99683,0.0,0.0
slope1__protein_npx__Q99829,0.0,0.0
slope1__protein_npx__Q99832,0.0,0.0
slope1__protein_npx__Q02818,0.0,0.0
lag1__peptide_mean__P08123,0.0,0.0
slope1__protein_npx__Q08380,0.0,0.0
slope1__protein_npx__Q12841,0.0,0.0
slope1__protein_npx__P14314,0.0,0.0
lag1__peptide_mean__P08133,0.0,0.0
lag1__peptide_mean__P08253,0.0,0.0
lag1__peptide_mean__P08294,0.0,0.0
lag1__peptide_mean__P08603,0.0,0.0
slope1__protein_npx__P10451,0.0,0.0
lag1__peptide_mean__P07195,0.0,0.0
slope1__protein_npx__P18065,0.0,0.0
slope1__protein_npx__P13611,0.0,0.0
slope1__protein_npx__Q96BZ4,0.0,0.0
slope1__protein_npx__P14174,0.0,0.0
slope1__protein_npx__Q6UX71,0.0,0.0
slope1__protein_npx__Q7Z3B1,0.0,0.0
slope1__protein_npx__Q8N2S1,0.0,0.0
slope1__protein_npx__Q8NBJ4,0.0,0.0
slope1__protein_npx__Q8NE71,0.0,0.0
lag1__peptide_mean__P04275,0.0,0.0
slope1__protein_npx__Q12907,0.0,0.0
slope1__protein_npx__P36222,0.0,0.0
slope1__protein_npx__P39060,0.0,0.0
slope1__protein_npx__Q92520,0.0,0.0
slope1__protein_npx__Q92823,0.0,0.0
slope1__protein_npx__P13671,0.0,0.0
lag1__peptide_mean__P54289,0.0,0.0
lag1__peptide_mean__P55290,0.0,0.0
lag1__peptide_mean__P61278,0.0,0.0
lag1__peptide_mean__P61626,0.0,0.0
lag1__peptide_mean__P61769,0.0,0.0
lag1__peptide_mean__P61916,0.0,0.0
slope1__protein_npx__O00391,0.0,0.0
slope1__protein_npx__O14773,0.0,0.0
slope1__protein_npx__O14791,0.0,0.0
delta1__peptide_feature_count,0.0,0.0
delta1__current_updrs_1,0.0,0.0
lag1__peptide_mean__P11277,0.0,0.0
lag1__peptide_mean__Q7Z5P9,0.0,0.0
lag1__peptide_mean__Q8NBJ4,0.0,0.0
lag1__peptide_mean__Q8NE71,0.0,0.0
lag1__peptide_mean__Q92520,0.0,0.0
lag1__peptide_mean__Q92876,0.0,0.0
delta1__months_since_baseline,0.0,0.0
delta1__months_since_prev_visit,0.0,0.0
delta1__has_previous_visit,0.0,0.0
delta1__peptide_log__VQAAVGTSAAPVPSDNH,0.0,0.0
lag1__peptide_mean__Q96PD5,0.0,0.0
delta1__peptide_log__TLLSNLEEAKK,0.0,0.0
delta1__peptide_log__TM(UniMod_35)LLQPAGSLGSYSYR,0.0,0.0
delta1__current_updrs_3,0.0,0.0
delta1__peptide_log__GC(UniMod_4)PTEEGC(UniMod_4)GER,0.0,0.0
delta1__peptide_log__TTPPVLDSDGSFFLYSK,0.0,0.0
delta1__peptide_log__TTPPVLDSDGSFFLYSR,0.0,0.0
delta1__peptide_log__VKDLATVYVDVLK,0.0,0.0
delta1__peptide_log__VMPIC(UniMod_4)LPSKDYAEVGR,0.0,0.0
delta1__peptide_log__MASGAANVVGPK,0.0,0.0
delta1__peptide_log__MTVTDQVNC(UniMod_4)PK,0.0,0.0
delta1__peptide_log__VTLTC(UniMod_4)VAPLSGVDFQLR,0.0,0.0
delta1__peptide_log__VTSIQDWVQK,0.0,0.0
delta1__peptide_log__YVM(UniMod_35)LPVADQDQC(UniMod_4)IR,0.0,0.0
delta1__peptide_log__YVMLPVADQDQC(UniMod_4)IR,0.0,0.0
delta1__visit_index,0.0,0.0
delta1__peptide_log__SELEEQLTPVAEETR,0.0,0.0
delta1__peptide_log__SFNRGEC(UniMod_4),0.0,0.0
delta1__peptide_log__LQAEAFQAR,0.0,0.0
delta1__peptide_log__LRTEGDGVYTLNNEKQWINK,0.0,0.0
delta1__peptide_log__LSSWVLLM(UniMod_35)K,0.0,0.0
lag1__peptide_mean__Q13283,0.0,0.0
lag1__peptide_mean__Q13332,0.0,0.0
delta1__peptide_log__QKVEPLRAELQEGAR,0.0,0.0
delta1__peptide_log__QNC(UniMod_4)ELFEQLGEYK,0.0,0.0
delta1__peptide_log__QWAGLVEK,0.0,0.0
delta1__peptide_log__RLEGQEEEEDNRDSSMK,0.0,0.0
delta1__current_medication_unknown,0.0,0.0
lag1__peptide_mean__P23142,0.0,0.0
delta1__protein_npx__P61278,0.0,0.0
lag1__peptide_count__P08493,0.0,0.0
lag1__peptide_count__P08571,0.0,0.0
lag1__peptide_count__P08603,0.0,0.0
lag1__peptide_count__P08637,0.0,0.0
lag1__peptide_count__P08697,0.0,0.0
lag1__peptide_count__P09104,0.0,0.0
lag1__peptide_count__P09486,0.0,0.0
lag1__peptide_count__P09871,0.0,0.0
lag1__peptide_count__P10451,0.0,0.0
lag1__peptide_count__P10643,0.0,0.0
lag1__peptide_mean__Q6UX71,0.0,0.0
lag1__peptide_count__P10909,0.0,0.0
lag1__peptide_count__P11142,0.0,0.0
lag1__peptide_count__P11277,0.0,0.0
lag1__peptide_count__P12109,0.0,0.0
lag1__peptide_count__P13473,0.0,0.0
slope1__protein_npx__O43505,0.0,0.0
slope1__protein_npx__O60888,0.0,0.0
slope1__protein_npx__O75326,0.0,0.0
slope1__protein_npx__P00441,0.0,0.0
delta1__protein_npx__P12109,0.0,0.0
delta1__protein_npx__P13521,0.0,0.0
delta1__protein_npx__P13591,0.0,0.0
lag1__peptide_count__P10645,0.0,0.0
slope1__protein_npx__P02649,0.0,0.0
slope1__protein_npx__P00751,0.0,0.0
slope1__protein_npx__P01011,0.0,0.0
slope1__protein_npx__P01031,0.0,0.0
slope1__protein_npx__P01344,0.0,0.0
slope1__protein_npx__P01591,0.0,0.0
slope1__protein_npx__P01594,0.0,0.0
slope1__protein_npx__P01833,0.0,0.0
slope1__protein_npx__P01834,0.0,0.0
slope1__protein_npx__P01860,0.0,0.0
lag1__peptide_mean__P49588,0.0,0.0
slope1__protein_npx__P02655,0.0,0.0
lag1__peptide_count__P08253,0.0,0.0
lag1__peptide_mean__P09486,0.0,0.0
lag1__peptide_mean__P10451,0.0,0.0
lag1__peptide_mean__P80748,0.0,0.0
lag1__peptide_mean__P32754,0.0,0.0
lag1__peptide_mean__P36955,0.0,0.0
lag1__peptide_mean__P36980,0.0,0.0
lag1__peptide_mean__P39060,0.0,0.0
lag1__peptide_mean__P40925,0.0,0.0
lag1__peptide_mean__P43652,0.0,0.0
delta1__protein_npx__Q12907,0.0,0.0
lag1__peptide_count__P08123,0.0,0.0
lag1__peptide_count__P08133,0.0,0.0
lag1__peptide_mean__P09104,0.0,0.0
lag1__peptide_count__P02753,0.0,0.0
lag1__peptide_count__P02760,0.0,0.0
delta1__peptide_mean__P09871,0.0,0.0
delta1__peptide_mean__P10643,0.0,0.0
delta1__peptide_mean__P11277,0.0,0.0
lag1__peptide_count__P02768,0.0,0.0
lag1__peptide_count__P02790,0.0,0.0
lag1__peptide_count__P02792,0.0,0.0
delta1__peptide_mean__P08571,0.0,0.0
delta1__peptide_mean__P13611,0.0,0.0
delta1__peptide_mean__P13987,0.0,0.0
delta1__peptide_count__P01860,0.0,0.0
delta1__peptide_mean__P14618,0.0,0.0
delta1__peptide_mean__P16035,0.0,0.0
delta1__peptide_mean__P16070,0.0,0.0
delta1__peptide_mean__P09486,0.0,0.0
lag1__peptide_count__P01833,0.0,0.0
delta1__peptide_mean__P05155,0.0,0.0
delta1__peptide_mean__P05452,0.0,0.0
delta1__peptide_mean__P06310,0.0,0.0
delta1__peptide_mean__P07225,0.0,0.0
delta1__peptide_mean__P07333,0.0,0.0
delta1__peptide_mean__O14498,0.0,0.0
delta1__protein_npx__Q99832,0.0,0.0
delta1__peptide_mean__P14314,0.0,0.0
lag1__peptide_count__P01834,0.0,0.0
lag1__peptide_count__P01857,0.0,0.0
lag1__peptide_count__P01859,0.0,0.0
lag1__peptide_count__P01860,0.0,0.0
lag1__peptide_count__P01861,0.0,0.0
lag1__peptide_count__P01876,0.0,0.0
lag1__peptide_count__P07339,0.0,0.0
lag1__peptide_count__P07602,0.0,0.0
lag1__peptide_count__P02647,0.0,0.0
lag1__peptide_count__P02649,0.0,0.0
lag1__peptide_count__P02652,0.0,0.0
lag1__peptide_count__P02751,0.0,0.0
lag1__peptide_count__P02656,0.0,0.0
lag1__peptide_count__P02675,0.0,0.0
delta1__peptide_mean__P02655,0.0,0.0
lag1__peptide_count__P06454,0.0,0.0
lag1__peptide_count__P06681,0.0,0.0
lag1__peptide_count__P07195,0.0,0.0
lag1__peptide_count__P07225,0.0,0.0
lag1__peptide_count__P07333,0.0,0.0
delta1__peptide_mean__P08603,0.0,0.0
delta1__peptide_mean__P09104,0.0,0.0
lag1__peptide_count__P02748,0.0,0.0
lag1__peptide_count__P02750,0.0,0.0
lag1__peptide_count__P02655,0.0,0.0
delta1__peptide_mean__P30086,0.0,0.0
lag1__peptide_count__P00747,0.0,0.0
lag1__peptide_count__P00748,0.0,0.0
delta1__peptide_mean__P32754,0.0,0.0
delta1__peptide_mean__P36222,0.0,0.0
delta1__peptide_mean__P36980,0.0,0.0
delta1__peptide_mean__P40925,0.0,0.0
delta1__peptide_mean__P41222,0.0,0.0
delta1__peptide_mean__P18065,0.0,0.0
delta1__peptide_mean__P43251,0.0,0.0
delta1__peptide_mean__P43652,0.0,0.0
delta1__protein_npx__Q9NYU2,0.0,0.0
delta1__peptide_mean__P51884,0.0,0.0
delta1__peptide_mean__P54289,0.0,0.0
delta1__peptide_mean__P55290,0.0,0.0
delta1__peptide_mean__P61626,0.0,0.0
lag1__peptide_count__P02766,0.0,0.0
delta1__peptide_mean__Q02818,0.0,0.0
delta1__peptide_mean__Q12907,0.0,0.0
delta1__peptide_mean__Q13283,0.0,0.0
delta1__peptide_mean__Q13332,0.0,0.0
delta1__peptide_mean__Q562R1,0.0,0.0
delta1__peptide_mean__Q6UX71,0.0,0.0
delta1__peptide_mean__Q6UXB8,0.0,0.0
delta1__peptide_mean__P49588,0.0,0.0
lag1__peptide_count__P02763,0.0,0.0
lag1__peptide_count__P02765,0.0,0.0
delta1__protein_missing_fraction,0.0,0.0
delta1__peptide_abundance_mean,0.0,0.0
delta1__peptide_observation_count,0.0,0.0
delta1__peptide_mean__O00533,0.0,0.0
delta1__peptide_mean__O00584,0.0,0.0
delta1__peptide_mean__P01011,0.0,0.0
delta1__peptide_mean__P01019,0.0,0.0
delta1__peptide_mean__O14773,0.0,0.0
delta1__peptide_mean__O14791,0.0,0.0
delta1__peptide_mean__O75144,0.0,0.0
delta1__peptide_mean__P23142,0.0,0.0
delta1__peptide_mean__P00450,0.0,0.0
delta1__peptide_mean__P00734,0.0,0.0
lag1__peptide_count__P14174,0.0,0.0
lag1__peptide_count__P14618,0.0,0.0
delta1__peptide_mean__P00738,0.0,0.0
delta1__peptide_mean__P00746,0.0,0.0
delta1__peptide_mean__P00747,0.0,0.0
delta1__peptide_mean__P00751,0.0,0.0
delta1__peptide_mean__P01008,0.0,0.0
delta1__peptide_mean__P01009,0.0,0.0
delta1__peptide_mean__P19652,0.0,0.0
delta1__peptide_mean__P20933,0.0,0.0
delta1__peptide_mean__O75326,0.0,0.0
missing__peptide_log__LGADMEDVC(UniMod_4)GR,0.0,0.0
missing__peptide_log__M(UniMod_35)ASGAANVVGPK,0.0,0.0
missing__peptide_log__M(UniMod_35)YLGYEYVTAIR,0.0,0.0
missing__peptide_log__MASGAANVVGPK,0.0,0.0
missing__has_previous_visit,0.0,0.0
missing__peptide_log__LGPLVEQGR,0.0,0.0
missing__peptide_log__LGPLVEQGRVR,0.0,0.0
missing__peptide_log__LPPTSAHGNVAEGETKPDPDVTER,0.0,0.0
missing__peptide_log__LQAEAFQAR,0.0,0.0
lag1__peptide_log__AVLPTGDVIGDSAK,0.0,0.0
missing__peptide_log__HGGLYHENMR,0.0,0.0
lag1__peptide_count__P02747,0.0,0.0
missing__peptide_log__HYEGSTVPEK,0.0,0.0
missing__peptide_log__LSKELQAAQAR,0.0,0.0
missing__peptide_log__LSNENHGIAQR,0.0,0.0
missing__peptide_log__LSSWVLLM(UniMod_35)K,0.0,0.0
lag1__peptide_count__P04275,0.0,0.0
lag1__peptide_count__P04406,0.0,0.0
lag1__peptide_count__P04433,0.0,0.0
lag1__peptide_count__P05060,0.0,0.0
lag1__peptide_count__P05067,0.0,0.0
delta1__peptide_mean__P01834,0.0,0.0
delta1__peptide_mean__P01859,0.0,0.0
lag1__peptide_count__P05156,0.0,0.0
missing__peptide_log__HYDGSYSTFGER,0.0,0.0
protein_npx__P02679,0.0,0.0
missing__peptide_log__NPDSSTTGPWC(UniMod_4)YTTDPTVR,0.0,0.0
missing__peptide_log__QIGSVYR,0.0,0.0
missing__peptide_log__QKVEPLRAELQEGAR,0.0,0.0
missing__peptide_log__QNC(UniMod_4)ELFEQLGEYK,0.0,0.0
missing__peptide_log__QQETAAAETETR,0.0,0.0
missing__peptide_log__QWAGLVEK,0.0,0.0
protein_npx__P01780,0.0,0.0
lag1__peptide_log__HYDGSYSTFGER,0.0,0.0
missing__peptide_log__RTPITVVK,0.0,0.0
missing__peptide_missing_fraction,0.0,0.0
missing__peptide_log__LGADM(UniMod_35)EDVC(UniMod_4)GR,0.0,0.0
missing__current_updrs_2,0.0,0.0
missing__current_updrs_3,0.0,0.0
missing__current_updrs_4,0.0,0.0
protein_npx__P01024,0.0,0.0
protein_npx__P01034,0.0,0.0
protein_npx__P00746,0.0,0.0
missing__peptide_log__LRTEGDGVYTLNNEK,0.0,0.0
missing__peptide_log__LRTEGDGVYTLNNEKQWINK,0.0,0.0
missing__months_since_baseline,0.0,0.0
missing__months_since_prev_visit,0.0,0.0
missing__peptide_log__LEGQEEEEDNRDSSMK,0.0,0.0
missing__peptide_log__LFDSDPITVTVPVEVSR,0.0,0.0
missing__current_updrs_1,0.0,0.0
delta1__peptide_mean__P04207,0.0,0.0
delta1__peptide_mean__P04216,0.0,0.0
delta1__peptide_mean__P05067,0.0,0.0
delta1__peptide_mean__P02765,0.0,0.0
delta1__peptide_mean__P02766,0.0,0.0
delta1__peptide_mean__P01042,0.0,0.0
delta1__peptide_mean__P01594,0.0,0.0
delta1__peptide_mean__P01608,0.0,0.0
delta1__peptide_mean__P01780,0.0,0.0
delta1__peptide_mean__P04156,0.0,0.0
lag1__peptide_count__P04075,0.0,0.0
lag1__peptide_count__P05408,0.0,0.0
lag1__peptide_count__P04180,0.0,0.0
lag1__peptide_count__P04196,0.0,0.0
lag1__peptide_count__P04207,0.0,0.0
delta1__peptide_mean__P01031,0.0,0.0
delta1__peptide_mean__P01034,0.0,0.0
lag1__peptide_count__P01877,0.0,0.0
lag1__peptide_count__P02452,0.0,0.0
delta1__peptide_mean__P07711,0.0,0.0
delta1__peptide_mean__P08133,0.0,0.0
delta1__peptide_mean__P08294,0.0,0.0
delta1__peptide_mean__P08493,0.0,0.0
lag1__peptide_count__P02679,0.0,0.0
lag1__peptide_count__P04156,0.0,0.0
lag1__peptide_count__P05546,0.0,0.0
lag1__peptide_count__P06310,0.0,0.0
lag1__peptide_count__P04211,0.0,0.0
lag1__peptide_count__P04216,0.0,0.0
lag1__peptide_count__P04217,0.0,0.0
missing__peptide_log__NFPPSQDASGDLYTTSSQLTLPATQC(UniMod_4)PDGK,0.0,0.0
missing__peptide_log__NPDPWAK,0.0,0.0
protein_npx__P01011,0.0,0.0
missing__peptide_log__MTVTDQVNC(UniMod_4)PK,0.0,0.0
delta1__protein_npx__Q9UNU6,0.0,0.0
delta1__protein_npx__Q9Y646,0.0,0.0
lag1__peptide_count__P05090,0.0,0.0
delta1__peptide_mean__P02647,0.0,0.0
missing__peptide_log__SC(UniMod_4)DTPPPC(UniMod_4)PR,0.0,0.0
missing__peptide_log__SC(UniMod_4)SPELQQK,0.0,0.0
missing__peptide_log__SEALAVDGAGKPGAEEAQDPEGK,0.0,0.0
missing__peptide_log__SELEEQLTPVAEETR,0.0,0.0
missing__peptide_log__SFNRGEC(UniMod_4),0.0,0.0
missing__peptide_log__SGEATDGARPQALPEPMQESK,0.0,0.0
missing__peptide_log__SGELEQEEER,0.0,0.0
delta1__peptide_mean__P02787,0.0,0.0
delta1__peptide_mean__P02792,0.0,0.0
delta1__peptide_mean__P04004,0.0,0.0
lag1__peptide_count__P07858,0.0,0.0
delta1__peptide_mean__P01876,0.0,0.0
lag1__peptide_count__P05155,0.0,0.0
delta1__protein_npx__Q12841,0.0,0.0
delta1__protein_npx__Q8N2S1,0.0,0.0
delta1__protein_npx__Q8NBJ4,0.0,0.0
lag1__peptide_std__P06727,0.0,0.0
lag1__peptide_std__P07711,0.0,0.0
delta1__peptide_count__P01009,0.0,0.0
delta1__peptide_count__P01011,0.0,0.0
lag1__peptide_std__P08603,0.0,0.0
lag1__peptide_std__P01011,0.0,0.0
lag1__peptide_std__P01834,0.0,0.0
delta1__peptide_std__Q14624,0.0,0.0
delta1__peptide_mean__Q9UKV8,0.0,0.0
lag1__peptide_std__P02647,0.0,0.0
delta1__peptide_std__P51884,0.0,0.0
delta1__peptide_std__P61769,0.0,0.0
lag1__peptide_std__P30086,0.0,0.0
delta1__peptide_std__P98160,0.0,0.0
delta1__peptide_std__Q12805,0.0,0.0
delta1__peptide_std__Q12907,0.0,0.0
delta1__peptide_std__Q13740,0.0,0.0
delta1__peptide_std__Q14118,0.0,0.0
delta1__peptide_std__Q14515,0.0,0.0
delta1__peptide_count__O00391,0.0,0.0
delta1__peptide_count__O00533,0.0,0.0
lag1__peptide_std__P02452,0.0,0.0
lag1__peptide_count__O00533,0.0,0.0
delta1__protein_npx__Q14118,0.0,0.0
delta1__protein_npx__Q14624,0.0,0.0
lag1__peptide_count__P13521,0.0,0.0
lag1__peptide_count__P13591,0.0,0.0
lag1__peptide_count__P13671,0.0,0.0
lag1__peptide_count__P13987,0.0,0.0
delta1__protein_npx__Q6UX71,0.0,0.0
delta1__protein_npx__Q7Z3B1,0.0,0.0
delta1__protein_npx__Q7Z5P9,0.0,0.0
lag1__peptide_count__P16035,0.0,0.0
delta1__protein_npx__Q12805,0.0,0.0
lag1__peptide_count__P16152,0.0,0.0
delta1__protein_npx__Q13451,0.0,0.0
delta1__protein_npx__Q13740,0.0,0.0
delta1__protein_npx__Q96BZ4,0.0,0.0
delta1__protein_npx__Q99435,0.0,0.0
delta1__protein_npx__Q99683,0.0,0.0
delta1__protein_npx__Q99829,0.0,0.0
delta1__protein_npx__Q15904,0.0,0.0
delta1__protein_npx__Q16270,0.0,0.0
delta1__protein_npx__Q562R1,0.0,0.0
lag1__peptide_std__P13611,0.0,0.0
lag1__peptide_std__P16870,0.0,0.0
lag1__peptide_count__P16070,0.0,0.0
delta1__peptide_count__P00450,0.0,0.0
delta1__peptide_count__P01621,0.0,0.0
delta1__peptide_count__P01717,0.0,0.0
delta1__peptide_count__P01780,0.0,0.0
delta1__peptide_count__P01833,0.0,0.0
delta1__peptide_count__P01834,0.0,0.0
delta1__peptide_count__P05452,0.0,0.0
delta1__peptide_count__P05546,0.0,0.0
delta1__peptide_count__P06310,0.0,0.0
delta1__peptide_count__P01861,0.0,0.0
delta1__peptide_count__P01876,0.0,0.0
delta1__peptide_count__O00584,0.0,0.0
delta1__peptide_count__P02452,0.0,0.0
delta1__peptide_count__P02647,0.0,0.0
delta1__peptide_count__P01591,0.0,0.0
delta1__peptide_count__P01594,0.0,0.0
delta1__peptide_count__P01608,0.0,0.0
delta1__peptide_count__P02656,0.0,0.0
delta1__peptide_count__P02671,0.0,0.0
delta1__peptide_count__P02675,0.0,0.0
delta1__peptide_count__P02679,0.0,0.0
delta1__peptide_count__P02747,0.0,0.0
delta1__peptide_count__P01857,0.0,0.0
delta1__peptide_count__P01859,0.0,0.0
delta1__peptide_count__P01877,0.0,0.0
delta1__peptide_count__O14498,0.0,0.0
delta1__peptide_count__P02748,0.0,0.0
delta1__peptide_count__P02749,0.0,0.0
delta1__peptide_count__P02750,0.0,0.0
delta1__peptide_count__O15394,0.0,0.0
delta1__peptide_count__O43505,0.0,0.0
delta1__peptide_count__O60888,0.0,0.0
delta1__peptide_count__O75144,0.0,0.0
delta1__peptide_count__O75326,0.0,0.0
delta1__peptide_count__O94919,0.0,0.0
delta1__peptide_std__Q96KN2,0.0,0.0
delta1__peptide_count__P00734,0.0,0.0
delta1__peptide_count__P00441,0.0,0.0
delta1__peptide_count__P00746,0.0,0.0
delta1__peptide_count__P00747,0.0,0.0
delta1__peptide_count__P00748,0.0,0.0
delta1__peptide_count__P00751,0.0,0.0
delta1__peptide_count__O14791,0.0,0.0
delta1__peptide_count__O15240,0.0,0.0
delta1__peptide_count__P01019,0.0,0.0
delta1__peptide_count__P01031,0.0,0.0
delta1__peptide_count__P01033,0.0,0.0
delta1__peptide_count__P01034,0.0,0.0
delta1__peptide_count__P01042,0.0,0.0
delta1__peptide_count__P01344,0.0,0.0
delta1__peptide_count__P00736,0.0,0.0
lag1__peptide_count__O75144,0.0,0.0
lag1__peptide_count__O75326,0.0,0.0
lag1__peptide_count__P01717,0.0,0.0
delta1__peptide_std__P02749,0.0,0.0
lag1__peptide_std__P55290,0.0,0.0
lag1__peptide_std__Q12805,0.0,0.0
lag1__peptide_std__Q12907,0.0,0.0
lag1__peptide_std__Q13740,0.0,0.0
lag1__peptide_std__Q6UXB8,0.0,0.0
delta1__peptide_mean__Q99829,0.0,0.0
lag1__peptide_count__P01034,0.0,0.0
lag1__peptide_count__O00391,0.0,0.0
lag1__peptide_count__P01344,0.0,0.0
lag1__peptide_count__P01591,0.0,0.0
lag1__peptide_count__P01594,0.0,0.0
lag1__peptide_count__P01608,0.0,0.0
lag1__peptide_count__P01621,0.0,0.0
delta1__peptide_mean__Q9UBX5,0.0,0.0
lag1__peptide_count__P01780,0.0,0.0
delta1__peptide_mean__Q99435,0.0,0.0
delta1__peptide_mean__Q99674,0.0,0.0
delta1__peptide_mean__Q99683,0.0,0.0
delta1__peptide_std__O15394,0.0,0.0
delta1__peptide_mean__Q99832,0.0,0.0
lag1__peptide_count__P01042,0.0,0.0
delta1__peptide_mean__Q9Y646,0.0,0.0
delta1__peptide_mean__Q9Y6R7,0.0,0.0
delta1__peptide_std__O00533,0.0,0.0
delta1__peptide_std__O15240,0.0,0.0
delta1__peptide_mean__Q8N2S1,0.0,0.0
delta1__peptide_mean__Q8NBJ4,0.0,0.0
lag1__peptide_count__O15394,0.0,0.0
lag1__peptide_count__O43505,0.0,0.0
delta1__peptide_mean__Q13451,0.0,0.0
delta1__peptide_mean__Q14508,0.0,0.0
delta1__peptide_mean__Q15904,0.0,0.0
lag1__peptide_count__O60888,0.0,0.0
lag1__peptide_count__P00450,0.0,0.0
lag1__peptide_count__P00734,0.0,0.0
lag1__peptide_count__P00736,0.0,0.0
lag1__peptide_count__P00746,0.0,0.0
delta1__peptide_mean__Q6UXD5,0.0,0.0
delta1__peptide_mean__Q7Z3B1,0.0,0.0
delta1__peptide_mean__Q8IWV7,0.0,0.0
lag1__peptide_count__P00751,0.0,0.0
lag1__peptide_count__P01008,0.0,0.0
lag1__peptide_count__P01019,0.0,0.0
lag1__peptide_count__P01031,0.0,0.0
lag1__peptide_count__P01033,0.0,0.0
lag1__peptide_count__P00441,0.0,0.0
delta1__peptide_std__P01019,0.0,0.0
lag1__peptide_std__P36222,0.0,0.0
lag1__peptide_std__P36955,0.0,0.0
lag1__peptide_std__P39060,0.0,0.0
delta1__peptide_std__P08603,0.0,0.0
delta1__peptide_std__P09871,0.0,0.0
delta1__peptide_std__P10643,0.0,0.0
delta1__peptide_std__P10645,0.0,0.0
delta1__peptide_std__P12109,0.0,0.0
delta1__peptide_std__P13591,0.0,0.0
delta1__peptide_std__P13987,0.0,0.0
delta1__peptide_mean__Q9BY67,0.0,0.0
delta1__peptide_std__P17174,0.0,0.0
delta1__peptide_std__P25311,0.0,0.0
delta1__peptide_std__P27169,0.0,0.0
lag1__peptide_count__O00584,0.0,0.0
delta1__peptide_std__P36222,0.0,0.0
delta1__peptide_std__P36955,0.0,0.0
delta1__peptide_std__P41222,0.0,0.0
lag1__peptide_std__P02774,0.0,0.0
lag1__peptide_count__O14791,0.0,0.0
lag1__peptide_count__O15240,0.0,0.0
lag1__peptide_std__Q92520,0.0,0.0
lag1__peptide_std__Q96PD5,0.0,0.0
delta1__peptide_std__P14314,0.0,0.0
delta1__peptide_mean__Q9NYU2,0.0,0.0
lag1__peptide_std__P10645,0.0,0.0
delta1__peptide_std__P04217,0.0,0.0
delta1__peptide_std__P04433,0.0,0.0
delta1__peptide_std__P05067,0.0,0.0
lag1__peptide_count__O14498,0.0,0.0
lag1__peptide_count__O14773,0.0,0.0
delta1__peptide_std__P00738,0.0,0.0
delta1__peptide_std__P00746,0.0,0.0
delta1__peptide_std__P00751,0.0,0.0
delta1__peptide_std__P05546,0.0,0.0
delta1__peptide_std__P06681,0.0,0.0
delta1__peptide_std__P01011,0.0,0.0
delta1__peptide_std__P07602,0.0,0.0
delta1__peptide_std__P01023,0.0,0.0
delta1__peptide_std__P01024,0.0,0.0
delta1__peptide_std__P01034,0.0,0.0
delta1__peptide_std__P01834,0.0,0.0
delta1__peptide_std__O94919,0.0,0.0
delta1__peptide_std__P00441,0.0,0.0
delta1__peptide_std__P01860,0.0,0.0
delta1__peptide_std__P01876,0.0,0.0
delta1__peptide_std__P01877,0.0,0.0
delta1__peptide_std__P02675,0.0,0.0
delta1__peptide_std__P02748,0.0,0.0
delta1__peptide_std__P06727,0.0,0.0
slope1__peptide_log__GSPAINVAVHVFRK,0.0,0.0
slope1__peptide_count__Q9Y646,0.0,0.0
slope1__peptide_count__Q9Y6R7,0.0,0.0
slope1__peptide_log__HGGLYHENMR,0.0,0.0
slope1__peptide_log__HYEGSTVPEK,0.0,0.0
slope1__peptide_log__ILLQGTPVAQMTEDAVDAER,0.0,0.0
slope1__peptide_log__LAVYQAGAR,0.0,0.0
slope1__peptide_log__TDASDVKPC(UniMod_4),0.0,0.0
slope1__peptide_log__TKEEYGHSEVVEYYC(UniMod_4)NPR,0.0,0.0
slope1__peptide_log__TTPPVLDSDGSFFLYSR,0.0,0.0
slope1__peptide_log__VGYVSGWGR,0.0,0.0
slope1__protein_npx__Q99969,0.0,0.0
peptide_log__SFNRGEC(UniMod_4),0.0,0.0
peptide_log__SGEATDGARPQALPEPMQESK,0.0,0.0
slope1__peptide_log__MTVTDQVNC(UniMod_4)PK,0.0,0.0
slope1__peptide_log__LEGQEEEEDNRDSSMK,0.0,0.0
slope1__peptide_log__LFDSDPITVTVPVEVSR,0.0,0.0
slope1__peptide_log__LGADMEDVC(UniMod_4)GR,0.0,0.0
slope1__peptide_log__LGPLVEQGR,0.0,0.0
slope1__peptide_log__LGPLVEQGRVR,0.0,0.0
slope1__peptide_log__LGQSLDC(UniMod_4)NAEVYVVPWEK,0.0,0.0
slope1__peptide_log__LIADLGSTSITNLGFR,0.0,0.0
slope1__peptide_log__QNC(UniMod_4)ELFEQLGEYK,0.0,0.0
slope1__peptide_log__LPPTSAHGNVAEGETKPDPDVTER,0.0,0.0
peptide_log__RLEGQEEEEDNRDSSMK,0.0,0.0
lag1__peptide_count__P18065,0.0,0.0
slope1__peptide_count__Q9UNU6,0.0,0.0
lag1__peptide_count__Q6UX71,0.0,0.0
lag1__peptide_count__Q6UXB8,0.0,0.0
lag1__peptide_count__Q6UXD5,0.0,0.0
lag1__peptide_count__P20774,0.0,0.0
lag1__peptide_count__P20933,0.0,0.0
lag1__peptide_count__P23083,0.0,0.0
lag1__protein_npx__O60888,0.0,0.0
lag1__protein_npx__O75144,0.0,0.0
lag1__protein_npx__O75326,0.0,0.0
slope1__peptide_log__GEVQAMLGQSTEELR,0.0,0.0
slope1__peptide_log__QWAGLVEK,0.0,0.0
slope1__peptide_log__RLEGQEEEEDNRDSSMK,0.0,0.0
slope1__peptide_log__SC(UniMod_4)SPELQQK,0.0,0.0
slope1__peptide_log__SELEEQLTPVAEETR,0.0,0.0
lag1__protein_npx__P00747,0.0,0.0
lag1__protein_npx__P00748,0.0,0.0
lag1__protein_npx__P00751,0.0,0.0
lag1__protein_npx__O14791,0.0,0.0
lag1__protein_npx__O15240,0.0,0.0
lag1__protein_npx__P01009,0.0,0.0
slope1__peptide_log__FLATTPNSLLVSWQPPR,0.0,0.0
slope1__peptide_log__GC(UniMod_4)PTEEGC(UniMod_4)GER,0.0,0.0
lag1__protein_npx__O94919,0.0,0.0
peptide_missing_fraction,0.0,0.0
current_medication_unknown,0.0,0.0
peptide_log__DSGFQM(UniMod_35)NQLR,0.0,0.0
peptide_log__EDSLEAGLPLQVR,0.0,0.0
peptide_log__ELDESLQVAER,0.0,0.0
peptide_log__FLATTPNSLLVSWQPPR,0.0,0.0
peptide_log__FNKPFVFLM(UniMod_35)IEQNTK,0.0,0.0
peptide_log__GC(UniMod_4)PTEEGC(UniMod_4)GER,0.0,0.0
rollmean2__protein_npx__O75144,0.0,0.0
rollmean2__protein_npx__P01860,0.0,0.0
rollmean2__protein_npx__P01023,0.0,0.0
slope1__peptide_log__LQAEAFQAR,0.0,0.0
slope1__peptide_log__VQAAVGTSAAPVPSDNH,0.0,0.0
slope1__peptide_log__WELALGR,0.0,0.0
rollmean2__protein_npx__P01608,0.0,0.0
rollmean2__protein_npx__P01717,0.0,0.0
rollmean2__protein_npx__P01780,0.0,0.0
slope1__months_since_baseline,0.0,0.0
peptide_log__LAVYQAGAR,0.0,0.0
peptide_log__LEGQEEEEDNRDSSMK,0.0,0.0
peptide_log__LRTEGDGVYTLNNEKQWINK,0.0,0.0
peptide_log__MASGAANVVGPK,0.0,0.0
slope1__peptide_log__VKDLATVYVDVLK,0.0,0.0
slope1__peptide_log__VMPIC(UniMod_4)LPSKDYAEVGR,0.0,0.0
rollmean2__protein_npx__P01034,0.0,0.0
slope1__peptide_log__LRTEGDGVYTLNNEK,0.0,0.0
slope1__peptide_log__LRTEGDGVYTLNNEKQWINK,0.0,0.0
slope1__peptide_log__LSNENHGIAQR,0.0,0.0
slope1__peptide_log__M(UniMod_35)ASGAANVVGPK,0.0,0.0
slope1__peptide_log__MYYSAVDPTKDIFTGLIGPM(UniMod_35)K,0.0,0.0
slope1__peptide_log__NFPPSQDASGDLYTTSSQLTLPATQC(UniMod_4)PDGK,0.0,0.0
slope1__peptide_log__NPDPWAK,0.0,0.0
slope1__peptide_log__NPDSSTTGPWC(UniMod_4)YTTDPTVR,0.0,0.0
slope1__peptide_log__QKVEPLRAELQEGAR,0.0,0.0
slope1__peptide_log__YVM(UniMod_35)LPVADQDQC(UniMod_4)IR,0.0,0.0
slope1__peptide_log__YVMLPVADQDQC(UniMod_4)IR,0.0,0.0
slope1__peptide_feature_count,0.0,0.0
slope1__peptide_log__SPVGVQPILNEHTFC(UniMod_4)AGMSK,0.0,0.0
slope1__current_medication_unknown,0.0,0.0
peptide_log__YVM(UniMod_35)LPVADQDQC(UniMod_4)IR,0.0,0.0
slope1__months_since_prev_visit,0.0,0.0
slope1__has_previous_visit,0.0,0.0
rollmean2__protein_npx__O00533,0.0,0.0
rollmean2__protein_npx__O15394,0.0,0.0
peptide_log__NFPPSQDASGDLYTTSSQLTLPATQC(UniMod_4)LAGK,0.0,0.0
peptide_log__QIGSVYR,0.0,0.0
peptide_log__TTPPVLDSDGSFFLYSR,0.0,0.0
peptide_log__VDSGNDVTDIADDGC(UniMod_4)PKPPEIAHGYVEHSVR,0.0,0.0
slope1__peptide_log__SLAAAAGKQELAK,0.0,0.0
slope1__peptide_log__SLAELGGHLDQQVEEFRR,0.0,0.0
slope1__peptide_missing_fraction,0.0,0.0
slope1__peptide_count__P14314,0.0,0.0
slope1__peptide_count__P14618,0.0,0.0
slope1__peptide_count__Q6UXD5,0.0,0.0
slope1__peptide_count__Q7Z3B1,0.0,0.0
slope1__peptide_count__Q7Z5P9,0.0,0.0
slope1__peptide_count__Q8IWV7,0.0,0.0
slope1__peptide_count__Q8N2S1,0.0,0.0
slope1__peptide_count__Q8NBJ4,0.0,0.0
slope1__peptide_count__Q8NE71,0.0,0.0
slope1__peptide_count__Q92520,0.0,0.0
slope1__peptide_count__Q92823,0.0,0.0
lag1__peptide_count__P17936,0.0,0.0
slope1__peptide_count__Q96BZ4,0.0,0.0
slope1__peptide_count__Q96KN2,0.0,0.0
slope1__peptide_count__Q96PD5,0.0,0.0
slope1__peptide_count__Q96S96,0.0,0.0
slope1__peptide_count__Q99435,0.0,0.0
slope1__peptide_count__Q99674,0.0,0.0
slope1__peptide_count__Q99683,0.0,0.0
slope1__peptide_count__Q99829,0.0,0.0
slope1__peptide_count__Q99832,0.0,0.0
slope1__peptide_count__Q99969,0.0,0.0
slope1__peptide_count__Q9BY67,0.0,0.0
slope1__peptide_count__Q9HDC9,0.0,0.0
slope1__peptide_count__Q92876,0.0,0.0
slope1__peptide_count__P61278,0.0,0.0
slope1__peptide_count__P61626,0.0,0.0
slope1__peptide_count__P61769,0.0,0.0
slope1__peptide_count__P61916,0.0,0.0
slope1__peptide_count__P80748,0.0,0.0
slope1__peptide_count__P98160,0.0,0.0
slope1__peptide_count__Q02818,0.0,0.0
slope1__peptide_count__Q06481,0.0,0.0
slope1__peptide_count__Q08380,0.0,0.0
slope1__peptide_count__Q12805,0.0,0.0
slope1__peptide_count__Q12841,0.0,0.0
slope1__peptide_count__P14174,0.0,0.0
slope1__peptide_count__Q13283,0.0,0.0
slope1__peptide_count__Q13332,0.0,0.0
slope1__peptide_count__Q13449,0.0,0.0
slope1__peptide_count__Q13451,0.0,0.0
slope1__peptide_count__Q13740,0.0,0.0
slope1__peptide_count__Q14118,0.0,0.0
slope1__peptide_count__Q14508,0.0,0.0
slope1__peptide_count__P19021,0.0,0.0
slope1__peptide_count__P13521,0.0,0.0
slope1__peptide_count__P13611,0.0,0.0
slope1__peptide_count__P13671,0.0,0.0
slope1__peptide_count__P13987,0.0,0.0
slope1__peptide_count__Q12907,0.0,0.0
slope1__peptide_count__Q14624,0.0,0.0
slope1__peptide_count__Q15904,0.0,0.0
slope1__peptide_count__Q16270,0.0,0.0
slope1__peptide_count__Q16610,0.0,0.0
slope1__peptide_count__Q562R1,0.0,0.0
slope1__peptide_count__Q6UX71,0.0,0.0
slope1__peptide_count__Q6UXB8,0.0,0.0
delta1__protein_npx__P04217,0.0,0.0
delta1__protein_npx__P05155,0.0,0.0
delta1__protein_npx__P02760,0.0,0.0
delta1__protein_npx__P02765,0.0,0.0
slope1__peptide_count__Q9NQ79,0.0,0.0
lag1__peptide_count__P19652,0.0,0.0
lag1__peptide_count__P19823,0.0,0.0
lag1__peptide_count__P19827,0.0,0.0
delta1__protein_npx__P04156,0.0,0.0
delta1__protein_npx__P04196,0.0,0.0
delta1__protein_npx__P04207,0.0,0.0
lag1__peptide_count__P24592,0.0,0.0
lag1__peptide_count__P25311,0.0,0.0
lag1__peptide_count__P27169,0.0,0.0
lag1__peptide_count__P30086,0.0,0.0
lag1__peptide_count__P16870,0.0,0.0
lag1__peptide_count__P17174,0.0,0.0
lag1__peptide_count__P19021,0.0,0.0
slope1__peptide_count__Q9NYU2,0.0,0.0
slope1__peptide_count__P36980,0.0,0.0
slope1__peptide_count__P39060,0.0,0.0
slope1__peptide_count__P40925,0.0,0.0
slope1__peptide_count__P43121,0.0,0.0
slope1__peptide_count__P43251,0.0,0.0
slope1__peptide_count__P43652,0.0,0.0
slope1__peptide_count__P49588,0.0,0.0
slope1__peptide_log__ATVNPSAPR,0.0,0.0
slope1__peptide_log__AVGDKLPEC(UniMod_4)EADDGC(UniMod_4)PKPPEIAHGYVEHSVR,0.0,0.0
slope1__peptide_log__AYKSELEEQLTPVAEETR,0.0,0.0
slope1__peptide_count__Q9UBR2,0.0,0.0
slope1__peptide_count__Q14515,0.0,0.0
slope1__peptide_count__Q9UHG2,0.0,0.0
slope1__peptide_count__Q9UKV8,0.0,0.0
slope1__peptide_log__DASGVTFTWTPSSGK,0.0,0.0
slope1__peptide_log__DSGFQM(UniMod_35)NQLR,0.0,0.0
slope1__peptide_log__EILSVDC(UniMod_4)STNNPSQAK,0.0,0.0
slope1__peptide_log__ADDKETC(UniMod_4)FAEEGK,0.0,0.0
months_since_prev_visit,0.0,0.0
has_previous_visit,0.0,0.0
lag1__protein_npx__O00391,0.0,0.0
lag1__protein_npx__O00533,0.0,0.0
lag1__protein_npx__O14773,0.0,0.0
slope1__peptide_log__C(UniMod_4)C(UniMod_4)VEC(UniMod_4)PPC(UniMod_4)PAPPVAGPSVFLFPPKPK,0.0,0.0
slope1__peptide_count__Q9UBX5,0.0,0.0
peptide_count__P19827,0.0,0.0
peptide_count__P20774,0.0,0.0
rollmean2__protein_npx__Q99829,0.0,0.0
rollmean2__protein_npx__Q9BY67,0.0,0.0
rollmean2__protein_npx__Q9UBX5,0.0,0.0
rollmean2__protein_npx__Q8NBJ4,0.0,0.0
rollmean2__protein_npx__Q8NE71,0.0,0.0
rollmean2__protein_npx__Q92823,0.0,0.0
peptide_count__P09104,0.0,0.0
rollmean2__protein_npx__Q9Y646,0.0,0.0
rollmean2__protein_feature_count,0.0,0.0
delta1__protein_npx__P01594,0.0,0.0
rollmean2__peptide_mean__O00391,0.0,0.0
rollmean2__protein_npx__Q99674,0.0,0.0
peptide_count__P40925,0.0,0.0
peptide_count__P41222,0.0,0.0
peptide_count__P43121,0.0,0.0
peptide_count__P43251,0.0,0.0
rollmean2__peptide_mean__O00533,0.0,0.0
peptide_count__P08571,0.0,0.0
peptide_count__P08637,0.0,0.0
peptide_count__P54289,0.0,0.0
peptide_count__P55290,0.0,0.0
peptide_count__P60174,0.0,0.0
rollmean2__peptide_observation_count,0.0,0.0
peptide_count__Q8NBJ4,0.0,0.0
peptide_count__Q8NE71,0.0,0.0
rollmean2__protein_npx__P09104,0.0,0.0
rollmean2__protein_npx__P09486,0.0,0.0
peptide_count__Q15904,0.0,0.0
rollmean2__protein_npx__Q12805,0.0,0.0
rollmean2__protein_npx__Q12907,0.0,0.0
rollmean2__protein_npx__Q13283,0.0,0.0
rollmean2__protein_npx__Q13740,0.0,0.0
peptide_count__P43652,0.0,0.0
peptide_count__P49588,0.0,0.0
peptide_count__P19823,0.0,0.0
peptide_count__P51884,0.0,0.0
rollmean2__protein_npx__P20933,0.0,0.0
rollmean2__protein_npx__Q15904,0.0,0.0
rollmean2__protein_npx__Q7Z3B1,0.0,0.0
peptide_count__P61626,0.0,0.0
rollmean2__protein_npx__P35542,0.0,0.0
rollmean2__protein_npx__P13987,0.0,0.0
rollmean2__protein_npx__P16070,0.0,0.0
rollmean2__protein_npx__P16870,0.0,0.0
rollmean2__protein_npx__P61916,0.0,0.0
rollmean2__protein_npx__Q02818,0.0,0.0
peptide_count__P19021,0.0,0.0
peptide_count__P49908,0.0,0.0
rollmean2__protein_npx__Q92876,0.0,0.0
lag1__peptide_log__TTPPVLDSDGSFFLYSR,0.0,0.0
lag1__peptide_log__TVVQPSVGAAAGPVVPPC(UniMod_4)PGR,0.0,0.0
lag1__peptide_log__VDNALQSGNSQESVTEQDSKDSTYSLSSTLTLSK,0.0,0.0
lag1__peptide_count__Q13283,0.0,0.0
lag1__peptide_count__Q13332,0.0,0.0
lag1__peptide_count__Q13449,0.0,0.0
lag1__peptide_count__Q13451,0.0,0.0
peptide_count__P10909,0.0,0.0
peptide_count__P11142,0.0,0.0
peptide_count__P11277,0.0,0.0
peptide_count__P61278,0.0,0.0
peptide_count__P13473,0.0,0.0
peptide_count__P13521,0.0,0.0
peptide_count__P05155,0.0,0.0
peptide_count__P05156,0.0,0.0
peptide_count__P13671,0.0,0.0
peptide_count__P13987,0.0,0.0
peptide_count__P14174,0.0,0.0
peptide_count__P14314,0.0,0.0
peptide_count__P16035,0.0,0.0
peptide_count__P16070,0.0,0.0
peptide_count__P10451,0.0,0.0
peptide_count__P10643,0.0,0.0
peptide_count__P12109,0.0,0.0
peptide_count__P36222,0.0,0.0
peptide_count__P36955,0.0,0.0
peptide_count__P36980,0.0,0.0
peptide_count__P39060,0.0,0.0
lag1__peptide_count__P61278,0.0,0.0
lag1__peptide_count__P61626,0.0,0.0
lag1__peptide_count__P61769,0.0,0.0
lag1__peptide_count__P61916,0.0,0.0
delta1__protein_npx__O75326,0.0,0.0
delta1__protein_npx__O94919,0.0,0.0
delta1__protein_npx__P00450,0.0,0.0
lag1__peptide_count__Q08380,0.0,0.0
lag1__peptide_count__Q02818,0.0,0.0
lag1__peptide_count__Q12841,0.0,0.0
lag1__peptide_count__Q12907,0.0,0.0
delta1__protein_npx__P00751,0.0,0.0
delta1__protein_npx__P01009,0.0,0.0
lag1__peptide_count__P55290,0.0,0.0
lag1__peptide_count__P60174,0.0,0.0
lag1__peptide_count__Q13740,0.0,0.0
lag1__peptide_count__Q14118,0.0,0.0
lag1__peptide_count__Q14508,0.0,0.0
lag1__peptide_count__Q14515,0.0,0.0
lag1__peptide_count__P80748,0.0,0.0
lag1__peptide_count__P98160,0.0,0.0
lag1__peptide_count__Q12805,0.0,0.0
peptide_count__Q92823,0.0,0.0
peptide_count__Q92876,0.0,0.0
peptide_count__Q96BZ4,0.0,0.0
peptide_count__Q96PD5,0.0,0.0
peptide_count__Q96S96,0.0,0.0
peptide_count__Q99435,0.0,0.0
peptide_count__Q99674,0.0,0.0
peptide_count__Q99829,0.0,0.0
missing__peptide_log__TSPVDEKALQDQLVLVAAK,0.0,0.0
peptide_count__Q99969,0.0,0.0
peptide_count__Q9BY67,0.0,0.0
peptide_count__Q8N2S1,0.0,0.0
peptide_count__Q9NQ79,0.0,0.0
peptide_count__Q9NYU2,0.0,0.0
peptide_count__Q9UBX5,0.0,0.0
peptide_count__Q9UHG2,0.0,0.0
peptide_count__Q9UKV8,0.0,0.0
peptide_count__Q9UNU6,0.0,0.0
peptide_count__Q9Y646,0.0,0.0
peptide_count__Q9Y6R7,0.0,0.0
peptide_log__AATVGSLAGQPLQER,0.0,0.0
peptide_count__Q99683,0.0,0.0
peptide_log__C(UniMod_4)KPVNTFVHEPLVDVQNVC(UniMod_4)FQEK,0.0,0.0
peptide_log__C(UniMod_4)REILSVDC(UniMod_4)STNNPSQAK,0.0,0.0
peptide_count__Q9HDC9,0.0,0.0
delta1__protein_npx__P01717,0.0,0.0
lag1__peptide_count__Q14624,0.0,0.0
lag1__peptide_count__Q15904,0.0,0.0
lag1__peptide_count__Q16270,0.0,0.0
lag1__peptide_count__Q16610,0.0,0.0
lag1__peptide_count__Q562R1,0.0,0.0
peptide_log__C(UniMod_4)DSSPDSAEDVRK,0.0,0.0
delta1__protein_npx__P01877,0.0,0.0
delta1__protein_npx__P02647,0.0,0.0
lag1__peptide_count__Q7Z3B1,0.0,0.0
lag1__peptide_count__Q7Z5P9,0.0,0.0
delta1__protein_npx__P02655,0.0,0.0
delta1__protein_npx__P01031,0.0,0.0
delta1__protein_npx__P02675,0.0,0.0
delta1__protein_npx__P02748,0.0,0.0
delta1__protein_npx__P02750,0.0,0.0
delta1__protein_npx__P01780,0.0,0.0
delta1__protein_npx__P01833,0.0,0.0
delta1__protein_npx__P01834,0.0,0.0
delta1__protein_npx__P01857,0.0,0.0
rollmean2__protein_npx__P00734,0.0,0.0
peptide_log__AYQGVAAPFPK,0.0,0.0
delta1__protein_npx__P00746,0.0,0.0
delta1__protein_npx__P02652,0.0,0.0
delta1__protein_npx__P01024,0.0,0.0
peptide_count__P23142,0.0,0.0
peptide_count__P24592,0.0,0.0
peptide_count__P27169,0.0,0.0
peptide_count__P31997,0.0,0.0
peptide_count__P32754,0.0,0.0
peptide_count__P35542,0.0,0.0
rollmean2__protein_npx__P61769,0.0,0.0
peptide_count__Q13449,0.0,0.0
peptide_count__Q13451,0.0,0.0
peptide_count__Q13740,0.0,0.0
peptide_count__Q14118,0.0,0.0
peptide_log__ADDKETC(UniMod_4)FAEEGK,0.0,0.0
peptide_count__Q14515,0.0,0.0
peptide_count__Q14624,0.0,0.0
peptide_count__P20933,0.0,0.0
peptide_count__Q16270,0.0,0.0
peptide_count__Q16610,0.0,0.0
peptide_count__Q562R1,0.0,0.0
peptide_count__Q6UX71,0.0,0.0
peptide_count__Q6UXB8,0.0,0.0
peptide_count__Q6UXD5,0.0,0.0
peptide_count__Q7Z3B1,0.0,0.0
peptide_count__Q13332,0.0,0.0
peptide_count__Q8IWV7,0.0,0.0
peptide_count__Q14508,0.0,0.0
rollmean2__protein_npx__P02656,0.0,0.0
rollmean2__protein_npx__P02750,0.0,0.0
rollmean2__protein_npx__P02765,0.0,0.0
peptide_count__Q9UBR2,0.0,0.0
rollmean2__protein_npx__P10645,0.0,0.0
rollmean2__protein_npx__P13473,0.0,0.0
rollmean2__protein_npx__P13591,0.0,0.0
peptide_count__Q7Z5P9,0.0,0.0
rollmean2__protein_npx__P06396,0.0,0.0
rollmean2__protein_npx__P07195,0.0,0.0
rollmean2__protein_npx__P04075,0.0,0.0
rollmean2__protein_npx__P05067,0.0,0.0
peptide_count__P23083,0.0,0.0
rollmean2__protein_npx__P07711,0.0,0.0
peptide_count__P61769,0.0,0.0
peptide_count__P80748,0.0,0.0
rollmean2__protein_npx__P05452,0.0,0.0
peptide_count__Q02818,0.0,0.0
peptide_count__Q06481,0.0,0.0
peptide_count__Q08380,0.0,0.0
peptide_count__Q12805,0.0,0.0
peptide_count__Q12841,0.0,0.0
peptide_count__Q12907,0.0,0.0
peptide_count__Q13283,0.0,0.0
rollmean2__protein_npx__P07225,0.0,0.0
rollmean2__protein_npx__P10451,0.0,0.0
slope1__peptide_mean__Q8IWV7,0.0,0.0
lag1__protein_npx__P13591,0.0,0.0
slope1__peptide_mean__Q12907,0.0,0.0
slope1__peptide_mean__Q13283,0.0,0.0
slope1__peptide_mean__Q13449,0.0,0.0
lag1__protein_npx__P16035,0.0,0.0
lag1__protein_npx__P16070,0.0,0.0
lag1__protein_npx__P16152,0.0,0.0
lag1__protein_npx__P17174,0.0,0.0
slope1__peptide_mean__Q14515,0.0,0.0
slope1__peptide_mean__Q15904,0.0,0.0
slope1__peptide_count__P60174,0.0,0.0
slope1__peptide_mean__Q562R1,0.0,0.0
lag1__protein_npx__P55290,0.0,0.0
lag1__protein_npx__P61278,0.0,0.0
lag1__protein_npx__P61916,0.0,0.0
lag1__protein_npx__Q02818,0.0,0.0
lag1__protein_npx__P14174,0.0,0.0
lag1__protein_npx__P14618,0.0,0.0
lag1__protein_npx__Q08380,0.0,0.0
lag1__protein_npx__Q12805,0.0,0.0
lag1__protein_npx__Q12841,0.0,0.0
lag1__protein_npx__Q13451,0.0,0.0
lag1__protein_npx__P49908,0.0,0.0
slope1__peptide_mean__Q16610,0.0,0.0
slope1__peptide_mean__P04180,0.0,0.0
slope1__peptide_mean__P04196,0.0,0.0
lag1__protein_npx__Q92876,0.0,0.0
lag1__protein_npx__Q96KN2,0.0,0.0
slope1__peptide_mean__P43251,0.0,0.0
slope1__peptide_mean__P43652,0.0,0.0
slope1__peptide_mean__P17936,0.0,0.0
slope1__peptide_mean__P08123,0.0,0.0
slope1__peptide_mean__P35542,0.0,0.0
slope1__peptide_mean__P36955,0.0,0.0
slope1__peptide_mean__P40925,0.0,0.0
slope1__peptide_mean__Q6UXB8,0.0,0.0
slope1__peptide_mean__P09104,0.0,0.0
slope1__peptide_mean__P09486,0.0,0.0
slope1__peptide_mean__P10451,0.0,0.0
slope1__peptide_mean__P06727,0.0,0.0
slope1__peptide_mean__P07195,0.0,0.0
slope1__peptide_mean__P07339,0.0,0.0
slope1__peptide_mean__P14174,0.0,0.0
slope1__peptide_mean__P14314,0.0,0.0
slope1__peptide_mean__P08253,0.0,0.0
slope1__peptide_mean__P08603,0.0,0.0
slope1__peptide_mean__P08637,0.0,0.0
slope1__peptide_mean__Q6UX71,0.0,0.0
slope1__peptide_mean__P41222,0.0,0.0
lag1__protein_npx__P20933,0.0,0.0
lag1__protein_npx__P31997,0.0,0.0
lag1__protein_npx__P35542,0.0,0.0
lag1__protein_npx__P36955,0.0,0.0
slope1__peptide_mean__Q8NBJ4,0.0,0.0
slope1__peptide_mean__Q8NE71,0.0,0.0
slope1__peptide_std__O14773,0.0,0.0
slope1__peptide_std__O94919,0.0,0.0
slope1__peptide_mean__Q99674,0.0,0.0
slope1__peptide_mean__Q99683,0.0,0.0
slope1__peptide_mean__Q99829,0.0,0.0
lag1__protein_npx__P54289,0.0,0.0
lag1__peptide_count__P32754,0.0,0.0
lag1__peptide_count__P35542,0.0,0.0
lag1__peptide_count__P36222,0.0,0.0
lag1__peptide_count__P36955,0.0,0.0
slope1__peptide_mean__P61769,0.0,0.0
slope1__peptide_mean__Q02818,0.0,0.0
slope1__peptide_mean__Q9UKV8,0.0,0.0
slope1__peptide_std__P07225,0.0,0.0
lag1__protein_npx__P02760,0.0,0.0
slope1__peptide_std__P01877,0.0,0.0
slope1__peptide_std__P02452,0.0,0.0
slope1__peptide_std__P02647,0.0,0.0
slope1__peptide_mean__Q99832,0.0,0.0
lag1__peptide_count__P43121,0.0,0.0
lag1__peptide_count__P43251,0.0,0.0
lag1__peptide_count__P49588,0.0,0.0
lag1__peptide_count__P49908,0.0,0.0
lag1__peptide_count__P51884,0.0,0.0
lag1__peptide_count__P54289,0.0,0.0
lag1__peptide_count__P31997,0.0,0.0
delta1__protein_npx__P05408,0.0,0.0
delta1__protein_npx__P05546,0.0,0.0
delta1__protein_npx__P06310,0.0,0.0
delta1__protein_npx__P06454,0.0,0.0
delta1__protein_npx__P07225,0.0,0.0
lag1__protein_npx__P20774,0.0,0.0
lag1__peptide_count__P41222,0.0,0.0
delta1__protein_npx__P02792,0.0,0.0
delta1__protein_npx__P07858,0.0,0.0
delta1__protein_npx__P08133,0.0,0.0
delta1__protein_npx__P08253,0.0,0.0
delta1__protein_npx__P09104,0.0,0.0
slope1__peptide_mean__P49588,0.0,0.0
slope1__peptide_mean__P49908,0.0,0.0
slope1__peptide_mean__P61278,0.0,0.0
delta1__protein_npx__P02774,0.0,0.0
lag1__protein_npx__P17936,0.0,0.0
lag1__protein_npx__P19021,0.0,0.0
delta1__protein_npx__P07333,0.0,0.0
delta1__protein_npx__P13611,0.0,0.0
delta1__protein_npx__P14314,0.0,0.0
delta1__protein_npx__P36222,0.0,0.0
delta1__protein_npx__P43121,0.0,0.0
delta1__protein_npx__P43251,0.0,0.0
delta1__protein_npx__P49588,0.0,0.0
delta1__protein_npx__P55290,0.0,0.0
lag1__peptide_mean__P00748,0.0,0.0
lag1__peptide_mean__P01031,0.0,0.0
lag1__peptide_mean__P01033,0.0,0.0
lag1__peptide_count__P36980,0.0,0.0
slope1__peptide_mean__P04156,0.0,0.0
lag1__peptide_count__P40925,0.0,0.0
delta1__protein_npx__P35542,0.0,0.0
slope1__peptide_mean__P01009,0.0,0.0
slope1__peptide_mean__P01011,0.0,0.0
slope1__peptide_mean__O00391,0.0,0.0
slope1__peptide_mean__O14791,0.0,0.0
slope1__peptide_mean__O75144,0.0,0.0
slope1__peptide_mean__P01780,0.0,0.0
slope1__peptide_mean__P01834,0.0,0.0
lag1__protein_npx__Q9UBR2,0.0,0.0
slope1__peptide_mean__O75326,0.0,0.0
slope1__peptide_mean__P00734,0.0,0.0
lag1__peptide_count__P39060,0.0,0.0
slope1__protein_npx__Q9BY67,0.0,0.0
slope1__protein_npx__Q9HDC9,0.0,0.0
lag1__peptide_mean__P02787,0.0,0.0
lag1__peptide_mean__P04075,0.0,0.0
lag1__peptide_mean__P04156,0.0,0.0
lag1__peptide_mean__P04216,0.0,0.0
slope1__protein_npx__Q13332,0.0,0.0
slope1__protein_npx__Q13451,0.0,0.0
slope1__protein_npx__Q13740,0.0,0.0
slope1__protein_npx__Q14508,0.0,0.0
slope1__protein_npx__Q14624,0.0,0.0
delta1__protein_npx__P32754,0.0,0.0
lag1__peptide_mean__P02768,0.0,0.0
delta1__protein_npx__P14618,0.0,0.0
delta1__protein_npx__P16035,0.0,0.0
delta1__protein_npx__P16070,0.0,0.0
delta1__protein_npx__P17936,0.0,0.0
delta1__protein_npx__P09486,0.0,0.0
delta1__protein_npx__P10451,0.0,0.0
delta1__protein_npx__P10645,0.0,0.0
delta1__protein_npx__P19652,0.0,0.0
delta1__protein_npx__P19823,0.0,0.0
delta1__protein_npx__P27169,0.0,0.0
delta1__protein_npx__P30086,0.0,0.0
lag1__peptide_mean__P02760,0.0,0.0
lag1__peptide_mean__P00736,0.0,0.0
slope1__peptide_mean__P01859,0.0,0.0
slope1__peptide_mean__P02792,0.0,0.0
lag1__protein_npx__Q14624,0.0,0.0
lag1__protein_npx__Q15904,0.0,0.0
lag1__protein_npx__Q16270,0.0,0.0
lag1__protein_npx__P43251,0.0,0.0
lag1__protein_npx__P49588,0.0,0.0
slope1__peptide_mean__P10909,0.0,0.0
slope1__peptide_mean__P13591,0.0,0.0
slope1__peptide_mean__P13611,0.0,0.0
slope1__peptide_mean__P00736,0.0,0.0
slope1__peptide_mean__P16070,0.0,0.0
lag1__protein_npx__P36980,0.0,0.0
lag1__protein_npx__P40925,0.0,0.0
lag1__protein_npx__Q96PD5,0.0,0.0
lag1__protein_npx__Q96S96,0.0,0.0
lag1__protein_npx__Q99674,0.0,0.0
lag1__protein_npx__Q99683,0.0,0.0
lag1__protein_npx__Q99829,0.0,0.0
lag1__protein_npx__Q16610,0.0,0.0
lag1__protein_npx__Q562R1,0.0,0.0
lag1__protein_npx__Q6UX71,0.0,0.0
lag1__protein_npx__Q9NYU2,0.0,0.0
lag1__protein_npx__Q6UXD5,0.0,0.0
slope1__peptide_mean__P00738,0.0,0.0
slope1__peptide_mean__P00751,0.0,0.0
lag1__peptide_abundance_std,0.0,0.0
slope1__peptide_mean__P01031,0.0,0.0
slope1__peptide_mean__P01034,0.0,0.0
slope1__peptide_mean__P01591,0.0,0.0
lag1__peptide_mean__P01034,0.0,0.0
lag1__peptide_mean__P01344,0.0,0.0
lag1__peptide_mean__P01591,0.0,0.0
lag1__protein_npx__Q9UHG2,0.0,0.0
lag1__protein_npx__Q9UKV8,0.0,0.0
lag1__protein_npx__Q9Y646,0.0,0.0
lag1__peptide_mean__P00450,0.0,0.0
slope1__peptide_mean__P05155,0.0,0.0
slope1__peptide_mean__P05452,0.0,0.0
slope1__peptide_mean__P05546,0.0,0.0
slope1__peptide_mean__P06310,0.0,0.0
slope1__peptide_mean__P06396,0.0,0.0
lag1__peptide_mean__O00584,0.0,0.0
lag1__peptide_mean__O60888,0.0,0.0
lag1__peptide_mean__O75144,0.0,0.0
slope1__peptide_mean__P02652,0.0,0.0
slope1__peptide_mean__P02656,0.0,0.0
slope1__peptide_mean__P02671,0.0,0.0
slope1__peptide_mean__P02765,0.0,0.0
slope1__peptide_mean__P05067,0.0,0.0
slope1__peptide_count__P05155,0.0,0.0
slope1__peptide_count__P05156,0.0,0.0
slope1__peptide_count__P01717,0.0,0.0
slope1__peptide_count__P01780,0.0,0.0
slope1__peptide_count__P01833,0.0,0.0
slope1__peptide_count__P01011,0.0,0.0
slope1__peptide_count__P01019,0.0,0.0
slope1__peptide_count__P01031,0.0,0.0
slope1__peptide_count__P01033,0.0,0.0
slope1__peptide_count__P08697,0.0,0.0
slope1__peptide_count__P09104,0.0,0.0
slope1__peptide_std__P02649,0.0,0.0
slope1__peptide_count__P07339,0.0,0.0
slope1__peptide_count__P07602,0.0,0.0
slope1__peptide_count__P07711,0.0,0.0
slope1__peptide_count__P07858,0.0,0.0
slope1__peptide_count__P07998,0.0,0.0
slope1__peptide_count__P11277,0.0,0.0
slope1__peptide_count__P12109,0.0,0.0
slope1__peptide_count__P13473,0.0,0.0
slope1__peptide_count__P08294,0.0,0.0
slope1__peptide_count__P08493,0.0,0.0
slope1__peptide_count__P08571,0.0,0.0
slope1__peptide_count__P08603,0.0,0.0
slope1__peptide_count__P09871,0.0,0.0
slope1__peptide_count__O00391,0.0,0.0
slope1__peptide_count__O00533,0.0,0.0
slope1__peptide_count__O14498,0.0,0.0
slope1__peptide_count__O14773,0.0,0.0
slope1__peptide_count__O14791,0.0,0.0
slope1__peptide_count__O15240,0.0,0.0
slope1__peptide_count__P04275,0.0,0.0
slope1__peptide_count__P04406,0.0,0.0
slope1__peptide_count__P04433,0.0,0.0
slope1__peptide_count__P02790,0.0,0.0
slope1__peptide_count__P02792,0.0,0.0
slope1__peptide_count__P05090,0.0,0.0
slope1__peptide_count__P05452,0.0,0.0
slope1__peptide_count__P05546,0.0,0.0
slope1__peptide_count__P04196,0.0,0.0
slope1__peptide_count__P04207,0.0,0.0
slope1__peptide_count__P04211,0.0,0.0
slope1__peptide_count__P04216,0.0,0.0
slope1__peptide_count__P04217,0.0,0.0
slope1__peptide_count__P01034,0.0,0.0
slope1__peptide_count__P01042,0.0,0.0
slope1__peptide_count__P01344,0.0,0.0
slope1__peptide_count__P05060,0.0,0.0
slope1__peptide_count__P05067,0.0,0.0
slope1__peptide_count__P05408,0.0,0.0
slope1__peptide_count__P19827,0.0,0.0
slope1__peptide_count__P20774,0.0,0.0
slope1__peptide_count__P20933,0.0,0.0
slope1__peptide_count__P23083,0.0,0.0
slope1__peptide_count__P07195,0.0,0.0
slope1__peptide_count__P07225,0.0,0.0
slope1__peptide_count__P07333,0.0,0.0
slope1__peptide_count__P25311,0.0,0.0
slope1__peptide_count__P27169,0.0,0.0
slope1__peptide_count__P30086,0.0,0.0
slope1__peptide_count__P31997,0.0,0.0
slope1__peptide_count__P08637,0.0,0.0
slope1__peptide_count__P08123,0.0,0.0
slope1__peptide_count__P08133,0.0,0.0
slope1__peptide_count__P08253,0.0,0.0
slope1__peptide_count__P06310,0.0,0.0
slope1__peptide_count__P06396,0.0,0.0
slope1__peptide_count__P06454,0.0,0.0
slope1__peptide_count__P06681,0.0,0.0
slope1__peptide_count__P06727,0.0,0.0
slope1__peptide_count__P49908,0.0,0.0
slope1__peptide_count__P51884,0.0,0.0
slope1__peptide_count__P54289,0.0,0.0
slope1__peptide_count__P55290,0.0,0.0
slope1__peptide_count__P32754,0.0,0.0
slope1__peptide_count__P02760,0.0,0.0
slope1__peptide_count__P02763,0.0,0.0
slope1__peptide_count__P02765,0.0,0.0
slope1__peptide_count__P10451,0.0,0.0
slope1__peptide_count__P10643,0.0,0.0
slope1__peptide_count__P10645,0.0,0.0
slope1__peptide_count__P10909,0.0,0.0
slope1__peptide_count__P11142,0.0,0.0
slope1__peptide_count__P04075,0.0,0.0
slope1__peptide_count__P04156,0.0,0.0
slope1__peptide_count__P04180,0.0,0.0
slope1__peptide_count__P02749,0.0,0.0
slope1__peptide_count__P19652,0.0,0.0
slope1__peptide_count__P02751,0.0,0.0
slope1__peptide_count__P02753,0.0,0.0
slope1__peptide_count__P24592,0.0,0.0
slope1__peptide_count__P16035,0.0,0.0
slope1__peptide_count__P16152,0.0,0.0
slope1__peptide_count__P16870,0.0,0.0
slope1__peptide_count__P17174,0.0,0.0
slope1__peptide_count__P17936,0.0,0.0
slope1__peptide_count__P18065,0.0,0.0
slope1__peptide_count__P35542,0.0,0.0
slope1__peptide_count__P36222,0.0,0.0
slope1__peptide_count__P36955,0.0,0.0
slope1__peptide_count__P02750,0.0,0.0
lag1__protein_npx__P12109,0.0,0.0
slope1__peptide_std__P02747,0.0,0.0
slope1__peptide_std__P02763,0.0,0.0
lag1__protein_npx__P09104,0.0,0.0
slope1__peptide_std__P02766,0.0,0.0
slope1__peptide_std__P02787,0.0,0.0
slope1__peptide_std__P02790,0.0,0.0
slope1__peptide_std__P04075,0.0,0.0
slope1__peptide_std__P05067,0.0,0.0
lag1__protein_npx__P01594,0.0,0.0
lag1__protein_npx__P01608,0.0,0.0
slope1__peptide_count__P02656,0.0,0.0
slope1__peptide_std__Q16270,0.0,0.0
slope1__peptide_std__Q92876,0.0,0.0
lag1__protein_npx__P04156,0.0,0.0
lag1__protein_npx__P04196,0.0,0.0
lag1__protein_npx__P04216,0.0,0.0
slope1__peptide_std__Q9UHG2,0.0,0.0
lag1__protein_npx__P01031,0.0,0.0
lag1__protein_npx__P01034,0.0,0.0
lag1__protein_npx__P01042,0.0,0.0
lag1__protein_npx__P01591,0.0,0.0
lag1__protein_npx__P05408,0.0,0.0
lag1__protein_npx__P06310,0.0,0.0
lag1__protein_npx__P01833,0.0,0.0
slope1__peptide_std__P02679,0.0,0.0
slope1__peptide_std__P00441,0.0,0.0
slope1__peptide_std__P00747,0.0,0.0
slope1__peptide_std__P01009,0.0,0.0
lag1__protein_npx__P07195,0.0,0.0
lag1__protein_npx__P07333,0.0,0.0
lag1__protein_npx__P07602,0.0,0.0
lag1__protein_npx__P07858,0.0,0.0
slope1__peptide_std__P01857,0.0,0.0
slope1__peptide_std__P01859,0.0,0.0
slope1__peptide_std__P01860,0.0,0.0
lag1__protein_npx__P11142,0.0,0.0
lag1__protein_npx__P08133,0.0,0.0
lag1__protein_npx__P08294,0.0,0.0
lag1__protein_npx__P08493,0.0,0.0
lag1__protein_npx__P08697,0.0,0.0
slope1__peptide_std__P14314,0.0,0.0
slope1__peptide_std__P17174,0.0,0.0
slope1__peptide_std__P20774,0.0,0.0
slope1__peptide_std__P25311,0.0,0.0
slope1__peptide_std__P08493,0.0,0.0
slope1__peptide_std__P08603,0.0,0.0
lag1__protein_npx__P10451,0.0,0.0
lag1__protein_npx__P10909,0.0,0.0
lag1__protein_npx__P08123,0.0,0.0
slope1__peptide_std__P41222,0.0,0.0
slope1__peptide_std__P51884,0.0,0.0
slope1__peptide_std__P55290,0.0,0.0
slope1__peptide_std__Q12841,0.0,0.0
slope1__peptide_std__Q12907,0.0,0.0
slope1__peptide_std__Q13740,0.0,0.0
slope1__peptide_count__P01876,0.0,0.0
slope1__peptide_count__P01877,0.0,0.0
slope1__peptide_count__P02452,0.0,0.0
slope1__peptide_count__P02647,0.0,0.0
slope1__peptide_count__P01591,0.0,0.0
slope1__peptide_std__P07711,0.0,0.0
slope1__peptide_count__P01608,0.0,0.0
slope1__peptide_count__P01621,0.0,0.0
slope1__peptide_count__P02675,0.0,0.0
slope1__peptide_count__P02679,0.0,0.0
slope1__peptide_count__P02747,0.0,0.0
slope1__peptide_count__P01857,0.0,0.0
slope1__peptide_count__P01859,0.0,0.0
slope1__peptide_count__P01860,0.0,0.0
slope1__peptide_count__P01861,0.0,0.0
lag1__protein_npx__P02649,0.0,0.0
slope1__peptide_count__P02652,0.0,0.0
slope1__peptide_count__P02655,0.0,0.0
slope1__peptide_count__P01594,0.0,0.0
lag1__protein_npx__P02774,0.0,0.0
lag1__protein_npx__P02792,0.0,0.0
slope1__peptide_std__P09486,0.0,0.0
slope1__peptide_std__P10643,0.0,0.0
slope1__peptide_std__P13591,0.0,0.0
lag1__protein_npx__P04275,0.0,0.0
lag1__protein_npx__P04406,0.0,0.0
lag1__protein_npx__P05090,0.0,0.0
slope1__peptide_count__O43505,0.0,0.0
slope1__peptide_count__O60888,0.0,0.0
slope1__peptide_count__O75144,0.0,0.0
slope1__peptide_count__O75326,0.0,0.0
slope1__peptide_std__P36222,0.0,0.0
slope1__peptide_count__P00734,0.0,0.0
slope1__peptide_count__P00736,0.0,0.0
slope1__peptide_count__P00738,0.0,0.0
slope1__peptide_count__P00746,0.0,0.0
slope1__peptide_count__P00747,0.0,0.0
slope1__peptide_count__P00748,0.0,0.0
slope1__peptide_count__P01008,0.0,0.0
slope1__peptide_count__P01009,0.0,0.0
slope1__peptide_count__O15394,0.0,0.0
slope1__peptide_std__Q14515,0.0,0.0
slope1__peptide_std__P27169,0.0,0.0
slope1__peptide_std__P30086,0.0,0.0
slope1__peptide_count__P00441,0.0,0.0
