feature,importance_mean,importance_std
current_updrs_3,0.5961090105146376,0.0
rollmean2__current_updrs_3,0.22060516403730762,0.0
lag1__protein_npx__Q9NQ79,0.0019324001763626165,0.0
rollmean2__peptide_mean__P04075,0.001825227884581177,0.0
rollmean2__peptide_std__Q92823,0.0010363537890036504,0.0
delta1__peptide_log__KAADDTWEPFASGK,0.0009111883628443717,0.0
delta1__peptide_log__M(UniMod_35)YLGYEYVTAIR,0.0008733808176147382,0.0
peptide_std__P05546,0.0006777361131056654,0.0
lag1__peptide_mean__P04075,0.0006642135111821316,0.0
rollmean2__peptide_mean__P11142,0.0006610688840724821,0.0
slope1__protein_npx__P80748,0.0006368714308148291,0.0
peptide_std__P07602,0.0006178370663978557,0.0
rollmean2__protein_npx__Q6UXB8,0.0005870688761473126,0.0
delta1__protein_npx__P02647,0.0005487917201039778,0.0
lag1__peptide_log__TM(UniMod_35)LLQPAGSLGSYSYR,0.0004979975230835373,0.0
rollmean2__peptide_std__P10645,0.0004966646047987148,0.0
slope1__peptide_mean__Q14515,0.0004894427418302845,0.0
rollmean2__peptide_std__P07602,0.00046536383341190155,0.0
peptide_std__P10645,0.00042977349225952496,0.0
peptide_log__AATVGSLAGQPLQER,0.00041913747026311093,0.0
delta1__peptide_log__QKVEPLRAELQEGAR,0.00041427776166423933,0.0
delta1__peptide_log__DSGEGDFLAEGGGVR,0.000401518926000007,0.0
slope1__peptide_std__P07225,0.0003978756268088251,0.0
lag1__peptide_log__IHWESASLLR,0.000394737136675165,0.0
protein_npx__Q08380,0.0003940295266208057,0.0
delta1__peptide_mean__P13987,0.0003798014130919632,0.0
protein_npx__O15394,0.0003783336115385884,0.0
delta1__peptide_mean__Q14508,0.00037157046980471097,0.0
rollmean2__peptide_mean__Q08380,0.0003639199299611085,0.0
peptide_mean__O15394,0.0003633797854016357,0.0
rollmean2__peptide_log__AATVGSLAGQPLQER,0.00035840288084845517,0.0
lag1__peptide_std__P25311,0.00035640233798461097,0.0
peptide_mean__P11142,0.00033686882589766226,0.0
lag1__peptide_std__P12109,0.0003280132511969315,0.0
delta1__peptide_count__P00751,0.0003221245345507687,0.0
peptide_log__C(UniMod_4)IIEVLSNALSK,0.00031803631077531385,0.0
rollmean2__peptide_log__SWFEPLVEDM(UniMod_35)QR,0.00031593778877852895,0.0
slope1__current_updrs_1,0.0003045469268769138,0.0
peptide_std__P01876,0.00030382234595635425,0.0
rollmean2__peptide_mean__Q6UXB8,0.0003034685757569762,0.0
lag1__peptide_log__TPLGDTTHTC(UniMod_4)PR,0.00030119654000344435,0.0
slope1__current_medication_unknown,0.00030029908449237216,0.0
rollmean2__peptide_std__P55290,0.0002985623608075759,0.0
rollmean2__peptide_std__P13591,0.00029807810834108666,0.0
peptide_std__Q16610,0.0002963243487104106,0.0
slope1__peptide_mean__P80748,0.00029189374615114564,0.0
delta1__protein_npx__P01861,0.00029035834983882203,0.0
delta1__peptide_std__P02790,0.0002893672137301117,0.0
lag1__peptide_log__AYKSELEEQLTPVAEETR,0.00028847321259257676,0.0
delta1__peptide_log__LVGGPM(UniMod_35)DASVEEEGVRR,0.0002855883345018173,0.0
lag1__peptide_mean__P25311,0.0002821784830529186,0.0
slope1__peptide_log__KFPSGTFEQVSQLVK,0.00028149361091164393,0.0
rollmean2__protein_npx__O14773,0.00027896475512633514,0.0
peptide_log__SLAELGGHLDQQVEEFRR,0.00027801873281625315,0.0
lag1__protein_npx__Q06481,0.0002729773625012788,0.0
peptide_log__DSGEGDFLAEGGGVR,0.00027277458691345993,0.0
lag1__peptide_mean__P61916,0.0002718706301310756,0.0
rollmean2__peptide_log__LPPTSAHGNVAEGETKPDPDVTER,0.00027164602982530434,0.0
rollmean2__peptide_std__P02679,0.00026727091900672826,0.0
lag1__protein_npx__P25311,0.00026679968052520093,0.0
peptide_std__Q9Y6R7,0.00026071072303077234,0.0
lag1__peptide_log__QIGSVYR,0.00026046132633449087,0.0
peptide_mean__Q9HDC9,0.00025705687427801644,0.0
lag1__peptide_log__LGADMEDVC(UniMod_4)GR,0.0002509784570652545,0.0
delta1__peptide_mean__P02766,0.0002466758727382505,0.0
rollmean2__peptide_std__P02675,0.00024458341568754156,0.0
rollmean2__peptide_std__P02753,0.00024411663702277798,0.0
delta1__peptide_std__Q06481,0.00024410398482147805,0.0
rollmean2__peptide_mean__Q16610,0.00024267982271485372,0.0
protein_npx__Q6UXB8,0.00024223912989488003,0.0
delta1__peptide_count__P55290,0.00024005470747547622,0.0
rollmean2__peptide_log__MTVTDQVNC(UniMod_4)PK,0.00024001376189346075,0.0
rollmean2__peptide_log__TDASDVKPC(UniMod_4),0.00023918397887178093,0.0
lag1__peptide_log__FLATTPNSLLVSWQPPR,0.00023512026639478577,0.0
rollmean2__peptide_mean__P49908,0.00023422031879866576,0.0
peptide_log__LPPTSAHGNVAEGETKPDPDVTER,0.00023271111094126006,0.0
lag1__peptide_log__LGPLVEQGR,0.00023174146363686137,0.0
lag1__protein_npx__P11142,0.0002303190642720505,0.0
rollmean2__protein_npx__P13591,0.00022917960223999386,0.0
rollmean2__peptide_std__P01011,0.0002274666011766464,0.0
rollmean2__peptide_log__AVLPTGDVIGDSAK,0.0002267279038001514,0.0
rollmean2__peptide_log__C(UniMod_4)VDVDEC(UniMod_4)APPAEPC(UniMod_4)GK,0.00022551788408326913,0.0
lag1__peptide_log__VTLTC(UniMod_4)VAPLSGVDFQLR,0.00022550677094083048,0.0
delta1__peptide_log__TSAHGNVAEGETKPDPDVTER,0.00022402187722006918,0.0
peptide_std__P16870,0.00022232936464632247,0.0
lag1__peptide_mean__O94919,0.00022228234372808833,0.0
lag1__protein_npx__P07225,0.00022151079002789392,0.0
rollmean2__protein_npx__P07998,0.00022086637508247477,0.0
rollmean2__peptide_std__P10643,0.00022074626772488243,0.0
rollmean2__peptide_log__C(UniMod_4)SYTEDAQC(UniMod_4)IDGTIEVPK,0.0002180739058516954,0.0
peptide_std__Q92876,0.00021799610064219302,0.0
lag1__peptide_mean__P36980,0.00021759357272157695,0.0
peptide_std__P01009,0.00021669135744394223,0.0
rollmean2__peptide_log__SFNRGEC(UniMod_4),0.00021626626677805167,0.0
rollmean2__peptide_std__P36222,0.00021602189964888487,0.0
peptide_log__AVLPTGDVIGDSAK,0.0002154402222441119,0.0
peptide_mean__P43121,0.0002152274930394323,0.0
lag1__peptide_log__SGEATDGARPQALPEPMQESK,0.0002151623838210402,0.0
rollmean2__peptide_mean__P01834,0.00021499895921636242,0.0
peptide_std__P02760,0.00021143231877188585,0.0
rollmean2__peptide_std__P02647,0.0002113563638707413,0.0
rollmean2__protein_npx__P11142,0.0002109735871160112,0.0
missing__peptide_std__Q9Y6R7,0.00021030524682670834,0.0
rollmean2__peptide_mean__P30086,0.000209432606057883,0.0
rollmean2__peptide_std__P12109,0.00020828547983001372,0.0
lag1__peptide_std__P16870,0.00020779535978480824,0.0
missing__peptide_log__GEVQAMLGQSTEELRVR,0.0002073593151499726,0.0
peptide_std__O00584,0.00020706507491588194,0.0
rollmean2__peptide_log__VGYVSGWGR,0.0002056680650739069,0.0
delta1__peptide_std__P36222,0.00020564969563586347,0.0
peptide_mean__P05546,0.00020523767641750094,0.0
rollmean2__peptide_std__P01876,0.0002018005195756352,0.0
delta1__peptide_log__LRTEGDGVYTLNNEK,0.00020170143506099814,0.0
rollmean2__peptide_mean__P04156,0.00020162323024833519,0.0
lag1__peptide_log__WELALGR,0.0001998507442439041,0.0
lag1__peptide_mean__P00747,0.00019908645741738927,0.0
lag1__peptide_log__NFPPSQDASGDLYTTSSQLTLPATQC(UniMod_4)LAGK,0.00019830526581110253,0.0
peptide_mean__Q6UXB8,0.00019784445823380498,0.0
rollmean2__protein_npx__P49908,0.0001973922321200924,0.0
lag1__protein_npx__O00584,0.00019705956412481376,0.0
slope1__peptide_mean__Q9Y6R7,0.00019666197447767072,0.0
rollmean2__peptide_std__Q14624,0.00019604571282957756,0.0
peptide_mean__P07339,0.00019573128986104179,0.0
slope1__protein_npx__P00748,0.00019544589003176764,0.0
rollmean2__peptide_mean__P06454,0.00019515969508996538,0.0
rollmean2__peptide_std__P08603,0.0001939565831636538,0.0
lag1__peptide_log__NPDSSTTGPWC(UniMod_4)YTTDPTVR,0.00019375316460486946,0.0
slope1__protein_npx__P01009,0.00019303730603207757,0.0
delta1__peptide_mean__P02656,0.00019277918338320122,0.0
peptide_log__NFPPSQDASGDLYTTSSQLTLPATQC(UniMod_4)LAGK,0.00019263926062058315,0.0
lag1__peptide_log__QWAGLVEK,0.00019218867765477765,0.0
lag1__peptide_std__O15240,0.00019214491358451297,0.0
rollmean2__peptide_std__P61916,0.00019203701022963584,0.0
rollmean2__peptide_log__DSGFQM(UniMod_35)NQLR,0.00019165609411507246,0.0
slope1__peptide_std__P05156,0.00019113382921923322,0.0
lag1__peptide_log__KAADDTWEPFASGK,0.00019079808668852466,0.0
lag1__peptide_log__DASGVTFTWTPSSGK,0.00019019645925582313,0.0
peptide_std__P04217,0.00018919907830295969,0.0
rollmean2__peptide_log__LSSWVLLM(UniMod_35)K,0.0001888831637145929,0.0
delta1__protein_npx__P02766,0.00018854859205136382,0.0
delta1__peptide_mean__Q06481,0.00018805696971415284,0.0
lag1__peptide_mean__Q6UXB8,0.00018696376099430664,0.0
rollmean2__peptide_std__Q96PD5,0.00018679446127208571,0.0
protein_npx__Q9HDC9,0.00018635931965262464,0.0
slope1__peptide_log__RTPITVVK,0.00018535350136489505,0.0
rollmean2__peptide_std__P01834,0.00018523357633690873,0.0
rollmean2__current_updrs_2,0.00018454891986248635,0.0
slope1__peptide_std__P98160,0.00018332027598502997,0.0
rollmean2__peptide_std__P01009,0.00018063529533688552,0.0
rollmean2__peptide_mean__P01876,0.00018047407074229578,0.0
rollmean2__peptide_log__YYWGGQYTWDMAK,0.0001802063032068285,0.0
lag1__peptide_mean__P00751,0.00017994648853405785,0.0
delta1__peptide_std__P98160,0.00017950396132645352,0.0
delta1__current_updrs_1,0.00017930109112512593,0.0
rollmean2__peptide_std__P02751,0.00017862364987870913,0.0
rollmean2__protein_npx__P02452,0.0001782780245530609,0.0
slope1__peptide_log__TSAHGNVAEGETKPDPDVTER,0.00017824023674262784,0.0
rollmean2__peptide_log__VDSGNDVTDIADDGC(UniMod_4)PKPPEIAHGYVEHSVR,0.00017807841023260868,0.0
protein_npx__Q16610,0.00017780544116678681,0.0
protein_npx__P07339,0.00017585545009284927,0.0
rollmean2__peptide_mean__P02766,0.0001755724477199425,0.0
slope1__peptide_std__Q6UXB8,0.00017530209655118248,0.0
peptide_abundance_sum,0.0001751749056071073,0.0
rollmean2__peptide_std__P04196,0.00017427417723218038,0.0
peptide_std__P04196,0.00017407294655544288,0.0
delta1__peptide_mean__O14498,0.00017347177711911788,0.0
lag1__protein_npx__P01876,0.00017345968842398228,0.0
delta1__peptide_mean__P01621,0.00017338498901126848,0.0
slope1__protein_npx__P54289,0.00017291222741197293,0.0
rollmean2__peptide_log__SLAAAAGKQELAK,0.0001727271408035936,0.0
rollmean2__protein_npx__P02749,0.00017247990524884294,0.0
slope1__peptide_mean__P02656,0.00017170055067608264,0.0
delta1__protein_npx__P20774,0.0001715856288880984,0.0
rollmean2__peptide_std__O00584,0.0001713570249994847,0.0
peptide_std__Q14118,0.00017098306794052922,0.0
protein_npx__P00751,0.0001708883808962804,0.0
rollmean2__peptide_mean__Q13451,0.0001706804936499835,0.0
rollmean2__peptide_std__P00748,0.00016956759068574042,0.0
peptide_log__MTVTDQVNC(UniMod_4)PK,0.0001693652224604256,0.0
rollmean2__peptide_mean__P00450,0.00016883119807687897,0.0
protein_npx__Q06481,0.00016882322561664632,0.0
rollmean2__protein_npx__P05546,0.0001683042443124023,0.0
lag1__peptide_std__P01023,0.0001681641137373521,0.0
protein_npx__P08493,0.00016814662766164595,0.0
peptide_std__P00441,0.00016734597836559975,0.0
slope1__peptide_mean__P07711,0.0001672921758522476,0.0
rollmean2__protein_npx__P02656,0.00016701200047972495,0.0
rollmean2__peptide_std__P00450,0.0001668946215180534,0.0
rollmean2__peptide_std__Q14118,0.00016541464112140617,0.0
lag1__peptide_mean__P14314,0.0001653251325308076,0.0
lag1__protein_npx__Q14515,0.000164863455223396,0.0
rollmean2__peptide_std__Q9UHG2,0.00016443612317972538,0.0
peptide_std__P02787,0.00016404892467993952,0.0
peptide_std__Q08380,0.00016243388564190096,0.0
lag1__peptide_std__P02751,0.00016145834146238954,0.0
protein_npx__O75144,0.00016100745402391434,0.0
slope1__peptide_std__P09871,0.00016082180841313693,0.0
peptide_mean__P02751,0.00016074070723978454,0.0
lag1__protein_npx__P00751,0.0001600317330051544,0.0
rollmean2__peptide_mean__P08133,0.0001597270914815288,0.0
slope1__peptide_log__DASGVTFTWTPSSGK,0.00015956256509152433,0.0
rollmean2__protein_npx__P16152,0.00015912543387216723,0.0
delta1__peptide_std__P07225,0.00015702295360417134,0.0
rollmean2__peptide_std__Q16270,0.0001567580345665011,0.0
lag1__peptide_std__P05452,0.00015589179376783327,0.0
rollmean2__protein_npx__P04433,0.00015585821999888937,0.0
protein_npx__P02655,0.0001553417267978376,0.0
slope1__peptide_log__GEVQAMLGQSTEELRVR,0.00015529489498167175,0.0
peptide_mean__P00751,0.00015462076287075545,0.0
peptide_std__P02679,0.00015334820625736585,0.0
rollmean2__protein_npx__Q9Y6R7,0.0001532126649119249,0.0
slope1__peptide_mean__P00747,0.00015275934911551572,0.0
peptide_log__LC(UniMod_4)MGSGLNLC(UniMod_4)EPNNKEGYYGYTGAFR,0.00015262183326342576,0.0
delta1__peptide_std__P04433,0.0001519845654139267,0.0
peptide_mean__P02652,0.00015179305031076657,0.0
rollmean2__peptide_std__P02787,0.00015156439802986075,0.0
slope1__peptide_std__Q06481,0.00015086355360692579,0.0
delta1__peptide_mean__P02655,0.0001506242842801768,0.0
rollmean2__peptide_std__P16870,0.00015049759104591512,0.0
peptide_std__Q14515,0.0001504850893984637,0.0
peptide_std__P04075,0.00014942181230111516,0.0
rollmean2__peptide_log__QNC(UniMod_4)ELFEQLGEYK,0.0001492359582730472,0.0
peptide_mean__P06396,0.00014837093479859933,0.0
rollmean2__peptide_log__FNKPFVFLM(UniMod_35)IEQNTK,0.000148076732452135,0.0
rollmean2__protein_npx__P06681,0.0001478486369894313,0.0
rollmean2__peptide_std__P43121,0.00014771846384905164,0.0
lag1__protein_npx__P14314,0.00014769964593395465,0.0
rollmean2__peptide_log__LGADM(UniMod_35)EDVC(UniMod_4)GR,0.00014721641030829765,0.0
peptide_std__Q6UXB8,0.00014658842689158286,0.0
lag1__peptide_mean__P01033,0.0001462149378858301,0.0
rollmean2__peptide_std__P39060,0.00014594529921603145,0.0
rollmean2__peptide_mean__Q9UBX5,0.00014576403130805315,0.0
delta1__peptide_std__P02671,0.00014507018330622617,0.0
rollmean2__peptide_mean__P39060,0.00014479572336383706,0.0
delta1__peptide_std__P10645,0.0001445850910789998,0.0
peptide_std__P61916,0.00014449002601200285,0.0
rollmean2__peptide_log__DASGVTFTWTPSSGK,0.00014413741104046102,0.0
rollmean2__peptide_std__P61769,0.00014406141809595105,0.0
lag1__peptide_mean__P01594,0.00014367129627035517,0.0
peptide_std__P08294,0.00014254086953678914,0.0
rollmean2__peptide_log__NFPPSQDASGDLYTTSSQLTLPATQC(UniMod_4)LAGK,0.00014233020387456895,0.0
slope1__protein_npx__P02452,0.00014220264533432183,0.0
rollmean2__peptide_std__P05546,0.00014179618434780758,0.0
slope1__peptide_mean__P13671,0.00014072345002388788,0.0
rollmean2__peptide_std__Q9Y6R7,0.0001399536592587634,0.0
slope1__peptide_std__P02768,0.000139795862204503,0.0
peptide_mean__P04075,0.00013936103681316085,0.0
rollmean2__peptide_mean__P10909,0.0001392411590283985,0.0
rollmean2__peptide_std__Q14515,0.000139151024551545,0.0
delta1__current_updrs_3,0.0001390531228294732,0.0
peptide_mean__P05090,0.00013828647686813997,0.0
protein_npx__P30086,0.0001382431302808319,0.0
lag1__peptide_mean__O14791,0.00013713323478015268,0.0
peptide_observation_count,0.00013684191961130558,0.0
rollmean2__peptide_std__P01042,0.00013682753563931072,0.0
peptide_count__P05067,0.00013613678181549909,0.0
peptide_log__NFPPSQDASGDLYTTSSQLTLPATQC(UniMod_4)PDGK,0.00013555394605222295,0.0
rollmean2__peptide_log__KFPSGTFEQVSQLVK,0.00013545457524320333,0.0
slope1__peptide_log__TTPPVLDSDGSFFLYSR,0.0001353879722438243,0.0
slope1__peptide_std__P36222,0.00013528251953466428,0.0
peptide_std__P18065,0.00013506044159731817,0.0
peptide_std__O75144,0.00013504696542132575,0.0
rollmean2__peptide_std__P08697,0.00013494118122494872,0.0
slope1__protein_npx__P01834,0.00013473506508062565,0.0
delta1__peptide_log__GSPAINVAVHVFRK,0.0001346229870728871,0.0
slope1__peptide_std__P06727,0.00013445626892852957,0.0
rollmean2__peptide_std__O00533,0.00013434882042009244,0.0
rollmean2__peptide_mean__P41222,0.0001341146611552748,0.0
peptide_std__O00533,0.00013405130283474423,0.0
delta1__peptide_std__P04004,0.00013364972921051194,0.0
protein_npx__P20774,0.00013343961059508264,0.0
peptide_mean__Q15904,0.00013316105961250481,0.0
peptide_std__Q92823,0.00013265203561847717,0.0
delta1__peptide_std__P06396,0.0001326010060431786,0.0
protein_npx__P02766,0.00013237035613825943,0.0
peptide_mean__P02649,0.00013235564953567892,0.0
lag1__protein_npx__P02747,0.00013215422995169822,0.0
protein_npx__P02749,0.00013188681652725342,0.0
delta1__peptide_mean__P02671,0.0001318333547591533,0.0
rollmean2__peptide_log__MYYSAVDPTKDIFTGLIGPM(UniMod_35)K,0.00013133255932223608,0.0
rollmean2__peptide_log__LGPLVEQGRVR,0.0001312739191459742,0.0
delta1__peptide_mean__Q15904,0.00013063002893433034,0.0
delta1__peptide_count__O00584,0.00013054754122264107,0.0
rollmean2__peptide_mean__P19652,0.00013044644432666183,0.0
delta1__protein_npx__P01717,0.00013014946902707844,0.0
rollmean2__protein_npx__P01033,0.00012958701110014204,0.0
peptide_abundance_std,0.00012930832957178955,0.0
rollmean2__peptide_mean__P07998,0.0001292532319279755,0.0
slope1__protein_npx__P23142,0.00012923312510107417,0.0
rollmean2__peptide_mean__P05067,0.00012921233474400774,0.0
lag1__peptide_std__P02675,0.00012907470677646991,0.0
lag1__peptide_std__P01834,0.00012882831313411883,0.0
rollmean2__peptide_log__LSNENHGIAQR,0.00012869077512746592,0.0
peptide_std__P02675,0.00012806352481785281,0.0
rollmean2__peptide_std__P13987,0.00012705257962288043,0.0
lag1__peptide_abundance_std,0.0001268763336864748,0.0
peptide_log__C(UniMod_4)VDVDEC(UniMod_4)APPAEPC(UniMod_4)GK,0.0001265550163216912,0.0
rollmean2__protein_npx__P05156,0.00012631660939764057,0.0
slope1__peptide_std__O15394,0.0001257699429632264,0.0
peptide_log__VKDLATVYVDVLK,0.0001255583926865713,0.0
rollmean2__peptide_std__Q92520,0.000125395067655764,0.0
lag1__peptide_mean__O00533,0.00012521749594110752,0.0
rollmean2__protein_npx__P08133,0.00012516362890481342,0.0
slope1__peptide_mean__P01034,0.0001251524790856775,0.0
rollmean2__peptide_mean__P08123,0.00012505121516530145,0.0
slope1__peptide_mean__P08294,0.00012498925576491575,0.0
lag1__peptide_std__P02765,0.0001247078891452023,0.0
peptide_log__FNKPFVFLM(UniMod_35)IEQNTK,0.00012467574112894178,0.0
slope1__peptide_mean__P00751,0.0001244395211497037,0.0
lag1__peptide_mean__P00450,0.0001243645643084383,0.0
delta1__peptide_mean__P02787,0.00012415967053026623,0.0
rollmean2__peptide_mean__P01780,0.00012391448331799466,0.0
peptide_std__P36222,0.00012374026601406733,0.0
slope1__peptide_count__P01859,0.00012325429846826168,0.0
peptide_std__P00736,0.00012314351712479512,0.0
peptide_std__P01834,0.00012305483804410627,0.0
slope1__peptide_mean__P01031,0.0001229703556102083,0.0
slope1__peptide_count__O15394,0.00012290481811963585,0.0
protein_npx__P31997,0.0001228219813955519,0.0
peptide_std__P39060,0.0001227726251146804,0.0
slope1__protein_npx__O15394,0.0001226491706994428,0.0
rollmean2__peptide_observation_count,0.0001225590038277501,0.0
delta1__peptide_std__P01024,0.0001225430673369048,0.0
rollmean2__peptide_mean__P07195,0.00012239733204293964,0.0
rollmean2__peptide_mean__P06396,0.00012236755781333086,0.0
delta1__peptide_std__O15394,0.00012219113193963338,0.0
rollmean2__peptide_mean__Q9UNU6,0.00012200864581090123,0.0
lag1__peptide_log__SLAELGGHLDQQVEEFRR,0.00012198656051830494,0.0
protein_npx__P19823,0.00012197030362860353,0.0
peptide_count__P10645,0.0001219309617342359,0.0
peptide_log__ANRPFLVFIR,0.00012174501201486214,0.0
rollmean2__protein_npx__P04275,0.00012147251382833263,0.0
slope1__peptide_std__P08603,0.00012123342052418519,0.0
peptide_mean__P19823,0.00012115258657454105,0.0
rollmean2__peptide_std__P02750,0.00012084855000239108,0.0
slope1__protein_npx__P19823,0.00012073374504476773,0.0
rollmean2__peptide_std__P20774,0.00012069750111677114,0.0
rollmean2__protein_npx__P08697,0.0001200153343329373,0.0
peptide_std__P05067,0.00011998552726045495,0.0
peptide_mean__Q9Y646,0.00011967902261934114,0.0
protein_npx__Q9Y6R7,0.00011958308259676578,0.0
rollmean2__peptide_std__P02649,0.00011945864442148607,0.0
delta1__peptide_mean__Q16610,0.00011925926135898506,0.0
peptide_std__Q06481,0.00011873973466059438,0.0
peptide_log__GYQLSDVDGVTC(UniMod_4)EDIDEC(UniMod_4)ALPTGGHIC(UniMod_4)SYR,0.00011859794241319807,0.0
lag1__peptide_mean__P01876,0.0001184582795561685,0.0
rollmean2__peptide_mean__P02652,0.0001184393762333434,0.0
peptide_abundance_max,0.00011829986339831014,0.0
protein_npx__Q14515,0.00011825323809069826,0.0
protein_npx__P05067,0.00011784574568697207,0.0
peptide_std__P02647,0.00011779990811591359,0.0
rollmean2__peptide_log__QIGSVYR,0.00011770893563718369,0.0
slope1__peptide_mean__P01042,0.00011755551289374502,0.0
rollmean2__peptide_std__P07225,0.00011743737222845838,0.0
delta1__peptide_mean__P36222,0.00011718937419363309,0.0
slope1__peptide_mean__P02787,0.00011716318347635147,0.0
rollmean2__peptide_mean__P06681,0.00011715351497816281,0.0
delta1__peptide_mean__P30086,0.0001171091487142554,0.0
rollmean2__protein_npx__Q15904,0.00011702106555216923,0.0
rollmean2__peptide_log__LFDSDPITVTVPVEVSR,0.00011678797124045973,0.0
delta1__peptide_std__P00738,0.00011674211194732481,0.0
slope1__peptide_std__P02747,0.00011649211818403719,0.0
slope1__peptide_mean__P07195,0.00011648912736536694,0.0
protein_npx__P00748,0.00011626439739405637,0.0
rollmean2__peptide_count__P02774,0.0001162409488963497,0.0
delta1__peptide_std__P23142,0.00011621546054967172,0.0
delta1__protein_npx__P00738,0.00011601307105316886,0.0
rollmean2__protein_npx__P00748,0.00011594611046435567,0.0
slope1__peptide_log__LGPLVEQGRVR,0.00011581244794889335,0.0
rollmean2__peptide_std__P43652,0.0001154879794827106,0.0
delta1__protein_npx__P02655,0.0001152647919265544,0.0
rollmean2__protein_npx__P01009,0.00011472544997615356,0.0
rollmean2__peptide_std__P01860,0.00011456423756529626,0.0
lag1__peptide_std__P00734,0.00011452131201601388,0.0
delta1__peptide_std__P09871,0.00011438719180554547,0.0
protein_npx__P01011,0.00011428328961189827,0.0
peptide_log__LGADMEDVC(UniMod_4)GR,0.00011424483877844244,0.0
lag1__peptide_log__AVLPTGDVIGDSAK,0.00011421691696898736,0.0
peptide_std__P00450,0.00011391631005061493,0.0
peptide_std__P05155,0.00011381932428202357,0.0
rollmean2__protein_npx__Q13451,0.00011380721385647512,0.0
protein_npx__P41222,0.00011347616438947653,0.0
rollmean2__protein_npx__P06396,0.00011341110664333422,0.0
rollmean2__peptide_mean__P02647,0.00011339867920287434,0.0
peptide_log__DASGVTFTWTPSSGK,0.00011327876722384901,0.0
peptide_std__P08493,0.000112861381612026,0.0
peptide_mean__P04156,0.00011271144819672898,0.0
peptide_std__Q12907,0.00011262039433000906,0.0
rollmean2__peptide_log__TVVQPSVGAAAGPVVPPC(UniMod_4)PGR,0.00011259557205524069,0.0
peptide_std__P19823,0.00011194919037337637,0.0
peptide_mean__Q6UX71,0.00011186399898647827,0.0
slope1__peptide_mean__P04196,0.00011168943182638422,0.0
lag1__peptide_std__P01857,0.00011147300237502925,0.0
peptide_log__SELEEQLTPVAEETR,0.00011142635325289165,0.0
peptide_std__P01860,0.0001113586202346845,0.0
peptide_std__P02652,0.00011122382361365723,0.0
slope1__peptide_mean__P01861,0.00011083222992057768,0.0
lag1__peptide_mean__P19823,0.00011080512588058683,0.0
rollmean2__peptide_std__P08493,0.00011079833056418874,0.0
slope1__peptide_std__P51884,0.00011065178007550245,0.0
lag1__peptide_mean__P19827,0.0001104263187591179,0.0
rollmean2__peptide_log__TSAHGNVAEGETKPDPDVTER,0.00011003861466453453,0.0
delta1__protein_npx__P02768,0.00010992193130191198,0.0
slope1__peptide_std__Q9Y6R7,0.00010984166942061992,0.0
lag1__peptide_std__P05156,0.00010983013727477339,0.0
protein_npx__P27169,0.00010970189878716809,0.0
lag1__peptide_std__P01034,0.00010966868146912643,0.0
slope1__peptide_log__ILTC(UniMod_4)M(UniMod_35)QGMEEIR,0.00010914629020899856,0.0
slope1__peptide_mean__O14498,0.00010903898410185028,0.0
lag1__peptide_std__Q16610,0.00010895182155119844,0.0
slope1__peptide_std__P07602,0.0001089136143632485,0.0
delta1__protein_npx__P32754,0.00010878320183222736,0.0
slope1__peptide_mean__Q15904,0.00010861615436837926,0.0
rollmean2__peptide_log__LC(UniMod_4)MGSGLNLC(UniMod_4)EPNNKEGYYGYTGAFR,0.00010851715057347353,0.0
rollmean2__peptide_log__VQPYLDDFQKK,0.00010828067478140371,0.0
peptide_log__QKVEPLRAELQEGAR,0.00010825449184662019,0.0
protein_npx__P09871,0.00010807206458176624,0.0
slope1__peptide_std__P02751,0.00010766710152501813,0.0
protein_npx__P49588,0.00010764112479686496,0.0
protein_npx__Q9NQ79,0.00010760135234554123,0.0
slope1__protein_npx__P43652,0.00010704114323034564,0.0
protein_npx__Q13451,0.0001070072221719207,0.0
peptide_mean__Q99674,0.00010679094704934847,0.0
peptide_mean__P00441,0.00010663351779911766,0.0
protein_npx__P06454,0.00010651167501553876,0.0
rollmean2__protein_npx__P02763,0.0001060455712399154,0.0
rollmean2__peptide_count__P02787,0.00010581128960259973,0.0
lag1__peptide_std__P01042,0.00010579163856994303,0.0
slope1__peptide_log__M(UniMod_35)YLGYEYVTAIR,0.00010578265291981884,0.0
delta1__peptide_std__P02749,0.00010576267183185391,0.0
peptide_log__EILSVDC(UniMod_4)STNNPSQAK,0.00010569766439814642,0.0
peptide_std__P00751,0.0001055617160248474,0.0
lag1__peptide_mean__P01834,0.00010517488874767175,0.0
lag1__peptide_log__QNC(UniMod_4)ELFEQLGEYK,0.0001050338929234723,0.0
peptide_std__Q14624,0.00010500692964632126,0.0
peptide_log__LGADM(UniMod_35)EDVC(UniMod_4)GR,0.00010493851785106996,0.0
peptide_std__P61769,0.00010459873225335815,0.0
slope1__protein_npx__Q6UXB8,0.00010457128365314507,0.0
slope1__peptide_std__P04004,0.00010400698427249273,0.0
peptide_std__P16035,0.00010368797251433006,0.0
peptide_mean__Q06481,0.00010364614084603425,0.0
slope1__peptide_log__C(UniMod_4)C(UniMod_4)VEC(UniMod_4)PPC(UniMod_4)PAPPVAGPSVFLFPPKPK,0.00010347032753302608,0.0
rollmean2__peptide_mean__P06727,0.00010338885346374246,0.0
rollmean2__peptide_log__TKEEYGHSEVVEYYC(UniMod_4)NPR,0.00010335657818146365,0.0
slope1__peptide_mean__Q9UBR2,0.00010331119519033796,0.0
peptide_log__HYTNPSQDVTVPC(UniMod_4)PVPPPPPC(UniMod_4)C(UniMod_4)HPR,0.00010330978031140379,0.0
peptide_std__P07998,0.00010322590919619556,0.0
lag1__peptide_log__QQETAAAETETR,0.00010315158695897321,0.0
rollmean2__peptide_std__P08571,0.00010315141024204375,0.0
lag1__peptide_std__P36222,0.00010263535692765634,0.0
rollmean2__peptide_mean__P01594,0.0001025777750102945,0.0
peptide_mean__P01877,0.00010257461325669353,0.0
peptide_std__P16070,0.00010243944957888184,0.0
delta1__protein_npx__O14498,0.00010231590085144051,0.0
lag1__protein_npx__Q16270,0.000102268368513472,0.0
slope1__peptide_std__P01857,0.00010221062870146151,0.0
rollmean2__peptide_mean__P02656,0.00010220048388714687,0.0
slope1__peptide_log__LVGGPM(UniMod_35)DASVEEEGVRR,0.0001021728966063864,0.0
rollmean2__protein_npx__P01876,0.00010216982054429986,0.0
peptide_std__P20774,0.00010208703251899756,0.0
lag1__peptide_log__AATVGSLAGQPLQER,0.00010202042158987724,0.0
lag1__peptide_log__MYYSAVDPTKDIFTGLIGPM(UniMod_35)K,0.0001019999762062418,0.0
slope1__protein_npx__P02649,0.0001017972855358633,0.0
rollmean2__peptide_log__C(UniMod_4)KPVNTFVHEPLVDVQNVC(UniMod_4)FQEK,0.00010170850186511492,0.0
rollmean2__peptide_std__P24592,0.00010156778970852988,0.0
rollmean2__peptide_mean__P43121,0.00010150259887304696,0.0
lag1__peptide_log__M(UniMod_35)YLGYEYVTAIR,0.00010139670866466157,0.0
slope1__peptide_mean__P05546,0.00010137852232667593,0.0
delta1__protein_npx__P01860,0.00010108881869138352,0.0
peptide_std__P01011,0.0001009328727321097,0.0
rollmean2__peptide_log__TPLGDTTHTC(UniMod_4)PR,0.00010053491329741271,0.0
lag1__protein_npx__P04217,0.00010048656294800261,0.0
protein_npx__P01621,0.00010036601044377269,0.0
slope1__peptide_count__P18065,0.00010027775833120777,0.0
rollmean2__peptide_log__LSKELQAAQAR,9.999946083659988e-05,0.0
rollmean2__peptide_mean__P00746,9.983106183314566e-05,0.0
delta1__peptide_mean__P07711,9.964603647709791e-05,0.0
peptide_log__LFDSDPITVTVPVEVSR,9.948924595646323e-05,0.0
rollmean2__peptide_log__GSPAINVAVHVFRK,9.932327380022935e-05,0.0
peptide_std__P08571,9.909133541733204e-05,0.0
slope1__peptide_std__P00751,9.907650467836308e-05,0.0
slope1__peptide_log__C(UniMod_4)KPVNTFVHEPLVDVQNVC(UniMod_4)FQEK,9.88608490854154e-05,0.0
protein_npx__P09486,9.873128149332588e-05,0.0
peptide_count__P08493,9.83175428417233e-05,0.0
rollmean2__peptide_std__P02747,9.831233495421634e-05,0.0
rollmean2__peptide_std__P13611,9.827492889624878e-05,0.0
rollmean2__protein_npx__Q14515,9.812233606767217e-05,0.0
lag1__peptide_std__P19652,9.789188980494694e-05,0.0
slope1__peptide_mean__P02768,9.78685332509438e-05,0.0
rollmean2__peptide_mean__P19823,9.78445509251591e-05,0.0
rollmean2__peptide_log__ALGISPFHEHAEVVFTANDSGPR,9.729317123000197e-05,0.0
slope1__peptide_mean__P19827,9.718896093345118e-05,0.0
slope1__protein_npx__P30086,9.691847757328644e-05,0.0
rollmean2__protein_npx__P10909,9.68799001512544e-05,0.0
peptide_mean__P08697,9.654462878284409e-05,0.0
peptide_std__P01023,9.643528563843694e-05,0.0
rollmean2__peptide_mean__P08697,9.610429479022907e-05,0.0
slope1__peptide_count__O00584,9.60055743314995e-05,0.0
delta1__peptide_mean__Q13451,9.57596525535836e-05,0.0
rollmean2__peptide_log__VMPIC(UniMod_4)LPSKDYAEVGR,9.557682103846392e-05,0.0
rollmean2__peptide_mean__Q8NBJ4,9.552020743018076e-05,0.0
rollmean2__peptide_mean__Q96PD5,9.544172658699026e-05,0.0
rollmean2__protein_npx__Q99674,9.524435982881748e-05,0.0
rollmean2__peptide_log__HGGLYHENMR,9.515639341054978e-05,0.0
peptide_std__P00748,9.514710917435925e-05,0.0
rollmean2__peptide_count__P07998,9.487030858066242e-05,0.0
rollmean2__peptide_count__P23142,9.48667485970955e-05,0.0
rollmean2__peptide_mean__P61916,9.482877515102368e-05,0.0
rollmean2__protein_npx__P07711,9.471505583392666e-05,0.0
peptide_mean__P06727,9.445548920463968e-05,0.0
peptide_mean__O15240,9.424948299035528e-05,0.0
rollmean2__peptide_std__Q12907,9.418840338335405e-05,0.0
protein_npx__P08133,9.416187869826787e-05,0.0
rollmean2__peptide_mean__P02763,9.411192883631912e-05,0.0
peptide_std__P02656,9.407675269550468e-05,0.0
peptide_mean__Q9NQ79,9.394851616004781e-05,0.0
delta1__peptide_mean__Q13740,9.368396469401608e-05,0.0
peptide_std__P25311,9.367419946988405e-05,0.0
rollmean2__peptide_mean__P06310,9.36682032659008e-05,0.0
delta1__peptide_log__HYTNPSQDVTVPC(UniMod_4)PVPPPPPC(UniMod_4)C(UniMod_4)HPR,9.365644719362115e-05,0.0
protein_npx__P16870,9.363756947779329e-05,0.0
rollmean2__peptide_mean__P13521,9.356684340312434e-05,0.0
peptide_mean__P06454,9.341595515050624e-05,0.0
rollmean2__peptide_log__YVMLPVADQDQC(UniMod_4)IR,9.337080149484267e-05,0.0
peptide_mean__O14773,9.332051056206156e-05,0.0
rollmean2__peptide_log__IHWESASLLR,9.314984679232707e-05,0.0
rollmean2__peptide_log__ADDKETC(UniMod_4)FAEEGK,9.313778202295723e-05,0.0
slope1__protein_npx__Q9HDC9,9.305489577156122e-05,0.0
peptide_mean__P43652,9.291665951425213e-05,0.0
lag1__peptide_mean__Q8N2S1,9.289618766392223e-05,0.0
peptide_std__P04433,9.280016183337997e-05,0.0
slope1__peptide_log__HYTNPSQDVTVPC(UniMod_4)PVPPPPPC(UniMod_4)C(UniMod_4)HPR,9.273888502363269e-05,0.0
peptide_mean__P04180,9.270633394171136e-05,0.0
peptide_abundance_mean,9.252569849473529e-05,0.0
peptide_std__P10643,9.250798020544375e-05,0.0
lag1__protein_npx__P23083,9.244140874695075e-05,0.0
peptide_mean__P01621,9.230419062830637e-05,0.0
rollmean2__peptide_mean__P08493,9.203392712678008e-05,0.0
rollmean2__peptide_abundance_std,9.199769967233635e-05,0.0
peptide_std__Q96PD5,9.197094158851158e-05,0.0
slope1__peptide_log__LRTEGDGVYTLNNEKQWINK,9.196319082593543e-05,0.0
lag1__peptide_std__P02753,9.191446589542916e-05,0.0
peptide_mean__Q16610,9.183974031009036e-05,0.0
rollmean2__peptide_std__P01859,9.170369482114059e-05,0.0
slope1__peptide_mean__P04207,9.16058422092184e-05,0.0
lag1__peptide_log__NFPPSQDASGDLYTTSSQLTLPATQC(UniMod_4)PDGK,9.16016771955258e-05,0.0
rollmean2__peptide_std__P00746,9.15134208117486e-05,0.0
peptide_mean__P07602,9.122833443358563e-05,0.0
rollmean2__peptide_mean__Q9NQ79,9.120194634226894e-05,0.0
rollmean2__peptide_count__Q08380,9.11892758966749e-05,0.0
rollmean2__protein_npx__P00738,9.077237325650083e-05,0.0
lag1__protein_npx__Q02818,9.069772609864587e-05,0.0
rollmean2__peptide_log__RGYQLSDVDGVTC(UniMod_4)EDIDEC(UniMod_4)ALPTGGHIC(UniMod_4)SYR,9.066487112750987e-05,0.0
delta1__peptide_log__KFPSGTFEQVSQLVK,9.036839111522533e-05,0.0
peptide_mean__O00584,9.03586264215912e-05,0.0
peptide_std__P02763,9.035856877716879e-05,0.0
lag1__peptide_std__P02649,9.030316952347556e-05,0.0
peptide_std__P04004,9.026846408023845e-05,0.0
rollmean2__peptide_mean__P43652,9.018705557823442e-05,0.0
peptide_mean__P02765,8.988453313584672e-05,0.0
rollmean2__protein_npx__P19021,8.953988657410266e-05,0.0
protein_npx__P05546,8.943870856346946e-05,0.0
peptide_log__VLLDQLR,8.932337869582605e-05,0.0
peptide_log__TKEEYGHSEVVEYYC(UniMod_4)NPR,8.931953624256303e-05,0.0
lag1__protein_npx__P08253,8.923763665115658e-05,0.0
protein_npx__P98160,8.90895050672881e-05,0.0
peptide_mean__P02763,8.89302866940505e-05,0.0
protein_npx__Q96PD5,8.872437821713472e-05,0.0
peptide_std__P09871,8.870499591268748e-05,0.0
rollmean2__protein_npx__P04406,8.833436814346386e-05,0.0
rollmean2__protein_npx__Q9NYU2,8.832975229002236e-05,0.0
peptide_log__TM(UniMod_35)LLQPAGSLGSYSYR,8.831339581283633e-05,0.0
delta1__peptide_std__Q08380,8.820363249267894e-05,0.0
delta1__peptide_std__Q96KN2,8.819042177023024e-05,0.0
peptide_std__P02753,8.813525649639115e-05,0.0
rollmean2__protein_npx__P04180,8.791115899158779e-05,0.0
lag1__peptide_std__P04004,8.781857829619483e-05,0.0
rollmean2__protein_npx__P01877,8.774188793235225e-05,0.0
lag1__peptide_mean__P10643,8.750829808936903e-05,0.0
protein_npx__P08697,8.747867973520635e-05,0.0
slope1__peptide_std__Q96KN2,8.72776622494305e-05,0.0
slope1__protein_npx__Q13451,8.72523130846552e-05,0.0
peptide_mean__P05060,8.718031757753885e-05,0.0
slope1__peptide_log__RLEGQEEEEDNRDSSMK,8.717250361029966e-05,0.0
rollmean2__protein_npx__P08253,8.708764621463995e-05,0.0
slope1__protein_npx__P02671,8.706000277426215e-05,0.0
peptide_log__VGYVSGWGR,8.703663913126127e-05,0.0
lag1__peptide_mean__P01009,8.703625738952607e-05,0.0
rollmean2__peptide_std__P18065,8.698990820590732e-05,0.0
rollmean2__peptide_log__HYTNPSQDVTVPC(UniMod_4)PVPPPPPC(UniMod_4)C(UniMod_4)HPR,8.697120733280619e-05,0.0
protein_npx__P43251,8.691529330415248e-05,0.0
rollmean2__protein_npx__P00441,8.686625357610516e-05,0.0
lag1__peptide_std__P00747,8.68653373344374e-05,0.0
peptide_log__TPVSDRVTK,8.680378129341399e-05,0.0
peptide_mean__Q8N2S1,8.673732875903575e-05,0.0
delta1__protein_npx__P43652,8.66692426020456e-05,0.0
delta1__peptide_mean__P01023,8.643128370602372e-05,0.0
slope1__peptide_std__P02656,8.615856415358975e-05,0.0
delta1__protein_npx__Q02818,8.591382175351359e-05,0.0
delta1__peptide_std__Q14515,8.586087549669967e-05,0.0
peptide_mean__P02656,8.579982279688502e-05,0.0
slope1__protein_npx__Q9UBR2,8.558335178333727e-05,0.0
lag1__peptide_std__P02647,8.532070339730141e-05,0.0
delta1__peptide_log__C(UniMod_4)RDQLPYIC(UniMod_4)QFGIV,8.522153691745206e-05,0.0
rollmean2__peptide_mean__P13671,8.502777740990683e-05,0.0
slope1__protein_npx__P01860,8.499762407155207e-05,0.0
slope1__peptide_mean__Q8NBJ4,8.498814529665746e-05,0.0
delta1__protein_npx__P00748,8.493696647500807e-05,0.0
peptide_mean__Q12805,8.47602711486557e-05,0.0
lag1__peptide_std__P07711,8.475544242824843e-05,0.0
peptide_log__LDEVKEQVAEVR,8.470214613802149e-05,0.0
delta1__protein_npx__P17936,8.46390258707639e-05,0.0
peptide_std__Q9NQ79,8.457400774651763e-05,0.0
slope1__peptide_count__P06727,8.445520156696024e-05,0.0
peptide_log__M(UniMod_35)YLGYEYVTAIR,8.437410044496165e-05,0.0
rollmean2__peptide_mean__P02750,8.43499958472286e-05,0.0
slope1__peptide_std__P43652,8.433282759335717e-05,0.0
current_updrs_1,8.432897071289187e-05,0.0
peptide_mean__P01594,8.427961871325242e-05,0.0
peptide_mean__Q8NE71,8.423897939973055e-05,0.0
peptide_mean__P04211,8.417832085302682e-05,0.0
lag1__peptide_std__P04196,8.417226508351195e-05,0.0
rollmean2__peptide_abundance_max,8.414886078397278e-05,0.0
protein_npx__Q8IWV7,8.413269200426171e-05,0.0
slope1__protein_npx__P25311,8.409713151264014e-05,0.0
protein_npx__P17174,8.402616959137325e-05,0.0
protein_npx__P13671,8.376606187125638e-05,0.0
rollmean2__protein_npx__P02748,8.371307861947356e-05,0.0
rollmean2__peptide_log__TQVNTQAEQLRR,8.366463547119024e-05,0.0
rollmean2__peptide_mean__P05060,8.363640568208102e-05,0.0
peptide_std__P55290,8.360101845951072e-05,0.0
peptide_mean__P06681,8.357470566521841e-05,0.0
peptide_std__P01042,8.343838371351831e-05,0.0
slope1__peptide_mean__P02679,8.342284900271446e-05,0.0
lag1__protein_npx__P13521,8.335785606246876e-05,0.0
delta1__peptide_std__P01042,8.32781516180182e-05,0.0
delta1__peptide_mean__Q8IWV7,8.313606808596731e-05,0.0
peptide_mean__P41222,8.3092432817476e-05,0.0
lag1__peptide_mean__P43652,8.308249406321371e-05,0.0
delta1__peptide_mean__Q14515,8.305001548131413e-05,0.0
lag1__peptide_mean__P07998,8.292990088473342e-05,0.0
peptide_log__C(UniMod_4)DSSPDSAEDVRK,8.287103731805366e-05,0.0
peptide_log__KVEQAVETEPEPELR,8.283132496217022e-05,0.0
peptide_mean__P01834,8.269811313082117e-05,0.0
rollmean2__peptide_mean__P01011,8.267410845476661e-05,0.0
lag1__protein_npx__P80748,8.265777390506134e-05,0.0
rollmean2__protein_npx__P02751,8.261711254483482e-05,0.0
delta1__peptide_mean__P14314,8.258319143888237e-05,0.0
peptide_log__VTLTC(UniMod_4)VAPLSGVDFQLR,8.257787536197329e-05,0.0
peptide_std__P13987,8.256417641862365e-05,0.0
rollmean2__protein_npx__P05067,8.255963094887898e-05,0.0
lag1__peptide_mean__Q9NQ79,8.232645036362867e-05,0.0
slope1__peptide_std__Q9UHG2,8.211892814767557e-05,0.0
rollmean2__peptide_std__P00734,8.209035063168308e-05,0.0
rollmean2__peptide_mean__O15240,8.205207933643432e-05,0.0
peptide_log__VMPIC(UniMod_4)LPSKDYAEVGR,8.193941310733017e-05,0.0
lag1__peptide_mean__Q92823,8.183541914962139e-05,0.0
peptide_count__P09486,8.179177246552101e-05,0.0
delta1__peptide_std__P01034,8.173452096450041e-05,0.0
delta1__peptide_std__P02652,8.165216216086627e-05,0.0
rollmean2__peptide_std__Q92876,8.141054318529757e-05,0.0
rollmean2__protein_npx__P02760,8.134774766756242e-05,0.0
delta1__protein_npx__P19827,8.106790363792699e-05,0.0
delta1__peptide_std__P02747,8.095833474878702e-05,0.0
lag1__peptide_count__Q9UHG2,8.0782081943268e-05,0.0
lag1__protein_npx__P16035,8.073198208986333e-05,0.0
rollmean2__peptide_mean__P35542,8.038904849834077e-05,0.0
lag1__peptide_mean__O75326,8.019794987168835e-05,0.0
slope1__peptide_mean__Q96PD5,8.019665461856147e-05,0.0
rollmean2__peptide_std__P07711,7.991980097547977e-05,0.0
lag1__peptide_log__ALGISPFHEHAEVVFTANDSGPR,7.990810393073656e-05,0.0
delta1__protein_npx__P35542,7.983422584505194e-05,0.0
peptide_log__LRTEGDGVYTLNNEK,7.972067957164428e-05,0.0
rollmean2__peptide_std__Q9NQ79,7.968074090431102e-05,0.0
slope1__peptide_log__LGADM(UniMod_35)EDVC(UniMod_4)GR,7.952341204722477e-05,0.0
rollmean2__peptide_log__DLATVYVDVLK,7.948223138722676e-05,0.0
peptide_mean__P39060,7.936140410310504e-05,0.0
peptide_log__VDSGNDVTDIADDGC(UniMod_4)PKPPEIAHGYVEHSVR,7.924768840903572e-05,0.0
rollmean2__protein_npx__P17936,7.923544162830413e-05,0.0
rollmean2__peptide_mean__P08571,7.917245782465492e-05,0.0
peptide_std__P08603,7.916366511143307e-05,0.0
delta1__protein_npx__Q13451,7.911665035273323e-05,0.0
slope1__protein_npx__P01011,7.911318442223725e-05,0.0
peptide_log__YVM(UniMod_35)LPVADQDQC(UniMod_4)IR,7.899345052054388e-05,0.0
delta1__peptide_mean__P19652,7.890619643701748e-05,0.0
current_updrs_2,7.88937967540258e-05,0.0
rollmean2__peptide_mean__O14773,7.885300721185757e-05,0.0
peptide_std__P02750,7.874458429799415e-05,0.0
lag1__peptide_mean__Q9Y6R7,7.867456184935358e-05,0.0
delta1__peptide_log__YYWGGQYTWDMAK,7.862240753968755e-05,0.0
slope1__protein_npx__Q9Y646,7.860643196824431e-05,0.0
lag1__peptide_log__LSKELQAAQAR,7.860455746936382e-05,0.0
rollmean2__peptide_mean__P04004,7.851282065632773e-05,0.0
rollmean2__peptide_mean__Q14118,7.850858016927334e-05,0.0
delta1__peptide_log__SGELEQEEER,7.846900519948342e-05,0.0
slope1__peptide_mean__P31997,7.841483672603454e-05,0.0
rollmean2__protein_npx__P07195,7.83804723937955e-05,0.0
slope1__peptide_log__SGELEQEEER,7.828322584582004e-05,0.0
peptide_mean__P05155,7.826735866394028e-05,0.0
peptide_mean__P02750,7.8195053704587e-05,0.0
rollmean2__peptide_std__P04075,7.81759774350941e-05,0.0
delta1__peptide_mean__O60888,7.812229784063397e-05,0.0
lag1__peptide_mean__P02790,7.799988699303083e-05,0.0
slope1__protein_npx__Q99683,7.799726474187284e-05,0.0
delta1__peptide_std__P09486,7.789174367763231e-05,0.0
peptide_std__P10909,7.7741198867375e-05,0.0
delta1__protein_npx__O15394,7.766218422715872e-05,0.0
slope1__peptide_log__C(UniMod_4)IIEVLSNALSK,7.761024241253084e-05,0.0
delta1__peptide_mean__Q9UKV8,7.751746596384544e-05,0.0
lag1__protein_npx__P32754,7.750564899699011e-05,0.0
delta1__peptide_mean__P05156,7.747716757231932e-05,0.0
protein_npx__P02679,7.741604280831948e-05,0.0
delta1__peptide_mean__P08603,7.722636301728654e-05,0.0
protein_npx__P13521,7.711693282687576e-05,0.0
rollmean2__peptide_count__P02452,7.708768126002145e-05,0.0
slope1__peptide_std__P04433,7.705400725534804e-05,0.0
protein_npx__P13591,7.703577799182782e-05,0.0
peptide_std__P13611,7.678835457406534e-05,0.0
protein_npx__P49908,7.663261165483848e-05,0.0
peptide_std__P43652,7.638213673927125e-05,0.0
delta1__protein_npx__P19652,7.632019652966299e-05,0.0
peptide_mean__P02790,7.630243455267474e-05,0.0
rollmean2__peptide_std__P02765,7.614545059312269e-05,0.0
slope1__protein_npx__P06454,7.614517463055333e-05,0.0
lag1__peptide_mean__P43121,7.605459057462528e-05,0.0
rollmean2__peptide_log__VTSIQDWVQK,7.599151546468316e-05,0.0
peptide_std__P51884,7.594158770884449e-05,0.0
peptide_std__P07225,7.587234776892953e-05,0.0
rollmean2__peptide_std__P02652,7.583748039248337e-05,0.0
peptide_std__P23142,7.573449942500709e-05,0.0
rollmean2__protein_npx__P02747,7.565723825561055e-05,0.0
rollmean2__protein_npx__P04217,7.559597177098033e-05,0.0
peptide_std__P05090,7.530688870467945e-05,0.0
rollmean2__peptide_std__P16070,7.528177529377478e-05,0.0
rollmean2__peptide_log__NPDSSTTGPWC(UniMod_4)YTTDPTVR,7.525346552163306e-05,0.0
lag1__protein_npx__P02647,7.52375014706999e-05,0.0
peptide_mean__P02768,7.518220970921226e-05,0.0
delta1__peptide_std__O15240,7.514025100765103e-05,0.0
protein_npx__P01876,7.512987784374415e-05,0.0
delta1__peptide_std__P18065,7.508571228208236e-05,0.0
rollmean2__peptide_std__P02774,7.497254262090298e-05,0.0
lag1__peptide_log__ILTC(UniMod_4)M(UniMod_35)QGMEEIR,7.491988230373844e-05,0.0
lag1__protein_npx__P27169,7.490391270143557e-05,0.0
rollmean2__protein_npx__P02655,7.482808148055925e-05,0.0
rollmean2__peptide_mean__P02671,7.4724438280887e-05,0.0
lag1__peptide_std__P02679,7.465732066997798e-05,0.0
slope1__peptide_std__P02749,7.465397855830149e-05,0.0
slope1__protein_npx__P01621,7.463198795576755e-05,0.0
slope1__peptide_mean__P02675,7.456317803345152e-05,0.0
delta1__peptide_mean__P01860,7.447118603316855e-05,0.0
delta1__protein_npx__P01042,7.436232391669908e-05,0.0
delta1__protein_npx__P19823,7.43511819889499e-05,0.0
peptide_log__C(UniMod_4)REILSVDC(UniMod_4)STNNPSQAK,7.432226998310807e-05,0.0
rollmean2__peptide_log__LVGGPM(UniMod_35)DASVEEEGVRR,7.429494258756629e-05,0.0
slope1__peptide_log__LGPLVEQGR,7.426047074799034e-05,0.0
peptide_log__LSSWVLLM(UniMod_35)K,7.424168063134005e-05,0.0
delta1__peptide_mean__P02647,7.422795360276982e-05,0.0
delta1__protein_npx__P02649,7.418326229597371e-05,0.0
peptide_mean__P02766,7.414157236920671e-05,0.0
rollmean2__protein_npx__Q14624,7.388145388169738e-05,0.0
delta1__peptide_log__VKDLATVYVDVLK,7.382302669578935e-05,0.0
rollmean2__peptide_mean__P24592,7.369547068878213e-05,0.0
protein_npx__P01033,7.359793381059544e-05,0.0
protein_npx__P06681,7.336432191235324e-05,0.0
lag1__peptide_log__QKVEPLRAELQEGAR,7.335947766435146e-05,0.0
lag1__peptide_std__P05060,7.330204958349456e-05,0.0
lag1__protein_npx__P01008,7.329166450411374e-05,0.0
slope1__peptide_std__P02753,7.324218360291285e-05,0.0
slope1__peptide_log__ELSSFIDKGQELC(UniMod_4)ADYSENTFTEYK,7.322083208026079e-05,0.0
lag1__peptide_log__C(UniMod_4)VDVDEC(UniMod_4)APPAEPC(UniMod_4)GK,7.298121568779119e-05,0.0
rollmean2__peptide_std__O15240,7.296533236575616e-05,0.0
slope1__protein_npx__P01861,7.292395963938921e-05,0.0
peptide_log__DSGFQM(UniMod_35)NQLR,7.273229375643001e-05,0.0
protein_npx__Q96S96,7.26745164795634e-05,0.0
peptide_std__P06396,7.26132313656813e-05,0.0
rollmean2__protein_npx__Q9UBX5,7.258820505940961e-05,0.0
peptide_mean__P19827,7.254965236685991e-05,0.0
peptide_log__LIADLGSTSITNLGFR,7.249435415535008e-05,0.0
delta1__peptide_mean__Q9UBX5,7.237278888111574e-05,0.0
delta1__peptide_log__SPVGVQPILNEHTFC(UniMod_4)AGMSK,7.234577265850745e-05,0.0
rollmean2__protein_npx__P23083,7.232878692060722e-05,0.0
slope1__protein_npx__P27169,7.223321137432122e-05,0.0
lag1__peptide_mean__P02649,7.21868353622141e-05,0.0
slope1__current_updrs_2,7.207670876394309e-05,0.0
rollmean2__peptide_std__P02760,7.195706549456436e-05,0.0
protein_npx__Q16270,7.190674510431629e-05,0.0
peptide_log__RGYQLSDVDGVTC(UniMod_4)EDIDEC(UniMod_4)ALPTGGHIC(UniMod_4)SYR,7.173260690788306e-05,0.0
delta1__peptide_log__IHWESASLLR,7.161887162369782e-05,0.0
protein_npx__P02763,7.156723683077641e-05,0.0
slope1__peptide_mean__P01876,7.15283202882142e-05,0.0
rollmean2__peptide_std__Q16610,7.144347358229302e-05,0.0
rollmean2__peptide_log__YIVSGTPTFVPYLIK,7.128904012747167e-05,0.0
slope1__peptide_log__LRTEGDGVYTLNNEK,7.118180631202368e-05,0.0
peptide_std__O15240,7.118023427130451e-05,0.0
peptide_mean__P00734,7.115723106597427e-05,0.0
peptide_mean__P02792,7.115702287906138e-05,0.0
peptide_std__P06681,7.10994558854876e-05,0.0
rollmean2__peptide_mean__P02751,7.10492103026949e-05,0.0
peptide_std__P00746,7.088011552790195e-05,0.0
delta1__peptide_std__P01009,7.08418894452847e-05,0.0
protein_npx__P19652,7.07970259911918e-05,0.0
lag1__peptide_std__P41222,7.050522698066915e-05,0.0
slope1__peptide_std__P01860,7.042911268429253e-05,0.0
rollmean2__protein_npx__P08637,7.037792476808529e-05,0.0
lag1__peptide_mean__P07858,7.0354303975299e-05,0.0
peptide_std__P02748,6.993864498872113e-05,0.0
rollmean2__peptide_std__P05067,6.992289893207327e-05,0.0
protein_npx__P10645,6.986800382675309e-05,0.0
rollmean2__peptide_mean__P23083,6.981968766128885e-05,0.0
peptide_mean__Q99969,6.973179111237114e-05,0.0
rollmean2__peptide_mean__P04433,6.960385866521202e-05,0.0
rollmean2__protein_npx__Q8N2S1,6.957393218571894e-05,0.0
peptide_mean__P05452,6.952203468126248e-05,0.0
peptide_log__ALGISPFHEHAEVVFTANDSGPR,6.945480462058578e-05,0.0
rollmean2__protein_npx__Q9Y646,6.93497622543024e-05,0.0
slope1__peptide_log__YVM(UniMod_35)LPVADQDQC(UniMod_4)IR,6.930876279405754e-05,0.0
peptide_log__ELDESLQVAER,6.927200121106475e-05,0.0
delta1__peptide_std__Q12841,6.921169337602249e-05,0.0
rollmean2__peptide_log__ANRPFLVFIR,6.914367915106099e-05,0.0
slope1__peptide_mean__P02647,6.909729581829291e-05,0.0
peptide_mean__P36222,6.905698678161299e-05,0.0
delta1__protein_npx__P02753,6.902348801385744e-05,0.0
rollmean2__peptide_mean__Q13740,6.900870439505055e-05,0.0
rollmean2__protein_npx__P01591,6.895995770269296e-05,0.0
rollmean2__peptide_log__GEVQAMLGQSTEELR,6.894821145030731e-05,0.0
rollmean2__peptide_std__P09871,6.8919798343731e-05,0.0
rollmean2__peptide_mean__P11277,6.88768696751745e-05,0.0
rollmean2__peptide_std__O75144,6.879553657134722e-05,0.0
rollmean2__peptide_std__P17174,6.878119835706324e-05,0.0
slope1__peptide_mean__P43121,6.867123315186365e-05,0.0
rollmean2__peptide_std__P01023,6.865275955115658e-05,0.0
peptide_std__P05060,6.861251204137337e-05,0.0
slope1__peptide_mean__P13611,6.852507461438208e-05,0.0
lag1__peptide_std__P00748,6.847853773256048e-05,0.0
delta1__peptide_observation_count,6.818201250235866e-05,0.0
lag1__peptide_std__P18065,6.818170811739011e-05,0.0
peptide_mean__P00748,6.816888784395007e-05,0.0
peptide_mean__Q96PD5,6.804300463031792e-05,0.0
rollmean2__protein_npx__P13521,6.802740776588069e-05,0.0
rollmean2__peptide_mean__P80748,6.789952863614396e-05,0.0
rollmean2__peptide_mean__P01033,6.78888463400478e-05,0.0
lag1__peptide_log__TVVQPSVGAAAGPVVPPC(UniMod_4)PGR,6.782104204076918e-05,0.0
slope1__peptide_log__LSKELQAAQAR,6.775789289183096e-05,0.0
slope1__peptide_std__P61769,6.773468598797714e-05,0.0
peptide_log__SSQGGSLPSEEK,6.77252159580057e-05,0.0
rollmean2__peptide_mean__P02679,6.767735077109629e-05,0.0
peptide_log__LSNENHGIAQR,6.755697060120007e-05,0.0
lag1__peptide_log__TLLSNLEEAKK,6.754685835334566e-05,0.0
rollmean2__peptide_std__P05155,6.752880474812862e-05,0.0
slope1__peptide_mean__P98160,6.743006233523487e-05,0.0
delta1__peptide_mean__P16870,6.739699134676828e-05,0.0
rollmean2__peptide_mean__P27169,6.737126984196135e-05,0.0
peptide_mean__P09104,6.735803712560804e-05,0.0
slope1__peptide_mean__P02790,6.724107402972978e-05,0.0
lag1__protein_npx__O14791,6.719560730424636e-05,0.0
rollmean2__peptide_log__RLEGQEEEEDNRDSSMK,6.716078248530076e-05,0.0
delta1__peptide_std__P08697,6.71127405038143e-05,0.0
rollmean2__protein_npx__P02675,6.701063240546625e-05,0.0
peptide_log__C(UniMod_4)RDQLPYIC(UniMod_4)QFGIV,6.696092359194656e-05,0.0
lag1__peptide_mean__Q08380,6.692270607195989e-05,0.0
slope1__peptide_std__P00747,6.690899233544865e-05,0.0
protein_npx__P02751,6.684472947279972e-05,0.0
slope1__peptide_mean__P06727,6.682453413103593e-05,0.0
peptide_std__P06727,6.680855349295525e-05,0.0
protein_npx__P05090,6.679984203472153e-05,0.0
peptide_std__P01859,6.673180645036038e-05,0.0
protein_npx__Q14624,6.672262710266376e-05,0.0
peptide_log__TDASDVKPC(UniMod_4),6.668714490145819e-05,0.0
delta1__protein_npx__P05546,6.666376260761529e-05,0.0
lag1__peptide_std__P10645,6.665760973715464e-05,0.0
rollmean2__peptide_log__KQELSEAEQATR,6.639050737444966e-05,0.0
peptide_mean__P04217,6.601007920980117e-05,0.0
slope1__peptide_log__NPDSSTTGPWC(UniMod_4)YTTDPTVR,6.587188494484187e-05,0.0
delta1__protein_npx__P13591,6.586736451141854e-05,0.0
rollmean2__protein_npx__P27169,6.562910884106504e-05,0.0
slope1__peptide_mean__P02747,6.551069688199777e-05,0.0
lag1__peptide_log__AYQGVAAPFPK,6.548777750504633e-05,0.0
slope1__peptide_count__Q9Y6R7,6.541303736327346e-05,0.0
lag1__protein_npx__P07998,6.539892735914402e-05,0.0
slope1__peptide_mean__P20774,6.535243830425158e-05,0.0
rollmean2__protein_npx__P14314,6.53391367838675e-05,0.0
slope1__protein_npx__P04211,6.527094067708494e-05,0.0
lag1__protein_npx__P02768,6.520186578026637e-05,0.0
rollmean2__peptide_log__DSGEGDFLAEGGGVR,6.51790753209497e-05,0.0
rollmean2__peptide_mean__Q99829,6.508067788237314e-05,0.0
peptide_std__P00738,6.507457308114688e-05,0.0
peptide_std__P02751,6.506646009731976e-05,0.0
lag1__peptide_std__Q12805,6.505115202519834e-05,0.0
delta1__peptide_abundance_max,6.502419753534941e-05,0.0
delta1__peptide_mean__P02748,6.501161004141755e-05,0.0
rollmean2__protein_npx__O14791,6.500115293353927e-05,0.0
rollmean2__peptide_std__P02748,6.491232511551713e-05,0.0
rollmean2__protein_npx__P07858,6.490450112502677e-05,0.0
delta1__peptide_mean__P01031,6.483894436199815e-05,0.0
rollmean2__peptide_mean__P07858,6.475291028229176e-05,0.0
rollmean2__protein_npx__P08493,6.472758051534615e-05,0.0
rollmean2__protein_npx__P00751,6.470602278368077e-05,0.0
lag1__peptide_mean__P08253,6.468322015088566e-05,0.0
slope1__peptide_log__FNKPFVFLM(UniMod_35)IEQNTK,6.463679223129269e-05,0.0
lag1__peptide_std__P98160,6.45218709323781e-05,0.0
rollmean2__protein_npx__P41222,6.446489735371324e-05,0.0
protein_npx__P23083,6.437667700223881e-05,0.0
slope1__peptide_std__P00734,6.435961544454579e-05,0.0
slope1__peptide_std__P01034,6.42101116943601e-05,0.0
peptide_log__KQELSEAEQATR,6.419595831218696e-05,0.0
delta1__peptide_std__P02774,6.415412922351786e-05,0.0
lag1__protein_npx__Q13283,6.41165777015749e-05,0.0
rollmean2__peptide_std__P01024,6.395214845663444e-05,0.0
rollmean2__peptide_count__P12109,6.388744932902639e-05,0.0
slope1__protein_npx__O00584,6.380642317388467e-05,0.0
peptide_log__SWFEPLVEDM(UniMod_35)QR,6.376102858342029e-05,0.0
slope1__peptide_std__P00441,6.363276816654273e-05,0.0
rollmean2__peptide_std__P16035,6.346988379580398e-05,0.0
rollmean2__peptide_mean__P02792,6.34386235120043e-05,0.0
slope1__peptide_log__DLATVYVDVLK,6.343568619802897e-05,0.0
protein_npx__P02747,6.339165437296626e-05,0.0
lag1__peptide_log__SFNRGEC(UniMod_4),6.338203533831253e-05,0.0
delta1__protein_npx__P02679,6.337219822530533e-05,0.0
peptide_log__SGELEQEEER,6.331001188693668e-05,0.0
protein_npx__P01008,6.328868165088318e-05,0.0
protein_npx__Q96KN2,6.320974710166353e-05,0.0
peptide_std__P01877,6.319161880484703e-05,0.0
rollmean2__peptide_log__C(UniMod_4)IIEVLSNALSK,6.318550603466428e-05,0.0
peptide_std__P17174,6.31835644916091e-05,0.0
slope1__protein_npx__Q13449,6.305641926589934e-05,0.0
slope1__peptide_mean__Q9UBX5,6.292716497119181e-05,0.0
lag1__peptide_mean__P02656,6.28485317170353e-05,0.0
rollmean2__peptide_mean__P36980,6.28328007479743e-05,0.0
rollmean2__protein_npx__P13671,6.279944559816962e-05,0.0
slope1__peptide_std__P07711,6.274893878508904e-05,0.0
peptide_abundance_min,6.267941817632582e-05,0.0
rollmean2__peptide_mean__P10451,6.249334207547813e-05,0.0
peptide_mean__Q9BY67,6.244199405412568e-05,0.0
delta1__peptide_std__P41222,6.233055006217797e-05,0.0
rollmean2__peptide_std__O15394,6.229024424491528e-05,0.0
lag1__peptide_mean__P01859,6.205953929637993e-05,0.0
lag1__peptide_std__P01024,6.200385317185578e-05,0.0
peptide_mean__P04433,6.192304972157672e-05,0.0
lag1__peptide_std__Q06481,6.18598719529561e-05,0.0
lag1__peptide_log__LAVYQAGAR,6.175469373654173e-05,0.0
peptide_std__P41222,6.162208048651795e-05,0.0
lag1__peptide_std__P02763,6.161275576284974e-05,0.0
rollmean2__peptide_std__P98160,6.159730919166423e-05,0.0
delta1__protein_npx__Q13332,6.155932967291342e-05,0.0
peptide_std__P02765,6.151912185980135e-05,0.0
delta1__peptide_log__NPDPWAK,6.144490975571041e-05,0.0
peptide_mean__P11277,6.138419231358172e-05,0.0
peptide_mean__P04207,6.126011745276418e-05,0.0
peptide_std__P24592,6.117784333957031e-05,0.0
rollmean2__protein_npx__P02652,6.11736267937716e-05,0.0
slope1__protein_npx__P08637,6.112292342318963e-05,0.0
protein_npx__P02656,6.09615681574003e-05,0.0
slope1__peptide_mean__P04004,6.08588043728328e-05,0.0
slope1__peptide_mean__P08603,6.082437297149493e-05,0.0
protein_npx__P02647,6.073170868570281e-05,0.0
rollmean2__peptide_mean__P10643,6.0720858072001e-05,0.0
delta1__protein_npx__P02675,6.0504786753768405e-05,0.0
delta1__protein_npx__P07998,6.047714313091028e-05,0.0
delta1__peptide_log__VQPYLDDFQKK,6.043061622408823e-05,0.0
rollmean2__peptide_std__P25311,6.039967422747951e-05,0.0
rollmean2__protein_npx__P80748,6.034090176968343e-05,0.0
peptide_mean__P04406,6.021770948068779e-05,0.0
peptide_log__HGGLYHENMR,6.0209802241929245e-05,0.0
lag1__peptide_log__YVM(UniMod_35)LPVADQDQC(UniMod_4)IR,6.020001528399232e-05,0.0
delta1__protein_npx__P17174,6.0151459726166255e-05,0.0
delta1__peptide_log__VYC(UniMod_4)DMNTENGGWTVIQNR,6.0126031928712515e-05,0.0
lag1__protein_npx__Q13451,6.0094962048514485e-05,0.0
lag1__peptide_std__P01859,6.004692686108235e-05,0.0
peptide_mean__P80748,6.004138463948832e-05,0.0
rollmean2__peptide_log__VLLDQLR,5.992960283076916e-05,0.0
slope1__protein_npx__P17936,5.9927224603268076e-05,0.0
protein_npx__P36222,5.9849572531501865e-05,0.0
slope1__peptide_mean__P01833,5.980204950203933e-05,0.0
peptide_mean__P01009,5.974988043086186e-05,0.0
rollmean2__protein_npx__Q96PD5,5.972949036110824e-05,0.0
delta1__protein_npx__Q92823,5.9610407109494926e-05,0.0
lag1__peptide_mean__P02647,5.950566817621019e-05,0.0
rollmean2__peptide_mean__P36222,5.950407245700291e-05,0.0
lag1__protein_npx__P16870,5.944528265880344e-05,0.0
slope1__peptide_mean__P14314,5.9354993193344436e-05,0.0
peptide_mean__P00450,5.932102439473399e-05,0.0
lag1__peptide_std__P13591,5.922678595657897e-05,0.0
rollmean2__peptide_log__LDEVKEQVAEVR,5.920398765973746e-05,0.0
rollmean2__protein_npx__P04211,5.918716808102961e-05,0.0
peptide_mean__Q562R1,5.916671499543132e-05,0.0
peptide_log__TLLSNLEEAKK,5.9148287390315617e-05,0.0
peptide_log__SC(UniMod_4)SPELQQK,5.9126216490675324e-05,0.0
missing__peptide_log__LGADM(UniMod_35)EDVC(UniMod_4)GR,5.911410296224695e-05,0.0
delta1__peptide_mean__P10909,5.908347645133364e-05,0.0
rollmean2__peptide_log__ELSSFIDKGQELC(UniMod_4)ADYSENTFTEYK,5.907693561926629e-05,0.0
rollmean2__protein_npx__Q99832,5.896615435420242e-05,0.0
rollmean2__peptide_std__P05060,5.889829981660916e-05,0.0
lag1__peptide_mean__Q9UBX5,5.8845050905740963e-05,0.0
rollmean2__peptide_mean__P17936,5.878997499225437e-05,0.0
slope1__protein_npx__Q96PD5,5.8709865665594285e-05,0.0
peptide_mean__P54289,5.863770368340051e-05,0.0
protein_npx__P61278,5.8541529715030805e-05,0.0
slope1__peptide_mean__Q8IWV7,5.852264968776219e-05,0.0
peptide_mean__Q13740,5.8515794592225924e-05,0.0
delta1__peptide_mean__P09486,5.848472466983826e-05,0.0
protein_npx__Q9NYU2,5.8475482606300915e-05,0.0
delta1__peptide_count__P08493,5.8361152487328766e-05,0.0
peptide_log__AATGEC(UniMod_4)TATVGKR,5.827875014155513e-05,0.0
lag1__protein_npx__P19823,5.826375358058489e-05,0.0
rollmean2__protein_npx__P06454,5.821647524251743e-05,0.0
peptide_log__YIVSGTPTFVPYLIK,5.820493880535684e-05,0.0
rollmean2__peptide_mean__P18065,5.8190905307379304e-05,0.0
lag1__peptide_mean__P07711,5.818772165695325e-05,0.0
slope1__peptide_count__P00751,5.809734209520392e-05,0.0
lag1__protein_npx__P35542,5.805558863816744e-05,0.0
protein_npx__P02748,5.794772261080808e-05,0.0
delta1__protein_npx__P01011,5.781104708120561e-05,0.0
peptide_mean__P01833,5.7805694819593584e-05,0.0
protein_npx__P11277,5.7748098148003725e-05,0.0
lag1__peptide_std__O75144,5.770875938412512e-05,0.0
peptide_log__VTSIQDWVQK,5.7692687370542927e-05,0.0
rollmean2__protein_npx__P07339,5.767461619701773e-05,0.0
rollmean2__protein_npx__P01008,5.7639855666193846e-05,0.0
slope1__protein_npx__P20774,5.763158951100529e-05,0.0
rollmean2__peptide_std__Q9UBX5,5.757653994606591e-05,0.0
delta1__protein_npx__P36222,5.7502615895456244e-05,0.0
rollmean2__peptide_mean__P02753,5.749718059364619e-05,0.0
rollmean2__protein_npx__P01780,5.746405499439557e-05,0.0
rollmean2__peptide_std__P10909,5.742456646629663e-05,0.0
slope1__peptide_mean__P10909,5.7404155373264034e-05,0.0
rollmean2__peptide_std__P51884,5.724107570215205e-05,0.0
peptide_log__AEAQEAEDQQAR,5.72193888153125e-05,0.0
lag1__protein_npx__P05155,5.720242016086643e-05,0.0
lag1__peptide_count__Q06481,5.7191514325485096e-05,0.0
slope1__protein_npx__Q7Z5P9,5.7169247862560806e-05,0.0
peptide_mean__Q9NYU2,5.7110971575029814e-05,0.0
lag1__protein_npx__P02679,5.7104745341372444e-05,0.0
delta1__protein_npx__P05067,5.7052304848928255e-05,0.0
delta1__protein_npx__Q9Y6R7,5.704216656201394e-05,0.0
peptide_mean__Q9Y6R7,5.69699407358445e-05,0.0
peptide_mean__P04216,5.6917658243933994e-05,0.0
rollmean2__peptide_mean__Q99969,5.6852095800594234e-05,0.0
lag1__protein_npx__P06727,5.684538671457451e-05,0.0
lag1__peptide_log__TKEEYGHSEVVEYYC(UniMod_4)NPR,5.6813382428329245e-05,0.0
peptide_mean__P01024,5.6801468496668e-05,0.0
lag1__peptide_std__P07602,5.6604824929416025e-05,0.0
rollmean2__peptide_std__P04433,5.660464346350907e-05,0.0
slope1__peptide_std__P61916,5.660343991392296e-05,0.0
rollmean2__peptide_mean__P04180,5.6586491113850755e-05,0.0
delta1__protein_npx__P01024,5.656440027623001e-05,0.0
slope1__peptide_std__P23142,5.653409192949356e-05,0.0
rollmean2__peptide_count__P19823,5.6507758232401615e-05,0.0
delta1__peptide_log__RTPITVVK,5.6422713276773755e-05,0.0
peptide_mean__Q99683,5.625683828834539e-05,0.0
lag1__peptide_std__P02652,5.623279479733499e-05,0.0
rollmean2__peptide_mean__P08637,5.6203582208149296e-05,0.0
lag1__peptide_std__P01860,5.6133229595868175e-05,0.0
slope1__peptide_mean__P16870,5.607729445261788e-05,0.0
slope1__peptide_std__P00736,5.604252341892791e-05,0.0
delta1__peptide_mean__P08294,5.6004521931741405e-05,0.0
peptide_log__SGEATDGARPQALPEPMQESK,5.594583244881539e-05,0.0
rollmean2__peptide_mean__P13611,5.585701057576104e-05,0.0
peptide_mean__P04275,5.5790090377246776e-05,0.0
rollmean2__peptide_log__TTPPVLDSDGSFFLYSK,5.5737223088983835e-05,0.0
protein_npx__P16152,5.570457963485308e-05,0.0
protein_npx__P19021,5.564722595282428e-05,0.0
lag1__protein_npx__Q14508,5.5610571463374835e-05,0.0
peptide_std__P05452,5.560628041486761e-05,0.0
lag1__protein_npx__P24592,5.560592952281847e-05,0.0
lag1__peptide_std__P02747,5.554747898789015e-05,0.0
peptide_mean__P05067,5.54280467652364e-05,0.0
protein_npx__O14773,5.533234556857427e-05,0.0
delta1__peptide_mean__P02675,5.5328775162389975e-05,0.0
delta1__peptide_std__Q92520,5.53275091860607e-05,0.0
rollmean2__peptide_log__M(UniMod_35)ASGAANVVGPK,5.5304614570986276e-05,0.0
slope1__peptide_log__IMNGEADAMSLDGGFVYIAGK,5.5285271429767575e-05,0.0
rollmean2__peptide_mean__P61626,5.5092624275284584e-05,0.0
peptide_log__LEGQEEEEDNRDSSMK,5.50583334402787e-05,0.0
delta1__peptide_mean__P00751,5.5056667255440994e-05,0.0
delta1__peptide_std__P02748,5.4983463404585076e-05,0.0
slope1__peptide_mean__P02765,5.497940238640903e-05,0.0
peptide_mean__P24592,5.478013834238693e-05,0.0
rollmean2__peptide_mean__P01717,5.4745572629388526e-05,0.0
rollmean2__protein_npx__P01023,5.472384921376219e-05,0.0
rollmean2__peptide_mean__Q9NYU2,5.4686074738279264e-05,0.0
protein_npx__P02652,5.452964916054925e-05,0.0
lag1__peptide_mean__P05546,5.451791371221788e-05,0.0
peptide_mean__Q13451,5.445621234054298e-05,0.0
rollmean2__peptide_log__GEVQAMLGQSTEELRVR,5.4420378631610986e-05,0.0
rollmean2__protein_npx__P00736,5.430508927568856e-05,0.0
peptide_log__IMNGEADAMSLDGGFVYIAGK,5.4275218644489495e-05,0.0
rollmean2__peptide_log__M(UniMod_35)YLGYEYVTAIR,5.41477924069805e-05,0.0
delta1__peptide_log__AVLPTGDVIGDSAK,5.414076744344019e-05,0.0
peptide_log__TTPPVLDSDGSFFLYSK,5.414016140716726e-05,0.0
peptide_mean__P23142,5.4139339986591477e-05,0.0
delta1__peptide_std__P00450,5.40899399400452e-05,0.0
delta1__protein_npx__O60888,5.398884282580225e-05,0.0
rollmean2__protein_npx__O15240,5.397981358580085e-05,0.0
lag1__protein_npx__P36980,5.396125912376947e-05,0.0
peptide_std__P30086,5.393775245439702e-05,0.0
rollmean2__peptide_log__TSPVDEKALQDQLVLVAAK,5.388263648813711e-05,0.0
lag1__peptide_std__P00441,5.3768241352009115e-05,0.0
delta1__peptide_count__P06396,5.373187851225036e-05,0.0
slope1__peptide_mean__O14791,5.365548583976195e-05,0.0
protein_npx__P04275,5.363339315583618e-05,0.0
delta1__protein_npx__P30086,5.36246508950903e-05,0.0
delta1__protein_npx__P02765,5.3611478502982936e-05,0.0
delta1__peptide_log__TPVSDRVTK,5.3601778334493865e-05,0.0
lag1__peptide_log__LFDSDPITVTVPVEVSR,5.359102899778603e-05,0.0
delta1__peptide_std__Q16610,5.358466912040609e-05,0.0
delta1__peptide_log__C(UniMod_4)TSTGWIPAPR,5.3582841376148064e-05,0.0
rollmean2__peptide_count__P01024,5.3510076102518324e-05,0.0
delta1__peptide_log__LSSWVLLM(UniMod_35)K,5.349129463106191e-05,0.0
peptide_mean__Q12841,5.347990281787874e-05,0.0
protein_npx__P00450,5.34472269148096e-05,0.0
rollmean2__peptide_std__P05090,5.3321169268322584e-05,0.0
delta1__peptide_std__P02787,5.3132192608966434e-05,0.0
rollmean2__protein_npx__P61278,5.2992225270638654e-05,0.0
peptide_log__KAADDTWEPFASGK,5.291932419585042e-05,0.0
peptide_mean__P02760,5.279240122053524e-05,0.0
rollmean2__peptide_mean__P36955,5.275822072267782e-05,0.0
rollmean2__peptide_feature_count,5.267027035734908e-05,0.0
slope1__peptide_mean__Q14624,5.261945642625786e-05,0.0
lag1__peptide_mean__Q14515,5.252976433173985e-05,0.0
rollmean2__protein_npx__Q06481,5.249096554121702e-05,0.0
delta1__peptide_log__LGQSLDC(UniMod_4)NAEVYVVPWEK,5.246611016241742e-05,0.0
delta1__protein_npx__P02671,5.245769367225544e-05,0.0
peptide_std__Q9UHG2,5.240804917615651e-05,0.0
rollmean2__peptide_mean__P04196,5.2385693558080386e-05,0.0
rollmean2__protein_npx__P02647,5.238014026675579e-05,0.0
delta1__protein_npx__P01857,5.236958424585813e-05,0.0
peptide_std__P08697,5.232421581362548e-05,0.0
rollmean2__protein_npx__O43505,5.230605455545129e-05,0.0
slope1__protein_npx__P02760,5.210088852794487e-05,0.0
rollmean2__peptide_std__Q12841,5.205682398057623e-05,0.0
peptide_mean__P98160,5.20520222541356e-05,0.0
delta1__protein_npx__P18065,5.178719227398804e-05,0.0
rollmean2__peptide_mean__O00533,5.1765541153366675e-05,0.0
peptide_mean__P01591,5.176332747149425e-05,0.0
rollmean2__peptide_std__P02749,5.150972644438611e-05,0.0
rollmean2__protein_npx__P20933,5.150353662750586e-05,0.0
rollmean2__protein_npx__P30086,5.142955085595813e-05,0.0
rollmean2__peptide_std__P02768,5.141128068855076e-05,0.0
rollmean2__peptide_mean__O00584,5.138789664163251e-05,0.0
peptide_mean__P16870,5.138187850196935e-05,0.0
lag1__peptide_std__Q13740,5.135877349266398e-05,0.0
lag1__protein_npx__P39060,5.1351274914537e-05,0.0
delta1__peptide_count__Q14515,5.1190016563869955e-05,0.0
lag1__peptide_mean__P01344,5.114202497273722e-05,0.0
delta1__peptide_std__P02656,5.112270292098151e-05,0.0
rollmean2__peptide_std__P06396,5.1036710424604504e-05,0.0
delta1__peptide_std__P07998,5.088469714576832e-05,0.0
rollmean2__peptide_mean__P19021,5.0869577382453484e-05,0.0
lag1__peptide_mean__O15240,5.0789981561027266e-05,0.0
delta1__peptide_mean__P01344,5.069631784644151e-05,0.0
slope1__peptide_std__P41222,5.069078761252954e-05,0.0
peptide_std__P02747,5.0676062688735964e-05,0.0
rollmean2__peptide_log__HYEGSTVPEK,5.065705434921613e-05,0.0
peptide_std__Q92520,5.0642312592173196e-05,0.0
rollmean2__peptide_mean__P25311,5.063923570246289e-05,0.0
lag1__peptide_mean__P01860,5.059113350359575e-05,0.0
peptide_std__Q9UBX5,5.059088846175638e-05,0.0
peptide_log__LSKELQAAQAR,5.0561571870094735e-05,0.0
lag1__peptide_log__HGGLYHENMR,5.053585968432472e-05,0.0
lag1__protein_npx__Q12805,5.052471116131486e-05,0.0
lag1__protein_npx__P04211,5.0505482783370165e-05,0.0
lag1__protein_npx__P02652,5.0497354550501643e-05,0.0
rollmean2__protein_npx__Q6UX71,5.049027781930762e-05,0.0
peptide_mean__P23083,5.048022986147725e-05,0.0
slope1__peptide_std__P05452,5.043363885935894e-05,0.0
slope1__peptide_std__P02760,5.036738638687289e-05,0.0
protein_npx__P01857,5.0273657793122805e-05,0.0
delta1__peptide_std__P13611,5.024227993949847e-05,0.0
peptide_mean__P51884,5.018394090604435e-05,0.0
rollmean2__peptide_std__P00747,5.013715048025798e-05,0.0
peptide_log__FLATTPNSLLVSWQPPR,5.007457573804797e-05,0.0
lag1__peptide_log__SC(UniMod_4)SPELQQK,5.006097443990769e-05,0.0
rollmean2__protein_npx__P01860,5.0053085722685837e-05,0.0
protein_npx__P01009,5.000932803508688e-05,0.0
rollmean2__peptide_log__NFPPSQDASGDLYTTSSQLTLPATQC(UniMod_4)PDGK,4.99698064002632e-05,0.0
protein_npx__P06310,4.99675844405138e-05,0.0
rollmean2__peptide_mean__P07711,4.991727826731074e-05,0.0
delta1__peptide_std__P30086,4.989359687480523e-05,0.0
rollmean2__protein_npx__P11277,4.985857758946206e-05,0.0
protein_npx__P20933,4.966034840450853e-05,0.0
rollmean2__protein_npx__Q9UNU6,4.962163447695993e-05,0.0
rollmean2__protein_npx__P08603,4.9597582204991296e-05,0.0
lag1__peptide_std__P02748,4.9452020794449354e-05,0.0
lag1__peptide_log__ILLQGTPVAQMTEDAVDAER,4.942268553703387e-05,0.0
slope1__peptide_mean__Q92823,4.9364149293467356e-05,0.0
rollmean2__peptide_std__P02763,4.932064369828266e-05,0.0
peptide_log__GSPAINVAVHVFRK,4.9297805138114226e-05,0.0
protein_npx__P06727,4.926085593318057e-05,0.0
rollmean2__peptide_log__TPVSDRVTK,4.9245182401988465e-05,0.0
slope1__peptide_mean__Q92520,4.91979371734319e-05,0.0
slope1__peptide_std__O75144,4.912349935405786e-05,0.0
peptide_mean__P16070,4.912278017373977e-05,0.0
rollmean2__peptide_mean__P02748,4.905092348041849e-05,0.0
protein_npx__Q7Z5P9,4.904981915573584e-05,0.0
peptide_std__P98160,4.895390753747258e-05,0.0
peptide_mean__Q14624,4.894659954333187e-05,0.0
slope1__peptide_std__P02765,4.892125309229818e-05,0.0
slope1__protein_npx__P08571,4.875796026678606e-05,0.0
lag1__protein_npx__P01859,4.870735067556297e-05,0.0
lag1__protein_npx__P08697,4.86619206250009e-05,0.0
lag1__peptide_log__LVGGPM(UniMod_35)DASVEEEGVRR,4.861608378994967e-05,0.0
delta1__peptide_std__Q14624,4.861530902001852e-05,0.0
delta1__peptide_mean__Q13449,4.859835070726616e-05,0.0
lag1__peptide_std__P08571,4.850600638485258e-05,0.0
lag1__peptide_std__P05155,4.8440787666581655e-05,0.0
rollmean2__protein_npx__P25311,4.84323626099942e-05,0.0
lag1__peptide_mean__O00584,4.842260869665194e-05,0.0
delta1__peptide_std__P05156,4.8294580449803953e-05,0.0
peptide_mean__P01019,4.826510349581112e-05,0.0
months_since_baseline,4.825346413345236e-05,0.0
rollmean2__protein_npx__P07333,4.822530123219604e-05,0.0
rollmean2__protein_npx__P02774,4.822241006401972e-05,0.0
lag1__peptide_std__P43121,4.8209930218346855e-05,0.0
slope1__peptide_log__TTPPVLDSDGSFFLYSK,4.8198670619839826e-05,0.0
rollmean2__peptide_std__P07998,4.8179496537035935e-05,0.0
slope1__peptide_std__Q92520,4.814115949365988e-05,0.0
lag1__protein_npx__P11277,4.794706576238939e-05,0.0
peptide_mean__P04196,4.7922354763951254e-05,0.0
slope1__peptide_mean__P02753,4.788347360581866e-05,0.0
delta1__protein_npx__P98160,4.7879972008771235e-05,0.0
peptide_mean__P08493,4.784109869581829e-05,0.0
slope1__peptide_mean__P02760,4.783756648235218e-05,0.0
peptide_mean__Q96KN2,4.7837399848813025e-05,0.0
peptide_std__P54289,4.776235640831366e-05,0.0
protein_npx__P04196,4.7734793267806736e-05,0.0
peptide_log__VQAAVGTSAAPVPSDNH,4.762399727022047e-05,0.0
rollmean2__peptide_std__P01877,4.761927575283172e-05,0.0
rollmean2__current_updrs_1,4.758362379499822e-05,0.0
rollmean2__peptide_log__WELALGR,4.7522564311796615e-05,0.0
rollmean2__peptide_log__LGPLVEQGR,4.750400012977454e-05,0.0
slope1__protein_npx__P01042,4.7466664392441626e-05,0.0
peptide_std__P01008,4.737320658002727e-05,0.0
peptide_std__Q16270,4.734312439742978e-05,0.0
peptide_mean__P04004,4.7294176397813536e-05,0.0
rollmean2__peptide_std__P36955,4.7197546414587367e-05,0.0
delta1__protein_npx__P31997,4.7085996905030274e-05,0.0
lag1__visit_index,4.693386836678794e-05,0.0
rollmean2__peptide_std__P08294,4.6889937852771786e-05,0.0
peptide_mean__P05156,4.682393502356419e-05,0.0
lag1__peptide_mean__P11277,4.680108630989212e-05,0.0
rollmean2__peptide_log__EDSLEAGLPLQVR,4.679274015474994e-05,0.0
delta1__peptide_mean__Q9NQ79,4.6774671570267404e-05,0.0
lag1__protein_npx__P01042,4.675034123520871e-05,0.0
delta1__peptide_std__P00751,4.666432289449455e-05,0.0
protein_npx__P04207,4.6620796170503465e-05,0.0
peptide_mean__P12109,4.658185056931844e-05,0.0
rollmean2__peptide_mean__P02768,4.6520335834217886e-05,0.0
slope1__protein_npx__P01833,4.648527405912515e-05,0.0
delta1__peptide_std__P14314,4.646674679156175e-05,0.0
rollmean2__peptide_std__Q06481,4.645085698638796e-05,0.0
delta1__protein_npx__Q8NBJ4,4.638246433750491e-05,0.0
lag1__peptide_log__KQELSEAEQATR,4.6382064862391876e-05,0.0
peptide_std__Q96KN2,4.6368839519254204e-05,0.0
slope1__peptide_std__P19823,4.6365185978559485e-05,0.0
peptide_std__P02766,4.632693824135041e-05,0.0
rollmean2__protein_npx__P01594,4.630011818368844e-05,0.0
lag1__protein_npx__Q9UHG2,4.624375397874042e-05,0.0
rollmean2__peptide_std__P02671,4.617999445876872e-05,0.0
delta1__peptide_std__P04180,4.616228433731476e-05,0.0
slope1__peptide_std__Q9NQ79,4.615526255049535e-05,0.0
delta1__peptide_mean__Q99969,4.6141136121035976e-05,0.0
lag1__peptide_std__P08294,4.60889302419463e-05,0.0
lag1__peptide_mean__Q02818,4.6057805518890444e-05,0.0
lag1__peptide_std__Q08380,4.58975748991516e-05,0.0
slope1__protein_npx__P07711,4.5839392177298814e-05,0.0
rollmean2__peptide_std__P14314,4.5835286068257086e-05,0.0
lag1__protein_npx__P01023,4.569440772685555e-05,0.0
rollmean2__peptide_log__C(UniMod_4)C(UniMod_4)VEC(UniMod_4)PPC(UniMod_4)PAPPVAGPSVFLFPPKPK,4.561109377337406e-05,0.0
rollmean2__protein_npx__P35542,4.5537391097554984e-05,0.0
slope1__peptide_mean__P49588,4.552748472527136e-05,0.0
delta1__peptide_mean__P09871,4.5512021636190344e-05,0.0
lag1__peptide_mean__O75144,4.535757989401685e-05,0.0
rollmean2__peptide_std__Q08380,4.533280125904979e-05,0.0
delta1__peptide_mean__P49588,4.526203909170603e-05,0.0
delta1__peptide_mean__P04217,4.522958381637025e-05,0.0
delta1__peptide_log__FM(UniMod_35)ETVAEK,4.5035655657240325e-05,0.0
peptide_mean__Q9UHG2,4.5022457354006904e-05,0.0
delta1__peptide_log__QQETAAAETETR,4.499498195032726e-05,0.0
rollmean2__peptide_mean__P04211,4.4953108181686145e-05,0.0
delta1__peptide_std__P05546,4.4948309831028743e-05,0.0
rollmean2__peptide_mean__P02790,4.488845885190292e-05,0.0
protein_npx__P19827,4.485834142698491e-05,0.0
lag1__peptide_std__P08603,4.4855006004540754e-05,0.0
slope1__peptide_log__VLLDQLR,4.483112853005116e-05,0.0
rollmean2__peptide_std__P30086,4.481821178807802e-05,0.0
slope1__peptide_log__VTLTC(UniMod_4)VAPLSGVDFQLR,4.480458164360435e-05,0.0
delta1__protein_npx__P16870,4.471049530258809e-05,0.0
slope1__peptide_log__ADDKETC(UniMod_4)FAEEGK,4.4649886035770746e-05,0.0
protein_npx__Q12907,4.4457983714233665e-05,0.0
peptide_log__IHWESASLLR,4.442756508202804e-05,0.0
lag1__peptide_mean__P02753,4.439208822307715e-05,0.0
delta1__protein_npx__P04207,4.436812072587331e-05,0.0
slope1__protein_npx__P00736,4.436363260498755e-05,0.0
rollmean2__peptide_mean__P00748,4.432947676988341e-05,0.0
rollmean2__peptide_mean__P00738,4.4328409525100375e-05,0.0
slope1__peptide_log__QQETAAAETETR,4.4300074265887615e-05,0.0
lag1__peptide_log__VDSGNDVTDIADDGC(UniMod_4)PKPPEIAHGYVEHSVR,4.42949716916718e-05,0.0
slope1__peptide_log__M(UniMod_35)ASGAANVVGPK,4.422539955271579e-05,0.0
peptide_log__YYWGGQYTWDMAK,4.420401110002181e-05,0.0
rollmean2__peptide_mean__P01608,4.419177663466043e-05,0.0
lag1__protein_npx__Q7Z5P9,4.418007185303694e-05,0.0
peptide_log__VDNALQSGNSQESVTEQDSKDSTYSLSSTLTLSK,4.409798726440991e-05,0.0
lag1__peptide_log__LDEVKEQVAEVR,4.40714591907369e-05,0.0
lag1__peptide_std__Q9UBX5,4.405580811436156e-05,0.0
rollmean2__peptide_count__P02671,4.401566341075537e-05,0.0
lag1__protein_npx__O94919,4.3983559737470765e-05,0.0
rollmean2__protein_npx__P01344,4.39313084668494e-05,0.0
rollmean2__peptide_mean__P01859,4.391765729550043e-05,0.0
rollmean2__peptide_mean__Q99683,4.3810314614136625e-05,0.0
rollmean2__protein_npx__P24592,4.3742791655797796e-05,0.0
delta1__protein_npx__P05060,4.3645911265728986e-05,0.0
slope1__protein_npx__Q9Y6R7,4.3606951299232864e-05,0.0
lag1__protein_npx__P61916,4.349706094467432e-05,0.0
protein_npx__P36980,4.346026515024653e-05,0.0
rollmean2__protein_npx__P13611,4.344229252221785e-05,0.0
rollmean2__protein_npx__P16070,4.3432073397757104e-05,0.0
delta1__peptide_count__P19823,4.341762332650305e-05,0.0
slope1__peptide_mean__P23142,4.3399189998562e-05,0.0
delta1__peptide_mean__P01019,4.339060458271502e-05,0.0
protein_npx__P00746,4.33885704802448e-05,0.0
delta1__protein_npx__P55290,4.336204113975297e-05,0.0
rollmean2__peptide_log__SLAELGGHLDQQVEEFRR,4.333930318615722e-05,0.0
delta1__peptide_std__P16035,4.333833717383642e-05,0.0
lag1__peptide_mean__P00748,4.327410621883968e-05,0.0
lag1__peptide_mean__P04180,4.327044623240165e-05,0.0
slope1__peptide_mean__P02751,4.326883491165485e-05,0.0
rollmean2__protein_npx__O00391,4.32126430785492e-05,0.0
slope1__peptide_log__QIGSVYR,4.313279732603456e-05,0.0
rollmean2__peptide_mean__P01009,4.312106140098075e-05,0.0
lag1__peptide_mean__P02765,4.305367591994094e-05,0.0
delta1__protein_npx__P43121,4.304652345473653e-05,0.0
slope1__peptide_std__P25311,4.3044808619988036e-05,0.0
peptide_log__QNC(UniMod_4)ELFEQLGEYK,4.3040655161241896e-05,0.0
rollmean2__peptide_std__P04217,4.303416157409974e-05,0.0
rollmean2__peptide_log__RTPITVVK,4.300384511434612e-05,0.0
lag1__peptide_mean__P98160,4.297523571209774e-05,0.0
delta1__peptide_mean__Q96PD5,4.29690056324138e-05,0.0
protein_npx__P01591,4.2953978912882775e-05,0.0
slope1__protein_npx__P02655,4.291601790096114e-05,0.0
protein_npx__P08603,4.291534786980145e-05,0.0
lag1__peptide_std__P13611,4.29038521493338e-05,0.0
peptide_log__KFPSGTFEQVSQLVK,4.270334160079898e-05,0.0
lag1__protein_npx__P00441,4.268865252351295e-05,0.0
protein_npx__O75326,4.265140225200162e-05,0.0
slope1__peptide_std__P00746,4.24360749992542e-05,0.0
rollmean2__peptide_mean__P17174,4.237379195944709e-05,0.0
rollmean2__protein_npx__Q8IWV7,4.237263705948758e-05,0.0
rollmean2__peptide_log__GYQLSDVDGVTC(UniMod_4)EDIDEC(UniMod_4)ALPTGGHIC(UniMod_4)SYR,4.235573501355351e-05,0.0
rollmean2__peptide_log__C(UniMod_4)RDQLPYIC(UniMod_4)QFGIV,4.228609794150719e-05,0.0
delta1__peptide_log__ANRPFLVFIR,4.2272173734973833e-05,0.0
peptide_mean__P08133,4.226811499228159e-05,0.0
peptide_mean__P01860,4.2267378469313296e-05,0.0
rollmean2__protein_npx__P36980,4.2260870789895044e-05,0.0
slope1__peptide_mean__Q13449,4.223537364244615e-05,0.0
rollmean2__peptide_log__LIADLGSTSITNLGFR,4.221273883867859e-05,0.0
slope1__peptide_mean__P04433,4.21999826236745e-05,0.0
lag1__peptide_mean__P06727,4.219946781631856e-05,0.0
protein_npx__P11142,4.210009545007881e-05,0.0
rollmean2__peptide_std__P02766,4.208083009308397e-05,0.0
rollmean2__peptide_mean__O00391,4.203655367187444e-05,0.0
rollmean2__protein_npx__P00746,4.202202718018524e-05,0.0
protein_npx__P01780,4.198931153740746e-05,0.0
rollmean2__peptide_mean__P04406,4.195180525769964e-05,0.0
slope1__peptide_log__C(UniMod_4)DSSPDSAEDVRK,4.190574627069107e-05,0.0
peptide_log__TSAHGNVAEGETKPDPDVTER,4.1896322020304885e-05,0.0
rollmean2__peptide_std__P02790,4.189486477013405e-05,0.0
peptide_log__YVMLPVADQDQC(UniMod_4)IR,4.189334697484669e-05,0.0
rollmean2__peptide_mean__P01023,4.187406583164844e-05,0.0
peptide_mean__P35542,4.185817191619833e-05,0.0
rollmean2__peptide_mean__Q06481,4.185559266624053e-05,0.0
lag1__peptide_std__P02768,4.1854155141471355e-05,0.0
rollmean2__peptide_log__KAADDTWEPFASGK,4.184893662804424e-05,0.0
peptide_mean__P01857,4.1802589708042974e-05,0.0
peptide_mean__P17174,4.171441332212926e-05,0.0
delta1__peptide_log__NPDSSTTGPWC(UniMod_4)YTTDPTVR,4.1700085960307696e-05,0.0
rollmean2__peptide_std__O14773,4.168798070277069e-05,0.0
peptide_mean__Q99832,4.164447048765621e-05,0.0
slope1__peptide_mean__P04211,4.1634207023757696e-05,0.0
slope1__protein_npx__P19652,4.1554984628951224e-05,0.0
lag1__peptide_log__LGADM(UniMod_35)EDVC(UniMod_4)GR,4.146524580721856e-05,0.0
slope1__peptide_mean__P10645,4.145569025578392e-05,0.0
lag1__peptide_std__P16070,4.1407489117577046e-05,0.0
slope1__peptide_log__TQVNTQAEQLRR,4.140098956584957e-05,0.0
lag1__protein_npx__Q99832,4.1372078644029666e-05,0.0
lag1__peptide_std__Q12841,4.134962001392865e-05,0.0
slope1__protein_npx__P06727,4.126808966344968e-05,0.0
protein_npx__P08637,4.125806605736533e-05,0.0
peptide_mean__P30086,4.119308392778873e-05,0.0
peptide_log__NPDSSTTGPWC(UniMod_4)YTTDPTVR,4.117896955557683e-05,0.0
delta1__peptide_std__P39060,4.115773003013345e-05,0.0
delta1__peptide_log__ATVNPSAPR,4.11281794771566e-05,0.0
lag1__protein_npx__P98160,4.111546005183608e-05,0.0
lag1__peptide_mean__P17936,4.1110795515454764e-05,0.0
rollmean2__protein_npx__P12109,4.1016737868343725e-05,0.0
lag1__peptide_std__P61916,4.09865763675126e-05,0.0
delta1__peptide_log__DLATVYVDVLK,4.09841213348076e-05,0.0
rollmean2__peptide_mean__P01877,4.095911049533076e-05,0.0
rollmean2__peptide_mean__Q6UXD5,4.0931336021560035e-05,0.0
delta1__peptide_mean__P07998,4.085127746374038e-05,0.0
lag1__peptide_std__P08697,4.08024720275149e-05,0.0
rollmean2__peptide_mean__P02452,4.079274839505155e-05,0.0
delta1__protein_npx__P04180,4.0769551004551145e-05,0.0
delta1__protein_npx__P39060,4.0735899287489076e-05,0.0
protein_npx__P01717,4.064689623607962e-05,0.0
protein_npx__P04211,4.062008010173285e-05,0.0
delta1__protein_npx__Q8IWV7,4.048319707972748e-05,0.0
rollmean2__peptide_log__FLATTPNSLLVSWQPPR,4.0393176739215654e-05,0.0
delta1__peptide_mean__Q14118,4.035184789463809e-05,0.0
peptide_mean__P02655,4.035147089994645e-05,0.0
rollmean2__peptide_mean__P05156,4.0341290709065096e-05,0.0
rollmean2__peptide_mean__P04217,4.031045078869391e-05,0.0
delta1__peptide_std__P01860,4.0126165997431304e-05,0.0
delta1__protein_npx__P07602,4.011277187792366e-05,0.0
peptide_log__AYQGVAAPFPK,4.010021204661312e-05,0.0
rollmean2__protein_npx__Q8NE71,4.0078761230437095e-05,0.0
slope1__protein_npx__P36980,4.007476862323462e-05,0.0
rollmean2__peptide_std__Q6UXB8,4.007335846874711e-05,0.0
lag1__protein_npx__P04433,4.005537697142387e-05,0.0
rollmean2__protein_npx__P08294,3.9984313523899736e-05,0.0
rollmean2__peptide_mean__P02787,3.995726826587899e-05,0.0
protein_npx__Q13332,3.992986193421777e-05,0.0
delta1__peptide_std__Q96PD5,3.989994269279474e-05,0.0
delta1__protein_npx__P00746,3.988603340983521e-05,0.0
delta1__peptide_mean__P01833,3.9792811273929066e-05,0.0
lag1__peptide_mean__P05156,3.9782927427552574e-05,0.0
rollmean2__peptide_mean__Q92823,3.977589333111795e-05,0.0
slope1__peptide_mean__P01608,3.9768714661129194e-05,0.0
lag1__peptide_log__SWFEPLVEDM(UniMod_35)QR,3.976553182706273e-05,0.0
rollmean2__peptide_mean__P02760,3.975152782830858e-05,0.0
rollmean2__peptide_count__P08603,3.974450809179346e-05,0.0
lag1__protein_npx__P04180,3.972992346672748e-05,0.0
slope1__protein_npx__P39060,3.962655426510677e-05,0.0
slope1__peptide_std__Q16610,3.9619254740730925e-05,0.0
slope1__protein_npx__P02750,3.96020012574897e-05,0.0
delta1__peptide_mean__P14174,3.9595370652267684e-05,0.0
slope1__protein_npx__P02768,3.9554817112649774e-05,0.0
protein_npx__Q9UBX5,3.952666398919864e-05,0.0
slope1__peptide_mean__Q7Z3B1,3.951483582102666e-05,0.0
delta1__peptide_mean__P36980,3.938561019234245e-05,0.0
peptide_mean__Q14515,3.9278414327510505e-05,0.0
protein_npx__P02768,3.924327212613127e-05,0.0
rollmean2__peptide_log__VTLTC(UniMod_4)VAPLSGVDFQLR,3.9234771371882246e-05,0.0
rollmean2__peptide_std__P00736,3.923390865025491e-05,0.0
protein_npx__P08294,3.91997583444577e-05,0.0
protein_npx__P02760,3.917230222483226e-05,0.0
slope1__peptide_log__DSGEGDFLAEGGGVR,3.916284192358981e-05,0.0
rollmean2__peptide_std__P19823,3.910530276705404e-05,0.0
rollmean2__peptide_log__YVM(UniMod_35)LPVADQDQC(UniMod_4)IR,3.910387080518818e-05,0.0
rollmean2__peptide_std__O94919,3.909609058349235e-05,0.0
delta1__peptide_mean__P02751,3.908939162991468e-05,0.0
rollmean2__peptide_mean__Q14508,3.907720514187231e-05,0.0
peptide_std__P43121,3.902720809580467e-05,0.0
slope1__peptide_mean__Q12805,3.902519229394293e-05,0.0
peptide_mean__P08253,3.900507282465277e-05,0.0
slope1__peptide_std__P36955,3.89787688668331e-05,0.0
rollmean2__peptide_std__Q96KN2,3.896995160862911e-05,0.0
slope1__peptide_mean__P01011,3.896482769519407e-05,0.0
lag1__protein_npx__Q562R1,3.89511103644129e-05,0.0
rollmean2__protein_npx__O94919,3.889306058506096e-05,0.0
peptide_mean__P00747,3.88898781094642e-05,0.0
slope1__protein_npx__P00751,3.886134522138152e-05,0.0
rollmean2__peptide_log__QKVEPLRAELQEGAR,3.884887733466464e-05,0.0
delta1__peptide_mean__Q13283,3.884680278183206e-05,0.0
peptide_log__NPDPWAK,3.881193063654099e-05,0.0
slope1__peptide_mean__P02748,3.8786290053500435e-05,0.0
lag1__peptide_count__P06727,3.876558953654175e-05,0.0
slope1__protein_npx__P04275,3.876334523510943e-05,0.0
peptide_std__P14618,3.875475457155094e-05,0.0
rollmean2__protein_npx__Q96S96,3.874867294018205e-05,0.0
lag1__protein_npx__Q92520,3.8697102227885315e-05,0.0
rollmean2__protein_npx__Q16610,3.8619415438084674e-05,0.0
lag1__peptide_log__ADDKETC(UniMod_4)FAEEGK,3.860214273309993e-05,0.0
lag1__protein_npx__P05546,3.8585651825537384e-05,0.0
delta1__peptide_mean__P02452,3.8545176480886245e-05,0.0
current_updrs_4,3.854478263485617e-05,0.0
peptide_mean__P61769,3.844167615827834e-05,0.0
rollmean2__peptide_mean__Q7Z5P9,3.837392178371882e-05,0.0
lag1__peptide_mean__P02671,3.832114474850977e-05,0.0
delta1__protein_npx__O43505,3.831423979609057e-05,0.0
delta1__protein_npx__P24592,3.8281107615059105e-05,0.0
delta1__peptide_std__P02768,3.82623277937473e-05,0.0
rollmean2__peptide_log__SGELEQEEER,3.8260034373323086e-05,0.0
rollmean2__peptide_mean__P14618,3.821296913268387e-05,0.0
protein_npx__P01834,3.8202479535695926e-05,0.0
slope1__protein_npx__P18065,3.8200528811248114e-05,0.0
protein_npx__P07711,3.819115270957134e-05,0.0
lag1__peptide_std__P17174,3.8188152968022825e-05,0.0
delta1__peptide_log__VC(UniMod_4)PFAGILENGAVR,3.812521384535518e-05,0.0
lag1__peptide_mean__P19652,3.8091724728476e-05,0.0
slope1__protein_npx__P61278,3.8066245433970915e-05,0.0
peptide_log__TVVQPSVGAAAGPVVPPC(UniMod_4)PGR,3.805993483398738e-05,0.0
peptide_log__AKLEEQAQQIR,3.803157873004776e-05,0.0
lag1__protein_npx__O14773,3.8009874323922664e-05,0.0
rollmean2__peptide_mean__P01860,3.7998720151502184e-05,0.0
lag1__protein_npx__P43652,3.797004980598431e-05,0.0
lag1__protein_npx__Q16610,3.794120463290787e-05,0.0
peptide_log__VQPYLDDFQKK,3.7902258938799294e-05,0.0
peptide_mean__P01031,3.783810694450168e-05,0.0
peptide_mean__P02675,3.7828764675686504e-05,0.0
peptide_std__P01034,3.77998311325731e-05,0.0
slope1__peptide_count__P06396,3.77976852402694e-05,0.0
protein_npx__P04004,3.776112115646785e-05,0.0
slope1__peptide_mean__O94919,3.775187464494802e-05,0.0
rollmean2__peptide_log__KVEQAVETEPEPELR,3.775108953429136e-05,0.0
slope1__peptide_mean__P00746,3.7718091374293264e-05,0.0
peptide_log__VYC(UniMod_4)DMNTENGGWTVIQNR,3.7711589897046126e-05,0.0
lag1__peptide_mean__P16870,3.768699360280199e-05,0.0
rollmean2__peptide_std__P00441,3.760422781099736e-05,0.0
delta1__peptide_std__P01876,3.7584112561221436e-05,0.0
rollmean2__peptide_mean__P01591,3.752584246157519e-05,0.0
slope1__protein_npx__P32754,3.752323272508785e-05,0.0
lag1__current_updrs_3,3.747742026623521e-05,0.0
delta1__peptide_log__VDNALQSGNSQESVTEQDSKDSTYSLSSTLTLSK,3.747288332965799e-05,0.0
lag1__protein_npx__Q9UKV8,3.742596496521642e-05,0.0
rollmean2__peptide_mean__P05546,3.7386208888159466e-05,0.0
rollmean2__peptide_std__P01019,3.7380890627696604e-05,0.0
rollmean2__peptide_log__LRTEGDGVYTLNNEKQWINK,3.728574059383221e-05,0.0
delta1__peptide_log__VTSIQDWVQK,3.727669074640057e-05,0.0
peptide_log__QWAGLVEK,3.726714786376073e-05,0.0
slope1__current_updrs_4,3.7221652849213385e-05,0.0
rollmean2__peptide_log__ELDESLQVAER,3.71454199041075e-05,0.0
peptide_mean__P61626,3.713455544835735e-05,0.0
delta1__peptide_log__QNC(UniMod_4)ELFEQLGEYK,3.7084737079824936e-05,0.0
slope1__protein_npx__P01008,3.702705238193013e-05,0.0
protein_npx__P01031,3.698923494133176e-05,0.0
rollmean2__peptide_mean__Q9UHG2,3.698665463078559e-05,0.0
lag1__peptide_std__P00746,3.696221541595494e-05,0.0
rollmean2__peptide_abundance_min,3.691639763936839e-05,0.0
lag1__peptide_log__RLEGQEEEEDNRDSSMK,3.6914156038480225e-05,0.0
slope1__protein_npx__P16870,3.689832218481556e-05,0.0
delta1__peptide_std__P05067,3.686012220225649e-05,0.0
slope1__peptide_mean__P13521,3.680882867141635e-05,0.0
protein_npx__Q8NE71,3.6784541503865455e-05,0.0
peptide_log__QQETAAAETETR,3.665302059197112e-05,0.0
peptide_mean__O94919,3.665075941026836e-05,0.0
peptide_std__P07339,3.6606614765616724e-05,0.0
protein_npx__P24592,3.65827732295872e-05,0.0
slope1__peptide_log__TEGDGVYTLNNEK,3.657757864219611e-05,0.0
protein_npx__P01034,3.6570026711873555e-05,0.0
lag1__peptide_log__GEVQAMLGQSTEELRVR,3.655402866764429e-05,0.0
protein_npx__P02671,3.6417008260026154e-05,0.0
delta1__protein_npx__O94919,3.634692346852336e-05,0.0
lag1__peptide_log__LGQSLDC(UniMod_4)NAEVYVVPWEK,3.6343981678514744e-05,0.0
delta1__protein_npx__P41222,3.633288207919609e-05,0.0
rollmean2__protein_npx__P04156,3.63229730275743e-05,0.0
lag1__protein_npx__P06681,3.626777541512928e-05,0.0
peptide_log__LAVYQAGAR,3.620125697263882e-05,0.0
peptide_log__AVGDKLPEC(UniMod_4)EADDGC(UniMod_4)PKPPEIAHGYVEHSVR,3.6184180033534214e-05,0.0
peptide_mean__Q13283,3.6179917307874855e-05,0.0
rollmean2__protein_npx__P02753,3.6153491271577093e-05,0.0
lag1__peptide_log__TTPPVLDSDGSFFLYSK,3.615323406812001e-05,0.0
delta1__peptide_mean__O15240,3.614116140070577e-05,0.0
rollmean2__peptide_mean__P01008,3.613841333386274e-05,0.0
rollmean2__protein_npx__P02671,3.611286859771212e-05,0.0
delta1__peptide_log__C(UniMod_4)KPVNTFVHEPLVDVQNVC(UniMod_4)FQEK,3.609898975041284e-05,0.0
slope1__protein_npx__P08133,3.602189176390543e-05,0.0
lag1__peptide_std__P02766,3.601794598063857e-05,0.0
lag1__peptide_mean__P08294,3.600855577665998e-05,0.0
rollmean2__peptide_mean__Q9Y6R7,3.5979967294370384e-05,0.0
lag1__peptide_log__MASGAANVVGPK,3.5977159664775567e-05,0.0
protein_npx__Q6UX71,3.592074506020615e-05,0.0
slope1__peptide_std__Q92876,3.591179640428911e-05,0.0
lag1__protein_npx__P00450,3.590692126405861e-05,0.0
peptide_log__C(UniMod_4)SYTEDAQC(UniMod_4)IDGTIEVPK,3.580272694411839e-05,0.0
lag1__protein_npx__P02750,3.5741334954338865e-05,0.0
rollmean2__peptide_count__P07339,3.569860134965554e-05,0.0
rollmean2__peptide_std__P01008,3.568000071765901e-05,0.0
peptide_mean__P25311,3.567122826153403e-05,0.0
lag1__peptide_log__GSPAINVAVHVFRK,3.56645986162444e-05,0.0
peptide_mean__P40925,3.5664084001634597e-05,0.0
lag1__peptide_log__VYC(UniMod_4)DMNTENGGWTVIQNR,3.5655537940077015e-05,0.0
peptide_mean__P01008,3.56390444856912e-05,0.0
slope1__peptide_std__P00748,3.562377610759273e-05,0.0
delta1__peptide_log__SLAAAAGKQELAK,3.551659334413146e-05,0.0
rollmean2__protein_npx__P09104,3.5493000077322914e-05,0.0
lag1__peptide_log__VQPYLDDFQKK,3.5423772598696516e-05,0.0
lag1__peptide_mean__O60888,3.5395003333264467e-05,0.0
delta1__peptide_mean__P13611,3.539178114343582e-05,0.0
rollmean2__peptide_std__P00738,3.537749116911827e-05,0.0
protein_npx__Q99674,3.536661619998176e-05,0.0
slope1__peptide_mean__P23083,3.5345692936764386e-05,0.0
peptide_mean__Q8IWV7,3.53437668929015e-05,0.0
slope1__peptide_log__SGEATDGARPQALPEPMQESK,3.530092048911468e-05,0.0
lag1__peptide_std__P02774,3.527821724031005e-05,0.0
slope1__peptide_mean__P01621,3.524941989117457e-05,0.0
rollmean2__peptide_mean__P16870,3.522334448227152e-05,0.0
rollmean2__protein_npx__Q12907,3.519594278496394e-05,0.0
rollmean2__peptide_mean__Q12841,3.519292537994758e-05,0.0
peptide_count__P01857,3.5177092696347647e-05,0.0
lag1__peptide_log__LGPLVEQGRVR,3.516325759279271e-05,0.0
protein_npx__P05408,3.503344690428853e-05,0.0
delta1__protein_npx__P02749,3.500874044262585e-05,0.0
rollmean2__protein_npx__P07225,3.499108255694441e-05,0.0
peptide_mean__P07225,3.497891233764958e-05,0.0
lag1__protein_npx__P04075,3.494691745070757e-05,0.0
delta1__peptide_mean__P00738,3.489662367698059e-05,0.0
slope1__protein_npx__P01031,3.4881786975361106e-05,0.0
delta1__peptide_log__HYDGSYSTFGER,3.482925444228245e-05,0.0
protein_npx__P01024,3.481758541807838e-05,0.0
delta1__peptide_std__P02760,3.474174798504865e-05,0.0
lag1__protein_npx__P00747,3.473908199498567e-05,0.0
peptide_mean__P01876,3.466361364706381e-05,0.0
delta1__peptide_mean__P23142,3.458983245176203e-05,0.0
rollmean2__peptide_log__ILTC(UniMod_4)M(UniMod_35)QGMEEIR,3.4587708298849415e-05,0.0
slope1__protein_npx__Q8IWV7,3.4569391827216886e-05,0.0
lag1__peptide_abundance_min,3.4480601087508145e-05,0.0
rollmean2__peptide_std__P04180,3.445773405572076e-05,0.0
delta1__protein_npx__P13521,3.4389544257689724e-05,0.0
delta1__peptide_mean__P14618,3.4362909383157557e-05,0.0
slope1__peptide_log__AATVGSLAGQPLQER,3.434029342376733e-05,0.0
protein_npx__Q9Y646,3.432319234656275e-05,0.0
delta1__protein_npx__Q06481,3.431650212757456e-05,0.0
protein_npx__P08123,3.4300780607055395e-05,0.0
delta1__protein_npx__P51884,3.42334201100182e-05,0.0
protein_npx__P02750,3.4211114487194236e-05,0.0
rollmean2__protein_npx__P61916,3.4142891978301224e-05,0.0
delta1__protein_npx__Q12907,3.409023452344993e-05,0.0
peptide_mean__P00738,3.407053180807092e-05,0.0
lag1__protein_npx__P05067,3.4062776440527554e-05,0.0
delta1__protein_npx__P16035,3.404737702493005e-05,0.0
rollmean2__peptide_mean__Q9UKV8,3.400169158591642e-05,0.0
slope1__peptide_mean__P01008,3.394922532157325e-05,0.0
rollmean2__peptide_count__P02649,3.391692150453862e-05,0.0
lag1__protein_npx__P61278,3.387090511997143e-05,0.0
protein_npx__P13473,3.387055663810595e-05,0.0
rollmean2__peptide_mean__Q14624,3.384228305161248e-05,0.0
peptide_mean__P02748,3.3755975436170744e-05,0.0
delta1__peptide_log__LAVYQAGAR,3.3742876161705806e-05,0.0
delta1__peptide_mean__P00748,3.3741126603328564e-05,0.0
slope1__peptide_std__P06396,3.3728343981379276e-05,0.0
lag1__peptide_mean__Q562R1,3.369428286888287e-05,0.0
peptide_log__LGPLVEQGRVR,3.367064901845979e-05,0.0
peptide_log__C(UniMod_4)KPVNTFVHEPLVDVQNVC(UniMod_4)FQEK,3.3662382595320846e-05,0.0
protein_npx__P05156,3.3654161660571106e-05,0.0
rollmean2__protein_npx__P01621,3.359568385862122e-05,0.0
delta1__peptide_log__TDASDVKPC(UniMod_4),3.356118083827717e-05,0.0
slope1__peptide_std__P10645,3.343972559565204e-05,0.0
peptide_mean__P19652,3.3434936986923955e-05,0.0
peptide_mean__P17936,3.3324743164708254e-05,0.0
delta1__peptide_log__VTLTC(UniMod_4)VAPLSGVDFQLR,3.331942581823724e-05,0.0
rollmean2__peptide_log__LGQSLDC(UniMod_4)NAEVYVVPWEK,3.323481129710461e-05,0.0
slope1__peptide_std__O00533,3.32125210519272e-05,0.0
lag1__peptide_mean__P41222,3.319994478520769e-05,0.0
delta1__protein_npx__P01009,3.317327981982649e-05,0.0
delta1__peptide_log__LGPLVEQGRVR,3.314649160123873e-05,0.0
lag1__peptide_log__AEAQEAEDQQAR,3.312808662148236e-05,0.0
delta1__protein_npx__P07225,3.310048823571619e-05,0.0
protein_npx__P51884,3.3085685613728265e-05,0.0
rollmean2__peptide_mean__P00736,3.306249205514019e-05,0.0
delta1__peptide_mean__Q12907,3.3005118991090886e-05,0.0
slope1__protein_npx__P02765,3.3003043236990474e-05,0.0
peptide_std__Q12805,3.29847314091757e-05,0.0
slope1__peptide_log__C(UniMod_4)SYTEDAQC(UniMod_4)IDGTIEVPK,3.2976978185501374e-05,0.0
lag1__peptide_mean__P08603,3.294926802778386e-05,0.0
delta1__peptide_std__P07339,3.2924084873657193e-05,0.0
slope1__peptide_std__P02790,3.292320166773083e-05,0.0
peptide_mean__O75144,3.291347254024688e-05,0.0
rollmean2__protein_npx__Q13332,3.288774390277642e-05,0.0
delta1__peptide_log__MYYSAVDPTKDIFTGLIGPM(UniMod_35)K,3.2856295867328526e-05,0.0
slope1__peptide_log__YVMLPVADQDQC(UniMod_4)IR,3.284946713468069e-05,0.0
slope1__peptide_count__P04180,3.282361655666766e-05,0.0
slope1__protein_npx__P16035,3.282242599696104e-05,0.0
lag1__peptide_mean__Q13449,3.279505435758696e-05,0.0
peptide_mean__P00736,3.278546803461478e-05,0.0
rollmean2__peptide_mean__P14314,3.278179195457679e-05,0.0
peptide_mean__P13671,3.271231574850556e-05,0.0
slope1__peptide_log__VQPYLDDFQKK,3.270452798486943e-05,0.0
delta1__peptide_mean__P08493,3.2702210213020086e-05,0.0
protein_npx__P02452,3.2682927621223016e-05,0.0
slope1__peptide_mean__P04275,3.267967054534092e-05,0.0
rollmean2__peptide_count__P10645,3.265639199397274e-05,0.0
slope1__peptide_std__P02787,3.265342857111608e-05,0.0
peptide_std__P01019,3.26097444864976e-05,0.0
peptide_std__P09486,3.2543591200282736e-05,0.0
lag1__protein_npx__P13611,3.245241966196114e-05,0.0
rollmean2__peptide_std__P27169,3.243507176740691e-05,0.0
slope1__peptide_std__P13591,3.243308095616489e-05,0.0
rollmean2__protein_npx__P04004,3.241070711477446e-05,0.0
slope1__protein_npx__Q14508,3.2378549075202915e-05,0.0
rollmean2__protein_npx__P01857,3.2339045295511845e-05,0.0
rollmean2__protein_npx__P02750,3.2303591202309146e-05,0.0
slope1__peptide_log__NFPPSQDASGDLYTTSSQLTLPATQC(UniMod_4)LAGK,3.22974479139282e-05,0.0
delta1__peptide_log__YVMLPVADQDQC(UniMod_4)IR,3.2273390121195284e-05,0.0
delta1__peptide_mean__P06396,3.2253373815468323e-05,0.0
slope1__peptide_mean__P61769,3.223850188022664e-05,0.0
delta1__peptide_log__RLEGQEEEEDNRDSSMK,3.2233690189072474e-05,0.0
rollmean2__peptide_log__NPDPWAK,3.2200733486983556e-05,0.0
delta1__peptide_mean__P13473,3.2176955400017846e-05,0.0
rollmean2__protein_npx__Q99829,3.215324453198968e-05,0.0
rollmean2__protein_npx__O15394,3.2051573704065525e-05,0.0
lag1__peptide_mean__P27169,3.1949183485564045e-05,0.0
peptide_std__P01024,3.1932532758095925e-05,0.0
protein_npx__P32754,3.192967885842203e-05,0.0
slope1__protein_npx__P02675,3.191278992932379e-05,0.0
slope1__peptide_abundance_sum,3.1820101957510465e-05,0.0
delta1__peptide_std__P25311,3.181807096786256e-05,0.0
rollmean2__peptide_mean__P01042,3.165786939212857e-05,0.0
slope1__peptide_std__P05155,3.165199585892347e-05,0.0
rollmean2__protein_npx__Q14508,3.159343172738311e-05,0.0
slope1__peptide_std__P01042,3.155311193021722e-05,0.0
delta1__peptide_mean__Q92520,3.1552286238685077e-05,0.0
slope1__protein_npx__P55290,3.1524204732451083e-05,0.0
slope1__peptide_mean__P07998,3.147225763844044e-05,0.0
delta1__protein_npx__Q8N2S1,3.146698587467607e-05,0.0
peptide_log__TPLGDTTHTC(UniMod_4)PR,3.145147113881112e-05,0.0
rollmean2__protein_npx__P05155,3.144733809712557e-05,0.0
delta1__peptide_mean__P01877,3.144084634326769e-05,0.0
rollmean2__peptide_std__P04004,3.1435241833472084e-05,0.0
delta1__peptide_mean__P16070,3.14320063438741e-05,0.0
rollmean2__protein_npx__Q12841,3.1422507933949856e-05,0.0
lag1__peptide_std__Q16270,3.141635860280474e-05,0.0
delta1__protein_npx__P01031,3.140749506713087e-05,0.0
peptide_count__P07339,3.1392109554525256e-05,0.0
peptide_mean__P10643,3.1328579459120046e-05,0.0
rollmean2__peptide_std__P06727,3.130232723638375e-05,0.0
delta1__peptide_mean__P01042,3.129439441076551e-05,0.0
peptide_log__TQVNTQAEQLRR,3.128781042692507e-05,0.0
rollmean2__peptide_mean__P54289,3.1280999459581495e-05,0.0
lag1__peptide_mean__P30086,3.123080150372091e-05,0.0
rollmean2__peptide_mean__P00734,3.122145862609357e-05,0.0
rollmean2__peptide_std__P05452,3.1082082787473855e-05,0.0
rollmean2__peptide_mean__P01833,3.105364762231043e-05,0.0
lag1__peptide_std__P09871,3.1029290296951276e-05,0.0
protein_npx__P04433,3.099129592576535e-05,0.0
delta1__peptide_log__EILSVDC(UniMod_4)STNNPSQAK,3.0953389719662574e-05,0.0
protein_npx__P14314,3.093454576117294e-05,0.0
delta1__peptide_log__TM(UniMod_35)LLQPAGSLGSYSYR,3.0901484189326844e-05,0.0
lag1__peptide_mean__P08123,3.090073869564596e-05,0.0
delta1__peptide_abundance_min,3.086885181993772e-05,0.0
peptide_std__P12109,3.07610130175162e-05,0.0
lag1__peptide_mean__P00736,3.0724259253131223e-05,0.0
lag1__protein_npx__P07858,3.065703119413937e-05,0.0
slope1__protein_npx__P05452,3.063050296995206e-05,0.0
lag1__peptide_log__TPVSDRVTK,3.0628030438709e-05,0.0
peptide_mean__P49908,3.06257010177233e-05,0.0
rollmean2__protein_npx__Q9HDC9,3.060714115132052e-05,0.0
protein_npx__P02787,3.0590795687044644e-05,0.0
rollmean2__peptide_log__C(UniMod_4)TSTGWIPAPR,3.05724208094629e-05,0.0
lag1__peptide_mean__Q12907,3.0569835187256185e-05,0.0
delta1__peptide_std__P01859,3.055701578069377e-05,0.0
peptide_std__P02768,3.055441047921829e-05,0.0
peptide_mean__Q16270,3.052920767486441e-05,0.0
missing__peptide_mean__P98160,3.052865575182899e-05,0.0
delta1__protein_npx__P12109,3.0522187501394995e-05,0.0
peptide_std__P02790,3.0496236707019573e-05,0.0
peptide_mean__Q9UBX5,3.0488911264435997e-05,0.0
lag1__peptide_log__YVMLPVADQDQC(UniMod_4)IR,3.0467712205635645e-05,0.0
rollmean2__protein_npx__P01834,3.0422205856147966e-05,0.0
lag1__peptide_log__TEGDGVYTLNNEK,3.0401309318724733e-05,0.0
slope1__peptide_mean__Q13451,3.040087417762659e-05,0.0
lag1__peptide_log__TTPPVLDSDGSFFLYSR,3.036960796831719e-05,0.0
rollmean2__protein_npx__P04207,3.0332246005853394e-05,0.0
slope1__peptide_log__QKVEPLRAELQEGAR,3.0302621540134863e-05,0.0
rollmean2__peptide_count__P00738,3.030001037497478e-05,0.0
delta1__protein_feature_count,3.029574822750331e-05,0.0
rollmean2__protein_npx__P01042,3.0286287706397952e-05,0.0
lag1__peptide_mean__P51884,3.0261988711845967e-05,0.0
rollmean2__peptide_log__VDNALQSGNSQESVTEQDSKDSTYSLSSTLTLSK,3.0224800757016434e-05,0.0
delta1__protein_npx__P04275,3.0217826920862848e-05,0.0
protein_npx__O00584,3.0197657838017907e-05,0.0
slope1__peptide_log__SFNRGEC(UniMod_4),3.0168049994862464e-05,0.0
slope1__protein_npx__P20933,3.015872444913923e-05,0.0
rollmean2__peptide_log__C(UniMod_4)DSSPDSAEDVRK,3.0109723501086694e-05,0.0
lag1__peptide_count__P08603,3.0104382777936028e-05,0.0
slope1__protein_npx__P08493,3.006578388162415e-05,0.0
delta1__peptide_mean__Q6UX71,3.0039251892234926e-05,0.0
slope1__peptide_mean__P02649,3.003920463585432e-05,0.0
delta1__peptide_mean__P39060,3.0007020999171307e-05,0.0
slope1__protein_npx__P41222,2.997227351954127e-05,0.0
delta1__peptide_std__P20774,2.9965364468818057e-05,0.0
delta1__peptide_log__M(UniMod_35)ASGAANVVGPK,2.9962365362990888e-05,0.0
slope1__peptide_std__P02647,2.995590888875184e-05,0.0
delta1__peptide_count__P25311,2.9867536774197916e-05,0.0
slope1__peptide_mean__P09104,2.985333603832772e-05,0.0
rollmean2__peptide_std__P41222,2.9849067216521437e-05,0.0
protein_npx__P40925,2.9809976330714882e-05,0.0
delta1__peptide_std__Q12907,2.975841205913012e-05,0.0
rollmean2__peptide_mean__P40925,2.974599576210699e-05,0.0
slope1__peptide_std__P12109,2.9730832069739473e-05,0.0
delta1__peptide_log__QWAGLVEK,2.9692193966226865e-05,0.0
lag1__peptide_std__P07998,2.966413628993604e-05,0.0
lag1__peptide_std__P06396,2.9651385893819847e-05,0.0
peptide_std__O15394,2.964743237374364e-05,0.0
delta1__peptide_std__P02750,2.963797110734738e-05,0.0
slope1__peptide_std__P14618,2.960517664318518e-05,0.0
slope1__peptide_count__P02671,2.9595075669968356e-05,0.0
protein_npx__P13987,2.9575791150084417e-05,0.0
protein_npx__P04156,2.9528713134863135e-05,0.0
slope1__peptide_log__SNSSM(UniMod_35)HITDC(UniMod_4)R,2.9518047502908414e-05,0.0
peptide_mean__P36980,2.9469755481286835e-05,0.0
rollmean2__peptide_count__P08294,2.9462891857158187e-05,0.0
lag1__peptide_std__P19823,2.945362626556992e-05,0.0
peptide_std__P02774,2.9369535445370557e-05,0.0
lag1__peptide_std__P02671,2.9367888064303104e-05,0.0
slope1__peptide_mean__P07339,2.922107529215391e-05,0.0
delta1__peptide_mean__P04180,2.9205253207469964e-05,0.0
peptide_log__C(UniMod_4)C(UniMod_4)VEC(UniMod_4)PPC(UniMod_4)PAPPVAGPSVFLFPPKPK,2.9193751248333022e-05,0.0
lag1__peptide_log__LSSWVLLM(UniMod_35)K,2.911324452133393e-05,0.0
delta1__protein_npx__P01859,2.9098344940351335e-05,0.0
slope1__peptide_std__P07998,2.906161619467091e-05,0.0
lag1__peptide_mean__P14618,2.905854663898949e-05,0.0
rollmean2__peptide_count__P06396,2.9028139883272307e-05,0.0
delta1__peptide_mean__P01009,2.9009845304158612e-05,0.0
rollmean2__peptide_log__EILSVDC(UniMod_4)STNNPSQAK,2.9007438839221047e-05,0.0
rollmean2__protein_npx__Q13283,2.900537145796075e-05,0.0
rollmean2__peptide_mean__Q13283,2.8993346263736676e-05,0.0
rollmean2__protein_npx__Q13740,2.897736935778788e-05,0.0
protein_npx__P10451,2.895496466869973e-05,0.0
slope1__protein_npx__O14791,2.8907414802586098e-05,0.0
slope1__protein_npx__P02763,2.8892002945660982e-05,0.0
slope1__peptide_std__P20774,2.878732271949979e-05,0.0
rollmean2__peptide_mean__P01857,2.8784827156138608e-05,0.0
slope1__peptide_log__GEVQAMLGQSTEELR,2.8764527016646867e-05,0.0
delta1__months_since_prev_visit,2.87423804572126e-05,0.0
rollmean2__peptide_mean__P23142,2.872810600884243e-05,0.0
delta1__peptide_mean__Q08380,2.870194818692893e-05,0.0
slope1__peptide_log__AATGEC(UniMod_4)TATVGKR,2.869329562540277e-05,0.0
delta1__peptide_std__P16870,2.868014241622168e-05,0.0
lag1__protein_npx__P02760,2.8617402347066597e-05,0.0
rollmean2__peptide_mean__P61278,2.8606101084858925e-05,0.0
lag1__protein_npx__P01024,2.8588649111660044e-05,0.0
slope1__peptide_mean__P17936,2.857149071998506e-05,0.0
slope1__peptide_std__P02766,2.8541664427554388e-05,0.0
slope1__peptide_mean__P27169,2.85357983610208e-05,0.0
lag1__peptide_log__C(UniMod_4)IIEVLSNALSK,2.8508595618646237e-05,0.0
peptide_mean__O75326,2.8492394944222103e-05,0.0
peptide_mean__P06310,2.8417826478062816e-05,0.0
delta1__protein_npx__P02452,2.8390136351209126e-05,0.0
slope1__peptide_mean__P16070,2.8336586417787797e-05,0.0
rollmean2__peptide_log__AYKSELEEQLTPVAEETR,2.8331218875599377e-05,0.0
delta1__peptide_count__P08294,2.828304589440263e-05,0.0
delta1__peptide_mean__P05060,2.822756599264635e-05,0.0
slope1__peptide_log__ELDESLQVAER,2.8165790238188585e-05,0.0
peptide_log__FM(UniMod_35)ETVAEK,2.815303218018901e-05,0.0
lag1__peptide_mean__P07225,2.812519857650157e-05,0.0
protein_npx__P02765,2.8043827604888418e-05,0.0
lag1__peptide_mean__Q9BY67,2.7972764516950864e-05,0.0
delta1__protein_npx__P06681,2.7904022894250673e-05,0.0
slope1__peptide_log__EDSLEAGLPLQVR,2.7873881128478485e-05,0.0
protein_npx__P80748,2.78537687276759e-05,0.0
lag1__peptide_log__LRTEGDGVYTLNNEK,2.782503255572055e-05,0.0
lag1__protein_npx__Q9Y6R7,2.7821044257394126e-05,0.0
rollmean2__protein_npx__Q6UXD5,2.78148365632842e-05,0.0
protein_npx__Q8NBJ4,2.7802916293114e-05,0.0
protein_npx__P00734,2.7798366354425895e-05,0.0
peptide_log__EDSLEAGLPLQVR,2.7781229528087435e-05,0.0
protein_npx__Q13449,2.773185196741456e-05,0.0
delta1__peptide_log__ILLQGTPVAQMTEDAVDAER,2.7720975450741484e-05,0.0
slope1__peptide_log__AVLPTGDVIGDSAK,2.771015345084123e-05,0.0
protein_npx__Q12841,2.769445172831199e-05,0.0
slope1__peptide_std__Q14118,2.7692230609170864e-05,0.0
protein_npx__P14618,2.7652236356211484e-05,0.0
peptide_log__LGQSLDC(UniMod_4)NAEVYVVPWEK,2.7648719034473157e-05,0.0
lag1__peptide_std__P04180,2.7609843036485306e-05,0.0
rollmean2__protein_npx__P01608,2.7578050308127035e-05,0.0
lag1__peptide_std__P39060,2.7526168105258697e-05,0.0
delta1__protein_npx__Q99832,2.751307439967004e-05,0.0
rollmean2__peptide_mean__P02774,2.7492719787834625e-05,0.0
protein_npx__P43121,2.748338423237496e-05,0.0
delta1__peptide_mean__P41222,2.748219944915201e-05,0.0
slope1__protein_npx__P04075,2.7471039252969034e-05,0.0
lag1__peptide_mean__P02652,2.7437040359826133e-05,0.0
rollmean2__peptide_count__P04075,2.7378051057924843e-05,0.0
rollmean2__peptide_std__P14618,2.736783799208869e-05,0.0
delta1__peptide_mean__P36955,2.735129094883167e-05,0.0
slope1__peptide_mean__P10643,2.7333185073978238e-05,0.0
delta1__peptide_std__Q9UHG2,2.7325194175434483e-05,0.0
delta1__current_updrs_2,2.725944273347136e-05,0.0
slope1__peptide_mean__P61916,2.7240324951200144e-05,0.0
slope1__peptide_std__P16035,2.723350465164494e-05,0.0
rollmean2__protein_npx__P18065,2.7221467887429998e-05,0.0
lag1__protein_npx__P01877,2.718918530143964e-05,0.0
slope1__peptide_mean__P02652,2.7182808490233002e-05,0.0
rollmean2__protein_npx__P61626,2.7171538517631934e-05,0.0
slope1__peptide_std__P01834,2.7158585777113227e-05,0.0
delta1__peptide_log__LSKELQAAQAR,2.7137350019284377e-05,0.0
lag1__peptide_std__P01008,2.711069193369841e-05,0.0
peptide_mean__Q96BZ4,2.7104318788671354e-05,0.0
rollmean2__peptide_std__P06681,2.709406774564913e-05,0.0
delta1__peptide_std__P02452,2.7091975377511847e-05,0.0
lag1__protein_npx__P02675,2.7007461338368648e-05,0.0
peptide_mean__P01033,2.6998867192899668e-05,0.0
delta1__peptide_mean__P05090,2.6979708996775054e-05,0.0
rollmean2__protein_npx__P43121,2.6977952062880755e-05,0.0
lag1__peptide_std__P51884,2.6972126290503627e-05,0.0
protein_npx__Q14508,2.6949423108449368e-05,0.0
lag1__peptide_log__LC(UniMod_4)MGSGLNLC(UniMod_4)EPNNKEGYYGYTGAFR,2.6910923958432315e-05,0.0
delta1__peptide_log__SSQGGSLPSEEK,2.6908807787860155e-05,0.0
rollmean2__peptide_log__TTPPVLDSDGSFFLYSR,2.6885182155088828e-05,0.0
delta1__peptide_mean__Q9UHG2,2.685537340436362e-05,0.0
peptide_log__SFNRGEC(UniMod_4),2.684495686952855e-05,0.0
protein_npx__Q13283,2.680232700004394e-05,0.0
slope1__peptide_mean__Q08380,2.679390703596797e-05,0.0
lag1__protein_npx__Q8N2S1,2.675776916110801e-05,0.0
slope1__peptide_std__P01023,2.6738962866235454e-05,0.0
lag1__peptide_std__P05546,2.6726344487100488e-05,0.0
peptide_mean__P49588,2.6720499685214604e-05,0.0
peptide_std__P05156,2.670166334771722e-05,0.0
delta1__peptide_log__GEVQAMLGQSTEELR,2.669968888093244e-05,0.0
rollmean2__peptide_log__AKLEEQAQQIR,2.6695092374293362e-05,0.0
delta1__peptide_mean__P06454,2.6667289738571897e-05,0.0
rollmean2__peptide_std__P01034,2.6658967843506024e-05,0.0
delta1__peptide_std__P05155,2.6657838501422385e-05,0.0
peptide_log__ELSSFIDKGQELC(UniMod_4)ADYSENTFTEYK,2.660565511304951e-05,0.0
delta1__peptide_mean__P02768,2.659557128009022e-05,0.0
delta1__peptide_log__VQAAVGTSAAPVPSDNH,2.659446079561481e-05,0.0
rollmean2__protein_npx__Q99683,2.6548568753319564e-05,0.0
slope1__protein_npx__P02749,2.654690167142266e-05,0.0
delta1__protein_npx__P02652,2.654112325781372e-05,0.0
rollmean2__peptide_mean__Q8IWV7,2.65197229691016e-05,0.0
rollmean2__peptide_log__LAVYQAGAR,2.6515414457952878e-05,0.0
peptide_mean__P27169,2.64867115216395e-05,0.0
protein_npx__P61626,2.6433146851821013e-05,0.0
peptide_std__P02671,2.6420821501102778e-05,0.0
slope1__peptide_mean__P18065,2.637265975652117e-05,0.0
peptide_mean__P36955,2.634513713960333e-05,0.0
slope1__protein_npx__Q13283,2.6344112185173854e-05,0.0
delta1__peptide_std__P00736,2.6296429890028093e-05,0.0
slope1__peptide_log__YYWGGQYTWDMAK,2.6284626298928034e-05,0.0
rollmean2__peptide_count__Q16610,2.6277787404775126e-05,0.0
rollmean2__protein_npx__P19823,2.6217981849448672e-05,0.0
protein_npx__P61769,2.6195687578689757e-05,0.0
rollmean2__peptide_log__VYC(UniMod_4)DMNTENGGWTVIQNR,2.6194783645072573e-05,0.0
lag1__peptide_log__TSAHGNVAEGETKPDPDVTER,2.6185089289776254e-05,0.0
delta1__peptide_mean__P20774,2.617804360599188e-05,0.0
protein_npx__P08253,2.6076159944638828e-05,0.0
rollmean2__peptide_std__P00751,2.6065149280039707e-05,0.0
rollmean2__peptide_std__P02656,2.606208480570647e-05,0.0
protein_npx__Q99683,2.6059736741807615e-05,0.0
rollmean2__peptide_mean__P00747,2.604213263724147e-05,0.0
delta1__peptide_mean__P04433,2.6040719491450188e-05,0.0
peptide_mean__Q7Z5P9,2.603663726397491e-05,0.0
lag1__peptide_mean__P01608,2.6018880863288344e-05,0.0
rollmean2__peptide_mean__P08294,2.598764952303494e-05,0.0
rollmean2__peptide_std__P23142,2.5925275289250458e-05,0.0
delta1__peptide_log__LGADMEDVC(UniMod_4)GR,2.589863980989993e-05,0.0
rollmean2__peptide_count__P07602,2.588146013861076e-05,0.0
lag1__peptide_count__P00738,2.5796259070172885e-05,0.0
peptide_log__GEVQAMLGQSTEELR,2.5710940639121684e-05,0.0
delta1__protein_npx__Q8NE71,2.570599668389224e-05,0.0
rollmean2__peptide_log__GC(UniMod_4)PTEEGC(UniMod_4)GER,2.5696372618442076e-05,0.0
rollmean2__protein_npx__P31997,2.5667473578478187e-05,0.0
peptide_mean__P08637,2.5664564358754794e-05,0.0
slope1__peptide_log__C(UniMod_4)RDQLPYIC(UniMod_4)QFGIV,2.5631051596991086e-05,0.0
lag1__current_medication_on,2.5626733362591393e-05,0.0
rollmean2__peptide_mean__P61769,2.55707598868632e-05,0.0
missing__peptide_log__ELSSFIDKGQELC(UniMod_4)ADYSENTFTEYK,2.5554805062090342e-05,0.0
delta1__protein_npx__Q9UKV8,2.5547743701514517e-05,0.0
rollmean2__peptide_mean__P01861,2.550991846943962e-05,0.0
delta1__peptide_mean__O75144,2.5493782918412983e-05,0.0
rollmean2__protein_npx__P02790,2.5489240349236884e-05,0.0
protein_npx__P02792,2.548447634708451e-05,0.0
peptide_count__Q92520,2.547173291399913e-05,0.0
lag1__protein_npx__Q9BY67,2.5454007095232785e-05,0.0
lag1__peptide_count__P24592,2.541750897862588e-05,0.0
delta1__peptide_std__Q14118,2.5375730019369218e-05,0.0
delta1__peptide_log__SEALAVDGAGKPGAEEAQDPEGK,2.536827106186339e-05,0.0
peptide_log__RTPITVVK,2.536554668764507e-05,0.0
rollmean2__peptide_count__P04196,2.5343081641261888e-05,0.0
lag1__peptide_count__P06396,2.5342806530720362e-05,0.0
delta1__peptide_mean__P05155,2.5340396545757424e-05,0.0
peptide_mean__P07333,2.5321826949182078e-05,0.0
protein_npx__P05155,2.5314301498388195e-05,0.0
missing__peptide_log__LSNENHGIAQR,2.5273945436805335e-05,0.0
rollmean2__peptide_count__P17174,2.5266066333734734e-05,0.0
rollmean2__peptide_mean__Q9HDC9,2.5242679082898742e-05,0.0
slope1__peptide_mean__Q92876,2.524149407469443e-05,0.0
protein_npx__P01860,2.520557800593148e-05,0.0
protein_npx__Q9UHG2,2.516928027801378e-05,0.0
delta1__peptide_mean__Q92823,2.515788161387483e-05,0.0
delta1__protein_npx__P01833,2.512851422890154e-05,0.0
delta1__peptide_mean__P16035,2.5051870943981748e-05,0.0
delta1__peptide_log__AATGEC(UniMod_4)TATVGKR,2.5033510642730085e-05,0.0
lag1__peptide_std__Q92876,2.5020904665339254e-05,0.0
protein_npx__P61916,2.4954543453886004e-05,0.0
peptide_mean__P07711,2.4913333565063588e-05,0.0
slope1__peptide_mean__P07225,2.490520599856677e-05,0.0
delta1__protein_npx__P01834,2.4883542973001005e-05,0.0
slope1__peptide_mean__P41222,2.4874568586449854e-05,0.0
missing__peptide_mean__P19827,2.4862377455270548e-05,0.0
peptide_count__P25311,2.4797041899901073e-05,0.0
peptide_std__P00734,2.4780841782909498e-05,0.0
peptide_count__P06396,2.47732880440826e-05,0.0
lag1__protein_npx__P01860,2.4696171291468648e-05,0.0
peptide_count__P01024,2.468933640920421e-05,0.0
rollmean2__protein_npx__P51884,2.464239934707294e-05,0.0
protein_npx__P04217,2.462840968666969e-05,0.0
protein_npx__P02753,2.4611319589754365e-05,0.0
slope1__protein_npx__Q16270,2.4605591891186524e-05,0.0
lag1__peptide_std__Q96KN2,2.45487792022039e-05,0.0
rollmean2__peptide_count__P13611,2.4515903405361385e-05,0.0
slope1__peptide_std__P02649,2.4469482751231045e-05,0.0
lag1__protein_npx__P01834,2.4448868861703414e-05,0.0
rollmean2__protein_npx__P98160,2.441111118062463e-05,0.0
peptide_mean__O14791,2.4393999043411205e-05,0.0
slope1__protein_npx__P05156,2.4369861155626504e-05,0.0
rollmean2__protein_npx__P01019,2.4358356353788335e-05,0.0
lag1__peptide_std__Q6UXB8,2.4347873207279195e-05,0.0
slope1__peptide_std__O00584,2.4271372821555446e-05,0.0
peptide_log__ATVNPSAPR,2.4266785078423228e-05,0.0
missing__protein_npx__Q96S96,2.4219200677044816e-05,0.0
slope1__peptide_mean__P11277,2.4195308372106453e-05,0.0
delta1__peptide_count__P02649,2.4184429834329965e-05,0.0
peptide_log__C(UniMod_4)TSTGWIPAPR,2.4182729339868905e-05,0.0
lag1__peptide_log__NPDPWAK,2.4151268595216425e-05,0.0
lag1__peptide_mean__Q99969,2.4138119278827678e-05,0.0
rollmean2__peptide_count__O00533,2.4095939073910554e-05,0.0
peptide_std__P19652,2.4076804055589262e-05,0.0
rollmean2__protein_npx__P10643,2.406970040255192e-05,0.0
lag1__protein_npx__P16152,2.401752350706239e-05,0.0
rollmean2__protein_npx__P02765,2.3993766968918225e-05,0.0
slope1__peptide_mean__P02452,2.3978629234915674e-05,0.0
protein_npx__P12109,2.3977603808129612e-05,0.0
delta1__peptide_mean__P01011,2.3975680844767876e-05,0.0
delta1__protein_npx__P49908,2.3974689049409555e-05,0.0
rollmean2__peptide_std__Q12805,2.3966390772205146e-05,0.0
slope1__protein_npx__Q14118,2.395235503838531e-05,0.0
rollmean2__peptide_log__SNSSM(UniMod_35)HITDC(UniMod_4)R,2.3941934297086627e-05,0.0
delta1__peptide_mean__P02753,2.3940527064814977e-05,0.0
delta1__peptide_std__P01019,2.39223548446527e-05,0.0
slope1__peptide_log__TLLSNLEEAKK,2.3915702665199897e-05,0.0
slope1__peptide_mean__Q8NE71,2.391309400119093e-05,0.0
lag1__peptide_std__P09486,2.390026281934765e-05,0.0
rollmean2__peptide_count__P08493,2.389958586981226e-05,0.0
lag1__protein_npx__Q14624,2.389718861067591e-05,0.0
slope1__peptide_std__P04180,2.388587422522921e-05,0.0
peptide_log__LVGGPM(UniMod_35)DASVEEEGVRR,2.388319874689183e-05,0.0
delta1__peptide_log__KQELSEAEQATR,2.3849648557294005e-05,0.0
delta1__peptide_mean__P02652,2.3838448556542103e-05,0.0
slope1__peptide_std__P04196,2.3818750380159798e-05,0.0
slope1__peptide_log__TPVSDRVTK,2.3815484003324227e-05,0.0
lag1__peptide_std__O00533,2.3786023905520777e-05,0.0
delta1__protein_npx__P02760,2.378137429063666e-05,0.0
slope1__peptide_log__KVEQAVETEPEPELR,2.36875850937524e-05,0.0
lag1__peptide_log__IMNGEADAMSLDGGFVYIAGK,2.367516889017037e-05,0.0
lag1__peptide_mean__O14498,2.366534906832897e-05,0.0
peptide_mean__P61916,2.36132783579237e-05,0.0
slope1__peptide_mean__P09871,2.3611289534160734e-05,0.0
peptide_mean__P01717,2.360346450662398e-05,0.0
rollmean2__protein_npx__Q92876,2.3562146630994807e-05,0.0
slope1__peptide_mean__Q13332,2.3432628010900392e-05,0.0
peptide_std__P04180,2.336773789907274e-05,0.0
delta1__peptide_mean__P01857,2.323487018874986e-05,0.0
slope1__protein_npx__P01717,2.3210601810100905e-05,0.0
rollmean2__protein_npx__P08123,2.3170260764048792e-05,0.0
slope1__protein_npx__O14773,2.315911583431637e-05,0.0
peptide_mean__P20774,2.315743467744605e-05,0.0
delta1__peptide_log__LQAEAFQAR,2.309560373435875e-05,0.0
lag1__protein_npx__P01717,2.3087302371665962e-05,0.0
slope1__peptide_log__NPDPWAK,2.3081544198740617e-05,0.0
lag1__peptide_mean__Q92520,2.307241555131547e-05,0.0
lag1__protein_npx__P02774,2.303822233765547e-05,0.0
peptide_log__AYKSELEEQLTPVAEETR,2.302905559468748e-05,0.0
rollmean2__protein_npx__P19652,2.3024865720286164e-05,0.0
rollmean2__peptide_std__P01857,2.30181977183852e-05,0.0
peptide_log__TSPVDEKALQDQLVLVAAK,2.300228832717364e-05,0.0
slope1__peptide_log__LAVYQAGAR,2.2950632867763097e-05,0.0
delta1__peptide_std__P02753,2.294049232478123e-05,0.0
lag1__peptide_std__Q9UHG2,2.2916291584455913e-05,0.0
lag1__peptide_abundance_max,2.2867688343182082e-05,0.0
slope1__peptide_mean__Q99683,2.2862090210990542e-05,0.0
rollmean2__protein_npx__P01717,2.2853957647118932e-05,0.0
slope1__peptide_log__SWFEPLVEDM(UniMod_35)QR,2.284706997344148e-05,0.0
lag1__peptide_mean__P01042,2.2844724819264704e-05,0.0
slope1__peptide_std__P01009,2.2842916234554765e-05,0.0
slope1__protein_npx__Q13332,2.281825977013577e-05,0.0
peptide_log__ADDKETC(UniMod_4)FAEEGK,2.2806326128620564e-05,0.0
slope1__protein_npx__P08697,2.278802317114537e-05,0.0
peptide_mean__P01011,2.2765423905746737e-05,0.0
peptide_std__P00747,2.274421912642445e-05,0.0
lag1__peptide_log__GC(UniMod_4)PTEEGC(UniMod_4)GER,2.2724083939736954e-05,0.0
protein_npx__P10909,2.2706849302026418e-05,0.0
peptide_mean__P01042,2.270494176245159e-05,0.0
delta1__protein_npx__Q92876,2.2658530954204786e-05,0.0
slope1__peptide_log__TKEEYGHSEVVEYYC(UniMod_4)NPR,2.2631809977793632e-05,0.0
slope1__protein_npx__P05546,2.2577645956582665e-05,0.0
lag1__peptide_std__Q92823,2.253917502018998e-05,0.0
slope1__peptide_log__LIADLGSTSITNLGFR,2.2506821248067358e-05,0.0
delta1__peptide_std__O75144,2.2505335235103127e-05,0.0
rollmean2__peptide_mean__Q8N2S1,2.2445971065302478e-05,0.0
lag1__peptide_mean__Q96S96,2.2432150644018034e-05,0.0
rollmean2__peptide_mean__P12109,2.242033224301125e-05,0.0
slope1__peptide_count__P13591,2.2418747714947112e-05,0.0
peptide_mean__P18065,2.241605640120243e-05,0.0
rollmean2__peptide_log__TM(UniMod_35)LLQPAGSLGSYSYR,2.2410740032227318e-05,0.0
peptide_mean__P16035,2.240896862729457e-05,0.0
delta1__peptide_log__TLLSNLEEAKK,2.2408382975608267e-05,0.0
delta1__protein_npx__P08294,2.2374479723377823e-05,0.0
rollmean2__protein_npx__Q9NQ79,2.2326199816746116e-05,0.0
rollmean2__peptide_abundance_mean,2.2318202216314398e-05,0.0
delta1__protein_npx__P10643,2.2288659008266483e-05,0.0
protein_npx__Q14118,2.226279928399115e-05,0.0
delta1__protein_npx__P06727,2.2253915751652848e-05,0.0
rollmean2__protein_npx__P01859,2.22336378809731e-05,0.0
rollmean2__protein_npx__P39060,2.2227503534627167e-05,0.0
delta1__peptide_mean__P20933,2.216345988274231e-05,0.0
slope1__protein_npx__O94919,2.214610018677936e-05,0.0
protein_npx__P02790,2.213988135457415e-05,0.0
rollmean2__peptide_mean__P01031,2.2130657894681607e-05,0.0
lag1__peptide_std__P10643,2.2124675855574343e-05,0.0
slope1__peptide_mean__P43652,2.2036582644733303e-05,0.0
peptide_count__P01009,2.2026806446396508e-05,0.0
slope1__protein_npx__P11277,2.2019405545304367e-05,0.0
rollmean2__peptide_std__P02452,2.1952101765195696e-05,0.0
rollmean2__peptide_std__P07339,2.1930973353213877e-05,0.0
slope1__peptide_mean__P14618,2.192730387304779e-05,0.0
slope1__protein_npx__Q12907,2.1924138354521882e-05,0.0
lag1__protein_npx__P13473,2.1797808170146102e-05,0.0
peptide_std__Q13740,2.1793875559502145e-05,0.0
peptide_mean__P02671,2.1775596848865816e-05,0.0
lag1__peptide_mean__P06681,2.174167069932778e-05,0.0
slope1__peptide_std__O15240,2.173783892737743e-05,0.0
slope1__protein_npx__P02656,2.1733516308133627e-05,0.0
protein_npx__P43652,2.1728010209634522e-05,0.0
rollmean2__protein_npx__P09486,2.1726745199859145e-05,0.0
peptide_std__P36955,2.1720286105826166e-05,0.0
protein_npx__P00441,2.1719741659898213e-05,0.0
lag1__protein_npx__P02671,2.1716323745744087e-05,0.0
delta1__peptide_mean__P80748,2.1699294778213903e-05,0.0
delta1__protein_npx__P04406,2.166825372942762e-05,0.0
lag1__peptide_log__VKDLATVYVDVLK,2.164478909796998e-05,0.0
delta1__peptide_mean__Q7Z5P9,2.164452362163919e-05,0.0
delta1__peptide_mean__P05546,2.164111361798819e-05,0.0
slope1__protein_npx__Q12805,2.1556354554316836e-05,0.0
lag1__protein_npx__P01344,2.1533823220661536e-05,0.0
protein_npx__P16035,2.152326900603883e-05,0.0
rollmean2__protein_npx__P01024,2.1507338815233972e-05,0.0
delta1__protein_npx__P01877,2.1493285182199577e-05,0.0
lag1__peptide_mean__P32754,2.1491775963416333e-05,0.0
protein_npx__Q15904,2.1487499089490624e-05,0.0
lag1__peptide_std__P36955,2.145761689213443e-05,0.0
delta1__peptide_std__Q9NQ79,2.140035461234693e-05,0.0
rollmean2__peptide_log__LRTEGDGVYTLNNEK,2.139227601674944e-05,0.0
peptide_mean__P43251,2.138673777226475e-05,0.0
rollmean2__peptide_mean__P08253,2.13662151125096e-05,0.0
delta1__peptide_mean__P02749,2.13149838813962e-05,0.0
rollmean2__protein_npx__P13473,2.1293411730757843e-05,0.0
rollmean2__protein_npx__P17174,2.1261740627238034e-05,0.0
rollmean2__peptide_mean__Q9BY67,2.120511555934906e-05,0.0
lag1__protein_npx__P06310,2.118525581763502e-05,0.0
peptide_log__SC(UniMod_4)DTPPPC(UniMod_4)PR,2.1184259680972806e-05,0.0
delta1__peptide_log__LPPTSAHGNVAEGETKPDPDVTER,2.1175016171377422e-05,0.0
delta1__peptide_mean__P13671,2.1173174632628384e-05,0.0
lag1__peptide_count__P25311,2.1166632713894997e-05,0.0
protein_npx__P60174,2.1133653609332784e-05,0.0
rollmean2__peptide_mean__Q96S96,2.1123232559383464e-05,0.0
rollmean2__peptide_missing_fraction,2.11214273992871e-05,0.0
peptide_count__O94919,2.11081472008966e-05,0.0
delta1__peptide_std__P06681,2.1103686805007005e-05,0.0
peptide_mean__O00533,2.1071011460363923e-05,0.0
slope1__peptide_mean__P12109,2.0984383930772656e-05,0.0
delta1__peptide_mean__P04275,2.096737925811368e-05,0.0
peptide_std__P07711,2.0918154422742777e-05,0.0
peptide_mean__P20933,2.0914288852407698e-05,0.0
peptide_mean__O43505,2.0912116455132676e-05,0.0
slope1__peptide_mean__P02671,2.0815321546173303e-05,0.0
slope1__peptide_mean__P05060,2.0768168099563625e-05,0.0
protein_npx__P04180,2.0737408123513756e-05,0.0
delta1__peptide_log__AVGDKLPEC(UniMod_4)EADDGC(UniMod_4)PKPPEIAHGYVEHSVR,2.0695548159957107e-05,0.0
slope1__peptide_count__P19652,2.0671091260714296e-05,0.0
lag1__peptide_log__KVEQAVETEPEPELR,2.064357101166258e-05,0.0
peptide_std__O94919,2.057376888791052e-05,0.0
peptide_mean__P55290,2.0530784755832645e-05,0.0
peptide_log__ILTC(UniMod_4)M(UniMod_35)QGMEEIR,2.051745179529165e-05,0.0
rollmean2__peptide_log__SC(UniMod_4)DTPPPC(UniMod_4)PR,2.0511472970816955e-05,0.0
peptide_std__P01857,2.0477509196590106e-05,0.0
lag1__peptide_log__VGYVSGWGR,2.0428632896433247e-05,0.0
delta1__protein_npx__Q9NYU2,2.0406247694819595e-05,0.0
peptide_mean__P01780,2.0353001128981436e-05,0.0
lag1__peptide_log__C(UniMod_4)DSSPDSAEDVRK,2.0350489410552358e-05,0.0
delta1__peptide_mean__P02747,2.0312817163739776e-05,0.0
delta1__peptide_std__P12109,2.0293660493706884e-05,0.0
lag1__peptide_std__P02790,2.0152814152415894e-05,0.0
delta1__peptide_mean__P01876,2.0141571543345196e-05,0.0
delta1__peptide_std__P61916,2.0107115972370686e-05,0.0
delta1__protein_npx__P08493,2.0065821159286647e-05,0.0
lag1__months_since_baseline,2.006420198601647e-05,0.0
slope1__protein_npx__P13671,2.0010877458635546e-05,0.0
missing__peptide_log__M(UniMod_35)YLGYEYVTAIR,1.998360326546965e-05,0.0
lag1__peptide_std__Q9Y6R7,1.9982072108208333e-05,0.0
rollmean2__peptide_mean__Q14515,1.9900391315162588e-05,0.0
slope1__peptide_log__QWAGLVEK,1.9864790619509787e-05,0.0
delta1__peptide_mean__P61769,1.9861550011960403e-05,0.0
rollmean2__protein_npx__P55290,1.982112906259966e-05,0.0
delta1__peptide_mean__Q99674,1.97853421424008e-05,0.0
missing__peptide_mean__P04406,1.9775605472826037e-05,0.0
rollmean2__peptide_mean__P08603,1.972122720350141e-05,0.0
slope1__peptide_mean__P01717,1.9695833681022674e-05,0.0
delta1__peptide_log__YIVSGTPTFVPYLIK,1.9693690403251017e-05,0.0
slope1__peptide_log__GC(UniMod_4)PTEEGC(UniMod_4)GER,1.9684458843465793e-05,0.0
lag1__protein_npx__P01857,1.9679224509552793e-05,0.0
peptide_count__P00450,1.9669177607340934e-05,0.0
lag1__peptide_std__P14314,1.9666810440717514e-05,0.0
slope1__peptide_count__P01009,1.965739872985812e-05,0.0
delta1__peptide_mean__P04207,1.965409779778271e-05,0.0
lag1__peptide_abundance_sum,1.963831971253006e-05,0.0
peptide_mean__P61278,1.9610985615798484e-05,0.0
delta1__peptide_std__P07602,1.9569607951337956e-05,0.0
lag1__protein_npx__Q96S96,1.9566490826245023e-05,0.0
protein_npx__P02675,1.9542562449231958e-05,0.0
delta1__protein_npx__P23142,1.953183037187948e-05,0.0
rollmean2__peptide_count__P98160,1.9492760642062868e-05,0.0
slope1__protein_npx__P51884,1.9484114884089423e-05,0.0
peptide_mean__Q92520,1.948259337713969e-05,0.0
slope1__protein_npx__P04004,1.947979205386695e-05,0.0
protein_npx__Q8N2S1,1.9474702122965176e-05,0.0
lag1__peptide_std__P55290,1.9470214234025124e-05,0.0
slope1__peptide_log__AYQGVAAPFPK,1.9446823668950214e-05,0.0
slope1__peptide_std__P16870,1.9421944843958067e-05,0.0
slope1__peptide_std__P02671,1.9411497682565316e-05,0.0
rollmean2__protein_npx__P00747,1.9335718677444433e-05,0.0
lag1__protein_npx__P07711,1.931976547321275e-05,0.0
lag1__peptide_mean__P01833,1.9309243814505228e-05,0.0
slope1__protein_npx__Q14515,1.9294859425781987e-05,0.0
lag1__peptide_std__P10909,1.9274514567737583e-05,0.0
rollmean2__peptide_mean__P05090,1.927025939570073e-05,0.0
protein_npx__P16070,1.9269859385269237e-05,0.0
peptide_mean__P02774,1.9232689929205802e-05,0.0
lag1__peptide_std__P00736,1.9200214670933183e-05,0.0
rollmean2__peptide_count__P01019,1.9156289418774703e-05,0.0
peptide_mean__P01859,1.9140897163914787e-05,0.0
delta1__peptide_mean__P05452,1.91250494739344e-05,0.0
slope1__protein_npx__P08294,1.9098633556354076e-05,0.0
peptide_log__DLATVYVDVLK,1.907731354490799e-05,0.0
delta1__peptide_abundance_sum,1.905399927362188e-05,0.0
slope1__peptide_mean__P02766,1.9039390034579987e-05,0.0
missing__protein_npx__P07195,1.9038257872542364e-05,0.0
slope1__protein_npx__P12109,1.9022801630013954e-05,0.0
slope1__peptide_mean__P08133,1.9007699126289904e-05,0.0
rollmean2__protein_npx__Q7Z5P9,1.900013423794856e-05,0.0
delta1__peptide_std__P02647,1.8992089853716675e-05,0.0
rollmean2__peptide_count__P00751,1.897783845999764e-05,0.0
lag1__peptide_log__VC(UniMod_4)PFAGILENGAVR,1.8975254228074333e-05,0.0
delta1__peptide_mean__Q16270,1.896051087885881e-05,0.0
peptide_mean__O00391,1.895279087220868e-05,0.0
rollmean2__peptide_log__LEGQEEEEDNRDSSMK,1.8942895626412236e-05,0.0
slope1__peptide_log__FM(UniMod_35)ETVAEK,1.8892641058068542e-05,0.0
lag1__protein_npx__P08637,1.8880641830837222e-05,0.0
lag1__peptide_mean__P07602,1.885575324318786e-05,0.0
lag1__peptide_mean__Q8IWV7,1.884184907892178e-05,0.0
rollmean2__peptide_mean__Q99832,1.8818787560821176e-05,0.0
slope1__protein_npx__Q8N2S1,1.8812861957110612e-05,0.0
delta1__protein_npx__Q7Z5P9,1.879347597886659e-05,0.0
slope1__peptide_log__AVGDKLPEC(UniMod_4)EADDGC(UniMod_4)PKPPEIAHGYVEHSVR,1.87803004215858e-05,0.0
slope1__peptide_count__P08603,1.8778047615805347e-05,0.0
lag1__peptide_log__AVGDKLPEC(UniMod_4)EADDGC(UniMod_4)PKPPEIAHGYVEHSVR,1.87360441954672e-05,0.0
delta1__peptide_log__VLLDQLR,1.8715802806322115e-05,0.0
slope1__peptide_mean__O00584,1.8643392859013446e-05,0.0
slope1__peptide_log__IHWESASLLR,1.862113461157849e-05,0.0
rollmean2__peptide_log__VC(UniMod_4)PFAGILENGAVR,1.8616085460332203e-05,0.0
slope1__peptide_std__P00450,1.8606051607492905e-05,0.0
missing__peptide_std__O15394,1.858192146422718e-05,0.0
slope1__peptide_std__P16070,1.8531498315958927e-05,0.0
peptide_mean__Q6UXD5,1.8490424326618436e-05,0.0
delta1__peptide_std__P06727,1.847778618850835e-05,0.0
slope1__peptide_std__Q96PD5,1.8466696678179727e-05,0.0
slope1__peptide_log__VC(UniMod_4)PFAGILENGAVR,1.8458407600647805e-05,0.0
rollmean2__peptide_count__P05452,1.8450685170066623e-05,0.0
protein_npx__P05452,1.8449800237379538e-05,0.0
slope1__current_updrs_3,1.844450041028323e-05,0.0
lag1__peptide_std__P01011,1.8433191381715462e-05,0.0
slope1__peptide_abundance_max,1.840937313927901e-05,0.0
slope1__peptide_std__P01877,1.840059159094384e-05,0.0
delta1__peptide_std__P05090,1.8382293501061377e-05,0.0
slope1__peptide_mean__Q6UXB8,1.8351706117803234e-05,0.0
rollmean2__protein_npx__P02766,1.8323167511401757e-05,0.0
lag1__protein_npx__P04275,1.83152089673673e-05,0.0
lag1__peptide_mean__P09871,1.8314283357820468e-05,0.0
rollmean2__peptide_mean__P05452,1.8289008607360068e-05,0.0
rollmean2__peptide_count__P10643,1.8261369725969977e-05,0.0
peptide_log__LQAEAFQAR,1.8260565500291178e-05,0.0
rollmean2__protein_npx__P36222,1.8248910984234763e-05,0.0
rollmean2__peptide_log__ILLQGTPVAQMTEDAVDAER,1.8226079850799266e-05,0.0
lag1__peptide_std__P02656,1.8215479664329365e-05,0.0
delta1__peptide_log__LDEVKEQVAEVR,1.8169780261195564e-05,0.0
lag1__peptide_mean__P02763,1.8162372929547215e-05,0.0
delta1__peptide_mean__Q8N2S1,1.8159166312387653e-05,0.0
rollmean2__peptide_std__Q13740,1.8154351092164624e-05,0.0
peptide_log__LRTEGDGVYTLNNEKQWINK,1.8139814901964674e-05,0.0
rollmean2__peptide_mean__P31997,1.8128216145054535e-05,0.0
peptide_log__MYYSAVDPTKDIFTGLIGPM(UniMod_35)K,1.812575369813287e-05,0.0
delta1__peptide_std__P01008,1.8122168623451858e-05,0.0
missing__peptide_log__GYQLSDVDGVTC(UniMod_4)EDIDEC(UniMod_4)ALPTGGHIC(UniMod_4)SYR,1.811158054650823e-05,0.0
delta1__peptide_mean__Q6UXD5,1.8107311570638387e-05,0.0
rollmean2__peptide_mean__P02675,1.8098956582800244e-05,0.0
protein_npx__P02649,1.8079438891801687e-05,0.0
rollmean2__peptide_mean__P05155,1.8066989363817356e-05,0.0
slope1__protein_npx__P04433,1.8038430277813954e-05,0.0
slope1__protein_npx__P13591,1.803611566083883e-05,0.0
delta1__protein_npx__P05452,1.7994113030704958e-05,0.0
rollmean2__peptide_mean__P00751,1.796873468803658e-05,0.0
delta1__peptide_log__SLAELGGHLDQQVEEFRR,1.7959038165376115e-05,0.0
lag1__protein_npx__Q14118,1.7944953926829214e-05,0.0
lag1__peptide_log__C(UniMod_4)SYTEDAQC(UniMod_4)IDGTIEVPK,1.7929431235041407e-05,0.0
rollmean2__protein_npx__P00734,1.782944403228579e-05,0.0
lag1__protein_npx__P02792,1.7820165480269968e-05,0.0
slope1__peptide_mean__P02774,1.7742813105464883e-05,0.0
rollmean2__peptide_mean__Q16270,1.7735131243045676e-05,0.0
rollmean2__peptide_count__P51884,1.7719660390826934e-05,0.0
delta1__peptide_std__P04217,1.7712540661333147e-05,0.0
rollmean2__peptide_count__P06727,1.7650121629644506e-05,0.0
lag1__protein_npx__Q9UBX5,1.7590112093170042e-05,0.0
peptide_count__P08603,1.7553379303484495e-05,0.0
lag1__peptide_abundance_mean,1.754142674181972e-05,0.0
slope1__peptide_log__TSPVDEKALQDQLVLVAAK,1.7532727091971725e-05,0.0
delta1__peptide_mean__P00734,1.7531732807228048e-05,0.0
delta1__peptide_std__P19652,1.752268294943102e-05,0.0
rollmean2__protein_npx__Q08380,1.7486413410046778e-05,0.0
rollmean2__peptide_mean__P09871,1.7462958775053687e-05,0.0
lag1__protein_npx__P14174,1.744579644258115e-05,0.0
rollmean2__peptide_mean__O94919,1.7413687325458234e-05,0.0
lag1__protein_npx__P02649,1.7354824713790668e-05,0.0
lag1__peptide_mean__P05155,1.734957117095427e-05,0.0
peptide_mean__P01608,1.7342013912124732e-05,0.0
peptide_mean__P13473,1.7336959427648027e-05,0.0
slope1__peptide_log__VGYVSGWGR,1.7335330507992843e-05,0.0
peptide_mean__P02753,1.7293426621216278e-05,0.0
rollmean2__protein_npx__Q92823,1.720384681740958e-05,0.0
peptide_mean__P02679,1.7195264700934817e-05,0.0
protein_npx__P01859,1.7184476954258413e-05,0.0
slope1__protein_npx__P08253,1.7179428168284105e-05,0.0
lag1__protein_npx__Q8IWV7,1.716514014411565e-05,0.0
peptide_mean__Q13449,1.7144659749728882e-05,0.0
slope1__peptide_log__WELALGR,1.7140185363908696e-05,0.0
delta1__protein_npx__Q9UBR2,1.7124077977605497e-05,0.0
lag1__protein_npx__P36955,1.7104360134123543e-05,0.0
rollmean2__protein_npx__P16870,1.7072835133912107e-05,0.0
missing__peptide_log__AATGEC(UniMod_4)TATVGKR,1.7036561504029427e-05,0.0
lag1__peptide_log__DLATVYVDVLK,1.6993366424785938e-05,0.0
lag1__peptide_mean__P04004,1.698145448764754e-05,0.0
peptide_count__P07998,1.6962901601877393e-05,0.0
peptide_log__SPVGVQPILNEHTFC(UniMod_4)AGMSK,1.6939309227163225e-05,0.0
delta1__peptide_log__TPLGDTTHTC(UniMod_4)PR,1.691544408208411e-05,0.0
peptide_log__M(UniMod_35)ASGAANVVGPK,1.6912606137828088e-05,0.0
delta1__peptide_std__P61769,1.689927017944706e-05,0.0
peptide_std__Q12841,1.688357473706205e-05,0.0
protein_npx__Q9UNU6,1.6880493151571e-05,0.0
delta1__peptide_mean__Q12805,1.6850014347142784e-05,0.0
lag1__peptide_mean__P13591,1.6832236265494752e-05,0.0
delta1__protein_npx__P61278,1.679053149749361e-05,0.0
slope1__protein_npx__P01876,1.6785781880658498e-05,0.0
peptide_log__RLEGQEEEEDNRDSSMK,1.678112397994417e-05,0.0
peptide_mean__Q14508,1.67804532897842e-05,0.0
slope1__protein_npx__P02751,1.676811736785653e-05,0.0
lag1__peptide_mean__P02675,1.6751101228303307e-05,0.0
rollmean2__protein_npx__P04216,1.6749702539679252e-05,0.0
delta1__protein_npx__P07711,1.6702569576946446e-05,0.0
lag1__protein_npx__P00748,1.6702212047647525e-05,0.0
rollmean2__protein_npx__P04196,1.667030303731101e-05,0.0
delta1__protein_npx__P08133,1.6649981821268905e-05,0.0
protein_npx__P04406,1.663377494851468e-05,0.0
delta1__peptide_mean__P01859,1.66271000433246e-05,0.0
slope1__peptide_std__P08294,1.659589959017375e-05,0.0
delta1__peptide_mean__P04196,1.6591551805531783e-05,0.0
slope1__protein_npx__P61769,1.6577535563915882e-05,0.0
lag1__protein_npx__P00734,1.657086407125801e-05,0.0
protein_npx__P09104,1.6551631658320926e-05,0.0
slope1__protein_npx__Q99435,1.653945716560164e-05,0.0
lag1__peptide_mean__P08493,1.6529565082382614e-05,0.0
rollmean2__peptide_mean__P16152,1.652856342714824e-05,0.0
slope1__peptide_mean__P01860,1.6503049662879303e-05,0.0
lag1__peptide_mean__Q12841,1.6502353647668e-05,0.0
protein_npx__P07858,1.6487303634154478e-05,0.0
rollmean2__peptide_abundance_sum,1.6483794853622684e-05,0.0
rollmean2__peptide_log__TEGDGVYTLNNEK,1.6456933791506734e-05,0.0
rollmean2__peptide_log__AVGDKLPEC(UniMod_4)EADDGC(UniMod_4)PKPPEIAHGYVEHSVR,1.6449327713113466e-05,0.0
lag1__peptide_mean__Q13283,1.6443217075492017e-05,0.0
peptide_std__P02649,1.6424838042887944e-05,0.0
rollmean2__protein_npx__O14498,1.6379240519863754e-05,0.0
rollmean2__peptide_count__Q92520,1.636447141099168e-05,0.0
delta1__peptide_mean__Q96KN2,1.6358939201990317e-05,0.0
peptide_count__P13611,1.635228604784003e-05,0.0
rollmean2__peptide_log__TLLSNLEEAKK,1.633961774523282e-05,0.0
delta1__peptide_count__P01859,1.630499927595727e-05,0.0
delta1__peptide_log__LIADLGSTSITNLGFR,1.6269768617228244e-05,0.0
lag1__protein_npx__P08571,1.6259423327211387e-05,0.0
rollmean2__protein_npx__O75326,1.622532202040408e-05,0.0
delta1__protein_npx__P04004,1.6189888893968536e-05,0.0
peptide_mean__Q14118,1.6187407477012665e-05,0.0
delta1__protein_npx__P36955,1.614947943751818e-05,0.0
lag1__protein_npx__P05156,1.612984465933375e-05,0.0
rollmean2__peptide_mean__O75326,1.6081067804140375e-05,0.0
delta1__peptide_log__C(UniMod_4)SYTEDAQC(UniMod_4)IDGTIEVPK,1.6030865842416435e-05,0.0
slope1__protein_npx__P02790,1.59834258383879e-05,0.0
lag1__peptide_count__P01009,1.5960617463290634e-05,0.0
lag1__peptide_mean__P36222,1.595020206036719e-05,0.0
peptide_log__TEGDGVYTLNNEK,1.593257342702246e-05,0.0
lag1__peptide_mean__P49588,1.5900448302222456e-05,0.0
rollmean2__peptide_count__P00734,1.589072427260913e-05,0.0
slope1__protein_npx__Q02818,1.5883849180044757e-05,0.0
rollmean2__protein_npx__P43652,1.5882551152303106e-05,0.0
rollmean2__protein_npx__P05408,1.5853052075112498e-05,0.0
delta1__protein_npx__P02750,1.5814940478038466e-05,0.0
slope1__peptide_log__LC(UniMod_4)MGSGLNLC(UniMod_4)EPNNKEGYYGYTGAFR,1.5803364242656027e-05,0.0
lag1__protein_npx__O15240,1.5796158089972146e-05,0.0
protein_npx__P04075,1.5783418223402037e-05,0.0
lag1__protein_feature_count,1.5777119020740266e-05,0.0
lag1__peptide_log__MTVTDQVNC(UniMod_4)PK,1.575383765281391e-05,0.0
rollmean2__peptide_count__P05060,1.573997455379276e-05,0.0
rollmean2__peptide_count__P01834,1.5735482194949396e-05,0.0
delta1__peptide_count__P05060,1.5704673795579828e-05,0.0
peptide_count__P43652,1.568749936734322e-05,0.0
lag1__peptide_log__DSGFQM(UniMod_35)NQLR,1.5681139270846654e-05,0.0
peptide_std__P02452,1.5674462218670927e-05,0.0
rollmean2__peptide_log__C(UniMod_4)REILSVDC(UniMod_4)STNNPSQAK,1.5649948463825977e-05,0.0
slope1__peptide_mean__P13591,1.5644666139470002e-05,0.0
delta1__peptide_count__Q92520,1.562068637402133e-05,0.0
delta1__peptide_mean__P08637,1.5576188338260092e-05,0.0
delta1__peptide_log__WELALGR,1.557501247426386e-05,0.0
delta1__protein_npx__Q9UHG2,1.5520851906627284e-05,0.0
peptide_std__P02749,1.5515197236043886e-05,0.0
lag1__peptide_mean__Q16610,1.551100580316663e-05,0.0
protein_npx__P01594,1.549867074880599e-05,0.0
delta1__protein_npx__P02748,1.5475502476451882e-05,0.0
lag1__protein_npx__Q92823,1.5474772336688627e-05,0.0
slope1__peptide_mean__P20933,1.5456835146700062e-05,0.0
lag1__protein_npx__P00736,1.542596714194732e-05,0.0
slope1__protein_npx__P02679,1.5360137927659367e-05,0.0
slope1__peptide_mean__P08637,1.5298208333403573e-05,0.0
protein_npx__P02774,1.5293333103145118e-05,0.0
peptide_mean__Q9UKV8,1.528801240499008e-05,0.0
delta1__protein_npx__Q6UXB8,1.5259293940518285e-05,0.0
peptide_log__GC(UniMod_4)PTEEGC(UniMod_4)GER,1.5233392692643222e-05,0.0
lag1__peptide_std__P07339,1.5215015644802713e-05,0.0
delta1__peptide_mean__P00450,1.519581522102201e-05,0.0
slope1__peptide_mean__Q96KN2,1.5133430931732234e-05,0.0
lag1__protein_npx__P01594,1.5054589416930494e-05,0.0
delta1__peptide_mean__P12109,1.4999857530826055e-05,0.0
rollmean2__protein_npx__Q02818,1.4999016307915001e-05,0.0
rollmean2__peptide_std__P05156,1.4955479931743857e-05,0.0
lag1__peptide_mean__P16070,1.4950306057630705e-05,0.0
peptide_log__GEVQAMLGQSTEELRVR,1.4918454542366835e-05,0.0
delta1__peptide_log__AATVGSLAGQPLQER,1.4908254819756132e-05,0.0
slope1__peptide_mean__P07602,1.4906640067338077e-05,0.0
rollmean2__peptide_count__Q12907,1.4897449513138602e-05,0.0
missing__peptide_count__P02655,1.4885572758554354e-05,0.0
rollmean2__peptide_log__FM(UniMod_35)ETVAEK,1.4882610243772809e-05,0.0
rollmean2__peptide_log__VQAAVGTSAAPVPSDNH,1.4865416079139004e-05,0.0
delta1__peptide_std__O00533,1.4836786572224974e-05,0.0
rollmean2__protein_npx__P06727,1.4773398845655724e-05,0.0
rollmean2__peptide_log__SC(UniMod_4)SPELQQK,1.4771296922336068e-05,0.0
peptide_mean__P10909,1.475763197851207e-05,0.0
slope1__peptide_std__P10909,1.4739837878773588e-05,0.0
slope1__protein_npx__Q06481,1.473542543845053e-05,0.0
peptide_count__P23142,1.4730765214624822e-05,0.0
delta1__peptide_std__P36955,1.4688177526920794e-05,0.0
lag1__peptide_mean__P23083,1.468068728505546e-05,0.0
protein_npx__P01833,1.4664785721555112e-05,0.0
slope1__peptide_mean__Q13283,1.4662994274070253e-05,0.0
protein_npx__O00391,1.4657889255125565e-05,0.0
protein_npx__P01042,1.4654127283623902e-05,0.0
peptide_mean__Q99829,1.4641219947966794e-05,0.0
lag1__protein_npx__P09104,1.4620140399925551e-05,0.0
delta1__protein_npx__Q99435,1.4599923555000123e-05,0.0
slope1__peptide_std__P18065,1.4593388086393482e-05,0.0
rollmean2__protein_npx__P10451,1.4585411408053124e-05,0.0
protein_npx__P17936,1.4568030673455465e-05,0.0
delta1__peptide_log__SC(UniMod_4)SPELQQK,1.4563287112835711e-05,0.0
delta1__protein_npx__Q14515,1.4555482082216234e-05,0.0
peptide_std__O14773,1.4541345620737688e-05,0.0
slope1__peptide_mean__P54289,1.4525232709927695e-05,0.0
rollmean2__peptide_mean__P07602,1.4519778866767935e-05,0.0
peptide_log__HYEGSTVPEK,1.448770926972974e-05,0.0
missing__protein_npx__P14314,1.4478284704886771e-05,0.0
slope1__protein_npx__P01023,1.4465719541051177e-05,0.0
lag1__peptide_std__P16035,1.4434080334326408e-05,0.0
protein_npx__P25311,1.44326400741974e-05,0.0
peptide_mean__P05408,1.4432265864023112e-05,0.0
delta1__peptide_mean__P04216,1.4393361696458699e-05,0.0
delta1__peptide_std__P16070,1.4382039654504144e-05,0.0
rollmean2__protein_npx__Q96KN2,1.4356144086736453e-05,0.0
lag1__peptide_log__TQVNTQAEQLRR,1.435428123433079e-05,0.0
rollmean2__peptide_log__QQETAAAETETR,1.434972143731521e-05,0.0
delta1__protein_npx__P06310,1.4334759639114785e-05,0.0
delta1__peptide_mean__Q12841,1.4334071195082763e-05,0.0
delta1__peptide_std__P00746,1.4313574800563134e-05,0.0
missing__peptide_mean__P05408,1.431258808285432e-05,0.0
rollmean2__peptide_count__P36222,1.429201745306144e-05,0.0
delta1__peptide_abundance_mean,1.4273564848881524e-05,0.0
peptide_count__P09871,1.4251575337462335e-05,0.0
peptide_std__P13591,1.423966524338022e-05,0.0
rollmean2__protein_npx__P02768,1.4229560009559205e-05,0.0
protein_npx__Q92876,1.4215277669614275e-05,0.0
slope1__peptide_log__ALGISPFHEHAEVVFTANDSGPR,1.4212886501408903e-05,0.0
slope1__peptide_mean__P43251,1.41917911537391e-05,0.0
slope1__protein_npx__Q14624,1.4185209534914138e-05,0.0
rollmean2__protein_npx__P20774,1.4165888882663642e-05,0.0
peptide_log__QIGSVYR,1.4114084025167023e-05,0.0
delta1__peptide_abundance_std,1.4071259876502253e-05,0.0
delta1__peptide_log__ADDKETC(UniMod_4)FAEEGK,1.4070149662389595e-05,0.0
delta1__protein_npx__Q99969,1.4064048793304362e-05,0.0
lag1__protein_npx__P04156,1.4059625326273491e-05,0.0
rollmean2__peptide_mean__P09104,1.4038151683405802e-05,0.0
lag1__peptide_mean__P07339,1.40089804561726e-05,0.0
rollmean2__peptide_mean__P10645,1.3999570519712108e-05,0.0
delta1__protein_missing_fraction,1.3998857231445012e-05,0.0
rollmean2__protein_npx__P01861,1.3988091905594785e-05,0.0
protein_npx__P01023,1.3973291845428422e-05,0.0
delta1__peptide_mean__P01594,1.3965634209008765e-05,0.0
lag1__peptide_log__TSPVDEKALQDQLVLVAAK,1.3952254728964175e-05,0.0
lag1__peptide_mean__P09486,1.3919628987720901e-05,0.0
lag1__peptide_count__P05067,1.3918413774560484e-05,0.0
slope1__peptide_mean__P02763,1.3871205421967503e-05,0.0
delta1__peptide_mean__P01033,1.3870798903484827e-05,0.0
rollmean2__peptide_count__P54289,1.3828870029306497e-05,0.0
rollmean2__peptide_count__Q9UHG2,1.382540020867614e-05,0.0
delta1__peptide_mean__Q8NE71,1.3817225843409905e-05,0.0
rollmean2__protein_npx__Q8NBJ4,1.3802059707726296e-05,0.0
rollmean2__protein_npx__P32754,1.3798143407591013e-05,0.0
delta1__protein_npx__Q12805,1.3755260736478694e-05,0.0
lag1__protein_npx__P08133,1.3745633937850657e-05,0.0
delta1__peptide_std__P04075,1.3739007639387886e-05,0.0
peptide_mean__Q92823,1.3688200891429675e-05,0.0
delta1__peptide_log__YVM(UniMod_35)LPVADQDQC(UniMod_4)IR,1.3649610592236707e-05,0.0
lag1__peptide_log__YIVSGTPTFVPYLIK,1.3648143254536846e-05,0.0
lag1__peptide_mean__P61278,1.3646529562469443e-05,0.0
lag1__peptide_mean__P08637,1.3575588614035849e-05,0.0
peptide_log__VC(UniMod_4)PFAGILENGAVR,1.3546753327515239e-05,0.0
slope1__peptide_mean__P01834,1.3513810034166654e-05,0.0
rollmean2__peptide_std__P09486,1.3504657074228728e-05,0.0
slope1__peptide_std__P01011,1.348530130733174e-05,0.0
rollmean2__protein_npx__P02679,1.3480310396040173e-05,0.0
lag1__peptide_std__Q14624,1.3479211084775755e-05,0.0
delta1__protein_npx__P10451,1.3440117275134153e-05,0.0
slope1__protein_npx__O00533,1.3434338593897126e-05,0.0
slope1__peptide_mean__Q02818,1.3423720661275423e-05,0.0
slope1__protein_npx__P05090,1.3420360809935012e-05,0.0
slope1__protein_npx__P01859,1.3418972842500631e-05,0.0
rollmean2__protein_npx__Q99969,1.3417315277059538e-05,0.0
rollmean2__peptide_log__LQAEAFQAR,1.3413295991425856e-05,0.0
lag1__peptide_mean__P05067,1.3397294795365941e-05,0.0
peptide_mean__Q9UNU6,1.335314922906808e-05,0.0
rollmean2__peptide_log__AATGEC(UniMod_4)TATVGKR,1.3350946475160034e-05,0.0
delta1__peptide_std__Q92876,1.3319051154788287e-05,0.0
slope1__peptide_abundance_std,1.3293861448530937e-05,0.0
missing__protein_npx__P09104,1.329323255645882e-05,0.0
lag1__peptide_mean__Q9UBR2,1.3282266156874891e-05,0.0
rollmean2__current_medication_unknown,1.325552672669527e-05,0.0
rollmean2__peptide_mean__P01034,1.3242356314965312e-05,0.0
peptide_mean__P09871,1.3239025406160384e-05,0.0
rollmean2__peptide_count__P02647,1.3218267355566843e-05,0.0
lag1__peptide_std__P01009,1.321040995411018e-05,0.0
lag1__peptide_log__SC(UniMod_4)DTPPPC(UniMod_4)PR,1.3192264672836966e-05,0.0
delta1__peptide_mean__P31997,1.3189557959803105e-05,0.0
peptide_log__MASGAANVVGPK,1.3120765730274344e-05,0.0
rollmean2__peptide_mean__P02655,1.3096310340459744e-05,0.0
lag1__peptide_mean__P02760,1.308987026718047e-05,0.0
slope1__peptide_count__P08493,1.3078402243759769e-05,0.0
protein_missing_fraction,1.3073848206857189e-05,0.0
rollmean2__months_since_prev_visit,1.3072125098153974e-05,0.0
delta1__peptide_mean__Q14624,1.3066686778593225e-05,0.0
delta1__peptide_log__SWFEPLVEDM(UniMod_35)QR,1.3061045831844827e-05,0.0
delta1__peptide_std__Q6UXB8,1.3059826214077167e-05,0.0
slope1__peptide_log__MTVTDQVNC(UniMod_4)PK,1.3026483360939888e-05,0.0
slope1__protein_npx__P02652,1.3014782546429123e-05,0.0
delta1__peptide_log__TSPVDEKALQDQLVLVAAK,1.300442878288917e-05,0.0
delta1__protein_npx__P07339,1.2996774779895169e-05,0.0
delta1__peptide_mean__P43121,1.2995469236933865e-05,0.0
delta1__protein_npx__O75144,1.2969719001682823e-05,0.0
lag1__peptide_std__P05067,1.2964705720913558e-05,0.0
protein_npx__Q6UXD5,1.2962516946502896e-05,0.0
rollmean2__protein_npx__P19827,1.2930693172158143e-05,0.0
missing__peptide_count__P19827,1.2925874669402547e-05,0.0
rollmean2__peptide_std__P19652,1.2908065768946318e-05,0.0
peptide_count__P51884,1.2902080075461921e-05,0.0
rollmean2__peptide_mean__P01344,1.2895337976486037e-05,0.0
lag1__peptide_std__P01876,1.2866046875962391e-05,0.0
slope1__peptide_log__C(UniMod_4)REILSVDC(UniMod_4)STNNPSQAK,1.2853272937171266e-05,0.0
rollmean2__peptide_mean__P01019,1.2851737947556484e-05,0.0
rollmean2__peptide_mean__P07225,1.2849220050302839e-05,0.0
rollmean2__peptide_log__SSQGGSLPSEEK,1.2844490137694243e-05,0.0
delta1__peptide_log__HGGLYHENMR,1.2828267410908644e-05,0.0
slope1__peptide_std__P08571,1.281108323663625e-05,0.0
rollmean2__peptide_log__IMNGEADAMSLDGGFVYIAGK,1.2783320243663582e-05,0.0
visit_index,1.2764008072991874e-05,0.0
slope1__protein_npx__P61916,1.275006338423787e-05,0.0
delta1__peptide_mean__P01717,1.2749862748393493e-05,0.0
delta1__peptide_mean__P25311,1.2727664651551255e-05,0.0
protein_npx__P08571,1.2724452941914692e-05,0.0
rollmean2__protein_npx__P40925,1.2715204282030993e-05,0.0
delta1__peptide_mean__P13591,1.2684167728765705e-05,0.0
lag1__peptide_std__P00450,1.2658751584146795e-05,0.0
delta1__peptide_mean__P04406,1.2633953148500398e-05,0.0
peptide_count__P19652,1.2633480631778084e-05,0.0
peptide_count__Q96KN2,1.2593062597749109e-05,0.0
rollmean2__current_updrs_4,1.2547693812980921e-05,0.0
lag1__peptide_log__LSNENHGIAQR,1.252657387354104e-05,0.0
peptide_count__P02749,1.2521604254188487e-05,0.0
slope1__peptide_std__Q14624,1.2502628418620828e-05,0.0
delta1__protein_npx__P00751,1.2479398900105612e-05,0.0
protein_npx__P00738,1.2479227002931286e-05,0.0
rollmean2__peptide_mean__P51884,1.2465339186726049e-05,0.0
delta1__peptide_mean__P02760,1.2451829418524223e-05,0.0
delta1__protein_npx__Q12841,1.2436618849298355e-05,0.0
protein_npx__P13611,1.2426532370429017e-05,0.0
lag1__peptide_mean__Q16270,1.241921230884819e-05,0.0
delta1__peptide_log__AKLEEQAQQIR,1.2418175625460425e-05,0.0
slope1__peptide_mean__P05156,1.2378507727682083e-05,0.0
slope1__peptide_std__P04075,1.2333461702856947e-05,0.0
peptide_mean__P10645,1.2330492683747363e-05,0.0
slope1__protein_npx__P04217,1.2330017293659498e-05,0.0
missing__peptide_log__M(UniMod_35)ASGAANVVGPK,1.231561363279173e-05,0.0
rollmean2__protein_npx__P05060,1.229493368729122e-05,0.0
delta1__peptide_mean__P02774,1.2276857137145503e-05,0.0
lag1__protein_npx__P10643,1.2247801939339016e-05,0.0
slope1__protein_npx__P07225,1.224242544611167e-05,0.0
slope1__peptide_log__LPPTSAHGNVAEGETKPDPDVTER,1.222348672786447e-05,0.0
rollmean2__protein_npx__P43251,1.221320762595342e-05,0.0
slope1__peptide_mean__P08697,1.2152078208431481e-05,0.0
peptide_count__P36222,1.2133468406014272e-05,0.0
missing__peptide_log__AVGDKLPEC(UniMod_4)EADDGC(UniMod_4)PKPPEIAHGYVEHSVR,1.2132501198433657e-05,0.0
rollmean2__protein_npx__O00584,1.2117352314975673e-05,0.0
rollmean2__peptide_mean__P05408,1.2100207820729471e-05,0.0
slope1__peptide_std__P00738,1.209814389670474e-05,0.0
peptide_mean__P01344,1.2097732405569425e-05,0.0
rollmean2__protein_npx__P16035,1.2083740537289917e-05,0.0
slope1__peptide_mean__P00450,1.203386893770299e-05,0.0
peptide_mean__P31997,1.2021782518741535e-05,0.0
slope1__peptide_log__TDASDVKPC(UniMod_4),1.1986071225470792e-05,0.0
lag1__protein_npx__P02748,1.1945439823836031e-05,0.0
slope1__peptide_std__Q12907,1.1942224486216347e-05,0.0
rollmean2__protein_npx__P04075,1.1916677843027785e-05,0.0
rollmean2__peptide_log__LGADMEDVC(UniMod_4)GR,1.1908400128222117e-05,0.0
lag1__peptide_mean__P04433,1.1894049589636037e-05,0.0
rollmean2__peptide_count__P02750,1.1886004444085451e-05,0.0
missing__peptide_mean__P61278,1.185748928927253e-05,0.0
peptide_std__P27169,1.181424908726286e-05,0.0
peptide_log__SLAAAAGKQELAK,1.1808045915993695e-05,0.0
delta1__peptide_count__P18065,1.1793655868485992e-05,0.0
lag1__protein_npx__P12109,1.1778075822049307e-05,0.0
delta1__peptide_mean__P04156,1.1777153649688195e-05,0.0
lag1__peptide_std__P02749,1.1753112703797798e-05,0.0
lag1__peptide_count__P14314,1.174732643667727e-05,0.0
lag1__protein_npx__P04207,1.1733521668936545e-05,0.0
rollmean2__peptide_mean__P07333,1.1728882886391901e-05,0.0
slope1__peptide_mean__Q06481,1.1714363986434084e-05,0.0
lag1__protein_npx__P54289,1.1710877332963804e-05,0.0
slope1__protein_npx__Q9NQ79,1.170685952585878e-05,0.0
slope1__peptide_log__SC(UniMod_4)DTPPPC(UniMod_4)PR,1.1698761378911289e-05,0.0
delta1__peptide_log__TTPPVLDSDGSFFLYSK,1.168891754543082e-05,0.0
peptide_mean__P02747,1.168721275803757e-05,0.0
rollmean2__peptide_count__P02749,1.1668965222205264e-05,0.0
delta1__peptide_std__P43652,1.1666227864881277e-05,0.0
slope1__peptide_std__P43121,1.164972013824817e-05,0.0
peptide_log__TTPPVLDSDGSFFLYSR,1.1647487881397792e-05,0.0
slope1__peptide_count__P01024,1.1640493188078273e-05,0.0
slope1__peptide_std__P02452,1.1631803449869833e-05,0.0
rollmean2__peptide_mean__Q12907,1.1629603583455641e-05,0.0
delta1__peptide_std__P51884,1.1602977821440907e-05,0.0
rollmean2__protein_npx__P01031,1.1569575394283522e-05,0.0
peptide_count__P02768,1.155758497626182e-05,0.0
lag1__peptide_mean__Q7Z5P9,1.1535382713557963e-05,0.0
lag1__protein_npx__P19652,1.153358187015044e-05,0.0
slope1__peptide_log__MASGAANVVGPK,1.1531365424478373e-05,0.0
delta1__protein_npx__P14314,1.1501011925557117e-05,0.0
slope1__peptide_log__EILSVDC(UniMod_4)STNNPSQAK,1.1499813912022806e-05,0.0
slope1__peptide_log__RGYQLSDVDGVTC(UniMod_4)EDIDEC(UniMod_4)ALPTGGHIC(UniMod_4)SYR,1.1473399794757838e-05,0.0
rollmean2__protein_npx__P61769,1.1419591331235097e-05,0.0
slope1__protein_npx__P00747,1.141630951390666e-05,0.0
peptide_count__P01008,1.139801519885152e-05,0.0
peptide_log__WELALGR,1.1397399516560862e-05,0.0
lag1__peptide_mean__Q99683,1.1389743750980917e-05,0.0
delta1__protein_npx__P04156,1.131006757559001e-05,0.0
lag1__peptide_observation_count,1.1305828390039742e-05,0.0
slope1__protein_npx__Q12841,1.1282055832202878e-05,0.0
protein_npx__P01608,1.125181189286971e-05,0.0
slope1__protein_npx__P07858,1.1231351813017954e-05,0.0
lag1__protein_npx__P02753,1.1208564366701779e-05,0.0
lag1__peptide_mean__Q14624,1.1165535773588588e-05,0.0
delta1__peptide_log__LC(UniMod_4)MGSGLNLC(UniMod_4)EPNNKEGYYGYTGAFR,1.1158918294097956e-05,0.0
slope1__peptide_std__Q92823,1.1136413057182354e-05,0.0
delta1__peptide_mean__P07225,1.1133702920344152e-05,0.0
protein_npx__P07225,1.1119635233666363e-05,0.0
lag1__peptide_mean__P02747,1.1091614393394377e-05,0.0
slope1__peptide_mean__P30086,1.1022094189767924e-05,0.0
slope1__peptide_mean__Q6UXD5,1.0985850259636645e-05,0.0
current_medication_on,1.0930962437926276e-05,0.0
protein_npx__O94919,1.091767850202086e-05,0.0
delta1__peptide_std__P55290,1.0914050500781016e-05,0.0
slope1__protein_npx__P31997,1.0909150105043702e-05,0.0
delta1__peptide_log__FLATTPNSLLVSWQPPR,1.0907957390750583e-05,0.0
rollmean2__peptide_count__P16870,1.0836626635701115e-05,0.0
slope1__protein_npx__P00734,1.0809551114628703e-05,0.0
slope1__protein_npx__P02748,1.0776330348721705e-05,0.0
rollmean2__peptide_mean__P02765,1.0755275055565143e-05,0.0
rollmean2__peptide_count__P08697,1.0737545447029388e-05,0.0
lag1__protein_npx__Q6UXB8,1.0731560892481713e-05,0.0
delta1__peptide_log__ALGISPFHEHAEVVFTANDSGPR,1.0722268109072319e-05,0.0
protein_npx__P01344,1.0720231607341354e-05,0.0
rollmean2__peptide_log__SPVGVQPILNEHTFC(UniMod_4)AGMSK,1.0695329483491218e-05,0.0
lag1__peptide_log__LRTEGDGVYTLNNEKQWINK,1.0687191114234696e-05,0.0
slope1__peptide_mean__O43505,1.0675364707869994e-05,0.0
peptide_mean__P01034,1.0623382102521456e-05,0.0
rollmean2__protein_npx__P06310,1.0622945706176841e-05,0.0
lag1__peptide_count__P01834,1.058781336322406e-05,0.0
delta1__peptide_count__P01024,1.0583615041507002e-05,0.0
slope1__peptide_count__P05090,1.057941130240421e-05,0.0
delta1__protein_npx__P02763,1.0567996292958688e-05,0.0
delta1__protein_npx__P01876,1.0486511149076666e-05,0.0
peptide_log__LGPLVEQGR,1.0484539591396567e-05,0.0
delta1__peptide_mean__P24592,1.0467210209014724e-05,0.0
rollmean2__peptide_mean__Q96KN2,1.0464801320329398e-05,0.0
lag1__peptide_mean__Q9UHG2,1.04462159832336e-05,0.0
rollmean2__peptide_count__P01042,1.0429928861609003e-05,0.0
rollmean2__protein_npx__O00533,1.0424475967721137e-05,0.0
delta1__peptide_mean__P01608,1.0416127062691413e-05,0.0
delta1__protein_npx__Q14624,1.0409990381187985e-05,0.0
delta1__protein_npx__P06396,1.0394970031201655e-05,0.0
peptide_mean__Q92876,1.0387688256270788e-05,0.0
delta1__peptide_mean__P00746,1.0373917450982827e-05,0.0
delta1__protein_npx__Q9HDC9,1.0362072843665544e-05,0.0
protein_npx__Q7Z3B1,1.0354401250435284e-05,0.0
lag1__protein_npx__P02787,1.0353393786519637e-05,0.0
delta1__peptide_log__DASGVTFTWTPSSGK,1.0318289555937668e-05,0.0
rollmean2__peptide_mean__Q99435,1.0304764566712035e-05,0.0
rollmean2__peptide_count__Q06481,1.0280148170902256e-05,0.0
lag1__peptide_std__P07225,1.027228028945687e-05,0.0
lag1__current_updrs_1,1.0257634366598963e-05,0.0
slope1__peptide_log__VYC(UniMod_4)DMNTENGGWTVIQNR,1.0249874726707748e-05,0.0
protein_npx__O60888,1.0183314837289171e-05,0.0
peptide_count__P02671,1.0178171272778122e-05,0.0
peptide_mean__P14314,1.0170959293314092e-05,0.0
lag1__protein_npx__Q13449,1.0165395257980795e-05,0.0
lag1__protein_npx__Q9UNU6,1.0158369996127481e-05,0.0
lag1__peptide_mean__P80748,1.0148515959531317e-05,0.0
slope1__peptide_mean__P05452,1.0143253352937993e-05,0.0
rollmean2__peptide_mean__P13987,1.0138076687033973e-05,0.0
peptide_count__P01859,1.0116495809811275e-05,0.0
rollmean2__peptide_count__Q13740,1.0111159057006697e-05,0.0
rollmean2__peptide_log__SEALAVDGAGKPGAEEAQDPEGK,1.010667018095267e-05,0.0
rollmean2__peptide_log__ATVNPSAPR,1.0106009163160608e-05,0.0
lag1__peptide_std__P54289,1.0104363436665601e-05,0.0
delta1__peptide_log__LRTEGDGVYTLNNEKQWINK,1.0096393008540604e-05,0.0
peptide_mean__P01023,1.0079076127861486e-05,0.0
slope1__protein_npx__P16070,1.0076201337992163e-05,0.0
protein_npx__P07998,1.0063437105003873e-05,0.0
slope1__peptide_mean__P01009,1.0036426090011735e-05,0.0
peptide_count__O15394,1.0020425969120588e-05,0.0
delta1__peptide_log__EDSLEAGLPLQVR,9.97856709155779e-06,0.0
lag1__peptide_log__LQAEAFQAR,9.960486745397212e-06,0.0
protein_npx__Q99969,9.920468363475179e-06,0.0
protein_npx__Q99435,9.905437320827022e-06,0.0
slope1__peptide_count__P00441,9.885361716280529e-06,0.0
missing__peptide_mean__P19021,9.837526841905286e-06,0.0
protein_npx__P06396,9.828579858332775e-06,0.0
rollmean2__protein_npx__O60888,9.819489437400541e-06,0.0
delta1__protein_npx__P01621,9.78498595092976e-06,0.0
delta1__peptide_log__SC(UniMod_4)DTPPPC(UniMod_4)PR,9.770533583000766e-06,0.0
slope1__protein_npx__Q8NBJ4,9.726727889840356e-06,0.0
rollmean2__peptide_mean__P20933,9.700498897750369e-06,0.0
delta1__peptide_log__TEGDGVYTLNNEK,9.676384122101779e-06,0.0
lag1__protein_npx__Q12841,9.657761762546731e-06,0.0
rollmean2__protein_npx__P60174,9.635033146033193e-06,0.0
peptide_mean__Q96S96,9.628849695105432e-06,0.0
peptide_mean__P08123,9.61850627910231e-06,0.0
lag1__protein_npx__P61626,9.616125492725992e-06,0.0
rollmean2__protein_npx__O75144,9.610950115381954e-06,0.0
slope1__peptide_log__ANRPFLVFIR,9.60717144134923e-06,0.0
delta1__peptide_std__Q12805,9.572573132012421e-06,0.0
rollmean2__peptide_mean__P98160,9.530365913816803e-06,0.0
slope1__protein_npx__P01344,9.50490050039217e-06,0.0
rollmean2__peptide_mean__P00441,9.488710396258418e-06,0.0
slope1__peptide_mean__Q7Z5P9,9.486540653734354e-06,0.0
delta1__peptide_log__ELDESLQVAER,9.4805296299234e-06,0.0
peptide_mean__P08571,9.479690027059771e-06,0.0
protein_npx__P55290,9.47164308758727e-06,0.0
delta1__protein_npx__Q9BY67,9.458916443873107e-06,0.0
rollmean2__peptide_mean__P04275,9.427731134295476e-06,0.0
slope1__peptide_std__O14773,9.400931357069812e-06,0.0
slope1__protein_npx__Q16610,9.38488204025917e-06,0.0
protein_npx__P00736,9.37898384822865e-06,0.0
lag1__protein_npx__P09871,9.366570033196679e-06,0.0
delta1__peptide_std__P01011,9.366234636049034e-06,0.0
slope1__peptide_log__ILLQGTPVAQMTEDAVDAER,9.359017112380919e-06,0.0
slope1__protein_npx__P07333,9.351412945127781e-06,0.0
peptide_mean__P14618,9.32921574209665e-06,0.0
delta1__protein_npx__P08253,9.32427342871045e-06,0.0
lag1__protein_npx__P08603,9.306422661471433e-06,0.0
peptide_count__P16870,9.265771691359741e-06,0.0
rollmean2__peptide_mean__P04207,9.227119838939243e-06,0.0
lag1__protein_npx__P05060,9.223001580958283e-06,0.0
peptide_count__P02647,9.218630273141838e-06,0.0
delta1__peptide_log__VGYVSGWGR,9.1955015616287e-06,0.0
lag1__peptide_std__P02760,9.181835153185197e-06,0.0
lag1__protein_npx__Q15904,9.179256807141297e-06,0.0
lag1__peptide_mean__P02768,9.177554016616571e-06,0.0
lag1__peptide_mean__P01621,9.17046738724395e-06,0.0
peptide_mean__P02787,9.169968293974957e-06,0.0
delta1__peptide_log__LFDSDPITVTVPVEVSR,9.167547713700958e-06,0.0
missing__peptide_log__TPVSDRVTK,9.127575230104923e-06,0.0
peptide_mean__P07998,9.110586005738462e-06,0.0
slope1__protein_npx__P01857,9.08043037489115e-06,0.0
missing__protein_npx__P23083,9.057249796635594e-06,0.0
protein_npx__O15240,9.037745669945183e-06,0.0
slope1__peptide_mean__P01024,9.020874157828793e-06,0.0
delta1__peptide_mean__P01834,9.020292125464745e-06,0.0
delta1__peptide_count__P02671,9.004921927737855e-06,0.0
lag1__peptide_mean__O15394,8.978534130562357e-06,0.0
slope1__protein_npx__P01034,8.977182121767461e-06,0.0
rollmean2__peptide_mean__P01024,8.973078841788528e-06,0.0
slope1__protein_npx__P04207,8.926990693247638e-06,0.0
rollmean2__peptide_mean__P02749,8.916252909823191e-06,0.0
lag1__peptide_mean__Q9NYU2,8.896292476431446e-06,0.0
delta1__protein_npx__P16070,8.894822218335158e-06,0.0
lag1__peptide_mean__P02452,8.893413136382683e-06,0.0
slope1__protein_npx__P05155,8.875334697075513e-06,0.0
lag1__peptide_std__P02787,8.871870222320096e-06,0.0
lag1__peptide_log__AATGEC(UniMod_4)TATVGKR,8.843775322497324e-06,0.0
slope1__peptide_std__P13987,8.838975004774343e-06,0.0
peptide_mean__P08294,8.819827669228284e-06,0.0
slope1__protein_npx__P13473,8.806216937926519e-06,0.0
rollmean2__peptide_count__P00441,8.799852356246319e-06,0.0
rollmean2__peptide_mean__P43251,8.789790503926071e-06,0.0
lag1__peptide_count__Q14515,8.761817564021248e-06,0.0
lag1__peptide_std__Q12907,8.731419345410652e-06,0.0
lag1__peptide_std__P61769,8.715306608767e-06,0.0
peptide_mean__P01861,8.710926954723452e-06,0.0
delta1__peptide_std__P10909,8.66048210457218e-06,0.0
rollmean2__peptide_mean__P32754,8.655140359303233e-06,0.0
rollmean2__protein_npx__Q9UHG2,8.65243730075563e-06,0.0
lag1__protein_npx__P43251,8.624147085568457e-06,0.0
lag1__protein_npx__Q99435,8.621759766375228e-06,0.0
lag1__protein_npx__P06454,8.615440071239235e-06,0.0
lag1__protein_npx__P01591,8.58278591582024e-06,0.0
slope1__peptide_std__P19652,8.563499192116482e-06,0.0
slope1__peptide_count__P51884,8.543914815346669e-06,0.0
missing__protein_npx__P01780,8.535636208192128e-06,0.0
lag1__peptide_log__EDSLEAGLPLQVR,8.5339699300044e-06,0.0
missing__protein_npx__P40925,8.47134317394451e-06,0.0
delta1__peptide_std__P08493,8.465217978123415e-06,0.0
lag1__peptide_log__VQAAVGTSAAPVPSDNH,8.44803410128025e-06,0.0
slope1__peptide_mean__Q12841,8.433465124111273e-06,0.0
slope1__protein_npx__Q9UKV8,8.42456151224581e-06,0.0
delta1__protein_npx__P61916,8.39491377694892e-06,0.0
slope1__peptide_mean__P36222,8.381079323295402e-06,0.0
slope1__protein_npx__P04216,8.32455535899087e-06,0.0
rollmean2__peptide_count__O14773,8.320249970011683e-06,0.0
delta1__peptide_std__P02649,8.312789833169292e-06,0.0
peptide_mean__Q99435,8.31143559713348e-06,0.0
rollmean2__peptide_mean__P07339,8.306670937103738e-06,0.0
lag1__peptide_mean__P20774,8.236910455867003e-06,0.0
delta1__protein_npx__P01034,8.212498396500963e-06,0.0
lag1__protein_npx__O14498,8.205568548705496e-06,0.0
rollmean2__protein_feature_count,8.204725032738712e-06,0.0
rollmean2__protein_npx__P36955,8.194064494857395e-06,0.0
lag1__protein_npx__P02763,8.190267582752522e-06,0.0
rollmean2__peptide_log__AEAQEAEDQQAR,8.162065267001841e-06,0.0
lag1__protein_npx__P05408,8.153363367167865e-06,0.0
lag1__peptide_mean__P49908,8.143490296482672e-06,0.0
rollmean2__peptide_count__P41222,8.135150057278712e-06,0.0
rollmean2__peptide_count__P19652,8.128250665318169e-06,0.0
slope1__peptide_mean__Q8N2S1,8.089318826857034e-06,0.0
lag1__peptide_mean__P16152,8.079513150144898e-06,0.0
protein_npx__Q96BZ4,8.076525816115772e-06,0.0
rollmean2__peptide_count__P43652,8.060818379276632e-06,0.0
delta1__peptide_mean__Q9Y6R7,8.040594894730881e-06,0.0
rollmean2__peptide_count__O94919,8.004781101654392e-06,0.0
lag1__peptide_mean__P13671,7.980120771781735e-06,0.0
peptide_count__P07602,7.938955495327976e-06,0.0
rollmean2__protein_npx__P08571,7.938455484432963e-06,0.0
peptide_mean__Q8NBJ4,7.936907326913251e-06,0.0
slope1__protein_npx__P01877,7.92316148450136e-06,0.0
delta1__protein_npx__Q13283,7.893332739169866e-06,0.0
lag1__protein_missing_fraction,7.866847324000601e-06,0.0
peptide_mean__P07195,7.84691761143554e-06,0.0
lag1__protein_npx__P08123,7.823189064218057e-06,0.0
rollmean2__peptide_mean__Q7Z3B1,7.82225305134491e-06,0.0
delta1__peptide_log__FNKPFVFLM(UniMod_35)IEQNTK,7.815904601098214e-06,0.0
slope1__peptide_std__P24592,7.800224393848876e-06,0.0
lag1__peptide_mean__P02750,7.799131995078695e-06,0.0
slope1__peptide_mean__P01019,7.79237425359661e-06,0.0
slope1__protein_npx__P10643,7.784828965887713e-06,0.0
peptide_count__Q08380,7.774006099770652e-06,0.0
slope1__peptide_mean__P04217,7.771355064262125e-06,0.0
lag1__protein_npx__P55290,7.768794445140933e-06,0.0
rollmean2__peptide_mean__P16070,7.767904463176086e-06,0.0
lag1__peptide_mean__P01024,7.742983671146907e-06,0.0
rollmean2__peptide_count__P25311,7.739549354494156e-06,0.0
peptide_log__SEALAVDGAGKPGAEEAQDPEGK,7.724077788666882e-06,0.0
delta1__protein_npx__P04211,7.708226962047593e-06,0.0
slope1__protein_missing_fraction,7.70577797494734e-06,0.0
delta1__peptide_mean__P04075,7.696983069468578e-06,0.0
slope1__protein_npx__P36222,7.682967791304804e-06,0.0
rollmean2__protein_npx__P01833,7.674554844204391e-06,0.0
lag1__peptide_mean__P01861,7.66676282746814e-06,0.0
delta1__peptide_mean__P61626,7.647527241562619e-06,0.0
rollmean2__peptide_mean__O15394,7.646757434265935e-06,0.0
rollmean2__protein_npx__P01011,7.638800346423357e-06,0.0
slope1__protein_npx__Q8NE71,7.63674923223088e-06,0.0
lag1__protein_npx__Q9Y646,7.636380475163681e-06,0.0
peptide_mean__P16152,7.619917518647983e-06,0.0
delta1__peptide_mean__Q6UXB8,7.616350584196864e-06,0.0
lag1__peptide_log__YYWGGQYTWDMAK,7.6142585508305834e-06,0.0
slope1__protein_npx__P11142,7.609149267925085e-06,0.0
rollmean2__peptide_std__P54289,7.608899991238772e-06,0.0
slope1__peptide_log__C(UniMod_4)TSTGWIPAPR,7.604905626638992e-06,0.0
lag1__peptide_mean__Q9UNU6,7.599985261130739e-06,0.0
lag1__peptide_std__Q96PD5,7.595790950997399e-06,0.0
slope1__protein_npx__P24592,7.5713333548914085e-06,0.0
protein_npx__P00747,7.568467810906466e-06,0.0
slope1__peptide_mean__P00738,7.565968784212783e-06,0.0
delta1__protein_npx__Q16270,7.537864418441649e-06,0.0
delta1__peptide_log__KVEQAVETEPEPELR,7.537450511590886e-06,0.0
slope1__peptide_log__SELEEQLTPVAEETR,7.529700836064683e-06,0.0
peptide_count__P02763,7.521877064473745e-06,0.0
lag1__peptide_log__EILSVDC(UniMod_4)STNNPSQAK,7.521788768680024e-06,0.0
lag1__protein_npx__Q99683,7.519854445276669e-06,0.0
lag1__peptide_std__P08493,7.494028503522265e-06,0.0
slope1__peptide_mean__Q99969,7.490255523298496e-06,0.0
delta1__peptide_mean__P06727,7.464200906982881e-06,0.0
rollmean2__peptide_count__P02675,7.458903289666864e-06,0.0
delta1__peptide_mean__P06681,7.448385796445266e-06,0.0
lag1__peptide_mean__P01857,7.437395258086105e-06,0.0
rollmean2__protein_npx__Q16270,7.431292248543187e-06,0.0
slope1__protein_npx__O43505,7.4304855884857455e-06,0.0
slope1__protein_npx__P16152,7.41518299437197e-06,0.0
lag1__peptide_std__Q92520,7.410819471089633e-06,0.0
peptide_std__P14314,7.406240668092122e-06,0.0
delta1__protein_npx__P01023,7.405738309165196e-06,0.0
slope1__protein_npx__P06681,7.404388276535467e-06,0.0
slope1__peptide_log__LQAEAFQAR,7.4016182605807895e-06,0.0
slope1__peptide_count__P05067,7.391699207711808e-06,0.0
lag1__peptide_mean__Q8NE71,7.349141273805481e-06,0.0
peptide_count__P02774,7.349096910009205e-06,0.0
lag1__peptide_log__TDASDVKPC(UniMod_4),7.347224580861199e-06,0.0
slope1__peptide_mean__O60888,7.343069276030224e-06,0.0
slope1__peptide_mean__P01877,7.341468537906131e-06,0.0
rollmean2__protein_npx__P02787,7.325333588637818e-06,0.0
delta1__peptide_mean__Q02818,7.3151099466625804e-06,0.0
peptide_mean__O14498,7.277375232599562e-06,0.0
delta1__peptide_std__P14618,7.271969423698572e-06,0.0
slope1__peptide_std__P54289,7.2700154532133175e-06,0.0
slope1__peptide_mean__P40925,7.262793849442718e-06,0.0
rollmean2__protein_npx__Q9UBR2,7.243656927065863e-06,0.0
slope1__peptide_log__KQELSEAEQATR,7.213879051483368e-06,0.0
delta1__peptide_log__LGPLVEQGR,7.197496515353053e-06,0.0
delta1__protein_npx__Q9Y646,7.17617188853182e-06,0.0
peptide_mean__O60888,7.146512624964066e-06,0.0
slope1__protein_npx__P98160,7.1378902699853315e-06,0.0
delta1__protein_npx__Q562R1,7.125561631075483e-06,0.0
rollmean2__protein_npx__Q9UKV8,7.120960857712513e-06,0.0
delta1__peptide_mean__P07333,7.1007113007674215e-06,0.0
protein_npx__Q02818,7.083450792938138e-06,0.0
lag1__peptide_mean__Q99435,7.082252729643813e-06,0.0
peptide_count__P01011,7.079648798451407e-06,0.0
peptide_count__P00738,7.058518999164238e-06,0.0
rollmean2__protein_npx__P05090,7.04968454549811e-06,0.0
lag1__protein_npx__P17936,7.0488334638016296e-06,0.0
lag1__peptide_log__AKLEEQAQQIR,7.047050285699743e-06,0.0
delta1__peptide_log__C(UniMod_4)IIEVLSNALSK,7.020007802298044e-06,0.0
lag1__protein_npx__P07339,7.018285711867782e-06,0.0
lag1__peptide_count__P02768,7.0172668002502715e-06,0.0
lag1__peptide_mean__Q99674,6.996908551761345e-06,0.0
missing__peptide_mean__Q13740,6.981310206361705e-06,0.0
rollmean2__peptide_count__P01011,6.973872757048575e-06,0.0
lag1__peptide_log__VLLDQLR,6.973727242794612e-06,0.0
slope1__peptide_mean__P19823,6.958494289860779e-06,0.0
rollmean2__protein_npx__P02649,6.957745757101626e-06,0.0
delta1__peptide_mean__Q7Z3B1,6.956280730954983e-06,0.0
delta1__peptide_std__P04196,6.920801120614292e-06,0.0
delta1__peptide_log__VMPIC(UniMod_4)LPSKDYAEVGR,6.9056454679694515e-06,0.0
delta1__peptide_mean__P18065,6.902380360137972e-06,0.0
delta1__peptide_count__P23142,6.882641269715698e-06,0.0
lag1__peptide_count__P01023,6.87908424320676e-06,0.0
delta1__protein_npx__P09871,6.862385169321023e-06,0.0
rollmean2__peptide_mean__O60888,6.85642283434567e-06,0.0
delta1__peptide_std__P01023,6.844660682930564e-06,0.0
lag1__peptide_mean__P01023,6.8129982689955245e-06,0.0
lag1__peptide_mean__P01011,6.808408701505836e-06,0.0
lag1__peptide_count__P43652,6.805151005481867e-06,0.0
delta1__peptide_std__P01857,6.7950224273359454e-06,0.0
slope1__peptide_mean__P05090,6.783533366400755e-06,0.0
slope1__peptide_mean__O75144,6.783295985930102e-06,0.0
missing__peptide_log__AEAQEAEDQQAR,6.772283044606555e-06,0.0
rollmean2__peptide_count__P01859,6.753358080011943e-06,0.0
slope1__protein_npx__O75326,6.75237781580558e-06,0.0
lag1__peptide_mean__P00734,6.744823904988902e-06,0.0
delta1__peptide_log__QIGSVYR,6.743413741199535e-06,0.0
delta1__protein_npx__P54289,6.733397173545722e-06,0.0
delta1__peptide_mean__P02750,6.7314934704967315e-06,0.0
protein_npx__P39060,6.699892880150423e-06,0.0
delta1__protein_npx__P80748,6.68549690919281e-06,0.0
slope1__protein_npx__P02647,6.676445459262282e-06,0.0
slope1__protein_npx__Q99969,6.674385384915596e-06,0.0
lag1__peptide_std__P43652,6.664201705525075e-06,0.0
protein_npx__P18065,6.661687376286642e-06,0.0
delta1__protein_npx__P13473,6.66131979091621e-06,0.0
slope1__peptide_count__Q06481,6.65964205574442e-06,0.0
lag1__peptide_std__Q9NQ79,6.6441899191481395e-06,0.0
protein_npx__O14498,6.637264691708374e-06,0.0
delta1__peptide_mean__P07195,6.634593318117158e-06,0.0
protein_npx__Q9BY67,6.611296834487756e-06,0.0
lag1__protein_npx__P01833,6.602950590392053e-06,0.0
rollmean2__peptide_count__P10909,6.5648125898722526e-06,0.0
slope1__peptide_log__LSNENHGIAQR,6.533531471662031e-06,0.0
lag1__peptide_mean__P16035,6.499259131704378e-06,0.0
rollmean2__peptide_mean__O14498,6.483408650434636e-06,0.0
missing__protein_npx__Q9Y646,6.470388037598605e-06,0.0
slope1__protein_npx__P08603,6.44420299509336e-06,0.0
delta1__peptide_mean__P43251,6.4396343009557645e-06,0.0
lag1__protein_npx__P04216,6.435845215539582e-06,0.0
delta1__protein_npx__P02790,6.434387627844183e-06,0.0
peptide_count__P02765,6.405797519779918e-06,0.0
lag1__peptide_mean__P01031,6.3924953371287606e-06,0.0
slope1__peptide_log__HYDGSYSTFGER,6.385577895089842e-06,0.0
rollmean2__protein_npx__Q7Z3B1,6.380545511543136e-06,0.0
slope1__peptide_std__P09486,6.356054086910646e-06,0.0
protein_npx__P07195,6.35555749934711e-06,0.0
peptide_count__P00441,6.351596256664422e-06,0.0
lag1__protein_npx__P13591,6.3305618176450205e-06,0.0
delta1__peptide_mean__O14791,6.316272954679165e-06,0.0
slope1__peptide_mean__Q96S96,6.310532065972981e-06,0.0
delta1__peptide_log__AYQGVAAPFPK,6.295152659230364e-06,0.0
missing__peptide_log__TQVNTQAEQLRR,6.289112702464105e-06,0.0
delta1__peptide_count__Q12805,6.2870494349300655e-06,0.0
slope1__peptide_log__LSSWVLLM(UniMod_35)K,6.2864578207969536e-06,0.0
slope1__peptide_log__FLATTPNSLLVSWQPPR,6.2564938640381715e-06,0.0
rollmean2__protein_npx__P07602,6.253522927514106e-06,0.0
lag1__peptide_std__P00738,6.2474886009602195e-06,0.0
rollmean2__peptide_count__P04004,6.246865173582631e-06,0.0
slope1__peptide_std__Q16270,6.243070131352942e-06,0.0
lag1__peptide_log__GEVQAMLGQSTEELR,6.213212781998228e-06,0.0
delta1__protein_npx__P00450,6.2115746693435535e-06,0.0
delta1__peptide_std__P05452,6.207070526499787e-06,0.0
slope1__peptide_mean__P04216,6.1790611322816544e-06,0.0
slope1__peptide_mean__P49908,6.159959118406535e-06,0.0
rollmean2__peptide_count__P02765,6.152931608388704e-06,0.0
delta1__peptide_mean__P40925,6.150483157582469e-06,0.0
delta1__peptide_log__NFPPSQDASGDLYTTSSQLTLPATQC(UniMod_4)LAGK,6.133224617288493e-06,0.0
delta1__peptide_mean__Q9UBR2,6.119197619770047e-06,0.0
delta1__peptide_mean__P01008,6.114702825118117e-06,0.0
rollmean2__peptide_mean__Q96BZ4,6.091310619988209e-06,0.0
peptide_mean__P08603,6.088449722084497e-06,0.0
missing__peptide_log__VLLDQLR,6.082194388110838e-06,0.0
lag1__peptide_mean__Q96KN2,6.072075635719055e-06,0.0
rollmean2__peptide_mean__P02649,6.068872529209597e-06,0.0
slope1__protein_npx__P05067,6.056557269991615e-06,0.0
rollmean2__peptide_count__P05546,6.055651090689574e-06,0.0
slope1__peptide_std__P02774,6.040226500003235e-06,0.0
peptide_mean__P13987,6.034537101587541e-06,0.0
peptide_count__P61916,6.019073599578423e-06,0.0
rollmean2__protein_npx__Q9BY67,6.006314867136332e-06,0.0
slope1__peptide_count__P02765,5.994239498686123e-06,0.0
lag1__peptide_std__P06681,5.990253214003396e-06,0.0
peptide_count__P01023,5.986288437898615e-06,0.0
delta1__peptide_mean__P08571,5.985936480139781e-06,0.0
slope1__protein_npx__P00450,5.956975606007217e-06,0.0
lag1__protein_npx__Q12907,5.9541376010322175e-06,0.0
peptide_mean__P02452,5.9419395334096226e-06,0.0
rollmean2__peptide_count__O15394,5.934317594081207e-06,0.0
delta1__protein_npx__P13671,5.918589661614473e-06,0.0
missing__peptide_count__P09104,5.906053793004678e-06,0.0
delta1__protein_npx__P02656,5.8919872438799614e-06,0.0
delta1__peptide_mean__P02649,5.885751955043135e-06,0.0
peptide_log__HYDGSYSTFGER,5.882110455150636e-06,0.0
lag1__peptide_count__P02751,5.878803912098366e-06,0.0
rollmean2__protein_npx__P05452,5.873447248849423e-06,0.0
lag1__peptide_log__ANRPFLVFIR,5.8642868202605464e-06,0.0
missing__peptide_count__O00391,5.853145481587291e-06,0.0
delta1__protein_npx__P00734,5.843826765399719e-06,0.0
lag1__peptide_mean__P55290,5.840294552608226e-06,0.0
lag1__protein_npx__P01011,5.830246884137384e-06,0.0
slope1__peptide_log__VMPIC(UniMod_4)LPSKDYAEVGR,5.809510127715704e-06,0.0
slope1__peptide_mean__P16035,5.784564330644658e-06,0.0
rollmean2__protein_npx__P14618,5.757974109679592e-06,0.0
delta1__peptide_log__HYEGSTVPEK,5.736548631108444e-06,0.0
lag1__protein_npx__P01009,5.726482105213155e-06,0.0
lag1__peptide_mean__P04406,5.7173153443666425e-06,0.0
missing__protein_npx__Q9NYU2,5.7129499174895695e-06,0.0
slope1__peptide_mean__P02792,5.707578042221258e-06,0.0
peptide_count__P14314,5.695484793878536e-06,0.0
missing__protein_npx__P02655,5.668542062665016e-06,0.0
delta1__peptide_mean__P23083,5.6642919631400974e-06,0.0
lag1__protein_npx__P08493,5.654728367407731e-06,0.0
rollmean2__peptide_mean__O14791,5.639210375145875e-06,0.0
missing__peptide_mean__P01591,5.636457221030465e-06,0.0
peptide_count__P02649,5.6204712546737486e-06,0.0
protein_npx__P23142,5.59754639289971e-06,0.0
rollmean2__peptide_mean__P02747,5.592477682073586e-06,0.0
slope1__peptide_mean__P02655,5.58689778774338e-06,0.0
missing__protein_npx__O00391,5.580077124559672e-06,0.0
slope1__peptide_log__LGADMEDVC(UniMod_4)GR,5.5749299788335176e-06,0.0
slope1__peptide_mean__P25311,5.541253450790575e-06,0.0
peptide_mean__Q02818,5.528635391751048e-06,0.0
protein_npx__Q13740,5.51229452292818e-06,0.0
lag1__protein_npx__P02655,5.501339649314619e-06,0.0
slope1__protein_npx__P02787,5.47025433958622e-06,0.0
lag1__protein_npx__P49588,5.439863507067945e-06,0.0
peptide_mean__P32754,5.426504151488477e-06,0.0
missing__peptide_count__Q13449,5.4114612358762385e-06,0.0
lag1__protein_npx__P01019,5.4031940324668775e-06,0.0
slope1__protein_npx__P04196,5.399239235879235e-06,0.0
protein_npx__P35542,5.383480681202676e-06,0.0
slope1__peptide_mean__P55290,5.363062113132053e-06,0.0
lag1__peptide_log__FNKPFVFLM(UniMod_35)IEQNTK,5.36161033019694e-06,0.0
delta1__peptide_mean__P01780,5.360648728074513e-06,0.0
lag1__peptide_mean__P04211,5.348666834371874e-06,0.0
protein_npx__Q9UBR2,5.334549594402786e-06,0.0
delta1__protein_npx__P05155,5.313258760624093e-06,0.0
delta1__protein_npx__P08571,5.286194692657252e-06,0.0
slope1__peptide_log__VDNALQSGNSQESVTEQDSKDSTYSLSSTLTLSK,5.268956156211833e-06,0.0
rollmean2__peptide_mean__Q6UX71,5.263299323428539e-06,0.0
lag1__peptide_mean__P06310,5.258507724519344e-06,0.0
lag1__peptide_mean__Q13332,5.24228082727782e-06,0.0
lag1__peptide_mean__Q13740,5.238392959727618e-06,0.0
slope1__protein_npx__P07602,5.217156148515182e-06,0.0
lag1__protein_npx__P41222,5.206593626701707e-06,0.0
peptide_count__P02675,5.197539525180153e-06,0.0
delta1__peptide_mean__O00584,5.187519848463842e-06,0.0
slope1__peptide_std__Q12805,5.1765440808042876e-06,0.0
delta1__peptide_mean__P51884,5.1682856487028575e-06,0.0
delta1__peptide_log__GC(UniMod_4)PTEEGC(UniMod_4)GER,5.157421514851896e-06,0.0
rollmean2__peptide_count__P55290,5.155986512883688e-06,0.0
rollmean2__peptide_mean__P20774,5.153071223713454e-06,0.0
slope1__peptide_mean__P01857,5.150330622876399e-06,0.0
missing__peptide_log__HYEGSTVPEK,5.145707343424539e-06,0.0
delta1__peptide_mean__P02679,5.123596068396551e-06,0.0
missing__peptide_log__C(UniMod_4)DSSPDSAEDVRK,5.094810997356608e-06,0.0
slope1__peptide_mean__P00748,5.087568701383258e-06,0.0
lag1__peptide_log__RTPITVVK,5.0865249159339955e-06,0.0
delta1__peptide_mean__Q9Y646,5.085409195816156e-06,0.0
rollmean2__peptide_mean__Q02818,5.080739030029453e-06,0.0
lag1__peptide_log__LPPTSAHGNVAEGETKPDPDVTER,5.068303081101169e-06,0.0
slope1__peptide_std__P55290,5.067383012894736e-06,0.0
lag1__peptide_mean__Q14118,5.066532517644386e-06,0.0
rollmean2__peptide_mean__P14174,5.064366156814682e-06,0.0
delta1__protein_npx__P01344,5.062135835251572e-06,0.0
rollmean2__protein_npx__P09871,5.047910738322679e-06,0.0
delta1__peptide_std__P00748,5.0418958901827025e-06,0.0
missing__peptide_count__P13671,5.039476660472237e-06,0.0
lag1__peptide_log__DSGEGDFLAEGGGVR,5.031474594448658e-06,0.0
rollmean2__peptide_count__P30086,4.980621522802944e-06,0.0
protein_feature_count,4.9741288903306265e-06,0.0
missing__peptide_mean__Q99832,4.966432435584218e-06,0.0
delta1__protein_npx__P04217,4.964021731981253e-06,0.0
rollmean2__peptide_count__P18065,4.959718444695842e-06,0.0
protein_npx__P04216,4.956619001281437e-06,0.0
slope1__peptide_std__P05067,4.951021434383385e-06,0.0
delta1__protein_npx__O14773,4.9422835272411445e-06,0.0
delta1__peptide_mean__P02763,4.926095667171283e-06,0.0
lag1__protein_npx__Q13332,4.914787767265121e-06,0.0
delta1__peptide_mean__P17936,4.896091686042117e-06,0.0
lag1__peptide_count__P01859,4.878465918519983e-06,0.0
lag1__peptide_count__P00751,4.8644483412288246e-06,0.0
rollmean2__peptide_mean__Q92520,4.851208710870908e-06,0.0
rollmean2__peptide_mean__Q13449,4.848284258169384e-06,0.0
slope1__protein_npx__P40925,4.8266240014596355e-06,0.0
slope1__protein_npx__P49908,4.822410986139176e-06,0.0
rollmean2__protein_npx__P54289,4.818766467494991e-06,0.0
lag1__peptide_std__P04075,4.803989170621843e-06,0.0
peptide_log__SNSSM(UniMod_35)HITDC(UniMod_4)R,4.796884278232869e-06,0.0
lag1__protein_npx__P01861,4.7920836167060885e-06,0.0
delta1__peptide_std__P02679,4.782809069494391e-06,0.0
lag1__peptide_count__P04004,4.77051474737783e-06,0.0
rollmean2__peptide_count__Q9NQ79,4.75118411365851e-06,0.0
lag1__peptide_count__Q92520,4.750100623355911e-06,0.0
slope1__peptide_log__SC(UniMod_4)SPELQQK,4.7401149891305115e-06,0.0
slope1__protein_npx__P04180,4.73142561664912e-06,0.0
rollmean2__peptide_count__P07225,4.690765775131401e-06,0.0
rollmean2__peptide_mean__Q8NE71,4.68777396107196e-06,0.0
peptide_mean__P19021,4.677324352981645e-06,0.0
lag1__protein_npx__O60888,4.6639303971724716e-06,0.0
slope1__peptide_std__Q9UBX5,4.64553279974717e-06,0.0
lag1__protein_npx__Q99674,4.625844583165628e-06,0.0
rollmean2__peptide_log__QWAGLVEK,4.621840066078902e-06,0.0
missing__protein_npx__P19827,4.621193918941495e-06,0.0
rollmean2__peptide_log__HYDGSYSTFGER,4.594194632976428e-06,0.0
protein_npx__P01019,4.590667126253124e-06,0.0
lag1__peptide_std__P02750,4.5864078029088434e-06,0.0
slope1__protein_npx__Q96BZ4,4.579484668865917e-06,0.0
peptide_mean__P14174,4.565032730193348e-06,0.0
delta1__protein_npx__P04075,4.565027473283721e-06,0.0
protein_npx__O00533,4.551127997608715e-06,0.0
delta1__peptide_mean__P00736,4.544418351516387e-06,0.0
missing__peptide_std__Q9NQ79,4.524373078216688e-06,0.0
delta1__peptide_count__O15240,4.502894988363878e-06,0.0
slope1__protein_npx__P13521,4.4838350091521335e-06,0.0
peptide_feature_count,4.482816099024989e-06,0.0
lag1__peptide_log__SLAAAAGKQELAK,4.4816517846027e-06,0.0
lag1__peptide_mean__P02787,4.480442387287095e-06,0.0
delta1__peptide_log__LEGQEEEEDNRDSSMK,4.469266346594298e-06,0.0
lag1__peptide_mean__P04216,4.469094882654697e-06,0.0
slope1__peptide_log__VTSIQDWVQK,4.426043143028358e-06,0.0
lag1__peptide_std__Q14118,4.411963298587564e-06,0.0
peptide_mean__Q08380,4.397952739584788e-06,0.0
missing__peptide_mean__P32754,4.37876289480577e-06,0.0
slope1__peptide_log__ATVNPSAPR,4.3765944344438695e-06,0.0
lag1__protein_npx__P09486,4.355099928640061e-06,0.0
lag1__protein_npx__P08294,4.352912533973983e-06,0.0
rollmean2__peptide_mean__P13473,4.346166590878062e-06,0.0
delta1__peptide_std__P02763,4.340004949423563e-06,0.0
protein_npx__O43505,4.324370805321148e-06,0.0
protein_npx__O14791,4.313149142925936e-06,0.0
lag1__protein_npx__P02765,4.311582573746188e-06,0.0
delta1__protein_npx__P01608,4.310210956794993e-06,0.0
lag1__peptide_count__Q9Y6R7,4.298690402262544e-06,0.0
delta1__peptide_std__P43121,4.297163182751316e-06,0.0
peptide_count__Q14624,4.295401701202572e-06,0.0
slope1__peptide_mean__P07858,4.2855308505193944e-06,0.0
slope1__protein_npx__P04156,4.27842414486372e-06,0.0
lag1__peptide_log__SPVGVQPILNEHTFC(UniMod_4)AGMSK,4.2684583546762595e-06,0.0
slope1__peptide_std__P01008,4.266094858453477e-06,0.0
lag1__peptide_mean__P05090,4.264546092712063e-06,0.0
slope1__peptide_std__P02675,4.254059726677866e-06,0.0
missing__peptide_mean__P08637,4.228509451687161e-06,0.0
lag1__peptide_mean__P08697,4.208430391003081e-06,0.0
peptide_log__ILLQGTPVAQMTEDAVDAER,4.2056555914020744e-06,0.0
rollmean2__peptide_mean__Q9Y646,4.204029814555392e-06,0.0
delta1__peptide_mean__P00747,4.201821833283647e-06,0.0
peptide_count__P27169,4.182861712977358e-06,0.0
delta1__protein_npx__P02747,4.180418157577647e-06,0.0
delta1__protein_npx__Q9NQ79,4.180334784427249e-06,0.0
lag1__peptide_log__C(UniMod_4)KPVNTFVHEPLVDVQNVC(UniMod_4)FQEK,4.178177478521474e-06,0.0
peptide_mean__Q9UBR2,4.175918495265636e-06,0.0
delta1__peptide_std__Q92823,4.175158234212658e-06,0.0
missing__protein_npx__P01608,4.155433587744682e-06,0.0
slope1__peptide_mean__Q9HDC9,4.1544903775404425e-06,0.0
lag1__peptide_mean__P54289,4.152917946864219e-06,0.0
delta1__peptide_mean__P07602,4.140962306517987e-06,0.0
rollmean2__protein_npx__Q12805,4.134373918803854e-06,0.0
slope1__protein_npx__Q13740,4.123648052283286e-06,0.0
delta1__peptide_mean__P08253,4.117665737996244e-06,0.0
rollmean2__peptide_count__P02652,4.110824177734828e-06,0.0
delta1__protein_npx__P61769,4.103550166327625e-06,0.0
delta1__peptide_mean__P05067,4.089409039930203e-06,0.0
slope1__peptide_mean__Q12907,4.089312660727417e-06,0.0
missing__peptide_std__P98160,4.0855875179821904e-06,0.0
rollmean2__peptide_mean__P09486,4.084951129332649e-06,0.0
lag1__peptide_mean__Q92876,4.046032426529966e-06,0.0
slope1__peptide_mean__P05408,4.043232734288007e-06,0.0
rollmean2__peptide_mean__Q562R1,4.025613710712107e-06,0.0
slope1__protein_npx__P43251,4.016336009374722e-06,0.0
rollmean2__peptide_mean__Q9UBR2,4.012068100426021e-06,0.0
delta1__current_updrs_4,4.009258356954063e-06,0.0
lag1__protein_npx__P02452,4.006897952726837e-06,0.0
peptide_mean__P13591,4.006038362946633e-06,0.0
missing__peptide_log__TEGDGVYTLNNEK,4.002923560613091e-06,0.0
slope1__peptide_mean__Q9BY67,3.999826527612189e-06,0.0
delta1__peptide_std__Q9UBX5,3.963022198403533e-06,0.0
delta1__peptide_mean__P04211,3.942568010900648e-06,0.0
peptide_count__P01042,3.941396555025153e-06,0.0
slope1__peptide_count__P02774,3.9265676883394e-06,0.0
lag1__peptide_mean__P43251,3.922896923637626e-06,0.0
lag1__peptide_mean__Q9HDC9,3.922634609004939e-06,0.0
lag1__peptide_mean__P05452,3.914462070035072e-06,0.0
slope1__protein_npx__Q9UHG2,3.900083233346526e-06,0.0
lag1__peptide_mean__P07195,3.890017281515367e-06,0.0
delta1__peptide_mean__P13521,3.86718495160767e-06,0.0
missing__protein_npx__Q9UNU6,3.853217917820815e-06,0.0
lag1__peptide_log__ELSSFIDKGQELC(UniMod_4)ADYSENTFTEYK,3.83589406242584e-06,0.0
peptide_count__P01019,3.83586893372199e-06,0.0
delta1__protein_npx__P08697,3.830113342798285e-06,0.0
delta1__protein_npx__P00747,3.829092679001866e-06,0.0
peptide_count__P04196,3.828733599151322e-06,0.0
delta1__peptide_count__P02751,3.822086656661329e-06,0.0
delta1__protein_npx__P13611,3.7974708942136316e-06,0.0
lag1__peptide_std__P04217,3.7598708786688077e-06,0.0
lag1__peptide_std__P14618,3.743378338689595e-06,0.0
protein_npx__Q99832,3.7317445656806447e-06,0.0
slope1__peptide_mean__P08123,3.7276634976026325e-06,0.0
peptide_count__P02656,3.7213682035484327e-06,0.0
rollmean2__peptide_mean__P04216,3.703713228513286e-06,0.0
delta1__protein_npx__P08637,3.6854163024400526e-06,0.0
protein_npx__Q562R1,3.681308055568026e-06,0.0
peptide_count__P61769,3.6789871602223596e-06,0.0
peptide_mean__P02749,3.6386233024347738e-06,0.0
missing__protein_npx__P11142,3.637024744846314e-06,0.0
missing__peptide_std__P13611,3.620444445703216e-06,0.0
rollmean2__peptide_mean__Q15904,3.6107796391400727e-06,0.0
lag1__peptide_count__P30086,3.607470090897907e-06,0.0
delta1__protein_npx__P01594,3.600771869628022e-06,0.0
rollmean2__protein_npx__Q13449,3.6005734951637327e-06,0.0
missing__peptide_log__LFDSDPITVTVPVEVSR,3.5875356843102417e-06,0.0
slope1__peptide_mean__P01859,3.572922720859186e-06,0.0
delta1__protein_npx__P10909,3.568056430510744e-06,0.0
peptide_mean__P13611,3.559064082364685e-06,0.0
peptide_count__Q14515,3.557677896933715e-06,0.0
slope1__peptide_count__P02749,3.5541216556440795e-06,0.0
slope1__peptide_mean__Q14118,3.5451424095988753e-06,0.0
protein_npx__P01877,3.5192827655228023e-06,0.0
lag1__peptide_mean__P02751,3.518419933441861e-06,0.0
protein_npx__P05060,3.5161375782683797e-06,0.0
lag1__peptide_log__C(UniMod_4)C(UniMod_4)VEC(UniMod_4)PPC(UniMod_4)PAPPVAGPSVFLFPPKPK,3.5123689977384833e-06,0.0
delta1__peptide_mean__P01861,3.4963748545965515e-06,0.0
lag1__peptide_std__O94919,3.493419814076378e-06,0.0
rollmean2__peptide_log__AYQGVAAPFPK,3.4826750935940063e-06,0.0
delta1__protein_npx__Q16610,3.4818970286550206e-06,0.0
slope1__peptide_mean__P01594,3.4532581460906847e-06,0.0
lag1__peptide_std__P04433,3.4517471196666165e-06,0.0
lag1__peptide_mean__Q7Z3B1,3.4454122993152003e-06,0.0
delta1__protein_npx__P02774,3.4337391076253313e-06,0.0
delta1__peptide_log__AEAQEAEDQQAR,3.431061834799592e-06,0.0
slope1__peptide_mean__P08571,3.4235132951269215e-06,0.0
missing__peptide_std__O15240,3.414694381970182e-06,0.0
lag1__peptide_count__P01024,3.4083905556469883e-06,0.0
slope1__peptide_std__P08697,3.4052825664315894e-06,0.0
slope1__protein_npx__Q15904,3.383769889670708e-06,0.0
lag1__protein_npx__P04196,3.381449665897849e-06,0.0
slope1__peptide_std__P05546,3.3667830540925212e-06,0.0
rollmean2__peptide_mean__P19827,3.3661123592589823e-06,0.0
rollmean2__peptide_count__P04180,3.359173779644867e-06,0.0
slope1__peptide_mean__P02749,3.3574857100097016e-06,0.0
missing__peptide_count__P32754,3.3475795147049313e-06,0.0
lag1__peptide_mean__P01877,3.3421399916961692e-06,0.0
delta1__protein_npx__Q15904,3.3411310133004017e-06,0.0
lag1__peptide_mean__Q6UX71,3.33211605693099e-06,0.0
missing__protein_npx__Q96BZ4,3.326618653385255e-06,0.0
peptide_count__P07711,3.320940769921385e-06,0.0
delta1__peptide_mean__P01024,3.312218204530533e-06,0.0
slope1__protein_npx__Q92520,3.2897582091163135e-06,0.0
slope1__peptide_mean__P05067,3.2811113008785406e-06,0.0
delta1__peptide_mean__P08697,3.280600199223683e-06,0.0
peptide_mean__P60174,3.280091744507183e-06,0.0
slope1__peptide_log__AYKSELEEQLTPVAEETR,3.2693089773247855e-06,0.0
delta1__protein_npx__O75326,3.2545663592482562e-06,0.0
delta1__peptide_mean__P04004,3.249302186942432e-06,0.0
rollmean2__protein_npx__Q99435,3.238110902752962e-06,0.0
slope1__protein_npx__Q9UBX5,3.2233164229944546e-06,0.0
missing__peptide_log__GC(UniMod_4)PTEEGC(UniMod_4)GER,3.217328933430116e-06,0.0
lag1__protein_npx__P02766,3.216725361210909e-06,0.0
slope1__protein_npx__P60174,3.216534624678529e-06,0.0
slope1__peptide_std__Q13740,3.2083666851730914e-06,0.0
delta1__peptide_mean__P35542,3.204668602057348e-06,0.0
slope1__peptide_count__O15240,3.1989328755894264e-06,0.0
rollmean2__peptide_count__Q14624,3.198416595477799e-06,0.0
slope1__protein_npx__P01019,3.184691580078135e-06,0.0
delta1__peptide_log__SGEATDGARPQALPEPMQESK,3.183678932087331e-06,0.0
delta1__peptide_std__P07711,3.1648951599284086e-06,0.0
rollmean2__peptide_log__MASGAANVVGPK,3.1425733110608776e-06,0.0
slope1__peptide_log__GSPAINVAVHVFRK,3.1337062512387943e-06,0.0
delta1__peptide_count__P08603,3.1294257662075545e-06,0.0
rollmean2__peptide_count__P61769,3.1180647416092714e-06,0.0
delta1__peptide_count__P30086,3.0773921044270983e-06,0.0
lag1__protein_npx__P01034,3.057285717930377e-06,0.0
lag1__protein_npx__P01780,3.0461699219519284e-06,0.0
rollmean2__peptide_count__P06681,3.039232440641096e-06,0.0
missing__peptide_count__P60174,3.032986764652228e-06,0.0
rollmean2__peptide_mean__P01621,3.010193632329951e-06,0.0
slope1__peptide_std__P02763,3.0020076151907586e-06,0.0
lag1__peptide_mean__P02774,2.9920031779518045e-06,0.0
rollmean2__protein_npx__P10645,2.9813667738914903e-06,0.0
slope1__protein_npx__P10645,2.9796483404147724e-06,0.0
slope1__protein_npx__P01591,2.9754883308421608e-06,0.0
lag1__protein_npx__P04004,2.965717350257196e-06,0.0
lag1__peptide_mean__P04196,2.96398550165175e-06,0.0
slope1__protein_feature_count,2.9560555222065085e-06,0.0
missing__peptide_std__P14314,2.939234277204525e-06,0.0
delta1__peptide_std__P02751,2.9350064835800623e-06,0.0
missing__peptide_std__P08493,2.898916085238459e-06,0.0
delta1__peptide_count__P01042,2.8878028434991704e-06,0.0
rollmean2__peptide_mean__P60174,2.8829086213398023e-06,0.0
delta1__peptide_mean__O14773,2.8632184898414235e-06,0.0
peptide_mean__P09486,2.8579619974780778e-06,0.0
slope1__peptide_count__P09871,2.8560283920848887e-06,0.0
slope1__peptide_mean__Q9Y646,2.853616688503939e-06,0.0
missing__peptide_mean__Q99969,2.8377405162722817e-06,0.0
slope1__peptide_mean__Q9NQ79,2.8350800050106315e-06,0.0
slope1__protein_npx__P09871,2.8346800437819455e-06,0.0
missing__peptide_mean__Q9HDC9,2.8285918939147096e-06,0.0
slope1__peptide_mean__P01023,2.817148256232586e-06,0.0
rollmean2__peptide_mean__P16035,2.815077628876649e-06,0.0
slope1__protein_npx__P17174,2.80913077256428e-06,0.0
slope1__peptide_count__P00450,2.794585471620486e-06,0.0
slope1__protein_npx__P14314,2.7916681030590517e-06,0.0
delta1__protein_npx__Q9UNU6,2.7907092413734176e-06,0.0
slope1__peptide_mean__P08493,2.784251114363054e-06,0.0
peptide_count__P06681,2.780077773753832e-06,0.0
delta1__protein_npx__Q99674,2.7783276939947027e-06,0.0
rollmean2__peptide_count__P09871,2.777944882830511e-06,0.0
delta1__protein_npx__P00441,2.758228295031131e-06,0.0
delta1__peptide_mean__P02792,2.74953576983544e-06,0.0
lag1__peptide_mean__Q12805,2.7455949156501523e-06,0.0
lag1__protein_npx__Q6UXD5,2.7310173168646723e-06,0.0
lag1__protein_npx__Q8NBJ4,2.726865011065055e-06,0.0
slope1__peptide_mean__P35542,2.7240073042200133e-06,0.0
slope1__peptide_std__P04217,2.7174456772179683e-06,0.0
peptide_missing_fraction,2.7169872854954392e-06,0.0
delta1__peptide_log__TVVQPSVGAAAGPVVPPC(UniMod_4)PGR,2.70796197537883e-06,0.0
slope1__protein_npx__P00441,2.705410712667005e-06,0.0
slope1__protein_npx__Q96KN2,2.702779713842629e-06,0.0
delta1__peptide_std__P02766,2.682759820853042e-06,0.0
rollmean2__peptide_count__P02768,2.6747327677977114e-06,0.0
lag1__peptide_log__ELDESLQVAER,2.6659917434132227e-06,0.0
delta1__peptide_count__P01009,2.6609607933987878e-06,0.0
rollmean2__peptide_mean__P49588,2.6474261563805633e-06,0.0
slope1__peptide_mean__P32754,2.6393142591485984e-06,0.0
lag1__peptide_mean__P35542,2.6291504155234735e-06,0.0
slope1__protein_npx__P00738,2.612864970981557e-06,0.0
rollmean2__protein_npx__P49588,2.6109938671418737e-06,0.0
delta1__peptide_mean__P54289,2.600322692000075e-06,0.0
lag1__protein_npx__Q08380,2.599470546062995e-06,0.0
lag1__peptide_std__Q14515,2.5892329544957676e-06,0.0
lag1__peptide_missing_fraction,2.5839189285459318e-06,0.0
protein_npx__Q92823,2.5774562976589815e-06,0.0
lag1__protein_npx__P19827,2.5743825219652185e-06,0.0
lag1__protein_npx__Q7Z3B1,2.5696999417386172e-06,0.0
rollmean2__peptide_count__Q6UXB8,2.5663589511923078e-06,0.0
rollmean2__peptide_mean__P55290,2.562947144626974e-06,0.0
delta1__peptide_log__C(UniMod_4)VDVDEC(UniMod_4)APPAEPC(UniMod_4)GK,2.5615425738270554e-06,0.0
delta1__peptide_log__IMNGEADAMSLDGGFVYIAGK,2.5579584893538162e-06,0.0
lag1__peptide_mean__P01717,2.54118057451308e-06,0.0
peptide_mean__P00746,2.536383539448882e-06,0.0
missing__protein_npx__P60174,2.5344584996209734e-06,0.0
delta1__protein_npx__Q14118,2.5324451792534625e-06,0.0
slope1__peptide_std__P30086,2.527176072234029e-06,0.0
slope1__peptide_log__LDEVKEQVAEVR,2.5164572452792746e-06,0.0
delta1__peptide_mean__P98160,2.5163918793228704e-06,0.0
lag1__peptide_mean__Q14508,2.507727681863396e-06,0.0
delta1__protein_npx__P01019,2.5060318130965134e-06,0.0
lag1__peptide_mean__P01591,2.5023009091416853e-06,0.0
delta1__has_previous_visit,2.4939574883218015e-06,0.0
slope1__peptide_mean__Q16610,2.4936423864324306e-06,0.0
missing__protein_npx__O75326,2.4899686284375315e-06,0.0
delta1__protein_npx__P08603,2.4823985404703133e-06,0.0
delta1__peptide_mean__Q99435,2.4823726756013157e-06,0.0
slope1__peptide_mean__P04156,2.4772677887117144e-06,0.0
delta1__protein_npx__P43251,2.4667412058216147e-06,0.0
rollmean2__protein_npx__P23142,2.445992200060484e-06,0.0
lag1__protein_npx__P49908,2.4455873058385647e-06,0.0
slope1__peptide_mean__P06396,2.4445093010338176e-06,0.0
lag1__protein_npx__P07195,2.4325438528191726e-06,0.0
slope1__peptide_std__Q14515,2.430885474324053e-06,0.0
slope1__peptide_mean__P04180,2.416340498065273e-06,0.0
lag1__protein_npx__P07602,2.4010973038746355e-06,0.0
delta1__protein_npx__P13987,2.3815309373064073e-06,0.0
delta1__peptide_log__ILTC(UniMod_4)M(UniMod_35)QGMEEIR,2.3744406130317785e-06,0.0
slope1__peptide_count__Q16610,2.3526338059877673e-06,0.0
protein_npx__P07333,2.352603744962294e-06,0.0
lag1__peptide_std__P06727,2.331300665157517e-06,0.0
protein_npx__P10643,2.323371827632603e-06,0.0
rollmean2__peptide_mean__O43505,2.3227630502947645e-06,0.0
slope1__protein_npx__P01594,2.3209298458153686e-06,0.0
delta1__protein_npx__Q6UXD5,2.31923819557592e-06,0.0
lag1__protein_npx__Q13740,2.3163217918470936e-06,0.0
delta1__peptide_mean__P01034,2.3109020662787584e-06,0.0
rollmean2__protein_npx__P02792,2.306141883154526e-06,0.0
slope1__peptide_mean__Q9NYU2,2.301350608203968e-06,0.0
lag1__peptide_log__VTSIQDWVQK,2.3000194804562805e-06,0.0
lag1__peptide_std__P23142,2.279600293551013e-06,0.0
protein_npx__Q12805,2.2756684639069827e-06,0.0
slope1__peptide_std__P01876,2.2613973239090465e-06,0.0
missing__peptide_mean__Q9UNU6,2.2561235176919556e-06,0.0
protein_npx__P36955,2.2335996900843306e-06,0.0
rollmean2__peptide_count__P02790,2.2249782436772658e-06,0.0
delta1__protein_npx__P27169,2.2121652337532865e-06,0.0
slope1__protein_npx__P09486,2.2011385453501583e-06,0.0
delta1__protein_npx__P14174,2.1919598606934625e-06,0.0
lag1__peptide_log__VDNALQSGNSQESVTEQDSKDSTYSLSSTLTLSK,2.1911471674874986e-06,0.0
rollmean2__peptide_mean__Q13332,2.1862309106547556e-06,0.0
slope1__peptide_log__KAADDTWEPFASGK,2.184036443578369e-06,0.0
lag1__peptide_mean__O00391,2.17338306913827e-06,0.0
missing__peptide_mean__P01833,2.1688708773100956e-06,0.0
lag1__peptide_std__P13987,2.158195383740343e-06,0.0
rollmean2__peptide_count__P00748,2.1490387279453176e-06,0.0
delta1__protein_npx__Q6UX71,2.1481780902640184e-06,0.0
delta1__protein_npx__P07333,2.145993560818159e-06,0.0
slope1__peptide_mean__P07333,2.132674521013831e-06,0.0
missing__peptide_mean__P01861,2.118085370229678e-06,0.0
lag1__protein_npx__P02790,2.116281099745761e-06,0.0
missing__peptide_log__LGPLVEQGRVR,2.1151892563139588e-06,0.0
delta1__peptide_log__C(UniMod_4)REILSVDC(UniMod_4)STNNPSQAK,2.0976960643802576e-06,0.0
slope1__peptide_mean__P19652,2.0909781640288774e-06,0.0
lag1__protein_npx__Q9HDC9,2.0858888828600158e-06,0.0
delta1__protein_npx__P01033,2.076741657153236e-06,0.0
delta1__peptide_feature_count,2.064342621753919e-06,0.0
peptide_count__P18065,2.063410524532806e-06,0.0
protein_npx__P01861,2.057022974902457e-06,0.0
lag1__peptide_mean__P02766,2.056519890925235e-06,0.0
slope1__peptide_log__VKDLATVYVDVLK,2.0549829333619686e-06,0.0
delta1__protein_npx__O15240,2.0489261332223997e-06,0.0
slope1__peptide_count__P43652,2.037253427596055e-06,0.0
lag1__protein_npx__O75326,2.0351742330173337e-06,0.0
lag1__protein_npx__Q8NE71,2.017303051800591e-06,0.0
peptide_count__P01834,2.0165463104768784e-06,0.0
slope1__peptide_observation_count,2.013059425980406e-06,0.0
slope1__peptide_log__VQAAVGTSAAPVPSDNH,2.010479535639258e-06,0.0
lag1__peptide_log__HYDGSYSTFGER,2.007876017126188e-06,0.0
lag1__protein_npx__Q9NYU2,1.9945418169339794e-06,0.0
peptide_mean__P02647,1.978635148472975e-06,0.0
delta1__peptide_mean__P10643,1.968719405597317e-06,0.0
peptide_count__P05452,1.967346866318108e-06,0.0
delta1__peptide_mean__Q9BY67,1.9646978962367804e-06,0.0
slope1__peptide_log__C(UniMod_4)VDVDEC(UniMod_4)APPAEPC(UniMod_4)GK,1.963519220078902e-06,0.0
lag1__peptide_mean__P61769,1.95904997216727e-06,0.0
peptide_count__Q16610,1.948248100090721e-06,0.0
lag1__peptide_log__HYTNPSQDVTVPC(UniMod_4)PVPPPPPC(UniMod_4)C(UniMod_4)HPR,1.938905024144523e-06,0.0
slope1__peptide_std__P17174,1.937826579019939e-06,0.0
rollmean2__peptide_count__Q12841,1.9366937450227497e-06,0.0
lag1__protein_npx__P30086,1.9320041802153795e-06,0.0
lag1__protein_npx__P00738,1.921407378694409e-06,0.0
missing__protein_npx__P61278,1.906197503933164e-06,0.0
slope1__peptide_mean__Q9UKV8,1.9012006050530457e-06,0.0
delta1__peptide_mean__Q96BZ4,1.880422401684527e-06,0.0
lag1__peptide_log__LIADLGSTSITNLGFR,1.8761000993544936e-06,0.0
missing__peptide_log__MTVTDQVNC(UniMod_4)PK,1.8656569095983297e-06,0.0
rollmean2__protein_npx__P13987,1.8585847153878147e-06,0.0
delta1__peptide_mean__O00391,1.8572182744394542e-06,0.0
rollmean2__protein_missing_fraction,1.8484957272767276e-06,0.0
delta1__protein_npx__P40925,1.8469851234453741e-06,0.0
delta1__peptide_count__P02647,1.8289999685584004e-06,0.0
lag1__peptide_std__P00751,1.8248010439959241e-06,0.0
slope1__protein_npx__P01033,1.824246954556439e-06,0.0
rollmean2__peptide_count__P01023,1.8185417213043608e-06,0.0
slope1__protein_npx__P02774,1.818483915608738e-06,0.0
missing__peptide_std__P01877,1.815575756416547e-06,0.0
peptide_count__P02751,1.7958437816875268e-06,0.0
missing__peptide_count__P01594,1.7935844931209923e-06,0.0
slope1__protein_npx__O75144,1.7906626954263e-06,0.0
lag1__protein_npx__P07333,1.7887999637270028e-06,0.0
delta1__protein_npx__Q13449,1.7779412520629395e-06,0.0
lag1__peptide_log__RGYQLSDVDGVTC(UniMod_4)EDIDEC(UniMod_4)ALPTGGHIC(UniMod_4)SYR,1.7750673056041086e-06,0.0
slope1__peptide_mean__Q16270,1.7578447002791087e-06,0.0
delta1__peptide_mean__P19823,1.754570380234015e-06,0.0
lag1__peptide_mean__Q96BZ4,1.7515729331440871e-06,0.0
lag1__peptide_log__C(UniMod_4)TSTGWIPAPR,1.736613080583418e-06,0.0
lag1__peptide_mean__O43505,1.7284283191423066e-06,0.0
missing__peptide_count__P04406,1.7271522811094868e-06,0.0
slope1__peptide_log__AKLEEQAQQIR,1.7262605827253936e-06,0.0
lag1__peptide_log__C(UniMod_4)REILSVDC(UniMod_4)STNNPSQAK,1.724725990628172e-06,0.0
slope1__protein_npx__P10451,1.7207153430483522e-06,0.0
delta1__peptide_mean__O43505,1.7186824699852757e-06,0.0
rollmean2__protein_npx__P14174,1.7186193222650742e-06,0.0
slope1__protein_npx__P49588,1.7136783675743533e-06,0.0
lag1__protein_npx__Q99969,1.712812332275643e-06,0.0
slope1__protein_npx__Q99674,1.701993688290074e-06,0.0
missing__current_updrs_4,1.6994822249884513e-06,0.0
missing__peptide_mean__P31997,1.6886357272371535e-06,0.0
missing__peptide_count__P07333,1.6850059599548205e-06,0.0
slope1__visit_index,1.6700194276426837e-06,0.0
slope1__peptide_log__SLAELGGHLDQQVEEFRR,1.6685398319912962e-06,0.0
rollmean2__protein_npx__P00450,1.668072791788036e-06,0.0
slope1__peptide_log__QNC(UniMod_4)ELFEQLGEYK,1.6646038494590535e-06,0.0
lag1__protein_npx__P18065,1.6386058136896192e-06,0.0
delta1__peptide_log__TKEEYGHSEVVEYYC(UniMod_4)NPR,1.6384008746987614e-06,0.0
delta1__protein_npx__P01008,1.6283082098795969e-06,0.0
slope1__protein_npx__O14498,1.6252084104768386e-06,0.0
lag1__protein_npx__P17174,1.6211832752170685e-06,0.0
slope1__peptide_count__Q12805,1.6138452918401214e-06,0.0
slope1__protein_npx__P06310,1.6099004095193116e-06,0.0
slope1__peptide_log__LFDSDPITVTVPVEVSR,1.6025134455989057e-06,0.0
delta1__peptide_mean__P08123,1.6003927241515791e-06,0.0
delta1__peptide_mean__P10645,1.5845858562195706e-06,0.0
rollmean2__peptide_mean__O75144,1.580859168360422e-06,0.0
rollmean2__peptide_count__P00450,1.5779400340300025e-06,0.0
lag1__peptide_mean__P11142,1.57565077518001e-06,0.0
peptide_count__P00747,1.5697089256375635e-06,0.0
missing__peptide_mean__P02792,1.566907224638085e-06,0.0
delta1__peptide_mean__Q9UNU6,1.565545098572674e-06,0.0
lag1__peptide_std__O14773,1.5616060427571862e-06,0.0
lag1__peptide_mean__P00746,1.534816386183769e-06,0.0
slope1__peptide_log__TM(UniMod_35)LLQPAGSLGSYSYR,1.5298605218441958e-06,0.0
missing__peptide_mean__P17936,1.5232143517300009e-06,0.0
lag1__peptide_mean__P02655,1.5176927814197676e-06,0.0
rollmean2__protein_npx__Q14118,1.511848873908525e-06,0.0
lag1__peptide_log__VMPIC(UniMod_4)LPSKDYAEVGR,1.510631862784208e-06,0.0
slope1__peptide_mean__Q14508,1.510410025208774e-06,0.0
delta1__peptide_log__LGADM(UniMod_35)EDVC(UniMod_4)GR,1.5011793554759672e-06,0.0
slope1__peptide_std__P01024,1.495629864435634e-06,0.0
delta1__peptide_std__P10643,1.4911691123602092e-06,0.0
slope1__peptide_log__TVVQPSVGAAAGPVVPPC(UniMod_4)PGR,1.4732351853919651e-06,0.0
delta1__peptide_mean__Q92876,1.4709941177835327e-06,0.0
delta1__peptide_std__P13987,1.458275631156323e-06,0.0
delta1__peptide_std__P00441,1.4555737804082602e-06,0.0
slope1__peptide_mean__P02750,1.4508313806402892e-06,0.0
peptide_mean__P07858,1.446634275921757e-06,0.0
peptide_count__P02790,1.43573166065839e-06,0.0
missing__protein_npx__P01591,1.4315995055526113e-06,0.0
rollmean2__peptide_count__P02751,1.429038050200851e-06,0.0
rollmean2__protein_npx__P01034,1.4226381849332128e-06,0.0
lag1__protein_npx__P01033,1.4204829109432934e-06,0.0
lag1__peptide_log__SSQGGSLPSEEK,1.4027829031239862e-06,0.0
slope1__peptide_std__P07339,1.3987815370997035e-06,0.0
slope1__peptide_std__P02679,1.3987286965796206e-06,0.0
slope1__peptide_std__P02750,1.3838381747606682e-06,0.0
lag1__peptide_log__ATVNPSAPR,1.378806915054092e-06,0.0
slope1__peptide_mean__P00441,1.3784309401752518e-06,0.0
lag1__peptide_count__P13611,1.369470313469588e-06,0.0
delta1__peptide_count__P06727,1.3672347240519127e-06,0.0
lag1__peptide_mean__P10909,1.3662563751493666e-06,0.0
delta1__protein_npx__Q7Z3B1,1.3552327041405181e-06,0.0
delta1__protein_npx__Q13740,1.354133004907885e-06,0.0
rollmean2__protein_npx__Q92520,1.3518258018760953e-06,0.0
lag1__peptide_mean__Q15904,1.3486847578570417e-06,0.0
slope1__peptide_mean__P61278,1.3347260197186843e-06,0.0
missing__peptide_count__Q99832,1.3243810366399364e-06,0.0
missing__peptide_std__P07711,1.3213800236681663e-06,0.0
slope1__peptide_mean__P04406,1.3156502895728703e-06,0.0
slope1__peptide_std__Q08380,1.3025091987418125e-06,0.0
lag1__peptide_mean__P61626,1.2987091221816638e-06,0.0
slope1__protein_npx__Q9NYU2,1.2986275156068742e-06,0.0
lag1__peptide_mean__P01019,1.295215185733445e-06,0.0
delta1__peptide_count__P02790,1.2772628616452065e-06,0.0
lag1__protein_npx__P05090,1.2737145671575833e-06,0.0
rollmean2__peptide_count__P02760,1.2721667624671565e-06,0.0
lag1__peptide_mean__P36955,1.2605419097427659e-06,0.0
missing__protein_npx__P14174,1.2595956385127525e-06,0.0
lag1__peptide_count__P00450,1.2491039871052813e-06,0.0
missing__peptide_count__Q9UNU6,1.2321062017630926e-06,0.0
rollmean2__peptide_count__P00736,1.2287775559695497e-06,0.0
rollmean2__peptide_count__Q9Y6R7,1.2248427322915944e-06,0.0
slope1__peptide_mean__P01033,1.2217167765111985e-06,0.0
slope1__peptide_mean__P16152,1.2200982894882006e-06,0.0
peptide_count__P30086,1.2151230759596527e-06,0.0
delta1__peptide_log__C(UniMod_4)C(UniMod_4)VEC(UniMod_4)PPC(UniMod_4)PAPPVAGPSVFLFPPKPK,1.2146867777672797e-06,0.0
slope1__peptide_mean__P13987,1.2107359506590853e-06,0.0
rollmean2__peptide_count__P14618,1.1942224486216375e-06,0.0
lag1__peptide_mean__P04217,1.1861643258449196e-06,0.0
protein_npx__Q99829,1.1706192383180524e-06,0.0
slope1__protein_npx__P13987,1.1702351687454152e-06,0.0
lag1__peptide_std__P30086,1.1581502085422595e-06,0.0
slope1__protein_npx__O00391,1.1580468773793916e-06,0.0
peptide_count__Q6UXB8,1.1553209971049353e-06,0.0
missing__protein_npx__P06310,1.147298283665085e-06,0.0
delta1__peptide_mean__O75326,1.1406422945937138e-06,0.0
slope1__peptide_log__LEGQEEEEDNRDSSMK,1.139024417086823e-06,0.0
missing__protein_npx__P30086,1.1324949373655916e-06,0.0
slope1__protein_npx__P43121,1.1247803081517751e-06,0.0
protein_npx__P07602,1.118817861818145e-06,0.0
missing__peptide_std__Q06481,1.117189352814973e-06,0.0
missing__peptide_mean__P02655,1.114857962584774e-06,0.0
rollmean2__peptide_count__P05067,1.1110925193008353e-06,0.0
rollmean2__peptide_count__P02763,1.1098716345065778e-06,0.0
delta1__peptide_mean__Q13332,1.1044976053774943e-06,0.0
slope1__protein_npx__P61626,1.100258885891695e-06,0.0
rollmean2__peptide_count__P01008,1.098439614085546e-06,0.0
peptide_count__P10909,1.0979817888743522e-06,0.0
rollmean2__peptide_count__Q14515,1.0808219394402582e-06,0.0
delta1__peptide_std__P01834,1.0691908237230622e-06,0.0
slope1__peptide_count__Q6UXB8,1.067079263393564e-06,0.0
delta1__protein_npx__P25311,1.0640515229166171e-06,0.0
lag1__peptide_mean__Q96PD5,1.061680056886986e-06,0.0
peptide_mean__P10451,1.058590130339016e-06,0.0
lag1__protein_npx__P10645,1.0558902736141452e-06,0.0
missing__peptide_count__Q6UX71,1.0491347266533851e-06,0.0
slope1__peptide_mean__Q99674,1.0490456405887982e-06,0.0
missing__peptide_log__C(UniMod_4)C(UniMod_4)VEC(UniMod_4)PPC(UniMod_4)PAPPVAGPSVFLFPPKPK,1.0478244145599921e-06,0.0
slope1__peptide_count__P01857,1.0474661606251592e-06,0.0
slope1__peptide_mean__P24592,1.0459315920973288e-06,0.0
delta1__protein_npx__P07858,1.043311201853612e-06,0.0
lag1__protein_npx__Q96BZ4,1.0418487772386508e-06,0.0
lag1__protein_npx__P23142,1.0175507086623668e-06,0.0
delta1__peptide_log__VDSGNDVTDIADDGC(UniMod_4)PKPPEIAHGYVEHSVR,1.0167951778524787e-06,0.0
lag1__peptide_log__FM(UniMod_35)ETVAEK,1.0122452640652384e-06,0.0
rollmean2__peptide_mean__Q92876,1.012211763531419e-06,0.0
delta1__peptide_mean__P02790,1.0096701099961344e-06,0.0
rollmean2__peptide_count__O00584,1.0068737017140977e-06,0.0
missing__peptide_count__P01780,1.0022741646362477e-06,0.0
rollmean2__peptide_count__P05090,9.95913613435901e-07,0.0
missing__peptide_count__Q99683,9.954681779669795e-07,0.0
lag1__peptide_count__P98160,9.941791568775007e-07,0.0
slope1__peptide_count__P61769,9.868143446734219e-07,0.0
rollmean2__protein_npx__Q562R1,9.730232835326979e-07,0.0
delta1__peptide_log__MASGAANVVGPK,9.605806351013675e-07,0.0
delta1__peptide_count__P10643,9.547257542392245e-07,0.0
slope1__protein_npx__P19021,9.488400777488556e-07,0.0
slope1__peptide_feature_count,9.471419221519944e-07,0.0
delta1__peptide_std__P24592,9.407122999379732e-07,0.0
missing__peptide_mean__Q99435,9.393981315874547e-07,0.0
delta1__peptide_log__SELEEQLTPVAEETR,9.320691599074646e-07,0.0
slope1__peptide_count__P07711,9.285863849604627e-07,0.0
peptide_mean__Q7Z3B1,9.213894432739202e-07,0.0
lag1__peptide_count__P14618,9.128211844643894e-07,0.0
lag1__peptide_log__GYQLSDVDGVTC(UniMod_4)EDIDEC(UniMod_4)ALPTGGHIC(UniMod_4)SYR,9.111313843056217e-07,0.0
slope1__protein_npx__P02766,9.004391610530493e-07,0.0
lag1__months_since_prev_visit,9.000310445069731e-07,0.0
lag1__protein_npx__P06396,8.984155011076074e-07,0.0
delta1__peptide_std__P02765,8.897276471798552e-07,0.0
rollmean2__peptide_mean__Q12805,8.848540210210994e-07,0.0
lag1__peptide_mean__Q8NBJ4,8.812414119659718e-07,0.0
delta1__peptide_mean__P55290,8.778757585923213e-07,0.0
delta1__peptide_std__P00747,8.760424819768666e-07,0.0
slope1__peptide_count__P02790,8.742221057793794e-07,0.0
peptide_count__P54289,8.724578796715512e-07,0.0
slope1__peptide_mean__P36980,8.691784513404991e-07,0.0
lag1__peptide_log__SNSSM(UniMod_35)HITDC(UniMod_4)R,8.630284402293627e-07,0.0
delta1__peptide_mean__P19021,8.508512921333321e-07,0.0
delta1__peptide_mean__Q96S96,8.460883113534313e-07,0.0
rollmean2__protein_npx__Q96BZ4,8.37390100349685e-07,0.0
delta1__protein_npx__P14618,8.275580167359346e-07,0.0
delta1__peptide_log__MTVTDQVNC(UniMod_4)PK,8.246826394667406e-07,0.0
peptide_mean__Q13332,8.242108768554963e-07,0.0
delta1__peptide_mean__Q8NBJ4,8.227167834041913e-07,0.0
lag1__peptide_mean__P13611,8.222769833447105e-07,0.0
slope1__peptide_mean__O00533,8.157907748301489e-07,0.0
slope1__peptide_abundance_mean,8.151818069610224e-07,0.0
delta1__peptide_mean__P17174,8.009001412637611e-07,0.0
slope1__peptide_count__P02649,7.941715239670087e-07,0.0
lag1__peptide_mean__P18065,7.933945841873546e-07,0.0
peptide_count__P05156,7.895122907931529e-07,0.0
missing__peptide_std__P00746,7.821535684026795e-07,0.0
slope1__peptide_mean__Q9UNU6,7.818534182297896e-07,0.0
delta1__peptide_std__P08294,7.790152561165197e-07,0.0
slope1__peptide_log__TPLGDTTHTC(UniMod_4)PR,7.750705708897544e-07,0.0
slope1__peptide_std__P01859,7.746856362865423e-07,0.0
slope1__protein_npx__Q08380,7.665651750547624e-07,0.0
rollmean2__peptide_count__P01857,7.652191347811786e-07,0.0
delta1__protein_npx__P05090,7.608718801321979e-07,0.0
rollmean2__visit_index,7.536497535120843e-07,0.0
lag1__peptide_mean__Q9UKV8,7.523324688685618e-07,0.0
peptide_count__P00748,7.448662663215127e-07,0.0
delta1__protein_npx__Q96KN2,7.414822336360033e-07,0.0
missing__peptide_count__P01031,7.412608018702615e-07,0.0
missing__peptide_count__P01833,7.328204372980313e-07,0.0
slope1__protein_npx__Q7Z3B1,7.324212878054572e-07,0.0
rollmean2__peptide_log__SELEEQLTPVAEETR,7.31773366498425e-07,0.0
delta1__peptide_count__P43652,7.296403815765577e-07,0.0
rollmean2__peptide_count__Q92823,7.266108887865458e-07,0.0
missing__protein_npx__P01861,7.248462362322924e-07,0.0
lag1__peptide_count__P23142,7.241799187471651e-07,0.0
slope1__peptide_count__P02748,7.191776209282302e-07,0.0
delta1__protein_npx__P00736,7.166947298131249e-07,0.0
slope1__peptide_mean__P11142,7.011681198762254e-07,0.0
rollmean2__peptide_count__P01009,7.003939453811253e-07,0.0
delta1__protein_npx__Q9UBX5,6.97263788217667e-07,0.0
lag1__peptide_mean__P02748,6.930693944413338e-07,0.0
lag1__protein_npx__P36222,6.899635522528711e-07,0.0
peptide_count__P02787,6.8930155987131e-07,0.0
lag1__peptide_mean__P09104,6.864928193958385e-07,0.0
delta1__protein_npx__P11277,6.845281479565462e-07,0.0
slope1__protein_npx__Q9UNU6,6.816629659244646e-07,0.0
peptide_mean__Q12907,6.801103162407183e-07,0.0
missing__peptide_log__AVLPTGDVIGDSAK,6.792062537163255e-07,0.0
missing__peptide_mean__P08133,6.697842677812454e-07,0.0
slope1__peptide_count__P00747,6.431058398636888e-07,0.0
delta1__peptide_count__P02760,6.409202339260724e-07,0.0
slope1__protein_npx__P13611,6.334907274973832e-07,0.0
slope1__peptide_mean__P06454,6.32430565094113e-07,0.0
peptide_count__P00751,6.283008175845253e-07,0.0
delta1__peptide_std__O14773,6.203649852571337e-07,0.0
slope1__peptide_std__P13611,6.159159075443843e-07,0.0
peptide_count__P05546,6.152116319445862e-07,0.0
missing__protein_npx__P01833,6.112738463159356e-07,0.0
lag1__peptide_std__O15394,6.106323710377848e-07,0.0
lag1__peptide_std__P24592,6.026566248608221e-07,0.0
missing__peptide_count__Q96BZ4,6.016534796565537e-07,0.0
delta1__peptide_log__C(UniMod_4)DSSPDSAEDVRK,6.010669531995805e-07,0.0
peptide_count__P02452,5.930560114628319e-07,0.0
lag1__peptide_mean__P01008,5.908774884506698e-07,0.0
missing__peptide_count__O75326,5.863149314092011e-07,0.0
rollmean2__peptide_count__P13591,5.859810609250573e-07,0.0
slope1__peptide_std__P05090,5.763261474529914e-07,0.0
delta1__peptide_std__P08571,5.709362984177972e-07,0.0
slope1__protein_npx__P35542,5.706001290405045e-07,0.0
peptide_count__P05155,5.656993356002504e-07,0.0
lag1__peptide_mean__P39060,5.613643609884604e-07,0.0
lag1__protein_npx__Q96PD5,5.596120571319259e-07,0.0
missing__peptide_std__P27169,5.551890773948648e-07,0.0
delta1__protein_npx__P10645,5.523770592133359e-07,0.0
missing__peptide_mean__Q99683,5.481932426998583e-07,0.0
missing__peptide_count__Q9NYU2,5.454221433212875e-07,0.0
missing__peptide_log__NFPPSQDASGDLYTTSSQLTLPATQC(UniMod_4)PDGK,5.399235691093928e-07,0.0
delta1__peptide_count__P04196,5.367291074720163e-07,0.0
lag1__peptide_count__P02790,5.355542445896412e-07,0.0
rollmean2__peptide_count__P02656,5.351886385501868e-07,0.0
lag1__peptide_log__LEGQEEEEDNRDSSMK,5.317547946885702e-07,0.0
delta1__peptide_log__ELSSFIDKGQELC(UniMod_4)ADYSENTFTEYK,5.209364031008835e-07,0.0
slope1__protein_npx__P00746,5.169760880404919e-07,0.0
delta1__peptide_std__O00584,5.167822726091557e-07,0.0
missing__peptide_log__HYTNPSQDVTVPC(UniMod_4)PVPPPPPC(UniMod_4)C(UniMod_4)HPR,5.126213201706115e-07,0.0
lag1__peptide_mean__P07333,5.067861685145542e-07,0.0
delta1__protein_npx__P04433,5.028229689771344e-07,0.0
rollmean2__peptide_mean__P13591,5.005217186164118e-07,0.0
peptide_mean__P13521,5.000905147156696e-07,0.0
lag1__peptide_log__HYEGSTVPEK,4.972579017926623e-07,0.0
rollmean2__peptide_count__Q96PD5,4.937615704231511e-07,0.0
lag1__peptide_count__Q08380,4.913228842115282e-07,0.0
delta1__protein_npx__O14791,4.90126665412832e-07,0.0
delta1__protein_npx__O00584,4.872384546093609e-07,0.0
slope1__peptide_log__HYEGSTVPEK,4.84360210225679e-07,0.0
delta1__peptide_mean__P07339,4.828935954780049e-07,0.0
lag1__peptide_mean__P19021,4.792056039692728e-07,0.0
peptide_count__P00734,4.779252058872199e-07,0.0
delta1__peptide_std__Q9Y6R7,4.7586807867102554e-07,0.0
rollmean2__peptide_log__VKDLATVYVDVLK,4.7023265099846447e-07,0.0
lag1__protein_npx__Q96KN2,4.5861906708537035e-07,0.0
peptide_count__P00736,4.57800870028037e-07,0.0
missing__peptide_mean__Q562R1,4.574486032155793e-07,0.0
missing__peptide_mean__O00391,4.5323582159345477e-07,0.0
missing__peptide_count__P08133,4.5313476058434886e-07,0.0
delta1__peptide_std__P05060,4.465347796608735e-07,0.0
lag1__protein_npx__P13671,4.424440427193673e-07,0.0
delta1__peptide_count__P02768,4.4187452155528946e-07,0.0
slope1__peptide_log__VDSGNDVTDIADDGC(UniMod_4)PKPPEIAHGYVEHSVR,4.3931069256964485e-07,0.0
missing__peptide_count__Q6UXD5,4.340903650571516e-07,0.0
slope1__peptide_mean__P00736,4.1781368783910084e-07,0.0
missing__protein_npx__Q99683,4.17065511353922e-07,0.0
peptide_count__P36955,4.168580709670618e-07,0.0
missing__peptide_count__Q8NE71,4.165971687443125e-07,0.0
slope1__protein_npx__Q9BY67,4.1387095400961706e-07,0.0
slope1__peptide_std__P01019,4.090176579047197e-07,0.0
lag1__peptide_mean__P00738,4.0543220234918535e-07,0.0
delta1__peptide_std__P02675,3.981434880327007e-07,0.0
missing__peptide_count__Q99829,3.95568616079024e-07,0.0
rollmean2__peptide_count__P05156,3.9227472234080554e-07,0.0
delta1__peptide_log__TQVNTQAEQLRR,3.9223548393261334e-07,0.0
missing__peptide_log__DLATVYVDVLK,3.8495763308945585e-07,0.0
delta1__protein_npx__Q96BZ4,3.8228049904527324e-07,0.0
rollmean2__current_medication_on,3.819867417316931e-07,0.0
lag1__protein_npx__P51884,3.8159126281903326e-07,0.0
lag1__protein_npx__O00391,3.8112268965278206e-07,0.0
missing__peptide_log__SEALAVDGAGKPGAEEAQDPEGK,3.7807702131330023e-07,0.0
missing__protein_npx__P05408,3.697391601500927e-07,0.0
slope1__protein_npx__P08123,3.684207182744233e-07,0.0
missing__protein_npx__O94919,3.6714799193862783e-07,0.0
rollmean2__peptide_log__SGEATDGARPQALPEPMQESK,3.671058486735596e-07,0.0
lag1__peptide_mean__P05060,3.653471609402695e-07,0.0
lag1__peptide_std__P01019,3.6517593982917196e-07,0.0
lag1__peptide_std__P02452,3.6440843630081074e-07,0.0
lag1__peptide_std__O00584,3.619437509132535e-07,0.0
delta1__peptide_log__SFNRGEC(UniMod_4),3.585761656702603e-07,0.0
lag1__peptide_mean__P12109,3.583743197470232e-07,0.0
delta1__peptide_mean__Q99683,3.566142534031837e-07,0.0
lag1__peptide_mean__Q13451,3.5584015694283716e-07,0.0
lag1__peptide_count__P02774,3.537741149997196e-07,0.0
rollmean2__peptide_count__P00747,3.457581311875339e-07,0.0
delta1__peptide_mean__P61278,3.4561782183538384e-07,0.0
delta1__protein_npx__P07195,3.441616005827187e-07,0.0
slope1__protein_npx__Q99832,3.4336788954550696e-07,0.0
lag1__protein_npx__P10451,3.4073760752847293e-07,0.0
slope1__peptide_count__P02675,3.3963388209525365e-07,0.0
slope1__peptide_mean__P01344,3.381446127435951e-07,0.0
protein_npx__Q9UKV8,3.3666819206569917e-07,0.0
lag1__peptide_mean__O14773,3.359620135833304e-07,0.0
missing__peptide_mean__P23083,3.3341888319427585e-07,0.0
missing__peptide_mean__P08253,3.3270643920415735e-07,0.0
protein_npx__P54289,3.305775744744064e-07,0.0
missing__protein_npx__P01031,3.2918170424199263e-07,0.0
delta1__peptide_mean__P09104,3.284595047424718e-07,0.0
missing__peptide_count__P02792,3.2599514801820074e-07,0.0
delta1__peptide_mean__P08133,3.249945172431511e-07,0.0
lag1__peptide_mean__P04275,3.2434048605813374e-07,0.0
rollmean2__peptide_count__P61916,3.221289951344528e-07,0.0
slope1__peptide_std__P05060,3.1923762964253513e-07,0.0
slope1__protein_npx__P01608,3.140434305391532e-07,0.0
missing__peptide_count__P07711,3.03197589460646e-07,0.0
delta1__peptide_mean__Q9NYU2,3.011869681672113e-07,0.0
missing__peptide_std__O14773,2.958805636996873e-07,0.0
lag1__peptide_count__P51884,2.871140283173585e-07,0.0
lag1__protein_npx__P02656,2.8698332789187783e-07,0.0
lag1__peptide_mean__P01034,2.862237812431732e-07,0.0
delta1__peptide_missing_fraction,2.832824376188399e-07,0.0
lag1__peptide_mean__P17174,2.8305355460575933e-07,0.0
lag1__protein_npx__O00533,2.830202023758281e-07,0.0
lag1__has_previous_visit,2.784441644932819e-07,0.0
slope1__peptide_log__SPVGVQPILNEHTFC(UniMod_4)AGMSK,2.7798737109097807e-07,0.0
rollmean2__peptide_count__O75144,2.7708601681955737e-07,0.0
delta1__peptide_mean__P06310,2.7506068658131313e-07,0.0
delta1__peptide_count__Q13740,2.7011833161209054e-07,0.0
slope1__peptide_abundance_min,2.694725081254586e-07,0.0
slope1__peptide_count__P02787,2.663568970015893e-07,0.0
lag1__peptide_count__P02671,2.6306447051943966e-07,0.0
slope1__protein_npx__P07195,2.6014781819634714e-07,0.0
delta1__protein_npx__P02787,2.594606589090248e-07,0.0
missing__peptide_std__P02452,2.565861324997904e-07,0.0
rollmean2__peptide_count__P27169,2.5612057714131206e-07,0.0
peptide_count__P08294,2.5168454509729715e-07,0.0
delta1__protein_npx__P04196,2.489009519100744e-07,0.0
missing__protein_npx__P36980,2.477738606745057e-07,0.0
missing__peptide_log__DSGFQM(UniMod_35)NQLR,2.4702582873596916e-07,0.0
missing__peptide_mean__P01594,2.421361042005581e-07,0.0
delta1__peptide_count__P02765,2.4195080951326934e-07,0.0
lag1__protein_npx__P19021,2.418340059205263e-07,0.0
lag1__peptide_log__SELEEQLTPVAEETR,2.4129980260506787e-07,0.0
missing__peptide_count__P06310,2.3687080383836542e-07,0.0
missing__peptide_mean__O94919,2.3497936055815338e-07,0.0
peptide_count__Q96PD5,2.2700869588167127e-07,0.0
delta1__protein_npx__P09486,2.1816355438976652e-07,0.0
missing__peptide_count__P23083,2.1444299760736622e-07,0.0
lag1__peptide_count__P00734,2.1278421159107548e-07,0.0
missing__peptide_mean__P09104,2.116345251854516e-07,0.0
delta1__peptide_std__P19823,2.0345289647958866e-07,0.0
lag1__peptide_count__P19652,2.0140191027225723e-07,0.0
missing__protein_npx__P32754,1.987560248775784e-07,0.0
delta1__protein_npx__Q92520,1.983361206776021e-07,0.0
missing__peptide_log__KAADDTWEPFASGK,1.9821287599680957e-07,0.0
slope1__peptide_mean__P06681,1.9748909747168373e-07,0.0
rollmean2__peptide_count__P09486,1.9739850112819536e-07,0.0
missing__peptide_log__HYDGSYSTFGER,1.9471874897786788e-07,0.0
slope1__protein_npx__P07339,1.8936927330973268e-07,0.0
slope1__peptide_count__P07339,1.8921881146935128e-07,0.0
slope1__protein_npx__P09104,1.8747195451819161e-07,0.0
delta1__protein_npx__P02792,1.8346068273349886e-07,0.0
missing__peptide_mean__Q6UXD5,1.8130907562623685e-07,0.0
rollmean2__peptide_count__P00746,1.8091023978134805e-07,0.0
lag1__protein_npx__P43121,1.8020430337688284e-07,0.0
missing__peptide_count__O94919,1.7958418861715768e-07,0.0
missing__peptide_log__SFNRGEC(UniMod_4),1.7862617444491273e-07,0.0
delta1__peptide_mean__P43652,1.7780105811541495e-07,0.0
delta1__protein_npx__Q99683,1.764450947447505e-07,0.0
lag1__peptide_count__P00748,1.7508860335388015e-07,0.0
delta1__peptide_count__P02787,1.7486230872780573e-07,0.0
peptide_count__P98160,1.692637008201146e-07,0.0
lag1__protein_npx__P40925,1.662644699404934e-07,0.0
slope1__peptide_log__DSGFQM(UniMod_35)NQLR,1.6441399394856918e-07,0.0
lag1__peptide_mean__P23142,1.6284901300401867e-07,0.0
lag1__peptide_mean__P00441,1.6234883218270492e-07,0.0
current_medication_unknown,1.5978096909198994e-07,0.0
missing__peptide_mean__P11277,1.5959240250944918e-07,0.0
rollmean2__peptide_count__P07711,1.595224247804e-07,0.0
missing__peptide_count__P19021,1.5892341944592294e-07,0.0
rollmean2__peptide_count__P02766,1.580025784357421e-07,0.0
missing__peptide_log__ELDESLQVAER,1.5686177345301012e-07,0.0
rollmean2__peptide_count__P14314,1.568076336129548e-07,0.0
lag1__peptide_mean__P24592,1.5391507150307069e-07,0.0
delta1__protein_npx__Q14508,1.5381083711665006e-07,0.0
slope1__peptide_mean__Q9UHG2,1.492218728912772e-07,0.0
delta1__protein_npx__Q96PD5,1.419997864097438e-07,0.0
protein_npx__Q92520,1.3752728425613393e-07,0.0
lag1__peptide_mean__P04207,1.3682645885074997e-07,0.0
lag1__peptide_mean__P06396,1.353991725560263e-07,0.0
missing__peptide_mean__P08123,1.3518638149932408e-07,0.0
lag1__peptide_count__Q13740,1.3508931647853977e-07,0.0
slope1__protein_npx__Q562R1,1.3241245057777181e-07,0.0
lag1__peptide_count__P00746,1.2809386719358303e-07,0.0
protein_npx__P14174,1.2566933213942009e-07,0.0
missing__peptide_count__Q02818,1.2493895212995613e-07,0.0
lag1__protein_npx__Q92876,1.2475359507922666e-07,0.0
slope1__peptide_std__P02652,1.2340172951116372e-07,0.0
lag1__peptide_count__P05452,1.2208023200747733e-07,0.0
missing__peptide_count__P36980,1.1847044873841493e-07,0.0
missing__protein_npx__Q99829,1.1339187460744364e-07,0.0
slope1__peptide_mean__O14773,1.1235279181625455e-07,0.0
delta1__protein_npx__P23083,1.1185500471285213e-07,0.0
missing__protein_npx__P17936,1.1153158093850796e-07,0.0
missing__protein_npx__P01594,1.1148160236378791e-07,0.0
lag1__peptide_count__P10645,1.0862255350849168e-07,0.0
delta1__peptide_log__TTPPVLDSDGSFFLYSR,1.068925888672346e-07,0.0
lag1__peptide_log__SEALAVDGAGKPGAEEAQDPEGK,1.0665612949559461e-07,0.0
slope1__peptide_missing_fraction,1.0659620250319174e-07,0.0
lag1__peptide_count__P02647,1.0605144718191403e-07,0.0
delta1__peptide_count__P01834,1.0005428948537428e-07,0.0
slope1__protein_npx__P01024,9.894400456409304e-08,0.0
rollmean2__peptide_count__P43121,9.866228935173148e-08,0.0
slope1__peptide_log__AEAQEAEDQQAR,9.498618507385696e-08,0.0
lag1__peptide_log__KFPSGTFEQVSQLVK,9.474084619194121e-08,0.0
delta1__peptide_std__P13591,9.36926801788961e-08,0.0
delta1__peptide_log__GEVQAMLGQSTEELRVR,9.265842200417897e-08,0.0
lag1__peptide_feature_count,9.060449203033653e-08,0.0
delta1__protein_npx__P04216,8.606024231449323e-08,0.0
missing__peptide_mean__Q99829,8.40205661285414e-08,0.0
missing__protein_npx__Q99832,8.352176062532755e-08,0.0
lag1__protein_npx__P31997,8.264252326914269e-08,0.0
slope1__peptide_mean__P51884,8.219802310244665e-08,0.0
delta1__peptide_std__Q16270,8.043400446171932e-08,0.0
slope1__protein_npx__P02792,7.874031724016465e-08,0.0
delta1__protein_npx__P36980,7.241773104020071e-08,0.0
lag1__peptide_log__C(UniMod_4)RDQLPYIC(UniMod_4)QFGIV,7.192425858158688e-08,0.0
missing__protein_npx__P04406,6.96032879073209e-08,0.0
peptide_count__P02766,6.926930640003023e-08,0.0
delta1__peptide_std__P08603,6.664512880017416e-08,0.0
slope1__protein_npx__P07998,6.614128013294608e-08,0.0
delta1__peptide_mean__P00441,6.569948560615561e-08,0.0
slope1__protein_npx__P02747,6.357028975871934e-08,0.0
missing__peptide_mean__P06310,6.328316437643305e-08,0.0
slope1__protein_npx__Q92876,6.284530203369849e-08,0.0
delta1__protein_npx__P61626,6.197419984072766e-08,0.0
slope1__peptide_mean__P14174,6.167110732377766e-08,0.0
slope1__protein_npx__P14174,6.000859807950462e-08,0.0
delta1__peptide_mean__P27169,5.9299402217600874e-08,0.0
missing__peptide_mean__P01780,5.608849506641248e-08,0.0
slope1__peptide_mean__P39060,5.35228239886267e-08,0.0
lag1__protein_npx__Q9UBR2,5.279422950494646e-08,0.0
missing__peptide_mean__P36980,5.23094937214439e-08,0.0
slope1__peptide_log__LGQSLDC(UniMod_4)NAEVYVVPWEK,4.561547033221801e-08,0.0
slope1__peptide_count__Q12841,4.244778759132395e-08,0.0
missing__peptide_count__P31997,4.0951880109987516e-08,0.0
missing__peptide_log__C(UniMod_4)RDQLPYIC(UniMod_4)QFGIV,3.926322525741494e-08,0.0
missing__peptide_count__P30086,3.7550263108e-08,0.0
slope1__protein_npx__P19827,3.652283978274379e-08,0.0
peptide_count__P04217,3.373205286778254e-08,0.0
delta1__peptide_mean__P11277,3.125703568152493e-08,0.0
lag1__peptide_std__P20774,3.081245423676684e-08,0.0
lag1__protein_npx__P61769,3.010161806933341e-08,0.0
delta1__peptide_count__P05452,2.76409105769622e-08,0.0
delta1__peptide_mean__P10451,2.757761877405967e-08,0.0
slope1__peptide_mean__P13473,2.6482054121860585e-08,0.0
missing__protein_npx__Q6UX71,2.636499000334019e-08,0.0
lag1__peptide_count__P61916,2.605503341172661e-08,0.0
slope1__has_previous_visit,2.4498643055693887e-08,0.0
slope1__peptide_mean__P61626,1.883772005528395e-08,0.0
delta1__peptide_mean__P61916,1.8648390930350104e-08,0.0
delta1__protein_npx__O00391,1.8585244504205695e-08,0.0
delta1__peptide_log__SNSSM(UniMod_35)HITDC(UniMod_4)R,9.29529724985704e-09,0.0
delta1__peptide_log__GYQLSDVDGVTC(UniMod_4)EDIDEC(UniMod_4)ALPTGGHIC(UniMod_4)SYR,7.340352418998073e-09,0.0
peptide_count__Q06481,6.7402243642927e-09,0.0
lag1__protein_npx__P60174,6.456832603133104e-09,0.0
peptide_count__P05090,6.346325335850402e-09,0.0
rollmean2__peptide_count__P39060,5.7461887818025266e-09,0.0
delta1__peptide_mean__Q99832,5.517237065823912e-09,0.0
lag1__peptide_count__P27169,5.084569431682074e-09,0.0
delta1__protein_npx__P60174,4.948518643185636e-09,0.0
missing__protein_npx__P20774,0.0,0.0
missing__peptide_log__C(UniMod_4)TSTGWIPAPR,0.0,0.0
missing__protein_npx__P20933,0.0,0.0
missing__peptide_count__P08294,0.0,0.0
missing__peptide_log__C(UniMod_4)VDVDEC(UniMod_4)APPAEPC(UniMod_4)GK,0.0,0.0
missing__peptide_log__IMNGEADAMSLDGGFVYIAGK,0.0,0.0
missing__peptide_count__P07858,0.0,0.0
missing__protein_npx__P14618,0.0,0.0
missing__protein_npx__P23142,0.0,0.0
missing__protein_npx__P24592,0.0,0.0
missing__protein_npx__P13987,0.0,0.0
missing__protein_npx__P13671,0.0,0.0
missing__protein_npx__P25311,0.0,0.0
missing__protein_npx__P27169,0.0,0.0
missing__peptide_count__P01033,0.0,0.0
missing__peptide_count__P01344,0.0,0.0
missing__peptide_log__KFPSGTFEQVSQLVK,0.0,0.0
missing__protein_npx__P16870,0.0,0.0
missing__protein_npx__P17174,0.0,0.0
missing__peptide_count__P08253,0.0,0.0
missing__protein_npx__P16152,0.0,0.0
missing__protein_npx__P18065,0.0,0.0
missing__protein_npx__P16070,0.0,0.0
missing__peptide_count__P08123,0.0,0.0
missing__protein_npx__P16035,0.0,0.0
missing__protein_npx__P19823,0.0,0.0
missing__peptide_log__C(UniMod_4)REILSVDC(UniMod_4)STNNPSQAK,0.0,0.0
missing__peptide_count__P01034,0.0,0.0
missing__peptide_log__C(UniMod_4)SYTEDAQC(UniMod_4)IDGTIEVPK,0.0,0.0
missing__peptide_count__P07998,0.0,0.0
missing__peptide_log__C(UniMod_4)IIEVLSNALSK,0.0,0.0
missing__peptide_count__P01042,0.0,0.0
missing__protein_npx__P19021,0.0,0.0
missing__protein_npx__P19652,0.0,0.0
missing__peptide_log__C(UniMod_4)KPVNTFVHEPLVDVQNVC(UniMod_4)FQEK,0.0,0.0
missing__protein_npx__P09486,0.0,0.0
missing__protein_npx__P08697,0.0,0.0
missing__protein_npx__P08637,0.0,0.0
missing__protein_npx__P08603,0.0,0.0
missing__peptide_log__VMPIC(UniMod_4)LPSKDYAEVGR,0.0,0.0
missing__protein_npx__P08571,0.0,0.0
missing__protein_npx__P08493,0.0,0.0
missing__protein_npx__P08294,0.0,0.0
missing__protein_npx__P08253,0.0,0.0
missing__protein_npx__P08133,0.0,0.0
missing__peptide_count__P01621,0.0,0.0
missing__protein_npx__P10645,0.0,0.0
missing__protein_npx__P07998,0.0,0.0
missing__protein_npx__P07858,0.0,0.0
missing__peptide_count__P07225,0.0,0.0
missing__protein_npx__P07711,0.0,0.0
missing__peptide_count__P01717,0.0,0.0
missing__peptide_log__VQAAVGTSAAPVPSDNH,0.0,0.0
missing__peptide_count__P07195,0.0,0.0
missing__peptide_log__VQPYLDDFQKK,0.0,0.0
missing__protein_npx__P07602,0.0,0.0
missing__protein_npx__P07339,0.0,0.0
missing__protein_npx__P07333,0.0,0.0
missing__protein_npx__P07225,0.0,0.0
missing__protein_npx__P08123,0.0,0.0
missing__peptide_log__KQELSEAEQATR,0.0,0.0
missing__protein_npx__P13611,0.0,0.0
missing__peptide_log__KVEQAVETEPEPELR,0.0,0.0
missing__protein_npx__P13591,0.0,0.0
missing__protein_npx__P13521,0.0,0.0
missing__protein_npx__P13473,0.0,0.0
missing__protein_npx__P12109,0.0,0.0
missing__protein_npx__P11277,0.0,0.0
missing__protein_npx__P10909,0.0,0.0
missing__peptide_log__AYQGVAAPFPK,0.0,0.0
missing__protein_npx__P10643,0.0,0.0
lag1__current_updrs_2,0.0,0.0
missing__protein_npx__P09871,0.0,0.0
missing__peptide_log__LAVYQAGAR,0.0,0.0
missing__peptide_log__LC(UniMod_4)MGSGLNLC(UniMod_4)EPNNKEGYYGYTGAFR,0.0,0.0
lag1__peptide_log__SGELEQEEER,0.0,0.0
missing__peptide_count__P07602,0.0,0.0
missing__peptide_count__P01591,0.0,0.0
missing__peptide_count__P07339,0.0,0.0
lag1__peptide_log__M(UniMod_35)ASGAANVVGPK,0.0,0.0
missing__peptide_count__P01608,0.0,0.0
delta1__protein_npx__Q08380,0.0,0.0
delta1__protein_npx__P49588,0.0,0.0
missing__peptide_log__LDEVKEQVAEVR,0.0,0.0
missing__protein_npx__P10451,0.0,0.0
missing__protein_npx__Q9UBR2,0.0,0.0
missing__peptide_count__P01019,0.0,0.0
missing__protein_npx__Q9NQ79,0.0,0.0
missing__peptide_count__P01023,0.0,0.0
missing__protein_npx__Q9HDC9,0.0,0.0
missing__peptide_count__P09871,0.0,0.0
missing__peptide_log__AATVGSLAGQPLQER,0.0,0.0
missing__protein_npx__Q9BY67,0.0,0.0
missing__protein_npx__Q99969,0.0,0.0
missing__peptide_count__P09486,0.0,0.0
missing__peptide_count__P08697,0.0,0.0
missing__protein_npx__P49908,0.0,0.0
missing__protein_npx__Q99674,0.0,0.0
missing__protein_npx__Q99435,0.0,0.0
missing__protein_npx__Q96PD5,0.0,0.0
missing__peptide_count__P08637,0.0,0.0
missing__peptide_count__P08603,0.0,0.0
missing__protein_npx__Q96KN2,0.0,0.0
missing__peptide_log__ADDKETC(UniMod_4)FAEEGK,0.0,0.0
missing__peptide_log__AKLEEQAQQIR,0.0,0.0
missing__peptide_log__ALGISPFHEHAEVVFTANDSGPR,0.0,0.0
missing__protein_npx__Q92876,0.0,0.0
missing__protein_npx__Q92823,0.0,0.0
missing__protein_npx__Q92520,0.0,0.0
missing__peptide_count__P01024,0.0,0.0
missing__peptide_mean__O15394,0.0,0.0
missing__peptide_mean__O15240,0.0,0.0
delta1__protein_npx__P06454,0.0,0.0
missing__peptide_mean__O14791,0.0,0.0
missing__peptide_mean__O14773,0.0,0.0
missing__peptide_count__P01009,0.0,0.0
delta1__protein_npx__P08123,0.0,0.0
missing__peptide_count__P01011,0.0,0.0
missing__peptide_mean__O14498,0.0,0.0
missing__peptide_mean__O00584,0.0,0.0
missing__peptide_mean__O00533,0.0,0.0
missing__peptide_count__P10451,0.0,0.0
missing__peptide_count__Q9Y6R7,0.0,0.0
missing__peptide_abundance_sum,0.0,0.0
missing__peptide_count__Q9Y646,0.0,0.0
missing__peptide_abundance_max,0.0,0.0
missing__peptide_abundance_min,0.0,0.0
missing__peptide_abundance_std,0.0,0.0
missing__peptide_abundance_mean,0.0,0.0
missing__protein_missing_fraction,0.0,0.0
missing__protein_feature_count,0.0,0.0
missing__protein_npx__Q9Y6R7,0.0,0.0
missing__protein_npx__Q9UKV8,0.0,0.0
missing__protein_npx__Q9UHG2,0.0,0.0
missing__protein_npx__Q9UBX5,0.0,0.0
missing__peptide_observation_count,0.0,0.0
missing__protein_npx__Q02818,0.0,0.0
missing__protein_npx__P98160,0.0,0.0
missing__protein_npx__P80748,0.0,0.0
missing__protein_npx__P61916,0.0,0.0
missing__protein_npx__P61769,0.0,0.0
missing__protein_npx__P61626,0.0,0.0
missing__peptide_log__ATVNPSAPR,0.0,0.0
missing__protein_npx__P55290,0.0,0.0
missing__protein_npx__P54289,0.0,0.0
missing__protein_npx__P51884,0.0,0.0
missing__protein_npx__P06727,0.0,0.0
missing__protein_npx__Q8NE71,0.0,0.0
missing__protein_npx__P43652,0.0,0.0
missing__protein_npx__P43251,0.0,0.0
missing__protein_npx__P43121,0.0,0.0
missing__protein_npx__P41222,0.0,0.0
missing__protein_npx__P39060,0.0,0.0
missing__peptide_count__P08571,0.0,0.0
missing__protein_npx__P36955,0.0,0.0
missing__protein_npx__P36222,0.0,0.0
missing__peptide_log__AYKSELEEQLTPVAEETR,0.0,0.0
missing__protein_npx__P35542,0.0,0.0
missing__peptide_count__P08493,0.0,0.0
missing__protein_npx__P31997,0.0,0.0
missing__protein_npx__P49588,0.0,0.0
missing__protein_npx__Q8NBJ4,0.0,0.0
missing__protein_npx__Q8N2S1,0.0,0.0
missing__protein_npx__Q8IWV7,0.0,0.0
missing__protein_npx__Q7Z5P9,0.0,0.0
missing__protein_npx__Q7Z3B1,0.0,0.0
missing__protein_npx__Q6UXD5,0.0,0.0
missing__protein_npx__Q6UXB8,0.0,0.0
missing__peptide_log__ANRPFLVFIR,0.0,0.0
missing__protein_npx__Q562R1,0.0,0.0
missing__protein_npx__Q16610,0.0,0.0
missing__protein_npx__Q16270,0.0,0.0
missing__protein_npx__Q15904,0.0,0.0
missing__protein_npx__Q06481,0.0,0.0
missing__protein_npx__Q14515,0.0,0.0
missing__protein_npx__Q14508,0.0,0.0
missing__protein_npx__Q14118,0.0,0.0
missing__protein_npx__Q13740,0.0,0.0
missing__protein_npx__Q13451,0.0,0.0
missing__protein_npx__Q13449,0.0,0.0
missing__protein_npx__Q13332,0.0,0.0
missing__protein_npx__Q13283,0.0,0.0
missing__protein_npx__Q12907,0.0,0.0
missing__protein_npx__Q12841,0.0,0.0
missing__protein_npx__Q12805,0.0,0.0
missing__protein_npx__Q08380,0.0,0.0
missing__protein_npx__Q14624,0.0,0.0
missing__peptide_log__SGELEQEEER,0.0,0.0
missing__peptide_log__SLAAAAGKQELAK,0.0,0.0
delta1__protein_npx__Q99829,0.0,0.0
missing__peptide_count__P02671,0.0,0.0
missing__peptide_log__SLAELGGHLDQQVEEFRR,0.0,0.0
delta1__protein_npx__Q96S96,0.0,0.0
missing__peptide_count__P04216,0.0,0.0
missing__peptide_count__P02675,0.0,0.0
missing__peptide_count__P04211,0.0,0.0
missing__peptide_count__P04207,0.0,0.0
missing__peptide_log__SNSSM(UniMod_35)HITDC(UniMod_4)R,0.0,0.0
missing__protein_npx__P05156,0.0,0.0
missing__peptide_log__SPVGVQPILNEHTFC(UniMod_4)AGMSK,0.0,0.0
missing__peptide_count__P04196,0.0,0.0
missing__peptide_count__P04180,0.0,0.0
missing__peptide_log__SSQGGSLPSEEK,0.0,0.0
missing__peptide_log__SWFEPLVEDM(UniMod_35)QR,0.0,0.0
missing__peptide_log__TDASDVKPC(UniMod_4),0.0,0.0
missing__peptide_log__TKEEYGHSEVVEYYC(UniMod_4)NPR,0.0,0.0
missing__peptide_log__TLLSNLEEAKK,0.0,0.0
delta1__peptide_mean__O94919,0.0,0.0
missing__peptide_log__TM(UniMod_35)LLQPAGSLGSYSYR,0.0,0.0
missing__peptide_log__TPLGDTTHTC(UniMod_4)PR,0.0,0.0
missing__peptide_log__LEGQEEEEDNRDSSMK,0.0,0.0
missing__peptide_count__P02679,0.0,0.0
missing__protein_npx__O43505,0.0,0.0
missing__protein_npx__O15394,0.0,0.0
missing__protein_npx__O15240,0.0,0.0
missing__protein_npx__O14791,0.0,0.0
missing__protein_npx__O14773,0.0,0.0
missing__protein_npx__O14498,0.0,0.0
missing__protein_npx__O00584,0.0,0.0
missing__protein_npx__O00533,0.0,0.0
missing__peptide_count__P02649,0.0,0.0
missing__current_updrs_3,0.0,0.0
missing__peptide_count__P05067,0.0,0.0
missing__peptide_count__P05060,0.0,0.0
missing__peptide_count__P04217,0.0,0.0
missing__current_medication_on,0.0,0.0
rollmean2__months_since_baseline,0.0,0.0
missing__peptide_count__P02652,0.0,0.0
missing__current_medication_unknown,0.0,0.0
missing__peptide_count__P02656,0.0,0.0
missing__visit_index,0.0,0.0
missing__months_since_baseline,0.0,0.0
missing__months_since_prev_visit,0.0,0.0
missing__peptide_count__P04433,0.0,0.0
missing__has_previous_visit,0.0,0.0
missing__peptide_count__P04275,0.0,0.0
missing__peptide_log__SGEATDGARPQALPEPMQESK,0.0,0.0
rollmean2__has_previous_visit,0.0,0.0
missing__peptide_log__LSSWVLLM(UniMod_35)K,0.0,0.0
lag1__peptide_count__Q96S96,0.0,0.0
missing__peptide_count__P02763,0.0,0.0
missing__peptide_count__P02765,0.0,0.0
lag1__peptide_count__Q96PD5,0.0,0.0
missing__peptide_log__LVGGPM(UniMod_35)DASVEEEGVRR,0.0,0.0
missing__peptide_count__P02766,0.0,0.0
missing__peptide_count__P02768,0.0,0.0
lag1__peptide_count__Q96KN2,0.0,0.0
lag1__peptide_count__Q96BZ4,0.0,0.0
lag1__peptide_count__Q92876,0.0,0.0
lag1__peptide_count__Q92823,0.0,0.0
missing__peptide_log__LGADMEDVC(UniMod_4)GR,0.0,0.0
lag1__peptide_count__Q8NBJ4,0.0,0.0
lag1__peptide_count__Q8N2S1,0.0,0.0
lag1__peptide_count__Q8IWV7,0.0,0.0
missing__peptide_count__P02774,0.0,0.0
missing__peptide_count__P02787,0.0,0.0
missing__peptide_log__MASGAANVVGPK,0.0,0.0
missing__peptide_log__MYYSAVDPTKDIFTGLIGPM(UniMod_35)K,0.0,0.0
missing__peptide_count__P02790,0.0,0.0
delta1__peptide_mean__P07858,0.0,0.0
missing__peptide_log__NFPPSQDASGDLYTTSSQLTLPATQC(UniMod_4)LAGK,0.0,0.0
missing__peptide_count__P04075,0.0,0.0
missing__peptide_count__P04004,0.0,0.0
lag1__peptide_count__Q8NE71,0.0,0.0
delta1__peptide_mean__O15394,0.0,0.0
delta1__peptide_mean__O00533,0.0,0.0
missing__peptide_log__LGPLVEQGR,0.0,0.0
missing__peptide_log__LGQSLDC(UniMod_4)NAEVYVVPWEK,0.0,0.0
missing__peptide_log__LIADLGSTSITNLGFR,0.0,0.0
missing__peptide_count__P04156,0.0,0.0
missing__peptide_log__LPPTSAHGNVAEGETKPDPDVTER,0.0,0.0
missing__peptide_log__LQAEAFQAR,0.0,0.0
missing__peptide_count__P02747,0.0,0.0
missing__peptide_log__LRTEGDGVYTLNNEK,0.0,0.0
missing__peptide_log__LRTEGDGVYTLNNEKQWINK,0.0,0.0
delta1__peptide_mean__P01591,0.0,0.0
lag1__peptide_count__Q99435,0.0,0.0
missing__peptide_count__P02749,0.0,0.0
missing__peptide_count__P02750,0.0,0.0
missing__peptide_count__P02751,0.0,0.0
missing__peptide_count__P02753,0.0,0.0
delta1__peptide_mean__P02765,0.0,0.0
missing__peptide_log__LSKELQAAQAR,0.0,0.0
lag1__peptide_count__Q99969,0.0,0.0
lag1__peptide_count__Q99832,0.0,0.0
lag1__peptide_count__Q99829,0.0,0.0
lag1__peptide_count__Q99683,0.0,0.0
lag1__peptide_count__Q99674,0.0,0.0
missing__peptide_count__P02760,0.0,0.0
missing__peptide_count__P02748,0.0,0.0
missing__protein_npx__P04211,0.0,0.0
missing__peptide_count__P01860,0.0,0.0
missing__protein_npx__P04207,0.0,0.0
missing__protein_npx__P04196,0.0,0.0
missing__protein_npx__P04180,0.0,0.0
missing__protein_npx__P04156,0.0,0.0
missing__protein_npx__P04075,0.0,0.0
missing__protein_npx__P04004,0.0,0.0
missing__protein_npx__P02792,0.0,0.0
missing__peptide_count__P05546,0.0,0.0
missing__protein_npx__P02790,0.0,0.0
missing__protein_npx__P02787,0.0,0.0
missing__protein_npx__O60888,0.0,0.0
missing__protein_npx__P02768,0.0,0.0
missing__protein_npx__P02766,0.0,0.0
missing__peptide_log__YVM(UniMod_35)LPVADQDQC(UniMod_4)IR,0.0,0.0
missing__peptide_log__YVMLPVADQDQC(UniMod_4)IR,0.0,0.0
missing__protein_npx__P02765,0.0,0.0
missing__peptide_count__P05452,0.0,0.0
missing__protein_npx__P02763,0.0,0.0
missing__protein_npx__P02760,0.0,0.0
missing__protein_npx__P02753,0.0,0.0
missing__protein_npx__P02751,0.0,0.0
missing__protein_npx__P02750,0.0,0.0
missing__peptide_count__P05408,0.0,0.0
missing__protein_npx__P02774,0.0,0.0
missing__protein_npx__P06681,0.0,0.0
missing__protein_npx__P06454,0.0,0.0
missing__peptide_count__P06727,0.0,0.0
missing__protein_npx__P06396,0.0,0.0
missing__peptide_count__P06681,0.0,0.0
missing__peptide_count__P06454,0.0,0.0
missing__peptide_count__P06396,0.0,0.0
missing__peptide_log__VTLTC(UniMod_4)VAPLSGVDFQLR,0.0,0.0
missing__peptide_log__VTSIQDWVQK,0.0,0.0
missing__peptide_log__VYC(UniMod_4)DMNTENGGWTVIQNR,0.0,0.0
missing__protein_npx__P05546,0.0,0.0
missing__protein_npx__P05452,0.0,0.0
missing__protein_npx__P04216,0.0,0.0
missing__peptide_mean__O43505,0.0,0.0
missing__protein_npx__P05155,0.0,0.0
missing__protein_npx__P05090,0.0,0.0
missing__protein_npx__P05067,0.0,0.0
missing__protein_npx__P05060,0.0,0.0
missing__peptide_log__WELALGR,0.0,0.0
missing__peptide_log__YIVSGTPTFVPYLIK,0.0,0.0
missing__protein_npx__P04433,0.0,0.0
missing__peptide_count__P01857,0.0,0.0
missing__peptide_count__P01859,0.0,0.0
missing__protein_npx__P04275,0.0,0.0
missing__protein_npx__P04217,0.0,0.0
missing__peptide_count__P01834,0.0,0.0
missing__protein_npx__P01042,0.0,0.0
missing__protein_npx__P01034,0.0,0.0
missing__protein_npx__P01033,0.0,0.0
missing__peptide_count__P01876,0.0,0.0
missing__protein_npx__P01024,0.0,0.0
missing__protein_npx__P01023,0.0,0.0
missing__peptide_count__P01877,0.0,0.0
missing__protein_npx__P01019,0.0,0.0
missing__protein_npx__P01011,0.0,0.0
missing__protein_npx__P01009,0.0,0.0
missing__protein_npx__P01008,0.0,0.0
missing__protein_npx__P00751,0.0,0.0
missing__protein_npx__P02749,0.0,0.0
missing__peptide_count__P05090,0.0,0.0
missing__protein_npx__P00747,0.0,0.0
missing__protein_npx__P00746,0.0,0.0
missing__protein_npx__P00738,0.0,0.0
missing__peptide_count__P02452,0.0,0.0
missing__protein_npx__P00736,0.0,0.0
missing__protein_npx__P00734,0.0,0.0
missing__protein_npx__P00450,0.0,0.0
missing__protein_npx__P00441,0.0,0.0
missing__peptide_count__P02647,0.0,0.0
missing__protein_npx__O75144,0.0,0.0
missing__current_updrs_2,0.0,0.0
missing__protein_npx__P00748,0.0,0.0
missing__protein_npx__P02748,0.0,0.0
missing__protein_npx__P02747,0.0,0.0
missing__protein_npx__P02679,0.0,0.0
missing__protein_npx__P02675,0.0,0.0
missing__peptide_log__YYWGGQYTWDMAK,0.0,0.0
missing__protein_npx__P02671,0.0,0.0
missing__protein_npx__P02656,0.0,0.0
missing__protein_npx__P02652,0.0,0.0
missing__protein_npx__P02649,0.0,0.0
missing__protein_npx__P02647,0.0,0.0
missing__protein_npx__P02452,0.0,0.0
missing__protein_npx__P01877,0.0,0.0
missing__peptide_count__P01861,0.0,0.0
missing__peptide_feature_count,0.0,0.0
missing__peptide_missing_fraction,0.0,0.0
missing__protein_npx__P01860,0.0,0.0
missing__protein_npx__P01859,0.0,0.0
missing__protein_npx__P01857,0.0,0.0
missing__protein_npx__P01834,0.0,0.0
missing__peptide_count__P05156,0.0,0.0
missing__protein_npx__P01717,0.0,0.0
missing__protein_npx__P01621,0.0,0.0
missing__peptide_count__P05155,0.0,0.0
missing__current_updrs_1,0.0,0.0
missing__protein_npx__P01344,0.0,0.0
missing__protein_npx__P01876,0.0,0.0
missing__peptide_std__P02763,0.0,0.0
missing__peptide_std__P02760,0.0,0.0
missing__peptide_std__P02753,0.0,0.0
missing__peptide_std__P02751,0.0,0.0
missing__peptide_std__P02750,0.0,0.0
missing__peptide_std__P02749,0.0,0.0
missing__peptide_std__P02748,0.0,0.0
missing__peptide_std__P02747,0.0,0.0
missing__peptide_std__P02679,0.0,0.0
missing__peptide_std__P02675,0.0,0.0
missing__peptide_count__P16152,0.0,0.0
missing__peptide_std__P02671,0.0,0.0
missing__peptide_mean__P00747,0.0,0.0
missing__peptide_std__P02652,0.0,0.0
missing__peptide_std__P02649,0.0,0.0
missing__peptide_std__P02647,0.0,0.0
missing__peptide_count__O43505,0.0,0.0
missing__peptide_count__Q13740,0.0,0.0
missing__peptide_std__P01876,0.0,0.0
missing__peptide_std__P01860,0.0,0.0
missing__peptide_std__P01859,0.0,0.0
missing__peptide_std__P01857,0.0,0.0
missing__peptide_std__P01834,0.0,0.0
missing__peptide_std__P01042,0.0,0.0
missing__peptide_std__P01034,0.0,0.0
missing__peptide_std__P02656,0.0,0.0
missing__peptide_std__P05452,0.0,0.0
missing__peptide_std__P05156,0.0,0.0
missing__peptide_std__P05155,0.0,0.0
missing__peptide_std__P05090,0.0,0.0
missing__peptide_count__O15240,0.0,0.0
missing__peptide_std__P05067,0.0,0.0
missing__peptide_count__Q12841,0.0,0.0
missing__peptide_count__Q12907,0.0,0.0
missing__peptide_std__P05060,0.0,0.0
missing__peptide_std__P04433,0.0,0.0
missing__peptide_count__P16870,0.0,0.0
missing__peptide_std__P04217,0.0,0.0
missing__peptide_std__P02765,0.0,0.0
missing__peptide_std__P04180,0.0,0.0
missing__peptide_count__Q13283,0.0,0.0
missing__peptide_count__Q13332,0.0,0.0
missing__peptide_std__P04075,0.0,0.0
missing__peptide_count__Q13451,0.0,0.0
missing__peptide_std__P04004,0.0,0.0
missing__peptide_count__O15394,0.0,0.0
missing__peptide_std__P02790,0.0,0.0
missing__peptide_std__P02787,0.0,0.0
missing__peptide_std__P02774,0.0,0.0
missing__peptide_std__P02768,0.0,0.0
missing__peptide_std__P02766,0.0,0.0
missing__peptide_std__P04196,0.0,0.0
missing__peptide_mean__Q9Y6R7,0.0,0.0
missing__peptide_mean__Q9Y646,0.0,0.0
missing__peptide_mean__Q9UKV8,0.0,0.0
missing__peptide_mean__Q9UHG2,0.0,0.0
missing__peptide_mean__Q9UBX5,0.0,0.0
missing__peptide_mean__Q9UBR2,0.0,0.0
missing__peptide_mean__Q9NYU2,0.0,0.0
missing__peptide_mean__Q9NQ79,0.0,0.0
missing__peptide_mean__Q9BY67,0.0,0.0
missing__peptide_count__P00441,0.0,0.0
missing__peptide_count__Q562R1,0.0,0.0
missing__peptide_mean__Q99674,0.0,0.0
missing__peptide_std__P01024,0.0,0.0
missing__peptide_mean__Q96S96,0.0,0.0
missing__peptide_mean__Q96PD5,0.0,0.0
missing__peptide_mean__Q96KN2,0.0,0.0
missing__peptide_mean__Q96BZ4,0.0,0.0
missing__peptide_mean__Q92876,0.0,0.0
missing__peptide_count__P00450,0.0,0.0
missing__peptide_count__Q7Z3B1,0.0,0.0
missing__peptide_mean__Q92823,0.0,0.0
missing__peptide_mean__Q92520,0.0,0.0
missing__peptide_mean__Q8NE71,0.0,0.0
missing__peptide_mean__Q8NBJ4,0.0,0.0
missing__peptide_mean__Q8N2S1,0.0,0.0
missing__peptide_count__Q6UXB8,0.0,0.0
missing__peptide_std__P01023,0.0,0.0
missing__peptide_std__P01019,0.0,0.0
missing__peptide_std__P01011,0.0,0.0
missing__peptide_std__P01009,0.0,0.0
missing__peptide_std__P01008,0.0,0.0
missing__peptide_std__P00751,0.0,0.0
missing__peptide_std__P00748,0.0,0.0
missing__peptide_std__P00747,0.0,0.0
missing__peptide_count__Q14118,0.0,0.0
missing__peptide_count__Q14508,0.0,0.0
missing__peptide_count__O60888,0.0,0.0
missing__peptide_count__Q14515,0.0,0.0
missing__peptide_std__O00533,0.0,0.0
missing__peptide_count__Q15904,0.0,0.0
missing__peptide_count__Q16270,0.0,0.0
missing__peptide_count__Q16610,0.0,0.0
missing__peptide_std__P00738,0.0,0.0
missing__peptide_std__P00736,0.0,0.0
missing__peptide_std__P00734,0.0,0.0
missing__peptide_std__P00450,0.0,0.0
missing__peptide_std__P00441,0.0,0.0
missing__peptide_std__O94919,0.0,0.0
missing__peptide_std__O75144,0.0,0.0
missing__peptide_count__O75144,0.0,0.0
missing__peptide_std__O00584,0.0,0.0
missing__peptide_count__P16070,0.0,0.0
missing__peptide_count__Q14624,0.0,0.0
missing__peptide_std__Q92876,0.0,0.0
missing__peptide_std__P51884,0.0,0.0
missing__peptide_std__P43652,0.0,0.0
missing__peptide_std__P43121,0.0,0.0
missing__peptide_std__P41222,0.0,0.0
missing__peptide_std__P39060,0.0,0.0
missing__peptide_std__P36955,0.0,0.0
missing__peptide_std__P36222,0.0,0.0
missing__peptide_std__P30086,0.0,0.0
missing__peptide_count__P39060,0.0,0.0
missing__peptide_std__P25311,0.0,0.0
missing__peptide_std__P24592,0.0,0.0
missing__peptide_std__P05546,0.0,0.0
missing__peptide_std__P20774,0.0,0.0
missing__peptide_count__P40925,0.0,0.0
missing__peptide_count__P41222,0.0,0.0
missing__peptide_std__P19823,0.0,0.0
missing__peptide_std__P19652,0.0,0.0
missing__peptide_count__P43121,0.0,0.0
missing__peptide_std__Q96KN2,0.0,0.0
missing__peptide_std__Q96PD5,0.0,0.0
missing__peptide_count__P43251,0.0,0.0
missing__peptide_std__Q9UBX5,0.0,0.0
missing__peptide_std__P18065,0.0,0.0
missing__peptide_count__P19823,0.0,0.0
missing__peptide_std__P23142,0.0,0.0
missing__peptide_count__P20933,0.0,0.0
missing__peptide_std__Q16270,0.0,0.0
missing__peptide_std__Q14624,0.0,0.0
missing__peptide_std__Q14515,0.0,0.0
missing__peptide_count__P20774,0.0,0.0
missing__peptide_count__P23142,0.0,0.0
missing__peptide_count__P24592,0.0,0.0
missing__peptide_std__Q16610,0.0,0.0
missing__peptide_std__Q14118,0.0,0.0
missing__peptide_std__Q13740,0.0,0.0
missing__peptide_count__P25311,0.0,0.0
missing__peptide_count__P27169,0.0,0.0
missing__peptide_std__P54289,0.0,0.0
missing__peptide_count__P36222,0.0,0.0
missing__peptide_std__Q12907,0.0,0.0
missing__peptide_std__Q12841,0.0,0.0
missing__peptide_std__Q12805,0.0,0.0
missing__peptide_std__Q08380,0.0,0.0
missing__peptide_count__P36955,0.0,0.0
missing__peptide_std__P61916,0.0,0.0
missing__peptide_std__P61769,0.0,0.0
missing__peptide_std__Q6UXB8,0.0,0.0
missing__peptide_std__Q92520,0.0,0.0
missing__peptide_std__P55290,0.0,0.0
missing__peptide_std__Q92823,0.0,0.0
missing__peptide_count__P35542,0.0,0.0
missing__peptide_count__P61626,0.0,0.0
missing__peptide_count__O14498,0.0,0.0
missing__peptide_std__P07998,0.0,0.0
missing__peptide_count__P61769,0.0,0.0
missing__peptide_std__P07602,0.0,0.0
missing__peptide_count__P61916,0.0,0.0
missing__peptide_count__P80748,0.0,0.0
missing__peptide_count__P98160,0.0,0.0
missing__peptide_count__P18065,0.0,0.0
delta1__protein_npx__O00533,0.0,0.0
missing__peptide_count__O14773,0.0,0.0
missing__peptide_count__P17936,0.0,0.0
missing__peptide_count__P43652,0.0,0.0
lag1__current_medication_unknown,0.0,0.0
lag1__current_updrs_4,0.0,0.0
missing__peptide_count__Q06481,0.0,0.0
delta1__protein_npx__P09104,0.0,0.0
missing__peptide_count__P17174,0.0,0.0
missing__peptide_std__P07339,0.0,0.0
missing__peptide_count__Q08380,0.0,0.0
missing__peptide_count__Q12805,0.0,0.0
missing__peptide_std__P07225,0.0,0.0
missing__peptide_std__P06727,0.0,0.0
missing__peptide_std__P06681,0.0,0.0
missing__peptide_std__P06396,0.0,0.0
missing__peptide_count__O14791,0.0,0.0
missing__peptide_std__P17174,0.0,0.0
missing__peptide_std__P16870,0.0,0.0
missing__peptide_std__P16070,0.0,0.0
missing__peptide_std__P16035,0.0,0.0
missing__peptide_std__P14618,0.0,0.0
missing__peptide_std__P13987,0.0,0.0
missing__peptide_std__P13591,0.0,0.0
missing__peptide_std__P12109,0.0,0.0
missing__peptide_std__Q9UHG2,0.0,0.0
missing__peptide_std__P10909,0.0,0.0
missing__peptide_count__P49588,0.0,0.0
missing__peptide_count__O00533,0.0,0.0
missing__peptide_std__P08294,0.0,0.0
missing__peptide_count__P49908,0.0,0.0
missing__peptide_count__P51884,0.0,0.0
missing__peptide_count__O00584,0.0,0.0
missing__peptide_std__P10645,0.0,0.0
missing__peptide_count__P54289,0.0,0.0
missing__peptide_std__P10643,0.0,0.0
missing__peptide_count__P55290,0.0,0.0
missing__peptide_std__P09871,0.0,0.0
missing__peptide_std__P09486,0.0,0.0
missing__peptide_count__P61278,0.0,0.0
missing__peptide_std__P08697,0.0,0.0
missing__peptide_std__P08603,0.0,0.0
missing__peptide_std__P08571,0.0,0.0
missing__peptide_count__P19652,0.0,0.0
missing__peptide_count__Q99969,0.0,0.0
missing__peptide_mean__P04216,0.0,0.0
missing__peptide_mean__P04211,0.0,0.0
missing__peptide_mean__P04207,0.0,0.0
missing__peptide_mean__P04196,0.0,0.0
missing__peptide_mean__P04180,0.0,0.0
missing__peptide_mean__P04156,0.0,0.0
missing__peptide_mean__P04075,0.0,0.0
missing__peptide_mean__P04004,0.0,0.0
missing__peptide_count__Q9BY67,0.0,0.0
missing__peptide_mean__P02790,0.0,0.0
missing__peptide_mean__P02787,0.0,0.0
missing__peptide_mean__Q8IWV7,0.0,0.0
missing__peptide_count__P10909,0.0,0.0
missing__peptide_mean__P02768,0.0,0.0
missing__peptide_mean__P02766,0.0,0.0
missing__peptide_mean__P02765,0.0,0.0
missing__peptide_mean__P02763,0.0,0.0
missing__peptide_mean__P02760,0.0,0.0
missing__peptide_mean__P02753,0.0,0.0
missing__peptide_mean__P02751,0.0,0.0
missing__peptide_mean__P02750,0.0,0.0
missing__peptide_mean__P02749,0.0,0.0
missing__peptide_mean__P02748,0.0,0.0
missing__peptide_mean__P02747,0.0,0.0
missing__peptide_mean__P02774,0.0,0.0
missing__peptide_count__P11142,0.0,0.0
missing__peptide_count__P00738,0.0,0.0
delta1__protein_npx__P11142,0.0,0.0
missing__peptide_mean__P07998,0.0,0.0
missing__peptide_mean__P07858,0.0,0.0
missing__peptide_mean__P07711,0.0,0.0
missing__peptide_mean__P07602,0.0,0.0
missing__peptide_mean__P07339,0.0,0.0
missing__peptide_mean__P07333,0.0,0.0
missing__peptide_mean__P07225,0.0,0.0
missing__peptide_mean__P07195,0.0,0.0
missing__peptide_mean__P06727,0.0,0.0
missing__peptide_mean__P04217,0.0,0.0
missing__peptide_mean__P06454,0.0,0.0
missing__peptide_mean__P06396,0.0,0.0
missing__peptide_mean__P05546,0.0,0.0
missing__peptide_mean__P05452,0.0,0.0
missing__peptide_mean__P05156,0.0,0.0
missing__peptide_mean__P05155,0.0,0.0
missing__peptide_count__P00746,0.0,0.0
missing__peptide_mean__P05090,0.0,0.0
missing__peptide_mean__P05067,0.0,0.0
missing__peptide_mean__P05060,0.0,0.0
missing__peptide_mean__P04433,0.0,0.0
missing__peptide_mean__P04275,0.0,0.0
missing__peptide_mean__P06681,0.0,0.0
missing__peptide_mean__P01033,0.0,0.0
missing__peptide_mean__P01031,0.0,0.0
missing__peptide_mean__P01024,0.0,0.0
missing__peptide_count__P10645,0.0,0.0
missing__peptide_count__P00751,0.0,0.0
missing__peptide_mean__P01023,0.0,0.0
missing__peptide_count__P01008,0.0,0.0
delta1__protein_npx__P05156,0.0,0.0
missing__peptide_mean__P01019,0.0,0.0
missing__peptide_mean__P01011,0.0,0.0
missing__peptide_mean__P01009,0.0,0.0
missing__peptide_mean__P01008,0.0,0.0
missing__peptide_mean__P02679,0.0,0.0
missing__peptide_mean__P00748,0.0,0.0
missing__peptide_mean__P00746,0.0,0.0
missing__peptide_mean__P00738,0.0,0.0
missing__peptide_mean__P00736,0.0,0.0
missing__peptide_mean__P00734,0.0,0.0
missing__peptide_mean__P00450,0.0,0.0
missing__peptide_mean__P00441,0.0,0.0
missing__peptide_count__P10643,0.0,0.0
delta1__protein_npx__P05408,0.0,0.0
missing__peptide_mean__O75326,0.0,0.0
missing__peptide_mean__O75144,0.0,0.0
missing__peptide_mean__O60888,0.0,0.0
missing__peptide_mean__P00751,0.0,0.0
missing__peptide_mean__P02675,0.0,0.0
missing__peptide_mean__P02671,0.0,0.0
missing__peptide_mean__P02656,0.0,0.0
missing__peptide_count__Q9HDC9,0.0,0.0
missing__peptide_count__Q9NQ79,0.0,0.0
missing__peptide_mean__P02652,0.0,0.0
missing__peptide_mean__P02649,0.0,0.0
missing__peptide_mean__P02647,0.0,0.0
missing__peptide_mean__P02452,0.0,0.0
missing__peptide_mean__P01877,0.0,0.0
missing__peptide_mean__P01876,0.0,0.0
missing__peptide_count__Q9UBR2,0.0,0.0
missing__peptide_mean__P01034,0.0,0.0
missing__peptide_mean__P01859,0.0,0.0
missing__peptide_mean__P01857,0.0,0.0
missing__peptide_mean__P01834,0.0,0.0
missing__peptide_count__Q9UBX5,0.0,0.0
missing__peptide_mean__P01717,0.0,0.0
missing__peptide_mean__P01621,0.0,0.0
missing__peptide_count__Q9UHG2,0.0,0.0
missing__peptide_count__Q9UKV8,0.0,0.0
missing__peptide_count__P00747,0.0,0.0
missing__peptide_mean__P01608,0.0,0.0
missing__peptide_count__P00748,0.0,0.0
missing__peptide_mean__P01344,0.0,0.0
missing__peptide_mean__P01042,0.0,0.0
missing__peptide_mean__P01860,0.0,0.0
missing__peptide_mean__P61769,0.0,0.0
missing__peptide_mean__P61626,0.0,0.0
missing__peptide_mean__P60174,0.0,0.0
missing__peptide_mean__P55290,0.0,0.0
missing__peptide_mean__P54289,0.0,0.0
missing__peptide_mean__P51884,0.0,0.0
missing__peptide_mean__P49908,0.0,0.0
missing__peptide_mean__P49588,0.0,0.0
missing__peptide_mean__P43652,0.0,0.0
missing__peptide_mean__P43251,0.0,0.0
missing__peptide_mean__P43121,0.0,0.0
missing__peptide_mean__P41222,0.0,0.0
missing__peptide_count__Q99674,0.0,0.0
missing__peptide_mean__P39060,0.0,0.0
missing__peptide_mean__P36955,0.0,0.0
missing__peptide_mean__P36222,0.0,0.0
missing__peptide_mean__P35542,0.0,0.0
missing__peptide_count__Q7Z5P9,0.0,0.0
missing__peptide_mean__P30086,0.0,0.0
missing__peptide_mean__P27169,0.0,0.0
missing__peptide_mean__P25311,0.0,0.0
missing__peptide_mean__P24592,0.0,0.0
missing__peptide_count__Q8IWV7,0.0,0.0
missing__peptide_mean__P23142,0.0,0.0
missing__peptide_count__P14174,0.0,0.0
missing__peptide_mean__P40925,0.0,0.0
missing__peptide_mean__Q7Z5P9,0.0,0.0
missing__peptide_mean__Q7Z3B1,0.0,0.0
missing__peptide_count__P16035,0.0,0.0
missing__peptide_mean__Q6UXB8,0.0,0.0
missing__peptide_mean__Q6UX71,0.0,0.0
missing__peptide_count__P14618,0.0,0.0
missing__peptide_mean__Q16610,0.0,0.0
missing__peptide_mean__Q16270,0.0,0.0
missing__peptide_mean__Q15904,0.0,0.0
missing__peptide_mean__Q14624,0.0,0.0
missing__peptide_mean__Q14515,0.0,0.0
missing__peptide_mean__Q14508,0.0,0.0
missing__peptide_mean__P61916,0.0,0.0
missing__peptide_mean__Q13451,0.0,0.0
missing__peptide_mean__Q13449,0.0,0.0
missing__peptide_mean__Q13332,0.0,0.0
missing__peptide_count__P14314,0.0,0.0
missing__peptide_mean__Q13283,0.0,0.0
missing__peptide_mean__Q12907,0.0,0.0
missing__peptide_mean__Q12841,0.0,0.0
missing__peptide_mean__Q12805,0.0,0.0
missing__peptide_mean__Q08380,0.0,0.0
missing__peptide_mean__Q06481,0.0,0.0
missing__peptide_mean__Q02818,0.0,0.0
missing__peptide_mean__P80748,0.0,0.0
missing__peptide_mean__Q14118,0.0,0.0
missing__peptide_mean__P10645,0.0,0.0
missing__peptide_mean__P10643,0.0,0.0
missing__peptide_mean__P10451,0.0,0.0
missing__peptide_count__P00736,0.0,0.0
missing__peptide_mean__P09871,0.0,0.0
missing__peptide_mean__P09486,0.0,0.0
missing__peptide_count__P13591,0.0,0.0
missing__peptide_mean__P08697,0.0,0.0
missing__peptide_mean__P08603,0.0,0.0
missing__peptide_mean__P08571,0.0,0.0
missing__peptide_mean__P08493,0.0,0.0
missing__peptide_mean__P08294,0.0,0.0
missing__peptide_mean__P20933,0.0,0.0
missing__peptide_count__Q92823,0.0,0.0
missing__peptide_count__P13473,0.0,0.0
missing__peptide_count__P12109,0.0,0.0
missing__peptide_count__Q92876,0.0,0.0
missing__peptide_count__Q96KN2,0.0,0.0
missing__peptide_count__Q96PD5,0.0,0.0
missing__peptide_count__Q96S96,0.0,0.0
missing__peptide_count__P11277,0.0,0.0
delta1__protein_npx__P20933,0.0,0.0
delta1__protein_npx__P19021,0.0,0.0
missing__peptide_count__Q99435,0.0,0.0
delta1__protein_npx__P16152,0.0,0.0
missing__peptide_count__P13521,0.0,0.0
missing__peptide_mean__P20774,0.0,0.0
missing__peptide_mean__P19823,0.0,0.0
missing__peptide_mean__P19652,0.0,0.0
missing__peptide_mean__P18065,0.0,0.0
missing__peptide_count__Q8N2S1,0.0,0.0
missing__peptide_mean__P17174,0.0,0.0
missing__peptide_mean__P16870,0.0,0.0
missing__peptide_count__Q8NBJ4,0.0,0.0
missing__peptide_mean__P16152,0.0,0.0
missing__peptide_mean__P16070,0.0,0.0
missing__peptide_count__P13987,0.0,0.0
missing__peptide_mean__P16035,0.0,0.0
missing__peptide_count__Q92520,0.0,0.0
missing__peptide_mean__P14314,0.0,0.0
missing__peptide_mean__P14174,0.0,0.0
missing__peptide_mean__P13987,0.0,0.0
missing__peptide_mean__P13671,0.0,0.0
missing__peptide_mean__P13611,0.0,0.0
missing__peptide_count__P00734,0.0,0.0
missing__peptide_mean__P13591,0.0,0.0
missing__peptide_mean__P13521,0.0,0.0
missing__peptide_mean__P13473,0.0,0.0
missing__peptide_mean__P12109,0.0,0.0
missing__peptide_count__P13611,0.0,0.0
missing__peptide_mean__P11142,0.0,0.0
missing__peptide_mean__P10909,0.0,0.0
missing__peptide_mean__P14618,0.0,0.0
lag1__peptide_count__P00747,0.0,0.0
lag1__peptide_count__P00736,0.0,0.0
lag1__peptide_count__P00441,0.0,0.0
lag1__peptide_count__O94919,0.0,0.0
lag1__peptide_count__O75326,0.0,0.0
lag1__peptide_count__O75144,0.0,0.0
lag1__peptide_count__O60888,0.0,0.0
lag1__peptide_count__O43505,0.0,0.0
lag1__peptide_count__O15394,0.0,0.0
lag1__protein_npx__P20933,0.0,0.0
lag1__protein_npx__P20774,0.0,0.0
slope1__protein_npx__P05408,0.0,0.0
slope1__protein_npx__P05060,0.0,0.0
slope1__protein_npx__P04406,0.0,0.0
rollmean2__peptide_count__P07858,0.0,0.0
lag1__peptide_count__P01780,0.0,0.0
lag1__peptide_count__P01717,0.0,0.0
lag1__peptide_count__P01621,0.0,0.0
lag1__peptide_count__P01608,0.0,0.0
lag1__protein_npx__P16070,0.0,0.0
lag1__protein_npx__P14618,0.0,0.0
lag1__protein_npx__P13987,0.0,0.0
slope1__months_since_prev_visit,0.0,0.0
slope1__months_since_baseline,0.0,0.0
slope1__current_medication_on,0.0,0.0
slope1__peptide_log__YIVSGTPTFVPYLIK,0.0,0.0
slope1__protein_npx__P06396,0.0,0.0
slope1__protein_npx__P23083,0.0,0.0
slope1__protein_npx__P14618,0.0,0.0
slope1__protein_npx__P02753,0.0,0.0
lag1__protein_npx__P01621,0.0,0.0
lag1__protein_npx__P01608,0.0,0.0
lag1__protein_npx__P01031,0.0,0.0
lag1__protein_npx__P05452,0.0,0.0
lag1__protein_npx__P04406,0.0,0.0
delta1__current_medication_on,0.0,0.0
lag1__peptide_count__P02792,0.0,0.0
lag1__peptide_count__P02787,0.0,0.0
lag1__peptide_count__P02766,0.0,0.0
lag1__peptide_count__P02765,0.0,0.0
lag1__peptide_count__P02763,0.0,0.0
lag1__peptide_count__P02760,0.0,0.0
lag1__peptide_count__P02753,0.0,0.0
lag1__protein_npx__P02751,0.0,0.0
lag1__peptide_count__P01008,0.0,0.0
slope1__protein_npx__P01780,0.0,0.0
slope1__protein_npx__O60888,0.0,0.0
slope1__protein_npx__O15240,0.0,0.0
delta1__months_since_baseline,0.0,0.0
delta1__visit_index,0.0,0.0
delta1__current_medication_unknown,0.0,0.0
lag1__peptide_count__P01594,0.0,0.0
lag1__peptide_count__P01591,0.0,0.0
lag1__peptide_count__P01344,0.0,0.0
lag1__peptide_count__P01042,0.0,0.0
lag1__peptide_count__P01034,0.0,0.0
lag1__peptide_count__P01033,0.0,0.0
lag1__peptide_count__P01031,0.0,0.0
lag1__peptide_count__P01019,0.0,0.0
lag1__peptide_count__P01011,0.0,0.0
lag1__protein_npx__P10909,0.0,0.0
lag1__peptide_std__P01877,0.0,0.0
lag1__peptide_mean__Q9Y646,0.0,0.0
lag1__peptide_mean__Q99832,0.0,0.0
lag1__peptide_mean__Q99829,0.0,0.0
slope1__peptide_mean__P04075,0.0,0.0
slope1__peptide_count__Q9Y646,0.0,0.0
slope1__peptide_count__Q9UNU6,0.0,0.0
slope1__peptide_count__Q9UKV8,0.0,0.0
slope1__peptide_mean__P10451,0.0,0.0
slope1__peptide_mean__P09486,0.0,0.0
slope1__peptide_mean__P08253,0.0,0.0
slope1__peptide_mean__P06310,0.0,0.0
slope1__peptide_mean__P05155,0.0,0.0
lag1__peptide_mean__Q6UXD5,0.0,0.0
slope1__protein_npx__P10909,0.0,0.0
lag1__peptide_mean__P01780,0.0,0.0
slope1__peptide_count__Q9UHG2,0.0,0.0
slope1__peptide_count__Q9UBX5,0.0,0.0
slope1__peptide_count__Q9UBR2,0.0,0.0
slope1__peptide_count__Q9NYU2,0.0,0.0
slope1__peptide_count__Q9NQ79,0.0,0.0
slope1__peptide_count__Q9HDC9,0.0,0.0
slope1__peptide_count__Q9BY67,0.0,0.0
slope1__peptide_count__Q99969,0.0,0.0
slope1__peptide_count__Q99832,0.0,0.0
slope1__peptide_count__Q99829,0.0,0.0
slope1__peptide_count__Q99683,0.0,0.0
slope1__peptide_count__Q99674,0.0,0.0
slope1__peptide_count__Q99435,0.0,0.0
slope1__peptide_mean__P17174,0.0,0.0
lag1__peptide_count__O15240,0.0,0.0
lag1__peptide_count__O14791,0.0,0.0
lag1__peptide_count__O14773,0.0,0.0
lag1__peptide_count__O14498,0.0,0.0
lag1__peptide_count__O00584,0.0,0.0
lag1__peptide_count__O00533,0.0,0.0
lag1__peptide_count__O00391,0.0,0.0
slope1__peptide_log__SSQGGSLPSEEK,0.0,0.0
lag1__peptide_std__P27169,0.0,0.0
slope1__protein_npx__P36955,0.0,0.0
lag1__peptide_std__P05090,0.0,0.0
slope1__protein_npx__Q96S96,0.0,0.0
slope1__protein_npx__Q92823,0.0,0.0
slope1__protein_npx__Q6UXD5,0.0,0.0
slope1__peptide_mean__O75326,0.0,0.0
slope1__peptide_log__SLAAAAGKQELAK,0.0,0.0
slope1__peptide_log__SEALAVDGAGKPGAEEAQDPEGK,0.0,0.0
slope1__peptide_log__NFPPSQDASGDLYTTSSQLTLPATQC(UniMod_4)PDGK,0.0,0.0
slope1__peptide_log__MYYSAVDPTKDIFTGLIGPM(UniMod_35)K,0.0,0.0
lag1__protein_npx__Q99829,0.0,0.0
slope1__peptide_mean__O15394,0.0,0.0
slope1__peptide_mean__O15240,0.0,0.0
slope1__peptide_mean__O00391,0.0,0.0
slope1__protein_npx__Q99829,0.0,0.0
lag1__protein_npx__Q6UX71,0.0,0.0
slope1__peptide_log__HGGLYHENMR,0.0,0.0
slope1__peptide_log__GYQLSDVDGVTC(UniMod_4)EDIDEC(UniMod_4)ALPTGGHIC(UniMod_4)SYR,0.0,0.0
slope1__peptide_mean__P01780,0.0,0.0
slope1__peptide_mean__P01591,0.0,0.0
slope1__peptide_mean__P00734,0.0,0.0
slope1__protein_npx__Q6UX71,0.0,0.0
delta1__peptide_count__Q16270,0.0,0.0
delta1__peptide_count__Q15904,0.0,0.0
delta1__peptide_count__Q14624,0.0,0.0
delta1__peptide_count__Q14508,0.0,0.0
delta1__peptide_count__Q14118,0.0,0.0
delta1__peptide_count__Q13451,0.0,0.0
delta1__peptide_count__Q13449,0.0,0.0
delta1__peptide_count__Q13332,0.0,0.0
delta1__peptide_count__Q13283,0.0,0.0
delta1__peptide_count__Q12907,0.0,0.0
delta1__peptide_count__Q12841,0.0,0.0
delta1__peptide_count__Q08380,0.0,0.0
delta1__peptide_count__Q06481,0.0,0.0
delta1__peptide_count__Q02818,0.0,0.0
delta1__peptide_log__NFPPSQDASGDLYTTSSQLTLPATQC(UniMod_4)PDGK,0.0,0.0
delta1__peptide_log__AYKSELEEQLTPVAEETR,0.0,0.0
delta1__peptide_count__Q9Y6R7,0.0,0.0
delta1__peptide_count__Q9Y646,0.0,0.0
delta1__peptide_count__Q9UNU6,0.0,0.0
delta1__peptide_count__Q9UKV8,0.0,0.0
delta1__peptide_count__Q9UHG2,0.0,0.0
delta1__peptide_count__Q9UBX5,0.0,0.0
delta1__peptide_count__Q9UBR2,0.0,0.0
delta1__peptide_count__Q9NYU2,0.0,0.0
delta1__peptide_count__Q9NQ79,0.0,0.0
delta1__peptide_count__Q9HDC9,0.0,0.0
delta1__peptide_count__Q9BY67,0.0,0.0
delta1__peptide_count__Q99969,0.0,0.0
delta1__peptide_count__Q99832,0.0,0.0
delta1__peptide_count__P98160,0.0,0.0
peptide_count__Q9UHG2,0.0,0.0
peptide_count__Q9UBX5,0.0,0.0
peptide_count__Q9UBR2,0.0,0.0
peptide_count__Q9NYU2,0.0,0.0
peptide_count__Q9NQ79,0.0,0.0
peptide_count__Q9HDC9,0.0,0.0
peptide_count__Q9BY67,0.0,0.0
peptide_count__Q99969,0.0,0.0
peptide_count__Q99832,0.0,0.0
peptide_count__Q99829,0.0,0.0
peptide_count__Q99683,0.0,0.0
peptide_count__Q99674,0.0,0.0
peptide_count__Q99435,0.0,0.0
peptide_count__Q96S96,0.0,0.0
delta1__peptide_count__Q16610,0.0,0.0
peptide_count__Q92876,0.0,0.0
peptide_count__Q92823,0.0,0.0
delta1__peptide_count__Q96BZ4,0.0,0.0
delta1__peptide_count__Q92876,0.0,0.0
delta1__peptide_count__Q92823,0.0,0.0
delta1__peptide_count__Q8NE71,0.0,0.0
delta1__peptide_count__Q8NBJ4,0.0,0.0
delta1__peptide_count__Q8N2S1,0.0,0.0
delta1__peptide_count__Q8IWV7,0.0,0.0
delta1__peptide_count__Q7Z5P9,0.0,0.0
delta1__peptide_count__Q7Z3B1,0.0,0.0
delta1__peptide_count__Q6UXD5,0.0,0.0
delta1__peptide_count__Q6UXB8,0.0,0.0
delta1__peptide_count__Q6UX71,0.0,0.0
delta1__peptide_count__Q562R1,0.0,0.0
peptide_count__Q96BZ4,0.0,0.0
delta1__peptide_log__LSNENHGIAQR,0.0,0.0
lag1__peptide_count__P07858,0.0,0.0
lag1__peptide_count__P07711,0.0,0.0
lag1__peptide_count__P07602,0.0,0.0
lag1__peptide_count__P07339,0.0,0.0
lag1__peptide_count__P07333,0.0,0.0
lag1__peptide_count__P07225,0.0,0.0
lag1__peptide_count__P07195,0.0,0.0
lag1__peptide_count__P06681,0.0,0.0
lag1__peptide_count__P06454,0.0,0.0
lag1__protein_npx__P02749,0.0,0.0
lag1__peptide_count__P02750,0.0,0.0
lag1__peptide_count__P02749,0.0,0.0
lag1__peptide_count__P02748,0.0,0.0
delta1__peptide_count__Q99829,0.0,0.0
lag1__peptide_count__P02679,0.0,0.0
lag1__peptide_count__P02675,0.0,0.0
lag1__peptide_count__P02656,0.0,0.0
lag1__peptide_count__P02655,0.0,0.0
lag1__peptide_count__P02652,0.0,0.0
lag1__peptide_count__P02649,0.0,0.0
lag1__peptide_count__P02452,0.0,0.0
lag1__peptide_count__P01877,0.0,0.0
lag1__peptide_count__P01876,0.0,0.0
lag1__peptide_count__P01861,0.0,0.0
lag1__peptide_count__P01860,0.0,0.0
lag1__peptide_count__P01857,0.0,0.0
lag1__peptide_count__P01833,0.0,0.0
delta1__peptide_log__RGYQLSDVDGVTC(UniMod_4)EDIDEC(UniMod_4)ALPTGGHIC(UniMod_4)SYR,0.0,0.0
lag1__peptide_count__P02747,0.0,0.0
delta1__peptide_count__Q99683,0.0,0.0
delta1__peptide_count__Q99674,0.0,0.0
delta1__peptide_count__Q99435,0.0,0.0
delta1__peptide_count__Q96S96,0.0,0.0
delta1__peptide_count__Q96PD5,0.0,0.0
delta1__peptide_count__Q96KN2,0.0,0.0
lag1__peptide_count__P06310,0.0,0.0
lag1__peptide_count__P05546,0.0,0.0
lag1__peptide_count__P05408,0.0,0.0
lag1__peptide_count__P05156,0.0,0.0
lag1__peptide_count__P05155,0.0,0.0
lag1__peptide_count__P05090,0.0,0.0
lag1__peptide_count__P05060,0.0,0.0
lag1__peptide_count__P04433,0.0,0.0
months_since_prev_visit,0.0,0.0
lag1__peptide_count__P04275,0.0,0.0
lag1__peptide_count__P04217,0.0,0.0
lag1__peptide_count__P04216,0.0,0.0
lag1__peptide_count__P04211,0.0,0.0
lag1__peptide_count__P04207,0.0,0.0
lag1__peptide_count__P04196,0.0,0.0
lag1__peptide_count__P04180,0.0,0.0
lag1__peptide_count__P04156,0.0,0.0
lag1__peptide_count__P04075,0.0,0.0
delta1__peptide_log__DSGFQM(UniMod_35)NQLR,0.0,0.0
lag1__protein_npx__P00746,0.0,0.0
lag1__protein_npx__O75144,0.0,0.0
lag1__protein_npx__O43505,0.0,0.0
lag1__protein_npx__O15394,0.0,0.0
has_previous_visit,0.0,0.0
lag1__peptide_count__P04406,0.0,0.0
slope1__peptide_count__P01344,0.0,0.0
slope1__peptide_count__P01042,0.0,0.0
slope1__peptide_count__P01034,0.0,0.0
slope1__peptide_count__P01033,0.0,0.0
slope1__peptide_count__P01031,0.0,0.0
slope1__peptide_count__P01023,0.0,0.0
slope1__peptide_count__P01019,0.0,0.0
slope1__peptide_count__P01011,0.0,0.0
slope1__peptide_count__P01008,0.0,0.0
slope1__peptide_count__P00748,0.0,0.0
slope1__peptide_count__P00746,0.0,0.0
slope1__peptide_count__P00738,0.0,0.0
slope1__peptide_count__P00736,0.0,0.0
slope1__peptide_count__P00734,0.0,0.0
slope1__peptide_count__Q96S96,0.0,0.0
slope1__peptide_count__O75326,0.0,0.0
slope1__peptide_count__O75144,0.0,0.0
lag1__peptide_mean__P13521,0.0,0.0
lag1__peptide_mean__P13473,0.0,0.0
lag1__peptide_mean__P10645,0.0,0.0
lag1__peptide_mean__P10451,0.0,0.0
slope1__peptide_mean__Q99832,0.0,0.0
slope1__peptide_mean__Q99829,0.0,0.0
slope1__peptide_mean__Q99435,0.0,0.0
slope1__peptide_mean__Q96BZ4,0.0,0.0
slope1__peptide_count__O60888,0.0,0.0
slope1__peptide_count__O43505,0.0,0.0
slope1__peptide_count__O14791,0.0,0.0
slope1__peptide_count__O14773,0.0,0.0
slope1__peptide_count__O94919,0.0,0.0
slope1__peptide_count__P04196,0.0,0.0
slope1__peptide_count__P04156,0.0,0.0
slope1__peptide_count__P04075,0.0,0.0
slope1__peptide_count__P04004,0.0,0.0
slope1__peptide_count__P02792,0.0,0.0
slope1__peptide_count__P02768,0.0,0.0
slope1__peptide_count__P02766,0.0,0.0
slope1__peptide_count__P02763,0.0,0.0
slope1__peptide_count__P02760,0.0,0.0
slope1__peptide_count__P02753,0.0,0.0
slope1__peptide_count__P02751,0.0,0.0
slope1__peptide_count__P02750,0.0,0.0
slope1__peptide_count__P02747,0.0,0.0
slope1__peptide_count__P02679,0.0,0.0
slope1__peptide_count__P01591,0.0,0.0
slope1__peptide_count__P02655,0.0,0.0
slope1__peptide_count__P02652,0.0,0.0
slope1__peptide_count__P02647,0.0,0.0
slope1__peptide_count__P02452,0.0,0.0
slope1__peptide_count__P01877,0.0,0.0
slope1__peptide_count__P01876,0.0,0.0
slope1__peptide_count__P01861,0.0,0.0
slope1__peptide_count__P01860,0.0,0.0
slope1__peptide_count__P01834,0.0,0.0
slope1__peptide_count__P01833,0.0,0.0
slope1__peptide_count__P01780,0.0,0.0
slope1__peptide_count__P01717,0.0,0.0
slope1__peptide_count__P01621,0.0,0.0
slope1__peptide_count__P01608,0.0,0.0
slope1__peptide_count__P01594,0.0,0.0
slope1__peptide_count__P02656,0.0,0.0
missing__peptide_log__ILLQGTPVAQMTEDAVDAER,0.0,0.0
missing__peptide_log__IHWESASLLR,0.0,0.0
missing__peptide_log__HGGLYHENMR,0.0,0.0
missing__peptide_log__GSPAINVAVHVFRK,0.0,0.0
missing__peptide_log__GEVQAMLGQSTEELR,0.0,0.0
missing__peptide_log__FNKPFVFLM(UniMod_35)IEQNTK,0.0,0.0
missing__peptide_log__FM(UniMod_35)ETVAEK,0.0,0.0
delta1__protein_npx__P02751,0.0,0.0
delta1__protein_npx__P01780,0.0,0.0
delta1__protein_npx__P01591,0.0,0.0
missing__peptide_log__VKDLATVYVDVLK,0.0,0.0
missing__peptide_log__VGYVSGWGR,0.0,0.0
missing__peptide_log__VDSGNDVTDIADDGC(UniMod_4)PKPPEIAHGYVEHSVR,0.0,0.0
missing__peptide_log__VDNALQSGNSQESVTEQDSKDSTYSLSSTLTLSK,0.0,0.0
slope1__peptide_count__O14498,0.0,0.0
missing__peptide_log__TVVQPSVGAAAGPVVPPC(UniMod_4)PGR,0.0,0.0
missing__peptide_log__TTPPVLDSDGSFFLYSR,0.0,0.0
missing__peptide_log__TTPPVLDSDGSFFLYSK,0.0,0.0
missing__peptide_log__TSPVDEKALQDQLVLVAAK,0.0,0.0
missing__peptide_log__TSAHGNVAEGETKPDPDVTER,0.0,0.0
missing__peptide_log__RTPITVVK,0.0,0.0
missing__peptide_log__EILSVDC(UniMod_4)STNNPSQAK,0.0,0.0
missing__peptide_log__EDSLEAGLPLQVR,0.0,0.0
missing__peptide_log__DSGEGDFLAEGGGVR,0.0,0.0
missing__peptide_log__DASGVTFTWTPSSGK,0.0,0.0
missing__peptide_log__NPDPWAK,0.0,0.0
missing__peptide_log__FLATTPNSLLVSWQPPR,0.0,0.0
missing__peptide_log__SELEEQLTPVAEETR,0.0,0.0
missing__peptide_log__SC(UniMod_4)SPELQQK,0.0,0.0
missing__peptide_log__VC(UniMod_4)PFAGILENGAVR,0.0,0.0
slope1__peptide_count__O00533,0.0,0.0
slope1__peptide_count__O00391,0.0,0.0
slope1__peptide_std__Q12841,0.0,0.0
slope1__peptide_std__P39060,0.0,0.0
lag1__peptide_mean__P04156,0.0,0.0
lag1__peptide_mean__P02792,0.0,0.0
slope1__peptide_std__P02748,0.0,0.0
slope1__peptide_std__O94919,0.0,0.0
lag1__peptide_mean__P20933,0.0,0.0
lag1__peptide_mean__P14174,0.0,0.0
lag1__peptide_mean__P13987,0.0,0.0
lag1__peptide_mean__P02749,0.0,0.0
lag1__peptide_mean__P02679,0.0,0.0
slope1__peptide_std__P27169,0.0,0.0
missing__peptide_log__ILTC(UniMod_4)M(UniMod_35)QGMEEIR,0.0,0.0
slope1__peptide_std__P10643,0.0,0.0
slope1__peptide_std__P08493,0.0,0.0
lag1__peptide_mean__P08571,0.0,0.0
lag1__peptide_mean__P08133,0.0,0.0
lag1__peptide_mean__P06454,0.0,0.0
lag1__peptide_mean__P05408,0.0,0.0
slope1__peptide_std__P06681,0.0,0.0
missing__peptide_log__RLEGQEEEEDNRDSSMK,0.0,0.0
missing__peptide_log__RGYQLSDVDGVTC(UniMod_4)EDIDEC(UniMod_4)ALPTGGHIC(UniMod_4)SYR,0.0,0.0
missing__peptide_log__QWAGLVEK,0.0,0.0
missing__peptide_log__QQETAAAETETR,0.0,0.0
missing__peptide_log__QNC(UniMod_4)ELFEQLGEYK,0.0,0.0
missing__peptide_log__QKVEPLRAELQEGAR,0.0,0.0
missing__peptide_log__QIGSVYR,0.0,0.0
missing__peptide_log__NPDSSTTGPWC(UniMod_4)YTTDPTVR,0.0,0.0
slope1__peptide_std__P14314,0.0,0.0
slope1__peptide_count__Q08380,0.0,0.0
slope1__peptide_count__Q02818,0.0,0.0
slope1__peptide_count__P98160,0.0,0.0
slope1__peptide_count__P80748,0.0,0.0
slope1__peptide_count__P61916,0.0,0.0
slope1__peptide_count__P61626,0.0,0.0
slope1__peptide_count__P61278,0.0,0.0
slope1__peptide_count__P60174,0.0,0.0
slope1__peptide_count__P55290,0.0,0.0
slope1__peptide_count__P54289,0.0,0.0
slope1__peptide_count__P49908,0.0,0.0
slope1__peptide_count__P49588,0.0,0.0
slope1__peptide_count__P43251,0.0,0.0
slope1__peptide_count__P43121,0.0,0.0
slope1__peptide_count__P04207,0.0,0.0
slope1__peptide_count__P40925,0.0,0.0
slope1__peptide_count__P39060,0.0,0.0
slope1__peptide_count__P36980,0.0,0.0
slope1__peptide_count__P36955,0.0,0.0
slope1__peptide_count__P36222,0.0,0.0
slope1__peptide_count__P35542,0.0,0.0
slope1__peptide_count__P32754,0.0,0.0
slope1__peptide_count__P31997,0.0,0.0
slope1__peptide_count__P30086,0.0,0.0
slope1__peptide_count__P27169,0.0,0.0
slope1__peptide_count__P25311,0.0,0.0
slope1__peptide_count__P24592,0.0,0.0
slope1__peptide_count__P23142,0.0,0.0
slope1__peptide_count__P23083,0.0,0.0
slope1__peptide_count__P41222,0.0,0.0
lag1__peptide_mean__P31997,0.0,0.0
slope1__peptide_mean__P60174,0.0,0.0
slope1__peptide_mean__P36955,0.0,0.0
slope1__peptide_mean__P19021,0.0,0.0
slope1__peptide_count__Q96PD5,0.0,0.0
slope1__peptide_count__Q96KN2,0.0,0.0
slope1__peptide_count__Q96BZ4,0.0,0.0
slope1__peptide_count__Q92876,0.0,0.0
slope1__peptide_count__Q92823,0.0,0.0
slope1__peptide_count__Q92520,0.0,0.0
slope1__peptide_count__Q8NE71,0.0,0.0
slope1__peptide_count__Q8NBJ4,0.0,0.0
slope1__peptide_count__Q8N2S1,0.0,0.0
slope1__peptide_count__Q8IWV7,0.0,0.0
slope1__peptide_count__Q12907,0.0,0.0
slope1__peptide_count__Q7Z3B1,0.0,0.0
slope1__peptide_count__Q6UXD5,0.0,0.0
slope1__peptide_count__Q6UX71,0.0,0.0
slope1__peptide_count__Q562R1,0.0,0.0
slope1__peptide_count__Q16270,0.0,0.0
slope1__peptide_count__Q15904,0.0,0.0
slope1__peptide_count__Q14624,0.0,0.0
slope1__peptide_count__Q14515,0.0,0.0
slope1__peptide_count__Q14508,0.0,0.0
slope1__peptide_count__Q14118,0.0,0.0
slope1__peptide_count__Q13740,0.0,0.0
slope1__peptide_count__Q13451,0.0,0.0
slope1__peptide_count__Q13449,0.0,0.0
slope1__peptide_count__Q13332,0.0,0.0
slope1__peptide_count__Q13283,0.0,0.0
slope1__peptide_count__Q7Z5P9,0.0,0.0
slope1__peptide_count__P09486,0.0,0.0
slope1__peptide_count__P09104,0.0,0.0
slope1__peptide_count__P08697,0.0,0.0
slope1__peptide_count__P08637,0.0,0.0
slope1__peptide_count__P08571,0.0,0.0
slope1__peptide_count__P08294,0.0,0.0
slope1__peptide_count__P08253,0.0,0.0
slope1__peptide_count__P08133,0.0,0.0
slope1__peptide_count__P08123,0.0,0.0
slope1__peptide_count__P07998,0.0,0.0
slope1__peptide_count__P07858,0.0,0.0
slope1__peptide_count__P07602,0.0,0.0
slope1__peptide_count__P07333,0.0,0.0
slope1__peptide_count__P07225,0.0,0.0
slope1__peptide_mean__Q6UX71,0.0,0.0
slope1__peptide_count__P06681,0.0,0.0
slope1__peptide_count__P06454,0.0,0.0
slope1__peptide_count__P06310,0.0,0.0
slope1__peptide_count__P05546,0.0,0.0
slope1__peptide_count__P05452,0.0,0.0
slope1__peptide_count__P05408,0.0,0.0
slope1__peptide_count__P05156,0.0,0.0
slope1__peptide_count__P05155,0.0,0.0
slope1__peptide_count__P05060,0.0,0.0
slope1__peptide_count__P04433,0.0,0.0
slope1__peptide_count__P04406,0.0,0.0
slope1__peptide_count__P04275,0.0,0.0
slope1__peptide_count__P04217,0.0,0.0
slope1__peptide_count__P04216,0.0,0.0
slope1__peptide_count__P04211,0.0,0.0
slope1__peptide_count__P07195,0.0,0.0
slope1__peptide_mean__Q562R1,0.0,0.0
slope1__peptide_mean__Q13740,0.0,0.0
lag1__peptide_mean__Q06481,0.0,0.0
lag1__peptide_mean__P60174,0.0,0.0
lag1__peptide_mean__P40925,0.0,0.0
slope1__peptide_count__P20933,0.0,0.0
slope1__peptide_count__P20774,0.0,0.0
slope1__peptide_count__P19827,0.0,0.0
slope1__peptide_count__P19823,0.0,0.0
slope1__peptide_count__P19021,0.0,0.0
slope1__peptide_count__P17936,0.0,0.0
slope1__peptide_count__P17174,0.0,0.0
slope1__peptide_count__P16870,0.0,0.0
slope1__peptide_count__P16152,0.0,0.0
slope1__peptide_count__P10451,0.0,0.0
slope1__peptide_count__P16035,0.0,0.0
slope1__peptide_count__P14618,0.0,0.0
slope1__peptide_count__P14314,0.0,0.0
slope1__peptide_count__P14174,0.0,0.0
slope1__peptide_count__P13987,0.0,0.0
slope1__peptide_count__P13671,0.0,0.0
slope1__peptide_count__P13611,0.0,0.0
slope1__peptide_count__P13521,0.0,0.0
slope1__peptide_count__P13473,0.0,0.0
slope1__peptide_count__P12109,0.0,0.0
slope1__peptide_count__P11277,0.0,0.0
slope1__peptide_count__P11142,0.0,0.0
slope1__peptide_count__P10909,0.0,0.0
slope1__peptide_count__P10645,0.0,0.0
slope1__peptide_count__P10643,0.0,0.0
slope1__peptide_count__P16070,0.0,0.0
lag1__peptide_count__P54289,0.0,0.0
lag1__peptide_count__P49908,0.0,0.0
lag1__peptide_count__P49588,0.0,0.0
lag1__peptide_count__P43251,0.0,0.0
lag1__peptide_count__P43121,0.0,0.0
lag1__peptide_count__P41222,0.0,0.0
lag1__peptide_count__P40925,0.0,0.0
lag1__peptide_count__P39060,0.0,0.0
rollmean2__peptide_count__P02753,0.0,0.0
rollmean2__peptide_count__P02748,0.0,0.0
rollmean2__peptide_count__P02747,0.0,0.0
rollmean2__peptide_count__P02679,0.0,0.0
rollmean2__peptide_count__P02655,0.0,0.0
rollmean2__peptide_count__P01877,0.0,0.0
peptide_count__Q9UKV8,0.0,0.0
rollmean2__peptide_count__P01861,0.0,0.0
rollmean2__peptide_count__P01860,0.0,0.0
rollmean2__peptide_count__P01833,0.0,0.0
rollmean2__peptide_count__P01780,0.0,0.0
rollmean2__peptide_count__P01717,0.0,0.0
rollmean2__peptide_count__P01621,0.0,0.0
rollmean2__peptide_count__P01608,0.0,0.0
rollmean2__peptide_count__P01594,0.0,0.0
rollmean2__peptide_count__P01591,0.0,0.0
lag1__peptide_count__P13591,0.0,0.0
lag1__peptide_count__P13521,0.0,0.0
lag1__peptide_count__P13473,0.0,0.0
lag1__peptide_count__P12109,0.0,0.0
lag1__peptide_count__P11277,0.0,0.0
rollmean2__peptide_count__P01876,0.0,0.0
lag1__peptide_count__P17936,0.0,0.0
lag1__peptide_count__P17174,0.0,0.0
lag1__peptide_count__P16870,0.0,0.0
delta1__peptide_std__P01877,0.0,0.0
rollmean2__peptide_count__P13521,0.0,0.0
rollmean2__peptide_count__P13473,0.0,0.0
rollmean2__peptide_count__P11277,0.0,0.0
rollmean2__peptide_count__P11142,0.0,0.0
rollmean2__peptide_count__P10451,0.0,0.0
rollmean2__peptide_count__P09104,0.0,0.0
rollmean2__peptide_count__P08637,0.0,0.0
rollmean2__peptide_count__P08571,0.0,0.0
rollmean2__peptide_count__P08253,0.0,0.0
rollmean2__peptide_count__P08133,0.0,0.0
rollmean2__peptide_count__P02792,0.0,0.0
missing__peptide_log__SC(UniMod_4)DTPPPC(UniMod_4)PR,0.0,0.0
rollmean2__peptide_count__P07333,0.0,0.0
rollmean2__peptide_count__P07195,0.0,0.0
rollmean2__peptide_count__P06454,0.0,0.0
rollmean2__peptide_count__P06310,0.0,0.0
rollmean2__peptide_count__P05408,0.0,0.0
rollmean2__peptide_count__P05155,0.0,0.0
rollmean2__peptide_count__P04433,0.0,0.0
rollmean2__peptide_count__P04406,0.0,0.0
rollmean2__peptide_count__P04275,0.0,0.0
rollmean2__peptide_count__P04217,0.0,0.0
rollmean2__peptide_count__P04216,0.0,0.0
rollmean2__peptide_count__P04211,0.0,0.0
rollmean2__peptide_count__P04207,0.0,0.0
rollmean2__peptide_count__P04156,0.0,0.0
rollmean2__peptide_count__P08123,0.0,0.0
delta1__peptide_count__O00533,0.0,0.0
delta1__peptide_count__O00391,0.0,0.0
delta1__peptide_std__Q13740,0.0,0.0
delta1__peptide_std__P54289,0.0,0.0
lag1__peptide_count__P16152,0.0,0.0
lag1__peptide_count__P16070,0.0,0.0
lag1__peptide_count__P16035,0.0,0.0
lag1__peptide_count__P14174,0.0,0.0
lag1__peptide_count__P13987,0.0,0.0
lag1__peptide_count__P13671,0.0,0.0
delta1__peptide_count__P01833,0.0,0.0
delta1__peptide_count__P01780,0.0,0.0
delta1__peptide_count__P01717,0.0,0.0
delta1__peptide_count__P01621,0.0,0.0
lag1__peptide_count__P11142,0.0,0.0
delta1__peptide_count__P01594,0.0,0.0
delta1__peptide_count__P01591,0.0,0.0
delta1__peptide_count__P01344,0.0,0.0
delta1__peptide_count__P01034,0.0,0.0
delta1__peptide_count__P01033,0.0,0.0
delta1__peptide_count__P01031,0.0,0.0
delta1__peptide_count__P01023,0.0,0.0
delta1__peptide_count__P01019,0.0,0.0
delta1__peptide_count__P01011,0.0,0.0
delta1__peptide_count__P01008,0.0,0.0
delta1__peptide_count__P00748,0.0,0.0
delta1__peptide_count__P00747,0.0,0.0
delta1__peptide_count__P00746,0.0,0.0
delta1__peptide_count__P00738,0.0,0.0
delta1__peptide_count__P01608,0.0,0.0
lag1__peptide_count__P10909,0.0,0.0
lag1__peptide_count__P10643,0.0,0.0
lag1__peptide_count__P10451,0.0,0.0
lag1__peptide_count__P09871,0.0,0.0
lag1__peptide_count__P09486,0.0,0.0
lag1__peptide_count__P09104,0.0,0.0
lag1__peptide_count__P08697,0.0,0.0
lag1__peptide_count__P08637,0.0,0.0
lag1__peptide_count__P08571,0.0,0.0
lag1__peptide_count__P08493,0.0,0.0
lag1__peptide_count__P08294,0.0,0.0
lag1__peptide_count__P08253,0.0,0.0
lag1__peptide_count__P08133,0.0,0.0
lag1__peptide_count__P08123,0.0,0.0
delta1__peptide_count__O14498,0.0,0.0
delta1__peptide_std__P27169,0.0,0.0
delta1__peptide_std__P17174,0.0,0.0
rollmean2__peptide_count__P01344,0.0,0.0
rollmean2__peptide_count__P01034,0.0,0.0
rollmean2__peptide_count__P01033,0.0,0.0
rollmean2__peptide_count__P01031,0.0,0.0
rollmean2__peptide_count__O75326,0.0,0.0
rollmean2__peptide_count__O60888,0.0,0.0
rollmean2__peptide_count__O43505,0.0,0.0
rollmean2__peptide_count__O15240,0.0,0.0
rollmean2__peptide_count__O14791,0.0,0.0
rollmean2__peptide_count__O14498,0.0,0.0
rollmean2__peptide_count__O00391,0.0,0.0
delta1__peptide_count__O14791,0.0,0.0
delta1__peptide_count__O14773,0.0,0.0
lag1__peptide_count__P07998,0.0,0.0
lag1__peptide_count__Q02818,0.0,0.0
lag1__peptide_count__P80748,0.0,0.0
lag1__peptide_count__P61769,0.0,0.0
lag1__peptide_count__P61626,0.0,0.0
lag1__peptide_count__P61278,0.0,0.0
lag1__peptide_count__P60174,0.0,0.0
lag1__peptide_count__P55290,0.0,0.0
rollmean2__peptide_count__Q9Y646,0.0,0.0
rollmean2__peptide_count__Q9UNU6,0.0,0.0
rollmean2__peptide_count__Q9UKV8,0.0,0.0
rollmean2__peptide_count__Q9UBX5,0.0,0.0
rollmean2__peptide_count__Q9UBR2,0.0,0.0
rollmean2__peptide_count__Q9NYU2,0.0,0.0
rollmean2__peptide_count__Q9HDC9,0.0,0.0
lag1__peptide_count__P18065,0.0,0.0
rollmean2__peptide_count__Q99969,0.0,0.0
rollmean2__peptide_count__Q99832,0.0,0.0
rollmean2__peptide_count__Q99829,0.0,0.0
rollmean2__peptide_count__Q99683,0.0,0.0
rollmean2__peptide_count__Q99674,0.0,0.0
rollmean2__peptide_count__Q99435,0.0,0.0
rollmean2__peptide_count__Q96S96,0.0,0.0
rollmean2__peptide_count__Q96KN2,0.0,0.0
rollmean2__peptide_count__Q96BZ4,0.0,0.0
rollmean2__peptide_count__Q92876,0.0,0.0
rollmean2__peptide_count__Q8NE71,0.0,0.0
rollmean2__peptide_count__Q8NBJ4,0.0,0.0
rollmean2__peptide_count__Q8N2S1,0.0,0.0
rollmean2__peptide_count__Q8IWV7,0.0,0.0
rollmean2__peptide_count__Q9BY67,0.0,0.0
delta1__peptide_mean__P05408,0.0,0.0
delta1__peptide_mean__P19827,0.0,0.0
delta1__peptide_mean__P16152,0.0,0.0
delta1__peptide_mean__P11142,0.0,0.0
lag1__peptide_count__Q9Y646,0.0,0.0
lag1__peptide_count__Q9UNU6,0.0,0.0
lag1__peptide_count__Q9UKV8,0.0,0.0
lag1__peptide_count__Q9UBX5,0.0,0.0
lag1__peptide_count__Q9UBR2,0.0,0.0
lag1__peptide_count__Q9NYU2,0.0,0.0
lag1__peptide_count__Q9NQ79,0.0,0.0
lag1__peptide_count__Q9HDC9,0.0,0.0
lag1__peptide_count__Q9BY67,0.0,0.0
delta1__peptide_mean__Q562R1,0.0,0.0
lag1__peptide_count__Q12805,0.0,0.0
delta1__peptide_mean__P49908,0.0,0.0
delta1__peptide_mean__P32754,0.0,0.0
lag1__peptide_count__Q562R1,0.0,0.0
lag1__peptide_count__Q16610,0.0,0.0
lag1__peptide_count__Q16270,0.0,0.0
lag1__peptide_count__Q15904,0.0,0.0
lag1__peptide_count__Q14624,0.0,0.0
lag1__peptide_count__Q14508,0.0,0.0
lag1__peptide_count__Q14118,0.0,0.0
lag1__peptide_count__Q13451,0.0,0.0
lag1__peptide_count__Q13449,0.0,0.0
lag1__peptide_count__Q13332,0.0,0.0
lag1__peptide_count__Q13283,0.0,0.0
lag1__peptide_count__Q12907,0.0,0.0
lag1__peptide_count__Q12841,0.0,0.0
delta1__peptide_mean__P60174,0.0,0.0
rollmean2__peptide_count__P36980,0.0,0.0
rollmean2__peptide_count__P36955,0.0,0.0
rollmean2__peptide_count__P35542,0.0,0.0
rollmean2__peptide_count__P32754,0.0,0.0
rollmean2__peptide_count__P31997,0.0,0.0
rollmean2__peptide_count__P24592,0.0,0.0
rollmean2__peptide_count__P23083,0.0,0.0
rollmean2__peptide_count__P20933,0.0,0.0
rollmean2__peptide_count__P20774,0.0,0.0
rollmean2__peptide_count__P19827,0.0,0.0
rollmean2__peptide_count__P19021,0.0,0.0
rollmean2__peptide_count__P17936,0.0,0.0
rollmean2__peptide_count__P16152,0.0,0.0
rollmean2__peptide_count__P16070,0.0,0.0
rollmean2__peptide_count__Q7Z5P9,0.0,0.0
rollmean2__peptide_count__P14174,0.0,0.0
rollmean2__peptide_count__P13987,0.0,0.0
rollmean2__peptide_count__P13671,0.0,0.0
lag1__peptide_count__P36980,0.0,0.0
lag1__peptide_count__P36955,0.0,0.0
lag1__peptide_count__P36222,0.0,0.0
lag1__peptide_count__P35542,0.0,0.0
lag1__peptide_count__P32754,0.0,0.0
lag1__peptide_count__P31997,0.0,0.0
lag1__peptide_count__P23083,0.0,0.0
lag1__peptide_count__P20933,0.0,0.0
lag1__peptide_count__P20774,0.0,0.0
lag1__peptide_count__P19827,0.0,0.0
lag1__peptide_count__P19823,0.0,0.0
lag1__peptide_count__P19021,0.0,0.0
rollmean2__peptide_count__P16035,0.0,0.0
rollmean2__peptide_count__Q7Z3B1,0.0,0.0
rollmean2__peptide_count__Q6UXD5,0.0,0.0
delta1__peptide_std__P00734,0.0,0.0
delta1__peptide_std__O94919,0.0,0.0
delta1__peptide_mean__Q9HDC9,0.0,0.0
delta1__peptide_mean__Q99829,0.0,0.0
lag1__peptide_count__Q7Z5P9,0.0,0.0
lag1__peptide_count__Q7Z3B1,0.0,0.0
lag1__peptide_count__Q6UXD5,0.0,0.0
lag1__peptide_count__Q6UXB8,0.0,0.0
lag1__peptide_count__Q6UX71,0.0,0.0
rollmean2__peptide_count__Q6UX71,0.0,0.0
rollmean2__peptide_count__Q562R1,0.0,0.0
rollmean2__peptide_count__Q16270,0.0,0.0
rollmean2__peptide_count__P40925,0.0,0.0
rollmean2__peptide_count__Q14508,0.0,0.0
rollmean2__peptide_count__Q14118,0.0,0.0
rollmean2__peptide_count__Q13451,0.0,0.0
rollmean2__peptide_count__Q13449,0.0,0.0
rollmean2__peptide_count__Q13332,0.0,0.0
rollmean2__peptide_count__Q13283,0.0,0.0
rollmean2__peptide_count__Q12805,0.0,0.0
rollmean2__peptide_count__Q02818,0.0,0.0
rollmean2__peptide_count__P80748,0.0,0.0
rollmean2__peptide_count__P61626,0.0,0.0
rollmean2__peptide_count__P61278,0.0,0.0
rollmean2__peptide_count__P60174,0.0,0.0
rollmean2__peptide_count__P49908,0.0,0.0
rollmean2__peptide_count__P49588,0.0,0.0
rollmean2__peptide_count__P43251,0.0,0.0
rollmean2__peptide_count__Q15904,0.0,0.0
delta1__peptide_count__P13473,0.0,0.0
delta1__peptide_count__P12109,0.0,0.0
delta1__peptide_count__P11277,0.0,0.0
delta1__peptide_count__P11142,0.0,0.0
delta1__peptide_count__P10909,0.0,0.0
delta1__peptide_count__P10645,0.0,0.0
delta1__peptide_count__P10451,0.0,0.0
delta1__peptide_count__P09871,0.0,0.0
delta1__peptide_count__P09486,0.0,0.0
delta1__peptide_count__P09104,0.0,0.0
delta1__peptide_count__P08697,0.0,0.0
delta1__peptide_count__P08637,0.0,0.0
delta1__peptide_count__P08571,0.0,0.0
delta1__peptide_count__P08253,0.0,0.0
delta1__peptide_count__P00736,0.0,0.0
peptide_count__P60174,0.0,0.0
peptide_count__P55290,0.0,0.0
peptide_count__P49908,0.0,0.0
peptide_count__P49588,0.0,0.0
peptide_count__P43251,0.0,0.0
peptide_count__P43121,0.0,0.0
peptide_count__P41222,0.0,0.0
peptide_count__P40925,0.0,0.0
peptide_count__P39060,0.0,0.0
peptide_count__P36980,0.0,0.0
peptide_count__P35542,0.0,0.0
peptide_count__P32754,0.0,0.0
peptide_count__P31997,0.0,0.0
peptide_count__P24592,0.0,0.0
delta1__peptide_count__P08133,0.0,0.0
peptide_count__P14174,0.0,0.0
peptide_count__P13987,0.0,0.0
peptide_count__P13671,0.0,0.0
peptide_count__P13591,0.0,0.0
peptide_count__P13521,0.0,0.0
peptide_count__P13473,0.0,0.0
peptide_count__P12109,0.0,0.0
peptide_count__P11277,0.0,0.0
peptide_count__P11142,0.0,0.0
peptide_count__P10643,0.0,0.0
peptide_count__P10451,0.0,0.0
peptide_count__P09104,0.0,0.0
peptide_count__P08697,0.0,0.0
peptide_count__P08637,0.0,0.0
delta1__peptide_count__P13521,0.0,0.0
peptide_count__P61626,0.0,0.0
peptide_count__P61278,0.0,0.0
delta1__peptide_count__P17936,0.0,0.0
delta1__peptide_count__P17174,0.0,0.0
delta1__peptide_count__P16870,0.0,0.0
delta1__peptide_count__P16152,0.0,0.0
delta1__peptide_count__P16070,0.0,0.0
delta1__peptide_count__P16035,0.0,0.0
delta1__peptide_count__P14618,0.0,0.0
delta1__peptide_count__P14314,0.0,0.0
delta1__peptide_count__P14174,0.0,0.0
delta1__peptide_count__P13987,0.0,0.0
delta1__peptide_count__P13671,0.0,0.0
delta1__peptide_count__P13611,0.0,0.0
delta1__peptide_count__P13591,0.0,0.0
peptide_count__P08571,0.0,0.0
delta1__peptide_count__P36222,0.0,0.0
delta1__peptide_count__P35542,0.0,0.0
delta1__peptide_count__P32754,0.0,0.0
delta1__peptide_count__P31997,0.0,0.0
delta1__peptide_count__P27169,0.0,0.0
delta1__peptide_count__P24592,0.0,0.0
delta1__peptide_count__P23083,0.0,0.0
delta1__peptide_count__P20933,0.0,0.0
delta1__peptide_count__P20774,0.0,0.0
delta1__peptide_count__P19827,0.0,0.0
delta1__peptide_count__P19652,0.0,0.0
delta1__peptide_count__P19021,0.0,0.0
peptide_count__Q16270,0.0,0.0
peptide_count__Q15904,0.0,0.0
peptide_count__P23083,0.0,0.0
peptide_count__Q14118,0.0,0.0
peptide_count__Q13740,0.0,0.0
peptide_count__Q13451,0.0,0.0
peptide_count__Q13449,0.0,0.0
peptide_count__Q13332,0.0,0.0
peptide_count__Q13283,0.0,0.0
peptide_count__Q12907,0.0,0.0
peptide_count__Q12841,0.0,0.0
peptide_count__Q12805,0.0,0.0
peptide_count__Q02818,0.0,0.0
peptide_count__P80748,0.0,0.0
peptide_count__Q9Y6R7,0.0,0.0
peptide_count__Q9Y646,0.0,0.0
peptide_count__Q9UNU6,0.0,0.0
peptide_count__Q14508,0.0,0.0
peptide_count__P20933,0.0,0.0
peptide_count__P20774,0.0,0.0
peptide_count__P19827,0.0,0.0
peptide_count__P19823,0.0,0.0
peptide_count__P19021,0.0,0.0
peptide_count__Q8NE71,0.0,0.0
peptide_count__Q8NBJ4,0.0,0.0
peptide_count__Q8N2S1,0.0,0.0
peptide_count__Q8IWV7,0.0,0.0
peptide_count__Q7Z5P9,0.0,0.0
peptide_count__Q7Z3B1,0.0,0.0
peptide_count__Q6UXD5,0.0,0.0
peptide_count__Q6UX71,0.0,0.0
peptide_count__Q562R1,0.0,0.0
delta1__peptide_count__P36955,0.0,0.0
delta1__peptide_count__P61916,0.0,0.0
delta1__peptide_count__P61769,0.0,0.0
delta1__peptide_count__P61626,0.0,0.0
delta1__peptide_count__P61278,0.0,0.0
delta1__peptide_count__P60174,0.0,0.0
delta1__peptide_count__P54289,0.0,0.0
delta1__peptide_count__P51884,0.0,0.0
delta1__peptide_count__P49908,0.0,0.0
delta1__peptide_count__P49588,0.0,0.0
delta1__peptide_count__P43251,0.0,0.0
delta1__peptide_count__P43121,0.0,0.0
delta1__peptide_count__P41222,0.0,0.0
delta1__peptide_count__P40925,0.0,0.0
delta1__peptide_count__P39060,0.0,0.0
delta1__peptide_count__P36980,0.0,0.0
delta1__peptide_count__P80748,0.0,0.0
peptide_count__O75326,0.0,0.0
peptide_count__P04180,0.0,0.0
peptide_count__P04156,0.0,0.0
peptide_count__P04075,0.0,0.0
peptide_count__P04004,0.0,0.0
peptide_count__P02792,0.0,0.0
delta1__peptide_count__P04004,0.0,0.0
delta1__peptide_count__P02792,0.0,0.0
delta1__peptide_count__P02774,0.0,0.0
delta1__peptide_count__P02766,0.0,0.0
delta1__peptide_count__P02763,0.0,0.0
delta1__peptide_count__P02753,0.0,0.0
delta1__peptide_count__P02750,0.0,0.0
delta1__peptide_count__P02749,0.0,0.0
delta1__peptide_count__P04075,0.0,0.0
delta1__peptide_count__P02747,0.0,0.0
delta1__peptide_count__P02679,0.0,0.0
delta1__peptide_count__P02675,0.0,0.0
delta1__peptide_count__P02656,0.0,0.0
delta1__peptide_count__P02655,0.0,0.0
delta1__peptide_count__P02652,0.0,0.0
delta1__peptide_count__P02452,0.0,0.0
delta1__peptide_count__P01877,0.0,0.0
delta1__peptide_count__P01876,0.0,0.0
delta1__peptide_count__P01861,0.0,0.0
delta1__peptide_count__P01860,0.0,0.0
delta1__peptide_count__P01857,0.0,0.0
peptide_count__P02760,0.0,0.0
peptide_count__P02753,0.0,0.0
delta1__peptide_count__P02748,0.0,0.0
delta1__peptide_count__P00734,0.0,0.0
delta1__peptide_count__P00450,0.0,0.0
delta1__peptide_count__P00441,0.0,0.0
delta1__peptide_count__O94919,0.0,0.0
delta1__peptide_count__O75326,0.0,0.0
delta1__peptide_count__O75144,0.0,0.0
delta1__peptide_count__O60888,0.0,0.0
delta1__peptide_count__O43505,0.0,0.0
delta1__peptide_count__O15394,0.0,0.0
peptide_count__O75144,0.0,0.0
peptide_count__O60888,0.0,0.0
peptide_count__O43505,0.0,0.0
peptide_count__O15240,0.0,0.0
peptide_count__O14791,0.0,0.0
peptide_count__P00746,0.0,0.0
peptide_count__O14498,0.0,0.0
peptide_count__O00584,0.0,0.0
peptide_count__O00533,0.0,0.0
peptide_count__O00391,0.0,0.0
peptide_count__P01833,0.0,0.0
peptide_count__P01780,0.0,0.0
peptide_count__P01717,0.0,0.0
peptide_count__P01621,0.0,0.0
peptide_count__P01608,0.0,0.0
peptide_count__P01594,0.0,0.0
peptide_count__P01591,0.0,0.0
peptide_count__P01344,0.0,0.0
peptide_count__P01034,0.0,0.0
peptide_count__P01033,0.0,0.0
peptide_count__P01031,0.0,0.0
peptide_count__O14773,0.0,0.0
peptide_count__P16070,0.0,0.0
peptide_count__P16035,0.0,0.0
peptide_count__P14618,0.0,0.0
delta1__peptide_count__P08123,0.0,0.0
delta1__peptide_count__P07998,0.0,0.0
delta1__peptide_count__P07858,0.0,0.0
delta1__peptide_count__P07711,0.0,0.0
delta1__peptide_count__P07602,0.0,0.0
delta1__peptide_count__P07339,0.0,0.0
delta1__peptide_count__P07333,0.0,0.0
delta1__peptide_count__P07225,0.0,0.0
delta1__peptide_count__P07195,0.0,0.0
delta1__peptide_count__P06681,0.0,0.0
delta1__peptide_count__P06454,0.0,0.0
peptide_count__P02750,0.0,0.0
delta1__peptide_count__P05546,0.0,0.0
delta1__peptide_count__P05408,0.0,0.0
delta1__peptide_count__P05156,0.0,0.0
delta1__peptide_count__P05155,0.0,0.0
delta1__peptide_count__P05090,0.0,0.0
delta1__peptide_count__P05067,0.0,0.0
delta1__peptide_count__P04433,0.0,0.0
delta1__peptide_count__P04406,0.0,0.0
delta1__peptide_count__P04275,0.0,0.0
delta1__peptide_count__P04217,0.0,0.0
delta1__peptide_count__P04216,0.0,0.0
delta1__peptide_count__P04211,0.0,0.0
delta1__peptide_count__P04207,0.0,0.0
delta1__peptide_count__P04180,0.0,0.0
delta1__peptide_count__P04156,0.0,0.0
delta1__peptide_count__P06310,0.0,0.0
peptide_count__P02748,0.0,0.0
peptide_count__P02747,0.0,0.0
peptide_count__P02679,0.0,0.0
peptide_count__P02655,0.0,0.0
peptide_count__P02652,0.0,0.0
peptide_count__P01877,0.0,0.0
peptide_count__P01876,0.0,0.0
peptide_count__P01861,0.0,0.0
peptide_count__P01860,0.0,0.0
peptide_count__P08253,0.0,0.0
peptide_count__P08133,0.0,0.0
peptide_count__P08123,0.0,0.0
peptide_count__P07858,0.0,0.0
peptide_count__P07333,0.0,0.0
peptide_count__P16152,0.0,0.0
peptide_count__P07195,0.0,0.0
peptide_count__P06727,0.0,0.0
peptide_count__P06454,0.0,0.0
peptide_count__P06310,0.0,0.0
peptide_count__P05408,0.0,0.0
peptide_count__P05060,0.0,0.0
peptide_count__P04433,0.0,0.0
peptide_count__P04406,0.0,0.0
peptide_count__P04275,0.0,0.0
peptide_count__P04216,0.0,0.0
peptide_count__P04211,0.0,0.0
peptide_count__P04207,0.0,0.0
rollmean2__peptide_mean__Q99674,0.0,0.0
peptide_count__P17936,0.0,0.0
peptide_count__P17174,0.0,0.0
peptide_count__P07225,0.0,0.0
