feature,importance_mean,importance_std
rollmean2__current_updrs_3,1.9506569578643824,0.0
current_updrs_3,1.942258544903883,0.0
rollmean2__current_updrs_2,1.1470110165353236,0.0
current_updrs_2,1.1117193516330663,0.0
lag1__current_updrs_3,0.8058284858699327,0.0
delta1__current_updrs_3,0.4993321456847432,0.0
lag1__current_updrs_2,0.4330585558410832,0.0
lag1__protein_npx__P06310,0.35424488379740043,0.0
missing__peptide_log__LGADM(UniMod_35)EDVC(UniMod_4)GR,0.3487175764197491,0.0
peptide_std__P17174,0.3370884798514074,0.0
rollmean2__peptide_std__P00748,0.3287886772040765,0.0
lag1__current_medication_on,0.32600823940774537,0.0
protein_npx__P05546,0.32591752510337935,0.0
rollmean2__current_medication_unknown,0.32490681417530015,0.0
slope1__current_updrs_3,0.31781678982814665,0.0
peptide_count__P00441,0.30480041208970465,0.0
missing__peptide_std__P00441,0.30467326521720955,0.0
peptide_log__NFPPSQDASGDLYTTSSQLTLPATQC(UniMod_4)LAGK,0.3036162919600133,0.0
peptide_mean__P05546,0.3028282101250812,0.0
missing__peptide_log__LSKELQAAQAR,0.3008603642282692,0.0
rollmean2__peptide_count__P00441,0.29519736730477925,0.0
missing__peptide_log__FM(UniMod_35)ETVAEK,0.2951394319871532,0.0
missing__current_medication_on,0.29222053618174865,0.0
current_medication_unknown,0.29222053618174865,0.0
rollmean2__protein_npx__P05546,0.2832482810025164,0.0
rollmean2__peptide_log__KQELSEAEQATR,0.28289554249120163,0.0
missing__peptide_log__HYDGSYSTFGER,0.2728524188531414,0.0
delta1__current_updrs_4,0.2703977919777303,0.0
slope1__peptide_std__P12109,0.26952910157757987,0.0
rollmean2__peptide_std__P05067,0.2688132268968604,0.0
rollmean2__peptide_std__P02748,0.26570907896962137,0.0
missing__peptide_log__ALGISPFHEHAEVVFTANDSGPR,0.26512554628921287,0.0
delta1__peptide_log__C(UniMod_4)DSSPDSAEDVRK,0.2626580430115348,0.0
lag1__peptide_log__YVM(UniMod_35)LPVADQDQC(UniMod_4)IR,0.2597178045643696,0.0
rollmean2__peptide_mean__P43121,0.2567919589108925,0.0
rollmean2__peptide_mean__P05546,0.2531271722397518,0.0
lag1__peptide_log__FNKPFVFLM(UniMod_35)IEQNTK,0.25306085892786934,0.0
delta1__peptide_log__RGYQLSDVDGVTC(UniMod_4)EDIDEC(UniMod_4)ALPTGGHIC(UniMod_4)SYR,0.25123129941338374,0.0
rollmean2__peptide_std__P17174,0.2468006806306541,0.0
rollmean2__peptide_mean__P13611,0.24359688520264292,0.0
peptide_std__P00748,0.2409255494518161,0.0
lag1__peptide_std__P00748,0.24045969708943066,0.0
peptide_log__KQELSEAEQATR,0.23626821283728386,0.0
lag1__protein_npx__P19823,0.23611569396957363,0.0
current_updrs_1,0.2359006407880452,0.0
lag1__peptide_mean__P11277,0.23210227545182802,0.0
rollmean2__protein_npx__P02763,0.23025790639372376,0.0
lag1__peptide_log__LVGGPM(UniMod_35)DASVEEEGVRR,0.2300864879709121,0.0
lag1__peptide_mean__P08637,0.2270740978582339,0.0
rollmean2__peptide_count__P02749,0.22587769174796257,0.0
missing__peptide_log__YVM(UniMod_35)LPVADQDQC(UniMod_4)IR,0.22561654525712355,0.0
slope1__current_medication_unknown,0.22525198210152086,0.0
lag1__peptide_mean__P06310,0.22485956373111363,0.0
rollmean2__peptide_std__Q14118,0.22258052792898006,0.0
lag1__peptide_count__P00738,0.22217973056389753,0.0
rollmean2__peptide_mean__P02763,0.22150273165716633,0.0
missing__peptide_count__P04275,0.22080016255116883,0.0
missing__peptide_mean__P04275,0.22080016255116883,0.0
missing__protein_npx__P04275,0.22080016255116883,0.0
lag1__peptide_count__Q9Y6R7,0.220337453389732,0.0
missing__peptide_log__C(UniMod_4)KPVNTFVHEPLVDVQNVC(UniMod_4)FQEK,0.2202649212097722,0.0
rollmean2__peptide_mean__P00450,0.2189048740253978,0.0
rollmean2__peptide_std__P27169,0.21882393133221564,0.0
rollmean2__peptide_log__LFDSDPITVTVPVEVSR,0.2186054263409055,0.0
missing__current_updrs_4,0.21726546884943718,0.0
slope1__current_updrs_4,0.21658241624149221,0.0
rollmean2__peptide_count__P61769,0.21623519783627845,0.0
rollmean2__peptide_log__NFPPSQDASGDLYTTSSQLTLPATQC(UniMod_4)LAGK,0.2147499947024838,0.0
rollmean2__peptide_std__P25311,0.2139554068395059,0.0
peptide_std__P01876,0.21390250136349248,0.0
lag1__peptide_std__P06727,0.21344366282872837,0.0
peptide_std__P61916,0.2132430638120946,0.0
missing__peptide_log__TPLGDTTHTC(UniMod_4)PR,0.21307215300501506,0.0
lag1__current_medication_unknown,0.21239071741661783,0.0
missing__peptide_log__EDSLEAGLPLQVR,0.2113539026006563,0.0
protein_npx__P08133,0.2106771056531509,0.0
missing__peptide_log__VGYVSGWGR,0.21049259988982685,0.0
rollmean2__peptide_count__P01876,0.21030461285412275,0.0
missing__protein_npx__Q99829,0.20982029071418098,0.0
missing__peptide_count__Q99829,0.20982029071418098,0.0
missing__peptide_mean__Q99829,0.20982029071418098,0.0
rollmean2__peptide_std__P20774,0.20842286261786766,0.0
lag1__peptide_count__P55290,0.2082500499187606,0.0
slope1__peptide_count__P24592,0.20820323727126527,0.0
delta1__peptide_count__P04196,0.20819320648871767,0.0
rollmean2__peptide_std__P00736,0.2081550805176179,0.0
protein_npx__P08123,0.20810634813539566,0.0
rollmean2__current_updrs_1,0.20768295677929566,0.0
slope1__peptide_count__P25311,0.20606391860562862,0.0
rollmean2__peptide_std__Q92520,0.20592023466722303,0.0
rollmean2__peptide_mean__Q14508,0.20542588392792704,0.0
lag1__protein_npx__O00584,0.2046315166293707,0.0
peptide_mean__P08133,0.2033215376616899,0.0
rollmean2__peptide_mean__Q99435,0.20169079629299147,0.0
lag1__peptide_count__P05060,0.20152009997838674,0.0
rollmean2__peptide_std__P16070,0.20055318121533638,0.0
slope1__peptide_count__P54289,0.1998742277566691,0.0
delta1__peptide_log__RTPITVVK,0.1996521249696483,0.0
slope1__peptide_log__ADDKETC(UniMod_4)FAEEGK,0.19882190045132755,0.0
delta1__peptide_std__P09486,0.1985254694224038,0.0
rollmean2__peptide_std__P43121,0.1980488293293656,0.0
missing__peptide_log__SNSSM(UniMod_35)HITDC(UniMod_4)R,0.19746303193875697,0.0
delta1__peptide_mean__P43121,0.19719475103884282,0.0
delta1__peptide_count__P24592,0.19696162599326056,0.0
rollmean2__peptide_count__P13611,0.1969466294293098,0.0
rollmean2__peptide_count__P27169,0.19689483862946194,0.0
peptide_std__P00441,0.19669289926686653,0.0
rollmean2__peptide_count__P12109,0.19647522813856402,0.0
rollmean2__protein_npx__P01861,0.19638728592122892,0.0
rollmean2__peptide_count__P07339,0.19636659064089304,0.0
peptide_log__KVEQAVETEPEPELR,0.19529365495714524,0.0
lag1__protein_npx__P11277,0.19527384630140504,0.0
rollmean2__peptide_mean__P36980,0.19513288523571978,0.0
peptide_mean__P02763,0.19506294886405778,0.0
rollmean2__protein_npx__Q13740,0.19394619389057977,0.0
lag1__peptide_std__P16070,0.19343062665962382,0.0
missing__peptide_log__DSGEGDFLAEGGGVR,0.19339286959985483,0.0
delta1__peptide_count__Q9NQ79,0.19272074725995345,0.0
peptide_mean__P00450,0.1927125986070325,0.0
slope1__peptide_std__Q16610,0.19265323492435,0.0
rollmean2__protein_npx__P36222,0.1924312637814169,0.0
lag1__peptide_mean__Q13740,0.1921695894154771,0.0
rollmean2__protein_npx__P01859,0.19109576722858096,0.0
lag1__peptide_mean__Q96BZ4,0.19096046002981631,0.0
missing__peptide_log__VDNALQSGNSQESVTEQDSKDSTYSLSSTLTLSK,0.19076423824869648,0.0
delta1__peptide_mean__P05408,0.19062232836001897,0.0
lag1__peptide_mean__P02652,0.19061860545911277,0.0
missing__peptide_std__P12109,0.19024230602447165,0.0
slope1__peptide_count__P16035,0.18929808386565186,0.0
peptide_mean__Q14508,0.1890694598667846,0.0
peptide_std__P04075,0.18842224334580934,0.0
delta1__peptide_mean__P01594,0.18821756389003144,0.0
lag1__protein_npx__P16035,0.18780663292091837,0.0
delta1__peptide_log__LSNENHGIAQR,0.18740030730628926,0.0
slope1__peptide_mean__Q15904,0.187123849844248,0.0
lag1__peptide_std__O75144,0.18702323289199752,0.0
missing__peptide_std__Q92876,0.18665929056980543,0.0
lag1__peptide_count__Q9NQ79,0.18645215821682457,0.0
lag1__protein_npx__Q96BZ4,0.1862965728732609,0.0
lag1__peptide_mean__P01009,0.18628371068044106,0.0
rollmean2__peptide_std__P10645,0.1862738712846647,0.0
rollmean2__peptide_count__P18065,0.1861455106209204,0.0
rollmean2__peptide_mean__P02760,0.1859680101149202,0.0
rollmean2__peptide_std__P13611,0.18560815616518392,0.0
protein_npx__P02763,0.1854640094538315,0.0
missing__peptide_count__Q99674,0.18546096217197608,0.0
missing__peptide_mean__Q99674,0.18546096217197608,0.0
missing__protein_npx__Q99674,0.18546096217197608,0.0
rollmean2__protein_npx__P08123,0.1847512620111439,0.0
missing__peptide_mean__Q8NBJ4,0.18444678007265145,0.0
missing__peptide_count__Q8NBJ4,0.18444678007265145,0.0
missing__protein_npx__Q8NBJ4,0.18444678007265145,0.0
lag1__peptide_count__P14618,0.18429367746891093,0.0
missing__peptide_mean__P05546,0.18414116313233117,0.0
missing__protein_npx__P05546,0.18414116313233117,0.0
missing__peptide_count__P05546,0.18414116313233117,0.0
rollmean2__peptide_count__P61916,0.18402358600793162,0.0
rollmean2__peptide_count__P05155,0.183257046894843,0.0
rollmean2__peptide_log__KVEQAVETEPEPELR,0.18320471298680852,0.0
rollmean2__peptide_std__Q16270,0.18213665799920567,0.0
delta1__peptide_mean__O14498,0.18209230022342301,0.0
lag1__peptide_mean__Q14508,0.18187266196233606,0.0
rollmean2__protein_npx__P07998,0.1816428792400445,0.0
lag1__peptide_count__Q16610,0.18135898063143813,0.0
missing__peptide_log__RGYQLSDVDGVTC(UniMod_4)EDIDEC(UniMod_4)ALPTGGHIC(UniMod_4)SYR,0.1811362367874542,0.0
rollmean2__peptide_std__P01860,0.18101349323357557,0.0
rollmean2__peptide_count__P10643,0.18092241789820704,0.0
delta1__protein_npx__O14791,0.1808515790128675,0.0
slope1__peptide_count__P36222,0.18064547115241747,0.0
lag1__peptide_count__P13611,0.18053705010445917,0.0
slope1__peptide_count__P06727,0.1805158440330703,0.0
peptide_std__Q92520,0.1803364521732809,0.0
peptide_count__P61769,0.18015085374604603,0.0
rollmean2__protein_npx__O00584,0.1799724518278814,0.0
lag1__peptide_abundance_std,0.17994139979447696,0.0
slope1__peptide_mean__P02750,0.17972236608093126,0.0
protein_npx__P08493,0.1794603376397724,0.0
missing__peptide_log__C(UniMod_4)IIEVLSNALSK,0.17922291383013986,0.0
missing__peptide_mean__Q6UX71,0.1789398732987674,0.0
missing__peptide_count__Q6UX71,0.1789398732987674,0.0
missing__protein_npx__Q6UX71,0.1789398732987674,0.0
lag1__protein_npx__P01019,0.17872167296194594,0.0
missing__protein_npx__P11142,0.17870691090248608,0.0
missing__peptide_count__P11142,0.17870691090248608,0.0
missing__peptide_mean__P11142,0.17870691090248608,0.0
delta1__peptide_count__P54289,0.17833733911875665,0.0
slope1__protein_npx__P02750,0.1781666972700924,0.0
protein_npx__P00441,0.17779874912980576,0.0
rollmean2__peptide_std__P01876,0.17771399582773767,0.0
missing__peptide_log__NPDSSTTGPWC(UniMod_4)YTTDPTVR,0.1776373915291273,0.0
peptide_count__Q92876,0.17759395435138045,0.0
slope1__peptide_log__C(UniMod_4)DSSPDSAEDVRK,0.17745002855392727,0.0
delta1__peptide_std__P02652,0.1773869015896461,0.0
rollmean2__protein_npx__P08493,0.1765370732009804,0.0
delta1__peptide_log__YIVSGTPTFVPYLIK,0.17592427248272283,0.0
lag1__peptide_mean__P02671,0.17565241708002496,0.0
rollmean2__peptide_std__P08603,0.17520381804852023,0.0
delta1__protein_npx__P02750,0.17483918617359925,0.0
missing__peptide_log__KAADDTWEPFASGK,0.17480371878888923,0.0
peptide_log__M(UniMod_35)YLGYEYVTAIR,0.1744361798135684,0.0
peptide_count__P13611,0.1741140845625341,0.0
peptide_count__P12109,0.17385024156645731,0.0
protein_npx__P07998,0.17375918622077755,0.0
lag1__peptide_count__P01857,0.17357643582958937,0.0
lag1__peptide_std__P02671,0.17354512526310367,0.0
missing__peptide_std__P10643,0.17339017132728463,0.0
rollmean2__peptide_mean__P02652,0.17261893467339326,0.0
missing__peptide_log__MYYSAVDPTKDIFTGLIGPM(UniMod_35)K,0.1725371698309206,0.0
slope1__peptide_count__Q14118,0.17144402107720133,0.0
peptide_mean__P13611,0.17134497957957173,0.0
lag1__peptide_mean__P02768,0.17132749094133334,0.0
protein_npx__P01859,0.17125518575720916,0.0
delta1__peptide_std__P05067,0.17122098677286343,0.0
lag1__peptide_log__HYTNPSQDVTVPC(UniMod_4)PVPPPPPC(UniMod_4)C(UniMod_4)HPR,0.17113839613918483,0.0
lag1__peptide_std__P13591,0.17112336659668917,0.0
lag1__peptide_log__C(UniMod_4)REILSVDC(UniMod_4)STNNPSQAK,0.17057419346624667,0.0
peptide_mean__P08123,0.17046025701894266,0.0
peptide_mean__P14314,0.17008094727682097,0.0
lag1__peptide_std__P27169,0.1699938234476432,0.0
slope1__protein_npx__P35542,0.16984605865759525,0.0
missing__peptide_log__SEALAVDGAGKPGAEEAQDPEGK,0.16984532807425048,0.0
rollmean2__peptide_mean__P01857,0.16982751557118056,0.0
missing__peptide_log__NPDPWAK,0.16954828439129196,0.0
delta1__peptide_std__Q16610,0.16909947614747267,0.0
rollmean2__peptide_count__P10909,0.1687725966447354,0.0
rollmean2__peptide_std__P98160,0.16667925925822374,0.0
peptide_mean__P05060,0.16666915646417754,0.0
delta1__peptide_log__IMNGEADAMSLDGGFVYIAGK,0.16647097497317268,0.0
peptide_std__P09486,0.1664676640421561,0.0
rollmean2__peptide_std__P13987,0.16645250147425705,0.0
delta1__peptide_count__P01011,0.16606514976324463,0.0
rollmean2__protein_npx__Q13449,0.16594168964456424,0.0
lag1__protein_npx__P02768,0.16588693451664835,0.0
missing__peptide_std__P01860,0.16588196286608956,0.0
lag1__peptide_log__ATVNPSAPR,0.16578057803031945,0.0
rollmean2__protein_npx__P19823,0.16552124598641563,0.0
delta1__peptide_count__P04433,0.16548148464943663,0.0
lag1__peptide_std__P01877,0.16526902761775286,0.0
rollmean2__peptide_count__O00533,0.16522145420660855,0.0
slope1__peptide_std__Q92876,0.16512616223789806,0.0
peptide_mean__Q8NBJ4,0.16486184737012474,0.0
protein_npx__P36222,0.1646625419059138,0.0
peptide_count__P02749,0.16432168454964216,0.0
rollmean2__peptide_std__P07998,0.1638145728399937,0.0
lag1__peptide_count__P19823,0.16369866782045528,0.0
delta1__peptide_std__P10909,0.16360536138111084,0.0
lag1__protein_npx__P16070,0.1635481323274033,0.0
rollmean2__peptide_log__SELEEQLTPVAEETR,0.163160987147557,0.0
protein_npx__P04406,0.16314079124477585,0.0
rollmean2__peptide_std__P43652,0.16269774741325868,0.0
slope1__peptide_std__P06396,0.16190577243896526,0.0
missing__peptide_log__LGADMEDVC(UniMod_4)GR,0.16180790929111782,0.0
peptide_std__P02748,0.1616711358446056,0.0
lag1__peptide_log__QNC(UniMod_4)ELFEQLGEYK,0.16144150123021075,0.0
lag1__protein_npx__P08637,0.16132406482800565,0.0
delta1__peptide_mean__Q15904,0.16111299459951176,0.0
delta1__peptide_std__P09871,0.16110867043447244,0.0
rollmean2__peptide_log__IHWESASLLR,0.16100995720590988,0.0
rollmean2__peptide_mean__P30086,0.16089654750032378,0.0
delta1__peptide_log__TQVNTQAEQLRR,0.1605649866983247,0.0
peptide_count__P05155,0.16029976287516842,0.0
rollmean2__peptide_log__NPDSSTTGPWC(UniMod_4)YTTDPTVR,0.1602451035881853,0.0
rollmean2__peptide_count__P02765,0.1602387010922975,0.0
delta1__current_updrs_2,0.16013668122288316,0.0
slope1__peptide_log__RTPITVVK,0.15970381853112964,0.0
peptide_std__P01011,0.15969296544035444,0.0
lag1__peptide_mean__P13611,0.15961445813157504,0.0
slope1__peptide_log__IMNGEADAMSLDGGFVYIAGK,0.15952851051777533,0.0
rollmean2__peptide_log__LVGGPM(UniMod_35)DASVEEEGVRR,0.1595276077376523,0.0
missing__peptide_log__LIADLGSTSITNLGFR,0.15936736833757872,0.0
rollmean2__peptide_std__P04217,0.15837695639415306,0.0
rollmean2__peptide_count__Q9NQ79,0.15835819537305743,0.0
peptide_count__P04180,0.15832932721612158,0.0
delta1__protein_npx__O14498,0.15826238895575628,0.0
slope1__peptide_log__YVM(UniMod_35)LPVADQDQC(UniMod_4)IR,0.15824467844966966,0.0
missing__peptide_std__P13591,0.15814755933929012,0.0
peptide_count__P18065,0.15797562341249013,0.0
slope1__current_updrs_1,0.1576813576594222,0.0
peptide_log__NPDSSTTGPWC(UniMod_4)YTTDPTVR,0.15733405934163155,0.0
peptide_count__O00533,0.15725128231627764,0.0
delta1__peptide_std__O15240,0.1569637795148387,0.0
missing__protein_npx__Q9UKV8,0.156890554250838,0.0
missing__peptide_count__Q9UKV8,0.156890554250838,0.0
missing__peptide_mean__Q9UKV8,0.156890554250838,0.0
peptide_std__P08603,0.1568051318650093,0.0
delta1__peptide_std__P30086,0.1567984305018861,0.0
missing__protein_npx__Q15904,0.15677343114346026,0.0
missing__peptide_mean__Q15904,0.15677343114346026,0.0
missing__peptide_count__Q15904,0.15677343114346026,0.0
rollmean2__protein_npx__P02647,0.1565469160643605,0.0
slope1__peptide_mean__P54289,0.15649491928623405,0.0
slope1__peptide_std__P01877,0.15638474737024133,0.0
delta1__peptide_std__P02753,0.15560421389569848,0.0
delta1__peptide_count__P05060,0.15504102818749083,0.0
slope1__peptide_std__P61769,0.15493012283616886,0.0
delta1__protein_npx__P01594,0.15489367804741544,0.0
rollmean2__peptide_std__P01834,0.15488262591191843,0.0
lag1__peptide_mean__P06454,0.15455612938650137,0.0
rollmean2__protein_npx__P09104,0.1544639114609708,0.0
rollmean2__peptide_mean__P08123,0.15443589010415504,0.0
missing__peptide_log__QIGSVYR,0.1543706597673372,0.0
missing__peptide_std__P19652,0.15435833623945788,0.0
peptide_count__P27169,0.15435798991495647,0.0
peptide_std__P05067,0.15429646050901533,0.0
lag1__peptide_std__P09486,0.1540292947261376,0.0
lag1__peptide_log__DSGEGDFLAEGGGVR,0.15367298450338637,0.0
slope1__protein_npx__Q99829,0.15315551259425939,0.0
lag1__peptide_count__P08571,0.1529171005170791,0.0
peptide_std__P00736,0.1526110591167151,0.0
rollmean2__peptide_mean__P00746,0.15256498268291915,0.0
peptide_mean__P01857,0.15241853457612603,0.0
peptide_std__P20774,0.15198275690294233,0.0
lag1__peptide_log__SLAELGGHLDQQVEEFRR,0.15179434539714096,0.0
rollmean2__protein_npx__P00746,0.15173718573524703,0.0
peptide_mean__P02760,0.15131563619929814,0.0
peptide_count__P09486,0.15125960961375023,0.0
missing__peptide_log__M(UniMod_35)ASGAANVVGPK,0.1507542698095374,0.0
slope1__peptide_std__P02652,0.15060746975821343,0.0
rollmean2__peptide_std__P01011,0.15013301750428892,0.0
lag1__peptide_count__P00450,0.15002109011699297,0.0
peptide_mean__O14498,0.14994668954375037,0.0
slope1__peptide_count__P61916,0.14991600213391143,0.0
peptide_count__P01011,0.14964066276091417,0.0
delta1__peptide_mean__P54289,0.1495288600839601,0.0
rollmean2__protein_npx__P00738,0.14950273254804164,0.0
missing__peptide_log__TSPVDEKALQDQLVLVAAK,0.14949887495964728,0.0
lag1__protein_npx__P01860,0.1493496124286035,0.0
protein_npx__P19827,0.14931621179150334,0.0
peptide_mean__O94919,0.1492944565930277,0.0
missing__peptide_log__DSGFQM(UniMod_35)NQLR,0.14927845645261226,0.0
slope1__peptide_count__Q92823,0.1492298889092326,0.0
delta1__protein_npx__P36980,0.1491635740963894,0.0
missing__peptide_mean__P01033,0.14903571878548183,0.0
missing__protein_npx__P01033,0.14903571878548183,0.0
missing__peptide_count__P01033,0.14903571878548183,0.0
peptide_log__DSGFQM(UniMod_35)NQLR,0.1488956734374737,0.0
rollmean2__peptide_log__C(UniMod_4)KPVNTFVHEPLVDVQNVC(UniMod_4)FQEK,0.1488786260333245,0.0
lag1__peptide_mean__P01594,0.14873925833895538,0.0
lag1__peptide_log__TTPPVLDSDGSFFLYSK,0.1487162800930048,0.0
lag1__protein_npx__P06454,0.14841579868474064,0.0
slope1__peptide_count__P02751,0.14837297120832132,0.0
rollmean2__peptide_std__P18065,0.14832710762022705,0.0
slope1__peptide_mean__P00736,0.1481464083639327,0.0
delta1__peptide_mean__P00736,0.14808265977339116,0.0
rollmean2__peptide_mean__P07333,0.14801643620045624,0.0
rollmean2__peptide_count__P07711,0.14789952989830946,0.0
peptide_mean__P43121,0.1478742124805515,0.0
peptide_count__P10643,0.14769549677484994,0.0
missing__peptide_std__P13611,0.14740997428747546,0.0
rollmean2__peptide_log__GEVQAMLGQSTEELR,0.1471294474458947,0.0
rollmean2__current_medication_on,0.1471024386551045,0.0
lag1__peptide_mean__P16035,0.14706771194344548,0.0
peptide_log__LFDSDPITVTVPVEVSR,0.14697317507706478,0.0
missing__peptide_std__P27169,0.14684993548879374,0.0
rollmean2__peptide_count__Q13740,0.14679152136213822,0.0
lag1__protein_npx__P13473,0.14673468265494735,0.0
lag1__peptide_mean__P19823,0.1466432373926549,0.0
slope1__peptide_mean__O14498,0.14657851184562248,0.0
peptide_log__SFNRGEC(UniMod_4),0.14638972308119447,0.0
slope1__peptide_std__P08493,0.1463345265545432,0.0
peptide_mean__P30086,0.1461163063309491,0.0
delta1__peptide_std__P01860,0.14584085335762934,0.0
rollmean2__protein_npx__P00441,0.1457203923700992,0.0
rollmean2__peptide_log__RGYQLSDVDGVTC(UniMod_4)EDIDEC(UniMod_4)ALPTGGHIC(UniMod_4)SYR,0.1457057527441587,0.0
slope1__peptide_count__P01011,0.14565174917776055,0.0
slope1__peptide_mean__P02652,0.14497305721974482,0.0
rollmean2__peptide_mean__P01008,0.1446920196883909,0.0
slope1__peptide_mean__Q99969,0.1446512668400972,0.0
rollmean2__peptide_mean__P02768,0.14441401936797665,0.0
peptide_std__P07998,0.14436100265092064,0.0
rollmean2__peptide_mean__Q96PD5,0.14404225102707913,0.0
rollmean2__peptide_count__P06681,0.14398197161530774,0.0
lag1__peptide_count__P05090,0.14390118641658214,0.0
peptide_std__Q9Y6R7,0.1437771419770634,0.0
delta1__peptide_log__EDSLEAGLPLQVR,0.14370763792313357,0.0
peptide_count__P00748,0.14361061075102088,0.0
rollmean2__peptide_count__P24592,0.14360154355173174,0.0
peptide_std__Q96KN2,0.14357552737604223,0.0
lag1__peptide_mean__P05408,0.14355321703037366,0.0
rollmean2__peptide_mean__P02753,0.1435129378695943,0.0
slope1__peptide_mean__Q99829,0.14347643601327623,0.0
missing__peptide_log__LRTEGDGVYTLNNEK,0.1434158941811298,0.0
slope1__current_medication_on,0.1433750938333412,0.0
delta1__protein_npx__P05408,0.14316509608465605,0.0
delta1__peptide_log__HYEGSTVPEK,0.14297757456439433,0.0
missing__peptide_mean__P11277,0.14296737555230252,0.0
missing__protein_npx__P11277,0.14296737555230252,0.0
missing__peptide_count__P11277,0.14296737555230252,0.0
lag1__peptide_log__LC(UniMod_4)MGSGLNLC(UniMod_4)EPNNKEGYYGYTGAFR,0.14268440679105787,0.0
lag1__peptide_log__SELEEQLTPVAEETR,0.1426738190338206,0.0
rollmean2__peptide_std__Q13740,0.14258351439654646,0.0
rollmean2__protein_npx__P19827,0.1424564803997565,0.0
rollmean2__peptide_count__P04180,0.142241158895191,0.0
slope1__protein_npx__P06727,0.14217141146032583,0.0
slope1__peptide_log__LSNENHGIAQR,0.14193153561205477,0.0
lag1__peptide_std__P98160,0.14192582350822705,0.0
delta1__peptide_mean__P02750,0.14186721892921944,0.0
slope1__peptide_mean__P01859,0.14173256781569174,0.0
rollmean2__peptide_count__P07225,0.14152215572922025,0.0
delta1__peptide_log__VDSGNDVTDIADDGC(UniMod_4)PKPPEIAHGYVEHSVR,0.14151161033718193,0.0
lag1__peptide_log__LFDSDPITVTVPVEVSR,0.14142731687319146,0.0
missing__peptide_std__O15240,0.14129022037487693,0.0
peptide_mean__P04406,0.14128997358051798,0.0
peptide_count__P05060,0.1410551491574704,0.0
slope1__peptide_mean__P07602,0.14105235034709113,0.0
rollmean2__peptide_log__GYQLSDVDGVTC(UniMod_4)EDIDEC(UniMod_4)ALPTGGHIC(UniMod_4)SYR,0.14104048042407222,0.0
slope1__peptide_std__P16070,0.14100910997724506,0.0
lag1__peptide_count__P07711,0.1409202650894922,0.0
rollmean2__peptide_log__LGADM(UniMod_35)EDVC(UniMod_4)GR,0.1409070774678266,0.0
rollmean2__protein_npx__P01024,0.1408136227249032,0.0
delta1__peptide_std__P18065,0.1407981693752146,0.0
rollmean2__peptide_log__KFPSGTFEQVSQLVK,0.14068232120322247,0.0
missing__peptide_log__KVEQAVETEPEPELR,0.14042894453845411,0.0
rollmean2__peptide_mean__Q96S96,0.14018055124508624,0.0
protein_npx__P19823,0.14007215634085451,0.0
delta1__peptide_count__O94919,0.13984160282989216,0.0
lag1__protein_npx__P01034,0.13979985072050014,0.0
lag1__protein_npx__P06727,0.1396618383056874,0.0
lag1__peptide_log__ELDESLQVAER,0.1395483247881657,0.0
rollmean2__peptide_std__P06727,0.13946864075201384,0.0
rollmean2__peptide_count__P05452,0.1393907479185834,0.0
lag1__peptide_std__P43121,0.13931061766223424,0.0
peptide_mean__P01008,0.1392298846745501,0.0
rollmean2__protein_npx__P07333,0.13922686693936465,0.0
delta1__peptide_log__SELEEQLTPVAEETR,0.13905601059696499,0.0
rollmean2__peptide_count__P00450,0.13898571103139998,0.0
lag1__peptide_std__P25311,0.1389603353461205,0.0
missing__peptide_std__P16870,0.13891815853568928,0.0
delta1__protein_npx__P31997,0.13866466387346316,0.0
lag1__peptide_mean__P01859,0.13860025895131028,0.0
rollmean2__peptide_mean__P49908,0.13850395945356084,0.0
lag1__peptide_count__P02774,0.13837337056915977,0.0
peptide_count__P61916,0.1381377235205783,0.0
delta1__peptide_std__P13611,0.13802594160574558,0.0
peptide_std__Q9NQ79,0.13801837148587343,0.0
slope1__protein_npx__O14498,0.1379695803245313,0.0
rollmean2__protein_npx__P01011,0.13786969430880996,0.0
delta1__peptide_count__Q6UXB8,0.13786442439768376,0.0
delta1__peptide_log__LVGGPM(UniMod_35)DASVEEEGVRR,0.13785899104003596,0.0
rollmean2__peptide_log__NFPPSQDASGDLYTTSSQLTLPATQC(UniMod_4)PDGK,0.13784712914997863,0.0
protein_npx__P25311,0.13778626139304148,0.0
rollmean2__protein_npx__P36955,0.13777062751132135,0.0
slope1__peptide_mean__P01621,0.13773407105675078,0.0
slope1__peptide_std__Q96PD5,0.13768790898230543,0.0
peptide_count__P00747,0.1375298881602996,0.0
lag1__peptide_log__EILSVDC(UniMod_4)STNNPSQAK,0.13741356229916132,0.0
missing__peptide_log__LAVYQAGAR,0.13736172124438406,0.0
missing__peptide_count__Q9BY67,0.13726067080029908,0.0
missing__peptide_mean__Q9BY67,0.13726067080029908,0.0
missing__protein_npx__Q9BY67,0.13726067080029908,0.0
rollmean2__peptide_count__P02766,0.13719788778453434,0.0
rollmean2__peptide_mean__Q13740,0.13707308987185837,0.0
peptide_count__P02765,0.13706391777720184,0.0
lag1__protein_npx__Q8N2S1,0.13700464759011463,0.0
rollmean2__peptide_mean__O94919,0.136985614151179,0.0
rollmean2__protein_npx__P02749,0.13690086935197068,0.0
delta1__protein_npx__P61626,0.13684514512864965,0.0
lag1__peptide_count__P02671,0.1367683657327214,0.0
slope1__peptide_mean__Q06481,0.13669351529070872,0.0
missing__peptide_mean__P40925,0.136559833308672,0.0
missing__protein_npx__P40925,0.136559833308672,0.0
missing__peptide_count__P40925,0.136559833308672,0.0
delta1__protein_npx__P01860,0.13647486294528122,0.0
lag1__peptide_count__O00584,0.13635239918849326,0.0
lag1__peptide_mean__Q6UXD5,0.1361955252978354,0.0
rollmean2__protein_npx__Q9NQ79,0.13610958097846157,0.0
rollmean2__protein_npx__P02768,0.1360991146068523,0.0
lag1__peptide_mean__Q9Y6R7,0.13598152324895324,0.0
rollmean2__protein_npx__Q96S96,0.1357982121456733,0.0
peptide_mean__P39060,0.13575547723823253,0.0
rollmean2__peptide_mean__Q8NBJ4,0.13574676421866505,0.0
lag1__protein_npx__P01861,0.13570920694664257,0.0
rollmean2__peptide_mean__P05408,0.1355970814452734,0.0
slope1__protein_npx__P02765,0.13548702914236946,0.0
rollmean2__peptide_std__Q14624,0.13533163000633194,0.0
rollmean2__protein_npx__Q14508,0.13532663886733728,0.0
rollmean2__peptide_log__M(UniMod_35)YLGYEYVTAIR,0.13531516559389856,0.0
lag1__peptide_count__P02452,0.13527172063503393,0.0
lag1__peptide_count__P00746,0.13516223419126275,0.0
protein_npx__P43251,0.13488800226354233,0.0
slope1__peptide_count__P30086,0.13481537609440197,0.0
peptide_count__P02766,0.13457055991064387,0.0
missing__peptide_mean__O75326,0.13435700581537435,0.0
missing__peptide_count__O75326,0.13435700581537435,0.0
missing__protein_npx__O75326,0.13435700581537435,0.0
peptide_log__GEVQAMLGQSTEELR,0.13406538538438573,0.0
peptide_std__P43121,0.13371992776723252,0.0
delta1__peptide_mean__P05546,0.13365012663773684,0.0
peptide_std__P00751,0.1336070432235457,0.0
peptide_log__VGYVSGWGR,0.13341716800892736,0.0
lag1__visit_index,0.13339860628948352,0.0
lag1__peptide_std__P02787,0.13320296718032518,0.0
missing__peptide_mean__P61626,0.13290336324015492,0.0
missing__peptide_count__P61626,0.13290336324015492,0.0
missing__protein_npx__P61626,0.13290336324015492,0.0
rollmean2__peptide_mean__P09104,0.1328660917696905,0.0
peptide_log__YIVSGTPTFVPYLIK,0.13285977637523988,0.0
rollmean2__peptide_count__P02452,0.13268684024552851,0.0
delta1__peptide_log__LRTEGDGVYTLNNEK,0.1326215309019364,0.0
rollmean2__peptide_std__P19823,0.13261833792122898,0.0
lag1__peptide_std__Q12805,0.13255865465868802,0.0
missing__peptide_log__GEVQAMLGQSTEELRVR,0.13251832838190075,0.0
protein_npx__P00746,0.13246464616697465,0.0
lag1__peptide_mean__P43251,0.13241087011222283,0.0
missing__peptide_log__NFPPSQDASGDLYTTSSQLTLPATQC(UniMod_4)LAGK,0.13239958244738603,0.0
peptide_count__P01876,0.132378117814816,0.0
peptide_log__LDEVKEQVAEVR,0.1323296051362095,0.0
peptide_log__ANRPFLVFIR,0.13227806501943257,0.0
peptide_mean__P09871,0.13226580384632894,0.0
protein_npx__P00738,0.13206959506010593,0.0
lag1__protein_npx__P01857,0.13204628383685113,0.0
slope1__peptide_log__C(UniMod_4)RDQLPYIC(UniMod_4)QFGIV,0.1319724279928223,0.0
slope1__peptide_std__P00738,0.1319696975556716,0.0
protein_npx__P09104,0.1319179790721788,0.0
peptide_std__P06727,0.1318390619182426,0.0
missing__protein_npx__P01861,0.13183837895559256,0.0
missing__peptide_log__TTPPVLDSDGSFFLYSR,0.13183837895559256,0.0
missing__peptide_mean__P01861,0.13183837895559256,0.0
missing__peptide_count__P01861,0.13183837895559256,0.0
lag1__peptide_std__P01009,0.1312424552168346,0.0
lag1__protein_npx__P31997,0.13114925022347915,0.0
slope1__protein_npx__P01876,0.1310367163112997,0.0
delta1__peptide_mean__P43652,0.13096466293257017,0.0
lag1__peptide_log__C(UniMod_4)KPVNTFVHEPLVDVQNVC(UniMod_4)FQEK,0.130909438429214,0.0
slope1__peptide_count__P10645,0.1308849817767997,0.0
delta1__peptide_count__P07339,0.13087538945367036,0.0
lag1__protein_npx__Q6UXD5,0.13077015035370537,0.0
protein_npx__P02647,0.13074006405674568,0.0
rollmean2__protein_npx__P25311,0.1306918019606722,0.0
peptide_mean__P00746,0.13061091420327786,0.0
rollmean2__peptide_count__Q92876,0.1305593124553293,0.0
rollmean2__peptide_log__ANRPFLVFIR,0.13034000290743766,0.0
lag1__peptide_mean__P43121,0.1303036133808661,0.0
delta1__peptide_mean__P01717,0.13029265608357518,0.0
rollmean2__peptide_log__C(UniMod_4)RDQLPYIC(UniMod_4)QFGIV,0.12998648947007063,0.0
lag1__peptide_log__C(UniMod_4)RDQLPYIC(UniMod_4)QFGIV,0.12973162798066878,0.0
lag1__peptide_mean__P01034,0.12971475887964862,0.0
delta1__peptide_mean__Q99969,0.12966181023632514,0.0
rollmean2__peptide_mean__P39060,0.12960474072736758,0.0
peptide_log__NPDPWAK,0.12958519278905548,0.0
peptide_mean__P49908,0.12955857368103504,0.0
rollmean2__peptide_mean__Q12907,0.12935130038978662,0.0
delta1__protein_npx__P01877,0.12932573499969113,0.0
rollmean2__peptide_mean__P08637,0.12911610098829984,0.0
peptide_count__P01019,0.12908190183942508,0.0
lag1__protein_npx__P01834,0.12906311045622562,0.0
delta1__protein_npx__O94919,0.12899180113974662,0.0
slope1__protein_npx__Q14118,0.12898564368083623,0.0
lag1__peptide_std__P07225,0.12885590145271925,0.0
delta1__peptide_abundance_min,0.1288442154482692,0.0
missing__peptide_log__GYQLSDVDGVTC(UniMod_4)EDIDEC(UniMod_4)ALPTGGHIC(UniMod_4)SYR,0.12880297728603227,0.0
rollmean2__protein_npx__P00736,0.1287780051288266,0.0
rollmean2__peptide_std__P39060,0.1287392672120751,0.0
peptide_log__DLATVYVDVLK,0.12809129576544573,0.0
rollmean2__peptide_mean__P01024,0.1279988009003962,0.0
rollmean2__peptide_mean__P04211,0.12788308022571923,0.0
lag1__peptide_mean__P06681,0.12787954355033143,0.0
lag1__protein_npx__P08253,0.12779355531585823,0.0
missing__peptide_std__Q6UXB8,0.12760641688308952,0.0
protein_npx__P01024,0.1275899224330821,0.0
lag1__peptide_std__P39060,0.1275776895091275,0.0
peptide_mean__Q96PD5,0.12753789687507416,0.0
rollmean2__peptide_std__P02753,0.12743145719929638,0.0
rollmean2__peptide_mean__P31997,0.1274083978208437,0.0
rollmean2__peptide_log__SEALAVDGAGKPGAEEAQDPEGK,0.12730251260756165,0.0
missing__peptide_mean__P36980,0.1272039608136489,0.0
missing__protein_npx__P36980,0.1272039608136489,0.0
missing__peptide_count__P36980,0.1272039608136489,0.0
rollmean2__peptide_log__VTSIQDWVQK,0.12716769968909805,0.0
rollmean2__peptide_mean__P04406,0.1271670224695836,0.0
protein_npx__P02747,0.12707871697872228,0.0
peptide_count__Q92520,0.12703254226251007,0.0
delta1__peptide_std__P10643,0.12679664767997412,0.0
peptide_mean__P36980,0.12677290554070467,0.0
rollmean2__peptide_log__HGGLYHENMR,0.1267682416644382,0.0
slope1__peptide_log__EDSLEAGLPLQVR,0.12672084592679753,0.0
lag1__peptide_count__Q6UXB8,0.12657920191702726,0.0
lag1__protein_npx__Q9UBX5,0.1262047648956962,0.0
delta1__protein_npx__P02671,0.12619717622414983,0.0
slope1__protein_npx__P01008,0.1261662314023217,0.0
rollmean2__peptide_std__P61916,0.1259759230493291,0.0
lag1__peptide_mean__P00450,0.12593859287831272,0.0
missing__peptide_log__C(UniMod_4)DSSPDSAEDVRK,0.1259348722525143,0.0
peptide_std__P13987,0.12590197764781738,0.0
lag1__peptide_count__P01876,0.12586988318753467,0.0
delta1__peptide_count__P01034,0.1258669825119591,0.0
protein_npx__Q14508,0.12584767146602405,0.0
delta1__peptide_std__P12109,0.1258457727152762,0.0
missing__peptide_log__ELSSFIDKGQELC(UniMod_4)ADYSENTFTEYK,0.12584015098769333,0.0
lag1__peptide_mean__P08571,0.12580631230180367,0.0
peptide_mean__P01717,0.12571756845646265,0.0
delta1__peptide_std__Q6UXB8,0.1256186539043635,0.0
rollmean2__peptide_mean__O14773,0.12555120668622832,0.0
slope1__peptide_mean__P08493,0.12548757722300433,0.0
lag1__peptide_std__P00441,0.12530394274807277,0.0
peptide_log__VTSIQDWVQK,0.12528340394361775,0.0
slope1__protein_npx__P61769,0.1252787549164634,0.0
delta1__peptide_count__P01859,0.12522150768509901,0.0
rollmean2__peptide_std__P00734,0.1252097729665069,0.0
peptide_std__P00734,0.1252059631329444,0.0
peptide_count__P07339,0.12513977757344447,0.0
slope1__protein_npx__P10643,0.12505968630324096,0.0
slope1__protein_npx__P51884,0.1249735581850121,0.0
missing__peptide_count__O00391,0.12486791199647947,0.0
missing__protein_npx__O00391,0.12486791199647947,0.0
missing__peptide_mean__O00391,0.12486791199647947,0.0
slope1__peptide_log__GSPAINVAVHVFRK,0.12486282154178924,0.0
lag1__protein_npx__P13671,0.1247835390241483,0.0
lag1__protein_npx__Q8NE71,0.12475217975855996,0.0
peptide_std__Q14118,0.12473347207695264,0.0
delta1__peptide_std__P02765,0.12472844129694227,0.0
protein_npx__O00584,0.1246344249550657,0.0
rollmean2__peptide_mean__Q6UXB8,0.12453335441211688,0.0
lag1__protein_npx__Q8IWV7,0.12452140724246512,0.0
rollmean2__peptide_count__Q92520,0.12451500677287886,0.0
lag1__protein_npx__P08133,0.12451396479266397,0.0
rollmean2__peptide_log__SWFEPLVEDM(UniMod_35)QR,0.1245008816336775,0.0
slope1__peptide_std__P02753,0.12414141842992014,0.0
delta1__peptide_std__Q12841,0.1241310402659617,0.0
delta1__peptide_log__SFNRGEC(UniMod_4),0.12409256714021683,0.0
peptide_log__AYQGVAAPFPK,0.12404354925131181,0.0
lag1__peptide_log__IMNGEADAMSLDGGFVYIAGK,0.12396255076687074,0.0
peptide_std__P02652,0.12379913008773687,0.0
slope1__peptide_std__P07225,0.12377010032649566,0.0
rollmean2__peptide_mean__P32754,0.12338269631471659,0.0
lag1__peptide_log__SNSSM(UniMod_35)HITDC(UniMod_4)R,0.12334783757933039,0.0
delta1__peptide_std__P02452,0.12331561219566814,0.0
rollmean2__peptide_std__P01023,0.12328080476299626,0.0
peptide_mean__P01859,0.12319410268550735,0.0
rollmean2__peptide_mean__Q14118,0.12304514654095632,0.0
lag1__peptide_count__P08493,0.12293844971357995,0.0
lag1__protein_npx__P04217,0.12288398828457447,0.0
lag1__peptide_count__P04433,0.12285450645177506,0.0
lag1__peptide_mean__O14498,0.12284552308336519,0.0
slope1__peptide_count__P10909,0.12280064691288534,0.0
protein_npx__P01861,0.12259881614742146,0.0
delta1__protein_npx__P01834,0.12258936418303261,0.0
lag1__peptide_mean__P31997,0.12246477046672,0.0
rollmean2__protein_npx__Q9UBX5,0.122307128514108,0.0
slope1__peptide_std__P07339,0.12204676714694694,0.0
lag1__peptide_std__P02790,0.12199559224263411,0.0
missing__peptide_log__TKEEYGHSEVVEYYC(UniMod_4)NPR,0.12199325848891888,0.0
protein_npx__O75326,0.12198523583959028,0.0
slope1__peptide_log__RGYQLSDVDGVTC(UniMod_4)EDIDEC(UniMod_4)ALPTGGHIC(UniMod_4)SYR,0.12184045268322226,0.0
peptide_log__SELEEQLTPVAEETR,0.12181593266452731,0.0
slope1__peptide_mean__P01344,0.12150640308057287,0.0
peptide_mean__P36955,0.12132604659060346,0.0
protein_npx__Q06481,0.1213023595721385,0.0
delta1__protein_npx__P32754,0.12121618699388911,0.0
delta1__protein_npx__P05060,0.12114683281431214,0.0
slope1__peptide_count__P04433,0.12110153663364255,0.0
missing__peptide_count__P04211,0.12102437425591837,0.0
missing__protein_npx__P04211,0.12102437425591837,0.0
missing__peptide_mean__P04211,0.12102437425591837,0.0
lag1__peptide_mean__P01717,0.12099482396001554,0.0
peptide_log__NFPPSQDASGDLYTTSSQLTLPATQC(UniMod_4)PDGK,0.12092550968903643,0.0
missing__peptide_log__QQETAAAETETR,0.12092065290743355,0.0
delta1__protein_npx__P05090,0.1208266516962782,0.0
lag1__peptide_log__RGYQLSDVDGVTC(UniMod_4)EDIDEC(UniMod_4)ALPTGGHIC(UniMod_4)SYR,0.12082578350640345,0.0
lag1__peptide_count__Q9UBX5,0.12054308972599903,0.0
slope1__peptide_std__P07711,0.1205144371251366,0.0
slope1__protein_npx__P61626,0.12026919260814435,0.0
peptide_log__SEALAVDGAGKPGAEEAQDPEGK,0.12011079378574817,0.0
rollmean2__protein_npx__P04211,0.1201042180224007,0.0
peptide_std__O94919,0.11996798379402886,0.0
peptide_log__HYEGSTVPEK,0.1197915058170868,0.0
lag1__peptide_mean__P02750,0.119770242696039,0.0
missing__peptide_log__EILSVDC(UniMod_4)STNNPSQAK,0.1197027337554024,0.0
slope1__peptide_mean__Q99435,0.1196342603959784,0.0
rollmean2__peptide_count__P00747,0.11959528011746987,0.0
rollmean2__protein_npx__P04196,0.11932567879856074,0.0
peptide_count__P23142,0.11930559479916757,0.0
slope1__protein_npx__P61278,0.11925144790019468,0.0
delta1__peptide_count__P00746,0.11922414211017957,0.0
delta1__protein_npx__P35542,0.11917948538077476,0.0
rollmean2__peptide_count__P05060,0.11906261458688013,0.0
lag1__peptide_mean__P13671,0.11905874609033645,0.0
slope1__peptide_mean__P00738,0.1190186910647658,0.0
lag1__protein_npx__P16152,0.1188439291338662,0.0
protein_npx__Q9NQ79,0.1188309485703269,0.0
peptide_log__HYDGSYSTFGER,0.11870221632735763,0.0
delta1__peptide_mean__P07602,0.11864842583620316,0.0
missing__protein_npx__P23083,0.11862709205327979,0.0
missing__peptide_mean__P23083,0.11862709205327979,0.0
missing__peptide_count__P23083,0.11862709205327979,0.0
rollmean2__peptide_mean__P04075,0.11861449874516966,0.0
delta1__peptide_mean__P36980,0.11853072933376735,0.0
delta1__protein_npx__P09486,0.11839743984763361,0.0
delta1__peptide_mean__P00748,0.11834342400286499,0.0
peptide_std__P01023,0.11833876876637194,0.0
lag1__peptide_count__P05452,0.11824435241667731,0.0
peptide_log__LGQSLDC(UniMod_4)NAEVYVVPWEK,0.11808243135997089,0.0
missing__peptide_log__RLEGQEEEEDNRDSSMK,0.11807113501693042,0.0
peptide_mean__Q13332,0.1178355288731234,0.0
delta1__peptide_mean__P08603,0.11774355663140283,0.0
delta1__peptide_mean__P08493,0.11767255688935767,0.0
missing__protein_npx__O14498,0.11756102425021461,0.0
missing__peptide_mean__O14498,0.11756102425021461,0.0
missing__peptide_count__O14498,0.11756102425021461,0.0
protein_npx__P16152,0.11753522883391623,0.0
peptide_std__P02790,0.11752113297087798,0.0
lag1__peptide_count__P07339,0.11747115373069668,0.0
slope1__peptide_std__P13611,0.11746753120390468,0.0
missing__peptide_count__P01833,0.1174002853944773,0.0
missing__peptide_mean__P01833,0.1174002853944773,0.0
missing__protein_npx__P01833,0.1174002853944773,0.0
protein_npx__Q13449,0.11736391668662086,0.0
rollmean2__peptide_mean__P05060,0.11735528445006288,0.0
delta1__peptide_log__C(UniMod_4)KPVNTFVHEPLVDVQNVC(UniMod_4)FQEK,0.11731579599224126,0.0
peptide_count__P05156,0.1172754964504004,0.0
slope1__protein_npx__P16035,0.11717240040824467,0.0
rollmean2__peptide_mean__P13521,0.11716403757299185,0.0
delta1__peptide_mean__P08253,0.11705963210671819,0.0
lag1__protein_npx__P32754,0.1170088922366399,0.0
rollmean2__protein_npx__P02753,0.11699738940391802,0.0
delta1__peptide_log__TTPPVLDSDGSFFLYSK,0.11685219809196545,0.0
delta1__peptide_std__P00746,0.11683110248629479,0.0
lag1__peptide_count__Q9UHG2,0.11667902190516402,0.0
lag1__peptide_mean__P01833,0.11658160684920611,0.0
lag1__protein_npx__Q6UXB8,0.11647279001570417,0.0
rollmean2__protein_npx__P01857,0.1164210016952688,0.0
rollmean2__peptide_mean__P36955,0.11633215041317878,0.0
peptide_std__P27169,0.11610834545199686,0.0
missing__peptide_count__Q06481,0.1160470842123893,0.0
missing__peptide_mean__Q06481,0.1160470842123893,0.0
missing__protein_npx__Q06481,0.1160470842123893,0.0
lag1__peptide_log__LPPTSAHGNVAEGETKPDPDVTER,0.1160272219614769,0.0
delta1__peptide_std__P16870,0.1160185462589029,0.0
peptide_log__MTVTDQVNC(UniMod_4)PK,0.11590792865841339,0.0
lag1__peptide_std__P36222,0.11590155005315554,0.0
peptide_count__P05452,0.11589660292482697,0.0
rollmean2__peptide_std__Q96KN2,0.11584927418157848,0.0
rollmean2__peptide_count__P19823,0.1158466153201826,0.0
protein_npx__Q13740,0.11574695855485259,0.0
delta1__peptide_mean__P02671,0.11570992138525951,0.0
lag1__peptide_std__P04217,0.11565907893832603,0.0
rollmean2__peptide_log__AYQGVAAPFPK,0.11564457440766907,0.0
slope1__peptide_log__C(UniMod_4)KPVNTFVHEPLVDVQNVC(UniMod_4)FQEK,0.11557723081557565,0.0
missing__peptide_log__C(UniMod_4)C(UniMod_4)VEC(UniMod_4)PPC(UniMod_4)PAPPVAGPSVFLFPPKPK,0.11552989512545389,0.0
rollmean2__peptide_count__P00738,0.11552772315073531,0.0
rollmean2__protein_npx__P04406,0.11542481828730186,0.0
peptide_log__KFPSGTFEQVSQLVK,0.11539472597020034,0.0
rollmean2__peptide_log__VGYVSGWGR,0.11533765350667284,0.0
protein_npx__Q96BZ4,0.11517790733502373,0.0
lag1__protein_npx__P18065,0.11516599128100917,0.0
slope1__peptide_std__Q06481,0.11513496052413814,0.0
protein_npx__P01591,0.11508838583199565,0.0
peptide_count__P02452,0.11504319436112882,0.0
rollmean2__peptide_count__P14314,0.11502508710601406,0.0
rollmean2__peptide_mean__P10645,0.1149805427160475,0.0
peptide_std__P51884,0.11496874130814073,0.0
peptide_log__QIGSVYR,0.11496194772781469,0.0
slope1__peptide_log__VDSGNDVTDIADDGC(UniMod_4)PKPPEIAHGYVEHSVR,0.11495619697755288,0.0
rollmean2__protein_npx__P06681,0.11493563947323415,0.0
protein_npx__P04180,0.11492164748127245,0.0
peptide_count__P14314,0.1149105893455398,0.0
slope1__peptide_std__Q14118,0.11478810791469046,0.0
slope1__peptide_log__ILLQGTPVAQMTEDAVDAER,0.11475469041012323,0.0
missing__peptide_log__QKVEPLRAELQEGAR,0.11469641803726909,0.0
slope1__peptide_count__P02652,0.11463656207528089,0.0
lag1__peptide_log__VC(UniMod_4)PFAGILENGAVR,0.1146251163335542,0.0
rollmean2__peptide_mean__P20933,0.11449591616985642,0.0
missing__peptide_log__MASGAANVVGPK,0.11449568376269735,0.0
rollmean2__peptide_log__VTLTC(UniMod_4)VAPLSGVDFQLR,0.11440262307679425,0.0
peptide_mean__P12109,0.11422927013458486,0.0
protein_npx__P09871,0.11413794521578749,0.0
protein_npx__Q8NBJ4,0.11408487242895057,0.0
lag1__peptide_mean__P11142,0.11386537655073406,0.0
delta1__peptide_std__Q92876,0.11385126934414341,0.0
rollmean2__peptide_count__P01009,0.11365501654293281,0.0
protein_npx__P01042,0.11360892452364192,0.0
lag1__peptide_mean__P04075,0.11360178828142457,0.0
peptide_mean__P11277,0.11348413563949279,0.0
slope1__protein_npx__Q9UNU6,0.11341391615913737,0.0
protein_npx__P04211,0.11307920045168483,0.0
lag1__peptide_log__MYYSAVDPTKDIFTGLIGPM(UniMod_35)K,0.11294716458777157,0.0
slope1__protein_npx__O14791,0.11293785379506356,0.0
rollmean2__protein_npx__P02649,0.11272933836145393,0.0
rollmean2__peptide_std__P51884,0.11266060947468369,0.0
delta1__peptide_std__P61769,0.11265314535459224,0.0
slope1__peptide_log__AVLPTGDVIGDSAK,0.11263559731888975,0.0
lag1__peptide_count__P02760,0.1125680209162377,0.0
missing__peptide_log__TSAHGNVAEGETKPDPDVTER,0.11256531759444136,0.0
protein_npx__P36955,0.11254623839370291,0.0
rollmean2__protein_npx__P04180,0.11253252574137791,0.0
rollmean2__peptide_count__P39060,0.11252375824130846,0.0
rollmean2__peptide_count__P23142,0.11247825300290772,0.0
lag1__peptide_mean__P02787,0.11236729175272318,0.0
protein_npx__Q9UBX5,0.112275033205483,0.0
slope1__peptide_count__P08571,0.11225784257449391,0.0
missing__peptide_log__VDSGNDVTDIADDGC(UniMod_4)PKPPEIAHGYVEHSVR,0.11214106039190834,0.0
lag1__peptide_count__Q14515,0.11207053742606912,0.0
delta1__peptide_count__P02652,0.11199417039420674,0.0
missing__protein_npx__P19827,0.1119017587528018,0.0
missing__peptide_mean__P19827,0.1119017587528018,0.0
missing__peptide_count__P19827,0.1119017587528018,0.0
lag1__peptide_count__P61916,0.11177248681877379,0.0
rollmean2__peptide_log__ATVNPSAPR,0.11174334547359523,0.0
lag1__peptide_mean__Q8N2S1,0.11169871687975784,0.0
lag1__peptide_std__P09871,0.11168756824843745,0.0
missing__peptide_log__SC(UniMod_4)DTPPPC(UniMod_4)PR,0.11166816422214203,0.0
slope1__peptide_mean__Q9UNU6,0.11162947845152148,0.0
lag1__peptide_mean__P13473,0.11161177086441715,0.0
delta1__peptide_count__P10909,0.1115652401980736,0.0
rollmean2__peptide_count__Q92823,0.11146377657116996,0.0
peptide_std__P25311,0.11140552345153805,0.0
delta1__peptide_std__P23142,0.11129337959041784,0.0
peptide_mean__P01024,0.11125313717407084,0.0
lag1__peptide_mean__Q8IWV7,0.11109042349246548,0.0
lag1__peptide_log__ILTC(UniMod_4)M(UniMod_35)QGMEEIR,0.11109042349246548,0.0
peptide_mean__P13521,0.11108378625014781,0.0
rollmean2__peptide_std__Q9NQ79,0.11106160386943036,0.0
delta1__peptide_log__FNKPFVFLM(UniMod_35)IEQNTK,0.11102928597365039,0.0
rollmean2__peptide_mean__P14314,0.1109775079136996,0.0
rollmean2__peptide_mean__O14791,0.11097615940830231,0.0
missing__peptide_log__LGPLVEQGR,0.11096649225646638,0.0
delta1__peptide_mean__P07339,0.11092611577280384,0.0
slope1__protein_npx__Q15904,0.11079444681945215,0.0
peptide_log__WELALGR,0.11077166400848197,0.0
lag1__peptide_mean__O75326,0.11060838638704633,0.0
slope1__peptide_count__P13611,0.11042612116575923,0.0
delta1__peptide_mean__P06727,0.11039185853688184,0.0
delta1__peptide_mean__P05060,0.11038565871200508,0.0
rollmean2__peptide_mean__Q14624,0.11036448389571075,0.0
slope1__peptide_std__P05090,0.11031385974408967,0.0
lag1__peptide_mean__P02753,0.11026595318682728,0.0
lag1__peptide_std__P13611,0.11021572657834058,0.0
rollmean2__peptide_mean__P43652,0.1100465982702261,0.0
rollmean2__peptide_log__SFNRGEC(UniMod_4),0.11002339439008621,0.0
rollmean2__peptide_std__P04004,0.11001080754492908,0.0
rollmean2__peptide_mean__P09871,0.10989810683671448,0.0
protein_npx__P02452,0.10989141968335675,0.0
peptide_mean__P04196,0.109864457588827,0.0
rollmean2__peptide_count__P01834,0.10978542230135148,0.0
rollmean2__peptide_std__P00746,0.10956814666426756,0.0
rollmean2__peptide_count__P04196,0.10928575834554675,0.0
delta1__peptide_mean__P02766,0.10926861061015139,0.0
rollmean2__peptide_count__P43121,0.10926561265237378,0.0
lag1__peptide_log__LEGQEEEEDNRDSSMK,0.10909766833124684,0.0
lag1__peptide_mean__P08253,0.10901449941959013,0.0
slope1__peptide_std__P02760,0.10894497667694614,0.0
rollmean2__peptide_std__Q12841,0.10893044035625642,0.0
lag1__protein_npx__P02753,0.10890555037286215,0.0
delta1__peptide_std__P01877,0.10886878298564395,0.0
lag1__peptide_std__P02679,0.10884144186437239,0.0
slope1__peptide_mean__P02765,0.10868009463037667,0.0
rollmean2__peptide_count__P05156,0.10836389385062925,0.0
peptide_count__Q6UXB8,0.1082895413407194,0.0
rollmean2__protein_npx__P13987,0.10815230980974849,0.0
rollmean2__protein_npx__O14773,0.10813917613996972,0.0
slope1__peptide_count__Q6UXB8,0.10812081896953651,0.0
lag1__peptide_std__P00746,0.10808665873841912,0.0
slope1__peptide_count__P05155,0.10806904348512256,0.0
lag1__peptide_std__P05067,0.10803752391388792,0.0
missing__peptide_mean__P17174,0.10800182325678677,0.0
missing__protein_npx__P17174,0.10800182325678677,0.0
missing__peptide_count__P17174,0.10800182325678677,0.0
lag1__peptide_std__O00584,0.10781350208816019,0.0
slope1__protein_npx__P08133,0.1076886616550312,0.0
rollmean2__peptide_count__P04217,0.10765002326939427,0.0
delta1__peptide_std__P07711,0.10764975027951203,0.0
lag1__peptide_mean__P61769,0.10752012792967944,0.0
lag1__peptide_mean__P08133,0.10730728481243268,0.0
slope1__peptide_std__P01834,0.10726704178541911,0.0
lag1__peptide_std__P01011,0.1072609984151787,0.0
lag1__peptide_std__P36955,0.10723837745345781,0.0
lag1__peptide_mean__P19652,0.10723430251118626,0.0
slope1__peptide_count__Q92876,0.10722431346865445,0.0
delta1__peptide_count__Q92876,0.10722431346865444,0.0
slope1__peptide_std__P51884,0.1071891181820635,0.0
delta1__protein_npx__Q14118,0.10714695519022388,0.0
peptide_std__P04004,0.10713282756184986,0.0
missing__peptide_count__P08133,0.10705347898090718,0.0
missing__peptide_mean__P08133,0.10705347898090718,0.0
missing__protein_npx__P08133,0.10705347898090718,0.0
lag1__peptide_std__P00738,0.10704097414068445,0.0
slope1__peptide_log__QNC(UniMod_4)ELFEQLGEYK,0.10693652335813836,0.0
lag1__peptide_mean__P01019,0.10693082083035255,0.0
peptide_log__TVVQPSVGAAAGPVVPPC(UniMod_4)PGR,0.10692138852232683,0.0
slope1__peptide_abundance_min,0.1069099003462096,0.0
delta1__peptide_std__P14618,0.1068265826109047,0.0
lag1__protein_npx__Q14508,0.106740303303709,0.0
delta1__peptide_count__P51884,0.10662688868940381,0.0
delta1__peptide_mean__P01019,0.10653744981880472,0.0
slope1__peptide_mean__P07333,0.10649601023592462,0.0
delta1__peptide_log__ELDESLQVAER,0.10648398934515815,0.0
delta1__peptide_count__P25311,0.10647971859917289,0.0
rollmean2__peptide_mean__Q7Z3B1,0.10646109842522794,0.0
slope1__peptide_log__NFPPSQDASGDLYTTSSQLTLPATQC(UniMod_4)LAGK,0.10642074481568418,0.0
lag1__peptide_count__Q06481,0.10633084032956187,0.0
lag1__peptide_std__Q14118,0.1063123379541348,0.0
rollmean2__peptide_mean__P08294,0.10622989871727315,0.0
lag1__peptide_mean__P39060,0.10618231934498587,0.0
lag1__peptide_log__LSNENHGIAQR,0.10617597968274137,0.0
peptide_std__Q6UXB8,0.10616216850981718,0.0
peptide_count__P41222,0.10613536249518457,0.0
missing__peptide_log__SWFEPLVEDM(UniMod_35)QR,0.10606550405079475,0.0
delta1__peptide_mean__O15240,0.10604771498890801,0.0
delta1__peptide_std__P08493,0.10601558946812004,0.0
delta1__protein_npx__O00584,0.10593235657417249,0.0
rollmean2__peptide_abundance_std,0.10587239822505123,0.0
delta1__peptide_std__P43652,0.10574016137470084,0.0
delta1__peptide_count__P36222,0.10552204250691934,0.0
rollmean2__protein_npx__P02760,0.1054611714795895,0.0
rollmean2__peptide_mean__Q6UXD5,0.10528197103114582,0.0
slope1__protein_npx__P00736,0.10521123168241535,0.0
protein_npx__P00450,0.10513472967708486,0.0
lag1__peptide_count__P01859,0.10508019236568947,0.0
protein_npx__P02768,0.10506801383638602,0.0
lag1__peptide_log__KFPSGTFEQVSQLVK,0.10506062063226662,0.0
slope1__peptide_mean__P13473,0.10505172361983824,0.0
lag1__peptide_mean__P36980,0.10498957648257519,0.0
rollmean2__peptide_count__P01011,0.10489825735058554,0.0
missing__peptide_log__DLATVYVDVLK,0.10489625014330099,0.0
rollmean2__protein_npx__P09871,0.10488407697420359,0.0
rollmean2__peptide_mean__P04196,0.10486191913106427,0.0
peptide_mean__P02750,0.10483218790961393,0.0
slope1__peptide_count__Q9NQ79,0.10473922673914579,0.0
slope1__peptide_count__O94919,0.10462755391423534,0.0
delta1__current_updrs_1,0.10460257313944704,0.0
peptide_count__P10909,0.10459931962486493,0.0
peptide_mean__O75144,0.1045806660960233,0.0
slope1__peptide_mean__P09104,0.10454262699049448,0.0
missing__peptide_log__LFDSDPITVTVPVEVSR,0.10445625068124184,0.0
lag1__protein_npx__P01009,0.10445052627357357,0.0
lag1__peptide_mean__Q96S96,0.10430181096509622,0.0
lag1__peptide_mean__P17174,0.10427605468133472,0.0
delta1__peptide_std__P01859,0.10424405172447364,0.0
lag1__protein_npx__P02649,0.10421814224565944,0.0
lag1__peptide_mean__P19827,0.10419577790857826,0.0
rollmean2__peptide_mean__P01834,0.10418186771443645,0.0
rollmean2__peptide_std__O75144,0.10413617948131414,0.0
slope1__peptide_count__P05060,0.1040257834366704,0.0
lag1__peptide_std__P07339,0.10401497768403704,0.0
rollmean2__protein_npx__P35542,0.10394697736024017,0.0
peptide_mean__Q9UKV8,0.10387758884301376,0.0
rollmean2__protein_npx__P10451,0.10377689783250446,0.0
slope1__protein_npx__Q13283,0.10376341503783724,0.0
delta1__peptide_log__AEAQEAEDQQAR,0.10372326177113607,0.0
lag1__peptide_std__P07711,0.10370330188312864,0.0
delta1__peptide_log__M(UniMod_35)YLGYEYVTAIR,0.10356296152389166,0.0
lag1__peptide_log__C(UniMod_4)VDVDEC(UniMod_4)APPAEPC(UniMod_4)GK,0.10356022479936776,0.0
slope1__peptide_mean__P04406,0.10351616905748574,0.0
rollmean2__peptide_log__TPLGDTTHTC(UniMod_4)PR,0.10351076435889693,0.0
slope1__peptide_mean__P00748,0.103466616307486,0.0
peptide_std__P19823,0.10330773925362216,0.0
rollmean2__peptide_mean__P60174,0.10324954705497591,0.0
missing__peptide_log__SSQGGSLPSEEK,0.10324418039037822,0.0
lag1__peptide_abundance_max,0.10321435486570195,0.0
delta1__peptide_log__VTSIQDWVQK,0.10320596456113672,0.0
peptide_log__SWFEPLVEDM(UniMod_35)QR,0.103117217632868,0.0
protein_npx__Q99683,0.10310111098930622,0.0
slope1__peptide_std__P09486,0.10303337042506908,0.0
peptide_mean__P00441,0.10295566692684185,0.0
peptide_mean__P09104,0.10290046442682661,0.0
peptide_std__P10645,0.10288445588415292,0.0
delta1__peptide_count__Q92823,0.10287232979950478,0.0
slope1__protein_npx__P08493,0.10280854105859286,0.0
slope1__peptide_mean__Q13283,0.10280118015624488,0.0
peptide_count__P06681,0.10275278191004818,0.0
slope1__peptide_count__Q96PD5,0.10275223864111165,0.0
rollmean2__peptide_log__ALGISPFHEHAEVVFTANDSGPR,0.10268690113825715,0.0
missing__peptide_log__IMNGEADAMSLDGGFVYIAGK,0.10263301445234961,0.0
lag1__peptide_count__P06681,0.10262364318456826,0.0
lag1__peptide_std__P05546,0.10258340557579641,0.0
missing__peptide_std__Q96PD5,0.10256077535879152,0.0
lag1__peptide_mean__P00751,0.10244385806628924,0.0
lag1__peptide_log__VTSIQDWVQK,0.10240605884895179,0.0
rollmean2__peptide_log__TVVQPSVGAAAGPVVPPC(UniMod_4)PGR,0.10237072747707855,0.0
delta1__peptide_count__P09486,0.10235881823822492,0.0
rollmean2__protein_npx__P08294,0.10231734584043765,0.0
rollmean2__peptide_std__P01042,0.10230411154452512,0.0
slope1__peptide_count__P02768,0.10228523659328607,0.0
peptide_mean__P13473,0.10226469031899901,0.0
peptide_mean__P98160,0.10213847758744293,0.0
delta1__peptide_log__IHWESASLLR,0.10211446346817508,0.0
peptide_count__P00738,0.10210319483811049,0.0
protein_npx__O00533,0.10206841258367752,0.0
peptide_mean__O15394,0.10206409827988869,0.0
slope1__peptide_mean__P13591,0.1020522147832551,0.0
delta1__protein_npx__P01861,0.10192326154356804,0.0
slope1__peptide_mean__P08603,0.10191882574593861,0.0
peptide_std__P43652,0.10186637386906494,0.0
peptide_mean__P02652,0.1018434981076616,0.0
lag1__protein_npx__P02679,0.10180653641648714,0.0
delta1__peptide_mean__P07195,0.10179633637069095,0.0
peptide_std__P13611,0.10172543440521509,0.0
rollmean2__has_previous_visit,0.10170718144353504,0.0
slope1__peptide_count__P00736,0.10166518362462447,0.0
slope1__protein_npx__P17174,0.10158510146534117,0.0
lag1__peptide_std__P19823,0.10141962835431839,0.0
delta1__peptide_count__P00734,0.10135672870507392,0.0
missing__peptide_log__C(UniMod_4)RDQLPYIC(UniMod_4)QFGIV,0.10132885969502908,0.0
peptide_log__AEAQEAEDQQAR,0.10125818658019121,0.0
delta1__peptide_count__P05067,0.10124611405271725,0.0
missing__peptide_std__P02452,0.10122280504624755,0.0
rollmean2__peptide_mean__P61916,0.10120301059712268,0.0
peptide_std__Q13740,0.10119650182285565,0.0
rollmean2__peptide_mean__P01859,0.10114798550119256,0.0
missing__peptide_mean__Q9NYU2,0.1010540517805006,0.0
missing__peptide_count__Q9NYU2,0.1010540517805006,0.0
missing__protein_npx__Q9NYU2,0.1010540517805006,0.0
peptide_std__P10643,0.10093478039938662,0.0
peptide_count__P19823,0.10093364757079713,0.0
lag1__peptide_mean__P09104,0.10092551456911428,0.0
lag1__peptide_mean__P06727,0.10090515274170932,0.0
lag1__peptide_mean__P18065,0.10089579914968962,0.0
lag1__peptide_log__TDASDVKPC(UniMod_4),0.10077604208262587,0.0
slope1__peptide_log__LGADM(UniMod_35)EDVC(UniMod_4)GR,0.10075289747749717,0.0
missing__protein_npx__P49588,0.10056626710408259,0.0
missing__peptide_count__P49588,0.10056626710408259,0.0
missing__peptide_mean__P49588,0.10056626710408259,0.0
missing__peptide_log__LSSWVLLM(UniMod_35)K,0.10054063523137687,0.0
delta1__peptide_log__TDASDVKPC(UniMod_4),0.10051223657073104,0.0
rollmean2__peptide_count__P00748,0.10045928331820045,0.0
rollmean2__peptide_count__P41222,0.10024698672837791,0.0
rollmean2__peptide_mean__P01011,0.10020948114386116,0.0
peptide_count__P00751,0.10019934557319879,0.0
peptide_std__P02649,0.09996654275497567,0.0
slope1__protein_npx__P31997,0.0999626584645223,0.0
missing__peptide_log__SLAELGGHLDQQVEEFRR,0.09974174408478975,0.0
rollmean2__peptide_count__Q12805,0.09974018453391952,0.0
slope1__peptide_mean__P01717,0.09971849403294603,0.0
rollmean2__peptide_count__P01860,0.09969271135720134,0.0
slope1__protein_npx__P04004,0.09965943184447576,0.0
lag1__protein_npx__P43251,0.09963025374778564,0.0
slope1__peptide_mean__P61626,0.09962549714005556,0.0
peptide_mean__P02768,0.09960467066535794,0.0
delta1__protein_npx__P61278,0.099570455855228,0.0
rollmean2__peptide_mean__Q92520,0.09948885620764521,0.0
slope1__peptide_std__P98160,0.09941205145921157,0.0
delta1__peptide_std__Q14118,0.0993944036152925,0.0
rollmean2__peptide_std__Q9Y6R7,0.09938031976919068,0.0
delta1__protein_npx__P04075,0.09920755679539348,0.0
protein_npx__Q96PD5,0.09916876161739471,0.0
rollmean2__peptide_std__P04433,0.09915792104499829,0.0
missing__peptide_count__Q6UXD5,0.09913936316202084,0.0
missing__peptide_mean__Q6UXD5,0.09913936316202084,0.0
missing__protein_npx__Q6UXD5,0.09913936316202084,0.0
delta1__protein_npx__P02652,0.0990915770232193,0.0
slope1__peptide_log__LFDSDPITVTVPVEVSR,0.09907406888288979,0.0
rollmean2__peptide_count__P09486,0.09905447532725534,0.0
peptide_mean__P01861,0.09905277081791908,0.0
peptide_log__TTPPVLDSDGSFFLYSR,0.09905277081791908,0.0
rollmean2__peptide_count__O15240,0.09902143263082933,0.0
delta1__peptide_count__P43121,0.0989562462351962,0.0
peptide_count__P04217,0.09890449329270949,0.0
lag1__peptide_std__P02768,0.0988769885104115,0.0
rollmean2__peptide_log__C(UniMod_4)REILSVDC(UniMod_4)STNNPSQAK,0.09886588305070396,0.0
rollmean2__peptide_mean__P02671,0.09876882811108165,0.0
rollmean2__peptide_count__P05067,0.0987662964506897,0.0
lag1__protein_npx__P01024,0.09875869894229312,0.0
missing__peptide_log__C(UniMod_4)SYTEDAQC(UniMod_4)IDGTIEVPK,0.09872425736958694,0.0
lag1__peptide_count__P10909,0.09869881497336956,0.0
peptide_count__P07225,0.09868185766106023,0.0
rollmean2__peptide_count__P17174,0.09865770697463806,0.0
lag1__peptide_mean__P36222,0.09865484002249983,0.0
rollmean2__peptide_std__P04075,0.09859211034212947,0.0
rollmean2__protein_npx__Q6UXD5,0.09857778135167766,0.0
lag1__peptide_std__P05060,0.09856294370604261,0.0
peptide_mean__P02452,0.098557058991091,0.0
slope1__peptide_mean__P40925,0.09853435304836054,0.0
delta1__peptide_mean__P02679,0.09850692355782004,0.0
rollmean2__protein_npx__P12109,0.09849952152912897,0.0
rollmean2__peptide_std__P02765,0.09848813073350995,0.0
rollmean2__peptide_std__P02760,0.09848663020969921,0.0
lag1__peptide_count__P08603,0.09847230855557436,0.0
peptide_mean__Q13740,0.09842845286511191,0.0
lag1__peptide_count__P51884,0.0982237454636342,0.0
peptide_std__P01042,0.09813616019953401,0.0
rollmean2__protein_npx__P08133,0.09808619921500884,0.0
protein_npx__O14773,0.09807924936299436,0.0
peptide_count__P01860,0.09798608238293151,0.0
slope1__peptide_count__P16070,0.09794904456488215,0.0
slope1__peptide_mean__Q99683,0.09794599015627489,0.0
rollmean2__peptide_log__TKEEYGHSEVVEYYC(UniMod_4)NPR,0.09792832481820085,0.0
slope1__peptide_std__P00746,0.09767765759136246,0.0
peptide_log__C(UniMod_4)SYTEDAQC(UniMod_4)IDGTIEVPK,0.09766490833123188,0.0
slope1__peptide_mean__P08123,0.09764020076394252,0.0
missing__peptide_log__LSNENHGIAQR,0.0976384761981553,0.0
delta1__peptide_count__P07711,0.09762846668369836,0.0
slope1__peptide_std__P25311,0.0975540368098424,0.0
lag1__protein_npx__P55290,0.09755009452517888,0.0
rollmean2__protein_npx__P02452,0.09754273338074887,0.0
slope1__peptide_std__P27169,0.09749931937757772,0.0
peptide_mean__P61916,0.09745870725017981,0.0
delta1__peptide_count__P02787,0.09745861816880459,0.0
slope1__protein_npx__P01344,0.09743497807780183,0.0
lag1__peptide_mean__P00748,0.09738925467898225,0.0
delta1__peptide_log__LDEVKEQVAEVR,0.0973558001382497,0.0
rollmean2__peptide_mean__P04156,0.097096247065782,0.0
peptide_mean__P04211,0.09705997290863526,0.0
delta1__peptide_count__P16035,0.09703813964400784,0.0
peptide_count__P02671,0.09694722467682874,0.0
rollmean2__protein_npx__Q06481,0.09694304287376553,0.0
slope1__peptide_mean__P07339,0.09686881858446345,0.0
peptide_std__P06681,0.09686685453011423,0.0
rollmean2__peptide_count__P01019,0.09684327813089064,0.0
slope1__peptide_std__Q14515,0.09679955937873325,0.0
slope1__protein_npx__Q99683,0.09674870739746307,0.0
rollmean2__peptide_log__LEGQEEEEDNRDSSMK,0.0966929282391389,0.0
lag1__protein_npx__P02763,0.09667285520189758,0.0
lag1__peptide_mean__P08697,0.096603677392272,0.0
delta1__peptide_mean__P11277,0.09660027407434295,0.0
rollmean2__peptide_log__WELALGR,0.0965540659332259,0.0
protein_npx__Q6UX71,0.09651811054677965,0.0
slope1__peptide_log__ELDESLQVAER,0.09639104320916078,0.0
peptide_mean__P04433,0.09637119759137706,0.0
lag1__peptide_std__P00450,0.09636517726224729,0.0
peptide_mean__P13591,0.09624936055967209,0.0
delta1__peptide_mean__P16070,0.09615413373918066,0.0
lag1__peptide_count__P02749,0.09611567807361582,0.0
lag1__peptide_std__Q92876,0.09604857906454534,0.0
lag1__peptide_count__P04196,0.09595854633553652,0.0
delta1__protein_npx__Q9UNU6,0.09572769258527349,0.0
slope1__protein_npx__P01009,0.09570853180722076,0.0
rollmean2__peptide_std__P14314,0.09565101153821187,0.0
protein_npx__P02749,0.0956011768214594,0.0
rollmean2__peptide_std__P02649,0.09551060989388778,0.0
lag1__protein_npx__O14498,0.09544385368228045,0.0
delta1__peptide_mean__Q9UNU6,0.09538104941838971,0.0
rollmean2__peptide_mean__O75326,0.09534072070910202,0.0
peptide_mean__P02753,0.09528766457619982,0.0
rollmean2__protein_npx__P05067,0.09527753366717905,0.0
peptide_log__DSGEGDFLAEGGGVR,0.09522183900037201,0.0
delta1__peptide_mean__P02655,0.09512094516966142,0.0
delta1__peptide_std__P01834,0.095093580126384,0.0
missing__peptide_std__P39060,0.0950114668342068,0.0
slope1__peptide_mean__Q8N2S1,0.09497495759221737,0.0
peptide_std__P02679,0.09491676075264838,0.0
lag1__peptide_count__O94919,0.09482339541168412,0.0
rollmean2__peptide_mean__P07998,0.09465623856925644,0.0
delta1__peptide_std__Q16270,0.09462875436296385,0.0
peptide_std__P01860,0.09453453472791119,0.0
delta1__protein_npx__P02765,0.09453328416481153,0.0
lag1__peptide_mean__P10451,0.09451407844245893,0.0
peptide_std__P36222,0.09442404327674454,0.0
delta1__peptide_count__P08697,0.0944106019174626,0.0
slope1__peptide_mean__Q9Y6R7,0.09436353939393911,0.0
slope1__protein_npx__P01033,0.09429172839821881,0.0
slope1__peptide_count__P00450,0.09427586383541849,0.0
protein_npx__P13987,0.09417009052315793,0.0
slope1__protein_npx__P07333,0.09402734537509277,0.0
lag1__peptide_log__RTPITVVK,0.09392843700437128,0.0
slope1__peptide_log__TTPPVLDSDGSFFLYSK,0.09384819816935269,0.0
rollmean2__peptide_log__QNC(UniMod_4)ELFEQLGEYK,0.09369454221610997,0.0
peptide_count__Q12805,0.09361978330779157,0.0
slope1__peptide_count__P02647,0.09352415380904455,0.0
peptide_mean__Q9NQ79,0.09348735015201842,0.0
lag1__peptide_std__P01008,0.09340248310376899,0.0
rollmean2__peptide_count__P01857,0.09339963670205045,0.0
delta1__peptide_std__P02766,0.09336807625432017,0.0
missing__peptide_std__P02750,0.09335908671676584,0.0
lag1__protein_npx__P09104,0.09334460396746323,0.0
lag1__peptide_mean__Q12805,0.09324563972505497,0.0
delta1__peptide_count__P00751,0.09324113666342473,0.0
lag1__peptide_log__C(UniMod_4)IIEVLSNALSK,0.09322377330073243,0.0
rollmean2__peptide_count__P02656,0.09321559518225436,0.0
rollmean2__peptide_mean__P00751,0.09315592671231154,0.0
protein_npx__P10451,0.09313557728603639,0.0
slope1__peptide_mean__Q02818,0.09312660011720683,0.0
delta1__protein_npx__P39060,0.09310796256805681,0.0
rollmean2__protein_npx__P01019,0.09306147765647119,0.0
rollmean2__protein_npx__Q9HDC9,0.09298918009328411,0.0
peptide_mean__O14773,0.09295502888759323,0.0
delta1__protein_npx__P07858,0.09288448382863483,0.0
peptide_mean__P02655,0.0927898504358592,0.0
slope1__protein_npx__P19021,0.0927866991567004,0.0
missing__peptide_count__P31997,0.09270663813400294,0.0
missing__protein_npx__P31997,0.09270663813400294,0.0
missing__peptide_mean__P31997,0.09270663813400294,0.0
slope1__peptide_count__P09486,0.09263738646696097,0.0
delta1__peptide_count__Q9UHG2,0.09263681938039522,0.0
slope1__peptide_count__P02452,0.09258460669986078,0.0
delta1__peptide_log__ELSSFIDKGQELC(UniMod_4)ADYSENTFTEYK,0.09257049088149291,0.0
lag1__peptide_count__P01011,0.09255571113180344,0.0
slope1__protein_npx__P16870,0.09253412316955427,0.0
delta1__peptide_std__P25311,0.09251852199951321,0.0
delta1__peptide_mean__P01344,0.09250753652917706,0.0
slope1__peptide_log__LVGGPM(UniMod_35)DASVEEEGVRR,0.09249236295986348,0.0
slope1__peptide_log__TPVSDRVTK,0.09248999114727442,0.0
delta1__peptide_count__P01834,0.09248076798970659,0.0
protein_npx__P01857,0.09243204028703728,0.0
slope1__peptide_log__DASGVTFTWTPSSGK,0.09237779293608558,0.0
delta1__peptide_log__GC(UniMod_4)PTEEGC(UniMod_4)GER,0.09231763637743466,0.0
protein_npx__P04196,0.09229178562296651,0.0
delta1__peptide_mean__P00738,0.09220115003413165,0.0
slope1__peptide_mean__P09871,0.0921877705211868,0.0
slope1__peptide_std__P39060,0.09212781473762244,0.0
missing__peptide_log__M(UniMod_35)YLGYEYVTAIR,0.091887022483577,0.0
peptide_mean__Q99435,0.0918546987924713,0.0
delta1__peptide_log__DSGEGDFLAEGGGVR,0.09180345116856267,0.0
delta1__peptide_log__DSGFQM(UniMod_35)NQLR,0.09179325170279778,0.0
peptide_mean__P16070,0.09173059659539187,0.0
rollmean2__peptide_mean__O75144,0.09170447698729188,0.0
missing__protein_npx__P07711,0.09168445393539994,0.0
missing__peptide_count__P07711,0.09168445393539994,0.0
missing__peptide_mean__P07711,0.09168445393539994,0.0
delta1__protein_npx__Q16270,0.09167527231205783,0.0
rollmean2__protein_npx__P02747,0.09163465671306119,0.0
slope1__peptide_mean__Q6UXB8,0.09150236689886562,0.0
delta1__protein_npx__P05546,0.09145516051509851,0.0
slope1__protein_npx__P14174,0.09141950364066838,0.0
rollmean2__peptide_std__O15240,0.09137961486096263,0.0
protein_npx__P02753,0.09137354460968454,0.0
lag1__peptide_mean__Q16610,0.09132029739571002,0.0
slope1__peptide_log__VTSIQDWVQK,0.09128004099382932,0.0
lag1__peptide_mean__Q8NE71,0.09127532413852865,0.0
peptide_std__P04433,0.09125729482068663,0.0
slope1__peptide_mean__P01780,0.0912180506787848,0.0
delta1__peptide_log__HYTNPSQDVTVPC(UniMod_4)PVPPPPPC(UniMod_4)C(UniMod_4)HPR,0.09121345810016288,0.0
lag1__peptide_std__P08294,0.09115611035766441,0.0
lag1__peptide_std__P01857,0.09107497114535913,0.0
slope1__peptide_std__P17174,0.09106800805449777,0.0
protein_npx__P00736,0.0910632340560077,0.0
rollmean2__peptide_std__Q08380,0.09103375640194374,0.0
missing__peptide_std__P16035,0.0910013918622582,0.0
peptide_mean__Q14624,0.0909862980113689,0.0
delta1__peptide_mean__P01033,0.09098539716102334,0.0
rollmean2__peptide_log__YYWGGQYTWDMAK,0.09097036759734176,0.0
delta1__peptide_mean__Q9UHG2,0.0909538380193108,0.0
slope1__peptide_std__P10645,0.09082545996285397,0.0
missing__protein_npx__P02655,0.0907476241284143,0.0
missing__peptide_mean__P02655,0.0907476241284143,0.0
missing__peptide_count__P02655,0.0907476241284143,0.0
missing__peptide_log__LGQSLDC(UniMod_4)NAEVYVVPWEK,0.09071056432648358,0.0
slope1__peptide_std__P19652,0.09070571562100896,0.0
protein_npx__P06681,0.09068397461185915,0.0
delta1__peptide_std__P55290,0.09066462772354804,0.0
delta1__peptide_mean__P00734,0.09066227347084041,0.0
delta1__peptide_std__P02748,0.09059834974495456,0.0
slope1__peptide_count__P00746,0.09053788066421974,0.0
delta1__peptide_log__HYDGSYSTFGER,0.09053564609893572,0.0
slope1__peptide_mean__P08253,0.09037966880070529,0.0
rollmean2__protein_npx__P11277,0.09030463715124687,0.0
slope1__peptide_std__P54289,0.09029532369818924,0.0
slope1__protein_npx__P01833,0.09023604863528707,0.0
lag1__peptide_log__LDEVKEQVAEVR,0.0901224803056551,0.0
rollmean2__protein_npx__P00450,0.0898667326373579,0.0
slope1__peptide_mean__P08133,0.08982761269723168,0.0
lag1__peptide_mean__P02679,0.08978554500432259,0.0
slope1__peptide_log__HYEGSTVPEK,0.08974672116867102,0.0
lag1__peptide_std__P61916,0.08971545592431449,0.0
lag1__peptide_std__Q6UXB8,0.08970193365154172,0.0
peptide_std__P04217,0.08966549941201345,0.0
peptide_log__AVGDKLPEC(UniMod_4)EADDGC(UniMod_4)PKPPEIAHGYVEHSVR,0.08958736752548074,0.0
delta1__peptide_log__C(UniMod_4)VDVDEC(UniMod_4)APPAEPC(UniMod_4)GK,0.0895587358335173,0.0
missing__peptide_mean__P09104,0.08955346593902389,0.0
missing__peptide_count__P09104,0.08955346593902389,0.0
missing__protein_npx__P09104,0.08955346593902389,0.0
lag1__peptide_std__Q14624,0.08945726226957129,0.0
slope1__peptide_std__P02787,0.08933805404961377,0.0
delta1__protein_npx__P23142,0.0893130407964101,0.0
delta1__peptide_log__MTVTDQVNC(UniMod_4)PK,0.08927807390449508,0.0
slope1__peptide_mean__P43652,0.08919000986880343,0.0
peptide_std__P39060,0.0891840453556867,0.0
peptide_mean__P04075,0.089149048989918,0.0
slope1__peptide_std__P16870,0.08911499941724438,0.0
rollmean2__protein_npx__P05155,0.08905260785425179,0.0
peptide_mean__P02774,0.08903407779255205,0.0
rollmean2__peptide_mean__P61769,0.08900370964640399,0.0
missing__peptide_log__FNKPFVFLM(UniMod_35)IEQNTK,0.08898014160672017,0.0
missing__peptide_count__P08637,0.08894415393663216,0.0
missing__protein_npx__P08637,0.08894415393663216,0.0
missing__peptide_mean__P08637,0.08894415393663216,0.0
lag1__peptide_std__P10645,0.08884580776712636,0.0
peptide_mean__Q7Z5P9,0.08883724180639072,0.0
protein_npx__P05155,0.08879679668473626,0.0
peptide_mean__P10645,0.08875812680997322,0.0
delta1__peptide_std__P02747,0.08869058820837412,0.0
slope1__peptide_std__P00450,0.08868831470308058,0.0
delta1__protein_npx__P01833,0.08866880564132884,0.0
rollmean2__peptide_log__LGQSLDC(UniMod_4)NAEVYVVPWEK,0.08866671840272036,0.0
peptide_mean__Q99832,0.08860982556053341,0.0
peptide_std__P02766,0.08860870574673392,0.0
slope1__peptide_mean__P01009,0.0885849016066406,0.0
rollmean2__peptide_mean__P04433,0.08857723909818539,0.0
rollmean2__peptide_mean__Q9NYU2,0.08853056888477702,0.0
slope1__protein_npx__P05155,0.08849049995890701,0.0
lag1__peptide_std__Q08380,0.08838498941369337,0.0
slope1__peptide_mean__P43121,0.08836142667220953,0.0
missing__peptide_log__VYC(UniMod_4)DMNTENGGWTVIQNR,0.08834970702790496,0.0
delta1__peptide_mean__P01859,0.08834249136479745,0.0
peptide_mean__Q6UXB8,0.0883075306197307,0.0
lag1__peptide_std__P06681,0.08828778422546998,0.0
rollmean2__peptide_std__P14618,0.08824933557015414,0.0
delta1__peptide_mean__Q12907,0.08816108761114679,0.0
protein_npx__P04004,0.08809786640174984,0.0
rollmean2__peptide_mean__P12109,0.0880956465965082,0.0
lag1__peptide_std__P23142,0.0880523781962193,0.0
rollmean2__peptide_mean__Q7Z5P9,0.08800546933126324,0.0
lag1__protein_npx__P00734,0.08792898944909135,0.0
rollmean2__peptide_mean__P13473,0.08785219695779097,0.0
lag1__protein_npx__P14618,0.08782124884593871,0.0
slope1__peptide_count__P02749,0.08781825170496883,0.0
protein_npx__Q9UBR2,0.0877516312340626,0.0
slope1__protein_npx__P16070,0.0877471740766277,0.0
peptide_count__P16035,0.08772093230032688,0.0
missing__protein_npx__P39060,0.08760588897176948,0.0
missing__peptide_mean__P39060,0.08760588897176948,0.0
missing__peptide_count__P39060,0.08760588897176948,0.0
protein_npx__P17174,0.08758968738699818,0.0
missing__peptide_count__P04216,0.08751165523929208,0.0
missing__peptide_mean__P04216,0.08751165523929208,0.0
missing__protein_npx__P04216,0.08751165523929208,0.0
slope1__protein_npx__Q96S96,0.08745847813887815,0.0
lag1__protein_npx__O14791,0.0873927391205685,0.0
delta1__peptide_std__P61916,0.08735664908424731,0.0
protein_npx__Q9HDC9,0.08729479322176381,0.0
delta1__peptide_std__P01876,0.08729183424697795,0.0
slope1__peptide_mean__P13987,0.08727321130337018,0.0
delta1__peptide_log__C(UniMod_4)C(UniMod_4)VEC(UniMod_4)PPC(UniMod_4)PAPPVAGPSVFLFPPKPK,0.08727124023283664,0.0
lag1__peptide_log__MTVTDQVNC(UniMod_4)PK,0.08726287229695114,0.0
lag1__protein_npx__P20774,0.0872563771783395,0.0
delta1__peptide_mean__P61626,0.08724394258471733,0.0
rollmean2__peptide_std__P02747,0.0872282728636,0.0
rollmean2__peptide_log__TM(UniMod_35)LLQPAGSLGSYSYR,0.08718572660821267,0.0
delta1__peptide_mean__Q16270,0.08718121230367673,0.0
lag1__protein_npx__Q9HDC9,0.08711391673908454,0.0
peptide_mean__P43251,0.08708982735341292,0.0
peptide_mean__P04207,0.08708580228398322,0.0
lag1__peptide_mean__Q99683,0.08705448848506833,0.0
delta1__peptide_count__O15394,0.08700158575219963,0.0
lag1__protein_npx__P49588,0.08699786803208803,0.0
lag1__protein_npx__P01876,0.08699430935423352,0.0
protein_npx__Q562R1,0.08675885869938713,0.0
peptide_mean__P07998,0.08672510143820804,0.0
peptide_count__P01009,0.08672463324101042,0.0
lag1__protein_npx__P07858,0.08670939428533177,0.0
rollmean2__protein_npx__P16070,0.08664284277082807,0.0
delta1__peptide_std__Q96KN2,0.08663556433033341,0.0
delta1__peptide_count__P00450,0.08657863339564473,0.0
lag1__peptide_std__Q16610,0.08654829557961531,0.0
slope1__protein_npx__P02649,0.08647747089241015,0.0
slope1__peptide_std__P09871,0.0864569779205974,0.0
lag1__peptide_count__P17174,0.0864422146140444,0.0
delta1__peptide_log__MASGAANVVGPK,0.08636420915043148,0.0
peptide_count__P00450,0.0863600305307237,0.0
slope1__peptide_mean__P02768,0.08634078767887615,0.0
protein_npx__P01011,0.08627862739835893,0.0
delta1__protein_npx__P00747,0.08620989954601732,0.0
slope1__peptide_mean__P01876,0.08619503680787301,0.0
rollmean2__peptide_count__P04433,0.086193953328182,0.0
lag1__peptide_count__P36222,0.08618637743859328,0.0
peptide_std__Q16270,0.08617034322385894,0.0
delta1__protein_npx__P30086,0.08612582731773874,0.0
lag1__peptide_mean__P32754,0.08608489286928307,0.0
lag1__peptide_std__P02747,0.08593668574346879,0.0
slope1__peptide_mean__P14174,0.08588650652700244,0.0
slope1__peptide_std__P08697,0.0858477227453361,0.0
slope1__peptide_log__LRTEGDGVYTLNNEK,0.08584232633284745,0.0
rollmean2__protein_npx__P23083,0.08577755769497185,0.0
lag1__peptide_count__P02768,0.0857759507319955,0.0
rollmean2__peptide_count__P02652,0.08567070436111147,0.0
peptide_log__VC(UniMod_4)PFAGILENGAVR,0.08567022886696836,0.0
rollmean2__protein_npx__Q96BZ4,0.08559576305068155,0.0
slope1__peptide_mean__P60174,0.08558270715677731,0.0
peptide_std__P01834,0.08553534822998048,0.0
rollmean2__peptide_log__ELDESLQVAER,0.08537175164423927,0.0
delta1__peptide_mean__P60174,0.08534194789648547,0.0
slope1__peptide_log__FNKPFVFLM(UniMod_35)IEQNTK,0.08530445944190836,0.0
peptide_std__P16070,0.08523607890674785,0.0
delta1__protein_npx__Q14515,0.08522260897995507,0.0
delta1__peptide_std__O15394,0.08517950148580586,0.0
peptide_mean__Q9HDC9,0.08511093986137536,0.0
peptide_log__VLLDQLR,0.08511093986137536,0.0
lag1__peptide_std__O00533,0.08509968662333796,0.0
delta1__peptide_mean__Q06481,0.08508345112392865,0.0
peptide_mean__P00734,0.08505821274711975,0.0
slope1__peptide_log__LRTEGDGVYTLNNEKQWINK,0.08504201959121663,0.0
slope1__peptide_std__P01859,0.08500326234434312,0.0
delta1__protein_npx__Q8NBJ4,0.08490097642457715,0.0
peptide_mean__P06396,0.0848726939498995,0.0
slope1__peptide_log__SELEEQLTPVAEETR,0.08484667824267127,0.0
slope1__peptide_log__LGADMEDVC(UniMod_4)GR,0.08477594706809208,0.0
delta1__peptide_mean__Q9NQ79,0.08471818799743051,0.0
peptide_mean__Q14118,0.0846856696235071,0.0
lag1__peptide_log__NFPPSQDASGDLYTTSSQLTLPATQC(UniMod_4)LAGK,0.08456967678144968,0.0
rollmean2__peptide_mean__Q8IWV7,0.08456118986342787,0.0
rollmean2__peptide_log__ILTC(UniMod_4)M(UniMod_35)QGMEEIR,0.08456118986342787,0.0
delta1__peptide_std__P07339,0.08452498830822029,0.0
rollmean2__peptide_log__FLATTPNSLLVSWQPPR,0.08450105116096579,0.0
peptide_std__P23142,0.08445080352860984,0.0
lag1__peptide_mean__P13591,0.0844142444976037,0.0
protein_npx__P18065,0.08440993397512606,0.0
lag1__peptide_std__O94919,0.08439864552398364,0.0
missing__peptide_std__P19823,0.08431915543519891,0.0
lag1__peptide_std__P02774,0.0842437156164306,0.0
slope1__peptide_std__P04004,0.08423606435464973,0.0
lag1__protein_npx__P11142,0.0842144666236629,0.0
lag1__peptide_count__P02748,0.08420921390759904,0.0
slope1__peptide_mean__P10643,0.08418856404296643,0.0
rollmean2__protein_npx__Q96PD5,0.08411544440458467,0.0
delta1__peptide_log__LGPLVEQGR,0.08409587506046609,0.0
peptide_log__LGADM(UniMod_35)EDVC(UniMod_4)GR,0.08407490071354587,0.0
slope1__peptide_std__P01860,0.08393436265560571,0.0
slope1__months_since_prev_visit,0.08392890986552176,0.0
missing__protein_npx__Q13332,0.0839201174898861,0.0
missing__peptide_mean__Q13332,0.0839201174898861,0.0
missing__peptide_count__Q13332,0.0839201174898861,0.0
peptide_mean__P01011,0.0838557417030467,0.0
lag1__protein_npx__P01608,0.08385005986026123,0.0
protein_npx__P05067,0.0837820835168079,0.0
slope1__protein_npx__P02671,0.08368405701173699,0.0
peptide_mean__P07339,0.08366323113755292,0.0
slope1__protein_npx__O43505,0.08365243489238237,0.0
peptide_log__TPLGDTTHTC(UniMod_4)PR,0.08364733474627092,0.0
slope1__protein_npx__P61916,0.08360317668363275,0.0
lag1__protein_npx__P61626,0.08352737815213308,0.0
delta1__protein_npx__P08294,0.08346217997490564,0.0
protein_npx__O43505,0.08345419698390047,0.0
delta1__protein_npx__O14773,0.08344786120668785,0.0
slope1__peptide_mean__Q12907,0.08342408821310321,0.0
lag1__peptide_std__P55290,0.08335143048444336,0.0
lag1__peptide_log__LRTEGDGVYTLNNEKQWINK,0.0833014567010322,0.0
rollmean2__peptide_log__SC(UniMod_4)SPELQQK,0.0832900062765576,0.0
rollmean2__peptide_mean__P16152,0.0832900062765576,0.0
missing__peptide_log__C(UniMod_4)REILSVDC(UniMod_4)STNNPSQAK,0.08327302862897241,0.0
lag1__peptide_log__VMPIC(UniMod_4)LPSKDYAEVGR,0.08325439857451244,0.0
rollmean2__peptide_std__P61769,0.08322265190008946,0.0
slope1__protein_npx__P01034,0.08318611479645606,0.0
delta1__protein_npx__P01023,0.08318172627350359,0.0
missing__peptide_mean__P13591,0.08313593716309639,0.0
missing__peptide_count__P13591,0.08313593716309639,0.0
missing__protein_npx__P13591,0.08313593716309639,0.0
rollmean2__protein_npx__P02751,0.08313059085924883,0.0
delta1__protein_npx__Q99829,0.0831204596079988,0.0
lag1__peptide_mean__Q13283,0.08308921848060725,0.0
peptide_mean__P07333,0.08305267275478798,0.0
delta1__peptide_mean__Q8NE71,0.08304165202795728,0.0
rollmean2__peptide_count__P00751,0.08301109986999884,0.0
rollmean2__protein_npx__P20933,0.08290932275150259,0.0
peptide_mean__P04156,0.08290280114332586,0.0
peptide_std__Q14624,0.08281465907778728,0.0
peptide_std__P98160,0.08274047755861058,0.0
delta1__peptide_log__AATVGSLAGQPLQER,0.08273127177957333,0.0
delta1__peptide_mean__Q6UXB8,0.08271117184007708,0.0
rollmean2__peptide_mean__P00441,0.08268850178173714,0.0
delta1__peptide_count__P16870,0.0826002207807958,0.0
delta1__protein_npx__Q13283,0.08257400475693248,0.0
slope1__peptide_log__GYQLSDVDGVTC(UniMod_4)EDIDEC(UniMod_4)ALPTGGHIC(UniMod_4)SYR,0.08254645218112955,0.0
delta1__protein_npx__P06310,0.08250606809283417,0.0
lag1__protein_npx__O60888,0.08240913884224338,0.0
slope1__peptide_mean__Q96KN2,0.0823835164742529,0.0
rollmean2__peptide_count__P54289,0.08236960692937248,0.0
slope1__protein_npx__P01834,0.0823530315414604,0.0
slope1__protein_npx__P19823,0.08234858972503924,0.0
delta1__peptide_log__ILLQGTPVAQMTEDAVDAER,0.08229649042233542,0.0
delta1__peptide_count__P61916,0.08221261280100486,0.0
rollmean2__peptide_log__LSNENHGIAQR,0.0821587449154823,0.0
slope1__peptide_std__P05067,0.08214355315968731,0.0
delta1__protein_npx__P07195,0.08214152699374845,0.0
slope1__peptide_std__Q6UXB8,0.08213377432973967,0.0
lag1__peptide_count__Q92823,0.0820422224963079,0.0
peptide_mean__P60174,0.08191025524720458,0.0
rollmean2__protein_npx__O00533,0.08190013334392816,0.0
missing__peptide_log__HGGLYHENMR,0.08189128198894005,0.0
delta1__protein_npx__P43251,0.08181003911421181,0.0
missing__peptide_log__ATVNPSAPR,0.08180653500412473,0.0
delta1__protein_npx__P06396,0.08180426228437826,0.0
delta1__peptide_count__P13611,0.08177173283452992,0.0
rollmean2__protein_npx__P05090,0.08175732519958354,0.0
delta1__peptide_count__P02749,0.08152141121163943,0.0
missing__protein_npx__P55290,0.08141727471144482,0.0
missing__peptide_mean__P55290,0.08141727471144482,0.0
missing__peptide_count__P55290,0.08141727471144482,0.0
lag1__peptide_mean__P01877,0.081406365397766,0.0
missing__peptide_log__LDEVKEQVAEVR,0.08135151370689807,0.0
rollmean2__peptide_mean__P61626,0.08134476027561459,0.0
peptide_mean__P01876,0.08133505346022701,0.0
slope1__peptide_mean__P43251,0.08127786825954697,0.0
peptide_log__LSSWVLLM(UniMod_35)K,0.0812700833620324,0.0
lag1__peptide_log__C(UniMod_4)C(UniMod_4)VEC(UniMod_4)PPC(UniMod_4)PAPPVAGPSVFLFPPKPK,0.08124095003232502,0.0
slope1__peptide_mean__P02753,0.08122199827680393,0.0
delta1__peptide_std__P02760,0.08112300264599026,0.0
protein_npx__P07333,0.08109439481269076,0.0
slope1__peptide_mean__P06396,0.08108859137455969,0.0
lag1__peptide_mean__P55290,0.08104110623889439,0.0
lag1__peptide_count__Q12907,0.08099458902917575,0.0
slope1__protein_npx__Q9UBX5,0.08086832535602692,0.0
rollmean2__peptide_mean__P06396,0.08086731912282419,0.0
lag1__peptide_mean__P27169,0.0808486430759854,0.0
peptide_mean__P08603,0.08077076598546348,0.0
rollmean2__protein_npx__Q8NBJ4,0.08076968176876231,0.0
delta1__peptide_count__P30086,0.08076309445340205,0.0
lag1__peptide_std__P08571,0.0807466274826924,0.0
rollmean2__protein_npx__P32754,0.08072671481833038,0.0
rollmean2__protein_npx__Q7Z5P9,0.08064469186346362,0.0
lag1__peptide_mean__P07225,0.08046195065709728,0.0
slope1__peptide_log__TSAHGNVAEGETKPDPDVTER,0.08041328584950229,0.0
protein_npx__P02751,0.08032147566286434,0.0
slope1__peptide_count__P00734,0.08023932817650675,0.0
protein_npx__P10645,0.08020531100940347,0.0
lag1__peptide_log__LSKELQAAQAR,0.07999187307866601,0.0
rollmean2__peptide_log__AVLPTGDVIGDSAK,0.07998933619785628,0.0
slope1__protein_npx__Q02818,0.0799558730288828,0.0
slope1__protein_npx__Q96KN2,0.0799524533919652,0.0
delta1__protein_npx__P02792,0.07993582155303444,0.0
slope1__protein_npx__P04406,0.07992778567896577,0.0
rollmean2__peptide_mean__P36222,0.07985713805179025,0.0
peptide_std__Q92823,0.07981604423190611,0.0
lag1__peptide_std__Q14515,0.07977439172012911,0.0
missing__peptide_count__Q9HDC9,0.07966930501136163,0.0
missing__peptide_log__VLLDQLR,0.07966930501136163,0.0
missing__peptide_mean__Q9HDC9,0.07966930501136163,0.0
missing__protein_npx__Q9HDC9,0.07966930501136163,0.0
slope1__peptide_mean__P14314,0.07962722986312577,0.0
rollmean2__protein_npx__P01042,0.07960630753319031,0.0
missing__peptide_log__HYEGSTVPEK,0.07955418798570676,0.0
peptide_mean__P08294,0.07953976763465638,0.0
protein_npx__O15394,0.07951372206627913,0.0
delta1__protein_npx__Q15904,0.0794587378525476,0.0
slope1__peptide_mean__P32754,0.07937602869001226,0.0
lag1__protein_npx__Q13451,0.07934967212213463,0.0
missing__months_since_prev_visit,0.07931034938598049,0.0
has_previous_visit,0.07931034938598032,0.0
peptide_mean__Q7Z3B1,0.07930101937021371,0.0
peptide_count__O15240,0.07928312946060122,0.0
rollmean2__peptide_std__P01019,0.07926661833463737,0.0
delta1__protein_npx__P01876,0.07924960271425867,0.0
peptide_mean__P01594,0.0791905751097243,0.0
rollmean2__protein_npx__P13473,0.07918657344839476,0.0
lag1__peptide_mean__P04217,0.07915874995213049,0.0
lag1__protein_npx__Q6UX71,0.07909601155855048,0.0
rollmean2__protein_npx__Q6UX71,0.07905027110873013,0.0
peptide_log__TKEEYGHSEVVEYYC(UniMod_4)NPR,0.07904522048564848,0.0
protein_npx__P06454,0.07898951544642732,0.0
rollmean2__protein_npx__P39060,0.07895656801416921,0.0
rollmean2__protein_npx__O43505,0.07892808791522928,0.0
protein_npx__O14498,0.07885665705462536,0.0
slope1__peptide_std__P01042,0.07881114599435632,0.0
protein_npx__Q14118,0.07879987674576393,0.0
slope1__peptide_count__P20774,0.07876112445225206,0.0
peptide_count__P02751,0.07870517480731692,0.0
lag1__peptide_log__TQVNTQAEQLRR,0.07865073273373543,0.0
rollmean2__protein_npx__P01591,0.07862422103618054,0.0
slope1__peptide_count__P01834,0.07861157905219082,0.0
slope1__peptide_mean__P20933,0.07855948134989992,0.0
rollmean2__peptide_count__P08294,0.07855426538141527,0.0
delta1__peptide_std__P39060,0.07852798049410259,0.0
lag1__peptide_mean__P10909,0.07850083925906941,0.0
delta1__protein_npx__P01591,0.07849231077943304,0.0
protein_npx__P43121,0.07848589080974672,0.0
delta1__protein_npx__P13671,0.0784246403909623,0.0
lag1__protein_npx__Q15904,0.07841599708782823,0.0
delta1__peptide_log__TM(UniMod_35)LLQPAGSLGSYSYR,0.07839451030120549,0.0
rollmean2__protein_npx__P13611,0.0783890490424762,0.0
rollmean2__peptide_mean__Q13332,0.07838312111662483,0.0
slope1__peptide_std__P02768,0.07836119802778699,0.0
rollmean2__peptide_abundance_min,0.07834080369480109,0.0
rollmean2__peptide_count__P02751,0.0782625006484428,0.0
delta1__protein_npx__P01033,0.07820422624202492,0.0
slope1__peptide_count__Q9UHG2,0.07818371772390596,0.0
slope1__peptide_count__P43652,0.07813664403257223,0.0
peptide_log__LGPLVEQGRVR,0.07813109980290697,0.0
rollmean2__protein_npx__Q12805,0.07809242155079986,0.0
lag1__protein_npx__P10645,0.07805930612016361,0.0
rollmean2__protein_npx__P36980,0.07802856742850803,0.0
lag1__protein_npx__P07711,0.07800040889753589,0.0
delta1__peptide_std__Q9UBX5,0.07798620666868625,0.0
lag1__peptide_mean__P43652,0.07793461039062602,0.0
delta1__protein_npx__P01344,0.0779263849675854,0.0
rollmean2__peptide_mean__P07711,0.07792009684124622,0.0
lag1__peptide_count__Q92876,0.07791217541180245,0.0
peptide_count__P00734,0.0779100739634378,0.0
rollmean2__peptide_mean__P05067,0.07789945659158168,0.0
rollmean2__peptide_count__P02671,0.07773878518012789,0.0
peptide_count__P02656,0.07770465711162769,0.0
rollmean2__protein_npx__P07339,0.07769171196710017,0.0
slope1__peptide_std__Q96KN2,0.07762862594285747,0.0
rollmean2__peptide_mean__P08133,0.07756082367562292,0.0
slope1__protein_npx__P01861,0.0775305652872715,0.0
slope1__protein_npx__P40925,0.07751950048335716,0.0
lag1__protein_npx__P01833,0.07751569706536983,0.0
delta1__peptide_count__P02768,0.07750319762409007,0.0
lag1__protein_npx__Q92823,0.07744990528582973,0.0
rollmean2__peptide_std__P08697,0.07741161573405883,0.0
rollmean2__protein_npx__P06454,0.07738671652984197,0.0
rollmean2__peptide_log__SNSSM(UniMod_35)HITDC(UniMod_4)R,0.0773719999020493,0.0
protein_npx__P02750,0.07735355569037987,0.0
slope1__peptide_log__VYC(UniMod_4)DMNTENGGWTVIQNR,0.07730423805305543,0.0
protein_npx__P08571,0.07723896675440452,0.0
slope1__peptide_std__P02671,0.07723438022189108,0.0
slope1__peptide_std__P01008,0.0771912365615078,0.0
slope1__protein_npx__P01591,0.07716894848216349,0.0
delta1__peptide_std__Q92823,0.07710844287117115,0.0
rollmean2__peptide_log__VC(UniMod_4)PFAGILENGAVR,0.07703554139498876,0.0
missing__protein_npx__P01877,0.07699068600304454,0.0
missing__peptide_mean__P01877,0.07699068600304454,0.0
missing__peptide_count__P01877,0.07699068600304454,0.0
rollmean2__protein_npx__P01344,0.07698832163512168,0.0
delta1__protein_npx__Q96KN2,0.07696385869629029,0.0
slope1__protein_npx__P02647,0.07692952183155713,0.0
lag1__protein_npx__P06396,0.07692747194412414,0.0
delta1__protein_npx__P08253,0.07683735187101358,0.0
rollmean2__peptide_mean__P01344,0.07675137653086343,0.0
rollmean2__peptide_std__P02790,0.07672233065186218,0.0
missing__peptide_log__TTPPVLDSDGSFFLYSK,0.07666041089074359,0.0
slope1__peptide_std__P02749,0.07665048210626049,0.0
rollmean2__peptide_mean__P01717,0.07663722427788158,0.0
rollmean2__protein_npx__P01860,0.07663291192788088,0.0
rollmean2__protein_npx__P17174,0.07660397339544565,0.0
rollmean2__peptide_log__HYEGSTVPEK,0.07658715278480498,0.0
rollmean2__peptide_log__VYC(UniMod_4)DMNTENGGWTVIQNR,0.0765545563391153,0.0
slope1__peptide_count__P36955,0.07643686292356576,0.0
missing__peptide_log__SFNRGEC(UniMod_4),0.07641783004933109,0.0
rollmean2__peptide_mean__P13591,0.07641460164863383,0.0
protein_npx__P00734,0.07639901238311703,0.0
delta1__peptide_count__P00748,0.07628127407752085,0.0
slope1__protein_npx__Q8N2S1,0.07628031324515937,0.0
slope1__protein_npx__Q12841,0.0762468850786577,0.0
rollmean2__peptide_mean__P01009,0.07624209163274534,0.0
delta1__peptide_mean__P09871,0.07612031847596194,0.0
delta1__peptide_mean__Q13451,0.07606707020026413,0.0
protein_npx__Q7Z5P9,0.07599589721163716,0.0
peptide_std__Q16610,0.07591987151527933,0.0
rollmean2__peptide_std__P00751,0.07588747921728599,0.0
delta1__peptide_count__P41222,0.07571671592781035,0.0
peptide_mean__P01591,0.07564674224676374,0.0
slope1__peptide_std__O15394,0.07562132955026657,0.0
rollmean2__protein_npx__Q99435,0.07556444096297671,0.0
protein_npx__P01780,0.07549967296313417,0.0
peptide_log__QWAGLVEK,0.07549873357856056,0.0
delta1__peptide_mean__Q8NBJ4,0.07546386819308482,0.0
slope1__peptide_std__P05452,0.07539294423889743,0.0
slope1__peptide_mean__P02747,0.07532832751812828,0.0
rollmean2__peptide_log__NPDPWAK,0.07527146835257213,0.0
delta1__peptide_mean__P13671,0.07525616877620316,0.0
lag1__protein_npx__P04433,0.07524137217089258,0.0
lag1__peptide_mean__P00734,0.07523662893069133,0.0
lag1__protein_npx__P35542,0.07523023833490036,0.0
lag1__peptide_std__P00734,0.07522566555218498,0.0
delta1__protein_npx__Q9UHG2,0.07521444267113984,0.0
lag1__peptide_log__DLATVYVDVLK,0.07512283407298685,0.0
slope1__peptide_log__TDASDVKPC(UniMod_4),0.07509398893713522,0.0
lag1__peptide_count__P23142,0.07499265202622785,0.0
slope1__peptide_log__SFNRGEC(UniMod_4),0.07498413345201554,0.0
peptide_std__Q92876,0.07498323487197671,0.0
slope1__protein_npx__P01780,0.0749697397980112,0.0
slope1__peptide_count__P07711,0.07495013510968276,0.0
rollmean2__peptide_log__DLATVYVDVLK,0.07494521796260446,0.0
delta1__peptide_mean__P61769,0.07490165029660245,0.0
rollmean2__visit_index,0.0748256570329338,0.0
delta1__peptide_count__Q96PD5,0.07476405563219332,0.0
missing__protein_npx__P13473,0.07467851709406678,0.0
missing__peptide_count__P13473,0.07467851709406678,0.0
missing__peptide_mean__P13473,0.07467851709406678,0.0
peptide_mean__P05067,0.07463137956184979,0.0
missing__peptide_count__P06681,0.07460735400018288,0.0
missing__peptide_mean__P06681,0.07460735400018288,0.0
missing__protein_npx__P06681,0.07460735400018288,0.0
lag1__peptide_std__P10643,0.074572876010857,0.0
missing__peptide_log__SGELEQEEER,0.07455508715699052,0.0
slope1__peptide_std__P02748,0.07450768497410945,0.0
slope1__peptide_mean__P08697,0.0743308493838385,0.0
peptide_count__P00746,0.0742936350214744,0.0
delta1__peptide_mean__P23142,0.07429161584195644,0.0
peptide_count__P17174,0.0742575322275482,0.0
missing__peptide_mean__Q9Y6R7,0.0741685982743192,0.0
missing__peptide_count__Q9Y6R7,0.0741685982743192,0.0
missing__protein_npx__Q9Y6R7,0.0741685982743192,0.0
lag1__protein_npx__P04004,0.07416366137542142,0.0
delta1__peptide_mean__O15394,0.07414701882043888,0.0
delta1__protein_npx__Q12841,0.07412797533003976,0.0
delta1__protein_npx__P07225,0.07405714690646734,0.0
lag1__protein_npx__P60174,0.0740431838616532,0.0
rollmean2__peptide_std__P23142,0.07396542292867378,0.0
rollmean2__peptide_std__P00441,0.07395741723587439,0.0
rollmean2__peptide_std__P02787,0.07395398476870721,0.0
missing__peptide_count__P60174,0.07394216683104252,0.0
missing__protein_npx__P60174,0.07394216683104252,0.0
missing__peptide_mean__P60174,0.07394216683104252,0.0
slope1__peptide_count__P00748,0.07390447905445426,0.0
lag1__protein_npx__P04075,0.07388781283628248,0.0
delta1__peptide_mean__Q13283,0.07376480098076076,0.0
lag1__peptide_count__P06396,0.07371439541953898,0.0
slope1__peptide_mean__P02679,0.07370531147520167,0.0
peptide_log__ALGISPFHEHAEVVFTANDSGPR,0.07369627477319615,0.0
delta1__protein_npx__P17936,0.07365664978215486,0.0
lag1__peptide_log__AATGEC(UniMod_4)TATVGKR,0.07365633599618907,0.0
delta1__peptide_mean__Q9Y6R7,0.07363516713710351,0.0
delta1__peptide_mean__P07711,0.07360657999643361,0.0
rollmean2__peptide_mean__O14498,0.07355410754466413,0.0
missing__protein_npx__P07195,0.07355121157039046,0.0
missing__peptide_count__P07195,0.07355121157039046,0.0
missing__peptide_mean__P07195,0.07355121157039046,0.0
lag1__protein_npx__Q12841,0.07353968301358917,0.0
slope1__protein_npx__Q9Y646,0.07349405512915316,0.0
slope1__peptide_log__AEAQEAEDQQAR,0.07339788554691845,0.0
slope1__protein_npx__P19827,0.07339420153071315,0.0
slope1__protein_npx__P00450,0.0733804669151676,0.0
lag1__peptide_mean__P16070,0.07317392680087037,0.0
peptide_mean__P06727,0.07313810969305874,0.0
rollmean2__peptide_std__P01034,0.07312830818823557,0.0
slope1__peptide_log__TEGDGVYTLNNEK,0.0731225415376902,0.0
rollmean2__protein_npx__O00391,0.07310577854406279,0.0
lag1__peptide_count__P04075,0.07301881101230984,0.0
slope1__protein_npx__P09871,0.07298542302364878,0.0
slope1__peptide_mean__P02647,0.07297958085852069,0.0
delta1__peptide_mean__P17936,0.0729731999908503,0.0
slope1__peptide_count__P07339,0.072922083133293,0.0
slope1__peptide_log__HGGLYHENMR,0.0728879694907869,0.0
peptide_count__P16870,0.0728845263285752,0.0
slope1__protein_npx__P02753,0.07287142437018522,0.0
peptide_mean__P05155,0.07281947488087116,0.0
rollmean2__peptide_mean__P02774,0.07277953110335093,0.0
delta1__peptide_std__P05156,0.07277023525920577,0.0
delta1__peptide_mean__P02652,0.07274273564305725,0.0
slope1__protein_npx__P04211,0.07269284500285951,0.0
lag1__peptide_count__P08697,0.07268683817674995,0.0
slope1__peptide_count__Q12805,0.0726387092313866,0.0
rollmean2__peptide_log__TEGDGVYTLNNEK,0.07262444042440493,0.0
rollmean2__peptide_mean__P01876,0.07259275541019314,0.0
slope1__peptide_mean__P01033,0.07258264546614493,0.0
peptide_std__P01034,0.07252299852705166,0.0
missing__peptide_std__P14314,0.07249630372658628,0.0
peptide_log__VTLTC(UniMod_4)VAPLSGVDFQLR,0.07248878819947142,0.0
rollmean2__protein_npx__P02656,0.07245783185786643,0.0
lag1__peptide_count__Q96KN2,0.07243655990938482,0.0
peptide_mean__Q9UNU6,0.07242405742552077,0.0
slope1__protein_npx__P01019,0.07236427231626351,0.0
lag1__peptide_mean__P02655,0.07235113465310894,0.0
rollmean2__peptide_mean__P16035,0.07234739355075091,0.0
slope1__protein_npx__P25311,0.07230526216187416,0.0
rollmean2__peptide_std__P02675,0.07230246208450933,0.0
delta1__protein_npx__P18065,0.07228843761197695,0.0
lag1__peptide_count__P16035,0.0720987007684918,0.0
rollmean2__protein_npx__O14791,0.07209101965312376,0.0
rollmean2__protein_npx__P00751,0.07207236572718091,0.0
slope1__protein_npx__P02763,0.07206983754983613,0.0
delta1__peptide_count__P01876,0.07206757953070689,0.0
protein_npx__P08294,0.07205693483504168,0.0
protein_npx__P02649,0.07200986067881791,0.0
lag1__peptide_log__GEVQAMLGQSTEELR,0.07196201122270304,0.0
peptide_log__C(UniMod_4)RDQLPYIC(UniMod_4)QFGIV,0.07194547819123534,0.0
lag1__peptide_mean__Q06481,0.07191798255948462,0.0
delta1__peptide_mean__P01833,0.07183696554992429,0.0
protein_npx__Q14515,0.07181886133704003,0.0
peptide_mean__P01019,0.07180339045326417,0.0
rollmean2__peptide_mean__P23083,0.07180200533885597,0.0
slope1__peptide_std__P05546,0.0717744579841815,0.0
lag1__peptide_log__VGYVSGWGR,0.07175660539528274,0.0
slope1__protein_npx__Q7Z3B1,0.07169572578756765,0.0
delta1__peptide_std__P05452,0.07165268134000347,0.0
peptide_mean__P01009,0.07159105367829043,0.0
slope1__peptide_std__P02647,0.07149883155190342,0.0
rollmean2__peptide_count__P02649,0.07145658581604798,0.0
lag1__peptide_mean__P02675,0.07145150860734988,0.0
slope1__peptide_log__VC(UniMod_4)PFAGILENGAVR,0.07142316293415499,0.0
rollmean2__protein_npx__P17936,0.07136644579879414,0.0
delta1__peptide_std__P06681,0.07136192289054673,0.0
slope1__peptide_count__O00584,0.07129428710712629,0.0
lag1__peptide_count__O75144,0.07127801913814588,0.0
delta1__peptide_mean__P12109,0.07127624683972067,0.0
peptide_std__P13591,0.0712436158438135,0.0
lag1__protein_npx__Q99683,0.07124076135310756,0.0
delta1__peptide_mean__P05090,0.07120138694154192,0.0
peptide_mean__Q12907,0.07118086958346562,0.0
delta1__peptide_log__EILSVDC(UniMod_4)STNNPSQAK,0.07114007706376667,0.0
slope1__peptide_count__Q16270,0.07113719672218333,0.0
rollmean2__protein_npx__Q9NYU2,0.07108226994940404,0.0
delta1__peptide_std__P04075,0.07100064263891298,0.0
delta1__protein_npx__P01042,0.07097969737363245,0.0
protein_npx__Q92823,0.07095262610106223,0.0
rollmean2__peptide_std__P07225,0.07095228277085504,0.0
rollmean2__peptide_mean__P05090,0.0709446243187235,0.0
slope1__peptide_mean__P01857,0.07091519608824044,0.0
lag1__protein_npx__P02748,0.0708823854921609,0.0
peptide_log__VDNALQSGNSQESVTEQDSKDSTYSLSSTLTLSK,0.07080544444713843,0.0
missing__peptide_mean__Q6UXB8,0.07068702912196961,0.0
missing__peptide_count__Q6UXB8,0.07068702912196961,0.0
missing__protein_npx__Q6UXB8,0.07068702912196961,0.0
rollmean2__peptide_mean__Q96KN2,0.07061165955508188,0.0
delta1__protein_npx__P04004,0.07056392537396108,0.0
protein_npx__P61278,0.07055116726881852,0.0
peptide_mean__P54289,0.07054870935113561,0.0
lag1__protein_npx__Q13740,0.07050463164727394,0.0
protein_npx__P02675,0.07049278360675437,0.0
peptide_count__P39060,0.07044910653652324,0.0
delta1__peptide_mean__P32754,0.07043519342315789,0.0
slope1__peptide_std__P02649,0.0704253052538573,0.0
slope1__peptide_log__SLAAAAGKQELAK,0.0702399768395723,0.0
slope1__peptide_mean__P61278,0.0702399768395723,0.0
rollmean2__peptide_std__P00450,0.07013246578430399,0.0
lag1__peptide_std__P07602,0.0701136851497877,0.0
delta1__protein_npx__P02748,0.07011091765012953,0.0
protein_npx__P02655,0.07003161635787028,0.0
peptide_mean__O15240,0.07001576700063845,0.0
delta1__peptide_mean__Q96KN2,0.07000762588622032,0.0
lag1__peptide_log__AKLEEQAQQIR,0.07000254899922735,0.0
peptide_mean__Q13449,0.07000149353882805,0.0
rollmean2__protein_npx__P40925,0.0699834038840161,0.0
peptide_std__Q14515,0.06997154664076721,0.0
protein_npx__P06396,0.06996936338368427,0.0
lag1__peptide_std__P54289,0.06996321521381804,0.0
peptide_mean__P04180,0.06990507568469752,0.0
rollmean2__peptide_log__TSPVDEKALQDQLVLVAAK,0.0698939475355303,0.0
delta1__protein_npx__P02647,0.06985726861347813,0.0
slope1__peptide_missing_fraction,0.06984835819530447,0.0
slope1__peptide_feature_count,0.06984835819530395,0.0
rollmean2__peptide_std__P36222,0.0698433382144648,0.0
missing__peptide_std__P01859,0.06983766229376073,0.0
protein_npx__P12109,0.06978280089088373,0.0
rollmean2__peptide_mean__Q08380,0.06974390430241639,0.0
lag1__protein_npx__P01594,0.06974188695742267,0.0
lag1__peptide_mean__P04196,0.06973511806006757,0.0
lag1__peptide_std__P01876,0.06968005016581605,0.0
peptide_mean__P02679,0.06967017044219162,0.0
lag1__protein_npx__P17174,0.06964771673673542,0.0
lag1__peptide_count__P02652,0.06962554559391651,0.0
slope1__peptide_std__P13591,0.06957728947602708,0.0
slope1__peptide_mean__P61769,0.06954516239216743,0.0
slope1__protein_npx__Q9UHG2,0.06953689688151853,0.0
lag1__protein_npx__Q13283,0.06950976063514033,0.0
slope1__peptide_mean__P19827,0.06949748263210222,0.0
peptide_count__P01834,0.06945197662334952,0.0
protein_npx__P02671,0.06941510846520839,0.0
rollmean2__peptide_count__Q14515,0.06939034371727804,0.0
peptide_mean__O00533,0.06938972399278434,0.0
delta1__protein_npx__Q92520,0.06938580167082221,0.0
lag1__peptide_mean__P00747,0.06931526171510105,0.0
delta1__peptide_std__O14773,0.06925775266101825,0.0
lag1__peptide_count__P01024,0.06921832900100851,0.0
rollmean2__peptide_mean__O43505,0.06921285613445895,0.0
slope1__peptide_count__Q12841,0.06915916511260692,0.0
delta1__protein_npx__P12109,0.06911722169009522,0.0
protein_npx__P00751,0.06909668536755038,0.0
rollmean2__peptide_log__LDEVKEQVAEVR,0.06909573002418219,0.0
lag1__protein_npx__P08123,0.06906497923877475,0.0
delta1__peptide_std__P04004,0.06900659700102112,0.0
lag1__peptide_mean__P06396,0.06897498425535213,0.0
protein_npx__P61916,0.06894671447013347,0.0
rollmean2__peptide_log__C(UniMod_4)SYTEDAQC(UniMod_4)IDGTIEVPK,0.06891361300878605,0.0
missing__peptide_log__VMPIC(UniMod_4)LPSKDYAEVGR,0.06890922599322598,0.0
slope1__peptide_log__DSGFQM(UniMod_35)NQLR,0.06889040118916971,0.0
missing__peptide_log__VKDLATVYVDVLK,0.06886471402075767,0.0
slope1__peptide_mean__P06310,0.06882681728812022,0.0
rollmean2__protein_npx__P43121,0.0687903648438136,0.0
rollmean2__peptide_count__Q12907,0.06875138553370432,0.0
slope1__peptide_count__P01019,0.06874835426910166,0.0
slope1__protein_npx__Q99969,0.06873760733183307,0.0
rollmean2__peptide_mean__P98160,0.06867883859242187,0.0
slope1__protein_npx__O15240,0.06865323162911216,0.0
rollmean2__peptide_std__P01877,0.06862716168629311,0.0
slope1__peptide_std__P04196,0.06859847604975004,0.0
delta1__protein_npx__Q6UXD5,0.06858190933368007,0.0
missing__peptide_std__P61916,0.06856515688938965,0.0
lag1__protein_npx__P00751,0.06850667382586777,0.0
missing__peptide_log__LPPTSAHGNVAEGETKPDPDVTER,0.0684481430808689,0.0
months_since_prev_visit,0.0684380950318843,0.0
delta1__months_since_baseline,0.0684380950318843,0.0
rollmean2__peptide_mean__P02750,0.06843340709859874,0.0
peptide_count__P01857,0.06834656515786823,0.0
peptide_log__AATVGSLAGQPLQER,0.06832671104390133,0.0
rollmean2__peptide_mean__Q13449,0.06831121273688832,0.0
slope1__protein_npx__P13987,0.06828883278521836,0.0
rollmean2__peptide_mean__P01860,0.06823051378647409,0.0
rollmean2__peptide_log__AATGEC(UniMod_4)TATVGKR,0.06822434267489597,0.0
delta1__peptide_std__P05090,0.0681927788146726,0.0
delta1__peptide_mean__Q08380,0.06811900144104774,0.0
lag1__protein_npx__P27169,0.06809413166493583,0.0
slope1__protein_npx__P20933,0.0680763033298553,0.0
rollmean2__peptide_log__AATVGSLAGQPLQER,0.06807152244419351,0.0
slope1__peptide_std__Q12907,0.06803461840696981,0.0
slope1__peptide_mean__P35542,0.06802303373097594,0.0
lag1__protein_npx__Q06481,0.06802187652603446,0.0
lag1__protein_npx__P13591,0.06792244174790564,0.0
protein_npx__Q99832,0.06785462540895944,0.0
missing__protein_npx__Q96BZ4,0.06777325441714398,0.0
missing__peptide_count__Q96BZ4,0.06777325441714398,0.0
missing__peptide_mean__Q96BZ4,0.06777325441714398,0.0
slope1__peptide_count__P02763,0.06767243957176673,0.0
delta1__peptide_log__C(UniMod_4)RDQLPYIC(UniMod_4)QFGIV,0.06767107310700635,0.0
delta1__protein_npx__P02760,0.06765329783280026,0.0
lag1__peptide_mean__P02647,0.06753511654422692,0.0
delta1__peptide_mean__P14314,0.0674789649205673,0.0
peptide_std__P05155,0.06747304374240655,0.0
lag1__peptide_mean__Q96KN2,0.06747022988514696,0.0
rollmean2__peptide_mean__P07195,0.06743392057239747,0.0
rollmean2__peptide_std__P05156,0.06743191058123564,0.0
lag1__peptide_count__Q16270,0.06742613096958686,0.0
peptide_mean__O43505,0.0673778148809387,0.0
lag1__protein_npx__P02747,0.06735365527081612,0.0
peptide_log__C(UniMod_4)KPVNTFVHEPLVDVQNVC(UniMod_4)FQEK,0.06734909757043822,0.0
slope1__peptide_mean__P01008,0.06732696056368595,0.0
delta1__peptide_std__P01008,0.06730323523057913,0.0
slope1__protein_npx__Q96PD5,0.0672746323906036,0.0
protein_npx__P09486,0.06725033232097619,0.0
delta1__protein_npx__P41222,0.0672454942819764,0.0
lag1__peptide_log__SFNRGEC(UniMod_4),0.06723054437662512,0.0
delta1__peptide_mean__Q92520,0.06718555095376072,0.0
slope1__peptide_count__P01860,0.06716879370525324,0.0
lag1__protein_npx__Q562R1,0.06715829722682576,0.0
peptide_count__P01859,0.06712418780147693,0.0
slope1__peptide_std__P01023,0.06711163868852511,0.0
rollmean2__peptide_std__P05090,0.06710420922618662,0.0
lag1__peptide_count__P24592,0.06707187565766981,0.0
delta1__peptide_count__P01857,0.06706440872311469,0.0
delta1__peptide_log__QKVEPLRAELQEGAR,0.06696638305299028,0.0
slope1__peptide_log__TKEEYGHSEVVEYYC(UniMod_4)NPR,0.06694656321742683,0.0
rollmean2__protein_npx__Q14118,0.06692697014340607,0.0
slope1__peptide_mean__P02671,0.06689494102754187,0.0
lag1__peptide_log__ALGISPFHEHAEVVFTANDSGPR,0.0668898929342017,0.0
delta1__peptide_log__YVM(UniMod_35)LPVADQDQC(UniMod_4)IR,0.06686762886457505,0.0
peptide_std__P04180,0.06686622559156538,0.0
rollmean2__peptide_mean__P01042,0.06685391031816985,0.0
delta1__peptide_mean__Q8N2S1,0.06682689843579138,0.0
lag1__peptide_mean__Q02818,0.06681009802982611,0.0
peptide_mean__P00748,0.06680627559754454,0.0
rollmean2__protein_npx__P01877,0.06677490395223487,0.0
missing__peptide_log__VQPYLDDFQKK,0.06676411685737922,0.0
missing__peptide_std__P02652,0.06675906276468013,0.0
lag1__protein_npx__P05090,0.06675484836376941,0.0
lag1__peptide_mean__P08294,0.06672766335097981,0.0
lag1__protein_npx__P98160,0.06672149128048908,0.0
slope1__peptide_std__P14314,0.06669696553272833,0.0
delta1__peptide_count__P14618,0.0666833883137941,0.0
delta1__peptide_mean__P02749,0.0666515878618153,0.0
lag1__peptide_log__VKDLATVYVDVLK,0.06658772784535422,0.0
delta1__peptide_log__WELALGR,0.06657894029387001,0.0
rollmean2__peptide_std__Q92823,0.06657066648345825,0.0
rollmean2__protein_npx__P10643,0.06651331287918331,0.0
lag1__peptide_mean__Q99829,0.06645816782059137,0.0
current_medication_on,0.06643752070130848,0.0
delta1__peptide_std__P01011,0.06640625426641995,0.0
delta1__peptide_mean__O14791,0.06636910524418434,0.0
delta1__peptide_log__VMPIC(UniMod_4)LPSKDYAEVGR,0.06633226517894528,0.0
lag1__peptide_mean__O15394,0.06632014533755967,0.0
lag1__peptide_mean__P01024,0.06622566300899296,0.0
delta1__peptide_count__P10645,0.06621835045417823,0.0
lag1__peptide_count__P05155,0.0661504616153825,0.0
rollmean2__protein_npx__P01876,0.066124597019896,0.0
delta1__protein_npx__P60174,0.06607941086059947,0.0
rollmean2__protein_npx__O15394,0.06607364372924303,0.0
slope1__peptide_std__P30086,0.06601817943995794,0.0
delta1__protein_npx__P61769,0.06595093098321687,0.0
lag1__protein_npx__P01877,0.06594921357463551,0.0
rollmean2__protein_npx__P08603,0.06594537604103004,0.0
lag1__protein_npx__P19652,0.06592159048648302,0.0
missing__protein_npx__P13671,0.06588837544744107,0.0
missing__peptide_mean__P13671,0.06588837544744107,0.0
missing__peptide_count__P13671,0.06588837544744107,0.0
peptide_count__Q12907,0.06587466901564641,0.0
slope1__peptide_mean__P16870,0.06586197381062213,0.0
lag1__protein_npx__P01780,0.065861469193854,0.0
protein_npx__P05060,0.0658497523047743,0.0
rollmean2__peptide_count__O14773,0.06582957830660807,0.0
lag1__peptide_std__P01042,0.0658270326927201,0.0
protein_npx__Q9UNU6,0.06582029578047914,0.0
protein_npx__P04275,0.06576867080523849,0.0
rollmean2__protein_npx__Q92823,0.0657581164818596,0.0
rollmean2__peptide_mean__P04207,0.0657217146561915,0.0
slope1__protein_npx__P27169,0.06569427972152347,0.0
missing__peptide_log__VTLTC(UniMod_4)VAPLSGVDFQLR,0.065679219410129,0.0
peptide_count__P51884,0.06564322092097433,0.0
lag1__peptide_mean__O00584,0.06563922440020283,0.0
rollmean2__protein_npx__P10645,0.06561088532581717,0.0
lag1__peptide_log__NFPPSQDASGDLYTTSSQLTLPATQC(UniMod_4)PDGK,0.06560095840642922,0.0
lag1__peptide_mean__P02747,0.06559157050550957,0.0
peptide_mean__Q96BZ4,0.06554424953425607,0.0
delta1__peptide_std__P02647,0.0655175462461049,0.0
slope1__protein_npx__P08637,0.06548609878969182,0.0
delta1__protein_npx__P05452,0.06548576938219683,0.0
lag1__peptide_log__ANRPFLVFIR,0.06545411255202577,0.0
peptide_log__VMPIC(UniMod_4)LPSKDYAEVGR,0.06538850651826547,0.0
delta1__protein_npx__P19823,0.06536663587399609,0.0
peptide_log__SSQGGSLPSEEK,0.06536339177063884,0.0
delta1__peptide_count__P01877,0.06534110357040626,0.0
protein_npx__P16070,0.06529271145731373,0.0
peptide_mean__P36222,0.06526732341750166,0.0
slope1__peptide_count__Q9UBX5,0.06518753509526777,0.0
lag1__protein_npx__P00738,0.06514460833911821,0.0
peptide_count__P01008,0.06512248802911937,0.0
rollmean2__peptide_std__Q12907,0.06510377131199056,0.0
lag1__protein_feature_count,0.0650997654666213,0.0
lag1__protein_missing_fraction,0.06509976546662125,0.0
lag1__peptide_mean__P13521,0.06506627074990949,0.0
lag1__protein_npx__P02774,0.06505889598098974,0.0
slope1__peptide_mean__P04275,0.06503857631561498,0.0
protein_npx__P31997,0.0650363444378352,0.0
delta1__peptide_log__AVLPTGDVIGDSAK,0.06501774997349712,0.0
rollmean2__peptide_mean__P19823,0.06501704890506792,0.0
peptide_log__QNC(UniMod_4)ELFEQLGEYK,0.06499512588270065,0.0
lag1__peptide_log__M(UniMod_35)ASGAANVVGPK,0.06493008770409969,0.0
slope1__protein_npx__P02790,0.06492404260030334,0.0
protein_npx__P00748,0.06491615955008663,0.0
lag1__peptide_count__P02790,0.06480816396026538,0.0
delta1__peptide_mean__Q562R1,0.0647909212479625,0.0
slope1__peptide_count__Q13740,0.06473801261172547,0.0
rollmean2__peptide_log__QWAGLVEK,0.06472351920848252,0.0
slope1__protein_npx__P08123,0.06470229766658195,0.0
slope1__protein_npx__P36980,0.06467098930343446,0.0
delta1__peptide_count__P02675,0.06463530698606933,0.0
delta1__peptide_count__P07602,0.06463411706991692,0.0
rollmean2__peptide_log__DSGFQM(UniMod_35)NQLR,0.06456919636475586,0.0
delta1__peptide_log__TPVSDRVTK,0.06456032644981169,0.0
lag1__peptide_mean__P02751,0.06453760386247326,0.0
slope1__peptide_log__ALGISPFHEHAEVVFTANDSGPR,0.06449932639608102,0.0
lag1__peptide_mean__P05060,0.0644797093315835,0.0
rollmean2__months_since_prev_visit,0.0644665681967134,0.0
rollmean2__peptide_std__Q6UXB8,0.06445944124389795,0.0
lag1__peptide_std__Q16270,0.0644115041345946,0.0
rollmean2__peptide_log__SGELEQEEER,0.06441071207725076,0.0
slope1__protein_npx__P01860,0.0644004797454511,0.0
rollmean2__peptide_std__P19652,0.06436937382693085,0.0
slope1__protein_npx__P06681,0.0643047258449107,0.0
lag1__peptide_std__Q92520,0.06428999652068479,0.0
missing__peptide_log__YYWGGQYTWDMAK,0.06423043834597007,0.0
missing__peptide_std__P61769,0.0642005313369571,0.0
rollmean2__peptide_mean__P05155,0.0641701849499909,0.0
delta1__peptide_std__P02790,0.06416944190977279,0.0
lag1__protein_npx__P80748,0.06413124857307559,0.0
lag1__protein_npx__P00441,0.064041064079479,0.0
slope1__peptide_mean__Q9Y646,0.06399686734099225,0.0
rollmean2__protein_npx__Q562R1,0.06392350436410704,0.0
delta1__peptide_log__RLEGQEEEEDNRDSSMK,0.06387042165427635,0.0
lag1__peptide_mean__P09871,0.06385384127622225,0.0
lag1__peptide_log__AVLPTGDVIGDSAK,0.0638160699501053,0.0
peptide_mean__P02766,0.06378198429244814,0.0
slope1__peptide_log__TSPVDEKALQDQLVLVAAK,0.06374697323001188,0.0
slope1__peptide_std__P01019,0.06374165223997715,0.0
rollmean2__peptide_mean__Q99969,0.06371980879666479,0.0
rollmean2__protein_npx__P08571,0.06367503792137405,0.0
rollmean2__peptide_mean__P01019,0.06366087291746714,0.0
rollmean2__peptide_log__QIGSVYR,0.06363122037716717,0.0
delta1__peptide_count__O14773,0.06361430796805884,0.0
slope1__peptide_std__P02452,0.06359678444452857,0.0
delta1__protein_npx__P43652,0.06351165079229427,0.0
lag1__peptide_std__P04433,0.06346535798135516,0.0
slope1__peptide_mean__P02763,0.06346463345771297,0.0
delta1__peptide_log__DASGVTFTWTPSSGK,0.0632610738401139,0.0
delta1__peptide_mean__P02760,0.0632480583623453,0.0
slope1__peptide_std__P02747,0.0632319058616826,0.0
rollmean2__protein_npx__P31997,0.06321447358826021,0.0
rollmean2__peptide_mean__P06454,0.06319204478149597,0.0
lag1__peptide_mean__O60888,0.06317341149282425,0.0
slope1__protein_npx__P08253,0.06310882956503991,0.0
slope1__protein_npx__P06310,0.06294550532404052,0.0
delta1__peptide_mean__P04075,0.06293226996985249,0.0
lag1__peptide_mean__P10643,0.06292173337660234,0.0
lag1__peptide_std__Q96KN2,0.06291759037399783,0.0
slope1__peptide_log__FM(UniMod_35)ETVAEK,0.06287120176073256,0.0
slope1__peptide_log__VMPIC(UniMod_4)LPSKDYAEVGR,0.0628194945480216,0.0
slope1__peptide_std__P61916,0.06280881793361652,0.0
lag1__protein_npx__P08697,0.06278657583857486,0.0
rollmean2__peptide_std__P04180,0.06278178995946454,0.0
rollmean2__peptide_count__P02790,0.0627350501514861,0.0
delta1__peptide_mean__P01034,0.06272219831351797,0.0
peptide_mean__Q8IWV7,0.06268999616248554,0.0
peptide_log__ILTC(UniMod_4)M(UniMod_35)QGMEEIR,0.06268999616248554,0.0
protein_npx__Q9Y646,0.06268286121781104,0.0
rollmean2__protein_npx__P00734,0.06266439399990592,0.0
lag1__peptide_log__TVVQPSVGAAAGPVVPPC(UniMod_4)PGR,0.06263814447525151,0.0
rollmean2__protein_npx__P61916,0.06262543401419743,0.0
rollmean2__protein_npx__P18065,0.06260167111794455,0.0
lag1__peptide_mean__P01011,0.06258386440906673,0.0
delta1__peptide_count__P61769,0.06243481998955135,0.0
lag1__peptide_mean__P25311,0.06241932419750335,0.0
delta1__peptide_mean__P30086,0.06241007849945483,0.0
slope1__protein_npx__P02774,0.06238232438498146,0.0
peptide_mean__Q9UBR2,0.06233479452871987,0.0
peptide_mean__P14618,0.06233318791349986,0.0
protein_npx__P40925,0.06228399211344565,0.0
missing__peptide_std__P08493,0.06225705622569516,0.0
slope1__peptide_log__NPDPWAK,0.06223699643404952,0.0
peptide_std__P14314,0.06223327401657669,0.0
rollmean2__peptide_count__P01024,0.06223005813007435,0.0
peptide_log__GYQLSDVDGVTC(UniMod_4)EDIDEC(UniMod_4)ALPTGGHIC(UniMod_4)SYR,0.062218218983908204,0.0
lag1__peptide_count__P13987,0.062210633851135594,0.0
lag1__peptide_std__P05156,0.062184756020182884,0.0
peptide_mean__Q92520,0.06218136189132608,0.0
lag1__peptide_mean__P40925,0.0621755396597242,0.0
lag1__protein_npx__P00746,0.06214641663619788,0.0
slope1__protein_npx__P02747,0.06209257740514979,0.0
slope1__peptide_mean__P07998,0.06208645910940488,0.0
rollmean2__peptide_mean__Q6UX71,0.06208636642320727,0.0
lag1__protein_npx__P17936,0.06201783590743814,0.0
lag1__peptide_count__P01009,0.061933643541157955,0.0
delta1__peptide_mean__Q99829,0.06189896936357249,0.0
rollmean2__peptide_std__P01008,0.06182509630802805,0.0
lag1__peptide_std__P02763,0.06167701795390376,0.0
lag1__peptide_count__P43652,0.06162308771414463,0.0
missing__peptide_log__LRTEGDGVYTLNNEKQWINK,0.061615131956247855,0.0
peptide_std__P16870,0.06156704137034736,0.0
slope1__peptide_log__LEGQEEEEDNRDSSMK,0.06153454624625723,0.0
lag1__peptide_mean__P80748,0.06148705413811033,0.0
rollmean2__peptide_log__YVM(UniMod_35)LPVADQDQC(UniMod_4)IR,0.06138391765349547,0.0
delta1__peptide_mean__P06454,0.06126635583523283,0.0
slope1__peptide_mean__P30086,0.06123737457237897,0.0
delta1__peptide_mean__P13987,0.06122886150483052,0.0
peptide_log__VDSGNDVTDIADDGC(UniMod_4)PKPPEIAHGYVEHSVR,0.06120535288733479,0.0
lag1__peptide_mean__Q9UKV8,0.061154266230828466,0.0
peptide_count__P08294,0.061146481245335706,0.0
rollmean2__protein_npx__P49908,0.06113542844957971,0.0
delta1__peptide_log__FM(UniMod_35)ETVAEK,0.06113499967788501,0.0
slope1__peptide_mean__P05546,0.06112683598469801,0.0
slope1__protein_npx__P01011,0.06100358823653013,0.0
lag1__peptide_std__P05452,0.06098948941341349,0.0
lag1__peptide_mean__P02774,0.06092703797382302,0.0
peptide_mean__P14174,0.06092029565763928,0.0
lag1__protein_npx__P43121,0.06091364716220547,0.0
delta1__peptide_mean__Q9UKV8,0.060850078934461906,0.0
delta1__protein_npx__P02753,0.06083299809964863,0.0
delta1__peptide_mean__P13473,0.06080786975319677,0.0
rollmean2__protein_npx__P13521,0.060791018174582295,0.0
slope1__protein_npx__P00747,0.060770611168504705,0.0
rollmean2__peptide_count__P08697,0.06076959083585809,0.0
peptide_log__SGELEQEEER,0.06074505937359447,0.0
delta1__peptide_std__P08697,0.06073024778202413,0.0
rollmean2__peptide_mean__O00584,0.06068615686654023,0.0
peptide_abundance_std,0.060670012678481954,0.0
delta1__peptide_count__P14314,0.060653781671224094,0.0
slope1__peptide_count__P01876,0.06061146182534459,0.0
slope1__protein_npx__P09104,0.06059830335566434,0.0
lag1__protein_npx__P02452,0.0605850062729336,0.0
missing__peptide_log__TDASDVKPC(UniMod_4),0.06056328713326587,0.0
delta1__peptide_log__KFPSGTFEQVSQLVK,0.060544019348767054,0.0
protein_npx__P02760,0.06047796164944986,0.0
slope1__peptide_mean__P11277,0.06046796570955325,0.0
slope1__peptide_count__P61769,0.060459762008525327,0.0
slope1__peptide_mean__P01834,0.060421835284456694,0.0
missing__peptide_log__TQVNTQAEQLRR,0.06041691596103807,0.0
rollmean2__peptide_mean__P06310,0.060414709186026726,0.0
peptide_std__P12109,0.060399461539060284,0.0
slope1__peptide_log__SLAELGGHLDQQVEEFRR,0.060386748371229794,0.0
rollmean2__peptide_std__P02763,0.06038267172351833,0.0
rollmean2__peptide_count__P06727,0.0603497620614301,0.0
delta1__peptide_count__P10643,0.060349682825434056,0.0
delta1__protein_npx__P19021,0.06028418606201134,0.0
slope1__protein_npx__P08697,0.06025372069007736,0.0
delta1__peptide_count__Q16270,0.06021599047922197,0.0
peptide_mean__P00736,0.060199027171419284,0.0
delta1__peptide_mean__P02753,0.060191485294427055,0.0
delta1__protein_npx__Q12805,0.06018952360579909,0.0
slope1__peptide_mean__Q16270,0.06018111761230637,0.0
rollmean2__peptide_log__AVGDKLPEC(UniMod_4)EADDGC(UniMod_4)PKPPEIAHGYVEHSVR,0.06016198302389137,0.0
delta1__peptide_mean__P01621,0.06015091991787399,0.0
rollmean2__peptide_log__IMNGEADAMSLDGGFVYIAGK,0.06013724801239973,0.0
slope1__peptide_mean__P01833,0.06002124869112154,0.0
slope1__peptide_log__DLATVYVDVLK,0.059999921923323464,0.0
lag1__peptide_mean__Q6UX71,0.059888502259698134,0.0
delta1__peptide_std__Q12805,0.059869069081831774,0.0
delta1__peptide_std__P01857,0.05982878449912785,0.0
missing__peptide_std__P43121,0.05980670780128395,0.0
slope1__peptide_observation_count,0.059785492805634666,0.0
lag1__peptide_std__Q12907,0.05977623146119544,0.0
rollmean2__protein_npx__P27169,0.05974315180120075,0.0
slope1__protein_npx__P07858,0.05961938669382956,0.0
peptide_mean__P17936,0.059566987007105214,0.0
slope1__protein_npx__Q562R1,0.05954679266224489,0.0
protein_npx__P04216,0.05952127660953196,0.0
rollmean2__peptide_log__SLAELGGHLDQQVEEFRR,0.05949700541582106,0.0
rollmean2__peptide_mean__Q9NQ79,0.059491698108751136,0.0
slope1__protein_npx__P04075,0.05946187005184776,0.0
slope1__peptide_mean__O15394,0.05937060160087096,0.0
lag1__protein_npx__Q12805,0.0593642842430419,0.0
peptide_mean__P04004,0.059323392823744645,0.0
lag1__peptide_log__LGPLVEQGR,0.05929060841831132,0.0
rollmean2__protein_npx__P07858,0.05916556003753695,0.0
protein_npx__P02765,0.05912793595420493,0.0
delta1__protein_npx__O15394,0.05910146636355875,0.0
peptide_log__YVMLPVADQDQC(UniMod_4)IR,0.05908968143842455,0.0
delta1__peptide_count__P01042,0.05907134764183205,0.0
lag1__peptide_std__P04180,0.05906705525230675,0.0
protein_npx__Q9UKV8,0.0590289569360655,0.0
missing__protein_npx__P14314,0.05902872569562884,0.0
missing__peptide_mean__P14314,0.05902872569562884,0.0
missing__peptide_count__P14314,0.05902872569562884,0.0
lag1__peptide_mean__P60174,0.05898789051954783,0.0
peptide_count__P01024,0.058814205008454426,0.0
delta1__peptide_mean__P08123,0.058792109844400954,0.0
delta1__protein_npx__P02747,0.058770322185062986,0.0
delta1__peptide_count__Q14118,0.058732177268075086,0.0
slope1__peptide_log__SGEATDGARPQALPEPMQESK,0.058723844676177334,0.0
peptide_count__P02649,0.05872331992815624,0.0
peptide_std__P05452,0.05868972457541379,0.0
delta1__peptide_count__P01023,0.05864499378472461,0.0
slope1__peptide_count__P18065,0.05864054983085596,0.0
slope1__peptide_std__P06727,0.058634972752012335,0.0
missing__peptide_count__P04406,0.058629059674838654,0.0
missing__protein_npx__P04406,0.058629059674838654,0.0
missing__peptide_mean__P04406,0.058629059674838654,0.0
delta1__peptide_log__TTPPVLDSDGSFFLYSR,0.058598294775375,0.0
delta1__peptide_mean__P01861,0.058598294775375,0.0
rollmean2__protein_npx__P07225,0.058596734007545725,0.0
slope1__peptide_std__P02751,0.05856778384322211,0.0
rollmean2__peptide_mean__P14174,0.058563479355187416,0.0
peptide_count__P02753,0.0585316861498099,0.0
rollmean2__peptide_count__Q6UXB8,0.05847426892627349,0.0
lag1__peptide_mean__P02763,0.05842557818829957,0.0
delta1__protein_npx__O75326,0.058407681118255415,0.0
peptide_std__P07225,0.05839909985618506,0.0
slope1__peptide_log__KFPSGTFEQVSQLVK,0.05834906900323738,0.0
slope1__protein_npx__Q99832,0.05834150448735392,0.0
delta1__peptide_mean__P06681,0.05826442495012241,0.0
protein_npx__Q9UHG2,0.058218047212202834,0.0
slope1__peptide_mean__P06454,0.058146140562761406,0.0
delta1__peptide_mean__P18065,0.05809779651196507,0.0
delta1__protein_npx__P08697,0.058095868023698274,0.0
peptide_mean__O75326,0.05808834837676014,0.0
delta1__peptide_count__P00747,0.05807567963652439,0.0
slope1__peptide_mean__Q96S96,0.05805555778754237,0.0
lag1__peptide_mean__P02649,0.057984827478587096,0.0
peptide_log__YVM(UniMod_35)LPVADQDQC(UniMod_4)IR,0.05796356721003885,0.0
lag1__peptide_mean__Q9Y646,0.05788429640349533,0.0
slope1__peptide_mean__Q14515,0.05788327492755231,0.0
slope1__peptide_std__P36222,0.05787172261406059,0.0
peptide_log__HGGLYHENMR,0.057859632604058665,0.0
delta1__peptide_log__LGPLVEQGRVR,0.057851528875232025,0.0
lag1__peptide_std__P13987,0.05782906142309845,0.0
peptide_std__P24592,0.05778975859124245,0.0
delta1__peptide_mean__P10645,0.05778777167864136,0.0
delta1__peptide_mean__P04211,0.05778033690791841,0.0
current_updrs_4,0.05775955443227459,0.0
peptide_count__Q12841,0.057744751652845906,0.0
rollmean2__peptide_mean__O00391,0.057738017415798135,0.0
delta1__protein_npx__P02763,0.05770801101165495,0.0
delta1__peptide_std__P54289,0.05768241147811203,0.0
peptide_log__IHWESASLLR,0.05764951276829143,0.0
slope1__peptide_log__EILSVDC(UniMod_4)STNNPSQAK,0.057641260217147314,0.0
lag1__peptide_count__P25311,0.0576337552814303,0.0
slope1__protein_npx__Q14508,0.057619015939203745,0.0
slope1__protein_npx__P02768,0.0576106584542034,0.0
peptide_mean__Q6UX71,0.057601285850102664,0.0
rollmean2__peptide_mean__P02452,0.05759927473828846,0.0
lag1__peptide_mean__P02656,0.057593752113389955,0.0
rollmean2__peptide_mean__P01023,0.057586827043919514,0.0
visit_index,0.057574845944297126,0.0
rollmean2__protein_npx__P02675,0.057559774354113066,0.0
delta1__peptide_mean__Q9UBR2,0.05755569532916568,0.0
lag1__peptide_count__P20774,0.0575152080553527,0.0
slope1__protein_npx__P12109,0.05745569497521649,0.0
peptide_count__P10645,0.05731614859098845,0.0
peptide_std__Q12841,0.0572425942875681,0.0
protein_npx__P01877,0.057214845490762264,0.0
delta1__peptide_mean__P00751,0.05719246348432439,0.0
delta1__peptide_log__GYQLSDVDGVTC(UniMod_4)EDIDEC(UniMod_4)ALPTGGHIC(UniMod_4)SYR,0.05718269448735961,0.0
delta1__peptide_count__P20774,0.05716847098230012,0.0
lag1__protein_npx__P02750,0.057161309131548856,0.0
delta1__peptide_mean__P01608,0.0571280266564899,0.0
slope1__peptide_std__P24592,0.05710424325055261,0.0
lag1__peptide_mean__P07858,0.05701890700908809,0.0
slope1__protein_npx__P00748,0.057003468884418755,0.0
rollmean2__peptide_log__YVMLPVADQDQC(UniMod_4)IR,0.05692814462240957,0.0
delta1__peptide_mean__P40925,0.05690068413895094,0.0
rollmean2__peptide_mean__P01833,0.056819888232104473,0.0
lag1__peptide_mean__Q12841,0.05679157706984247,0.0
protein_npx__P01019,0.05675001948083672,0.0
slope1__protein_npx__P02792,0.056678554864602056,0.0
slope1__protein_npx__P80748,0.05663068935628679,0.0
delta1__peptide_log__QIGSVYR,0.056595679063362145,0.0
protein_npx__P05408,0.056585876216239436,0.0
rollmean2__peptide_count__P01042,0.05656558144193425,0.0
slope1__protein_npx__Q12907,0.05653017562443735,0.0
lag1__peptide_mean__P07998,0.056505469608820004,0.0
rollmean2__protein_npx__P06396,0.05650223736615359,0.0
delta1__peptide_mean__P16870,0.05646041139149567,0.0
delta1__peptide_count__Q13740,0.05644848731646969,0.0
slope1__peptide_log__QKVEPLRAELQEGAR,0.056434554676578264,0.0
rollmean2__peptide_count__P30086,0.056411704179613886,0.0
protein_npx__P07339,0.05640134705896753,0.0
rollmean2__peptide_std__P30086,0.05635935302151643,0.0
delta1__protein_npx__P08571,0.05633137628213327,0.0
peptide_std__P05090,0.05628176350142561,0.0
delta1__peptide_abundance_std,0.05626827767179532,0.0
peptide_log__YYWGGQYTWDMAK,0.05626510366928971,0.0
lag1__peptide_log__SC(UniMod_4)DTPPPC(UniMod_4)PR,0.056251415097398394,0.0
slope1__peptide_std__P02656,0.056242541687752584,0.0
rollmean2__protein_npx__P19021,0.05620962258436581,0.0
delta1__protein_npx__Q96PD5,0.056198537892987004,0.0
delta1__protein_npx__P16870,0.05619504953617649,0.0
rollmean2__peptide_log__AYKSELEEQLTPVAEETR,0.056183918498625834,0.0
delta1__peptide_log__YVMLPVADQDQC(UniMod_4)IR,0.05618048746192126,0.0
slope1__protein_npx__P02452,0.0561764176810386,0.0
delta1__protein_npx__P01608,0.056123674051628616,0.0
delta1__peptide_std__P36222,0.056098348059344515,0.0
slope1__peptide_count__P10643,0.05609489388842279,0.0
slope1__protein_npx__P04207,0.056055892471552606,0.0
delta1__protein_npx__P02679,0.055953052021749355,0.0
lag1__peptide_log__SWFEPLVEDM(UniMod_35)QR,0.05594278998262478,0.0
slope1__peptide_count__P01034,0.05593404480337595,0.0
lag1__protein_npx__P40925,0.055900865988627355,0.0
protein_npx__P13521,0.05588032910677615,0.0
peptide_count__P02647,0.05587973899966326,0.0
rollmean2__peptide_mean__P04217,0.055857343296592164,0.0
rollmean2__peptide_mean__P13987,0.055824714569969666,0.0
delta1__peptide_log__LAVYQAGAR,0.055783577321559565,0.0
missing__peptide_std__Q12841,0.05577654589893922,0.0
peptide_log__TSPVDEKALQDQLVLVAAK,0.055736385349546766,0.0
peptide_count__P07711,0.055716292694518325,0.0
rollmean2__peptide_mean__P04180,0.05571022072953239,0.0
peptide_mean__Q99829,0.0556899158397163,0.0
slope1__peptide_log__VKDLATVYVDVLK,0.055657188843348665,0.0
delta1__peptide_log__AVGDKLPEC(UniMod_4)EADDGC(UniMod_4)PKPPEIAHGYVEHSVR,0.055632780651144284,0.0
delta1__peptide_mean__P02792,0.055632301579627265,0.0
lag1__peptide_mean__Q92876,0.05563192631598365,0.0
rollmean2__peptide_mean__Q562R1,0.055613818289213475,0.0
peptide_count__P02790,0.05557478588292455,0.0
lag1__peptide_mean__P04156,0.05556757389302539,0.0
rollmean2__protein_npx__Q99969,0.05553983143556701,0.0
delta1__protein_npx__Q9Y6R7,0.055495074695469764,0.0
delta1__peptide_std__P14314,0.05549166704134732,0.0
peptide_std__P02753,0.05548485682462088,0.0
rollmean2__protein_npx__P02792,0.0554798393682476,0.0
slope1__peptide_log__YYWGGQYTWDMAK,0.05541427164636015,0.0
delta1__peptide_log__TSPVDEKALQDQLVLVAAK,0.05539693285658001,0.0
rollmean2__peptide_mean__P14618,0.05537246099952081,0.0
slope1__peptide_abundance_std,0.055365117012942125,0.0
missing__peptide_log__KFPSGTFEQVSQLVK,0.05532190584110992,0.0
delta1__protein_npx__P00450,0.05529940392777658,0.0
slope1__peptide_count__P12109,0.05528012935659792,0.0
rollmean2__peptide_std__P02652,0.05525086289218456,0.0
lag1__peptide_mean__P05452,0.055241288864564954,0.0
slope1__peptide_mean__Q6UX71,0.055230010291046634,0.0
rollmean2__peptide_mean__P00734,0.05518765589956878,0.0
delta1__peptide_count__P04075,0.05518175952207693,0.0
missing__peptide_log__VC(UniMod_4)PFAGILENGAVR,0.05517939676657244,0.0
lag1__protein_npx__P00450,0.05517657172808195,0.0
delta1__protein_npx__P16035,0.055100422339716244,0.0
peptide_mean__P41222,0.05507700806644463,0.0
protein_npx__P13473,0.05504853837895456,0.0
protein_npx__P49908,0.05501804366875108,0.0
delta1__protein_npx__P16152,0.05500974750642883,0.0
rollmean2__protein_npx__Q13283,0.05498724114399839,0.0
slope1__peptide_mean__P06727,0.05498648092323512,0.0
rollmean2__peptide_count__P02647,0.05495607807859313,0.0
slope1__peptide_std__P01857,0.05495042522128486,0.0
rollmean2__peptide_std__P24592,0.05492278026821932,0.0
rollmean2__protein_npx__P20774,0.05486385267262075,0.0
peptide_mean__Q02818,0.054835247541749205,0.0
slope1__peptide_log__TPLGDTTHTC(UniMod_4)PR,0.05477464362438534,0.0
rollmean2__peptide_log__TQVNTQAEQLRR,0.05476950633257376,0.0
slope1__peptide_std__P04217,0.0547609576475555,0.0
rollmean2__peptide_std__P05155,0.05475148871143869,0.0
rollmean2__peptide_mean__Q8N2S1,0.054740845825794096,0.0
slope1__peptide_mean__P04075,0.054711499918278075,0.0
rollmean2__peptide_std__Q14515,0.054701943917496824,0.0
missing__peptide_log__VQAAVGTSAAPVPSDNH,0.05457719924203296,0.0
delta1__protein_npx__P02649,0.054565069819299906,0.0
missing__peptide_count__O15394,0.054543088885718675,0.0
missing__peptide_mean__O15394,0.054543088885718675,0.0
missing__protein_npx__O15394,0.054543088885718675,0.0
rollmean2__peptide_count__P16070,0.054540284078178,0.0
delta1__peptide_mean__Q13449,0.05452917508319435,0.0
lag1__peptide_log__AATVGSLAGQPLQER,0.05450498099410459,0.0
lag1__peptide_mean__P04275,0.05450286368945373,0.0
rollmean2__peptide_mean__Q9HDC9,0.05448319715586216,0.0
rollmean2__peptide_log__VLLDQLR,0.05448319715586216,0.0
lag1__peptide_mean__P08123,0.05444782881372138,0.0
delta1__protein_npx__Q12907,0.0544456274680333,0.0
lag1__peptide_mean__Q7Z3B1,0.05443409342581154,0.0
rollmean2__peptide_mean__P07339,0.05443323730869369,0.0
delta1__peptide_std__P10645,0.05435217530797919,0.0
slope1__peptide_mean__Q8IWV7,0.05426778100005889,0.0
slope1__peptide_log__ILTC(UniMod_4)M(UniMod_35)QGMEEIR,0.05426778100005889,0.0
delta1__peptide_std__O75144,0.05420692573877685,0.0
delta1__peptide_std__P00450,0.05417165159357681,0.0
delta1__peptide_std__P98160,0.05406934171863359,0.0
peptide_log__TTPPVLDSDGSFFLYSK,0.054003704837953234,0.0
protein_npx__P27169,0.053999936555311295,0.0
slope1__peptide_log__IHWESASLLR,0.05398871232788381,0.0
protein_npx__P35542,0.05398749562608731,0.0
rollmean2__peptide_mean__P02765,0.053915407687945345,0.0
slope1__peptide_log__YVMLPVADQDQC(UniMod_4)IR,0.053906222927323694,0.0
rollmean2__peptide_count__P02768,0.05389467535976369,0.0
slope1__peptide_log__NPDSSTTGPWC(UniMod_4)YTTDPTVR,0.05388348169438518,0.0
delta1__protein_npx__Q9UBR2,0.05383472233342805,0.0
peptide_mean__P06454,0.05380155402189156,0.0
lag1__peptide_mean__P01608,0.05375115679418969,0.0
rollmean2__protein_npx__P04075,0.05374028559765258,0.0
missing__peptide_std__P02748,0.053665361034420274,0.0
peptide_mean__P01834,0.05364606605473237,0.0
delta1__protein_npx__Q99969,0.05364569604869069,0.0
peptide_count__P05546,0.05362715021942492,0.0
slope1__peptide_mean__P61916,0.0536089176592418,0.0
rollmean2__peptide_std__Q92876,0.05360190886161455,0.0
lag1__peptide_std__P12109,0.053566441568421615,0.0
lag1__protein_npx__P41222,0.05355505370469594,0.0
lag1__protein_npx__P05408,0.053530805016579114,0.0
rollmean2__peptide_std__P54289,0.05349193817932008,0.0
delta1__peptide_log__LSKELQAAQAR,0.05347417298233628,0.0
rollmean2__peptide_std__P02452,0.05342112520003618,0.0
rollmean2__peptide_std__O15394,0.05334027092907313,0.0
rollmean2__peptide_log__LSSWVLLM(UniMod_35)K,0.053303527302203856,0.0
delta1__peptide_count__P06396,0.053276121050945015,0.0
delta1__protein_npx__Q14508,0.05326808871670229,0.0
rollmean2__peptide_mean__P08697,0.05326038878337984,0.0
lag1__protein_npx__Q99832,0.05324969651985199,0.0
rollmean2__peptide_mean__P40925,0.053223294039535685,0.0
lag1__peptide_count__P16070,0.0532090322494405,0.0
lag1__peptide_log__TKEEYGHSEVVEYYC(UniMod_4)NPR,0.05320466305029235,0.0
delta1__protein_npx__P01034,0.05318859180227517,0.0
delta1__protein_npx__P00736,0.05318713233343225,0.0
slope1__peptide_std__P04075,0.05316160122170647,0.0
slope1__peptide_std__P01011,0.053136720995381415,0.0
slope1__peptide_log__YIVSGTPTFVPYLIK,0.05310655333067502,0.0
rollmean2__peptide_std__P02647,0.053055069508986814,0.0
slope1__peptide_mean__P05408,0.05302214080916593,0.0
lag1__peptide_std__Q9Y6R7,0.05290736489221965,0.0
rollmean2__protein_npx__Q8IWV7,0.052904068082764405,0.0
rollmean2__peptide_std__P10643,0.05283020874264461,0.0
peptide_log__SNSSM(UniMod_35)HITDC(UniMod_4)R,0.05280033010383873,0.0
rollmean2__peptide_mean__Q9UNU6,0.05279743709389856,0.0
delta1__peptide_count__P39060,0.05278997213180055,0.0
lag1__protein_npx__P61769,0.05278891851426073,0.0
lag1__peptide_mean__P01857,0.05273108649018308,0.0
rollmean2__peptide_std__P02766,0.05272796041572479,0.0
lag1__peptide_std__Q9NQ79,0.05272202423674273,0.0
delta1__peptide_count__P16070,0.05271196670680871,0.0
lag1__peptide_mean__Q7Z5P9,0.05266250857022284,0.0
protein_npx__P08603,0.05265445657510501,0.0
rollmean2__peptide_mean__P04004,0.05264734351241451,0.0
delta1__peptide_std__P02768,0.0526117874639257,0.0
protein_npx__P01008,0.052592074573981094,0.0
peptide_std__P10909,0.052584546268948186,0.0
lag1__peptide_mean__P41222,0.05255452682346821,0.0
slope1__peptide_mean__Q14624,0.05254573380400158,0.0
delta1__protein_npx__P24592,0.05253516222747839,0.0
peptide_log__VYC(UniMod_4)DMNTENGGWTVIQNR,0.05252270687894614,0.0
delta1__protein_npx__P02656,0.05250665447944865,0.0
missing__peptide_std__Q13740,0.05248346926634917,0.0
slope1__protein_npx__P60174,0.05247293629903867,0.0
rollmean2__peptide_mean__Q9UBX5,0.052471094220162974,0.0
delta1__protein_npx__P01717,0.05245532935107148,0.0
missing__peptide_log__YIVSGTPTFVPYLIK,0.052447907672837454,0.0
protein_npx__Q99829,0.052426353576613946,0.0
delta1__protein_npx__P51884,0.052419124690402254,0.0
missing__peptide_mean__Q02818,0.05237142808758693,0.0
missing__peptide_count__Q02818,0.05237142808758693,0.0
missing__protein_npx__Q02818,0.05237142808758693,0.0
slope1__peptide_count__P14618,0.05236712378393079,0.0
lag1__peptide_count__P01019,0.052346738557371465,0.0
peptide_mean__P31997,0.05233105422011351,0.0
rollmean2__peptide_count__P02753,0.05231992976978435,0.0
protein_npx__P02656,0.05225888869391856,0.0
missing__protein_npx__P01594,0.05221693247718338,0.0
missing__peptide_mean__P01594,0.05221693247718338,0.0
missing__peptide_count__P01594,0.05221693247718338,0.0
slope1__peptide_count__P08697,0.052210589812486344,0.0
rollmean2__peptide_count__P02748,0.05216990928179214,0.0
peptide_log__AYKSELEEQLTPVAEETR,0.05215895490268372,0.0
lag1__peptide_count__P98160,0.05212134970748734,0.0
delta1__peptide_mean__P00450,0.05195707717623759,0.0
protein_npx__O94919,0.051954208809014954,0.0
lag1__peptide_std__O14773,0.051952494721268075,0.0
protein_npx__P14174,0.05194176327438484,0.0
lag1__peptide_count__P00748,0.051938996494744316,0.0
peptide_mean__P13987,0.05191444788859692,0.0
missing__peptide_log__LVGGPM(UniMod_35)DASVEEEGVRR,0.05191369938593798,0.0
rollmean2__peptide_mean__P10643,0.05177826438758867,0.0
delta1__peptide_log__TEGDGVYTLNNEK,0.05172969209526665,0.0
delta1__peptide_mean__P02649,0.0517017343795634,0.0
slope1__protein_npx__P06396,0.0516718562768428,0.0
delta1__peptide_mean__P06310,0.05164910250183862,0.0
rollmean2__peptide_log__EDSLEAGLPLQVR,0.05164185124835065,0.0
rollmean2__protein_npx__Q14515,0.05160997290060772,0.0
slope1__peptide_std__Q13740,0.051574819032028,0.0
delta1__protein_npx__P08133,0.051564657042019325,0.0
peptide_mean__P25311,0.0515608846616625,0.0
lag1__protein_npx__P04211,0.05155089441128202,0.0
rollmean2__peptide_std__P55290,0.05154474407572062,0.0
rollmean2__protein_npx__P98160,0.05153965947503988,0.0
lag1__protein_npx__P00747,0.05151983505265152,0.0
peptide_mean__P01860,0.05150774517970819,0.0
slope1__peptide_count__P02748,0.05149854045450594,0.0
rollmean2__peptide_std__P13591,0.05148271257585658,0.0
lag1__peptide_log__GEVQAMLGQSTEELRVR,0.05144250350359119,0.0
rollmean2__protein_npx__Q15904,0.051339828889966986,0.0
slope1__peptide_std__P08603,0.05129595763743714,0.0
delta1__protein_npx__P07339,0.05128607475220307,0.0
lag1__peptide_std__P01834,0.05128371016277618,0.0
slope1__peptide_mean__P07711,0.05120226226980211,0.0
slope1__peptide_std__P14618,0.05115545266073535,0.0
missing__peptide_std__Q12907,0.05114673297077202,0.0
protein_npx__P49588,0.05113086865346475,0.0
peptide_mean__P18065,0.05112505164625363,0.0
missing__peptide_log__SGEATDGARPQALPEPMQESK,0.05108285185810846,0.0
peptide_std__P30086,0.051072797428041175,0.0
slope1__peptide_abundance_sum,0.05104964906493881,0.0
slope1__peptide_log__GEVQAMLGQSTEELR,0.05100021059973715,0.0
delta1__peptide_count__P08603,0.050990323899710886,0.0
missing__peptide_log__SC(UniMod_4)SPELQQK,0.0509173524180274,0.0
missing__peptide_count__P16152,0.0509173524180274,0.0
missing__peptide_mean__P16152,0.0509173524180274,0.0
missing__protein_npx__P16152,0.0509173524180274,0.0
rollmean2__peptide_std__P01857,0.050885900286575296,0.0
peptide_mean__O00584,0.050876305958193736,0.0
slope1__peptide_count__Q9Y6R7,0.0508156243362057,0.0
delta1__protein_npx__P08603,0.05077545016310419,0.0
slope1__protein_npx__P01023,0.050727123639764636,0.0
lag1__peptide_std__P02753,0.05072240902679506,0.0
slope1__protein_npx__Q99674,0.05072203356697568,0.0
delta1__peptide_std__Q13740,0.050694927461084796,0.0
rollmean2__peptide_std__P02749,0.05066629916648297,0.0
delta1__protein_npx__P00748,0.05062973098174371,0.0
peptide_std__P02675,0.05058554145475233,0.0
missing__peptide_std__P02656,0.050547210570410415,0.0
protein_npx__P98160,0.050543726331661376,0.0
lag1__peptide_count__P27169,0.05053040853190876,0.0
lag1__peptide_mean__P02748,0.05051391779272269,0.0
lag1__peptide_mean__P02765,0.05051186804591612,0.0
slope1__peptide_mean__P49588,0.05043104129357209,0.0
delta1__protein_npx__P02766,0.05041956352209606,0.0
delta1__peptide_log__ATVNPSAPR,0.05041286865672036,0.0
delta1__protein_npx__Q96BZ4,0.05039290466009607,0.0
delta1__protein_npx__P08493,0.05038647432898029,0.0
slope1__peptide_count__P01877,0.050356896115043806,0.0
missing__peptide_std__P00746,0.05034652522244381,0.0
rollmean2__peptide_mean__P00748,0.050332188919597,0.0
lag1__peptide_log__YIVSGTPTFVPYLIK,0.05031780375071996,0.0
slope1__peptide_mean__P00450,0.05027813296080371,0.0
slope1__peptide_mean__P80748,0.05026893024086079,0.0
slope1__protein_npx__P55290,0.05026390974698244,0.0
lag1__peptide_count__P09871,0.050243233048119985,0.0
delta1__protein_npx__P13987,0.05022343421571091,0.0
delta1__peptide_log__VYC(UniMod_4)DMNTENGGWTVIQNR,0.050222616700290434,0.0
slope1__peptide_mean__Q13740,0.05017036483282782,0.0
rollmean2__peptide_mean__P06681,0.05015333118281047,0.0
missing__protein_npx__Q13449,0.0500891470022919,0.0
missing__peptide_mean__Q13449,0.0500891470022919,0.0
missing__peptide_count__Q13449,0.0500891470022919,0.0
delta1__protein_feature_count,0.05004263404036804,0.0
delta1__protein_missing_fraction,0.05004263404036798,0.0
peptide_count__P04004,0.05002718999341376,0.0
lag1__peptide_mean__P61626,0.04999938947573225,0.0
delta1__peptide_count__Q96KN2,0.049978788375421315,0.0
delta1__peptide_mean__Q92823,0.049905264751773544,0.0
delta1__peptide_mean__P39060,0.04988184520851565,0.0
lag1__peptide_count__P07225,0.04987309178323096,0.0
lag1__peptide_std__P02656,0.04985467106124259,0.0
lag1__peptide_std__P00747,0.049794454513457605,0.0
delta1__peptide_std__P24592,0.049759919254223295,0.0
missing__protein_npx__P14618,0.049685895959097406,0.0
missing__peptide_mean__P14618,0.049685895959097406,0.0
missing__peptide_count__P14618,0.049685895959097406,0.0
lag1__peptide_std__P04196,0.049673966478657725,0.0
rollmean2__protein_npx__Q9UBR2,0.04966392499475658,0.0
peptide_std__O15394,0.04966153079232699,0.0
lag1__peptide_count__P01860,0.04964984743362335,0.0
lag1__peptide_mean__Q13451,0.049646698425190164,0.0
lag1__peptide_mean__Q99435,0.049621227956154014,0.0
slope1__peptide_count__P00441,0.04961961231263199,0.0
peptide_log__LVGGPM(UniMod_35)DASVEEEGVRR,0.049619311282743446,0.0
slope1__peptide_std__P01876,0.049604372648431115,0.0
lag1__protein_npx__Q9Y646,0.04948643540882111,0.0
slope1__peptide_log__QQETAAAETETR,0.04948011095116162,0.0
peptide_mean__P01042,0.04947983733329344,0.0
rollmean2__peptide_mean__P19021,0.049477771203037285,0.0
lag1__protein_npx__Q12907,0.04947605984419637,0.0
peptide_mean__P16152,0.049470232338399096,0.0
peptide_log__SC(UniMod_4)SPELQQK,0.049470232338399096,0.0
peptide_mean__P27169,0.049433724782522594,0.0
slope1__peptide_mean__P51884,0.04943077640275712,0.0
delta1__peptide_std__P20774,0.04942316627167372,0.0
delta1__peptide_count__Q08380,0.049375613974535944,0.0
rollmean2__peptide_log__SSQGGSLPSEEK,0.0493673554332375,0.0
protein_npx__P04433,0.04934966630824875,0.0
lag1__protein_npx__O15394,0.049330974148020616,0.0
delta1__peptide_log__C(UniMod_4)SYTEDAQC(UniMod_4)IDGTIEVPK,0.04932044735649353,0.0
lag1__peptide_mean__Q9UBR2,0.049301459369016296,0.0
protein_npx__P07711,0.049292816333254615,0.0
peptide_std__P07711,0.04927746949953007,0.0
lag1__peptide_count__P02747,0.04923590680651552,0.0
lag1__peptide_std__P16035,0.049226401851120004,0.0
slope1__peptide_std__Q16270,0.04922615499266506,0.0
slope1__peptide_mean__Q9UBX5,0.04922176170356099,0.0
slope1__protein_npx__P43251,0.04919761524723982,0.0
slope1__peptide_count__P13591,0.04918923560393452,0.0
lag1__protein_npx__P02765,0.04909133408734929,0.0
delta1__peptide_std__Q96PD5,0.04905627424292625,0.0
lag1__peptide_count__P14314,0.0490474684082485,0.0
peptide_mean__P07602,0.048981349330986586,0.0
slope1__peptide_mean__P01860,0.048974744276600736,0.0
delta1__protein_npx__P04406,0.04896293213808839,0.0
slope1__protein_feature_count,0.048942361225868695,0.0
slope1__protein_missing_fraction,0.04894236122586859,0.0
slope1__peptide_std__P04180,0.04889837547851736,0.0
slope1__peptide_mean__P19021,0.04889810747337997,0.0
peptide_mean__P16035,0.048889109495297324,0.0
rollmean2__peptide_mean__O00533,0.04881009469478673,0.0
missing__peptide_std__Q9Y6R7,0.04879036441341179,0.0
lag1__peptide_log__AVGDKLPEC(UniMod_4)EADDGC(UniMod_4)PKPPEIAHGYVEHSVR,0.04874782882925877,0.0
missing__peptide_std__Q9NQ79,0.04874075763845639,0.0
delta1__peptide_std__P00738,0.04870401361957692,0.0
delta1__peptide_mean__P20933,0.04869441204814376,0.0
lag1__peptide_mean__P24592,0.048663565579627914,0.0
peptide_mean__Q15904,0.04865952994319786,0.0
delta1__peptide_mean__P02675,0.04856124996633803,0.0
lag1__peptide_std__P01860,0.04855558299232517,0.0
slope1__peptide_mean__P49908,0.04854610691238776,0.0
rollmean2__protein_npx__P61278,0.04849939885170506,0.0
slope1__peptide_count__P07998,0.04845333157635263,0.0
peptide_std__P07339,0.048437639044906576,0.0
rollmean2__peptide_mean__P01033,0.048420381058190146,0.0
delta1__protein_npx__P20933,0.04841440160936577,0.0
delta1__peptide_log__KVEQAVETEPEPELR,0.04840152627037342,0.0
slope1__peptide_mean__P05155,0.0483965218598441,0.0
lag1__protein_npx__P36980,0.048318119138440724,0.0
rollmean2__peptide_mean__P11142,0.04820234317056457,0.0
protein_npx__O14791,0.04807954047865214,0.0
peptide_mean__P49588,0.048067111972284096,0.0
protein_npx__P19652,0.048049401877604744,0.0
rollmean2__peptide_log__DSGEGDFLAEGGGVR,0.048045872616013466,0.0
lag1__peptide_mean__P07602,0.048044941644569385,0.0
rollmean2__protein_npx__P08697,0.04802438413568078,0.0
peptide_mean__P07711,0.04801684937344411,0.0
missing__protein_npx__P00746,0.048009771198090676,0.0
missing__peptide_count__P00746,0.048009771198090676,0.0
missing__peptide_mean__P00746,0.048009771198090676,0.0
rollmean2__peptide_count__P16870,0.04795065860063089,0.0
lag1__peptide_mean__Q6UXB8,0.04792740569970345,0.0
delta1__peptide_mean__P00747,0.0479260619422138,0.0
lag1__peptide_count__P61769,0.04791017733318468,0.0
rollmean2__peptide_count__Q14624,0.04789672396834033,0.0
delta1__peptide_count__P02750,0.04780916436959046,0.0
rollmean2__peptide_mean__P16070,0.04777030933916727,0.0
lag1__protein_npx__P04216,0.04774661003438947,0.0
delta1__protein_npx__P40925,0.047650951186632574,0.0
delta1__peptide_std__P02675,0.047628107484577624,0.0
delta1__peptide_mean__P10909,0.047614279012664004,0.0
rollmean2__peptide_mean__P00738,0.04759470695998252,0.0
delta1__protein_npx__Q9Y646,0.04758722006737089,0.0
slope1__peptide_log__SC(UniMod_4)SPELQQK,0.04757191487091573,0.0
slope1__peptide_mean__P16152,0.04757191487091573,0.0
peptide_count__P00736,0.04751623360625184,0.0
rollmean2__protein_npx__P14174,0.047499881063182425,0.0
rollmean2__protein_npx__Q99674,0.04747681918269618,0.0
slope1__peptide_mean__P04180,0.04744299624504118,0.0
lag1__protein_npx__P02675,0.04734107293296017,0.0
lag1__protein_npx__P01717,0.04732342128597783,0.0
slope1__protein_npx__Q8IWV7,0.04731969502200257,0.0
lag1__protein_npx__Q92520,0.04731293404659288,0.0
rollmean2__peptide_mean__P02748,0.04728804973503754,0.0
delta1__peptide_std__P02749,0.04728169073780235,0.0
peptide_std__P14618,0.04721627328162913,0.0
slope1__peptide_log__AVGDKLPEC(UniMod_4)EADDGC(UniMod_4)PKPPEIAHGYVEHSVR,0.047199646707165206,0.0
lag1__protein_npx__P01011,0.04719435331256596,0.0
protein_npx__P20774,0.047179501877717446,0.0
delta1__peptide_mean__Q99683,0.047151105640909366,0.0
delta1__protein_npx__Q06481,0.04714565501605655,0.0
delta1__peptide_std__Q06481,0.04713468755628455,0.0
slope1__protein_npx__P01621,0.04710313378187823,0.0
slope1__peptide_std__P23142,0.047086540141524386,0.0
peptide_std__P01859,0.04700299818857729,0.0
peptide_log__LGADMEDVC(UniMod_4)GR,0.04697901970327756,0.0
peptide_count__P43121,0.04688887797878468,0.0
peptide_log__FNKPFVFLM(UniMod_35)IEQNTK,0.04686837767565136,0.0
delta1__peptide_mean__Q9NYU2,0.04686227356543359,0.0
lag1__peptide_count__Q12841,0.046852352824862824,0.0
delta1__protein_npx__P98160,0.046833636168370114,0.0
missing__protein_npx__Q13283,0.046817347600591544,0.0
missing__peptide_count__Q13283,0.046817347600591544,0.0
missing__peptide_mean__Q13283,0.046817347600591544,0.0
rollmean2__protein_npx__Q92876,0.04679246212241115,0.0
delta1__peptide_std__P27169,0.046777283284277736,0.0
lag1__protein_npx__P05155,0.046732644029203074,0.0
missing__peptide_count__Q8NE71,0.04671793265616645,0.0
missing__peptide_mean__Q8NE71,0.04671793265616645,0.0
missing__protein_npx__Q8NE71,0.04671793265616645,0.0
slope1__protein_npx__P23142,0.04671219148239411,0.0
lag1__peptide_mean__O00391,0.046697453089325276,0.0
delta1__protein_npx__Q8N2S1,0.04667774285668298,0.0
delta1__peptide_std__P17174,0.046658325664402554,0.0
delta1__protein_npx__P11277,0.046647013893695896,0.0
delta1__protein_npx__P04216,0.04660609342739162,0.0
lag1__peptide_std__P08697,0.046597102703644935,0.0
delta1__peptide_mean__Q6UXD5,0.04657622850224826,0.0
missing__peptide_log__C(UniMod_4)VDVDEC(UniMod_4)APPAEPC(UniMod_4)GK,0.0465394076132306,0.0
delta1__protein_npx__P49908,0.046539338136398385,0.0
delta1__protein_npx__Q99683,0.04652751982458598,0.0
lag1__protein_npx__P01033,0.04650485554751623,0.0
peptide_log__C(UniMod_4)DSSPDSAEDVRK,0.04649276059384313,0.0
rollmean2__peptide_count__O15394,0.0464439185886563,0.0
peptide_log__DASGVTFTWTPSSGK,0.04635948111018125,0.0
delta1__peptide_std__P04217,0.046315303895765714,0.0
lag1__protein_npx__P02760,0.04630120442084073,0.0
delta1__protein_npx__P25311,0.04627341841866221,0.0
delta1__peptide_count__Q92520,0.046227101842676324,0.0
peptide_mean__Q96KN2,0.04620350236192468,0.0
lag1__protein_npx__Q9BY67,0.04613403210549315,0.0
rollmean2__protein_npx__P07195,0.04612055335969502,0.0
lag1__peptide_std__P17174,0.0461083966963226,0.0
rollmean2__peptide_count__Q16270,0.04606186053867995,0.0
lag1__peptide_std__P04004,0.04603636559452593,0.0
lag1__protein_npx__Q13449,0.046030805658065284,0.0
peptide_mean__P08253,0.046010223810355674,0.0
protein_npx__P30086,0.04600223048057624,0.0
slope1__peptide_abundance_max,0.04589913569426292,0.0
delta1__peptide_mean__P01876,0.04588996906344183,0.0
rollmean2__protein_npx__P55290,0.04587080195174731,0.0
delta1__peptide_count__P05090,0.04586485098385427,0.0
slope1__protein_npx__P05546,0.045845199898191226,0.0
delta1__peptide_mean__P31997,0.045828388836918414,0.0
protein_npx__Q99674,0.04578119777192892,0.0
rollmean2__peptide_log__VDNALQSGNSQESVTEQDSKDSTYSLSSTLTLSK,0.04571991584837923,0.0
rollmean2__peptide_mean__P49588,0.045717608137339626,0.0
delta1__peptide_log__NPDSSTTGPWC(UniMod_4)YTTDPTVR,0.045681793453805276,0.0
delta1__peptide_log__GEVQAMLGQSTEELRVR,0.045628113521858304,0.0
delta1__protein_npx__Q6UXB8,0.04560580238376663,0.0
lag1__peptide_log__QKVEPLRAELQEGAR,0.04560302570117995,0.0
delta1__peptide_std__P02679,0.04552110190961869,0.0
slope1__protein_npx__Q16270,0.04551434433862281,0.0
slope1__peptide_log__MYYSAVDPTKDIFTGLIGPM(UniMod_35)K,0.045494125391523976,0.0
delta1__peptide_std__P16070,0.04549014208787906,0.0
lag1__protein_npx__Q92876,0.04544101442340837,0.0
missing__peptide_std__P20774,0.04543083718076591,0.0
slope1__peptide_mean__P13611,0.0453868780037474,0.0
rollmean2__protein_missing_fraction,0.04536898760322218,0.0
rollmean2__protein_feature_count,0.04536898760322147,0.0
slope1__peptide_mean__P00751,0.04535984010559421,0.0
slope1__protein_npx__P16152,0.04533345324560086,0.0
delta1__peptide_log__YYWGGQYTWDMAK,0.04532246898184566,0.0
delta1__peptide_count__O75144,0.045280924564788064,0.0
lag1__protein_npx__P24592,0.04524842673237235,0.0
rollmean2__peptide_log__TLLSNLEEAKK,0.0452455557271148,0.0
peptide_std__P18065,0.04524195984806165,0.0
lag1__peptide_std__P02751,0.04521581083223174,0.0
lag1__protein_npx__P04196,0.04517592767561566,0.0
rollmean2__peptide_std__P05060,0.04517272516582333,0.0
delta1__peptide_log__AKLEEQAQQIR,0.0451062482268421,0.0
lag1__peptide_log__KAADDTWEPFASGK,0.04508305963665185,0.0
delta1__peptide_log__QWAGLVEK,0.04507352568306186,0.0
rollmean2__peptide_mean__P25311,0.045072620576408325,0.0
rollmean2__peptide_mean__Q96BZ4,0.04506552925207707,0.0
rollmean2__protein_npx__P14618,0.04505674021850456,0.0
delta1__protein_npx__Q9UBX5,0.045054196582429366,0.0
delta1__peptide_mean__P16152,0.045049291684670145,0.0
delta1__peptide_log__SC(UniMod_4)SPELQQK,0.045049291684670145,0.0
slope1__protein_npx__P01859,0.045043185651049214,0.0
rollmean2__peptide_count__P16035,0.04501390731578023,0.0
delta1__protein_npx__Q13449,0.0450120163128704,0.0
peptide_mean__P05156,0.04498597982060946,0.0
peptide_log__LPPTSAHGNVAEGETKPDPDVTER,0.0449845927062789,0.0
missing__peptide_log__VTSIQDWVQK,0.04497627965093623,0.0
slope1__protein_npx__Q06481,0.0449741921796318,0.0
peptide_log__AKLEEQAQQIR,0.04495708515118061,0.0
rollmean2__peptide_mean__O15394,0.04488369245879314,0.0
slope1__peptide_log__SC(UniMod_4)DTPPPC(UniMod_4)PR,0.04486407078973454,0.0
slope1__protein_npx__P01877,0.04485457614468439,0.0
slope1__peptide_log__C(UniMod_4)VDVDEC(UniMod_4)APPAEPC(UniMod_4)GK,0.04484378357305635,0.0
lag1__protein_npx__P61278,0.044820908551124944,0.0
delta1__peptide_std__P43121,0.04479863319072731,0.0
peptide_count__P02748,0.04478850287120279,0.0
delta1__peptide_count__P04004,0.04476360660426997,0.0
rollmean2__peptide_log__C(UniMod_4)TSTGWIPAPR,0.044740471481825396,0.0
peptide_mean__P61626,0.04473933637190126,0.0
lag1__peptide_mean__Q92520,0.04471633906854436,0.0
rollmean2__peptide_log__VQAAVGTSAAPVPSDNH,0.04470458600099452,0.0
delta1__peptide_mean__P01857,0.044690949646318597,0.0
delta1__peptide_mean__P01834,0.04468783144606672,0.0
slope1__peptide_log__VDNALQSGNSQESVTEQDSKDSTYSLSSTLTLSK,0.04468359480522073,0.0
slope1__peptide_mean__P07225,0.0446717501613464,0.0
slope1__peptide_std__P08294,0.044588870228859906,0.0
delta1__protein_npx__O60888,0.04456601107235317,0.0
slope1__peptide_mean__P00734,0.044544060928015994,0.0
lag1__protein_npx__O94919,0.04450234057445267,0.0
lag1__peptide_mean__P01023,0.0443830846167229,0.0
delta1__protein_npx__P07711,0.04436966344575375,0.0
peptide_mean__Q99674,0.044356170312066005,0.0
rollmean2__protein_npx__P04433,0.04433553821071679,0.0
delta1__peptide_count__P98160,0.044318934149643996,0.0
slope1__peptide_mean__Q13449,0.04431219448730958,0.0
delta1__peptide_mean__P08133,0.044311981771918627,0.0
missing__peptide_count__Q9UBX5,0.04422811901556194,0.0
missing__peptide_mean__Q9UBX5,0.04422811901556194,0.0
missing__protein_npx__Q9UBX5,0.04422811901556194,0.0
protein_npx__P14618,0.0442185304152828,0.0
delta1__peptide_count__P27169,0.04421476785317767,0.0
slope1__peptide_log__AKLEEQAQQIR,0.04420776207377633,0.0
slope1__peptide_mean__P20774,0.04419756230863281,0.0
lag1__peptide_std__P02647,0.044197519512972225,0.0
delta1__peptide_count__P05452,0.044195497198708085,0.0
delta1__peptide_mean__Q99435,0.044181363102745196,0.0
slope1__peptide_mean__P02751,0.044180737342823094,0.0
peptide_mean__Q08380,0.04414622054751738,0.0
lag1__peptide_mean__P04406,0.04410974711132398,0.0
delta1__protein_npx__P02655,0.044100659614227884,0.0
delta1__protein_npx__Q02818,0.044100420735441494,0.0
lag1__protein_npx__Q02818,0.044095642970829345,0.0
slope1__peptide_mean__P41222,0.044076284923445716,0.0
delta1__peptide_mean__Q14624,0.044057605334354766,0.0
slope1__peptide_count__P00751,0.04405454979236977,0.0
slope1__peptide_log__ATVNPSAPR,0.044023285506760844,0.0
delta1__peptide_count__Q14515,0.04401616850729023,0.0
lag1__peptide_std__P41222,0.044010204119076184,0.0
peptide_log__FM(UniMod_35)ETVAEK,0.04400110280978826,0.0
rollmean2__peptide_mean__P41222,0.04397562268322537,0.0
slope1__peptide_mean__P05452,0.04395798096796915,0.0
lag1__peptide_log__FM(UniMod_35)ETVAEK,0.0438770063040683,0.0
slope1__peptide_count__P04004,0.04387417718852757,0.0
delta1__protein_npx__O00533,0.043863760859245045,0.0
lag1__peptide_std__P30086,0.043860436349077936,0.0
protein_npx__P04207,0.043805696742787684,0.0
peptide_mean__P61769,0.043785333285322595,0.0
peptide_std__P08697,0.04370950248578086,0.0
delta1__peptide_std__P07998,0.043689631785073964,0.0
delta1__peptide_missing_fraction,0.04366279455000478,0.0
delta1__peptide_feature_count,0.04366279455000478,0.0
rollmean2__peptide_mean__P08571,0.043637837532311506,0.0
slope1__peptide_log__FLATTPNSLLVSWQPPR,0.043615806744195074,0.0
missing__peptide_mean__P49908,0.04361142236540355,0.0
missing__peptide_count__P49908,0.04361142236540355,0.0
missing__protein_npx__P49908,0.04361142236540355,0.0
slope1__peptide_count__P01042,0.04360400882307969,0.0
rollmean2__peptide_count__P08493,0.04353683969375284,0.0
peptide_mean__Q562R1,0.04347143192208626,0.0
slope1__peptide_count__O14773,0.043461852353785906,0.0
rollmean2__protein_npx__P43251,0.04344675584748373,0.0
slope1__peptide_log__AATVGSLAGQPLQER,0.04342892551909927,0.0
peptide_count__Q13740,0.04341432563193796,0.0
rollmean2__protein_npx__P13591,0.04340586150526979,0.0
lag1__peptide_mean__P08603,0.04338837647885029,0.0
lag1__peptide_mean__Q13332,0.04337602751262945,0.0
delta1__protein_npx__P07333,0.04334552655560973,0.0
peptide_mean__P02747,0.04333708504161378,0.0
slope1__peptide_count__P23142,0.043319463043342624,0.0
slope1__peptide_mean__P19652,0.04329019676433839,0.0
delta1__peptide_mean__P04275,0.04324752925882096,0.0
missing__peptide_count__P00736,0.04322844101459421,0.0
missing__protein_npx__P00736,0.04322844101459421,0.0
missing__peptide_mean__P00736,0.04322844101459421,0.0
peptide_mean__P08637,0.043226140833937936,0.0
peptide_log__LRTEGDGVYTLNNEK,0.04318372528198437,0.0
lag1__peptide_count__P05156,0.04310616389498677,0.0
lag1__peptide_log__GYQLSDVDGVTC(UniMod_4)EDIDEC(UniMod_4)ALPTGGHIC(UniMod_4)SYR,0.04309885900954621,0.0
peptide_log__VQPYLDDFQKK,0.043089987794225015,0.0
missing__peptide_mean__Q14118,0.04308872654707853,0.0
missing__protein_npx__Q14118,0.04308872654707853,0.0
missing__peptide_count__Q14118,0.04308872654707853,0.0
peptide_mean__P19823,0.04305218009421139,0.0
lag1__protein_npx__O00391,0.0430308340618644,0.0
delta1__peptide_mean__P49588,0.04301784466340074,0.0
missing__peptide_log__MTVTDQVNC(UniMod_4)PK,0.04300773076920046,0.0
lag1__peptide_std__P08603,0.04299765029639043,0.0
peptide_mean__P01023,0.042995574027018285,0.0
rollmean2__protein_npx__P05156,0.042981442548568755,0.0
protein_npx__Q12805,0.042947454001591355,0.0
rollmean2__peptide_mean__Q99674,0.042946434788552076,0.0
slope1__protein_npx__Q9NQ79,0.04293504266535276,0.0
slope1__protein_npx__P19652,0.04291180985959162,0.0
delta1__peptide_log__SGELEQEEER,0.04290596899905775,0.0
delta1__peptide_std__P19652,0.042885512808886694,0.0
missing__peptide_mean__P07333,0.042873284370353745,0.0
missing__peptide_count__P07333,0.042873284370353745,0.0
missing__protein_npx__P07333,0.042873284370353745,0.0
rollmean2__protein_npx__P54289,0.04287231929223281,0.0
rollmean2__peptide_count__Q14118,0.04285193170311393,0.0
lag1__peptide_count__O00533,0.042804843149314604,0.0
lag1__peptide_log__VDNALQSGNSQESVTEQDSKDSTYSLSSTLTLSK,0.042797784145295344,0.0
lag1__peptide_count__Q12805,0.04278894365813819,0.0
delta1__protein_npx__P16070,0.042680867606084534,0.0
delta1__peptide_mean__Q13740,0.04262755037024822,0.0
peptide_log__QQETAAAETETR,0.04259719903605234,0.0
slope1__peptide_log__LDEVKEQVAEVR,0.04253339491663403,0.0
delta1__peptide_mean__Q12805,0.0425006580074074,0.0
lag1__protein_npx__P05546,0.042471171189757406,0.0
rollmean2__peptide_count__P09871,0.04241424083192896,0.0
delta1__protein_npx__Q6UX71,0.042399337008911256,0.0
slope1__peptide_mean__O94919,0.04239097775365493,0.0
peptide_mean__P10909,0.04228880422827393,0.0
rollmean2__peptide_log__MYYSAVDPTKDIFTGLIGPM(UniMod_35)K,0.04228225727925169,0.0
slope1__peptide_std__Q12841,0.04226502897794589,0.0
peptide_mean__P19021,0.042247613695748816,0.0
protein_npx__P10643,0.042219339176417015,0.0
slope1__protein_npx__P02656,0.042218973905517876,0.0
lag1__peptide_mean__Q13449,0.04220712848448592,0.0
rollmean2__protein_npx__P43652,0.042180836234059715,0.0
protein_npx__P07225,0.04214441681939436,0.0
slope1__peptide_std__P18065,0.04212760876760989,0.0
slope1__peptide_std__O75144,0.04211136940757527,0.0
protein_npx__Q6UXB8,0.042092495910971674,0.0
lag1__protein_npx__O14773,0.042061031115035036,0.0
slope1__peptide_count__Q06481,0.04205927152994616,0.0
delta1__peptide_mean__P02647,0.041994829779348875,0.0
delta1__peptide_mean__P13591,0.04198848374356791,0.0
slope1__peptide_count__Q14515,0.041985834227188164,0.0
peptide_mean__P00751,0.04192903839391571,0.0
peptide_std__P02760,0.04189973086229613,0.0
rollmean2__protein_npx__P05060,0.04188821884640076,0.0
delta1__peptide_std__P04433,0.04181009253624338,0.0
protein_npx__P07858,0.04175693528200043,0.0
slope1__peptide_mean__P17174,0.04172726166842976,0.0
slope1__peptide_mean__P10645,0.04172382473079775,0.0
peptide_std__O15240,0.04171677889231204,0.0
delta1__peptide_count__Q16610,0.04171654741776377,0.0
slope1__peptide_std__P00748,0.04169701849097476,0.0
lag1__peptide_std__P43652,0.04168723472555773,0.0
peptide_mean__P80748,0.04167172033399571,0.0
peptide_log__TM(UniMod_35)LLQPAGSLGSYSYR,0.04165105220447241,0.0
delta1__peptide_mean__P19652,0.041633966495442036,0.0
delta1__peptide_mean__P02747,0.04162621577239119,0.0
rollmean2__peptide_std__P05546,0.04161911578748918,0.0
slope1__protein_npx__P02748,0.04160648444655067,0.0
lag1__peptide_std__P01024,0.04156265462171932,0.0
slope1__peptide_mean__P00747,0.041561873262445294,0.0
lag1__peptide_std__Q9UHG2,0.04155425194403121,0.0
slope1__peptide_mean__P02792,0.041538299203676035,0.0
peptide_mean__P11142,0.04152670205556697,0.0
delta1__peptide_log__AYQGVAAPFPK,0.041506885442028074,0.0
peptide_std__Q12907,0.041487107186725665,0.0
slope1__peptide_mean__Q6UXD5,0.04148058335097984,0.0
delta1__peptide_mean__P04180,0.041451772760868255,0.0
rollmean2__peptide_log__FNKPFVFLM(UniMod_35)IEQNTK,0.04136189850270365,0.0
delta1__peptide_mean__Q96S96,0.04135437933550522,0.0
lag1__protein_npx__P02792,0.04134968454074656,0.0
slope1__peptide_log__SNSSM(UniMod_35)HITDC(UniMod_4)R,0.04134445923794521,0.0
peptide_mean__Q8NE71,0.041341083223170996,0.0
protein_npx__O75144,0.04131649672737934,0.0
protein_npx__Q13332,0.041315024764793394,0.0
rollmean2__peptide_log__AEAQEAEDQQAR,0.04126080750617152,0.0
rollmean2__peptide_count__P14618,0.041220608070660844,0.0
peptide_std__P01019,0.04121514645511899,0.0
peptide_log__ELSSFIDKGQELC(UniMod_4)ADYSENTFTEYK,0.041161344927877444,0.0
lag1__peptide_mean__O15240,0.04115541406072086,0.0
missing__peptide_std__Q92823,0.04114971954860817,0.0
rollmean2__peptide_log__C(UniMod_4)VDVDEC(UniMod_4)APPAEPC(UniMod_4)GK,0.04114892386757408,0.0
delta1__peptide_mean__P43251,0.04113261564056735,0.0
lag1__protein_npx__O15240,0.04112656163126266,0.0
delta1__peptide_log__LPPTSAHGNVAEGETKPDPDVTER,0.04110278318057411,0.0
slope1__peptide_std__P43652,0.041089186915727674,0.0
slope1__peptide_mean__P02787,0.04104625205404279,0.0
rollmean2__peptide_std__P06681,0.041012135137713665,0.0
delta1__protein_npx__P04211,0.040997059545511076,0.0
delta1__peptide_std__P19823,0.040993159047767694,0.0
rollmean2__protein_npx__Q14624,0.04098786768426313,0.0
rollmean2__protein_npx__Q9UNU6,0.04097857930609716,0.0
lag1__protein_npx__O00533,0.04095873880914218,0.0
delta1__protein_npx__P10645,0.04094186842899484,0.0
lag1__peptide_log__NPDPWAK,0.04093571827322509,0.0
delta1__peptide_mean__P02768,0.04092580004324227,0.0
slope1__peptide_mean__P04207,0.0408898319727768,0.0
lag1__protein_npx__P06681,0.04087542595287381,0.0
rollmean2__peptide_mean__P02787,0.04084223524241647,0.0
rollmean2__peptide_mean__P55290,0.04079715613721796,0.0
missing__peptide_mean__P20933,0.04078717407725915,0.0
missing__protein_npx__P20933,0.04078717407725915,0.0
missing__peptide_count__P20933,0.04078717407725915,0.0
slope1__protein_npx__Q9Y6R7,0.040764543496301736,0.0
slope1__peptide_count__P06396,0.04075799226240705,0.0
peptide_count__Q14515,0.04075370009292813,0.0
rollmean2__peptide_log__LGADMEDVC(UniMod_4)GR,0.04072083097537059,0.0
peptide_mean__Q92823,0.04071143725555287,0.0
lag1__protein_npx__P10451,0.04068401125189113,0.0
delta1__protein_npx__P23083,0.04066464861383497,0.0
delta1__peptide_count__P01024,0.04062927690247989,0.0
delta1__peptide_count__P05155,0.04061906533852939,0.0
protein_npx__P05156,0.04057184403122106,0.0
lag1__peptide_count__P16870,0.04056021640097024,0.0
rollmean2__peptide_std__P16035,0.040542541087599644,0.0
slope1__peptide_std__Q08380,0.0405157075854451,0.0
slope1__peptide_count__Q92520,0.04049988778034661,0.0
protein_npx__P11142,0.040492474778813584,0.0
lag1__peptide_log__ILLQGTPVAQMTEDAVDAER,0.04043664049950961,0.0
rollmean2__peptide_mean__P18065,0.04043013577429443,0.0
slope1__protein_npx__P13591,0.040414010714922094,0.0
lag1__peptide_log__IHWESASLLR,0.04038161394722277,0.0
slope1__peptide_log__M(UniMod_35)YLGYEYVTAIR,0.04035574982010299,0.0
protein_npx__P54289,0.040327844715821015,0.0
delta1__protein_npx__P19652,0.04032080104173046,0.0
rollmean2__peptide_mean__P01034,0.040320703686540026,0.0
slope1__peptide_mean__P02452,0.04031926233667656,0.0
protein_npx__Q16270,0.04028610951782477,0.0
peptide_log__SLAELGGHLDQQVEEFRR,0.04025669395182733,0.0
lag1__peptide_mean__P00746,0.040233651715716315,0.0
rollmean2__peptide_std__P02679,0.04022180101977,0.0
rollmean2__protein_npx__P10909,0.04022064415130954,0.0
rollmean2__peptide_std__P09486,0.04020614944079673,0.0
lag1__peptide_log__DSGFQM(UniMod_35)NQLR,0.04018496625781397,0.0
peptide_std__P02452,0.040171235977733706,0.0
slope1__peptide_std__P20774,0.040156632948407954,0.0
delta1__peptide_log__VKDLATVYVDVLK,0.04015339356536217,0.0
lag1__protein_npx__Q8NBJ4,0.0400817313997892,0.0
missing__peptide_std__O15394,0.040080671932753685,0.0
delta1__peptide_std__P01019,0.040066061645279226,0.0
lag1__protein_npx__P12109,0.04005897214916462,0.0
slope1__peptide_std__P02675,0.04001711574821624,0.0
delta1__protein_npx__P55290,0.04001396744585725,0.0
peptide_mean__Q12805,0.04001389059261966,0.0
delta1__peptide_mean__P02748,0.03999494782345736,0.0
missing__peptide_count__Q99969,0.03996122379641253,0.0
missing__peptide_mean__Q99969,0.03996122379641253,0.0
missing__protein_npx__Q99969,0.03996122379641253,0.0
peptide_mean__O14791,0.03995893476970229,0.0
missing__peptide_log__HYTNPSQDVTVPC(UniMod_4)PVPPPPPC(UniMod_4)C(UniMod_4)HPR,0.03991110350580473,0.0
rollmean2__peptide_mean__P06727,0.03981946810571627,0.0
protein_npx__P13591,0.0398010574510926,0.0
lag1__protein_npx__P02790,0.03976831825548609,0.0
peptide_mean__P02765,0.039748286498312205,0.0
peptide_log__VQAAVGTSAAPVPSDNH,0.03973897655105292,0.0
slope1__peptide_mean__P23142,0.03966096680011764,0.0
lag1__peptide_std__P24592,0.03964480644076761,0.0
lag1__peptide_log__AEAQEAEDQQAR,0.03960389096611614,0.0
rollmean2__peptide_log__KAADDTWEPFASGK,0.039563824028485725,0.0
lag1__peptide_log__SGELEQEEER,0.03954616650860351,0.0
delta1__peptide_count__Q9Y6R7,0.03953488722467726,0.0
delta1__peptide_std__P08571,0.0394786615741402,0.0
delta1__peptide_count__Q12841,0.03946455142523015,0.0
protein_npx__P55290,0.03943728102153112,0.0
slope1__peptide_count__P17174,0.039430613497058335,0.0
missing__peptide_std__P04075,0.03940889198515183,0.0
peptide_mean__P04275,0.0393970552950815,0.0
peptide_std__P02747,0.0393739541165725,0.0
rollmean2__peptide_mean__P51884,0.03936963001020552,0.0
rollmean2__peptide_std__P09871,0.03936371435704878,0.0
slope1__peptide_log__AATGEC(UniMod_4)TATVGKR,0.03935858767760526,0.0
rollmean2__peptide_count__P02679,0.03935182424606198,0.0
rollmean2__peptide_count__P00734,0.039341199903180385,0.0
rollmean2__peptide_log__QQETAAAETETR,0.03934105319804014,0.0
delta1__peptide_mean__P01780,0.03933255454514817,0.0
missing__peptide_std__P06681,0.03933154614983097,0.0
protein_npx__O00391,0.0392916706727762,0.0
rollmean2__protein_npx__P04216,0.0392875382775907,0.0
rollmean2__peptide_mean__P08603,0.03927792850079914,0.0
rollmean2__peptide_log__MTVTDQVNC(UniMod_4)PK,0.039269118449739786,0.0
slope1__peptide_count__P43121,0.03921600513984316,0.0
delta1__peptide_mean__P04216,0.03920493800694525,0.0
protein_npx__P13611,0.03920339120537542,0.0
slope1__peptide_count__P02656,0.03919519752018897,0.0
rollmean2__protein_npx__Q8N2S1,0.039177190757339955,0.0
rollmean2__protein_npx__P00748,0.039130156882658286,0.0
slope1__peptide_count__P04196,0.03906457561656679,0.0
protein_npx__P24592,0.03905909314127341,0.0
rollmean2__protein_npx__P24592,0.039048681086964514,0.0
delta1__peptide_mean__P35542,0.03894748666343691,0.0
slope1__peptide_std__P55290,0.03893714826274144,0.0
lag1__peptide_log__RLEGQEEEEDNRDSSMK,0.03890628303297893,0.0
delta1__peptide_count__P43652,0.038890648560114885,0.0
slope1__protein_npx__P02655,0.03885582080679564,0.0
slope1__peptide_mean__Q562R1,0.03884422907141822,0.0
lag1__peptide_mean__P04433,0.03883473786526206,0.0
delta1__protein_npx__P01780,0.03879434047682094,0.0
delta1__peptide_mean__Q9UBX5,0.03877631191998788,0.0
protein_npx__Q9Y6R7,0.038737296945512235,0.0
lag1__protein_npx__Q16270,0.038725297678083755,0.0
rollmean2__peptide_std__P08294,0.038718190415191915,0.0
delta1__peptide_count__P02671,0.03867470104874372,0.0
protein_npx__P01876,0.03863692897530107,0.0
slope1__protein_npx__P02760,0.038631246634244464,0.0
delta1__peptide_count__P02766,0.038498030105444773,0.0
lag1__peptide_mean__P00738,0.0383664875141217,0.0
delta1__peptide_mean__P49908,0.03829622566927443,0.0
rollmean2__protein_npx__P61626,0.03822818819616478,0.0
delta1__peptide_count__Q14624,0.03818510545990923,0.0
slope1__protein_npx__Q12805,0.03814886586564852,0.0
protein_npx__P01860,0.03813790634008637,0.0
rollmean2__peptide_count__Q12841,0.03813659795168272,0.0
peptide_count__P36222,0.0381332284122269,0.0
rollmean2__protein_npx__P02787,0.03810870441238525,0.0
peptide_count__P02750,0.038107921949939484,0.0
lag1__peptide_mean__P01780,0.038042832833116394,0.0
lag1__protein_npx__P04156,0.03800914846144825,0.0
delta1__peptide_log__DLATVYVDVLK,0.03796267619979142,0.0
slope1__peptide_std__Q9UBX5,0.037921826500649514,0.0
lag1__protein_npx__P02655,0.03791204830715029,0.0
lag1__protein_npx__P09486,0.037885656193306624,0.0
slope1__peptide_log__QIGSVYR,0.037840553208517425,0.0
delta1__peptide_std__O00584,0.03784036009780471,0.0
rollmean2__peptide_count__P00736,0.03782674840444792,0.0
delta1__protein_npx__P54289,0.03778485623255697,0.0
missing__peptide_log__RTPITVVK,0.037769559794124524,0.0
rollmean2__peptide_mean__Q99683,0.037730028456023856,0.0
rollmean2__peptide_mean__P05452,0.03770629718000732,0.0
slope1__peptide_count__P02790,0.03770012961342901,0.0
lag1__months_since_baseline,0.03768580874308963,0.0
peptide_count__P05090,0.03766844574995061,0.0
rollmean2__peptide_count__P04075,0.03763613609772,0.0
delta1__peptide_mean__P07858,0.03760084189251809,0.0
protein_npx__P01621,0.03754911885097736,0.0
peptide_count__Q14624,0.03751711387500889,0.0
slope1__peptide_count__P04075,0.03750392038048566,0.0
missing__protein_npx__O94919,0.03748625081567282,0.0
missing__peptide_count__O94919,0.03748625081567282,0.0
missing__peptide_mean__O94919,0.03748625081567282,0.0
delta1__protein_npx__P08123,0.037460145134346645,0.0
peptide_count__Q9NQ79,0.0374152694694034,0.0
peptide_log__SPVGVQPILNEHTFC(UniMod_4)AGMSK,0.03735993597970664,0.0
slope1__protein_npx__Q14624,0.03725385675991067,0.0
missing__protein_npx__P30086,0.037190706505896565,0.0
missing__peptide_count__P30086,0.037190706505896565,0.0
missing__peptide_mean__P30086,0.037190706505896565,0.0
peptide_mean__Q99683,0.03714791951306829,0.0
delta1__peptide_count__O15240,0.037113337566449654,0.0
peptide_mean__P01034,0.0371066556205213,0.0
rollmean2__protein_npx__P01008,0.03707242927386761,0.0
peptide_mean__P06310,0.037062150907506405,0.0
missing__peptide_count__P00441,0.03706156470383592,0.0
missing__peptide_mean__P00441,0.03706156470383592,0.0
missing__protein_npx__P00441,0.03706156470383592,0.0
delta1__has_previous_visit,0.03702863401037043,0.0
lag1__has_previous_visit,0.037028634010370376,0.0
missing__protein_npx__P01591,0.036978979643641184,0.0
missing__peptide_count__P01591,0.036978979643641184,0.0
missing__peptide_mean__P01591,0.036978979643641184,0.0
slope1__peptide_count__P02750,0.03697894306002515,0.0
peptide_log__RTPITVVK,0.03695334600536342,0.0
lag1__peptide_std__Q12841,0.03694891920691449,0.0
rollmean2__protein_npx__P01023,0.03693194167307754,0.0
delta1__peptide_log__GSPAINVAVHVFRK,0.03691968863987817,0.0
lag1__peptide_count__P00736,0.036918853743282,0.0
delta1__protein_npx__P05067,0.036874846802718526,0.0
peptide_mean__P32754,0.03686165496429177,0.0
missing__peptide_log__LGPLVEQGRVR,0.036841842804280815,0.0
slope1__peptide_log__SPVGVQPILNEHTFC(UniMod_4)AGMSK,0.03682795754018985,0.0
peptide_std__O75144,0.03681734453785753,0.0
missing__peptide_std__P54289,0.03675454585549097,0.0
lag1__peptide_count__P39060,0.03671603066885865,0.0
slope1__protein_npx__Q6UXD5,0.036697294389267485,0.0
missing__peptide_std__Q16610,0.03667439406942874,0.0
delta1__peptide_mean__P04196,0.03667389645460532,0.0
delta1__peptide_count__P09871,0.03662865349493706,0.0
delta1__protein_npx__P00734,0.036611659759306435,0.0
delta1__protein_npx__P06454,0.03656110773643634,0.0
lag1__peptide_std__P02750,0.036533096013558905,0.0
rollmean2__peptide_std__Q9UHG2,0.036468727579358935,0.0
lag1__peptide_mean__P02792,0.036465290995994326,0.0
peptide_count__P01877,0.03644878064796646,0.0
slope1__peptide_std__P00441,0.03644700735067569,0.0
rollmean2__protein_npx__P02766,0.036350085651291934,0.0
slope1__peptide_mean__P08571,0.03627711537026111,0.0
lag1__peptide_count__P00734,0.03623836144163098,0.0
rollmean2__peptide_log__M(UniMod_35)ASGAANVVGPK,0.03618692401115256,0.0
lag1__protein_npx__Q7Z5P9,0.036170696267379183,0.0
peptide_mean__P08493,0.0361592423832265,0.0
missing__peptide_count__Q9Y646,0.03615787194073648,0.0
missing__peptide_mean__Q9Y646,0.03615787194073648,0.0
missing__protein_npx__Q9Y646,0.03615787194073648,0.0
slope1__peptide_count__P07225,0.03611213026403312,0.0
lag1__protein_npx__Q9UHG2,0.03607792690722183,0.0
slope1__protein_npx__P30086,0.03605752102654683,0.0
slope1__protein_npx__P01594,0.03605363448956704,0.0
peptide_mean__P04217,0.0360525725960499,0.0
delta1__peptide_count__Q12805,0.03599203103121832,0.0
slope1__peptide_mean__P06681,0.03594693935387639,0.0
slope1__peptide_mean__P02749,0.035892136188952956,0.0
protein_npx__P36980,0.03588286191887621,0.0
protein_npx__P06310,0.03587456934581257,0.0
protein_npx__P02652,0.0358712231551443,0.0
peptide_count__P02787,0.035839051735333305,0.0
peptide_mean__P02749,0.03582754831716841,0.0
protein_npx__P00747,0.03581130469284602,0.0
delta1__peptide_count__P01008,0.03572777102027352,0.0
slope1__protein_npx__P08603,0.03572615621609407,0.0
rollmean2__protein_npx__P02671,0.03567808872558981,0.0
rollmean2__peptide_count__Q9UBX5,0.035658415009556764,0.0
delta1__peptide_log__SGEATDGARPQALPEPMQESK,0.03560717149463762,0.0
peptide_mean__P20933,0.035587261290151724,0.0
slope1__peptide_mean__P01594,0.03553224465796602,0.0
rollmean2__peptide_mean__Q9UKV8,0.035507139133408784,0.0
lag1__protein_npx__P04207,0.03548719971543445,0.0
peptide_mean__P02787,0.03547227266460631,0.0
peptide_mean__P01031,0.03544562566478794,0.0
rollmean2__peptide_mean__P23142,0.03541216888757107,0.0
slope1__peptide_count__P01859,0.03541078807545277,0.0
peptide_mean__Q13283,0.03539642026190497,0.0
slope1__protein_npx__O75326,0.03538835149733173,0.0
slope1__protein_npx__P01717,0.03538782996649916,0.0
lag1__peptide_count__P12109,0.035377713921198484,0.0
lag1__peptide_std__P05155,0.03530960815303419,0.0
delta1__protein_npx__P01008,0.0352951649104721,0.0
lag1__peptide_mean__Q8NBJ4,0.03528425483605694,0.0
delta1__protein_npx__Q99435,0.03528024816013086,0.0
peptide_count__Q92823,0.035271494080182444,0.0
rollmean2__protein_npx__Q8NE71,0.03525989953426299,0.0
rollmean2__peptide_mean__P09486,0.03525846238203913,0.0
peptide_log__IMNGEADAMSLDGGFVYIAGK,0.03525576821855102,0.0
rollmean2__protein_npx__P02765,0.03524905321803037,0.0
lag1__peptide_mean__O14791,0.035230387621874505,0.0
slope1__peptide_log__C(UniMod_4)SYTEDAQC(UniMod_4)IDGTIEVPK,0.03522742752241654,0.0
lag1__protein_npx__P01859,0.0352121663832128,0.0
delta1__peptide_std__P00441,0.03520492680141607,0.0
lag1__peptide_log__HGGLYHENMR,0.035180119137750133,0.0
delta1__peptide_std__P01023,0.03516630753779806,0.0
rollmean2__peptide_log__VQPYLDDFQKK,0.03509778259845835,0.0
lag1__protein_npx__Q9Y6R7,0.035065464160117035,0.0
slope1__peptide_std__P10909,0.035051222145158656,0.0
slope1__current_updrs_2,0.035040554315153224,0.0
slope1__peptide_log__KVEQAVETEPEPELR,0.035029915554942725,0.0
peptide_log__C(UniMod_4)C(UniMod_4)VEC(UniMod_4)PPC(UniMod_4)PAPPVAGPSVFLFPPKPK,0.03502168085685736,0.0
rollmean2__peptide_count__P10645,0.03500455865336148,0.0
peptide_mean__Q9BY67,0.034972630539286405,0.0
lag1__peptide_log__C(UniMod_4)DSSPDSAEDVRK,0.03497211936759509,0.0
lag1__peptide_log__SEALAVDGAGKPGAEEAQDPEGK,0.0348661479307736,0.0
peptide_log__SC(UniMod_4)DTPPPC(UniMod_4)PR,0.03486310156648903,0.0
delta1__protein_npx__Q92823,0.03485738518635709,0.0
peptide_log__RLEGQEEEEDNRDSSMK,0.03485552734586911,0.0
delta1__protein_npx__O15240,0.0348394275276641,0.0
slope1__peptide_std__P05156,0.03483480175730136,0.0
slope1__protein_npx__Q92823,0.03482760231868302,0.0
delta1__peptide_count__P00441,0.03481970872581761,0.0
rollmean2__protein_npx__P04004,0.03478910630127774,0.0
lag1__protein_npx__P05452,0.03477736082980286,0.0
rollmean2__peptide_count__Q08380,0.03475571877756037,0.0
peptide_count__P02760,0.034736015792708276,0.0
slope1__protein_npx__P05090,0.03470582245700237,0.0
peptide_mean__Q9UHG2,0.03469895879063725,0.0
peptide_std__P16035,0.034654639279702214,0.0
slope1__peptide_count__O15394,0.03464057919539661,0.0
lag1__peptide_log__VLLDQLR,0.03461558775571457,0.0
lag1__peptide_mean__Q9HDC9,0.03461558775571457,0.0
slope1__peptide_mean__P01034,0.034572651611262536,0.0
rollmean2__peptide_log__YIVSGTPTFVPYLIK,0.03457054031364979,0.0
lag1__peptide_count__Q08380,0.034532236853451005,0.0
slope1__peptide_mean__P39060,0.03450632319328677,0.0
protein_npx__Q8NE71,0.03446222151281567,0.0
rollmean2__protein_npx__P11142,0.03444821775338742,0.0
slope1__peptide_count__P04217,0.03442617136722667,0.0
peptide_std__P01877,0.034424356321044645,0.0
rollmean2__protein_npx__P19652,0.03439523974770412,0.0
slope1__peptide_mean__Q7Z3B1,0.03439499623609574,0.0
slope1__peptide_std__P02763,0.034380722693665246,0.0
slope1__protein_npx__Q13451,0.03437540710138513,0.0
lag1__peptide_mean__Q12907,0.03434621698334116,0.0
slope1__peptide_mean__P16070,0.03434307867467805,0.0
peptide_log__FLATTPNSLLVSWQPPR,0.03432343439640851,0.0
slope1__peptide_std__P01009,0.034280139238457574,0.0
peptide_log__M(UniMod_35)ASGAANVVGPK,0.034275516195011416,0.0
slope1__protein_npx__P00738,0.034233831922474436,0.0
lag1__peptide_mean__P98160,0.03420377902304189,0.0
peptide_log__LEGQEEEEDNRDSSMK,0.03409330042357308,0.0
rollmean2__peptide_count__P01877,0.03409103226705551,0.0
lag1__protein_npx__Q9UKV8,0.03408798263508218,0.0
delta1__protein_npx__P01011,0.03407058897640027,0.0
lag1__peptide_mean__P05090,0.03405800044879587,0.0
peptide_log__TEGDGVYTLNNEK,0.03405664216823935,0.0
slope1__protein_npx__P07602,0.03404083805845922,0.0
slope1__peptide_mean__Q14508,0.034028627455517,0.0
peptide_std__P02768,0.03402308636392163,0.0
lag1__peptide_log__TPLGDTTHTC(UniMod_4)PR,0.03398028396810003,0.0
delta1__peptide_mean__P04406,0.03396299393091569,0.0
slope1__peptide_mean__P17936,0.03395474281316067,0.0
missing__peptide_log__ILLQGTPVAQMTEDAVDAER,0.03390512557152062,0.0
delta1__protein_npx__Q08380,0.033886823248119965,0.0
slope1__protein_npx__O00584,0.03384547466506312,0.0
slope1__peptide_count__P02747,0.03384013006899539,0.0
rollmean2__protein_npx__Q99683,0.03382631512644158,0.0
delta1__peptide_log__ALGISPFHEHAEVVFTANDSGPR,0.033818074655271695,0.0
delta1__protein_npx__Q9BY67,0.0338149044163797,0.0
delta1__protein_npx__Q8IWV7,0.033800829257665546,0.0
peptide_count__P06727,0.03378386335099892,0.0
lag1__peptide_log__TEGDGVYTLNNEK,0.03377524630453765,0.0
delta1__protein_npx__P02749,0.033768369398891704,0.0
missing__peptide_std__P02763,0.033704560268999505,0.0
slope1__protein_npx__P04433,0.033641389840563286,0.0
rollmean2__protein_npx__P05408,0.03361260575977904,0.0
rollmean2__protein_npx__P01033,0.033567431271507533,0.0
slope1__peptide_log__MTVTDQVNC(UniMod_4)PK,0.03356699740646309,0.0
lag1__peptide_log__AYKSELEEQLTPVAEETR,0.0335406199428935,0.0
delta1__protein_npx__P09871,0.03353269640930113,0.0
missing__peptide_mean__P14174,0.0335287610062792,0.0
missing__protein_npx__P14174,0.0335287610062792,0.0
missing__peptide_count__P14174,0.0335287610062792,0.0
lag1__peptide_mean__P09486,0.03352022518850881,0.0
slope1__protein_npx__Q13449,0.033422832883697094,0.0
protein_npx__P16870,0.03337823032522282,0.0
lag1__peptide_mean__Q99832,0.033341505113793087,0.0
peptide_mean__Q9Y646,0.03328806743223761,0.0
slope1__peptide_mean__Q12805,0.033276171568611373,0.0
delta1__protein_npx__P10909,0.03325475294043311,0.0
delta1__peptide_std__P05546,0.03321708095617091,0.0
lag1__peptide_mean__P02749,0.03314660963429176,0.0
rollmean2__protein_npx__P61769,0.03311294423775395,0.0
rollmean2__peptide_count__P02760,0.033105707970549056,0.0
missing__peptide_log__TPVSDRVTK,0.03310017698368671,0.0
rollmean2__peptide_mean__Q8NE71,0.03302783984479477,0.0
lag1__peptide_log__LQAEAFQAR,0.03302645584423786,0.0
slope1__peptide_count__O00533,0.03300634783933452,0.0
slope1__peptide_count__O75144,0.032984016601637085,0.0
slope1__peptide_log__LSKELQAAQAR,0.03292375169787804,0.0
lag1__peptide_mean__P01031,0.032922805379758904,0.0
rollmean2__peptide_count__P01023,0.03292068336891005,0.0
delta1__peptide_log__VQPYLDDFQKK,0.03291584098318549,0.0
delta1__protein_npx__P09104,0.03290177307324558,0.0
delta1__peptide_mean__O00533,0.0328892083110921,0.0
lag1__protein_npx__Q99674,0.03288068881874042,0.0
delta1__peptide_count__P02753,0.032829697794645785,0.0
lag1__protein_npx__P01621,0.0328255326050856,0.0
rollmean2__peptide_log__LRTEGDGVYTLNNEKQWINK,0.03278987387207425,0.0
rollmean2__peptide_mean__P19827,0.03271611052136963,0.0
delta1__peptide_log__SWFEPLVEDM(UniMod_35)QR,0.03269278757275212,0.0
slope1__protein_npx__P06454,0.03267559846782213,0.0
delta1__peptide_mean__Q02818,0.032635693381202584,0.0
delta1__protein_npx__Q13451,0.03247132197161006,0.0
peptide_std__P05156,0.03244609485850916,0.0
rollmean2__peptide_mean__P02792,0.032404001973913146,0.0
rollmean2__protein_npx__P06310,0.03238762337719571,0.0
missing__peptide_log__LEGQEEEEDNRDSSMK,0.03236021709097184,0.0
peptide_mean__P08697,0.032310198665015784,0.0
lag1__peptide_mean__O94919,0.032308913188256065,0.0
missing__protein_npx__P01031,0.03228797280509331,0.0
missing__peptide_mean__P01031,0.03228797280509331,0.0
missing__peptide_count__P01031,0.03228797280509331,0.0
peptide_std__Q9UBX5,0.03224970082340208,0.0
rollmean2__peptide_count__O75144,0.03223911853184302,0.0
slope1__peptide_count__P02774,0.03220006847722013,0.0
delta1__peptide_mean__P10451,0.03216874016379432,0.0
lag1__peptide_mean__P02452,0.03213021023576894,0.0
rollmean2__peptide_log__SPVGVQPILNEHTFC(UniMod_4)AGMSK,0.032057525057996354,0.0
lag1__protein_npx__P07225,0.03205091121353466,0.0
delta1__peptide_mean__P14174,0.03204934708319094,0.0
slope1__peptide_mean__P12109,0.03203431948841926,0.0
peptide_std__Q08380,0.031999309335415116,0.0
rollmean2__peptide_log__LGPLVEQGRVR,0.03199213131844163,0.0
delta1__peptide_mean__Q14515,0.031960540875972734,0.0
missing__peptide_log__TEGDGVYTLNNEK,0.031943194303013026,0.0
slope1__peptide_log__GEVQAMLGQSTEELRVR,0.031942528414836815,0.0
lag1__peptide_log__YVMLPVADQDQC(UniMod_4)IR,0.03190213997772521,0.0
lag1__protein_npx__P01008,0.031895113852369116,0.0
slope1__protein_npx__P10645,0.031886092980171574,0.0
delta1__protein_npx__P19827,0.03185848388589543,0.0
peptide_mean__P51884,0.03179539781674919,0.0
lag1__peptide_mean__Q9BY67,0.03178471689044996,0.0
slope1__peptide_count__P08294,0.031749689234579194,0.0
peptide_count__Q96PD5,0.03174717150863862,0.0
delta1__peptide_std__P02671,0.031728035793379725,0.0
lag1__peptide_log__TSAHGNVAEGETKPDPDVTER,0.031725135149008585,0.0
rollmean2__peptide_feature_count,0.03170603608147646,0.0
rollmean2__peptide_missing_fraction,0.03170603608147623,0.0
protein_npx__P39060,0.03168853018271566,0.0
lag1__peptide_std__P18065,0.031596596252712376,0.0
slope1__peptide_mean__P02649,0.03157222356511501,0.0
rollmean2__peptide_mean__Q13283,0.031531064038411646,0.0
slope1__protein_npx__Q6UX71,0.03150231115822678,0.0
slope1__peptide_std__Q12805,0.03149460581993316,0.0
lag1__peptide_count__P02649,0.03147190087558088,0.0
missing__peptide_count__P54289,0.03142673548605239,0.0
missing__protein_npx__P54289,0.03142673548605239,0.0
missing__peptide_mean__P54289,0.03142673548605239,0.0
rollmean2__peptide_count__P19652,0.031426585123900126,0.0
missing__peptide_count__Q9NQ79,0.03132752566020918,0.0
missing__peptide_mean__Q9NQ79,0.03132752566020918,0.0
missing__protein_npx__Q9NQ79,0.03132752566020918,0.0
protein_npx__P17936,0.031296894539891755,0.0
lag1__protein_npx__Q96S96,0.03128931087170594,0.0
protein_npx__Q02818,0.031281412727670085,0.0
delta1__peptide_mean__P19823,0.03126638268174513,0.0
slope1__peptide_mean__Q9UHG2,0.031249634108892442,0.0
slope1__protein_npx__P08571,0.031226786912482582,0.0
delta1__protein_npx__P00746,0.031221280063380537,0.0
delta1__peptide_mean__P36222,0.03121025364362919,0.0
rollmean2__protein_npx__P04156,0.031204391674293643,0.0
rollmean2__protein_npx__P04207,0.031202148204507556,0.0
slope1__protein_npx__P49908,0.031189429684386358,0.0
rollmean2__peptide_count__P07602,0.031054471011791384,0.0
missing__peptide_count__P43121,0.03098778503748267,0.0
missing__peptide_mean__P43121,0.03098778503748267,0.0
missing__protein_npx__P43121,0.03098778503748267,0.0
peptide_std__P02787,0.030956782448619317,0.0
peptide_mean__P08571,0.030955256263308396,0.0
lag1__peptide_count__P02753,0.030888629684673964,0.0
rollmean2__peptide_mean__P02655,0.030847244239481986,0.0
protein_npx__P23083,0.030847010021438696,0.0
peptide_log__LSNENHGIAQR,0.030837935457159002,0.0
rollmean2__peptide_log__LC(UniMod_4)MGSGLNLC(UniMod_4)EPNNKEGYYGYTGAFR,0.030831725139021573,0.0
rollmean2__peptide_mean__P11277,0.03074999901292668,0.0
rollmean2__peptide_count__P02763,0.03073382703500584,0.0
missing__protein_npx__Q99435,0.03073115914085376,0.0
missing__peptide_mean__Q99435,0.03073115914085376,0.0
missing__peptide_count__Q99435,0.03073115914085376,0.0
delta1__protein_npx__P14314,0.030727656951516028,0.0
peptide_log__LAVYQAGAR,0.030658206034115384,0.0
peptide_log__LRTEGDGVYTLNNEKQWINK,0.030557660610817525,0.0
rollmean2__protein_npx__P16152,0.030527572115766306,0.0
slope1__peptide_mean__Q96BZ4,0.03050534064036684,0.0
delta1__peptide_mean__P19021,0.030496498757957454,0.0
rollmean2__peptide_count__P55290,0.030457311405089664,0.0
slope1__protein_npx__Q7Z5P9,0.030409175427638123,0.0
peptide_count__P24592,0.030405251013163583,0.0
slope1__peptide_mean__P19823,0.030375344098290666,0.0
delta1__protein_npx__P04156,0.0303748426431307,0.0
missing__peptide_log__WELALGR,0.03033989565085286,0.0
rollmean2__peptide_log__LQAEAFQAR,0.030328603057259262,0.0
delta1__peptide_count__P02751,0.030292956131012197,0.0
lag1__peptide_mean__Q14118,0.030280499659931445,0.0
lag1__peptide_mean__P01621,0.030250174007570095,0.0
rollmean2__peptide_log__VDSGNDVTDIADDGC(UniMod_4)PKPPEIAHGYVEHSVR,0.030240657224748026,0.0
peptide_mean__P10643,0.030233413411496816,0.0
rollmean2__peptide_mean__P35542,0.03021970290501548,0.0
lag1__peptide_count__P05546,0.03021375251302844,0.0
lag1__peptide_count__P01023,0.030206720508629728,0.0
peptide_mean__P61278,0.030196353449036508,0.0
peptide_log__SLAAAAGKQELAK,0.030196353449036508,0.0
slope1__peptide_mean__P02656,0.03014343150549224,0.0
slope1__protein_npx__P08294,0.030078949424575965,0.0
rollmean2__peptide_std__P02656,0.030073886541729485,0.0
peptide_mean__P43652,0.03005776922096971,0.0
lag1__peptide_log__QQETAAAETETR,0.030049088670284923,0.0
missing__peptide_mean__P04075,0.030043331832752755,0.0
missing__peptide_count__P04075,0.030043331832752755,0.0
missing__protein_npx__P04075,0.030043331832752755,0.0
missing__peptide_count__O60888,0.030015045661555502,0.0
missing__peptide_mean__O60888,0.030015045661555502,0.0
missing__protein_npx__O60888,0.030015045661555502,0.0
lag1__peptide_count__P01008,0.030013448502714327,0.0
slope1__peptide_log__TLLSNLEEAKK,0.029987221923465958,0.0
lag1__peptide_std__P02748,0.02994018723287966,0.0
peptide_mean__Q9UBX5,0.029939818516386794,0.0
peptide_mean__Q16610,0.029939096129588838,0.0
slope1__peptide_mean__P04217,0.02991992643032359,0.0
slope1__peptide_std__P16035,0.029900144036364484,0.0
delta1__peptide_log__MYYSAVDPTKDIFTGLIGPM(UniMod_35)K,0.029860299183947593,0.0
rollmean2__peptide_mean__P01780,0.029844231086988984,0.0
protein_npx__P01344,0.029830734543898552,0.0
lag1__peptide_std__Q9UBX5,0.029821698886239843,0.0
rollmean2__peptide_log__FM(UniMod_35)ETVAEK,0.029821279581351286,0.0
peptide_mean__P09486,0.029813698327419636,0.0
rollmean2__protein_npx__P06727,0.029810997424987624,0.0
rollmean2__peptide_count__P01859,0.02980231703978308,0.0
lag1__protein_npx__O43505,0.029798476306288044,0.0
rollmean2__protein_npx__Q9UHG2,0.029758715118449984,0.0
rollmean2__peptide_mean__Q99829,0.029704709555747423,0.0
rollmean2__protein_npx__P07711,0.029693637230133657,0.0
lag1__peptide_log__QIGSVYR,0.029665057933635112,0.0
slope1__peptide_std__P41222,0.029663296869169437,0.0
rollmean2__peptide_count__O94919,0.02962984784290873,0.0
peptide_count__P02763,0.029627768136880908,0.0
rollmean2__protein_npx__P08637,0.029589749184604816,0.0
delta1__peptide_mean__P36955,0.02958501122011711,0.0
rollmean2__peptide_count__P08603,0.029584409326395604,0.0
rollmean2__peptide_std__P08571,0.029542214872064657,0.0
slope1__peptide_log__M(UniMod_35)ASGAANVVGPK,0.029462529164803592,0.0
delta1__peptide_mean__P41222,0.029410184276525562,0.0
lag1__peptide_mean__P00736,0.029400485605977036,0.0
slope1__peptide_log__KQELSEAEQATR,0.02938089080821731,0.0
protein_npx__P08253,0.02934667299769868,0.0
rollmean2__peptide_log__TPVSDRVTK,0.029271279747788374,0.0
delta1__protein_npx__P10643,0.029257530336789194,0.0
slope1__protein_npx__P32754,0.029248924793993054,0.0
lag1__protein_npx__P07339,0.029234792520577677,0.0
rollmean2__peptide_std__O94919,0.029177407997458885,0.0
protein_npx__Q14624,0.02916004904949129,0.0
slope1__peptide_mean__P18065,0.029135683122678547,0.0
slope1__peptide_count__P05452,0.029116301055913892,0.0
delta1__peptide_std__P02787,0.02911061820700941,0.0
lag1__peptide_abundance_mean,0.029087324409270657,0.0
rollmean2__peptide_mean__P07858,0.02906022463784987,0.0
slope1__peptide_mean__O00533,0.02905400687683785,0.0
lag1__peptide_log__HYDGSYSTFGER,0.029018213370198515,0.0
lag1__protein_npx__Q14624,0.0290116544430091,0.0
delta1__peptide_std__P05060,0.0289970965717402,0.0
slope1__peptide_std__Q14624,0.028912360364064964,0.0
peptide_count__O14773,0.02889037120976848,0.0
delta1__protein_npx__Q92876,0.028889302173337152,0.0
delta1__months_since_prev_visit,0.028887022146239418,0.0
slope1__protein_npx__P14314,0.02887791340794544,0.0
lag1__peptide_count__P18065,0.028811341045612254,0.0
missing__peptide_count__P19021,0.02880524587388365,0.0
missing__peptide_mean__P19021,0.02880524587388365,0.0
missing__protein_npx__P19021,0.02880524587388365,0.0
delta1__peptide_std__P02751,0.028752445750122473,0.0
rollmean2__protein_npx__P02748,0.028727979702575703,0.0
delta1__protein_npx__P02675,0.028713696467916078,0.0
slope1__peptide_mean__Q14118,0.02871077342434709,0.0
lag1__peptide_mean__O75144,0.028700545354180297,0.0
peptide_count__P05067,0.02868607425550082,0.0
delta1__protein_npx__O75144,0.028675084544134404,0.0
rollmean2__protein_npx__P01780,0.028651480556987314,0.0
delta1__peptide_mean__P02452,0.028612684726489437,0.0
slope1__peptide_count__P07602,0.028611397131637118,0.0
delta1__peptide_mean__P13521,0.02859762604989117,0.0
delta1__peptide_std__P16035,0.02859586574570517,0.0
delta1__peptide_mean__P98160,0.028559555358757448,0.0
lag1__peptide_mean__P14314,0.02847038234536987,0.0
delta1__peptide_std__Q14624,0.02845686081398625,0.0
delta1__peptide_mean__P19827,0.02845369648860728,0.0
rollmean2__peptide_std__P36955,0.028431017276547902,0.0
slope1__peptide_log__TVVQPSVGAAAGPVVPPC(UniMod_4)PGR,0.028426977592213878,0.0
lag1__peptide_count__P43121,0.028408193685886946,0.0
delta1__protein_npx__P01019,0.028372700741962725,0.0
peptide_mean__P05090,0.02834768802753298,0.0
lag1__peptide_mean__Q16270,0.028293188663024695,0.0
delta1__peptide_mean__P01008,0.028260020778304758,0.0
lag1__peptide_log__VQAAVGTSAAPVPSDNH,0.028254554047674716,0.0
peptide_std__Q06481,0.028235203033151777,0.0
delta1__protein_npx__P13591,0.028204592931576684,0.0
slope1__protein_npx__P05452,0.028196628219336935,0.0
peptide_count__P08493,0.02818518218534395,0.0
rollmean2__protein_npx__P02679,0.028106112201659622,0.0
slope1__protein_npx__P41222,0.028080785386741604,0.0
delta1__peptide_mean__P24592,0.028034679179463572,0.0
rollmean2__peptide_mean__P02749,0.028034051779681195,0.0
slope1__peptide_mean__P01861,0.02801186663504822,0.0
slope1__peptide_log__TTPPVLDSDGSFFLYSR,0.02801186663504822,0.0
lag1__peptide_mean__Q9NQ79,0.028000446339932608,0.0
lag1__peptide_mean__P20933,0.02794540364951751,0.0
rollmean2__peptide_count__Q9UHG2,0.027941857201344174,0.0
rollmean2__peptide_count__P43652,0.027933298306520794,0.0
peptide_abundance_sum,0.027867594174139036,0.0
lag1__peptide_log__C(UniMod_4)TSTGWIPAPR,0.027815318552165593,0.0
slope1__peptide_std__P07602,0.02779922053608891,0.0
delta1__protein_npx__P01009,0.027790366208168132,0.0
rollmean2__protein_npx__P01834,0.027746157956573588,0.0
missing__protein_npx__P02452,0.02774553054900161,0.0
missing__peptide_mean__P02452,0.02774553054900161,0.0
missing__peptide_count__P02452,0.02774553054900161,0.0
missing__peptide_count__Q9UNU6,0.02774185156155981,0.0
missing__peptide_mean__Q9UNU6,0.02774185156155981,0.0
missing__protein_npx__Q9UNU6,0.02774185156155981,0.0
delta1__protein_npx__Q96S96,0.02773435734334736,0.0
peptide_log__ATVNPSAPR,0.02771906386164324,0.0
peptide_std__Q96PD5,0.027599002510235098,0.0
delta1__peptide_std__P02649,0.027591506078841463,0.0
rollmean2__peptide_log__RLEGQEEEEDNRDSSMK,0.02758319435289898,0.0
slope1__peptide_mean__P02760,0.027580061439762223,0.0
delta1__protein_npx__P61916,0.027563751901760417,0.0
delta1__peptide_count__P13591,0.027538054147920585,0.0
rollmean2__peptide_log__C(UniMod_4)C(UniMod_4)VEC(UniMod_4)PPC(UniMod_4)PAPPVAGPSVFLFPPKPK,0.02749942762331408,0.0
peptide_count__P04075,0.02746192915647483,0.0
peptide_mean__P02671,0.02745382554244622,0.0
rollmean2__protein_npx__O60888,0.027440834752478434,0.0
peptide_log__AVLPTGDVIGDSAK,0.02742848892683369,0.0
missing__peptide_log__GC(UniMod_4)PTEEGC(UniMod_4)GER,0.027371913146024898,0.0
slope1__protein_npx__P04275,0.027320307606184528,0.0
missing__protein_npx__O00584,0.027276296858406678,0.0
missing__peptide_mean__O00584,0.027276296858406678,0.0
missing__peptide_count__O00584,0.027276296858406678,0.0
rollmean2__peptide_count__P13987,0.027263490454828176,0.0
slope1__peptide_count__P13987,0.027212504185822675,0.0
slope1__protein_npx__P05156,0.02718235284976822,0.0
delta1__peptide_std__P01034,0.02712703424313564,0.0
peptide_count__P13591,0.02712058069939943,0.0
lag1__protein_npx__Q13332,0.027104913137969536,0.0
delta1__peptide_mean__P02751,0.0270854179359092,0.0
slope1__peptide_std__O14773,0.02706501949750919,0.0
lag1__protein_npx__P01344,0.027062402318320463,0.0
lag1__protein_npx__P14174,0.027023826989849432,0.0
slope1__peptide_std__P01024,0.026974486204738978,0.0
delta1__peptide_mean__P09104,0.02695495537828982,0.0
protein_npx__P06727,0.02694765230884141,0.0
lag1__peptide_log__VQPYLDDFQKK,0.026925853466039467,0.0
delta1__peptide_count__Q06481,0.0268976532892849,0.0
delta1__peptide_count__P02452,0.026874575458705516,0.0
peptide_mean__P01344,0.02681535433828921,0.0
lag1__peptide_log__TM(UniMod_35)LLQPAGSLGSYSYR,0.026813611948404027,0.0
peptide_mean__P24592,0.02672891416519434,0.0
lag1__peptide_mean__Q99969,0.026717870306742546,0.0
delta1__peptide_log__SNSSM(UniMod_35)HITDC(UniMod_4)R,0.026716413718520286,0.0
rollmean2__peptide_log__GSPAINVAVHVFRK,0.026697042502749933,0.0
delta1__protein_npx__Q14624,0.02667550965599742,0.0
slope1__peptide_mean__P25311,0.026583622403562532,0.0
peptide_mean__P00738,0.026575555290527558,0.0
peptide_count__O75144,0.026557793648608823,0.0
delta1__peptide_mean__P05067,0.026547188872273822,0.0
lag1__protein_npx__P02647,0.02653452226955991,0.0
lag1__peptide_std__O15240,0.026491547978186557,0.0
slope1__protein_npx__P13611,0.02646653881196227,0.0
peptide_mean__Q99969,0.026448621085182724,0.0
lag1__peptide_count__P04004,0.026403619880865325,0.0
slope1__peptide_log__VQPYLDDFQKK,0.026399211693536543,0.0
missing__peptide_std__O14773,0.026372674198435284,0.0
slope1__protein_npx__P54289,0.02631866473668884,0.0
lag1__protein_npx__Q96PD5,0.026316561097641796,0.0
delta1__peptide_count__P00738,0.026310822277476345,0.0
slope1__peptide_std__Q9NQ79,0.02630697159636784,0.0
delta1__peptide_std__P04180,0.026266759208896526,0.0
peptide_count__P02652,0.02625942353336959,0.0
lag1__peptide_feature_count,0.02623742073057354,0.0
lag1__peptide_missing_fraction,0.02623742073057346,0.0
rollmean2__protein_npx__Q9Y6R7,0.026218371451331948,0.0
peptide_log__ILLQGTPVAQMTEDAVDAER,0.026201136476768715,0.0
lag1__protein_npx__Q16610,0.02619277691320882,0.0
delta1__peptide_log__QNC(UniMod_4)ELFEQLGEYK,0.026181492441172648,0.0
slope1__peptide_mean__Q9UKV8,0.026138707479003792,0.0
peptide_mean__P07858,0.02611902093971388,0.0
delta1__protein_npx__P13473,0.026043302540405145,0.0
lag1__peptide_count__P41222,0.026042861999652753,0.0
lag1__peptide_count__P02765,0.02603453354450683,0.0
delta1__peptide_count__Q9UBX5,0.025988571908962872,0.0
delta1__peptide_log__LIADLGSTSITNLGFR,0.025968426950225384,0.0
protein_npx__P04156,0.02587115333704636,0.0
delta1__peptide_mean__Q99832,0.02586769327207087,0.0
delta1__peptide_std__O00533,0.025851129017747228,0.0
protein_npx__Q92876,0.025814693771732473,0.0
peptide_mean__P02649,0.02573281218520271,0.0
lag1__protein_npx__O75144,0.025723262856153707,0.0
missing__peptide_std__P05546,0.025721176425433503,0.0
slope1__peptide_mean__Q9NYU2,0.02570911520608611,0.0
peptide_mean__P02748,0.025698422296711716,0.0
delta1__peptide_std__P13987,0.025684238354838476,0.0
slope1__peptide_mean__Q16610,0.02565250328604272,0.0
peptide_mean__P02790,0.02562109524357997,0.0
slope1__peptide_count__P05090,0.02558260537596459,0.0
delta1__peptide_count__P36955,0.025552475572021643,0.0
delta1__peptide_count__P08571,0.02553904826456636,0.0
lag1__peptide_count__Q14624,0.025513786265201063,0.0
lag1__peptide_log__DASGVTFTWTPSSGK,0.025493283364643047,0.0
rollmean2__peptide_abundance_sum,0.025492622074869332,0.0
slope1__protein_npx__Q08380,0.025448845951326744,0.0
slope1__protein_npx__P07711,0.02543941695873635,0.0
delta1__peptide_count__P05546,0.025437672730210137,0.0
lag1__protein_npx__P02787,0.02538684611852611,0.0
peptide_count__P01042,0.02535560249499801,0.0
delta1__protein_npx__P04196,0.02533130677379133,0.0
peptide_std__P02647,0.025321147998298852,0.0
lag1__protein_npx__P08571,0.025317481666187386,0.0
lag1__peptide_log__KQELSEAEQATR,0.02529491756941695,0.0
rollmean2__peptide_mean__Q99832,0.025271370419834308,0.0
slope1__peptide_mean__P02675,0.025268992616489315,0.0
missing__peptide_std__Q9UBX5,0.025266451326090164,0.0
lag1__peptide_mean__P02766,0.025252804770773105,0.0
lag1__peptide_log__VDSGNDVTDIADDGC(UniMod_4)PKPPEIAHGYVEHSVR,0.02523570274087028,0.0
rollmean2__peptide_log__AKLEEQAQQIR,0.025209677932186304,0.0
slope1__peptide_mean__Q92823,0.02517459735725452,0.0
delta1__peptide_log__FLATTPNSLLVSWQPPR,0.025164562033375526,0.0
slope1__peptide_std__P00751,0.025115263619858313,0.0
rollmean2__peptide_mean__P02675,0.025086097104457375,0.0
delta1__protein_npx__P02774,0.02506916792205331,0.0
slope1__peptide_mean__O75144,0.025027243291796432,0.0
slope1__peptide_log__LAVYQAGAR,0.025012768840417664,0.0
peptide_count__P54289,0.02500513965285774,0.0
slope1__peptide_log__SGELEQEEER,0.024992172855454808,0.0
delta1__peptide_std__P08603,0.02498853233055101,0.0
delta1__protein_npx__P01024,0.024952218081558078,0.0
rollmean2__peptide_std__P04196,0.02491999281380448,0.0
rollmean2__peptide_log__LIADLGSTSITNLGFR,0.0248975655578865,0.0
slope1__peptide_std__P00736,0.024886176390908676,0.0
slope1__protein_npx__P02751,0.02486315452286668,0.0
lag1__peptide_log__YYWGGQYTWDMAK,0.024862989857397735,0.0
delta1__peptide_log__VQAAVGTSAAPVPSDNH,0.02484788990591796,0.0
rollmean2__protein_npx__P09486,0.02484760466034191,0.0
slope1__protein_npx__O94919,0.024825638466382118,0.0
lag1__protein_npx__P39060,0.024742159575944472,0.0
lag1__peptide_count__P02750,0.024722713348928158,0.0
peptide_std__Q9UHG2,0.024718561232778977,0.0
rollmean2__protein_npx__Q92520,0.02471180433067826,0.0
slope1__peptide_mean__P02790,0.024694609176233815,0.0
lag1__protein_npx__P04180,0.024592556382524753,0.0
delta1__peptide_std__Q92520,0.0245732275539734,0.0
slope1__peptide_count__Q12907,0.024549432479258927,0.0
rollmean2__peptide_count__P02747,0.02454514663158684,0.0
rollmean2__peptide_mean__P19652,0.024538139086796168,0.0
lag1__peptide_mean__P08493,0.02451831697124156,0.0
protein_npx__Q8N2S1,0.024508536701626726,0.0
rollmean2__peptide_mean__Q9UBR2,0.02450600992389737,0.0
rollmean2__protein_npx__P04217,0.02449340654992751,0.0
slope1__peptide_log__LQAEAFQAR,0.024478789780960162,0.0
peptide_mean__P01833,0.024456945380757576,0.0
protein_npx__Q12841,0.02444077885105383,0.0
slope1__peptide_count__P09871,0.024331692509746157,0.0
slope1__peptide_mean__O60888,0.024325310632084596,0.0
peptide_count__P01034,0.02432116267311737,0.0
slope1__peptide_mean__P05060,0.024314226105567775,0.0
lag1__peptide_mean__P01861,0.02431388771195683,0.0
lag1__peptide_log__TTPPVLDSDGSFFLYSR,0.02431388771195683,0.0
missing__peptide_log__ELDESLQVAER,0.02428756068543609,0.0
rollmean2__peptide_std__P01009,0.024265013260285014,0.0
slope1__peptide_mean__Q99674,0.024258346410529867,0.0
rollmean2__peptide_mean__P20774,0.02423335145307017,0.0
slope1__peptide_log__DSGEGDFLAEGGGVR,0.024230187761108024,0.0
slope1__peptide_std__P02765,0.02419525676056383,0.0
lag1__protein_npx__Q99435,0.024184145786352043,0.0
delta1__peptide_mean__P20774,0.02417456267571436,0.0
peptide_count__P08571,0.024135065556820372,0.0
delta1__peptide_log__ILTC(UniMod_4)M(UniMod_35)QGMEEIR,0.024111386844638434,0.0
delta1__peptide_mean__Q8IWV7,0.024111386844638434,0.0
rollmean2__peptide_std__Q9UBX5,0.0239791970035179,0.0
delta1__peptide_mean__O60888,0.023977989886547747,0.0
slope1__protein_npx__O00533,0.023960195724641618,0.0
rollmean2__peptide_mean__Q92876,0.023905964606850124,0.0
peptide_count__P13987,0.023868194073455792,0.0
rollmean2__protein_npx__Q6UXB8,0.023854879790390315,0.0
peptide_std__P02763,0.023850751585870043,0.0
peptide_count__P09871,0.023836118966164922,0.0
peptide_mean__P40925,0.023826433668581153,0.0
rollmean2__peptide_mean__P80748,0.02380299420060435,0.0
missing__peptide_log__NFPPSQDASGDLYTTSSQLTLPATQC(UniMod_4)PDGK,0.02379586593233219,0.0
rollmean2__peptide_mean__Q14515,0.02378080448200237,0.0
lag1__protein_npx__P23083,0.02377237304199844,0.0
slope1__peptide_mean__P36980,0.02373786295708787,0.0
slope1__peptide_std__P08571,0.023709463033077978,0.0
missing__peptide_log__TM(UniMod_35)LLQPAGSLGSYSYR,0.02367917416897056,0.0
peptide_std__P41222,0.023642807723670306,0.0
peptide_log__LIADLGSTSITNLGFR,0.023618277033607284,0.0
lag1__peptide_count__P10645,0.023616242327992334,0.0
rollmean2__peptide_std__P06396,0.023607875147380258,0.0
peptide_log__QKVEPLRAELQEGAR,0.023564184836207803,0.0
delta1__peptide_std__P51884,0.023563682883886796,0.0
slope1__protein_npx__P04156,0.023552238296924842,0.0
slope1__peptide_mean__P36222,0.023549680829189505,0.0
slope1__peptide_mean__P01591,0.02349677694690151,0.0
lag1__protein_npx__P51884,0.023494785078539714,0.0
delta1__peptide_mean__Q16610,0.02348790886564032,0.0
slope1__peptide_mean__Q12841,0.023479968681710497,0.0
slope1__peptide_log__TM(UniMod_35)LLQPAGSLGSYSYR,0.023454597861930892,0.0
lag1__peptide_count__P01834,0.023431575600114697,0.0
rollmean2__peptide_mean__Q92823,0.023421738760569955,0.0
peptide_mean__Q8N2S1,0.023410629088921733,0.0
delta1__peptide_mean__P09486,0.023405080646096383,0.0
delta1__protein_npx__P49588,0.02338101795805457,0.0
lag1__peptide_log__EDSLEAGLPLQVR,0.023373278122807036,0.0
slope1__peptide_mean__P05067,0.023350115673695753,0.0
peptide_mean__P07195,0.02330409836993515,0.0
slope1__protein_npx__P07225,0.023298798829739183,0.0
rollmean2__peptide_std__Q12805,0.023278721599256386,0.0
rollmean2__protein_npx__Q16270,0.02326730616777799,0.0
delta1__peptide_count__P06681,0.023246061649023462,0.0
slope1__peptide_count__P16870,0.023237209569073176,0.0
slope1__protein_npx__P04217,0.023228698344693162,0.0
lag1__protein_npx__P02656,0.02321987405270581,0.0
peptide_log__GC(UniMod_4)PTEEGC(UniMod_4)GER,0.023209202052069097,0.0
peptide_log__C(UniMod_4)REILSVDC(UniMod_4)STNNPSQAK,0.023150116946297886,0.0
lag1__peptide_log__AYQGVAAPFPK,0.023105695376464543,0.0
missing__peptide_std__P55290,0.023103429897225514,0.0
peptide_count__Q9UHG2,0.02302763666584679,0.0
protein_npx__P32754,0.023017803764333055,0.0
slope1__peptide_std__Q9UHG2,0.023017081064750474,0.0
rollmean2__protein_npx__P01621,0.02301070424114995,0.0
lag1__protein_npx__P30086,0.023010217725715636,0.0
protein_missing_fraction,0.022918694495334742,0.0
protein_feature_count,0.022918694495333982,0.0
slope1__peptide_mean__O00584,0.022901781180711733,0.0
lag1__peptide_log__SSQGGSLPSEEK,0.022888604659275127,0.0
delta1__protein_npx__P04433,0.022778998842243034,0.0
delta1__peptide_mean__P61916,0.022764875651620414,0.0
peptide_count__P04196,0.022710745904829136,0.0
rollmean2__peptide_mean__O60888,0.022702613920453894,0.0
slope1__protein_npx__Q16610,0.022697091724010472,0.0
slope1__peptide_std__O15240,0.022676740089797635,0.0
slope1__peptide_count__P55290,0.022662313101378537,0.0
slope1__protein_npx__Q14515,0.02266091486971187,0.0
delta1__peptide_mean__Q96PD5,0.022653048541006193,0.0
rollmean2__peptide_count__P05546,0.02265003010662061,0.0
lag1__protein_npx__Q9UNU6,0.022616480668277227,0.0
slope1__peptide_count__O15240,0.022589055685560164,0.0
lag1__peptide_log__LGADMEDVC(UniMod_4)GR,0.022566071331510517,0.0
lag1__peptide_mean__P19021,0.0225610223476146,0.0
delta1__peptide_log__LGQSLDC(UniMod_4)NAEVYVVPWEK,0.022542982998340354,0.0
peptide_count__P06396,0.022469132729230783,0.0
protein_npx__P01031,0.022463940490756642,0.0
slope1__protein_npx__P00441,0.02242862743940852,0.0
slope1__protein_npx__P36955,0.022422108285525752,0.0
lag1__protein_npx__P00736,0.0224159057068086,0.0
delta1__protein_npx__P01857,0.022394590655683465,0.0
rollmean2__protein_npx__P01594,0.022386949943069178,0.0
delta1__peptide_log__SLAELGGHLDQQVEEFRR,0.022362177405618154,0.0
delta1__protein_npx__Q16610,0.022354108642229358,0.0
rollmean2__peptide_count__P04004,0.02234840367441829,0.0
slope1__peptide_mean__Q96PD5,0.022326667173968792,0.0
delta1__peptide_std__P05155,0.022307231285304485,0.0
rollmean2__peptide_log__TTPPVLDSDGSFFLYSK,0.022283663750467822,0.0
slope1__peptide_count__P01009,0.022266519927073024,0.0
rollmean2__peptide_mean__P05156,0.022261420479169364,0.0
lag1__peptide_std__P02765,0.022237201385619246,0.0
delta1__peptide_mean__P02656,0.022219851818178163,0.0
peptide_count__P25311,0.02220318059215634,0.0
delta1__protein_npx__Q9HDC9,0.022194443586350626,0.0
slope1__peptide_count__P05546,0.022157243861859122,0.0
peptide_std__P00450,0.02209944208776711,0.0
lag1__peptide_std__P51884,0.022052022961775188,0.0
peptide_observation_count,0.022047725758908038,0.0
peptide_mean__Q9NYU2,0.02201723004382211,0.0
lag1__protein_npx__P02766,0.02197260381482677,0.0
delta1__peptide_mean__O75144,0.021965261054888326,0.0
delta1__peptide_log__M(UniMod_35)ASGAANVVGPK,0.02196143691223397,0.0
protein_npx__P01833,0.02195314529595566,0.0
delta1__peptide_log__SLAAAAGKQELAK,0.02195004701690038,0.0
delta1__peptide_mean__P61278,0.02195004701690038,0.0
peptide_count__P02747,0.0219126860953485,0.0
peptide_log__EILSVDC(UniMod_4)STNNPSQAK,0.02191127363181327,0.0
lag1__peptide_count__P02751,0.021883611928719873,0.0
slope1__peptide_log__NFPPSQDASGDLYTTSSQLTLPATQC(UniMod_4)PDGK,0.02187865795337646,0.0
delta1__peptide_count__O00533,0.021870710497834192,0.0
lag1__peptide_log__LRTEGDGVYTLNNEK,0.021856322635395064,0.0
delta1__peptide_mean__Q12841,0.021821944623843462,0.0
slope1__peptide_mean__P08637,0.021815502917124408,0.0
protein_npx__P05090,0.021804694282126346,0.0
lag1__peptide_mean__P07195,0.021798804957543997,0.0
missing__protein_npx__P17936,0.021787324282018215,0.0
missing__peptide_mean__P17936,0.021787324282018215,0.0
missing__peptide_count__P17936,0.021787324282018215,0.0
delta1__protein_npx__P02768,0.021776674470332255,0.0
delta1__peptide_std__P02750,0.021768335934626643,0.0
peptide_std__P01024,0.02175488038087792,0.0
slope1__peptide_count__P39060,0.021724741582843272,0.0
delta1__protein_npx__P02790,0.02172120964744794,0.0
protein_npx__P07195,0.02171827271892896,0.0
delta1__peptide_mean__P08571,0.02171698963780828,0.0
rollmean2__peptide_count__P13591,0.021704596892872588,0.0
delta1__peptide_mean__P07998,0.021692920553381522,0.0
rollmean2__peptide_log__RTPITVVK,0.02166743250645291,0.0
lag1__peptide_std__P10909,0.0216473231843038,0.0
delta1__peptide_count__P05156,0.021612177915431675,0.0
delta1__peptide_log__AYKSELEEQLTPVAEETR,0.021554341446566323,0.0
peptide_count__Q16610,0.021517486576771015,0.0
lag1__peptide_mean__P30086,0.02150825789964544,0.0
lag1__peptide_log__WELALGR,0.021459569814783048,0.0
delta1__peptide_std__Q9NQ79,0.02145025795463397,0.0
slope1__peptide_mean__P01011,0.02144648906695755,0.0
delta1__peptide_mean__P02765,0.021445276025403,0.0
slope1__peptide_count__P01008,0.02144348634722143,0.0
rollmean2__peptide_mean__P08253,0.021433372133557057,0.0
rollmean2__peptide_count__P01008,0.021430460332388112,0.0
delta1__protein_npx__P01621,0.021413878220009494,0.0
lag1__peptide_log__M(UniMod_35)YLGYEYVTAIR,0.021372805318425354,0.0
slope1__peptide_log__SWFEPLVEDM(UniMod_35)QR,0.021366399948501164,0.0
delta1__peptide_log__NPDPWAK,0.021338948544727898,0.0
lag1__peptide_std__P01023,0.021331053226336508,0.0
slope1__peptide_count__P02766,0.021329852183318457,0.0
slope1__peptide_std__P36955,0.021259744932162,0.0
slope1__protein_npx__P00734,0.021246189950448153,0.0
rollmean2__peptide_log__TTPPVLDSDGSFFLYSR,0.02123699158543906,0.0
rollmean2__peptide_mean__P01861,0.02123699158543906,0.0
lag1__protein_npx__Q9NYU2,0.021236597172745782,0.0
lag1__peptide_count__Q14118,0.02123286501431865,0.0
slope1__peptide_mean__P13671,0.021232111216758255,0.0
protein_npx__Q96S96,0.02120066872531134,0.0
missing__peptide_mean__Q13451,0.021200210379036057,0.0
missing__peptide_count__Q13451,0.021200210379036057,0.0
missing__protein_npx__Q13451,0.021200210379036057,0.0
slope1__peptide_log__HYDGSYSTFGER,0.021194914373183587,0.0
lag1__peptide_log__VYC(UniMod_4)DMNTENGGWTVIQNR,0.021180699408440824,0.0
rollmean2__peptide_log__VKDLATVYVDVLK,0.02107919736928533,0.0
slope1__peptide_log__AYQGVAAPFPK,0.021073011866160146,0.0
peptide_count__P19652,0.021064300081095482,0.0
slope1__peptide_log__QWAGLVEK,0.021053642807367875,0.0
lag1__peptide_std__P00751,0.02098759700586729,0.0
slope1__peptide_log__LGPLVEQGR,0.020984232195280242,0.0
peptide_std__Q12805,0.020948796556925,0.0
protein_npx__P02774,0.02086002936062089,0.0
rollmean2__peptide_mean__O15240,0.020858782101064198,0.0
delta1__peptide_mean__Q7Z5P9,0.02082011037660221,0.0
missing__protein_npx__P13611,0.020806384453392574,0.0
missing__peptide_count__P13611,0.020806384453392574,0.0
missing__peptide_mean__P13611,0.020806384453392574,0.0
slope1__peptide_std__P19823,0.020805574069907365,0.0
protein_npx__P10909,0.0208029940482286,0.0
missing__peptide_std__Q14624,0.020706380554253816,0.0
lag1__peptide_count__P07998,0.020682950842305096,0.0
missing__peptide_std__P16070,0.020665523347698014,0.0
slope1__peptide_mean__P23083,0.020665119523490545,0.0
rollmean2__peptide_mean__P01621,0.02064751111115146,0.0
peptide_count__P02675,0.020647251269023118,0.0
slope1__peptide_mean__Q08380,0.020617021471673644,0.0
peptide_feature_count,0.020600928791706684,0.0
peptide_missing_fraction,0.020600928791706642,0.0
lag1__peptide_log__SLAAAAGKQELAK,0.02056705179789922,0.0
lag1__peptide_mean__P61278,0.02056705179789922,0.0
rollmean2__protein_npx__P01717,0.020566522418185847,0.0
delta1__protein_npx__P27169,0.020549802865632225,0.0
rollmean2__peptide_log__HYTNPSQDVTVPC(UniMod_4)PVPPPPPC(UniMod_4)C(UniMod_4)HPR,0.020549057901018783,0.0
lag1__peptide_count__P09486,0.020538510547819647,0.0
missing__peptide_log__IHWESASLLR,0.020524176516752958,0.0
protein_npx__P02766,0.02043239738250942,0.0
lag1__peptide_std__P02649,0.020430415477000974,0.0
rollmean2__peptide_mean__P02647,0.020427738176971452,0.0
rollmean2__protein_npx__P30086,0.020426629784170425,0.0
slope1__peptide_std__O94919,0.02041104799788068,0.0
slope1__peptide_mean__P13521,0.020384155487206623,0.0
delta1__protein_npx__P08637,0.020377083755627155,0.0
rollmean2__peptide_mean__P02766,0.02035079950010659,0.0
lag1__peptide_count__P00751,0.020349827790228592,0.0
protein_npx__P80748,0.02032739540485546,0.0
rollmean2__peptide_observation_count,0.02030723116741995,0.0
lag1__peptide_log__C(UniMod_4)SYTEDAQC(UniMod_4)IDGTIEVPK,0.0203032232401499,0.0
rollmean2__protein_npx__O15240,0.020296572644066438,0.0
lag1__peptide_mean__P23083,0.0202433126690885,0.0
rollmean2__peptide_count__Q96PD5,0.020238950568238333,0.0
protein_npx__Q8IWV7,0.020221520453274005,0.0
delta1__peptide_log__ADDKETC(UniMod_4)FAEEGK,0.02020454422580444,0.0
rollmean2__peptide_mean__Q16610,0.020169157425490688,0.0
lag1__peptide_mean__P04180,0.020075987169603918,0.0
rollmean2__protein_npx__P16870,0.0200683382913356,0.0
peptide_mean__P16870,0.01991941106492906,0.0
peptide_abundance_max,0.019899462054015653,0.0
delta1__protein_npx__P13521,0.019896796743647416,0.0
peptide_mean__P06681,0.019889586055967245,0.0
delta1__peptide_count__P06727,0.019884448343801108,0.0
lag1__peptide_std__P16870,0.01988375663656048,0.0
slope1__peptide_mean__P04216,0.019866462882987653,0.0
rollmean2__peptide_log__ELSSFIDKGQELC(UniMod_4)ADYSENTFTEYK,0.0198543154136747,0.0
slope1__peptide_log__ANRPFLVFIR,0.019844186927074618,0.0
lag1__peptide_mean__P01042,0.01980782693982074,0.0
rollmean2__protein_npx__P41222,0.019805799947724627,0.0
delta1__peptide_std__P02656,0.01978167342021833,0.0
lag1__peptide_mean__O43505,0.019763029026842162,0.0
rollmean2__protein_npx__P04275,0.01975628568728073,0.0
delta1__peptide_count__P02656,0.019699049805414443,0.0
delta1__peptide_mean__P04156,0.01969746224104764,0.0
protein_npx__O60888,0.019690603721790902,0.0
lag1__peptide_std__P00736,0.019653798198282692,0.0
protein_npx__P13671,0.019652755549267063,0.0
rollmean2__protein_npx__P16035,0.019634959160849542,0.0
lag1__peptide_mean__Q99674,0.01963435938929907,0.0
missing__peptide_mean__P32754,0.019626147950754944,0.0
missing__protein_npx__P32754,0.019626147950754944,0.0
missing__peptide_count__P32754,0.019626147950754944,0.0
lag1__peptide_count__P36955,0.019591536573668526,0.0
delta1__protein_npx__P02751,0.01956656867985612,0.0
rollmean2__peptide_std__Q06481,0.019529766760778524,0.0
delta1__protein_npx__P36955,0.019349908983075925,0.0
rollmean2__peptide_std__O14773,0.019322010615613647,0.0
peptide_mean__O00391,0.0193013148319234,0.0
rollmean2__peptide_log__DASGVTFTWTPSSGK,0.019296212307815995,0.0
slope1__protein_npx__P02787,0.019296020988168596,0.0
lag1__peptide_mean__P01591,0.019281718053362807,0.0
protein_npx__P19021,0.0192741612936405,0.0
lag1__peptide_count__P04180,0.019251249446236542,0.0
missing__protein_npx__P06310,0.019198044580397883,0.0
missing__peptide_count__P06310,0.019198044580397883,0.0
missing__peptide_mean__P06310,0.019198044580397883,0.0
rollmean2__peptide_log__C(UniMod_4)DSSPDSAEDVRK,0.019164439278381247,0.0
slope1__peptide_mean__P09486,0.019135141366799856,0.0
lag1__peptide_mean__P16870,0.0190940133697722,0.0
peptide_count__Q06481,0.019044186298558797,0.0
rollmean2__peptide_count__P05090,0.019015228208873157,0.0
delta1__protein_npx__Q99674,0.018998618096495338,0.0
slope1__peptide_count__Q96KN2,0.018986128560475348,0.0
rollmean2__peptide_count__Q06481,0.018980916510893585,0.0
lag1__peptide_mean__P51884,0.018950163915063725,0.0
rollmean2__protein_npx__P05452,0.018915497004320683,0.0
delta1__peptide_mean__P01877,0.018898858969220948,0.0
slope1__protein_npx__P01042,0.018895468082346257,0.0
lag1__protein_npx__P01023,0.01889007911887056,0.0
slope1__peptide_mean__O43505,0.018887942187509256,0.0
slope1__peptide_mean__P24592,0.018873109948612965,0.0
protein_npx__P01834,0.018831622921550835,0.0
delta1__protein_npx__P00441,0.01881745845644796,0.0
peptide_log__TQVNTQAEQLRR,0.01878367915040926,0.0
delta1__peptide_mean__P01591,0.01876729269526529,0.0
lag1__protein_npx__O75326,0.018766727498866185,0.0
missing__peptide_mean__P08253,0.01874251701945331,0.0
missing__peptide_count__P08253,0.01874251701945331,0.0
missing__protein_npx__P08253,0.01874251701945331,0.0
delta1__protein_npx__Q8NE71,0.01873688247107683,0.0
peptide_mean__Q6UXD5,0.018700299104175977,0.0
missing__peptide_std__P00748,0.018678726649133753,0.0
slope1__peptide_mean__P02766,0.018666136948485932,0.0
rollmean2__peptide_std__P41222,0.018649897814849214,0.0
delta1__peptide_log__C(UniMod_4)TSTGWIPAPR,0.018642375061978307,0.0
delta1__peptide_mean__P05452,0.01863304207415676,0.0
rollmean2__peptide_log__LPPTSAHGNVAEGETKPDPDVTER,0.01862814928008379,0.0
delta1__peptide_mean__P05155,0.018626017956843228,0.0
delta1__peptide_mean__P23083,0.01858971160402231,0.0
slope1__protein_npx__P00746,0.018572259531093507,0.0
rollmean2__peptide_mean__Q12841,0.018559577382800986,0.0
lag1__peptide_log__GC(UniMod_4)PTEEGC(UniMod_4)GER,0.018510823709768958,0.0
lag1__peptide_count__O15240,0.018496377893965,0.0
delta1__peptide_std__P00734,0.018485854077688473,0.0
slope1__peptide_std__Q92823,0.018440175347115197,0.0
lag1__peptide_std__P61769,0.01841316477702038,0.0
delta1__peptide_mean__P08637,0.018398906247733788,0.0
delta1__protein_npx__Q9NYU2,0.018330891400797977,0.0
missing__peptide_count__O14791,0.01826953684681876,0.0
missing__peptide_mean__O14791,0.01826953684681876,0.0
missing__protein_npx__O14791,0.01826953684681876,0.0
delta1__peptide_count__P01009,0.018211225391659792,0.0
slope1__peptide_log__GC(UniMod_4)PTEEGC(UniMod_4)GER,0.01817519616833399,0.0
slope1__protein_npx__Q8NE71,0.01815320694716523,0.0
slope1__protein_npx__P01031,0.018138049472795497,0.0
lag1__protein_npx__Q14515,0.018124123222429327,0.0
delta1__peptide_log__TSAHGNVAEGETKPDPDVTER,0.018080887667290397,0.0
slope1__protein_npx__P02749,0.018079470603787437,0.0
peptide_std__P61769,0.018074054105053975,0.0
rollmean2__peptide_count__P02750,0.018030698802279924,0.0
delta1__peptide_count__P02649,0.018018526558682656,0.0
slope1__protein_npx__P09486,0.018011579467587323,0.0
peptide_log__TPVSDRVTK,0.018008141103329954,0.0
delta1__peptide_mean__Q14508,0.018007712129636647,0.0
slope1__peptide_mean__P05156,0.01797297082306167,0.0
peptide_mean__P19827,0.017863621272571996,0.0
lag1__peptide_mean__P01876,0.017839064444284087,0.0
delta1__protein_npx__P02787,0.01783705184524344,0.0
delta1__peptide_count__P02647,0.017809360474756137,0.0
missing__peptide_mean__P01608,0.017803940929714723,0.0
missing__protein_npx__P01608,0.017803940929714723,0.0
missing__peptide_count__P01608,0.017803940929714723,0.0
lag1__protein_npx__P02749,0.017798431351673263,0.0
delta1__protein_npx__P17174,0.017727425237697644,0.0
slope1__peptide_mean__Q7Z5P9,0.01772586478157569,0.0
peptide_std__P04196,0.017724709144434383,0.0
lag1__peptide_mean__P12109,0.01771153422745437,0.0
slope1__peptide_mean__P01023,0.017701143698940068,0.0
missing__peptide_log__AVLPTGDVIGDSAK,0.017671344586179274,0.0
slope1__peptide_mean__Q8NBJ4,0.017663918283217454,0.0
slope1__peptide_log__LC(UniMod_4)MGSGLNLC(UniMod_4)EPNNKEGYYGYTGAFR,0.017657231325703307,0.0
lag1__peptide_count__P10643,0.017656615140050604,0.0
delta1__peptide_mean__Q99674,0.017615703952958663,0.0
lag1__peptide_mean__P02790,0.017614127011517586,0.0
lag1__peptide_count__O14773,0.017611656554336063,0.0
lag1__peptide_count__P30086,0.017593683512990912,0.0
rollmean2__peptide_mean__P02679,0.017556459243378272,0.0
delta1__protein_npx__P10451,0.01751217661658029,0.0
delta1__protein_npx__Q9NQ79,0.01750894154153591,0.0
lag1__protein_npx__P08603,0.0174948427352279,0.0
rollmean2__peptide_mean__P01877,0.01741351005468704,0.0
peptide_std__P08493,0.017390377660631392,0.0
protein_npx__P14314,0.017381610891422785,0.0
missing__protein_npx__P02792,0.017378196233872285,0.0
missing__peptide_mean__P02792,0.017378196233872285,0.0
missing__peptide_count__P02792,0.017378196233872285,0.0
lag1__peptide_log__SGEATDGARPQALPEPMQESK,0.017373467159685463,0.0
rollmean2__peptide_mean__P01591,0.017370644735609446,0.0
missing__protein_npx__P04207,0.0172770384936467,0.0
missing__peptide_mean__P04207,0.0172770384936467,0.0
missing__peptide_count__P04207,0.0172770384936467,0.0
peptide_mean__Q16270,0.017275391142307722,0.0
lag1__peptide_count__P06727,0.0172667142206427,0.0
lag1__protein_npx__P13987,0.01721055891710962,0.0
peptide_count__Q14118,0.017139478678831397,0.0
delta1__protein_npx__P04180,0.017137962394543824,0.0
missing__peptide_std__P14618,0.017135703842512506,0.0
peptide_log__LGPLVEQGR,0.01700078632680491,0.0
delta1__peptide_std__P07225,0.016974538226222795,0.0
lag1__peptide_mean__P54289,0.01689074567823662,0.0
slope1__peptide_std__O00584,0.0168731768412174,0.0
peptide_mean__Q92876,0.01682451985213725,0.0
rollmean2__peptide_log__ILLQGTPVAQMTEDAVDAER,0.016745866892001568,0.0
delta1__peptide_log__NFPPSQDASGDLYTTSSQLTLPATQC(UniMod_4)LAGK,0.016739356340995593,0.0
missing__peptide_std__P01857,0.016688723849831937,0.0
peptide_std__P02750,0.016679420190941235,0.0
lag1__peptide_log__LGADM(UniMod_35)EDVC(UniMod_4)GR,0.01661445854804208,0.0
slope1__peptide_count__P01023,0.016564533588222075,0.0
slope1__protein_npx__P04216,0.016544003470603825,0.0
lag1__peptide_log__LGPLVEQGRVR,0.016526754123634076,0.0
slope1__peptide_std__P02774,0.01650510101549267,0.0
missing__peptide_log__C(UniMod_4)TSTGWIPAPR,0.016500628115361925,0.0
peptide_mean__P23083,0.016469990733493405,0.0
delta1__peptide_log__TPLGDTTHTC(UniMod_4)PR,0.016465758912063064,0.0
slope1__peptide_log__VQAAVGTSAAPVPSDNH,0.01642341716490764,0.0
rollmean2__protein_npx__Q08380,0.016380925736838386,0.0
slope1__peptide_count__P06681,0.01636988178048475,0.0
rollmean2__peptide_std__P08493,0.016365524424362232,0.0
lag1__protein_npx__P00748,0.016353418700823862,0.0
delta1__peptide_mean__P14618,0.01635237788831005,0.0
delta1__peptide_std__P06396,0.016339357507767334,0.0
delta1__peptide_mean__P01011,0.016324253730985408,0.0
slope1__protein_npx__P02652,0.016319289354704284,0.0
peptide_count__P02679,0.016307354892683767,0.0
rollmean2__peptide_std__P02751,0.016307069003933323,0.0
slope1__peptide_log__RLEGQEEEEDNRDSSMK,0.016304772728626717,0.0
delta1__protein_npx__O43505,0.01627884148746428,0.0
rollmean2__peptide_mean__Q9BY67,0.01625515390525259,0.0
peptide_mean__P13671,0.016235503526727892,0.0
rollmean2__protein_npx__P23142,0.016212613040784623,0.0
slope1__peptide_log__TQVNTQAEQLRR,0.016168205881925732,0.0
rollmean2__peptide_count__P02774,0.016163257139414987,0.0
delta1__protein_npx__P02452,0.016143885179115514,0.0
slope1__peptide_count__P02679,0.016132622369808728,0.0
slope1__peptide_mean__Q8NE71,0.016130388164188967,0.0
slope1__peptide_mean__P00746,0.016100362924495012,0.0
slope1__peptide_mean__Q13451,0.01608766256068064,0.0
peptide_count__Q08380,0.016078227611980415,0.0
slope1__peptide_log__LGQSLDC(UniMod_4)NAEVYVVPWEK,0.016065652715991727,0.0
rollmean2__peptide_std__P16870,0.016045659971202733,0.0
slope1__peptide_std__P02790,0.015989708151600817,0.0
delta1__peptide_mean__Q9Y646,0.015984411641370464,0.0
missing__peptide_log__FLATTPNSLLVSWQPPR,0.01597154474140555,0.0
delta1__peptide_mean__Q92876,0.015948490225321677,0.0
lag1__protein_npx__Q7Z3B1,0.015948275331630447,0.0
lag1__peptide_std__Q92823,0.01593150229758616,0.0
slope1__peptide_std__O00533,0.015929362073372446,0.0
rollmean2__peptide_std__P07339,0.01592463339552827,0.0
delta1__protein_npx__Q13740,0.01591640440854005,0.0
slope1__peptide_mean__P01042,0.015912803636607135,0.0
lag1__peptide_mean__P17936,0.015912133864708092,0.0
delta1__peptide_mean__P04217,0.015857451925933984,0.0
slope1__peptide_std__Q9Y6R7,0.015790054307565454,0.0
delta1__peptide_mean__P17174,0.015768606794107017,0.0
lag1__peptide_count__P04217,0.01576720410596313,0.0
delta1__peptide_count__P02679,0.01573892208339515,0.0
lag1__peptide_mean__P00441,0.01568901041413316,0.0
rollmean2__protein_npx__P01009,0.015683945933338255,0.0
delta1__peptide_mean__O00391,0.01567195244886064,0.0
slope1__peptide_mean__P16035,0.015662665807132752,0.0
protein_npx__P08697,0.015662652578621757,0.0
peptide_count__O15394,0.015621385450761053,0.0
peptide_std__P00738,0.015572358753548982,0.0
peptide_log__LQAEAFQAR,0.015563967153637264,0.0
lag1__peptide_mean__P01033,0.015556704098642895,0.0
peptide_log__TLLSNLEEAKK,0.015526330930759408,0.0
delta1__peptide_mean__P04004,0.015495588023738896,0.0
slope1__peptide_count__P05067,0.015483763155081036,0.0
rollmean2__peptide_std__P07711,0.01547566063288416,0.0
lag1__peptide_mean__P61916,0.015475041748534786,0.0
lag1__protein_npx__P04275,0.01547327150626721,0.0
slope1__protein_npx__P05067,0.015448254567330389,0.0
lag1__peptide_std__P08493,0.015443707637534108,0.0
lag1__protein_npx__P08493,0.015436360389363617,0.0
slope1__protein_npx__P02679,0.015433560065054181,0.0
delta1__peptide_mean__Q13332,0.015421999999488302,0.0
peptide_mean__P10451,0.01536365927635076,0.0
lag1__peptide_mean__Q562R1,0.01533637371121563,0.0
rollmean2__peptide_mean__P04275,0.015296933858510508,0.0
missing__peptide_count__Q12907,0.015285590579586571,0.0
missing__protein_npx__Q12907,0.015285590579586571,0.0
missing__peptide_mean__Q12907,0.015285590579586571,0.0
slope1__protein_npx__Q92876,0.015285476092700385,0.0
slope1__peptide_mean__P04211,0.015273824408764184,0.0
slope1__protein_npx__P11142,0.015264677921936594,0.0
delta1__peptide_mean__P01860,0.015260521413863562,0.0
protein_npx__O15240,0.015241877779113441,0.0
rollmean2__protein_npx__O75144,0.015188369843593919,0.0
peptide_mean__Q06481,0.015165562278324623,0.0
peptide_count__P16070,0.015157433513977386,0.0
rollmean2__peptide_std__P01024,0.01512256133480367,0.0
missing__peptide_log__TVVQPSVGAAAGPVVPPC(UniMod_4)PGR,0.015019483720749844,0.0
rollmean2__protein_npx__Q99832,0.014983239013533467,0.0
slope1__peptide_std__P00734,0.01497162448559674,0.0
delta1__protein_npx__P14174,0.014968949632430312,0.0
slope1__peptide_count__Q16610,0.014877099089319442,0.0
slope1__protein_npx__P10451,0.014876705945835548,0.0
delta1__peptide_std__P00748,0.01487062200096496,0.0
lag1__peptide_mean__O14773,0.014864468873090557,0.0
lag1__peptide_count__P54289,0.014836900610875172,0.0
peptide_log__MYYSAVDPTKDIFTGLIGPM(UniMod_35)K,0.014831877741306076,0.0
rollmean2__peptide_count__P02675,0.014771892117350837,0.0
delta1__peptide_mean__P01023,0.014734262826163799,0.0
rollmean2__peptide_mean__P10909,0.014712949395754588,0.0
lag1__peptide_count__Q13740,0.014700381821651197,0.0
lag1__peptide_count__P02656,0.014662289206257641,0.0
peptide_mean__P02792,0.01465948760928719,0.0
missing__peptide_count__Q8N2S1,0.014626377461212673,0.0
missing__peptide_mean__Q8N2S1,0.014626377461212673,0.0
missing__protein_npx__Q8N2S1,0.014626377461212673,0.0
slope1__peptide_mean__P11142,0.014602900836525512,0.0
delta1__peptide_std__P36955,0.01459870658749225,0.0
delta1__protein_npx__Q562R1,0.014588726233227359,0.0
delta1__protein_npx__P06681,0.014588371379050787,0.0
slope1__protein_npx__P01857,0.01458617872046323,0.0
peptide_std__P02656,0.014560869700686506,0.0
lag1__peptide_mean__P20774,0.014521801203506294,0.0
delta1__peptide_log__NFPPSQDASGDLYTTSSQLTLPATQC(UniMod_4)PDGK,0.014491080870677263,0.0
peptide_count__P98160,0.014486671287352936,0.0
peptide_log__GEVQAMLGQSTEELRVR,0.0144861012912662,0.0
missing__peptide_count__Q13740,0.01441034885519002,0.0
missing__protein_npx__Q13740,0.01441034885519002,0.0
missing__peptide_mean__Q13740,0.01441034885519002,0.0
peptide_mean__P20774,0.01440944345200298,0.0
lag1__peptide_log__MASGAANVVGPK,0.014398157602718308,0.0
protein_npx__P60174,0.01439659986179619,0.0
slope1__peptide_mean__P04196,0.01439486375555738,0.0
missing__peptide_log__AATGEC(UniMod_4)TATVGKR,0.014391470963876435,0.0
lag1__peptide_mean__Q9NYU2,0.014389410105184788,0.0
delta1__peptide_log__LC(UniMod_4)MGSGLNLC(UniMod_4)EPNNKEGYYGYTGAFR,0.014387162356465397,0.0
rollmean2__peptide_mean__Q9UHG2,0.014315784434676617,0.0
missing__peptide_count__Q14508,0.014304799901764267,0.0
missing__protein_npx__Q14508,0.014304799901764267,0.0
missing__peptide_mean__Q14508,0.014304799901764267,0.0
lag1__peptide_mean__P04211,0.014281619357235917,0.0
rollmean2__peptide_log__LSKELQAAQAR,0.014274028896607957,0.0
delta1__peptide_mean__Q7Z3B1,0.014250803714257732,0.0
peptide_mean__P01608,0.014242889705769953,0.0
lag1__peptide_log__TPVSDRVTK,0.014239582801636036,0.0
delta1__peptide_mean__P10643,0.014237459715324911,0.0
lag1__protein_npx__P01031,0.014220283939840114,0.0
peptide_count__Q9Y6R7,0.01422021348258441,0.0
lag1__peptide_mean__Q92823,0.014184548693056813,0.0
lag1__peptide_mean__P05546,0.014183951596829959,0.0
lag1__peptide_mean__P07711,0.014170386011201764,0.0
lag1__peptide_std__P02652,0.014157666257693734,0.0
protein_npx__P07602,0.014155247501271045,0.0
slope1__protein_npx__P05408,0.014149949036098317,0.0
slope1__protein_npx__Q6UXB8,0.014129347144215793,0.0
delta1__protein_npx__Q9UKV8,0.014066564026427461,0.0
slope1__peptide_log__ELSSFIDKGQELC(UniMod_4)ADYSENTFTEYK,0.01405445051783593,0.0
rollmean2__peptide_std__P02671,0.014029287441574462,0.0
lag1__peptide_log__LGQSLDC(UniMod_4)NAEVYVVPWEK,0.014019001624005083,0.0
delta1__peptide_std__P00747,0.014017016476776719,0.0
peptide_mean__P01877,0.01401545975524159,0.0
lag1__peptide_log__NPDSSTTGPWC(UniMod_4)YTTDPTVR,0.013985092739047713,0.0
protein_npx__Q13283,0.013972908353113817,0.0
lag1__peptide_mean__P01008,0.013967647897611566,0.0
missing__peptide_mean__P08123,0.013947945443047581,0.0
missing__protein_npx__P08123,0.013947945443047581,0.0
missing__peptide_count__P08123,0.013947945443047581,0.0
rollmean2__protein_npx__P08253,0.013931714551832463,0.0
missing__peptide_std__P98160,0.013903253875984699,0.0
lag1__protein_npx__P09871,0.013859184653427463,0.0
missing__peptide_log__AATVGSLAGQPLQER,0.013848869545769797,0.0
lag1__protein_npx__P07602,0.01384158667384256,0.0
rollmean2__peptide_count__P25311,0.013835764992229237,0.0
delta1__peptide_log__KQELSEAEQATR,0.01380078048625668,0.0
peptide_count__P02774,0.01377222659220263,0.0
peptide_std__O14773,0.013771572711362727,0.0
rollmean2__protein_npx__P02655,0.013755711835644592,0.0
lag1__protein_npx__P49908,0.013754875845387423,0.0
rollmean2__peptide_log__LAVYQAGAR,0.013746788832399423,0.0
peptide_std__P02774,0.013745887704849148,0.0
protein_npx__Q99969,0.01371147473282671,0.0
peptide_log__SGEATDGARPQALPEPMQESK,0.013683963258071094,0.0
rollmean2__peptide_std__P10909,0.013658585909627187,0.0
lag1__peptide_count__P02679,0.013631270498494975,0.0
rollmean2__peptide_mean__Q9Y6R7,0.0136283018242086,0.0
delta1__peptide_mean__Q6UX71,0.01361692742856571,0.0
lag1__months_since_prev_visit,0.013595970751199853,0.0
slope1__protein_npx__P05060,0.013594883668026084,0.0
rollmean2__peptide_std__P12109,0.01354694812479414,0.0
missing__peptide_std__P17174,0.0135456966050675,0.0
rollmean2__protein_npx__P02750,0.013539902141327201,0.0
peptide_std__P02765,0.01353896249944145,0.0
delta1__peptide_std__P01024,0.01353435376615903,0.0
rollmean2__protein_npx__P02652,0.013494147194869974,0.0
rollmean2__protein_npx__Q9Y646,0.013453527634275169,0.0
peptide_log__LSKELQAAQAR,0.01339449493631671,0.0
slope1__peptide_count__P08603,0.013376824125799127,0.0
delta1__current_medication_on,0.013340662280038714,0.0
rollmean2__protein_npx__P07602,0.013318283098842618,0.0
lag1__peptide_std__P01859,0.013214906107002116,0.0
delta1__peptide_mean__P07225,0.013210377619006708,0.0
slope1__peptide_log__C(UniMod_4)TSTGWIPAPR,0.013191776524093646,0.0
delta1__peptide_count__P19823,0.01313645223799692,0.0
slope1__peptide_count__P05156,0.013127852429737888,0.0
missing__peptide_std__P30086,0.013120020054272409,0.0
lag1__peptide_std__P06396,0.013113462377456772,0.0
lag1__peptide_log__ADDKETC(UniMod_4)FAEEGK,0.013107792303526421,0.0
delta1__protein_npx__P04275,0.013086338329892023,0.0
rollmean2__protein_npx__Q16610,0.013068073599582867,0.0
missing__peptide_count__Q99832,0.013019692297323925,0.0
missing__protein_npx__Q99832,0.013019692297323925,0.0
missing__peptide_mean__Q99832,0.013019692297323925,0.0
peptide_std__P07602,0.01297455507411727,0.0
rollmean2__peptide_mean__P10451,0.012970999719645613,0.0
protein_npx__P04217,0.012959911811710915,0.0
delta1__peptide_count__P00736,0.012950803820825935,0.0
peptide_mean__P01033,0.012928986759798755,0.0
protein_npx__P11277,0.012925351397280786,0.0
delta1__peptide_abundance_max,0.012869339976417132,0.0
lag1__peptide_std__Q13740,0.012864357844771942,0.0
delta1__peptide_mean__P08697,0.012854692947011746,0.0
protein_npx__Q7Z3B1,0.012848103112669707,0.0
peptide_count__P30086,0.012847637486049496,0.0
peptide_mean__P02656,0.012846130626786039,0.0
slope1__protein_npx__O14773,0.012821933961902909,0.0
rollmean2__peptide_std__P02750,0.012819013798459108,0.0
slope1__protein_npx__P39060,0.012789569281746592,0.0
peptide_std__O00533,0.012778370147358647,0.0
slope1__protein_npx__P07339,0.012771991338951526,0.0
rollmean2__protein_npx__Q96KN2,0.01276979561232803,0.0
lag1__protein_npx__Q08380,0.012765560867796701,0.0
peptide_log__AATGEC(UniMod_4)TATVGKR,0.012705470092999075,0.0
peptide_count__P01023,0.012618777362973278,0.0
slope1__peptide_log__SSQGGSLPSEEK,0.012613103799268109,0.0
protein_npx__Q08380,0.012612787286456673,0.0
peptide_std__P19652,0.012610421774712574,0.0
peptide_mean__P19652,0.012605783275391838,0.0
delta1__protein_npx__P07998,0.012561608527084236,0.0
delta1__peptide_log__VDNALQSGNSQESVTEQDSKDSTYSLSSTLTLSK,0.012544831273402115,0.0
slope1__peptide_count__P19823,0.012521864216684135,0.0
rollmean2__peptide_mean__P02656,0.012492762268560664,0.0
rollmean2__peptide_count__P36955,0.012468815685552298,0.0
delta1__protein_npx__P01031,0.012448685325878108,0.0
missing__peptide_std__Q06481,0.01241062547415367,0.0
rollmean2__protein_npx__Q12907,0.012401393016600967,0.0
rollmean2__protein_npx__P51884,0.01240131555637305,0.0
delta1__peptide_std__P00736,0.012382853354300533,0.0
slope1__peptide_mean__P55290,0.012374505717592103,0.0
slope1__peptide_count__P01857,0.012365250918243595,0.0
protein_npx__Q12907,0.012346220498926384,0.0
lag1__peptide_std__P14314,0.012318315385606592,0.0
rollmean2__protein_npx__Q9BY67,0.012317295881764095,0.0
delta1__peptide_mean__P16035,0.012295538225653777,0.0
lag1__peptide_mean__P10645,0.01226139481017036,0.0
delta1__peptide_mean__P01009,0.012236333025704767,0.0
slope1__peptide_std__P07998,0.01218334845143693,0.0
lag1__peptide_count__P01034,0.012182663544824258,0.0
rollmean2__protein_npx__Q13332,0.012136987915106798,0.0
protein_npx__Q9BY67,0.012133216646290945,0.0
rollmean2__peptide_mean__P00747,0.012074955290450235,0.0
delta1__peptide_mean__P01031,0.012052326729708117,0.0
slope1__peptide_count__P02649,0.011906520060106108,0.0
delta1__protein_npx__P36222,0.011882601597850028,0.0
lag1__protein_npx__P10643,0.011868266020617366,0.0
missing__peptide_count__Q99683,0.011863906080953324,0.0
missing__protein_npx__Q99683,0.011863906080953324,0.0
missing__peptide_mean__Q99683,0.011863906080953324,0.0
rollmean2__protein_npx__P02790,0.011835850694717044,0.0
delta1__peptide_mean__P06396,0.011824364178508587,0.0
slope1__peptide_mean__P02748,0.011814070800134151,0.0
peptide_count__P55290,0.011811316949058416,0.0
peptide_mean__P05408,0.011770370059186176,0.0
peptide_count__P20774,0.011717271858983976,0.0
lag1__peptide_mean__Q9UHG2,0.011710963952517025,0.0
slope1__protein_npx__Q8NBJ4,0.011684565284114993,0.0
rollmean2__peptide_mean__P02790,0.0116674040172493,0.0
delta1__peptide_count__P01019,0.011662195185716122,0.0
lag1__protein_npx__P10909,0.011641871104099403,0.0
delta1__protein_npx__P11142,0.011635058961165328,0.0
delta1__peptide_log__LFDSDPITVTVPVEVSR,0.01162250808248386,0.0
slope1__peptide_mean__P08294,0.011618376631522773,0.0
delta1__peptide_std__P04196,0.011563872035312516,0.0
delta1__peptide_std__Q12907,0.011558906168290452,0.0
peptide_mean__Q9Y6R7,0.011540063997111123,0.0
delta1__peptide_mean__Q9BY67,0.011525308984796924,0.0
lag1__peptide_log__TSPVDEKALQDQLVLVAAK,0.011513144739643552,0.0
delta1__protein_npx__P05156,0.011504541474315464,0.0
rollmean2__protein_npx__P02774,0.011501422003585093,0.0
rollmean2__peptide_abundance_max,0.011497936641476952,0.0
peptide_count__P43652,0.011429745439589042,0.0
rollmean2__peptide_mean__P54289,0.011429624374043585,0.0
lag1__peptide_count__P02647,0.01142116241751846,0.0
rollmean2__peptide_log__TDASDVKPC(UniMod_4),0.011309462414035193,0.0
protein_npx__Q99435,0.011294982540780422,0.0
slope1__protein_npx__Q13740,0.01128072229255596,0.0
slope1__peptide_log__HYTNPSQDVTVPC(UniMod_4)PVPPPPPC(UniMod_4)C(UniMod_4)HPR,0.011276356496158213,0.0
missing__peptide_log__GEVQAMLGQSTEELR,0.011275399021615047,0.0
slope1__peptide_mean__P01877,0.011271795736569262,0.0
peptide_std__P01009,0.011220222194255804,0.0
lag1__peptide_abundance_min,0.011208007573377882,0.0
delta1__peptide_std__Q9Y6R7,0.01120334059579302,0.0
lag1__peptide_mean__P05156,0.01118784033602223,0.0
delta1__peptide_std__Q08380,0.011137779415059319,0.0
delta1__peptide_log__VGYVSGWGR,0.011120783622374834,0.0
lag1__protein_npx__P13611,0.011052148816939748,0.0
lag1__peptide_mean__P07339,0.011049038174180426,0.0
delta1__peptide_count__P01860,0.011044562308301791,0.0
delta1__peptide_log__C(UniMod_4)IIEVLSNALSK,0.011034665865880616,0.0
missing__peptide_count__Q8IWV7,0.011033076278789715,0.0
missing__protein_npx__Q8IWV7,0.011033076278789715,0.0
missing__peptide_log__ILTC(UniMod_4)M(UniMod_35)QGMEEIR,0.011033076278789715,0.0
missing__peptide_mean__Q8IWV7,0.011033076278789715,0.0
peptide_std__P55290,0.01103037646454888,0.0
protein_npx__P41222,0.01101805174578903,0.0
lag1__peptide_std__P01034,0.010997622429317828,0.0
lag1__peptide_mean__P36955,0.010995230209443856,0.0
rollmean2__peptide_count__P51884,0.010965277167101493,0.0
delta1__peptide_log__TLLSNLEEAKK,0.010907056440614299,0.0
rollmean2__months_since_baseline,0.01090290191726293,0.0
lag1__peptide_count__P00441,0.010876719898527527,0.0
peptide_count__Q9UBX5,0.01086027945966107,0.0
slope1__peptide_count__P01024,0.010837677881547707,0.0
lag1__protein_npx__Q14118,0.010834866130675556,0.0
protein_npx__P01034,0.010820886554373165,0.0
peptide_mean__P17174,0.01081682059323415,0.0
rollmean2__peptide_mean__P16870,0.010805756848791233,0.0
slope1__peptide_count__P51884,0.010794224601864364,0.0
missing__peptide_std__P05156,0.01078353688367995,0.0
peptide_log__C(UniMod_4)TSTGWIPAPR,0.010776807079709039,0.0
rollmean2__peptide_mean__P04216,0.010761090687302865,0.0
rollmean2__peptide_std__P01859,0.010756564856543162,0.0
lag1__peptide_mean__Q14515,0.010714936902075667,0.0
lag1__peptide_log__VTLTC(UniMod_4)VAPLSGVDFQLR,0.010710911475215086,0.0
lag1__peptide_std__P02452,0.010700134876580093,0.0
protein_npx__P51884,0.010697923695463794,0.0
rollmean2__peptide_log__MASGAANVVGPK,0.010675049106661949,0.0
delta1__peptide_mean__P11142,0.01065342191304846,0.0
peptide_mean__P55290,0.010628908958022223,0.0
lag1__protein_npx__P05060,0.010574087678614464,0.0
lag1__protein_npx__P08294,0.010565664844170904,0.0
missing__peptide_mean__P01780,0.01055459586892265,0.0
missing__peptide_count__P01780,0.01055459586892265,0.0
missing__protein_npx__P01780,0.01055459586892265,0.0
delta1__peptide_std__P06727,0.010527303827197819,0.0
slope1__protein_npx__P24592,0.010511439052712549,0.0
lag1__protein_npx__P19827,0.010493146147533017,0.0
delta1__peptide_mean__P00441,0.010466596324610033,0.0
slope1__peptide_log__KAADDTWEPFASGK,0.010462298684113315,0.0
slope1__peptide_count__P02765,0.010441984029356186,0.0
rollmean2__peptide_log__SLAAAAGKQELAK,0.010429148811189181,0.0
rollmean2__peptide_mean__P61278,0.010429148811189181,0.0
protein_npx__P02790,0.01042555533545299,0.0
peptide_mean__P05452,0.010423546459301604,0.0
lag1__peptide_mean__P13987,0.010413645077538712,0.0
peptide_log__MASGAANVVGPK,0.010406957343759772,0.0
rollmean2__peptide_std__O00584,0.010345955490604986,0.0
peptide_mean__P35542,0.010329903230213993,0.0
peptide_log__KAADDTWEPFASGK,0.010322704290928257,0.0
missing__protein_npx__Q562R1,0.010322480768522298,0.0
missing__peptide_count__Q562R1,0.010322480768522298,0.0
missing__peptide_mean__Q562R1,0.010322480768522298,0.0
slope1__peptide_std__P00747,0.010295821552246115,0.0
slope1__protein_npx__P18065,0.010279180791570204,0.0
rollmean2__peptide_mean__Q9Y646,0.010256910411593228,0.0
slope1__protein_npx__Q9UBR2,0.010250117241420734,0.0
delta1__peptide_mean__O43505,0.010243817840828597,0.0
rollmean2__peptide_mean__Q16270,0.010222420998851161,0.0
lag1__peptide_log__KVEQAVETEPEPELR,0.010214268632581165,0.0
peptide_mean__Q12841,0.010175390464593956,0.0
missing__peptide_mean__P43251,0.010133367440909315,0.0
missing__peptide_count__P43251,0.010133367440909315,0.0
missing__protein_npx__P43251,0.010133367440909315,0.0
peptide_log__ELDESLQVAER,0.010129178520399051,0.0
delta1__peptide_log__SSQGGSLPSEEK,0.010116023530089736,0.0
peptide_log__GSPAINVAVHVFRK,0.010105075036727423,0.0
lag1__peptide_mean__P35542,0.010035194177961825,0.0
slope1__peptide_std__P05060,0.010034174123400649,0.0
rollmean2__peptide_mean__P01594,0.010005720856686575,0.0
slope1__peptide_count__P00738,0.009972635779137224,0.0
slope1__peptide_mean__O75326,0.009970870777254063,0.0
lag1__protein_npx__P01042,0.009965454827585225,0.0
rollmean2__peptide_count__P06396,0.009928379291746567,0.0
delta1__current_medication_unknown,0.009883165030783242,0.0
delta1__peptide_std__O94919,0.009867668806382074,0.0
lag1__protein_npx__P23142,0.009866093747207288,0.0
peptide_log__LC(UniMod_4)MGSGLNLC(UniMod_4)EPNNKEGYYGYTGAFR,0.009842495069604324,0.0
lag1__peptide_log__LIADLGSTSITNLGFR,0.00981487008981851,0.0
slope1__protein_npx__P14618,0.009800053332589934,0.0
rollmean2__peptide_count__P00746,0.009785866617770166,0.0
peptide_std__P00746,0.009782379494885996,0.0
rollmean2__peptide_mean__Q06481,0.009780644370314232,0.0
missing__peptide_std__P00736,0.009775811817450002,0.0
missing__peptide_count__P35542,0.009764234148386243,0.0
missing__peptide_mean__P35542,0.009764234148386243,0.0
missing__protein_npx__P35542,0.009764234148386243,0.0
slope1__peptide_mean__P14618,0.00974647148055206,0.0
lag1__peptide_mean__P14174,0.009745345159714734,0.0
peptide_std__P02751,0.009737210652013845,0.0
slope1__protein_npx__P04196,0.009700629685777633,0.0
rollmean2__protein_npx__Q7Z3B1,0.009697389088323788,0.0
rollmean2__peptide_count__Q9Y6R7,0.009696085556630913,0.0
delta1__peptide_count__P18065,0.009653766477603548,0.0
lag1__protein_npx__P36955,0.009646022164042601,0.0
slope1__peptide_log__AYKSELEEQLTPVAEETR,0.009630388975788832,0.0
missing__protein_npx__P06454,0.009606985478821167,0.0
missing__peptide_count__P06454,0.009606985478821167,0.0
missing__peptide_mean__P06454,0.009606985478821167,0.0
missing__peptide_std__P07711,0.00960256811765728,0.0
protein_npx__P20933,0.009573269134241504,0.0
delta1__peptide_std__P02763,0.009500205382969206,0.0
protein_npx__P16035,0.00948575840197,0.0
peptide_mean__P02675,0.009484887384418994,0.0
delta1__peptide_log__VC(UniMod_4)PFAGILENGAVR,0.009482432334069103,0.0
rollmean2__peptide_std__O00533,0.009470376738504987,0.0
delta1__peptide_count__P19652,0.009437955193800536,0.0
lag1__peptide_log__FLATTPNSLLVSWQPPR,0.00942789266114201,0.0
rollmean2__peptide_mean__P17174,0.009424575318300361,0.0
slope1__protein_npx__P36222,0.009412309986528816,0.0
delta1__peptide_log__LGADMEDVC(UniMod_4)GR,0.009385586990451158,0.0
peptide_mean__Q14515,0.009354294216051195,0.0
delta1__peptide_mean__Q14118,0.00932573252854549,0.0
rollmean2__peptide_mean__Q12805,0.009319630699832718,0.0
rollmean2__current_updrs_4,0.00930172030527065,0.0
protein_npx__P01594,0.009276794936622416,0.0
delta1__peptide_count__P02790,0.009263183210855758,0.0
delta1__peptide_log__VTLTC(UniMod_4)VAPLSGVDFQLR,0.009201380836034133,0.0
delta1__peptide_count__P02765,0.009196514461618451,0.0
lag1__peptide_mean__P04216,0.009189040847269653,0.0
slope1__peptide_mean__Q92876,0.009180589075242319,0.0
delta1__protein_npx__P80748,0.009169360366398491,0.0
slope1__protein_npx__P23083,0.009159448843613704,0.0
rollmean2__peptide_mean__P13671,0.009153320606767925,0.0
peptide_std__P02671,0.009148698558185111,0.0
rollmean2__peptide_mean__P24592,0.009081154136472544,0.0
delta1__protein_npx__P01859,0.009078287149397648,0.0
slope1__peptide_count__P04180,0.00906254632187355,0.0
lag1__protein_npx__P05067,0.009024409145204096,0.0
slope1__peptide_mean__Q9BY67,0.008996896685359556,0.0
delta1__peptide_count__P07225,0.008956435716360974,0.0
delta1__peptide_log__SPVGVQPILNEHTFC(UniMod_4)AGMSK,0.008894335118814429,0.0
delta1__peptide_log__SC(UniMod_4)DTPPPC(UniMod_4)PR,0.00888070720766939,0.0
peptide_std__P05546,0.008876017679538259,0.0
protein_npx__P01608,0.008860673735008904,0.0
rollmean2__peptide_log__C(UniMod_4)IIEVLSNALSK,0.008841408797988202,0.0
protein_npx__P02679,0.008835873210730216,0.0
lag1__peptide_mean__P05067,0.008806471203868457,0.0
lag1__protein_npx__P05156,0.008730466936686132,0.0
slope1__peptide_mean__P10909,0.008721366951294978,0.0
missing__protein_npx__P27169,0.008713408421482209,0.0
missing__peptide_count__P27169,0.008713408421482209,0.0
missing__peptide_mean__P27169,0.008713408421482209,0.0
slope1__peptide_mean__P27169,0.008705716085212898,0.0
slope1__protein_npx__P13671,0.008699278634385034,0.0
delta1__peptide_log__LGADM(UniMod_35)EDVC(UniMod_4)GR,0.008665977079870574,0.0
slope1__protein_npx__O15394,0.008649133280455985,0.0
rollmean2__peptide_count__Q96KN2,0.008616713079134416,0.0
delta1__peptide_mean__P01024,0.008613304084755092,0.0
lag1__protein_npx__P02671,0.008599497397565126,0.0
months_since_baseline,0.008543825888410992,0.0
peptide_std__P01857,0.008492985364483101,0.0
slope1__peptide_count__P02787,0.008462519451968221,0.0
delta1__protein_npx__P13611,0.008454781828432956,0.0
rollmean2__peptide_log__LGPLVEQGR,0.00840981503454674,0.0
protein_npx__Q13451,0.008400797637689118,0.0
delta1__peptide_count__P02774,0.008391980208775032,0.0
protein_npx__Q9NYU2,0.008390615626153671,0.0
protein_npx__P01023,0.008376682668411028,0.0
rollmean2__peptide_std__P02774,0.008373063027074643,0.0
slope1__peptide_std__Q92520,0.00834702273453811,0.0
rollmean2__protein_npx__Q12841,0.008329428057297123,0.0
delta1__protein_npx__P05155,0.008320914223281786,0.0
protein_npx__P23142,0.008300329250658775,0.0
rollmean2__peptide_log__GC(UniMod_4)PTEEGC(UniMod_4)GER,0.008295187955593529,0.0
slope1__peptide_mean__P31997,0.008282934171416213,0.0
delta1__protein_npx__Q7Z3B1,0.008146485242128904,0.0
slope1__peptide_log__MASGAANVVGPK,0.008138860833808452,0.0
rollmean2__protein_npx__P01833,0.00813879746736379,0.0
delta1__peptide_count__O00584,0.008089869607012882,0.0
slope1__peptide_std__P10643,0.008082245935861638,0.0
missing__peptide_std__P01877,0.008077047410800616,0.0
delta1__peptide_count__Q12907,0.008070341178032573,0.0
lag1__peptide_count__P02763,0.008063947699124482,0.0
peptide_log__TSAHGNVAEGETKPDPDVTER,0.00806046450358258,0.0
delta1__peptide_count__P04217,0.008030049096771378,0.0
delta1__peptide_mean__P07333,0.007987948538508271,0.0
slope1__peptide_count__P14314,0.007983125896597889,0.0
lag1__peptide_mean__Q9UNU6,0.007957292516414206,0.0
lag1__peptide_count__P19652,0.007928569719081577,0.0
delta1__peptide_mean__P55290,0.007890730809859836,0.0
delta1__peptide_abundance_mean,0.00788864442591651,0.0
rollmean2__peptide_log__QKVEPLRAELQEGAR,0.00785879023041597,0.0
lag1__protein_npx__P13521,0.007841634322749827,0.0
slope1__protein_npx__P20774,0.007838171869820401,0.0
delta1__peptide_mean__P51884,0.007834192601997409,0.0
rollmean2__peptide_mean__P01608,0.007830727808437328,0.0
delta1__peptide_mean__P13611,0.007816249188586486,0.0
rollmean2__protein_npx__Q9UKV8,0.007772942078710324,0.0
delta1__peptide_mean__Q96BZ4,0.007731569261341259,0.0
peptide_count__Q96KN2,0.007720975354317766,0.0
delta1__peptide_count__P23142,0.007655703771314024,0.0
slope1__peptide_mean__P98160,0.007651574902086138,0.0
delta1__protein_npx__P20774,0.0076217625522052145,0.0
missing__peptide_count__Q96S96,0.007617681093642564,0.0
missing__protein_npx__Q96S96,0.007617681093642564,0.0
missing__peptide_mean__Q96S96,0.007617681093642564,0.0
lag1__peptide_std__P20774,0.007607887228642198,0.0
protein_npx__P02787,0.007595128957142538,0.0
delta1__peptide_std__P08294,0.007575244666083617,0.0
delta1__protein_npx__P00738,0.007569529574038009,0.0
rollmean2__protein_npx__Q02818,0.007554478251122217,0.0
delta1__peptide_mean__P04433,0.007533639772136125,0.0
slope1__peptide_std__P02679,0.007511064791019362,0.0
rollmean2__peptide_mean__Q15904,0.007496293299403788,0.0
rollmean2__peptide_abundance_mean,0.007489534957202352,0.0
rollmean2__peptide_count__P36222,0.007478143126659123,0.0
rollmean2__peptide_mean__P43251,0.007428012619987238,0.0
lag1__peptide_mean__P04207,0.007418514343210161,0.0
lag1__peptide_std__O15394,0.007416629217980409,0.0
peptide_count__P02768,0.0073642559208524205,0.0
rollmean2__peptide_mean__Q02818,0.0073505191384585404,0.0
slope1__peptide_mean__O15240,0.007314801782623512,0.0
rollmean2__peptide_mean__P02747,0.0072443273630364066,0.0
slope1__peptide_count__P02760,0.007200728596269558,0.0
rollmean2__peptide_mean__P08493,0.007157973234984138,0.0
lag1__peptide_mean__Q96PD5,0.007157471761635904,0.0
slope1__peptide_mean__P04156,0.007150065753561384,0.0
rollmean2__protein_npx__O14498,0.007115752959634295,0.0
slope1__protein_npx__P17936,0.007109932216518863,0.0
lag1__peptide_log__SPVGVQPILNEHTFC(UniMod_4)AGMSK,0.007084936828530323,0.0
lag1__peptide_count__P08294,0.00705854104625162,0.0
rollmean2__peptide_mean__P02751,0.007053472546218095,0.0
slope1__peptide_mean__O14773,0.007049318035051115,0.0
lag1__protein_npx__P07998,0.007028986310207928,0.0
slope1__protein_npx__Q9HDC9,0.0070192459379918365,0.0
lag1__peptide_mean__P02760,0.007015996487583554,0.0
slope1__protein_npx__Q9BY67,0.006992314622409655,0.0
delta1__peptide_log__GEVQAMLGQSTEELR,0.0069272710331699005,0.0
lag1__protein_npx__P20933,0.006863765492009108,0.0
delta1__peptide_mean__O75326,0.006756191385281779,0.0
slope1__visit_index,0.00675570984785808,0.0
peptide_count__P08697,0.006748716803612176,0.0
missing__peptide_mean__Q9UBR2,0.0067217987352354925,0.0
missing__protein_npx__Q9UBR2,0.0067217987352354925,0.0
missing__peptide_count__Q9UBR2,0.0067217987352354925,0.0
delta1__peptide_count__P07998,0.006714600419252304,0.0
protein_npx__P01033,0.006693501821585403,0.0
delta1__peptide_count__P55290,0.00668214709424491,0.0
lag1__peptide_mean__O00533,0.006642007624398979,0.0
peptide_std__P01008,0.006608293157339649,0.0
rollmean2__peptide_log__GEVQAMLGQSTEELRVR,0.006599515891470186,0.0
slope1__peptide_count__P02675,0.00656447364617337,0.0
slope1__peptide_count__Q14624,0.006557018191171339,0.0
peptide_std__P05060,0.00653721564543239,0.0
slope1__peptide_log__C(UniMod_4)IIEVLSNALSK,0.006508156305061453,0.0
rollmean2__peptide_count__O00584,0.006507644549025487,0.0
delta1__protein_npx__P06727,0.006476526286150548,0.0
rollmean2__protein_npx__O75326,0.006460096950789842,0.0
lag1__peptide_mean__P05155,0.006449386556284997,0.0
lag1__protein_npx__Q96KN2,0.00643655240377434,0.0
slope1__peptide_abundance_mean,0.006432925176534849,0.0
delta1__peptide_count__P17174,0.006414816455191764,0.0
lag1__peptide_mean__P01834,0.00640057196390299,0.0
protein_npx__P01009,0.00639347765212713,0.0
lag1__peptide_count__O15394,0.0063832016073275795,0.0
lag1__peptide_count__P02787,0.006373976397599924,0.0
rollmean2__peptide_mean__P02649,0.006350430010440167,0.0
slope1__peptide_mean__O00391,0.006350264159416359,0.0
missing__peptide_std__O00584,0.0063404649488496044,0.0
peptide_mean__O60888,0.006322788457811714,0.0
lag1__peptide_std__Q06481,0.006290991649437861,0.0
slope1__protein_npx__Q13332,0.006258839390954034,0.0
lag1__peptide_abundance_sum,0.006222290526583506,0.0
rollmean2__protein_npx__P49588,0.0061973407022517584,0.0
lag1__protein_npx__Q9UBR2,0.006177356082336113,0.0
delta1__peptide_count__P02748,0.00613110663383216,0.0
lag1__peptide_std__P05090,0.006118602009652913,0.0
lag1__protein_npx__P07333,0.0060935159698220255,0.0
lag1__protein_npx__P61916,0.006083789460421935,0.0
rollmean2__protein_npx__P80748,0.00607445798611611,0.0
peptide_abundance_min,0.006063577436463358,0.0
slope1__protein_npx__P43121,0.0060635175798008315,0.0
slope1__peptide_std__P06681,0.006062184408371445,0.0
lag1__peptide_count__P02766,0.006061703588615225,0.0
lag1__protein_npx__Q99829,0.006030806190297879,0.0
delta1__peptide_mean__P05156,0.0060030765568022185,0.0
delta1__peptide_mean__P01042,0.005973284274908676,0.0
rollmean2__peptide_mean__Q13451,0.005927016890289848,0.0
missing__peptide_log__YVMLPVADQDQC(UniMod_4)IR,0.005888171245834636,0.0
lag1__peptide_mean__P01344,0.005869531209797645,0.0
peptide_std__P08571,0.005836120080360267,0.0
slope1__protein_npx__P49588,0.005752483269452005,0.0
slope1__peptide_std__P43121,0.005743647017301926,0.0
rollmean2__peptide_log__EILSVDC(UniMod_4)STNNPSQAK,0.005635387068740233,0.0
delta1__peptide_mean__P04207,0.005606094175793667,0.0
delta1__peptide_mean__P02790,0.005605105297099661,0.0
peptide_mean__P00747,0.005575596273403042,0.0
delta1__peptide_std__P41222,0.0055674286851578785,0.0
slope1__peptide_count__P00747,0.005536839335958731,0.0
missing__peptide_std__Q14118,0.0055356214714264995,0.0
delta1__protein_npx__P07602,0.005435576639495632,0.0
rollmean2__protein_npx__P01608,0.005431529422505225,0.0
lag1__protein_npx__P43652,0.005422366352268969,0.0
slope1__peptide_mean__P02774,0.005417232738114542,0.0
protein_npx__P05452,0.005406782397159052,0.0
peptide_abundance_mean,0.005397416294544663,0.0
rollmean2__peptide_mean__P17936,0.0053876935058421805,0.0
peptide_count__O94919,0.005373713361205475,0.0
missing__peptide_std__O94919,0.005373713361205475,0.0
peptide_mean__P01621,0.005371357655232768,0.0
slope1__protein_npx__P00751,0.005339536714179096,0.0
slope1__peptide_std__P01034,0.005328273980738964,0.0
delta1__protein_npx__Q7Z5P9,0.005317242973793659,0.0
slope1__peptide_mean__P07858,0.005316130722419234,0.0
delta1__protein_npx__P04207,0.0052976597868029055,0.0
slope1__peptide_mean__Q9NQ79,0.005286665037671763,0.0
peptide_mean__Q13451,0.005283442909153066,0.0
delta1__peptide_log__TKEEYGHSEVVEYYC(UniMod_4)NPR,0.005242490831136987,0.0
slope1__peptide_count__P02671,0.005241281639131491,0.0
delta1__peptide_log__SEALAVDGAGKPGAEEAQDPEGK,0.00523347551178243,0.0
slope1__peptide_log__VLLDQLR,0.005227921679021522,0.0
slope1__peptide_mean__Q9HDC9,0.005227921679021522,0.0
rollmean2__protein_npx__P14314,0.005189738187627859,0.0
rollmean2__protein_npx__P00747,0.005161244556025084,0.0
slope1__peptide_mean__P01031,0.005159325710857638,0.0
delta1__peptide_log__HGGLYHENMR,0.00513586859578054,0.0
peptide_std__P36955,0.005103441371176756,0.0
peptide_mean__P01780,0.005073079656368069,0.0
delta1__peptide_std__Q14515,0.005069293288235058,0.0
peptide_std__P06396,0.005067625992824916,0.0
lag1__peptide_std__P04075,0.005067363664701843,0.0
slope1__peptide_mean__Q92520,0.0050532252602216365,0.0
rollmean2__peptide_log__TSAHGNVAEGETKPDPDVTER,0.0050516934555811166,0.0
delta1__peptide_log__ANRPFLVFIR,0.004984239989302223,0.0
missing__peptide_log__AVGDKLPEC(UniMod_4)EADDGC(UniMod_4)PKPPEIAHGYVEHSVR,0.004971604088328174,0.0
rollmean2__protein_npx__O94919,0.004911223945549612,0.0
rollmean2__peptide_std__P07602,0.004876763345270642,0.0
protein_npx__Q92520,0.004829862868219387,0.0
rollmean2__peptide_count__P08571,0.004812927306606348,0.0
lag1__peptide_mean__P14618,0.004797137435067519,0.0
rollmean2__protein_npx__P13671,0.004792965927605394,0.0
lag1__peptide_mean__P49588,0.004783776211896195,0.0
slope1__protein_npx__O00391,0.004774703810962241,0.0
lag1__peptide_std__P01019,0.004744644184207215,0.0
rollmean2__peptide_log__SGEATDGARPQALPEPMQESK,0.0047298378913728035,0.0
slope1__peptide_std__P13987,0.004726308824037203,0.0
slope1__peptide_std__P02766,0.0047139971366575864,0.0
lag1__peptide_count__P07602,0.004704943145159312,0.0
slope1__peptide_mean__P02655,0.004687797193348644,0.0
lag1__peptide_log__HYEGSTVPEK,0.0046860531592765615,0.0
slope1__protein_npx__Q9UKV8,0.004684562353642197,0.0
slope1__protein_npx__P04180,0.004676464394239276,0.0
rollmean2__peptide_count__P02787,0.004661233541820757,0.0
peptide_count__P08603,0.004648428614731088,0.0
delta1__peptide_std__P01042,0.004646774004042353,0.0
peptide_mean__P23142,0.004646635370789268,0.0
delta1__protein_npx__Q13332,0.004608688363897186,0.0
slope1__protein_npx__P13521,0.004592951138878772,0.0
rollmean2__protein_npx__P01034,0.004568492940246213,0.0
slope1__peptide_log__SEALAVDGAGKPGAEEAQDPEGK,0.004544016063777594,0.0
slope1__peptide_mean__P04004,0.004542611201013672,0.0
lag1__peptide_std__P02766,0.004538470139769412,0.0
slope1__protein_npx__P11277,0.00450548159409355,0.0
delta1__peptide_log__AATGEC(UniMod_4)TATVGKR,0.004495132869301285,0.0
lag1__peptide_count__Q92520,0.004482168684152926,0.0
lag1__peptide_count__P01042,0.0044312741795875694,0.0
slope1__protein_npx__P01608,0.00440649451213637,0.0
lag1__protein_npx__P25311,0.004401403344773145,0.0
slope1__protein_npx__Q99435,0.004396877841548181,0.0
rollmean2__peptide_log__ADDKETC(UniMod_4)FAEEGK,0.00433709761497649,0.0
rollmean2__peptide_mean__P01031,0.0043255133862136535,0.0
missing__peptide_std__O75144,0.004260358431574078,0.0
slope1__protein_npx__Q96BZ4,0.004258667646623214,0.0
peptide_std__O00584,0.0042038915557531436,0.0
delta1__peptide_count__P13987,0.0041256586880987585,0.0
slope1__peptide_std__P05155,0.004120076716868387,0.0
delta1__peptide_count__P02760,0.004085771951924778,0.0
lag1__peptide_count__P05067,0.004043974151289352,0.0
slope1__peptide_mean__Q99832,0.004026872028412655,0.0
lag1__peptide_count__P00747,0.0040043907203894105,0.0
lag1__protein_npx__P02652,0.003990061066066422,0.0
rollmean2__peptide_std__P00738,0.0039890801383629495,0.0
delta1__peptide_std__P02774,0.003961705207361642,0.0
rollmean2__peptide_std__P05452,0.003913352220714787,0.0
delta1__peptide_log__KAADDTWEPFASGK,0.003913104784888611,0.0
peptide_std__P08294,0.003893901521154561,0.0
lag1__peptide_log__LAVYQAGAR,0.0038921595911116423,0.0
lag1__protein_npx__P04406,0.0038846176671269834,0.0
delta1__peptide_mean__P80748,0.0038563503282063767,0.0
slope1__peptide_mean__P04433,0.0038516280601059057,0.0
delta1__peptide_mean__P02774,0.0038035699877324095,0.0
lag1__peptide_log__GSPAINVAVHVFRK,0.003800999609420542,0.0
rollmean2__peptide_log__LRTEGDGVYTLNNEK,0.003795484784697522,0.0
delta1__peptide_mean__O14773,0.003776352530975009,0.0
delta1__protein_npx__P00751,0.003771313497977978,0.0
peptide_mean__P02647,0.0037539249472027195,0.0
delta1__peptide_mean__P25311,0.0037091953115636527,0.0
delta1__peptide_log__LSSWVLLM(UniMod_35)K,0.0036935783790282483,0.0
lag1__peptide_mean__Q08380,0.0036628574560226717,0.0
slope1__protein_npx__O75144,0.003656961995506732,0.0
protein_npx__P02792,0.0036209115564710135,0.0
lag1__peptide_mean__P49908,0.0036192543182825185,0.0
slope1__peptide_mean__P01024,0.0036094233799486733,0.0
delta1__protein_npx__O00391,0.0035745869128034403,0.0
protein_npx__P04075,0.0035455752638923212,0.0
slope1__peptide_mean__Q13332,0.0035430281618553786,0.0
delta1__peptide_log__LQAEAFQAR,0.003520424187700001,0.0
lag1__protein_npx__P01591,0.003494334752278908,0.0
peptide_log__C(UniMod_4)VDVDEC(UniMod_4)APPAEPC(UniMod_4)GK,0.003490815538825368,0.0
delta1__peptide_count__P04180,0.003489885804256793,0.0
delta1__peptide_std__P07602,0.003477279376602403,0.0
lag1__peptide_count__Q96PD5,0.0034726393963803756,0.0
delta1__protein_npx__P14618,0.003464705921636976,0.0
missing__peptide_std__P02747,0.003444295761620187,0.0
delta1__peptide_std__P00751,0.0034235210919669264,0.0
peptide_std__P09871,0.0034227111246258666,0.0
lag1__peptide_log__ELSSFIDKGQELC(UniMod_4)ADYSENTFTEYK,0.003415450755761833,0.0
peptide_log__HYTNPSQDVTVPC(UniMod_4)PVPPPPPC(UniMod_4)C(UniMod_4)HPR,0.003397031549948999,0.0
lag1__peptide_std__P19652,0.0033820319995569144,0.0
protein_npx__P02748,0.003364331851906157,0.0
slope1__peptide_count__Q08380,0.00335670502908737,0.0
protein_npx__P08637,0.003342391492435074,0.0
delta1__protein_npx__P43121,0.00333642173866482,0.0
peptide_log__EDSLEAGLPLQVR,0.0033331488527751215,0.0
missing__peptide_mean__O14773,0.0033286032521004654,0.0
missing__protein_npx__O14773,0.0033286032521004654,0.0
missing__peptide_count__O14773,0.0033286032521004654,0.0
peptide_count__P07998,0.0032864992919257683,0.0
rollmean2__peptide_std__P00747,0.0032721564635503856,0.0
delta1__peptide_mean__P08294,0.003253265621719589,0.0
delta1__peptide_log__QQETAAAETETR,0.0032424110367639657,0.0
delta1__peptide_std__P01009,0.003233538051845602,0.0
slope1__peptide_count__P41222,0.0032211042649299628,0.0
delta1__peptide_mean__P00746,0.0032150662052395276,0.0
rollmean2__peptide_std__P02768,0.00321406390974652,0.0
lag1__current_updrs_1,0.0031687949345801784,0.0
rollmean2__peptide_log__SC(UniMod_4)DTPPPC(UniMod_4)PR,0.0030349453986923372,0.0
slope1__has_previous_visit,0.0029991083655271002,0.0
slope1__peptide_log__VGYVSGWGR,0.0029804836664426007,0.0
slope1__peptide_mean__P01608,0.0029498239219806683,0.0
slope1__peptide_count__P98160,0.0028837146887466625,0.0
slope1__peptide_log__LSSWVLLM(UniMod_35)K,0.0028609272973028504,0.0
lag1__peptide_std__P02749,0.002856259764712292,0.0
lag1__protein_npx__Q99969,0.0028338302059168073,0.0
lag1__peptide_mean__P01860,0.002832099571764202,0.0
slope1__peptide_log__WELALGR,0.0027745497887997827,0.0
rollmean2__peptide_log__VMPIC(UniMod_4)LPSKDYAEVGR,0.0027389322000759128,0.0
delta1__peptide_std__Q9UHG2,0.002677224519559414,0.0
peptide_mean__P04216,0.0026725266574485467,0.0
lag1__peptide_mean__P07333,0.0026127511639121104,0.0
peptide_mean__P07225,0.002609462140368256,0.0
slope1__peptide_log__C(UniMod_4)C(UniMod_4)VEC(UniMod_4)PPC(UniMod_4)PAPPVAGPSVFLFPPKPK,0.0025571332191408024,0.0
rollmean2__protein_npx__Q99829,0.0025522572606072732,0.0
rollmean2__peptide_count__Q16610,0.002514996261745413,0.0
delta1__protein_npx__P04217,0.002505979493363055,0.0
missing__peptide_log__LC(UniMod_4)MGSGLNLC(UniMod_4)EPNNKEGYYGYTGAFR,0.0024843258202221193,0.0
delta1__peptide_observation_count,0.0024520813369240933,0.0
protein_npx__Q96KN2,0.002440766685059174,0.0
peptide_count__P14618,0.0024248180832552764,0.0
lag1__peptide_std__Q96PD5,0.00239996479113497,0.0
delta1__peptide_log__C(UniMod_4)REILSVDC(UniMod_4)STNNPSQAK,0.0023748619747612026,0.0
slope1__protein_npx__P01024,0.0023682258648482627,0.0
slope1__protein_npx__P10909,0.0023216992577374225,0.0
rollmean2__protein_npx__Q13451,0.002321447774355093,0.0
rollmean2__peptide_mean__P07602,0.0023197716074343042,0.0
slope1__peptide_count__P08493,0.0022691576333277873,0.0
delta1__peptide_mean__Q9HDC9,0.0022243156328249475,0.0
delta1__peptide_log__VLLDQLR,0.0022243156328249475,0.0
slope1__peptide_mean__P00441,0.0022031714854520578,0.0
lag1__peptide_log__QWAGLVEK,0.0021999508255237336,0.0
slope1__protein_npx__O60888,0.0021642472076513443,0.0
lag1__protein_npx__P36222,0.0021597384479793845,0.0
slope1__peptide_log__LIADLGSTSITNLGFR,0.002141117078929268,0.0
delta1__peptide_count__P08294,0.0021179002459896993,0.0
peptide_std__P54289,0.0020610157066637247,0.0
slope1__protein_npx__P02766,0.0020575354705071897,0.0
delta1__peptide_mean__P02763,0.002052876586206586,0.0
lag1__protein_npx__Q9NQ79,0.0020507959364512505,0.0
slope1__peptide_count__P19652,0.002015864053522439,0.0
slope1__peptide_mean__P05090,0.0019852012611865917,0.0
slope1__protein_npx__Q9NYU2,0.001971780321954684,0.0
delta1__peptide_count__P02763,0.0019517845536810192,0.0
slope1__peptide_log__VTLTC(UniMod_4)VAPLSGVDFQLR,0.001935166230487625,0.0
lag1__peptide_count__P13591,0.0019243879517479056,0.0
rollmean2__peptide_mean__P07225,0.001918045122064878,0.0
peptide_count__O00584,0.0018992771338411014,0.0
slope1__peptide_std__P02750,0.0018900911882186173,0.0
slope1__protein_npx__P13473,0.0018804695988627127,0.0
slope1__peptide_mean__P01019,0.0018560155385761797,0.0
missing__peptide_log__AEAQEAEDQQAR,0.001849295956721186,0.0
lag1__peptide_mean__P23142,0.0018327663850090366,0.0
lag1__peptide_count__P01877,0.0018320248629489892,0.0
peptide_std__P02749,0.0018022284887779256,0.0
lag1__protein_npx__P02751,0.001786274245578135,0.0
slope1__protein_npx__Q92520,0.0017848760710815611,0.0
protein_npx__P43652,0.0017830098842794313,0.0
rollmean2__peptide_std__Q96PD5,0.0017795988036102084,0.0
rollmean2__peptide_mean__P00736,0.001767784750692952,0.0
missing__peptide_log__SELEEQLTPVAEETR,0.0017677759809154368,0.0
missing__peptide_log__SLAAAAGKQELAK,0.0017675446506206444,0.0
missing__protein_npx__P61278,0.0017675446506206444,0.0
missing__peptide_count__P61278,0.0017675446506206444,0.0
missing__peptide_mean__P61278,0.0017675446506206444,0.0
slope1__peptide_log__C(UniMod_4)REILSVDC(UniMod_4)STNNPSQAK,0.00169839834868571,0.0
lag1__peptide_std__P07998,0.00166616546459452,0.0
rollmean2__peptide_count__P01034,0.001664239152523692,0.0
protein_npx__P01717,0.0015654665679419545,0.0
lag1__protein_npx__P14314,0.0015585709294609503,0.0
lag1__protein_npx__P16870,0.00151627895496851,0.0
peptide_log__RGYQLSDVDGVTC(UniMod_4)EDIDEC(UniMod_4)ALPTGGHIC(UniMod_4)SYR,0.0015159122239709478,0.0
rollmean2__peptide_mean__P27169,0.0015119439067160774,0.0
rollmean2__peptide_count__P98160,0.0014556207324915578,0.0
slope1__peptide_mean__P36955,0.0014437444197095623,0.0
slope1__peptide_std__P04433,0.0014020095822247806,0.0
rollmean2__peptide_count__P20774,0.001374729888720244,0.0
lag1__peptide_log__TLLSNLEEAKK,0.0013679618786521103,0.0
lag1__peptide_std__P02760,0.001341829805018283,0.0
rollmean2__protein_npx__P60174,0.0013248838927934514,0.0
lag1__peptide_std__P14618,0.001315557348481843,0.0
protein_npx__P61626,0.0013097599653226714,0.0
delta1__peptide_mean__P27169,0.0012689154714672275,0.0
lag1__peptide_mean__Q14624,0.0012489004321289043,0.0
lag1__peptide_mean__Q9UBX5,0.0012474489814748913,0.0
protein_npx__P61769,0.0012345322122387654,0.0
slope1__protein_npx__P02675,0.0012047416294258529,0.0
peptide_count__P36955,0.0011954090933637437,0.0
delta1__peptide_mean__P02787,0.0011690269760416003,0.0
peptide_log__C(UniMod_4)IIEVLSNALSK,0.001158794848454944,0.0
slope1__peptide_log__LPPTSAHGNVAEGETKPDPDVTER,0.0011576386326980787,0.0
peptide_mean__Q96S96,0.00115057877496245,0.0
rollmean2__protein_npx__P01031,0.0011441369008349288,0.0
slope1__peptide_count__P27169,0.0011341255724535504,0.0
lag1__peptide_mean__P04004,0.0011327562447252327,0.0
delta1__peptide_mean__O94919,0.0011317554243673196,0.0
delta1__peptide_count__P12109,0.001112005580602986,0.0
lag1__protein_npx__P54289,0.0011003473869381226,0.0
protein_npx__Q15904,0.0010985122502441041,0.0
rollmean2__peptide_std__Q16610,0.001091705311452961,0.0
peptide_count__P04433,0.0010621932373163032,0.0
protein_npx__Q16610,0.0010587762551472963,0.0
missing__protein_npx__Q12841,0.0010246901696647286,0.0
missing__peptide_mean__Q12841,0.0010246901696647286,0.0
missing__peptide_count__Q12841,0.0010246901696647286,0.0
missing__protein_npx__P98160,0.0009799196939983337,0.0
missing__peptide_mean__P98160,0.0009799196939983337,0.0
missing__peptide_count__P98160,0.0009799196939983337,0.0
lag1__peptide_observation_count,0.0009731815214920575,0.0
slope1__peptide_mean__P07195,0.0009524195848139961,0.0
lag1__protein_npx__P07195,0.000938961874860863,0.0
delta1__peptide_log__LEGQEEEEDNRDSSMK,0.0009322364854979238,0.0
lag1__peptide_log__LSSWVLLM(UniMod_35)K,0.0009297304519449135,0.0
slope1__protein_npx__P43652,0.0009012517681343002,0.0
rollmean2__peptide_count__P07998,0.0008747395583068312,0.0
delta1__peptide_std__P13591,0.0008742924611944403,0.0
rollmean2__peptide_log__HYDGSYSTFGER,0.0008279252764809803,0.0
peptide_mean__P02751,0.0007975828311443784,0.0
slope1__peptide_mean__Q9UBR2,0.0007671408244455952,0.0
delta1__peptide_log__TVVQPSVGAAAGPVVPPC(UniMod_4)PGR,0.0007572629212707413,0.0
slope1__protein_npx__P98160,0.0007518341503864801,0.0
delta1__peptide_log__LRTEGDGVYTLNNEKQWINK,0.0007369465623178499,0.0
peptide_std__P00747,0.0007262430758637161,0.0
peptide_count__P07602,0.0007037446627100916,0.0
lag1__peptide_std__P02675,0.0006819731429344362,0.0
peptide_log__ADDKETC(UniMod_4)FAEEGK,0.0006710759234531779,0.0
delta1__peptide_count__P08493,0.0006513232262778008,0.0
lag1__peptide_mean__P16152,0.0006177965722796607,0.0
lag1__peptide_log__SC(UniMod_4)SPELQQK,0.0006177965722796607,0.0
peptide_log__TDASDVKPC(UniMod_4),0.0006067833922071002,0.0
slope1__protein_npx__P07195,0.000504714690970418,0.0
lag1__peptide_count__P02675,0.0005031290451889141,0.0
delta1__protein_npx__Q99832,0.0005004715636522756,0.0
peptide_log__VKDLATVYVDVLK,0.0004959009445452462,0.0
slope1__peptide_count__P02753,0.00044624722748953934,0.0
slope1__protein_npx__P07998,0.0004167402374385019,0.0
slope1__peptide_mean__P10451,0.00037544280518630937,0.0
slope1__peptide_mean__O14791,0.0003400053849536723,0.0
delta1__peptide_mean__O00584,0.0003061547002678468,0.0
lag1__peptide_mean__Q15904,0.00029481187971826326,0.0
delta1__peptide_abundance_sum,0.000262034498705255,0.0
lag1__current_updrs_4,0.00023468042572665168,0.0
peptide_count__Q16270,0.00022897989346007337,0.0
delta1__peptide_count__P02747,0.0001957893844205486,0.0
protein_npx__Q6UXD5,0.00019349347593388124,0.0
lag1__protein_npx__P19021,0.00011645889773323552,0.0
slope1__peptide_log__LGPLVEQGRVR,9.546146235615213e-05,0.0
missing__protein_npx__P05408,7.591232402075477e-05,0.0
missing__peptide_count__P05408,7.591232402075477e-05,0.0
missing__peptide_mean__P05408,7.591232402075477e-05,0.0
delta1__peptide_count__P09104,0.0,0.0
peptide_count__P06454,0.0,0.0
peptide_count__P49588,0.0,0.0
peptide_count__P06310,0.0,0.0
peptide_count__P49908,0.0,0.0
missing__peptide_std__P41222,0.0,0.0
missing__peptide_std__P43652,0.0,0.0
missing__peptide_std__P51884,0.0,0.0
missing__peptide_std__Q08380,0.0,0.0
missing__peptide_std__Q12805,0.0,0.0
peptide_count__P05408,0.0,0.0
missing__peptide_std__Q14515,0.0,0.0
missing__peptide_std__Q16270,0.0,0.0
peptide_count__P32754,0.0,0.0
peptide_count__P35542,0.0,0.0
rollmean2__peptide_count__Q9NYU2,0.0,0.0
missing__peptide_std__P24592,0.0,0.0
missing__peptide_std__P25311,0.0,0.0
missing__peptide_std__P36222,0.0,0.0
missing__peptide_std__P36955,0.0,0.0
peptide_count__P08637,0.0,0.0
peptide_count__P08253,0.0,0.0
peptide_count__P08133,0.0,0.0
peptide_count__P08123,0.0,0.0
rollmean2__peptide_count__Q9HDC9,0.0,0.0
rollmean2__peptide_count__Q9BY67,0.0,0.0
peptide_count__P31997,0.0,0.0
rollmean2__peptide_count__O43505,0.0,0.0
delta1__peptide_count__P08133,0.0,0.0
missing__peptide_std__P07998,0.0,0.0
missing__peptide_std__P08294,0.0,0.0
missing__peptide_std__P08571,0.0,0.0
missing__peptide_std__P08603,0.0,0.0
missing__peptide_std__P08697,0.0,0.0
missing__peptide_std__P09486,0.0,0.0
missing__peptide_std__P09871,0.0,0.0
missing__peptide_std__P05090,0.0,0.0
missing__peptide_std__P05155,0.0,0.0
missing__peptide_std__P05452,0.0,0.0
missing__peptide_std__P06396,0.0,0.0
delta1__peptide_count__P10451,0.0,0.0
missing__peptide_std__P07225,0.0,0.0
missing__peptide_std__P07339,0.0,0.0
missing__peptide_std__P07602,0.0,0.0
delta1__peptide_count__P08123,0.0,0.0
delta1__peptide_count__P13671,0.0,0.0
delta1__peptide_count__P13521,0.0,0.0
delta1__peptide_count__P13473,0.0,0.0
peptide_count__P07333,0.0,0.0
peptide_count__P07195,0.0,0.0
delta1__peptide_count__P11277,0.0,0.0
delta1__peptide_count__P11142,0.0,0.0
missing__peptide_std__Q92520,0.0,0.0
missing__peptide_std__Q96KN2,0.0,0.0
missing__peptide_std__P06727,0.0,0.0
missing__peptide_count__P02671,0.0,0.0
missing__peptide_count__P02675,0.0,0.0
missing__peptide_count__P02679,0.0,0.0
missing__peptide_count__P02747,0.0,0.0
missing__peptide_count__P02748,0.0,0.0
missing__peptide_count__P01621,0.0,0.0
missing__peptide_count__P01717,0.0,0.0
missing__peptide_count__P01834,0.0,0.0
missing__peptide_count__P01857,0.0,0.0
missing__peptide_count__P01859,0.0,0.0
missing__peptide_count__P01860,0.0,0.0
missing__peptide_count__P01876,0.0,0.0
missing__peptide_count__P02647,0.0,0.0
lag1__peptide_count__P11142,0.0,0.0
missing__peptide_count__P01011,0.0,0.0
missing__peptide_count__P01019,0.0,0.0
missing__peptide_count__P01023,0.0,0.0
missing__peptide_count__P01024,0.0,0.0
missing__peptide_count__P01034,0.0,0.0
missing__peptide_count__P01042,0.0,0.0
missing__peptide_count__P01344,0.0,0.0
missing__peptide_count__O75144,0.0,0.0
missing__peptide_count__P00450,0.0,0.0
missing__peptide_count__P00734,0.0,0.0
missing__peptide_count__P00738,0.0,0.0
missing__peptide_count__P00747,0.0,0.0
missing__peptide_count__P00748,0.0,0.0
missing__peptide_count__P01009,0.0,0.0
missing__peptide_count__O43505,0.0,0.0
lag1__peptide_count__P08133,0.0,0.0
lag1__peptide_count__P08253,0.0,0.0
peptide_count__P07858,0.0,0.0
lag1__peptide_count__P08637,0.0,0.0
lag1__peptide_count__P09104,0.0,0.0
lag1__peptide_count__P10451,0.0,0.0
rollmean2__peptide_count__Q99969,0.0,0.0
rollmean2__peptide_count__Q99832,0.0,0.0
lag1__peptide_count__P05408,0.0,0.0
lag1__peptide_count__P06310,0.0,0.0
lag1__peptide_count__P06454,0.0,0.0
lag1__peptide_count__P07195,0.0,0.0
missing__peptide_count__P02656,0.0,0.0
rollmean2__peptide_count__Q99829,0.0,0.0
lag1__peptide_count__P07858,0.0,0.0
lag1__peptide_count__P08123,0.0,0.0
missing__peptide_std__Q9UHG2,0.0,0.0
missing__peptide_count__O00533,0.0,0.0
rollmean2__peptide_count__Q99683,0.0,0.0
missing__peptide_count__O15240,0.0,0.0
lag1__peptide_count__P04216,0.0,0.0
lag1__peptide_count__P04275,0.0,0.0
lag1__peptide_count__P04406,0.0,0.0
rollmean2__peptide_count__Q99674,0.0,0.0
missing__peptide_count__P02649,0.0,0.0
missing__peptide_count__P02652,0.0,0.0
lag1__peptide_count__P07333,0.0,0.0
peptide_count__P20933,0.0,0.0
missing__peptide_mean__Q92520,0.0,0.0
missing__peptide_mean__Q92823,0.0,0.0
missing__peptide_mean__Q92876,0.0,0.0
missing__peptide_mean__Q96KN2,0.0,0.0
missing__peptide_mean__Q96PD5,0.0,0.0
missing__peptide_std__P02753,0.0,0.0
missing__peptide_std__P02760,0.0,0.0
missing__peptide_std__P02765,0.0,0.0
missing__peptide_std__P02766,0.0,0.0
missing__peptide_std__P02768,0.0,0.0
missing__peptide_std__P02774,0.0,0.0
missing__peptide_std__P02787,0.0,0.0
delta1__peptide_count__P08253,0.0,0.0
missing__peptide_std__P02647,0.0,0.0
missing__peptide_std__P02649,0.0,0.0
missing__peptide_std__P02671,0.0,0.0
missing__peptide_std__P02675,0.0,0.0
missing__peptide_std__P02679,0.0,0.0
peptide_count__Q9BY67,0.0,0.0
missing__peptide_std__P02749,0.0,0.0
missing__peptide_std__P02751,0.0,0.0
missing__peptide_std__P01019,0.0,0.0
missing__peptide_std__P01023,0.0,0.0
missing__peptide_std__P01024,0.0,0.0
missing__peptide_std__P01034,0.0,0.0
missing__peptide_std__P01042,0.0,0.0
missing__peptide_std__P02790,0.0,0.0
lag1__peptide_count__Q13449,0.0,0.0
lag1__peptide_count__Q13451,0.0,0.0
slope1__peptide_count__Q9Y646,0.0,0.0
rollmean2__peptide_count__P01861,0.0,0.0
rollmean2__peptide_count__P01833,0.0,0.0
missing__peptide_std__O00533,0.0,0.0
rollmean2__peptide_count__P01780,0.0,0.0
peptide_count__P19827,0.0,0.0
peptide_count__P19021,0.0,0.0
missing__peptide_std__P00450,0.0,0.0
peptide_count__P17936,0.0,0.0
slope1__peptide_count__O00391,0.0,0.0
delta1__peptide_count__Q9UKV8,0.0,0.0
peptide_count__P23083,0.0,0.0
delta1__peptide_count__Q9Y646,0.0,0.0
peptide_count__P16152,0.0,0.0
slope1__peptide_count__Q9UNU6,0.0,0.0
slope1__peptide_count__Q9UKV8,0.0,0.0
peptide_count__P14174,0.0,0.0
peptide_count__P13671,0.0,0.0
missing__peptide_mean__Q9UHG2,0.0,0.0
slope1__peptide_count__Q9UBR2,0.0,0.0
peptide_count__P13521,0.0,0.0
slope1__peptide_count__Q9NYU2,0.0,0.0
delta1__peptide_count__O00391,0.0,0.0
slope1__peptide_count__Q9HDC9,0.0,0.0
slope1__peptide_count__Q9BY67,0.0,0.0
delta1__peptide_count__Q9UNU6,0.0,0.0
lag1__peptide_count__P17936,0.0,0.0
lag1__peptide_count__P19021,0.0,0.0
delta1__peptide_count__O60888,0.0,0.0
lag1__peptide_count__P19827,0.0,0.0
lag1__peptide_count__P20933,0.0,0.0
missing__peptide_std__P04004,0.0,0.0
missing__peptide_std__P04180,0.0,0.0
missing__peptide_std__P04196,0.0,0.0
missing__peptide_std__P04217,0.0,0.0
lag1__peptide_count__P11277,0.0,0.0
lag1__peptide_count__P13473,0.0,0.0
lag1__peptide_count__P13521,0.0,0.0
peptide_count__Q6UXD5,0.0,0.0
missing__peptide_std__P01834,0.0,0.0
delta1__peptide_count__O43505,0.0,0.0
delta1__peptide_count__O14791,0.0,0.0
delta1__peptide_count__O14498,0.0,0.0
rollmean2__peptide_count__O14791,0.0,0.0
rollmean2__peptide_count__P01031,0.0,0.0
rollmean2__peptide_count__O75326,0.0,0.0
rollmean2__peptide_count__O60888,0.0,0.0
missing__peptide_std__P10645,0.0,0.0
missing__peptide_std__P10909,0.0,0.0
missing__peptide_std__P13987,0.0,0.0
missing__peptide_std__P18065,0.0,0.0
missing__peptide_std__P23142,0.0,0.0
delta1__peptide_count__P08637,0.0,0.0
peptide_count__Q6UX71,0.0,0.0
missing__peptide_std__P01876,0.0,0.0
peptide_count__Q99969,0.0,0.0
missing__peptide_std__P00734,0.0,0.0
peptide_count__Q99832,0.0,0.0
missing__peptide_std__P00738,0.0,0.0
missing__peptide_std__P00747,0.0,0.0
missing__peptide_std__P00751,0.0,0.0
missing__peptide_std__P01008,0.0,0.0
missing__peptide_std__P01009,0.0,0.0
missing__peptide_std__P01011,0.0,0.0
peptide_count__Q99829,0.0,0.0
peptide_count__Q99683,0.0,0.0
rollmean2__peptide_count__O14498,0.0,0.0
lag1__peptide_count__P16152,0.0,0.0
lag1__peptide_count__P36980,0.0,0.0
missing__peptide_std__P04433,0.0,0.0
missing__peptide_std__P05060,0.0,0.0
missing__peptide_std__P05067,0.0,0.0
lag1__peptide_count__P23083,0.0,0.0
lag1__peptide_count__P31997,0.0,0.0
lag1__peptide_count__P32754,0.0,0.0
rollmean2__peptide_count__P08637,0.0,0.0
rollmean2__peptide_count__O00391,0.0,0.0
peptide_count__P40925,0.0,0.0
delta1__peptide_count__O75326,0.0,0.0
peptide_count__P43251,0.0,0.0
lag1__peptide_count__P13671,0.0,0.0
lag1__peptide_count__P14174,0.0,0.0
lag1__peptide_count__P35542,0.0,0.0
rollmean2__peptide_count__P40925,0.0,0.0
rollmean2__peptide_count__P36980,0.0,0.0
peptide_count__P01608,0.0,0.0
rollmean2__peptide_count__P35542,0.0,0.0
lag1__peptide_count__P01031,0.0,0.0
lag1__peptide_count__P01033,0.0,0.0
peptide_count__P01594,0.0,0.0
lag1__peptide_count__P01344,0.0,0.0
lag1__peptide_count__P01591,0.0,0.0
lag1__peptide_count__P01594,0.0,0.0
lag1__peptide_count__P01608,0.0,0.0
lag1__peptide_count__P01621,0.0,0.0
missing__peptide_count__Q16270,0.0,0.0
missing__peptide_count__P00751,0.0,0.0
peptide_count__P01591,0.0,0.0
missing__peptide_count__Q7Z3B1,0.0,0.0
missing__peptide_count__Q7Z5P9,0.0,0.0
missing__peptide_count__Q92520,0.0,0.0
missing__peptide_count__Q92823,0.0,0.0
missing__peptide_count__Q92876,0.0,0.0
peptide_count__P01344,0.0,0.0
peptide_count__P01033,0.0,0.0
rollmean2__peptide_count__P32754,0.0,0.0
missing__peptide_log__SPVGVQPILNEHTFC(UniMod_4)AGMSK,0.0,0.0
rollmean2__peptide_count__P31997,0.0,0.0
missing__peptide_log__KQELSEAEQATR,0.0,0.0
missing__peptide_log__GSPAINVAVHVFRK,0.0,0.0
missing__peptide_count__Q16610,0.0,0.0
missing__peptide_count__P43652,0.0,0.0
missing__peptide_count__P51884,0.0,0.0
delta1__peptide_count__P04207,0.0,0.0
missing__peptide_count__P61769,0.0,0.0
missing__peptide_count__P61916,0.0,0.0
missing__peptide_count__P80748,0.0,0.0
delta1__peptide_count__P04156,0.0,0.0
missing__peptide_count__Q08380,0.0,0.0
rollmean2__peptide_count__Q99435,0.0,0.0
peptide_count__P01031,0.0,0.0
missing__peptide_count__P36955,0.0,0.0
rollmean2__peptide_count__Q96S96,0.0,0.0
rollmean2__peptide_count__P19021,0.0,0.0
lag1__peptide_count__P01861,0.0,0.0
missing__peptide_count__P41222,0.0,0.0
rollmean2__peptide_count__P19827,0.0,0.0
delta1__peptide_count__P06454,0.0,0.0
delta1__peptide_count__P06310,0.0,0.0
delta1__peptide_count__P05408,0.0,0.0
peptide_count__P01780,0.0,0.0
rollmean2__peptide_count__P43251,0.0,0.0
peptide_count__P01717,0.0,0.0
peptide_count__P01621,0.0,0.0
lag1__peptide_count__P02655,0.0,0.0
lag1__peptide_count__P01717,0.0,0.0
lag1__peptide_count__P01780,0.0,0.0
lag1__peptide_count__P01833,0.0,0.0
rollmean2__peptide_count__Q96BZ4,0.0,0.0
missing__visit_index,0.0,0.0
missing__months_since_baseline,0.0,0.0
rollmean2__peptide_count__Q13332,0.0,0.0
missing__peptide_log__TLLSNLEEAKK,0.0,0.0
missing__peptide_log__ANRPFLVFIR,0.0,0.0
rollmean2__peptide_count__Q13283,0.0,0.0
missing__peptide_log__AYKSELEEQLTPVAEETR,0.0,0.0
missing__peptide_log__AYQGVAAPFPK,0.0,0.0
missing__peptide_log__DASGVTFTWTPSSGK,0.0,0.0
rollmean2__peptide_count__Q02818,0.0,0.0
rollmean2__peptide_count__Q8N2S1,0.0,0.0
rollmean2__peptide_count__Q8IWV7,0.0,0.0
rollmean2__peptide_count__Q7Z5P9,0.0,0.0
rollmean2__peptide_count__P80748,0.0,0.0
rollmean2__peptide_count__Q7Z3B1,0.0,0.0
missing__current_updrs_1,0.0,0.0
missing__peptide_count__Q9UHG2,0.0,0.0
missing__peptide_log__ADDKETC(UniMod_4)FAEEGK,0.0,0.0
rollmean2__peptide_count__Q6UXD5,0.0,0.0
missing__peptide_log__AKLEEQAQQIR,0.0,0.0
missing__peptide_missing_fraction,0.0,0.0
rollmean2__peptide_count__Q6UX71,0.0,0.0
missing__peptide_feature_count,0.0,0.0
rollmean2__peptide_count__Q562R1,0.0,0.0
missing__peptide_log__QWAGLVEK,0.0,0.0
missing__peptide_log__QNC(UniMod_4)ELFEQLGEYK,0.0,0.0
missing__peptide_log__LQAEAFQAR,0.0,0.0
missing__current_updrs_2,0.0,0.0
rollmean2__peptide_count__P61626,0.0,0.0
lag1__peptide_count__O14791,0.0,0.0
rollmean2__peptide_count__P61278,0.0,0.0
lag1__peptide_count__O14498,0.0,0.0
lag1__peptide_count__O00391,0.0,0.0
rollmean2__peptide_count__P60174,0.0,0.0
rollmean2__peptide_count__P49908,0.0,0.0
rollmean2__peptide_count__P49588,0.0,0.0
rollmean2__peptide_count__P20933,0.0,0.0
peptide_count__O14498,0.0,0.0
lag1__peptide_count__O43505,0.0,0.0
lag1__peptide_count__O60888,0.0,0.0
lag1__peptide_count__O75326,0.0,0.0
missing__current_medication_unknown,0.0,0.0
peptide_count__O00391,0.0,0.0
rollmean2__peptide_count__Q15904,0.0,0.0
rollmean2__peptide_count__Q14508,0.0,0.0
peptide_count__O75326,0.0,0.0
peptide_count__O60888,0.0,0.0
missing__peptide_count__Q96KN2,0.0,0.0
missing__peptide_count__Q96PD5,0.0,0.0
peptide_count__O43505,0.0,0.0
peptide_count__O14791,0.0,0.0
rollmean2__peptide_count__Q13451,0.0,0.0
missing__current_updrs_3,0.0,0.0
missing__has_previous_visit,0.0,0.0
rollmean2__peptide_count__Q13449,0.0,0.0
rollmean2__peptide_count__P23083,0.0,0.0
missing__peptide_count__P02753,0.0,0.0
missing__peptide_count__P02760,0.0,0.0
missing__peptide_count__P02763,0.0,0.0
missing__peptide_count__P02765,0.0,0.0
missing__peptide_count__P02766,0.0,0.0
rollmean2__peptide_count__Q9Y646,0.0,0.0
rollmean2__peptide_count__Q9UNU6,0.0,0.0
rollmean2__peptide_count__Q9UKV8,0.0,0.0
rollmean2__peptide_count__Q9UBR2,0.0,0.0
slope1__months_since_baseline,0.0,0.0
delta1__peptide_count__P17936,0.0,0.0
peptide_count__P04406,0.0,0.0
delta1__peptide_count__P16152,0.0,0.0
delta1__peptide_count__P04211,0.0,0.0
peptide_count__Q562R1,0.0,0.0
peptide_count__Q15904,0.0,0.0
peptide_count__Q14508,0.0,0.0
peptide_count__Q13451,0.0,0.0
peptide_count__Q13449,0.0,0.0
peptide_count__P02655,0.0,0.0
delta1__visit_index,0.0,0.0
missing__peptide_count__P10451,0.0,0.0
missing__peptide_count__P10643,0.0,0.0
missing__peptide_count__P10645,0.0,0.0
missing__peptide_count__P10909,0.0,0.0
missing__peptide_count__P12109,0.0,0.0
missing__peptide_count__P13521,0.0,0.0
delta1__peptide_count__P14174,0.0,0.0
missing__peptide_count__P01008,0.0,0.0
missing__peptide_count__P05452,0.0,0.0
missing__peptide_count__P06396,0.0,0.0
peptide_count__P09104,0.0,0.0
missing__peptide_count__P06727,0.0,0.0
missing__peptide_count__P07225,0.0,0.0
missing__peptide_count__P07339,0.0,0.0
missing__peptide_count__P07602,0.0,0.0
missing__peptide_count__P07858,0.0,0.0
missing__peptide_count__P04217,0.0,0.0
missing__peptide_count__P04433,0.0,0.0
missing__peptide_count__P05060,0.0,0.0
missing__peptide_count__P05067,0.0,0.0
missing__peptide_count__P02751,0.0,0.0
missing__peptide_count__P05155,0.0,0.0
missing__peptide_count__P05156,0.0,0.0
peptide_count__P36980,0.0,0.0
missing__peptide_count__P02768,0.0,0.0
missing__peptide_count__P02774,0.0,0.0
missing__peptide_count__P02787,0.0,0.0
missing__peptide_count__P02790,0.0,0.0
missing__peptide_count__P04004,0.0,0.0
missing__peptide_count__P04156,0.0,0.0
missing__peptide_count__P04180,0.0,0.0
missing__peptide_count__P04196,0.0,0.0
missing__peptide_count__P02749,0.0,0.0
missing__peptide_count__P02750,0.0,0.0
missing__peptide_count__P05090,0.0,0.0
delta1__peptide_count__P07858,0.0,0.0
rollmean2__peptide_count__P14174,0.0,0.0
missing__peptide_count__P36222,0.0,0.0
peptide_count__Q96S96,0.0,0.0
rollmean2__peptide_count__P16152,0.0,0.0
peptide_count__Q96BZ4,0.0,0.0
missing__peptide_count__P16035,0.0,0.0
missing__peptide_count__P16070,0.0,0.0
missing__peptide_count__P16870,0.0,0.0
missing__peptide_count__P18065,0.0,0.0
missing__peptide_count__P19652,0.0,0.0
missing__peptide_count__P19823,0.0,0.0
peptide_count__P04275,0.0,0.0
missing__peptide_count__P13987,0.0,0.0
peptide_count__P04216,0.0,0.0
peptide_count__P04211,0.0,0.0
peptide_count__P04207,0.0,0.0
peptide_count__Q8NBJ4,0.0,0.0
missing__peptide_count__Q14515,0.0,0.0
missing__peptide_count__Q14624,0.0,0.0
missing__peptide_count__Q12805,0.0,0.0
delta1__peptide_count__P04406,0.0,0.0
peptide_count__P04156,0.0,0.0
peptide_count__P02792,0.0,0.0
delta1__peptide_count__P04275,0.0,0.0
rollmean2__peptide_count__P17936,0.0,0.0
delta1__peptide_count__P04216,0.0,0.0
peptide_count__Q8NE71,0.0,0.0
peptide_count__Q13332,0.0,0.0
missing__peptide_count__P07998,0.0,0.0
missing__peptide_count__P08294,0.0,0.0
missing__peptide_count__P08493,0.0,0.0
missing__peptide_count__P08571,0.0,0.0
missing__peptide_count__P08603,0.0,0.0
missing__peptide_count__P08697,0.0,0.0
missing__peptide_count__P09486,0.0,0.0
missing__peptide_count__P09871,0.0,0.0
peptide_count__Q13283,0.0,0.0
peptide_count__Q8N2S1,0.0,0.0
peptide_count__Q8IWV7,0.0,0.0
peptide_count__Q7Z5P9,0.0,0.0
missing__peptide_count__P25311,0.0,0.0
delta1__peptide_count__P07195,0.0,0.0
delta1__peptide_count__P07333,0.0,0.0
peptide_count__P01861,0.0,0.0
lag1__peptide_count__P02792,0.0,0.0
lag1__peptide_count__P04156,0.0,0.0
lag1__peptide_count__P04207,0.0,0.0
lag1__peptide_count__P04211,0.0,0.0
rollmean2__peptide_count__Q8NE71,0.0,0.0
rollmean2__peptide_count__Q8NBJ4,0.0,0.0
peptide_count__P01833,0.0,0.0
delta1__peptide_count__P02792,0.0,0.0
missing__peptide_count__P20774,0.0,0.0
missing__peptide_count__P23142,0.0,0.0
missing__peptide_count__P24592,0.0,0.0
peptide_count__Q7Z3B1,0.0,0.0
missing__protein_npx__P18065,0.0,0.0
missing__protein_npx__P19652,0.0,0.0
missing__protein_npx__P19823,0.0,0.0
missing__protein_npx__P20774,0.0,0.0
missing__protein_npx__P23142,0.0,0.0
missing__protein_npx__P24592,0.0,0.0
missing__protein_npx__P25311,0.0,0.0
rollmean2__peptide_count__P10451,0.0,0.0
missing__protein_npx__P10645,0.0,0.0
missing__protein_npx__P10909,0.0,0.0
missing__protein_npx__P12109,0.0,0.0
missing__protein_npx__P13521,0.0,0.0
missing__protein_npx__P13987,0.0,0.0
lag1__peptide_count__Q13332,0.0,0.0
missing__protein_npx__P16070,0.0,0.0
missing__protein_npx__P16870,0.0,0.0
missing__protein_npx__P08493,0.0,0.0
missing__protein_npx__P08571,0.0,0.0
missing__protein_npx__P08603,0.0,0.0
missing__protein_npx__P08697,0.0,0.0
missing__protein_npx__P09486,0.0,0.0
missing__protein_npx__P09871,0.0,0.0
missing__protein_npx__P10451,0.0,0.0
missing__protein_npx__P10643,0.0,0.0
slope1__peptide_count__P08253,0.0,0.0
peptide_count__P61278,0.0,0.0
slope1__peptide_count__P08637,0.0,0.0
missing__protein_npx__P16035,0.0,0.0
rollmean2__peptide_count__P13521,0.0,0.0
delta1__peptide_count__P60174,0.0,0.0
delta1__peptide_count__P61278,0.0,0.0
delta1__peptide_count__P61626,0.0,0.0
delta1__peptide_count__P01833,0.0,0.0
slope1__peptide_count__P43251,0.0,0.0
slope1__peptide_count__P49588,0.0,0.0
rollmean2__peptide_count__P13473,0.0,0.0
delta1__peptide_count__P31997,0.0,0.0
delta1__peptide_count__P32754,0.0,0.0
delta1__peptide_count__P35542,0.0,0.0
delta1__peptide_count__P36980,0.0,0.0
slope1__peptide_count__P20933,0.0,0.0
peptide_count__P60174,0.0,0.0
delta1__peptide_count__P01861,0.0,0.0
slope1__peptide_count__P31997,0.0,0.0
slope1__peptide_count__P32754,0.0,0.0
slope1__peptide_count__P35542,0.0,0.0
slope1__peptide_count__P36980,0.0,0.0
slope1__peptide_count__P40925,0.0,0.0
rollmean2__peptide_count__P11277,0.0,0.0
missing__protein_npx__P36222,0.0,0.0
missing__protein_npx__P36955,0.0,0.0
missing__protein_npx__P41222,0.0,0.0
rollmean2__peptide_count__P11142,0.0,0.0
missing__protein_npx__P43652,0.0,0.0
missing__protein_npx__P51884,0.0,0.0
slope1__peptide_count__P23083,0.0,0.0
missing__protein_npx__Q96KN2,0.0,0.0
missing__protein_npx__Q96PD5,0.0,0.0
rollmean2__peptide_count__P09104,0.0,0.0
delta1__peptide_count__P02655,0.0,0.0
missing__protein_npx__Q9UHG2,0.0,0.0
missing__protein_feature_count,0.0,0.0
missing__protein_missing_fraction,0.0,0.0
missing__peptide_abundance_mean,0.0,0.0
missing__protein_npx__Q16270,0.0,0.0
missing__protein_npx__Q16610,0.0,0.0
rollmean2__peptide_count__P02655,0.0,0.0
missing__protein_npx__Q7Z3B1,0.0,0.0
missing__protein_npx__Q7Z5P9,0.0,0.0
slope1__peptide_count__P09104,0.0,0.0
missing__protein_npx__Q92823,0.0,0.0
missing__protein_npx__Q92876,0.0,0.0
missing__protein_npx__Q12805,0.0,0.0
missing__protein_npx__O15240,0.0,0.0
missing__protein_npx__O00533,0.0,0.0
peptide_count__P80748,0.0,0.0
rollmean2__peptide_count__P04406,0.0,0.0
peptide_count__Q02818,0.0,0.0
missing__protein_npx__Q14515,0.0,0.0
missing__protein_npx__Q14624,0.0,0.0
slope1__peptide_count__P13521,0.0,0.0
slope1__peptide_count__P13671,0.0,0.0
slope1__peptide_count__P14174,0.0,0.0
missing__protein_npx__Q92520,0.0,0.0
slope1__peptide_count__P10451,0.0,0.0
slope1__peptide_count__P11142,0.0,0.0
slope1__peptide_count__P11277,0.0,0.0
slope1__peptide_count__P13473,0.0,0.0
slope1__peptide_count__P05408,0.0,0.0
slope1__peptide_count__P06310,0.0,0.0
slope1__peptide_count__P06454,0.0,0.0
slope1__peptide_count__P07195,0.0,0.0
slope1__peptide_count__P07333,0.0,0.0
slope1__peptide_count__P07858,0.0,0.0
slope1__peptide_count__P08123,0.0,0.0
slope1__peptide_count__P08133,0.0,0.0
lag1__peptide_count__Q99969,0.0,0.0
lag1__peptide_count__Q99832,0.0,0.0
lag1__peptide_count__Q9HDC9,0.0,0.0
lag1__peptide_count__Q9NYU2,0.0,0.0
lag1__peptide_count__Q9UBR2,0.0,0.0
lag1__peptide_count__Q9UKV8,0.0,0.0
lag1__peptide_count__Q9UNU6,0.0,0.0
lag1__peptide_count__Q9Y646,0.0,0.0
missing__protein_npx__P61769,0.0,0.0
missing__protein_npx__P61916,0.0,0.0
missing__protein_npx__P80748,0.0,0.0
peptide_count__P61626,0.0,0.0
missing__protein_npx__Q08380,0.0,0.0
lag1__peptide_count__Q99683,0.0,0.0
lag1__peptide_count__Q99829,0.0,0.0
lag1__peptide_count__Q9BY67,0.0,0.0
slope1__peptide_count__Q13451,0.0,0.0
delta1__peptide_count__Q13283,0.0,0.0
delta1__peptide_count__Q13332,0.0,0.0
delta1__peptide_count__Q13449,0.0,0.0
delta1__peptide_count__Q13451,0.0,0.0
slope1__peptide_count__P49908,0.0,0.0
slope1__peptide_count__P60174,0.0,0.0
slope1__peptide_count__P61278,0.0,0.0
slope1__peptide_count__P61626,0.0,0.0
missing__protein_npx__P02675,0.0,0.0
missing__protein_npx__P02679,0.0,0.0
missing__protein_npx__P02747,0.0,0.0
missing__protein_npx__P02748,0.0,0.0
delta1__peptide_count__P49908,0.0,0.0
missing__protein_npx__P02750,0.0,0.0
delta1__peptide_count__P01608,0.0,0.0
delta1__peptide_count__P01594,0.0,0.0
missing__protein_npx__P01876,0.0,0.0
missing__protein_npx__P02647,0.0,0.0
missing__protein_npx__P02649,0.0,0.0
missing__protein_npx__P02652,0.0,0.0
delta1__peptide_count__P01780,0.0,0.0
slope1__peptide_count__Q8NE71,0.0,0.0
missing__protein_npx__P02656,0.0,0.0
missing__protein_npx__P02671,0.0,0.0
missing__protein_npx__P01042,0.0,0.0
missing__protein_npx__P01344,0.0,0.0
missing__protein_npx__P02749,0.0,0.0
peptide_count__Q9UKV8,0.0,0.0
peptide_count__Q9UNU6,0.0,0.0
peptide_count__Q9Y646,0.0,0.0
peptide_count__Q9UBR2,0.0,0.0
peptide_count__Q9NYU2,0.0,0.0
peptide_count__Q99674,0.0,0.0
missing__protein_npx__O43505,0.0,0.0
missing__protein_npx__O75144,0.0,0.0
missing__protein_npx__P00450,0.0,0.0
missing__protein_npx__P00734,0.0,0.0
missing__protein_npx__P00738,0.0,0.0
missing__protein_npx__P00747,0.0,0.0
missing__protein_npx__P00748,0.0,0.0
slope1__peptide_count__Q13449,0.0,0.0
delta1__peptide_count__P01621,0.0,0.0
slope1__peptide_count__Q15904,0.0,0.0
slope1__peptide_count__Q562R1,0.0,0.0
slope1__peptide_count__Q6UX71,0.0,0.0
slope1__peptide_count__Q6UXD5,0.0,0.0
slope1__peptide_count__Q7Z3B1,0.0,0.0
peptide_count__Q99435,0.0,0.0
slope1__peptide_count__P80748,0.0,0.0
peptide_count__Q9HDC9,0.0,0.0
slope1__peptide_count__Q02818,0.0,0.0
delta1__peptide_count__P01717,0.0,0.0
slope1__peptide_count__Q13283,0.0,0.0
slope1__peptide_count__Q13332,0.0,0.0
slope1__peptide_count__Q14508,0.0,0.0
missing__protein_npx__P02766,0.0,0.0
missing__protein_npx__P02768,0.0,0.0
missing__protein_npx__P02774,0.0,0.0
missing__protein_npx__P02787,0.0,0.0
missing__protein_npx__P02790,0.0,0.0
missing__protein_npx__P04004,0.0,0.0
missing__protein_npx__P04156,0.0,0.0
missing__protein_npx__P04180,0.0,0.0
slope1__peptide_count__Q8IWV7,0.0,0.0
slope1__peptide_count__Q7Z5P9,0.0,0.0
rollmean2__peptide_count__P13671,0.0,0.0
missing__protein_npx__P02751,0.0,0.0
missing__protein_npx__P02753,0.0,0.0
missing__protein_npx__P01621,0.0,0.0
missing__protein_npx__P02763,0.0,0.0
missing__protein_npx__P02765,0.0,0.0
delta1__peptide_count__P80748,0.0,0.0
delta1__peptide_count__Q02818,0.0,0.0
missing__protein_npx__P07225,0.0,0.0
missing__protein_npx__P07339,0.0,0.0
missing__protein_npx__P07602,0.0,0.0
missing__protein_npx__P07858,0.0,0.0
missing__protein_npx__P07998,0.0,0.0
missing__protein_npx__P08294,0.0,0.0
delta1__peptide_count__P40925,0.0,0.0
delta1__peptide_count__P43251,0.0,0.0
delta1__peptide_count__P49588,0.0,0.0
missing__protein_npx__P02760,0.0,0.0
missing__protein_npx__P01717,0.0,0.0
missing__protein_npx__P01834,0.0,0.0
missing__protein_npx__P01857,0.0,0.0
missing__protein_npx__P01859,0.0,0.0
missing__protein_npx__P01860,0.0,0.0
missing__protein_npx__P00751,0.0,0.0
missing__protein_npx__P01008,0.0,0.0
missing__protein_npx__P01009,0.0,0.0
missing__protein_npx__P01011,0.0,0.0
missing__protein_npx__P01019,0.0,0.0
missing__protein_npx__P01023,0.0,0.0
missing__protein_npx__P01024,0.0,0.0
missing__protein_npx__P01034,0.0,0.0
missing__protein_npx__P05156,0.0,0.0
missing__protein_npx__P05452,0.0,0.0
missing__protein_npx__P06396,0.0,0.0
delta1__peptide_count__P01591,0.0,0.0
missing__protein_npx__P06727,0.0,0.0
slope1__peptide_count__P19021,0.0,0.0
slope1__peptide_count__Q8N2S1,0.0,0.0
slope1__peptide_count__P19827,0.0,0.0
missing__protein_npx__P04196,0.0,0.0
missing__protein_npx__P04217,0.0,0.0
missing__protein_npx__P04433,0.0,0.0
missing__protein_npx__P05060,0.0,0.0
missing__protein_npx__P05067,0.0,0.0
missing__protein_npx__P05090,0.0,0.0
missing__protein_npx__P05155,0.0,0.0
slope1__peptide_count__Q8NBJ4,0.0,0.0
delta1__peptide_count__Q7Z5P9,0.0,0.0
delta1__peptide_count__Q8IWV7,0.0,0.0
delta1__peptide_count__Q8N2S1,0.0,0.0
delta1__peptide_count__Q8NBJ4,0.0,0.0
delta1__peptide_count__Q8NE71,0.0,0.0
delta1__peptide_count__Q96BZ4,0.0,0.0
delta1__peptide_count__Q96S96,0.0,0.0
slope1__peptide_count__P01780,0.0,0.0
slope1__peptide_count__P01833,0.0,0.0
slope1__peptide_count__P01861,0.0,0.0
delta1__peptide_count__Q14508,0.0,0.0
delta1__peptide_count__Q15904,0.0,0.0
delta1__peptide_count__Q562R1,0.0,0.0
rollmean2__peptide_count__P04275,0.0,0.0
delta1__peptide_count__Q6UXD5,0.0,0.0
slope1__peptide_count__P01031,0.0,0.0
slope1__peptide_count__P01033,0.0,0.0
slope1__peptide_count__P01344,0.0,0.0
slope1__peptide_count__P01591,0.0,0.0
slope1__peptide_count__P01594,0.0,0.0
slope1__peptide_count__P01608,0.0,0.0
slope1__peptide_count__P01621,0.0,0.0
slope1__peptide_count__P01717,0.0,0.0
rollmean2__peptide_count__P07195,0.0,0.0
missing__peptide_mean__Q7Z3B1,0.0,0.0
missing__peptide_mean__Q7Z5P9,0.0,0.0
lag1__peptide_count__P40925,0.0,0.0
delta1__peptide_count__Q6UX71,0.0,0.0
missing__peptide_mean__P08697,0.0,0.0
missing__peptide_mean__P09486,0.0,0.0
missing__peptide_mean__P09871,0.0,0.0
missing__peptide_mean__P05452,0.0,0.0
missing__peptide_mean__P06396,0.0,0.0
rollmean2__peptide_count__P08133,0.0,0.0
missing__peptide_mean__P06727,0.0,0.0
missing__peptide_mean__P07225,0.0,0.0
missing__peptide_mean__P07339,0.0,0.0
missing__peptide_mean__P07602,0.0,0.0
missing__peptide_mean__P07858,0.0,0.0
missing__peptide_mean__P04217,0.0,0.0
missing__peptide_mean__P04433,0.0,0.0
delta1__peptide_count__Q7Z3B1,0.0,0.0
missing__peptide_mean__P05067,0.0,0.0
missing__peptide_mean__P05090,0.0,0.0
missing__peptide_mean__P05155,0.0,0.0
missing__peptide_mean__P05156,0.0,0.0
slope1__peptide_count__Q99969,0.0,0.0
delta1__peptide_count__Q99435,0.0,0.0
delta1__peptide_count__Q99674,0.0,0.0
delta1__peptide_count__Q99683,0.0,0.0
missing__peptide_mean__P16070,0.0,0.0
missing__peptide_mean__P16870,0.0,0.0
missing__peptide_mean__P18065,0.0,0.0
missing__peptide_mean__P19652,0.0,0.0
missing__peptide_mean__P19823,0.0,0.0
missing__peptide_mean__P05060,0.0,0.0
rollmean2__peptide_count__P01591,0.0,0.0
lag1__peptide_count__Q562R1,0.0,0.0
lag1__peptide_count__Q6UX71,0.0,0.0
lag1__peptide_count__Q6UXD5,0.0,0.0
lag1__peptide_count__Q7Z3B1,0.0,0.0
rollmean2__peptide_count__P01344,0.0,0.0
slope1__peptide_count__Q99674,0.0,0.0
slope1__peptide_count__Q99435,0.0,0.0
slope1__peptide_count__Q96S96,0.0,0.0
rollmean2__peptide_count__P01033,0.0,0.0
slope1__peptide_count__Q96BZ4,0.0,0.0
peptide_count__P13473,0.0,0.0
slope1__peptide_count__O43505,0.0,0.0
lag1__peptide_count__P43251,0.0,0.0
lag1__peptide_count__Q14508,0.0,0.0
lag1__peptide_count__Q15904,0.0,0.0
peptide_count__P11277,0.0,0.0
rollmean2__peptide_count__P08253,0.0,0.0
peptide_count__P11142,0.0,0.0
peptide_count__P10451,0.0,0.0
slope1__peptide_count__O14498,0.0,0.0
slope1__peptide_count__O14791,0.0,0.0
lag1__peptide_count__P61278,0.0,0.0
lag1__peptide_count__P61626,0.0,0.0
lag1__peptide_count__P80748,0.0,0.0
lag1__peptide_count__Q02818,0.0,0.0
lag1__peptide_count__Q13283,0.0,0.0
slope1__peptide_count__O60888,0.0,0.0
lag1__peptide_count__P49588,0.0,0.0
lag1__peptide_count__P49908,0.0,0.0
lag1__peptide_count__P60174,0.0,0.0
slope1__peptide_count__Q99832,0.0,0.0
missing__peptide_mean__Q08380,0.0,0.0
missing__peptide_mean__Q12805,0.0,0.0
slope1__peptide_count__Q99829,0.0,0.0
missing__peptide_mean__Q14515,0.0,0.0
missing__peptide_mean__Q14624,0.0,0.0
missing__peptide_mean__Q16270,0.0,0.0
missing__peptide_mean__Q16610,0.0,0.0
missing__peptide_mean__P41222,0.0,0.0
rollmean2__peptide_count__P01717,0.0,0.0
rollmean2__peptide_count__P01594,0.0,0.0
missing__peptide_mean__P51884,0.0,0.0
slope1__peptide_count__Q99683,0.0,0.0
missing__peptide_mean__P61769,0.0,0.0
missing__peptide_mean__P61916,0.0,0.0
missing__peptide_mean__P80748,0.0,0.0
missing__peptide_mean__P20774,0.0,0.0
missing__peptide_mean__P23142,0.0,0.0
missing__peptide_mean__P24592,0.0,0.0
missing__peptide_mean__P25311,0.0,0.0
rollmean2__peptide_count__P01621,0.0,0.0
rollmean2__peptide_count__P01608,0.0,0.0
missing__peptide_mean__P36222,0.0,0.0
missing__peptide_mean__P36955,0.0,0.0
slope1__peptide_count__O75326,0.0,0.0
missing__peptide_mean__P43652,0.0,0.0
missing__peptide_abundance_std,0.0,0.0
missing__peptide_abundance_min,0.0,0.0
missing__peptide_abundance_max,0.0,0.0
missing__peptide_abundance_sum,0.0,0.0
missing__peptide_observation_count,0.0,0.0
missing__peptide_mean__O00533,0.0,0.0
delta1__peptide_count__P19827,0.0,0.0
delta1__peptide_count__Q99829,0.0,0.0
missing__peptide_mean__P02656,0.0,0.0
missing__peptide_mean__P02671,0.0,0.0
missing__peptide_mean__P02675,0.0,0.0
missing__peptide_mean__P02679,0.0,0.0
missing__peptide_mean__P02747,0.0,0.0
missing__peptide_mean__P08603,0.0,0.0
missing__peptide_mean__P02749,0.0,0.0
missing__peptide_mean__P02750,0.0,0.0
missing__peptide_mean__P01834,0.0,0.0
missing__peptide_mean__P01857,0.0,0.0
missing__peptide_mean__P01859,0.0,0.0
missing__peptide_mean__P01860,0.0,0.0
missing__peptide_mean__P01876,0.0,0.0
missing__peptide_mean__P02647,0.0,0.0
missing__peptide_mean__P02649,0.0,0.0
missing__peptide_mean__P02652,0.0,0.0
missing__peptide_mean__P01019,0.0,0.0
missing__peptide_mean__P01023,0.0,0.0
missing__peptide_mean__P01024,0.0,0.0
missing__peptide_mean__P02748,0.0,0.0
slope1__peptide_count__P16152,0.0,0.0
slope1__peptide_count__P17936,0.0,0.0
delta1__peptide_count__P01031,0.0,0.0
rollmean2__peptide_count__P04216,0.0,0.0
slope1__peptide_count__P04211,0.0,0.0
slope1__peptide_count__P04216,0.0,0.0
slope1__peptide_count__P04275,0.0,0.0
slope1__peptide_count__P04406,0.0,0.0
missing__peptide_mean__O15240,0.0,0.0
missing__peptide_mean__O43505,0.0,0.0
missing__peptide_mean__O75144,0.0,0.0
missing__peptide_mean__P00450,0.0,0.0
rollmean2__peptide_count__P04211,0.0,0.0
delta1__peptide_count__P20933,0.0,0.0
rollmean2__peptide_count__P04207,0.0,0.0
rollmean2__peptide_count__P04156,0.0,0.0
slope1__peptide_count__P02792,0.0,0.0
slope1__peptide_count__P04156,0.0,0.0
rollmean2__peptide_count__P02792,0.0,0.0
slope1__peptide_count__P04207,0.0,0.0
delta1__peptide_count__Q99832,0.0,0.0
delta1__peptide_count__Q99969,0.0,0.0
delta1__peptide_count__Q9BY67,0.0,0.0
delta1__peptide_count__Q9HDC9,0.0,0.0
delta1__peptide_count__Q9NYU2,0.0,0.0
delta1__peptide_count__Q9UBR2,0.0,0.0
slope1__peptide_count__P02655,0.0,0.0
delta1__peptide_count__P23083,0.0,0.0
lag1__peptide_count__Q8NBJ4,0.0,0.0
lag1__peptide_count__Q8NE71,0.0,0.0
rollmean2__peptide_count__P08123,0.0,0.0
delta1__peptide_count__P19021,0.0,0.0
delta1__peptide_count__P01344,0.0,0.0
rollmean2__peptide_count__P07858,0.0,0.0
rollmean2__peptide_count__P07333,0.0,0.0
missing__peptide_mean__P02751,0.0,0.0
missing__peptide_mean__P02753,0.0,0.0
missing__peptide_mean__P02760,0.0,0.0
missing__peptide_mean__P02763,0.0,0.0
missing__peptide_mean__P02765,0.0,0.0
missing__peptide_mean__P02766,0.0,0.0
missing__peptide_mean__P01034,0.0,0.0
lag1__peptide_count__Q8IWV7,0.0,0.0
missing__peptide_mean__P10451,0.0,0.0
missing__peptide_mean__P10643,0.0,0.0
missing__peptide_mean__P10645,0.0,0.0
missing__peptide_mean__P10909,0.0,0.0
missing__peptide_mean__P12109,0.0,0.0
missing__peptide_mean__P13521,0.0,0.0
missing__peptide_mean__P13987,0.0,0.0
missing__peptide_mean__P16035,0.0,0.0
missing__peptide_mean__P07998,0.0,0.0
missing__peptide_mean__P08294,0.0,0.0
missing__peptide_mean__P08493,0.0,0.0
missing__peptide_mean__P08571,0.0,0.0
lag1__peptide_count__Q7Z5P9,0.0,0.0
missing__peptide_mean__P01042,0.0,0.0
missing__peptide_mean__P01344,0.0,0.0
missing__peptide_mean__P01621,0.0,0.0
missing__peptide_mean__P01717,0.0,0.0
missing__peptide_mean__P00734,0.0,0.0
missing__peptide_mean__P00738,0.0,0.0
missing__peptide_mean__P00747,0.0,0.0
missing__peptide_mean__P00748,0.0,0.0
missing__peptide_mean__P00751,0.0,0.0
missing__peptide_mean__P01008,0.0,0.0
missing__peptide_mean__P01009,0.0,0.0
missing__peptide_mean__P01011,0.0,0.0
missing__peptide_mean__P02790,0.0,0.0
lag1__peptide_count__Q8N2S1,0.0,0.0
rollmean2__peptide_count__P06454,0.0,0.0
rollmean2__peptide_count__P06310,0.0,0.0
rollmean2__peptide_count__P05408,0.0,0.0
missing__peptide_mean__P04156,0.0,0.0
missing__peptide_mean__P04180,0.0,0.0
missing__peptide_mean__P04196,0.0,0.0
lag1__peptide_count__Q96BZ4,0.0,0.0
delta1__peptide_count__P01033,0.0,0.0
lag1__peptide_count__Q96S96,0.0,0.0
lag1__peptide_count__Q99435,0.0,0.0
lag1__peptide_count__Q99674,0.0,0.0
missing__peptide_mean__P02768,0.0,0.0
missing__peptide_mean__P02774,0.0,0.0
missing__peptide_mean__P02787,0.0,0.0
missing__peptide_mean__P04004,0.0,0.0
