feature,importance_mean,importance_std
rollmean2__current_updrs_4,0.22705161860076326,0.0
current_updrs_4,0.2190230013705736,0.0
lag1__current_updrs_4,0.11892850179278341,0.0
current_updrs_1,0.09837849299991618,0.0
rollmean2__current_updrs_1,0.09549354139633086,0.0
rollmean2__current_updrs_2,0.08162127113641973,0.0
missing__peptide_log__C(UniMod_4)SYTEDAQC(UniMod_4)IDGTIEVPK,0.07935517498736719,0.0
rollmean2__current_medication_unknown,0.07773216168839805,0.0
current_updrs_2,0.07516900080343449,0.0
rollmean2__peptide_count__Q12805,0.07296194054728727,0.0
missing__peptide_log__LDEVKEQVAEVR,0.07095170134862522,0.0
current_medication_unknown,0.06780743801308318,0.0
missing__current_medication_on,0.06780743801308318,0.0
lag1__current_updrs_1,0.06586775988695696,0.0
peptide_count__Q12805,0.06447445183852352,0.0
rollmean2__peptide_count__P02749,0.06316180784514994,0.0
current_medication_on,0.06156201091523993,0.0
lag1__current_updrs_2,0.059878238398001146,0.0
peptide_std__Q16610,0.05875400644626972,0.0
rollmean2__peptide_std__Q16610,0.05448404120928453,0.0
lag1__peptide_count__Q13740,0.05442022650728137,0.0
missing__protein_npx__P04275,0.05361663951043291,0.0
missing__peptide_count__P04275,0.05361663951043291,0.0
missing__peptide_mean__P04275,0.05361663951043291,0.0
rollmean2__peptide_count__P13591,0.05336966084201911,0.0
lag1__current_medication_unknown,0.05334062179493182,0.0
missing__peptide_log__C(UniMod_4)VDVDEC(UniMod_4)APPAEPC(UniMod_4)GK,0.05311238867890111,0.0
missing__protein_npx__Q99683,0.05264263215788653,0.0
missing__peptide_mean__Q99683,0.05264263215788653,0.0
missing__peptide_count__Q99683,0.05264263215788653,0.0
peptide_count__P02749,0.050727063390076245,0.0
lag1__peptide_count__P02749,0.05046077548914301,0.0
missing__peptide_log__ILTC(UniMod_4)M(UniMod_35)QGMEEIR,0.04997612339935718,0.0
missing__peptide_count__Q8IWV7,0.04997612339935718,0.0
missing__peptide_mean__Q8IWV7,0.04997612339935718,0.0
missing__protein_npx__Q8IWV7,0.04997612339935718,0.0
delta1__current_updrs_4,0.04955713541544506,0.0
missing__peptide_std__Q9UBX5,0.04889604194920291,0.0
lag1__peptide_std__P43652,0.047871517160994276,0.0
peptide_std__P07225,0.046419820651769535,0.0
peptide_std__P02763,0.04628027847152244,0.0
rollmean2__peptide_std__P54289,0.04596669772607612,0.0
peptide_count__Q9UBX5,0.045465317789918684,0.0
rollmean2__peptide_count__Q9UBX5,0.04545101427646598,0.0
lag1__peptide_std__P25311,0.044896740998666085,0.0
slope1__peptide_std__Q9NQ79,0.04484834715493971,0.0
peptide_std__P54289,0.04391659081195558,0.0
rollmean2__peptide_std__P07225,0.04391218314133685,0.0
peptide_count__P09486,0.04389354880011287,0.0
rollmean2__current_updrs_3,0.043600338815721736,0.0
peptide_std__P19652,0.04329549930395889,0.0
delta1__protein_npx__P27169,0.042893518824177246,0.0
rollmean2__peptide_count__Q06481,0.042829020608239475,0.0
rollmean2__peptide_mean__P01877,0.04250078744255253,0.0
peptide_mean__P36222,0.042280817154650166,0.0
lag1__peptide_count__P01857,0.04220231419789685,0.0
rollmean2__protein_npx__P04217,0.042094369165676326,0.0
lag1__protein_npx__Q8IWV7,0.04191353211666457,0.0
protein_npx__P19652,0.04172062051821083,0.0
rollmean2__current_medication_on,0.04171267886572171,0.0
rollmean2__peptide_std__P25311,0.04170905273726162,0.0
rollmean2__peptide_mean__P02452,0.04168323480008812,0.0
rollmean2__peptide_count__Q16270,0.04164719534909018,0.0
rollmean2__peptide_count__O14773,0.04143894608043537,0.0
delta1__peptide_mean__P10643,0.041162069544589064,0.0
rollmean2__peptide_std__P19652,0.041136192831411164,0.0
delta1__peptide_count__P01023,0.04071927272295169,0.0
peptide_log__MYYSAVDPTKDIFTGLIGPM(UniMod_35)K,0.040679645995720035,0.0
lag1__peptide_count__P06681,0.04064484731439578,0.0
missing__peptide_std__P19823,0.0405947662793373,0.0
peptide_std__P02747,0.04047245450032529,0.0
peptide_mean__O00584,0.040363329102535296,0.0
peptide_count__Q06481,0.04031200507561781,0.0
missing__peptide_log__LEGQEEEEDNRDSSMK,0.040014866128352616,0.0
lag1__peptide_log__RTPITVVK,0.03999113858293565,0.0
lag1__peptide_mean__P04406,0.0399485502563991,0.0
lag1__peptide_std__P05156,0.039904802206402926,0.0
delta1__peptide_std__Q9NQ79,0.039737275638787484,0.0
missing__peptide_std__Q06481,0.03970293603853079,0.0
current_updrs_3,0.039565804963667836,0.0
delta1__peptide_mean__P05408,0.03930106766659949,0.0
peptide_count__P13591,0.03923484456587472,0.0
lag1__peptide_std__Q12841,0.039089145159415827,0.0
lag1__protein_npx__P06681,0.03904386375007069,0.0
lag1__peptide_std__P02768,0.039030303981563444,0.0
rollmean2__peptide_std__P14314,0.039026693169022436,0.0
lag1__peptide_mean__Q12841,0.03889351901634633,0.0
missing__peptide_count__P20933,0.03845079443497883,0.0
missing__protein_npx__P20933,0.03845079443497883,0.0
missing__peptide_mean__P20933,0.03845079443497883,0.0
slope1__peptide_count__P55290,0.03844912096968023,0.0
protein_npx__P23083,0.03833037766362885,0.0
lag1__protein_npx__P00736,0.03800893033509555,0.0
rollmean2__peptide_mean__P36222,0.03799992044641631,0.0
rollmean2__protein_npx__P19652,0.03776770873964593,0.0
lag1__peptide_mean__P02763,0.03761141021239114,0.0
lag1__peptide_mean__P02765,0.037403642939395854,0.0
missing__peptide_log__VGYVSGWGR,0.03710115830111805,0.0
delta1__protein_npx__P30086,0.03691907723208866,0.0
peptide_log__DSGFQM(UniMod_35)NQLR,0.036840057490849565,0.0
missing__peptide_log__GYQLSDVDGVTC(UniMod_4)EDIDEC(UniMod_4)ALPTGGHIC(UniMod_4)SYR,0.03666830572864319,0.0
missing__peptide_log__LAVYQAGAR,0.0366003587435874,0.0
delta1__peptide_log__C(UniMod_4)DSSPDSAEDVRK,0.036598374975323957,0.0
lag1__months_since_prev_visit,0.03656742354527136,0.0
slope1__peptide_log__LC(UniMod_4)MGSGLNLC(UniMod_4)EPNNKEGYYGYTGAFR,0.03631898125198995,0.0
slope1__current_medication_on,0.03623107648658883,0.0
delta1__peptide_log__LC(UniMod_4)MGSGLNLC(UniMod_4)EPNNKEGYYGYTGAFR,0.03593868337694533,0.0
rollmean2__peptide_std__P06727,0.03587425108264481,0.0
rollmean2__peptide_mean__Q12841,0.03585126779058291,0.0
delta1__peptide_count__P09486,0.035648926393263246,0.0
peptide_count__Q96KN2,0.035486400125662725,0.0
missing__peptide_log__EILSVDC(UniMod_4)STNNPSQAK,0.03534182403502823,0.0
lag1__peptide_log__VC(UniMod_4)PFAGILENGAVR,0.03528146290425381,0.0
missing__peptide_log__TQVNTQAEQLRR,0.03517123820343311,0.0
lag1__peptide_log__RLEGQEEEEDNRDSSMK,0.03516079170193644,0.0
rollmean2__peptide_mean__P05067,0.035149328804281704,0.0
rollmean2__peptide_std__P43652,0.035082425987825516,0.0
lag1__protein_npx__P04211,0.034995547868479894,0.0
lag1__peptide_std__P00736,0.03496015295882542,0.0
peptide_count__P43121,0.034928439493596114,0.0
rollmean2__peptide_count__Q96KN2,0.03488453144688548,0.0
rollmean2__peptide_std__P13591,0.03478379328188738,0.0
peptide_mean__P23083,0.03463806978391589,0.0
peptide_count__Q9NQ79,0.034610363467128896,0.0
delta1__peptide_count__P55290,0.03459732442397721,0.0
slope1__peptide_std__P00441,0.03449679721601916,0.0
delta1__protein_npx__O14791,0.03449259711264026,0.0
delta1__peptide_std__P08571,0.03448746372357729,0.0
delta1__protein_npx__P10643,0.03447724708171182,0.0
rollmean2__months_since_prev_visit,0.03432549179646212,0.0
rollmean2__peptide_log__AATVGSLAGQPLQER,0.03431963415370943,0.0
delta1__peptide_log__EDSLEAGLPLQVR,0.03420537901750893,0.0
rollmean2__peptide_log__DSGFQM(UniMod_35)NQLR,0.034171922339678446,0.0
rollmean2__peptide_log__KQELSEAEQATR,0.03415547071426008,0.0
delta1__peptide_log__KVEQAVETEPEPELR,0.03413130596453838,0.0
lag1__protein_npx__P07858,0.034085044313336435,0.0
peptide_log__NPDPWAK,0.0340741082818467,0.0
lag1__current_updrs_3,0.03406788405029194,0.0
missing__peptide_count__Q13740,0.034065667283781464,0.0
missing__peptide_mean__Q13740,0.034065667283781464,0.0
missing__protein_npx__Q13740,0.034065667283781464,0.0
lag1__protein_npx__P08133,0.034030005713793735,0.0
rollmean2__peptide_log__RTPITVVK,0.03399232459662446,0.0
rollmean2__peptide_count__P01857,0.03398158672499237,0.0
rollmean2__peptide_count__P09486,0.03396155532952833,0.0
lag1__peptide_std__P02675,0.03384453728596638,0.0
lag1__peptide_mean__P80748,0.033841603054241755,0.0
peptide_std__P14314,0.03364939860956553,0.0
delta1__protein_npx__P19021,0.033645894844370305,0.0
missing__peptide_std__P13591,0.03361069395333262,0.0
lag1__peptide_mean__Q8IWV7,0.03356662332698282,0.0
lag1__peptide_log__ILTC(UniMod_4)M(UniMod_35)QGMEEIR,0.03356662332698282,0.0
delta1__current_updrs_1,0.033519335894760346,0.0
rollmean2__peptide_log__GSPAINVAVHVFRK,0.03341921291066169,0.0
rollmean2__peptide_count__P43121,0.03340690691850848,0.0
lag1__peptide_std__P09871,0.03335920704143228,0.0
lag1__peptide_log__ADDKETC(UniMod_4)FAEEGK,0.03331409692558351,0.0
delta1__peptide_log__NPDPWAK,0.03324297259624105,0.0
missing__peptide_log__IMNGEADAMSLDGGFVYIAGK,0.03304641794904242,0.0
peptide_std__P02452,0.0330328153631921,0.0
delta1__peptide_mean__P01009,0.03302812579166554,0.0
rollmean2__peptide_mean__O00584,0.0329701071612689,0.0
missing__protein_npx__P49588,0.032913185313490904,0.0
missing__peptide_count__P49588,0.032913185313490904,0.0
missing__peptide_mean__P49588,0.032913185313490904,0.0
delta1__peptide_log__LGPLVEQGRVR,0.03283656252784074,0.0
lag1__protein_npx__P80748,0.032730737556929505,0.0
delta1__protein_npx__P49908,0.032677526711812566,0.0
rollmean2__peptide_log__VYC(UniMod_4)DMNTENGGWTVIQNR,0.032677489117117,0.0
rollmean2__peptide_mean__P07858,0.03257644604612466,0.0
delta1__peptide_mean__P02790,0.03252325924972158,0.0
protein_npx__P04217,0.03235418006431232,0.0
lag1__peptide_std__P16035,0.032180461873244116,0.0
slope1__peptide_std__P02656,0.0320484643059639,0.0
delta1__peptide_count__P98160,0.032033791828953766,0.0
slope1__peptide_std__P02747,0.03201273009820272,0.0
slope1__peptide_log__C(UniMod_4)DSSPDSAEDVRK,0.03199479609773683,0.0
rollmean2__peptide_log__LC(UniMod_4)MGSGLNLC(UniMod_4)EPNNKEGYYGYTGAFR,0.03194055935783385,0.0
peptide_std__P00450,0.031807757593446895,0.0
lag1__protein_npx__P04406,0.03177134004691875,0.0
missing__peptide_count__P06310,0.031764174402345774,0.0
missing__peptide_mean__P06310,0.031764174402345774,0.0
missing__protein_npx__P06310,0.031764174402345774,0.0
rollmean2__peptide_std__P00450,0.03172110060161268,0.0
peptide_count__P02753,0.031702372747232914,0.0
delta1__peptide_mean__P19021,0.03169923877008731,0.0
rollmean2__protein_npx__P23083,0.03169415058845203,0.0
delta1__peptide_std__P16035,0.031655296861655524,0.0
lag1__peptide_std__P20774,0.03163592033945612,0.0
peptide_mean__P02452,0.0316201937318916,0.0
delta1__peptide_mean__Q562R1,0.031527686973678956,0.0
missing__protein_npx__P07711,0.031483733983937126,0.0
missing__peptide_count__P07711,0.031483733983937126,0.0
missing__peptide_mean__P07711,0.031483733983937126,0.0
delta1__protein_npx__P08123,0.03144799709190781,0.0
missing__peptide_log__TEGDGVYTLNNEK,0.031420390316704454,0.0
delta1__peptide_mean__P00748,0.03135848532359913,0.0
peptide_mean__P07333,0.03135781511970496,0.0
protein_npx__P41222,0.0312936528677967,0.0
slope1__peptide_log__VYC(UniMod_4)DMNTENGGWTVIQNR,0.03124432974490144,0.0
peptide_log__AATVGSLAGQPLQER,0.031231180158930023,0.0
rollmean2__peptide_std__P10645,0.0311191071073242,0.0
rollmean2__peptide_log__ELDESLQVAER,0.031116422279952316,0.0
slope1__peptide_log__YYWGGQYTWDMAK,0.031109833915756283,0.0
peptide_count__P07602,0.03110824721799128,0.0
rollmean2__protein_npx__P01861,0.03110778649435371,0.0
peptide_log__EILSVDC(UniMod_4)STNNPSQAK,0.03109818995673018,0.0
delta1__peptide_mean__O14791,0.031074925643457433,0.0
missing__peptide_std__P01859,0.031068786693507974,0.0
rollmean2__peptide_mean__P08697,0.030892494500808627,0.0
missing__peptide_std__P01860,0.030873721087956513,0.0
rollmean2__peptide_log__VC(UniMod_4)PFAGILENGAVR,0.030861744141632844,0.0
delta1__protein_npx__Q562R1,0.030852858739873604,0.0
lag1__peptide_mean__P00751,0.030838695891879202,0.0
slope1__peptide_std__P08571,0.03077379033705354,0.0
rollmean2__peptide_std__Q12841,0.030734184310615822,0.0
rollmean2__peptide_count__P07602,0.030718892210635,0.0
peptide_count__P00738,0.03068946669801506,0.0
lag1__peptide_count__Q9NQ79,0.030684522222500225,0.0
delta1__peptide_mean__P14314,0.030648270736516846,0.0
delta1__peptide_count__O75144,0.030638846917964594,0.0
rollmean2__peptide_count__O00584,0.030635315027081188,0.0
peptide_mean__P05067,0.030624780417809208,0.0
rollmean2__peptide_log__MYYSAVDPTKDIFTGLIGPM(UniMod_35)K,0.03061142032576695,0.0
rollmean2__peptide_count__Q9NQ79,0.03050118512442863,0.0
delta1__peptide_count__P08697,0.03049413617215336,0.0
rollmean2__protein_npx__P08133,0.030488213652363143,0.0
lag1__peptide_mean__P10643,0.030488063799760448,0.0
peptide_std__P12109,0.03046229013184556,0.0
delta1__peptide_std__P12109,0.030401135494719497,0.0
peptide_log__VC(UniMod_4)PFAGILENGAVR,0.030336714490683106,0.0
lag1__peptide_log__KQELSEAEQATR,0.03030907665821234,0.0
lag1__peptide_std__P04180,0.030290146085449294,0.0
rollmean2__peptide_std__P01877,0.030283745563380513,0.0
rollmean2__peptide_mean__P04217,0.030281228660635016,0.0
peptide_count__Q13740,0.030260784196971705,0.0
rollmean2__peptide_log__NPDPWAK,0.03020307661655904,0.0
rollmean2__protein_npx__P07858,0.030163249326960552,0.0
missing__peptide_std__Q9NQ79,0.03011609657039217,0.0
delta1__peptide_mean__Q12907,0.030071150298632495,0.0
slope1__peptide_log__LGPLVEQGRVR,0.03006421940589722,0.0
delta1__peptide_mean__Q9Y6R7,0.030062113736608456,0.0
lag1__protein_npx__P01861,0.029968475560720007,0.0
delta1__peptide_count__P30086,0.029937202233802782,0.0
delta1__protein_npx__P98160,0.02993270902145445,0.0
slope1__protein_npx__P10643,0.029898421306573792,0.0
lag1__peptide_std__P02787,0.029829409527660215,0.0
missing__peptide_log__RGYQLSDVDGVTC(UniMod_4)EDIDEC(UniMod_4)ALPTGGHIC(UniMod_4)SYR,0.029809079148213923,0.0
rollmean2__peptide_mean__P23142,0.02975059037577328,0.0
delta1__protein_npx__P02763,0.02970401008028,0.0
missing__peptide_log__TPLGDTTHTC(UniMod_4)PR,0.029696292934060817,0.0
missing__peptide_log__HYTNPSQDVTVPC(UniMod_4)PVPPPPPC(UniMod_4)C(UniMod_4)HPR,0.02962407589479815,0.0
slope1__peptide_count__P09486,0.029618024897367555,0.0
peptide_std__P02647,0.029603114880853296,0.0
protein_npx__P36222,0.02956905496237893,0.0
peptide_count__O00584,0.029568594124444268,0.0
lag1__peptide_count__P00736,0.029560966166223727,0.0
delta1__peptide_std__P02452,0.029529615819608418,0.0
rollmean2__peptide_mean__P51884,0.029517128122603015,0.0
missing__peptide_mean__Q99829,0.02950880307746061,0.0
missing__protein_npx__Q99829,0.02950880307746061,0.0
missing__peptide_count__Q99829,0.02950880307746061,0.0
missing__peptide_log__SWFEPLVEDM(UniMod_35)QR,0.029481595506573574,0.0
missing__peptide_mean__P40925,0.02946359780079222,0.0
missing__peptide_count__P40925,0.02946359780079222,0.0
missing__protein_npx__P40925,0.02946359780079222,0.0
lag1__peptide_std__P13611,0.02946213338912642,0.0
lag1__peptide_count__Q06481,0.02943051039036357,0.0
lag1__peptide_mean__P08133,0.029342326064130533,0.0
slope1__peptide_log__IHWESASLLR,0.029292568030565885,0.0
delta1__peptide_count__P00746,0.029269235476298096,0.0
slope1__current_updrs_4,0.0292518428853349,0.0
peptide_mean__P02747,0.029233846835584307,0.0
rollmean2__protein_npx__P41222,0.02923147762154463,0.0
peptide_mean__O60888,0.02919341180117886,0.0
lag1__peptide_mean__P07858,0.02918065238372995,0.0
rollmean2__peptide_std__P02647,0.02917453980612128,0.0
rollmean2__peptide_mean__P55290,0.029143261564986027,0.0
lag1__peptide_log__LFDSDPITVTVPVEVSR,0.029131861535950904,0.0
peptide_count__P02747,0.029110214273107195,0.0
rollmean2__protein_npx__Q99683,0.029080787104729555,0.0
lag1__peptide_mean__Q6UX71,0.02906668551754325,0.0
lag1__peptide_std__P10645,0.029045304664440403,0.0
lag1__protein_npx__P02763,0.029025775895746144,0.0
delta1__peptide_std__P10643,0.028975847196799253,0.0
delta1__peptide_log__TEGDGVYTLNNEK,0.02891321216006751,0.0
rollmean2__peptide_std__P02765,0.028846044990835592,0.0
lag1__peptide_count__P01034,0.02883982366724446,0.0
delta1__peptide_std__P00736,0.02883277390200424,0.0
delta1__peptide_mean__P02765,0.028828184771140818,0.0
rollmean2__peptide_log__HYDGSYSTFGER,0.02879446172549875,0.0
peptide_count__P04433,0.028785784368666405,0.0
peptide_mean__P10645,0.028781564300905407,0.0
slope1__peptide_mean__P61626,0.028736144227602293,0.0
lag1__peptide_mean__P04211,0.02872215424249433,0.0
missing__protein_npx__O75326,0.028713668463078275,0.0
missing__peptide_count__O75326,0.028713668463078275,0.0
missing__peptide_mean__O75326,0.028713668463078275,0.0
lag1__protein_npx__Q6UXD5,0.028676379027871308,0.0
lag1__peptide_log__TQVNTQAEQLRR,0.028544872787689538,0.0
protein_npx__O00584,0.028496659452224092,0.0
rollmean2__peptide_log__LFDSDPITVTVPVEVSR,0.028494811394810908,0.0
slope1__peptide_count__Q12841,0.028462100422338602,0.0
missing__peptide_std__P39060,0.028418516343887906,0.0
lag1__protein_npx__Q12841,0.0284070266831792,0.0
missing__peptide_std__P09486,0.028390289867085604,0.0
peptide_std__P02765,0.028375941255721904,0.0
lag1__peptide_std__P00748,0.028318484067348874,0.0
rollmean2__peptide_std__P02763,0.028249973474187402,0.0
delta1__peptide_std__P01011,0.028229098055032802,0.0
rollmean2__protein_npx__P05546,0.02821164648909442,0.0
delta1__peptide_std__P23142,0.028210692037369332,0.0
peptide_log__HYDGSYSTFGER,0.028203088637698864,0.0
delta1__peptide_log__M(UniMod_35)ASGAANVVGPK,0.02817293845990621,0.0
delta1__peptide_mean__P01876,0.028164072952763273,0.0
lag1__peptide_std__P02790,0.028154970011481453,0.0
lag1__peptide_count__P54289,0.02814824066268186,0.0
rollmean2__protein_npx__O00584,0.028121532718815706,0.0
slope1__protein_npx__P27169,0.028100949426432934,0.0
missing__peptide_log__AVLPTGDVIGDSAK,0.0280976153348567,0.0
delta1__peptide_std__P02790,0.028067459650750737,0.0
rollmean2__peptide_log__HYEGSTVPEK,0.028061375414257173,0.0
delta1__peptide_log__HYDGSYSTFGER,0.028049046307665308,0.0
missing__peptide_log__AVGDKLPEC(UniMod_4)EADDGC(UniMod_4)PKPPEIAHGYVEHSVR,0.02799918893433705,0.0
rollmean2__peptide_mean__P20933,0.02798375026041046,0.0
delta1__peptide_count__P00748,0.02794858126685079,0.0
missing__peptide_std__O14773,0.027912276681446538,0.0
lag1__peptide_std__Q6UXB8,0.027908748327646022,0.0
lag1__peptide_log__AVGDKLPEC(UniMod_4)EADDGC(UniMod_4)PKPPEIAHGYVEHSVR,0.02789709351657146,0.0
peptide_log__KQELSEAEQATR,0.02789501720270165,0.0
delta1__peptide_std__P02656,0.027871293735614065,0.0
missing__protein_npx__P27169,0.02786711490032784,0.0
missing__peptide_count__P27169,0.02786711490032784,0.0
missing__peptide_mean__P27169,0.02786711490032784,0.0
peptide_count__Q16270,0.02779116658736651,0.0
months_since_prev_visit,0.02778092611716,0.0
delta1__months_since_baseline,0.02778092611716,0.0
rollmean2__protein_npx__Q8NE71,0.027736474943637436,0.0
missing__protein_npx__Q6UX71,0.02773610845969778,0.0
missing__peptide_count__Q6UX71,0.02773610845969778,0.0
missing__peptide_mean__Q6UX71,0.02773610845969778,0.0
peptide_std__P04196,0.027701263113772787,0.0
delta1__peptide_std__O15240,0.02763560867357153,0.0
rollmean2__peptide_count__P02747,0.02762867343914458,0.0
rollmean2__peptide_log__SLAELGGHLDQQVEEFRR,0.02762512336463018,0.0
rollmean2__protein_npx__Q13451,0.02759782506465512,0.0
rollmean2__protein_npx__Q13283,0.027566209606677494,0.0
rollmean2__protein_npx__P04211,0.027562976858729275,0.0
delta1__protein_npx__P06310,0.027503875149063415,0.0
peptide_mean__Q12841,0.02748443956219505,0.0
delta1__peptide_mean__P08123,0.02743489862323394,0.0
peptide_mean__P55290,0.02739853289999916,0.0
delta1__peptide_log__GSPAINVAVHVFRK,0.02736421825318166,0.0
delta1__peptide_count__O15394,0.02734562915261387,0.0
missing__peptide_log__YVM(UniMod_35)LPVADQDQC(UniMod_4)IR,0.02730438183079863,0.0
delta1__peptide_mean__P49908,0.027286621394140946,0.0
rollmean2__peptide_mean__Q13451,0.02727809751387829,0.0
lag1__protein_npx__Q13740,0.027253422476657047,0.0
rollmean2__protein_npx__Q12805,0.027210744222059765,0.0
lag1__peptide_count__P02652,0.02718501553231308,0.0
missing__peptide_count__O14498,0.02716469099469317,0.0
missing__peptide_mean__O14498,0.02716469099469317,0.0
missing__protein_npx__O14498,0.02716469099469317,0.0
lag1__peptide_std__P01857,0.02716268195321184,0.0
rollmean2__protein_npx__P01877,0.027086715602171435,0.0
missing__peptide_log__MASGAANVVGPK,0.027074469898070136,0.0
rollmean2__peptide_mean__P10645,0.027025930625701373,0.0
rollmean2__peptide_count__P05067,0.026948424254768608,0.0
lag1__peptide_mean__P04207,0.026946570788165432,0.0
missing__peptide_std__P02760,0.026913010657628144,0.0
peptide_std__P16870,0.026903700784200502,0.0
protein_npx__P19021,0.026854646109140328,0.0
lag1__peptide_abundance_min,0.026849569553005277,0.0
delta1__peptide_count__P00738,0.02683303805846094,0.0
lag1__peptide_count__P55290,0.02678915709314955,0.0
peptide_log__VYC(UniMod_4)DMNTENGGWTVIQNR,0.026773843319413498,0.0
lag1__peptide_mean__P16870,0.02676739519264532,0.0
delta1__peptide_std__P02751,0.026765755909639075,0.0
slope1__peptide_log__TEGDGVYTLNNEK,0.026762346045910834,0.0
slope1__peptide_log__KVEQAVETEPEPELR,0.026750318211550418,0.0
missing__peptide_log__GC(UniMod_4)PTEEGC(UniMod_4)GER,0.02674792421087168,0.0
slope1__protein_npx__P19021,0.026739707068341074,0.0
rollmean2__peptide_mean__Q562R1,0.026635940174917452,0.0
delta1__protein_npx__P02749,0.026582444151934708,0.0
missing__peptide_log__FLATTPNSLLVSWQPPR,0.026582210078752205,0.0
peptide_std__P06727,0.02652441676851305,0.0
rollmean2__protein_npx__O14773,0.026501919140556142,0.0
protein_npx__P43121,0.02649794145894742,0.0
delta1__peptide_mean__Q13740,0.026493320609009607,0.0
rollmean2__peptide_log__IHWESASLLR,0.02646984679366131,0.0
delta1__peptide_mean__P98160,0.026440431985636333,0.0
missing__peptide_log__C(UniMod_4)RDQLPYIC(UniMod_4)QFGIV,0.02640992836084714,0.0
peptide_mean__P08697,0.02640453586472345,0.0
slope1__peptide_count__P00748,0.026390535685887142,0.0
missing__peptide_log__TSAHGNVAEGETKPDPDVTER,0.026320193543966152,0.0
delta1__peptide_std__P19823,0.026300788293161775,0.0
peptide_log__LSNENHGIAQR,0.02627698206932067,0.0
rollmean2__peptide_mean__P02749,0.026242306756908047,0.0
delta1__peptide_mean__O75326,0.026210863846559938,0.0
lag1__protein_npx__P05155,0.026162793079922225,0.0
rollmean2__peptide_std__P01009,0.026160952363605418,0.0
delta1__peptide_count__P43652,0.026139790390747937,0.0
peptide_log__IMNGEADAMSLDGGFVYIAGK,0.026119802355739317,0.0
slope1__peptide_mean__P02765,0.02610949643050173,0.0
delta1__protein_npx__P05408,0.026073683050301527,0.0
delta1__protein_npx__P43121,0.026043515957293425,0.0
slope1__peptide_mean__P17174,0.025969411032499404,0.0
peptide_log__HYEGSTVPEK,0.025966465686195317,0.0
protein_npx__P04211,0.025945780443519785,0.0
peptide_std__Q14624,0.02592978417035604,0.0
rollmean2__peptide_mean__P04180,0.02588774328798584,0.0
peptide_count__P05452,0.025761704365251648,0.0
delta1__peptide_std__P01876,0.02575491955333318,0.0
rollmean2__peptide_mean__P07711,0.02574270170029765,0.0
rollmean2__peptide_log__EILSVDC(UniMod_4)STNNPSQAK,0.025726206977024196,0.0
rollmean2__peptide_log__LVGGPM(UniMod_35)DASVEEEGVRR,0.025683814350628855,0.0
peptide_std__P01877,0.025660229961580107,0.0
delta1__peptide_count__P01877,0.0256540480492259,0.0
slope1__peptide_mean__Q9Y6R7,0.025605304841032798,0.0
slope1__peptide_mean__P00748,0.02560185630654301,0.0
delta1__peptide_count__P02753,0.025591370771796327,0.0
delta1__protein_npx__Q12841,0.025587868561921617,0.0
slope1__protein_npx__P30086,0.025582272451586636,0.0
peptide_mean__P02749,0.025580432107228664,0.0
slope1__peptide_std__P23142,0.025570069994868695,0.0
rollmean2__protein_npx__P02763,0.025565760419009306,0.0
missing__peptide_log__SGELEQEEER,0.025549204546926177,0.0
peptide_std__Q06481,0.0255437271650857,0.0
rollmean2__peptide_mean__O14773,0.025518044596756807,0.0
rollmean2__peptide_mean__P43251,0.025477799541793175,0.0
delta1__peptide_mean__Q14624,0.0254643567666719,0.0
lag1__peptide_mean__P02790,0.025441411131987498,0.0
months_since_baseline,0.02542985958655672,0.0
lag1__peptide_std__P00747,0.025415149725748234,0.0
peptide_count__P01860,0.025410794725703713,0.0
delta1__peptide_std__P00441,0.025401134082013693,0.0
peptide_std__P00746,0.02539162405062286,0.0
delta1__peptide_mean__P61626,0.02538667841018347,0.0
missing__peptide_std__P02747,0.02537157063889644,0.0
rollmean2__peptide_std__P00748,0.025327391337407357,0.0
missing__peptide_count__Q8NBJ4,0.025301869419758462,0.0
missing__protein_npx__Q8NBJ4,0.025301869419758462,0.0
missing__peptide_mean__Q8NBJ4,0.025301869419758462,0.0
peptide_log__LGPLVEQGRVR,0.025288050218092068,0.0
slope1__peptide_mean__P10643,0.025258456155729588,0.0
protein_npx__P98160,0.02524323664829509,0.0
delta1__peptide_log__TVVQPSVGAAAGPVVPPC(UniMod_4)PGR,0.025242278305272346,0.0
delta1__peptide_std__P16870,0.02521289092007197,0.0
delta1__peptide_log__C(UniMod_4)KPVNTFVHEPLVDVQNVC(UniMod_4)FQEK,0.02514157052473367,0.0
lag1__peptide_std__Q16270,0.02511860049704182,0.0
peptide_mean__Q13451,0.025090036246064696,0.0
missing__peptide_log__QIGSVYR,0.02507880602324918,0.0
rollmean2__peptide_log__NFPPSQDASGDLYTTSSQLTLPATQC(UniMod_4)LAGK,0.02507408039309867,0.0
slope1__peptide_mean__P04075,0.025055409344801556,0.0
missing__peptide_log__SELEEQLTPVAEETR,0.025047801101852243,0.0
rollmean2__peptide_std__P09871,0.025030131468787683,0.0
delta1__peptide_mean__O14773,0.025021294045775667,0.0
lag1__peptide_std__P07339,0.025011553176156092,0.0
missing__peptide_std__P54289,0.025000570178437185,0.0
rollmean2__peptide_std__P02749,0.024965889273970157,0.0
rollmean2__protein_npx__P43251,0.024949460332418814,0.0
peptide_count__Q08380,0.024945917450752225,0.0
peptide_count__P01857,0.024935309921527097,0.0
peptide_count__O14773,0.024897187299569225,0.0
lag1__peptide_mean__P43652,0.02488088613203152,0.0
delta1__peptide_std__P02763,0.024873194110786246,0.0
lag1__peptide_log__VYC(UniMod_4)DMNTENGGWTVIQNR,0.024842238877572434,0.0
delta1__peptide_std__P04196,0.024841973255817617,0.0
protein_npx__Q9UKV8,0.024840582619831124,0.0
lag1__protein_npx__P00751,0.024837178340158483,0.0
peptide_mean__Q562R1,0.02482314038944885,0.0
lag1__peptide_log__KFPSGTFEQVSQLVK,0.024812442338515314,0.0
lag1__peptide_count__P20774,0.024804381523223035,0.0
protein_npx__P01594,0.02478583904829021,0.0
slope1__peptide_mean__P02675,0.024713597391190594,0.0
missing__peptide_log__M(UniMod_35)YLGYEYVTAIR,0.024703727556571735,0.0
peptide_std__P00441,0.024695393356640973,0.0
lag1__peptide_std__O15394,0.02469381445117693,0.0
delta1__peptide_std__P25311,0.02467781778162647,0.0
rollmean2__peptide_mean__P36955,0.024673720562186936,0.0
lag1__peptide_count__P01011,0.024633487173795588,0.0
slope1__peptide_mean__P16870,0.02462314892861101,0.0
slope1__peptide_count__Q16610,0.02461800989911169,0.0
slope1__peptide_mean__Q06481,0.024613376349336337,0.0
rollmean2__peptide_count__P07339,0.024601367209747284,0.0
lag1__peptide_mean__P14618,0.02458043776970543,0.0
peptide_log__KVEQAVETEPEPELR,0.024578449594293388,0.0
protein_npx__Q12805,0.024548888155846042,0.0
lag1__protein_npx__Q99829,0.024499464150592006,0.0
missing__peptide_log__VMPIC(UniMod_4)LPSKDYAEVGR,0.024471046899484424,0.0
rollmean2__protein_npx__P36222,0.024468206899494995,0.0
slope1__peptide_std__P02748,0.024420127931769325,0.0
delta1__protein_npx__P00748,0.024410629864414845,0.0
rollmean2__peptide_mean__P02747,0.02440787277002239,0.0
peptide_std__P08603,0.024406969173820566,0.0
delta1__peptide_std__P02747,0.024406269731126636,0.0
missing__protein_npx__P01594,0.02440450782430834,0.0
missing__peptide_mean__P01594,0.02440450782430834,0.0
missing__peptide_count__P01594,0.02440450782430834,0.0
rollmean2__peptide_mean__P08133,0.024394046919520396,0.0
missing__peptide_std__P16035,0.02438134865420325,0.0
lag1__peptide_std__P13591,0.02438022962868043,0.0
slope1__peptide_log__TPVSDRVTK,0.024379586406123633,0.0
delta1__peptide_std__P13611,0.02437450509280302,0.0
lag1__peptide_std__P14618,0.024350740395812576,0.0
delta1__peptide_std__P09486,0.024335257621674884,0.0
peptide_mean__Q96BZ4,0.02432961155480495,0.0
lag1__peptide_log__LC(UniMod_4)MGSGLNLC(UniMod_4)EPNNKEGYYGYTGAFR,0.024323014698956275,0.0
missing__peptide_log__ELDESLQVAER,0.024308668298689676,0.0
missing__peptide_std__Q16610,0.024306660153399242,0.0
slope1__peptide_mean__O75326,0.024286119555313117,0.0
peptide_mean__Q99829,0.024244370317937552,0.0
lag1__peptide_std__O14773,0.024238190439521422,0.0
rollmean2__protein_npx__P36980,0.024219609058944404,0.0
rollmean2__peptide_count__P04180,0.024219173191980584,0.0
slope1__protein_npx__P61626,0.024199676819975393,0.0
delta1__peptide_std__P43652,0.024185494305296238,0.0
peptide_count__P25311,0.02417629152842946,0.0
lag1__peptide_log__QIGSVYR,0.02416883575191563,0.0
delta1__peptide_std__P54289,0.02416855905344958,0.0
protein_npx__O00391,0.02416203968369783,0.0
missing__peptide_mean__P08637,0.024145598132453178,0.0
missing__protein_npx__P08637,0.024145598132453178,0.0
missing__peptide_count__P08637,0.024145598132453178,0.0
protein_npx__P36955,0.024126981533442816,0.0
slope1__protein_npx__P04196,0.024124104315756387,0.0
protein_npx__O15394,0.024107315770988794,0.0
peptide_log__LVGGPM(UniMod_35)DASVEEEGVRR,0.024106036418439485,0.0
peptide_std__P02760,0.024096937716091487,0.0
rollmean2__protein_npx__P00747,0.024092241315673505,0.0
slope1__peptide_mean__O14791,0.02409164574934984,0.0
rollmean2__peptide_count__P05452,0.024061884519571055,0.0
delta1__peptide_mean__P39060,0.02404869588442112,0.0
missing__protein_npx__Q13283,0.024043694767584934,0.0
missing__peptide_mean__Q13283,0.024043694767584934,0.0
missing__peptide_count__Q13283,0.024043694767584934,0.0
lag1__peptide_std__P02750,0.024015537359569832,0.0
missing__peptide_mean__O00584,0.024000896279222476,0.0
missing__protein_npx__O00584,0.024000896279222476,0.0
missing__peptide_count__O00584,0.024000896279222476,0.0
lag1__protein_npx__P60174,0.02399554300556003,0.0
rollmean2__peptide_count__P25311,0.023987990335608663,0.0
rollmean2__peptide_mean__P02763,0.02397123752620122,0.0
lag1__peptide_std__Q9NQ79,0.023968264428327883,0.0
protein_npx__Q13283,0.023956654300976776,0.0
delta1__peptide_mean__P20933,0.023952725832848878,0.0
rollmean2__peptide_count__P04433,0.02395172663693804,0.0
rollmean2__peptide_std__P02747,0.023931729539698444,0.0
lag1__peptide_count__Q9UHG2,0.023923910542864715,0.0
rollmean2__peptide_count__P00738,0.023922199715362066,0.0
delta1__peptide_std__P07339,0.023913415512028482,0.0
lag1__peptide_std__P02774,0.023909647525712417,0.0
rollmean2__protein_npx__P36955,0.023898427646498764,0.0
delta1__peptide_std__O14773,0.02385440325213185,0.0
delta1__peptide_std__P02750,0.023847325824258466,0.0
protein_npx__P61278,0.02384201358478083,0.0
slope1__protein_npx__Q12841,0.023826377139957083,0.0
peptide_log__C(UniMod_4)DSSPDSAEDVRK,0.023788230517525016,0.0
protein_npx__P01621,0.023747928314079274,0.0
rollmean2__peptide_std__P08603,0.023731220287593315,0.0
missing__peptide_count__Q99832,0.023718258303998745,0.0
missing__peptide_mean__Q99832,0.023718258303998745,0.0
missing__protein_npx__Q99832,0.023718258303998745,0.0
slope1__protein_npx__P06310,0.023706007075170284,0.0
missing__peptide_std__P07225,0.02368788275075617,0.0
missing__peptide_log__VTLTC(UniMod_4)VAPLSGVDFQLR,0.023660971068381515,0.0
lag1__peptide_mean__P13671,0.023633104869670643,0.0
lag1__peptide_log__VGYVSGWGR,0.02362536370066654,0.0
lag1__peptide_count__P07602,0.02360856129545004,0.0
protein_npx__Q13451,0.023602195787341997,0.0
missing__protein_npx__O94919,0.023592625112626074,0.0
missing__peptide_mean__O94919,0.023592625112626074,0.0
missing__peptide_count__O94919,0.023592625112626074,0.0
lag1__protein_npx__P02753,0.023587032267150546,0.0
slope1__protein_npx__P04180,0.023571801441536564,0.0
delta1__peptide_std__P00748,0.023571551694465627,0.0
slope1__peptide_std__P02452,0.02353922581211689,0.0
lag1__protein_npx__P04207,0.0235255246197044,0.0
rollmean2__peptide_mean__P16870,0.02351246556387294,0.0
lag1__peptide_std__P01860,0.023432315018166505,0.0
missing__peptide_count__Q14508,0.023430881863837388,0.0
missing__peptide_mean__Q14508,0.023430881863837388,0.0
missing__protein_npx__Q14508,0.023430881863837388,0.0
lag1__peptide_count__P09486,0.02342270586356309,0.0
peptide_mean__P07858,0.023398922915819447,0.0
rollmean2__months_since_baseline,0.02336870332987844,0.0
rollmean2__peptide_mean__O14498,0.02335143108136852,0.0
delta1__protein_npx__P02790,0.023335190180144072,0.0
peptide_mean__P01877,0.023333631012109026,0.0
lag1__peptide_count__P06396,0.023306673624405864,0.0
lag1__protein_npx__P04217,0.02325541708325792,0.0
rollmean2__protein_npx__P02749,0.02325014995449131,0.0
lag1__protein_npx__P01877,0.02324909284742089,0.0
delta1__peptide_mean__P09104,0.023227678103404953,0.0
delta1__peptide_mean__P16870,0.023210815199004007,0.0
rollmean2__peptide_count__P05156,0.023199147692668214,0.0
delta1__protein_npx__O15394,0.023170566723094352,0.0
rollmean2__peptide_log__RLEGQEEEEDNRDSSMK,0.0231063712757911,0.0
lag1__protein_npx__P10643,0.023106295367640823,0.0
peptide_count__P16035,0.023100507164216324,0.0
missing__peptide_count__P55290,0.023099125856922174,0.0
missing__protein_npx__P55290,0.023099125856922174,0.0
missing__peptide_mean__P55290,0.023099125856922174,0.0
slope1__peptide_mean__P02747,0.023054239825768832,0.0
rollmean2__peptide_count__P02748,0.02304477257900347,0.0
peptide_log__LDEVKEQVAEVR,0.023016233288368902,0.0
delta1__peptide_log__VYC(UniMod_4)DMNTENGGWTVIQNR,0.022976263059179342,0.0
slope1__peptide_log__EDSLEAGLPLQVR,0.022957278029129377,0.0
peptide_std__Q9UHG2,0.02295115016599156,0.0
rollmean2__peptide_count__P55290,0.022949483589825737,0.0
delta1__protein_npx__P54289,0.022945153324742104,0.0
missing__peptide_count__P39060,0.022937189335596322,0.0
missing__peptide_mean__P39060,0.022937189335596322,0.0
missing__protein_npx__P39060,0.022937189335596322,0.0
protein_npx__Q15904,0.022908453495591258,0.0
protein_npx__P08294,0.022902505547715012,0.0
lag1__protein_npx__P08253,0.022900533097376267,0.0
delta1__peptide_log__VKDLATVYVDVLK,0.02288131921737065,0.0
protein_npx__O14791,0.02287884651002956,0.0
delta1__peptide_count__P05067,0.022866709678453948,0.0
lag1__peptide_mean__P01024,0.022866471272991337,0.0
delta1__peptide_log__NFPPSQDASGDLYTTSSQLTLPATQC(UniMod_4)LAGK,0.022849306890719342,0.0
rollmean2__peptide_count__Q16610,0.022795185681562618,0.0
delta1__peptide_mean__P08493,0.022787939191336547,0.0
peptide_mean__Q15904,0.022787348623102707,0.0
lag1__peptide_count__P02760,0.022787205334885582,0.0
lag1__peptide_mean__P00748,0.022784146202373082,0.0
rollmean2__peptide_std__P16870,0.02276529950086789,0.0
protein_npx__P08697,0.02274846800671453,0.0
slope1__protein_npx__P08123,0.02273966987289445,0.0
lag1__protein_npx__Q6UX71,0.022706901019956555,0.0
lag1__peptide_mean__O14773,0.02270306249837704,0.0
slope1__peptide_count__Q16270,0.022687664840478107,0.0
delta1__peptide_mean__P23083,0.022661326073113715,0.0
missing__peptide_log__GEVQAMLGQSTEELR,0.022645079240857846,0.0
missing__peptide_std__P19652,0.022641246061532116,0.0
rollmean2__protein_npx__P00736,0.022628646630107795,0.0
lag1__peptide_mean__P05156,0.022547768757972653,0.0
rollmean2__protein_npx__Q562R1,0.022536150759763084,0.0
slope1__peptide_std__P12109,0.02252750682203783,0.0
delta1__peptide_log__LSSWVLLM(UniMod_35)K,0.02249500485765074,0.0
delta1__peptide_mean__P14618,0.022493425711985874,0.0
peptide_log__SLAAAAGKQELAK,0.022489802555336124,0.0
peptide_mean__P61278,0.022489802555336124,0.0
rollmean2__peptide_log__LSNENHGIAQR,0.0224892716111813,0.0
missing__peptide_log__KAADDTWEPFASGK,0.02248704027659771,0.0
slope1__peptide_mean__P19021,0.022466288568193268,0.0
lag1__peptide_log__QKVEPLRAELQEGAR,0.02245868963582243,0.0
rollmean2__peptide_std__P51884,0.022438274265971718,0.0
missing__peptide_log__VC(UniMod_4)PFAGILENGAVR,0.022395091260891148,0.0
slope1__peptide_mean__Q12907,0.022387797582799566,0.0
peptide_count__O75144,0.022363894709319567,0.0
slope1__protein_npx__P02763,0.02235439822936391,0.0
slope1__protein_npx__P07333,0.02235335415648224,0.0
rollmean2__peptide_mean__Q99683,0.022345491807057756,0.0
slope1__peptide_mean__P09104,0.022330778636808643,0.0
delta1__peptide_count__P00734,0.022329357563462347,0.0
rollmean2__protein_npx__P19823,0.02232222954887546,0.0
slope1__protein_npx__P60174,0.022320704716382297,0.0
lag1__protein_npx__Q06481,0.022300808782637817,0.0
rollmean2__peptide_mean__P23083,0.022299121126063668,0.0
rollmean2__peptide_count__P00736,0.0222966027666762,0.0
slope1__peptide_count__P43652,0.022294388214682142,0.0
delta1__protein_npx__P04180,0.022290780128391356,0.0
delta1__protein_npx__P01876,0.022272967932092876,0.0
protein_npx__P02647,0.022264474618923488,0.0
peptide_count__P04196,0.022262967600406747,0.0
rollmean2__peptide_mean__P07333,0.02225218062812857,0.0
delta1__protein_npx__P00736,0.02224766741074043,0.0
lag1__protein_npx__P61626,0.022228786461270897,0.0
slope1__protein_npx__P04075,0.02220844414479464,0.0
delta1__protein_npx__P00747,0.02220587396934702,0.0
peptide_count__P14314,0.02219903154843821,0.0
slope1__protein_npx__P00736,0.0221944305368225,0.0
peptide_std__P01019,0.022194162300636203,0.0
lag1__peptide_count__P04180,0.02217807143939328,0.0
lag1__peptide_count__P02649,0.022168012357574353,0.0
missing__peptide_log__FM(UniMod_35)ETVAEK,0.022167406338220282,0.0
rollmean2__protein_npx__P20933,0.022147691064640086,0.0
rollmean2__protein_npx__P08253,0.022104806095119674,0.0
rollmean2__peptide_count__P01860,0.02206728817405015,0.0
delta1__peptide_mean__Q06481,0.022053927418805318,0.0
peptide_mean__P04217,0.02204072478774545,0.0
peptide_mean__P40925,0.022011012419755952,0.0
slope1__peptide_mean__P07333,0.02199826879456111,0.0
rollmean2__peptide_std__O94919,0.021985139281492105,0.0
peptide_std__P24592,0.021975482479088298,0.0
delta1__peptide_std__Q16610,0.02196421428671375,0.0
peptide_count__P07339,0.021957008732905344,0.0
delta1__peptide_log__NFPPSQDASGDLYTTSSQLTLPATQC(UniMod_4)PDGK,0.021951041882393114,0.0
missing__peptide_log__C(UniMod_4)TSTGWIPAPR,0.02192025887292094,0.0
delta1__protein_npx__P06727,0.021919578485249655,0.0
delta1__protein_npx__P08637,0.02190965095641785,0.0
protein_npx__P04156,0.021908491898768506,0.0
protein_npx__P43251,0.02188541671271293,0.0
missing__peptide_mean__Q02818,0.0218846295569793,0.0
missing__protein_npx__Q02818,0.0218846295569793,0.0
missing__peptide_count__Q02818,0.0218846295569793,0.0
delta1__peptide_mean__P01033,0.021879215143799906,0.0
missing__peptide_count__Q9Y6R7,0.02187239599354368,0.0
missing__peptide_mean__Q9Y6R7,0.02187239599354368,0.0
missing__protein_npx__Q9Y6R7,0.02187239599354368,0.0
peptide_std__P27169,0.02185604515170369,0.0
slope1__peptide_count__Q9Y6R7,0.021852540210894052,0.0
lag1__peptide_mean__P43251,0.02184833850540405,0.0
delta1__peptide_mean__O60888,0.021841096491662423,0.0
lag1__protein_npx__P54289,0.021836477670999492,0.0
peptide_mean__P01608,0.021812716577412173,0.0
lag1__peptide_count__P13987,0.02179467522452399,0.0
missing__peptide_log__SGEATDGARPQALPEPMQESK,0.0217796044455259,0.0
delta1__peptide_count__P13591,0.021769736195420483,0.0
rollmean2__protein_npx__P13591,0.021738130793329702,0.0
peptide_mean__O14791,0.021737764905650027,0.0
rollmean2__peptide_mean__P04211,0.021697534051288277,0.0
peptide_log__LC(UniMod_4)MGSGLNLC(UniMod_4)EPNNKEGYYGYTGAFR,0.021661284668388278,0.0
peptide_mean__Q12907,0.021637615627795027,0.0
rollmean2__protein_npx__P55290,0.02163070564415339,0.0
lag1__peptide_log__YVM(UniMod_35)LPVADQDQC(UniMod_4)IR,0.021618785009539274,0.0
delta1__peptide_log__TSAHGNVAEGETKPDPDVTER,0.021616896771632976,0.0
delta1__protein_npx__P04196,0.02160445342978985,0.0
peptide_count__P02790,0.021587764661483197,0.0
peptide_mean__P19021,0.021582800784502566,0.0
peptide_log__YYWGGQYTWDMAK,0.021553141613405956,0.0
missing__protein_npx__P06454,0.02154997361751706,0.0
missing__peptide_count__P06454,0.02154997361751706,0.0
missing__peptide_mean__P06454,0.02154997361751706,0.0
slope1__protein_npx__O14791,0.021549430121186364,0.0
rollmean2__peptide_count__P20774,0.021543175020862237,0.0
slope1__peptide_count__P00746,0.021536793312369306,0.0
rollmean2__peptide_mean__P00748,0.021530103581408045,0.0
missing__peptide_log__HYDGSYSTFGER,0.021522408222092778,0.0
lag1__peptide_count__P01009,0.021510703850463987,0.0
peptide_mean__P01621,0.0215083785709085,0.0
peptide_log__RTPITVVK,0.021507791624350285,0.0
peptide_count__P39060,0.021486828027694874,0.0
delta1__peptide_abundance_min,0.021464684283175755,0.0
delta1__protein_npx__P04275,0.021459732382519223,0.0
rollmean2__peptide_count__P04196,0.021457669762006592,0.0
slope1__peptide_mean__O14773,0.02145711375054922,0.0
peptide_mean__P17936,0.021420983832998505,0.0
peptide_mean__P04211,0.021411047938681795,0.0
slope1__peptide_log__VDSGNDVTDIADDGC(UniMod_4)PKPPEIAHGYVEHSVR,0.021409649248007232,0.0
rollmean2__peptide_mean__P02765,0.021405657813293188,0.0
rollmean2__protein_npx__Q16610,0.02138672766408058,0.0
delta1__peptide_count__P06396,0.021384270696037,0.0
peptide_log__QIGSVYR,0.02136375784876672,0.0
lag1__peptide_mean__P08253,0.0213612030085144,0.0
delta1__current_medication_on,0.02134199648089973,0.0
peptide_mean__P11142,0.021334421732586446,0.0
rollmean2__peptide_log__LGPLVEQGRVR,0.021318547120011543,0.0
delta1__protein_npx__P01033,0.021309833788691314,0.0
lag1__peptide_std__P36955,0.021295378682311177,0.0
delta1__peptide_std__P30086,0.021281455724497654,0.0
rollmean2__peptide_std__P01019,0.021268064345252583,0.0
rollmean2__peptide_std__P01876,0.02126335753215876,0.0
missing__peptide_count__P04211,0.021253180105173918,0.0
missing__peptide_mean__P04211,0.021253180105173918,0.0
missing__protein_npx__P04211,0.021253180105173918,0.0
delta1__peptide_std__P02787,0.021243246637594086,0.0
lag1__peptide_count__P43121,0.02123681773483509,0.0
slope1__peptide_count__P07602,0.02123254859422849,0.0
slope1__peptide_log__C(UniMod_4)KPVNTFVHEPLVDVQNVC(UniMod_4)FQEK,0.02122799414874826,0.0
rollmean2__peptide_std__P05156,0.021224188693094448,0.0
slope1__protein_npx__P00748,0.02120889053616903,0.0
slope1__peptide_mean__P01009,0.02120025216812312,0.0
peptide_mean__O00391,0.021171364032198253,0.0
rollmean2__peptide_count__P02452,0.021164872660204143,0.0
lag1__peptide_mean__P36955,0.02115439127820572,0.0
lag1__peptide_mean__P20933,0.021150995158474458,0.0
slope1__peptide_std__P10645,0.021143206257384112,0.0
peptide_mean__Q96KN2,0.02114017866200682,0.0
peptide_mean__Q02818,0.02113593449869427,0.0
peptide_std__P05060,0.021133225990892686,0.0
lag1__protein_npx__P07711,0.021125845699805933,0.0
rollmean2__protein_npx__P23142,0.021124312568259543,0.0
lag1__peptide_std__P02763,0.021119506510629403,0.0
delta1__peptide_mean__P14174,0.021098650806987657,0.0
slope1__protein_npx__P02790,0.02107847486091273,0.0
peptide_mean__P43251,0.02106388442203361,0.0
rollmean2__peptide_count__Q08380,0.02105118454561955,0.0
rollmean2__peptide_log__C(UniMod_4)SYTEDAQC(UniMod_4)IDGTIEVPK,0.021034553454129485,0.0
slope1__peptide_std__P02749,0.02102927405779151,0.0
rollmean2__peptide_mean__Q8NE71,0.021028769599073148,0.0
protein_npx__P01861,0.021021204920753597,0.0
peptide_log__GSPAINVAVHVFRK,0.02100706975436612,0.0
rollmean2__peptide_std__Q14624,0.021005331620643414,0.0
peptide_mean__P51884,0.021001738654224354,0.0
rollmean2__peptide_mean__P19652,0.020969321047344794,0.0
lag1__peptide_count__Q16270,0.02095112960595671,0.0
lag1__peptide_mean__P02652,0.020925038681026575,0.0
delta1__peptide_count__Q9Y6R7,0.020914451697257964,0.0
rollmean2__protein_npx__P98160,0.020912236516740363,0.0
delta1__peptide_log__VQPYLDDFQKK,0.02090968741397273,0.0
rollmean2__peptide_log__C(UniMod_4)IIEVLSNALSK,0.02090387376367678,0.0
slope1__peptide_log__TVVQPSVGAAAGPVVPPC(UniMod_4)PGR,0.020896198566825896,0.0
delta1__peptide_mean__P02675,0.02088665222452248,0.0
peptide_std__P01024,0.02087608853051788,0.0
peptide_std__P02751,0.020857123079769863,0.0
slope1__peptide_std__P07602,0.02085568424503377,0.0
rollmean2__peptide_count__P01011,0.020849034886305556,0.0
delta1__peptide_log__LEGQEEEEDNRDSSMK,0.020835504589153113,0.0
rollmean2__peptide_log__MTVTDQVNC(UniMod_4)PK,0.02082817138757794,0.0
rollmean2__protein_npx__O14498,0.020820873793269842,0.0
protein_npx__P07333,0.02081908534687617,0.0
protein_npx__P40925,0.020811555007367987,0.0
lag1__peptide_mean__O75326,0.020806052611739706,0.0
lag1__peptide_mean__Q13740,0.020773554747607722,0.0
slope1__protein_npx__P98160,0.020765399230666576,0.0
lag1__peptide_mean__P04180,0.02076224186770861,0.0
rollmean2__peptide_mean__P20774,0.020758310895560576,0.0
lag1__peptide_std__P36222,0.020754942437241963,0.0
slope1__peptide_mean__P02790,0.02075420528692827,0.0
delta1__protein_npx__P01621,0.02075032158694641,0.0
rollmean2__protein_npx__P01780,0.020746609939516495,0.0
missing__peptide_std__P14314,0.020742775588432308,0.0
slope1__peptide_count__P01857,0.020723406097046173,0.0
rollmean2__protein_npx__P61278,0.020711711154199203,0.0
lag1__peptide_mean__P61626,0.020710005869737935,0.0
peptide_mean__Q6UXB8,0.020698314786582732,0.0
missing__peptide_log__HGGLYHENMR,0.020663141300820954,0.0
lag1__peptide_std__P51884,0.020653453694967547,0.0
protein_npx__P23142,0.02064912087405033,0.0
delta1__peptide_log__TPVSDRVTK,0.020643748230275226,0.0
peptide_log__TDASDVKPC(UniMod_4),0.020632232103217636,0.0
lag1__peptide_count__P04075,0.02062664342361951,0.0
peptide_mean__O94919,0.02059504767634875,0.0
protein_npx__Q9NQ79,0.02057499745925397,0.0
rollmean2__peptide_count__P39060,0.02055272247286808,0.0
protein_npx__P07339,0.0205230155320853,0.0
delta1__peptide_std__Q9UBX5,0.020522977496090195,0.0
slope1__peptide_count__P00736,0.020521347145379606,0.0
peptide_log__C(UniMod_4)VDVDEC(UniMod_4)APPAEPC(UniMod_4)GK,0.020513686608625337,0.0
rollmean2__peptide_std__P04180,0.020499540028815967,0.0
peptide_log__FLATTPNSLLVSWQPPR,0.020493058378181155,0.0
delta1__peptide_count__P01857,0.020479448387054504,0.0
missing__peptide_log__LGADM(UniMod_35)EDVC(UniMod_4)GR,0.020478646438661794,0.0
delta1__peptide_log__YYWGGQYTWDMAK,0.020474270566535422,0.0
peptide_std__P02790,0.02047257053799003,0.0
peptide_mean__P19652,0.020445778589288283,0.0
peptide_log__ATVNPSAPR,0.020442294821513007,0.0
rollmean2__peptide_std__P02760,0.02043652608601345,0.0
peptide_mean__Q13449,0.020424962265756578,0.0
rollmean2__peptide_std__P13987,0.020423529192226182,0.0
peptide_count__P98160,0.02041615734071474,0.0
missing__peptide_std__P98160,0.02041615734071474,0.0
rollmean2__peptide_count__P16035,0.020403905109774235,0.0
delta1__peptide_std__P39060,0.0203971748604017,0.0
missing__peptide_log__NFPPSQDASGDLYTTSSQLTLPATQC(UniMod_4)LAGK,0.020380039431868738,0.0
slope1__protein_npx__P07858,0.02035663852086645,0.0
missing__peptide_std__P16870,0.020346329946579627,0.0
peptide_mean__P04180,0.020342058538353986,0.0
missing__peptide_std__P00736,0.02033631342549686,0.0
lag1__peptide_log__GC(UniMod_4)PTEEGC(UniMod_4)GER,0.020334461443971674,0.0
lag1__peptide_count__P00450,0.020330449730068045,0.0
protein_npx__P05546,0.02032718406977947,0.0
protein_npx__P11142,0.020309243661530495,0.0
slope1__peptide_count__P04075,0.02030090502723905,0.0
slope1__protein_npx__Q14624,0.02028466027938694,0.0
rollmean2__peptide_log__AVGDKLPEC(UniMod_4)EADDGC(UniMod_4)PKPPEIAHGYVEHSVR,0.020270136073005703,0.0
protein_npx__P02774,0.020265619829778335,0.0
lag1__peptide_std__Q9UHG2,0.020226356647623046,0.0
delta1__peptide_mean__P80748,0.020224952152542185,0.0
peptide_mean__Q13740,0.020211604706519965,0.0
peptide_mean__P23142,0.020208869621411427,0.0
protein_npx__P01034,0.020187263931539103,0.0
lag1__peptide_mean__P02749,0.020157275627914334,0.0
peptide_std__P08294,0.020136909585791195,0.0
rollmean2__peptide_count__P05155,0.020127418239236156,0.0
peptide_mean__P36955,0.02003261726325933,0.0
peptide_log__MTVTDQVNC(UniMod_4)PK,0.0200118294424515,0.0
delta1__peptide_log__LGADM(UniMod_35)EDVC(UniMod_4)GR,0.02001034905046191,0.0
protein_npx__Q8NE71,0.020007887341620505,0.0
delta1__peptide_mean__P01861,0.019995115361455006,0.0
delta1__peptide_log__TTPPVLDSDGSFFLYSR,0.019995115361455006,0.0
lag1__peptide_log__KVEQAVETEPEPELR,0.019984469989623006,0.0
slope1__peptide_count__O75144,0.01998015589237705,0.0
slope1__current_updrs_1,0.019967172889083038,0.0
delta1__peptide_count__P02749,0.019953035450269895,0.0
missing__peptide_std__O00584,0.019939124078216103,0.0
slope1__peptide_log__MTVTDQVNC(UniMod_4)PK,0.019922299814500714,0.0
lag1__peptide_count__P06727,0.019919555596658086,0.0
delta1__protein_npx__P10645,0.019906831005814248,0.0
lag1__peptide_mean__P51884,0.01990021333520211,0.0
lag1__months_since_baseline,0.019898948644630928,0.0
slope1__peptide_std__P02774,0.019898308589997252,0.0
missing__peptide_log__SC(UniMod_4)DTPPPC(UniMod_4)PR,0.019885608996878384,0.0
delta1__peptide_log__ELSSFIDKGQELC(UniMod_4)ADYSENTFTEYK,0.019864927512716558,0.0
delta1__protein_npx__Q16610,0.019862816886335226,0.0
delta1__protein_npx__Q14624,0.01985948732162302,0.0
protein_npx__P55290,0.019849573785146412,0.0
slope1__peptide_mean__O60888,0.019841403033979417,0.0
delta1__peptide_mean__P10451,0.019832388732825387,0.0
peptide_count__O00533,0.019827536466729294,0.0
delta1__peptide_log__RGYQLSDVDGVTC(UniMod_4)EDIDEC(UniMod_4)ALPTGGHIC(UniMod_4)SYR,0.01981898803096212,0.0
protein_npx__Q562R1,0.019811554066794478,0.0
rollmean2__peptide_log__GC(UniMod_4)PTEEGC(UniMod_4)GER,0.019798901646107325,0.0
peptide_log__VKDLATVYVDVLK,0.019776766705779932,0.0
slope1__peptide_log__HGGLYHENMR,0.019771313261680523,0.0
delta1__peptide_log__GC(UniMod_4)PTEEGC(UniMod_4)GER,0.01976355322229935,0.0
delta1__peptide_log__TKEEYGHSEVVEYYC(UniMod_4)NPR,0.01975285110906497,0.0
lag1__peptide_mean__Q02818,0.019740800838700102,0.0
lag1__peptide_mean__P06727,0.0197345083305264,0.0
protein_npx__P17936,0.019730579995922898,0.0
missing__peptide_mean__P08133,0.019723368047474814,0.0
missing__protein_npx__P08133,0.019723368047474814,0.0
missing__peptide_count__P08133,0.019723368047474814,0.0
delta1__peptide_count__P01042,0.019721829046140314,0.0
delta1__protein_npx__P04004,0.01970670713627762,0.0
delta1__peptide_count__P10909,0.019698201075039397,0.0
slope1__peptide_mean__P20933,0.019686155065202583,0.0
rollmean2__peptide_std__P08294,0.01968596625739011,0.0
peptide_log__LSSWVLLM(UniMod_35)K,0.019661033059385172,0.0
delta1__peptide_std__P18065,0.019644374005098282,0.0
slope1__peptide_std__P30086,0.019634583318785422,0.0
lag1__peptide_mean__P08697,0.019625129601371406,0.0
peptide_mean__P08123,0.019613227677059933,0.0
rollmean2__peptide_std__P23142,0.01961243460268427,0.0
peptide_std__P00738,0.01958521140015111,0.0
lag1__peptide_count__P13591,0.01958384031789463,0.0
slope1__peptide_std__P02751,0.01956998129240987,0.0
delta1__peptide_mean__O00584,0.019563667679537097,0.0
lag1__peptide_log__LIADLGSTSITNLGFR,0.0195594807898052,0.0
missing__protein_npx__P14174,0.01952265004318043,0.0
missing__peptide_mean__P14174,0.01952265004318043,0.0
missing__peptide_count__P14174,0.01952265004318043,0.0
peptide_mean__P10643,0.01951848121134211,0.0
lag1__peptide_mean__P01877,0.019504654503312804,0.0
lag1__peptide_log__C(UniMod_4)IIEVLSNALSK,0.019499870492693264,0.0
rollmean2__peptide_std__P00746,0.019494376797122383,0.0
delta1__peptide_mean__P01717,0.019480136569256436,0.0
lag1__protein_npx__P61278,0.01948003355901739,0.0
lag1__peptide_mean__P60174,0.019449404124025915,0.0
rollmean2__peptide_count__Q13740,0.019449372933229143,0.0
delta1__peptide_mean__P36980,0.019439430075356243,0.0
peptide_count__P02452,0.019425423319845935,0.0
rollmean2__peptide_count__P02790,0.019399910598715257,0.0
peptide_count__P02748,0.019392189785041394,0.0
lag1__peptide_std__P00751,0.019375559289662368,0.0
slope1__protein_npx__P00746,0.019372798619716133,0.0
slope1__protein_npx__Q16610,0.01934841745995547,0.0
rollmean2__peptide_log__HYTNPSQDVTVPC(UniMod_4)PVPPPPPC(UniMod_4)C(UniMod_4)HPR,0.019344831880289504,0.0
lag1__peptide_log__SLAELGGHLDQQVEEFRR,0.019338729894340864,0.0
delta1__peptide_std__P13591,0.019337051314942216,0.0
slope1__protein_npx__P04217,0.01932023442168927,0.0
lag1__peptide_mean__Q6UXD5,0.01931976177188722,0.0
rollmean2__peptide_mean__P43121,0.01931699716817503,0.0
lag1__protein_npx__P43251,0.019315650905579827,0.0
slope1__peptide_mean__P80748,0.019312168234383198,0.0
lag1__peptide_log__SFNRGEC(UniMod_4),0.019304423678568446,0.0
slope1__peptide_std__P54289,0.019284396315111557,0.0
peptide_std__P25311,0.019276619377878737,0.0
rollmean2__peptide_std__P00738,0.019271488738941966,0.0
slope1__peptide_count__P08697,0.01926475645277652,0.0
lag1__peptide_std__P02652,0.019242823771580563,0.0
slope1__peptide_log__C(UniMod_4)TSTGWIPAPR,0.019240913227618558,0.0
rollmean2__protein_npx__O14791,0.0192233036673569,0.0
peptide_count__P54289,0.019217332032322326,0.0
missing__peptide_count__P02792,0.01921698163388789,0.0
missing__protein_npx__P02792,0.01921698163388789,0.0
missing__peptide_mean__P02792,0.01921698163388789,0.0
rollmean2__peptide_count__P02765,0.019193395129380435,0.0
slope1__protein_npx__Q8IWV7,0.019159495396740934,0.0
missing__peptide_count__P04207,0.01915019732024897,0.0
missing__peptide_mean__P04207,0.01915019732024897,0.0
missing__protein_npx__P04207,0.01915019732024897,0.0
slope1__peptide_mean__P08123,0.019146516101700758,0.0
delta1__protein_npx__P08294,0.019135067009588756,0.0
lag1__peptide_mean__Q99829,0.019126910656110302,0.0
peptide_log__SLAELGGHLDQQVEEFRR,0.019109264419115448,0.0
delta1__protein_npx__P02765,0.01910587350190866,0.0
lag1__peptide_std__P08571,0.019101749692881635,0.0
delta1__peptide_count__P16870,0.019088145190489254,0.0
rollmean2__protein_npx__P01591,0.019085082743574518,0.0
delta1__peptide_mean__P01042,0.019077936504386165,0.0
rollmean2__protein_npx__P04156,0.019070799538406742,0.0
peptide_std__P10645,0.019068081546868242,0.0
delta1__protein_npx__P02647,0.019058404778472298,0.0
rollmean2__peptide_log__AEAQEAEDQQAR,0.01904014797185271,0.0
rollmean2__peptide_mean__Q8N2S1,0.019038137710713263,0.0
delta1__protein_npx__P19823,0.019029103945252635,0.0
peptide_log__TSAHGNVAEGETKPDPDVTER,0.019019664928875187,0.0
slope1__peptide_count__P98160,0.01901542478858953,0.0
lag1__peptide_mean__Q9UNU6,0.01900986640604631,0.0
peptide_mean__P00450,0.019008109552146074,0.0
protein_npx__O60888,0.01899107466097886,0.0
missing__protein_npx__Q9UBR2,0.01897918112234126,0.0
missing__peptide_count__Q9UBR2,0.01897918112234126,0.0
missing__peptide_mean__Q9UBR2,0.01897918112234126,0.0
delta1__peptide_mean__P13521,0.018973071272895513,0.0
delta1__peptide_mean__P11277,0.018969466369209376,0.0
delta1__peptide_count__P01859,0.01896390209113742,0.0
rollmean2__protein_npx__P43121,0.01895933652188929,0.0
delta1__protein_npx__P13611,0.018954018438525164,0.0
missing__peptide_mean__P11142,0.018951560003672967,0.0
missing__protein_npx__P11142,0.018951560003672967,0.0
missing__peptide_count__P11142,0.018951560003672967,0.0
lag1__peptide_std__Q14624,0.018944746125670178,0.0
rollmean2__peptide_mean__P07225,0.018911469080129684,0.0
delta1__protein_npx__P09104,0.01890305077648804,0.0
delta1__peptide_std__Q13740,0.0188979537197373,0.0
lag1__peptide_log__TPLGDTTHTC(UniMod_4)PR,0.018897191820256735,0.0
delta1__peptide_mean__Q96PD5,0.018894668156089613,0.0
protein_npx__Q99683,0.018873361320288485,0.0
delta1__protein_npx__Q99969,0.018863040681091466,0.0
rollmean2__protein_npx__P07195,0.018839221447598416,0.0
rollmean2__peptide_count__P54289,0.018830150410235207,0.0
protein_npx__P01877,0.018798782112216715,0.0
missing__peptide_mean__P01861,0.018791706652166014,0.0
missing__peptide_log__TTPPVLDSDGSFFLYSR,0.018791706652166014,0.0
missing__peptide_count__P01861,0.018791706652166014,0.0
missing__protein_npx__P01861,0.018791706652166014,0.0
protein_npx__P08123,0.018777404470465348,0.0
slope1__peptide_mean__P14314,0.01877047355484434,0.0
lag1__peptide_count__P25311,0.01876780231975964,0.0
rollmean2__peptide_mean__Q12805,0.018739714420806696,0.0
slope1__peptide_mean__P08571,0.01872631310972115,0.0
rollmean2__peptide_std__P20774,0.018724169721843317,0.0
delta1__peptide_mean__P04004,0.018687630249463197,0.0
lag1__peptide_log__NFPPSQDASGDLYTTSSQLTLPATQC(UniMod_4)LAGK,0.018652004580026103,0.0
delta1__protein_npx__Q96BZ4,0.018640931640144656,0.0
delta1__peptide_mean__P01621,0.018635011529058144,0.0
peptide_mean__O75144,0.018622940796734478,0.0
lag1__peptide_log__QQETAAAETETR,0.018614572522983295,0.0
delta1__peptide_std__Q9UHG2,0.018605412729607543,0.0
lag1__protein_npx__P01024,0.01860284798281174,0.0
slope1__protein_npx__P10645,0.018599290429736445,0.0
slope1__peptide_log__GSPAINVAVHVFRK,0.01858885829203208,0.0
slope1__peptide_log__LEGQEEEEDNRDSSMK,0.018583454681177447,0.0
protein_npx__Q13449,0.018583228213393657,0.0
peptide_mean__P04207,0.018580922220217327,0.0
peptide_std__P04004,0.018575541406798495,0.0
delta1__peptide_mean__O94919,0.018560281228292213,0.0
peptide_log__C(UniMod_4)SYTEDAQC(UniMod_4)IDGTIEVPK,0.018551365543730887,0.0
rollmean2__peptide_count__P02753,0.018549379149296927,0.0
delta1__peptide_log__FM(UniMod_35)ETVAEK,0.01854032418215278,0.0
slope1__protein_npx__P02765,0.01853859667298714,0.0
slope1__peptide_log__RTPITVVK,0.01852572554302663,0.0
peptide_mean__P06310,0.018524553442548726,0.0
lag1__protein_npx__P05546,0.018480154064708588,0.0
peptide_std__P01009,0.018459476402246034,0.0
peptide_std__P08571,0.018440934519186356,0.0
peptide_mean__O14498,0.018440207482439828,0.0
slope1__peptide_std__P01008,0.018432329464058584,0.0
protein_npx__P02765,0.018420165655063072,0.0
slope1__peptide_mean__Q14624,0.01839439091452492,0.0
delta1__peptide_mean__P02656,0.01839191006424585,0.0
lag1__peptide_mean__P13611,0.01838997383471524,0.0
lag1__peptide_log__C(UniMod_4)C(UniMod_4)VEC(UniMod_4)PPC(UniMod_4)PAPPVAGPSVFLFPPKPK,0.018355357485498807,0.0
slope1__protein_npx__P09871,0.018349574670078347,0.0
slope1__peptide_log__TM(UniMod_35)LLQPAGSLGSYSYR,0.01834298867894103,0.0
peptide_mean__P20774,0.01834270180590731,0.0
lag1__peptide_count__P05067,0.018332242639597384,0.0
slope1__peptide_mean__Q8IWV7,0.018331941220330543,0.0
slope1__peptide_log__ILTC(UniMod_4)M(UniMod_35)QGMEEIR,0.018331941220330543,0.0
lag1__peptide_std__P01008,0.01832934416356808,0.0
missing__peptide_std__P01877,0.01831377032448836,0.0
delta1__peptide_log__MTVTDQVNC(UniMod_4)PK,0.01830249347315739,0.0
delta1__protein_npx__P23083,0.018300185137970652,0.0
lag1__peptide_log__TVVQPSVGAAAGPVVPPC(UniMod_4)PGR,0.01824828976398768,0.0
missing__peptide_log__AEAQEAEDQQAR,0.0182298936473206,0.0
rollmean2__peptide_log__VKDLATVYVDVLK,0.01821601226722058,0.0
slope1__peptide_std__P01011,0.018214835002406542,0.0
slope1__peptide_mean__P05408,0.01819683554013727,0.0
rollmean2__peptide_mean__P02679,0.018137501985303082,0.0
slope1__protein_npx__O15394,0.018136984152542664,0.0
lag1__peptide_mean__P02655,0.018112182993077375,0.0
peptide_std__P13591,0.018105914126965533,0.0
lag1__peptide_count__P43652,0.01810477884708969,0.0
delta1__protein_npx__Q9UBR2,0.018097958384036043,0.0
lag1__protein_npx__P01857,0.018089773666791428,0.0
rollmean2__peptide_std__Q9NQ79,0.018088602709321912,0.0
delta1__peptide_log__RTPITVVK,0.018058850334381864,0.0
missing__peptide_log__LGQSLDC(UniMod_4)NAEVYVVPWEK,0.018021539112971875,0.0
missing__peptide_count__P00736,0.01801077659631606,0.0
missing__protein_npx__P00736,0.01801077659631606,0.0
missing__peptide_mean__P00736,0.01801077659631606,0.0
protein_npx__P01608,0.018003607700626943,0.0
delta1__peptide_log__VC(UniMod_4)PFAGILENGAVR,0.017994606967704795,0.0
rollmean2__peptide_mean__P06727,0.017990401191538434,0.0
slope1__peptide_mean__P36980,0.017962731412434915,0.0
delta1__peptide_log__VDSGNDVTDIADDGC(UniMod_4)PKPPEIAHGYVEHSVR,0.01794528564875212,0.0
rollmean2__peptide_count__Q12907,0.017934137276838225,0.0
slope1__protein_npx__P04275,0.017933594320919007,0.0
rollmean2__peptide_count__O00533,0.01793205000946207,0.0
slope1__peptide_count__P02753,0.01792555306036477,0.0
rollmean2__peptide_mean__P00736,0.017924809020971984,0.0
lag1__peptide_count__P01834,0.017919703652598415,0.0
delta1__protein_npx__Q12907,0.017908015193195636,0.0
rollmean2__peptide_mean__P18065,0.017874752111501007,0.0
rollmean2__peptide_mean__O60888,0.017867441710422666,0.0
missing__current_updrs_4,0.01785980256937538,0.0
missing__peptide_count__P01877,0.01785813619539409,0.0
missing__protein_npx__P01877,0.01785813619539409,0.0
missing__peptide_mean__P01877,0.01785813619539409,0.0
slope1__peptide_mean__P07711,0.017847482962323396,0.0
lag1__peptide_std__P07225,0.017844599306260967,0.0
missing__peptide_std__Q92823,0.017831403351803082,0.0
protein_npx__P16035,0.01782524080306315,0.0
slope1__peptide_mean__P01717,0.01781287225335081,0.0
delta1__peptide_mean__P07195,0.01781213465290472,0.0
slope1__protein_npx__P01833,0.017809478340103345,0.0
missing__peptide_log__IHWESASLLR,0.01780743292325665,0.0
slope1__peptide_mean__P01008,0.017803037333386323,0.0
rollmean2__peptide_mean__P02760,0.017793966292344556,0.0
rollmean2__protein_npx__P01621,0.017792317580572377,0.0
slope1__peptide_std__P06727,0.017780841976691365,0.0
rollmean2__peptide_mean__P06681,0.01777783838313013,0.0
lag1__peptide_std__P00738,0.017760463462836114,0.0
protein_npx__P01591,0.017722531180664518,0.0
slope1__protein_npx__P07339,0.017717743690314307,0.0
slope1__peptide_count__P01877,0.017708562908053425,0.0
rollmean2__protein_npx__P61769,0.017699371159472416,0.0
slope1__protein_npx__Q9UBR2,0.017697844846148142,0.0
slope1__peptide_count__P09871,0.017674923833655088,0.0
slope1__protein_npx__P16035,0.017667788765924414,0.0
delta1__protein_npx__P00746,0.01766110623154391,0.0
delta1__peptide_mean__P06310,0.017656729428520698,0.0
slope1__peptide_count__P05067,0.017648883938316588,0.0
protein_npx__P07858,0.017592772858705266,0.0
delta1__peptide_std__P08294,0.017587522092839862,0.0
missing__peptide_mean__Q9NYU2,0.017582879213423174,0.0
missing__protein_npx__Q9NYU2,0.017582879213423174,0.0
missing__peptide_count__Q9NYU2,0.017582879213423174,0.0
peptide_std__P09486,0.01758199157678442,0.0
lag1__peptide_std__P04004,0.017576156767364137,0.0
slope1__peptide_mean__Q14515,0.0175553562849664,0.0
protein_npx__P01011,0.017551744420274094,0.0
rollmean2__peptide_mean__P04207,0.017520193535560367,0.0
slope1__peptide_std__P02787,0.01751023293987369,0.0
delta1__protein_npx__P07339,0.017508861297448833,0.0
rollmean2__protein_npx__P07339,0.017503304161223584,0.0
delta1__protein_npx__P01717,0.017496905973534753,0.0
lag1__peptide_log__TDASDVKPC(UniMod_4),0.017478756725159948,0.0
rollmean2__peptide_std__P02675,0.017473366032627655,0.0
rollmean2__peptide_mean__P01591,0.017471813202842936,0.0
missing__peptide_count__P13591,0.017470523154252324,0.0
missing__peptide_mean__P13591,0.017470523154252324,0.0
missing__protein_npx__P13591,0.017470523154252324,0.0
delta1__peptide_mean__Q8N2S1,0.01746582154505092,0.0
peptide_log__SFNRGEC(UniMod_4),0.017455748912379977,0.0
slope1__peptide_std__P08294,0.017453550604510013,0.0
lag1__peptide_std__P07602,0.01744260982609855,0.0
delta1__peptide_count__P06727,0.017440807575993842,0.0
lag1__peptide_log__KAADDTWEPFASGK,0.017438081358607797,0.0
lag1__peptide_std__P04433,0.01743656093201429,0.0
rollmean2__peptide_mean__Q96BZ4,0.017425945745887458,0.0
missing__peptide_std__P10643,0.017414484674594378,0.0
slope1__peptide_mean__P01023,0.017410603018719075,0.0
protein_npx__P10645,0.01741024723042692,0.0
delta1__protein_npx__P08133,0.017406944967833324,0.0
missing__peptide_log__ATVNPSAPR,0.017377794889230583,0.0
delta1__peptide_mean__Q99969,0.01737647890844338,0.0
delta1__peptide_mean__P12109,0.017372746560260905,0.0
delta1__protein_npx__P06396,0.01734925164951821,0.0
delta1__protein_npx__P60174,0.017334336662068895,0.0
rollmean2__protein_npx__Q8N2S1,0.017330803305460992,0.0
rollmean2__protein_npx__Q12841,0.017324927849131557,0.0
peptide_mean__P01042,0.017318672705824788,0.0
lag1__protein_npx__Q02818,0.017312323261364775,0.0
lag1__peptide_mean__P02753,0.01731072042004695,0.0
peptide_std__P13987,0.017291891957295868,0.0
delta1__peptide_log__LAVYQAGAR,0.017275317688700127,0.0
slope1__peptide_mean__P07602,0.017272652494319456,0.0
protein_npx__O43505,0.017258762199818995,0.0
protein_npx__Q6UX71,0.017256140279331197,0.0
delta1__peptide_count__P24592,0.017254596454744003,0.0
delta1__protein_npx__P13591,0.017254257919944883,0.0
delta1__peptide_mean__P01877,0.017243666935086097,0.0
peptide_std__P51884,0.017237418838440505,0.0
lag1__peptide_count__P16870,0.017223410746554372,0.0
slope1__peptide_log__LGQSLDC(UniMod_4)NAEVYVVPWEK,0.01722076113104244,0.0
slope1__peptide_mean__P01861,0.017215951007351706,0.0
slope1__peptide_log__TTPPVLDSDGSFFLYSR,0.017215951007351706,0.0
rollmean2__protein_npx__Q06481,0.017182691364985295,0.0
protein_npx__Q9Y6R7,0.017180680042675076,0.0
peptide_mean__P05408,0.01717939248424924,0.0
rollmean2__protein_npx__P19021,0.01716273871849739,0.0
missing__peptide_count__Q13451,0.017160207196790598,0.0
missing__protein_npx__Q13451,0.017160207196790598,0.0
missing__peptide_mean__Q13451,0.017160207196790598,0.0
rollmean2__peptide_mean__P36980,0.017154604404098668,0.0
slope1__protein_npx__P02675,0.017153647725206403,0.0
delta1__peptide_mean__P02452,0.01715161180885285,0.0
lag1__peptide_mean__P14314,0.01714120078551846,0.0
missing__peptide_mean__P60174,0.017138503646870612,0.0
missing__protein_npx__P60174,0.017138503646870612,0.0
missing__peptide_count__P60174,0.017138503646870612,0.0
delta1__peptide_count__Q08380,0.01713591458643096,0.0
rollmean2__protein_npx__P01042,0.017110098696083497,0.0
peptide_std__P43652,0.017104180588348332,0.0
peptide_mean__P04156,0.017096269635202128,0.0
delta1__peptide_mean__P16070,0.017093313814538526,0.0
protein_npx__P06310,0.01708182842819064,0.0
protein_npx__P16870,0.01708139463985209,0.0
delta1__peptide_log__TM(UniMod_35)LLQPAGSLGSYSYR,0.017066279764271504,0.0
peptide_mean__Q06481,0.0170576674879206,0.0
slope1__protein_npx__P08603,0.017049144550424996,0.0
delta1__peptide_mean__P54289,0.01704515796742026,0.0
slope1__peptide_std__P02750,0.01700078145465766,0.0
rollmean2__protein_npx__O43505,0.016999248742815522,0.0
missing__peptide_std__O75144,0.01699910032052347,0.0
delta1__protein_npx__O75326,0.016990902608791898,0.0
lag1__peptide_std__P07998,0.016984117283246426,0.0
rollmean2__peptide_mean__P41222,0.01696908328780586,0.0
delta1__peptide_mean__P05060,0.016934396067581393,0.0
rollmean2__protein_npx__P08697,0.016925715568396494,0.0
peptide_mean__Q12805,0.016924489520652616,0.0
rollmean2__protein_npx__O00391,0.01692232038596753,0.0
slope1__protein_npx__O60888,0.01691289016874724,0.0
delta1__peptide_mean__P06727,0.016889429878172088,0.0
lag1__protein_npx__Q9UNU6,0.01688851965990191,0.0
peptide_std__Q14515,0.016886558572561123,0.0
peptide_std__P09871,0.016883297731386995,0.0
lag1__protein_npx__P00738,0.0168813089708794,0.0
slope1__peptide_mean__P14618,0.016880551910216028,0.0
rollmean2__peptide_mean__O75144,0.01686769978746842,0.0
protein_npx__P01042,0.016867566581366608,0.0
missing__protein_npx__P01780,0.01686418405279711,0.0
missing__peptide_mean__P01780,0.01686418405279711,0.0
missing__peptide_count__P01780,0.01686418405279711,0.0
rollmean2__peptide_count__P05546,0.016840845775076337,0.0
missing__peptide_count__Q562R1,0.016824749888557283,0.0
missing__peptide_mean__Q562R1,0.016824749888557283,0.0
missing__protein_npx__Q562R1,0.016824749888557283,0.0
delta1__peptide_mean__P02763,0.016816604170396494,0.0
rollmean2__peptide_std__P05060,0.016816276291422762,0.0
delta1__peptide_count__P00736,0.016808740965547315,0.0
rollmean2__protein_npx__P02647,0.016795870524301308,0.0
lag1__peptide_std__P23142,0.016793840102456693,0.0
rollmean2__peptide_std__Q9UHG2,0.016787478694004567,0.0
protein_npx__Q02818,0.016787093466907464,0.0
lag1__peptide_count__P09871,0.016786634866841205,0.0
peptide_count__P01011,0.016783578227715264,0.0
peptide_count__P20774,0.016776857926499612,0.0
protein_npx__O14498,0.01676711464013333,0.0
lag1__protein_npx__Q9NQ79,0.016758260093444107,0.0
peptide_mean__Q6UX71,0.016755945976918395,0.0
missing__protein_npx__P19827,0.01674580215876324,0.0
missing__peptide_count__P19827,0.01674580215876324,0.0
missing__peptide_mean__P19827,0.01674580215876324,0.0
peptide_log__VTLTC(UniMod_4)VAPLSGVDFQLR,0.016739813283976866,0.0
delta1__protein_npx__P08697,0.016739118737373285,0.0
peptide_count__P08697,0.01673422493928226,0.0
peptide_count__P14618,0.016729205543023498,0.0
delta1__peptide_mean__P01608,0.016727904924139402,0.0
protein_npx__P04275,0.016721025993388282,0.0
slope1__peptide_std__Q14624,0.016714154496055143,0.0
missing__peptide_count__P02452,0.01670630796796882,0.0
missing__protein_npx__P02452,0.01670630796796882,0.0
missing__peptide_mean__P02452,0.01670630796796882,0.0
slope1__peptide_std__Q92823,0.01669842888141419,0.0
rollmean2__peptide_mean__Q13332,0.016695544005093998,0.0
lag1__protein_npx__P05156,0.016691434535493314,0.0
lag1__peptide_count__P02765,0.016682376404812724,0.0
rollmean2__peptide_mean__P08253,0.016680915150034947,0.0
missing__peptide_log__ILLQGTPVAQMTEDAVDAER,0.016676106265392992,0.0
rollmean2__protein_npx__P16870,0.016673471649611624,0.0
peptide_mean__P02790,0.016646925578776114,0.0
rollmean2__protein_npx__P08294,0.016631397889189683,0.0
peptide_count__P08294,0.016625873270968705,0.0
rollmean2__peptide_log__LPPTSAHGNVAEGETKPDPDVTER,0.016620005182043093,0.0
rollmean2__peptide_log__RGYQLSDVDGVTC(UniMod_4)EDIDEC(UniMod_4)ALPTGGHIC(UniMod_4)SYR,0.016618174679564095,0.0
missing__peptide_log__VYC(UniMod_4)DMNTENGGWTVIQNR,0.016608935019262687,0.0
delta1__peptide_mean__P13987,0.016598367347937116,0.0
rollmean2__peptide_log__KFPSGTFEQVSQLVK,0.016591311315270595,0.0
missing__peptide_std__P02748,0.016590714518607472,0.0
rollmean2__peptide_log__TPLGDTTHTC(UniMod_4)PR,0.01658690647430246,0.0
delta1__peptide_count__Q16270,0.016580886413513293,0.0
rollmean2__protein_npx__P60174,0.016577042008647517,0.0
lag1__peptide_mean__P04196,0.016568148140329135,0.0
lag1__peptide_count__P04004,0.01656157717156611,0.0
rollmean2__peptide_std__P01042,0.016558860009525844,0.0
slope1__peptide_mean__P07858,0.01655407616984301,0.0
rollmean2__protein_npx__O15394,0.016550574327902037,0.0
lag1__peptide_std__P01024,0.01654008451260081,0.0
lag1__peptide_std__P16070,0.01653677211896787,0.0
slope1__protein_npx__O75326,0.01653523682072039,0.0
delta1__peptide_log__TDASDVKPC(UniMod_4),0.01652830217049057,0.0
slope1__peptide_mean__P02656,0.0165282476217796,0.0
lag1__peptide_log__EILSVDC(UniMod_4)STNNPSQAK,0.016515417593490643,0.0
missing__protein_npx__Q9UBX5,0.01650797603581898,0.0
missing__peptide_mean__Q9UBX5,0.01650797603581898,0.0
missing__peptide_count__Q9UBX5,0.01650797603581898,0.0
delta1__peptide_log__VTLTC(UniMod_4)VAPLSGVDFQLR,0.016502729033961504,0.0
delta1__protein_npx__P19827,0.01650027194732482,0.0
delta1__peptide_mean__P11142,0.01649101029580603,0.0
rollmean2__peptide_mean__Q96KN2,0.016480143355775002,0.0
slope1__peptide_mean__P01608,0.016456867570535758,0.0
rollmean2__peptide_count__P01834,0.01645401544633205,0.0
delta1__peptide_std__P13987,0.016447379625337388,0.0
missing__protein_npx__O00391,0.016442270894169657,0.0
missing__peptide_count__O00391,0.016442270894169657,0.0
missing__peptide_mean__O00391,0.016442270894169657,0.0
slope1__peptide_mean__P05067,0.016440989847119714,0.0
delta1__peptide_count__P02763,0.01643599977636619,0.0
slope1__peptide_mean__P01033,0.016418384812679286,0.0
protein_npx__P04207,0.016413342480300176,0.0
rollmean2__peptide_std__P01008,0.016413171964864956,0.0
slope1__protein_npx__P80748,0.016407304925857378,0.0
slope1__peptide_mean__Q96S96,0.016406352874043222,0.0
rollmean2__peptide_mean__P01857,0.016391021522202585,0.0
missing__peptide_count__Q6UXD5,0.016389369837364685,0.0
missing__peptide_mean__Q6UXD5,0.016389369837364685,0.0
missing__protein_npx__Q6UXD5,0.016389369837364685,0.0
delta1__peptide_std__P51884,0.01638796232465837,0.0
rollmean2__peptide_std__O15394,0.016384861658784118,0.0
peptide_std__P01034,0.016368664598843417,0.0
lag1__protein_npx__P27169,0.01636522366368284,0.0
rollmean2__protein_npx__P11142,0.016356999582291264,0.0
slope1__peptide_std__P39060,0.016343991153088953,0.0
rollmean2__peptide_log__LRTEGDGVYTLNNEKQWINK,0.016341387532559558,0.0
delta1__peptide_mean__P00747,0.016335139960821216,0.0
peptide_mean__P02748,0.01632003293413226,0.0
rollmean2__peptide_log__VTLTC(UniMod_4)VAPLSGVDFQLR,0.01631131181792931,0.0
peptide_mean__P04275,0.016304161146703373,0.0
slope1__peptide_std__P04433,0.016301094900281372,0.0
delta1__peptide_count__P39060,0.016287472676058925,0.0
delta1__peptide_mean__P02679,0.016273588124245748,0.0
delta1__peptide_count__P36222,0.016253257131508932,0.0
missing__peptide_log__C(UniMod_4)DSSPDSAEDVRK,0.01625236844420763,0.0
slope1__peptide_mean__P04196,0.01625006142575551,0.0
lag1__peptide_std__P02679,0.016245014914301192,0.0
delta1__protein_npx__Q9NQ79,0.01623625319483455,0.0
lag1__peptide_count__P00746,0.016232717819978832,0.0
rollmean2__peptide_mean__P02652,0.01623152177558248,0.0
delta1__peptide_log__C(UniMod_4)TSTGWIPAPR,0.016207815473144198,0.0
delta1__peptide_count__P14314,0.016195636250813363,0.0
delta1__protein_npx__P07858,0.01618962880488296,0.0
slope1__current_medication_unknown,0.016187956552128704,0.0
rollmean2__peptide_log__LGQSLDC(UniMod_4)NAEVYVVPWEK,0.01618761572891151,0.0
slope1__peptide_std__O14773,0.016178926034812607,0.0
delta1__peptide_count__P06681,0.01617393201489174,0.0
lag1__peptide_log__YVMLPVADQDQC(UniMod_4)IR,0.016173482708951015,0.0
missing__peptide_log__LSNENHGIAQR,0.01616795032368903,0.0
rollmean2__peptide_count__P00450,0.01615798233652595,0.0
rollmean2__protein_npx__P02774,0.016155146159125135,0.0
lag1__peptide_std__P01011,0.016141952555093913,0.0
slope1__peptide_mean__O15394,0.01613566552839335,0.0
rollmean2__peptide_count__P14618,0.01613080505926208,0.0
rollmean2__peptide_std__P02768,0.01611359284300384,0.0
rollmean2__peptide_mean__Q13449,0.0161113470483559,0.0
protein_npx__Q99832,0.01610990027021303,0.0
lag1__peptide_mean__P06681,0.016105229807336873,0.0
protein_npx__P01344,0.0161026020499001,0.0
slope1__peptide_std__P07339,0.016102221572049647,0.0
lag1__peptide_count__P07711,0.01608350748870374,0.0
delta1__peptide_std__P05090,0.016056487897934943,0.0
delta1__peptide_std__P14314,0.016036403344275404,0.0
delta1__peptide_mean__P08637,0.01603137403290182,0.0
slope1__peptide_std__P02768,0.016031211707711244,0.0
slope1__peptide_mean__P04217,0.016029106738312135,0.0
peptide_count__P04180,0.016022478940083455,0.0
lag1__peptide_std__P08493,0.01602099225178302,0.0
lag1__peptide_mean__P10645,0.016012261130072383,0.0
rollmean2__peptide_log__ELSSFIDKGQELC(UniMod_4)ADYSENTFTEYK,0.016011837648312016,0.0
peptide_count__P01023,0.01600687307330257,0.0
peptide_count__P05155,0.016005681668062377,0.0
missing__peptide_count__P08123,0.01600079620537247,0.0
missing__peptide_mean__P08123,0.01600079620537247,0.0
missing__protein_npx__P08123,0.01600079620537247,0.0
slope1__peptide_count__Q6UXB8,0.015998847319065264,0.0
delta1__protein_npx__P80748,0.01599736908447856,0.0
slope1__peptide_log__ADDKETC(UniMod_4)FAEEGK,0.015995385221137588,0.0
protein_npx__P09486,0.01599103157166764,0.0
delta1__peptide_mean__P60174,0.015985050028000505,0.0
peptide_log__DLATVYVDVLK,0.015979449256190673,0.0
peptide_mean__Q9UKV8,0.015967749356720996,0.0
peptide_mean__P41222,0.015963177647002818,0.0
delta1__peptide_mean__P07333,0.01595174527098763,0.0
slope1__peptide_std__P00450,0.01593568046148271,0.0
delta1__peptide_mean__P61769,0.01592494836760193,0.0
peptide_mean__P54289,0.015915737906269947,0.0
lag1__protein_npx__P36222,0.01590544251457766,0.0
peptide_std__P02749,0.01590432667089973,0.0
lag1__peptide_count__P27169,0.015899799324075793,0.0
slope1__protein_npx__P01717,0.015896823136278052,0.0
lag1__protein_npx__P43121,0.015895361665695856,0.0
slope1__peptide_mean__P60174,0.015890798589106112,0.0
lag1__protein_npx__P06727,0.015888802669231438,0.0
missing__peptide_log__VQPYLDDFQKK,0.015883645843376527,0.0
lag1__peptide_log__LPPTSAHGNVAEGETKPDPDVTER,0.01587412092225848,0.0
slope1__peptide_std__P18065,0.015870749598797092,0.0
protein_npx__P00747,0.015865507764795627,0.0
slope1__peptide_mean__P01876,0.015860800855818206,0.0
rollmean2__peptide_std__P41222,0.015849829400318968,0.0
slope1__peptide_mean__P23142,0.015847576261125682,0.0
lag1__peptide_mean__P05155,0.01583796723530547,0.0
rollmean2__protein_npx__P40925,0.01583193437707692,0.0
slope1__protein_npx__P08294,0.015827590417056094,0.0
delta1__peptide_mean__Q16270,0.015826289833530557,0.0
delta1__protein_npx__Q6UXD5,0.015825650710262366,0.0
rollmean2__peptide_std__Q14118,0.015818819382680333,0.0
delta1__peptide_count__P04075,0.01580535281050598,0.0
peptide_std__P17174,0.01580343013205236,0.0
peptide_count__P19652,0.0157976143762259,0.0
peptide_log__SWFEPLVEDM(UniMod_35)QR,0.015782576192212638,0.0
rollmean2__peptide_mean__Q6UXB8,0.015781865946263303,0.0
slope1__protein_npx__P01876,0.01578050342016582,0.0
lag1__peptide_mean__P05067,0.01577449670227338,0.0
lag1__peptide_log__C(UniMod_4)KPVNTFVHEPLVDVQNVC(UniMod_4)FQEK,0.015774238883494295,0.0
slope1__peptide_log__ATVNPSAPR,0.015773531822697327,0.0
delta1__peptide_std__Q14624,0.01577128383323053,0.0
lag1__current_medication_on,0.01576378726026625,0.0
lag1__peptide_mean__P02452,0.015739986939789292,0.0
slope1__peptide_count__P30086,0.01573795600240251,0.0
lag1__peptide_mean__P36222,0.015737239781960573,0.0
slope1__peptide_mean__P14174,0.015723714916850238,0.0
delta1__peptide_count__P04004,0.01571763733478181,0.0
rollmean2__peptide_std__P24592,0.01571696402011802,0.0
delta1__peptide_mean__Q96BZ4,0.015713612170404373,0.0
rollmean2__peptide_mean__Q13283,0.015707095179006477,0.0
delta1__peptide_log__ADDKETC(UniMod_4)FAEEGK,0.01569074352853558,0.0
peptide_std__P05067,0.015689855996395264,0.0
delta1__protein_npx__Q8IWV7,0.01568951556340151,0.0
peptide_log__LGQSLDC(UniMod_4)NAEVYVVPWEK,0.01568284327729055,0.0
rollmean2__peptide_mean__P14618,0.01564840583720444,0.0
lag1__peptide_log__TPVSDRVTK,0.01562841321238651,0.0
lag1__protein_npx__P16152,0.015622223085856242,0.0
lag1__peptide_std__P02748,0.015620656012141618,0.0
slope1__peptide_count__P02763,0.015617796911709421,0.0
lag1__peptide_mean__P23142,0.015614555363345457,0.0
delta1__peptide_mean__P08133,0.015601988120994479,0.0
slope1__protein_npx__P01621,0.015595988587887641,0.0
protein_npx__P61769,0.015594965553266364,0.0
delta1__protein_npx__Q9UNU6,0.015594500942503356,0.0
lag1__peptide_log__YYWGGQYTWDMAK,0.015578965960794956,0.0
rollmean2__protein_npx__P12109,0.015565835186152753,0.0
missing__peptide_std__P14618,0.015557899404441591,0.0
rollmean2__peptide_log__ADDKETC(UniMod_4)FAEEGK,0.015547809951228245,0.0
delta1__peptide_mean__P30086,0.015540517164414264,0.0
protein_npx__Q8N2S1,0.015538485692005697,0.0
rollmean2__peptide_std__P02452,0.015514185966918453,0.0
slope1__peptide_count__P05546,0.015505953778526335,0.0
slope1__peptide_count__P00738,0.015480582554090938,0.0
slope1__peptide_mean__P01034,0.015476384553718043,0.0
slope1__peptide_count__P01860,0.015473561887456511,0.0
delta1__protein_npx__Q13449,0.015461302965576958,0.0
lag1__peptide_mean__P05546,0.01545659646503118,0.0
protein_npx__Q99969,0.01545271247470083,0.0
missing__peptide_log__HYEGSTVPEK,0.015450455495328514,0.0
slope1__peptide_std__P25311,0.015449859294913172,0.0
slope1__peptide_mean__P07225,0.015446396582857635,0.0
protein_npx__P01717,0.0154414456089296,0.0
peptide_log__TSPVDEKALQDQLVLVAAK,0.015429555240340516,0.0
lag1__peptide_std__P10643,0.015427915062689654,0.0
peptide_log__SEALAVDGAGKPGAEEAQDPEGK,0.015424426267334984,0.0
slope1__protein_npx__Q99969,0.015420677387306295,0.0
lag1__protein_npx__Q16270,0.015415824128403074,0.0
lag1__peptide_mean__P01033,0.015408882515663325,0.0
peptide_log__LRTEGDGVYTLNNEKQWINK,0.015407411461360989,0.0
slope1__protein_npx__P04207,0.01540615317731744,0.0
slope1__peptide_log__C(UniMod_4)RDQLPYIC(UniMod_4)QFGIV,0.01540235418952379,0.0
rollmean2__protein_npx__Q9NQ79,0.015400302046158333,0.0
protein_npx__P02790,0.015397436405044807,0.0
lag1__protein_npx__P19823,0.015395982937572375,0.0
delta1__peptide_std__P05546,0.015390325895587465,0.0
peptide_mean__Q14624,0.015386953944976325,0.0
slope1__peptide_mean__O94919,0.015386692711353534,0.0
rollmean2__peptide_std__Q06481,0.015376915461998536,0.0
lag1__protein_npx__P02765,0.015376135359320864,0.0
delta1__peptide_count__P09871,0.015361405072192684,0.0
peptide_log__LPPTSAHGNVAEGETKPDPDVTER,0.015352009458825014,0.0
slope1__peptide_count__P01023,0.015346709448704731,0.0
delta1__peptide_mean__Q8IWV7,0.015341664088100036,0.0
delta1__peptide_log__ILTC(UniMod_4)M(UniMod_35)QGMEEIR,0.015341664088100036,0.0
peptide_mean__Q8NE71,0.015335711328798627,0.0
delta1__protein_npx__Q9Y6R7,0.01532848692223971,0.0
lag1__peptide_count__P01877,0.015324977416961448,0.0
peptide_log__ANRPFLVFIR,0.015309446535891044,0.0
protein_npx__P07195,0.015307809883825806,0.0
peptide_std__P01011,0.015300669656970486,0.0
peptide_mean__P08493,0.015293593160642839,0.0
lag1__peptide_log__HGGLYHENMR,0.015291582890647547,0.0
rollmean2__peptide_log__DLATVYVDVLK,0.015290185924756025,0.0
missing__peptide_mean__Q13332,0.015288102815266005,0.0
missing__peptide_count__Q13332,0.015288102815266005,0.0
missing__protein_npx__Q13332,0.015288102815266005,0.0
slope1__peptide_mean__Q562R1,0.015279092980176403,0.0
lag1__peptide_count__Q14118,0.015278670976688936,0.0
rollmean2__protein_npx__P01859,0.015274858374433894,0.0
peptide_mean__P00736,0.015274447759519149,0.0
lag1__protein_npx__P13671,0.015266690993408008,0.0
rollmean2__peptide_mean__P61278,0.015265667952856495,0.0
rollmean2__peptide_log__SLAAAAGKQELAK,0.015265667952856495,0.0
slope1__peptide_count__O00533,0.015265591425527678,0.0
lag1__peptide_std__Q12907,0.015262774413247554,0.0
lag1__peptide_mean__P04075,0.015260325922010862,0.0
delta1__peptide_std__P01023,0.015257378650788425,0.0
peptide_count__P00734,0.015250893065997112,0.0
missing__peptide_mean__P61626,0.015250623576036924,0.0
missing__peptide_count__P61626,0.015250623576036924,0.0
missing__protein_npx__P61626,0.015250623576036924,0.0
peptide_mean__P20933,0.015249207376902116,0.0
delta1__peptide_count__P01011,0.015236596264568284,0.0
delta1__peptide_std__P02749,0.015232706798000123,0.0
peptide_mean__P02763,0.015220231448924138,0.0
rollmean2__peptide_mean__P04275,0.015202418758021285,0.0
delta1__peptide_log__MASGAANVVGPK,0.015195682748645535,0.0
rollmean2__peptide_count__P14314,0.01516357389351178,0.0
rollmean2__peptide_mean__P35542,0.015157473488099317,0.0
delta1__protein_npx__P08493,0.015153133886832187,0.0
rollmean2__peptide_mean__Q7Z5P9,0.015150605135474095,0.0
slope1__peptide_mean__P13521,0.01514407469474206,0.0
lag1__peptide_log__TSAHGNVAEGETKPDPDVTER,0.015138999511518448,0.0
missing__peptide_count__P49908,0.01513402379528061,0.0
missing__protein_npx__P49908,0.01513402379528061,0.0
missing__peptide_mean__P49908,0.01513402379528061,0.0
lag1__peptide_count__P30086,0.01513038521478925,0.0
peptide_mean__Q7Z5P9,0.015110609568504867,0.0
delta1__peptide_std__O00533,0.015108537587563253,0.0
rollmean2__peptide_count__P10643,0.015100973042423017,0.0
rollmean2__protein_npx__P01034,0.015094817270085447,0.0
rollmean2__peptide_std__P16070,0.01508305794910812,0.0
missing__peptide_std__P02652,0.015071356558806563,0.0
rollmean2__peptide_mean__Q12907,0.01507131573996545,0.0
rollmean2__peptide_mean__P00450,0.015066780749135825,0.0
lag1__peptide_log__LSKELQAAQAR,0.01506332855642738,0.0
delta1__peptide_mean__Q9UNU6,0.015061762402399396,0.0
missing__peptide_std__P61916,0.015058065200005175,0.0
slope1__peptide_mean__Q92823,0.015049596690949253,0.0
protein_npx__P02766,0.015025969254556303,0.0
peptide_count__P05067,0.015021378123795838,0.0
rollmean2__peptide_mean__P01621,0.01502093768160119,0.0
delta1__peptide_log__QIGSVYR,0.015014172124253782,0.0
lag1__protein_npx__P01834,0.015008629053566518,0.0
delta1__protein_npx__P07333,0.015004558654280393,0.0
peptide_mean__Q99435,0.014993789546716919,0.0
peptide_std__P02774,0.014984003339726113,0.0
lag1__peptide_count__P02748,0.01497194019955729,0.0
peptide_std__P16035,0.014967050511709667,0.0
missing__peptide_count__Q13449,0.01495540664404017,0.0
missing__peptide_mean__Q13449,0.01495540664404017,0.0
missing__protein_npx__Q13449,0.01495540664404017,0.0
rollmean2__peptide_count__P19652,0.014953659084576215,0.0
missing__peptide_std__P27169,0.014948568398285195,0.0
slope1__peptide_count__P02765,0.01493501410261742,0.0
slope1__peptide_log__AATVGSLAGQPLQER,0.014933524992490132,0.0
rollmean2__peptide_count__Q96PD5,0.014925712249653715,0.0
rollmean2__peptide_mean__P05156,0.014905336799112951,0.0
lag1__protein_npx__Q99683,0.014904740404421222,0.0
lag1__peptide_mean__P05408,0.014889234738398927,0.0
peptide_mean__Q13283,0.01488300921718028,0.0
rollmean2__protein_npx__P16035,0.01487635534592761,0.0
missing__peptide_count__P13671,0.01486968565424148,0.0
missing__peptide_mean__P13671,0.01486968565424148,0.0
missing__protein_npx__P13671,0.01486968565424148,0.0
lag1__peptide_std__P00441,0.014866851180573092,0.0
delta1__peptide_log__SFNRGEC(UniMod_4),0.014845900742357657,0.0
peptide_mean__Q8N2S1,0.014830436007819706,0.0
delta1__peptide_std__Q08380,0.014826562525119857,0.0
delta1__peptide_mean__O14498,0.014824076469336905,0.0
delta1__current_medication_unknown,0.01481363424309004,0.0
peptide_mean__P01033,0.014806604476632726,0.0
lag1__peptide_std__P19823,0.01480492156282593,0.0
peptide_std__P02748,0.014802850246833414,0.0
slope1__peptide_log__RGYQLSDVDGVTC(UniMod_4)EDIDEC(UniMod_4)ALPTGGHIC(UniMod_4)SYR,0.014800478028192395,0.0
lag1__peptide_count__P14314,0.014797970711730444,0.0
delta1__peptide_count__Q16610,0.014796838700941482,0.0
protein_npx__P01033,0.014796367271333197,0.0
slope1__peptide_mean__P04180,0.014789583559186846,0.0
delta1__peptide_mean__P43652,0.014781886275652438,0.0
delta1__peptide_std__P02652,0.014781595674129417,0.0
delta1__peptide_log__YIVSGTPTFVPYLIK,0.014771640972072767,0.0
rollmean2__protein_npx__P04207,0.014768788068973178,0.0
rollmean2__peptide_std__P07998,0.014767228017057524,0.0
protein_npx__P20933,0.01475554688993719,0.0
slope1__protein_npx__P43121,0.01474876073567152,0.0
lag1__peptide_mean__P07339,0.014748687928716553,0.0
protein_npx__P01876,0.014746836301181178,0.0
lag1__protein_npx__O75326,0.01474405176830007,0.0
peptide_std__O94919,0.0147416604320591,0.0
rollmean2__peptide_std__P00736,0.014732422488018433,0.0
lag1__peptide_std__O75144,0.014731821969144928,0.0
peptide_count__P02765,0.014728896536276034,0.0
slope1__peptide_mean__Q9UKV8,0.01471348182788341,0.0
missing__peptide_count__Q8NE71,0.014700976975588278,0.0
missing__peptide_mean__Q8NE71,0.014700976975588278,0.0
missing__protein_npx__Q8NE71,0.014700976975588278,0.0
peptide_std__P98160,0.01469922353259022,0.0
missing__peptide_log__ALGISPFHEHAEVVFTANDSGPR,0.014690275940672438,0.0
rollmean2__peptide_log__SSQGGSLPSEEK,0.014683129377821805,0.0
rollmean2__peptide_mean__P04406,0.014681255106812717,0.0
rollmean2__peptide_count__P02750,0.014680000993370156,0.0
slope1__peptide_log__LSSWVLLM(UniMod_35)K,0.014678956579243644,0.0
lag1__peptide_mean__P02766,0.014676698595469807,0.0
rollmean2__peptide_std__P02787,0.014661390515016977,0.0
delta1__peptide_log__VDNALQSGNSQESVTEQDSKDSTYSLSSTLTLSK,0.014612858202248943,0.0
lag1__protein_npx__P49588,0.014601269509647722,0.0
delta1__peptide_mean__P23142,0.014595092351440728,0.0
delta1__peptide_log__LGQSLDC(UniMod_4)NAEVYVVPWEK,0.014594093366386132,0.0
rollmean2__protein_npx__P01860,0.014583156325971377,0.0
delta1__peptide_std__P02679,0.014572937581314624,0.0
delta1__peptide_std__P02774,0.014559554217573104,0.0
missing__peptide_std__P20774,0.014559374444470568,0.0
lag1__protein_npx__P11142,0.014517980804374461,0.0
peptide_std__O00533,0.014516067775878308,0.0
slope1__peptide_log__RLEGQEEEEDNRDSSMK,0.014498877951501862,0.0
delta1__peptide_std__P02768,0.014497411461324541,0.0
protein_npx__P13591,0.014484694437029492,0.0
slope1__peptide_mean__P02452,0.014474514638276495,0.0
rollmean2__peptide_log__TSPVDEKALQDQLVLVAAK,0.01447093169698289,0.0
slope1__peptide_count__P05155,0.014453595734696647,0.0
rollmean2__protein_npx__P10643,0.014452934112930131,0.0
peptide_log__SGELEQEEER,0.014449235297457615,0.0
lag1__peptide_log__C(UniMod_4)SYTEDAQC(UniMod_4)IDGTIEVPK,0.014443632102081931,0.0
slope1__peptide_mean__P00450,0.01444073552851682,0.0
delta1__peptide_std__P24592,0.014439170590156192,0.0
slope1__protein_npx__O14773,0.014437957834890562,0.0
delta1__peptide_std__Q6UXB8,0.014412294949850612,0.0
rollmean2__protein_npx__Q9UKV8,0.014407932406042564,0.0
lag1__peptide_log__ELSSFIDKGQELC(UniMod_4)ADYSENTFTEYK,0.014387662553203555,0.0
rollmean2__protein_npx__P07711,0.014385113137041591,0.0
lag1__protein_npx__P36980,0.014380253198197229,0.0
slope1__peptide_count__P51884,0.014365539838418605,0.0
rollmean2__protein_npx__P09486,0.014359479161936268,0.0
missing__peptide_std__P00748,0.014351345676970054,0.0
delta1__protein_npx__P05155,0.014345610640935412,0.0
delta1__peptide_count__P00441,0.014336533871101207,0.0
lag1__peptide_count__P10909,0.014330233810748542,0.0
delta1__protein_npx__P01024,0.014316301916852566,0.0
lag1__peptide_std__P02452,0.014316018210757482,0.0
slope1__peptide_count__P04433,0.014311121245189537,0.0
peptide_count__P05156,0.014286702480914976,0.0
delta1__peptide_mean__P13671,0.014286648269228359,0.0
missing__peptide_count__P31997,0.014274541552936207,0.0
missing__protein_npx__P31997,0.014274541552936207,0.0
missing__peptide_mean__P31997,0.014274541552936207,0.0
rollmean2__peptide_mean__Q99435,0.014238944509401219,0.0
rollmean2__peptide_std__P36222,0.014236457322255976,0.0
rollmean2__peptide_mean__P00734,0.014203380777739132,0.0
protein_npx__P04180,0.01419959063307565,0.0
slope1__peptide_count__P16070,0.014198735804535567,0.0
slope1__peptide_std__P00748,0.014189782813130256,0.0
protein_npx__P19823,0.014184997260264494,0.0
delta1__peptide_count__P12109,0.014184706584795646,0.0
rollmean2__peptide_std__P01034,0.01418366467300529,0.0
protein_npx__Q9NYU2,0.014177645847500284,0.0
lag1__peptide_mean__Q96BZ4,0.014164367645413567,0.0
delta1__peptide_mean__Q9NQ79,0.014163853675351001,0.0
peptide_std__Q14118,0.014162302681743538,0.0
delta1__peptide_count__P04433,0.014154468843739842,0.0
peptide_std__Q12907,0.014141190170498369,0.0
delta1__protein_npx__P02748,0.014139747012256695,0.0
delta1__protein_npx__P02760,0.014134041403712164,0.0
rollmean2__peptide_std__Q14515,0.014124004247532794,0.0
slope1__protein_npx__P01857,0.014123667082704131,0.0
peptide_mean__P39060,0.014120605194515171,0.0
slope1__peptide_std__P00736,0.014111742788939835,0.0
peptide_log__C(UniMod_4)KPVNTFVHEPLVDVQNVC(UniMod_4)FQEK,0.014104118425156909,0.0
delta1__protein_npx__O60888,0.014095469498088816,0.0
missing__peptide_mean__P30086,0.014092312822205154,0.0
missing__peptide_count__P30086,0.014092312822205154,0.0
missing__protein_npx__P30086,0.014092312822205154,0.0
slope1__peptide_mean__P02750,0.014087353726652586,0.0
rollmean2__peptide_mean__P17936,0.01407789268628656,0.0
delta1__peptide_mean__P02748,0.014075287263736195,0.0
delta1__peptide_log__AVGDKLPEC(UniMod_4)EADDGC(UniMod_4)PKPPEIAHGYVEHSVR,0.014068592259853924,0.0
delta1__peptide_std__P04180,0.014061284761853107,0.0
rollmean2__protein_npx__P01344,0.014058725177679912,0.0
rollmean2__peptide_mean__O00391,0.014042994311614392,0.0
rollmean2__protein_npx__P08571,0.014041945761858732,0.0
lag1__visit_index,0.01403608848627547,0.0
slope1__peptide_mean__O00391,0.014024698968625087,0.0
delta1__peptide_std__O15394,0.014009095887790892,0.0
delta1__protein_npx__P01833,0.01400835050891615,0.0
peptide_count__P00748,0.014002635941153287,0.0
peptide_count__Q14515,0.013997258042071347,0.0
peptide_count__P10909,0.013990553951518336,0.0
slope1__peptide_mean__P13671,0.013990419756701192,0.0
lag1__peptide_count__P36955,0.013986298217214041,0.0
lag1__peptide_log__QNC(UniMod_4)ELFEQLGEYK,0.013983687450738849,0.0
delta1__protein_npx__P61626,0.013976573828199416,0.0
delta1__peptide_mean__P04217,0.01396996545283184,0.0
peptide_log__C(UniMod_4)RDQLPYIC(UniMod_4)QFGIV,0.01396274693165532,0.0
slope1__peptide_count__P00734,0.013951282599215142,0.0
slope1__peptide_std__P01860,0.013951248552011191,0.0
delta1__peptide_log__LVGGPM(UniMod_35)DASVEEEGVRR,0.013946850229532072,0.0
rollmean2__peptide_log__SWFEPLVEDM(UniMod_35)QR,0.01394493197590102,0.0
slope1__peptide_mean__P01621,0.013930164757199494,0.0
rollmean2__peptide_std__P12109,0.013929015511781138,0.0
rollmean2__protein_npx__Q9NYU2,0.013916755135840331,0.0
peptide_mean__P49588,0.013904773850627935,0.0
peptide_log__YVM(UniMod_35)LPVADQDQC(UniMod_4)IR,0.013892474442173544,0.0
slope1__peptide_mean__P06310,0.013871360595877772,0.0
slope1__peptide_count__P01011,0.01386809769266903,0.0
delta1__peptide_std__P05067,0.01386595855257815,0.0
lag1__peptide_std__P04196,0.013860161402138861,0.0
slope1__protein_npx__O00391,0.013830302320548217,0.0
rollmean2__peptide_log__ILLQGTPVAQMTEDAVDAER,0.013821582125793937,0.0
delta1__peptide_log__SEALAVDGAGKPGAEEAQDPEGK,0.013821480616530275,0.0
delta1__peptide_log__MYYSAVDPTKDIFTGLIGPM(UniMod_35)K,0.013812974767670442,0.0
slope1__peptide_log__VQPYLDDFQKK,0.013791608819982506,0.0
slope1__protein_npx__P01033,0.013790612258580448,0.0
lag1__peptide_mean__P02675,0.013787668283025469,0.0
lag1__peptide_mean__P19823,0.013786881231221517,0.0
delta1__protein_npx__P04217,0.013775292745510453,0.0
lag1__peptide_mean__P01857,0.013773577076833958,0.0
rollmean2__peptide_std__P02671,0.013773339184070898,0.0
rollmean2__peptide_log__M(UniMod_35)YLGYEYVTAIR,0.013770243158764918,0.0
slope1__protein_npx__Q562R1,0.01376790571457487,0.0
protein_npx__P01859,0.013765774555834455,0.0
slope1__peptide_std__P02790,0.013762060005649899,0.0
protein_npx__Q96S96,0.013760232952114914,0.0
slope1__peptide_std__P09486,0.01375807400642392,0.0
slope1__peptide_std__P01042,0.013753089432822989,0.0
delta1__protein_npx__P24592,0.013739946129385509,0.0
lag1__protein_npx__O60888,0.013706989419499478,0.0
peptide_mean__P14174,0.013701760591316411,0.0
lag1__protein_npx__P04156,0.013695934502449474,0.0
peptide_std__P08493,0.013690731674418234,0.0
lag1__protein_npx__P01876,0.013688715049951916,0.0
lag1__peptide_mean__P16035,0.013682278256917809,0.0
slope1__peptide_mean__P11277,0.013679786631481899,0.0
lag1__peptide_log__TSPVDEKALQDQLVLVAAK,0.013662092099160673,0.0
slope1__peptide_count__O15394,0.01366113061658569,0.0
rollmean2__peptide_log__VMPIC(UniMod_4)LPSKDYAEVGR,0.01365397522965895,0.0
peptide_std__P04217,0.013653971240448927,0.0
slope1__protein_npx__Q12907,0.013653647008754188,0.0
rollmean2__protein_npx__P07333,0.013652714470034442,0.0
rollmean2__protein_npx__Q13449,0.013651036994686153,0.0
lag1__peptide_mean__Q562R1,0.013634767272018322,0.0
slope1__peptide_log__LFDSDPITVTVPVEVSR,0.013633607109068944,0.0
delta1__protein_npx__P02753,0.013631581728145865,0.0
peptide_count__Q16610,0.013625423333937377,0.0
peptide_count__P23142,0.013625358501839246,0.0
peptide_mean__P18065,0.013622206431664207,0.0
lag1__peptide_log__AYQGVAAPFPK,0.013621192824933208,0.0
rollmean2__peptide_count__P02652,0.013618275100745621,0.0
delta1__peptide_std__P10645,0.013616141287975435,0.0
lag1__protein_npx__O14773,0.013614347159652694,0.0
missing__peptide_log__LPPTSAHGNVAEGETKPDPDVTER,0.013604164100900717,0.0
delta1__peptide_std__P01009,0.013588671099402877,0.0
delta1__peptide_std__Q12841,0.013587325138027984,0.0
delta1__peptide_mean__Q92876,0.013582277194926174,0.0
protein_npx__P36980,0.013569740216126376,0.0
slope1__peptide_mean__P43652,0.013560755617053019,0.0
delta1__peptide_count__Q9NQ79,0.013556474733789056,0.0
delta1__protein_npx__P09871,0.01355088781994368,0.0
rollmean2__protein_npx__P02452,0.013549397320728084,0.0
lag1__peptide_log__AVLPTGDVIGDSAK,0.01354522780540181,0.0
peptide_std__P10643,0.01353289889767587,0.0
lag1__peptide_mean__P61278,0.01351428699649863,0.0
lag1__peptide_log__SLAAAAGKQELAK,0.01351428699649863,0.0
slope1__peptide_std__P01024,0.013506129853976168,0.0
protein_npx__P01780,0.013491020270879409,0.0
rollmean2__protein_npx__Q8IWV7,0.013460375407432012,0.0
rollmean2__peptide_mean__P11142,0.01345351590280529,0.0
rollmean2__protein_npx__P61626,0.01344832657387441,0.0
delta1__protein_npx__P11277,0.013444218740182862,0.0
slope1__peptide_count__P02760,0.013443270456788963,0.0
rollmean2__peptide_mean__O94919,0.013436868840280792,0.0
peptide_log__TPLGDTTHTC(UniMod_4)PR,0.01342817728027717,0.0
rollmean2__peptide_std__P04004,0.013416584578752087,0.0
slope1__peptide_mean__P04433,0.013411719544880341,0.0
rollmean2__protein_npx__O75144,0.013407840091131952,0.0
peptide_mean__P30086,0.01340289826067333,0.0
rollmean2__peptide_std__P04217,0.013393187085894974,0.0
missing__protein_npx__P08253,0.013388304900806674,0.0
missing__peptide_mean__P08253,0.013388304900806674,0.0
missing__peptide_count__P08253,0.013388304900806674,0.0
missing__peptide_log__LSKELQAAQAR,0.01337990856486058,0.0
slope1__protein_npx__Q99832,0.013366725399601272,0.0
delta1__peptide_mean__Q16610,0.013361077769935687,0.0
slope1__peptide_std__P14314,0.013354010782875323,0.0
missing__peptide_log__LFDSDPITVTVPVEVSR,0.013347941993293066,0.0
delta1__peptide_mean__P49588,0.013334040114198769,0.0
lag1__peptide_log__YIVSGTPTFVPYLIK,0.013323552131856433,0.0
slope1__protein_npx__P49908,0.013317861842570156,0.0
protein_npx__P00734,0.01330956043217665,0.0
rollmean2__peptide_count__P02647,0.013305594576515149,0.0
delta1__peptide_mean__Q6UX71,0.013300042163681622,0.0
protein_npx__P08571,0.013296827056815896,0.0
lag1__protein_npx__P36955,0.013295660054418847,0.0
delta1__peptide_log__QKVEPLRAELQEGAR,0.013289829929371565,0.0
delta1__peptide_mean__P61916,0.013283430517682663,0.0
delta1__peptide_log__IHWESASLLR,0.013279160421477944,0.0
lag1__protein_npx__P09486,0.013272979511455464,0.0
slope1__peptide_mean__P39060,0.013270482761245836,0.0
delta1__peptide_mean__P40925,0.013265518910777613,0.0
rollmean2__peptide_mean__P54289,0.013253490082344251,0.0
slope1__protein_npx__P02647,0.013246345221076972,0.0
lag1__peptide_count__O94919,0.013204315670307354,0.0
slope1__protein_npx__P00747,0.013203073798365878,0.0
peptide_count__P16870,0.013199110725701417,0.0
rollmean2__peptide_log__ANRPFLVFIR,0.01319901069353243,0.0
slope1__peptide_mean__Q96KN2,0.01319184458789899,0.0
slope1__peptide_mean__P02652,0.013191497699013389,0.0
peptide_std__P61769,0.013187687071010486,0.0
lag1__peptide_std__P54289,0.013171207784822319,0.0
delta1__peptide_mean__Q14118,0.013160053569943743,0.0
lag1__protein_npx__P01033,0.013152969648061749,0.0
peptide_std__P43121,0.013151777085375342,0.0
lag1__protein_npx__P01008,0.013134220108776011,0.0
delta1__peptide_count__P23142,0.013108492034749012,0.0
slope1__peptide_count__P13987,0.013099247644645906,0.0
missing__peptide_count__P54289,0.013094804756376791,0.0
missing__protein_npx__P54289,0.013094804756376791,0.0
missing__peptide_mean__P54289,0.013094804756376791,0.0
delta1__protein_npx__P02766,0.01308440471131982,0.0
lag1__peptide_mean__P01008,0.013083405849046756,0.0
delta1__peptide_std__P02760,0.013081459328152646,0.0
slope1__protein_npx__P09104,0.013080619770519254,0.0
slope1__peptide_mean__Q6UXB8,0.01307685784737229,0.0
slope1__peptide_log__C(UniMod_4)SYTEDAQC(UniMod_4)IDGTIEVPK,0.013064306717806076,0.0
delta1__peptide_std__P01877,0.013059888493843604,0.0
lag1__peptide_mean__P49588,0.01305908398587363,0.0
rollmean2__peptide_mean__Q02818,0.013058240934094929,0.0
delta1__peptide_log__ATVNPSAPR,0.01305433367910134,0.0
rollmean2__peptide_log__FLATTPNSLLVSWQPPR,0.01303360572470759,0.0
lag1__peptide_std__Q92520,0.013033060653766212,0.0
protein_npx__P06727,0.013022974609863933,0.0
slope1__peptide_log__EILSVDC(UniMod_4)STNNPSQAK,0.013016730523141352,0.0
slope1__protein_npx__Q06481,0.012995946973894744,0.0
slope1__peptide_mean__Q13740,0.01297463829673439,0.0
slope1__peptide_log__SLAELGGHLDQQVEEFRR,0.01296785920024552,0.0
rollmean2__peptide_count__P98160,0.012965323687986176,0.0
delta1__peptide_mean__P51884,0.01295117812242423,0.0
delta1__peptide_mean__P07225,0.01294337855595183,0.0
peptide_mean__P19827,0.012936634014714706,0.0
slope1__protein_npx__Q14515,0.012932498273024121,0.0
slope1__peptide_std__P06681,0.012914388156394297,0.0
rollmean2__protein_npx__Q6UX71,0.012908302933742895,0.0
rollmean2__peptide_count__P07711,0.012907934062556399,0.0
delta1__protein_npx__P43652,0.012905910554447177,0.0
delta1__peptide_log__AYQGVAAPFPK,0.012904901259091599,0.0
lag1__peptide_mean__Q16270,0.012903674600957636,0.0
slope1__peptide_count__P06396,0.01290069357436766,0.0
delta1__protein_npx__P00738,0.012900489355094514,0.0
slope1__peptide_count__P00441,0.012899008958369495,0.0
rollmean2__peptide_log__C(UniMod_4)DSSPDSAEDVRK,0.012892478814665532,0.0
slope1__protein_npx__P01344,0.012890858871381182,0.0
lag1__peptide_mean__Q13451,0.012881814677824942,0.0
delta1__protein_npx__Q8N2S1,0.01288078140960815,0.0
rollmean2__visit_index,0.012880164687671496,0.0
peptide_mean__P06681,0.0128795435431299,0.0
lag1__protein_npx__O94919,0.01287661098895146,0.0
rollmean2__protein_npx__P10645,0.012872541249175798,0.0
peptide_std__P18065,0.012827657860365535,0.0
rollmean2__peptide_count__P30086,0.01282479605065338,0.0
lag1__peptide_mean__O14791,0.012823172773243857,0.0
slope1__peptide_count__Q96PD5,0.012819745801159684,0.0
peptide_mean__P00734,0.012818425464877731,0.0
rollmean2__peptide_std__P43121,0.012796304416569038,0.0
slope1__peptide_std__P16870,0.012789440241187746,0.0
slope1__peptide_mean__P02763,0.01278505689190474,0.0
rollmean2__peptide_std__P13611,0.012782969190003272,0.0
rollmean2__peptide_std__P07339,0.012781920122858885,0.0
rollmean2__protein_npx__P06396,0.0127355757578115,0.0
rollmean2__peptide_count__P02671,0.012720132154778475,0.0
peptide_count__P00736,0.012719654622070309,0.0
lag1__peptide_mean__P27169,0.0127105299195246,0.0
missing__peptide_std__Q6UXB8,0.0127034172602074,0.0
peptide_mean__O15394,0.012702405993884591,0.0
peptide_log__ALGISPFHEHAEVVFTANDSGPR,0.01269946913479544,0.0
lag1__peptide_count__P02790,0.012697996484458126,0.0
rollmean2__peptide_mean__P19021,0.012693376521644381,0.0
delta1__peptide_log__KAADDTWEPFASGK,0.012673558126427455,0.0
slope1__protein_npx__P13521,0.012670931313723082,0.0
slope1__peptide_mean__P05060,0.01266427412703715,0.0
slope1__peptide_mean__P02679,0.01266301766734964,0.0
peptide_log__VMPIC(UniMod_4)LPSKDYAEVGR,0.012655886776890345,0.0
missing__peptide_log__YVMLPVADQDQC(UniMod_4)IR,0.01265343013372416,0.0
slope1__peptide_std__P00734,0.012652511774332078,0.0
delta1__protein_npx__P02649,0.012647306059054673,0.0
slope1__protein_npx__P02452,0.012636730690681471,0.0
lag1__peptide_mean__P19021,0.012633860249662761,0.0
rollmean2__peptide_log__QQETAAAETETR,0.012628073649805423,0.0
slope1__protein_npx__P54289,0.012627551077393313,0.0
delta1__peptide_count__P43121,0.012626735025079735,0.0
delta1__peptide_mean__P24592,0.012626149925895992,0.0
rollmean2__peptide_log__TTPPVLDSDGSFFLYSR,0.012625334444131983,0.0
rollmean2__peptide_mean__P01861,0.012625334444131983,0.0
lag1__protein_npx__Q562R1,0.01262509205281141,0.0
peptide_mean__P43121,0.01262021842549438,0.0
delta1__peptide_std__P02647,0.01261544778854495,0.0
delta1__peptide_mean__P02760,0.012615242662180701,0.0
rollmean2__peptide_count__P02760,0.012611770533833801,0.0
rollmean2__peptide_count__P12109,0.012601717990192173,0.0
slope1__protein_npx__Q13449,0.012599441898667614,0.0
protein_npx__P12109,0.012598013012131553,0.0
lag1__protein_npx__P20933,0.012593183276121477,0.0
slope1__current_updrs_2,0.01258649192448809,0.0
rollmean2__peptide_mean__P01024,0.012582102479140293,0.0
peptide_count__Q92876,0.012575674738551802,0.0
lag1__peptide_mean__P08493,0.012574973825022914,0.0
rollmean2__peptide_mean__P98160,0.012569560818881814,0.0
rollmean2__peptide_std__P01859,0.012569406278066277,0.0
peptide_std__P07998,0.01256458640221654,0.0
lag1__peptide_log__TLLSNLEEAKK,0.01254933819743353,0.0
peptide_mean__P04406,0.012547709551826486,0.0
rollmean2__peptide_mean__Q13740,0.01254519909234936,0.0
lag1__protein_npx__P05408,0.012538772795748254,0.0
rollmean2__peptide_count__P01008,0.012525987393639946,0.0
lag1__peptide_count__P02656,0.012523730137517897,0.0
slope1__protein_npx__P02753,0.012521296623510949,0.0
slope1__peptide_std__P02753,0.012520864329447252,0.0
lag1__protein_npx__P05090,0.012513754959521225,0.0
lag1__protein_npx__Q96BZ4,0.012506984230552739,0.0
peptide_mean__P00441,0.012497887497026999,0.0
rollmean2__peptide_log__TPVSDRVTK,0.012493804968737005,0.0
protein_npx__Q16610,0.012484444047485138,0.0
lag1__peptide_count__P02774,0.012479333669634272,0.0
delta1__peptide_std__P02765,0.012476924938735858,0.0
slope1__current_updrs_3,0.012476222103049049,0.0
missing__peptide_std__P02452,0.012475432523451228,0.0
missing__peptide_log__C(UniMod_4)REILSVDC(UniMod_4)STNNPSQAK,0.012472625333453986,0.0
lag1__peptide_std__Q14118,0.012467068182400304,0.0
delta1__peptide_std__P14618,0.012463564903042939,0.0
delta1__peptide_count__P13987,0.012461538404976272,0.0
protein_npx__Q06481,0.01244653754289853,0.0
lag1__peptide_mean__P00736,0.012441225644885841,0.0
delta1__peptide_mean__P06681,0.01244087458738442,0.0
slope1__peptide_mean__P11142,0.012437923516763916,0.0
slope1__peptide_log__NPDPWAK,0.012437309809035402,0.0
slope1__peptide_std__P14618,0.012430097856830627,0.0
slope1__peptide_count__P04004,0.012428478371297097,0.0
rollmean2__peptide_mean__P04156,0.012397091841347541,0.0
slope1__peptide_mean__Q6UX71,0.012391984808704624,0.0
slope1__peptide_std__P05546,0.012391203248511057,0.0
delta1__peptide_count__P08603,0.012388825773651904,0.0
peptide_log__ELDESLQVAER,0.012386097571875034,0.0
delta1__peptide_log__QQETAAAETETR,0.012376045652528282,0.0
delta1__peptide_mean__P04211,0.012369670827799807,0.0
peptide_std__P01859,0.01236724735298843,0.0
lag1__peptide_count__P18065,0.012360093394764644,0.0
peptide_mean__Q99683,0.012332994121441693,0.0
delta1__protein_npx__Q06481,0.012329542073488284,0.0
peptide_log__RLEGQEEEEDNRDSSMK,0.012289468917352886,0.0
lag1__peptide_std__Q16610,0.012280839176400457,0.0
lag1__peptide_count__P00734,0.012272071512342572,0.0
delta1__peptide_count__P16035,0.012267751988245227,0.0
slope1__peptide_log__QKVEPLRAELQEGAR,0.012267241038034747,0.0
visit_index,0.012260549406512318,0.0
protein_npx__Q99829,0.012258394897626122,0.0
slope1__peptide_mean__P02655,0.012229333578240133,0.0
slope1__peptide_log__NFPPSQDASGDLYTTSSQLTLPATQC(UniMod_4)PDGK,0.012208337181914239,0.0
lag1__peptide_log__GSPAINVAVHVFRK,0.012208058078160241,0.0
slope1__peptide_count__P00747,0.012206014835656295,0.0
lag1__peptide_log__TTPPVLDSDGSFFLYSK,0.012202627009782497,0.0
rollmean2__peptide_count__Q14515,0.012202035875657272,0.0
missing__peptide_log__MTVTDQVNC(UniMod_4)PK,0.01219584058162695,0.0
rollmean2__protein_npx__P05408,0.012187219766376467,0.0
slope1__peptide_mean__Q9NQ79,0.012185453355936954,0.0
lag1__peptide_count__P14618,0.012185002866498835,0.0
lag1__protein_npx__P19652,0.012178791029000543,0.0
lag1__peptide_mean__P36980,0.012172290472142418,0.0
rollmean2__peptide_mean__P40925,0.012168879269041907,0.0
delta1__peptide_mean__O15240,0.012162526457413815,0.0
slope1__peptide_log__MYYSAVDPTKDIFTGLIGPM(UniMod_35)K,0.012128729718327331,0.0
delta1__peptide_count__Q92520,0.012121969220186749,0.0
missing__peptide_std__P02656,0.0121149779253251,0.0
delta1__peptide_std__Q14515,0.012114785126995356,0.0
lag1__protein_npx__P09871,0.012108994568252483,0.0
rollmean2__peptide_log__LAVYQAGAR,0.012097630968707234,0.0
peptide_mean__P02750,0.012095726124143773,0.0
peptide_std__P02656,0.012093785969764315,0.0
protein_npx__Q96BZ4,0.012073544817352764,0.0
lag1__protein_npx__Q96S96,0.012070358497986128,0.0
lag1__peptide_mean__P04156,0.01206868071356637,0.0
slope1__peptide_std__P02652,0.012066888686502979,0.0
rollmean2__peptide_count__P13611,0.012060386401061647,0.0
delta1__peptide_count__P13611,0.012060381269146242,0.0
delta1__peptide_mean__Q96KN2,0.012057113001659217,0.0
peptide_log__SSQGGSLPSEEK,0.012056114124718282,0.0
lag1__peptide_log__SC(UniMod_4)SPELQQK,0.012049017267382075,0.0
lag1__peptide_mean__P16152,0.012049017267382075,0.0
delta1__protein_npx__P40925,0.0120483415471249,0.0
slope1__peptide_count__P54289,0.012047926452388471,0.0
slope1__peptide_log__LAVYQAGAR,0.012037589408182423,0.0
lag1__peptide_mean__P43121,0.012025167707741162,0.0
slope1__peptide_mean__P08294,0.012019517112801258,0.0
lag1__peptide_log__ILLQGTPVAQMTEDAVDAER,0.012013731565497615,0.0
lag1__protein_npx__P19021,0.012011617654043205,0.0
rollmean2__protein_npx__P00734,0.012010744305526769,0.0
rollmean2__peptide_count__P04004,0.012008483104035158,0.0
rollmean2__peptide_count__P08294,0.012007921834195119,0.0
lag1__peptide_mean__P06454,0.012003896318666779,0.0
lag1__peptide_count__P19652,0.012002255842122176,0.0
protein_npx__Q9UHG2,0.011993250305292198,0.0
rollmean2__peptide_log__TDASDVKPC(UniMod_4),0.011988282817381834,0.0
peptide_mean__Q13332,0.011985155212187983,0.0
delta1__peptide_count__P04180,0.011965894123431945,0.0
lag1__protein_npx__P01042,0.011963338617793301,0.0
lag1__peptide_log__RGYQLSDVDGVTC(UniMod_4)EDIDEC(UniMod_4)ALPTGGHIC(UniMod_4)SYR,0.01195335879545646,0.0
rollmean2__peptide_count__P36955,0.011944739278496668,0.0
peptide_std__Q96PD5,0.011941344236114768,0.0
slope1__peptide_log__QQETAAAETETR,0.011921101106086946,0.0
slope1__peptide_mean__P08493,0.011916742390648147,0.0
slope1__peptide_count__P05156,0.01191284181780489,0.0
peptide_std__P30086,0.011909656743579859,0.0
delta1__peptide_mean__P10645,0.01189308687088488,0.0
peptide_std__P04180,0.011891616178722336,0.0
slope1__protein_npx__P02749,0.011878245803374207,0.0
delta1__peptide_std__P08493,0.011869210682913982,0.0
slope1__peptide_mean__P01594,0.011863653929549783,0.0
slope1__protein_npx__P05408,0.011855363167935522,0.0
rollmean2__peptide_std__P30086,0.011851539803129672,0.0
rollmean2__protein_npx__P01008,0.011850728125332605,0.0
slope1__protein_npx__P14174,0.011842364283283733,0.0
peptide_std__P05156,0.011812017872954236,0.0
slope1__peptide_std__P16035,0.011798831255381757,0.0
lag1__peptide_log__HYTNPSQDVTVPC(UniMod_4)PVPPPPPC(UniMod_4)C(UniMod_4)HPR,0.011797011517913309,0.0
rollmean2__peptide_mean__Q9UKV8,0.011795795170906277,0.0
slope1__protein_npx__P06454,0.011793425802718391,0.0
slope1__visit_index,0.011783544604646576,0.0
delta1__peptide_std__Q92520,0.011783031978876049,0.0
peptide_mean__P01023,0.011768443966979547,0.0
peptide_mean__P08571,0.011763416107557304,0.0
delta1__peptide_mean__Q9UKV8,0.011761867942409198,0.0
delta1__protein_npx__Q9HDC9,0.011741607450403976,0.0
slope1__protein_npx__P13611,0.011740048598853591,0.0
slope1__peptide_log__AVGDKLPEC(UniMod_4)EADDGC(UniMod_4)PKPPEIAHGYVEHSVR,0.01173389652568841,0.0
lag1__peptide_mean__P05090,0.011723837761733464,0.0
slope1__peptide_std__Q12805,0.011722385476735655,0.0
lag1__peptide_count__Q96KN2,0.011722334044386535,0.0
slope1__peptide_std__Q9UBX5,0.011721857275352434,0.0
protein_npx__P02749,0.011709025319032496,0.0
delta1__protein_npx__P19652,0.01170341811251495,0.0
delta1__peptide_log__AATVGSLAGQPLQER,0.011702475309383578,0.0
missing__peptide_log__LRTEGDGVYTLNNEKQWINK,0.01168955697770573,0.0
missing__peptide_log__FNKPFVFLM(UniMod_35)IEQNTK,0.011674196528938243,0.0
slope1__peptide_std__P01877,0.01167411212392974,0.0
lag1__protein_npx__P01717,0.011666542973732184,0.0
delta1__peptide_count__P01860,0.011660439938195181,0.0
delta1__peptide_mean__P02768,0.01165909652234284,0.0
peptide_std__Q9NQ79,0.011656816816998383,0.0
delta1__peptide_log__LRTEGDGVYTLNNEK,0.011652649344698946,0.0
slope1__peptide_log__VKDLATVYVDVLK,0.011651461556794345,0.0
peptide_std__O14773,0.01164876224878325,0.0
lag1__protein_npx__P30086,0.011642007070433431,0.0
slope1__peptide_mean__P04207,0.011632545306091703,0.0
delta1__peptide_log__VTSIQDWVQK,0.011626440329676493,0.0
slope1__protein_npx__P07225,0.011624168771636802,0.0
lag1__protein_npx__P18065,0.011611165721113282,0.0
delta1__protein_npx__Q13740,0.011608749222547345,0.0
slope1__peptide_mean__P00746,0.011602390857551052,0.0
delta1__peptide_count__Q9UHG2,0.011599512209761426,0.0
delta1__protein_npx__P01861,0.01159223524405367,0.0
delta1__peptide_mean__P02652,0.011588693898172799,0.0
slope1__peptide_mean__P54289,0.011587377554561218,0.0
lag1__protein_npx__P01009,0.011580641568619923,0.0
rollmean2__peptide_mean__P19823,0.011576783752731861,0.0
rollmean2__protein_npx__O60888,0.01157408919805873,0.0
slope1__peptide_mean__P00747,0.011562680809322452,0.0
lag1__peptide_mean__Q12805,0.011547841678954264,0.0
delta1__peptide_mean__P16035,0.011530753305537671,0.0
missing__peptide_count__P17936,0.011529708052383233,0.0
missing__protein_npx__P17936,0.011529708052383233,0.0
missing__peptide_mean__P17936,0.011529708052383233,0.0
lag1__protein_npx__P01019,0.011523249098058422,0.0
slope1__peptide_count__Q08380,0.011522144231127249,0.0
rollmean2__protein_npx__P04406,0.011519099821638764,0.0
slope1__peptide_std__P08493,0.011515311147356015,0.0
protein_npx__P01860,0.011515116125633214,0.0
lag1__peptide_mean__O00391,0.011514905993064478,0.0
peptide_count__P02652,0.011507898575138197,0.0
peptide_mean__P35542,0.011505062813216598,0.0
peptide_std__P02649,0.011496577155097026,0.0
delta1__protein_npx__Q08380,0.011491362941423808,0.0
slope1__peptide_std__P06396,0.011479112876011648,0.0
slope1__peptide_mean__P49908,0.011473611856122718,0.0
slope1__protein_npx__P16870,0.01147262633219449,0.0
delta1__peptide_log__LFDSDPITVTVPVEVSR,0.011471638192062176,0.0
lag1__protein_npx__P10909,0.011458608797313752,0.0
lag1__peptide_mean__P01042,0.011457700897283922,0.0
lag1__peptide_mean__P02679,0.011453373572185087,0.0
slope1__protein_npx__P02671,0.011452281126989695,0.0
peptide_std__P41222,0.011443246079603642,0.0
slope1__peptide_std__P02675,0.011441125652527084,0.0
peptide_mean__P07225,0.011428559553947872,0.0
delta1__peptide_std__P04004,0.011419257312380904,0.0
missing__peptide_log__TPVSDRVTK,0.01141710292874892,0.0
protein_npx__O14773,0.0114132606839211,0.0
rollmean2__peptide_log__SGELEQEEER,0.011408375941953913,0.0
rollmean2__peptide_log__TQVNTQAEQLRR,0.011400207488961034,0.0
lag1__protein_npx__O00391,0.011387819258427677,0.0
slope1__peptide_std__P13591,0.011386648978276926,0.0
lag1__protein_npx__O15394,0.011384325627980516,0.0
rollmean2__protein_npx__Q02818,0.011380309527255739,0.0
slope1__peptide_std__P19652,0.011368648899769055,0.0
rollmean2__peptide_mean__P04004,0.011359547438029421,0.0
peptide_count__P00450,0.01135906204839711,0.0
lag1__peptide_log__LGPLVEQGR,0.011348637622860364,0.0
rollmean2__peptide_log__NFPPSQDASGDLYTTSSQLTLPATQC(UniMod_4)PDGK,0.011336450273094658,0.0
slope1__protein_npx__Q9Y6R7,0.011326359759012748,0.0
rollmean2__peptide_mean__P61626,0.011318170611788785,0.0
lag1__peptide_count__P04217,0.011316685787536732,0.0
protein_npx__P25311,0.011316423213179262,0.0
lag1__peptide_log__ANRPFLVFIR,0.0113088041060064,0.0
missing__peptide_mean__P01833,0.01130146827210925,0.0
missing__protein_npx__P01833,0.01130146827210925,0.0
missing__peptide_count__P01833,0.01130146827210925,0.0
rollmean2__protein_npx__P17936,0.0113014522077116,0.0
lag1__peptide_mean__P39060,0.01130139156790517,0.0
peptide_count__P07711,0.011300826228726874,0.0
slope1__peptide_log__IMNGEADAMSLDGGFVYIAGK,0.011299796666699308,0.0
delta1__peptide_mean__P01023,0.011291497997060576,0.0
lag1__peptide_log__LVGGPM(UniMod_35)DASVEEEGVRR,0.011274324398877076,0.0
peptide_count__P17174,0.011273154901930744,0.0
peptide_mean__Q96S96,0.011267560661090343,0.0
delta1__protein_npx__P01008,0.011260886809791495,0.0
delta1__peptide_mean__P36222,0.011256783431453882,0.0
lag1__peptide_abundance_max,0.011248509578503582,0.0
delta1__peptide_log__VQAAVGTSAAPVPSDNH,0.011246469959523199,0.0
missing__peptide_count__P17174,0.011236813781247322,0.0
missing__peptide_mean__P17174,0.011236813781247322,0.0
missing__protein_npx__P17174,0.011236813781247322,0.0
peptide_log__ELSSFIDKGQELC(UniMod_4)ADYSENTFTEYK,0.011213689265249082,0.0
lag1__peptide_mean__P07602,0.01120719349723867,0.0
rollmean2__peptide_mean__P01042,0.011199997076751952,0.0
rollmean2__peptide_mean__Q9NYU2,0.011198852348426616,0.0
protein_npx__P02655,0.011184725083438325,0.0
rollmean2__peptide_mean__P01344,0.011184609097411917,0.0
rollmean2__peptide_std__P16035,0.011184477927670446,0.0
peptide_log__HYTNPSQDVTVPC(UniMod_4)PVPPPPPC(UniMod_4)C(UniMod_4)HPR,0.011182293570944867,0.0
peptide_count__P02750,0.011174287004355417,0.0
slope1__peptide_count__P02747,0.011171164835480998,0.0
rollmean2__peptide_log__TEGDGVYTLNNEK,0.011170549118358025,0.0
peptide_count__P02647,0.011162058332383061,0.0
peptide_std__P36222,0.011161261001959197,0.0
delta1__peptide_std__P43121,0.011158055623586108,0.0
rollmean2__peptide_log__AKLEEQAQQIR,0.011157166798497322,0.0
delta1__protein_npx__P25311,0.011147614931734303,0.0
rollmean2__protein_npx__P02679,0.011142942285918438,0.0
peptide_count__P01008,0.011139310020564204,0.0
rollmean2__peptide_log__LGADMEDVC(UniMod_4)GR,0.011137806072304019,0.0
delta1__peptide_std__P27169,0.01113735278792121,0.0
rollmean2__protein_npx__P02765,0.011126229314382842,0.0
rollmean2__peptide_mean__P00747,0.011117161742036282,0.0
missing__peptide_log__SLAELGGHLDQQVEEFRR,0.011115711970050166,0.0
slope1__peptide_mean__Q13449,0.01111199190143767,0.0
missing__peptide_log__RLEGQEEEEDNRDSSMK,0.011109660216081512,0.0
rollmean2__protein_npx__P00746,0.01110836835760046,0.0
slope1__peptide_std__P19823,0.011105622478439726,0.0
lag1__protein_npx__Q9Y646,0.01109554306864633,0.0
rollmean2__peptide_std__P05155,0.011080998715680263,0.0
peptide_abundance_std,0.011077462347413268,0.0
delta1__protein_npx__P02675,0.01106748097620045,0.0
peptide_log__KFPSGTFEQVSQLVK,0.011066947697348024,0.0
delta1__peptide_std__P07225,0.011043462605094905,0.0
lag1__peptide_log__SSQGGSLPSEEK,0.011034882429529476,0.0
rollmean2__protein_npx__P10909,0.011005208137674168,0.0
slope1__peptide_log__VTSIQDWVQK,0.010992932079135789,0.0
lag1__peptide_std__P18065,0.010987305912804352,0.0
delta1__peptide_log__IMNGEADAMSLDGGFVYIAGK,0.010980989103196902,0.0
lag1__protein_npx__P02749,0.010977117812425823,0.0
slope1__protein_npx__P01023,0.010977088365930168,0.0
peptide_mean__Q14118,0.010970759089315645,0.0
peptide_count__Q6UXB8,0.010952090155984362,0.0
lag1__protein_npx__P04075,0.010948480649620543,0.0
lag1__peptide_std__P13987,0.010942328653433066,0.0
lag1__peptide_count__O00533,0.010940671368275957,0.0
slope1__peptide_mean__P12109,0.010936819095416644,0.0
rollmean2__protein_npx__P01608,0.010935243613916838,0.0
lag1__peptide_std__P41222,0.01092370880232724,0.0
delta1__protein_npx__P01834,0.010918647507884204,0.0
slope1__peptide_count__P18065,0.010917769329750476,0.0
slope1__peptide_std__Q06481,0.010915703507679385,0.0
lag1__peptide_log__VMPIC(UniMod_4)LPSKDYAEVGR,0.010910113502340899,0.0
peptide_log__C(UniMod_4)C(UniMod_4)VEC(UniMod_4)PPC(UniMod_4)PAPPVAGPSVFLFPPKPK,0.010906045125052749,0.0
lag1__protein_npx__P08123,0.010902779454913466,0.0
lag1__peptide_log__VDSGNDVTDIADDGC(UniMod_4)PKPPEIAHGYVEHSVR,0.01090087635769362,0.0
rollmean2__peptide_mean__Q96PD5,0.010897584431930814,0.0
missing__peptide_mean__P04075,0.010886618385951678,0.0
missing__peptide_count__P04075,0.010886618385951678,0.0
missing__protein_npx__P04075,0.010886618385951678,0.0
peptide_log__FM(UniMod_35)ETVAEK,0.010877736995347206,0.0
peptide_std__P20774,0.010876285440122724,0.0
rollmean2__peptide_log__ALGISPFHEHAEVVFTANDSGPR,0.010869326505910437,0.0
rollmean2__protein_npx__Q96S96,0.010867098758251825,0.0
lag1__peptide_mean__P00747,0.01086673056367385,0.0
lag1__peptide_mean__Q06481,0.010857612296724807,0.0
missing__peptide_log__LC(UniMod_4)MGSGLNLC(UniMod_4)EPNNKEGYYGYTGAFR,0.010853800496320417,0.0
lag1__protein_npx__P02790,0.01085250956756398,0.0
rollmean2__peptide_mean__P02655,0.010846714341836991,0.0
rollmean2__peptide_count__P01034,0.010841407209783011,0.0
missing__peptide_std__P13611,0.010836970684652909,0.0
lag1__peptide_std__Q12805,0.010830016834218397,0.0
lag1__peptide_mean__P00738,0.010829604283806147,0.0
delta1__protein_npx__P16035,0.010829044672399125,0.0
slope1__protein_npx__Q9UHG2,0.010828776225848644,0.0
lag1__peptide_log__SC(UniMod_4)DTPPPC(UniMod_4)PR,0.010823487347829501,0.0
slope1__peptide_count__P01834,0.010815878376213207,0.0
peptide_mean__Q9NQ79,0.010815294893734787,0.0
rollmean2__peptide_mean__P06310,0.010814969261047873,0.0
lag1__protein_npx__P06396,0.010813942359479089,0.0
peptide_mean__P02679,0.010808911195105816,0.0
delta1__peptide_count__P02747,0.01080784130654512,0.0
rollmean2__peptide_std__P01024,0.010803612535300705,0.0
lag1__peptide_log__AATVGSLAGQPLQER,0.01080158520048647,0.0
rollmean2__peptide_std__Q92520,0.010792130641284663,0.0
missing__peptide_std__P05060,0.01078363878210691,0.0
rollmean2__peptide_mean__Q06481,0.010776493349857995,0.0
rollmean2__peptide_log__TVVQPSVGAAAGPVVPPC(UniMod_4)PGR,0.010771291795294588,0.0
delta1__protein_npx__P04211,0.01076930589145809,0.0
delta1__peptide_mean__P17936,0.010767881695648882,0.0
rollmean2__peptide_mean__O14791,0.010767418338396395,0.0
peptide_mean__P01591,0.010763611809276425,0.0
rollmean2__protein_npx__P01011,0.010763292572706912,0.0
peptide_std__P04433,0.010761686641856212,0.0
slope1__peptide_std__Q14515,0.01076160670506579,0.0
peptide_mean__P16870,0.010759376441797863,0.0
lag1__peptide_count__P02679,0.010755376593027988,0.0
slope1__peptide_log__LGADM(UniMod_35)EDVC(UniMod_4)GR,0.010743942176633865,0.0
lag1__protein_npx__P41222,0.010742568901055087,0.0
lag1__peptide_mean__Q9Y646,0.010738080923627588,0.0
delta1__protein_npx__P02452,0.010734480277924794,0.0
peptide_count__P05546,0.01072625799632963,0.0
slope1__peptide_mean__P43251,0.010721562822729592,0.0
delta1__protein_npx__P00734,0.010709538084135975,0.0
rollmean2__peptide_mean__Q14624,0.010696138762012902,0.0
rollmean2__peptide_log__TKEEYGHSEVVEYYC(UniMod_4)NPR,0.01069385796605213,0.0
rollmean2__peptide_std__Q6UXB8,0.01068108451294788,0.0
lag1__peptide_mean__P09871,0.010675856726245015,0.0
rollmean2__peptide_log__QNC(UniMod_4)ELFEQLGEYK,0.010664497822337034,0.0
delta1__protein_npx__P13987,0.010661380931247307,0.0
delta1__protein_npx__Q13451,0.010656957947333614,0.0
delta1__peptide_log__YVM(UniMod_35)LPVADQDQC(UniMod_4)IR,0.010651929687345886,0.0
peptide_count__P02763,0.01065016012817547,0.0
protein_npx__P13671,0.010647942755947434,0.0
lag1__protein_npx__P00450,0.010646651446317521,0.0
delta1__peptide_count__Q96PD5,0.01064533528519724,0.0
rollmean2__protein_npx__Q13332,0.010640952169481837,0.0
delta1__protein_npx__Q99832,0.010631542562452028,0.0
delta1__peptide_count__P02751,0.010628409974032608,0.0
peptide_mean__Q9NYU2,0.01062250254776969,0.0
missing__peptide_log__LSSWVLLM(UniMod_35)K,0.010620277533369228,0.0
lag1__protein_npx__P02671,0.010620247327179767,0.0
peptide_count__P07225,0.01061342450366523,0.0
peptide_count__P02751,0.01060945175597647,0.0
rollmean2__peptide_std__P05067,0.010606459466098485,0.0
lag1__peptide_count__P02753,0.010604516610523938,0.0
slope1__protein_npx__Q9NQ79,0.010604183950688273,0.0
rollmean2__peptide_mean__Q6UX71,0.010603531067481842,0.0
slope1__peptide_std__P13611,0.010586777737818992,0.0
lag1__peptide_count__Q14515,0.010579127500402408,0.0
slope1__peptide_std__P00738,0.01057875766199891,0.0
slope1__peptide_std__P01009,0.010578232420213406,0.0
rollmean2__peptide_std__P27169,0.010574039731198366,0.0
peptide_count__O15394,0.010571437701349537,0.0
rollmean2__peptide_log__C(UniMod_4)VDVDEC(UniMod_4)APPAEPC(UniMod_4)GK,0.010570130455648665,0.0
peptide_log__AKLEEQAQQIR,0.010569139938661664,0.0
delta1__protein_npx__Q96PD5,0.010562988059091994,0.0
lag1__peptide_mean__P08123,0.010555262813475469,0.0
delta1__peptide_count__P05156,0.010550412070360761,0.0
rollmean2__peptide_mean__Q15904,0.010539625361556856,0.0
delta1__peptide_count__Q14515,0.010520438071728908,0.0
delta1__peptide_count__P00450,0.01051813478016273,0.0
rollmean2__peptide_std__P61769,0.01051741494052602,0.0
peptide_mean__P02768,0.01051562352779102,0.0
slope1__peptide_mean__O75144,0.010515528501677269,0.0
delta1__peptide_log__WELALGR,0.010512630535367372,0.0
delta1__protein_npx__O14498,0.01051150211901617,0.0
slope1__peptide_std__P51884,0.010509640758184568,0.0
delta1__protein_npx__P49588,0.010509333992765223,0.0
slope1__peptide_log__LRTEGDGVYTLNNEK,0.010508797362344165,0.0
peptide_mean__Q9Y6R7,0.010494513784818426,0.0
peptide_std__Q08380,0.010494106728638519,0.0
slope1__protein_npx__Q99674,0.010485462391797375,0.0
rollmean2__protein_npx__P19827,0.010477708695380485,0.0
rollmean2__peptide_mean__Q99829,0.01047452388957494,0.0
delta1__peptide_mean__Q92520,0.010461227784828555,0.0
slope1__peptide_mean__P00441,0.010454821000934894,0.0
protein_npx__O75144,0.010436414444117009,0.0
peptide_std__P19823,0.010432570979132937,0.0
delta1__peptide_log__ELDESLQVAER,0.010426404363690602,0.0
rollmean2__peptide_count__P00746,0.010422478902173357,0.0
delta1__peptide_count__P02671,0.010417049379710917,0.0
slope1__peptide_std__Q16610,0.010416616116850635,0.0
rollmean2__peptide_mean__P05060,0.010413200628189373,0.0
slope1__peptide_log__ELDESLQVAER,0.010411008156272886,0.0
lag1__peptide_mean__Q92876,0.010410953015274947,0.0
slope1__protein_npx__Q96S96,0.010410810762131536,0.0
rollmean2__peptide_std__P01860,0.010402095225879562,0.0
slope1__protein_npx__P05546,0.010386171416278607,0.0
slope1__peptide_mean__P02751,0.010351561116544929,0.0
slope1__peptide_mean__P02774,0.010347660429824641,0.0
delta1__peptide_mean__Q8NE71,0.010340375584636931,0.0
rollmean2__peptide_std__P04075,0.01033935555077466,0.0
rollmean2__peptide_log__AATGEC(UniMod_4)TATVGKR,0.010336040817484952,0.0
rollmean2__peptide_std__P55290,0.010335801277247285,0.0
delta1__peptide_count__Q92823,0.010330922040616017,0.0
missing__peptide_log__TVVQPSVGAAAGPVVPPC(UniMod_4)PGR,0.010326691836930807,0.0
missing__peptide_std__P04075,0.01032618860308031,0.0
slope1__peptide_log__ANRPFLVFIR,0.010311282161152967,0.0
lag1__peptide_std__P02766,0.010310715456999305,0.0
delta1__peptide_count__P02656,0.010305843283080134,0.0
delta1__peptide_std__P01024,0.010302996769212418,0.0
peptide_mean__P01857,0.010300978098893304,0.0
missing__peptide_std__P30086,0.010299312783948729,0.0
slope1__peptide_std__P02763,0.010294412700079032,0.0
delta1__protein_npx__P09486,0.010285776882744744,0.0
delta1__protein_npx__P36222,0.010275246346576145,0.0
rollmean2__protein_npx__P06681,0.010273951494014479,0.0
peptide_log__SGEATDGARPQALPEPMQESK,0.010261107074403357,0.0
slope1__peptide_count__P01859,0.010258122847952578,0.0
lag1__protein_npx__Q14624,0.01025369857945585,0.0
peptide_count__Q92520,0.010252207800953267,0.0
peptide_std__P14618,0.010248861969606273,0.0
lag1__peptide_count__P41222,0.010247980142467476,0.0
delta1__peptide_std__P98160,0.010244221520094535,0.0
rollmean2__peptide_mean__O43505,0.010240401697633968,0.0
rollmean2__peptide_count__P00751,0.01024027627665364,0.0
lag1__protein_npx__P23142,0.010238614564119394,0.0
rollmean2__protein_npx__P02766,0.010238348551750506,0.0
peptide_std__P04075,0.010238070790088207,0.0
lag1__peptide_mean__Q96S96,0.010229574446780033,0.0
protein_npx__P05452,0.010221805822157825,0.0
lag1__peptide_count__P02647,0.010210617986652073,0.0
delta1__peptide_std__Q96PD5,0.01020687370946097,0.0
slope1__protein_npx__P36955,0.010200788359222989,0.0
rollmean2__peptide_log__SEALAVDGAGKPGAEEAQDPEGK,0.010196676464455181,0.0
rollmean2__peptide_log__AVLPTGDVIGDSAK,0.010195623624259827,0.0
slope1__peptide_count__P24592,0.010188014480526334,0.0
delta1__peptide_std__P06727,0.010187533071321614,0.0
slope1__protein_npx__P11277,0.010187289760174377,0.0
lag1__peptide_mean__Q92823,0.01017687301344137,0.0
slope1__peptide_count__P10909,0.01017283842037647,0.0
delta1__protein_npx__P07225,0.010172080440528196,0.0
rollmean2__peptide_mean__P60174,0.010159071100126335,0.0
peptide_std__O15394,0.010155868166221235,0.0
lag1__peptide_log__LGADM(UniMod_35)EDVC(UniMod_4)GR,0.010155080281732728,0.0
delta1__peptide_mean__P08571,0.010149554296980397,0.0
delta1__peptide_count__P08571,0.010138182879164981,0.0
slope1__protein_npx__Q8NE71,0.010133522602629291,0.0
peptide_std__P39060,0.010118791147195997,0.0
rollmean2__peptide_count__P01009,0.010117427198306177,0.0
lag1__peptide_std__Q14515,0.0101161314211876,0.0
peptide_std__P06681,0.010110235116449337,0.0
peptide_mean__P98160,0.010109469000444933,0.0
rollmean2__peptide_count__P51884,0.010100913223008264,0.0
lag1__peptide_count__P01859,0.010081237844857368,0.0
rollmean2__protein_npx__Q9UBX5,0.010074483879218329,0.0
missing__peptide_std__Q12907,0.010031842853086843,0.0
slope1__protein_npx__P61916,0.010024115721090474,0.0
rollmean2__peptide_std__P04196,0.010016190161603563,0.0
peptide_count__P00441,0.010014375436342626,0.0
rollmean2__peptide_mean__P02750,0.01001304432714848,0.0
lag1__peptide_log__FNKPFVFLM(UniMod_35)IEQNTK,0.010012371721112922,0.0
protein_npx__Q13332,0.010009777847642702,0.0
protein_npx__Q6UXD5,0.010008668385484943,0.0
slope1__peptide_log__HYDGSYSTFGER,0.010008539563939172,0.0
lag1__peptide_mean__P01344,0.0100046273251944,0.0
lag1__peptide_std__P17174,0.009990760116779074,0.0
rollmean2__peptide_log__C(UniMod_4)C(UniMod_4)VEC(UniMod_4)PPC(UniMod_4)PAPPVAGPSVFLFPPKPK,0.009990401904123864,0.0
lag1__peptide_mean__P01019,0.009989328054974092,0.0
slope1__peptide_log__C(UniMod_4)REILSVDC(UniMod_4)STNNPSQAK,0.009984520902733647,0.0
slope1__peptide_mean__P04211,0.00998288699076934,0.0
rollmean2__protein_npx__P24592,0.009969768046377132,0.0
rollmean2__peptide_count__P09871,0.009969727791346085,0.0
rollmean2__peptide_mean__P07195,0.009964082538300367,0.0
lag1__protein_npx__P13591,0.009963881018588508,0.0
protein_npx__P00441,0.009962308819899247,0.0
peptide_mean__P07711,0.009960677101304652,0.0
slope1__protein_npx__P01034,0.009959046162364807,0.0
delta1__peptide_mean__P01008,0.009957307432949156,0.0
slope1__peptide_mean__Q13283,0.009956790109936492,0.0
delta1__peptide_mean__P32754,0.00995646569631304,0.0
lag1__peptide_mean__O60888,0.009947361316297669,0.0
slope1__peptide_log__QIGSVYR,0.009943723270809814,0.0
slope1__peptide_mean__Q14118,0.009936255168057007,0.0
slope1__protein_missing_fraction,0.009933445809723433,0.0
slope1__protein_feature_count,0.009933445809723234,0.0
slope1__peptide_abundance_min,0.009933114387305798,0.0
lag1__peptide_count__Q12907,0.0099288698837923,0.0
slope1__peptide_mean__P16070,0.00992838517113209,0.0
rollmean2__peptide_count__P36222,0.009928230299292977,0.0
slope1__peptide_count__P12109,0.00992255938716431,0.0
delta1__protein_npx__Q7Z5P9,0.009908961395230993,0.0
rollmean2__peptide_log__SC(UniMod_4)DTPPPC(UniMod_4)PR,0.009899435925430876,0.0
peptide_count__P13611,0.009892281965820015,0.0
delta1__peptide_mean__P18065,0.009873232684482267,0.0
missing__peptide_std__P06681,0.009867431973514395,0.0
protein_npx__P00748,0.009863008613019246,0.0
slope1__peptide_count__Q96KN2,0.009853160344570571,0.0
delta1__peptide_mean__P55290,0.009842685910614804,0.0
peptide_log__SPVGVQPILNEHTFC(UniMod_4)AGMSK,0.009837694663185396,0.0
rollmean2__protein_npx__P07998,0.009833193494207162,0.0
lag1__peptide_mean__P11142,0.00983256630908285,0.0
slope1__peptide_mean__Q8N2S1,0.009831070869562579,0.0
slope1__peptide_std__P01023,0.009824499832670171,0.0
lag1__peptide_mean__Q99683,0.00980974151739057,0.0
rollmean2__peptide_count__P61769,0.009794759871367931,0.0
lag1__peptide_std__P01023,0.009793002081169282,0.0
slope1__peptide_count__P01034,0.009786284959676534,0.0
delta1__protein_npx__P06681,0.009774796939227073,0.0
peptide_mean__P36980,0.009767507957211879,0.0
missing__protein_npx__Q9UKV8,0.009760486771127508,0.0
missing__peptide_count__Q9UKV8,0.009760486771127508,0.0
missing__peptide_mean__Q9UKV8,0.009760486771127508,0.0
rollmean2__peptide_count__P17174,0.009756804521047232,0.0
protein_npx__P30086,0.009749694943934371,0.0
lag1__peptide_mean__Q96KN2,0.009744364543048148,0.0
peptide_mean__P01009,0.009743350934304952,0.0
delta1__peptide_mean__P13611,0.009738846635495114,0.0
peptide_mean__P61916,0.00973706338503201,0.0
peptide_std__P07602,0.009735718463564932,0.0
delta1__peptide_std__P00746,0.00972972793344767,0.0
lag1__peptide_mean__P08294,0.009723332650045064,0.0
lag1__peptide_std__P06727,0.009721463472265981,0.0
rollmean2__peptide_log__IMNGEADAMSLDGGFVYIAGK,0.009720808104104924,0.0
rollmean2__protein_npx__Q92520,0.009719341812492378,0.0
rollmean2__peptide_mean__P01780,0.009707762008021403,0.0
lag1__protein_npx__P11277,0.00969907260598772,0.0
delta1__peptide_log__VMPIC(UniMod_4)LPSKDYAEVGR,0.009698742953410692,0.0
delta1__peptide_mean__P02750,0.009692196613736515,0.0
rollmean2__protein_npx__P54289,0.009691478623438825,0.0
delta1__peptide_std__P36222,0.0096877224666026,0.0
lag1__peptide_std__P05067,0.009669212222280675,0.0
slope1__protein_npx__P05155,0.009668980002877154,0.0
missing__peptide_log__VTSIQDWVQK,0.009668507716525783,0.0
delta1__protein_npx__P10451,0.009635604698791692,0.0
missing__peptide_log__LGPLVEQGR,0.009632354017156381,0.0
peptide_count__P61916,0.009631738221707408,0.0
rollmean2__protein_npx__Q16270,0.00962544661944577,0.0
protein_npx__P05408,0.009616404258933984,0.0
lag1__protein_npx__Q92876,0.00960547058849491,0.0
lag1__protein_npx__P49908,0.009605179319989617,0.0
slope1__peptide_std__P01876,0.009603546504123544,0.0
lag1__peptide_log__SPVGVQPILNEHTFC(UniMod_4)AGMSK,0.009603489188448158,0.0
lag1__peptide_mean__P04216,0.009586825725506724,0.0
protein_npx__P04406,0.009583676873581344,0.0
delta1__peptide_mean__P17174,0.009581279457039316,0.0
missing__peptide_log__C(UniMod_4)IIEVLSNALSK,0.009579274900497911,0.0
peptide_log__YIVSGTPTFVPYLIK,0.009573775163592207,0.0
slope1__protein_npx__P43251,0.00957027636273433,0.0
delta1__peptide_mean__P04216,0.009566004691209381,0.0
delta1__peptide_abundance_std,0.009562679792503756,0.0
rollmean2__peptide_std__P02649,0.009561322741955786,0.0
rollmean2__peptide_std__P00751,0.009558135068253782,0.0
rollmean2__peptide_mean__Q92520,0.009557125736094312,0.0
protein_npx__P10909,0.00955614947084647,0.0
peptide_log__LEGQEEEEDNRDSSMK,0.009551943971053226,0.0
delta1__peptide_count__P01034,0.009541965481719686,0.0
missing__peptide_log__VDNALQSGNSQESVTEQDSKDSTYSLSSTLTLSK,0.009541549859211913,0.0
peptide_mean__P13611,0.009540023868712581,0.0
lag1__peptide_std__P02751,0.009533953961791011,0.0
slope1__peptide_abundance_max,0.009529714237591403,0.0
delta1__peptide_mean__P01019,0.00952875786502419,0.0
slope1__peptide_std__P00746,0.009526152842985088,0.0
peptide_count__Q12907,0.009515188746566225,0.0
lag1__peptide_log__ELDESLQVAER,0.009515098725266458,0.0
delta1__protein_npx__P00751,0.009512210301103217,0.0
rollmean2__peptide_log__KVEQAVETEPEPELR,0.009510346784924153,0.0
rollmean2__peptide_count__Q92876,0.009506464018631283,0.0
peptide_mean__P01594,0.00950319066551483,0.0
lag1__protein_npx__Q92823,0.009498621906049921,0.0
peptide_mean__P00738,0.009495721865978779,0.0
missing__peptide_log__DSGFQM(UniMod_35)NQLR,0.009493662622122477,0.0
rollmean2__protein_npx__Q99969,0.00949357390820264,0.0
peptide_mean__P08294,0.00948889080781473,0.0
lag1__peptide_std__Q92823,0.009473348025843742,0.0
slope1__protein_npx__P02774,0.009469080644297311,0.0
slope1__peptide_count__P10643,0.009466971839245986,0.0
delta1__peptide_std__Q92876,0.009463292935222373,0.0
lag1__peptide_log__VTSIQDWVQK,0.009463176003623857,0.0
slope1__peptide_std__Q08380,0.009460377382536104,0.0
lag1__peptide_log__TTPPVLDSDGSFFLYSR,0.009457879237028037,0.0
lag1__peptide_mean__P01861,0.009457879237028037,0.0
peptide_mean__P24592,0.009456056284942824,0.0
slope1__peptide_log__SNSSM(UniMod_35)HITDC(UniMod_4)R,0.009449861400069145,0.0
slope1__protein_npx__P36222,0.009447779360595484,0.0
lag1__peptide_std__P61916,0.009442850102021403,0.0
delta1__peptide_count__O00533,0.009439614988251738,0.0
missing__protein_npx__P43251,0.009437239574943846,0.0
missing__peptide_count__P43251,0.009437239574943846,0.0
missing__peptide_mean__P43251,0.009437239574943846,0.0
lag1__peptide_mean__P01591,0.009427992037478097,0.0
lag1__peptide_mean__Q9UBR2,0.00942755556641908,0.0
rollmean2__peptide_count__P43652,0.009414541261055566,0.0
delta1__peptide_log__SNSSM(UniMod_35)HITDC(UniMod_4)R,0.009411054922479633,0.0
lag1__protein_npx__P12109,0.00940931768023851,0.0
peptide_count__O94919,0.009407692172192974,0.0
missing__peptide_std__O94919,0.009407692172192974,0.0
peptide_count__P01876,0.009406738940032069,0.0
peptide_std__P16070,0.009405699576510588,0.0
lag1__protein_npx__P06454,0.009402725997750376,0.0
lag1__peptide_count__P10645,0.009400124139629892,0.0
rollmean2__protein_npx__P00450,0.009393912843877897,0.0
rollmean2__peptide_count__P13987,0.009385855362491235,0.0
peptide_std__P01857,0.009382821074260342,0.0
missing__protein_npx__Q9UNU6,0.009378655303796777,0.0
missing__peptide_count__Q9UNU6,0.009378655303796777,0.0
missing__peptide_mean__Q9UNU6,0.009378655303796777,0.0
rollmean2__peptide_mean__P00738,0.009377024337105187,0.0
protein_npx__P08133,0.009372719021804,0.0
rollmean2__peptide_mean__P01019,0.009371939782232329,0.0
lag1__peptide_mean__P35542,0.00936185672471589,0.0
delta1__peptide_mean__P07858,0.009353666626372357,0.0
rollmean2__peptide_count__Q14118,0.009336764698411161,0.0
delta1__peptide_count__P05060,0.009335428912298122,0.0
slope1__peptide_mean__O00584,0.009327425599659663,0.0
rollmean2__peptide_count__P01877,0.00931152562332412,0.0
delta1__peptide_count__P25311,0.009310511717958669,0.0
lag1__peptide_std__P55290,0.00931019364556857,0.0
rollmean2__protein_npx__P35542,0.009308302271671579,0.0
slope1__peptide_std__Q96PD5,0.009295287465979648,0.0
delta1__peptide_mean__P02747,0.009292565087758256,0.0
rollmean2__peptide_std__P05090,0.009291607126997267,0.0
rollmean2__protein_npx__Q15904,0.009284060934025567,0.0
rollmean2__peptide_std__P10909,0.009283799727308913,0.0
lag1__peptide_mean__P02751,0.009280276831786111,0.0
slope1__peptide_std__P08603,0.009266434066697573,0.0
rollmean2__protein_npx__P02750,0.009261452034518744,0.0
rollmean2__peptide_std__P02679,0.00925882100189723,0.0
delta1__peptide_std__P05156,0.009257968246922859,0.0
rollmean2__protein_npx__P01594,0.009255726141207283,0.0
slope1__protein_npx__Q9HDC9,0.009251781150625244,0.0
lag1__peptide_std__P39060,0.009250835131608631,0.0
slope1__peptide_mean__P04004,0.009250542687177923,0.0
slope1__peptide_mean__Q96PD5,0.009231469289725899,0.0
delta1__peptide_count__P01834,0.009230936463646007,0.0
rollmean2__peptide_log__SGEATDGARPQALPEPMQESK,0.009230625210433942,0.0
rollmean2__peptide_mean__P14314,0.009224298269682981,0.0
rollmean2__protein_npx__P05452,0.009224246345784155,0.0
peptide_std__P55290,0.009221140596693416,0.0
rollmean2__protein_npx__Q14508,0.00922024243453004,0.0
rollmean2__peptide_std__P09486,0.009219922237667837,0.0
lag1__peptide_log__C(UniMod_4)REILSVDC(UniMod_4)STNNPSQAK,0.009217170044034863,0.0
peptide_std__O75144,0.009216477946617981,0.0
lag1__peptide_mean__P10909,0.009213401028678828,0.0
rollmean2__protein_npx__P08637,0.009209640576128058,0.0
peptide_mean__P49908,0.009208788129216215,0.0
rollmean2__protein_npx__P01717,0.009207459568231689,0.0
lag1__peptide_mean__O15394,0.009197958053836724,0.0
peptide_mean__P01344,0.009197111934027552,0.0
delta1__protein_npx__P02774,0.00919467456912276,0.0
lag1__peptide_count__Q14624,0.009191015440332304,0.0
slope1__peptide_std__P10909,0.009184731385231026,0.0
peptide_log__AEAQEAEDQQAR,0.009183523211756328,0.0
lag1__peptide_std__P01859,0.009177109347764821,0.0
lag1__protein_npx__Q6UXB8,0.009175478258826626,0.0
peptide_mean__Q8NBJ4,0.009170382042882477,0.0
rollmean2__peptide_mean__P05408,0.00916267522211137,0.0
slope1__protein_npx__Q08380,0.009161548513469417,0.0
rollmean2__peptide_std__P00734,0.00915789819233725,0.0
peptide_log__AVLPTGDVIGDSAK,0.0091522292221121,0.0
missing__peptide_std__P05546,0.00914853370466104,0.0
peptide_mean__P02652,0.00913794298072215,0.0
delta1__peptide_count__O00584,0.009135276613794093,0.0
peptide_count__P01834,0.00913365910540633,0.0
protein_npx__P00736,0.009133038366536733,0.0
slope1__peptide_count__P02679,0.009127708985868234,0.0
slope1__peptide_std__O00584,0.009119024718003431,0.0
lag1__peptide_count__P02787,0.009117639977931687,0.0
protein_npx__P02675,0.009116914469015682,0.0
slope1__peptide_mean__P01860,0.009113654713464966,0.0
rollmean2__peptide_count__O75144,0.00911180682326961,0.0
lag1__protein_npx__P61916,0.009105055467472607,0.0
slope1__peptide_log__MASGAANVVGPK,0.009100137703828677,0.0
lag1__peptide_std__P06396,0.009088727059722445,0.0
delta1__peptide_mean__Q13449,0.009088416035293772,0.0
delta1__protein_npx__O43505,0.009083555228672267,0.0
protein_npx__Q92520,0.009073902748787445,0.0
rollmean2__protein_npx__P20774,0.009073738129559743,0.0
slope1__peptide_log__M(UniMod_35)ASGAANVVGPK,0.009073267450243767,0.0
lag1__protein_npx__Q13451,0.009073081991664416,0.0
rollmean2__peptide_log__SPVGVQPILNEHTFC(UniMod_4)AGMSK,0.009069930587002069,0.0
peptide_count__P61769,0.009069030538253057,0.0
rollmean2__protein_npx__P13671,0.009055834541554352,0.0
rollmean2__peptide_std__P36955,0.009053818862305442,0.0
protein_npx__P07225,0.00905247643017714,0.0
protein_npx__Q9UBX5,0.009044613740963544,0.0
delta1__protein_npx__P14174,0.009041957686389383,0.0
slope1__peptide_std__Q92520,0.009041082309736773,0.0
delta1__protein_npx__P00450,0.0090270684124221,0.0
rollmean2__peptide_std__P02652,0.009026506281664208,0.0
lag1__protein_npx__P20774,0.009025182267641091,0.0
lag1__protein_npx__P05060,0.00900671566750681,0.0
slope1__protein_npx__P05067,0.00900085575725755,0.0
lag1__peptide_count__Q9UBX5,0.008999186704067129,0.0
slope1__peptide_count__P05060,0.008998396398486479,0.0
slope1__peptide_mean__P01042,0.008988293513528558,0.0
slope1__protein_npx__P19652,0.008982577213826988,0.0
lag1__peptide_mean__P17174,0.008980733221036805,0.0
delta1__peptide_std__P02675,0.00897848749222791,0.0
delta1__protein_npx__P01009,0.008972979466396044,0.0
lag1__protein_npx__P14314,0.008972648819645901,0.0
protein_npx__P61916,0.008967824347576672,0.0
delta1__peptide_count__P08294,0.00895552154598238,0.0
lag1__peptide_log__DASGVTFTWTPSSGK,0.008953457263205941,0.0
rollmean2__peptide_mean__P07339,0.00895315683494979,0.0
lag1__peptide_mean__P04217,0.008951256243694012,0.0
protein_npx__P60174,0.008944751135037796,0.0
slope1__months_since_prev_visit,0.008943228027440556,0.0
slope1__peptide_mean__P08603,0.008941571384995245,0.0
delta1__peptide_count__Q14624,0.008932745902958325,0.0
delta1__protein_npx__Q6UXB8,0.0089285450357523,0.0
rollmean2__protein_npx__P00751,0.008927604448871435,0.0
slope1__peptide_log__QNC(UniMod_4)ELFEQLGEYK,0.008923853282168373,0.0
slope1__protein_npx__Q9UBX5,0.008918198288705041,0.0
lag1__protein_npx__Q14515,0.008916959275948932,0.0
lag1__peptide_std__P01042,0.008914510621069224,0.0
lag1__peptide_mean__P00441,0.008913836122584201,0.0
delta1__protein_npx__P11142,0.00891086006282024,0.0
slope1__peptide_log__VQAAVGTSAAPVPSDNH,0.008903218969733116,0.0
delta1__protein_npx__P02652,0.00888851550930628,0.0
lag1__protein_npx__P51884,0.008887652470563383,0.0
protein_npx__P49908,0.008884957512060195,0.0
rollmean2__peptide_log__QKVEPLRAELQEGAR,0.00888388084504238,0.0
slope1__peptide_count__O00584,0.008879801278085369,0.0
rollmean2__peptide_std__P19823,0.008878388595666175,0.0
slope1__peptide_count__P00751,0.008871162170957224,0.0
rollmean2__peptide_mean__P08294,0.008869043308160286,0.0
delta1__peptide_mean__Q96S96,0.008862328130296764,0.0
slope1__protein_npx__P07195,0.008862240140627172,0.0
delta1__peptide_mean__P08294,0.008858186175735437,0.0
slope1__peptide_log__VDNALQSGNSQESVTEQDSKDSTYSLSSTLTLSK,0.008857865860765238,0.0
peptide_mean__P04433,0.008855633256767812,0.0
slope1__protein_npx__P17174,0.00885366810047985,0.0
lag1__peptide_log__SGELEQEEER,0.008841246093063745,0.0
lag1__peptide_log__AEAQEAEDQQAR,0.008840008663702135,0.0
protein_npx__P02763,0.008826679299243372,0.0
peptide_std__P02675,0.008821192003117467,0.0
delta1__peptide_count__P04196,0.008817882049830222,0.0
slope1__peptide_mean__Q9UBX5,0.008809814983069613,0.0
delta1__protein_npx__P13473,0.008808293058983554,0.0
delta1__peptide_mean__P07711,0.008801959206874812,0.0
lag1__peptide_count__P02763,0.008798170614905516,0.0
rollmean2__peptide_std__Q9UBX5,0.008790673300989574,0.0
delta1__peptide_log__C(UniMod_4)C(UniMod_4)VEC(UniMod_4)PPC(UniMod_4)PAPPVAGPSVFLFPPKPK,0.00878219903486734,0.0
delta1__peptide_count__P41222,0.00878102230656301,0.0
rollmean2__protein_npx__P01876,0.008770997887981911,0.0
rollmean2__peptide_count__P07225,0.008766814437839754,0.0
slope1__peptide_log__FNKPFVFLM(UniMod_35)IEQNTK,0.008757962650169392,0.0
delta1__protein_npx__P13521,0.008755147638301961,0.0
lag1__peptide_count__P16035,0.008753189372774478,0.0
lag1__peptide_log__C(UniMod_4)VDVDEC(UniMod_4)APPAEPC(UniMod_4)GK,0.008752578272897322,0.0
rollmean2__peptide_std__P00747,0.008749867786579145,0.0
lag1__protein_npx__Q9HDC9,0.008744523425890091,0.0
lag1__peptide_log__LRTEGDGVYTLNNEK,0.008738585222512155,0.0
rollmean2__peptide_std__P07602,0.00873831038439004,0.0
slope1__protein_npx__P23083,0.008732553224819585,0.0
lag1__peptide_mean__Q6UXB8,0.008724838135635446,0.0
lag1__peptide_mean__P12109,0.008724023835270427,0.0
slope1__peptide_count__P02766,0.008723067518494427,0.0
lag1__peptide_log__TM(UniMod_35)LLQPAGSLGSYSYR,0.00871462519028523,0.0
rollmean2__peptide_log__VGYVSGWGR,0.008713523558531146,0.0
delta1__protein_npx__P17174,0.008700129508322123,0.0
protein_npx__P04004,0.008688828483274192,0.0
lag1__peptide_mean__P55290,0.008686996755304354,0.0
slope1__peptide_log__TSAHGNVAEGETKPDPDVTER,0.008677385047729852,0.0
missing__peptide_std__P00441,0.00867651400188981,0.0
lag1__peptide_mean__P02748,0.00867398422087077,0.0
rollmean2__peptide_std__P00441,0.008671552779027238,0.0
delta1__peptide_missing_fraction,0.008671450699258424,0.0
delta1__peptide_feature_count,0.008671450699258407,0.0
delta1__peptide_mean__P04156,0.00866938319366681,0.0
lag1__peptide_log__SWFEPLVEDM(UniMod_35)QR,0.00866441729307049,0.0
protein_npx__Q16270,0.008661400540110456,0.0
peptide_mean__Q9UNU6,0.008659842224005036,0.0
lag1__protein_npx__P01780,0.008657523736676253,0.0
slope1__protein_npx__P02751,0.00865641074730468,0.0
slope1__protein_npx__P02652,0.008655167792571866,0.0
lag1__peptide_mean__P01011,0.00865204144068511,0.0
lag1__peptide_mean__P04433,0.008649957994304909,0.0
missing__peptide_std__P55290,0.008646860024909074,0.0
lag1__protein_npx__P43652,0.008639486448901858,0.0
missing__peptide_mean__Q99674,0.00863906489575034,0.0
missing__peptide_count__Q99674,0.00863906489575034,0.0
missing__protein_npx__Q99674,0.00863906489575034,0.0
delta1__peptide_mean__P09486,0.008636723986057056,0.0
slope1__protein_npx__P32754,0.008635448191942188,0.0
slope1__peptide_mean__P61769,0.008623299591430234,0.0
rollmean2__peptide_mean__P08571,0.008621543626572312,0.0
missing__protein_npx__Q9Y646,0.00862100345903203,0.0
missing__peptide_count__Q9Y646,0.00862100345903203,0.0
missing__peptide_mean__Q9Y646,0.00862100345903203,0.0
lag1__peptide_mean__P01780,0.00861265022024083,0.0
missing__peptide_mean__P08493,0.00860736206856248,0.0
missing__protein_npx__P08493,0.00860736206856248,0.0
missing__peptide_count__P08493,0.00860736206856248,0.0
protein_npx__P20774,0.008598983757181383,0.0
slope1__protein_npx__P08493,0.008598173668379479,0.0
delta1__peptide_mean__Q99683,0.008592025165652231,0.0
delta1__protein_npx__P01011,0.008582079136700017,0.0
lag1__peptide_count__P08697,0.008568588268489783,0.0
lag1__protein_npx__O15240,0.008566258032089692,0.0
peptide_count__P01877,0.008560876039997433,0.0
slope1__peptide_mean__P17936,0.008557959281207523,0.0
lag1__peptide_count__P19823,0.00855192501643737,0.0
rollmean2__protein_npx__P08123,0.00855024697093215,0.0
lag1__peptide_mean__P05452,0.008550108498808244,0.0
delta1__peptide_log__ANRPFLVFIR,0.008549071403790175,0.0
lag1__peptide_count__O14773,0.008542090146348423,0.0
rollmean2__peptide_count__P61916,0.008539553096026067,0.0
slope1__peptide_std__P43652,0.008526697522076175,0.0
peptide_count__P36955,0.00852466673528436,0.0
missing__peptide_count__Q14118,0.008522316852963976,0.0
missing__protein_npx__Q14118,0.008522316852963976,0.0
missing__peptide_mean__Q14118,0.008522316852963976,0.0
delta1__protein_npx__P04406,0.008520694058425739,0.0
slope1__protein_npx__P01591,0.008519519277184381,0.0
missing__peptide_log__SFNRGEC(UniMod_4),0.008515610807604615,0.0
slope1__protein_npx__P24592,0.008513469043823147,0.0
delta1__peptide_count__Q12907,0.0085103215267725,0.0
peptide_mean__Q16270,0.008507609251593206,0.0
missing__peptide_std__P05156,0.008505648752208723,0.0
slope1__peptide_mean__Q9UBR2,0.008496895975080692,0.0
slope1__peptide_mean__Q7Z3B1,0.008496119022414298,0.0
rollmean2__protein_npx__P43652,0.008488869046721371,0.0
rollmean2__peptide_mean__P30086,0.00847398866507228,0.0
rollmean2__peptide_count__P16870,0.008465706741118306,0.0
slope1__peptide_count__P02656,0.008456561154396615,0.0
rollmean2__protein_npx__P39060,0.008455146010015022,0.0
protein_npx__Q14508,0.008454653239414809,0.0
rollmean2__peptide_mean__P02748,0.008452438459097779,0.0
peptide_mean__P01861,0.00844867514246337,0.0
peptide_log__TTPPVLDSDGSFFLYSR,0.00844867514246337,0.0
delta1__protein_npx__P02655,0.00842661236249595,0.0
lag1__peptide_log__M(UniMod_35)YLGYEYVTAIR,0.008426441873409506,0.0
slope1__peptide_log__SFNRGEC(UniMod_4),0.008420884048833812,0.0
slope1__peptide_mean__P02749,0.008415191478979608,0.0
delta1__peptide_count__Q96KN2,0.008414650082331518,0.0
peptide_std__P02750,0.0084135452682887,0.0
peptide_log__GYQLSDVDGVTC(UniMod_4)EDIDEC(UniMod_4)ALPTGGHIC(UniMod_4)SYR,0.008410957593314174,0.0
lag1__protein_npx__Q15904,0.008408578163625112,0.0
peptide_count__P36222,0.008408341353594074,0.0
peptide_mean__P14314,0.008393545632918045,0.0
peptide_log__DASGVTFTWTPSSGK,0.008392556072636545,0.0
lag1__protein_npx__P04216,0.008390148467288932,0.0
slope1__protein_npx__P06396,0.008388651275950006,0.0
delta1__protein_npx__P02671,0.008376552753637826,0.0
protein_npx__O94919,0.0083752655330405,0.0
peptide_std__P07339,0.008373261642836912,0.0
rollmean2__peptide_count__P23142,0.008370095408779381,0.0
delta1__peptide_mean__P04275,0.008366436929838725,0.0
rollmean2__peptide_abundance_std,0.008366045284698673,0.0
delta1__protein_npx__Q9UHG2,0.008362319236501966,0.0
slope1__protein_npx__P02649,0.008361522844427918,0.0
delta1__protein_npx__Q8NE71,0.008361220421090661,0.0
lag1__peptide_count__Q96PD5,0.008356937698296034,0.0
slope1__peptide_log__TPLGDTTHTC(UniMod_4)PR,0.00834709175865656,0.0
protein_npx__P17174,0.008346636553820019,0.0
protein_npx__P13473,0.00834603174818562,0.0
rollmean2__protein_npx__P18065,0.008345469319551454,0.0
delta1__peptide_count__Q9UBX5,0.008341952006832078,0.0
peptide_mean__P13473,0.008341030185206731,0.0
lag1__peptide_count__P01876,0.008337726245366932,0.0
delta1__peptide_std__Q16270,0.008324581681775278,0.0
slope1__peptide_mean__P10909,0.008324508540837255,0.0
delta1__peptide_std__P04433,0.008320533770480103,0.0
delta1__peptide_mean__P13473,0.008315641703740554,0.0
slope1__protein_npx__P02748,0.0083128005175846,0.0
slope1__has_previous_visit,0.00831276657486842,0.0
delta1__peptide_count__O14773,0.0083111669572683,0.0
protein_npx__Q12841,0.008308078784378984,0.0
protein_npx__P02748,0.008305901405800557,0.0
protein_npx__P04196,0.008304388172176092,0.0
lag1__peptide_std__P02747,0.00830277759503565,0.0
peptide_count__P02774,0.008296852702816047,0.0
rollmean2__peptide_log__HGGLYHENMR,0.008296722223390104,0.0
slope1__protein_npx__P04211,0.008289402865543635,0.0
lag1__peptide_std__P05060,0.008281489527878652,0.0
delta1__protein_npx__P01857,0.008280926760163274,0.0
delta1__protein_npx__O75144,0.008272105775924849,0.0
peptide_mean__P17174,0.008269032544401981,0.0
delta1__peptide_count__P00747,0.008268950993218999,0.0
peptide_count__P10645,0.008268293480353746,0.0
delta1__peptide_std__Q12805,0.008267505609412336,0.0
peptide_std__P10909,0.008263224983869638,0.0
slope1__peptide_mean__Q99969,0.008262466825311704,0.0
lag1__peptide_log__SNSSM(UniMod_35)HITDC(UniMod_4)R,0.008257151304804493,0.0
rollmean2__peptide_mean__P61769,0.008250301175149858,0.0
delta1__peptide_log__HYTNPSQDVTVPC(UniMod_4)PVPPPPPC(UniMod_4)C(UniMod_4)HPR,0.008250195624747145,0.0
delta1__protein_npx__P04156,0.008249526245773742,0.0
rollmean2__peptide_count__P06396,0.008243501335955736,0.0
lag1__protein_npx__P08493,0.008242161556551589,0.0
lag1__protein_npx__P08637,0.008239082884387891,0.0
peptide_mean__P02792,0.008229541068889219,0.0
rollmean2__protein_npx__P61916,0.008223493548023956,0.0
slope1__protein_npx__P10909,0.008222096462676541,0.0
lag1__peptide_std__P01009,0.00822083139905702,0.0
peptide_log__VQPYLDDFQKK,0.008215405765340697,0.0
peptide_count__P08603,0.008212385116707714,0.0
slope1__protein_npx__Q13283,0.00821169814459648,0.0
slope1__peptide_log__AYQGVAAPFPK,0.008206896288137717,0.0
lag1__protein_npx__Q13449,0.008204035175558285,0.0
rollmean2__protein_npx__P25311,0.00819597925711706,0.0
missing__peptide_std__Q96PD5,0.008195230816459847,0.0
peptide_mean__P01876,0.00818179881406724,0.0
peptide_mean__P02760,0.008179570684238321,0.0
delta1__peptide_log__SSQGGSLPSEEK,0.008170777098847773,0.0
lag1__peptide_log__NPDPWAK,0.008168237657058644,0.0
missing__peptide_count__Q99969,0.008160110839620269,0.0
missing__protein_npx__Q99969,0.008160110839620269,0.0
missing__peptide_mean__Q99969,0.008160110839620269,0.0
lag1__peptide_std__P08603,0.008152470509071643,0.0
lag1__peptide_log__SEALAVDGAGKPGAEEAQDPEGK,0.008150066242740093,0.0
protein_npx__P02671,0.008139218081527863,0.0
peptide_mean__P04196,0.008135819850335707,0.0
rollmean2__peptide_count__P00734,0.008134739218143602,0.0
delta1__peptide_mean__P02671,0.008132227516572945,0.0
delta1__peptide_log__HGGLYHENMR,0.008132193873916543,0.0
slope1__peptide_log__HYEGSTVPEK,0.008130680492790178,0.0
lag1__peptide_mean__Q14624,0.008127592644546695,0.0
slope1__peptide_std__Q9UHG2,0.008123367160001234,0.0
delta1__peptide_mean__P02774,0.008122915297059028,0.0
delta1__peptide_log__ILLQGTPVAQMTEDAVDAER,0.008115626307667585,0.0
slope1__protein_npx__P43652,0.008113176213743927,0.0
rollmean2__protein_npx__P00441,0.00809928820281102,0.0
slope1__protein_npx__O15240,0.008092761685784215,0.0
slope1__peptide_log__GEVQAMLGQSTEELRVR,0.008092599792370946,0.0
rollmean2__peptide_mean__P14174,0.008091028771534262,0.0
peptide_count__P02656,0.008085824095162014,0.0
slope1__peptide_log__ELSSFIDKGQELC(UniMod_4)ADYSENTFTEYK,0.008076840491590132,0.0
rollmean2__peptide_mean__P19827,0.008074673325653458,0.0
lag1__peptide_std__P05155,0.008074578416260702,0.0
slope1__peptide_mean__P35542,0.008072579636213932,0.0
peptide_mean__P14618,0.008065615203857,0.0
slope1__peptide_count__P02751,0.00804562197054259,0.0
peptide_mean__P02656,0.00804353034433101,0.0
peptide_log__QNC(UniMod_4)ELFEQLGEYK,0.00804316779419364,0.0
rollmean2__protein_npx__Q96BZ4,0.00804206415485865,0.0
peptide_log__GEVQAMLGQSTEELR,0.008038317494426487,0.0
lag1__protein_npx__P08294,0.008026619195121704,0.0
slope1__peptide_count__Q92823,0.008025468957452306,0.0
delta1__peptide_mean__Q15904,0.008024703487337049,0.0
delta1__peptide_std__P01834,0.008021378801093123,0.0
delta1__protein_npx__O14773,0.008009604219181718,0.0
delta1__peptide_count__P19652,0.008009320258642184,0.0
slope1__peptide_mean__P01857,0.008005926463387339,0.0
peptide_mean__Q99832,0.007991374829546873,0.0
delta1__protein_npx__P02656,0.007990864002838821,0.0
peptide_count__P01859,0.007983543444472009,0.0
delta1__peptide_mean__Q9UBR2,0.007982540348675887,0.0
delta1__protein_npx__P01019,0.007974877647037214,0.0
delta1__protein_npx__Q9Y646,0.007974859961480465,0.0
slope1__protein_npx__P20933,0.007971741227119317,0.0
delta1__peptide_mean__P01833,0.007968602324665678,0.0
slope1__peptide_log__SEALAVDGAGKPGAEEAQDPEGK,0.00796229868406261,0.0
lag1__protein_npx__P02452,0.007958389220376923,0.0
peptide_mean__P09486,0.007956199272195279,0.0
missing__peptide_count__O14773,0.007952541658059064,0.0
missing__peptide_mean__O14773,0.007952541658059064,0.0
missing__protein_npx__O14773,0.007952541658059064,0.0
delta1__peptide_count__P01008,0.007944838818084407,0.0
delta1__peptide_log__VLLDQLR,0.00792835614480975,0.0
delta1__peptide_mean__Q9HDC9,0.00792835614480975,0.0
lag1__peptide_mean__P07711,0.007927350113292778,0.0
lag1__peptide_log__IHWESASLLR,0.007926362883494822,0.0
peptide_log__VLLDQLR,0.00791342069068496,0.0
peptide_mean__Q9HDC9,0.00791342069068496,0.0
slope1__peptide_log__DASGVTFTWTPSSGK,0.007906512622267752,0.0
peptide_mean__P01859,0.007906079921422579,0.0
slope1__peptide_mean__P98160,0.007899094737178942,0.0
slope1__peptide_std__P36222,0.007898666608990057,0.0
slope1__peptide_mean__P08253,0.007896711582659213,0.0
rollmean2__protein_npx__P04180,0.00788248204184904,0.0
delta1__protein_npx__P61769,0.007878246150904445,0.0
peptide_count__Q9UHG2,0.007874406813384142,0.0
lag1__protein_npx__P04275,0.007872395898557689,0.0
missing__peptide_log__LGADMEDVC(UniMod_4)GR,0.007871164949002082,0.0
lag1__peptide_std__P05090,0.007866222556578668,0.0
lag1__peptide_count__P08493,0.007862298655767866,0.0
peptide_std__P00751,0.007851931691620921,0.0
slope1__peptide_log__SWFEPLVEDM(UniMod_35)QR,0.007847214454933091,0.0
rollmean2__peptide_mean__P05155,0.007844315941307226,0.0
protein_npx__Q6UXB8,0.007844304587407662,0.0
lag1__peptide_log__HYDGSYSTFGER,0.007837691482782592,0.0
delta1__peptide_mean__P01024,0.007837552419838321,0.0
peptide_count__P10643,0.007837325054093075,0.0
rollmean2__peptide_count__P01876,0.007834430137694722,0.0
lag1__protein_npx__P00746,0.007832662626380191,0.0
delta1__protein_npx__Q14118,0.007832552803747662,0.0
slope1__peptide_std__P43121,0.007825807854663297,0.0
delta1__peptide_count__P02766,0.007816828535997378,0.0
missing__protein_npx__P04406,0.007812666792767113,0.0
missing__peptide_mean__P04406,0.007812666792767113,0.0
missing__peptide_count__P04406,0.007812666792767113,0.0
delta1__peptide_mean__Q7Z3B1,0.007799226093520304,0.0
slope1__protein_npx__P14314,0.0077921450705597485,0.0
rollmean2__peptide_count__P24592,0.007769551947783,0.0
protein_npx__P04216,0.007768250146679345,0.0
peptide_count__P02787,0.0077663165295447515,0.0
lag1__peptide_std__P08294,0.0077614986149611275,0.0
delta1__peptide_std__P01042,0.007746640510051037,0.0
delta1__peptide_mean__P43251,0.007723910828657005,0.0
slope1__peptide_mean__Q02818,0.007718015279537059,0.0
slope1__peptide_mean__Q12841,0.007703886921346685,0.0
delta1__peptide_log__AEAQEAEDQQAR,0.00769749074241091,0.0
slope1__peptide_mean__P23083,0.007682559618070154,0.0
rollmean2__protein_npx__P16070,0.007682555218032394,0.0
delta1__peptide_std__P05155,0.007681371983123927,0.0
rollmean2__peptide_mean__Q9NQ79,0.007674325804596542,0.0
rollmean2__peptide_count__P02787,0.007662149192499892,0.0
rollmean2__peptide_mean__P01031,0.00766075943206424,0.0
lag1__peptide_mean__Q9UHG2,0.0076586468754023095,0.0
lag1__peptide_log__LSNENHGIAQR,0.007649820202241201,0.0
rollmean2__peptide_count__P27169,0.007647951694422276,0.0
slope1__peptide_count__Q14515,0.0076475160815371096,0.0
delta1__peptide_mean__O15394,0.007638866854985415,0.0
lag1__peptide_count__P12109,0.007631396081097516,0.0
peptide_mean__P06727,0.00762696774275622,0.0
rollmean2__peptide_count__P02766,0.007624255253425396,0.0
rollmean2__peptide_count__P10645,0.007620644842178878,0.0
slope1__peptide_std__Q92876,0.0076099886858778335,0.0
rollmean2__peptide_std__Q92823,0.007609794192918962,0.0
rollmean2__peptide_count__P01024,0.0076046278331115755,0.0
missing__peptide_mean__P04216,0.0075989345404592415,0.0
missing__protein_npx__P04216,0.0075989345404592415,0.0
missing__peptide_count__P04216,0.0075989345404592415,0.0
peptide_log__IHWESASLLR,0.007586181805813227,0.0
peptide_std__P01008,0.007583454515763121,0.0
delta1__peptide_std__P07711,0.007582484595271987,0.0
lag1__peptide_mean__P32754,0.007576952296353002,0.0
delta1__peptide_count__P02760,0.007568511206611041,0.0
slope1__peptide_mean__P04156,0.007565147926836479,0.0
lag1__peptide_log__GEVQAMLGQSTEELR,0.007552918103939214,0.0
rollmean2__peptide_count__P05060,0.007552826669089544,0.0
delta1__peptide_log__GEVQAMLGQSTEELRVR,0.0075526537849422625,0.0
slope1__protein_npx__Q9NYU2,0.007551112685825023,0.0
delta1__peptide_mean__P01780,0.007544054146628345,0.0
rollmean2__peptide_std__P02774,0.00754369753730754,0.0
slope1__peptide_count__P02749,0.007520741175097119,0.0
delta1__peptide_std__Q06481,0.0075089407008595566,0.0
slope1__peptide_std__Q6UXB8,0.007508363339814622,0.0
rollmean2__protein_npx__P02656,0.0075070063828019075,0.0
missing__peptide_log__NPDPWAK,0.007506470965539421,0.0
protein_npx__P02750,0.007501134924710008,0.0
lag1__protein_npx__P01608,0.007498543719390139,0.0
missing__peptide_log__NFPPSQDASGDLYTTSSQLTLPATQC(UniMod_4)PDGK,0.007497070337118443,0.0
protein_npx__P07998,0.007492553566972059,0.0
slope1__peptide_count__Q92520,0.007490817448805469,0.0
rollmean2__peptide_mean__P00751,0.00748725552142888,0.0
slope1__peptide_count__P01042,0.007475433949342908,0.0
rollmean2__peptide_count__O15394,0.007473180540677825,0.0
lag1__peptide_mean__Q9UKV8,0.007461202789903076,0.0
slope1__peptide_count__P25311,0.007460679179070433,0.0
slope1__peptide_std__Q13740,0.0074550719126513405,0.0
slope1__peptide_mean__P00736,0.007454299869034682,0.0
rollmean2__peptide_log__DASGVTFTWTPSSGK,0.0074510823137336315,0.0
peptide_std__P13611,0.007444132512352066,0.0
peptide_count__P00751,0.0074351749553474315,0.0
rollmean2__protein_npx__P02652,0.007432784001659605,0.0
slope1__peptide_log__KAADDTWEPFASGK,0.007424047948372095,0.0
rollmean2__peptide_mean__P10909,0.007417440155113355,0.0
delta1__peptide_log__VGYVSGWGR,0.007413870306856182,0.0
rollmean2__peptide_count__P05090,0.007408727264941563,0.0
rollmean2__peptide_count__Q92520,0.007408320496294278,0.0
lag1__protein_npx__P01344,0.0074031761704266355,0.0
delta1__peptide_mean__O00533,0.007397541463694636,0.0
rollmean2__peptide_std__O15240,0.007395602503959522,0.0
slope1__peptide_std__P24592,0.0073935008126232915,0.0
slope1__peptide_count__P61769,0.007391382272811578,0.0
delta1__peptide_count__P01009,0.007384707864983574,0.0
delta1__protein_npx__P04075,0.0073813974956939785,0.0
rollmean2__peptide_count__P02751,0.007377870438605526,0.0
slope1__protein_npx__Q6UX71,0.007373456228058677,0.0
rollmean2__protein_npx__P04216,0.00736747879681468,0.0
peptide_log__NFPPSQDASGDLYTTSSQLTLPATQC(UniMod_4)LAGK,0.007359708671257019,0.0
delta1__protein_npx__P39060,0.007358566494000991,0.0
rollmean2__protein_npx__Q14624,0.007334128514106433,0.0
delta1__protein_npx__Q6UX71,0.00733257821189369,0.0
peptide_mean__Q99969,0.007307852626076512,0.0
delta1__protein_npx__P02792,0.00730267479487642,0.0
slope1__peptide_mean__P36222,0.007294393107793134,0.0
slope1__peptide_std__P55290,0.007293430567719248,0.0
lag1__protein_npx__P06310,0.007286870477810199,0.0
rollmean2__peptide_mean__P13611,0.00727892773946248,0.0
slope1__peptide_mean__P01833,0.0072788108274884035,0.0
rollmean2__peptide_mean__P06396,0.007278122871055311,0.0
rollmean2__protein_npx__P32754,0.007273909589255983,0.0
delta1__peptide_abundance_mean,0.007263793148201506,0.0
slope1__peptide_log__LVGGPM(UniMod_35)DASVEEEGVRR,0.007261951318704514,0.0
delta1__peptide_mean__Q6UXD5,0.007260640572006349,0.0
delta1__peptide_std__P05060,0.0072561298240648685,0.0
delta1__protein_npx__P17936,0.007253732429089353,0.0
delta1__peptide_count__Q12805,0.007245395969565412,0.0
rollmean2__peptide_count__Q92823,0.007242538039113499,0.0
lag1__peptide_mean__O43505,0.007238487398995458,0.0
slope1__protein_npx__P19823,0.007237222766800034,0.0
slope1__peptide_std__P05155,0.007228499827474289,0.0
rollmean2__peptide_mean__P04196,0.0072229622093638295,0.0
missing__peptide_std__Q14624,0.007221267388656677,0.0
rollmean2__peptide_mean__Q08380,0.007217284054643279,0.0
rollmean2__peptide_mean__P02671,0.00721315474688844,0.0
lag1__peptide_mean__P41222,0.007205961849388706,0.0
delta1__peptide_log__SGELEQEEER,0.007204742744748666,0.0
missing__peptide_std__O15394,0.007188783136429936,0.0
slope1__peptide_std__P13987,0.0071816974142405125,0.0
rollmean2__peptide_log__AYQGVAAPFPK,0.0071756203969579775,0.0
delta1__protein_npx__P02787,0.00717327573748081,0.0
lag1__peptide_std__P04217,0.007171979701340659,0.0
rollmean2__peptide_mean__P07998,0.007171541083501779,0.0
lag1__peptide_mean__P01023,0.007165654862331687,0.0
peptide_std__P01042,0.007163830705951339,0.0
slope1__peptide_mean__Q99832,0.007163409118958098,0.0
delta1__protein_npx__P06454,0.007162019851272694,0.0
peptide_mean__P13591,0.007160584211720392,0.0
lag1__protein_npx__P16070,0.0071605647000220546,0.0
delta1__peptide_std__P00738,0.007156463303265493,0.0
peptide_mean__P25311,0.0071475381228942765,0.0
delta1__peptide_mean__Q02818,0.007146768376442553,0.0
slope1__peptide_mean__Q92876,0.007141968933377918,0.0
rollmean2__protein_npx__Q9UHG2,0.007140813939372897,0.0
rollmean2__peptide_mean__P02768,0.007139124219930205,0.0
lag1__peptide_mean__Q13449,0.007138528114010895,0.0
slope1__peptide_std__P08697,0.007137501060540946,0.0
protein_npx__O15240,0.007135388720291016,0.0
protein_npx__P14174,0.00713342619191469,0.0
rollmean2__protein_npx__P14314,0.00712446000894108,0.0
rollmean2__protein_npx__P01834,0.007117614569876711,0.0
slope1__peptide_mean__Q99674,0.00711055702389614,0.0
rollmean2__peptide_mean__P16035,0.0070940224513841,0.0
rollmean2__peptide_mean__P25311,0.007085388158013328,0.0
delta1__peptide_mean__Q14508,0.0070839459832222436,0.0
slope1__peptide_mean__P02748,0.007079299404888927,0.0
slope1__peptide_mean__P06454,0.007076718973253622,0.0
peptide_std__P01834,0.0070722320895462674,0.0
protein_npx__P49588,0.007067829928834701,0.0
slope1__protein_npx__P01024,0.007056858427286277,0.0
rollmean2__protein_npx__P05060,0.007052707870634163,0.0
missing__peptide_count__P23083,0.007051610703747578,0.0
missing__peptide_mean__P23083,0.007051610703747578,0.0
missing__protein_npx__P23083,0.007051610703747578,0.0
missing__peptide_mean__P01033,0.00704884235434717,0.0
missing__protein_npx__P01033,0.00704884235434717,0.0
missing__peptide_count__P01033,0.00704884235434717,0.0
slope1__protein_npx__P01834,0.007048443042583204,0.0
delta1__peptide_std__P00450,0.007048304965923819,0.0
slope1__peptide_mean__P06727,0.007043348694313903,0.0
lag1__peptide_log__LSSWVLLM(UniMod_35)K,0.007042263021540807,0.0
lag1__peptide_mean__P02671,0.007036979549116404,0.0
lag1__peptide_count__Q92823,0.007036814605935415,0.0
lag1__protein_npx__Q16610,0.007025380012784549,0.0
rollmean2__peptide_count__P02774,0.007015199256123084,0.0
lag1__peptide_mean__Q12907,0.007013520790651013,0.0
protein_npx__P27169,0.007012590982243971,0.0
slope1__protein_npx__P11142,0.007004073244453626,0.0
delta1__protein_npx__P01591,0.007004052808314947,0.0
delta1__peptide_mean__P43121,0.0070020453818712735,0.0
peptide_mean__Q6UXD5,0.007001295094094425,0.0
delta1__peptide_count__P10643,0.006985615169298231,0.0
rollmean2__peptide_count__P02656,0.006981688744766077,0.0
peptide_mean__P10451,0.006979374986848926,0.0
rollmean2__peptide_count__P02679,0.0069695755897662085,0.0
missing__peptide_std__P61769,0.006965054826409309,0.0
delta1__peptide_count__P51884,0.00696232879018869,0.0
slope1__peptide_mean__Q9Y646,0.006958996104812343,0.0
slope1__peptide_std__P02647,0.006955647933583827,0.0
delta1__protein_npx__Q99683,0.006955062582993429,0.0
missing__peptide_std__Q9Y6R7,0.006951015198700039,0.0
peptide_mean__O43505,0.006932622165701086,0.0
rollmean2__peptide_mean__P09486,0.00692347707950059,0.0
missing__peptide_log__DLATVYVDVLK,0.006920997573431004,0.0
delta1__peptide_mean__P13591,0.006918797501754822,0.0
rollmean2__peptide_count__Q6UXB8,0.006908319974438224,0.0
missing__peptide_mean__Q15904,0.006904608053145314,0.0
missing__protein_npx__Q15904,0.006904608053145314,0.0
missing__peptide_count__Q15904,0.006904608053145314,0.0
lag1__peptide_log__ALGISPFHEHAEVVFTANDSGPR,0.0068968476985690735,0.0
slope1__protein_npx__P06727,0.006893261820640483,0.0
slope1__peptide_mean__P01011,0.006890941938368916,0.0
peptide_mean__P00748,0.006881755706339178,0.0
slope1__protein_npx__P01009,0.006881353845799387,0.0
rollmean2__peptide_mean__P01859,0.006880465700667158,0.0
delta1__peptide_log__C(UniMod_4)SYTEDAQC(UniMod_4)IDGTIEVPK,0.006879395868633706,0.0
protein_npx__P05060,0.006878491849429187,0.0
rollmean2__peptide_std__P08571,0.006869903032931145,0.0
lag1__protein_npx__P02655,0.006867319159615635,0.0
slope1__peptide_mean__Q15904,0.006865659997065333,0.0
delta1__peptide_log__SLAELGGHLDQQVEEFRR,0.006861943906696066,0.0
delta1__protein_npx__P02679,0.006857515095208637,0.0
lag1__peptide_count__P39060,0.0068559485930498884,0.0
lag1__protein_npx__P35542,0.006855129858692868,0.0
slope1__protein_npx__P02656,0.006845362458147846,0.0
lag1__peptide_log__TKEEYGHSEVVEYYC(UniMod_4)NPR,0.006842551134860242,0.0
lag1__peptide_log__VKDLATVYVDVLK,0.006837377806425701,0.0
lag1__peptide_mean__P02768,0.006837040489734835,0.0
slope1__peptide_log__QWAGLVEK,0.006830256566681638,0.0
missing__peptide_log__TTPPVLDSDGSFFLYSK,0.006826701907724784,0.0
delta1__peptide_std__P01860,0.00681293148910726,0.0
delta1__peptide_mean__P36955,0.0068096962857397995,0.0
peptide_log__AATGEC(UniMod_4)TATVGKR,0.00680888456619995,0.0
rollmean2__protein_npx__P49908,0.006808637320152461,0.0
slope1__peptide_count__P43121,0.006804567146223159,0.0
delta1__peptide_count__P05546,0.006804289051133119,0.0
delta1__protein_npx__Q15904,0.0067988473452504725,0.0
lag1__protein_npx__P02647,0.006795730289588921,0.0
slope1__protein_npx__P51884,0.006793920207537278,0.0
slope1__peptide_log__GC(UniMod_4)PTEEGC(UniMod_4)GER,0.006772012397842266,0.0
protein_npx__P18065,0.0067676856852345695,0.0
rollmean2__peptide_mean__P01023,0.006764462373610856,0.0
rollmean2__peptide_mean__P00441,0.0067618640392931185,0.0
rollmean2__peptide_mean__P05546,0.006756079545689601,0.0
delta1__peptide_mean__P00450,0.006753282127499709,0.0
rollmean2__peptide_std__P02766,0.006749382103897184,0.0
lag1__peptide_mean__P49908,0.006743784644857028,0.0
slope1__protein_npx__P02750,0.0067419434862764,0.0
delta1__protein_npx__P01042,0.006729759940440241,0.0
missing__peptide_count__Q9NQ79,0.006725993470620717,0.0
missing__peptide_mean__Q9NQ79,0.006725993470620717,0.0
missing__protein_npx__Q9NQ79,0.006725993470620717,0.0
slope1__peptide_std__O75144,0.006723420876132611,0.0
slope1__peptide_mean__P40925,0.006717969985812911,0.0
protein_npx__Q08380,0.006715451190832464,0.0
slope1__peptide_std__P01859,0.006715056732999965,0.0
lag1__peptide_log__VLLDQLR,0.006714698114672179,0.0
lag1__peptide_mean__Q9HDC9,0.006714698114672179,0.0
lag1__peptide_count__P01024,0.006711888530146364,0.0
slope1__peptide_log__FLATTPNSLLVSWQPPR,0.006710192919594841,0.0
delta1__peptide_log__C(UniMod_4)REILSVDC(UniMod_4)STNNPSQAK,0.006708590347544116,0.0
peptide_std__P05546,0.0066994947348916235,0.0
slope1__peptide_abundance_std,0.006696834047737815,0.0
rollmean2__protein_npx__P04275,0.006696569784197029,0.0
lag1__peptide_mean__Q9Y6R7,0.006695632483131942,0.0
slope1__protein_npx__Q14508,0.0066919750274363355,0.0
peptide_mean__Q08380,0.006690525465310753,0.0
peptide_mean__P13521,0.006689591262133166,0.0
peptide_mean__P10909,0.006685451347599637,0.0
peptide_std__P02671,0.006683888701313179,0.0
slope1__peptide_mean__Q7Z5P9,0.006683338300009517,0.0
slope1__peptide_log__M(UniMod_35)YLGYEYVTAIR,0.006681689336487693,0.0
rollmean2__peptide_mean__P43652,0.006678216372700979,0.0
slope1__peptide_mean__P02671,0.006663251278240316,0.0
delta1__protein_npx__P41222,0.006657001265637318,0.0
missing__peptide_mean__P19021,0.006649283880825439,0.0
missing__protein_npx__P19021,0.006649283880825439,0.0
missing__peptide_count__P19021,0.006649283880825439,0.0
peptide_count__P01024,0.006640838276595626,0.0
peptide_std__P00747,0.006636805692646717,0.0
delta1__protein_npx__Q96KN2,0.006636676906939435,0.0
slope1__peptide_mean__P02760,0.006612345472444568,0.0
delta1__peptide_mean__P05452,0.006612012737444834,0.0
slope1__protein_npx__P02747,0.006610385495078965,0.0
rollmean2__protein_npx__Q99435,0.006608056420910716,0.0
slope1__peptide_std__P17174,0.006606669934866319,0.0
slope1__peptide_count__P07711,0.006602134730787961,0.0
lag1__peptide_count__Q16610,0.006600621428574593,0.0
slope1__peptide_mean__Q9NYU2,0.006599450558977403,0.0
delta1__peptide_count__P16070,0.006591282826350855,0.0
lag1__peptide_abundance_mean,0.006588642774429501,0.0
delta1__peptide_count__Q06481,0.006579221892881497,0.0
slope1__peptide_mean__P27169,0.006556978634184735,0.0
lag1__peptide_log__LRTEGDGVYTLNNEKQWINK,0.006556561576186462,0.0
peptide_mean__P01024,0.006555605774186284,0.0
slope1__peptide_mean__P19652,0.006555402780166046,0.0
lag1__peptide_count__Q08380,0.0065533708721152465,0.0
peptide_log__LFDSDPITVTVPVEVSR,0.006551616239673546,0.0
slope1__peptide_std__Q12907,0.006547752274755252,0.0
peptide_mean__P07339,0.006544489622790401,0.0
rollmean2__protein_npx__P02649,0.006533880165663308,0.0
slope1__peptide_count__Q9UHG2,0.006530153046305757,0.0
lag1__peptide_count__Q92520,0.0065281327245776555,0.0
rollmean2__peptide_log__KAADDTWEPFASGK,0.006526223847629746,0.0
delta1__peptide_count__P02452,0.006525958525972398,0.0
missing__peptide_mean__O15394,0.00650575815019915,0.0
missing__peptide_count__O15394,0.00650575815019915,0.0
missing__protein_npx__O15394,0.00650575815019915,0.0
delta1__protein_npx__Q99829,0.006502400673584571,0.0
missing__protein_npx__P06681,0.00649843415236041,0.0
missing__peptide_mean__P06681,0.00649843415236041,0.0
missing__peptide_count__P06681,0.00649843415236041,0.0
protein_npx__P61626,0.006491267612877201,0.0
lag1__peptide_std__O00533,0.006488553480751613,0.0
delta1__peptide_log__C(UniMod_4)IIEVLSNALSK,0.006477426560599254,0.0
rollmean2__peptide_log__LSSWVLLM(UniMod_35)K,0.006473753444047101,0.0
rollmean2__protein_npx__P01024,0.006468015926295356,0.0
delta1__peptide_count__P02652,0.006458718842429855,0.0
missing__peptide_std__P04180,0.0064583589041661985,0.0
delta1__protein_npx__Q92876,0.006453277364550661,0.0
rollmean2__protein_npx__P01033,0.006437704889520824,0.0
peptide_log__SC(UniMod_4)DTPPPC(UniMod_4)PR,0.0064352337472613095,0.0
lag1__peptide_mean__P01621,0.006430485713891222,0.0
peptide_mean__P00746,0.006424684900990407,0.0
delta1__peptide_mean__Q14515,0.006417310001143292,0.0
slope1__protein_npx__Q13740,0.006411761076435623,0.0
peptide_mean__P06396,0.006411525974652801,0.0
peptide_count__Q14118,0.00640181600559113,0.0
rollmean2__peptide_log__NPDSSTTGPWC(UniMod_4)YTTDPTVR,0.006400179472150103,0.0
delta1__protein_npx__P01344,0.006394412398353441,0.0
slope1__protein_npx__P01594,0.006392717056694303,0.0
slope1__peptide_std__P02760,0.006387599055053734,0.0
lag1__peptide_mean__P01834,0.006384834222130404,0.0
lag1__peptide_mean__P02656,0.006378119393716041,0.0
slope1__peptide_count__P17174,0.006377601911603915,0.0
peptide_mean__Q92520,0.006358112068207188,0.0
lag1__peptide_count__P02671,0.006351252957792916,0.0
slope1__peptide_mean__P02792,0.006347133452307207,0.0
missing__peptide_mean__Q6UXB8,0.0063467737169107885,0.0
missing__protein_npx__Q6UXB8,0.0063467737169107885,0.0
missing__peptide_count__Q6UXB8,0.0063467737169107885,0.0
slope1__peptide_mean__P01344,0.006341598988762825,0.0
delta1__peptide_mean__P00746,0.006340762342012094,0.0
delta1__protein_npx__Q8NBJ4,0.006340675096761257,0.0
slope1__peptide_mean__P19823,0.0063398722539380736,0.0
lag1__peptide_mean__P02760,0.006333335673512438,0.0
delta1__peptide_count__P02790,0.006330671187668978,0.0
rollmean2__peptide_mean__Q9HDC9,0.006329595181916828,0.0
rollmean2__peptide_log__VLLDQLR,0.006329595181916828,0.0
slope1__peptide_count__P05090,0.006329300398145016,0.0
rollmean2__peptide_log__WELALGR,0.006326703590104726,0.0
protein_npx__Q8NBJ4,0.0063260810543506185,0.0
slope1__protein_npx__P08253,0.006323488932805144,0.0
delta1__peptide_mean__P05090,0.0063152802287399275,0.0
delta1__peptide_std__P02649,0.00631504650701406,0.0
lag1__peptide_mean__P61916,0.006314717077616299,0.0
peptide_log__VQAAVGTSAAPVPSDNH,0.006309604943444484,0.0
lag1__peptide_std__P14314,0.00630524196325995,0.0
delta1__peptide_log__AVLPTGDVIGDSAK,0.006299549777968977,0.0
slope1__protein_npx__Q13332,0.0062928157343208144,0.0
peptide_std__O00584,0.0062926613511660665,0.0
lag1__protein_npx__O00584,0.006289684884356875,0.0
delta1__peptide_mean__P06396,0.006274995302992811,0.0
missing__protein_npx__Q12841,0.006269865646260416,0.0
missing__peptide_mean__Q12841,0.006269865646260416,0.0
missing__peptide_count__Q12841,0.006269865646260416,0.0
lag1__peptide_count__O15394,0.006261662035030823,0.0
lag1__peptide_mean__O00584,0.006254316410508287,0.0
slope1__peptide_count__P39060,0.006247092089003861,0.0
slope1__peptide_mean__P01859,0.00624564409320078,0.0
slope1__peptide_std__P98160,0.006241337933208988,0.0
missing__peptide_log__KFPSGTFEQVSQLVK,0.006237456133535936,0.0
delta1__protein_npx__O15240,0.006234814417366788,0.0
protein_npx__P19827,0.006232742063624084,0.0
rollmean2__peptide_mean__P13671,0.00623100739487635,0.0
delta1__protein_npx__P01034,0.006230868503530708,0.0
delta1__peptide_log__QNC(UniMod_4)ELFEQLGEYK,0.006216899375184551,0.0
peptide_log__NFPPSQDASGDLYTTSSQLTLPATQC(UniMod_4)PDGK,0.006216679474653094,0.0
rollmean2__peptide_mean__P24592,0.006214774131497898,0.0
delta1__peptide_std__P04217,0.00620908437345497,0.0
rollmean2__peptide_count__P06681,0.006207612619743519,0.0
slope1__protein_npx__P05090,0.006203233522647926,0.0
slope1__peptide_log__AKLEEQAQQIR,0.006196778186487473,0.0
lag1__protein_npx__Q9BY67,0.006187925061590131,0.0
peptide_mean__O75326,0.006182274080048419,0.0
delta1__peptide_mean__Q12841,0.006171577628612972,0.0
delta1__protein_npx__P02768,0.006170481236252501,0.0
slope1__peptide_std__O15240,0.006161943121043459,0.0
delta1__peptide_mean__P04406,0.006158525027544891,0.0
rollmean2__peptide_mean__P02774,0.006157014124697484,0.0
peptide_mean__Q9UHG2,0.006154077860262805,0.0
delta1__protein_npx__O00533,0.0061518902376284535,0.0
lag1__peptide_log__VQPYLDDFQKK,0.006148726000102566,0.0
rollmean2__peptide_mean__Q14118,0.006145887747649205,0.0
lag1__peptide_count__P08571,0.006143500118721541,0.0
delta1__peptide_mean__Q6UXB8,0.006138028383946967,0.0
slope1__peptide_count__P01024,0.006129913495756304,0.0
lag1__peptide_mean__Q13332,0.006128921707640186,0.0
protein_npx__P02679,0.006120606306145211,0.0
peptide_log__C(UniMod_4)REILSVDC(UniMod_4)STNNPSQAK,0.006113704594335069,0.0
rollmean2__peptide_mean__Q8IWV7,0.006102747649292182,0.0
rollmean2__peptide_log__ILTC(UniMod_4)M(UniMod_35)QGMEEIR,0.006102747649292182,0.0
slope1__protein_npx__Q9Y646,0.006098842748907734,0.0
peptide_mean__P06454,0.006091957704765496,0.0
slope1__peptide_count__P02790,0.006091577631283088,0.0
lag1__peptide_log__TEGDGVYTLNNEK,0.006091355458338009,0.0
peptide_log__HGGLYHENMR,0.00609106981990358,0.0
slope1__protein_npx__P01860,0.006081642382237989,0.0
delta1__peptide_mean__P02655,0.006074151432905403,0.0
protein_npx__P01008,0.006069589324587111,0.0
lag1__protein_npx__Q12805,0.006068596217472031,0.0
missing__peptide_log__AATGEC(UniMod_4)TATVGKR,0.006066024398249748,0.0
slope1__protein_npx__Q92876,0.006061956246202138,0.0
slope1__peptide_count__P06727,0.006061698452010955,0.0
peptide_count__P01009,0.006055600716404239,0.0
slope1__peptide_mean__P51884,0.006055088683349224,0.0
lag1__peptide_mean__Q9UBX5,0.006045807059621295,0.0
lag1__protein_npx__Q9UHG2,0.006044033783341575,0.0
lag1__peptide_mean__P16070,0.0060421204756187655,0.0
delta1__peptide_mean__P01594,0.006041601444748624,0.0
rollmean2__peptide_mean__P01717,0.006039602911537545,0.0
slope1__peptide_mean__P18065,0.006029319392137859,0.0
rollmean2__peptide_std__Q96PD5,0.006023292762621971,0.0
protein_npx__Q9Y646,0.006020903765946977,0.0
delta1__peptide_mean__P27169,0.006015244231928389,0.0
lag1__protein_npx__P10645,0.006007462379671159,0.0
lag1__protein_npx__P01011,0.005997073485437825,0.0
lag1__peptide_std__Q13740,0.00598227691416989,0.0
lag1__peptide_mean__P09486,0.005979769880711929,0.0
missing__peptide_log__EDSLEAGLPLQVR,0.005978959230608715,0.0
slope1__peptide_log__FM(UniMod_35)ETVAEK,0.005972039552300306,0.0
lag1__protein_npx__P07225,0.005971322164066269,0.0
lag1__peptide_mean__P01876,0.005969663695980123,0.0
lag1__protein_npx__P02760,0.005967925478527117,0.0
rollmean2__peptide_std__Q92876,0.005938088899532586,0.0
lag1__peptide_count__P01860,0.005936213758226638,0.0
lag1__peptide_count__P13611,0.005933524391319282,0.0
rollmean2__peptide_mean__Q9UNU6,0.005933193937314072,0.0
delta1__peptide_std__P19652,0.0059293095957984555,0.0
slope1__peptide_mean__Q14508,0.0059276643097384224,0.0
rollmean2__peptide_count__P07998,0.0059196775550477716,0.0
rollmean2__peptide_mean__P09104,0.005897786049925213,0.0
rollmean2__peptide_mean__P04433,0.005893852049340655,0.0
slope1__protein_npx__P00738,0.005889852586029085,0.0
slope1__peptide_mean__P04275,0.005883765408682385,0.0
rollmean2__peptide_std__P02751,0.0058777569479037985,0.0
rollmean2__peptide_std__O14773,0.005875973714659064,0.0
rollmean2__protein_npx__P08603,0.005875732819665312,0.0
lag1__protein_npx__P23083,0.005873296791702225,0.0
peptide_log__LAVYQAGAR,0.005871663463334994,0.0
peptide_count__P00746,0.005870161514211404,0.0
delta1__peptide_mean__P01857,0.005864048978037741,0.0
slope1__protein_npx__P13591,0.005862759275507055,0.0
protein_npx__P14314,0.005855657017503723,0.0
slope1__peptide_std__P27169,0.005854883006055009,0.0
delta1__peptide_count__P07711,0.00585401026477619,0.0
lag1__peptide_mean__P25311,0.005847189795245901,0.0
peptide_log__VDNALQSGNSQESVTEQDSKDSTYSLSSTLTLSK,0.005845031687988321,0.0
rollmean2__peptide_std__Q12907,0.005841827468755063,0.0
slope1__peptide_count__Q12907,0.005835407849883417,0.0
rollmean2__peptide_std__P17174,0.005830821432042438,0.0
delta1__peptide_log__C(UniMod_4)RDQLPYIC(UniMod_4)QFGIV,0.005822056506623598,0.0
rollmean2__peptide_std__P04433,0.005820104904175067,0.0
lag1__peptide_std__P02765,0.005819677519672669,0.0
lag1__peptide_mean__P01608,0.00581665012428056,0.0
delta1__peptide_std__P01034,0.005813004339817513,0.0
delta1__peptide_count__P02768,0.005807024381628197,0.0
rollmean2__peptide_mean__Q99969,0.0057939366141789095,0.0
rollmean2__peptide_count__O15240,0.00579336197995114,0.0
slope1__peptide_mean__P24592,0.005786027180510489,0.0
rollmean2__peptide_abundance_min,0.005776758653446239,0.0
delta1__peptide_log__GEVQAMLGQSTEELR,0.005767413473458321,0.0
lag1__peptide_mean__Q92520,0.005759288568439347,0.0
lag1__peptide_log__LEGQEEEEDNRDSSMK,0.005758715471338864,0.0
delta1__protein_npx__P01031,0.005747242559034597,0.0
rollmean2__peptide_std__Q12805,0.0057377158956401835,0.0
lag1__peptide_log__FM(UniMod_35)ETVAEK,0.005737108017177346,0.0
delta1__peptide_mean__Q9UBX5,0.005734762846577002,0.0
slope1__protein_npx__P08697,0.005731776091766284,0.0
lag1__protein_npx__P31997,0.005730118898456657,0.0
protein_npx__P16152,0.005722048048732199,0.0
delta1__peptide_count__P05452,0.005714715481592907,0.0
lag1__peptide_count__P04196,0.005714126567825298,0.0
peptide_mean__P02675,0.005710945800687786,0.0
peptide_mean__P02655,0.005703795522611287,0.0
lag1__protein_npx__Q14508,0.00570181561970152,0.0
peptide_count__P08493,0.0056890082580086845,0.0
peptide_mean__P01008,0.005684187041138494,0.0
missing__peptide_log__GEVQAMLGQSTEELRVR,0.005683661252908626,0.0
slope1__protein_npx__P01877,0.005672998439218773,0.0
lag1__peptide_std__P02656,0.005666443783978871,0.0
slope1__peptide_mean__P13473,0.0056589477954827345,0.0
lag1__peptide_mean__P02649,0.005657403587693811,0.0
lag1__peptide_count__P07998,0.005639381111159708,0.0
protein_npx__P08603,0.005629472568369756,0.0
slope1__protein_npx__P05452,0.005612275957254962,0.0
lag1__peptide_count__P10643,0.005610506342611174,0.0
delta1__peptide_mean__O43505,0.005604467195044047,0.0
lag1__peptide_log__M(UniMod_35)ASGAANVVGPK,0.0056031501633019044,0.0
protein_npx__P16070,0.0056024689675556825,0.0
rollmean2__protein_npx__P02655,0.005600832832955877,0.0
lag1__peptide_mean__P08603,0.0056008311712279985,0.0
lag1__peptide_std__P09486,0.005599198059468356,0.0
lag1__peptide_log__LGQSLDC(UniMod_4)NAEVYVVPWEK,0.005597064954513549,0.0
lag1__peptide_mean__P02774,0.005581918953255556,0.0
rollmean2__peptide_std__O00533,0.005578632667238557,0.0
peptide_count__P05060,0.005574880983344216,0.0
lag1__peptide_mean__P05060,0.005569302700977247,0.0
delta1__peptide_std__P02753,0.005554548303203616,0.0
delta1__peptide_mean__Q9BY67,0.005549763615099136,0.0
slope1__protein_npx__Q8N2S1,0.005547203340502096,0.0
lag1__peptide_count__P61769,0.005541829523236521,0.0
slope1__peptide_log__NFPPSQDASGDLYTTSSQLTLPATQC(UniMod_4)LAGK,0.005539894057647678,0.0
rollmean2__protein_npx__P06310,0.005539829055769714,0.0
slope1__peptide_std__P05067,0.005539544078823714,0.0
slope1__peptide_mean__P09486,0.005538932290511265,0.0
protein_npx__P09871,0.005538692299923775,0.0
lag1__peptide_count__P02675,0.005533533784771777,0.0
peptide_mean__P01833,0.0055323933916825606,0.0
delta1__peptide_log__SC(UniMod_4)DTPPPC(UniMod_4)PR,0.0055243106789659695,0.0
rollmean2__peptide_count__P02675,0.005523970632852724,0.0
lag1__protein_npx__P08697,0.005516847663171846,0.0
slope1__peptide_mean__P25311,0.005508219944427284,0.0
slope1__peptide_count__P41222,0.005506405573114263,0.0
lag1__peptide_mean__P01034,0.005503934184704307,0.0
lag1__peptide_std__Q96KN2,0.005503595800124104,0.0
delta1__peptide_mean__P00738,0.005502101651142587,0.0
slope1__protein_npx__P02766,0.005496442401597306,0.0
peptide_std__Q92823,0.005495125704931131,0.0
lag1__peptide_std__P12109,0.005492860056880524,0.0
missing__peptide_std__P43121,0.005478846986982003,0.0
slope1__protein_npx__Q9UNU6,0.005468913750154103,0.0
peptide_count__P02675,0.00546474368788432,0.0
lag1__peptide_mean__P98160,0.005459711717260204,0.0
rollmean2__protein_npx__P14174,0.005448983969100889,0.0
slope1__peptide_mean__P43121,0.005436674833021602,0.0
lag1__protein_npx__O14791,0.005433033418664004,0.0
rollmean2__peptide_mean__Q99832,0.005425343881740489,0.0
missing__peptide_log__VQAAVGTSAAPVPSDNH,0.0054151887343378575,0.0
protein_npx__P02452,0.005414863436904501,0.0
slope1__peptide_count__P36222,0.005414303285629366,0.0
delta1__peptide_std__P02671,0.0054122303667088366,0.0
lag1__protein_npx__P19827,0.005408956231750574,0.0
missing__peptide_mean__P01031,0.005408771624695498,0.0
missing__peptide_count__P01031,0.005408771624695498,0.0
missing__protein_npx__P01031,0.005408771624695498,0.0
slope1__peptide_mean__Q13451,0.005407703595991825,0.0
slope1__peptide_std__P01857,0.0054066447135271015,0.0
rollmean2__protein_npx__P17174,0.005400278001020024,0.0
slope1__peptide_mean__P05155,0.005393314330566229,0.0
rollmean2__protein_npx__P02671,0.005386123653692268,0.0
lag1__peptide_mean__Q08380,0.005384803698052311,0.0
peptide_log__VDSGNDVTDIADDGC(UniMod_4)PKPPEIAHGYVEHSVR,0.005382176686280636,0.0
peptide_mean__P09104,0.005377435608811988,0.0
protein_npx__P54289,0.0053749686205408955,0.0
lag1__peptide_count__Q6UXB8,0.0053729921652692185,0.0
slope1__protein_npx__P41222,0.0053688386796033015,0.0
lag1__protein_npx__P04196,0.005363498887361455,0.0
slope1__peptide_mean__P00738,0.0053631164716744706,0.0
delta1__protein_npx__P04207,0.005362801992385878,0.0
lag1__peptide_mean__P00734,0.0053552163842026735,0.0
peptide_log__DSGEGDFLAEGGGVR,0.005352439016316075,0.0
delta1__protein_npx__P07195,0.005341580408726769,0.0
missing__peptide_log__C(UniMod_4)KPVNTFVHEPLVDVQNVC(UniMod_4)FQEK,0.005340704868435585,0.0
rollmean2__protein_npx__P16152,0.005333965905533718,0.0
peptide_mean__P02765,0.005333559140312338,0.0
delta1__protein_npx__P01877,0.0053329774831585896,0.0
peptide_count__Q96PD5,0.0053327718311867054,0.0
rollmean2__protein_npx__P05067,0.005332574266240596,0.0
lag1__protein_npx__O75144,0.005320914923210715,0.0
lag1__protein_npx__P07339,0.005314699574552306,0.0
delta1__peptide_mean__P05155,0.005303834856636812,0.0
rollmean2__peptide_mean__P01009,0.005296134394528872,0.0
delta1__protein_npx__Q92520,0.005294905257045328,0.0
slope1__peptide_log__VC(UniMod_4)PFAGILENGAVR,0.005287781995510147,0.0
peptide_mean__O14773,0.005287654285968026,0.0
protein_npx__Q7Z5P9,0.005286804192600551,0.0
delta1__peptide_count__Q6UXB8,0.005284640308326401,0.0
slope1__peptide_count__Q12805,0.00528189856768651,0.0
slope1__peptide_mean__P09871,0.005275417406834612,0.0
peptide_mean__P05156,0.005263704637546288,0.0
delta1__protein_npx__P20933,0.005261245690345538,0.0
lag1__peptide_mean__P17936,0.005249957672675365,0.0
delta1__peptide_log__SC(UniMod_4)SPELQQK,0.005240734576466185,0.0
delta1__peptide_mean__P16152,0.005240734576466185,0.0
peptide_mean__Q9Y646,0.005236652468371402,0.0
missing__peptide_log__ELSSFIDKGQELC(UniMod_4)ADYSENTFTEYK,0.005235640716432181,0.0
peptide_std__P07711,0.005234592805757265,0.0
lag1__protein_npx__O43505,0.005229431504302264,0.0
slope1__protein_npx__P04004,0.005223893903099628,0.0
slope1__peptide_std__P02671,0.0052214778740119205,0.0
delta1__peptide_count__P27169,0.005218895915563445,0.0
peptide_std__P00734,0.0052182725381370405,0.0
delta1__peptide_log__FLATTPNSLLVSWQPPR,0.00520783354569066,0.0
slope1__peptide_log__SELEEQLTPVAEETR,0.005204351598721949,0.0
delta1__protein_npx__P01780,0.005201807778408744,0.0
slope1__protein_npx__P05156,0.005198122562548243,0.0
rollmean2__peptide_mean__P11277,0.005194747076822597,0.0
rollmean2__peptide_mean__P01011,0.005191541300078992,0.0
delta1__peptide_count__Q14118,0.0051893122768645545,0.0
delta1__peptide_count__O15240,0.005173913064975296,0.0
delta1__protein_npx__P05156,0.0051725716862511565,0.0
lag1__peptide_mean__P30086,0.0051690782490734465,0.0
lag1__peptide_mean__Q8NE71,0.005164496853915164,0.0
lag1__peptide_mean__P04004,0.00516228625241171,0.0
delta1__protein_npx__Q9NYU2,0.005154688874860418,0.0
peptide_std__P02768,0.00515419463792512,0.0
slope1__protein_npx__P13473,0.005153302025612416,0.0
delta1__peptide_log__EILSVDC(UniMod_4)STNNPSQAK,0.005153153981585666,0.0
delta1__peptide_log__TTPPVLDSDGSFFLYSK,0.005150235780465972,0.0
protein_npx__P05155,0.005149407119142386,0.0
delta1__peptide_count__P54289,0.005148033109581594,0.0
lag1__peptide_count__P07225,0.005146973726072918,0.0
peptide_std__P02766,0.005142569809422436,0.0
rollmean2__peptide_count__P08571,0.0051418256625463815,0.0
delta1__protein_npx__P36955,0.005141620829909787,0.0
peptide_count__P02679,0.0051368757300774065,0.0
slope1__peptide_mean__Q9UNU6,0.005125911587060691,0.0
delta1__peptide_count__P08493,0.00511602703464251,0.0
slope1__peptide_std__P04180,0.005112209450478215,0.0
lag1__protein_npx__Q9UBR2,0.005110647623620993,0.0
slope1__peptide_count__P06681,0.005109662290992812,0.0
lag1__protein_npx__P02748,0.005103169621272368,0.0
delta1__protein_npx__P36980,0.005099493043539568,0.0
missing__protein_npx__P07195,0.005086808740403031,0.0
missing__peptide_count__P07195,0.005086808740403031,0.0
missing__peptide_mean__P07195,0.005086808740403031,0.0
slope1__peptide_std__P04075,0.005085709394610497,0.0
rollmean2__peptide_std__P06396,0.005083646815692254,0.0
delta1__peptide_std__P41222,0.00508112526094932,0.0
missing__protein_npx__Q96BZ4,0.005080745114795424,0.0
missing__peptide_count__Q96BZ4,0.005080745114795424,0.0
missing__peptide_mean__Q96BZ4,0.005080745114795424,0.0
lag1__peptide_mean__Q9BY67,0.005080502089095068,0.0
slope1__peptide_std__P01019,0.005077117227819065,0.0
missing__current_updrs_3,0.00507451550071037,0.0
protein_npx__P05067,0.005073794327879071,0.0
rollmean2__peptide_mean__P61916,0.005068880027353172,0.0
peptide_count__P27169,0.0050683785235142815,0.0
rollmean2__protein_npx__O15240,0.00506574850374494,0.0
peptide_std__O15240,0.005064556483748383,0.0
protein_npx__P51884,0.00505928710811316,0.0
rollmean2__peptide_mean__P17174,0.005055650635710276,0.0
peptide_mean__P19823,0.005051552563408991,0.0
delta1__peptide_std__P01857,0.0050471782277958215,0.0
lag1__peptide_log__AKLEEQAQQIR,0.005025675304814534,0.0
slope1__protein_npx__Q15904,0.005025546442512457,0.0
delta1__protein_npx__P16070,0.0050250997116335315,0.0
rollmean2__protein_npx__Q08380,0.0050210379918028845,0.0
missing__peptide_std__P02750,0.005019899580828297,0.0
slope1__protein_npx__Q99829,0.005019679132906744,0.0
peptide_log__M(UniMod_35)YLGYEYVTAIR,0.005019456791876763,0.0
lag1__peptide_std__P01877,0.005018485107856111,0.0
delta1__protein_npx__P01594,0.00501496350085478,0.0
peptide_mean__Q9BY67,0.005014030365185568,0.0
peptide_abundance_max,0.005007815812629783,0.0
protein_npx__P39060,0.005004528700247338,0.0
slope1__peptide_count__P16870,0.0050038471592337335,0.0
lag1__protein_npx__P04004,0.0050019932639366535,0.0
slope1__peptide_log__YVMLPVADQDQC(UniMod_4)IR,0.004997218669657291,0.0
rollmean2__peptide_abundance_max,0.004994704426226423,0.0
rollmean2__protein_npx__Q14515,0.0049941062925107655,0.0
missing__peptide_std__P12109,0.004992799704225802,0.0
slope1__peptide_mean__Q9UHG2,0.004992300551662754,0.0
peptide_log__LSKELQAAQAR,0.004989735528131898,0.0
slope1__peptide_mean__P16035,0.004988706285764605,0.0
delta1__peptide_mean__Q13332,0.004986779123254189,0.0
lag1__protein_npx__Q9UBX5,0.004984947151376867,0.0
lag1__peptide_log__SELEEQLTPVAEETR,0.004984145338790147,0.0
slope1__peptide_std__P09871,0.004981465548734616,0.0
slope1__protein_npx__P10451,0.004978152180924908,0.0
delta1__peptide_mean__Q99829,0.004969146923769194,0.0
rollmean2__peptide_mean__P13591,0.004960884458851679,0.0
slope1__peptide_mean__P02649,0.00495340529576181,0.0
delta1__peptide_mean__Q99435,0.004953381022816585,0.0
slope1__peptide_mean__Q16610,0.0049441885728954485,0.0
delta1__peptide_count__P02765,0.004943797107976044,0.0
delta1__peptide_log__DLATVYVDVLK,0.004939654538383877,0.0
lag1__protein_npx__P08603,0.004939379562244439,0.0
protein_npx__P02656,0.004934136991951992,0.0
slope1__protein_npx__Q02818,0.0049277875930692225,0.0
rollmean2__peptide_std__P02748,0.004927490838318346,0.0
rollmean2__peptide_mean__Q8NBJ4,0.004926224308065467,0.0
lag1__peptide_log__WELALGR,0.004926094926765549,0.0
rollmean2__peptide_mean__P01608,0.0049186117478757455,0.0
rollmean2__protein_npx__P06727,0.004915955318824506,0.0
missing__peptide_mean__P13473,0.004914571593033803,0.0
missing__peptide_count__P13473,0.004914571593033803,0.0
missing__protein_npx__P13473,0.004914571593033803,0.0
missing__protein_npx__P02655,0.004890846899864436,0.0
missing__peptide_mean__P02655,0.004890846899864436,0.0
missing__peptide_count__P02655,0.004890846899864436,0.0
missing__peptide_log__KQELSEAEQATR,0.004889641042520088,0.0
protein_npx__P08253,0.004888294207196138,0.0
rollmean2__peptide_count__O94919,0.004887865511753637,0.0
slope1__peptide_mean__P13987,0.004887582960575316,0.0
lag1__peptide_mean__Q99969,0.004884757057257079,0.0
peptide_std__Q12841,0.004875160814022659,0.0
peptide_std__P36955,0.004866042591215949,0.0
slope1__peptide_std__P07998,0.004864769592592248,0.0
lag1__protein_npx__P00748,0.004862656903132722,0.0
rollmean2__peptide_mean__Q16610,0.0048531887838736245,0.0
lag1__protein_npx__Q9Y6R7,0.004851534705945689,0.0
rollmean2__peptide_log__LDEVKEQVAEVR,0.004849285306819815,0.0
lag1__protein_npx__P61769,0.0048465862207493805,0.0
delta1__protein_npx__Q99674,0.004838352751568714,0.0
missing__peptide_std__P17174,0.004836236206679978,0.0
rollmean2__peptide_count__P01023,0.004831287917151475,0.0
lag1__peptide_std__P02753,0.004825243086245923,0.0
delta1__peptide_log__LDEVKEQVAEVR,0.004825180363965188,0.0
delta1__peptide_std__Q96KN2,0.004817765486209407,0.0
delta1__peptide_std__P10909,0.004816542208967256,0.0
rollmean2__peptide_mean__O15240,0.004815456137126303,0.0
delta1__peptide_mean__Q7Z5P9,0.004813279768110103,0.0
rollmean2__peptide_mean__P16070,0.004811669517306418,0.0
rollmean2__peptide_std__P39060,0.004810334250342247,0.0
missing__peptide_log__MYYSAVDPTKDIFTGLIGPM(UniMod_35)K,0.004807731853390679,0.0
protein_npx__P05156,0.004807405210125706,0.0
missing__peptide_std__P00746,0.004804596157017953,0.0
delta1__protein_npx__P07998,0.004788941748662394,0.0
delta1__peptide_std__P02766,0.004784576905419653,0.0
delta1__protein_npx__P14314,0.00478148320277312,0.0
protein_npx__Q14515,0.004781005428034123,0.0
delta1__peptide_std__P06681,0.0047794884626311636,0.0
protein_npx__P06396,0.0047771246304490825,0.0
rollmean2__protein_npx__P14618,0.004773865356132187,0.0
lag1__protein_npx__P02751,0.004770102103042587,0.0
peptide_count__Q9Y6R7,0.00476918196120077,0.0
slope1__peptide_mean__Q8NE71,0.004768434541091446,0.0
slope1__protein_npx__Q92823,0.004758948021173142,0.0
slope1__peptide_log__SPVGVQPILNEHTFC(UniMod_4)AGMSK,0.00475388355466612,0.0
rollmean2__peptide_std__P61916,0.004743918982692766,0.0
rollmean2__peptide_mean__P13987,0.004743526517365901,0.0
peptide_log__LGPLVEQGR,0.004739206023525403,0.0
lag1__protein_npx__P01621,0.004729278413328681,0.0
peptide_log__SNSSM(UniMod_35)HITDC(UniMod_4)R,0.004728623370655156,0.0
peptide_missing_fraction,0.004724365291385632,0.0
peptide_feature_count,0.004724365291385613,0.0
lag1__protein_npx__Q9NYU2,0.004711140649090719,0.0
slope1__peptide_log__C(UniMod_4)C(UniMod_4)VEC(UniMod_4)PPC(UniMod_4)PAPPVAGPSVFLFPPKPK,0.004710416980943779,0.0
slope1__peptide_log__TKEEYGHSEVVEYYC(UniMod_4)NPR,0.004710042749189155,0.0
peptide_count__P04075,0.004706191258431014,0.0
peptide_std__P01023,0.004703780939311437,0.0
slope1__protein_npx__P00751,0.004697549866327315,0.0
rollmean2__protein_npx__Q9Y6R7,0.0046940251472525965,0.0
slope1__peptide_count__Q06481,0.004690057287808044,0.0
rollmean2__peptide_log__FNKPFVFLM(UniMod_35)IEQNTK,0.004689884999258045,0.0
peptide_log__LGADMEDVC(UniMod_4)GR,0.0046896473320800726,0.0
slope1__peptide_mean__Q9BY67,0.004688857965528493,0.0
lag1__peptide_std__P08697,0.004686401289351049,0.0
rollmean2__peptide_std__Q9Y6R7,0.00467737553885105,0.0
delta1__peptide_count__P01019,0.004668096077946816,0.0
peptide_mean__P04004,0.0046673425178353255,0.0
missing__protein_npx__P98160,0.004665593281888215,0.0
missing__peptide_count__P98160,0.004665593281888215,0.0
missing__peptide_mean__P98160,0.004665593281888215,0.0
lag1__protein_npx__P32754,0.004664384049670572,0.0
peptide_log__LIADLGSTSITNLGFR,0.004663370118649508,0.0
rollmean2__protein_npx__P00738,0.004649922474989952,0.0
slope1__peptide_count__P10645,0.0046496974217469745,0.0
slope1__peptide_log__VTLTC(UniMod_4)VAPLSGVDFQLR,0.004642356476782608,0.0
protein_npx__P02649,0.00464048386257802,0.0
rollmean2__peptide_mean__P39060,0.004636557624441409,0.0
rollmean2__peptide_mean__P01033,0.004635851140017144,0.0
protein_npx__Q14118,0.004635095989420232,0.0
rollmean2__protein_npx__O94919,0.004627405160559904,0.0
slope1__peptide_mean__P02787,0.0046243160752152575,0.0
slope1__protein_npx__P61278,0.0046237736053954814,0.0
delta1__peptide_mean__P19652,0.00462212230144523,0.0
delta1__peptide_mean__Q9Y646,0.004621899519251566,0.0
delta1__peptide_log__GYQLSDVDGVTC(UniMod_4)EDIDEC(UniMod_4)ALPTGGHIC(UniMod_4)SYR,0.004617042981988393,0.0
slope1__peptide_mean__P02768,0.004602712997478859,0.0
delta1__peptide_log__AYKSELEEQLTPVAEETR,0.004602624121716936,0.0
peptide_count__P06681,0.004601282051286778,0.0
lag1__peptide_mean__Q14118,0.0045991746046064805,0.0
delta1__protein_npx__P05090,0.004598656276692564,0.0
slope1__protein_npx__Q9BY67,0.004596324379802168,0.0
lag1__peptide_log__DSGEGDFLAEGGGVR,0.004592385014884188,0.0
peptide_count__P01019,0.004581934325767705,0.0
lag1__peptide_mean__P02750,0.004581270855310098,0.0
lag1__peptide_count__P01023,0.004574754862139973,0.0
lag1__protein_npx__Q13283,0.004569342169208643,0.0
delta1__peptide_mean__P00751,0.00456009557861357,0.0
slope1__protein_npx__P02760,0.00455978466455982,0.0
lag1__peptide_std__P27169,0.004558850839178873,0.0
delta1__peptide_mean__Q99674,0.004556871322427048,0.0
slope1__peptide_log__YIVSGTPTFVPYLIK,0.004555885676619721,0.0
lag1__peptide_count__P00738,0.004553296785468678,0.0
slope1__peptide_std__P02765,0.004551475031531697,0.0
rollmean2__peptide_mean__P49588,0.0045438542594637915,0.0
lag1__peptide_mean__P19652,0.004535386339280392,0.0
slope1__protein_npx__P09486,0.004534158106083263,0.0
delta1__peptide_count__P05155,0.004517823344195302,0.0
rollmean2__peptide_mean__P05452,0.004508620279454497,0.0
slope1__peptide_mean__P13611,0.004499441500684016,0.0
slope1__protein_npx__P01859,0.004493519175301628,0.0
lag1__peptide_mean__P07225,0.004489698599832095,0.0
delta1__peptide_count__P05090,0.00448705520562409,0.0
slope1__peptide_mean__P49588,0.0044798199315895775,0.0
missing__peptide_log__LVGGPM(UniMod_35)DASVEEEGVRR,0.004478972580436656,0.0
lag1__peptide_mean__P01833,0.004475241092149684,0.0
protein_npx__Q9UNU6,0.004468683357114547,0.0
rollmean2__protein_npx__P01833,0.00445920077507821,0.0
rollmean2__protein_npx__P27169,0.004457840900268187,0.0
rollmean2__peptide_mean__P49908,0.004456781715907559,0.0
missing__peptide_mean__Q9HDC9,0.004450364455362483,0.0
missing__peptide_count__Q9HDC9,0.004450364455362483,0.0
missing__peptide_log__VLLDQLR,0.004450364455362483,0.0
missing__protein_npx__Q9HDC9,0.004450364455362483,0.0
peptide_mean__P80748,0.004445192090393082,0.0
rollmean2__peptide_log__VQAAVGTSAAPVPSDNH,0.004441044953594838,0.0
missing__peptide_std__P07711,0.004440663482012949,0.0
slope1__protein_npx__Q96PD5,0.004434922212867487,0.0
slope1__peptide_log__TDASDVKPC(UniMod_4),0.004430246357087969,0.0
slope1__peptide_mean__P08697,0.004427390700579936,0.0
slope1__peptide_mean__O00533,0.004426006765082763,0.0
slope1__peptide_count__P08294,0.004417983593485483,0.0
peptide_count__P06396,0.004408111166544376,0.0
rollmean2__protein_npx__P02792,0.00440704389056239,0.0
rollmean2__peptide_count__P00747,0.004403659727380764,0.0
rollmean2__peptide_count__P19823,0.004402055570371136,0.0
delta1__peptide_mean__Q8NBJ4,0.00439823788464786,0.0
lag1__peptide_mean__P31997,0.00439691826558982,0.0
slope1__protein_npx__Q99435,0.004374420558267032,0.0
slope1__peptide_log__AYKSELEEQLTPVAEETR,0.004366198796043039,0.0
lag1__peptide_count__P00441,0.004365566192839504,0.0
lag1__peptide_count__P05155,0.004365001475609382,0.0
protein_npx__P35542,0.004352960898602501,0.0
lag1__peptide_std__P06681,0.004347176207331305,0.0
slope1__protein_npx__P07998,0.004346028060214905,0.0
lag1__protein_npx__P13611,0.004340703540265449,0.0
peptide_log__TQVNTQAEQLRR,0.004336393210301337,0.0
rollmean2__peptide_mean__P08123,0.004335222427541256,0.0
missing__peptide_log__NPDSSTTGPWC(UniMod_4)YTTDPTVR,0.004330076895307664,0.0
slope1__peptide_std__P41222,0.0043295804623631395,0.0
peptide_mean__P05060,0.0043285225530163545,0.0
rollmean2__peptide_mean__Q9UHG2,0.004327246375485167,0.0
slope1__protein_npx__P35542,0.004322687835516341,0.0
rollmean2__protein_npx__P02675,0.004321030731937689,0.0
peptide_mean__P02753,0.004313093064053205,0.0
rollmean2__peptide_mean__P12109,0.0043035387911374914,0.0
delta1__peptide_std__P06396,0.0042926861799144735,0.0
lag1__protein_npx__P55290,0.00429111699474012,0.0
delta1__peptide_log__SGEATDGARPQALPEPMQESK,0.004288060895618203,0.0
slope1__peptide_log__LQAEAFQAR,0.0042871118663069295,0.0
protein_npx__O75326,0.0042797762950938945,0.0
rollmean2__protein_npx__Q9HDC9,0.004266567708577354,0.0
peptide_mean__P00747,0.004254753704739264,0.0
lag1__peptide_std__P02760,0.0042528775265649,0.0
slope1__peptide_mean__P01877,0.004250546940507727,0.0
delta1__protein_npx__P02751,0.00424840956424758,0.0
slope1__protein_npx__Q96BZ4,0.004244851831646199,0.0
delta1__peptide_count__P02748,0.004244500563391581,0.0
rollmean2__protein_npx__Q8NBJ4,0.004244053340013257,0.0
lag1__peptide_mean__P20774,0.004241957711914691,0.0
peptide_mean__P60174,0.004236083310293463,0.0
lag1__peptide_log__ATVNPSAPR,0.004233427035455016,0.0
lag1__peptide_log__MASGAANVVGPK,0.004228128039122864,0.0
slope1__protein_npx__P04406,0.00422663267126834,0.0
delta1__peptide_count__P07998,0.004219520801656514,0.0
lag1__peptide_std__P02647,0.004218861372940172,0.0
rollmean2__peptide_std__P02790,0.0042164748134922965,0.0
protein_npx__P01031,0.004203036551400967,0.0
lag1__peptide_count__O00584,0.004200682167909122,0.0
delta1__peptide_std__O75144,0.004200506443262929,0.0
slope1__peptide_log__ILLQGTPVAQMTEDAVDAER,0.004196383062286909,0.0
missing__peptide_count__O14791,0.004191685145241402,0.0
missing__peptide_mean__O14791,0.004191685145241402,0.0
missing__protein_npx__O14791,0.004191685145241402,0.0
delta1__protein_npx__P05067,0.004191127395852875,0.0
delta1__peptide_count__Q12841,0.004190106353311574,0.0
peptide_log__ILTC(UniMod_4)M(UniMod_35)QGMEEIR,0.004188789935276572,0.0
peptide_mean__Q8IWV7,0.004188789935276572,0.0
protein_npx__P02760,0.004188676766063561,0.0
rollmean2__peptide_log__AYKSELEEQLTPVAEETR,0.004187322815074966,0.0
delta1__peptide_mean__P08603,0.004178410684817478,0.0
rollmean2__peptide_log__YVM(UniMod_35)LPVADQDQC(UniMod_4)IR,0.004177283557363278,0.0
peptide_mean__P07998,0.004176931593098763,0.0
delta1__peptide_mean__P04075,0.004175763253491779,0.0
delta1__peptide_mean__P01034,0.004174618047714646,0.0
slope1__protein_npx__P04156,0.004170683554960042,0.0
peptide_count__Q12841,0.004168491776271397,0.0
rollmean2__peptide_mean__Q96S96,0.004158003886727426,0.0
slope1__protein_npx__Q6UXD5,0.004154908188763419,0.0
peptide_count__P02760,0.004148088212849912,0.0
peptide_mean__O00533,0.004141346779629057,0.0
lag1__protein_npx__P02679,0.004138821248014628,0.0
rollmean2__peptide_count__P10909,0.0041360662128261125,0.0
slope1__protein_npx__O94919,0.004128748332721578,0.0
lag1__protein_npx__P07333,0.004118555947939009,0.0
peptide_mean__P13671,0.004113198106908757,0.0
lag1__protein_npx__P04180,0.004107446546874276,0.0
peptide_mean__Q92876,0.004106909846939089,0.0
delta1__protein_npx__P08571,0.004086939926651133,0.0
missing__peptide_log__SNSSM(UniMod_35)HITDC(UniMod_4)R,0.004085453082589015,0.0
rollmean2__peptide_mean__P02792,0.004071661382613648,0.0
lag1__peptide_count__P61916,0.004060083206491628,0.0
protein_npx__Q96PD5,0.004058359603633666,0.0
rollmean2__peptide_mean__Q9UBX5,0.00405658811863442,0.0
rollmean2__protein_npx__P02787,0.004056409493147098,0.0
peptide_mean__P08133,0.004050315603141863,0.0
slope1__peptide_mean__P36955,0.004049186817205353,0.0
slope1__protein_npx__P36980,0.004048501316250235,0.0
rollmean2__peptide_log__VTSIQDWVQK,0.004036919129420875,0.0
peptide_mean__P01019,0.004035691610654671,0.0
rollmean2__peptide_mean__O75326,0.00402881636192375,0.0
peptide_std__P61916,0.004027507295867353,0.0
delta1__protein_npx__Q14515,0.004023827941468843,0.0
lag1__peptide_std__P01034,0.004022268379490699,0.0
slope1__peptide_count__P00450,0.0040217885524858835,0.0
lag1__peptide_log__MTVTDQVNC(UniMod_4)PK,0.004017127986218698,0.0
lag1__peptide_count__P36222,0.004016780025573273,0.0
lag1__protein_npx__P08571,0.004002981970304614,0.0
delta1__peptide_mean__P19827,0.004000876497630118,0.0
lag1__peptide_mean__P01594,0.004000358313546559,0.0
delta1__peptide_std__P01019,0.0039998130454902215,0.0
rollmean2__peptide_count__P01042,0.003999282793508596,0.0
delta1__peptide_mean__P04207,0.0039898751975178835,0.0
lag1__peptide_count__Q12805,0.003988601894817514,0.0
rollmean2__protein_npx__P30086,0.003980710639477891,0.0
peptide_std__Q92520,0.003980104575727092,0.0
protein_npx__P06454,0.0039771790253014545,0.0
rollmean2__peptide_mean__P06454,0.003968456400218467,0.0
protein_npx__P09104,0.003968254724231201,0.0
rollmean2__peptide_log__LSKELQAAQAR,0.003964636296871653,0.0
delta1__peptide_mean__P31997,0.003958799894063386,0.0
delta1__protein_npx__Q16270,0.003953299720254758,0.0
delta1__peptide_mean__P04433,0.003951111924588826,0.0
lag1__peptide_mean__P09104,0.0039402902019695695,0.0
lag1__peptide_mean__P08637,0.003938276522125184,0.0
lag1__peptide_mean__Q14515,0.003930202772368028,0.0
slope1__protein_npx__P01780,0.003927432768490621,0.0
peptide_mean__P01034,0.00392092845656222,0.0
slope1__peptide_std__P61769,0.0039116329949162336,0.0
slope1__peptide_count__O94919,0.003911481704811342,0.0
slope1__peptide_count__O14773,0.0039020841260166152,0.0
lag1__peptide_mean__Q15904,0.0039011012207404053,0.0
lag1__peptide_mean__O75144,0.003900747706450078,0.0
delta1__peptide_std__P36955,0.0039002142050781766,0.0
slope1__peptide_mean__P00751,0.003898963665314422,0.0
slope1__protein_npx__P08133,0.0038983787468992435,0.0
missing__peptide_count__P01608,0.0038963808892801665,0.0
missing__peptide_mean__P01608,0.0038963808892801665,0.0
missing__protein_npx__P01608,0.0038963808892801665,0.0
peptide_mean__P05546,0.003895725111351264,0.0
lag1__peptide_count__O75144,0.003891878142768358,0.0
lag1__peptide_mean__P06310,0.0038883423118274653,0.0
rollmean2__peptide_std__P18065,0.003885742467343673,0.0
slope1__peptide_mean__P10451,0.0038855179047881335,0.0
delta1__protein_npx__P16870,0.0038853658714642024,0.0
slope1__peptide_mean__O15240,0.0038834515475515002,0.0
rollmean2__protein_npx__P07225,0.0038809789427078755,0.0
delta1__peptide_count__P01876,0.003877234421970418,0.0
protein_npx__P02792,0.0038754951623742053,0.0
peptide_count__P02671,0.0038644126445829554,0.0
rollmean2__peptide_log__LRTEGDGVYTLNNEK,0.003862421798729523,0.0
delta1__peptide_log__NPDSSTTGPWC(UniMod_4)YTTDPTVR,0.0038611182675912683,0.0
protein_npx__P80748,0.003851492259109309,0.0
delta1__protein_npx__P02750,0.003846812696694532,0.0
peptide_count__P02766,0.0038428368491050524,0.0
missing__protein_npx__P05408,0.003840536111138759,0.0
missing__peptide_mean__P05408,0.003840536111138759,0.0
missing__peptide_count__P05408,0.003840536111138759,0.0
slope1__peptide_log__VGYVSGWGR,0.003839850426255018,0.0
slope1__peptide_mean__P02753,0.0038363118843355803,0.0
lag1__protein_npx__P16870,0.0038361416376744297,0.0
slope1__protein_npx__P00441,0.0038312717008136777,0.0
rollmean2__peptide_count__P16070,0.003819808377473367,0.0
lag1__peptide_count__P05156,0.0038178000345344405,0.0
delta1__protein_npx__P61916,0.0038005683525788275,0.0
slope1__peptide_log__TSPVDEKALQDQLVLVAAK,0.003789902175453917,0.0
slope1__peptide_count__P04196,0.0037852021192082905,0.0
lag1__protein_npx__P01859,0.0037733111921657084,0.0
missing__protein_npx__P01591,0.0037699607274663646,0.0
missing__peptide_mean__P01591,0.0037699607274663646,0.0
missing__peptide_count__P01591,0.0037699607274663646,0.0
rollmean2__peptide_log__EDSLEAGLPLQVR,0.0037686410262569112,0.0
lag1__peptide_std__P00734,0.0037673290590833084,0.0
slope1__protein_npx__P01042,0.003765637608210444,0.0
lag1__protein_npx__P01031,0.003760424795882238,0.0
delta1__peptide_std__P08603,0.0037536083260532307,0.0
slope1__protein_npx__P07711,0.003743032124038953,0.0
delta1__peptide_mean__Q9UHG2,0.003740279137532704,0.0
delta1__peptide_mean__O75144,0.00373296176311116,0.0
delta1__peptide_std__P00751,0.0037212310505999936,0.0
rollmean2__protein_npx__Q6UXB8,0.003717952371309061,0.0
delta1__peptide_std__P00747,0.0037132191639559406,0.0
delta1__protein_npx__Q7Z3B1,0.003711485364115569,0.0
rollmean2__peptide_count__Q14624,0.003708500573965871,0.0
lag1__peptide_log__VTLTC(UniMod_4)VAPLSGVDFQLR,0.003705507509650961,0.0
missing__peptide_log__LIADLGSTSITNLGFR,0.003704290261964565,0.0
slope1__peptide_std__Q14118,0.0037016598339274,0.0
rollmean2__peptide_log__MASGAANVVGPK,0.0036993357398630257,0.0
lag1__peptide_std__O15240,0.003698190522686358,0.0
rollmean2__peptide_mean__P10643,0.0036975816031396486,0.0
lag1__peptide_log__MYYSAVDPTKDIFTGLIGPM(UniMod_35)K,0.0036947587539001158,0.0
slope1__peptide_std__P05060,0.003693877086362148,0.0
slope1__peptide_std__P02649,0.0036915585925633605,0.0
protein_npx__P04075,0.003690871916466116,0.0
lag1__peptide_std__Q96PD5,0.003673082555434754,0.0
lag1__peptide_log__LGPLVEQGRVR,0.003672641691463087,0.0
slope1__peptide_count__P27169,0.0036684482540822595,0.0
peptide_log__AVGDKLPEC(UniMod_4)EADDGC(UniMod_4)PKPPEIAHGYVEHSVR,0.0036637343155241707,0.0
slope1__peptide_count__O15240,0.003663112644448639,0.0
rollmean2__peptide_log__YVMLPVADQDQC(UniMod_4)IR,0.0036583921792173995,0.0
missing__peptide_log__C(UniMod_4)C(UniMod_4)VEC(UniMod_4)PPC(UniMod_4)PAPPVAGPSVFLFPPKPK,0.003653990072583399,0.0
slope1__protein_npx__P02679,0.003650422870660066,0.0
delta1__peptide_mean__P19823,0.003646647482895403,0.0
lag1__peptide_log__DSGFQM(UniMod_35)NQLR,0.0036390374030335466,0.0
lag1__peptide_std__P00746,0.0036342915657621385,0.0
slope1__protein_npx__P61769,0.003625378407691254,0.0
rollmean2__peptide_mean__Q9UBR2,0.003623373441778577,0.0
peptide_mean__Q7Z3B1,0.003622807773279258,0.0
peptide_log__ADDKETC(UniMod_4)FAEEGK,0.003620179129308095,0.0
slope1__peptide_count__P02647,0.003607455167915426,0.0
rollmean2__peptide_count__P01859,0.0036057756478255314,0.0
delta1__months_since_prev_visit,0.0036025708065935166,0.0
slope1__peptide_mean__P05090,0.003602198165203016,0.0
delta1__peptide_log__C(UniMod_4)VDVDEC(UniMod_4)APPAEPC(UniMod_4)GK,0.003601268651205969,0.0
delta1__protein_npx__P05546,0.0035973125594514774,0.0
delta1__peptide_mean__P20774,0.003595640790061864,0.0
slope1__protein_npx__P20774,0.003595545890160738,0.0
delta1__peptide_mean__P07998,0.0035914968842085315,0.0
lag1__peptide_mean__P40925,0.003588766971141264,0.0
protein_npx__P31997,0.0035858882930477854,0.0
slope1__peptide_missing_fraction,0.003582353499874832,0.0
slope1__peptide_feature_count,0.003582353499874386,0.0
peptide_mean__P02649,0.003581797669280961,0.0
rollmean2__protein_npx__P13987,0.003581518967878351,0.0
missing__peptide_std__P01857,0.0035780868729941894,0.0
rollmean2__peptide_mean__P07602,0.003573856590767104,0.0
rollmean2__peptide_mean__Q9Y6R7,0.003572198273973218,0.0
peptide_mean__P01011,0.0035656786610678867,0.0
lag1__peptide_mean__Q99435,0.0035620393927675155,0.0
slope1__peptide_count__Q9NQ79,0.0035609245302706907,0.0
peptide_count__P09871,0.0035557792923272737,0.0
rollmean2__protein_npx__Q7Z3B1,0.003553667448826003,0.0
lag1__peptide_observation_count,0.003547821430537739,0.0
lag1__peptide_mean__Q9NQ79,0.0035455356077836843,0.0
rollmean2__protein_npx__Q9Y646,0.003540343599237459,0.0
lag1__protein_npx__P01860,0.003536819475991718,0.0
slope1__peptide_mean__P61916,0.0035356367585218183,0.0
rollmean2__protein_npx__Q12907,0.003522727073342114,0.0
lag1__peptide_mean__P54289,0.0035226990782271047,0.0
rollmean2__protein_npx__P08493,0.0035221855240250804,0.0
rollmean2__peptide_count__P00441,0.003519513836693255,0.0
missing__peptide_mean__P36980,0.0035174420259610367,0.0
missing__peptide_count__P36980,0.0035174420259610367,0.0
missing__protein_npx__P36980,0.0035174420259610367,0.0
lag1__peptide_count__O15240,0.0035076727644211807,0.0
delta1__peptide_mean__P01011,0.003506139814996058,0.0
lag1__protein_npx__P02792,0.003492171647003018,0.0
delta1__protein_npx__P01608,0.003486660797856234,0.0
slope1__peptide_log__TQVNTQAEQLRR,0.0034846077186540666,0.0
protein_npx__P32754,0.0034811109540502224,0.0
rollmean2__peptide_std__P01023,0.0034756471279526737,0.0
slope1__peptide_count__P16035,0.0034724499505461425,0.0
rollmean2__protein_npx__P51884,0.0034719658336660355,0.0
delta1__peptide_mean__P01344,0.0034715515527179775,0.0
slope1__protein_npx__P01031,0.00347126678521465,0.0
slope1__protein_npx__P13671,0.0034666618220651644,0.0
peptide_log__AYQGVAAPFPK,0.003461060620426016,0.0
rollmean2__peptide_log__TM(UniMod_35)LLQPAGSLGSYSYR,0.003460707780622949,0.0
rollmean2__protein_npx__P06454,0.0034606123056593247,0.0
peptide_std__P01876,0.003457252552180563,0.0
protein_npx__P08493,0.0034568956903225307,0.0
lag1__peptide_std__P00450,0.0034477270069623407,0.0
missing__peptide_std__P08493,0.003447531605716167,0.0
slope1__peptide_log__SLAAAAGKQELAK,0.00344465695068155,0.0
slope1__peptide_mean__P61278,0.00344465695068155,0.0
rollmean2__peptide_mean__P04075,0.0034423227293524997,0.0
protein_npx__P02768,0.0034402682085971194,0.0
lag1__peptide_count__P05546,0.00342866629294766,0.0
rollmean2__peptide_mean__O00533,0.0034205635975810542,0.0
protein_npx__Q9UBR2,0.003414094252600859,0.0
slope1__peptide_mean__P07339,0.003411981895923468,0.0
delta1__peptide_log__LIADLGSTSITNLGFR,0.00341146664517832,0.0
rollmean2__protein_npx__Q9UBR2,0.0034095654869208017,0.0
peptide_count__P01042,0.003408412402047269,0.0
lag1__protein_npx__P01023,0.003405934710808788,0.0
peptide_mean__P07602,0.003401936113959734,0.0
slope1__peptide_count__P19823,0.0033892383157366488,0.0
lag1__protein_npx__P09104,0.003378289926073269,0.0
lag1__peptide_mean__P01717,0.003369932606505757,0.0
missing__peptide_log__RTPITVVK,0.0033692218457051456,0.0
slope1__protein_npx__Q7Z5P9,0.0033591952824147554,0.0
delta1__protein_npx__P01023,0.003357478260175006,0.0
peptide_std__P02652,0.00335404343198264,0.0
slope1__peptide_log__GYQLSDVDGVTC(UniMod_4)EDIDEC(UniMod_4)ALPTGGHIC(UniMod_4)SYR,0.003351360683387997,0.0
rollmean2__peptide_mean__P02656,0.0033480946807305624,0.0
delta1__peptide_count__P00751,0.0033464492179686033,0.0
delta1__protein_npx__P13671,0.0033410308318636063,0.0
rollmean2__peptide_log__DSGEGDFLAEGGGVR,0.0033246360817255766,0.0
peptide_mean__P00751,0.0033189755053615734,0.0
slope1__peptide_mean__Q8NBJ4,0.0033160027854864447,0.0
slope1__peptide_log__AEAQEAEDQQAR,0.0033155543911983403,0.0
lag1__peptide_mean__Q16610,0.0033151270319141126,0.0
delta1__peptide_mean__P02787,0.003311059952245042,0.0
lag1__peptide_mean__P13591,0.003308788073694753,0.0
peptide_count__P12109,0.0033058345966189132,0.0
protein_npx__P01857,0.003304516990264107,0.0
peptide_log__YVMLPVADQDQC(UniMod_4)IR,0.0033007876018012667,0.0
rollmean2__peptide_mean__Q14515,0.003300738432172283,0.0
delta1__peptide_count__P02787,0.0032977676066069574,0.0
delta1__peptide_count__P20774,0.003296949345076962,0.0
peptide_log__M(UniMod_35)ASGAANVVGPK,0.0032958823896761255,0.0
slope1__peptide_mean__Q6UXD5,0.003289499588514483,0.0
peptide_log__EDSLEAGLPLQVR,0.003288429930906988,0.0
delta1__protein_npx__Q13283,0.0032878529617179136,0.0
rollmean2__peptide_log__LGPLVEQGR,0.0032839561833060706,0.0
rollmean2__peptide_std__Q13740,0.003282262195009516,0.0
lag1__protein_npx__P14618,0.0032807354762750744,0.0
slope1__peptide_mean__P01591,0.003269987857844706,0.0
lag1__peptide_std__P01019,0.0032632611744457902,0.0
peptide_count__P04004,0.003262547969994384,0.0
delta1__protein_npx__Q14508,0.003261792287118823,0.0
delta1__peptide_std__P55290,0.0032601416921058165,0.0
slope1__peptide_count__P08571,0.003258532273900378,0.0
lag1__peptide_count__P51884,0.0032573597506994657,0.0
lag1__protein_npx__P02766,0.0032536348015565243,0.0
delta1__protein_npx__Q9UKV8,0.003251279004622321,0.0
missing__peptide_log__YIVSGTPTFVPYLIK,0.003250740143742391,0.0
rollmean2__protein_npx__P01019,0.0032504459802706765,0.0
delta1__peptide_count__P07602,0.0032501482378606466,0.0
slope1__peptide_std__P05090,0.0032441426941459796,0.0
delta1__peptide_mean__Q12805,0.003241844745691433,0.0
rollmean2__peptide_std__P02656,0.0032333125914122394,0.0
lag1__peptide_mean__P02747,0.003229214747945251,0.0
delta1__peptide_log__KFPSGTFEQVSQLVK,0.003227985402828924,0.0
lag1__peptide_count__P04433,0.003216988454747727,0.0
lag1__protein_npx__Q96KN2,0.0031981373846234886,0.0
slope1__protein_npx__Q16270,0.0031959995863549266,0.0
delta1__protein_npx__Q9BY67,0.003195426779400576,0.0
slope1__peptide_mean__Q16270,0.003192585328051993,0.0
missing__peptide_count__Q12907,0.003186993762678028,0.0
missing__protein_npx__Q12907,0.003186993762678028,0.0
missing__peptide_mean__Q12907,0.003186993762678028,0.0
lag1__peptide_count__P08603,0.0031856964464760753,0.0
lag1__peptide_log__NPDSSTTGPWC(UniMod_4)YTTDPTVR,0.003183336328693548,0.0
rollmean2__protein_npx__P05090,0.003177189702606794,0.0
slope1__peptide_std__Q16270,0.003173414218482657,0.0
peptide_count__P51884,0.003171524034418701,0.0
protein_npx__P00450,0.0031672146318517847,0.0
peptide_mean__P61626,0.003165912103064949,0.0
slope1__protein_npx__Q7Z3B1,0.0031636207210315815,0.0
slope1__peptide_observation_count,0.003161578948391569,0.0
rollmean2__peptide_count__P41222,0.0031530222970129517,0.0
protein_npx__Q12907,0.003150625377990009,0.0
lag1__peptide_mean__O15240,0.0031428943513480455,0.0
missing__peptide_log__SEALAVDGAGKPGAEEAQDPEGK,0.0031409529573619946,0.0
rollmean2__peptide_log__GEVQAMLGQSTEELR,0.0031352232306905608,0.0
lag1__peptide_mean__Q99832,0.003131041674654206,0.0
rollmean2__peptide_mean__Q9Y646,0.003123358647707932,0.0
delta1__peptide_log__TQVNTQAEQLRR,0.003120694927653508,0.0
delta1__protein_npx__P08603,0.0031111228549514486,0.0
slope1__protein_npx__P04433,0.00310802371492098,0.0
missing__peptide_mean__P16070,0.003101166625008156,0.0
missing__protein_npx__P16070,0.003101166625008156,0.0
missing__peptide_count__P16070,0.003101166625008156,0.0
slope1__peptide_count__P01009,0.003099176429775647,0.0
slope1__peptide_std__P01034,0.003096983259025117,0.0
protein_npx__P05090,0.003086274599295761,0.0
rollmean2__peptide_mean__Q6UXD5,0.003083089281307034,0.0
lag1__peptide_log__LDEVKEQVAEVR,0.0030814224125498032,0.0
delta1__peptide_log__AKLEEQAQQIR,0.003079722852299569,0.0
lag1__peptide_mean__Q99674,0.003075794952792705,0.0
lag1__peptide_mean__O00533,0.003074532231027412,0.0
delta1__peptide_mean__P02649,0.0030695215048772437,0.0
rollmean2__protein_npx__P49588,0.0030662396647267503,0.0
lag1__protein_npx__Q8NE71,0.0030575308751279134,0.0
protein_npx__P02753,0.0030491221348468815,0.0
missing__peptide_mean__P13611,0.0030482783998373292,0.0
missing__peptide_count__P13611,0.0030482783998373292,0.0
missing__protein_npx__P13611,0.0030482783998373292,0.0
delta1__protein_npx__Q96S96,0.0030479285235859212,0.0
delta1__protein_npx__Q13332,0.0030418998566662035,0.0
peptide_std__Q16270,0.003035928754284203,0.0
lag1__peptide_count__P16070,0.0030258501971686122,0.0
rollmean2__peptide_mean__P32754,0.0030255819081187888,0.0
peptide_mean__P02774,0.0030246657888562943,0.0
rollmean2__protein_npx__P05156,0.0030132733120931043,0.0
slope1__protein_npx__P02792,0.0030131846458202253,0.0
rollmean2__protein_npx__P80748,0.003004052240910345,0.0
missing__peptide_log__TKEEYGHSEVVEYYC(UniMod_4)NPR,0.002995453559466446,0.0
delta1__peptide_std__P20774,0.0029930858306459417,0.0
rollmean2__protein_npx__P04075,0.0029926928063408933,0.0
peptide_count__P04217,0.00298927896194061,0.0
missing__peptide_mean__Q99435,0.0029883440084494195,0.0
missing__peptide_count__Q99435,0.0029883440084494195,0.0
missing__protein_npx__Q99435,0.0029883440084494195,0.0
missing__peptide_std__Q14515,0.002987469140182187,0.0
peptide_log__GC(UniMod_4)PTEEGC(UniMod_4)GER,0.0029871595191881947,0.0
lag1__protein_npx__P01594,0.0029833919459192615,0.0
rollmean2__peptide_std__O00584,0.00297834503358657,0.0
slope1__peptide_mean__P05452,0.0029754560830927575,0.0
lag1__protein_npx__Q8NBJ4,0.0029708682456667606,0.0
lag1__protein_npx__P16035,0.0029665639630671024,0.0
missing__peptide_log__LRTEGDGVYTLNNEK,0.0029613447705205955,0.0
missing__peptide_log__YYWGGQYTWDMAK,0.0029600471334887616,0.0
slope1__peptide_count__Q13740,0.002956183517395998,0.0
slope1__peptide_count__P08493,0.0029532539371057193,0.0
lag1__protein_npx__Q99435,0.002948958830535144,0.0
slope1__protein_npx__P02768,0.002948131588667904,0.0
slope1__protein_npx__Q8NBJ4,0.0029435994491923945,0.0
peptide_log__QWAGLVEK,0.002943146541271599,0.0
lag1__peptide_mean__O94919,0.0029401597427165574,0.0
rollmean2__protein_npx__P02753,0.0029391068679742813,0.0
peptide_count__P01034,0.0029382293721534948,0.0
protein_npx__P01009,0.0029354838463070358,0.0
slope1__peptide_std__P05156,0.0029296354020755,0.0
rollmean2__peptide_mean__P01876,0.002928302009381907,0.0
lag1__peptide_log__GEVQAMLGQSTEELRVR,0.0029235836005548285,0.0
rollmean2__peptide_log__TTPPVLDSDGSFFLYSK,0.0029231045908419385,0.0
lag1__peptide_mean__P07998,0.0029195112225176025,0.0
protein_npx__P06681,0.0029177140706243155,0.0
peptide_log__VGYVSGWGR,0.002915493899714869,0.0
protein_missing_fraction,0.002909784303685516,0.0
protein_feature_count,0.002909784303685459,0.0
protein_npx__P13611,0.002901019867575106,0.0
slope1__peptide_std__P04004,0.0028935614173610756,0.0
rollmean2__peptide_count__P02768,0.0028931237565661375,0.0
rollmean2__peptide_mean__P80748,0.0028770974586086735,0.0
delta1__peptide_log__QWAGLVEK,0.002876172715968858,0.0
rollmean2__protein_npx__Q99829,0.0028759651811325407,0.0
slope1__peptide_mean__P06681,0.0028704425631528915,0.0
slope1__peptide_count__P19652,0.0028698945969575264,0.0
rollmean2__protein_npx__P02768,0.002869052502022885,0.0
peptide_mean__P12109,0.002861092733488914,0.0
slope1__peptide_mean__P04216,0.002859186497258502,0.0
slope1__peptide_abundance_mean,0.0028568809820906952,0.0
delta1__peptide_std__P00734,0.0028554954460606546,0.0
lag1__protein_npx__P00734,0.002854036533419367,0.0
lag1__peptide_std__Q9Y6R7,0.0028520008152891595,0.0
peptide_count__P08571,0.0028481388532055427,0.0
rollmean2__peptide_std__P01011,0.0028379768639675055,0.0
peptide_mean__P04075,0.0028378410487268665,0.0
rollmean2__protein_npx__P09104,0.0028348306280846424,0.0
peptide_count__P19823,0.0028293961994621157,0.0
delta1__protein_npx__P18065,0.0028212486264071186,0.0
slope1__peptide_count__P23142,0.00281971011387106,0.0
slope1__peptide_count__P04217,0.0028185358502343843,0.0
delta1__peptide_mean__P05156,0.002816667230742311,0.0
missing__peptide_mean__Q96S96,0.002810014759854915,0.0
missing__peptide_count__Q96S96,0.002810014759854915,0.0
missing__protein_npx__Q96S96,0.002810014759854915,0.0
delta1__peptide_mean__Q9NYU2,0.002803213300363235,0.0
rollmean2__peptide_count__P01019,0.0028030819658799565,0.0
slope1__peptide_count__P07339,0.002802784548971097,0.0
rollmean2__peptide_std__Q96KN2,0.002799049888557826,0.0
rollmean2__peptide_std__P02753,0.0027965808649208484,0.0
delta1__protein_npx__P12109,0.0027964949411318466,0.0
slope1__peptide_std__P02766,0.0027903980715683363,0.0
slope1__peptide_count__P13611,0.002789989303333811,0.0
missing__peptide_log__WELALGR,0.0027893237994947744,0.0
rollmean2__protein_npx__Q9UNU6,0.002782088822970336,0.0
peptide_abundance_min,0.002777327070598775,0.0
peptide_std__P00736,0.002777277536093608,0.0
delta1__peptide_mean__P01859,0.0027755967565582305,0.0
rollmean2__protein_npx__P13473,0.0027680258093550195,0.0
rollmean2__peptide_log__TSAHGNVAEGETKPDPDVTER,0.002754162893310217,0.0
lag1__peptide_log__VDNALQSGNSQESVTEQDSKDSTYSLSSTLTLSK,0.002753515000481151,0.0
peptide_std__P05155,0.0027502124052942354,0.0
rollmean2__protein_npx__P02790,0.0027487470419303526,0.0
delta1__peptide_std__P16070,0.0027401131575664314,0.0
lag1__peptide_std__Q9UBX5,0.002737496159143669,0.0
rollmean2__peptide_mean__P27169,0.002735735282549087,0.0
slope1__peptide_std__P01834,0.0027339089194337554,0.0
lag1__peptide_log__VQAAVGTSAAPVPSDNH,0.002727724470886807,0.0
slope1__peptide_mean__Q92520,0.0027249731687613928,0.0
delta1__protein_missing_fraction,0.002722758205337408,0.0
delta1__protein_feature_count,0.0027227582053373726,0.0
slope1__peptide_count__P36955,0.002718658194290026,0.0
protein_npx__P00751,0.0027146483315932312,0.0
delta1__protein_npx__P07711,0.0027010806562992075,0.0
rollmean2__peptide_mean__Q9BY67,0.0027006219659049765,0.0
delta1__peptide_count__P02647,0.002699544793778227,0.0
lag1__protein_npx__O14498,0.0026941638827213785,0.0
lag1__protein_npx__P01591,0.0026921537225378087,0.0
lag1__peptide_mean__P02792,0.00269145221684294,0.0
delta1__peptide_log__M(UniMod_35)YLGYEYVTAIR,0.002688383585858643,0.0
lag1__protein_npx__Q14118,0.0026850527143506353,0.0
delta1__protein_npx__P51884,0.0026808948411196,0.0
delta1__peptide_mean__P09871,0.0026804766650841776,0.0
peptide_mean__P11277,0.002679124280252409,0.0
peptide_count__P06727,0.0026785718328070987,0.0
delta1__peptide_count__P36955,0.002677803427543078,0.0
protein_npx__Q99435,0.0026777680147759145,0.0
peptide_mean__Q9UBR2,0.0026732612690395104,0.0
delta1__protein_npx__Q92823,0.0026728461019784253,0.0
lag1__protein_npx__P24592,0.002670227251221027,0.0
lag1__peptide_std__P19652,0.0026677616883144352,0.0
rollmean2__peptide_count__P08493,0.0026652461143101777,0.0
lag1__peptide_mean__O14498,0.002663858402941901,0.0
missing__peptide_std__O15240,0.002663448417289014,0.0
peptide_observation_count,0.0026590922254313407,0.0
slope1__peptide_mean__Q99683,0.0026578871895971,0.0
protein_npx__P01834,0.0026573964154760652,0.0
lag1__peptide_std__P02749,0.002656432740613908,0.0
delta1__peptide_mean__P08253,0.002652788025691515,0.0
rollmean2__peptide_log__LIADLGSTSITNLGFR,0.0026524112072446016,0.0
rollmean2__protein_npx__P10451,0.002643401264362811,0.0
slope1__peptide_count__P07225,0.0026414588304095126,0.0
delta1__peptide_count__Q13740,0.0026315998039822862,0.0
peptide_log__LRTEGDGVYTLNNEK,0.002625594558298638,0.0
slope1__protein_npx__P40925,0.0026007055146602884,0.0
delta1__peptide_mean__P01031,0.002598256496398342,0.0
lag1__peptide_mean__P07333,0.002594104483701068,0.0
lag1__peptide_log__AATGEC(UniMod_4)TATVGKR,0.002587539842437411,0.0
protein_npx__P00746,0.002584485603642765,0.0
rollmean2__peptide_std__P14618,0.0025823128624754684,0.0
lag1__peptide_count__P02768,0.0025812177183193803,0.0
slope1__protein_npx__P07602,0.002580766774738993,0.0
peptide_log__VTSIQDWVQK,0.0025711416825613615,0.0
lag1__peptide_mean__P01860,0.0025693379208204465,0.0
delta1__protein_npx__Q99435,0.0025682949546696385,0.0
rollmean2__peptide_mean__P04216,0.002563259121274634,0.0
slope1__protein_npx__O75144,0.0025534454391715933,0.0
slope1__peptide_std__P02679,0.0025500618824834936,0.0
rollmean2__peptide_mean__P08637,0.002549988586228587,0.0
peptide_abundance_mean,0.0025436848996856195,0.0
slope1__peptide_count__P01876,0.0025389132215204945,0.0
slope1__peptide_log__C(UniMod_4)VDVDEC(UniMod_4)APPAEPC(UniMod_4)GK,0.0025371551707319613,0.0
rollmean2__protein_npx__P05155,0.002535364005215481,0.0
peptide_mean__Q9UBX5,0.002530629782929059,0.0
lag1__protein_npx__P40925,0.0025236259658519946,0.0
lag1__peptide_count__P24592,0.002521508772406827,0.0
peptide_std__P01860,0.0025202135843414,0.0
lag1__protein_npx__P14174,0.00251966409738309,0.0
lag1__peptide_mean__P61769,0.0025127564152259223,0.0
delta1__peptide_mean__Q99832,0.002507353428632576,0.0
lag1__peptide_mean__P13521,0.002504908585669201,0.0
peptide_std__Q13740,0.0024972530833084405,0.0
slope1__protein_npx__P18065,0.0024951596185121853,0.0
delta1__protein_npx__P02747,0.0024923894753054975,0.0
delta1__protein_npx__O94919,0.002491425297389563,0.0
slope1__peptide_count__Q14624,0.0024851903960648285,0.0
lag1__peptide_mean__Q7Z5P9,0.002483254806014464,0.0
delta1__peptide_mean__P07339,0.002477358727248686,0.0
lag1__peptide_log__GYQLSDVDGVTC(UniMod_4)EDIDEC(UniMod_4)ALPTGGHIC(UniMod_4)SYR,0.0024754993829543305,0.0
protein_npx__P02652,0.0024751794158231477,0.0
rollmean2__protein_npx__P01857,0.0024744602573108553,0.0
rollmean2__peptide_mean__P02753,0.0024728403048915773,0.0
rollmean2__peptide_mean__P02766,0.0024723121658087556,0.0
delta1__peptide_abundance_sum,0.002470978677619533,0.0
slope1__peptide_std__Q12841,0.00246643547849396,0.0
protein_npx__P43652,0.002464922227931711,0.0
slope1__protein_npx__P02655,0.0024631561882940173,0.0
missing__peptide_log__QKVEPLRAELQEGAR,0.0024508321546587845,0.0
delta1__peptide_mean__P04196,0.002437527847868023,0.0
slope1__peptide_count__P02750,0.0024358278173957455,0.0
rollmean2__protein_npx__Q96KN2,0.0024319050174062503,0.0
slope1__peptide_mean__P00734,0.0024252372621263096,0.0
lag1__peptide_count__P01019,0.0024237329205500963,0.0
delta1__peptide_log__KQELSEAEQATR,0.0024220222797570294,0.0
slope1__peptide_mean__Q12805,0.002418125097633454,0.0
delta1__peptide_count__P02675,0.0024148983175314473,0.0
peptide_mean__P01717,0.0024096404764530643,0.0
peptide_count__P02768,0.0024079286124922762,0.0
lag1__peptide_std__P98160,0.0024065019510375674,0.0
rollmean2__peptide_std__P02750,0.002397827933737922,0.0
rollmean2__protein_npx__P07602,0.002397638852654644,0.0
slope1__protein_npx__P08637,0.0023970666738642238,0.0
rollmean2__peptide_feature_count,0.0023863145718767045,0.0
rollmean2__peptide_missing_fraction,0.0023863145718767045,0.0
rollmean2__peptide_log__SELEEQLTPVAEETR,0.002383488709575069,0.0
lag1__protein_npx__P07195,0.002382382227987456,0.0
delta1__protein_npx__Q02818,0.0023772338863402593,0.0
rollmean2__protein_npx__P02748,0.0023752496978987816,0.0
lag1__peptide_mean__P14174,0.002364337485983377,0.0
slope1__peptide_mean__Q96BZ4,0.002362545328708197,0.0
rollmean2__peptide_std__P10643,0.0023624192621654484,0.0
peptide_count__P24592,0.0023623644651717024,0.0
delta1__peptide_mean__P04180,0.002351981499179691,0.0
slope1__protein_npx__P04216,0.0023478991014379666,0.0
lag1__peptide_count__P02452,0.002347250346871287,0.0
protein_npx__P07602,0.0023469869693448255,0.0
slope1__peptide_log__AVLPTGDVIGDSAK,0.002344581570664181,0.0
lag1__peptide_std__P01876,0.0023421384798675083,0.0
rollmean2__peptide_log__SNSSM(UniMod_35)HITDC(UniMod_4)R,0.0023372924817010284,0.0
lag1__peptide_mean__Q7Z3B1,0.0023360470712531557,0.0
delta1__protein_npx__P08253,0.002332736407118236,0.0
lag1__protein_npx__Q12907,0.0023305251118129248,0.0
delta1__peptide_std__P01008,0.0023259780781702474,0.0
lag1__protein_npx__Q13332,0.0023256971086483965,0.0
peptide_mean__P01780,0.00232230320335871,0.0
delta1__peptide_std__O00584,0.00232200719339128,0.0
peptide_count__P02649,0.002318144479866594,0.0
slope1__protein_npx__P16152,0.002313669015844238,0.0
delta1__protein_npx__P35542,0.002309391360960852,0.0
lag1__peptide_std__O00584,0.002306722475311811,0.0
slope1__peptide_std__P61916,0.0023060356901921297,0.0
delta1__peptide_mean__P41222,0.0023020528378431874,0.0
rollmean2__peptide_log__VDNALQSGNSQESVTEQDSKDSTYSLSSTLTLSK,0.0023012263504914744,0.0
peptide_std__Q9UBX5,0.002300637765001006,0.0
lag1__peptide_mean__P02787,0.002298168033728954,0.0
peptide_log__KAADDTWEPFASGK,0.0022963472816553876,0.0
rollmean2__peptide_log__LGADM(UniMod_35)EDVC(UniMod_4)GR,0.0022906163715058405,0.0
peptide_log__TKEEYGHSEVVEYYC(UniMod_4)NPR,0.002290109016521498,0.0
slope1__peptide_mean__P08133,0.002286324932956726,0.0
lag1__protein_npx__Q96PD5,0.002283594071311072,0.0
peptide_log__C(UniMod_4)TSTGWIPAPR,0.002282126198936344,0.0
protein_npx__P13987,0.002274284840831858,0.0
slope1__protein_npx__O43505,0.0022656659149743216,0.0
slope1__peptide_log__KFPSGTFEQVSQLVK,0.0022556419794632627,0.0
lag1__peptide_std__P10909,0.0022554886141537595,0.0
delta1__peptide_count__P04217,0.00224932988103474,0.0
lag1__peptide_mean__P23083,0.002248683419449163,0.0
slope1__protein_npx__Q92520,0.0022481805848981397,0.0
slope1__peptide_std__P04217,0.002241140764727587,0.0
delta1__peptide_std__P09871,0.002240559047056628,0.0
lag1__peptide_count__P17174,0.0022376655887321743,0.0
delta1__protein_npx__P20774,0.0022375493490578266,0.0
rollmean2__peptide_std__P05546,0.0022322513220737394,0.0
slope1__protein_npx__Q14118,0.0022301762722752886,0.0
peptide_std__Q9Y6R7,0.002222475131641029,0.0
rollmean2__peptide_mean__O15394,0.0022201337546374107,0.0
lag1__protein_npx__Q99674,0.002217294467702765,0.0
peptide_log__TM(UniMod_35)LLQPAGSLGSYSYR,0.002209701306306419,0.0
lag1__peptide_mean__P19827,0.002202865225229586,0.0
protein_npx__P00738,0.0022002113303513696,0.0
lag1__peptide_count__P07339,0.002199088720055967,0.0
lag1__peptide_std__P24592,0.0021978792154542333,0.0
rollmean2__peptide_log__QIGSVYR,0.0021958336452693574,0.0
slope1__peptide_mean__Q08380,0.0021877050316088855,0.0
lag1__peptide_mean__P01009,0.002185723567628433,0.0
delta1__peptide_log__SWFEPLVEDM(UniMod_35)QR,0.0021765620894033896,0.0
rollmean2__peptide_count__Q9UHG2,0.0021722520642475864,0.0
delta1__protein_npx__P14618,0.0021712659358554998,0.0
slope1__peptide_mean__P07998,0.0021707419301151506,0.0
lag1__protein_npx__P02656,0.0021617809396102744,0.0
delta1__peptide_count__P61769,0.0021585444902410098,0.0
delta1__peptide_mean__P02751,0.002157178489683823,0.0
peptide_log__NPDSSTTGPWC(UniMod_4)YTTDPTVR,0.0021556863760455658,0.0
slope1__peptide_count__P05452,0.002154749772007004,0.0
slope1__peptide_log__KQELSEAEQATR,0.002153170124052775,0.0
slope1__peptide_log__VMPIC(UniMod_4)LPSKDYAEVGR,0.0021473555398491694,0.0
slope1__peptide_mean__P55290,0.0021464590616839443,0.0
peptide_mean__P01834,0.0021421451816582815,0.0
rollmean2__peptide_mean__P01833,0.00214182119408542,0.0
delta1__peptide_mean__P02766,0.002141197654524947,0.0
protein_npx__P14618,0.0021347635163498024,0.0
rollmean2__peptide_std__P08493,0.0021298458500763223,0.0
delta1__protein_npx__P55290,0.002112255835063389,0.0
lag1__peptide_log__LAVYQAGAR,0.0021059661498829562,0.0
lag1__peptide_mean__P18065,0.0021018499777026144,0.0
delta1__peptide_log__LSKELQAAQAR,0.0020988403858133685,0.0
slope1__peptide_abundance_sum,0.0020948924016966596,0.0
peptide_count__O15240,0.0020875308904971792,0.0
rollmean2__protein_npx__Q99674,0.0020797004725179933,0.0
protein_npx__Q14624,0.002077307992269129,0.0
rollmean2__peptide_mean__P13473,0.0020772081751857844,0.0
peptide_mean__P07195,0.002076095833305895,0.0
lag1__protein_npx__P02747,0.0020715461243808607,0.0
peptide_mean__P16035,0.0020702919716495526,0.0
missing__peptide_log__AATVGSLAGQPLQER,0.0020627693898678393,0.0
slope1__peptide_mean__P08637,0.0020606711161360383,0.0
peptide_mean__Q16610,0.002059992712792525,0.0
delta1__peptide_log__LPPTSAHGNVAEGETKPDPDVTER,0.002057541294298032,0.0
slope1__peptide_count__P14618,0.0020570770135047464,0.0
peptide_std__P02679,0.0020570515823236666,0.0
missing__peptide_log__ADDKETC(UniMod_4)FAEEGK,0.002050842634794299,0.0
delta1__peptide_count__P07339,0.0020505855572019675,0.0
lag1__protein_npx__Q92520,0.002049005119163881,0.0
slope1__protein_npx__P02787,0.0020446800008281666,0.0
lag1__peptide_abundance_sum,0.0020446315246620823,0.0
slope1__peptide_mean__P20774,0.0020423085364359157,0.0
lag1__peptide_count__Q92876,0.0020417078449162843,0.0
delta1__peptide_log__LQAEAFQAR,0.0020326710965949462,0.0
peptide_abundance_sum,0.002029418731924741,0.0
delta1__peptide_mean__P00441,0.0020293195448696797,0.0
slope1__protein_npx__Q6UXB8,0.0020292640945720887,0.0
slope1__peptide_mean__P04406,0.00202746106725105,0.0
missing__protein_npx__P05546,0.002024548779303331,0.0
missing__peptide_mean__P05546,0.002024548779303331,0.0
missing__peptide_count__P05546,0.002024548779303331,0.0
delta1__protein_npx__P04433,0.0020242821687832535,0.0
peptide_log__TEGDGVYTLNNEK,0.0020132744497117537,0.0
delta1__peptide_mean__P02753,0.0020119737954800714,0.0
delta1__peptide_count__P17174,0.0020084947333417883,0.0
delta1__peptide_std__P07998,0.0020084020670654255,0.0
rollmean2__peptide_std__P06681,0.001999935567067312,0.0
peptide_count__P55290,0.0019953140176643285,0.0
rollmean2__protein_npx__P13611,0.001992614713253955,0.0
rollmean2__peptide_mean__P02675,0.0019910160171987762,0.0
lag1__peptide_count__P08294,0.001984593881473919,0.0
delta1__peptide_abundance_max,0.00198135677009513,0.0
lag1__protein_npx__P25311,0.001980242571543258,0.0
slope1__peptide_std__O00533,0.0019761138768722144,0.0
delta1__peptide_count__P02679,0.0019656966092382157,0.0
slope1__peptide_log__C(UniMod_4)IIEVLSNALSK,0.0019557699179916957,0.0
rollmean2__peptide_log__GYQLSDVDGVTC(UniMod_4)EDIDEC(UniMod_4)ALPTGGHIC(UniMod_4)SYR,0.0019498557047257776,0.0
lag1__peptide_mean__Q8N2S1,0.001947294831145755,0.0
slope1__peptide_log__WELALGR,0.0019426844030635577,0.0
missing__peptide_std__P02763,0.0019407471946392499,0.0
rollmean2__peptide_mean__P02751,0.0019323111677794131,0.0
lag1__peptide_std__P05452,0.0019278247912772298,0.0
slope1__peptide_mean__Q99435,0.0019247730838314633,0.0
slope1__peptide_count__Q14118,0.001922303644173748,0.0
peptide_mean__Q14515,0.001916188526171641,0.0
rollmean2__peptide_mean__Q16270,0.0019154530693565857,0.0
delta1__peptide_mean__O00391,0.001914243902567641,0.0
slope1__peptide_mean__P01031,0.0019127809347975516,0.0
slope1__peptide_log__VLLDQLR,0.0019077436932170859,0.0
slope1__peptide_mean__Q9HDC9,0.0019077436932170859,0.0
slope1__peptide_std__P36955,0.0019018341500062104,0.0
delta1__protein_npx__P01860,0.001897495437828701,0.0
lag1__protein_npx__P02774,0.0018965089976733804,0.0
delta1__protein_npx__P16152,0.001893212556433078,0.0
peptide_log__FNKPFVFLM(UniMod_35)IEQNTK,0.001892026667965469,0.0
rollmean2__peptide_mean__P31997,0.0018869573364235258,0.0
delta1__peptide_count__P14618,0.0018829934459599837,0.0
lag1__protein_npx__P07998,0.00188244845957494,0.0
lag1__peptide_std__P07711,0.0018814061443643473,0.0
delta1__protein_npx__P05060,0.0018750913587383088,0.0
rollmean2__peptide_mean__P01594,0.0018714903924755468,0.0
peptide_log__LGADM(UniMod_35)EDVC(UniMod_4)GR,0.0018712159622043022,0.0
rollmean2__protein_npx__P01023,0.0018701578000992955,0.0
lag1__peptide_std__P02671,0.0018628528493418765,0.0
delta1__peptide_count__P01024,0.00184695530268147,0.0
delta1__peptide_mean__P35542,0.0018461440295465868,0.0
slope1__peptide_mean__P05546,0.0018434773623160106,0.0
rollmean2__peptide_count__P08697,0.0018423751007748122,0.0
delta1__peptide_mean__P25311,0.0018344534580286358,0.0
delta1__peptide_count__P18065,0.0018344514098331244,0.0
lag1__protein_npx__O00533,0.0018300041536052512,0.0
slope1__peptide_std__Q96KN2,0.001826302920145526,0.0
slope1__protein_npx__P49588,0.0018258209194564475,0.0
lag1__peptide_log__IMNGEADAMSLDGGFVYIAGK,0.0018243047044550586,0.0
peptide_count__Q14624,0.00181835651738984,0.0
delta1__peptide_mean__P01591,0.0018137788343346667,0.0
slope1__peptide_count__P13591,0.001810086302528251,0.0
protein_npx__P13521,0.0018094234579617478,0.0
delta1__peptide_log__SPVGVQPILNEHTFC(UniMod_4)AGMSK,0.001806480328983997,0.0
rollmean2__peptide_count__P02763,0.0018016763744457315,0.0
delta1__peptide_mean__P05067,0.0018012767713304575,0.0
peptide_count__Q92823,0.0017925242129889698,0.0
lag1__protein_npx__P17174,0.001791073846339939,0.0
rollmean2__protein_npx__P02760,0.0017909413681795484,0.0
delta1__peptide_mean__P08697,0.0017880117873363137,0.0
delta1__peptide_log__DSGFQM(UniMod_35)NQLR,0.0017833513249271519,0.0
protein_npx__P10451,0.0017755867013546584,0.0
rollmean2__peptide_log__QWAGLVEK,0.0017731445538850075,0.0
delta1__peptide_std__P08697,0.0017716470191446074,0.0
slope1__peptide_log__DSGEGDFLAEGGGVR,0.0017645916890727783,0.0
lag1__peptide_count__Q9Y6R7,0.001754816655320277,0.0
delta1__peptide_std__P01859,0.0017533677529530892,0.0
delta1__peptide_count__P02649,0.001753130338707953,0.0
delta1__peptide_mean__Q13451,0.0017517848947735232,0.0
lag1__peptide_mean__P11277,0.0017484286130241323,0.0
rollmean2__peptide_count__P08603,0.0017455014306019172,0.0
slope1__peptide_std__P00747,0.0017430362393972504,0.0
slope1__peptide_count__P04180,0.0017385345487089055,0.0
slope1__peptide_count__Q9UBX5,0.0017335533432738612,0.0
delta1__protein_npx__P43251,0.001728794236375438,0.0
slope1__protein_npx__P01608,0.0017287902165510928,0.0
protein_npx__O00533,0.0017212239497799836,0.0
lag1__peptide_std__P02649,0.0017185924091776563,0.0
delta1__peptide_mean__P00734,0.0017078927827067693,0.0
missing__peptide_log__VDSGNDVTDIADDGC(UniMod_4)PKPPEIAHGYVEHSVR,0.0017058688731754906,0.0
slope1__peptide_mean__P05156,0.0016952948930353201,0.0
lag1__protein_npx__Q99969,0.0016951132582140643,0.0
delta1__peptide_log__TSPVDEKALQDQLVLVAAK,0.0016870505160340081,0.0
missing__peptide_mean__P00746,0.0016761750064709785,0.0
missing__peptide_count__P00746,0.0016761750064709785,0.0
missing__protein_npx__P00746,0.0016761750064709785,0.0
peptide_count__P43652,0.001673308185605286,0.0
lag1__peptide_count__P00751,0.0016714096983464072,0.0
rollmean2__peptide_std__O75144,0.0016709509367126751,0.0
slope1__protein_npx__P55290,0.0016691144841783872,0.0
lag1__peptide_log__LGADMEDVC(UniMod_4)GR,0.0016627003928313593,0.0
delta1__peptide_std__P07602,0.0016608055705184645,0.0
rollmean2__peptide_count__P06727,0.0016511572874566038,0.0
rollmean2__protein_npx__Q13740,0.0016465733553273373,0.0
missing__peptide_log__LGPLVEQGRVR,0.0016459302774943566,0.0
missing__protein_npx__P14314,0.0016373601931396861,0.0
missing__peptide_count__P14314,0.0016373601931396861,0.0
missing__peptide_mean__P14314,0.0016373601931396861,0.0
missing__peptide_mean__P14618,0.001631642042910615,0.0
missing__peptide_count__P14618,0.001631642042910615,0.0
missing__protein_npx__P14618,0.001631642042910615,0.0
lag1__peptide_count__P02751,0.0016310729295522307,0.0
slope1__peptide_count__P02671,0.0016269386990368357,0.0
delta1__current_updrs_2,0.001625420570799612,0.0
rollmean2__protein_npx__Q99832,0.0016216675975863706,0.0
lag1__peptide_mean__P00746,0.0016150713589447425,0.0
peptide_mean__P05155,0.0016127164605819718,0.0
slope1__peptide_count__P02774,0.0016018451214870528,0.0
slope1__peptide_mean__P16152,0.0015963365208366675,0.0
slope1__peptide_log__SC(UniMod_4)SPELQQK,0.0015963365208366675,0.0
delta1__peptide_std__O94919,0.0015912734194628033,0.0
peptide_log__TPVSDRVTK,0.001589393204113194,0.0
missing__peptide_std__Q92876,0.0015800787603468473,0.0
peptide_std__Q12805,0.001579527010243582,0.0
lag1__peptide_log__C(UniMod_4)DSSPDSAEDVRK,0.00157772397721414,0.0
peptide_log__RGYQLSDVDGVTC(UniMod_4)EDIDEC(UniMod_4)ALPTGGHIC(UniMod_4)SYR,0.0015753195081493147,0.0
slope1__peptide_log__LPPTSAHGNVAEGETKPDPDVTER,0.001567960111621584,0.0
peptide_mean__P08603,0.001565560382945299,0.0
peptide_std__Q92876,0.0015555669423520811,0.0
lag1__peptide_mean__P00450,0.0015504811472375568,0.0
peptide_count__P07998,0.0015377196585081628,0.0
lag1__peptide_std__P04075,0.0015352614163165325,0.0
peptide_count__P05090,0.0015222569847483107,0.0
delta1__peptide_log__ALGISPFHEHAEVVFTANDSGPR,0.001522233183388132,0.0
lag1__peptide_std__Q06481,0.0015195457267901736,0.0
peptide_mean__Q92823,0.0015143232618924803,0.0
delta1__protein_npx__P23142,0.0015124359469788082,0.0
delta1__peptide_count__P02774,0.0015071971837918722,0.0
lag1__peptide_std__P30086,0.001506331560380702,0.0
rollmean2__peptide_std__Q16270,0.0015037800389204154,0.0
protein_npx__P01024,0.0015036891754683103,0.0
rollmean2__peptide_log__ATVNPSAPR,0.0015021244439492082,0.0
rollmean2__protein_npx__P01009,0.0015000625067933722,0.0
slope1__peptide_std__P07225,0.0014920930981109743,0.0
peptide_mean__Q96PD5,0.0014866458546272591,0.0
delta1__peptide_mean__P01834,0.0014835754771859032,0.0
slope1__protein_npx__P01861,0.0014774579071012478,0.0
slope1__peptide_log__SC(UniMod_4)DTPPPC(UniMod_4)PR,0.0014716859694015772,0.0
slope1__protein_npx__Q13451,0.0014706640583236447,0.0
rollmean2__protein_missing_fraction,0.0014699459142525266,0.0
rollmean2__protein_feature_count,0.0014699459142524871,0.0
slope1__peptide_log__HYTNPSQDVTVPC(UniMod_4)PVPPPPPC(UniMod_4)C(UniMod_4)HPR,0.0014681131053485691,0.0
delta1__peptide_mean__Q13283,0.001464793232946383,0.0
slope1__peptide_mean__P32754,0.0014631745190304944,0.0
lag1__protein_npx__P02787,0.0014601304811499096,0.0
peptide_mean__Q99674,0.0014591752582505816,0.0
lag1__peptide_count__P05060,0.0014562143426784461,0.0
delta1__peptide_log__TPLGDTTHTC(UniMod_4)PR,0.0014552395727550752,0.0
slope1__peptide_mean__P13591,0.00144571301983404,0.0
lag1__protein_npx__P05067,0.0014443263508347969,0.0
rollmean2__protein_npx__Q9BY67,0.0014426867140278716,0.0
lag1__peptide_count__P05090,0.0014424635349209944,0.0
missing__protein_npx__Q7Z3B1,0.001435033115393834,0.0
missing__peptide_mean__Q7Z3B1,0.001435033115393834,0.0
missing__peptide_count__Q7Z3B1,0.001435033115393834,0.0
rollmean2__peptide_count__P04075,0.0014338135748380013,0.0
slope1__peptide_log__NPDSSTTGPWC(UniMod_4)YTTDPTVR,0.001417081220868778,0.0
lag1__peptide_mean__Q8NBJ4,0.0014154718320980827,0.0
peptide_log__WELALGR,0.001411138192402638,0.0
lag1__protein_npx__Q08380,0.0014068326369114854,0.0
slope1__peptide_mean__P01019,0.0014049684521269948,0.0
slope1__protein_npx__P00734,0.0014018257757544349,0.0
peptide_log__TVVQPSVGAAAGPVVPPC(UniMod_4)PGR,0.001401511164289958,0.0
missing__peptide_log__DSGEGDFLAEGGGVR,0.0014009117745472908,0.0
rollmean2__peptide_abundance_mean,0.0013878167547509079,0.0
rollmean2__protein_npx__Q7Z5P9,0.0013873412254206163,0.0
slope1__peptide_log__LSKELQAAQAR,0.0013817175690991235,0.0
delta1__protein_npx__Q9UBX5,0.0013787770569677216,0.0
lag1__peptide_mean__P10451,0.0013760254338008979,0.0
slope1__peptide_log__DSGFQM(UniMod_35)NQLR,0.0013760001370500497,0.0
delta1__protein_npx__P00441,0.0013628630069883615,0.0
lag1__peptide_mean__Q14508,0.0013604131658083636,0.0
lag1__peptide_count__P00748,0.0013569236839285374,0.0
lag1__protein_npx__P98160,0.0013561309149147005,0.0
slope1__protein_npx__P01011,0.0013534664901466277,0.0
slope1__peptide_std__P04196,0.001350024989501515,0.0
delta1__peptide_log__DSGEGDFLAEGGGVR,0.0013486018491516134,0.0
peptide_mean__P04216,0.0013483202744018572,0.0
rollmean2__peptide_mean__P00746,0.0013452235442050953,0.0
delta1__protein_npx__P01859,0.001340933253215496,0.0
peptide_mean__P08637,0.0013318724269902557,0.0
rollmean2__peptide_mean__P02647,0.0013303452850820408,0.0
slope1__peptide_log__LRTEGDGVYTLNNEKQWINK,0.0013292240690721475,0.0
slope1__peptide_log__SGEATDGARPQALPEPMQESK,0.0013289468767621858,0.0
slope1__protein_npx__Q99683,0.0013226609613133983,0.0
rollmean2__peptide_log__M(UniMod_35)ASGAANVVGPK,0.0013206424445658766,0.0
delta1__peptide_std__P02748,0.0013200162787323692,0.0
delta1__protein_npx__O00391,0.0013155222284529538,0.0
peptide_mean__P09871,0.0013130788907152133,0.0
lag1__protein_npx__P02649,0.0013100565191443696,0.0
delta1__protein_npx__P05452,0.001309536191338458,0.0
rollmean2__peptide_mean__P02787,0.0013079253437349018,0.0
delta1__current_updrs_3,0.0013058681662188498,0.0
delta1__peptide_log__HYEGSTVPEK,0.0013008054070834715,0.0
missing__protein_npx__P61278,0.0012978592740866333,0.0
missing__peptide_mean__P61278,0.0012978592740866333,0.0
missing__peptide_log__SLAAAAGKQELAK,0.0012978592740866333,0.0
missing__peptide_count__P61278,0.0012978592740866333,0.0
peptide_std__P23142,0.001295879135937433,0.0
lag1__peptide_mean__P01031,0.0012896894270312286,0.0
missing__peptide_std__Q14118,0.0012873785862224352,0.0
lag1__peptide_std__P43121,0.0012850842595514183,0.0
lag1__peptide_log__QWAGLVEK,0.001281228541289187,0.0
delta1__peptide_log__LGPLVEQGR,0.001278374685464164,0.0
slope1__peptide_count__P61916,0.0012767899832996038,0.0
slope1__peptide_std__O15394,0.0012764682868929903,0.0
missing__peptide_std__Q12841,0.0012753162903077235,0.0
rollmean2__peptide_mean__P01008,0.0012612326791739533,0.0
slope1__protein_npx__P06681,0.0012577184898384722,0.0
slope1__protein_npx__Q12805,0.0012577128533268654,0.0
slope1__peptide_count__P01008,0.0012554107964287313,0.0
peptide_mean__P31997,0.0012553136870028629,0.0
peptide_count__P41222,0.0012511711638106416,0.0
lag1__peptide_log__C(UniMod_4)RDQLPYIC(UniMod_4)QFGIV,0.0012472619865041517,0.0
rollmean2__protein_npx__P00748,0.0012422234097940303,0.0
rollmean2__peptide_count__P04217,0.001241504337968989,0.0
rollmean2__protein_npx__P11277,0.0012325357935149307,0.0
rollmean2__protein_npx__P02747,0.0012304100981509075,0.0
peptide_std__P05090,0.0012246565791993885,0.0
delta1__protein_npx__O00584,0.0012232540936641942,0.0
lag1__peptide_mean__P08571,0.0012169804075125646,0.0
missing__months_since_prev_visit,0.0012134551741846604,0.0
has_previous_visit,0.0012134551741846604,0.0
slope1__peptide_count__P02649,0.0012112582731076081,0.0
peptide_log__LQAEAFQAR,0.0012096035210205365,0.0
protein_npx__P01019,0.001207780675480617,0.0
peptide_count__P18065,0.0012002170932693635,0.0
slope1__peptide_log__ALGISPFHEHAEVVFTANDSGPR,0.0011994484438067404,0.0
slope1__peptide_std__P20774,0.0011982091539585575,0.0
slope1__peptide_std__Q9Y6R7,0.001187711650579039,0.0
rollmean2__protein_npx__Q92876,0.0011855517609833464,0.0
delta1__peptide_count__P19823,0.0011835241862213608,0.0
slope1__peptide_mean__P01780,0.0011834160590505998,0.0
lag1__protein_npx__P13473,0.0011827007133079796,0.0
lag1__protein_npx__P01034,0.0011758587625693515,0.0
delta1__peptide_observation_count,0.0011744903842411034,0.0
slope1__peptide_mean__P06396,0.0011739638821990097,0.0
lag1__protein_npx__P13987,0.0011712040134932485,0.0
rollmean2__peptide_mean__P08603,0.0011711914108701019,0.0
delta1__peptide_mean__P07602,0.0011659997465255367,0.0
delta1__peptide_count__P07225,0.001161412845642537,0.0
lag1__peptide_mean__P06396,0.0011476557206312916,0.0
lag1__protein_npx__Q7Z5P9,0.0011468000308886264,0.0
delta1__peptide_count__P02750,0.0011467652516663558,0.0
slope1__protein_npx__P14618,0.001144994395878434,0.0
rollmean2__peptide_log__LEGQEEEEDNRDSSMK,0.0011408783232229021,0.0
rollmean2__peptide_mean__P02649,0.0011393011959134434,0.0
slope1__protein_npx__P00450,0.001125039569106056,0.0
rollmean2__peptide_std__P05452,0.0011210312783535683,0.0
protein_npx__P02751,0.001118611098891727,0.0
lag1__peptide_count__P98160,0.0011154049564302637,0.0
lag1__peptide_mean__Q9NYU2,0.001110095939114949,0.0
delta1__peptide_std__Q92823,0.0011013406964972155,0.0
missing__peptide_count__P00441,0.001097236927868661,0.0
missing__peptide_mean__P00441,0.001097236927868661,0.0
missing__protein_npx__P00441,0.001097236927868661,0.0
lag1__peptide_std__P61769,0.00109551305218847,0.0
slope1__peptide_count__P02768,0.0010921529712723318,0.0
lag1__peptide_count__P23142,0.001091407340425506,0.0
peptide_mean__P01860,0.0010864434722315333,0.0
rollmean2__peptide_std__Q08380,0.0010769735179253367,0.0
slope1__peptide_mean__O43505,0.00107545387982106,0.0
rollmean2__peptide_mean__P01034,0.0010747097041138203,0.0
rollmean2__protein_npx__P31997,0.0010745906307841552,0.0
peptide_mean__P16070,0.0010742010600265836,0.0
rollmean2__peptide_log__SFNRGEC(UniMod_4),0.0010650467250194768,0.0
slope1__peptide_std__P07711,0.0010638278447934553,0.0
peptide_count__P30086,0.0010593516606551292,0.0
slope1__peptide_count__P02748,0.0010537021362421882,0.0
peptide_mean__P61769,0.0010535778989882506,0.0
protein_npx__P24592,0.0010478407167709477,0.0
slope1__peptide_count__P14314,0.001047768050730115,0.0
rollmean2__peptide_log__C(UniMod_4)REILSVDC(UniMod_4)STNNPSQAK,0.0010464923984238271,0.0
slope1__peptide_log__YVM(UniMod_35)LPVADQDQC(UniMod_4)IR,0.001045347737327684,0.0
rollmean2__peptide_count__P00748,0.0010397315486799662,0.0
rollmean2__has_previous_visit,0.0010365411688253896,0.0
rollmean2__protein_npx__O00533,0.0010310759539356484,0.0
lag1__peptide_log__AYKSELEEQLTPVAEETR,0.001027591869939963,0.0
lag1__protein_npx__P00747,0.0010209804399914327,0.0
peptide_mean__P32754,0.0010168039999339307,0.0
delta1__protein_npx__P04216,0.0010166026603810232,0.0
slope1__protein_npx__P01019,0.0010148914467804835,0.0
delta1__peptide_std__Q9Y6R7,0.0010105139564684413,0.0
rollmean2__peptide_std__P07711,0.0010018342318870446,0.0
slope1__protein_npx__Q9UKV8,0.0009927469626706848,0.0
rollmean2__peptide_std__P01857,0.000986118156891411,0.0
lag1__protein_npx__P05452,0.0009846123159837558,0.0
protein_npx__Q9BY67,0.0009839285691324265,0.0
peptide_log__ILLQGTPVAQMTEDAVDAER,0.0009821686700753358,0.0
slope1__peptide_count__P02652,0.0009688937706176943,0.0
missing__peptide_log__TDASDVKPC(UniMod_4),0.0009638578025201877,0.0
peptide_count__P00747,0.0009636937585570844,0.0
lag1__protein_npx__Q99832,0.0009544319692800741,0.0
peptide_std__P05452,0.0009507731660491544,0.0
peptide_mean__P02671,0.0009451611495458713,0.0
delta1__peptide_mean__P05546,0.0009439338655903477,0.0
lag1__peptide_count__P02747,0.0009389451940956211,0.0
peptide_std__P06396,0.0009343263538201495,0.0
lag1__peptide_mean__P13987,0.0009268803348800021,0.0
rollmean2__peptide_mean__P02790,0.0009232781250285402,0.0
delta1__peptide_mean__P10909,0.0009199900692015714,0.0
slope1__peptide_mean__P01024,0.0009067188840242167,0.0
delta1__peptide_log__SELEEQLTPVAEETR,0.0009064037027369932,0.0
delta1__peptide_mean__P00736,0.0009055079060741664,0.0
peptide_mean__P02766,0.0009001958420537388,0.0
delta1__peptide_log__LSNENHGIAQR,0.0008984953697221343,0.0
missing__peptide_count__P32754,0.0008960747236741185,0.0
missing__protein_npx__P32754,0.0008960747236741185,0.0
missing__peptide_mean__P32754,0.0008960747236741185,0.0
lag1__protein_npx__Q8N2S1,0.000894686332433093,0.0
slope1__peptide_log__LGADMEDVC(UniMod_4)GR,0.0008941985296783963,0.0
missing__protein_npx__P35542,0.0008901900710902013,0.0
missing__peptide_count__P35542,0.0008901900710902013,0.0
missing__peptide_mean__P35542,0.0008901900710902013,0.0
peptide_mean__P02751,0.0008867986566872846,0.0
lag1__peptide_mean__P01859,0.0008860821558314119,0.0
missing__protein_npx__Q8N2S1,0.0008853526774126035,0.0
missing__peptide_count__Q8N2S1,0.0008853526774126035,0.0
missing__peptide_mean__Q8N2S1,0.0008853526774126035,0.0
protein_npx__P04433,0.0008851799172904644,0.0
rollmean2__peptide_log__VQPYLDDFQKK,0.0008851470891548886,0.0
protein_npx__Q99674,0.0008848989691277105,0.0
lag1__peptide_log__NFPPSQDASGDLYTTSSQLTLPATQC(UniMod_4)PDGK,0.0008811565238190713,0.0
lag1__peptide_log__HYEGSTVPEK,0.0008693595601751578,0.0
lag1__protein_npx__P02675,0.0008599191990400359,0.0
lag1__peptide_count__P01008,0.0008571068805243104,0.0
lag1__peptide_mean__Q96PD5,0.0008401203507441748,0.0
slope1__protein_npx__O00584,0.0008399048548955796,0.0
rollmean2__protein_npx__P04433,0.0008374244627427387,0.0
peptide_log__TTPPVLDSDGSFFLYSK,0.0008308375350117006,0.0
lag1__peptide_std__Q92876,0.0008297796119238296,0.0
delta1__peptide_log__RLEGQEEEEDNRDSSMK,0.0008277063458362145,0.0
lag1__peptide_log__FLATTPNSLLVSWQPPR,0.0008270815731549836,0.0
lag1__protein_npx__Q7Z3B1,0.0008240280766498917,0.0
slope1__peptide_log__LDEVKEQVAEVR,0.0008240269424421222,0.0
delta1__peptide_mean__P06454,0.0008135940973989895,0.0
slope1__peptide_mean__P02766,0.0008074119676751292,0.0
slope1__protein_npx__P01008,0.0008017791445782336,0.0
peptide_mean__P08253,0.0008004680739762464,0.0
rollmean2__protein_npx__P09871,0.0007955922035210628,0.0
slope1__protein_npx__Q96KN2,0.0007930104489564532,0.0
rollmean2__peptide_log__LQAEAFQAR,0.0007867411122137583,0.0
slope1__peptide_std__P05452,0.0007832584991757779,0.0
slope1__protein_npx__P23142,0.0007777730882906301,0.0
slope1__peptide_count__P02675,0.0007701049250732615,0.0
delta1__peptide_log__FNKPFVFLM(UniMod_35)IEQNTK,0.0007657395576458297,0.0
slope1__protein_npx__P12109,0.0007651450083574659,0.0
delta1__peptide_count__P10645,0.0007596605809031347,0.0
delta1__protein_npx__P32754,0.000759512270423392,0.0
rollmean2__protein_npx__Q6UXD5,0.000759256388600903,0.0
rollmean2__peptide_count__Q12841,0.0007557299381114792,0.0
rollmean2__peptide_abundance_sum,0.0007543085527466769,0.0
missing__peptide_log__KVEQAVETEPEPELR,0.0007530270985454173,0.0
lag1__peptide_log__LQAEAFQAR,0.000752534345385198,0.0
rollmean2__peptide_observation_count,0.0007515831436189742,0.0
delta1__peptide_log__LGADMEDVC(UniMod_4)GR,0.0007492901462857686,0.0
missing__peptide_mean__O60888,0.0007491830262097083,0.0
missing__peptide_count__O60888,0.0007491830262097083,0.0
missing__protein_npx__O60888,0.0007491830262097083,0.0
protein_npx__Q92876,0.0007457742447249556,0.0
missing__peptide_log__M(UniMod_35)ASGAANVVGPK,0.0007414354463714302,0.0
rollmean2__peptide_std__P01834,0.0007395247893730849,0.0
slope1__peptide_mean__P07195,0.0007331482042294311,0.0
lag1__peptide_count__P02750,0.0007237686464777177,0.0
lag1__peptide_log__DLATVYVDVLK,0.0007182195842523739,0.0
rollmean2__peptide_mean__P05090,0.0007156041821515187,0.0
slope1__peptide_log__LIADLGSTSITNLGFR,0.0007127798768547532,0.0
lag1__protein_npx__P39060,0.0007122301880294722,0.0
delta1__peptide_std__P04075,0.0007113249046912963,0.0
delta1__peptide_log__SLAAAAGKQELAK,0.0007108044084959223,0.0
delta1__peptide_mean__P61278,0.0007108044084959223,0.0
peptide_log__SELEEQLTPVAEETR,0.00069728178353427,0.0
peptide_mean__P27169,0.0006915657634567353,0.0
missing__peptide_std__P16070,0.0006853968101970984,0.0
peptide_std__P02753,0.0006843085315162976,0.0
peptide_log__TLLSNLEEAKK,0.0006778315860980798,0.0
rollmean2__peptide_count__Q9Y6R7,0.000677173875445443,0.0
slope1__peptide_count__P01019,0.0006768918656857815,0.0
slope1__peptide_log__SGELEQEEER,0.0006756911469062602,0.0
slope1__peptide_mean__P19827,0.0006733031984924824,0.0
rollmean2__peptide_mean__P01860,0.0006698841087587622,0.0
slope1__peptide_log__TTPPVLDSDGSFFLYSK,0.0006667549163396597,0.0
slope1__peptide_log__GEVQAMLGQSTEELR,0.0006603215112253213,0.0
lag1__peptide_mean__P04275,0.0006593598555401359,0.0
slope1__peptide_mean__P30086,0.0006561210493584043,0.0
delta1__protein_npx__P31997,0.0006518218274982398,0.0
slope1__protein_npx__P16070,0.0006441800954230621,0.0
lag1__protein_npx__P17936,0.0006423004932502643,0.0
rollmean2__peptide_log__TLLSNLEEAKK,0.0006401654528586654,0.0
rollmean2__peptide_mean__Q14508,0.0006400365450268191,0.0
lag1__peptide_std__P01834,0.0006366929232180262,0.0
lag1__peptide_count__P05452,0.0006338568078056469,0.0
peptide_log__QQETAAAETETR,0.0006277124273894441,0.0
rollmean2__protein_npx__P13521,0.0006254291354404917,0.0
slope1__peptide_mean__P01834,0.0006239339957509974,0.0
missing__protein_npx__P09104,0.0006183333835341271,0.0
missing__peptide_mean__P09104,0.0006183333835341271,0.0
missing__peptide_count__P09104,0.0006183333835341271,0.0
peptide_std__Q96KN2,0.0006151852891037991,0.0
peptide_log__QKVEPLRAELQEGAR,0.0006115927067842918,0.0
peptide_count__P13987,0.000608170524723829,0.0
rollmean2__peptide_mean__P09871,0.0006056437661855236,0.0
slope1__protein_npx__P17936,0.0006044635847063324,0.0
peptide_std__P02787,0.0006000171726426327,0.0
missing__protein_npx__Q06481,0.0005999690641888891,0.0
missing__peptide_count__Q06481,0.0005999690641888891,0.0
missing__peptide_mean__Q06481,0.0005999690641888891,0.0
lag1__peptide_std__P16870,0.0005948655996673674,0.0
lag1__protein_npx__P07602,0.00059394496943116,0.0
delta1__peptide_count__O94919,0.0005934253035181715,0.0
slope1__protein_npx__P19827,0.0005927331985625553,0.0
slope1__peptide_std__P10643,0.000591706998262214,0.0
lag1__protein_npx__P04433,0.0005890947783044532,0.0
rollmean2__peptide_log__C(UniMod_4)KPVNTFVHEPLVDVQNVC(UniMod_4)FQEK,0.0005887285938716551,0.0
slope1__protein_npx__O00533,0.0005869219735362254,0.0
slope1__protein_npx__O14498,0.0005849191757907889,0.0
rollmean2__peptide_mean__Q92876,0.000574924548962041,0.0
peptide_log__SC(UniMod_4)SPELQQK,0.0005747082035113084,0.0
peptide_mean__P16152,0.0005747082035113084,0.0
slope1__peptide_count__P07998,0.0005719879942338638,0.0
slope1__peptide_std__P00751,0.0005705078709026468,0.0
lag1__protein_npx__P00441,0.0005660485724144012,0.0
peptide_std__P00748,0.0005599367907095367,0.0
lag1__protein_npx__P02750,0.0005579222571613522,0.0
missing__peptide_count__P43121,0.0005545746088885667,0.0
missing__peptide_mean__P43121,0.0005545746088885667,0.0
missing__protein_npx__P43121,0.0005545746088885667,0.0
lag1__peptide_std__Q08380,0.0005542800084564968,0.0
lag1__peptide_missing_fraction,0.0005398308190538944,0.0
lag1__peptide_feature_count,0.000539830819053891,0.0
missing__peptide_log__VKDLATVYVDVLK,0.0005372287368987887,0.0
peptide_count__P16070,0.0005315301076786257,0.0
delta1__peptide_log__AATGEC(UniMod_4)TATVGKR,0.0005251926915591089,0.0
peptide_mean__P05090,0.0005222888008435567,0.0
lag1__peptide_mean__P13473,0.0005193265698648262,0.0
slope1__peptide_count__P02787,0.0005169680161100639,0.0
delta1__peptide_mean__P02792,0.0005002396772116059,0.0
missing__peptide_mean__P16152,0.000494137319096133,0.0
missing__protein_npx__P16152,0.000494137319096133,0.0
missing__peptide_count__P16152,0.000494137319096133,0.0
missing__peptide_log__SC(UniMod_4)SPELQQK,0.000494137319096133,0.0
delta1__peptide_log__DASGVTFTWTPSSGK,0.000489854951948047,0.0
missing__protein_npx__P07333,0.000484534098598883,0.0
missing__peptide_count__P07333,0.000484534098598883,0.0
missing__peptide_mean__P07333,0.000484534098598883,0.0
delta1__peptide_mean__P02749,0.0004816498594839639,0.0
missing__peptide_log__QQETAAAETETR,0.00048122367714201376,0.0
rollmean2__peptide_mean__P01834,0.0004550191210848336,0.0
slope1__protein_npx__P05060,0.00044640238726614817,0.0
peptide_mean__O15240,0.0004367559122655473,0.0
rollmean2__peptide_count__P02649,0.00043127893841306183,0.0
missing__protein_npx__Q9BY67,0.00043072355780739483,0.0
missing__peptide_mean__Q9BY67,0.00043072355780739483,0.0
missing__peptide_count__Q9BY67,0.00043072355780739483,0.0
lag1__peptide_mean__P07195,0.000428999809882935,0.0
rollmean2__peptide_mean__P08493,0.0004246327110584282,0.0
delta1__peptide_std__Q12907,0.0004210550984835526,0.0
lag1__protein_npx__P10451,0.00041341738313690666,0.0
protein_npx__Q9HDC9,0.00040924212774017573,0.0
missing__peptide_std__Q13740,0.0004080808916138635,0.0
slope1__peptide_log__LGPLVEQGR,0.0004070483383629117,0.0
rollmean2__peptide_log__GEVQAMLGQSTEELRVR,0.0004026465260951424,0.0
slope1__peptide_count__P02452,0.0003984810787435033,0.0
rollmean2__peptide_log__YYWGGQYTWDMAK,0.0003974540214698326,0.0
protein_npx__P01833,0.00039198748029215614,0.0
missing__peptide_mean__P11277,0.0003905603225805174,0.0
missing__protein_npx__P11277,0.0003905603225805174,0.0
missing__peptide_count__P11277,0.0003905603225805174,0.0
delta1__protein_npx__P61278,0.0003841689917510028,0.0
slope1__peptide_mean__O14498,0.00038111177112196674,0.0
lag1__peptide_count__P00747,0.00037629351012727564,0.0
slope1__peptide_mean__P10645,0.0003733747714439414,0.0
slope1__protein_npx__P39060,0.0003706426481700128,0.0
delta1__peptide_log__LRTEGDGVYTLNNEKQWINK,0.0003704142930031288,0.0
rollmean2__protein_npx__Q92823,0.00037036206513757307,0.0
rollmean2__peptide_mean__Q92823,0.0003665608870380979,0.0
delta1__peptide_std__P05452,0.000365885690110902,0.0
slope1__peptide_log__AATGEC(UniMod_4)TATVGKR,0.00036484898252939327,0.0
peptide_std__Q6UXB8,0.00036434313160071854,0.0
peptide_mean__P13987,0.000361241424706253,0.0
lag1__peptide_std__O94919,0.00036079212776415686,0.0
delta1__protein_npx__Q12805,0.00036054417842889175,0.0
slope1__peptide_log__DLATVYVDVLK,0.00035841681912999454,0.0
rollmean2__peptide_log__FM(UniMod_35)ETVAEK,0.00035044652391471025,0.0
delta1__peptide_std__P17174,0.0003487197129689121,0.0
protein_npx__P10643,0.0003479998204201358,0.0
rollmean2__peptide_std__P08697,0.00034505179176039973,0.0
lag1__protein_missing_fraction,0.00034238715625409716,0.0
lag1__protein_feature_count,0.00034238715625409347,0.0
slope1__peptide_count__P20774,0.0003399052580523586,0.0
slope1__peptide_std__O94919,0.0003147741348781471,0.0
lag1__peptide_mean__P02647,0.0003144090272451756,0.0
protein_npx__Q92823,0.0003142821980941006,0.0
rollmean2__peptide_log__YIVSGTPTFVPYLIK,0.00030825291987823084,0.0
rollmean2__protein_npx__P02751,0.00030340503415854706,0.0
delta1__peptide_std__P61769,0.000301386169579955,0.0
rollmean2__peptide_count__P18065,0.00029886191331700073,0.0
slope1__peptide_std__P16070,0.00029809441854689543,0.0
protein_npx__Q13740,0.0002969938256829338,0.0
protein_npx__P02787,0.00029687209361965174,0.0
lag1__peptide_abundance_std,0.0002953186511920715,0.0
lag1__peptide_count__P02766,0.0002866123164319984,0.0
lag1__peptide_mean__Q13283,0.00027698237155432463,0.0
slope1__peptide_mean__P41222,0.00027535892268525764,0.0
rollmean2__protein_npx__O75326,0.000272033228385866,0.0
lag1__protein_npx__P01833,0.00026740483502538554,0.0
lag1__peptide_std__P05546,0.0002659941715304659,0.0
slope1__protein_npx__P13987,0.0002654585507790306,0.0
missing__peptide_log__SSQGGSLPSEEK,0.0002580286047152286,0.0
rollmean2__peptide_log__C(UniMod_4)RDQLPYIC(UniMod_4)QFGIV,0.0002517708376309436,0.0
lag1__peptide_log__EDSLEAGLPLQVR,0.0002505260411469672,0.0
peptide_std__P08697,0.0002479325216223389,0.0
rollmean2__peptide_log__VDSGNDVTDIADDGC(UniMod_4)PKPPEIAHGYVEHSVR,0.0002421904525873366,0.0
delta1__peptide_log__YVMLPVADQDQC(UniMod_4)IR,0.00024018308146859382,0.0
protein_npx__Q8IWV7,0.00023796415022810295,0.0
lag1__peptide_log__C(UniMod_4)TSTGWIPAPR,0.00023676294147745067,0.0
peptide_mean__P01031,0.00023578920626067851,0.0
slope1__peptide_count__P08603,0.00023281698599709555,0.0
rollmean2__peptide_mean__P10451,0.00023106198635976165,0.0
delta1__has_previous_visit,0.00022811168704418752,0.0
lag1__has_previous_visit,0.00022811168704418752,0.0
rollmean2__protein_npx__Q14118,0.00022143430721875947,0.0
slope1__peptide_mean__Q99829,0.00021817728545474638,0.0
peptide_log__C(UniMod_4)IIEVLSNALSK,0.00021547853473947778,0.0
peptide_log__GEVQAMLGQSTEELRVR,0.00021450179575168598,0.0
rollmean2__protein_npx__P04004,0.00020981176159668875,0.0
slope1__protein_npx__P31997,0.000205734109108769,0.0
lag1__protein_npx__P02652,0.00019987329264438576,0.0
slope1__peptide_log__SSQGGSLPSEEK,0.0001978937939041194,0.0
rollmean2__peptide_log__C(UniMod_4)TSTGWIPAPR,0.00019485905599557474,0.0
rollmean2__peptide_std__P98160,0.00019444391230687862,0.0
slope1__protein_npx__P25311,0.0001928082032557088,0.0
slope1__peptide_mean__P31997,0.0001837155016121637,0.0
lag1__protein_npx__P13521,0.00017507981940533335,0.0
peptide_mean__P02647,0.0001736994477312929,0.0
slope1__protein_npx__P08571,0.000172938465236773,0.0
delta1__peptide_std__Q14118,0.00016475176172648187,0.0
slope1__peptide_mean__P02647,0.00015818772095920342,0.0
lag1__peptide_mean__P24592,0.00015592617940126356,0.0
slope1__peptide_mean__Q13332,0.00015583119939467096,0.0
peptide_mean__Q14508,0.00015398254350426055,0.0
slope1__peptide_log__TLLSNLEEAKK,0.00014694985434155766,0.0
delta1__protein_npx__P10909,0.00013798343192260347,0.0
delta1__peptide_std__P61916,0.00011237381747513944,0.0
delta1__peptide_count__P61916,0.0001119694231047986,0.0
protein_npx__P08637,0.00010141628616576932,0.0
protein_npx__Q7Z3B1,9.765630949891802e-05,0.0
rollmean2__protein_npx__P01031,9.71726088807383e-05,0.0
rollmean2__peptide_mean__Q99674,8.913450823327373e-05,0.0
rollmean2__peptide_mean__P13521,8.497499276036737e-05,0.0
protein_npx__P11277,8.214223356779187e-05,0.0
lag1__peptide_log__SGEATDGARPQALPEPMQESK,7.466936778108166e-05,0.0
slope1__peptide_log__LSNENHGIAQR,7.313660059555979e-05,0.0
delta1__peptide_mean__Q08380,7.040710574795966e-05,0.0
lag1__peptide_count__P01042,6.6777929160255e-05,0.0
delta1__peptide_mean__P02647,6.591797095894497e-05,0.0
peptide_mean__P05452,5.985520364604246e-05,0.0
delta1__peptide_mean__P01860,5.893911481357607e-05,0.0
delta1__protein_npx__P07602,5.765712375403466e-05,0.0
lag1__peptide_count__Q12841,5.608996551803494e-05,0.0
lag1__protein_npx__P02768,5.4689758194677565e-05,0.0
peptide_mean__P02787,5.1875156796124065e-05,0.0
peptide_mean__P43652,5.0281391904232464e-05,0.0
protein_npx__P02747,4.8958085073792406e-05,0.0
rollmean2__protein_npx__P04196,4.525106008572229e-05,0.0
lag1__protein_npx__Q9UKV8,4.279826083705533e-05,0.0
rollmean2__protein_npx__Q96PD5,4.156408330720855e-05,0.0
peptide_log__AYKSELEEQLTPVAEETR,4.134725967790268e-05,0.0
protein_npx__P07711,4.029833322024862e-05,0.0
rollmean2__peptide_mean__Q7Z3B1,3.747184903449393e-05,0.0
missing__peptide_log__TSPVDEKALQDQLVLVAAK,3.331765213929814e-05,0.0
delta1__peptide_mean__Q92823,3.0486134275863617e-05,0.0
protein_npx__P01023,2.4930232621156767e-05,0.0
protein_npx__Q96KN2,2.308899140709865e-05,0.0
delta1__peptide_log__TLLSNLEEAKK,2.043941358093432e-05,0.0
rollmean2__peptide_mean__P16152,1.0210018799529791e-05,0.0
rollmean2__peptide_log__SC(UniMod_4)SPELQQK,1.0210018799529791e-05,0.0
missing__peptide_log__TM(UniMod_35)LLQPAGSLGSYSYR,2.960045240707675e-06,0.0
peptide_log__MASGAANVVGPK,1.1954341197291647e-06,0.0
peptide_count__Q9UNU6,0.0,0.0
peptide_count__Q9Y646,0.0,0.0
peptide_count__Q99435,0.0,0.0
rollmean2__peptide_count__P04211,0.0,0.0
rollmean2__peptide_count__P04216,0.0,0.0
rollmean2__peptide_count__P04275,0.0,0.0
rollmean2__peptide_count__P04406,0.0,0.0
peptide_count__Q99683,0.0,0.0
peptide_count__Q99829,0.0,0.0
peptide_count__Q99832,0.0,0.0
peptide_count__Q99969,0.0,0.0
peptide_count__Q9BY67,0.0,0.0
peptide_count__Q9HDC9,0.0,0.0
peptide_count__Q9UKV8,0.0,0.0
peptide_count__Q9UBR2,0.0,0.0
missing__peptide_count__P00748,0.0,0.0
missing__peptide_count__P00751,0.0,0.0
missing__peptide_count__P01008,0.0,0.0
missing__peptide_count__P01009,0.0,0.0
missing__peptide_count__P01011,0.0,0.0
missing__peptide_count__P01019,0.0,0.0
missing__peptide_count__P01023,0.0,0.0
missing__peptide_count__P01024,0.0,0.0
missing__peptide_count__O15240,0.0,0.0
missing__peptide_count__O43505,0.0,0.0
missing__peptide_count__O75144,0.0,0.0
peptide_count__Q9NYU2,0.0,0.0
missing__peptide_std__P10909,0.0,0.0
delta1__peptide_count__O00391,0.0,0.0
delta1__peptide_count__O14498,0.0,0.0
missing__peptide_std__P05155,0.0,0.0
missing__peptide_std__P05452,0.0,0.0
missing__peptide_std__P06396,0.0,0.0
missing__peptide_std__P06727,0.0,0.0
missing__peptide_std__P07339,0.0,0.0
missing__peptide_std__P07602,0.0,0.0
missing__peptide_std__P07998,0.0,0.0
missing__peptide_std__P08294,0.0,0.0
rollmean2__peptide_count__P08253,0.0,0.0
rollmean2__peptide_count__P02655,0.0,0.0
rollmean2__peptide_count__P08133,0.0,0.0
peptide_count__O14498,0.0,0.0
peptide_count__O14791,0.0,0.0
peptide_count__O43505,0.0,0.0
peptide_count__O60888,0.0,0.0
peptide_count__O75326,0.0,0.0
rollmean2__peptide_count__P05408,0.0,0.0
rollmean2__peptide_count__P06310,0.0,0.0
rollmean2__peptide_count__P06454,0.0,0.0
rollmean2__peptide_count__P07195,0.0,0.0
rollmean2__peptide_count__P07333,0.0,0.0
rollmean2__peptide_count__P07858,0.0,0.0
rollmean2__peptide_count__P08123,0.0,0.0
peptide_count__P06454,0.0,0.0
peptide_count__O00391,0.0,0.0
missing__peptide_count__P02679,0.0,0.0
missing__peptide_count__P02747,0.0,0.0
missing__peptide_count__P02748,0.0,0.0
missing__peptide_count__P02749,0.0,0.0
missing__peptide_count__P02750,0.0,0.0
missing__peptide_count__P02751,0.0,0.0
missing__peptide_count__P02753,0.0,0.0
missing__peptide_count__P02760,0.0,0.0
missing__peptide_count__P01860,0.0,0.0
missing__peptide_count__P01876,0.0,0.0
missing__peptide_count__P02647,0.0,0.0
missing__peptide_count__P02649,0.0,0.0
missing__peptide_count__P00450,0.0,0.0
missing__peptide_count__P02656,0.0,0.0
missing__peptide_count__P02671,0.0,0.0
missing__peptide_count__P02675,0.0,0.0
missing__peptide_count__P01034,0.0,0.0
missing__peptide_count__P01042,0.0,0.0
missing__peptide_count__P01344,0.0,0.0
missing__peptide_count__P01621,0.0,0.0
missing__peptide_count__P01717,0.0,0.0
missing__peptide_count__P01834,0.0,0.0
missing__peptide_count__P01857,0.0,0.0
missing__peptide_count__P01859,0.0,0.0
lag1__peptide_count__P01833,0.0,0.0
lag1__peptide_count__P01861,0.0,0.0
missing__peptide_count__P02652,0.0,0.0
lag1__peptide_count__O75326,0.0,0.0
missing__peptide_count__P00734,0.0,0.0
missing__peptide_count__P00738,0.0,0.0
missing__peptide_count__P00747,0.0,0.0
missing__peptide_std__P51884,0.0,0.0
missing__peptide_std__Q08380,0.0,0.0
missing__peptide_std__Q12805,0.0,0.0
missing__peptide_std__Q16270,0.0,0.0
missing__peptide_std__Q92520,0.0,0.0
missing__peptide_std__Q96KN2,0.0,0.0
missing__peptide_std__Q9UHG2,0.0,0.0
missing__peptide_count__O00533,0.0,0.0
rollmean2__peptide_count__P02792,0.0,0.0
missing__peptide_count__P04004,0.0,0.0
rollmean2__peptide_count__P04207,0.0,0.0
peptide_count__Q99674,0.0,0.0
missing__peptide_std__P36222,0.0,0.0
missing__peptide_std__P36955,0.0,0.0
missing__peptide_std__P41222,0.0,0.0
missing__peptide_std__P43652,0.0,0.0
missing__peptide_count__P02763,0.0,0.0
missing__peptide_count__P02765,0.0,0.0
missing__peptide_count__P02766,0.0,0.0
missing__peptide_count__P02768,0.0,0.0
missing__peptide_count__P02774,0.0,0.0
missing__peptide_count__P02787,0.0,0.0
missing__peptide_count__P02790,0.0,0.0
rollmean2__peptide_count__P04156,0.0,0.0
missing__peptide_std__P00738,0.0,0.0
missing__peptide_std__P00747,0.0,0.0
missing__peptide_std__P00751,0.0,0.0
missing__peptide_std__P01008,0.0,0.0
missing__peptide_std__P01009,0.0,0.0
missing__peptide_std__O00533,0.0,0.0
missing__peptide_std__P00450,0.0,0.0
delta1__peptide_count__P02655,0.0,0.0
delta1__peptide_count__P02792,0.0,0.0
delta1__peptide_count__P04156,0.0,0.0
delta1__peptide_count__P04207,0.0,0.0
delta1__peptide_count__P04211,0.0,0.0
missing__peptide_std__P10645,0.0,0.0
delta1__peptide_count__P08253,0.0,0.0
delta1__peptide_count__P08637,0.0,0.0
delta1__peptide_count__P09104,0.0,0.0
delta1__peptide_count__P10451,0.0,0.0
delta1__peptide_count__P11142,0.0,0.0
delta1__peptide_count__P11277,0.0,0.0
delta1__peptide_count__P13473,0.0,0.0
delta1__peptide_count__P13521,0.0,0.0
delta1__peptide_count__P05408,0.0,0.0
delta1__peptide_count__P06310,0.0,0.0
delta1__peptide_count__P06454,0.0,0.0
delta1__peptide_count__P07195,0.0,0.0
delta1__peptide_count__P07333,0.0,0.0
delta1__peptide_count__P04216,0.0,0.0
delta1__peptide_count__P49588,0.0,0.0
delta1__peptide_count__P49908,0.0,0.0
rollmean2__peptide_count__P10451,0.0,0.0
slope1__months_since_baseline,0.0,0.0
rollmean2__peptide_count__P11142,0.0,0.0
rollmean2__peptide_count__P11277,0.0,0.0
rollmean2__peptide_count__P13473,0.0,0.0
rollmean2__peptide_count__P13521,0.0,0.0
rollmean2__peptide_count__P13671,0.0,0.0
delta1__peptide_count__P17936,0.0,0.0
delta1__peptide_count__P19021,0.0,0.0
delta1__peptide_count__P19827,0.0,0.0
delta1__peptide_count__P20933,0.0,0.0
missing__peptide_std__P00734,0.0,0.0
delta1__peptide_count__P31997,0.0,0.0
rollmean2__peptide_count__P08637,0.0,0.0
rollmean2__peptide_count__P09104,0.0,0.0
missing__peptide_mean__Q92823,0.0,0.0
missing__peptide_mean__Q92876,0.0,0.0
missing__peptide_mean__Q96KN2,0.0,0.0
missing__peptide_mean__Q96PD5,0.0,0.0
missing__peptide_mean__Q9UHG2,0.0,0.0
delta1__peptide_count__P13671,0.0,0.0
delta1__peptide_count__P14174,0.0,0.0
delta1__peptide_count__P16152,0.0,0.0
delta1__peptide_count__P04275,0.0,0.0
delta1__peptide_count__P04406,0.0,0.0
delta1__peptide_count__P23083,0.0,0.0
missing__peptide_std__P01023,0.0,0.0
missing__peptide_std__P01024,0.0,0.0
missing__peptide_std__P01034,0.0,0.0
missing__peptide_std__P01042,0.0,0.0
missing__peptide_std__P01834,0.0,0.0
missing__peptide_std__P01876,0.0,0.0
delta1__peptide_count__P01594,0.0,0.0
delta1__peptide_count__P01608,0.0,0.0
delta1__peptide_count__P01621,0.0,0.0
missing__peptide_std__P13987,0.0,0.0
missing__peptide_std__P18065,0.0,0.0
missing__peptide_std__P23142,0.0,0.0
delta1__peptide_count__P07858,0.0,0.0
missing__peptide_std__P25311,0.0,0.0
delta1__peptide_count__O14791,0.0,0.0
delta1__peptide_count__O43505,0.0,0.0
delta1__peptide_count__O60888,0.0,0.0
delta1__peptide_count__O75326,0.0,0.0
delta1__peptide_count__P01031,0.0,0.0
delta1__peptide_count__P01033,0.0,0.0
delta1__peptide_count__P01344,0.0,0.0
delta1__peptide_count__P01591,0.0,0.0
missing__peptide_std__P08571,0.0,0.0
missing__peptide_std__P08603,0.0,0.0
missing__peptide_std__P08697,0.0,0.0
missing__peptide_std__P09871,0.0,0.0
missing__peptide_std__P24592,0.0,0.0
delta1__peptide_count__P08123,0.0,0.0
delta1__peptide_count__P08133,0.0,0.0
missing__peptide_std__P02787,0.0,0.0
missing__peptide_std__P02790,0.0,0.0
missing__peptide_std__P04004,0.0,0.0
missing__peptide_std__P04196,0.0,0.0
missing__peptide_std__P04217,0.0,0.0
missing__peptide_std__P04433,0.0,0.0
missing__peptide_std__P05067,0.0,0.0
missing__peptide_std__P05090,0.0,0.0
missing__peptide_std__P02765,0.0,0.0
missing__peptide_std__P02766,0.0,0.0
missing__peptide_std__P02768,0.0,0.0
missing__peptide_std__P01019,0.0,0.0
delta1__peptide_count__P01717,0.0,0.0
delta1__peptide_count__P01780,0.0,0.0
delta1__peptide_count__P01833,0.0,0.0
delta1__peptide_count__P01861,0.0,0.0
missing__peptide_std__P02647,0.0,0.0
missing__peptide_std__P02649,0.0,0.0
missing__peptide_std__P02671,0.0,0.0
missing__peptide_std__P02675,0.0,0.0
missing__peptide_std__P02679,0.0,0.0
missing__peptide_std__P02749,0.0,0.0
missing__peptide_std__P02751,0.0,0.0
missing__peptide_std__P02753,0.0,0.0
missing__peptide_std__P01011,0.0,0.0
missing__peptide_std__P02774,0.0,0.0
lag1__peptide_count__P14174,0.0,0.0
lag1__peptide_count__P16152,0.0,0.0
missing__peptide_count__Q7Z5P9,0.0,0.0
missing__peptide_count__Q92520,0.0,0.0
missing__peptide_count__Q92823,0.0,0.0
missing__peptide_count__Q92876,0.0,0.0
missing__peptide_count__Q96KN2,0.0,0.0
missing__peptide_count__Q96PD5,0.0,0.0
lag1__peptide_count__P08637,0.0,0.0
lag1__peptide_count__P09104,0.0,0.0
missing__peptide_count__P61916,0.0,0.0
missing__peptide_count__P80748,0.0,0.0
missing__peptide_count__P05452,0.0,0.0
missing__peptide_count__Q12805,0.0,0.0
missing__peptide_count__Q14515,0.0,0.0
missing__peptide_count__Q14624,0.0,0.0
missing__peptide_count__Q16270,0.0,0.0
missing__peptide_count__Q16610,0.0,0.0
peptide_count__P01591,0.0,0.0
peptide_count__P01594,0.0,0.0
peptide_count__P01608,0.0,0.0
peptide_count__P01621,0.0,0.0
peptide_count__P01717,0.0,0.0
peptide_count__P01780,0.0,0.0
lag1__peptide_count__P49588,0.0,0.0
missing__peptide_missing_fraction,0.0,0.0
missing__peptide_count__Q08380,0.0,0.0
peptide_count__P43251,0.0,0.0
peptide_count__P49588,0.0,0.0
peptide_count__P49908,0.0,0.0
peptide_count__P60174,0.0,0.0
peptide_count__P61278,0.0,0.0
peptide_count__P61626,0.0,0.0
lag1__peptide_count__P05408,0.0,0.0
lag1__peptide_count__P06310,0.0,0.0
lag1__peptide_count__P06454,0.0,0.0
peptide_count__P01833,0.0,0.0
peptide_count__P01861,0.0,0.0
peptide_count__P31997,0.0,0.0
peptide_count__P32754,0.0,0.0
lag1__peptide_count__P13671,0.0,0.0
lag1__peptide_count__P17936,0.0,0.0
lag1__peptide_count__P19021,0.0,0.0
missing__peptide_count__Q9UHG2,0.0,0.0
missing__peptide_log__AKLEEQAQQIR,0.0,0.0
missing__peptide_log__ANRPFLVFIR,0.0,0.0
lag1__peptide_count__P19827,0.0,0.0
lag1__peptide_count__P20933,0.0,0.0
lag1__peptide_count__P23083,0.0,0.0
lag1__peptide_count__P10451,0.0,0.0
lag1__peptide_count__P11142,0.0,0.0
lag1__peptide_count__P11277,0.0,0.0
lag1__peptide_count__P13473,0.0,0.0
lag1__peptide_count__P13521,0.0,0.0
peptide_count__P35542,0.0,0.0
missing__months_since_baseline,0.0,0.0
missing__peptide_log__SPVGVQPILNEHTFC(UniMod_4)AGMSK,0.0,0.0
missing__current_updrs_2,0.0,0.0
lag1__peptide_count__Q8N2S1,0.0,0.0
lag1__peptide_count__Q8NBJ4,0.0,0.0
lag1__peptide_count__Q8NE71,0.0,0.0
missing__peptide_log__AYKSELEEQLTPVAEETR,0.0,0.0
missing__peptide_log__AYQGVAAPFPK,0.0,0.0
missing__peptide_log__DASGVTFTWTPSSGK,0.0,0.0
missing__peptide_feature_count,0.0,0.0
missing__peptide_log__QWAGLVEK,0.0,0.0
lag1__peptide_count__Q14508,0.0,0.0
peptide_count__P17936,0.0,0.0
lag1__peptide_count__Q562R1,0.0,0.0
lag1__peptide_count__Q6UX71,0.0,0.0
lag1__peptide_count__Q6UXD5,0.0,0.0
lag1__peptide_count__Q7Z3B1,0.0,0.0
lag1__peptide_count__Q7Z5P9,0.0,0.0
lag1__peptide_count__Q8IWV7,0.0,0.0
lag1__peptide_count__P60174,0.0,0.0
lag1__peptide_count__P61278,0.0,0.0
lag1__peptide_count__P61626,0.0,0.0
lag1__peptide_count__P80748,0.0,0.0
lag1__peptide_count__Q13283,0.0,0.0
lag1__peptide_count__Q13332,0.0,0.0
lag1__peptide_count__Q13449,0.0,0.0
lag1__peptide_count__Q15904,0.0,0.0
peptide_count__P19021,0.0,0.0
peptide_count__P19827,0.0,0.0
peptide_count__P20933,0.0,0.0
peptide_count__P23083,0.0,0.0
peptide_count__P01031,0.0,0.0
peptide_count__P01033,0.0,0.0
peptide_count__P01344,0.0,0.0
peptide_count__P10451,0.0,0.0
peptide_count__P11142,0.0,0.0
peptide_count__P11277,0.0,0.0
peptide_count__P13473,0.0,0.0
peptide_count__P13521,0.0,0.0
peptide_count__P13671,0.0,0.0
missing__visit_index,0.0,0.0
peptide_count__P16152,0.0,0.0
lag1__peptide_count__P31997,0.0,0.0
lag1__peptide_count__P32754,0.0,0.0
lag1__peptide_count__P35542,0.0,0.0
lag1__peptide_count__P36980,0.0,0.0
lag1__peptide_count__P40925,0.0,0.0
lag1__peptide_count__P43251,0.0,0.0
peptide_count__P04275,0.0,0.0
peptide_count__P05408,0.0,0.0
missing__peptide_log__QNC(UniMod_4)ELFEQLGEYK,0.0,0.0
missing__peptide_log__LQAEAFQAR,0.0,0.0
missing__peptide_log__TLLSNLEEAKK,0.0,0.0
missing__current_medication_unknown,0.0,0.0
peptide_count__P14174,0.0,0.0
missing__peptide_count__P05090,0.0,0.0
rollmean2__peptide_count__P01608,0.0,0.0
rollmean2__peptide_count__P01621,0.0,0.0
rollmean2__peptide_count__P01717,0.0,0.0
rollmean2__peptide_count__P01780,0.0,0.0
rollmean2__peptide_count__P01833,0.0,0.0
rollmean2__peptide_count__P01861,0.0,0.0
missing__peptide_count__P08294,0.0,0.0
missing__peptide_count__P08571,0.0,0.0
peptide_count__Q8NE71,0.0,0.0
peptide_count__Q96BZ4,0.0,0.0
peptide_count__Q96S96,0.0,0.0
peptide_count__P40925,0.0,0.0
rollmean2__peptide_count__P01033,0.0,0.0
rollmean2__peptide_count__P01344,0.0,0.0
rollmean2__peptide_count__P01591,0.0,0.0
rollmean2__peptide_count__P01594,0.0,0.0
peptide_count__Q562R1,0.0,0.0
peptide_count__Q6UX71,0.0,0.0
peptide_count__Q6UXD5,0.0,0.0
peptide_count__Q7Z3B1,0.0,0.0
peptide_count__Q7Z5P9,0.0,0.0
peptide_count__Q8IWV7,0.0,0.0
peptide_count__Q8N2S1,0.0,0.0
peptide_count__Q8NBJ4,0.0,0.0
missing__peptide_count__P07858,0.0,0.0
rollmean2__peptide_count__P01031,0.0,0.0
missing__peptide_count__P06396,0.0,0.0
missing__peptide_count__P06727,0.0,0.0
missing__peptide_count__P07225,0.0,0.0
missing__peptide_count__P07339,0.0,0.0
missing__peptide_count__P07602,0.0,0.0
lag1__peptide_count__P01033,0.0,0.0
lag1__peptide_count__P01344,0.0,0.0
lag1__peptide_count__P01591,0.0,0.0
lag1__peptide_count__P01594,0.0,0.0
lag1__peptide_count__P01608,0.0,0.0
lag1__peptide_count__P01621,0.0,0.0
lag1__peptide_count__P01717,0.0,0.0
lag1__peptide_count__P01780,0.0,0.0
missing__peptide_count__P05067,0.0,0.0
missing__peptide_count__P05156,0.0,0.0
lag1__peptide_count__O00391,0.0,0.0
lag1__peptide_count__O14498,0.0,0.0
lag1__peptide_count__O14791,0.0,0.0
lag1__peptide_count__O43505,0.0,0.0
lag1__peptide_count__O60888,0.0,0.0
lag1__peptide_count__P01031,0.0,0.0
missing__peptide_count__P04156,0.0,0.0
missing__peptide_count__P04180,0.0,0.0
missing__peptide_count__P04196,0.0,0.0
missing__peptide_count__P04217,0.0,0.0
missing__peptide_count__P04433,0.0,0.0
missing__peptide_count__P05060,0.0,0.0
missing__peptide_count__P05155,0.0,0.0
missing__peptide_count__P19652,0.0,0.0
missing__peptide_count__P19823,0.0,0.0
missing__peptide_count__P08603,0.0,0.0
missing__peptide_count__P08697,0.0,0.0
missing__peptide_count__P09486,0.0,0.0
missing__peptide_count__P09871,0.0,0.0
missing__peptide_count__P10451,0.0,0.0
missing__peptide_count__P10643,0.0,0.0
missing__peptide_count__P10645,0.0,0.0
missing__peptide_count__P10909,0.0,0.0
lag1__peptide_count__P07195,0.0,0.0
lag1__peptide_count__P07333,0.0,0.0
lag1__peptide_count__P07858,0.0,0.0
missing__peptide_count__P07998,0.0,0.0
lag1__peptide_count__P08133,0.0,0.0
lag1__peptide_count__P08253,0.0,0.0
lag1__peptide_count__P04216,0.0,0.0
missing__peptide_count__P61769,0.0,0.0
peptide_count__P80748,0.0,0.0
peptide_count__Q02818,0.0,0.0
rollmean2__peptide_count__O00391,0.0,0.0
rollmean2__peptide_count__O14498,0.0,0.0
rollmean2__peptide_count__O14791,0.0,0.0
rollmean2__peptide_count__O43505,0.0,0.0
rollmean2__peptide_count__O60888,0.0,0.0
rollmean2__peptide_count__O75326,0.0,0.0
peptide_count__P36980,0.0,0.0
lag1__peptide_count__P08123,0.0,0.0
peptide_count__Q13283,0.0,0.0
peptide_count__Q13332,0.0,0.0
peptide_count__Q13449,0.0,0.0
peptide_count__Q13451,0.0,0.0
peptide_count__Q14508,0.0,0.0
peptide_count__Q15904,0.0,0.0
missing__peptide_count__P25311,0.0,0.0
missing__peptide_count__P36222,0.0,0.0
missing__peptide_count__P36955,0.0,0.0
missing__peptide_count__P41222,0.0,0.0
missing__peptide_count__P43652,0.0,0.0
missing__peptide_count__P51884,0.0,0.0
lag1__peptide_count__P04275,0.0,0.0
missing__peptide_count__P18065,0.0,0.0
missing__peptide_count__P20774,0.0,0.0
lag1__peptide_count__P02655,0.0,0.0
lag1__peptide_count__P02792,0.0,0.0
lag1__peptide_count__P04156,0.0,0.0
lag1__peptide_count__P04207,0.0,0.0
lag1__peptide_count__P04211,0.0,0.0
missing__peptide_count__P23142,0.0,0.0
missing__peptide_count__P24592,0.0,0.0
missing__peptide_count__P12109,0.0,0.0
missing__peptide_count__P13521,0.0,0.0
missing__peptide_count__P13987,0.0,0.0
missing__peptide_count__P16035,0.0,0.0
missing__peptide_count__P16870,0.0,0.0
lag1__peptide_count__P04406,0.0,0.0
missing__protein_npx__P12109,0.0,0.0
missing__protein_npx__P13521,0.0,0.0
missing__protein_npx__P07339,0.0,0.0
missing__protein_npx__P07602,0.0,0.0
missing__protein_npx__P07858,0.0,0.0
missing__protein_npx__P07998,0.0,0.0
missing__protein_npx__P08294,0.0,0.0
missing__protein_npx__P08571,0.0,0.0
missing__protein_npx__P08603,0.0,0.0
missing__protein_npx__P08697,0.0,0.0
missing__protein_npx__Q16270,0.0,0.0
missing__protein_npx__Q16610,0.0,0.0
delta1__peptide_count__P43251,0.0,0.0
missing__protein_npx__Q92520,0.0,0.0
missing__protein_npx__Q92823,0.0,0.0
missing__protein_npx__Q92876,0.0,0.0
slope1__peptide_count__P36980,0.0,0.0
slope1__peptide_count__P40925,0.0,0.0
missing__protein_npx__P51884,0.0,0.0
missing__protein_npx__P61769,0.0,0.0
missing__protein_npx__P61916,0.0,0.0
missing__protein_npx__P80748,0.0,0.0
missing__protein_npx__Q08380,0.0,0.0
missing__protein_npx__Q12805,0.0,0.0
missing__protein_npx__Q14515,0.0,0.0
missing__protein_npx__Q14624,0.0,0.0
missing__protein_npx__Q7Z5P9,0.0,0.0
missing__protein_npx__P04004,0.0,0.0
missing__protein_npx__P04156,0.0,0.0
missing__protein_npx__P04180,0.0,0.0
missing__protein_npx__P04196,0.0,0.0
missing__protein_npx__P04217,0.0,0.0
missing__protein_npx__P04433,0.0,0.0
slope1__peptide_count__P06454,0.0,0.0
slope1__peptide_count__P07195,0.0,0.0
slope1__peptide_count__P07333,0.0,0.0
slope1__peptide_count__P07858,0.0,0.0
slope1__peptide_count__P08123,0.0,0.0
slope1__peptide_count__P08133,0.0,0.0
slope1__peptide_count__P08253,0.0,0.0
missing__protein_npx__P10909,0.0,0.0
missing__protein_npx__P13987,0.0,0.0
slope1__peptide_count__P04207,0.0,0.0
slope1__peptide_count__P04211,0.0,0.0
slope1__peptide_count__P04216,0.0,0.0
slope1__peptide_count__P04275,0.0,0.0
slope1__peptide_count__P04406,0.0,0.0
slope1__peptide_count__P05408,0.0,0.0
slope1__peptide_count__P06310,0.0,0.0
missing__protein_npx__P09486,0.0,0.0
missing__protein_npx__P09871,0.0,0.0
missing__protein_npx__P10451,0.0,0.0
missing__protein_npx__P10643,0.0,0.0
missing__protein_npx__P10645,0.0,0.0
slope1__peptide_count__P08637,0.0,0.0
slope1__peptide_count__P17936,0.0,0.0
slope1__peptide_count__P19021,0.0,0.0
slope1__peptide_count__P19827,0.0,0.0
slope1__peptide_count__Q13283,0.0,0.0
slope1__peptide_count__Q13332,0.0,0.0
slope1__peptide_count__Q13449,0.0,0.0
slope1__peptide_count__Q13451,0.0,0.0
slope1__peptide_count__Q14508,0.0,0.0
slope1__peptide_count__P10451,0.0,0.0
slope1__peptide_count__P11142,0.0,0.0
slope1__peptide_count__P11277,0.0,0.0
slope1__peptide_count__P43251,0.0,0.0
missing__protein_npx__P20774,0.0,0.0
slope1__peptide_count__P49908,0.0,0.0
slope1__peptide_count__P60174,0.0,0.0
slope1__peptide_count__P61278,0.0,0.0
slope1__peptide_count__P61626,0.0,0.0
slope1__peptide_count__P80748,0.0,0.0
slope1__peptide_count__Q02818,0.0,0.0
missing__protein_missing_fraction,0.0,0.0
missing__peptide_abundance_mean,0.0,0.0
missing__peptide_abundance_std,0.0,0.0
missing__peptide_abundance_min,0.0,0.0
missing__peptide_abundance_max,0.0,0.0
missing__peptide_abundance_sum,0.0,0.0
missing__peptide_observation_count,0.0,0.0
slope1__peptide_count__P49588,0.0,0.0
missing__protein_npx__P23142,0.0,0.0
missing__protein_npx__P24592,0.0,0.0
missing__protein_npx__P25311,0.0,0.0
missing__protein_npx__P36222,0.0,0.0
missing__protein_npx__P36955,0.0,0.0
missing__protein_npx__P41222,0.0,0.0
missing__protein_npx__P43652,0.0,0.0
slope1__peptide_count__P09104,0.0,0.0
slope1__peptide_count__P02792,0.0,0.0
slope1__peptide_count__P04156,0.0,0.0
missing__protein_npx__P16035,0.0,0.0
missing__protein_npx__P16870,0.0,0.0
missing__protein_npx__P18065,0.0,0.0
slope1__peptide_count__P16152,0.0,0.0
missing__protein_npx__P19823,0.0,0.0
slope1__peptide_count__P20933,0.0,0.0
slope1__peptide_count__P23083,0.0,0.0
slope1__peptide_count__Q562R1,0.0,0.0
slope1__peptide_count__Q6UX71,0.0,0.0
slope1__peptide_count__Q6UXD5,0.0,0.0
slope1__peptide_count__Q7Z3B1,0.0,0.0
slope1__peptide_count__Q7Z5P9,0.0,0.0
slope1__peptide_count__Q8IWV7,0.0,0.0
slope1__peptide_count__P13473,0.0,0.0
slope1__peptide_count__P13521,0.0,0.0
slope1__peptide_count__P13671,0.0,0.0
slope1__peptide_count__P14174,0.0,0.0
missing__protein_npx__P19652,0.0,0.0
peptide_count__P06310,0.0,0.0
slope1__peptide_count__O43505,0.0,0.0
slope1__peptide_count__O60888,0.0,0.0
slope1__peptide_count__O75326,0.0,0.0
missing__protein_npx__O00533,0.0,0.0
missing__protein_npx__O15240,0.0,0.0
missing__protein_npx__O43505,0.0,0.0
missing__protein_npx__O75144,0.0,0.0
missing__protein_npx__P00450,0.0,0.0
lag1__peptide_count__Q9BY67,0.0,0.0
lag1__peptide_count__Q9HDC9,0.0,0.0
lag1__peptide_count__Q9NYU2,0.0,0.0
missing__protein_npx__P02790,0.0,0.0
lag1__peptide_count__Q9UKV8,0.0,0.0
lag1__peptide_count__Q9UNU6,0.0,0.0
lag1__peptide_count__Q9Y646,0.0,0.0
missing__peptide_log__GSPAINVAVHVFRK,0.0,0.0
lag1__peptide_count__Q96BZ4,0.0,0.0
lag1__peptide_count__Q96S96,0.0,0.0
lag1__peptide_count__Q99435,0.0,0.0
lag1__peptide_count__Q99674,0.0,0.0
lag1__peptide_count__Q99683,0.0,0.0
lag1__peptide_count__Q99829,0.0,0.0
lag1__peptide_count__Q99832,0.0,0.0
missing__current_updrs_1,0.0,0.0
missing__protein_npx__P02751,0.0,0.0
lag1__peptide_count__Q9UBR2,0.0,0.0
peptide_count__P07195,0.0,0.0
peptide_count__P07333,0.0,0.0
peptide_count__P07858,0.0,0.0
peptide_count__P08123,0.0,0.0
peptide_count__P08133,0.0,0.0
peptide_count__P08253,0.0,0.0
peptide_count__P08637,0.0,0.0
peptide_count__P09104,0.0,0.0
peptide_count__P02655,0.0,0.0
peptide_count__P02792,0.0,0.0
peptide_count__P04156,0.0,0.0
peptide_count__P04207,0.0,0.0
peptide_count__P04211,0.0,0.0
missing__protein_npx__P01009,0.0,0.0
lag1__peptide_count__Q02818,0.0,0.0
peptide_count__P04406,0.0,0.0
missing__protein_npx__P01011,0.0,0.0
lag1__peptide_count__Q13451,0.0,0.0
lag1__peptide_count__P49908,0.0,0.0
lag1__peptide_count__Q99969,0.0,0.0
missing__has_previous_visit,0.0,0.0
missing__protein_npx__P00734,0.0,0.0
missing__protein_npx__P00738,0.0,0.0
missing__protein_npx__P00747,0.0,0.0
missing__protein_npx__P00748,0.0,0.0
missing__protein_npx__P00751,0.0,0.0
missing__protein_npx__P01008,0.0,0.0
peptide_count__P04216,0.0,0.0
missing__protein_npx__P01621,0.0,0.0
missing__protein_npx__P01717,0.0,0.0
slope1__peptide_count__P01780,0.0,0.0
slope1__peptide_count__P01833,0.0,0.0
slope1__peptide_count__P01861,0.0,0.0
slope1__peptide_count__P02655,0.0,0.0
slope1__peptide_count__O00391,0.0,0.0
slope1__peptide_count__O14498,0.0,0.0
slope1__peptide_count__O14791,0.0,0.0
missing__protein_npx__P07225,0.0,0.0
slope1__peptide_count__P01031,0.0,0.0
slope1__peptide_count__P01033,0.0,0.0
slope1__peptide_count__P01344,0.0,0.0
missing__protein_npx__P02753,0.0,0.0
slope1__peptide_count__P01594,0.0,0.0
slope1__peptide_count__P01608,0.0,0.0
slope1__peptide_count__P01621,0.0,0.0
slope1__peptide_count__P01717,0.0,0.0
missing__protein_npx__P05060,0.0,0.0
missing__protein_npx__P05067,0.0,0.0
missing__protein_npx__P05090,0.0,0.0
missing__protein_npx__P05155,0.0,0.0
missing__protein_npx__P05156,0.0,0.0
missing__protein_npx__P05452,0.0,0.0
missing__protein_npx__P06396,0.0,0.0
missing__protein_npx__P06727,0.0,0.0
missing__protein_npx__P02787,0.0,0.0
slope1__peptide_count__P01591,0.0,0.0
missing__protein_npx__P02760,0.0,0.0
missing__protein_npx__P02763,0.0,0.0
missing__protein_npx__P02765,0.0,0.0
missing__protein_npx__P02766,0.0,0.0
missing__protein_npx__P02768,0.0,0.0
missing__protein_npx__P02774,0.0,0.0
missing__protein_npx__P02656,0.0,0.0
missing__protein_npx__P02671,0.0,0.0
missing__protein_npx__P02675,0.0,0.0
missing__protein_npx__P02679,0.0,0.0
missing__protein_npx__P02747,0.0,0.0
missing__protein_npx__P02748,0.0,0.0
missing__protein_npx__P02749,0.0,0.0
missing__protein_npx__P01344,0.0,0.0
missing__protein_npx__P01834,0.0,0.0
missing__protein_npx__P01857,0.0,0.0
missing__protein_npx__P01859,0.0,0.0
missing__protein_npx__P01860,0.0,0.0
missing__protein_npx__P01876,0.0,0.0
missing__protein_npx__P02647,0.0,0.0
missing__protein_npx__P02649,0.0,0.0
missing__protein_npx__P02652,0.0,0.0
missing__protein_npx__P01019,0.0,0.0
missing__protein_npx__P01023,0.0,0.0
missing__protein_npx__P01024,0.0,0.0
missing__protein_npx__P01034,0.0,0.0
missing__protein_npx__P01042,0.0,0.0
missing__protein_npx__P02750,0.0,0.0
missing__peptide_mean__P08294,0.0,0.0
missing__peptide_mean__P08571,0.0,0.0
missing__peptide_mean__P08603,0.0,0.0
missing__peptide_mean__P08697,0.0,0.0
missing__peptide_mean__P09486,0.0,0.0
delta1__peptide_count__Q9BY67,0.0,0.0
delta1__peptide_count__Q9HDC9,0.0,0.0
delta1__peptide_count__Q9NYU2,0.0,0.0
delta1__peptide_count__Q9UBR2,0.0,0.0
delta1__peptide_count__Q9UKV8,0.0,0.0
delta1__peptide_count__Q9UNU6,0.0,0.0
delta1__peptide_count__Q9Y646,0.0,0.0
missing__peptide_mean__O00533,0.0,0.0
rollmean2__peptide_count__P61626,0.0,0.0
rollmean2__peptide_count__P80748,0.0,0.0
rollmean2__peptide_count__Q02818,0.0,0.0
delta1__peptide_count__Q15904,0.0,0.0
delta1__peptide_count__Q562R1,0.0,0.0
delta1__peptide_count__Q6UX71,0.0,0.0
delta1__peptide_count__Q6UXD5,0.0,0.0
delta1__peptide_count__Q7Z3B1,0.0,0.0
rollmean2__peptide_count__P35542,0.0,0.0
rollmean2__peptide_count__P36980,0.0,0.0
rollmean2__peptide_count__P40925,0.0,0.0
rollmean2__peptide_count__P43251,0.0,0.0
rollmean2__peptide_count__P49588,0.0,0.0
missing__peptide_mean__P07339,0.0,0.0
missing__peptide_mean__P05155,0.0,0.0
missing__peptide_mean__P02765,0.0,0.0
missing__peptide_mean__P02766,0.0,0.0
missing__peptide_mean__P02768,0.0,0.0
missing__peptide_mean__P02774,0.0,0.0
missing__peptide_mean__P02787,0.0,0.0
missing__peptide_mean__P02790,0.0,0.0
missing__peptide_mean__P04004,0.0,0.0
missing__peptide_mean__P04156,0.0,0.0
missing__peptide_mean__P16035,0.0,0.0
missing__peptide_mean__P16870,0.0,0.0
missing__peptide_mean__P18065,0.0,0.0
missing__peptide_mean__P19652,0.0,0.0
missing__peptide_mean__P07998,0.0,0.0
missing__peptide_mean__P20774,0.0,0.0
missing__peptide_mean__P23142,0.0,0.0
missing__peptide_mean__P24592,0.0,0.0
missing__peptide_mean__P09871,0.0,0.0
missing__peptide_mean__P10451,0.0,0.0
missing__peptide_mean__P10643,0.0,0.0
missing__peptide_mean__P10645,0.0,0.0
missing__peptide_mean__P10909,0.0,0.0
missing__peptide_mean__P12109,0.0,0.0
missing__peptide_mean__P13521,0.0,0.0
missing__peptide_mean__P13987,0.0,0.0
missing__peptide_mean__P07602,0.0,0.0
missing__peptide_mean__P07858,0.0,0.0
missing__peptide_mean__P19823,0.0,0.0
missing__peptide_mean__P41222,0.0,0.0
missing__peptide_mean__P43652,0.0,0.0
missing__peptide_mean__P51884,0.0,0.0
missing__peptide_mean__P61769,0.0,0.0
missing__peptide_mean__P61916,0.0,0.0
missing__peptide_mean__P80748,0.0,0.0
delta1__peptide_count__Q99435,0.0,0.0
delta1__peptide_count__Q99674,0.0,0.0
delta1__peptide_count__Q99683,0.0,0.0
delta1__peptide_count__Q99829,0.0,0.0
delta1__peptide_count__Q99832,0.0,0.0
delta1__peptide_count__P60174,0.0,0.0
delta1__peptide_count__P61278,0.0,0.0
rollmean2__peptide_count__P49908,0.0,0.0
delta1__peptide_count__Q7Z5P9,0.0,0.0
delta1__peptide_count__Q8IWV7,0.0,0.0
delta1__peptide_count__Q8N2S1,0.0,0.0
delta1__peptide_count__Q8NBJ4,0.0,0.0
delta1__peptide_count__Q8NE71,0.0,0.0
delta1__peptide_count__Q92876,0.0,0.0
delta1__peptide_count__Q96BZ4,0.0,0.0
delta1__peptide_count__Q96S96,0.0,0.0
rollmean2__peptide_count__P14174,0.0,0.0
delta1__peptide_count__P32754,0.0,0.0
delta1__peptide_count__P35542,0.0,0.0
delta1__peptide_count__P36980,0.0,0.0
delta1__peptide_count__P40925,0.0,0.0
delta1__peptide_count__P61626,0.0,0.0
rollmean2__peptide_count__P60174,0.0,0.0
rollmean2__peptide_count__P61278,0.0,0.0
rollmean2__peptide_count__P16152,0.0,0.0
rollmean2__peptide_count__P17936,0.0,0.0
rollmean2__peptide_count__P19021,0.0,0.0
rollmean2__peptide_count__P19827,0.0,0.0
rollmean2__peptide_count__P20933,0.0,0.0
rollmean2__peptide_count__P23083,0.0,0.0
rollmean2__peptide_count__P31997,0.0,0.0
rollmean2__peptide_count__P32754,0.0,0.0
missing__peptide_mean__P25311,0.0,0.0
missing__peptide_mean__P36222,0.0,0.0
missing__peptide_mean__P36955,0.0,0.0
delta1__peptide_count__Q02818,0.0,0.0
delta1__peptide_count__Q13332,0.0,0.0
delta1__peptide_count__Q13449,0.0,0.0
delta1__peptide_count__Q13451,0.0,0.0
delta1__peptide_count__Q14508,0.0,0.0
missing__peptide_mean__Q08380,0.0,0.0
missing__peptide_mean__Q12805,0.0,0.0
missing__peptide_mean__Q14515,0.0,0.0
missing__peptide_mean__Q14624,0.0,0.0
missing__peptide_mean__Q16270,0.0,0.0
missing__peptide_mean__Q16610,0.0,0.0
missing__peptide_mean__Q7Z5P9,0.0,0.0
missing__peptide_mean__Q92520,0.0,0.0
delta1__peptide_count__P80748,0.0,0.0
delta1__peptide_count__Q13283,0.0,0.0
missing__peptide_mean__P02656,0.0,0.0
missing__peptide_mean__P02671,0.0,0.0
missing__peptide_mean__P02675,0.0,0.0
missing__peptide_mean__P02679,0.0,0.0
missing__peptide_mean__P01042,0.0,0.0
missing__peptide_mean__P01344,0.0,0.0
missing__peptide_mean__P01621,0.0,0.0
missing__peptide_mean__P01717,0.0,0.0
missing__peptide_mean__P01834,0.0,0.0
missing__peptide_mean__P01857,0.0,0.0
missing__peptide_mean__P01859,0.0,0.0
missing__peptide_mean__P01860,0.0,0.0
missing__peptide_mean__P05090,0.0,0.0
missing__peptide_mean__P01008,0.0,0.0
missing__peptide_mean__P01009,0.0,0.0
missing__peptide_mean__P01011,0.0,0.0
missing__peptide_mean__P01019,0.0,0.0
missing__peptide_mean__P01023,0.0,0.0
missing__peptide_mean__P01024,0.0,0.0
missing__peptide_mean__P01034,0.0,0.0
missing__peptide_mean__O15240,0.0,0.0
missing__peptide_mean__O43505,0.0,0.0
missing__peptide_mean__O75144,0.0,0.0
missing__peptide_mean__P00450,0.0,0.0
missing__peptide_mean__P00734,0.0,0.0
missing__peptide_mean__P00738,0.0,0.0
missing__peptide_mean__P00751,0.0,0.0
slope1__peptide_count__P31997,0.0,0.0
slope1__peptide_count__P32754,0.0,0.0
slope1__peptide_count__P35542,0.0,0.0
missing__protein_npx__Q96KN2,0.0,0.0
missing__protein_npx__Q96PD5,0.0,0.0
delta1__visit_index,0.0,0.0
missing__protein_npx__Q9UHG2,0.0,0.0
missing__protein_feature_count,0.0,0.0
slope1__peptide_count__Q99683,0.0,0.0
slope1__peptide_count__Q99829,0.0,0.0
slope1__peptide_count__Q99832,0.0,0.0
slope1__peptide_count__Q99969,0.0,0.0
slope1__peptide_count__Q9BY67,0.0,0.0
missing__peptide_mean__P02652,0.0,0.0
slope1__peptide_count__Q9NYU2,0.0,0.0
slope1__peptide_count__Q9UBR2,0.0,0.0
slope1__peptide_count__Q8N2S1,0.0,0.0
slope1__peptide_count__Q8NBJ4,0.0,0.0
slope1__peptide_count__Q8NE71,0.0,0.0
slope1__peptide_count__Q92876,0.0,0.0
slope1__peptide_count__Q96BZ4,0.0,0.0
slope1__peptide_count__Q96S96,0.0,0.0
slope1__peptide_count__Q99435,0.0,0.0
slope1__peptide_count__Q99674,0.0,0.0
missing__peptide_mean__P01876,0.0,0.0
missing__peptide_mean__P02647,0.0,0.0
missing__peptide_mean__P02649,0.0,0.0
slope1__peptide_count__Q9HDC9,0.0,0.0
missing__peptide_mean__P02750,0.0,0.0
missing__peptide_mean__P02751,0.0,0.0
rollmean2__peptide_count__Q7Z5P9,0.0,0.0
rollmean2__peptide_count__Q8IWV7,0.0,0.0
rollmean2__peptide_count__Q8N2S1,0.0,0.0
rollmean2__peptide_count__Q13451,0.0,0.0
rollmean2__peptide_count__Q14508,0.0,0.0
rollmean2__peptide_count__Q15904,0.0,0.0
rollmean2__peptide_count__Q562R1,0.0,0.0
rollmean2__peptide_count__Q6UX71,0.0,0.0
rollmean2__peptide_count__Q6UXD5,0.0,0.0
rollmean2__peptide_count__Q7Z3B1,0.0,0.0
delta1__peptide_count__Q99969,0.0,0.0
missing__peptide_mean__P00747,0.0,0.0
missing__peptide_mean__P05452,0.0,0.0
missing__peptide_mean__P06396,0.0,0.0
missing__peptide_mean__P06727,0.0,0.0
missing__peptide_mean__P07225,0.0,0.0
rollmean2__peptide_count__Q13283,0.0,0.0
rollmean2__peptide_count__Q13332,0.0,0.0
rollmean2__peptide_count__Q13449,0.0,0.0
missing__peptide_mean__P04180,0.0,0.0
missing__peptide_mean__P04196,0.0,0.0
missing__peptide_mean__P04217,0.0,0.0
missing__peptide_mean__P04433,0.0,0.0
missing__peptide_mean__P05060,0.0,0.0
missing__peptide_mean__P05067,0.0,0.0
missing__peptide_mean__P05156,0.0,0.0
missing__peptide_mean__P00748,0.0,0.0
rollmean2__peptide_count__Q9UBR2,0.0,0.0
rollmean2__peptide_count__Q9UKV8,0.0,0.0
rollmean2__peptide_count__Q9UNU6,0.0,0.0
rollmean2__peptide_count__Q9Y646,0.0,0.0
slope1__peptide_count__Q15904,0.0,0.0
missing__peptide_mean__P02753,0.0,0.0
missing__peptide_mean__P02760,0.0,0.0
missing__peptide_mean__P02763,0.0,0.0
rollmean2__peptide_count__Q99674,0.0,0.0
rollmean2__peptide_count__Q99683,0.0,0.0
rollmean2__peptide_count__Q99829,0.0,0.0
rollmean2__peptide_count__Q99832,0.0,0.0
missing__peptide_mean__P02749,0.0,0.0
rollmean2__peptide_count__Q9BY67,0.0,0.0
rollmean2__peptide_count__Q9HDC9,0.0,0.0
rollmean2__peptide_count__Q9NYU2,0.0,0.0
slope1__peptide_count__Q9UKV8,0.0,0.0
slope1__peptide_count__Q9UNU6,0.0,0.0
slope1__peptide_count__Q9Y646,0.0,0.0
rollmean2__peptide_count__Q8NBJ4,0.0,0.0
rollmean2__peptide_count__Q8NE71,0.0,0.0
rollmean2__peptide_count__Q96BZ4,0.0,0.0
rollmean2__peptide_count__Q96S96,0.0,0.0
rollmean2__peptide_count__Q99435,0.0,0.0
missing__peptide_mean__P02747,0.0,0.0
missing__peptide_mean__P02748,0.0,0.0
rollmean2__peptide_count__Q99969,0.0,0.0
