feature,importance_mean,importance_std
current_updrs_1,0.6981798104766012,0.0
rollmean2__current_updrs_1,0.6939733471086947,0.0
rollmean2__current_updrs_2,0.36729375246472484,0.0
current_updrs_2,0.35930906239084903,0.0
lag1__current_updrs_1,0.26267202158352815,0.0
rollmean2__current_updrs_4,0.1816247740238695,0.0
rollmean2__peptide_log__MTVTDQVNC(UniMod_4)PK,0.17773378243000099,0.0
current_updrs_4,0.17735454440663112,0.0
delta1__current_updrs_1,0.16869272910275024,0.0
peptide_log__MTVTDQVNC(UniMod_4)PK,0.14670332777791162,0.0
rollmean2__peptide_std__Q12907,0.13373351011514784,0.0
rollmean2__current_medication_unknown,0.13268433574271882,0.0
current_medication_on,0.13208360260065868,0.0
lag1__current_updrs_2,0.13154387741028045,0.0
rollmean2__peptide_std__P02671,0.1241621887929083,0.0
lag1__peptide_log__MTVTDQVNC(UniMod_4)PK,0.12396983442601199,0.0
missing__peptide_log__EILSVDC(UniMod_4)STNNPSQAK,0.1221956935791724,0.0
rollmean2__peptide_std__P02649,0.11918982725034241,0.0
missing__peptide_log__C(UniMod_4)VDVDEC(UniMod_4)APPAEPC(UniMod_4)GK,0.11881326398099795,0.0
slope1__peptide_count__P00751,0.11710481823153504,0.0
missing__current_medication_on,0.11604103788458807,0.0
current_medication_unknown,0.11604103788458807,0.0
missing__peptide_count__P32754,0.11417841225467402,0.0
missing__peptide_mean__P32754,0.11417841225467402,0.0
missing__protein_npx__P32754,0.11417841225467402,0.0
peptide_std__Q12907,0.11345687475620987,0.0
missing__peptide_log__SELEEQLTPVAEETR,0.1114182025930457,0.0
rollmean2__protein_npx__P80748,0.11064712355983812,0.0
missing__peptide_log__VMPIC(UniMod_4)LPSKDYAEVGR,0.10969716571337287,0.0
rollmean2__peptide_mean__P10643,0.10793467279286735,0.0
missing__peptide_log__C(UniMod_4)IIEVLSNALSK,0.10627658981893089,0.0
lag1__peptide_std__P13591,0.10548434163082113,0.0
missing__peptide_log__RGYQLSDVDGVTC(UniMod_4)EDIDEC(UniMod_4)ALPTGGHIC(UniMod_4)SYR,0.10507709049120859,0.0
delta1__peptide_count__P00751,0.10503324749722978,0.0
missing__peptide_log__MTVTDQVNC(UniMod_4)PK,0.10402207996536349,0.0
peptide_std__O15394,0.10394318930913371,0.0
missing__peptide_log__VC(UniMod_4)PFAGILENGAVR,0.1027629384824918,0.0
lag1__peptide_std__Q13740,0.10112630516580172,0.0
rollmean2__peptide_log__KFPSGTFEQVSQLVK,0.10095332200720819,0.0
rollmean2__peptide_log__DLATVYVDVLK,0.10091117771692573,0.0
rollmean2__peptide_count__Q08380,0.10086969058327594,0.0
delta1__peptide_mean__Q99829,0.0993715022782179,0.0
rollmean2__peptide_std__O15394,0.0992968098163305,0.0
peptide_log__GEVQAMLGQSTEELRVR,0.09845201822748095,0.0
delta1__peptide_log__AATVGSLAGQPLQER,0.09823901299721007,0.0
peptide_std__P27169,0.09756436031194131,0.0
rollmean2__peptide_std__P05546,0.09748883682644437,0.0
lag1__peptide_log__TDASDVKPC(UniMod_4),0.09696864742505888,0.0
rollmean2__peptide_count__P07602,0.0965384988901118,0.0
lag1__peptide_count__P02768,0.09621727829371417,0.0
rollmean2__peptide_std__O15240,0.09601818823390948,0.0
peptide_count__P07602,0.09598993134530813,0.0
missing__peptide_count__Q96BZ4,0.09570464084310246,0.0
missing__protein_npx__Q96BZ4,0.09570464084310246,0.0
missing__peptide_mean__Q96BZ4,0.09570464084310246,0.0
lag1__peptide_std__P01859,0.09570452300081066,0.0
delta1__peptide_log__TDASDVKPC(UniMod_4),0.09474854544885823,0.0
peptide_mean__P10643,0.09451564430615016,0.0
peptide_mean__Q9UNU6,0.09439248727007422,0.0
peptide_mean__P80748,0.0943187635139156,0.0
rollmean2__peptide_mean__P80748,0.09424733251505378,0.0
missing__peptide_count__Q13332,0.09386024509790307,0.0
missing__protein_npx__Q13332,0.09386024509790307,0.0
missing__peptide_mean__Q13332,0.09386024509790307,0.0
protein_npx__P80748,0.09300963129727823,0.0
lag1__peptide_mean__P05408,0.09271615021304858,0.0
peptide_log__GYQLSDVDGVTC(UniMod_4)EDIDEC(UniMod_4)ALPTGGHIC(UniMod_4)SYR,0.09231189657936377,0.0
missing__peptide_std__P16870,0.09224400740479154,0.0
lag1__peptide_count__P02747,0.09192384666481707,0.0
rollmean2__peptide_log__GEVQAMLGQSTEELRVR,0.09173608519518846,0.0
rollmean2__peptide_std__P10643,0.09172206973816348,0.0
rollmean2__peptide_std__Q08380,0.09172053879043604,0.0
lag1__peptide_log__ALGISPFHEHAEVVFTANDSGPR,0.09154344907876191,0.0
peptide_mean__P07333,0.09138965471495983,0.0
peptide_std__P17174,0.09128438667737458,0.0
peptide_log__FNKPFVFLM(UniMod_35)IEQNTK,0.0905305253450956,0.0
peptide_log__DLATVYVDVLK,0.09049291692428775,0.0
missing__peptide_std__P61769,0.09042015208055852,0.0
peptide_std__P02671,0.09037559301370558,0.0
missing__peptide_log__VQAAVGTSAAPVPSDNH,0.09001428213222176,0.0
protein_npx__P17936,0.08988156677781986,0.0
missing__peptide_log__AATGEC(UniMod_4)TATVGKR,0.08961234025807074,0.0
protein_npx__O14791,0.08952298334875865,0.0
current_updrs_3,0.08936654340810582,0.0
lag1__peptide_std__P08493,0.08889194412079884,0.0
lag1__peptide_std__Q9NQ79,0.08863070896490376,0.0
rollmean2__peptide_mean__Q9UNU6,0.08807369807060651,0.0
rollmean2__peptide_count__P00441,0.08806334245844284,0.0
missing__protein_npx__P01608,0.08790589490737553,0.0
missing__peptide_count__P01608,0.08790589490737553,0.0
missing__peptide_mean__P01608,0.08790589490737553,0.0
rollmean2__peptide_std__P06681,0.0876617550069019,0.0
delta1__protein_npx__P05546,0.086740505583037,0.0
rollmean2__current_updrs_3,0.0863090787500693,0.0
missing__peptide_std__P19823,0.0861084357938098,0.0
lag1__protein_npx__P01859,0.08599993350463221,0.0
lag1__peptide_log__SNSSM(UniMod_35)HITDC(UniMod_4)R,0.0859990032854714,0.0
missing__peptide_std__P16070,0.08581508910463279,0.0
missing__peptide_count__P04275,0.08537337610519838,0.0
missing__peptide_mean__P04275,0.08537337610519838,0.0
missing__protein_npx__P04275,0.08537337610519838,0.0
lag1__peptide_log__C(UniMod_4)C(UniMod_4)VEC(UniMod_4)PPC(UniMod_4)PAPPVAGPSVFLFPPKPK,0.08522394163338588,0.0
missing__peptide_log__LGADMEDVC(UniMod_4)GR,0.08475336459668022,0.0
peptide_mean__Q9UBX5,0.08457609584326725,0.0
lag1__current_updrs_4,0.08415156958359356,0.0
lag1__peptide_log__M(UniMod_35)YLGYEYVTAIR,0.08404438101145488,0.0
missing__peptide_log__ILLQGTPVAQMTEDAVDAER,0.08400790101617196,0.0
peptide_count__P19652,0.08333488121747372,0.0
peptide_std__Q08380,0.08314982527806249,0.0
delta1__protein_npx__Q8N2S1,0.08282202627310288,0.0
lag1__peptide_std__P39060,0.08236622585897951,0.0
missing__peptide_std__P05546,0.08235616919666222,0.0
missing__peptide_log__TQVNTQAEQLRR,0.08226295837826379,0.0
slope1__peptide_std__P01024,0.08186776347266361,0.0
peptide_count__Q08380,0.08175709755970965,0.0
peptide_mean__P17936,0.0816925640542781,0.0
delta1__peptide_count__P01857,0.08154934659982739,0.0
lag1__peptide_log__KQELSEAEQATR,0.08139617309075405,0.0
rollmean2__peptide_mean__P00748,0.08133610673566322,0.0
delta1__protein_npx__P01594,0.08117140750798223,0.0
delta1__peptide_log__HYEGSTVPEK,0.08078481913626304,0.0
delta1__peptide_count__Q16610,0.08077836467632102,0.0
peptide_mean__Q02818,0.08075038961279199,0.0
lag1__peptide_log__KAADDTWEPFASGK,0.08070392697979614,0.0
rollmean2__peptide_count__P19823,0.08048179614353101,0.0
delta1__peptide_mean__P01594,0.08043600037547913,0.0
peptide_log__DSGEGDFLAEGGGVR,0.08024032099419168,0.0
peptide_std__Q9UBX5,0.08004596099764014,0.0
slope1__peptide_log__M(UniMod_35)ASGAANVVGPK,0.07962522511791849,0.0
lag1__protein_npx__P39060,0.0795550326596247,0.0
peptide_count__O75144,0.0795535421197627,0.0
lag1__peptide_std__P02768,0.07945770362719065,0.0
rollmean2__protein_npx__P13671,0.07923917083046698,0.0
peptide_std__P06681,0.07889523198373206,0.0
slope1__peptide_count__P00747,0.07881388280217981,0.0
delta1__peptide_log__DSGEGDFLAEGGGVR,0.07870497204737494,0.0
rollmean2__peptide_std__P14314,0.07867381764481919,0.0
lag1__peptide_std__P43121,0.07866204759451974,0.0
rollmean2__peptide_log__C(UniMod_4)TSTGWIPAPR,0.07860322238959051,0.0
lag1__peptide_count__P04075,0.07838006486724285,0.0
peptide_count__P25311,0.07822506701492614,0.0
peptide_count__P05090,0.07814232406169141,0.0
peptide_count__P02679,0.07784942551068823,0.0
rollmean2__peptide_count__P19652,0.07762970373363948,0.0
rollmean2__protein_npx__O14791,0.07754606245257989,0.0
peptide_std__P10643,0.07749897036641251,0.0
protein_npx__P05546,0.0772329633858616,0.0
rollmean2__peptide_std__P98160,0.07712551394191709,0.0
missing__peptide_count__Q12841,0.07690204041584817,0.0
missing__peptide_mean__Q12841,0.07690204041584817,0.0
missing__protein_npx__Q12841,0.07690204041584817,0.0
rollmean2__peptide_log__ELDESLQVAER,0.07682145857020406,0.0
delta1__protein_npx__Q99829,0.07673213058479393,0.0
lag1__peptide_mean__P01859,0.07672335021193658,0.0
peptide_log__RLEGQEEEEDNRDSSMK,0.07662199697013146,0.0
rollmean2__peptide_log__ADDKETC(UniMod_4)FAEEGK,0.07658010254424931,0.0
slope1__peptide_mean__Q99829,0.07655795977284663,0.0
peptide_std__O15240,0.07645736496646444,0.0
peptide_count__Q16610,0.07642274638138538,0.0
rollmean2__peptide_mean__Q99829,0.07639776032423908,0.0
lag1__peptide_std__P10645,0.07637582584134645,0.0
rollmean2__peptide_count__P10645,0.0762500350597233,0.0
delta1__protein_npx__P07333,0.07606910374936514,0.0
protein_npx__Q9NQ79,0.07604196297680159,0.0
lag1__peptide_log__C(UniMod_4)VDVDEC(UniMod_4)APPAEPC(UniMod_4)GK,0.07603248402292499,0.0
peptide_std__Q14118,0.0758195510475974,0.0
peptide_std__O75144,0.07563108442734097,0.0
delta1__peptide_mean__O75144,0.0753316403753731,0.0
rollmean2__peptide_std__Q12841,0.07531455464874946,0.0
peptide_count__P20774,0.07511270464944653,0.0
peptide_count__P10645,0.07506706356496927,0.0
protein_npx__Q9UNU6,0.07502641831622234,0.0
slope1__peptide_count__P02765,0.07501651075576687,0.0
peptide_std__P05156,0.07498103770310595,0.0
rollmean2__peptide_log__GYQLSDVDGVTC(UniMod_4)EDIDEC(UniMod_4)ALPTGGHIC(UniMod_4)SYR,0.07487853135631314,0.0
lag1__peptide_log__LFDSDPITVTVPVEVSR,0.0748516024429225,0.0
delta1__peptide_std__P10645,0.07485068680857945,0.0
peptide_std__P02649,0.0748442228384538,0.0
slope1__peptide_log__HYEGSTVPEK,0.07465654423372221,0.0
rollmean2__peptide_count__P05155,0.07446740456338644,0.0
delta1__peptide_count__P01011,0.07445032062632587,0.0
delta1__protein_npx__P01860,0.07431747736874687,0.0
rollmean2__peptide_log__FNKPFVFLM(UniMod_35)IEQNTK,0.07426604831079643,0.0
lag1__peptide_log__M(UniMod_35)ASGAANVVGPK,0.07406098486222701,0.0
peptide_count__P00441,0.07405797289541843,0.0
peptide_std__P43121,0.07405635345153677,0.0
slope1__peptide_mean__P00751,0.07400851550632508,0.0
peptide_mean__P08637,0.0738792421950941,0.0
lag1__peptide_std__O00584,0.07384900617267419,0.0
peptide_std__P02647,0.07381980763435708,0.0
delta1__peptide_log__LC(UniMod_4)MGSGLNLC(UniMod_4)EPNNKEGYYGYTGAFR,0.07381089390412214,0.0
rollmean2__peptide_log__QWAGLVEK,0.07380453923544836,0.0
rollmean2__peptide_count__P00450,0.07355678745447705,0.0
rollmean2__peptide_count__O75144,0.0734444463490245,0.0
peptide_log__QWAGLVEK,0.07336099013235049,0.0
rollmean2__peptide_std__P17174,0.07325676997947049,0.0
missing__peptide_std__O75144,0.07315876605961313,0.0
lag1__protein_npx__Q12841,0.07313728654343749,0.0
peptide_mean__P01031,0.07306117694809347,0.0
peptide_log__C(UniMod_4)REILSVDC(UniMod_4)STNNPSQAK,0.0726799398162336,0.0
rollmean2__peptide_std__P01008,0.07260936225447458,0.0
lag1__peptide_mean__P00734,0.07260476585768948,0.0
missing__peptide_std__Q92823,0.07259385467087519,0.0
rollmean2__peptide_count__P13611,0.07259168552378524,0.0
rollmean2__peptide_std__O00584,0.07253190962351448,0.0
delta1__peptide_count__Q6UXB8,0.07248874352394445,0.0
protein_npx__P01834,0.07248726737939218,0.0
delta1__peptide_mean__O75326,0.07233597899112028,0.0
peptide_mean__P10451,0.07215394177540847,0.0
lag1__protein_npx__O75326,0.07214178477833852,0.0
lag1__peptide_mean__P04406,0.07205636159528009,0.0
lag1__peptide_std__P23142,0.07196226653679773,0.0
missing__peptide_std__P00441,0.07182785345506047,0.0
peptide_count__P24592,0.07180523129939465,0.0
rollmean2__peptide_mean__P19652,0.07164995531120223,0.0
slope1__peptide_log__EILSVDC(UniMod_4)STNNPSQAK,0.07141241862853183,0.0
lag1__peptide_mean__P01877,0.07137890720666625,0.0
slope1__current_updrs_1,0.07129942083780917,0.0
delta1__peptide_count__P00747,0.07125647930810564,0.0
lag1__peptide_log__GEVQAMLGQSTEELR,0.07113755107957105,0.0
rollmean2__peptide_count__P05546,0.07112074363753805,0.0
lag1__peptide_log__KFPSGTFEQVSQLVK,0.07110727468049878,0.0
lag1__peptide_count__Q14515,0.07110323478030983,0.0
rollmean2__protein_npx__P08294,0.07073636317225494,0.0
lag1__protein_npx__P06681,0.07062880080698963,0.0
protein_npx__P05090,0.07058850870174058,0.0
lag1__peptide_count__P55290,0.07041602275802941,0.0
delta1__protein_npx__O75326,0.07039250977704259,0.0
slope1__peptide_count__O15240,0.0702433069014579,0.0
slope1__peptide_count__Q14118,0.07021506598574832,0.0
lag1__peptide_std__Q12907,0.07015306342510606,0.0
peptide_mean__Q99829,0.07012748793295931,0.0
delta1__peptide_mean__P05546,0.07010731429530233,0.0
rollmean2__peptide_std__P27169,0.0700336006244052,0.0
delta1__peptide_count__P55290,0.06994288584662552,0.0
peptide_mean__P01591,0.06990138030251866,0.0
lag1__protein_npx__P05408,0.06966308486348728,0.0
rollmean2__peptide_count__P13987,0.0695912200108119,0.0
delta1__peptide_log__HGGLYHENMR,0.06936593454400918,0.0
delta1__peptide_count__P01859,0.06936371693999215,0.0
slope1__peptide_log__ELDESLQVAER,0.06925615597069032,0.0
slope1__peptide_abundance_max,0.06920692813478714,0.0
rollmean2__protein_npx__P11277,0.06919418925064631,0.0
delta1__peptide_count__P02766,0.06918477912493334,0.0
slope1__peptide_log__DSGEGDFLAEGGGVR,0.06918367360417131,0.0
lag1__peptide_std__O94919,0.06918034187670931,0.0
rollmean2__peptide_mean__Q9UBX5,0.06852183355309073,0.0
rollmean2__peptide_count__P04075,0.068461618191502,0.0
rollmean2__peptide_count__P02679,0.06832532772835903,0.0
lag1__peptide_mean__P17936,0.06829209846111359,0.0
missing__peptide_count__P13671,0.06823538966036992,0.0
missing__protein_npx__P13671,0.06823538966036992,0.0
missing__peptide_mean__P13671,0.06823538966036992,0.0
lag1__peptide_log__HGGLYHENMR,0.06822841046620384,0.0
delta1__protein_npx__P01024,0.06819734081398375,0.0
protein_npx__P13671,0.06809655538902784,0.0
rollmean2__peptide_count__P39060,0.06803431190743497,0.0
slope1__peptide_count__Q6UXB8,0.06803340088813883,0.0
delta1__peptide_count__P13591,0.06793629747461948,0.0
lag1__current_medication_unknown,0.06792556397252668,0.0
peptide_mean__P04217,0.06780629631125648,0.0
lag1__peptide_log__LGADMEDVC(UniMod_4)GR,0.06767117645460069,0.0
lag1__peptide_mean__Q02818,0.06757853296662801,0.0
slope1__peptide_mean__P32754,0.06757016201367189,0.0
peptide_mean__Q13740,0.06748705007548428,0.0
missing__protein_npx__Q8N2S1,0.06735281832050516,0.0
missing__peptide_mean__Q8N2S1,0.06735281832050516,0.0
missing__peptide_count__Q8N2S1,0.06735281832050516,0.0
protein_npx__O00391,0.06725009893014239,0.0
lag1__protein_npx__P00734,0.06702592567224346,0.0
missing__peptide_count__P30086,0.06687936125007755,0.0
missing__protein_npx__P30086,0.06687936125007755,0.0
missing__peptide_mean__P30086,0.06687936125007755,0.0
peptide_std__P14314,0.06686368313710316,0.0
rollmean2__peptide_count__P25311,0.06685874689809254,0.0
lag1__peptide_log__LEGQEEEEDNRDSSMK,0.06679912974304163,0.0
lag1__peptide_count__Q14624,0.06672978293957926,0.0
rollmean2__peptide_std__P02647,0.06672086128688698,0.0
peptide_std__P01834,0.06667453137141652,0.0
peptide_log__ADDKETC(UniMod_4)FAEEGK,0.06642050455137595,0.0
rollmean2__protein_npx__Q9NQ79,0.06636758906224008,0.0
delta1__peptide_std__P00748,0.0660782328286092,0.0
peptide_count__P39060,0.0660702810112876,0.0
peptide_count__P36222,0.06601742656296404,0.0
protein_npx__P16152,0.0659932568796582,0.0
lag1__peptide_abundance_max,0.06586501428664233,0.0
peptide_log__YYWGGQYTWDMAK,0.06585144645072576,0.0
slope1__peptide_mean__O75144,0.06580338666019528,0.0
slope1__peptide_log__VMPIC(UniMod_4)LPSKDYAEVGR,0.06574282344198144,0.0
delta1__protein_npx__P04211,0.06569547770544618,0.0
lag1__protein_npx__Q9UKV8,0.06556328927754318,0.0
slope1__peptide_mean__O75326,0.06555273891188212,0.0
lag1__peptide_std__P16870,0.06550884178411223,0.0
peptide_log__TVVQPSVGAAAGPVVPPC(UniMod_4)PGR,0.06538164653888115,0.0
rollmean2__peptide_count__P43121,0.06526011283912543,0.0
rollmean2__peptide_std__P05155,0.06513659286900475,0.0
lag1__peptide_log__DSGFQM(UniMod_35)NQLR,0.06493070091407357,0.0
peptide_std__P01009,0.0647730602377005,0.0
slope1__peptide_mean__Q08380,0.06463262179477278,0.0
rollmean2__peptide_std__P01009,0.06460709799013978,0.0
rollmean2__peptide_std__P13611,0.06448371361591479,0.0
delta1__protein_npx__P07711,0.0644582100542128,0.0
delta1__protein_npx__Q9UHG2,0.06440731866538947,0.0
lag1__peptide_std__P00736,0.0644064150856582,0.0
lag1__peptide_log__C(UniMod_4)TSTGWIPAPR,0.06437979263316157,0.0
lag1__protein_npx__Q8NE71,0.06433418330094294,0.0
missing__peptide_log__SEALAVDGAGKPGAEEAQDPEGK,0.06425595097957874,0.0
protein_npx__P04004,0.06417789951040932,0.0
protein_npx__Q6UXD5,0.0640565810717729,0.0
missing__protein_npx__Q9Y646,0.06399035574005309,0.0
missing__peptide_count__Q9Y646,0.06399035574005309,0.0
missing__peptide_mean__Q9Y646,0.06399035574005309,0.0
peptide_log__GSPAINVAVHVFRK,0.06395850172350215,0.0
missing__peptide_log__ELSSFIDKGQELC(UniMod_4)ADYSENTFTEYK,0.06394797706927494,0.0
peptide_count__P17174,0.06394373683418712,0.0
missing__peptide_log__LPPTSAHGNVAEGETKPDPDVTER,0.06374870773585063,0.0
slope1__peptide_mean__P05546,0.06365033128216957,0.0
missing__current_updrs_4,0.06362367336470189,0.0
lag1__protein_npx__P02753,0.06355260403003972,0.0
protein_npx__P08637,0.06350954818224777,0.0
rollmean2__peptide_mean__O15394,0.06347112086736839,0.0
lag1__peptide_std__P00441,0.06340379195289227,0.0
missing__protein_npx__P31997,0.06337594706607311,0.0
missing__peptide_mean__P31997,0.06337594706607311,0.0
missing__peptide_count__P31997,0.06337594706607311,0.0
peptide_count__P05546,0.06330874520620243,0.0
peptide_log__SEALAVDGAGKPGAEEAQDPEGK,0.06325276875696033,0.0
lag1__peptide_count__P04004,0.06324835467790535,0.0
delta1__current_updrs_2,0.0632311826184379,0.0
delta1__protein_npx__Q99435,0.06322085151146015,0.0
slope1__protein_npx__P19021,0.06319874770281328,0.0
peptide_mean__P02647,0.06317394672847632,0.0
rollmean2__peptide_count__P12109,0.06305848619234644,0.0
lag1__peptide_std__P02749,0.06305158201722502,0.0
lag1__protein_npx__O75144,0.06302520262009105,0.0
peptide_std__P98160,0.06290652277920464,0.0
lag1__protein_npx__P61278,0.06287368752983315,0.0
delta1__protein_npx__P01621,0.06266939930842207,0.0
missing__peptide_log__QIGSVYR,0.06261546772287525,0.0
rollmean2__peptide_count__P08697,0.06251547750129585,0.0
rollmean2__peptide_mean__P07333,0.0625102807888607,0.0
rollmean2__peptide_std__O00533,0.062454600738683176,0.0
slope1__peptide_std__P07339,0.06239733894683755,0.0
rollmean2__peptide_std__P01834,0.06236437092721274,0.0
missing__peptide_std__P17174,0.06231482645229457,0.0
rollmean2__peptide_std__O75144,0.06229985225192744,0.0
rollmean2__peptide_mean__P02787,0.062266832541481985,0.0
peptide_mean__O15394,0.06225860861191858,0.0
slope1__peptide_std__P13611,0.06225057478347734,0.0
delta1__peptide_std__O15394,0.06223146992444856,0.0
delta1__protein_npx__Q13740,0.06219156140621422,0.0
lag1__peptide_mean__O75326,0.062142670257431726,0.0
rollmean2__peptide_std__Q9UBX5,0.06211058665757534,0.0
lag1__peptide_std__O14773,0.06208392405681254,0.0
rollmean2__current_medication_on,0.062033526178488924,0.0
rollmean2__peptide_mean__P09871,0.06202780550229658,0.0
peptide_mean__O00391,0.06196816605094008,0.0
delta1__protein_npx__P80748,0.06196461656354461,0.0
peptide_count__P18065,0.06192417206842799,0.0
rollmean2__protein_npx__P00746,0.06183740350872612,0.0
rollmean2__peptide_count__P24592,0.061827768277469754,0.0
rollmean2__peptide_mean__P13671,0.06178988279611044,0.0
lag1__peptide_log__ANRPFLVFIR,0.061708907192429725,0.0
rollmean2__peptide_count__P01859,0.06167464244846588,0.0
slope1__peptide_std__P18065,0.06162360569881772,0.0
rollmean2__protein_npx__Q14515,0.06160550681275855,0.0
lag1__peptide_std__Q12841,0.06159181614806271,0.0
rollmean2__peptide_log__FM(UniMod_35)ETVAEK,0.061530255995128645,0.0
rollmean2__peptide_mean__P02655,0.061249157983617804,0.0
lag1__peptide_log__VDSGNDVTDIADDGC(UniMod_4)PKPPEIAHGYVEHSVR,0.06120873222926719,0.0
peptide_mean__P09871,0.061104160953268476,0.0
peptide_mean__Q9NQ79,0.06107644135813172,0.0
peptide_mean__P20933,0.06106310530834915,0.0
peptide_mean__O14791,0.06099698293901577,0.0
peptide_std__P08294,0.0609792081536052,0.0
rollmean2__protein_npx__P04004,0.06093703659184969,0.0
slope1__current_medication_on,0.060867929656787015,0.0
missing__peptide_log__LFDSDPITVTVPVEVSR,0.06083148758279791,0.0
missing__peptide_log__C(UniMod_4)KPVNTFVHEPLVDVQNVC(UniMod_4)FQEK,0.060705105250982216,0.0
slope1__peptide_count__P02649,0.06057686403803727,0.0
delta1__peptide_mean__P06454,0.06053659303068426,0.0
slope1__peptide_std__Q9UBX5,0.06043265896622319,0.0
delta1__peptide_mean__O94919,0.06041865220153238,0.0
slope1__peptide_count__P07225,0.0603216576312085,0.0
peptide_log__SNSSM(UniMod_35)HITDC(UniMod_4)R,0.06026832844427308,0.0
slope1__peptide_count__P04217,0.06022987336342579,0.0
missing__peptide_std__O15240,0.06022497823263056,0.0
delta1__peptide_count__P16870,0.060153986159805016,0.0
lag1__peptide_std__Q92876,0.060144276696719325,0.0
delta1__peptide_count__P06396,0.060062150413333286,0.0
missing__protein_npx__P11142,0.05998203427899459,0.0
missing__peptide_count__P11142,0.05998203427899459,0.0
missing__peptide_mean__P11142,0.05998203427899459,0.0
protein_npx__P02774,0.059957594560848586,0.0
rollmean2__peptide_mean__Q13451,0.05991789969726657,0.0
rollmean2__peptide_mean__P07602,0.059909731412986084,0.0
rollmean2__protein_npx__P02787,0.05985288420979825,0.0
lag1__peptide_count__O00533,0.05981131757685189,0.0
delta1__peptide_count__P05067,0.0597970003704375,0.0
rollmean2__protein_npx__P01834,0.059795144702746876,0.0
lag1__peptide_count__P01019,0.05978058056329397,0.0
slope1__peptide_count__P02790,0.059744282160731105,0.0
rollmean2__peptide_std__P00736,0.05964738499442418,0.0
rollmean2__peptide_count__O00584,0.05955588373190128,0.0
rollmean2__peptide_mean__P11277,0.05951840870336821,0.0
delta1__peptide_mean__P55290,0.05938473812343203,0.0
rollmean2__protein_npx__Q13449,0.05938378260477062,0.0
rollmean2__protein_npx__P16152,0.05934753745680912,0.0
rollmean2__peptide_log__VC(UniMod_4)PFAGILENGAVR,0.059321177238423894,0.0
lag1__peptide_mean__Q15904,0.059200123990124164,0.0
peptide_mean__P19652,0.05919749504087445,0.0
lag1__peptide_mean__P02790,0.05919053159060623,0.0
delta1__peptide_count__P07339,0.05918793927161746,0.0
rollmean2__peptide_count__P05156,0.05918664438516407,0.0
peptide_std__P01859,0.05917028167622086,0.0
rollmean2__peptide_log__VDSGNDVTDIADDGC(UniMod_4)PKPPEIAHGYVEHSVR,0.059158028052373364,0.0
slope1__protein_npx__Q99829,0.059056383015387716,0.0
peptide_log__VQAAVGTSAAPVPSDNH,0.059015600538095306,0.0
delta1__peptide_log__SNSSM(UniMod_35)HITDC(UniMod_4)R,0.05900502096345361,0.0
delta1__protein_npx__P13521,0.058940946233236466,0.0
rollmean2__peptide_log__GSPAINVAVHVFRK,0.0589103488645896,0.0
delta1__peptide_log__KQELSEAEQATR,0.05890636893045991,0.0
slope1__protein_npx__Q8N2S1,0.05889700258841904,0.0
rollmean2__peptide_count__P02747,0.058879111594151476,0.0
lag1__peptide_count__P06681,0.05885290096201176,0.0
delta1__peptide_count__P98160,0.05882914565152761,0.0
protein_npx__Q562R1,0.05881896638474165,0.0
peptide_std__O00533,0.05873335057424232,0.0
peptide_count__Q06481,0.05866631877248322,0.0
delta1__peptide_log__TVVQPSVGAAAGPVVPPC(UniMod_4)PGR,0.058574243161452814,0.0
protein_npx__P00746,0.05852686669042976,0.0
protein_npx__P02787,0.058511594187724454,0.0
peptide_mean__Q562R1,0.058499589519667335,0.0
slope1__peptide_std__P17174,0.05849676190372129,0.0
missing__peptide_log__TDASDVKPC(UniMod_4),0.058476195557221805,0.0
peptide_std__P24592,0.058391164429720685,0.0
peptide_mean__P00748,0.05837426465576437,0.0
lag1__peptide_count__P16070,0.05836171269909128,0.0
missing__peptide_std__O00584,0.058332402432278385,0.0
protein_npx__P01591,0.05822905159351335,0.0
missing__peptide_mean__P01591,0.0581944510854638,0.0
missing__protein_npx__P01591,0.0581944510854638,0.0
missing__peptide_count__P01591,0.0581944510854638,0.0
slope1__peptide_mean__P16035,0.05818591032950765,0.0
rollmean2__peptide_count__P05060,0.05810688462009296,0.0
rollmean2__peptide_log__YYWGGQYTWDMAK,0.05804220567087903,0.0
missing__peptide_count__O14498,0.05803345851665829,0.0
missing__protein_npx__O14498,0.05803345851665829,0.0
missing__peptide_mean__O14498,0.05803345851665829,0.0
lag1__peptide_mean__P09104,0.058004473898921625,0.0
slope1__peptide_log__LRTEGDGVYTLNNEKQWINK,0.057940989214185314,0.0
rollmean2__protein_npx__Q99829,0.057940315262169834,0.0
delta1__peptide_log__M(UniMod_35)ASGAANVVGPK,0.0578932475268116,0.0
lag1__protein_npx__P01857,0.05779984155923478,0.0
peptide_std__P00736,0.05779098951141495,0.0
delta1__peptide_count__P07711,0.0576805981860266,0.0
protein_npx__Q12841,0.057604595973433224,0.0
missing__peptide_std__P55290,0.05756806343870655,0.0
slope1__peptide_count__O75144,0.057560250850542866,0.0
delta1__protein_npx__P07195,0.05755327003195446,0.0
rollmean2__peptide_std__P08493,0.057507527441858046,0.0
rollmean2__peptide_mean__Q99674,0.05745325634447709,0.0
lag1__protein_npx__Q8IWV7,0.057439844203720725,0.0
peptide_mean__O00584,0.05741448800572312,0.0
peptide_mean__P00734,0.057402601335634684,0.0
protein_npx__Q14515,0.05740104403504604,0.0
rollmean2__peptide_count__P05090,0.05738006019764009,0.0
rollmean2__peptide_log__C(UniMod_4)IIEVLSNALSK,0.057313621120845516,0.0
slope1__peptide_std__O15394,0.05730901907156823,0.0
rollmean2__protein_npx__P02748,0.05730880506783618,0.0
slope1__peptide_log__QQETAAAETETR,0.05723264874880537,0.0
lag1__peptide_mean__P06396,0.05721529103575631,0.0
missing__peptide_std__P39060,0.05721201042916569,0.0
slope1__peptide_count__P06681,0.05718827152422475,0.0
slope1__peptide_log__SNSSM(UniMod_35)HITDC(UniMod_4)R,0.057182489094944215,0.0
rollmean2__peptide_mean__P01591,0.057168973986505,0.0
rollmean2__protein_npx__P05090,0.0571325384622326,0.0
peptide_count__P02656,0.05705020323562867,0.0
delta1__peptide_mean__Q9UHG2,0.05698522766324294,0.0
slope1__peptide_std__P02452,0.05695564828511733,0.0
lag1__peptide_log__GSPAINVAVHVFRK,0.05694501442469942,0.0
rollmean2__protein_npx__P02774,0.05690920590301554,0.0
peptide_count__O00584,0.05690671643323346,0.0
delta1__protein_npx__P07602,0.05689414774685922,0.0
lag1__protein_npx__P09104,0.056868386190510614,0.0
rollmean2__peptide_mean__P02748,0.05680757627336389,0.0
lag1__peptide_log__LIADLGSTSITNLGFR,0.05678094125982849,0.0
lag1__peptide_mean__Q9BY67,0.05677641519945789,0.0
slope1__peptide_mean__Q12841,0.056720017393834525,0.0
lag1__peptide_log__SLAAAAGKQELAK,0.056707696229768886,0.0
lag1__peptide_mean__P61278,0.056707696229768886,0.0
delta1__peptide_count__P02790,0.056704523677117105,0.0
peptide_mean__P02787,0.05669804590525432,0.0
rollmean2__peptide_std__P01859,0.056645864672453576,0.0
lag1__protein_npx__Q02818,0.0566387765559794,0.0
lag1__peptide_log__HYTNPSQDVTVPC(UniMod_4)PVPPPPPC(UniMod_4)C(UniMod_4)HPR,0.056631098326811034,0.0
lag1__protein_npx__P01031,0.056573264197141586,0.0
rollmean2__peptide_mean__Q9NQ79,0.056560963439546766,0.0
lag1__peptide_log__GEVQAMLGQSTEELRVR,0.05647067691091864,0.0
peptide_mean__P07602,0.056387528321428654,0.0
delta1__peptide_count__P12109,0.05634149206057121,0.0
rollmean2__peptide_count__P43652,0.05633069125271104,0.0
slope1__peptide_log__TVVQPSVGAAAGPVVPPC(UniMod_4)PGR,0.05631485814501049,0.0
slope1__peptide_std__P00748,0.056311223235555624,0.0
delta1__peptide_count__P01019,0.05623155233528388,0.0
slope1__peptide_log__M(UniMod_35)YLGYEYVTAIR,0.056228906333727936,0.0
missing__peptide_log__LAVYQAGAR,0.05611369249226498,0.0
rollmean2__peptide_mean__Q13449,0.05604555739273242,0.0
lag1__peptide_count__P04196,0.05601437530725302,0.0
peptide_log__DSGFQM(UniMod_35)NQLR,0.05598343898341593,0.0
lag1__peptide_log__NFPPSQDASGDLYTTSSQLTLPATQC(UniMod_4)PDGK,0.05597425191574937,0.0
delta1__peptide_count__Q13740,0.0559678587909035,0.0
delta1__peptide_std__P14618,0.05594587016590648,0.0
rollmean2__protein_npx__Q9UBR2,0.055909207658800315,0.0
slope1__peptide_log__NFPPSQDASGDLYTTSSQLTLPATQC(UniMod_4)PDGK,0.05590347753074828,0.0
rollmean2__peptide_log__TSAHGNVAEGETKPDPDVTER,0.05580497923070632,0.0
missing__protein_npx__Q9BY67,0.05576999326863995,0.0
missing__peptide_mean__Q9BY67,0.05576999326863995,0.0
missing__peptide_count__Q9BY67,0.05576999326863995,0.0
lag1__peptide_std__P01042,0.05571337393231998,0.0
lag1__peptide_count__P05155,0.05569187287148934,0.0
rollmean2__peptide_std__P23142,0.055670670746299555,0.0
peptide_count__P13987,0.055656747712999576,0.0
slope1__protein_npx__P32754,0.05564143659950871,0.0
rollmean2__peptide_log__NPDSSTTGPWC(UniMod_4)YTTDPTVR,0.055640871249275345,0.0
rollmean2__peptide_count__P36222,0.05563182439358801,0.0
protein_npx__P01031,0.05559467620348498,0.0
slope1__protein_npx__P05546,0.05555033546755439,0.0
peptide_count__P05155,0.055420767807060636,0.0
slope1__protein_npx__P23083,0.05537795814299812,0.0
lag1__peptide_mean__P01031,0.05536688230653917,0.0
delta1__peptide_mean__Q14508,0.055294054538162815,0.0
rollmean2__peptide_std__P36955,0.05527368375722732,0.0
rollmean2__peptide_log__M(UniMod_35)YLGYEYVTAIR,0.05526381793226851,0.0
delta1__protein_npx__P23083,0.05525905922443364,0.0
delta1__peptide_std__P01008,0.055253335811442685,0.0
slope1__peptide_mean__P07998,0.0552475042683952,0.0
slope1__peptide_log__LSKELQAAQAR,0.055060230914626175,0.0
slope1__peptide_count__P20774,0.055042830162594064,0.0
lag1__peptide_mean__P07225,0.05496256036134572,0.0
rollmean2__peptide_std__P02652,0.054876786561417604,0.0
rollmean2__peptide_std__P16870,0.05480847000005574,0.0
rollmean2__peptide_mean__P02760,0.05476154872055873,0.0
lag1__peptide_log__AVGDKLPEC(UniMod_4)EADDGC(UniMod_4)PKPPEIAHGYVEHSVR,0.054760467790252156,0.0
rollmean2__peptide_mean__P10451,0.054727121997338445,0.0
rollmean2__peptide_log__LVGGPM(UniMod_35)DASVEEEGVRR,0.05469262097445043,0.0
rollmean2__peptide_count__P02751,0.05464292930448573,0.0
lag1__peptide_mean__Q12907,0.05462235834770693,0.0
rollmean2__peptide_count__P20774,0.054592074427014026,0.0
rollmean2__peptide_count__P00747,0.05455061903613009,0.0
rollmean2__peptide_std__P05156,0.05453199688782087,0.0
delta1__peptide_log__ELDESLQVAER,0.05451500868375558,0.0
lag1__peptide_log__YVM(UniMod_35)LPVADQDQC(UniMod_4)IR,0.054486605670105,0.0
delta1__peptide_count__P13611,0.054426537693012964,0.0
rollmean2__peptide_log__IHWESASLLR,0.05440290804936442,0.0
lag1__peptide_count__Q12805,0.05438417369063722,0.0
lag1__peptide_std__P02790,0.054376161769946856,0.0
lag1__current_medication_on,0.05437369882669016,0.0
rollmean2__protein_npx__P08637,0.054369037371383384,0.0
lag1__peptide_count__P14618,0.05430905253420242,0.0
rollmean2__peptide_count__Q06481,0.05430190618834269,0.0
rollmean2__peptide_std__P07225,0.05429314706786982,0.0
slope1__peptide_mean__P06454,0.05424155554745199,0.0
lag1__peptide_std__P13611,0.054223374925788576,0.0
delta1__protein_npx__P05090,0.05421465291106113,0.0
slope1__protein_npx__Q16270,0.05419655395753207,0.0
lag1__protein_npx__P27169,0.054165836382926665,0.0
rollmean2__protein_npx__P02749,0.054157115050862466,0.0
lag1__protein_npx__P01608,0.05414569392940971,0.0
delta1__peptide_log__KFPSGTFEQVSQLVK,0.054137545984140785,0.0
lag1__peptide_log__TKEEYGHSEVVEYYC(UniMod_4)NPR,0.054122012367611945,0.0
rollmean2__peptide_count__O15240,0.054096398966133996,0.0
protein_npx__Q13449,0.05408169432545813,0.0
rollmean2__protein_npx__P02766,0.054037189431369294,0.0
lag1__protein_npx__P02750,0.05403267959612843,0.0
delta1__peptide_std__P05155,0.05398202525765153,0.0
rollmean2__peptide_count__P17174,0.053962037455960066,0.0
rollmean2__peptide_mean__P00734,0.053894024687941015,0.0
rollmean2__peptide_mean__P04217,0.05384218840222322,0.0
slope1__protein_npx__P02452,0.05378557961127465,0.0
peptide_std__P12109,0.053730675099304105,0.0
delta1__peptide_mean__Q8NBJ4,0.05367513726128533,0.0
protein_npx__Q9UBR2,0.05364225931718751,0.0
slope1__peptide_log__C(UniMod_4)RDQLPYIC(UniMod_4)QFGIV,0.053600089716292695,0.0
lag1__peptide_log__SWFEPLVEDM(UniMod_35)QR,0.053593337946217026,0.0
delta1__protein_npx__P00738,0.053589538185515206,0.0
delta1__protein_npx__P02765,0.05355070821281996,0.0
slope1__protein_npx__P01860,0.053544710960671815,0.0
lag1__peptide_mean__P27169,0.05345810120239534,0.0
missing__peptide_std__P02748,0.05338230814000534,0.0
peptide_log__TSAHGNVAEGETKPDPDVTER,0.0532960047771113,0.0
slope1__peptide_std__P04196,0.05327732926925028,0.0
slope1__peptide_mean__P23083,0.053251185997695745,0.0
rollmean2__peptide_count__P09486,0.053238944747178156,0.0
delta1__protein_npx__P01834,0.05316204322192331,0.0
slope1__peptide_log__TTPPVLDSDGSFFLYSK,0.0531593302668432,0.0
peptide_count__P08697,0.05306937359730425,0.0
rollmean2__peptide_mean__P02765,0.05306686528151122,0.0
rollmean2__peptide_std__P04196,0.05306337852630179,0.0
lag1__peptide_count__P39060,0.052896499495386134,0.0
missing__peptide_log__RLEGQEEEEDNRDSSMK,0.05279974382250887,0.0
peptide_mean__Q13451,0.05279820155292907,0.0
delta1__peptide_count__P04075,0.052781542403658566,0.0
protein_npx__P08294,0.05274874498749969,0.0
missing__protein_npx__P05546,0.05274249029296417,0.0
missing__peptide_mean__P05546,0.05274249029296417,0.0
missing__peptide_count__P05546,0.05274249029296417,0.0
rollmean2__protein_npx__P08253,0.05270558560543847,0.0
delta1__peptide_log__VMPIC(UniMod_4)LPSKDYAEVGR,0.05266230730138558,0.0
delta1__peptide_mean__P10451,0.05266189088558808,0.0
lag1__peptide_std__P41222,0.052653925395590724,0.0
delta1__peptide_mean__P13521,0.05259858776844851,0.0
delta1__peptide_mean__Q99683,0.05247298627598684,0.0
slope1__peptide_log__QWAGLVEK,0.05246601619670627,0.0
rollmean2__peptide_std__P12109,0.05243842096095726,0.0
peptide_mean__P02760,0.05237953500415877,0.0
peptide_mean__Q99674,0.05230139251433425,0.0
slope1__peptide_count__P16870,0.05229773940883089,0.0
peptide_log__VC(UniMod_4)PFAGILENGAVR,0.052274576369192916,0.0
slope1__peptide_mean__Q6UX71,0.052273068877959565,0.0
delta1__peptide_count__Q14118,0.052162994145125596,0.0
peptide_log__ELDESLQVAER,0.05212612137624368,0.0
slope1__peptide_mean__P19021,0.052071779010856314,0.0
protein_npx__P09871,0.05204328274792185,0.0
rollmean2__peptide_std__P08294,0.05201818153178873,0.0
protein_npx__Q99683,0.05200420093550025,0.0
delta1__peptide_count__P01876,0.05189141806134816,0.0
peptide_count__P00450,0.05182720317199773,0.0
peptide_count__P43121,0.05173073564894818,0.0
peptide_log__KFPSGTFEQVSQLVK,0.051718813718406885,0.0
peptide_std__P05546,0.051698855113665745,0.0
peptide_count__P00734,0.051608392638875844,0.0
rollmean2__peptide_std__P01860,0.05157885472819912,0.0
delta1__protein_npx__Q6UXB8,0.05157495310583592,0.0
rollmean2__peptide_mean__P08253,0.0515667559653357,0.0
slope1__protein_npx__P16870,0.05156046784056297,0.0
delta1__peptide_log__LSKELQAAQAR,0.05149026784229392,0.0
lag1__peptide_count__P25311,0.051468174867821494,0.0
delta1__protein_npx__Q12907,0.05141037236673801,0.0
delta1__peptide_std__P05546,0.051373194944607896,0.0
lag1__peptide_mean__P19827,0.05132430867572867,0.0
delta1__peptide_count__P00748,0.05131403093148035,0.0
missing__peptide_mean__P04406,0.05128930932124243,0.0
missing__protein_npx__P04406,0.05128930932124243,0.0
missing__peptide_count__P04406,0.05128930932124243,0.0
lag1__peptide_log__WELALGR,0.05127991979717313,0.0
delta1__protein_npx__P01591,0.05127895890054683,0.0
slope1__peptide_count__P01877,0.05125230912720114,0.0
missing__peptide_log__HYDGSYSTFGER,0.05123785584621318,0.0
rollmean2__peptide_mean__P20933,0.051210767613674706,0.0
rollmean2__peptide_std__P36222,0.051202700530040876,0.0
peptide_count__P51884,0.05119778109916248,0.0
delta1__protein_npx__P00751,0.05116615662081362,0.0
lag1__peptide_mean__P04180,0.05113651513958558,0.0
delta1__peptide_mean__P07998,0.051133453267820914,0.0
peptide_log__VDSGNDVTDIADDGC(UniMod_4)PKPPEIAHGYVEHSVR,0.05109691427468617,0.0
peptide_mean__P13671,0.05107175575036038,0.0
delta1__peptide_log__C(UniMod_4)RDQLPYIC(UniMod_4)QFGIV,0.051040410355855576,0.0
rollmean2__peptide_count__P01876,0.05103804453854836,0.0
lag1__peptide_log__ELDESLQVAER,0.050979144454943025,0.0
protein_npx__Q02818,0.05082548211850358,0.0
lag1__peptide_mean__P05067,0.05081963842165031,0.0
lag1__peptide_log__LDEVKEQVAEVR,0.0508004137572639,0.0
delta1__peptide_count__P00450,0.05079075082842514,0.0
rollmean2__protein_npx__P01859,0.05073104148366262,0.0
slope1__peptide_count__P02787,0.050717663585541015,0.0
missing__peptide_log__NPDSSTTGPWC(UniMod_4)YTTDPTVR,0.05069602845534466,0.0
slope1__peptide_count__P14618,0.05067934369487664,0.0
slope1__protein_npx__Q96S96,0.05066466935672693,0.0
delta1__peptide_count__P02765,0.050637795899459485,0.0
lag1__protein_npx__P14174,0.05062060277349494,0.0
lag1__peptide_std__Q9Y6R7,0.050607178982126036,0.0
slope1__peptide_abundance_min,0.05051822746754487,0.0
slope1__peptide_log__VDSGNDVTDIADDGC(UniMod_4)PKPPEIAHGYVEHSVR,0.05047449599457795,0.0
slope1__peptide_count__P00450,0.05043487938882078,0.0
peptide_log__C(UniMod_4)IIEVLSNALSK,0.050433165089983314,0.0
peptide_count__P07225,0.050418034273727375,0.0
rollmean2__protein_npx__P00734,0.050396593609708495,0.0
rollmean2__peptide_log__RLEGQEEEEDNRDSSMK,0.05039593864914597,0.0
rollmean2__peptide_count__P08493,0.05038673033640126,0.0
rollmean2__protein_npx__Q8NE71,0.050383991694766414,0.0
rollmean2__peptide_log__SEALAVDGAGKPGAEEAQDPEGK,0.050364271225627845,0.0
rollmean2__peptide_log__LFDSDPITVTVPVEVSR,0.050337045136343087,0.0
lag1__peptide_mean__Q6UXD5,0.05031473391935516,0.0
rollmean2__peptide_count__O94919,0.050294983242459124,0.0
missing__peptide_log__VTSIQDWVQK,0.05025470857083122,0.0
delta1__peptide_log__QQETAAAETETR,0.05024818609176482,0.0
slope1__protein_npx__P00450,0.05024089792227112,0.0
peptide_count__P16070,0.05019513337062481,0.0
lag1__peptide_std__P06727,0.05014159257992233,0.0
delta1__protein_npx__P31997,0.050089886104213464,0.0
rollmean2__protein_npx__P08697,0.0500627752438787,0.0
rollmean2__peptide_std__P04180,0.05001442197413726,0.0
peptide_count__P19823,0.05001337848023861,0.0
delta1__protein_npx__P06454,0.04999205410128522,0.0
lag1__protein_npx__Q96BZ4,0.049952387338854105,0.0
rollmean2__peptide_mean__P06310,0.04994273887045156,0.0
delta1__peptide_mean__P32754,0.04986200913310995,0.0
missing__peptide_log__C(UniMod_4)SYTEDAQC(UniMod_4)IDGTIEVPK,0.04986161916307558,0.0
slope1__protein_npx__P04211,0.049811193219191925,0.0
slope1__peptide_mean__Q9UHG2,0.049767001761299355,0.0
slope1__protein_npx__P07195,0.04975739004417285,0.0
lag1__peptide_count__P54289,0.04973838836107643,0.0
rollmean2__peptide_count__P07225,0.04971387524790656,0.0
rollmean2__peptide_count__P16070,0.04961817073114504,0.0
peptide_log__YVM(UniMod_35)LPVADQDQC(UniMod_4)IR,0.04959700081087564,0.0
rollmean2__protein_npx__O00584,0.049576756128549386,0.0
missing__peptide_count__P08133,0.049518658096232154,0.0
missing__peptide_mean__P08133,0.049518658096232154,0.0
missing__protein_npx__P08133,0.049518658096232154,0.0
rollmean2__protein_npx__P02655,0.049496196560167585,0.0
lag1__peptide_log__C(UniMod_4)KPVNTFVHEPLVDVQNVC(UniMod_4)FQEK,0.04948542787458611,0.0
delta1__peptide_std__P19652,0.049451825807580875,0.0
peptide_std__P00748,0.04940517600130623,0.0
peptide_count__P55290,0.04938888731024981,0.0
peptide_std__P01042,0.04936954833824492,0.0
slope1__peptide_std__P55290,0.04933743546925209,0.0
slope1__protein_npx__P10645,0.04933591195869261,0.0
rollmean2__peptide_log__HYDGSYSTFGER,0.04927572245436957,0.0
delta1__peptide_log__RGYQLSDVDGVTC(UniMod_4)EDIDEC(UniMod_4)ALPTGGHIC(UniMod_4)SYR,0.04927032850452651,0.0
peptide_std__P36222,0.04926205904763056,0.0
missing__peptide_count__O75326,0.04921442670861214,0.0
missing__peptide_mean__O75326,0.04921442670861214,0.0
missing__protein_npx__O75326,0.04921442670861214,0.0
lag1__peptide_count__Q92876,0.04921341398108698,0.0
rollmean2__protein_npx__O15394,0.04919321643824176,0.0
rollmean2__peptide_count__P02656,0.04915406121407356,0.0
rollmean2__peptide_log__VQAAVGTSAAPVPSDNH,0.04912441136261152,0.0
rollmean2__peptide_std__P43121,0.04909439528266505,0.0
missing__peptide_std__Q12841,0.04908506454341469,0.0
rollmean2__peptide_log__SC(UniMod_4)DTPPPC(UniMod_4)PR,0.04908356056417227,0.0
protein_npx__Q99435,0.0490319610112664,0.0
lag1__protein_npx__P02790,0.04899665651308758,0.0
lag1__protein_npx__P19827,0.04899533306314703,0.0
lag1__protein_npx__Q12805,0.04896291207116916,0.0
peptide_count__P08603,0.048892544297202745,0.0
lag1__peptide_count__P01859,0.04885855255799703,0.0
slope1__protein_npx__P01008,0.04876785623359367,0.0
peptide_count__P13611,0.0487669758937297,0.0
lag1__peptide_mean__P01780,0.04873811243640093,0.0
slope1__protein_npx__P08123,0.04871229826825002,0.0
lag1__peptide_count__Q96KN2,0.0486976115504891,0.0
slope1__peptide_count__Q12841,0.04866237911144239,0.0
lag1__peptide_count__P12109,0.04861848617111698,0.0
slope1__peptide_count__O94919,0.048618013111391245,0.0
peptide_mean__P98160,0.04861477924277682,0.0
slope1__protein_npx__P80748,0.04858885611131926,0.0
lag1__peptide_count__P05067,0.04858705596102156,0.0
delta1__protein_npx__P02452,0.048576852896139555,0.0
lag1__protein_npx__P04004,0.04856311124166404,0.0
rollmean2__peptide_mean__P02647,0.04856024226877573,0.0
lag1__peptide_log__LSSWVLLM(UniMod_35)K,0.048558368452467776,0.0
missing__peptide_count__Q99674,0.048552657736237376,0.0
missing__protein_npx__Q99674,0.048552657736237376,0.0
missing__peptide_mean__Q99674,0.048552657736237376,0.0
protein_npx__Q15904,0.048520420630108654,0.0
lag1__peptide_count__P18065,0.0484900956796743,0.0
delta1__peptide_std__O00584,0.04847744527293341,0.0
rollmean2__peptide_log__KVEQAVETEPEPELR,0.04840834178157812,0.0
delta1__peptide_std__P02790,0.04839652828972912,0.0
peptide_log__ATVNPSAPR,0.04831005952821645,0.0
slope1__peptide_count__P36222,0.048268855476728635,0.0
peptide_log__SC(UniMod_4)DTPPPC(UniMod_4)PR,0.04826685788850734,0.0
lag1__peptide_mean__P20774,0.04825816962134851,0.0
delta1__peptide_mean__Q8N2S1,0.04824862491700496,0.0
delta1__peptide_std__P36955,0.048241121339760246,0.0
protein_npx__P36222,0.04823618667351225,0.0
lag1__protein_npx__O15394,0.04822905028791198,0.0
slope1__peptide_count__P06396,0.04820180721415692,0.0
lag1__peptide_count__O94919,0.048136831499687276,0.0
rollmean2__peptide_mean__P02763,0.04813535110931402,0.0
rollmean2__peptide_mean__Q6UXB8,0.048127755125697454,0.0
rollmean2__peptide_mean__P17174,0.0480984213995616,0.0
delta1__peptide_std__P04075,0.04808911882149373,0.0
peptide_std__P61769,0.04804084953062228,0.0
delta1__peptide_std__P05156,0.0480375406312671,0.0
lag1__has_previous_visit,0.047965904954261666,0.0
delta1__has_previous_visit,0.04796590495426157,0.0
peptide_count__P02751,0.047948335055103285,0.0
lag1__peptide_log__AEAQEAEDQQAR,0.04794082940745533,0.0
protein_npx__P07333,0.04792720998943858,0.0
rollmean2__peptide_mean__Q02818,0.04790348703879499,0.0
slope1__peptide_std__P13591,0.047894115504894044,0.0
peptide_log__SLAELGGHLDQQVEEFRR,0.04785938238761668,0.0
peptide_count__P09486,0.047811543578267494,0.0
delta1__protein_npx__P13611,0.047810747713295784,0.0
slope1__peptide_mean__Q14508,0.04775447010107,0.0
slope1__peptide_std__P10645,0.0477466016027722,0.0
peptide_count__P02774,0.04766029411471015,0.0
rollmean2__peptide_mean__O00584,0.047657820175542175,0.0
delta1__peptide_mean__P23083,0.04765354330118354,0.0
rollmean2__protein_npx__Q12841,0.04763979675295205,0.0
rollmean2__peptide_count__Q12805,0.047619452664608694,0.0
delta1__peptide_log__LGPLVEQGRVR,0.04761850052285501,0.0
peptide_count__P43652,0.04759791536783363,0.0
slope1__peptide_std__O00584,0.047577104857481504,0.0
missing__peptide_mean__Q9UNU6,0.04750062423296675,0.0
missing__peptide_count__Q9UNU6,0.04750062423296675,0.0
missing__protein_npx__Q9UNU6,0.04750062423296675,0.0
slope1__peptide_std__O94919,0.04746107528185099,0.0
delta1__protein_npx__P02760,0.04739627711214463,0.0
rollmean2__protein_npx__P36222,0.04738801159795773,0.0
rollmean2__peptide_count__Q14515,0.04732763465927078,0.0
lag1__peptide_mean__P35542,0.04730863339075904,0.0
lag1__peptide_mean__P08571,0.047292667616015055,0.0
slope1__peptide_std__P02753,0.047288796744224246,0.0
lag1__peptide_log__DLATVYVDVLK,0.047285560328280414,0.0
lag1__peptide_std__O15240,0.04727847778892539,0.0
peptide_mean__P43121,0.047271386952824,0.0
peptide_std__Q16610,0.04718761407944677,0.0
lag1__peptide_mean__Q9UKV8,0.04716449476523145,0.0
lag1__protein_npx__P98160,0.047160420524737116,0.0
rollmean2__peptide_std__P02452,0.047159165070844035,0.0
rollmean2__peptide_count__Q16610,0.04710843889989651,0.0
lag1__peptide_mean__P14174,0.04708285897482131,0.0
rollmean2__protein_npx__Q99683,0.04702486574425738,0.0
lag1__peptide_std__Q06481,0.04696666125456288,0.0
missing__protein_npx__O14791,0.04690821173888341,0.0
missing__peptide_mean__O14791,0.04690821173888341,0.0
missing__peptide_count__O14791,0.04690821173888341,0.0
protein_npx__P01621,0.046879428416416,0.0
rollmean2__peptide_log__C(UniMod_4)REILSVDC(UniMod_4)STNNPSQAK,0.046858589019881394,0.0
rollmean2__protein_npx__Q562R1,0.046835955916274694,0.0
lag1__peptide_std__P30086,0.04683430026331082,0.0
delta1__peptide_log__EILSVDC(UniMod_4)STNNPSQAK,0.046823993267474086,0.0
lag1__protein_npx__P20933,0.04679678574367684,0.0
lag1__peptide_mean__P39060,0.04679650795772934,0.0
lag1__protein_npx__P04433,0.04679072380391336,0.0
lag1__peptide_log__YYWGGQYTWDMAK,0.04671349078154478,0.0
lag1__peptide_count__P01877,0.04669796356471251,0.0
rollmean2__peptide_log__NFPPSQDASGDLYTTSSQLTLPATQC(UniMod_4)LAGK,0.04669201724158651,0.0
slope1__peptide_log__YIVSGTPTFVPYLIK,0.046691797908907755,0.0
missing__peptide_std__P14314,0.046658063426804064,0.0
delta1__peptide_std__P01024,0.046633355483715264,0.0
lag1__peptide_std__P01877,0.046630729087093196,0.0
rollmean2__peptide_log__LPPTSAHGNVAEGETKPDPDVTER,0.04659292820551593,0.0
delta1__peptide_mean__P08294,0.04657237028584057,0.0
delta1__protein_npx__P40925,0.04655983425421891,0.0
lag1__peptide_mean__P10451,0.046472354945869356,0.0
rollmean2__protein_npx__Q99674,0.04645672213086435,0.0
lag1__peptide_count__P07711,0.046450028657461756,0.0
rollmean2__peptide_std__P02753,0.04642055685870773,0.0
peptide_std__P01024,0.04639087504624051,0.0
lag1__protein_npx__P07711,0.046389739372569495,0.0
peptide_mean__P12109,0.04630645928329437,0.0
slope1__protein_npx__P06454,0.04628397512194023,0.0
rollmean2__peptide_count__P01019,0.046254935595158336,0.0
rollmean2__peptide_mean__P12109,0.04625004570879645,0.0
peptide_std__P02652,0.04621781904560329,0.0
delta1__peptide_log__C(UniMod_4)DSSPDSAEDVRK,0.046189864621456106,0.0
slope1__peptide_mean__Q8NBJ4,0.04617807977594825,0.0
delta1__peptide_count__P01834,0.04616657819044086,0.0
rollmean2__protein_npx__P10645,0.046162690741857706,0.0
peptide_mean__P36222,0.046122599027717995,0.0
lag1__peptide_log__GYQLSDVDGVTC(UniMod_4)EDIDEC(UniMod_4)ALPTGGHIC(UniMod_4)SYR,0.04607143917619758,0.0
missing__peptide_log__LGPLVEQGR,0.04606483707116441,0.0
lag1__peptide_mean__O75144,0.046022052108965164,0.0
slope1__protein_npx__P01877,0.045987945315902425,0.0
delta1__peptide_mean__P31997,0.0459856432764661,0.0
rollmean2__protein_npx__P01594,0.04595130258227459,0.0
rollmean2__peptide_count__P51884,0.04594694305909031,0.0
delta1__peptide_std__P07339,0.04593263939060022,0.0
missing__peptide_std__Q06481,0.04593232770258422,0.0
delta1__peptide_std__P24592,0.04592164877519821,0.0
delta1__peptide_log__LSSWVLLM(UniMod_35)K,0.045905941556548306,0.0
missing__peptide_log__AVLPTGDVIGDSAK,0.04588047507955639,0.0
missing__protein_npx__P01031,0.04585766932577722,0.0
missing__peptide_count__P01031,0.04585766932577722,0.0
missing__peptide_mean__P01031,0.04585766932577722,0.0
rollmean2__protein_npx__P17936,0.045851134787465324,0.0
protein_npx__P07339,0.045832345921716235,0.0
slope1__protein_npx__O00584,0.045792278452397084,0.0
missing__peptide_log__YVMLPVADQDQC(UniMod_4)IR,0.04574579824458517,0.0
protein_npx__P10451,0.04573287804941459,0.0
lag1__protein_npx__O94919,0.04572531292313702,0.0
rollmean2__peptide_count__O00533,0.04572075296812826,0.0
slope1__peptide_log__VGYVSGWGR,0.04565452203118104,0.0
missing__protein_npx__O60888,0.0456198178298824,0.0
missing__peptide_count__O60888,0.0456198178298824,0.0
missing__peptide_mean__O60888,0.0456198178298824,0.0
peptide_std__P20774,0.04561320444579238,0.0
missing__peptide_std__P13591,0.04561189240284367,0.0
rollmean2__peptide_log__AKLEEQAQQIR,0.04557805353130276,0.0
protein_npx__P00734,0.045572439497869134,0.0
peptide_mean__P41222,0.04556921542748373,0.0
rollmean2__peptide_mean__Q562R1,0.045558068303405835,0.0
lag1__peptide_std__P07225,0.04548016915457004,0.0
delta1__protein_npx__P00748,0.045454601269021365,0.0
peptide_mean__P17174,0.0453705320364939,0.0
slope1__peptide_log__GSPAINVAVHVFRK,0.04535191979351748,0.0
protein_npx__P08697,0.045261862333191724,0.0
rollmean2__peptide_log__AVGDKLPEC(UniMod_4)EADDGC(UniMod_4)PKPPEIAHGYVEHSVR,0.04525442415414572,0.0
peptide_log__NPDSSTTGPWC(UniMod_4)YTTDPTVR,0.04524029559959795,0.0
rollmean2__peptide_count__P18065,0.045237107739450395,0.0
delta1__peptide_mean__P04211,0.045224736026322834,0.0
lag1__peptide_count__P05156,0.04520670910204878,0.0
slope1__peptide_count__P07339,0.045183796078435506,0.0
rollmean2__peptide_log__TSPVDEKALQDQLVLVAAK,0.04518246267236899,0.0
slope1__peptide_std__P00751,0.04515671738148911,0.0
delta1__peptide_std__Q12841,0.045154729104086175,0.0
slope1__peptide_std__P10909,0.04502479450590229,0.0
lag1__protein_npx__Q96PD5,0.0450166751482828,0.0
lag1__peptide_mean__P04004,0.04500343438679111,0.0
slope1__peptide_mean__P43121,0.04497415850308625,0.0
rollmean2__peptide_mean__P16152,0.04497129974097562,0.0
rollmean2__peptide_log__SC(UniMod_4)SPELQQK,0.04497129974097562,0.0
slope1__peptide_log__VQPYLDDFQKK,0.044967641513347485,0.0
missing__peptide_count__P04207,0.04496580980436923,0.0
missing__peptide_mean__P04207,0.04496580980436923,0.0
missing__protein_npx__P04207,0.04496580980436923,0.0
rollmean2__peptide_log__DSGEGDFLAEGGGVR,0.04488184328802916,0.0
delta1__peptide_mean__P07333,0.044881416291314084,0.0
protein_npx__P20933,0.04486608759251871,0.0
lag1__peptide_count__P01034,0.04481219671813576,0.0
delta1__current_updrs_3,0.04481136112184492,0.0
delta1__protein_npx__Q99683,0.04481058463952638,0.0
rollmean2__protein_npx__P09871,0.044754762058950306,0.0
lag1__peptide_mean__Q9NQ79,0.044753300452466796,0.0
slope1__peptide_mean__Q16270,0.04475147832996376,0.0
rollmean2__peptide_std__Q96PD5,0.04474780775286106,0.0
lag1__peptide_mean__P02750,0.04473150834691506,0.0
rollmean2__peptide_mean__P36222,0.044730176754820265,0.0
rollmean2__protein_npx__Q6UXD5,0.04470852020399021,0.0
lag1__peptide_mean__Q14624,0.04469435488690814,0.0
lag1__protein_npx__P01344,0.04467416173911678,0.0
lag1__peptide_log__ADDKETC(UniMod_4)FAEEGK,0.04467144661000157,0.0
delta1__peptide_count__P18065,0.04453780330802875,0.0
slope1__peptide_mean__P01717,0.044534118559763525,0.0
delta1__peptide_log__C(UniMod_4)IIEVLSNALSK,0.04452071551958829,0.0
peptide_count__P05060,0.044509035193386316,0.0
lag1__peptide_mean__Q96BZ4,0.044508163716830564,0.0
missing__peptide_count__Q02818,0.044496474989147876,0.0
missing__protein_npx__Q02818,0.044496474989147876,0.0
missing__peptide_mean__Q02818,0.044496474989147876,0.0
rollmean2__peptide_mean__Q9UBR2,0.04449095194074357,0.0
slope1__peptide_std__P16035,0.044471324414620095,0.0
rollmean2__peptide_mean__Q92520,0.044468892847082754,0.0
peptide_mean__P02748,0.04443264138689408,0.0
slope1__protein_npx__P08294,0.044370851636567454,0.0
slope1__peptide_log__DLATVYVDVLK,0.04433230232860221,0.0
rollmean2__peptide_mean__Q96PD5,0.04430381107138001,0.0
rollmean2__peptide_count__P07711,0.04428516816310448,0.0
slope1__protein_npx__P02655,0.04427716860315039,0.0
lag1__peptide_std__P13987,0.04427192897322858,0.0
rollmean2__peptide_count__P02748,0.044235777310733526,0.0
lag1__peptide_mean__P36222,0.044208690469983374,0.0
delta1__peptide_count__P02760,0.04419706969407661,0.0
delta1__protein_npx__O15240,0.04419117173573672,0.0
missing__protein_npx__P07711,0.044189655210729144,0.0
missing__peptide_mean__P07711,0.044189655210729144,0.0
missing__peptide_count__P07711,0.044189655210729144,0.0
lag1__protein_npx__P25311,0.04417536813145021,0.0
slope1__protein_npx__O75326,0.04411138754013864,0.0
rollmean2__protein_npx__P08493,0.04407896333144009,0.0
peptide_mean__P02753,0.04405559853946735,0.0
protein_npx__P08253,0.044045435830024376,0.0
peptide_count__P10909,0.044042623787524306,0.0
protein_npx__P00751,0.0440222448938841,0.0
missing__peptide_count__Q06481,0.043946103110990925,0.0
missing__peptide_mean__Q06481,0.043946103110990925,0.0
missing__protein_npx__Q06481,0.043946103110990925,0.0
slope1__peptide_mean__P01780,0.043940727377960606,0.0
rollmean2__peptide_mean__Q08380,0.04393764238524076,0.0
rollmean2__peptide_log__SGELEQEEER,0.04391932363463677,0.0
protein_npx__P02748,0.04390045021055211,0.0
slope1__peptide_mean__O94919,0.04388280079054878,0.0
missing__peptide_std__P10643,0.04386912494627723,0.0
peptide_mean__Q15904,0.04384704121524013,0.0
slope1__peptide_count__Q08380,0.04373246520604486,0.0
lag1__peptide_std__O15394,0.043715245157253994,0.0
lag1__peptide_count__P08294,0.043628634975129844,0.0
rollmean2__peptide_std__Q92823,0.043586344994104624,0.0
rollmean2__peptide_log__ATVNPSAPR,0.043581596084856025,0.0
slope1__protein_npx__Q8NBJ4,0.043529057167144905,0.0
missing__peptide_mean__P13611,0.043510773148500555,0.0
missing__peptide_count__P13611,0.043510773148500555,0.0
missing__protein_npx__P13611,0.043510773148500555,0.0
rollmean2__peptide_std__P07998,0.04348764408617943,0.0
delta1__peptide_std__P61769,0.043479448627066555,0.0
missing__peptide_count__Q9Y6R7,0.043476996809865345,0.0
missing__peptide_mean__Q9Y6R7,0.043476996809865345,0.0
missing__protein_npx__Q9Y6R7,0.043476996809865345,0.0
slope1__peptide_log__LGADM(UniMod_35)EDVC(UniMod_4)GR,0.04346053556730689,0.0
rollmean2__peptide_mean__O60888,0.043391703977999255,0.0
delta1__peptide_count__P02753,0.043376056405362066,0.0
lag1__peptide_mean__P06681,0.04337041618058154,0.0
slope1__protein_npx__P01621,0.04336994726187099,0.0
slope1__peptide_count__P00736,0.04332485877623011,0.0
rollmean2__peptide_mean__P41222,0.04332238789399368,0.0
lag1__peptide_count__Q12907,0.043319677981207824,0.0
delta1__peptide_count__P20774,0.04331701478036958,0.0
lag1__peptide_std__P02748,0.04330500143996476,0.0
lag1__protein_npx__P10451,0.04329396082054425,0.0
slope1__protein_npx__P01024,0.04329344253565344,0.0
delta1__peptide_mean__P05090,0.04329009811679205,0.0
missing__peptide_log__VQPYLDDFQKK,0.04320856699596621,0.0
delta1__peptide_std__Q12805,0.04316429660458599,0.0
delta1__peptide_log__QIGSVYR,0.04311966399891082,0.0
slope1__peptide_std__P61916,0.04310042780417395,0.0
peptide_mean__Q99683,0.0430952029648793,0.0
rollmean2__peptide_mean__P04406,0.04309418771547481,0.0
lag1__peptide_mean__P08637,0.04306121918886913,0.0
peptide_mean__P01344,0.04304917643985206,0.0
rollmean2__peptide_count__P02774,0.043031086239230035,0.0
rollmean2__peptide_log__EILSVDC(UniMod_4)STNNPSQAK,0.042998176257258394,0.0
protein_npx__P10645,0.04297050950324412,0.0
delta1__peptide_mean__P43251,0.04296567496109336,0.0
rollmean2__peptide_mean__P01031,0.0429627713974417,0.0
rollmean2__peptide_count__P02753,0.04295848345072247,0.0
missing__peptide_log__SGELEQEEER,0.042957739507524385,0.0
missing__peptide_std__Q9UBX5,0.04289269013582336,0.0
peptide_std__Q13740,0.042886223236917466,0.0
rollmean2__protein_npx__Q9UNU6,0.04287804351775686,0.0
delta1__protein_npx__P61769,0.04287508119165995,0.0
rollmean2__protein_npx__P06727,0.042868387046741084,0.0
missing__peptide_count__Q99832,0.042856321849567836,0.0
missing__protein_npx__Q99832,0.042856321849567836,0.0
missing__peptide_mean__Q99832,0.042856321849567836,0.0
lag1__peptide_count__P17174,0.04283137313963617,0.0
rollmean2__peptide_std__Q14118,0.042825994264642536,0.0
missing__peptide_log__DLATVYVDVLK,0.04274543586650942,0.0
rollmean2__peptide_log__AYKSELEEQLTPVAEETR,0.04269391827242962,0.0
delta1__protein_npx__P08294,0.04267461665454433,0.0
rollmean2__peptide_std__P01042,0.04267286591198402,0.0
slope1__peptide_mean__P01034,0.04262887211415368,0.0
rollmean2__protein_npx__P20933,0.04258188244111687,0.0
peptide_std__P01019,0.042576170676663756,0.0
protein_npx__O00584,0.0425563186475058,0.0
delta1__peptide_log__TSPVDEKALQDQLVLVAAK,0.042534871401906246,0.0
delta1__protein_npx__Q96S96,0.04251812729024813,0.0
rollmean2__peptide_log__GEVQAMLGQSTEELR,0.042492094104500125,0.0
slope1__peptide_mean__P02655,0.04244461570332147,0.0
lag1__peptide_std__P05546,0.04239059347100646,0.0
protein_npx__P25311,0.04237814379869585,0.0
rollmean2__peptide_std__Q16610,0.042353830122929065,0.0
rollmean2__protein_npx__P01591,0.04231820498866621,0.0
peptide_log__C(UniMod_4)TSTGWIPAPR,0.04228662482459061,0.0
rollmean2__peptide_mean__P06727,0.042276939370513474,0.0
slope1__peptide_std__Q08380,0.04226225127445924,0.0
lag1__peptide_count__P05546,0.04225080796479028,0.0
lag1__peptide_std__P05155,0.042243414869054675,0.0
peptide_mean__P02766,0.04220849540632609,0.0
delta1__peptide_std__P13591,0.042206161805901234,0.0
rollmean2__peptide_log__GC(UniMod_4)PTEEGC(UniMod_4)GER,0.04218586785524582,0.0
slope1__peptide_log__ILLQGTPVAQMTEDAVDAER,0.042184599380618124,0.0
rollmean2__peptide_log__C(UniMod_4)KPVNTFVHEPLVDVQNVC(UniMod_4)FQEK,0.042174500857090694,0.0
peptide_count__Q9UHG2,0.04216710208750633,0.0
delta1__peptide_count__P25311,0.04212337305405645,0.0
slope1__peptide_std__P14618,0.042122433305618115,0.0
protein_npx__P01019,0.042101913776210136,0.0
slope1__protein_npx__P07339,0.04207729920934314,0.0
protein_npx__Q99674,0.042067359898606806,0.0
lag1__protein_npx__P01860,0.04205491802936384,0.0
slope1__peptide_std__O14773,0.041956540761068,0.0
delta1__peptide_mean__P01024,0.041948378521497826,0.0
slope1__peptide_std__P01859,0.04190451887722459,0.0
delta1__protein_npx__O15394,0.0417345509496837,0.0
delta1__peptide_mean__Q9NYU2,0.04172541333788617,0.0
peptide_log__LDEVKEQVAEVR,0.04167275231485231,0.0
protein_npx__Q99829,0.04166641502781659,0.0
rollmean2__peptide_mean__P02753,0.04166041043989884,0.0
rollmean2__peptide_mean__P08637,0.041616370323493676,0.0
slope1__protein_npx__P08133,0.04160592343719603,0.0
peptide_std__P00746,0.0416017179030933,0.0
missing__peptide_log__LRTEGDGVYTLNNEKQWINK,0.04158594314481318,0.0
rollmean2__peptide_std__Q92520,0.04154720865837019,0.0
missing__protein_npx__Q6UXB8,0.04154524020023628,0.0
missing__peptide_mean__Q6UXB8,0.04154524020023628,0.0
missing__peptide_count__Q6UXB8,0.04154524020023628,0.0
rollmean2__peptide_mean__O14791,0.04153696870219877,0.0
delta1__peptide_mean__P43121,0.04151764272699255,0.0
slope1__peptide_std__Q14515,0.041514093771079306,0.0
peptide_mean__P02652,0.041437036546650444,0.0
lag1__peptide_log__LAVYQAGAR,0.04140449123863519,0.0
lag1__protein_npx__Q14624,0.041403385994866114,0.0
rollmean2__protein_npx__P07339,0.04139882013300747,0.0
slope1__protein_npx__Q92876,0.04134887117641387,0.0
slope1__peptide_mean__Q9NYU2,0.04132741333205724,0.0
peptide_mean__P23083,0.041239675012858294,0.0
lag1__peptide_mean__Q9NYU2,0.041183743967327345,0.0
lag1__peptide_count__P06727,0.04117875871739393,0.0
slope1__peptide_mean__O14773,0.0411660446874678,0.0
lag1__protein_npx__Q9BY67,0.041128907412654694,0.0
delta1__peptide_count__Q92520,0.04111914131670998,0.0
rollmean2__protein_npx__P25311,0.04110609537207984,0.0
slope1__peptide_mean__P35542,0.04107682008625905,0.0
lag1__peptide_log__RGYQLSDVDGVTC(UniMod_4)EDIDEC(UniMod_4)ALPTGGHIC(UniMod_4)SYR,0.04106279010592509,0.0
delta1__protein_npx__P04004,0.04100869778184695,0.0
slope1__peptide_std__Q92823,0.04099670839515443,0.0
rollmean2__peptide_count__P02765,0.04096234383304085,0.0
peptide_mean__Q92520,0.04096106936974591,0.0
slope1__protein_npx__O15394,0.0409599709821961,0.0
protein_npx__P04275,0.04094723932420073,0.0
slope1__peptide_count__P01042,0.04090875304380387,0.0
lag1__peptide_log__TVVQPSVGAAAGPVVPPC(UniMod_4)PGR,0.04079616919357119,0.0
rollmean2__peptide_mean__P19021,0.04078370623460402,0.0
slope1__peptide_mean__Q99832,0.04077720260414769,0.0
lag1__protein_npx__Q7Z3B1,0.04076857269419884,0.0
rollmean2__protein_npx__P35542,0.040742806337450636,0.0
peptide_log__VYC(UniMod_4)DMNTENGGWTVIQNR,0.0407393069371362,0.0
rollmean2__protein_npx__Q96S96,0.04071995086724796,0.0
delta1__peptide_std__P30086,0.040709063263076835,0.0
lag1__protein_npx__P04406,0.040681817439108744,0.0
peptide_std__P04180,0.04065522262198197,0.0
lag1__peptide_std__Q9UHG2,0.040596787382505585,0.0
lag1__peptide_log__NPDSSTTGPWC(UniMod_4)YTTDPTVR,0.04056292604724652,0.0
lag1__peptide_mean__P01608,0.04054981358465857,0.0
delta1__peptide_std__O14773,0.04054156504409924,0.0
peptide_mean__Q9UBR2,0.040535964631703905,0.0
slope1__peptide_mean__P08294,0.040527467648351335,0.0
missing__peptide_std__P01857,0.04042781571739765,0.0
lag1__peptide_mean__P01344,0.04041054755767918,0.0
lag1__peptide_mean__Q6UXB8,0.040386845009003906,0.0
slope1__peptide_count__P02747,0.04037863343740986,0.0
rollmean2__peptide_log__LIADLGSTSITNLGFR,0.040369954340010034,0.0
lag1__peptide_mean__P40925,0.040360056901293025,0.0
delta1__protein_npx__Q8NBJ4,0.04035874520970327,0.0
delta1__protein_npx__P01877,0.04035181785940292,0.0
lag1__peptide_std__P02750,0.040351785170427604,0.0
delta1__protein_npx__O00391,0.04033703281460577,0.0
lag1__protein_npx__Q12907,0.04032049528292151,0.0
peptide_std__P16870,0.04030044346629898,0.0
slope1__peptide_log__MYYSAVDPTKDIFTGLIGPM(UniMod_35)K,0.040269108070398144,0.0
rollmean2__peptide_mean__P02766,0.04026506597207149,0.0
lag1__protein_npx__P43652,0.040219816163044805,0.0
peptide_mean__P05090,0.04021156506926868,0.0
slope1__protein_npx__O15240,0.040184092049980705,0.0
missing__peptide_std__P02656,0.04016740924134505,0.0
lag1__protein_npx__P07339,0.04016638641649225,0.0
missing__protein_npx__P06310,0.04016341943982937,0.0
missing__peptide_count__P06310,0.04016341943982937,0.0
missing__peptide_mean__P06310,0.04016341943982937,0.0
rollmean2__peptide_mean__P02749,0.0401589503731326,0.0
rollmean2__peptide_mean__P01717,0.040147047586799954,0.0
delta1__peptide_std__Q9UBX5,0.04014239734900345,0.0
delta1__peptide_count__P06681,0.04010408680194906,0.0
peptide_log__GEVQAMLGQSTEELR,0.040102868725112366,0.0
rollmean2__peptide_log__TTPPVLDSDGSFFLYSR,0.04010180154543559,0.0
rollmean2__peptide_mean__P01861,0.04010180154543559,0.0
slope1__peptide_count__P02766,0.040048997922593296,0.0
delta1__peptide_std__P02452,0.040029873413616635,0.0
lag1__peptide_count__P13611,0.039949614955203556,0.0
delta1__peptide_count__P08603,0.03993168591090688,0.0
peptide_mean__Q6UXB8,0.0399118916538906,0.0
lag1__peptide_mean__P07711,0.03989911024691738,0.0
protein_npx__P04180,0.0398755414941348,0.0
delta1__protein_npx__P02792,0.03987065668829513,0.0
lag1__peptide_count__O00584,0.039799129424736436,0.0
slope1__peptide_log__C(UniMod_4)SYTEDAQC(UniMod_4)IDGTIEVPK,0.039794766491985205,0.0
rollmean2__peptide_log__ILLQGTPVAQMTEDAVDAER,0.03979284621314006,0.0
delta1__peptide_mean__Q96BZ4,0.03978957587782431,0.0
peptide_mean__P36980,0.03978528582818027,0.0
delta1__peptide_mean__P02765,0.03968011570080266,0.0
lag1__peptide_mean__P07602,0.03965930544056515,0.0
lag1__peptide_mean__P00748,0.03965536557965836,0.0
delta1__peptide_count__P05090,0.0396061871148039,0.0
missing__peptide_count__P00736,0.03957469538856361,0.0
missing__peptide_mean__P00736,0.03957469538856361,0.0
missing__protein_npx__P00736,0.03957469538856361,0.0
delta1__protein_npx__P02749,0.03956506257394179,0.0
slope1__peptide_mean__Q02818,0.039527795385632454,0.0
rollmean2__peptide_log__KAADDTWEPFASGK,0.03951918757259185,0.0
lag1__peptide_mean__Q8NE71,0.03951359011982369,0.0
rollmean2__peptide_log__ILTC(UniMod_4)M(UniMod_35)QGMEEIR,0.03949341730075154,0.0
rollmean2__peptide_mean__Q8IWV7,0.03949341730075154,0.0
rollmean2__peptide_log__LSKELQAAQAR,0.03949238499693956,0.0
protein_npx__P02766,0.03946871623230176,0.0
slope1__peptide_mean__P18065,0.03946659554239116,0.0
peptide_mean__Q13449,0.039462678466895405,0.0
peptide_mean__P18065,0.039424344358212265,0.0
delta1__peptide_std__P43652,0.0394117437009691,0.0
peptide_std__P06727,0.039329608866331044,0.0
lag1__protein_npx__Q14515,0.03932266322190653,0.0
delta1__peptide_count__P02675,0.03932246733337504,0.0
peptide_mean__P02656,0.039310083387235094,0.0
rollmean2__peptide_log__LQAEAFQAR,0.03930288310702119,0.0
delta1__peptide_std__P02765,0.03927347709019578,0.0
rollmean2__peptide_log__YVM(UniMod_35)LPVADQDQC(UniMod_4)IR,0.039256275416057,0.0
slope1__protein_npx__P09486,0.03925244176916628,0.0
slope1__protein_npx__O75144,0.039203565359622085,0.0
slope1__protein_npx__Q9UKV8,0.03920180614464801,0.0
rollmean2__peptide_mean__P55290,0.039197666999301974,0.0
slope1__peptide_mean__Q96S96,0.03919709701718821,0.0
lag1__protein_npx__P08571,0.03919256725344844,0.0
missing__peptide_std__P02652,0.03915307485634357,0.0
delta1__peptide_std__P00738,0.039144418412187694,0.0
missing__peptide_mean__Q9NYU2,0.03913160854680306,0.0
missing__peptide_count__Q9NYU2,0.03913160854680306,0.0
missing__protein_npx__Q9NYU2,0.03913160854680306,0.0
delta1__current_medication_on,0.03912027063477944,0.0
slope1__protein_npx__P13473,0.03910709790883748,0.0
peptide_log__SELEEQLTPVAEETR,0.03910412455718645,0.0
slope1__peptide_count__P02656,0.03910081752584182,0.0
rollmean2__protein_npx__P07333,0.03908132534622411,0.0
delta1__peptide_log__ALGISPFHEHAEVVFTANDSGPR,0.039066726087002374,0.0
delta1__protein_npx__O75144,0.03905125441886246,0.0
lag1__protein_npx__Q9Y646,0.03904204602525565,0.0
delta1__peptide_count__P07998,0.039037199675452834,0.0
delta1__peptide_std__P01023,0.039014840046150905,0.0
lag1__protein_npx__P35542,0.03899793727212166,0.0
protein_npx__P35542,0.03898474194452647,0.0
delta1__protein_npx__P05067,0.03897777786076684,0.0
lag1__protein_npx__Q96KN2,0.03897454453999184,0.0
lag1__peptide_count__P04217,0.038957153337874494,0.0
delta1__peptide_log__AVGDKLPEC(UniMod_4)EADDGC(UniMod_4)PKPPEIAHGYVEHSVR,0.03893681116548602,0.0
rollmean2__peptide_std__P09871,0.038936793547966406,0.0
delta1__peptide_mean__Q13283,0.038911931673368115,0.0
delta1__peptide_mean__Q6UX71,0.0388881424809585,0.0
rollmean2__peptide_count__P61916,0.0388657548284998,0.0
missing__peptide_std__Q92876,0.03885338066226636,0.0
delta1__peptide_mean__P61916,0.03884090904479967,0.0
rollmean2__peptide_std__Q14624,0.03882067955731197,0.0
delta1__peptide_count__O94919,0.03877460211453986,0.0
lag1__peptide_std__P05156,0.03877312754176257,0.0
delta1__peptide_log__VQPYLDDFQKK,0.038729273680579226,0.0
protein_npx__P51884,0.038707230089275096,0.0
delta1__peptide_log__TTPPVLDSDGSFFLYSK,0.038639309511644085,0.0
delta1__peptide_log__SGEATDGARPQALPEPMQESK,0.038624282464235944,0.0
protein_npx__P41222,0.038604548206381546,0.0
delta1__peptide_count__P36222,0.03860352934336976,0.0
lag1__peptide_log__SPVGVQPILNEHTFC(UniMod_4)AGMSK,0.038599775651125955,0.0
peptide_std__P55290,0.038545914656462496,0.0
lag1__peptide_mean__P09871,0.038538450070746064,0.0
rollmean2__peptide_std__P20774,0.038538371883204914,0.0
slope1__peptide_std__Q14118,0.03852310705320666,0.0
delta1__peptide_mean__P00736,0.038519565022977584,0.0
delta1__protein_npx__P11277,0.03850217891303261,0.0
lag1__peptide_log__VLLDQLR,0.03847643940037056,0.0
lag1__peptide_mean__Q9HDC9,0.03847643940037056,0.0
rollmean2__peptide_count__P00734,0.03844984700167533,0.0
peptide_count__Q9UBX5,0.03842246179488822,0.0
peptide_mean__P01860,0.038407133522348556,0.0
slope1__peptide_log__FLATTPNSLLVSWQPPR,0.038405559472363786,0.0
lag1__protein_npx__P00748,0.038404674270559,0.0
slope1__peptide_mean__P06396,0.038403419664420686,0.0
rollmean2__peptide_mean__P36955,0.03837479531092655,0.0
delta1__protein_npx__P08493,0.03837124253871389,0.0
delta1__peptide_mean__P01621,0.038369644466330954,0.0
peptide_log__RGYQLSDVDGVTC(UniMod_4)EDIDEC(UniMod_4)ALPTGGHIC(UniMod_4)SYR,0.03836316811108571,0.0
rollmean2__peptide_std__P14618,0.03835943789870443,0.0
lag1__protein_npx__Q13740,0.038330876435657496,0.0
protein_npx__Q13451,0.03829598546790831,0.0
slope1__protein_npx__P05060,0.038286072818489086,0.0
delta1__peptide_std__P55290,0.03825994846889322,0.0
slope1__protein_npx__Q99832,0.03825709969896031,0.0
peptide_log__SGELEQEEER,0.0382358161526455,0.0
peptide_log__LVGGPM(UniMod_35)DASVEEEGVRR,0.038201916868135774,0.0
peptide_mean__O60888,0.03811606137109616,0.0
slope1__peptide_log__TDASDVKPC(UniMod_4),0.03808328106996682,0.0
lag1__peptide_std__P27169,0.03806923913770207,0.0
rollmean2__peptide_std__P55290,0.03806351125734089,0.0
slope1__peptide_log__C(UniMod_4)DSSPDSAEDVRK,0.03805697411503616,0.0
rollmean2__protein_npx__Q13451,0.03805082300773183,0.0
slope1__peptide_log__VDNALQSGNSQESVTEQDSKDSTYSLSSTLTLSK,0.03800163451506507,0.0
slope1__protein_npx__Q12907,0.03798591301593438,0.0
rollmean2__protein_npx__P10643,0.03795597767044,0.0
missing__peptide_count__P02792,0.03795213677442647,0.0
missing__peptide_mean__P02792,0.03795213677442647,0.0
missing__protein_npx__P02792,0.03795213677442647,0.0
delta1__peptide_count__P02787,0.0379498209646663,0.0
peptide_mean__P02749,0.037944063532187836,0.0
delta1__peptide_mean__P08637,0.03791126044446069,0.0
rollmean2__protein_npx__P41222,0.03790659988159574,0.0
slope1__protein_npx__P02766,0.03788602540867019,0.0
slope1__peptide_mean__P10451,0.037872374470635184,0.0
lag1__peptide_mean__Q99674,0.03786116178206898,0.0
protein_npx__P14314,0.03783995076149912,0.0
lag1__peptide_log__C(UniMod_4)IIEVLSNALSK,0.037826153020223734,0.0
rollmean2__peptide_mean__P00441,0.037806139877978436,0.0
peptide_mean__P36955,0.03779791644108762,0.0
protein_npx__P01344,0.037785133854302724,0.0
rollmean2__protein_npx__P02753,0.03776360181322938,0.0
slope1__peptide_mean__P40925,0.0377591644133053,0.0
lag1__peptide_log__C(UniMod_4)DSSPDSAEDVRK,0.0377555329781708,0.0
missing__peptide_log__TSPVDEKALQDQLVLVAAK,0.03774417237523874,0.0
delta1__protein_npx__Q06481,0.0377351366373298,0.0
peptide_count__Q12805,0.03770455143711719,0.0
lag1__protein_npx__P07225,0.03767618558205599,0.0
slope1__peptide_log__LGPLVEQGRVR,0.0376750391695256,0.0
rollmean2__peptide_std__P00450,0.03765979387241673,0.0
rollmean2__protein_npx__P51884,0.03765932999857172,0.0
peptide_log__C(UniMod_4)C(UniMod_4)VEC(UniMod_4)PPC(UniMod_4)PAPPVAGPSVFLFPPKPK,0.037632910575426656,0.0
lag1__peptide_std__P02649,0.037575042542113586,0.0
rollmean2__peptide_count__P02760,0.037542097495641004,0.0
rollmean2__peptide_mean__P02656,0.03753452509035061,0.0
rollmean2__peptide_std__P02747,0.037526668826980664,0.0
rollmean2__protein_npx__O14498,0.0375161970714513,0.0
missing__peptide_log__C(UniMod_4)DSSPDSAEDVRK,0.03748575917438076,0.0
lag1__peptide_count__P02748,0.037480075361655464,0.0
delta1__peptide_count__P02763,0.03747918703509437,0.0
slope1__protein_npx__P13591,0.037449739009315,0.0
rollmean2__protein_npx__P14174,0.03744687139827257,0.0
delta1__protein_npx__P08603,0.03738623713100063,0.0
lag1__peptide_mean__P23083,0.03738414284594149,0.0
lag1__peptide_count__P00748,0.03737923377745643,0.0
slope1__peptide_std__P00450,0.03733397085023018,0.0
slope1__peptide_std__P02790,0.037311193439233954,0.0
rollmean2__peptide_log__C(UniMod_4)VDVDEC(UniMod_4)APPAEPC(UniMod_4)GK,0.037311100548269326,0.0
slope1__peptide_std__P08294,0.03726758857494952,0.0
slope1__peptide_std__P02787,0.037259183812843016,0.0
slope1__peptide_std__P05155,0.03723828331928467,0.0
delta1__protein_npx__P04156,0.03723806533573762,0.0
slope1__peptide_mean__Q13451,0.03722690826298409,0.0
rollmean2__protein_npx__P07195,0.0372116791359711,0.0
rollmean2__peptide_log__LAVYQAGAR,0.03719701305069221,0.0
slope1__peptide_count__P05090,0.03717388706489934,0.0
peptide_log__AKLEEQAQQIR,0.03716183604946748,0.0
lag1__peptide_log__HYDGSYSTFGER,0.03714747942033762,0.0
delta1__peptide_log__LRTEGDGVYTLNNEKQWINK,0.03713364215315827,0.0
slope1__protein_npx__P00747,0.037109930711344,0.0
slope1__peptide_mean__Q92823,0.03706281438661977,0.0
delta1__peptide_std__Q14515,0.03705781764059716,0.0
rollmean2__peptide_mean__P01009,0.03696993193230289,0.0
peptide_mean__Q16610,0.03695578906987321,0.0
protein_npx__P43121,0.03695160834920133,0.0
delta1__peptide_std__P41222,0.036950443989229365,0.0
delta1__peptide_mean__P43652,0.036935023094644116,0.0
missing__peptide_log__LC(UniMod_4)MGSGLNLC(UniMod_4)EPNNKEGYYGYTGAFR,0.03688276345080246,0.0
rollmean2__protein_npx__P04211,0.036876044337295216,0.0
lag1__peptide_mean__Q8IWV7,0.03686190518156618,0.0
lag1__peptide_log__ILTC(UniMod_4)M(UniMod_35)QGMEEIR,0.03686190518156618,0.0
slope1__protein_npx__P01011,0.03682839538239873,0.0
slope1__peptide_count__P25311,0.036818137081530505,0.0
rollmean2__peptide_std__P00751,0.03680864034353243,0.0
slope1__protein_npx__P06727,0.036795346740993023,0.0
delta1__peptide_count__P02747,0.03674160769339179,0.0
slope1__protein_npx__P01009,0.036641365034482246,0.0
delta1__protein_npx__Q96BZ4,0.036582831972857166,0.0
delta1__peptide_count__P07225,0.03656264853253565,0.0
delta1__peptide_mean__P02452,0.036512537898847765,0.0
rollmean2__protein_npx__P04180,0.03649794918949094,0.0
peptide_mean__P35542,0.03649366787507717,0.0
slope1__protein_npx__O14498,0.036447114940707286,0.0
slope1__peptide_count__P36955,0.03643406459611561,0.0
delta1__peptide_log__TKEEYGHSEVVEYYC(UniMod_4)NPR,0.036397541932887134,0.0
delta1__peptide_std__Q96PD5,0.03639532367613145,0.0
slope1__peptide_std__P02774,0.03638948211836862,0.0
lag1__protein_npx__P05067,0.03637904971329468,0.0
rollmean2__peptide_mean__P01344,0.03637501745164174,0.0
rollmean2__peptide_count__P10909,0.036351670941979664,0.0
delta1__peptide_std__P43121,0.036330150580779146,0.0
protein_npx__Q8IWV7,0.036329745770211405,0.0
peptide_count__P27169,0.036319104918828476,0.0
delta1__peptide_std__P09486,0.03631401866024079,0.0
delta1__peptide_mean__Q08380,0.0362571229144812,0.0
peptide_count__O15240,0.03624974615681251,0.0
slope1__peptide_mean__P17936,0.03624937926372004,0.0
rollmean2__peptide_std__P08697,0.03624018702627117,0.0
missing__peptide_log__VDNALQSGNSQESVTEQDSKDSTYSLSSTLTLSK,0.0362273588783387,0.0
delta1__protein_npx__P19021,0.036219559723826386,0.0
peptide_log__VMPIC(UniMod_4)LPSKDYAEVGR,0.03621513487058239,0.0
lag1__peptide_std__P09871,0.036163266249419436,0.0
peptide_mean__P19827,0.0361597707709899,0.0
delta1__peptide_count__P04217,0.036159447414208255,0.0
protein_npx__P61278,0.03615243699681739,0.0
delta1__peptide_mean__P00747,0.03613516799320457,0.0
peptide_log__NFPPSQDASGDLYTTSSQLTLPATQC(UniMod_4)LAGK,0.03613464047064343,0.0
peptide_std__P02753,0.03611132830006543,0.0
delta1__peptide_mean__P14314,0.03609880750442239,0.0
delta1__peptide_std__P08603,0.03608104319501605,0.0
slope1__peptide_log__SEALAVDGAGKPGAEEAQDPEGK,0.036067213551728976,0.0
protein_npx__P09486,0.03606715019912733,0.0
lag1__peptide_std__P61769,0.036034060709472335,0.0
peptide_log__C(UniMod_4)KPVNTFVHEPLVDVQNVC(UniMod_4)FQEK,0.036009100278859375,0.0
protein_npx__P02753,0.03600769124748555,0.0
lag1__peptide_count__P04180,0.035980030980715914,0.0
rollmean2__protein_npx__P01861,0.03595363536367974,0.0
rollmean2__protein_npx__Q9Y6R7,0.03594805540935846,0.0
slope1__protein_npx__Q6UX71,0.03594156932904153,0.0
rollmean2__protein_npx__P01344,0.03593518613576234,0.0
delta1__protein_npx__P61916,0.03591763480181161,0.0
delta1__peptide_mean__Q14624,0.03587388774473785,0.0
slope1__protein_npx__P36980,0.03587352551302709,0.0
peptide_log__LQAEAFQAR,0.03586995592982622,0.0
delta1__peptide_log__ANRPFLVFIR,0.03582017381601414,0.0
slope1__peptide_mean__P02656,0.03579521161357025,0.0
slope1__peptide_std__P05452,0.035790649484305076,0.0
peptide_std__P01023,0.035771150152284575,0.0
lag1__protein_npx__P01591,0.03577096109235406,0.0
slope1__protein_npx__Q06481,0.03571860738118712,0.0
rollmean2__visit_index,0.03571831844362194,0.0
protein_npx__Q6UXB8,0.0356830135142905,0.0
peptide_log__M(UniMod_35)YLGYEYVTAIR,0.035667932777931406,0.0
peptide_count__Q14515,0.035665365947688474,0.0
lag1__peptide_mean__P19652,0.03565315412274486,0.0
slope1__protein_npx__P00751,0.03563816486012993,0.0
rollmean2__peptide_count__Q9UHG2,0.03557908528184089,0.0
lag1__peptide_log__QNC(UniMod_4)ELFEQLGEYK,0.03557437463110427,0.0
slope1__protein_npx__P17936,0.03555701162009767,0.0
delta1__protein_npx__O00584,0.03553211089429116,0.0
slope1__peptide_count__P01860,0.035526873563906734,0.0
missing__peptide_log__LIADLGSTSITNLGFR,0.03551876171930372,0.0
peptide_std__O00584,0.03550523978801533,0.0
lag1__peptide_mean__P00736,0.035476167234932986,0.0
rollmean2__peptide_count__P07339,0.0354515198399879,0.0
slope1__peptide_std__Q16270,0.03542191928798718,0.0
rollmean2__peptide_mean__P08294,0.035409519246629384,0.0
slope1__peptide_mean__O00584,0.03539026745922394,0.0
delta1__peptide_std__P36222,0.03537259771413722,0.0
rollmean2__peptide_count__P08603,0.03536967456760222,0.0
lag1__peptide_count__P07602,0.035367323413743,0.0
protein_npx__Q12907,0.03535440444533317,0.0
lag1__peptide_log__AYQGVAAPFPK,0.03530976512359242,0.0
lag1__peptide_mean__P07998,0.035281287338619995,0.0
rollmean2__protein_npx__Q14508,0.03527495007499041,0.0
slope1__peptide_count__P05156,0.03526464009066128,0.0
protein_npx__P08603,0.035264097849173115,0.0
delta1__peptide_log__VTLTC(UniMod_4)VAPLSGVDFQLR,0.035261161827071376,0.0
slope1__protein_npx__P02647,0.035218680206503004,0.0
delta1__peptide_mean__P01860,0.035217830707243256,0.0
rollmean2__peptide_mean__P01860,0.03520984739186377,0.0
peptide_count__P02766,0.03510803054138897,0.0
delta1__peptide_count__P02656,0.03510429082759867,0.0
delta1__protein_npx__P32754,0.035101550796377966,0.0
lag1__visit_index,0.035092097298759624,0.0
slope1__peptide_count__P12109,0.035082862038862316,0.0
lag1__peptide_mean__P55290,0.035081158757542204,0.0
protein_npx__Q9Y646,0.03506406966864876,0.0
lag1__peptide_count__P00736,0.03504725681808138,0.0
missing__peptide_log__SNSSM(UniMod_35)HITDC(UniMod_4)R,0.0350404479919744,0.0
rollmean2__protein_npx__P00736,0.03503113445671893,0.0
slope1__protein_npx__Q9NYU2,0.03502649173674021,0.0
lag1__peptide_log__VYC(UniMod_4)DMNTENGGWTVIQNR,0.0350168116758584,0.0
rollmean2__peptide_std__P51884,0.0349949090382914,0.0
lag1__peptide_count__P13591,0.03498288657279572,0.0
rollmean2__protein_npx__P10451,0.03497147580688698,0.0
peptide_std__P09871,0.03490691856116857,0.0
slope1__peptide_count__P08697,0.03489729204065856,0.0
lag1__peptide_log__RLEGQEEEEDNRDSSMK,0.0348926735285343,0.0
missing__peptide_log__KVEQAVETEPEPELR,0.03488357390886914,0.0
peptide_mean__P61626,0.03487300089833414,0.0
peptide_count__P02747,0.034870588752694005,0.0
peptide_std__P43652,0.03484901154538225,0.0
delta1__peptide_count__P05156,0.034831075581905485,0.0
slope1__peptide_count__P17174,0.03482267155661456,0.0
delta1__protein_npx__P43652,0.034816895404061944,0.0
rollmean2__protein_npx__P36955,0.03481114246117506,0.0
rollmean2__protein_npx__P05546,0.03476659931600674,0.0
slope1__protein_npx__P05452,0.03474059451726326,0.0
rollmean2__peptide_mean__P18065,0.034733539440538606,0.0
slope1__peptide_std__P00747,0.034730654577456,0.0
lag1__peptide_std__P00450,0.0347089117705373,0.0
rollmean2__peptide_log__TTPPVLDSDGSFFLYSK,0.03470785306710976,0.0
peptide_count__P02671,0.034692053556600475,0.0
rollmean2__peptide_std__P16035,0.03468890668662364,0.0
slope1__peptide_mean__P36980,0.03468843816919708,0.0
slope1__peptide_std__Q6UXB8,0.034649848238015875,0.0
delta1__months_since_prev_visit,0.03463622858689127,0.0
lag1__peptide_log__TTPPVLDSDGSFFLYSK,0.03460194680718898,0.0
missing__peptide_mean__Q14508,0.03460191500841156,0.0
missing__protein_npx__Q14508,0.03460191500841156,0.0
missing__peptide_count__Q14508,0.03460191500841156,0.0
protein_npx__P08133,0.03459454703873515,0.0
lag1__protein_npx__P02748,0.03456593270849633,0.0
slope1__protein_npx__P07711,0.034560405433726876,0.0
visit_index,0.03455234634117128,0.0
delta1__peptide_count__P01024,0.034549053220166555,0.0
delta1__protein_npx__Q9HDC9,0.03454274024572304,0.0
delta1__peptide_std__Q6UXB8,0.03451788713106525,0.0
protein_npx__P04406,0.03449729537467869,0.0
rollmean2__peptide_mean__P02750,0.03447467121667459,0.0
peptide_std__P04075,0.0344719604161418,0.0
rollmean2__peptide_count__P02790,0.0344477050937943,0.0
delta1__peptide_abundance_max,0.03443183616155557,0.0
rollmean2__peptide_log__TVVQPSVGAAAGPVVPPC(UniMod_4)PGR,0.03440714075135069,0.0
lag1__peptide_log__IHWESASLLR,0.034368455884660226,0.0
rollmean2__peptide_mean__P02652,0.034355917437780124,0.0
rollmean2__peptide_count__P61769,0.03435410726387025,0.0
lag1__peptide_count__Q08380,0.03434967456134056,0.0
delta1__peptide_mean__P07858,0.03433510627418859,0.0
delta1__protein_npx__P11142,0.03432779891594874,0.0
delta1__protein_npx__P02647,0.034311845741006965,0.0
peptide_count__P14618,0.0343026049543357,0.0
missing__peptide_std__P61916,0.034302160511485595,0.0
rollmean2__peptide_count__P14618,0.034275482347875565,0.0
delta1__peptide_std__O15240,0.034271601781626554,0.0
rollmean2__peptide_log__C(UniMod_4)RDQLPYIC(UniMod_4)QFGIV,0.03426958286622182,0.0
delta1__peptide_mean__Q9UBR2,0.03426014841876933,0.0
delta1__peptide_log__C(UniMod_4)VDVDEC(UniMod_4)APPAEPC(UniMod_4)GK,0.03421600205663117,0.0
rollmean2__protein_npx__P00450,0.03418687966664305,0.0
delta1__peptide_std__P04196,0.03418314101986962,0.0
missing__peptide_mean__P19021,0.03415702082952088,0.0
missing__protein_npx__P19021,0.03415702082952088,0.0
missing__peptide_count__P19021,0.03415702082952088,0.0
protein_npx__P02749,0.034119726185610134,0.0
lag1__peptide_log__ILLQGTPVAQMTEDAVDAER,0.03411902054165869,0.0
lag1__peptide_mean__P02652,0.03411523362892709,0.0
lag1__peptide_mean__Q9Y646,0.03406793584481804,0.0
rollmean2__peptide_mean__Q14508,0.03405123390262189,0.0
lag1__peptide_std__P43652,0.03405095864923005,0.0
rollmean2__peptide_count__P02671,0.03403659700849052,0.0
rollmean2__protein_npx__Q99435,0.03403340470667091,0.0
lag1__protein_npx__Q99674,0.0339683868027955,0.0
protein_npx__P07225,0.03396351642929347,0.0
slope1__peptide_count__Q9NQ79,0.033956085913895345,0.0
rollmean2__peptide_mean__P02792,0.03395245275633113,0.0
delta1__peptide_mean__O60888,0.03394497760057233,0.0
lag1__peptide_mean__P04075,0.03391046598675953,0.0
delta1__protein_npx__P19823,0.033909292165662006,0.0
rollmean2__peptide_mean__P05452,0.033884005468922715,0.0
missing__peptide_log__LGQSLDC(UniMod_4)NAEVYVVPWEK,0.03386391585781244,0.0
rollmean2__peptide_log__DSGFQM(UniMod_35)NQLR,0.033856696793970915,0.0
delta1__protein_npx__P00450,0.033834462222730094,0.0
delta1__peptide_log__SGELEQEEER,0.03382736328448619,0.0
peptide_count__P05156,0.03381035385933579,0.0
rollmean2__protein_npx__P07225,0.03380287866996229,0.0
rollmean2__peptide_mean__P20774,0.0337996622255372,0.0
rollmean2__peptide_std__P02787,0.03379518493117093,0.0
lag1__peptide_count__P02787,0.03378871450445571,0.0
slope1__peptide_count__P05067,0.03378073445054692,0.0
delta1__peptide_log__VC(UniMod_4)PFAGILENGAVR,0.03377774595725823,0.0
lag1__protein_npx__Q9NQ79,0.033775131163280445,0.0
protein_npx__P12109,0.03375743421117832,0.0
peptide_count__P02753,0.033738237816597696,0.0
slope1__peptide_std__P43121,0.03372911684950256,0.0
lag1__peptide_log__LQAEAFQAR,0.03372392563533731,0.0
rollmean2__peptide_count__P02675,0.033720968706080004,0.0
slope1__protein_npx__P01042,0.03371975047983148,0.0
rollmean2__peptide_std__P06727,0.03369125077851906,0.0
delta1__peptide_mean__P06310,0.03368365372512252,0.0
rollmean2__protein_npx__Q9Y646,0.03367450529595166,0.0
peptide_log__LRTEGDGVYTLNNEKQWINK,0.03366272597616098,0.0
lag1__protein_npx__P02751,0.03363426446973295,0.0
slope1__peptide_std__P27169,0.03355538725328368,0.0
rollmean2__peptide_std__P24592,0.03355302293404133,0.0
peptide_log__TSPVDEKALQDQLVLVAAK,0.03351949334220543,0.0
peptide_mean__P07711,0.0335188714285389,0.0
lag1__peptide_count__P01834,0.03350043248815119,0.0
slope1__protein_npx__Q14515,0.033494880313568995,0.0
slope1__protein_npx__P61769,0.033490198934058704,0.0
delta1__peptide_std__P01860,0.033487910462327894,0.0
missing__peptide_log__YVM(UniMod_35)LPVADQDQC(UniMod_4)IR,0.03348789652727158,0.0
slope1__peptide_mean__O60888,0.03348553621177236,0.0
rollmean2__peptide_mean__Q13740,0.033420727828074134,0.0
lag1__peptide_count__P01011,0.03341564914195161,0.0
peptide_count__P01023,0.03341508494650431,0.0
protein_npx__P02647,0.03337067148336854,0.0
peptide_std__P08697,0.033363060638284515,0.0
lag1__peptide_mean__P00738,0.03335678378368885,0.0
slope1__peptide_std__P01011,0.03334914903123165,0.0
protein_npx__P01717,0.033347492875160825,0.0
missing__peptide_std__P02747,0.03333296052250715,0.0
lag1__peptide_mean__Q16610,0.03332722207633518,0.0
delta1__peptide_count__P05060,0.03332245497320922,0.0
rollmean2__peptide_log__LGPLVEQGR,0.033321880428641405,0.0
delta1__protein_npx__P43251,0.03331658333997062,0.0
slope1__peptide_count__Q96KN2,0.03326382734282811,0.0
delta1__peptide_mean__P40925,0.033248945585784846,0.0
rollmean2__peptide_mean__P14174,0.0332338154836942,0.0
rollmean2__protein_npx__P49588,0.0332246636246264,0.0
peptide_log__C(UniMod_4)DSSPDSAEDVRK,0.033215460625246385,0.0
delta1__protein_npx__P02763,0.033202656152397085,0.0
slope1__peptide_count__P00748,0.03318576357786513,0.0
slope1__peptide_std__Q12907,0.03318538091704014,0.0
lag1__peptide_mean__P16070,0.03318450158432942,0.0
rollmean2__protein_npx__P31997,0.03317453661338381,0.0
lag1__peptide_mean__Q96KN2,0.03317015976258235,0.0
rollmean2__peptide_count__Q9UBX5,0.03316239961236796,0.0
lag1__protein_npx__P17936,0.03308270058048318,0.0
slope1__peptide_log__VYC(UniMod_4)DMNTENGGWTVIQNR,0.0330799902033696,0.0
delta1__peptide_mean__Q9UBX5,0.03305182336045313,0.0
protein_npx__Q99832,0.0330474331354462,0.0
protein_npx__P01859,0.033028383667204224,0.0
rollmean2__peptide_mean__P02774,0.03302668634972797,0.0
protein_npx__P04217,0.0330087913356538,0.0
delta1__peptide_count__O15240,0.032998463229000116,0.0
lag1__peptide_mean__P00441,0.032993838338312986,0.0
slope1__peptide_mean__P39060,0.0329803059128209,0.0
rollmean2__peptide_mean__P00746,0.03293047594563386,0.0
peptide_std__P02750,0.03292282715916547,0.0
rollmean2__protein_npx__P02765,0.032922032351269476,0.0
peptide_mean__P01594,0.03292117178031552,0.0
rollmean2__peptide_count__P02787,0.03291330016761749,0.0
slope1__peptide_log__C(UniMod_4)KPVNTFVHEPLVDVQNVC(UniMod_4)FQEK,0.03291082473050659,0.0
delta1__peptide_log__SFNRGEC(UniMod_4),0.0329056944438846,0.0
rollmean2__peptide_mean__P54289,0.03290164480957152,0.0
slope1__peptide_std__P04180,0.032835777328070116,0.0
peptide_std__O14773,0.03282393682406678,0.0
lag1__peptide_mean__P10909,0.03282031053271324,0.0
rollmean2__protein_npx__Q8NBJ4,0.032819068338300846,0.0
lag1__protein_npx__P04217,0.03280407536694562,0.0
rollmean2__peptide_std__O14773,0.032789270072237135,0.0
rollmean2__peptide_log__HYEGSTVPEK,0.0327712291898158,0.0
lag1__peptide_mean__O14773,0.03275857221723562,0.0
rollmean2__protein_npx__P54289,0.032755506987489566,0.0
missing__peptide_count__P40925,0.032751767021444216,0.0
missing__peptide_mean__P40925,0.032751767021444216,0.0
missing__protein_npx__P40925,0.032751767021444216,0.0
delta1__peptide_count__P19823,0.032717226401087734,0.0
slope1__peptide_count__P51884,0.03270520715439404,0.0
slope1__peptide_log__MTVTDQVNC(UniMod_4)PK,0.03269518464866945,0.0
slope1__peptide_count__P02452,0.03266074028874867,0.0
lag1__peptide_count__P02671,0.03266024865075677,0.0
peptide_std__P01860,0.032654862603075915,0.0
delta1__protein_npx__Q9NYU2,0.032640876193326535,0.0
lag1__peptide_mean__P80748,0.032629813020094565,0.0
rollmean2__peptide_count__P07998,0.03262249063816493,0.0
missing__protein_npx__P02452,0.03262078975005803,0.0
missing__peptide_count__P02452,0.03262078975005803,0.0
missing__peptide_mean__P02452,0.03262078975005803,0.0
slope1__peptide_mean__Q12907,0.03261867302572897,0.0
protein_npx__P05408,0.03261545889048589,0.0
lag1__protein_npx__P13473,0.03259999318285689,0.0
peptide_count__P61916,0.03258255793690692,0.0
slope1__protein_npx__P00748,0.03257205311261376,0.0
lag1__peptide_mean__Q562R1,0.032549553293960205,0.0
rollmean2__protein_npx__P05156,0.032529099845560294,0.0
rollmean2__protein_npx__P04275,0.03250544121419674,0.0
slope1__peptide_count__P01834,0.0324990785212747,0.0
delta1__peptide_log__LVGGPM(UniMod_35)DASVEEEGVRR,0.03245466414518715,0.0
lag1__peptide_mean__Q13283,0.032444545792128396,0.0
slope1__peptide_mean__P27169,0.032435077990894116,0.0
slope1__protein_npx__P01591,0.0324346396093478,0.0
lag1__protein_npx__Q96S96,0.03243351607209711,0.0
delta1__protein_npx__Q8IWV7,0.03243047018259251,0.0
rollmean2__protein_npx__Q13740,0.03242313219269439,0.0
rollmean2__peptide_mean__P04004,0.03240509421177509,0.0
delta1__peptide_log__FM(UniMod_35)ETVAEK,0.03238931263454635,0.0
peptide_mean__P05452,0.03237999436927383,0.0
rollmean2__peptide_log__SELEEQLTPVAEETR,0.0323533002914548,0.0
delta1__peptide_std__P02652,0.03235308279505064,0.0
lag1__peptide_log__AVLPTGDVIGDSAK,0.03232620873615974,0.0
missing__peptide_log__LSKELQAAQAR,0.03231712820197547,0.0
slope1__peptide_std__Q92876,0.0323028661846161,0.0
slope1__peptide_count__P01011,0.03230035012185762,0.0
slope1__peptide_log__RGYQLSDVDGVTC(UniMod_4)EDIDEC(UniMod_4)ALPTGGHIC(UniMod_4)SYR,0.03228909859267273,0.0
peptide_std__P02679,0.032284662342132404,0.0
slope1__peptide_mean__P10645,0.03228046522647049,0.0
slope1__peptide_log__AATVGSLAGQPLQER,0.032278288842127564,0.0
lag1__peptide_count__P61769,0.032275790569398076,0.0
delta1__peptide_std__P13611,0.0322694684458424,0.0
peptide_mean__P01009,0.03225789665183222,0.0
rollmean2__peptide_mean__P98160,0.032228363838202774,0.0
delta1__peptide_count__P02649,0.03222641320135756,0.0
slope1__peptide_count__P02763,0.03221043139503064,0.0
peptide_std__P51884,0.03220634412312774,0.0
slope1__peptide_mean__P08603,0.032191110679532814,0.0
peptide_count__P08571,0.032151802937655745,0.0
delta1__peptide_std__P18065,0.03214329862724008,0.0
rollmean2__peptide_mean__O94919,0.032132338130380224,0.0
rollmean2__peptide_mean__P07711,0.032131909164040906,0.0
rollmean2__protein_npx__Q99832,0.032118771506030486,0.0
peptide_mean__P13591,0.03211360128711932,0.0
peptide_mean__P02452,0.03211286327893069,0.0
delta1__peptide_std__P01877,0.032102252438783965,0.0
lag1__protein_npx__P01780,0.032097553578132834,0.0
rollmean2__peptide_std__P09486,0.03205189252423452,0.0
delta1__peptide_std__P06727,0.03202184815560311,0.0
delta1__protein_npx__P01859,0.03199964623543557,0.0
delta1__peptide_count__Q14624,0.031987721450126766,0.0
missing__protein_npx__Q15904,0.03198500608496723,0.0
missing__peptide_count__Q15904,0.03198500608496723,0.0
missing__peptide_mean__Q15904,0.03198500608496723,0.0
lag1__peptide_std__P06681,0.03196001075132898,0.0
slope1__peptide_count__Q16610,0.03188119420380396,0.0
missing__peptide_count__P11277,0.031874345937166974,0.0
missing__protein_npx__P11277,0.031874345937166974,0.0
missing__peptide_mean__P11277,0.031874345937166974,0.0
lag1__peptide_mean__P01717,0.0318574821931333,0.0
lag1__protein_npx__P02768,0.03185136843783637,0.0
rollmean2__peptide_log__RGYQLSDVDGVTC(UniMod_4)EDIDEC(UniMod_4)ALPTGGHIC(UniMod_4)SYR,0.03183855728129157,0.0
rollmean2__protein_npx__P00747,0.03182964611983064,0.0
slope1__protein_npx__Q02818,0.031814159948286666,0.0
protein_npx__P01594,0.031810334791921684,0.0
lag1__peptide_count__O75144,0.0318068116106324,0.0
rollmean2__peptide_count__P14314,0.03180263841485448,0.0
lag1__peptide_log__VC(UniMod_4)PFAGILENGAVR,0.0317898245335399,0.0
slope1__protein_npx__P01876,0.031766845385419545,0.0
peptide_mean__P04004,0.03171081309862421,0.0
delta1__protein_npx__O43505,0.0316794693727002,0.0
rollmean2__peptide_mean__P13591,0.031677831145786164,0.0
delta1__peptide_std__P05452,0.031670561540551326,0.0
rollmean2__peptide_std__Q6UXB8,0.03166685795318964,0.0
rollmean2__peptide_mean__P35542,0.031653464520173535,0.0
delta1__peptide_std__P02649,0.031649863161724766,0.0
slope1__protein_npx__Q9UHG2,0.03162964408091403,0.0
lag1__peptide_std__P55290,0.03158812677265647,0.0
rollmean2__protein_npx__P00748,0.03156161153814923,0.0
rollmean2__peptide_log__SWFEPLVEDM(UniMod_35)QR,0.03155120315573199,0.0
peptide_mean__P00746,0.03154937775716197,0.0
delta1__protein_npx__P08123,0.0315200677115349,0.0
peptide_log__LPPTSAHGNVAEGETKPDPDVTER,0.03150891348036754,0.0
delta1__peptide_count__P00734,0.03147248332756298,0.0
delta1__peptide_log__C(UniMod_4)REILSVDC(UniMod_4)STNNPSQAK,0.03146554989649771,0.0
slope1__protein_npx__P01780,0.03143749082400374,0.0
rollmean2__peptide_mean__P01608,0.031428208754680435,0.0
rollmean2__protein_npx__P04216,0.03142453125463159,0.0
rollmean2__protein_npx__P09486,0.03141862124410725,0.0
lag1__peptide_std__P02751,0.031415809429759224,0.0
protein_npx__O15394,0.031396912207056316,0.0
rollmean2__peptide_count__P02649,0.031342884109730455,0.0
peptide_mean__Q08380,0.03132192243892531,0.0
lag1__protein_npx__P31997,0.03132028084289203,0.0
lag1__peptide_log__LGPLVEQGR,0.03131720766143405,0.0
peptide_std__Q9NQ79,0.03131681964824489,0.0
rollmean2__protein_npx__P01019,0.03128041151318111,0.0
slope1__protein_npx__Q9NQ79,0.03127496466875422,0.0
delta1__protein_npx__P43121,0.031248568457949655,0.0
rollmean2__peptide_log__SLAELGGHLDQQVEEFRR,0.03123269493966443,0.0
protein_npx__P01861,0.03123087986053113,0.0
rollmean2__peptide_count__P00751,0.03121556529139632,0.0
peptide_std__Q96PD5,0.031207373848784623,0.0
peptide_std__P06396,0.031206865985498235,0.0
lag1__peptide_std__P02671,0.03119910996990798,0.0
lag1__protein_npx__P02792,0.031198591075124606,0.0
slope1__peptide_mean__Q9UBR2,0.03118781743819781,0.0
peptide_std__P18065,0.031184081163339015,0.0
protein_npx__P13521,0.031168713620754084,0.0
delta1__protein_npx__Q15904,0.031150693980697704,0.0
slope1__peptide_std__P04217,0.031143554804151385,0.0
delta1__peptide_std__P13987,0.03113812405640704,0.0
protein_npx__P11277,0.031120318919288893,0.0
rollmean2__protein_npx__P19021,0.031065040312770305,0.0
lag1__peptide_mean__P00450,0.03106362746312981,0.0
lag1__protein_npx__P04075,0.031054259596170294,0.0
rollmean2__peptide_std__P02748,0.031048671999718284,0.0
delta1__peptide_mean__P09486,0.03104725725123268,0.0
rollmean2__peptide_mean__P01594,0.031034502382931404,0.0
slope1__peptide_count__P55290,0.031023311374034725,0.0
peptide_log__TM(UniMod_35)LLQPAGSLGSYSYR,0.03101063330689824,0.0
rollmean2__peptide_std__P02750,0.030995693219962317,0.0
lag1__peptide_log__QQETAAAETETR,0.030966786990837505,0.0
peptide_mean__P06727,0.030932011810868215,0.0
missing__peptide_std__P08493,0.030924105555140705,0.0
peptide_std__P41222,0.030889086442123053,0.0
slope1__peptide_mean__P06727,0.030840908838433673,0.0
slope1__peptide_count__P04196,0.030818242616232217,0.0
lag1__peptide_log__TEGDGVYTLNNEK,0.03080822032727425,0.0
lag1__peptide_std__P00734,0.030801540357545756,0.0
rollmean2__protein_npx__P04217,0.030789343630916014,0.0
lag1__peptide_mean__P02649,0.030783479964530725,0.0
peptide_mean__P16035,0.030775544628974437,0.0
rollmean2__peptide_log__ALGISPFHEHAEVVFTANDSGPR,0.03070789621909909,0.0
peptide_mean__P01717,0.030695288845714267,0.0
lag1__peptide_std__P01876,0.03068621886234592,0.0
delta1__peptide_std__P07998,0.030684145587665124,0.0
delta1__peptide_std__P02749,0.030679269431831004,0.0
slope1__peptide_std__P02749,0.03067850873988261,0.0
delta1__peptide_count__P01034,0.030668229155325938,0.0
protein_npx__P61626,0.030651250973663505,0.0
delta1__peptide_std__P16035,0.03062972724570561,0.0
peptide_log__AYKSELEEQLTPVAEETR,0.030623877496512214,0.0
peptide_mean__P20774,0.03061539935448726,0.0
rollmean2__peptide_std__Q14515,0.03061380233536114,0.0
lag1__peptide_mean__P41222,0.030592307281175464,0.0
delta1__protein_npx__P04180,0.030557098701850267,0.0
slope1__peptide_std__P05060,0.030540012259093783,0.0
delta1__protein_npx__P04207,0.030537929447532558,0.0
protein_npx__Q8NBJ4,0.030520991320806747,0.0
missing__peptide_log__SLAAAAGKQELAK,0.030492786242417053,0.0
missing__protein_npx__P61278,0.030492786242417053,0.0
missing__peptide_mean__P61278,0.030492786242417053,0.0
missing__peptide_count__P61278,0.030492786242417053,0.0
missing__peptide_std__P30086,0.030485697320879256,0.0
rollmean2__peptide_mean__P02747,0.030483905298343314,0.0
delta1__peptide_mean__P11142,0.030479018417611865,0.0
peptide_std__P23142,0.030465899296255667,0.0
lag1__peptide_mean__P04433,0.03046162774259399,0.0
slope1__protein_npx__P01034,0.030432046265845447,0.0
peptide_std__Q92823,0.03039918392517017,0.0
lag1__peptide_count__P30086,0.03039480882733416,0.0
peptide_log__AVLPTGDVIGDSAK,0.030392418636852343,0.0
slope1__peptide_log__TEGDGVYTLNNEK,0.030382151148040337,0.0
protein_npx__P06727,0.030372619502769305,0.0
lag1__protein_npx__P04156,0.03035930913645622,0.0
delta1__peptide_log__YYWGGQYTWDMAK,0.03034083136634492,0.0
lag1__peptide_mean__P06727,0.03033351718414269,0.0
protein_npx__O14498,0.030323458925439684,0.0
slope1__peptide_mean__P61916,0.030297198016533116,0.0
lag1__peptide_count__P41222,0.0302942068847709,0.0
rollmean2__protein_npx__P00738,0.03028214922713945,0.0
rollmean2__peptide_mean__P36980,0.03025766888438115,0.0
rollmean2__peptide_count__P04180,0.03024344165965958,0.0
lag1__protein_npx__P18065,0.030236704210753796,0.0
delta1__peptide_log__LSNENHGIAQR,0.030224578811592944,0.0
lag1__peptide_mean__P14314,0.030208253536142777,0.0
lag1__protein_npx__P23083,0.03018528749957355,0.0
rollmean2__peptide_std__P01019,0.030149624059235606,0.0
peptide_std__P07225,0.030149208550921645,0.0
peptide_count__P14314,0.030138675945257286,0.0
peptide_count__P04180,0.030123513531295804,0.0
protein_npx__P01780,0.030117768429992038,0.0
rollmean2__protein_npx__O00391,0.03009900022172867,0.0
peptide_count__P61769,0.030069775118182936,0.0
lag1__protein_npx__Q99435,0.030055217983291502,0.0
peptide_std__P00751,0.030023824291950146,0.0
slope1__peptide_std__P01023,0.030005463312007298,0.0
peptide_mean__P51884,0.029989758010236532,0.0
lag1__peptide_std__Q92823,0.029984048243338352,0.0
peptide_mean__Q8IWV7,0.02991849936635884,0.0
peptide_log__ILTC(UniMod_4)M(UniMod_35)QGMEEIR,0.02991849936635884,0.0
slope1__peptide_mean__P55290,0.029910391769378188,0.0
delta1__peptide_count__O00533,0.029902704381291813,0.0
slope1__peptide_count__P04075,0.02989692179406426,0.0
rollmean2__peptide_mean__P06396,0.029891761277596074,0.0
peptide_std__P02766,0.02988845074172463,0.0
slope1__peptide_mean__O14498,0.029879141105976136,0.0
lag1__peptide_std__P04180,0.02986853870034361,0.0
delta1__peptide_mean__P19021,0.029861603220731208,0.0
slope1__peptide_count__P02671,0.02985211705479104,0.0
slope1__peptide_count__P01876,0.02984160354486718,0.0
rollmean2__peptide_count__P01857,0.029821511585475375,0.0
lag1__peptide_mean__P23142,0.02982027149562532,0.0
delta1__peptide_std__P01019,0.029760415418771995,0.0
delta1__peptide_mean__P41222,0.02974612019786273,0.0
lag1__peptide_mean__P04156,0.02973897685609921,0.0
slope1__peptide_std__P08571,0.029738566141967484,0.0
lag1__protein_npx__Q562R1,0.02973126140150192,0.0
lag1__protein_npx__P36980,0.029723012198488625,0.0
rollmean2__peptide_mean__O43505,0.029684005119760888,0.0
lag1__protein_npx__P07195,0.029680121553621056,0.0
delta1__protein_npx__P06396,0.02967622289604276,0.0
delta1__peptide_mean__P02792,0.029648510853041498,0.0
rollmean2__protein_npx__P12109,0.029647268171943516,0.0
delta1__peptide_mean__P02748,0.02964413280792562,0.0
delta1__peptide_mean__P11277,0.0296279231462308,0.0
lag1__peptide_mean__P02747,0.029623491253635132,0.0
lag1__peptide_count__P01876,0.029582958913041687,0.0
delta1__protein_npx__P07858,0.029531747441542352,0.0
rollmean2__protein_npx__P20774,0.02949205577890249,0.0
delta1__peptide_mean__P02655,0.029435492624554346,0.0
peptide_std__Q14624,0.029434253596684726,0.0
missing__peptide_mean__P17936,0.02942826516350963,0.0
missing__peptide_count__P17936,0.02942826516350963,0.0
missing__protein_npx__P17936,0.02942826516350963,0.0
slope1__peptide_count__P09871,0.029428230439697237,0.0
lag1__peptide_count__P02749,0.02941766848545161,0.0
peptide_mean__P02763,0.02940728701663852,0.0
rollmean2__peptide_mean__Q16610,0.029380715311911037,0.0
protein_npx__P54289,0.029367808240583833,0.0
rollmean2__protein_npx__P02751,0.02936468299540338,0.0
lag1__protein_npx__Q9UNU6,0.02935377598469515,0.0
peptide_mean__P08253,0.029322157977922352,0.0
slope1__protein_npx__P02790,0.029321841576009467,0.0
delta1__peptide_mean__Q14118,0.029318358545270692,0.0
delta1__peptide_mean__O00533,0.029305298778288524,0.0
delta1__protein_npx__Q16270,0.029294256442031038,0.0
slope1__protein_npx__P20774,0.029276343482641236,0.0
delta1__peptide_mean__P09871,0.02926312484452961,0.0
lag1__protein_npx__Q6UXB8,0.029215542156486928,0.0
rollmean2__peptide_mean__Q6UXD5,0.02920343349957875,0.0
delta1__peptide_log__TSAHGNVAEGETKPDPDVTER,0.029166324167066802,0.0
lag1__peptide_std__P07339,0.029146430657580245,0.0
slope1__peptide_log__GC(UniMod_4)PTEEGC(UniMod_4)GER,0.029143130640867453,0.0
rollmean2__peptide_log__AATVGSLAGQPLQER,0.029124572044987505,0.0
protein_npx__P00747,0.029114579541674148,0.0
peptide_count__P07711,0.029104468195823227,0.0
rollmean2__peptide_log__LGQSLDC(UniMod_4)NAEVYVVPWEK,0.029099913708815563,0.0
peptide_std__P05155,0.029044477599613195,0.0
protein_npx__P08493,0.029035717643953678,0.0
delta1__peptide_log__YIVSGTPTFVPYLIK,0.029009753384914683,0.0
peptide_mean__P02765,0.029009183589953726,0.0
lag1__protein_npx__Q9NYU2,0.028989992606473728,0.0
rollmean2__peptide_mean__Q99683,0.028972081925434403,0.0
delta1__peptide_std__P01859,0.02897176113637822,0.0
missing__peptide_log__HYEGSTVPEK,0.02892926030906084,0.0
peptide_mean__P00441,0.028898933552992747,0.0
delta1__peptide_std__P08294,0.028888214437975977,0.0
protein_npx__Q8NE71,0.028839283675142137,0.0
lag1__peptide_count__P01042,0.028834948162203725,0.0
lag1__protein_npx__P14314,0.02882841439738388,0.0
missing__peptide_std__P14618,0.028823276976096896,0.0
rollmean2__peptide_mean__Q9UKV8,0.028808175844811598,0.0
delta1__peptide_std__P02671,0.028776745178271564,0.0
peptide_log__TPVSDRVTK,0.028765555905663424,0.0
peptide_count__P00747,0.028765102782031062,0.0
slope1__peptide_mean__P98160,0.028762989882424622,0.0
rollmean2__peptide_count__P06681,0.02871147204578225,0.0
delta1__peptide_mean__P14174,0.028697897542455015,0.0
lag1__protein_npx__O60888,0.028678372477668537,0.0
delta1__peptide_count__P19652,0.028666733054862614,0.0
delta1__peptide_mean__Q16610,0.028616959433745308,0.0
slope1__peptide_log__TSAHGNVAEGETKPDPDVTER,0.028612222032964717,0.0
slope1__peptide_mean__P02647,0.028609568644554193,0.0
missing__peptide_log__MYYSAVDPTKDIFTGLIGPM(UniMod_35)K,0.02859031597999262,0.0
delta1__peptide_mean__P02647,0.02858833447667743,0.0
lag1__peptide_mean__P16152,0.02858233750303135,0.0
lag1__peptide_log__SC(UniMod_4)SPELQQK,0.02858233750303135,0.0
peptide_std__P01008,0.028572314440445477,0.0
lag1__peptide_mean__P01591,0.02854311271039563,0.0
slope1__peptide_count__P10909,0.02853017633119677,0.0
peptide_count__P01008,0.028528967350366738,0.0
rollmean2__peptide_log__VYC(UniMod_4)DMNTENGGWTVIQNR,0.028503087123316846,0.0
delta1__peptide_std__P07602,0.028485938566049987,0.0
rollmean2__protein_npx__P08571,0.028465488385489447,0.0
protein_npx__P01608,0.028465461007508967,0.0
delta1__peptide_mean__P02751,0.0284651682866455,0.0
lag1__protein_npx__P02671,0.028453506384298638,0.0
lag1__peptide_std__Q96PD5,0.028436106128487963,0.0
lag1__protein_npx__P01833,0.02840720996592308,0.0
slope1__peptide_mean__Q99683,0.028403102161350398,0.0
delta1__peptide_std__Q92876,0.02838333739672214,0.0
rollmean2__peptide_mean__P17936,0.028330622229615438,0.0
rollmean2__peptide_count__P41222,0.028327634536529565,0.0
protein_npx__P61916,0.028326988832481765,0.0
lag1__protein_npx__P02749,0.028323708678034562,0.0
delta1__peptide_count__P43121,0.02830918061328832,0.0
slope1__peptide_log__LSSWVLLM(UniMod_35)K,0.028292705075990444,0.0
delta1__peptide_log__LAVYQAGAR,0.028279823290062966,0.0
delta1__peptide_log__LGADM(UniMod_35)EDVC(UniMod_4)GR,0.028263762465290013,0.0
delta1__peptide_std__P00450,0.028250829657155294,0.0
delta1__peptide_count__O75144,0.028247062478437675,0.0
delta1__peptide_log__DSGFQM(UniMod_35)NQLR,0.02821829609183479,0.0
missing__peptide_log__LSSWVLLM(UniMod_35)K,0.028217719903238923,0.0
delta1__protein_npx__P05155,0.028208227444444407,0.0
rollmean2__peptide_std__P13591,0.02816951375041609,0.0
slope1__peptide_log__ADDKETC(UniMod_4)FAEEGK,0.028163904577210092,0.0
delta1__peptide_std__P02750,0.028153390663996698,0.0
lag1__peptide_log__VDNALQSGNSQESVTEQDSKDSTYSLSSTLTLSK,0.028141889218761835,0.0
delta1__peptide_count__P24592,0.028135023517024578,0.0
lag1__protein_npx__P01008,0.028129945317076965,0.0
lag1__peptide_mean__P18065,0.02812246357970765,0.0
slope1__peptide_count__P07998,0.02810199462057201,0.0
peptide_count__Q92520,0.02807680334865692,0.0
lag1__protein_npx__P10645,0.028069539148809587,0.0
delta1__peptide_log__VYC(UniMod_4)DMNTENGGWTVIQNR,0.02803133038441811,0.0
delta1__protein_npx__P36222,0.02802857264822151,0.0
peptide_log__VQPYLDDFQKK,0.028012366089641846,0.0
protein_npx__O75326,0.02801192215166507,0.0
missing__peptide_log__TVVQPSVGAAAGPVVPPC(UniMod_4)PGR,0.0280023100697099,0.0
lag1__peptide_std__P04004,0.02798238486688816,0.0
peptide_mean__Q7Z3B1,0.02797394446830032,0.0
slope1__protein_npx__P08493,0.027965837208430724,0.0
delta1__protein_npx__P17174,0.02795127461919516,0.0
lag1__protein_npx__P61916,0.02794645142621644,0.0
lag1__peptide_mean__Q92520,0.02792274446789368,0.0
slope1__peptide_mean__Q6UXB8,0.02791281443138838,0.0
delta1__peptide_log__LEGQEEEEDNRDSSMK,0.0278878100612848,0.0
missing__protein_npx__P06454,0.027861897147302514,0.0
missing__peptide_count__P06454,0.027861897147302514,0.0
missing__peptide_mean__P06454,0.027861897147302514,0.0
delta1__peptide_std__P01042,0.02786140275964663,0.0
rollmean2__peptide_mean__P30086,0.027820018586796846,0.0
rollmean2__protein_npx__P02649,0.02779482932257895,0.0
missing__peptide_std__O94919,0.02779241225210665,0.0
peptide_count__O94919,0.02779241225210665,0.0
lag1__peptide_std__P02656,0.027776615544630318,0.0
rollmean2__peptide_std__P00738,0.027774899718152415,0.0
peptide_mean__P10645,0.027769630440899078,0.0
delta1__protein_npx__P16152,0.027767369335856506,0.0
peptide_mean__Q13283,0.027728974734636418,0.0
lag1__protein_npx__P13987,0.027721776908321068,0.0
peptide_std__P13591,0.027717635152889865,0.0
delta1__peptide_log__AEAQEAEDQQAR,0.027668107768686893,0.0
peptide_mean__P02774,0.02766202323134282,0.0
slope1__protein_npx__Q6UXB8,0.027649241783157766,0.0
rollmean2__protein_npx__Q02818,0.0276335024218147,0.0
slope1__protein_npx__P40925,0.027615404429277953,0.0
missing__peptide_count__O94919,0.027556054200197612,0.0
missing__protein_npx__O94919,0.027556054200197612,0.0
missing__peptide_mean__O94919,0.027556054200197612,0.0
slope1__peptide_count__P01008,0.027554783666804555,0.0
protein_npx__P07711,0.027543025678271958,0.0
peptide_std__P04433,0.02751378792277235,0.0
lag1__peptide_count__Q9Y6R7,0.027480081934500227,0.0
peptide_count__Q14624,0.027476417413831035,0.0
rollmean2__peptide_std__P02766,0.02745869973044586,0.0
rollmean2__peptide_count__P01008,0.027457443089995027,0.0
protein_npx__Q9BY67,0.027431860281996203,0.0
missing__peptide_log__LGPLVEQGRVR,0.027429614351340732,0.0
peptide_count__P02647,0.027417939795887292,0.0
slope1__peptide_mean__P01834,0.02741011804329131,0.0
slope1__peptide_mean__P13473,0.02739028046613204,0.0
slope1__peptide_count__P02753,0.02738458469764615,0.0
peptide_mean__O94919,0.027367991332983135,0.0
rollmean2__protein_npx__P08133,0.027341611486376958,0.0
protein_npx__P32754,0.027339786223501503,0.0
peptide_log__ILLQGTPVAQMTEDAVDAER,0.027254632404947243,0.0
missing__peptide_log__TKEEYGHSEVVEYYC(UniMod_4)NPR,0.0272536006167781,0.0
rollmean2__peptide_std__P07602,0.027238132508748236,0.0
slope1__protein_npx__P25311,0.02723071791993522,0.0
lag1__peptide_log__YIVSGTPTFVPYLIK,0.027168266293313204,0.0
protein_npx__P02763,0.027148552298260846,0.0
lag1__peptide_mean__P00747,0.027141457124911634,0.0
slope1__peptide_std__P19652,0.02713736063156419,0.0
lag1__peptide_mean__P61916,0.027110899453213544,0.0
slope1__peptide_count__O00533,0.027104954990627803,0.0
missing__peptide_count__P55290,0.027099519967287246,0.0
missing__protein_npx__P55290,0.027099519967287246,0.0
missing__peptide_mean__P55290,0.027099519967287246,0.0
missing__peptide_std__Q14624,0.02709849708217558,0.0
lag1__peptide_std__P51884,0.027088358595214246,0.0
rollmean2__peptide_mean__P00738,0.027072618267669445,0.0
slope1__peptide_std__P09486,0.027038452639564527,0.0
missing__peptide_count__P36980,0.027036347397412168,0.0
missing__protein_npx__P36980,0.027036347397412168,0.0
missing__peptide_mean__P36980,0.027036347397412168,0.0
lag1__peptide_mean__P02452,0.02703590601382867,0.0
delta1__peptide_count__P08493,0.02699631337815509,0.0
slope1__peptide_mean__P00747,0.02698147997892657,0.0
slope1__peptide_log__AVGDKLPEC(UniMod_4)EADDGC(UniMod_4)PKPPEIAHGYVEHSVR,0.026961463930584132,0.0
lag1__peptide_mean__P25311,0.026956557084568254,0.0
lag1__peptide_std__P02787,0.026950801902089948,0.0
peptide_std__P02760,0.026941639092403998,0.0
slope1__peptide_std__P02751,0.02691879076789236,0.0
delta1__protein_npx__P01717,0.026914106693141558,0.0
slope1__peptide_log__SFNRGEC(UniMod_4),0.026863203475596165,0.0
slope1__peptide_mean__Q99435,0.026859812556702528,0.0
delta1__peptide_std__O94919,0.026857769039120804,0.0
peptide_log__QQETAAAETETR,0.026845893523454012,0.0
lag1__protein_npx__Q9UBR2,0.02682290915440409,0.0
slope1__peptide_mean__P01011,0.02681678913707251,0.0
rollmean2__peptide_mean__Q7Z3B1,0.026783104535973306,0.0
peptide_log__VDNALQSGNSQESVTEQDSKDSTYSLSSTLTLSK,0.026768229180651654,0.0
protein_npx__Q08380,0.026732783087727918,0.0
peptide_std__P00734,0.026718149178125823,0.0
delta1__peptide_mean__Q99832,0.026713572432362064,0.0
peptide_mean__P01780,0.026708339422208443,0.0
slope1__peptide_std__P02766,0.026701675866437666,0.0
peptide_log__TTPPVLDSDGSFFLYSR,0.02669635951173249,0.0
peptide_mean__P01861,0.02669635951173249,0.0
lag1__peptide_mean__P07339,0.026672170860783405,0.0
peptide_count__P12109,0.026661181189083297,0.0
lag1__protein_npx__P54289,0.026657576110756004,0.0
peptide_log__LGPLVEQGR,0.026647766270854144,0.0
rollmean2__peptide_mean__P05060,0.026630695703412467,0.0
slope1__peptide_mean__Q14118,0.026624858827883686,0.0
lag1__peptide_log__LGADM(UniMod_35)EDVC(UniMod_4)GR,0.026615047304475146,0.0
peptide_count__P02748,0.026596924309782614,0.0
missing__peptide_log__SFNRGEC(UniMod_4),0.026596799260535847,0.0
slope1__protein_npx__P04156,0.026570479699754804,0.0
rollmean2__peptide_mean__P43121,0.026506757314799054,0.0
rollmean2__protein_npx__P30086,0.026493425961375175,0.0
rollmean2__peptide_count__P27169,0.026449740998504768,0.0
slope1__peptide_mean__Q13332,0.02644402416243075,0.0
protein_npx__P16070,0.026442842859113,0.0
missing__peptide_std__P54289,0.0264165890374324,0.0
rollmean2__peptide_log__SPVGVQPILNEHTFC(UniMod_4)AGMSK,0.026409649788147183,0.0
slope1__peptide_std__P04075,0.02639592168116121,0.0
lag1__peptide_mean__P08603,0.026392106108592765,0.0
slope1__peptide_mean__P02753,0.026381412413108447,0.0
rollmean2__peptide_count__P06727,0.02634519902481181,0.0
missing__peptide_log__VTLTC(UniMod_4)VAPLSGVDFQLR,0.02633369308024236,0.0
peptide_mean__Q99435,0.026331614387432933,0.0
peptide_std__P07998,0.026318896396376114,0.0
rollmean2__protein_npx__Q8IWV7,0.026306604060396824,0.0
slope1__peptide_count__P00734,0.0262930757382573,0.0
slope1__protein_npx__Q8IWV7,0.02618617083817971,0.0
delta1__peptide_mean__P00450,0.026184811693077098,0.0
slope1__peptide_log__SPVGVQPILNEHTFC(UniMod_4)AGMSK,0.026153521974443723,0.0
delta1__protein_npx__P01008,0.026123954408859805,0.0
rollmean2__peptide_mean__P00751,0.0260984812311709,0.0
lag1__peptide_count__O15394,0.026096206335779908,0.0
lag1__peptide_std__P20774,0.026076870217246424,0.0
rollmean2__protein_npx__P16870,0.02607224545518635,0.0
delta1__peptide_std__P10909,0.026063849242501703,0.0
lag1__peptide_mean__Q99435,0.0260607124698443,0.0
rollmean2__peptide_count__P00738,0.026055718694078463,0.0
delta1__peptide_mean__O00391,0.02604947989700503,0.0
rollmean2__peptide_mean__Q99832,0.02604574980982052,0.0
protein_npx__O60888,0.02604166337070073,0.0
rollmean2__peptide_mean__Q12841,0.02604131880944062,0.0
rollmean2__peptide_log__HGGLYHENMR,0.02602370832149986,0.0
lag1__peptide_count__P01024,0.02602276476208173,0.0
lag1__peptide_log__SEALAVDGAGKPGAEEAQDPEGK,0.02601269845500275,0.0
rollmean2__protein_npx__P01717,0.02600433005380834,0.0
missing__peptide_log__GEVQAMLGQSTEELRVR,0.025990501547502442,0.0
lag1__peptide_std__P02766,0.025963339198611553,0.0
slope1__peptide_log__KQELSEAEQATR,0.025963285248610156,0.0
rollmean2__protein_npx__O60888,0.025949131505944144,0.0
slope1__peptide_log__ANRPFLVFIR,0.025941002938985967,0.0
rollmean2__peptide_mean__Q6UX71,0.025926953240324267,0.0
lag1__peptide_count__P00450,0.025904204673511913,0.0
lag1__peptide_std__P02763,0.025864694441268144,0.0
delta1__protein_npx__P10909,0.02586430961155393,0.0
lag1__peptide_mean__Q13740,0.025856318781610963,0.0
protein_npx__P16870,0.025835606779569413,0.0
lag1__peptide_count__P16870,0.025831394568267378,0.0
peptide_log__GC(UniMod_4)PTEEGC(UniMod_4)GER,0.02581867471815431,0.0
delta1__protein_npx__P13591,0.025798951415898743,0.0
delta1__protein_npx__P06727,0.02579352324148803,0.0
rollmean2__peptide_mean__P08697,0.02578743326575231,0.0
delta1__peptide_count__P54289,0.025784223115702453,0.0
slope1__peptide_log__DASGVTFTWTPSSGK,0.02575889815969761,0.0
lag1__peptide_std__P14314,0.025754032337617156,0.0
missing__peptide_mean__P43251,0.02575152305528573,0.0
missing__peptide_count__P43251,0.02575152305528573,0.0
missing__protein_npx__P43251,0.02575152305528573,0.0
lag1__protein_npx__P30086,0.02572644536025729,0.0
rollmean2__peptide_log__M(UniMod_35)ASGAANVVGPK,0.02571622243289869,0.0
rollmean2__peptide_mean__Q9NYU2,0.025713490692141096,0.0
slope1__peptide_count__Q13740,0.025702175725855595,0.0
protein_npx__P04216,0.025694279249255377,0.0
delta1__protein_npx__Q14508,0.025690863556689567,0.0
peptide_log__LAVYQAGAR,0.025690860036785047,0.0
delta1__peptide_log__QKVEPLRAELQEGAR,0.025674980429303735,0.0
lag1__protein_npx__Q14118,0.02567205735293704,0.0
lag1__protein_npx__P01033,0.025658012057054938,0.0
lag1__peptide_mean__P02751,0.025632083119623512,0.0
delta1__peptide_count__Q9UHG2,0.025628581778149046,0.0
lag1__protein_npx__P11277,0.02560180026133499,0.0
lag1__peptide_mean__P00751,0.025588735746861005,0.0
slope1__peptide_mean__P04211,0.025558773405911776,0.0
lag1__peptide_count__P08493,0.025553079187973227,0.0
delta1__peptide_std__P00441,0.025540525226800892,0.0
slope1__peptide_mean__P07339,0.02553718597626619,0.0
lag1__peptide_mean__Q16270,0.025536765479827233,0.0
slope1__peptide_mean__P02765,0.025531307289105472,0.0
rollmean2__protein_npx__P04075,0.025522129604081144,0.0
lag1__protein_npx__P36222,0.025513857049433094,0.0
lag1__peptide_mean__P05155,0.0255016453651808,0.0
slope1__peptide_count__P01857,0.025468249101500237,0.0
missing__protein_npx__P08253,0.025466149913465477,0.0
missing__peptide_count__P08253,0.025466149913465477,0.0
missing__peptide_mean__P08253,0.025466149913465477,0.0
missing__peptide_count__Q6UX71,0.02546452181738918,0.0
missing__protein_npx__Q6UX71,0.02546452181738918,0.0
missing__peptide_mean__Q6UX71,0.02546452181738918,0.0
rollmean2__protein_npx__P01621,0.025461866468207625,0.0
delta1__peptide_std__Q92520,0.025452226432312586,0.0
rollmean2__protein_npx__P19823,0.02544552236654128,0.0
protein_npx__P36955,0.02544441681793303,0.0
lag1__protein_npx__P19823,0.025427705650505793,0.0
lag1__protein_npx__P43121,0.02540732080172076,0.0
lag1__peptide_std__P07602,0.02534502446418698,0.0
rollmean2__peptide_log__QIGSVYR,0.02532577591252987,0.0
peptide_std__P02787,0.0253187276421193,0.0
lag1__peptide_std__P04217,0.02531642130650006,0.0
missing__peptide_std__P00746,0.025314310714726982,0.0
rollmean2__peptide_count__Q92876,0.025285515695511684,0.0
slope1__peptide_std__P02763,0.0252763963631009,0.0
slope1__peptide_std__P05546,0.025265076988029187,0.0
protein_npx__P13473,0.02526167576971948,0.0
slope1__peptide_count__Q9UBX5,0.025240325515662677,0.0
delta1__protein_npx__P01019,0.02523911090246166,0.0
rollmean2__protein_npx__Q12907,0.025234072714679513,0.0
slope1__peptide_mean__P02774,0.025220216767296168,0.0
slope1__protein_npx__P08603,0.025199475039067987,0.0
lag1__protein_npx__O43505,0.025198090250071924,0.0
delta1__peptide_std__P07225,0.025180610253884926,0.0
delta1__peptide_std__P00736,0.025163533584623175,0.0
lag1__peptide_mean__P07195,0.025149675653727006,0.0
slope1__protein_npx__P07333,0.025116381824164178,0.0
missing__peptide_std__Q9Y6R7,0.025113297505264236,0.0
lag1__peptide_log__GC(UniMod_4)PTEEGC(UniMod_4)GER,0.025105025889767527,0.0
slope1__protein_npx__P07998,0.02508292589296209,0.0
peptide_std__P05090,0.025073868660278567,0.0
peptide_std__P19652,0.025051899597727748,0.0
lag1__peptide_mean__Q12805,0.025043491430333006,0.0
rollmean2__protein_npx__Q9UKV8,0.025030331079305704,0.0
rollmean2__peptide_log__AVLPTGDVIGDSAK,0.025021424809417662,0.0
rollmean2__peptide_mean__P08571,0.02501950930026238,0.0
slope1__protein_npx__P02763,0.025013876852368222,0.0
slope1__protein_npx__P51884,0.02500253462016965,0.0
delta1__peptide_mean__P07195,0.025001598864572486,0.0
rollmean2__peptide_log__VMPIC(UniMod_4)LPSKDYAEVGR,0.024986058796770443,0.0
delta1__peptide_mean__P01591,0.024969386006280885,0.0
rollmean2__peptide_log__LSSWVLLM(UniMod_35)K,0.024969149386063053,0.0
lag1__peptide_mean__P14618,0.02496188114239012,0.0
missing__protein_npx__Q9HDC9,0.024953509913343143,0.0
missing__peptide_count__Q9HDC9,0.024953509913343143,0.0
missing__peptide_mean__Q9HDC9,0.024953509913343143,0.0
missing__peptide_log__VLLDQLR,0.024953509913343143,0.0
slope1__peptide_count__P02751,0.0249511258822992,0.0
lag1__peptide_std__P09486,0.02494792913344587,0.0
delta1__peptide_mean__P16870,0.024939831746880473,0.0
slope1__peptide_mean__P19823,0.02493061473091962,0.0
slope1__protein_npx__P06681,0.024917203238059592,0.0
peptide_log__SWFEPLVEDM(UniMod_35)QR,0.024911756064063366,0.0
rollmean2__peptide_std__P04433,0.024890343236460416,0.0
delta1__current_updrs_4,0.024887774445880452,0.0
slope1__peptide_log__VC(UniMod_4)PFAGILENGAVR,0.024852669730220645,0.0
peptide_std__P01877,0.024846978826480844,0.0
lag1__peptide_count__P19823,0.02484605497607966,0.0
protein_npx__P07195,0.024844781619023964,0.0
rollmean2__peptide_std__P00734,0.02484361170512005,0.0
slope1__peptide_log__WELALGR,0.024842063824084593,0.0
protein_npx__P01033,0.024835781545164894,0.0
missing__peptide_log__VKDLATVYVDVLK,0.024825860838704115,0.0
peptide_count__P08493,0.02481159843573157,0.0
rollmean2__protein_npx__O14773,0.024798288792245684,0.0
peptide_mean__Q9BY67,0.02479610768547958,0.0
slope1__peptide_mean__P02766,0.024778888430982925,0.0
slope1__peptide_mean__P02671,0.024750830602065503,0.0
rollmean2__peptide_mean__P16035,0.024739042492229836,0.0
peptide_log__QKVEPLRAELQEGAR,0.024729850894274107,0.0
rollmean2__peptide_mean__Q99969,0.024711905076655823,0.0
delta1__peptide_std__P02753,0.02469433995540367,0.0
lag1__peptide_log__IMNGEADAMSLDGGFVYIAGK,0.024690973115079194,0.0
rollmean2__peptide_std__Q16270,0.024678857355839037,0.0
slope1__peptide_std__P20774,0.024673726457196767,0.0
slope1__peptide_std__P54289,0.024672375503902184,0.0
slope1__protein_npx__P07858,0.024670963596328886,0.0
delta1__peptide_std__P02766,0.024668622432505873,0.0
peptide_log__TQVNTQAEQLRR,0.024659001584567585,0.0
slope1__peptide_count__Q92823,0.02465362980560857,0.0
peptide_mean__P07339,0.024651354927193912,0.0
protein_npx__P02751,0.024648050755896538,0.0
delta1__peptide_log__NPDPWAK,0.024622044625963208,0.0
rollmean2__peptide_mean__P01008,0.02462025477625431,0.0
lag1__peptide_std__P01008,0.024617390014960588,0.0
slope1__protein_npx__Q16610,0.02457131508025781,0.0
rollmean2__peptide_log__ANRPFLVFIR,0.02456048323108984,0.0
rollmean2__peptide_std__Q12805,0.024546201325569488,0.0
delta1__peptide_std__P04004,0.024540669298410714,0.0
slope1__peptide_log__AVLPTGDVIGDSAK,0.02453396016719411,0.0
protein_npx__P05067,0.024513453251538673,0.0
lag1__peptide_log__VTLTC(UniMod_4)VAPLSGVDFQLR,0.024513443165094313,0.0
delta1__peptide_count__Q9NQ79,0.024492639438395445,0.0
rollmean2__peptide_std__P02760,0.024489568087158246,0.0
slope1__peptide_std__Q9UHG2,0.024485189204720287,0.0
rollmean2__protein_npx__P16070,0.02447371228156691,0.0
peptide_std__P00747,0.024468938291860157,0.0
rollmean2__peptide_mean__Q8NE71,0.02446717158237241,0.0
slope1__protein_npx__P39060,0.024441407927926026,0.0
missing__peptide_log__TSAHGNVAEGETKPDPDVTER,0.024441250192905505,0.0
peptide_count__O00533,0.024429935234074825,0.0
delta1__peptide_mean__P00751,0.024428636667831398,0.0
lag1__peptide_mean__O94919,0.024419155679351642,0.0
slope1__protein_npx__P13521,0.02441914679792757,0.0
lag1__protein_npx__P00736,0.024415064571158274,0.0
protein_npx__P01024,0.02438656823026812,0.0
slope1__peptide_mean__Q8NE71,0.02434640023366709,0.0
delta1__protein_npx__P01033,0.024311036258311557,0.0
delta1__protein_npx__P01344,0.024309668891533995,0.0
missing__peptide_std__P05156,0.024292687876227972,0.0
slope1__protein_npx__P43121,0.024289706796949417,0.0
delta1__protein_npx__P05452,0.024283578720575155,0.0
lag1__peptide_mean__P61626,0.02426122305000416,0.0
protein_npx__O43505,0.0242597170927394,0.0
rollmean2__protein_npx__P01034,0.024249084019173892,0.0
slope1__peptide_mean__Q9UNU6,0.02424774329900938,0.0
delta1__peptide_mean__Q12907,0.02422230531201047,0.0
slope1__peptide_std__P06396,0.024219626250995833,0.0
delta1__peptide_mean__P04433,0.02420213378652822,0.0
rollmean2__protein_npx__Q16270,0.02420148517954671,0.0
slope1__peptide_std__P25311,0.02415812150046992,0.0
peptide_mean__Q14515,0.024124940803653176,0.0
delta1__protein_npx__P01023,0.02412343292438375,0.0
missing__peptide_mean__P49908,0.02409704538811683,0.0
missing__peptide_count__P49908,0.02409704538811683,0.0
missing__protein_npx__P49908,0.02409704538811683,0.0
rollmean2__protein_npx__Q15904,0.024073885993322167,0.0
peptide_mean__Q99832,0.0240710352691615,0.0
lag1__peptide_mean__P30086,0.02406418249177513,0.0
slope1__protein_npx__P23142,0.02405724134294015,0.0
slope1__protein_npx__Q15904,0.024048432725286516,0.0
rollmean2__peptide_log__LC(UniMod_4)MGSGLNLC(UniMod_4)EPNNKEGYYGYTGAFR,0.024046275920857455,0.0
peptide_std__Q16270,0.024035726853566735,0.0
peptide_log__NFPPSQDASGDLYTTSSQLTLPATQC(UniMod_4)PDGK,0.024018444371990362,0.0
slope1__protein_npx__O60888,0.02396049236676777,0.0
slope1__protein_npx__P04075,0.023955443505709845,0.0
lag1__peptide_log__AATGEC(UniMod_4)TATVGKR,0.023927102179409968,0.0
rollmean2__peptide_log__KQELSEAEQATR,0.023888951636162087,0.0
slope1__peptide_mean__P36222,0.023877232063799176,0.0
lag1__peptide_log__VQPYLDDFQKK,0.023872497005477583,0.0
delta1__protein_npx__Q16610,0.023860801011359584,0.0
rollmean2__protein_npx__Q9NYU2,0.023845605639614922,0.0
lag1__peptide_count__P02763,0.023833831215809235,0.0
delta1__peptide_count__P01860,0.023824393729499016,0.0
rollmean2__protein_npx__P00751,0.023822626274759458,0.0
slope1__protein_npx__P07225,0.023819937020584495,0.0
rollmean2__peptide_count__P08571,0.023817412882963178,0.0
delta1__protein_npx__P19827,0.023798747048968224,0.0
missing__protein_npx__P01033,0.02379158956988945,0.0
missing__peptide_count__P01033,0.02379158956988945,0.0
missing__peptide_mean__P01033,0.02379158956988945,0.0
protein_npx__P10643,0.023790016247445207,0.0
slope1__peptide_log__LEGQEEEEDNRDSSMK,0.023779493997460686,0.0
delta1__peptide_log__SEALAVDGAGKPGAEEAQDPEGK,0.023777036770540598,0.0
slope1__protein_npx__P55290,0.023747757418705516,0.0
rollmean2__peptide_mean__Q9HDC9,0.02372356634628407,0.0
rollmean2__peptide_log__VLLDQLR,0.02372356634628407,0.0
slope1__peptide_std__P30086,0.023714169487277587,0.0
rollmean2__peptide_mean__Q8N2S1,0.023700389367620863,0.0
protein_npx__Q14508,0.023697284679426927,0.0
protein_npx__Q9Y6R7,0.02369041800982936,0.0
peptide_count__P54289,0.02368970591769658,0.0
rollmean2__peptide_mean__O00391,0.023686490128222815,0.0
peptide_mean__P04180,0.023682804548097156,0.0
peptide_count__Q13740,0.02368141558484335,0.0
missing__peptide_log__FNKPFVFLM(UniMod_35)IEQNTK,0.02367946975815497,0.0
protein_npx__P24592,0.02367672578457186,0.0
slope1__protein_npx__P05155,0.02367577012765419,0.0
rollmean2__protein_npx__P61278,0.02367320252693512,0.0
lag1__peptide_mean__P36980,0.023662422360837012,0.0
lag1__peptide_mean__P19823,0.023655106075564546,0.0
rollmean2__peptide_log__SFNRGEC(UniMod_4),0.023653780346504283,0.0
slope1__peptide_mean__P02790,0.023645179288268047,0.0
delta1__protein_npx__Q9UKV8,0.023644722955936733,0.0
slope1__protein_npx__P06310,0.023637618148295417,0.0
peptide_mean__P13521,0.023633749091080975,0.0
rollmean2__peptide_std__P00747,0.0236333851499193,0.0
missing__peptide_mean__P14314,0.023629061010022115,0.0
missing__protein_npx__P14314,0.023629061010022115,0.0
missing__peptide_count__P14314,0.023629061010022115,0.0
lag1__peptide_log__C(UniMod_4)RDQLPYIC(UniMod_4)QFGIV,0.023625142562790403,0.0
delta1__peptide_log__EDSLEAGLPLQVR,0.023603985892315875,0.0
lag1__peptide_std__P01860,0.023588574858446034,0.0
rollmean2__protein_npx__P01031,0.023579730790289126,0.0
slope1__peptide_mean__P08133,0.023571012378601895,0.0
slope1__peptide_mean__P02787,0.023566473724888404,0.0
slope1__peptide_std__P02649,0.023552781127988386,0.0
delta1__peptide_mean__P13611,0.023542665046617676,0.0
rollmean2__peptide_count__P16870,0.0235326223834528,0.0
slope1__peptide_log__LC(UniMod_4)MGSGLNLC(UniMod_4)EPNNKEGYYGYTGAFR,0.023522850284343914,0.0
peptide_std__P07339,0.023513842437016107,0.0
delta1__peptide_mean__P18065,0.02347284376156591,0.0
lag1__protein_npx__Q6UXD5,0.023471857387467366,0.0
delta1__protein_npx__P01031,0.0234625702115415,0.0
rollmean2__protein_npx__P02647,0.02345945220009324,0.0
rollmean2__peptide_std__P05090,0.02345740485010437,0.0
lag1__protein_npx__P41222,0.02343408945451672,0.0
slope1__current_updrs_2,0.02341953863863203,0.0
delta1__peptide_mean__P01008,0.023415344557714383,0.0
peptide_mean__P08571,0.023378994752929788,0.0
lag1__peptide_mean__P01033,0.023373926457251705,0.0
delta1__peptide_mean__P23142,0.023373057817486713,0.0
lag1__peptide_mean__P02792,0.023363525793818684,0.0
delta1__peptide_mean__P61769,0.023345723044660944,0.0
protein_npx__Q96S96,0.023342383858592865,0.0
delta1__peptide_mean__P10645,0.02331885288669483,0.0
rollmean2__peptide_std__P08603,0.02330176999169658,0.0
delta1__peptide_count__P01009,0.023296188211085228,0.0
rollmean2__peptide_count__P01023,0.023284582669304117,0.0
slope1__protein_npx__P17174,0.023272278846750705,0.0
lag1__protein_npx__P01876,0.023259560067241322,0.0
slope1__peptide_log__TQVNTQAEQLRR,0.023258683757519424,0.0
rollmean2__peptide_log__TDASDVKPC(UniMod_4),0.023246706799973343,0.0
lag1__peptide_mean__P13987,0.02324383130634144,0.0
lag1__peptide_mean__P43652,0.023215413635344125,0.0
lag1__peptide_mean__P06310,0.023195334703073025,0.0
lag1__months_since_prev_visit,0.02315845392164849,0.0
delta1__protein_npx__P02790,0.023156225393849136,0.0
peptide_mean__P61769,0.023139925196986134,0.0
rollmean2__peptide_count__P01877,0.023138972779334174,0.0
delta1__peptide_std__P19823,0.0231312048340628,0.0
rollmean2__peptide_abundance_max,0.02312986085014131,0.0
delta1__protein_npx__Q6UXD5,0.023096621996145927,0.0
delta1__peptide_mean__Q96S96,0.02307755507653655,0.0
peptide_log__SPVGVQPILNEHTFC(UniMod_4)AGMSK,0.023066982887272616,0.0
rollmean2__peptide_log__C(UniMod_4)C(UniMod_4)VEC(UniMod_4)PPC(UniMod_4)PAPPVAGPSVFLFPPKPK,0.023046623788304306,0.0
delta1__peptide_log__TPLGDTTHTC(UniMod_4)PR,0.02304058721497524,0.0
lag1__peptide_count__Q16610,0.023040321372191218,0.0
slope1__protein_npx__P54289,0.02303318361104876,0.0
lag1__protein_npx__P24592,0.023025025990729284,0.0
lag1__protein_npx__Q13451,0.02302428576388275,0.0
slope1__peptide_std__O15240,0.023022565181828845,0.0
delta1__protein_npx__P10451,0.02302208201134289,0.0
delta1__peptide_mean__P02753,0.023001746037108042,0.0
lag1__peptide_std__P01009,0.023000591978787184,0.0
delta1__protein_npx__P20774,0.023000049580397672,0.0
rollmean2__peptide_mean__P05090,0.02299906480323921,0.0
rollmean2__peptide_log__QKVEPLRAELQEGAR,0.022995408047786443,0.0
lag1__peptide_log__VKDLATVYVDVLK,0.022983980009804218,0.0
slope1__peptide_mean__P08637,0.022974874227760407,0.0
slope1__peptide_mean__P05408,0.022970102632475533,0.0
peptide_log__KVEQAVETEPEPELR,0.022930810850936657,0.0
lag1__peptide_log__LGPLVEQGRVR,0.0229238926688691,0.0
lag1__peptide_std__P08697,0.02290561290213943,0.0
missing__peptide_std__P19652,0.022897425485543358,0.0
rollmean2__peptide_count__P30086,0.0228925332569489,0.0
rollmean2__protein_npx__P13473,0.02288835572950922,0.0
missing__peptide_log__GEVQAMLGQSTEELR,0.0228836907033258,0.0
delta1__protein_npx__O00533,0.022870135278572637,0.0
lag1__peptide_mean__P43251,0.022852397021067394,0.0
protein_npx__P08571,0.02284632011996293,0.0
rollmean2__protein_npx__O00533,0.022844635251325674,0.0
rollmean2__protein_npx__P04207,0.022841813534448644,0.0
delta1__peptide_mean__Q96KN2,0.0228326757280949,0.0
delta1__peptide_mean__P10643,0.022816720542622203,0.0
rollmean2__peptide_std__P01024,0.022805592234416736,0.0
missing__peptide_log__HGGLYHENMR,0.022780448510164555,0.0
lag1__peptide_log__DSGEGDFLAEGGGVR,0.022772368102348325,0.0
missing__peptide_std__Q14118,0.022771785320379153,0.0
peptide_mean__Q6UXD5,0.022762125282906102,0.0
slope1__peptide_mean__Q8N2S1,0.02275377295240281,0.0
lag1__peptide_count__P01023,0.02274974827270148,0.0
delta1__protein_npx__Q92823,0.022749007841430517,0.0
peptide_mean__P13473,0.02274859591750349,0.0
delta1__protein_npx__Q9UBR2,0.0227385530506136,0.0
lag1__peptide_abundance_min,0.022720274265659337,0.0
slope1__peptide_log__C(UniMod_4)VDVDEC(UniMod_4)APPAEPC(UniMod_4)GK,0.022705271933861487,0.0
lag1__peptide_mean__O43505,0.022703303928402987,0.0
peptide_mean__P02655,0.02269515336989454,0.0
protein_npx__P00738,0.022680120303865854,0.0
peptide_count__P01834,0.02264498226303533,0.0
delta1__protein_npx__Q9Y646,0.022637646171996054,0.0
rollmean2__peptide_mean__Q9BY67,0.022633166057871884,0.0
slope1__peptide_mean__P04004,0.022621710196426285,0.0
slope1__peptide_log__AEAQEAEDQQAR,0.022592816578045405,0.0
slope1__peptide_log__QNC(UniMod_4)ELFEQLGEYK,0.022587777607998516,0.0
slope1__peptide_count__P01034,0.02258121423864739,0.0
slope1__protein_npx__P00738,0.022577493991566798,0.0
delta1__peptide_mean__Q99674,0.022573119084453985,0.0
delta1__protein_npx__Q99832,0.02256005018636721,0.0
slope1__protein_npx__P00746,0.022544905759518705,0.0
protein_npx__P61769,0.022512691358925814,0.0
rollmean2__peptide_mean__P10645,0.022512051969508475,0.0
peptide_std__P04217,0.02250134860893454,0.0
delta1__peptide_count__P02647,0.022499400860504032,0.0
peptide_std__P04196,0.02247777926980285,0.0
missing__peptide_count__Q13449,0.02245514647445505,0.0
missing__peptide_mean__Q13449,0.02245514647445505,0.0
missing__protein_npx__Q13449,0.02245514647445505,0.0
protein_npx__P49908,0.02244377978303144,0.0
rollmean2__peptide_mean__P07339,0.0224388887021637,0.0
slope1__peptide_mean__P07711,0.022430697311136224,0.0
delta1__protein_npx__P17936,0.0224252719698275,0.0
lag1__peptide_mean__P20933,0.02241932056960505,0.0
slope1__protein_npx__P05156,0.022392345870229508,0.0
rollmean2__peptide_mean__P04216,0.022386842710947184,0.0
rollmean2__peptide_mean__Q14515,0.022385749638031402,0.0
rollmean2__peptide_mean__Q12805,0.022379374338162613,0.0
lag1__peptide_count__P02649,0.02237240030901821,0.0
protein_npx__P05156,0.022370329499631185,0.0
lag1__peptide_log__LC(UniMod_4)MGSGLNLC(UniMod_4)EPNNKEGYYGYTGAFR,0.02236564685917362,0.0
missing__peptide_log__SWFEPLVEDM(UniMod_35)QR,0.022361187094631398,0.0
peptide_log__TPLGDTTHTC(UniMod_4)PR,0.022358799791016647,0.0
delta1__protein_npx__P04075,0.022358490147465538,0.0
rollmean2__peptide_mean__P07195,0.022348319826312427,0.0
peptide_count__P02765,0.02232239084813848,0.0
slope1__peptide_mean__P02763,0.022292386490567792,0.0
missing__peptide_log__NPDPWAK,0.022280421474508337,0.0
lag1__peptide_std__P24592,0.022278915458971035,0.0
peptide_mean__P02747,0.022271114819140375,0.0
peptide_mean__P00738,0.022261599153373546,0.0
rollmean2__peptide_mean__P61769,0.022253007211560517,0.0
delta1__protein_npx__P09486,0.022250066695769923,0.0
protein_npx__P31997,0.02223391572535327,0.0
peptide_std__P10645,0.02221614262146419,0.0
lag1__peptide_mean__P02765,0.022215582713351226,0.0
lag1__peptide_mean__Q14118,0.022164466169419604,0.0
delta1__peptide_log__LIADLGSTSITNLGFR,0.022148695160289198,0.0
lag1__peptide_mean__P01857,0.022134612811290366,0.0
peptide_mean__P08697,0.022114521397181435,0.0
delta1__peptide_mean__P01344,0.02211021342880877,0.0
delta1__protein_npx__P12109,0.022108833798754623,0.0
rollmean2__peptide_mean__P51884,0.02209002425826486,0.0
lag1__peptide_mean__P11142,0.022077668905206137,0.0
slope1__peptide_mean__P01857,0.022068210835223024,0.0
rollmean2__peptide_log__VKDLATVYVDVLK,0.02205586983750206,0.0
delta1__peptide_count__P02748,0.02204966259859554,0.0
lag1__protein_npx__P40925,0.022046003985112538,0.0
rollmean2__peptide_std__P02679,0.022044801188129397,0.0
slope1__protein_npx__P43652,0.022028778025088007,0.0
slope1__peptide_std__P00734,0.02202296458675378,0.0
slope1__peptide_count__P24592,0.02199443599273782,0.0
lag1__peptide_std__P19652,0.02198491139056965,0.0
slope1__protein_npx__P10643,0.021980137539686303,0.0
missing__peptide_log__C(UniMod_4)C(UniMod_4)VEC(UniMod_4)PPC(UniMod_4)PAPPVAGPSVFLFPPKPK,0.021976099608139114,0.0
lag1__peptide_log__QKVEPLRAELQEGAR,0.021971591925777956,0.0
delta1__peptide_std__P02751,0.02193641505497822,0.0
slope1__peptide_count__Q16270,0.021923865206005276,0.0
peptide_mean__P61916,0.02191568688977128,0.0
lag1__peptide_count__P02760,0.021909515036232233,0.0
delta1__peptide_count__P39060,0.021902568072855053,0.0
slope1__peptide_mean__P04196,0.02189788102705685,0.0
rollmean2__protein_npx__P05408,0.021878579818072164,0.0
slope1__peptide_mean__P00738,0.021869312372651682,0.0
missing__peptide_mean__Q99829,0.021860439126766038,0.0
missing__peptide_count__Q99829,0.021860439126766038,0.0
missing__protein_npx__Q99829,0.021860439126766038,0.0
missing__peptide_mean__Q9UKV8,0.021850747821215714,0.0
missing__peptide_count__Q9UKV8,0.021850747821215714,0.0
missing__protein_npx__Q9UKV8,0.021850747821215714,0.0
missing__peptide_std__Q9NQ79,0.02184298243637686,0.0
slope1__peptide_mean__Q14624,0.021842575615561636,0.0
slope1__protein_npx__P02652,0.021837703192747103,0.0
missing__peptide_std__P27169,0.021811395618847915,0.0
peptide_log__TKEEYGHSEVVEYYC(UniMod_4)NPR,0.021806663055674913,0.0
peptide_log__FM(UniMod_35)ETVAEK,0.02177848148927577,0.0
missing__protein_npx__Q12907,0.021763553712049088,0.0
missing__peptide_mean__Q12907,0.021763553712049088,0.0
missing__peptide_count__Q12907,0.021763553712049088,0.0
rollmean2__protein_npx__Q9BY67,0.021758715145872454,0.0
missing__peptide_mean__O14773,0.02175722480708298,0.0
missing__protein_npx__O14773,0.02175722480708298,0.0
missing__peptide_count__O14773,0.02175722480708298,0.0
rollmean2__protein_npx__P43652,0.02174918807650164,0.0
protein_npx__P19652,0.021742197006495916,0.0
peptide_count__Q9NQ79,0.021740921776452912,0.0
lag1__peptide_mean__O00391,0.02174074139392106,0.0
delta1__peptide_std__P02787,0.021722364036970192,0.0
lag1__peptide_mean__P02748,0.021713755565577128,0.0
slope1__peptide_mean__P05452,0.021695939068094274,0.0
slope1__peptide_count__P07602,0.021677095493583647,0.0
peptide_mean__P23142,0.021674785027772394,0.0
delta1__peptide_log__MTVTDQVNC(UniMod_4)PK,0.021618187858017213,0.0
protein_npx__P06310,0.02160796016047127,0.0
peptide_abundance_min,0.02160114580123438,0.0
delta1__peptide_mean__P14618,0.021600015654502105,0.0
delta1__protein_npx__Q99674,0.02157102634027097,0.0
lag1__peptide_mean__P02763,0.021565194540353015,0.0
lag1__peptide_log__MASGAANVVGPK,0.021564817265674458,0.0
peptide_std__Q14515,0.021564754413291188,0.0
slope1__protein_npx__P02760,0.021564570078040197,0.0
rollmean2__peptide_mean__Q99435,0.021563339323482898,0.0
lag1__protein_npx__P51884,0.02152722519607289,0.0
slope1__peptide_log__TLLSNLEEAKK,0.02152713946523224,0.0
missing__protein_npx__P61626,0.021518802074613416,0.0
missing__peptide_mean__P61626,0.021518802074613416,0.0
missing__peptide_count__P61626,0.021518802074613416,0.0
peptide_std__P14618,0.02150581574231989,0.0
lag1__peptide_mean__P02749,0.021500709863336548,0.0
delta1__peptide_std__P02647,0.021499238126699613,0.0
slope1__peptide_log__GEVQAMLGQSTEELRVR,0.021484802659669455,0.0
delta1__protein_npx__P04275,0.021474162854979276,0.0
rollmean2__peptide_mean__P61278,0.02145291142078453,0.0
rollmean2__peptide_log__SLAAAAGKQELAK,0.02145291142078453,0.0
lag1__peptide_std__P06396,0.021452251376989397,0.0
delta1__peptide_log__SPVGVQPILNEHTFC(UniMod_4)AGMSK,0.021450629226930435,0.0
missing__peptide_log__QKVEPLRAELQEGAR,0.02144039244937276,0.0
peptide_std__P30086,0.021424317965917466,0.0
delta1__peptide_count__P27169,0.021407695586407833,0.0
slope1__peptide_mean__P01608,0.021407427759252584,0.0
rollmean2__peptide_log__HYTNPSQDVTVPC(UniMod_4)PVPPPPPC(UniMod_4)C(UniMod_4)HPR,0.021395631070946934,0.0
rollmean2__peptide_mean__P05546,0.02138843256884775,0.0
delta1__peptide_std__P04433,0.021383815339858402,0.0
rollmean2__protein_npx__P05452,0.021347956845067826,0.0
missing__peptide_count__Q13451,0.02133257623783866,0.0
missing__protein_npx__Q13451,0.02133257623783866,0.0
missing__peptide_mean__Q13451,0.02133257623783866,0.0
protein_npx__O14773,0.02131646280052933,0.0
peptide_count__P06396,0.021311099679924426,0.0
slope1__peptide_std__P01860,0.021310159209405825,0.0
slope1__protein_npx__P36955,0.02130072682904121,0.0
delta1__protein_npx__Q92876,0.021281968398470345,0.0
protein_npx__P02652,0.021222582926129174,0.0
peptide_std__Q92520,0.02121808152152732,0.0
slope1__peptide_count__P02652,0.021193651638539493,0.0
slope1__peptide_std__P02671,0.021184346672174396,0.0
delta1__peptide_mean__P30086,0.02117171898124287,0.0
lag1__peptide_log__FLATTPNSLLVSWQPPR,0.02117017396820757,0.0
protein_npx__P23083,0.021169844213871813,0.0
peptide_count__P02649,0.021142978693214673,0.0
delta1__peptide_mean__P01042,0.021125165779774233,0.0
slope1__peptide_mean__O15240,0.021124260770384994,0.0
rollmean2__peptide_log__VTSIQDWVQK,0.02112195868050704,0.0
slope1__peptide_std__P06727,0.021117268181935586,0.0
slope1__protein_npx__P01833,0.021107099304660357,0.0
rollmean2__peptide_mean__P60174,0.021089841941500886,0.0
rollmean2__peptide_mean__P07998,0.02108807995310764,0.0
lag1__peptide_mean__Q13332,0.02106589966999642,0.0
protein_npx__Q12805,0.021064868150943713,0.0
slope1__peptide_mean__P08123,0.02105930289021576,0.0
rollmean2__peptide_count__Q6UXB8,0.021048474199735562,0.0
missing__peptide_log__AATVGSLAGQPLQER,0.021041133717106714,0.0
protein_npx__P01860,0.021038326948505798,0.0
rollmean2__peptide_std__P43652,0.021019022607492225,0.0
lag1__peptide_std__P02452,0.021016542521377756,0.0
rollmean2__peptide_mean__P61626,0.02100970602034412,0.0
lag1__peptide_mean__P19021,0.020990140358132507,0.0
lag1__peptide_mean__Q13451,0.020977191965479765,0.0
delta1__peptide_count__Q08380,0.020975195936567572,0.0
protein_npx__P02760,0.020967567047310467,0.0
lag1__peptide_mean__O00584,0.02096527642257147,0.0
lag1__protein_npx__P02679,0.0209646447034556,0.0
delta1__protein_npx__P02655,0.02094825596974615,0.0
delta1__protein_npx__P05060,0.020923560455900218,0.0
rollmean2__protein_npx__O43505,0.020895019014499486,0.0
peptide_mean__P49908,0.020891730016808458,0.0
rollmean2__peptide_std__Q92876,0.02087210795932159,0.0
delta1__peptide_std__P06396,0.02085001467803216,0.0
peptide_mean__P11277,0.020823014533562778,0.0
lag1__protein_npx__Q13332,0.020802252410511125,0.0
missing__peptide_std__P12109,0.020795906415236248,0.0
rollmean2__peptide_mean__P01019,0.02078899712736908,0.0
delta1__protein_npx__O14791,0.02078095873968197,0.0
slope1__peptide_mean__P61769,0.02077978363615137,0.0
lag1__protein_npx__Q16610,0.020777927360120806,0.0
lag1__peptide_mean__Q08380,0.020766342651329702,0.0
rollmean2__peptide_std__P10645,0.02075231115525937,0.0
slope1__peptide_std__Q12841,0.020747483847167666,0.0
peptide_mean__Q12907,0.020747235405541065,0.0
missing__peptide_count__P39060,0.020745118869381508,0.0
missing__protein_npx__P39060,0.020745118869381508,0.0
missing__peptide_mean__P39060,0.020745118869381508,0.0
lag1__peptide_count__P06396,0.020732654598024442,0.0
delta1__peptide_mean__Q12841,0.020714830250859066,0.0
rollmean2__peptide_mean__P02452,0.02070608780186177,0.0
slope1__protein_npx__P19827,0.0207025433165611,0.0
delta1__peptide_std__P02679,0.020701701083210913,0.0
lag1__peptide_count__P16035,0.020698417453876992,0.0
peptide_count__Q12841,0.020694635548540792,0.0
slope1__protein_npx__P01857,0.020684538171856046,0.0
peptide_count__P00746,0.020681668317338787,0.0
delta1__peptide_count__P02679,0.020674125280922367,0.0
peptide_mean__P06396,0.02067220660118081,0.0
peptide_count__P02768,0.020658815997302668,0.0
peptide_log__VLLDQLR,0.020636441201435117,0.0
peptide_mean__Q9HDC9,0.020636441201435117,0.0
slope1__peptide_mean__P01861,0.020626598977879072,0.0
slope1__peptide_log__TTPPVLDSDGSFFLYSR,0.020626598977879072,0.0
lag1__peptide_std__P02675,0.020573939593135998,0.0
delta1__protein_npx__P61626,0.020572711297608025,0.0
peptide_std__P00441,0.020568488691804408,0.0
rollmean2__peptide_mean__P39060,0.02054760700950522,0.0
delta1__peptide_std__Q9UHG2,0.020535598509346074,0.0
lag1__peptide_count__O14773,0.02052662549239308,0.0
protein_npx__Q8N2S1,0.02052148816403148,0.0
rollmean2__protein_npx__P02792,0.020512530127589225,0.0
lag1__protein_npx__P09486,0.02050874821295257,0.0
delta1__protein_npx__P13987,0.020501714425451085,0.0
lag1__peptide_std__P01857,0.020499707275680838,0.0
slope1__peptide_mean__P02452,0.02049935808251974,0.0
protein_npx__Q9UKV8,0.020487117896979788,0.0
lag1__peptide_count__P00738,0.020484890974397443,0.0
slope1__peptide_log__KVEQAVETEPEPELR,0.02048453521164709,0.0
rollmean2__protein_npx__P02656,0.020483299471452863,0.0
lag1__protein_npx__P00441,0.020483054964448993,0.0
peptide_log__RTPITVVK,0.020468396079764892,0.0
protein_npx__P01833,0.020431702466612467,0.0
lag1__protein_npx__Q92876,0.020431096012176887,0.0
lag1__peptide_mean__P05546,0.020414024136650947,0.0
peptide_std__P02763,0.020403036478572733,0.0
slope1__peptide_log__KFPSGTFEQVSQLVK,0.02039969881623175,0.0
peptide_log__VTSIQDWVQK,0.020396002348270992,0.0
delta1__protein_npx__Q9NQ79,0.02037896965846215,0.0
rollmean2__peptide_mean__P49908,0.020362419745544057,0.0
delta1__peptide_count__P08571,0.02034928076464368,0.0
delta1__peptide_log__FLATTPNSLLVSWQPPR,0.02034336135517858,0.0
slope1__peptide_mean__O43505,0.020329892540075986,0.0
protein_npx__P00736,0.020323365245924128,0.0
lag1__protein_npx__P61626,0.020309284186072956,0.0
rollmean2__peptide_log__RTPITVVK,0.020298955497276908,0.0
peptide_mean__P04433,0.02028631387262631,0.0
rollmean2__peptide_count__P13591,0.020281073391127932,0.0
slope1__protein_npx__Q99683,0.02026900066090647,0.0
slope1__peptide_std__Q12805,0.02026720322059163,0.0
lag1__protein_npx__P02747,0.020266394265670458,0.0
delta1__peptide_count__Q14515,0.020238995054160987,0.0
delta1__peptide_mean__P01833,0.02023456976597827,0.0
peptide_std__P02747,0.020211008972633043,0.0
peptide_count__P41222,0.02020966687838741,0.0
delta1__peptide_mean__Q7Z5P9,0.020206101900238516,0.0
lag1__peptide_std__P02760,0.02020012038599889,0.0
protein_npx__P08123,0.020190589597468347,0.0
slope1__peptide_mean__P00736,0.020186918656544907,0.0
slope1__protein_npx__Q92823,0.020183068208584936,0.0
slope1__peptide_mean__P13611,0.020173393188726248,0.0
peptide_mean__P02750,0.020171865696435972,0.0
delta1__peptide_mean__P04156,0.020157773800226236,0.0
peptide_mean__P08603,0.02013297007157709,0.0
rollmean2__peptide_std__P02790,0.020132548014781152,0.0
peptide_mean__Q99969,0.020127958960541904,0.0
delta1__peptide_count__Q9Y6R7,0.020122762070601943,0.0
rollmean2__protein_npx__Q96PD5,0.020089991481349108,0.0
lag1__peptide_std__P10643,0.020081128935110482,0.0
lag1__protein_npx__P04216,0.020079059501944135,0.0
rollmean2__peptide_std__Q9Y6R7,0.020073466664608304,0.0
lag1__protein_npx__P02787,0.020061260540622614,0.0
protein_npx__P02649,0.02005975001371449,0.0
delta1__peptide_mean__Q92876,0.02004161313317913,0.0
delta1__peptide_count__P01042,0.02003120916047915,0.0
rollmean2__protein_npx__Q08380,0.020025043431967485,0.0
missing__peptide_std__P13611,0.02002096529811948,0.0
missing__protein_npx__P27169,0.020015326478735294,0.0
missing__peptide_mean__P27169,0.020015326478735294,0.0
missing__peptide_count__P27169,0.020015326478735294,0.0
delta1__peptide_mean__Q96PD5,0.02000726829731867,0.0
rollmean2__protein_npx__P55290,0.01999305036405788,0.0
peptide_std__Q96KN2,0.019976754567932933,0.0
peptide_std__P39060,0.019971223051090475,0.0
rollmean2__protein_npx__P04196,0.019956591955080663,0.0
delta1__peptide_mean__P05408,0.01995228909197552,0.0
delta1__peptide_mean__P35542,0.019950277359588514,0.0
missing__peptide_log__YYWGGQYTWDMAK,0.019947335855674552,0.0
peptide_mean__P01877,0.01993871218753298,0.0
delta1__peptide_mean__Q9Y6R7,0.019937387334519496,0.0
missing__peptide_count__P01780,0.019932249233106648,0.0
missing__protein_npx__P01780,0.019932249233106648,0.0
missing__peptide_mean__P01780,0.019932249233106648,0.0
lag1__protein_npx__Q99832,0.01992417874369402,0.0
protein_npx__P55290,0.019921647499021734,0.0
peptide_log__LGQSLDC(UniMod_4)NAEVYVVPWEK,0.019905596612151345,0.0
peptide_count__P01859,0.019898615657581373,0.0
peptide_count__P01019,0.019894198101666843,0.0
slope1__protein_npx__Q6UXD5,0.01986610982569984,0.0
protein_npx__P14174,0.019861142223555936,0.0
slope1__peptide_std__P14314,0.019857131859232165,0.0
slope1__peptide_std__Q06481,0.019833679359420108,0.0
lag1__peptide_std__P61916,0.01981212473688404,0.0
slope1__peptide_mean__P05067,0.019789448463023527,0.0
rollmean2__peptide_mean__Q14118,0.019783911304913783,0.0
lag1__protein_npx__P05452,0.01976085552274197,0.0
delta1__peptide_std__P51884,0.019742324513710517,0.0
delta1__peptide_std__Q92823,0.019731077075751797,0.0
peptide_std__P13611,0.019709147685653083,0.0
slope1__peptide_count__Q14515,0.01967132506482462,0.0
rollmean2__peptide_std__P30086,0.019669223214693762,0.0
delta1__peptide_log__QWAGLVEK,0.019624419412393224,0.0
lag1__peptide_count__Q13740,0.019623714082384475,0.0
peptide_mean__Q14624,0.019616951098596604,0.0
slope1__protein_npx__Q12841,0.019609148379546148,0.0
slope1__peptide_mean__P04217,0.01960385339417721,0.0
lag1__protein_npx__P11142,0.019602903444838428,0.0
slope1__protein_npx__P04433,0.019590136934493237,0.0
delta1__protein_npx__P07225,0.019583834125215444,0.0
delta1__peptide_mean__P08493,0.01957674532254926,0.0
delta1__peptide_mean__P06396,0.019572089272716794,0.0
delta1__peptide_mean__P04406,0.01956903008632435,0.0
rollmean2__peptide_mean__O14498,0.019564186960823363,0.0
lag1__protein_npx__P08603,0.019557668969409935,0.0
slope1__peptide_mean__P04216,0.01955530273652125,0.0
slope1__protein_npx__P00736,0.019553913721776985,0.0
lag1__peptide_mean__P16035,0.019549934768226446,0.0
slope1__peptide_mean__P01621,0.019540845433642057,0.0
peptide_log__LEGQEEEEDNRDSSMK,0.019531071535998232,0.0
delta1__peptide_mean__Q06481,0.019529076068563276,0.0
protein_npx__P00450,0.01952640716936692,0.0
protein_npx__P01008,0.019509708717112807,0.0
rollmean2__protein_npx__P02763,0.019498472832566234,0.0
lag1__peptide_std__P07998,0.019488771266860595,0.0
delta1__peptide_count__P10643,0.019472111318248053,0.0
slope1__peptide_mean__P01876,0.01947037793303718,0.0
slope1__protein_npx__Q99435,0.01946803657196524,0.0
peptide_count__P01009,0.019462975662888553,0.0
lag1__peptide_std__P16035,0.01945848499028329,0.0
lag1__peptide_std__P10909,0.019449674644494503,0.0
missing__peptide_log__ELDESLQVAER,0.01943537787191845,0.0
slope1__peptide_log__AKLEEQAQQIR,0.019419557260910863,0.0
lag1__peptide_abundance_std,0.019402202815731368,0.0
slope1__peptide_count__O15394,0.01939093095388988,0.0
slope1__protein_npx__P10909,0.019382637748855555,0.0
lag1__peptide_mean__P02774,0.019377661181208188,0.0
slope1__peptide_count__Q14624,0.019365427129222887,0.0
delta1__peptide_log__TPVSDRVTK,0.019361008278058332,0.0
rollmean2__protein_npx__P01033,0.019353377817435923,0.0
delta1__protein_npx__Q12805,0.019351133536017143,0.0
lag1__peptide_count__P00746,0.01934135504586366,0.0
peptide_log__EILSVDC(UniMod_4)STNNPSQAK,0.01933498162546312,0.0
lag1__protein_missing_fraction,0.019318492830628285,0.0
lag1__protein_feature_count,0.01931849283062822,0.0
missing__peptide_std__P04075,0.01930889788075923,0.0
lag1__peptide_std__P01834,0.019300809174358252,0.0
slope1__protein_npx__P07602,0.019297803044672192,0.0
slope1__peptide_mean__Q16610,0.019262663180260018,0.0
protein_npx__P09104,0.01925551819489589,0.0
slope1__peptide_count__P05452,0.01924321928080261,0.0
delta1__peptide_std__P02656,0.019239097625090604,0.0
delta1__protein_npx__P02774,0.019236577105790867,0.0
slope1__protein_npx__P05067,0.019216443705587068,0.0
missing__protein_npx__P16152,0.019212980045550165,0.0
missing__peptide_log__SC(UniMod_4)SPELQQK,0.019212980045550165,0.0
missing__peptide_count__P16152,0.019212980045550165,0.0
missing__peptide_mean__P16152,0.019212980045550165,0.0
lag1__peptide_count__Q96PD5,0.019211217862705958,0.0
missing__peptide_std__P00748,0.019198681958869167,0.0
missing__peptide_mean__Q9UBR2,0.019198552200544727,0.0
missing__peptide_count__Q9UBR2,0.019198552200544727,0.0
missing__protein_npx__Q9UBR2,0.019198552200544727,0.0
rollmean2__protein_npx__P18065,0.019189780391570904,0.0
delta1__peptide_mean__P09104,0.01918375863273478,0.0
slope1__months_since_prev_visit,0.019174158649365433,0.0
delta1__peptide_std__P08571,0.019173241707460473,0.0
rollmean2__protein_npx__P08603,0.019170658094863832,0.0
delta1__peptide_count__P05452,0.01916848137154158,0.0
lag1__protein_npx__O14791,0.01915944083959149,0.0
missing__peptide_std__Q13740,0.019125855501075772,0.0
rollmean2__peptide_mean__P23142,0.019121048176305864,0.0
delta1__protein_npx__Q9UNU6,0.019120412885876455,0.0
slope1__peptide_count__P61769,0.01909519691734845,0.0
delta1__protein_npx__Q8NE71,0.019076876757529893,0.0
slope1__peptide_mean__P54289,0.019067106166110674,0.0
peptide_mean__P05067,0.019065738606050223,0.0
slope1__peptide_mean__Q96KN2,0.01905727900566967,0.0
lag1__protein_npx__P05156,0.019033600323232844,0.0
slope1__peptide_std__P36222,0.019007783061248895,0.0
rollmean2__peptide_std__P04075,0.01898936845670022,0.0
delta1__protein_npx__P10643,0.018981275417332612,0.0
lag1__protein_npx__P00738,0.0189671698935438,0.0
delta1__peptide_count__P02452,0.018964718244388508,0.0
peptide_log__SC(UniMod_4)SPELQQK,0.018961840900192165,0.0
peptide_mean__P16152,0.018961840900192165,0.0
lag1__protein_npx__P60174,0.018959827346410666,0.0
slope1__protein_npx__P02768,0.018959344126871377,0.0
peptide_mean__Q96PD5,0.018952415605408147,0.0
peptide_mean__P04216,0.018949585315658914,0.0
rollmean2__peptide_count__P02766,0.018938565857584463,0.0
protein_npx__P02792,0.018923919716199812,0.0
lag1__peptide_count__P24592,0.018910460323533853,0.0
slope1__peptide_mean__Q99969,0.01890922370104374,0.0
rollmean2__peptide_mean__P04207,0.018896652358505746,0.0
lag1__protein_npx__P06396,0.018883116372907356,0.0
delta1__peptide_mean__Q9BY67,0.01888112249182801,0.0
delta1__peptide_mean__P54289,0.01885912749863156,0.0
lag1__peptide_std__P05090,0.018854256825104304,0.0
lag1__peptide_count__P02765,0.018841278467673455,0.0
delta1__protein_npx__Q13332,0.01884008240389158,0.0
peptide_count__P06727,0.018823833602906275,0.0
lag1__peptide_std__P00746,0.018820875281693114,0.0
slope1__peptide_std__Q96KN2,0.018818920890694646,0.0
delta1__peptide_log__LDEVKEQVAEVR,0.018814626056708455,0.0
lag1__protein_npx__P08253,0.018779696431523208,0.0
missing__peptide_log__C(UniMod_4)REILSVDC(UniMod_4)STNNPSQAK,0.018778509881583076,0.0
slope1__peptide_std__P02652,0.01873090562584633,0.0
slope1__peptide_mean__P07195,0.01872289565032727,0.0
lag1__peptide_mean__P05060,0.018716930059734273,0.0
slope1__peptide_count__Q12907,0.01870748156041688,0.0
slope1__peptide_log__SLAAAAGKQELAK,0.018697574299163657,0.0
slope1__peptide_mean__P61278,0.018697574299163657,0.0
missing__peptide_std__P02750,0.018687991871063965,0.0
protein_npx__Q96BZ4,0.018684978831288383,0.0
delta1__peptide_count__P00736,0.018656794030850788,0.0
slope1__peptide_std__P05156,0.018646983952344525,0.0
slope1__peptide_std__P01019,0.01864114220194868,0.0
lag1__protein_npx__P16870,0.018631799062382513,0.0
peptide_count__Q96KN2,0.018620039367159495,0.0
slope1__protein_npx__P10451,0.018615353897155913,0.0
slope1__peptide_log__LRTEGDGVYTLNNEK,0.018601273731952108,0.0
rollmean2__peptide_std__P02749,0.018599513466142328,0.0
protein_npx__Q06481,0.01857728749551132,0.0
missing__peptide_count__Q9UBX5,0.018565148336916488,0.0
missing__protein_npx__Q9UBX5,0.018565148336916488,0.0
missing__peptide_mean__Q9UBX5,0.018565148336916488,0.0
delta1__peptide_log__SC(UniMod_4)DTPPPC(UniMod_4)PR,0.018563821028877457,0.0
peptide_mean__O14498,0.018544695845803056,0.0
peptide_std__P02774,0.018539508563225126,0.0
missing__peptide_log__DSGFQM(UniMod_35)NQLR,0.018538976195346262,0.0
protein_npx__P04075,0.01853748048966908,0.0
delta1__peptide_count__P00738,0.018534684726852213,0.0
slope1__peptide_mean__P02748,0.018533809651981828,0.0
lag1__peptide_mean__P04216,0.018529609118474143,0.0
missing__peptide_log__TTPPVLDSDGSFFLYSK,0.01852882998392129,0.0
protein_npx__Q14624,0.018512036446175096,0.0
slope1__peptide_mean__P02749,0.018503656685910856,0.0
lag1__protein_npx__P09871,0.018502713582997505,0.0
peptide_log__DASGVTFTWTPSSGK,0.018486994210805456,0.0
delta1__peptide_mean__P01019,0.018484203447152212,0.0
slope1__peptide_std__P07602,0.018482580969970495,0.0
rollmean2__peptide_mean__P09486,0.018475320744460698,0.0
protein_npx__Q6UX71,0.018473076518375715,0.0
slope1__peptide_count__P02675,0.018447769719297544,0.0
delta1__peptide_mean__P02763,0.018426664525117653,0.0
delta1__peptide_log__NFPPSQDASGDLYTTSSQLTLPATQC(UniMod_4)PDGK,0.01841261506056866,0.0
slope1__peptide_mean__P09486,0.018408362038147406,0.0
peptide_std__Q6UXB8,0.018403150207971754,0.0
lag1__peptide_mean__P01833,0.01840072542846974,0.0
missing__protein_npx__P23083,0.01839385409966917,0.0
missing__peptide_count__P23083,0.01839385409966917,0.0
missing__peptide_mean__P23083,0.01839385409966917,0.0
lag1__peptide_count__P51884,0.018379697618280223,0.0
lag1__peptide_std__P01011,0.018378211398522207,0.0
delta1__peptide_mean__P00738,0.018369510993299698,0.0
rollmean2__protein_npx__P06681,0.018357398955654636,0.0
slope1__peptide_std__P02647,0.018330452958296817,0.0
peptide_std__P02751,0.018317775020956162,0.0
slope1__protein_npx__P31997,0.01830222215228739,0.0
delta1__protein_npx__P61278,0.018301164018045428,0.0
delta1__protein_npx__P06310,0.018281667948996085,0.0
peptide_mean__P04211,0.01827790034070112,0.0
slope1__protein_npx__P02792,0.018275241223162438,0.0
slope1__peptide_mean__P60174,0.018272082881423773,0.0
slope1__peptide_count__P14314,0.018269806496453173,0.0
lag1__peptide_mean__P02753,0.018264227117156438,0.0
peptide_std__P08571,0.018252900319316465,0.0
delta1__peptide_log__GC(UniMod_4)PTEEGC(UniMod_4)GER,0.018241543295296616,0.0
missing__peptide_log__SLAELGGHLDQQVEEFRR,0.018233755630782666,0.0
slope1__protein_npx__Q14508,0.018205004927101524,0.0
slope1__peptide_log__LDEVKEQVAEVR,0.018193166342287008,0.0
slope1__protein_npx__P05090,0.018187101157301495,0.0
rollmean2__peptide_log__C(UniMod_4)SYTEDAQC(UniMod_4)IDGTIEVPK,0.0181793922406099,0.0
rollmean2__peptide_count__P02647,0.018173407088707842,0.0
delta1__peptide_mean__P16035,0.01816910957078474,0.0
delta1__peptide_log__NFPPSQDASGDLYTTSSQLTLPATQC(UniMod_4)LAGK,0.0181614791822383,0.0
rollmean2__peptide_mean__Q9UHG2,0.018142784872254528,0.0
missing__protein_npx__P02655,0.01813710191244377,0.0
missing__peptide_count__P02655,0.01813710191244377,0.0
missing__peptide_mean__P02655,0.01813710191244377,0.0
rollmean2__peptide_mean__O00533,0.018129702340893637,0.0
peptide_mean__P02675,0.01812447161031256,0.0
protein_npx__P49588,0.018107915418917105,0.0
rollmean2__protein_npx__P49908,0.018105864234822657,0.0
slope1__peptide_count__P02768,0.0181031861155846,0.0
delta1__peptide_log__AVLPTGDVIGDSAK,0.018093499797252426,0.0
rollmean2__peptide_log__MYYSAVDPTKDIFTGLIGPM(UniMod_35)K,0.018088544951771594,0.0
delta1__peptide_count__P30086,0.018086470535942947,0.0
delta1__peptide_mean__P01031,0.01808564800048751,0.0
delta1__peptide_count__Q96KN2,0.018083411789318465,0.0
rollmean2__peptide_count__P36955,0.01806915134405552,0.0
lag1__protein_npx__O14773,0.018067202798917797,0.0
peptide_mean__P54289,0.01802207228115252,0.0
rollmean2__protein_npx__P05067,0.0180160611713572,0.0
delta1__protein_npx__Q08380,0.018011796617629888,0.0
slope1__protein_npx__P61278,0.018003402069193465,0.0
missing__peptide_std__P06681,0.017987055046522805,0.0
rollmean2__peptide_std__P01011,0.017945013824543207,0.0
rollmean2__peptide_count__P01009,0.0179347745779206,0.0
protein_npx__Q7Z3B1,0.01792206085544363,0.0
delta1__current_medication_unknown,0.017903400827604974,0.0
rollmean2__peptide_log__NPDPWAK,0.017878502624558208,0.0
slope1__peptide_std__P16870,0.01787545619201249,0.0
lag1__peptide_std__P01023,0.017872361047076867,0.0
missing__peptide_std__P43121,0.01784139263150544,0.0
slope1__protein_npx__P04004,0.017797377982475382,0.0
delta1__peptide_count__P16070,0.017788241263889868,0.0
slope1__peptide_std__P19823,0.01778809396605848,0.0
rollmean2__peptide_mean__P13473,0.01778756706338236,0.0
slope1__peptide_std__Q13740,0.017781880776098227,0.0
delta1__peptide_log__VGYVSGWGR,0.017775386231283444,0.0
slope1__peptide_mean__P02675,0.017756801220926488,0.0
peptide_count__P00748,0.017746250589614477,0.0
delta1__peptide_std__Q96KN2,0.01774404756726498,0.0
delta1__peptide_mean__P08123,0.017742062728157697,0.0
protein_npx__Q16270,0.017732589273981806,0.0
lag1__protein_npx__Q6UX71,0.017721806541847435,0.0
rollmean2__peptide_log__DASGVTFTWTPSSGK,0.017719665075758617,0.0
delta1__peptide_mean__O14498,0.017713221382411538,0.0
lag1__protein_npx__P01011,0.01770068658469594,0.0
rollmean2__peptide_count__P55290,0.017686849558189516,0.0
delta1__peptide_mean__Q13449,0.017669314283221063,0.0
lag1__peptide_count__P02766,0.017653461392441956,0.0
lag1__peptide_count__Q14118,0.017647538213614783,0.0
delta1__protein_npx__P08637,0.01764194151093195,0.0
delta1__protein_npx__O60888,0.017639864900169628,0.0
rollmean2__peptide_mean__P16870,0.017628218077957097,0.0
delta1__peptide_mean__Q13740,0.017627225802277838,0.0
peptide_mean__P05060,0.017621847998959873,0.0
peptide_mean__O43505,0.01762037075457592,0.0
slope1__protein_npx__P04207,0.01760596224894476,0.0
lag1__peptide_mean__P01008,0.01759906987122743,0.0
delta1__peptide_abundance_min,0.01759832769068839,0.0
lag1__peptide_log__TQVNTQAEQLRR,0.01759457341540666,0.0
slope1__peptide_log__RTPITVVK,0.01759233694633951,0.0
delta1__peptide_count__P00746,0.01757795379089131,0.0
lag1__protein_npx__P00450,0.01756007157447795,0.0
rollmean2__peptide_count__P54289,0.017558605074268156,0.0
missing__peptide_log__LSNENHGIAQR,0.017548330514341473,0.0
peptide_std__P02748,0.017520014681119033,0.0
slope1__peptide_log__LQAEAFQAR,0.017517443722712432,0.0
delta1__peptide_mean__P06727,0.017516192697271865,0.0
protein_npx__Q14118,0.017508858376530868,0.0
delta1__peptide_count__Q06481,0.017508512459686897,0.0
slope1__peptide_mean__O00533,0.017502090519088916,0.0
lag1__protein_npx__P43251,0.01749167505919535,0.0
slope1__protein_npx__Q13740,0.01744650656737152,0.0
protein_npx__P01023,0.017443511466756184,0.0
lag1__peptide_mean__P02671,0.017440442366954932,0.0
rollmean2__protein_npx__P02750,0.017440331876268575,0.0
rollmean2__protein_npx__P01780,0.017428044951888065,0.0
delta1__protein_npx__P36955,0.017423882074305633,0.0
protein_npx__Q9UBX5,0.01738780938236223,0.0
rollmean2__peptide_abundance_min,0.01738613700564982,0.0
rollmean2__protein_npx__P02652,0.017378831668628168,0.0
slope1__peptide_mean__P10909,0.017378326385661644,0.0
slope1__peptide_mean__P19652,0.01736987135320237,0.0
slope1__peptide_log__KAADDTWEPFASGK,0.01735044872737894,0.0
delta1__peptide_log__SELEEQLTPVAEETR,0.01733791226392179,0.0
delta1__peptide_mean__P36222,0.01732370044639842,0.0
rollmean2__peptide_log__SSQGGSLPSEEK,0.017312402860073864,0.0
missing__peptide_std__P02452,0.017301770161516104,0.0
peptide_count__P05452,0.01727719447457263,0.0
slope1__peptide_mean__P01008,0.01726752726032691,0.0
rollmean2__peptide_std__P08571,0.0172593284720431,0.0
lag1__protein_npx__Q06481,0.017240636025984146,0.0
rollmean2__peptide_count__Q96KN2,0.01722634969868498,0.0
delta1__peptide_std__P23142,0.017216329222380953,0.0
lag1__peptide_std__P54289,0.01719693113886378,0.0
lag1__peptide_count__Q12841,0.01719400648406366,0.0
lag1__peptide_std__P00747,0.017182958647853686,0.0
lag1__peptide_std__P02753,0.01717789429004129,0.0
delta1__peptide_std__P25311,0.017164342673654423,0.0
rollmean2__peptide_std__P61769,0.01715820221102002,0.0
peptide_mean__P06310,0.01713672523874493,0.0
delta1__protein_npx__P01009,0.01710803821729027,0.0
delta1__peptide_mean__P01780,0.017102324580511547,0.0
slope1__peptide_mean__P23142,0.017101515375277536,0.0
lag1__peptide_count__P02675,0.01709630714322898,0.0
slope1__peptide_count__P04004,0.017076148382189862,0.0
lag1__peptide_count__P27169,0.017072721343943404,0.0
rollmean2__peptide_std__P18065,0.01706946726459323,0.0
missing__peptide_mean__Q6UXD5,0.01706851437104922,0.0
missing__protein_npx__Q6UXD5,0.01706851437104922,0.0
missing__peptide_count__Q6UXD5,0.01706851437104922,0.0
lag1__peptide_log__LRTEGDGVYTLNNEK,0.01706562765486063,0.0
protein_npx__P18065,0.01706444128479512,0.0
lag1__peptide_mean__O15394,0.017053919482676618,0.0
slope1__protein_npx__P02679,0.017052771215983566,0.0
lag1__peptide_log__VQAAVGTSAAPVPSDNH,0.017052269079545993,0.0
rollmean2__peptide_count__P00748,0.01705173689242562,0.0
slope1__peptide_log__C(UniMod_4)IIEVLSNALSK,0.017040478872224988,0.0
delta1__protein_npx__Q14515,0.017022294347190797,0.0
lag1__peptide_mean__P10643,0.017015420630916073,0.0
lag1__protein_npx__P10909,0.017010090051514784,0.0
delta1__protein_npx__P02747,0.016995282381978134,0.0
slope1__peptide_count__P10643,0.016992962204027618,0.0
protein_npx__P20774,0.016965442447314655,0.0
delta1__protein_npx__P01608,0.01694399146820625,0.0
delta1__peptide_mean__P01011,0.016938574699225568,0.0
peptide_log__YIVSGTPTFVPYLIK,0.016938408786106713,0.0
delta1__protein_feature_count,0.01693512942912386,0.0
delta1__protein_missing_fraction,0.016935129429123844,0.0
peptide_log__SSQGGSLPSEEK,0.01692918647678504,0.0
slope1__peptide_std__P41222,0.016923690254263796,0.0
delta1__protein_npx__P09871,0.016901894369185794,0.0
delta1__protein_npx__P98160,0.016895034788057584,0.0
rollmean2__peptide_mean__P01834,0.016885427932395048,0.0
peptide_log__HGGLYHENMR,0.016881625856229612,0.0
rollmean2__peptide_mean__P04156,0.016875509053891177,0.0
protein_npx__Q9NYU2,0.01687500243669172,0.0
slope1__protein_npx__Q7Z3B1,0.016863786389980297,0.0
rollmean2__peptide_count__P98160,0.016854891935340042,0.0
missing__protein_npx__Q14118,0.016850744055915787,0.0
missing__peptide_count__Q14118,0.016850744055915787,0.0
missing__peptide_mean__Q14118,0.016850744055915787,0.0
lag1__protein_npx__P16152,0.01684451828363523,0.0
peptide_mean__P25311,0.01681412457249766,0.0
delta1__peptide_std__P00747,0.016812948925584676,0.0
delta1__protein_npx__Q02818,0.016768214494788214,0.0
rollmean2__protein_npx__P04433,0.01675824616395829,0.0
peptide_count__P02760,0.016757810913066475,0.0
peptide_count__Q92876,0.016744947896295475,0.0
slope1__peptide_log__IMNGEADAMSLDGGFVYIAGK,0.016729482245216924,0.0
delta1__peptide_mean__P12109,0.01672674613187319,0.0
slope1__peptide_std__P05090,0.016721253953533015,0.0
peptide_mean__P01608,0.016706730622552186,0.0
delta1__peptide_count__Q9UBX5,0.016701899445000744,0.0
delta1__peptide_mean__Q13332,0.01669516531816727,0.0
delta1__peptide_count__P08294,0.016692020050081517,0.0
slope1__protein_npx__P36222,0.016688406401342934,0.0
rollmean2__protein_npx__P16035,0.016683098161801312,0.0
slope1__protein_npx__P09871,0.016679201841303625,0.0
rollmean2__peptide_log__LDEVKEQVAEVR,0.016675530143166407,0.0
protein_npx__P05060,0.01666421931430421,0.0
lag1__protein_npx__P08133,0.016655640599380118,0.0
rollmean2__peptide_std__P06396,0.01664744199519721,0.0
slope1__peptide_mean__P02751,0.016630877046213896,0.0
slope1__protein_npx__P01023,0.016618390978900832,0.0
delta1__peptide_mean__P61626,0.0166162380629683,0.0
lag1__peptide_count__P00747,0.016614443779502407,0.0
rollmean2__peptide_mean__P07858,0.01661162750707723,0.0
rollmean2__protein_npx__Q7Z3B1,0.016609367986588998,0.0
lag1__protein_npx__P12109,0.016596952457072246,0.0
slope1__protein_npx__P35542,0.01657569986100639,0.0
rollmean2__protein_npx__P19652,0.01657306678727575,0.0
slope1__peptide_mean__P05155,0.0165601297905947,0.0
lag1__peptide_log__SSQGGSLPSEEK,0.016559550719954484,0.0
peptide_count__P01860,0.016519479488999764,0.0
delta1__peptide_log__WELALGR,0.016516799146315885,0.0
slope1__peptide_log__AATGEC(UniMod_4)TATVGKR,0.016511298027013913,0.0
slope1__peptide_count__Q12805,0.01650171707211183,0.0
lag1__peptide_mean__O14498,0.016483712413101762,0.0
lag1__peptide_log__MYYSAVDPTKDIFTGLIGPM(UniMod_35)K,0.016450921059441827,0.0
delta1__peptide_mean__P24592,0.01644742972338772,0.0
protein_npx__Q13740,0.016425219822144354,0.0
rollmean2__peptide_count__P08294,0.016416212751482435,0.0
peptide_mean__P04275,0.01639647481889996,0.0
peptide_count__Q14118,0.016393075106761086,0.0
protein_npx__P06396,0.01638684574583933,0.0
rollmean2__peptide_log__VDNALQSGNSQESVTEQDSKDSTYSLSSTLTLSK,0.016378447876158227,0.0
slope1__peptide_log__LFDSDPITVTVPVEVSR,0.01636945678690146,0.0
lag1__peptide_mean__Q96S96,0.016368364917099497,0.0
peptide_mean__P09486,0.016365958793682515,0.0
slope1__protein_npx__P01344,0.016360478889644772,0.0
slope1__peptide_mean__P01042,0.016338185131108723,0.0
slope1__peptide_std__P04433,0.016331894926706406,0.0
delta1__peptide_log__C(UniMod_4)KPVNTFVHEPLVDVQNVC(UniMod_4)FQEK,0.016313427391262975,0.0
protein_npx__P13591,0.01630096838574516,0.0
rollmean2__protein_npx__Q12805,0.016289848428572257,0.0
slope1__peptide_mean__Q92876,0.016289347247352596,0.0
peptide_mean__Q12841,0.016267015729738633,0.0
delta1__peptide_std__P00751,0.016233069227935475,0.0
lag1__protein_npx__P02452,0.016219113996204626,0.0
missing__peptide_count__Q99683,0.016210055300093444,0.0
missing__peptide_mean__Q99683,0.016210055300093444,0.0
missing__protein_npx__Q99683,0.016210055300093444,0.0
delta1__peptide_mean__P49908,0.01620462908615031,0.0
lag1__peptide_std__P18065,0.016196980972098384,0.0
protein_npx__P04196,0.016186295970749318,0.0
slope1__peptide_mean__P16070,0.016177535735861125,0.0
rollmean2__peptide_std__P05452,0.016150091673104803,0.0
peptide_std__Q92876,0.016143371311281088,0.0
slope1__peptide_log__SC(UniMod_4)SPELQQK,0.01612397669908262,0.0
slope1__peptide_mean__P16152,0.01612397669908262,0.0
protein_npx__P19827,0.016117861317031187,0.0
rollmean2__peptide_mean__P31997,0.016106605534203573,0.0
rollmean2__peptide_mean__P02671,0.016094468660822123,0.0
missing__peptide_log__LRTEGDGVYTLNNEK,0.01608482687418268,0.0
lag1__peptide_mean__P31997,0.016073607740177347,0.0
delta1__peptide_count__Q92876,0.01606840027249012,0.0
slope1__peptide_count__Q92876,0.01606840027249011,0.0
lag1__peptide_mean__Q7Z3B1,0.016068089908867492,0.0
peptide_mean__Q14508,0.01606320754565552,0.0
slope1__protein_npx__P01859,0.016033363421005153,0.0
slope1__protein_npx__Q14118,0.01602651094739801,0.0
lag1__protein_npx__P02675,0.01602330150232837,0.0
rollmean2__peptide_count__P00746,0.01595727921728984,0.0
lag1__peptide_log__LSNENHGIAQR,0.015953397268036122,0.0
rollmean2__peptide_std__P00441,0.015932377358937964,0.0
lag1__protein_npx__P07858,0.01592505445426517,0.0
rollmean2__peptide_mean__P49588,0.01592126042396527,0.0
lag1__current_updrs_3,0.015893405653237786,0.0
lag1__peptide_std__P01019,0.015879652719656887,0.0
lag1__peptide_std__P00738,0.01586187713731213,0.0
slope1__peptide_log__TPLGDTTHTC(UniMod_4)PR,0.015857850294968286,0.0
protein_npx__P14618,0.015857643825364132,0.0
peptide_count__P04075,0.015849469877473668,0.0
lag1__peptide_mean__P12109,0.015847939519245815,0.0
lag1__peptide_std__P02765,0.01584412500890367,0.0
slope1__peptide_std__P00441,0.01583275281494883,0.0
delta1__peptide_count__P02751,0.015805862085394952,0.0
rollmean2__protein_npx__P05060,0.015804844507075005,0.0
slope1__protein_npx__Q96BZ4,0.01580209174829002,0.0
delta1__peptide_mean__P02750,0.015734343104135875,0.0
peptide_mean__P07195,0.01572518171394257,0.0
peptide_log__ANRPFLVFIR,0.01571115086795331,0.0
slope1__peptide_count__P00746,0.015698997411057965,0.0
lag1__peptide_log__ELSSFIDKGQELC(UniMod_4)ADYSENTFTEYK,0.015676739270580786,0.0
missing__peptide_std__O15394,0.0156716020044695,0.0
rollmean2__peptide_log__AATGEC(UniMod_4)TATVGKR,0.015669982088281856,0.0
peptide_count__P30086,0.01566060385238347,0.0
delta1__peptide_mean__P06681,0.015652900707570208,0.0
delta1__protein_npx__P02766,0.015647370078601053,0.0
lag1__peptide_count__P04433,0.01564692954017909,0.0
lag1__peptide_std__P16070,0.01564259227594198,0.0
slope1__peptide_std__P05067,0.015631007503793315,0.0
delta1__protein_npx__Q14624,0.015623708864314119,0.0
slope1__peptide_mean__P10643,0.015609239983582976,0.0
lag1__peptide_std__Q96KN2,0.015604663231499795,0.0
missing__protein_npx__P14618,0.01560256237180038,0.0
missing__peptide_mean__P14618,0.01560256237180038,0.0
missing__peptide_count__P14618,0.01560256237180038,0.0
peptide_std__Q9Y6R7,0.01559755685727057,0.0
slope1__peptide_count__P00738,0.015566093637494121,0.0
slope1__peptide_std__P01857,0.015554375956265576,0.0
rollmean2__protein_npx__Q14624,0.015539940028220536,0.0
slope1__peptide_count__P01859,0.015536069069198853,0.0
lag1__peptide_count__P19652,0.015533951155336621,0.0
rollmean2__peptide_mean__P02675,0.01552964471729235,0.0
slope1__peptide_std__P04004,0.015525839547577724,0.0
delta1__protein_npx__P01857,0.015520027808500689,0.0
rollmean2__protein_npx__P06310,0.015511226575382935,0.0
delta1__peptide_std__P07711,0.015509968683816409,0.0
rollmean2__peptide_log__LGPLVEQGRVR,0.015502144215256915,0.0
delta1__protein_npx__Q12841,0.015490802133741075,0.0
lag1__peptide_log__AKLEEQAQQIR,0.015483786291379486,0.0
delta1__peptide_count__P04180,0.015457378867881493,0.0
protein_npx__P04211,0.01544855578227795,0.0
slope1__peptide_mean__P13987,0.015402698494989191,0.0
lag1__peptide_mean__O60888,0.015395072688585474,0.0
lag1__peptide_mean__Q14508,0.015385290179653047,0.0
slope1__peptide_count__P01019,0.015374641214445869,0.0
slope1__peptide_std__P02675,0.015353386180321092,0.0
delta1__peptide_mean__P01009,0.015351006965190338,0.0
slope1__peptide_mean__Q13283,0.015345575823332925,0.0
delta1__protein_npx__Q9Y6R7,0.015338237285470534,0.0
rollmean2__peptide_count__P06396,0.01532883927782649,0.0
rollmean2__peptide_std__P01023,0.015325156897994512,0.0
slope1__peptide_mean__Q9NQ79,0.015313385115601787,0.0
peptide_mean__Q7Z5P9,0.015304909233599846,0.0
lag1__protein_npx__P08697,0.015303779712983873,0.0
delta1__peptide_mean__O00584,0.015280800516622749,0.0
delta1__protein_npx__P24592,0.01527414494827978,0.0
peptide_mean__P39060,0.015260529913799356,0.0
rollmean2__peptide_mean__P14314,0.015256933481761747,0.0
missing__peptide_count__P00746,0.015249619625662358,0.0
missing__peptide_mean__P00746,0.015249619625662358,0.0
missing__protein_npx__P00746,0.015249619625662358,0.0
slope1__peptide_log__ATVNPSAPR,0.015249326020725033,0.0
slope1__peptide_mean__P06681,0.015247999173272344,0.0
delta1__protein_npx__P02675,0.01524157012184706,0.0
peptide_mean__P02751,0.015225298372250486,0.0
peptide_log__LGADM(UniMod_35)EDVC(UniMod_4)GR,0.015186588264581084,0.0
rollmean2__protein_npx__Q9HDC9,0.015184109694381826,0.0
slope1__peptide_mean__P00450,0.015182986952582907,0.0
missing__peptide_log__LDEVKEQVAEVR,0.015180495528952818,0.0
missing__peptide_log__M(UniMod_35)YLGYEYVTAIR,0.015176514821240408,0.0
slope1__protein_npx__P02747,0.015168365265025414,0.0
protein_npx__P13987,0.015154969848935643,0.0
peptide_mean__P01876,0.015153999134322587,0.0
lag1__peptide_count__P09486,0.015137733563610884,0.0
slope1__peptide_mean__P01833,0.015118944718307796,0.0
peptide_count__P01876,0.01510899594207722,0.0
delta1__protein_npx__P01034,0.015102909489148681,0.0
lag1__peptide_std__P02679,0.015102162963444694,0.0
peptide_log__C(UniMod_4)SYTEDAQC(UniMod_4)IDGTIEVPK,0.015096065426606076,0.0
peptide_mean__P08294,0.015084511735628291,0.0
missing__peptide_count__Q8NBJ4,0.01508405302389686,0.0
missing__protein_npx__Q8NBJ4,0.01508405302389686,0.0
missing__peptide_mean__Q8NBJ4,0.01508405302389686,0.0
delta1__peptide_count__P36955,0.01504879539026813,0.0
peptide_mean__Q9NYU2,0.015046711337813847,0.0
protein_npx__P01034,0.015042518707351593,0.0
peptide_log__HYDGSYSTFGER,0.015028235287973014,0.0
lag1__peptide_mean__P54289,0.015026000044592395,0.0
delta1__peptide_count__P01008,0.015011295295883069,0.0
rollmean2__peptide_count__P02763,0.015008895379313601,0.0
lag1__peptide_mean__Q13449,0.015007619778468383,0.0
slope1__peptide_log__C(UniMod_4)REILSVDC(UniMod_4)STNNPSQAK,0.014967842459464276,0.0
lag1__peptide_count__P08571,0.014955459655296415,0.0
lag1__peptide_mean__P01023,0.01495183588857031,0.0
rollmean2__peptide_std__P41222,0.014949184248471602,0.0
delta1__peptide_count__P14314,0.014947181322588965,0.0
slope1__protein_npx__Q9UBR2,0.014942488221668087,0.0
peptide_mean__Q96BZ4,0.014933497053043969,0.0
slope1__peptide_mean__Q9UBX5,0.014928165806413176,0.0
delta1__peptide_mean__O14773,0.014927220373397762,0.0
slope1__peptide_log__GYQLSDVDGVTC(UniMod_4)EDIDEC(UniMod_4)ALPTGGHIC(UniMod_4)SYR,0.014924942053198845,0.0
peptide_count__P08294,0.014902290657144936,0.0
delta1__peptide_mean__Q8NE71,0.014891697538049368,0.0
delta1__peptide_mean__P19652,0.014877449008474094,0.0
delta1__protein_npx__P14314,0.014854425490196985,0.0
rollmean2__protein_npx__P24592,0.01484174436693692,0.0
peptide_std__P02452,0.0148394761231984,0.0
lag1__peptide_std__Q12805,0.014829359685810119,0.0
rollmean2__peptide_mean__P05067,0.014816048337460062,0.0
rollmean2__peptide_log__TPLGDTTHTC(UniMod_4)PR,0.014815075574315459,0.0
lag1__peptide_count__P07998,0.01476231156429757,0.0
lag1__peptide_mean__Q9UBR2,0.014761736358912276,0.0
lag1__protein_npx__P02655,0.014751605231597577,0.0
delta1__peptide_count__P14618,0.01474804403865978,0.0
rollmean2__protein_npx__Q92520,0.014746417924619643,0.0
lag1__peptide_mean__P24592,0.014743551822736631,0.0
peptide_std__P01034,0.014741705346145849,0.0
slope1__peptide_mean__P07858,0.014735476283995472,0.0
rollmean2__protein_npx__P09104,0.014731616296053645,0.0
delta1__peptide_std__P08697,0.01472074504531775,0.0
lag1__protein_npx__O00391,0.0147140803105408,0.0
delta1__peptide_std__P04180,0.014708150146265732,0.0
delta1__peptide_log__IMNGEADAMSLDGGFVYIAGK,0.014699527337089305,0.0
slope1__peptide_log__DSGFQM(UniMod_35)NQLR,0.014695706418123558,0.0
missing__peptide_log__TPVSDRVTK,0.014693925576617542,0.0
rollmean2__protein_npx__O75326,0.014689378373985231,0.0
protein_npx__Q16610,0.014682422903372806,0.0
missing__protein_npx__P07195,0.01466639353270657,0.0
missing__peptide_mean__P07195,0.01466639353270657,0.0
missing__peptide_count__P07195,0.01466639353270657,0.0
rollmean2__protein_npx__P60174,0.014658544591670394,0.0
peptide_count__P98160,0.014655335475712133,0.0
missing__peptide_log__RTPITVVK,0.014639751419910186,0.0
rollmean2__peptide_mean__P08603,0.01463340842102182,0.0
delta1__peptide_log__VLLDQLR,0.014629974622427594,0.0
delta1__peptide_mean__Q9HDC9,0.014629974622427594,0.0
slope1__peptide_mean__O14791,0.014611939467775333,0.0
rollmean2__peptide_count__Q13740,0.014610649398193457,0.0
delta1__peptide_std__P17174,0.01460074133512821,0.0
lag1__protein_npx__P01621,0.014592686940848238,0.0
peptide_mean__P61278,0.014583578402603898,0.0
peptide_log__SLAAAAGKQELAK,0.014583578402603898,0.0
lag1__peptide_count__P02679,0.01457188959738283,0.0
rollmean2__peptide_log__VGYVSGWGR,0.014554147801284948,0.0
peptide_mean__O75144,0.014539302624858964,0.0
missing__peptide_log__YIVSGTPTFVPYLIK,0.014536437006807864,0.0
slope1__peptide_count__P05546,0.014532231007745642,0.0
delta1__peptide_mean__P61278,0.01452637253859089,0.0
delta1__peptide_log__SLAAAAGKQELAK,0.01452637253859089,0.0
peptide_mean__P55290,0.014522218610497056,0.0
rollmean2__peptide_mean__O14773,0.014518029993575543,0.0
peptide_count__P01034,0.014510605648312651,0.0
missing__protein_npx__P13591,0.014508526359406632,0.0
missing__peptide_mean__P13591,0.014508526359406632,0.0
missing__peptide_count__P13591,0.014508526359406632,0.0
slope1__peptide_std__P07998,0.014503203422135003,0.0
delta1__peptide_log__MASGAANVVGPK,0.014500618931625332,0.0
slope1__peptide_std__P02750,0.014493109574329229,0.0
slope1__peptide_mean__P61626,0.01448083130698927,0.0
slope1__peptide_mean__P02679,0.014466566743343807,0.0
slope1__peptide_count__P04433,0.014450483965596195,0.0
slope1__protein_npx__P49908,0.014425307767514033,0.0
slope1__peptide_mean__P01591,0.014414316691620207,0.0
rollmean2__peptide_mean__P16070,0.014410380589130262,0.0
delta1__peptide_mean__P16070,0.01440332393552357,0.0
delta1__peptide_mean__Q6UXB8,0.014391634112634454,0.0
missing__peptide_mean__P98160,0.014379586302762365,0.0
missing__protein_npx__P98160,0.014379586302762365,0.0
missing__peptide_count__P98160,0.014379586302762365,0.0
delta1__peptide_count__P10909,0.014377485975169893,0.0
rollmean2__protein_npx__P61626,0.014361425005041907,0.0
protein_npx__O00533,0.014359002500311354,0.0
slope1__protein_npx__P01861,0.014355233602545559,0.0
rollmean2__protein_npx__P10909,0.014354022872003862,0.0
slope1__peptide_log__SGEATDGARPQALPEPMQESK,0.014350181390152567,0.0
slope1__peptide_mean__P51884,0.014342147229266826,0.0
delta1__peptide_log__LGQSLDC(UniMod_4)NAEVYVVPWEK,0.014335247228937014,0.0
delta1__peptide_log__C(UniMod_4)C(UniMod_4)VEC(UniMod_4)PPC(UniMod_4)PAPPVAGPSVFLFPPKPK,0.014333746650078019,0.0
delta1__protein_npx__O14498,0.01432925980186002,0.0
delta1__protein_npx__P25311,0.01432813836094708,0.0
peptide_mean__Q92876,0.01432312069185572,0.0
rollmean2__peptide_log__YIVSGTPTFVPYLIK,0.014320223015986535,0.0
rollmean2__peptide_mean__Q96S96,0.014289572486348903,0.0
slope1__protein_npx__Q562R1,0.014286935446282348,0.0
delta1__peptide_log__DASGVTFTWTPSSGK,0.014271187601537704,0.0
slope1__peptide_mean__P01024,0.014252647575502219,0.0
lag1__peptide_log__EILSVDC(UniMod_4)STNNPSQAK,0.014238650950883485,0.0
peptide_count__P36955,0.014237048443214322,0.0
delta1__protein_npx__P01780,0.014228763072965165,0.0
rollmean2__protein_npx__P39060,0.01422201682501237,0.0
slope1__peptide_log__ELSSFIDKGQELC(UniMod_4)ADYSENTFTEYK,0.014204454767057197,0.0
delta1__protein_npx__P02649,0.01420340681728385,0.0
delta1__peptide_log__GYQLSDVDGVTC(UniMod_4)EDIDEC(UniMod_4)ALPTGGHIC(UniMod_4)SYR,0.014202883514915903,0.0
delta1__peptide_mean__P01859,0.01420107686708418,0.0
lag1__peptide_missing_fraction,0.014200963548718436,0.0
lag1__peptide_feature_count,0.01420096354871842,0.0
rollmean2__peptide_log__TM(UniMod_35)LLQPAGSLGSYSYR,0.014198819449291923,0.0
slope1__peptide_log__NPDSSTTGPWC(UniMod_4)YTTDPTVR,0.014181233236598733,0.0
rollmean2__protein_npx__P01608,0.01414892024873932,0.0
rollmean2__peptide_mean__P01876,0.014144192717586136,0.0
slope1__peptide_log__SWFEPLVEDM(UniMod_35)QR,0.01413722116251957,0.0
peptide_mean__P01011,0.014129060547736468,0.0
rollmean2__peptide_std__P39060,0.014121949568125475,0.0
peptide_log__TDASDVKPC(UniMod_4),0.014117803280380918,0.0
delta1__peptide_mean__P02671,0.014117335052956786,0.0
peptide_log__LGPLVEQGRVR,0.014095030913626069,0.0
rollmean2__peptide_std__P01876,0.014091003604292,0.0
peptide_count__P02749,0.014073273573357404,0.0
delta1__peptide_count__P07602,0.01406386020307937,0.0
peptide_mean__P16070,0.0140556751054444,0.0
lag1__peptide_mean__P11277,0.014051763077174876,0.0
delta1__peptide_observation_count,0.014050479927770516,0.0
missing__peptide_log__FLATTPNSLLVSWQPPR,0.014043153897679779,0.0
peptide_std__P02749,0.014040034563190626,0.0
peptide_log__KQELSEAEQATR,0.014039530984065901,0.0
peptide_count__P04217,0.01403751573864523,0.0
rollmean2__protein_npx__P11142,0.01402050116513877,0.0
rollmean2__protein_npx__P01023,0.014008912402102747,0.0
delta1__peptide_mean__Q13451,0.013997340589949213,0.0
peptide_mean__Q9UKV8,0.013994749404629907,0.0
lag1__peptide_count__P36222,0.013991627705832347,0.0
peptide_log__IMNGEADAMSLDGGFVYIAGK,0.013964461303871146,0.0
lag1__peptide_count__P02452,0.013960808680306209,0.0
delta1__protein_npx__P14618,0.013951649472663615,0.0
slope1__protein_npx__P08253,0.01392657381890154,0.0
delta1__protein_npx__P08133,0.013891933385984552,0.0
rollmean2__peptide_count__Q96PD5,0.013884908220414587,0.0
slope1__peptide_mean__P02792,0.013884645098085735,0.0
lag1__peptide_std__P25311,0.013853037696438083,0.0
lag1__peptide_count__P02774,0.013849382939216143,0.0
lag1__protein_npx__P01023,0.013824780087612008,0.0
missing__peptide_log__KFPSGTFEQVSQLVK,0.01381097808921625,0.0
protein_npx__P07858,0.013803619244676896,0.0
slope1__peptide_std__P51884,0.013803378877152491,0.0
delta1__peptide_mean__P04217,0.013795250440007366,0.0
protein_npx__P11142,0.013794382048060012,0.0
rollmean2__peptide_mean__Q96BZ4,0.013791595150563017,0.0
delta1__peptide_count__P51884,0.013790066339493557,0.0
lag1__peptide_count__P02753,0.013780705439008908,0.0
rollmean2__protein_npx__P08123,0.013761324005962867,0.0
rollmean2__protein_npx__P32754,0.013745764305264328,0.0
delta1__protein_npx__P02787,0.013736563289958186,0.0
lag1__peptide_mean__P02768,0.013735627524985826,0.0
lag1__peptide_std__Q16610,0.013721522924098156,0.0
delta1__peptide_mean__P02679,0.013721256976755646,0.0
peptide_log__ELSSFIDKGQELC(UniMod_4)ADYSENTFTEYK,0.013711493758922081,0.0
delta1__peptide_mean__P07339,0.013710615758746134,0.0
rollmean2__protein_npx__P43121,0.013707607511185662,0.0
rollmean2__peptide_std__P25311,0.013704651664727997,0.0
delta1__peptide_mean__P02774,0.013704345630514614,0.0
delta1__protein_npx__P02748,0.013695222420822653,0.0
rollmean2__peptide_count__P02768,0.013694882430234836,0.0
peptide_count__P00738,0.013686384302943817,0.0
delta1__protein_npx__Q7Z3B1,0.01368052214390764,0.0
delta1__peptide_log__RLEGQEEEEDNRDSSMK,0.013677342918346602,0.0
lag1__peptide_mean__P08493,0.013674842867516728,0.0
peptide_std__P00450,0.013668837572474203,0.0
peptide_count__P00736,0.01364533127879615,0.0
slope1__peptide_missing_fraction,0.013634747781389438,0.0
slope1__peptide_feature_count,0.013634747781388417,0.0
rollmean2__peptide_log__ELSSFIDKGQELC(UniMod_4)ADYSENTFTEYK,0.01360261296763231,0.0
slope1__protein_npx__P13987,0.013602253853869884,0.0
protein_npx__P01011,0.013596604476901277,0.0
delta1__peptide_mean__P80748,0.013582444016273903,0.0
slope1__peptide_std__P01042,0.01356983410124433,0.0
slope1__peptide_mean__Q9HDC9,0.013558689256736488,0.0
slope1__peptide_log__VLLDQLR,0.013558689256736488,0.0
rollmean2__protein_npx__Q14118,0.013553597706902162,0.0
rollmean2__protein_npx__P61916,0.013539061096361318,0.0
slope1__peptide_mean__Q15904,0.013537698101343885,0.0
protein_npx__P05452,0.013526445752463595,0.0
rollmean2__peptide_mean__Q96KN2,0.013500853752225291,0.0
lag1__peptide_mean__Q14515,0.013490510154106763,0.0
slope1__protein_npx__P14618,0.013489215510587117,0.0
protein_npx__Q7Z5P9,0.013487914740845701,0.0
peptide_mean__P00736,0.013467222416955906,0.0
delta1__peptide_std__P01857,0.013448282563386772,0.0
delta1__protein_npx__P04196,0.013442932483474921,0.0
peptide_mean__P01019,0.01344236559198961,0.0
rollmean2__peptide_count__P01034,0.013430098404493274,0.0
peptide_mean__Q14118,0.01342867576328636,0.0
slope1__peptide_abundance_mean,0.013417324826725295,0.0
slope1__peptide_mean__O15394,0.01341330554906008,0.0
missing__peptide_log__AVGDKLPEC(UniMod_4)EADDGC(UniMod_4)PKPPEIAHGYVEHSVR,0.01340280293212344,0.0
lag1__peptide_mean__P05090,0.013401398612442814,0.0
slope1__peptide_log__HGGLYHENMR,0.013398496925253732,0.0
peptide_mean__Q06481,0.013375789159505902,0.0
peptide_count__O15394,0.01337342835151354,0.0
lag1__peptide_log__SELEEQLTPVAEETR,0.013367208942045768,0.0
lag1__peptide_log__YVMLPVADQDQC(UniMod_4)IR,0.01336431339548063,0.0
peptide_log__VKDLATVYVDVLK,0.013357002837581605,0.0
missing__months_since_prev_visit,0.01334829092303311,0.0
has_previous_visit,0.013348290923032819,0.0
slope1__protein_npx__P01594,0.01334306690487723,0.0
slope1__peptide_log__SGELEQEEER,0.013325090171471645,0.0
delta1__peptide_mean__P01876,0.013323021192968887,0.0
peptide_std__P07602,0.01332117008732543,0.0
delta1__protein_npx__P02750,0.013301318604174103,0.0
lag1__peptide_count__P14314,0.01329238405822094,0.0
peptide_count__P02675,0.013287324867439576,0.0
rollmean2__peptide_mean__P01024,0.013285142855506164,0.0
rollmean2__peptide_log__TQVNTQAEQLRR,0.01328272067247709,0.0
slope1__peptide_std__P08603,0.01327791323062555,0.0
peptide_mean__Q12805,0.01327269876066445,0.0
peptide_mean__P49588,0.013265583366095979,0.0
lag1__peptide_count__P07225,0.013261363204623566,0.0
rollmean2__peptide_std__P02751,0.013257694964072482,0.0
lag1__protein_npx__P49908,0.013250698218512196,0.0
lag1__peptide_count__P02647,0.013248775746389605,0.0
slope1__peptide_std__P13987,0.013229486715778607,0.0
lag1__peptide_count__P02750,0.013217732725133215,0.0
lag1__protein_npx__P01034,0.013203365849160861,0.0
delta1__peptide_log__SC(UniMod_4)SPELQQK,0.013180562311820455,0.0
delta1__peptide_mean__P16152,0.013180562311820455,0.0
delta1__peptide_std__P02748,0.013163360600188759,0.0
rollmean2__peptide_mean__P04180,0.01313167655032331,0.0
slope1__peptide_count__P39060,0.013130371864517772,0.0
delta1__peptide_log__ILTC(UniMod_4)M(UniMod_35)QGMEEIR,0.013095445187432168,0.0
delta1__peptide_mean__Q8IWV7,0.013095445187432168,0.0
slope1__peptide_mean__P05060,0.01309129761845915,0.0
peptide_mean__P01834,0.013087607900567063,0.0
protein_npx__P19021,0.01306640228530633,0.0
lag1__protein_npx__Q15904,0.013046123512873022,0.0
lag1__peptide_std__P02647,0.01304142581415035,0.0
lag1__peptide_mean__Q9Y6R7,0.01304095451900674,0.0
lag1__peptide_count__P23142,0.013009296118299398,0.0
missing__peptide_log__C(UniMod_4)TSTGWIPAPR,0.012998904497229784,0.0
peptide_mean__Q8NE71,0.012988755259738551,0.0
delta1__peptide_mean__P00441,0.012982217445901115,0.0
slope1__peptide_mean__Q562R1,0.012971212005914789,0.0
delta1__peptide_mean__Q12805,0.012971161964463775,0.0
rollmean2__protein_npx__P00441,0.012963020577151225,0.0
delta1__peptide_mean__Q9NQ79,0.012956601980287695,0.0
peptide_log__C(UniMod_4)RDQLPYIC(UniMod_4)QFGIV,0.012920279928502053,0.0
delta1__peptide_log__YVMLPVADQDQC(UniMod_4)IR,0.012916930231449126,0.0
rollmean2__peptide_log__NFPPSQDASGDLYTTSSQLTLPATQC(UniMod_4)PDGK,0.012912142486919354,0.0
slope1__protein_npx__P06396,0.012904505792618322,0.0
rollmean2__protein_npx__Q92823,0.012895725223145154,0.0
delta1__protein_npx__P14174,0.012887131335041142,0.0
delta1__peptide_count__P17174,0.012886488414449084,0.0
peptide_count__Q6UXB8,0.012857891836140337,0.0
slope1__peptide_mean__P04433,0.012850139844761596,0.0
delta1__peptide_log__TM(UniMod_35)LLQPAGSLGSYSYR,0.01284709073899472,0.0
delta1__peptide_abundance_std,0.012841618738256518,0.0
rollmean2__peptide_count__P02750,0.012823111448554098,0.0
slope1__protein_npx__Q9UNU6,0.012791125331875314,0.0
rollmean2__peptide_std__P05060,0.012779366067037664,0.0
lag1__protein_npx__P02647,0.01274802015067751,0.0
lag1__protein_npx__P06727,0.012746963892856612,0.0
delta1__peptide_mean__Q15904,0.012713063377885504,0.0
rollmean2__peptide_mean__P13987,0.01269214890547846,0.0
lag1__peptide_mean__P13473,0.012691200692198446,0.0
rollmean2__peptide_std__P02774,0.01268744872938692,0.0
delta1__peptide_mean__P04216,0.012679139231451036,0.0
lag1__peptide_std__P04196,0.012670423550562752,0.0
peptide_log__AATGEC(UniMod_4)TATVGKR,0.012669202248518797,0.0
peptide_mean__P06454,0.012665675209070897,0.0
rollmean2__peptide_count__Q12841,0.012661859144296177,0.0
delta1__peptide_log__TLLSNLEEAKK,0.012658170279405552,0.0
protein_npx__P02656,0.012657975468646793,0.0
slope1__peptide_log__TM(UniMod_35)LLQPAGSLGSYSYR,0.012654046804946542,0.0
slope1__peptide_std__P06681,0.012640666708763326,0.0
slope1__protein_npx__Q08380,0.012612592050128919,0.0
lag1__protein_npx__P07998,0.012602049903978728,0.0
rollmean2__protein_npx__O94919,0.012577267603974589,0.0
protein_npx__P16035,0.012575117949295481,0.0
peptide_mean__O75326,0.012572893347902379,0.0
slope1__peptide_mean__P08571,0.012550025953964417,0.0
peptide_abundance_sum,0.012547826582428584,0.0
lag1__peptide_mean__P04217,0.012539182787838832,0.0
delta1__protein_npx__P01833,0.012535141371950314,0.0
lag1__protein_npx__P02656,0.01253389833271546,0.0
rollmean2__peptide_mean__P07225,0.012532309593638108,0.0
lag1__peptide_count__Q16270,0.012527289107164852,0.0
slope1__peptide_mean__P05156,0.012490631651778928,0.0
lag1__protein_npx__P07602,0.012482047947875906,0.0
rollmean2__protein_npx__P01011,0.012443886457973233,0.0
lag1__peptide_count__Q06481,0.012425263219857338,0.0
missing__peptide_std__P16035,0.012420598429732477,0.0
rollmean2__protein_npx__P02768,0.01239727997079078,0.0
peptide_log__LGADMEDVC(UniMod_4)GR,0.01238232318373858,0.0
delta1__peptide_count__P02774,0.012378328108794879,0.0
slope1__peptide_std__P02760,0.012365551218702319,0.0
delta1__peptide_std__Q16270,0.012361042912199461,0.0
lag1__protein_npx__Q8NBJ4,0.012353211526839387,0.0
lag1__protein_npx__P01834,0.012337750811386959,0.0
rollmean2__peptide_mean__Q12907,0.012312582449304822,0.0
delta1__peptide_log__ELSSFIDKGQELC(UniMod_4)ADYSENTFTEYK,0.012311951171277608,0.0
protein_npx__P04433,0.012301522643021777,0.0
lag1__protein_npx__P19652,0.012299678478575214,0.0
delta1__peptide_mean__P51884,0.01229001471163479,0.0
delta1__peptide_count__Q96PD5,0.012280338901692514,0.0
peptide_count__P07998,0.012274311400528887,0.0
rollmean2__peptide_log__AEAQEAEDQQAR,0.012268607588013227,0.0
lag1__peptide_count__P08697,0.012246323102841052,0.0
rollmean2__peptide_mean__P02790,0.012239543694655169,0.0
delta1__protein_npx__Q13451,0.012213367072397884,0.0
missing__peptide_count__Q99969,0.01219660377187712,0.0
missing__protein_npx__Q99969,0.01219660377187712,0.0
missing__peptide_mean__Q99969,0.01219660377187712,0.0
lag1__protein_npx__Q8N2S1,0.01219092606474238,0.0
peptide_mean__P01859,0.01218368221602384,0.0
slope1__peptide_log__ALGISPFHEHAEVVFTANDSGPR,0.012181922861776877,0.0
rollmean2__peptide_mean__Q16270,0.012160997753408969,0.0
lag1__protein_npx__Q92520,0.012155859981809162,0.0
lag1__peptide_log__NPDPWAK,0.01214928715968885,0.0
slope1__peptide_mean__P19827,0.01214927890963797,0.0
lag1__protein_npx__P00746,0.01214746962442802,0.0
rollmean2__peptide_mean__P01780,0.012131338150121587,0.0
rollmean2__peptide_log__IMNGEADAMSLDGGFVYIAGK,0.01212232699833241,0.0
rollmean2__peptide_log__TPVSDRVTK,0.012114378309075264,0.0
slope1__peptide_count__P05155,0.012108092135496651,0.0
slope1__peptide_mean__P04406,0.012087698238717104,0.0
protein_npx__P19823,0.0120849642211466,0.0
peptide_log__WELALGR,0.012060591230430729,0.0
peptide_mean__P14174,0.012044457891698434,0.0
rollmean2__peptide_log__EDSLEAGLPLQVR,0.012009268870596272,0.0
lag1__peptide_mean__P60174,0.011995140929095337,0.0
peptide_count__P04433,0.011993819546219382,0.0
rollmean2__protein_npx__P07602,0.011984576538990554,0.0
slope1__peptide_count__P08571,0.011982797631829228,0.0
rollmean2__peptide_std__P19823,0.011969616453677221,0.0
delta1__peptide_count__P09871,0.011950808699107135,0.0
peptide_count__P10643,0.011945814927295547,0.0
slope1__protein_npx__Q9Y646,0.01193064641646465,0.0
slope1__peptide_log__TSPVDEKALQDQLVLVAAK,0.011903173512833858,0.0
delta1__peptide_mean__P08603,0.011881354741268394,0.0
slope1__protein_npx__Q92520,0.011867794217509223,0.0
protein_npx__P04156,0.011854525536859287,0.0
peptide_mean__Q8N2S1,0.011813075925243348,0.0
delta1__peptide_mean__P02790,0.011811999995223633,0.0
slope1__protein_npx__P49588,0.011811718363489883,0.0
rollmean2__peptide_mean__Q9Y646,0.011798893777345833,0.0
delta1__protein_npx__Q13449,0.011787585249761234,0.0
delta1__peptide_mean__O14791,0.011752233202157673,0.0
delta1__peptide_log__AYKSELEEQLTPVAEETR,0.011730077553299667,0.0
lag1__peptide_count__P10643,0.01172608117222047,0.0
delta1__peptide_log__M(UniMod_35)YLGYEYVTAIR,0.011721120533075283,0.0
slope1__peptide_mean__P02768,0.011712413905457814,0.0
peptide_mean__P00747,0.011702834253006852,0.0
rollmean2__peptide_std__P00746,0.01169634387676702,0.0
months_since_baseline,0.011691138845852843,0.0
peptide_mean__Q96S96,0.011686054070733838,0.0
lag1__peptide_mean__P02787,0.011674385443427483,0.0
peptide_std__P36955,0.011645489779735702,0.0
lag1__protein_npx__P00747,0.011630614516655192,0.0
lag1__peptide_count__P00441,0.011629017566989185,0.0
slope1__peptide_mean__Q14515,0.011599073382552234,0.0
delta1__protein_npx__P08253,0.011590117004313756,0.0
peptide_std__P07711,0.011586257830318414,0.0
rollmean2__peptide_mean__P06681,0.01157764463949672,0.0
lag1__peptide_std__P04433,0.01156147512129773,0.0
slope1__peptide_count__P13591,0.011559365112041095,0.0
rollmean2__peptide_mean__P32754,0.011557797445720832,0.0
slope1__peptide_std__P12109,0.01154922805295664,0.0
lag1__peptide_log__EDSLEAGLPLQVR,0.01153923748891649,0.0
lag1__protein_npx__O14498,0.011537981534132213,0.0
lag1__peptide_mean__P32754,0.011531647801372953,0.0
protein_npx__P02452,0.011529287617053968,0.0
delta1__peptide_mean__P49588,0.011529272010962035,0.0
delta1__protein_npx__P23142,0.011517225483911018,0.0
delta1__peptide_log__IHWESASLLR,0.011504187647360414,0.0
delta1__peptide_log__LPPTSAHGNVAEGETKPDPDVTER,0.011491973385150542,0.0
peptide_log__EDSLEAGLPLQVR,0.011475250572832439,0.0
delta1__peptide_mean__P02749,0.011464424471141973,0.0
slope1__peptide_mean__P04207,0.011449872564724323,0.0
rollmean2__peptide_log__MASGAANVVGPK,0.011447495867593936,0.0
slope1__protein_npx__P04406,0.011444547934914943,0.0
delta1__peptide_log__TEGDGVYTLNNEK,0.01143850474705024,0.0
delta1__protein_npx__P02656,0.011434896287438937,0.0
missing__peptide_std__P02763,0.011422294620754503,0.0
peptide_count__P00751,0.011412632069228249,0.0
delta1__protein_npx__P00747,0.011407302626897497,0.0
lag1__peptide_count__P09871,0.01140519659658822,0.0
protein_npx__Q96PD5,0.011396749772871445,0.0
missing__peptide_mean__O00584,0.011394667344255741,0.0
missing__peptide_count__O00584,0.011394667344255741,0.0
missing__protein_npx__O00584,0.011394667344255741,0.0
slope1__peptide_mean__Q9Y6R7,0.01139381396171387,0.0
slope1__protein_npx__P19823,0.011383116015788943,0.0
slope1__peptide_log__LGADMEDVC(UniMod_4)GR,0.011382437223854755,0.0
slope1__protein_npx__P02671,0.011379737423653584,0.0
lag1__peptide_mean__P01621,0.011376361908677912,0.0
lag1__peptide_mean__P01834,0.011372895154098964,0.0
peptide_log__HYTNPSQDVTVPC(UniMod_4)PVPPPPPC(UniMod_4)C(UniMod_4)HPR,0.011369538855430943,0.0
slope1__peptide_abundance_std,0.011358309050138224,0.0
slope1__peptide_mean__O00391,0.011358282330280339,0.0
missing__peptide_log__VGYVSGWGR,0.011352988223792082,0.0
slope1__protein_npx__P60174,0.011352294591038776,0.0
peptide_log__C(UniMod_4)VDVDEC(UniMod_4)APPAEPC(UniMod_4)GK,0.011350323646612306,0.0
delta1__peptide_log__HYTNPSQDVTVPC(UniMod_4)PVPPPPPC(UniMod_4)C(UniMod_4)HPR,0.011345928362939165,0.0
lag1__peptide_std__P19823,0.011343321301087485,0.0
slope1__visit_index,0.011324336296466609,0.0
slope1__protein_npx__P30086,0.011320671481315856,0.0
rollmean2__peptide_count__Q92823,0.011302653168623344,0.0
slope1__peptide_std__P16070,0.011294240421241195,0.0
rollmean2__peptide_std__P07711,0.011292313400182783,0.0
rollmean2__protein_npx__O75144,0.01129016284119081,0.0
protein_npx__Q92520,0.011288443741988795,0.0
peptide_log__TLLSNLEEAKK,0.01127658725253367,0.0
rollmean2__peptide_log__C(UniMod_4)DSSPDSAEDVRK,0.011262355308223983,0.0
peptide_std__P16035,0.01125966511371481,0.0
peptide_mean__P60174,0.011252442584349147,0.0
lag1__protein_npx__P16035,0.011224550022376807,0.0
delta1__peptide_count__O15394,0.011215632772202572,0.0
rollmean2__peptide_mean__P04433,0.011213961280344019,0.0
lag1__peptide_log__RTPITVVK,0.01120506140467985,0.0
peptide_count__P01024,0.01117100247462371,0.0
peptide_std__P61916,0.011155946161998293,0.0
lag1__peptide_count__Q6UXB8,0.011137618684220106,0.0
slope1__peptide_log__HYTNPSQDVTVPC(UniMod_4)PVPPPPPC(UniMod_4)C(UniMod_4)HPR,0.011136500741943183,0.0
peptide_log__MYYSAVDPTKDIFTGLIGPM(UniMod_35)K,0.011128499895086328,0.0
lag1__peptide_std__P02652,0.011120775102823638,0.0
rollmean2__peptide_mean__P14618,0.011105409334742408,0.0
slope1__protein_npx__P11142,0.011082208385637594,0.0
missing__peptide_std__P01860,0.011076138869942732,0.0
slope1__peptide_count__P98160,0.011075026156771786,0.0
rollmean2__protein_npx__P13611,0.011058177561094767,0.0
delta1__protein_npx__P02751,0.011055104222573957,0.0
peptide_count__O14773,0.011037678818313143,0.0
missing__peptide_log__SC(UniMod_4)DTPPPC(UniMod_4)PR,0.011022425731458315,0.0
delta1__peptide_mean__P05452,0.011008259798834425,0.0
rollmean2__peptide_mean__P04275,0.010992136509353123,0.0
delta1__protein_npx__P41222,0.010975738623158838,0.0
rollmean2__protein_npx__P13591,0.010974290265650308,0.0
delta1__peptide_count__P02652,0.010943660030407556,0.0
rollmean2__has_previous_visit,0.01094139116702655,0.0
delta1__peptide_log__SLAELGGHLDQQVEEFRR,0.010928289807070949,0.0
slope1__peptide_count__P43121,0.010903789018311407,0.0
peptide_mean__Q9Y6R7,0.010884269010023684,0.0
rollmean2__protein_npx__P14314,0.01086754109174088,0.0
missing__peptide_std__P01859,0.010866267977623302,0.0
delta1__protein_npx__P02768,0.010846761192086829,0.0
lag1__peptide_log__VGYVSGWGR,0.010834148534638521,0.0
lag1__peptide_std__P36222,0.010833481242241655,0.0
slope1__peptide_mean__P31997,0.010829255844818792,0.0
rollmean2__peptide_log__SGEATDGARPQALPEPMQESK,0.010822860660769573,0.0
lag1__protein_npx__P02766,0.010814791569132117,0.0
delta1__peptide_log__ILLQGTPVAQMTEDAVDAER,0.010808023735519427,0.0
lag1__peptide_std__Q14515,0.010788244771603,0.0
lag1__peptide_log__FM(UniMod_35)ETVAEK,0.01077813925456509,0.0
delta1__peptide_mean__Q99435,0.010772633927742047,0.0
rollmean2__peptide_mean__P02679,0.010739492896575262,0.0
delta1__protein_npx__P00746,0.010734967389454871,0.0
slope1__peptide_mean__P00748,0.0107256126736474,0.0
rollmean2__protein_npx__P02790,0.010722254470654412,0.0
delta1__peptide_count__P05546,0.010668755586600317,0.0
lag1__peptide_count__Q9UBX5,0.010656178062911052,0.0
delta1__peptide_log__TQVNTQAEQLRR,0.01064957606568719,0.0
lag1__peptide_log__LVGGPM(UniMod_35)DASVEEEGVRR,0.010626496239021396,0.0
delta1__peptide_mean__P13987,0.010608350617737105,0.0
delta1__protein_npx__P05156,0.010601531626012042,0.0
lag1__protein_npx__P04196,0.01060107582827273,0.0
slope1__peptide_std__Q92520,0.010599456802299312,0.0
lag1__peptide_mean__Q12841,0.010583560359335569,0.0
delta1__protein_npx__P00441,0.01058110153127603,0.0
slope1__protein_npx__P14314,0.010577243253002624,0.0
rollmean2__peptide_count__Q9Y6R7,0.010560538757421736,0.0
peptide_observation_count,0.010546902166685426,0.0
peptide_mean__P00751,0.010530982562678821,0.0
protein_npx__P13611,0.010530277197629237,0.0
slope1__protein_npx__P61916,0.01052452308109359,0.0
delta1__protein_npx__Q9UBX5,0.010523335826950014,0.0
rollmean2__peptide_mean__P06454,0.010505603654001236,0.0
rollmean2__protein_npx__Q8N2S1,0.010504292780055635,0.0
delta1__protein_npx__P55290,0.010498957097809675,0.0
rollmean2__protein_npx__P06454,0.010498028582846722,0.0
peptide_count__P02652,0.010486250315304991,0.0
rollmean2__protein_npx__P43251,0.01048439797097176,0.0
rollmean2__peptide_count__P10643,0.010482859162639812,0.0
slope1__peptide_count__P08603,0.010477080854780395,0.0
rollmean2__peptide_mean__P13521,0.010473951574513675,0.0
delta1__peptide_mean__P01033,0.010471760709127299,0.0
protein_npx__P02765,0.010468861194593834,0.0
delta1__peptide_count__P00441,0.010468501156045104,0.0
lag1__peptide_std__P14618,0.01045928723888097,0.0
protein_npx__P30086,0.010456794905819546,0.0
delta1__peptide_log__VKDLATVYVDVLK,0.010452109053053814,0.0
peptide_mean__P01857,0.010426537117387183,0.0
protein_npx__O15240,0.010426192192752742,0.0
peptide_log__FLATTPNSLLVSWQPPR,0.010424169952103806,0.0
protein_npx__P05155,0.010423476181438475,0.0
rollmean2__peptide_mean__P01857,0.010417355935340903,0.0
slope1__peptide_mean__P43652,0.010414805408234168,0.0
rollmean2__protein_npx__P13521,0.010391287777466804,0.0
delta1__protein_npx__P08571,0.010383666774722642,0.0
peptide_std__P01011,0.010355636130721484,0.0
delta1__peptide_count__Q16270,0.010330208727332382,0.0
missing__peptide_count__P04075,0.01031090724268779,0.0
missing__peptide_mean__P04075,0.01031090724268779,0.0
missing__protein_npx__P04075,0.01031090724268779,0.0
slope1__protein_npx__Q9Y6R7,0.010306692130971233,0.0
lag1__peptide_mean__P07333,0.01029667907028212,0.0
peptide_log__LSSWVLLM(UniMod_35)K,0.010292113149692191,0.0
slope1__protein_npx__P02656,0.010262664147561837,0.0
rollmean2__peptide_log__LGADMEDVC(UniMod_4)GR,0.010253354371080717,0.0
lag1__peptide_count__Q9UHG2,0.010250688939822184,0.0
peptide_std__P02656,0.010249539574213866,0.0
slope1__peptide_mean__P01344,0.010223972977741353,0.0
slope1__peptide_count__P18065,0.010216394897101622,0.0
slope1__peptide_std__O00533,0.010200018927452972,0.0
rollmean2__peptide_count__O14773,0.010189258425931845,0.0
lag1__protein_npx__P19021,0.01018685121377436,0.0
missing__peptide_log__ALGISPFHEHAEVVFTANDSGPR,0.010174371603633468,0.0
delta1__peptide_mean__Q16270,0.010159110246439396,0.0
slope1__peptide_count__P02679,0.010142699941346955,0.0
slope1__peptide_mean__P14174,0.010141574711068411,0.0
lag1__protein_npx__P01024,0.010128348635505949,0.0
missing__peptide_log__VYC(UniMod_4)DMNTENGGWTVIQNR,0.010112690534200688,0.0
lag1__peptide_count__P02790,0.010094202046303636,0.0
delta1__protein_npx__P10645,0.010089428503362342,0.0
delta1__peptide_log__GSPAINVAVHVFRK,0.010055157551525166,0.0
delta1__peptide_log__GEVQAMLGQSTEELRVR,0.010054776148821876,0.0
slope1__peptide_std__P02748,0.010026245020977907,0.0
lag1__peptide_count__Q9NQ79,0.01002494013193978,0.0
protein_npx__P39060,0.010016186167230413,0.0
delta1__peptide_mean__P05155,0.010007503779245563,0.0
delta1__protein_npx__P16035,0.00999245919747338,0.0
slope1__protein_npx__Q13332,0.009984314911898953,0.0
peptide_count__P01877,0.009966749717777388,0.0
lag1__peptide_std__P05060,0.00996014957485305,0.0
missing__peptide_log__C(UniMod_4)RDQLPYIC(UniMod_4)QFGIV,0.009949626974357252,0.0
slope1__peptide_mean__P16870,0.009940909860224435,0.0
delta1__peptide_std__P12109,0.009930280016383988,0.0
lag1__peptide_count__P36955,0.00989019224030407,0.0
delta1__peptide_mean__P07225,0.009883582586798424,0.0
peptide_mean__P01034,0.009870696422447131,0.0
delta1__protein_npx__Q6UX71,0.00987058619615929,0.0
slope1__peptide_std__P24592,0.009864763919599008,0.0
peptide_count__P23142,0.009861817810465665,0.0
lag1__peptide_std__P01034,0.009847770967987692,0.0
lag1__peptide_count__P10909,0.009846167260612403,0.0
lag1__peptide_log__SLAELGGHLDQQVEEFRR,0.009844648465291681,0.0
peptide_mean__O00533,0.00984362935443961,0.0
lag1__peptide_count__P00751,0.009818244607798336,0.0
peptide_std__P09486,0.009805065726430879,0.0
delta1__peptide_log__SSQGGSLPSEEK,0.009797524449034744,0.0
delta1__peptide_std__P01876,0.009785551690807835,0.0
slope1__peptide_std__P01876,0.009772556562702485,0.0
slope1__protein_npx__P00734,0.009742673918564622,0.0
lag1__peptide_count__P07339,0.009742345792479297,0.0
rollmean2__peptide_log__LSNENHGIAQR,0.009727423917665167,0.0
delta1__peptide_count__P04196,0.009720352847159237,0.0
delta1__protein_npx__P08697,0.009714111880356613,0.0
delta1__peptide_count__P02671,0.009692645100027087,0.0
rollmean2__peptide_log__WELALGR,0.009689075269662246,0.0
lag1__peptide_mean__P04196,0.009679854007416621,0.0
slope1__peptide_mean__Q06481,0.009677969849616195,0.0
delta1__peptide_count__P02768,0.009668846131320208,0.0
rollmean2__peptide_mean__P43251,0.009653024720657037,0.0
rollmean2__protein_npx__Q6UXB8,0.009651385018883346,0.0
slope1__peptide_mean__P36955,0.00963895594493434,0.0
rollmean2__peptide_mean__P13611,0.009637097775080946,0.0
slope1__protein_npx__O14773,0.00962261112946366,0.0
delta1__peptide_std__P02760,0.009620763102432444,0.0
delta1__protein_npx__P07339,0.009592715462094333,0.0
delta1__peptide_mean__Q6UXD5,0.009562622958253678,0.0
slope1__protein_npx__P02675,0.009556975369451062,0.0
delta1__peptide_std__Q13740,0.009544294075452403,0.0
rollmean2__peptide_mean__P61916,0.009543688571307298,0.0
delta1__peptide_std__P09871,0.00954361762812792,0.0
delta1__peptide_mean__P01717,0.009521224721478906,0.0
slope1__peptide_mean__P08697,0.009517538029862582,0.0
rollmean2__peptide_log__AYQGVAAPFPK,0.009498309069904187,0.0
lag1__peptide_count__P13987,0.009485303850502365,0.0
slope1__protein_npx__P01608,0.00948026494749821,0.0
delta1__peptide_std__P05090,0.009467923430576286,0.0
rollmean2__months_since_baseline,0.009457790438858273,0.0
slope1__protein_npx__P12109,0.009451961336842774,0.0
rollmean2__protein_npx__P01857,0.00944915043542216,0.0
rollmean2__peptide_count__P04433,0.009425065462194026,0.0
delta1__peptide_mean__Q9Y646,0.009409387464287931,0.0
slope1__peptide_count__P54289,0.00940234036030243,0.0
lag1__peptide_std__P04075,0.009400987854667905,0.0
lag1__protein_npx__P05090,0.00939814180424138,0.0
slope1__peptide_log__EDSLEAGLPLQVR,0.009393805501863016,0.0
rollmean2__peptide_mean__P05156,0.00938041683401027,0.0
lag1__peptide_std__P00751,0.009370202677127827,0.0
peptide_count__Q12907,0.009363945480383341,0.0
delta1__peptide_mean__P36980,0.009344811564365675,0.0
lag1__protein_npx__Q99829,0.009342399894699887,0.0
rollmean2__peptide_std__P07339,0.009340741262252109,0.0
slope1__protein_npx__O00391,0.009336836117447869,0.0
slope1__peptide_mean__P01023,0.009334634961758403,0.0
delta1__protein_npx__Q14118,0.009332345870766673,0.0
missing__protein_npx__P01833,0.009323924375323533,0.0
missing__peptide_mean__P01833,0.009323924375323533,0.0
missing__peptide_count__P01833,0.009323924375323533,0.0
lag1__protein_npx__Q16270,0.009315213502501557,0.0
peptide_std__P05060,0.009296530942848066,0.0
peptide_std__P13987,0.009286427504740206,0.0
rollmean2__protein_npx__P04406,0.00927520665827682,0.0
slope1__peptide_mean__P01594,0.009269179710112235,0.0
protein_npx__P01857,0.009264129358413246,0.0
lag1__protein_npx__P00751,0.009262096475482255,0.0
rollmean2__peptide_std__P16070,0.009260569627349011,0.0
delta1__peptide_log__AYQGVAAPFPK,0.00925164881226885,0.0
delta1__peptide_mean__P36955,0.009249532844139978,0.0
rollmean2__peptide_mean__P00736,0.009231645321849,0.0
missing__peptide_count__P01877,0.009219754882719209,0.0
missing__protein_npx__P01877,0.009219754882719209,0.0
missing__peptide_mean__P01877,0.009219754882719209,0.0
rollmean2__peptide_count__P05452,0.009218406379409237,0.0
rollmean2__peptide_count__P01011,0.009218126942189594,0.0
missing__peptide_mean__P43121,0.009217875220627204,0.0
missing__peptide_count__P43121,0.009217875220627204,0.0
missing__protein_npx__P43121,0.009217875220627204,0.0
slope1__protein_npx__P02787,0.009182354232599332,0.0
protein_npx__Q9UHG2,0.009146519512298293,0.0
slope1__peptide_mean__P13521,0.009141502285280378,0.0
delta1__peptide_mean__P01857,0.009127920166991918,0.0
lag1__peptide_mean__P04211,0.009119612095464505,0.0
rollmean2__peptide_std__P61916,0.009099739009095713,0.0
delta1__protein_npx__P04217,0.00908085282506671,0.0
lag1__peptide_log__HYEGSTVPEK,0.009072532667142053,0.0
delta1__protein_npx__P54289,0.009070816362781507,0.0
slope1__peptide_mean__P04156,0.009040440752015122,0.0
slope1__protein_npx__Q7Z5P9,0.0090383075362737,0.0
lag1__peptide_mean__Q9UNU6,0.009036327865881044,0.0
slope1__peptide_mean__P17174,0.009029246369948273,0.0
lag1__protein_npx__P32754,0.009026291393846973,0.0
rollmean2__protein_npx__P02679,0.009000128804609287,0.0
delta1__peptide_mean__P10909,0.008999174325941654,0.0
peptide_mean__P27169,0.008996300813157346,0.0
protein_npx__P01876,0.008991120649282034,0.0
peptide_std__P19823,0.008988135731926474,0.0
delta1__peptide_count__P41222,0.00895966841591802,0.0
lag1__peptide_log__TPLGDTTHTC(UniMod_4)PR,0.008952520554041525,0.0
rollmean2__peptide_count__Q9NQ79,0.008940012640921723,0.0
delta1__peptide_std__P27169,0.008927134642292809,0.0
protein_npx__O94919,0.008925553225562493,0.0
lag1__protein_npx__P02652,0.008918604263769447,0.0
delta1__peptide_std__P02747,0.008917667261695607,0.0
delta1__peptide_mean__Q14515,0.008916451936888494,0.0
delta1__peptide_std__P98160,0.00891620549715022,0.0
slope1__peptide_std__P02679,0.00890323941101864,0.0
slope1__protein_npx__O94919,0.008902744561391476,0.0
lag1__peptide_log__QIGSVYR,0.008886025992397037,0.0
peptide_std__Q9UHG2,0.008877974349435543,0.0
slope1__protein_npx__O43505,0.008856608638061906,0.0
protein_npx__P01009,0.00884647980008824,0.0
peptide_mean__P04156,0.008843175148820746,0.0
lag1__protein_npx__P01877,0.00883513872399858,0.0
slope1__peptide_mean__P04180,0.008821231975884978,0.0
slope1__peptide_log__MASGAANVVGPK,0.008783447171454689,0.0
slope1__protein_npx__P16070,0.008766275250356368,0.0
slope1__peptide_mean__P09104,0.008764588524419536,0.0
slope1__protein_npx__P04217,0.008754557306492914,0.0
missing__protein_npx__P04216,0.008752218446657151,0.0
missing__peptide_count__P04216,0.008752218446657151,0.0
missing__peptide_mean__P04216,0.008752218446657151,0.0
slope1__peptide_std__P02768,0.00875052181903519,0.0
rollmean2__peptide_mean__Q7Z5P9,0.008747154977075166,0.0
delta1__peptide_count__P05155,0.008734269738123156,0.0
rollmean2__peptide_std__Q9NQ79,0.008727442474702444,0.0
delta1__peptide_log__VDNALQSGNSQESVTEQDSKDSTYSLSSTLTLSK,0.008722426173245678,0.0
delta1__protein_npx__P02679,0.008709345329417327,0.0
lag1__peptide_count__Q92520,0.008685923445202252,0.0
lag1__peptide_mean__P61769,0.008678910010549122,0.0
slope1__peptide_mean__P00746,0.00867345129329527,0.0
slope1__protein_npx__P11277,0.008641671274318667,0.0
protein_npx__Q99969,0.008633036394389972,0.0
peptide_count__P16035,0.008629488821969743,0.0
rollmean2__peptide_mean__P19827,0.008615035892566495,0.0
rollmean2__peptide_mean__O75144,0.00859745433508622,0.0
slope1__protein_npx__P14174,0.00857568011487112,0.0
slope1__protein_npx__P02751,0.008566902015627646,0.0
rollmean2__protein_npx__Q9UBX5,0.008529700128801417,0.0
lag1__peptide_mean__P00746,0.00852027958422865,0.0
slope1__peptide_std__P07711,0.008519937098525035,0.0
delta1__peptide_mean__P13591,0.008513359164137237,0.0
slope1__peptide_count__P27169,0.008506895338417999,0.0
delta1__peptide_std__Q12907,0.008495133966389618,0.0
lag1__protein_npx__Q14508,0.008491855478694176,0.0
slope1__peptide_count__P13987,0.008483874437865283,0.0
lag1__protein_npx__O00533,0.008475233699441842,0.0
lag1__peptide_mean__Q8N2S1,0.008455945363411236,0.0
lag1__protein_npx__P08637,0.00844334384699712,0.0
lag1__peptide_count__P43652,0.008410369930422767,0.0
lag1__peptide_mean__P08294,0.00840582700916256,0.0
peptide_mean__P43652,0.008387806539079168,0.0
delta1__peptide_std__P14314,0.008370399931739934,0.0
delta1__peptide_std__P02774,0.008358414050892249,0.0
lag1__peptide_std__P98160,0.008355675078881398,0.0
delta1__peptide_mean__P04004,0.008352580054577827,0.0
slope1__peptide_std__P00736,0.008334258227213783,0.0
delta1__peptide_mean__P13473,0.008327311754999208,0.0
peptide_count__P02790,0.008324060979151279,0.0
slope1__peptide_mean__P01031,0.00831484386428424,0.0
lag1__protein_npx__O15240,0.008307003937151598,0.0
lag1__peptide_mean__Q99969,0.008291759433159095,0.0
missing__protein_npx__P54289,0.008259126085831656,0.0
missing__peptide_count__P54289,0.008259126085831656,0.0
missing__peptide_mean__P54289,0.008259126085831656,0.0
lag1__protein_npx__P02763,0.008258605126451365,0.0
rollmean2__peptide_std__Q96KN2,0.008255322096707781,0.0
delta1__peptide_abundance_sum,0.008250331371002322,0.0
delta1__peptide_log__YVM(UniMod_35)LPVADQDQC(UniMod_4)IR,0.00824729935065058,0.0
slope1__protein_npx__P01717,0.008246515101150419,0.0
rollmean2__peptide_log__QQETAAAETETR,0.008224727385504144,0.0
slope1__peptide_std__Q9Y6R7,0.008207380236828727,0.0
rollmean2__peptide_abundance_mean,0.008199737127952099,0.0
lag1__peptide_mean__P08133,0.008181758256368545,0.0
slope1__peptide_log__C(UniMod_4)TSTGWIPAPR,0.00816213503524116,0.0
peptide_log__AVGDKLPEC(UniMod_4)EADDGC(UniMod_4)PKPPEIAHGYVEHSVR,0.008154486913164007,0.0
rollmean2__peptide_mean__P08123,0.008150176146986828,0.0
peptide_mean__P06681,0.00814591301189832,0.0
missing__peptide_mean__Q99435,0.0081162361415787,0.0
missing__peptide_count__Q99435,0.0081162361415787,0.0
missing__protein_npx__Q99435,0.0081162361415787,0.0
rollmean2__protein_npx__Q9UHG2,0.008089771961117726,0.0
protein_npx__P36980,0.00806452267623565,0.0
slope1__peptide_mean__P04075,0.008060053226878746,0.0
peptide_count__P04004,0.007989460652359547,0.0
missing__peptide_log__NFPPSQDASGDLYTTSSQLTLPATQC(UniMod_4)LAGK,0.007985978802808167,0.0
peptide_count__Q96PD5,0.007983473314070478,0.0
lag1__peptide_mean__P05452,0.007980726058246918,0.0
lag1__peptide_log__TM(UniMod_35)LLQPAGSLGSYSYR,0.007977800670081222,0.0
missing__peptide_log__SGEATDGARPQALPEPMQESK,0.007973484189415438,0.0
slope1__peptide_mean__Q12805,0.007968881672051035,0.0
missing__peptide_count__Q96S96,0.007951577336578187,0.0
missing__peptide_mean__Q96S96,0.007951577336578187,0.0
missing__protein_npx__Q96S96,0.007951577336578187,0.0
rollmean2__peptide_mean__P02751,0.00794988492718256,0.0
delta1__protein_npx__P05408,0.007947070969966795,0.0
lag1__peptide_mean__P02655,0.00794372030138257,0.0
rollmean2__peptide_log__VTLTC(UniMod_4)VAPLSGVDFQLR,0.007939055842743598,0.0
peptide_mean__P08493,0.007930271146287813,0.0
slope1__peptide_count__P19652,0.007926294757753449,0.0
slope1__peptide_mean__P01877,0.00791138515158124,0.0
delta1__protein_npx__P02753,0.007907399950816105,0.0
lag1__protein_npx__P04211,0.00788783675862751,0.0
missing__peptide_log__FM(UniMod_35)ETVAEK,0.007879322742860937,0.0
lag1__peptide_log__TLLSNLEEAKK,0.007875930092335635,0.0
delta1__peptide_count__P06727,0.007866727684335491,0.0
slope1__current_medication_unknown,0.007865626836035991,0.0
lag1__protein_npx__P02649,0.007834487833168167,0.0
delta1__peptide_log__QNC(UniMod_4)ELFEQLGEYK,0.007831435629480804,0.0
rollmean2__peptide_mean__P01859,0.007818525545317423,0.0
delta1__protein_npx__P06681,0.007818358813319874,0.0
slope1__peptide_mean__P01033,0.007817775996445434,0.0
slope1__protein_npx__P04180,0.007795847005098966,0.0
delta1__protein_npx__P01011,0.007775057373823814,0.0
slope1__peptide_count__P13611,0.007752155470602687,0.0
slope1__peptide_std__P39060,0.007744622413679253,0.0
delta1__peptide_std__P05060,0.0077425709314135295,0.0
slope1__peptide_mean__Q7Z5P9,0.007714130800056878,0.0
missing__peptide_mean__P08123,0.007708157397330672,0.0
missing__protein_npx__P08123,0.007708157397330672,0.0
missing__peptide_count__P08123,0.007708157397330672,0.0
rollmean2__peptide_std__O94919,0.007707910489229847,0.0
slope1__peptide_mean__P00734,0.007701275255274002,0.0
missing__peptide_count__P13473,0.007689278167789283,0.0
missing__protein_npx__P13473,0.007689278167789283,0.0
missing__peptide_mean__P13473,0.007689278167789283,0.0
missing__peptide_log__LEGQEEEEDNRDSSMK,0.00768344987349209,0.0
delta1__peptide_log__C(UniMod_4)TSTGWIPAPR,0.007683323307953691,0.0
rollmean2__protein_npx__P01008,0.007681159221953161,0.0
delta1__peptide_count__P16035,0.0076707777185847145,0.0
slope1__peptide_count__P43652,0.0076626640392654715,0.0
slope1__peptide_log__IHWESASLLR,0.007661139140104264,0.0
lag1__peptide_mean__P01019,0.007656257068053797,0.0
slope1__peptide_std__P02747,0.00765252119645321,0.0
slope1__peptide_mean__P02747,0.00765069762333321,0.0
delta1__peptide_count__O00584,0.007641720114908369,0.0
rollmean2__peptide_mean__P00450,0.007621810172831012,0.0
peptide_mean__Q16270,0.007619633877633073,0.0
peptide_std__P01857,0.00760587558412634,0.0
slope1__peptide_mean__Q8IWV7,0.007590592764777148,0.0
slope1__peptide_log__ILTC(UniMod_4)M(UniMod_35)QGMEEIR,0.007590592764777148,0.0
peptide_std__P00738,0.007584958303900585,0.0
rollmean2__peptide_mean__P11142,0.007582141904556779,0.0
slope1__peptide_log__LIADLGSTSITNLGFR,0.007577922661887069,0.0
delta1__peptide_mean__P04207,0.0075634819606546794,0.0
delta1__peptide_mean__P05156,0.007556441031582805,0.0
delta1__protein_npx__P51884,0.0075459991682812165,0.0
delta1__peptide_mean__Q9UNU6,0.007544687043841667,0.0
lag1__peptide_mean__P08697,0.00753954006425823,0.0
slope1__peptide_mean__P01019,0.007538188343630614,0.0
delta1__peptide_count__P01023,0.007537319298824086,0.0
delta1__protein_npx__P36980,0.007522404874233385,0.0
peptide_log__QNC(UniMod_4)ELFEQLGEYK,0.007489028866977025,0.0
protein_npx__P02768,0.007488586261252239,0.0
delta1__peptide_log__LFDSDPITVTVPVEVSR,0.0074841526878724005,0.0
peptide_log__AEAQEAEDQQAR,0.007476313528125828,0.0
delta1__protein_npx__P00736,0.007465763487553536,0.0
lag1__peptide_count__P43121,0.0074491656656632335,0.0
rollmean2__protein_npx__P01876,0.007447684495798398,0.0
slope1__peptide_log__GEVQAMLGQSTEELR,0.007426065112575875,0.0
rollmean2__peptide_count__Q14624,0.00740259422050153,0.0
slope1__protein_npx__P01033,0.007387928509625247,0.0
delta1__peptide_mean__Q7Z3B1,0.0073822164884160945,0.0
slope1__peptide_log__LAVYQAGAR,0.00737296226028923,0.0
lag1__peptide_log__TPVSDRVTK,0.007343368811729508,0.0
peptide_log__HYEGSTVPEK,0.007340266283884105,0.0
rollmean2__peptide_std__P02768,0.007336544607777105,0.0
slope1__peptide_log__YYWGGQYTWDMAK,0.007330058224592775,0.0
rollmean2__peptide_std__Q9UHG2,0.007310329527433301,0.0
lag1__peptide_mean__Q9UHG2,0.00730889272117929,0.0
delta1__peptide_mean__P07711,0.00729976456090674,0.0
rollmean2__peptide_mean__P04075,0.00729944616742818,0.0
rollmean2__peptide_count__P02452,0.007285687851086578,0.0
lag1__peptide_mean__P02760,0.007280609376821802,0.0
lag1__peptide_mean__Q92823,0.007276758837875716,0.0
slope1__peptide_mean__P06310,0.007263094437760259,0.0
delta1__peptide_mean__P25311,0.007262990369837928,0.0
missing__peptide_mean__P06681,0.0072602908709077365,0.0
missing__protein_npx__P06681,0.0072602908709077365,0.0
missing__peptide_count__P06681,0.0072602908709077365,0.0
delta1__peptide_mean__P02766,0.007255781748527786,0.0
rollmean2__peptide_mean__P08493,0.00725443249456843,0.0
slope1__peptide_count__P01024,0.007244513102795412,0.0
peptide_count__P05067,0.007236627362267311,0.0
slope1__protein_npx__Q12805,0.007207566778170308,0.0
rollmean2__peptide_log__TEGDGVYTLNNEK,0.007202905897829335,0.0
lag1__peptide_count__P05452,0.007201427989911817,0.0
rollmean2__protein_npx__P01860,0.007191213641657528,0.0
lag1__peptide_std__P01024,0.007187808717100565,0.0
lag1__peptide_mean__P01024,0.0071763582707184805,0.0
delta1__peptide_log__VQAAVGTSAAPVPSDNH,0.007168513649300303,0.0
rollmean2__peptide_mean__P01621,0.007167549512303072,0.0
delta1__peptide_std__P54289,0.007156943498441037,0.0
slope1__peptide_std__P23142,0.007155110966587816,0.0
lag1__peptide_log__VTSIQDWVQK,0.007135100448191824,0.0
delta1__peptide_mean__Q562R1,0.0071313992545237815,0.0
lag1__protein_npx__P49588,0.007130266545081757,0.0
delta1__protein_npx__Q7Z5P9,0.0071057046473674895,0.0
delta1__protein_npx__P00734,0.007105278166778711,0.0
slope1__protein_npx__Q9HDC9,0.007097151038441121,0.0
protein_npx__P02675,0.007096047577888178,0.0
delta1__peptide_count__P61769,0.007064224595921714,0.0
missing__peptide_std__Q96PD5,0.007061561066563939,0.0
delta1__peptide_std__P00734,0.007041956951697549,0.0
lag1__protein_npx__P05546,0.007029426975890031,0.0
rollmean2__protein_npx__Q16610,0.007020253160509422,0.0
rollmean2__protein_npx__P61769,0.0070024746902865665,0.0
peptide_mean__O14773,0.006994560417550816,0.0
missing__peptide_log__AEAQEAEDQQAR,0.0069873096206619235,0.0
delta1__peptide_log__DLATVYVDVLK,0.006978718701087578,0.0
rollmean2__protein_npx__Q96KN2,0.006970804114479973,0.0
peptide_mean__P00450,0.006962444282564018,0.0
delta1__peptide_std__P01009,0.006954844200903254,0.0
delta1__peptide_count__Q12907,0.006946918922519714,0.0
rollmean2__protein_npx__P23083,0.006935011847394569,0.0
lag1__peptide_log__TSAHGNVAEGETKPDPDVTER,0.006930721284833835,0.0
delta1__peptide_count__P01877,0.006911938020881881,0.0
peptide_log__LFDSDPITVTVPVEVSR,0.0069118539577330525,0.0
protein_npx__Q13332,0.006908298538166694,0.0
slope1__protein_npx__P16035,0.0068609876101230986,0.0
slope1__protein_npx__Q13449,0.006859454145169692,0.0
rollmean2__peptide_mean__P43652,0.006853774226598472,0.0
slope1__peptide_count__O14773,0.006849095506758012,0.0
slope1__peptide_log__VKDLATVYVDVLK,0.006835152565841832,0.0
rollmean2__peptide_count__P05067,0.006828448284897424,0.0
peptide_count__P06681,0.006828444630106038,0.0
peptide_mean__P01033,0.006820864093976954,0.0
lag1__peptide_mean__P51884,0.006791714561419834,0.0
slope1__peptide_std__Q14624,0.006785391982227653,0.0
missing__peptide_std__P07711,0.0067807125227246105,0.0
missing__peptide_std__P98160,0.006780185799222684,0.0
peptide_mean__P05408,0.006777374562196228,0.0
lag1__protein_npx__P20774,0.0067697688882396665,0.0
slope1__peptide_log__VTSIQDWVQK,0.006769123109771146,0.0
rollmean2__peptide_std__P19652,0.006761040807272439,0.0
delta1__peptide_log__LRTEGDGVYTLNNEK,0.006756594787922378,0.0
lag1__peptide_count__P05060,0.0067525070197887735,0.0
slope1__peptide_log__YVM(UniMod_35)LPVADQDQC(UniMod_4)IR,0.006749585464074861,0.0
slope1__peptide_std__P01034,0.006725518417547877,0.0
peptide_mean__P01833,0.006715259253809575,0.0
slope1__peptide_mean__P08253,0.006705373583566032,0.0
missing__protein_npx__O15394,0.006683888768586865,0.0
missing__peptide_count__O15394,0.006683888768586865,0.0
missing__peptide_mean__O15394,0.006683888768586865,0.0
slope1__protein_npx__Q99969,0.006681201026906354,0.0
rollmean2__protein_npx__P01833,0.00668103998543378,0.0
delta1__peptide_std__P04217,0.006677720882876568,0.0
rollmean2__peptide_log__QNC(UniMod_4)ELFEQLGEYK,0.006662098819734082,0.0
peptide_count__Q92823,0.00666090869833163,0.0
lag1__peptide_std__Q08380,0.006654863200544238,0.0
rollmean2__peptide_mean__P04196,0.006641534600958063,0.0
rollmean2__protein_npx__Q7Z5P9,0.0066161742032866695,0.0
missing__peptide_count__P49588,0.006614198493448537,0.0
missing__protein_npx__P49588,0.006614198493448537,0.0
missing__peptide_mean__P49588,0.006614198493448537,0.0
delta1__peptide_log__ADDKETC(UniMod_4)FAEEGK,0.006607013869472222,0.0
lag1__peptide_log__C(UniMod_4)REILSVDC(UniMod_4)STNNPSQAK,0.006583826737740843,0.0
peptide_mean__P01621,0.006578359455089256,0.0
protein_npx__P01042,0.006577257060240313,0.0
slope1__peptide_std__P02656,0.006568824586010073,0.0
rollmean2__peptide_count__P01860,0.00655509036775564,0.0
slope1__protein_npx__P09104,0.006535928428771266,0.0
delta1__protein_npx__P35542,0.006534728094108568,0.0
delta1__peptide_std__Q06481,0.006534289674989108,0.0
rollmean2__peptide_log__LGADM(UniMod_35)EDVC(UniMod_4)GR,0.0065278430006344545,0.0
lag1__peptide_mean__P01009,0.006517200833814511,0.0
delta1__peptide_std__Q9Y6R7,0.006493524553025959,0.0
slope1__protein_feature_count,0.0064816616447892755,0.0
slope1__protein_missing_fraction,0.006481661644788466,0.0
slope1__peptide_mean__P41222,0.00647185681467622,0.0
lag1__peptide_mean__P04207,0.006470240470904377,0.0
slope1__peptide_count__P61916,0.006450164100701093,0.0
delta1__peptide_log__TTPPVLDSDGSFFLYSR,0.006449137430907789,0.0
delta1__peptide_mean__P01861,0.006449137430907789,0.0
slope1__peptide_count__P04180,0.006439434461915007,0.0
missing__peptide_log__EDSLEAGLPLQVR,0.006427844820261337,0.0
lag1__protein_npx__P02765,0.006411569939808856,0.0
lag1__protein_npx__P13591,0.006400979782771676,0.0
delta1__peptide_mean__P02649,0.006396544142589454,0.0
rollmean2__peptide_log__TLLSNLEEAKK,0.006394884138989552,0.0
peptide_std__Q12805,0.00638498313180941,0.0
rollmean2__peptide_mean__P27169,0.006384479326475282,0.0
rollmean2__peptide_mean__P01033,0.006383666148599219,0.0
peptide_log__M(UniMod_35)ASGAANVVGPK,0.0063667784235081305,0.0
rollmean2__protein_npx__P02760,0.006357665922440265,0.0
rollmean2__peptide_mean__Q13283,0.006345821072579595,0.0
delta1__peptide_mean__P02760,0.006343721970145847,0.0
slope1__peptide_log__SSQGGSLPSEEK,0.00634224458080481,0.0
rollmean2__protein_npx__Q96BZ4,0.006332826766450223,0.0
slope1__peptide_log__VTLTC(UniMod_4)VAPLSGVDFQLR,0.006331733574910916,0.0
peptide_mean__P05156,0.006331196416282192,0.0
rollmean2__protein_npx__P07858,0.006316522145418682,0.0
peptide_count__P16870,0.006313081216251934,0.0
slope1__peptide_mean__P24592,0.006300273124851079,0.0
protein_npx__P07602,0.006264056326374456,0.0
delta1__peptide_std__P01034,0.006258278634343127,0.0
lag1__peptide_mean__P13521,0.006254160284654176,0.0
protein_npx__P10909,0.006252586060958628,0.0
lag1__peptide_std__O75144,0.0062390557509474,0.0
rollmean2__peptide_std__P01877,0.006232483193455127,0.0
lag1__peptide_mean__P49908,0.006224798651917238,0.0
delta1__protein_npx__Q562R1,0.006189526913840813,0.0
delta1__peptide_log__AATGEC(UniMod_4)TATVGKR,0.0061880854718603644,0.0
peptide_log__TTPPVLDSDGSFFLYSK,0.006186009599704506,0.0
peptide_mean__Q13332,0.006175755559583567,0.0
rollmean2__peptide_log__SNSSM(UniMod_35)HITDC(UniMod_4)R,0.00617223461631292,0.0
slope1__peptide_count__P23142,0.006157238480856047,0.0
slope1__protein_npx__P02649,0.006154775654740641,0.0
delta1__peptide_mean__P08253,0.006102901851227583,0.0
delta1__peptide_count__P04004,0.006093393082726812,0.0
delta1__peptide_mean__P00748,0.006091104631719579,0.0
lag1__peptide_std__Q14624,0.006087161306482335,0.0
delta1__protein_npx__P49908,0.00608122447640089,0.0
rollmean2__protein_npx__P07998,0.00607800321462678,0.0
delta1__peptide_mean__P01877,0.006074887338706634,0.0
rollmean2__protein_npx__Q92876,0.006057981494321158,0.0
delta1__peptide_log__AKLEEQAQQIR,0.006042061531837502,0.0
rollmean2__peptide_std__P10909,0.0060292645968391505,0.0
delta1__peptide_mean__Q92520,0.006014279359921408,0.0
protein_npx__P06454,0.006003255435776572,0.0
peptide_mean__P05546,0.006001280320399724,0.0
slope1__peptide_mean__P08493,0.005959143931797526,0.0
rollmean2__months_since_prev_visit,0.005958283785059415,0.0
missing__peptide_log__SSQGGSLPSEEK,0.005942355078790188,0.0
slope1__peptide_std__P43652,0.005932067749989431,0.0
slope1__peptide_log__TPVSDRVTK,0.005929641227588238,0.0
peptide_mean__P31997,0.005891639632570867,0.0
peptide_log__AATVGSLAGQPLQER,0.005878530201053304,0.0
lag1__peptide_mean__P02766,0.005878061806901566,0.0
rollmean2__peptide_count__P01024,0.005862102199825541,0.0
lag1__peptide_log__DASGVTFTWTPSSGK,0.005853979027960848,0.0
lag1__peptide_mean__P13611,0.005850938001694985,0.0
peptide_mean__P01042,0.005833929866945293,0.0
rollmean2__peptide_std__P01034,0.005803476740985819,0.0
slope1__peptide_count__P01009,0.0057992329837379605,0.0
peptide_mean__P13611,0.005777779044572035,0.0
peptide_log__YVMLPVADQDQC(UniMod_4)IR,0.005769445149026634,0.0
lag1__protein_npx__P01009,0.005764072800463877,0.0
delta1__protein_npx__P16870,0.00575492749606462,0.0
slope1__peptide_std__P10643,0.005749929828053104,0.0
delta1__peptide_mean__P00746,0.005731581152654039,0.0
missing__peptide_log__LVGGPM(UniMod_35)DASVEEEGVRR,0.005718678756890963,0.0
rollmean2__peptide_mean__P08133,0.005698376382770088,0.0
rollmean2__protein_npx__O15240,0.00569679408696026,0.0
peptide_count__P02750,0.005680581743786881,0.0
peptide_count__P07339,0.005661573162978575,0.0
delta1__peptide_mean__P07602,0.005647907142724064,0.0
protein_npx__P00441,0.005645515574400901,0.0
peptide_abundance_mean,0.005610390333817141,0.0
lag1__peptide_mean__P49588,0.0056091583617919015,0.0
peptide_std__P54289,0.00560689635343556,0.0
rollmean2__peptide_count__P16035,0.0056058503850738945,0.0
lag1__protein_npx__P08493,0.005587586961304655,0.0
lag1__peptide_mean__Q7Z5P9,0.005578625104428,0.0
peptide_count__P01042,0.005577629188310264,0.0
rollmean2__peptide_mean__P01011,0.0055664079058227265,0.0
delta1__peptide_mean__P08133,0.005563881863533813,0.0
peptide_mean__P07998,0.00556196758585722,0.0
slope1__peptide_count__Q92520,0.005545357604485434,0.0
delta1__peptide_mean__O15240,0.005535929412698605,0.0
slope1__peptide_log__LGPLVEQGR,0.005510230539878075,0.0
missing__peptide_log__ILTC(UniMod_4)M(UniMod_35)QGMEEIR,0.0054946482728774225,0.0
missing__protein_npx__Q8IWV7,0.0054946482728774225,0.0
missing__peptide_count__Q8IWV7,0.0054946482728774225,0.0
missing__peptide_mean__Q8IWV7,0.0054946482728774225,0.0
peptide_mean__P13987,0.005491213210611755,0.0
rollmean2__peptide_std__P54289,0.005479124043316569,0.0
delta1__protein_npx__P60174,0.005476849895686803,0.0
slope1__protein_npx__P98160,0.005476360993643851,0.0
delta1__peptide_mean__P01034,0.005470276202579493,0.0
lag1__peptide_mean__Q99829,0.0054649216377833315,0.0
rollmean2__peptide_count__P01042,0.005450232540196973,0.0
peptide_mean__P05155,0.005429468514345649,0.0
lag1__protein_npx__P55290,0.0054287233732293015,0.0
delta1__peptide_mean__P01834,0.005420007866566625,0.0
delta1__peptide_log__SWFEPLVEDM(UniMod_35)QR,0.005419733165619804,0.0
missing__peptide_log__WELALGR,0.005403866026433765,0.0
lag1__peptide_abundance_mean,0.0053987848017624344,0.0
slope1__protein_npx__P20933,0.005382805033619074,0.0
lag1__peptide_mean__P36955,0.00537848351398922,0.0
lag1__protein_npx__P61769,0.005371368020156857,0.0
rollmean2__peptide_mean__O15240,0.0053663190616648985,0.0
lag1__protein_npx__P01042,0.0053556568326449065,0.0
delta1__protein_npx__P07998,0.005343696797502382,0.0
protein_npx__Q13283,0.0053353571451018635,0.0
slope1__current_updrs_4,0.005329318601784573,0.0
protein_npx__P02655,0.005314788498548247,0.0
slope1__peptide_mean__P49588,0.005313267056646401,0.0
delta1__protein_npx__Q13283,0.005291565745136502,0.0
rollmean2__protein_npx__P01877,0.0052846053738820125,0.0
rollmean2__peptide_std__P04004,0.005283639713554928,0.0
delta1__protein_npx__Q96PD5,0.005281219945644697,0.0
delta1__peptide_count__Q12805,0.005271559070313621,0.0
slope1__peptide_mean__Q9Y646,0.005270518474796992,0.0
slope1__peptide_log__YVMLPVADQDQC(UniMod_4)IR,0.0052634053080997415,0.0
slope1__protein_npx__P61626,0.005247601312010989,0.0
peptide_count__P02452,0.005246012295737308,0.0
delta1__peptide_mean__P19823,0.005241239632273987,0.0
rollmean2__protein_npx__P23142,0.005240967489668701,0.0
peptide_std__P05067,0.005235493226020906,0.0
peptide_abundance_max,0.005214256726203745,0.0
rollmean2__peptide_mean__O75326,0.005210329185052652,0.0
rollmean2__peptide_count__P09871,0.005208980639034832,0.0
peptide_log__NPDPWAK,0.005204457555934304,0.0
slope1__peptide_count__P00441,0.005152504349986564,0.0
slope1__peptide_log__SC(UniMod_4)DTPPPC(UniMod_4)PR,0.005143245500866342,0.0
rollmean2__peptide_std__P02765,0.005135160165003314,0.0
slope1__protein_npx__P02749,0.00512181359236135,0.0
delta1__protein_npx__P01042,0.005098314419481717,0.0
slope1__peptide_count__Q06481,0.005095406140659495,0.0
slope1__peptide_mean__P01860,0.005094737926938106,0.0
slope1__peptide_mean__Q92520,0.005085718124312637,0.0
slope1__protein_npx__Q99674,0.005068703787351555,0.0
slope1__peptide_count__Q9UHG2,0.005067787034944318,0.0
delta1__peptide_mean__P27169,0.0050549066731112,0.0
lag1__protein_npx__Q13283,0.0050518342826297614,0.0
rollmean2__peptide_mean__P01877,0.0050490924708912165,0.0
peptide_count__P01857,0.005025030868276779,0.0
rollmean2__protein_npx__P98160,0.0050147028267878,0.0
delta1__peptide_count__P04433,0.005011745377316897,0.0
slope1__peptide_log__C(UniMod_4)C(UniMod_4)VEC(UniMod_4)PPC(UniMod_4)PAPPVAGPSVFLFPPKPK,0.005002674327078088,0.0
peptide_std__P04004,0.004995961238448701,0.0
slope1__peptide_mean__Q7Z3B1,0.0049638918796205455,0.0
peptide_log__LRTEGDGVYTLNNEK,0.004946816432017403,0.0
slope1__peptide_log__LSNENHGIAQR,0.0049442256725934905,0.0
protein_npx__P02679,0.004937761381352905,0.0
protein_npx__P02750,0.004937612106437897,0.0
rollmean2__peptide_count__O15394,0.004929222415193582,0.0
peptide_abundance_std,0.004923919598541698,0.0
delta1__peptide_feature_count,0.00492117279615221,0.0
delta1__peptide_missing_fraction,0.004921172796152154,0.0
protein_npx__P60174,0.004920882035758505,0.0
slope1__peptide_count__P16035,0.004912732971319102,0.0
lag1__peptide_mean__P02679,0.004905085541712128,0.0
missing__peptide_log__IMNGEADAMSLDGGFVYIAGK,0.004903397208355156,0.0
lag1__protein_npx__P06310,0.004902507530769937,0.0
rollmean2__protein_npx__P02747,0.004889221646262727,0.0
rollmean2__protein_npx__Q06481,0.0048780956594088746,0.0
slope1__peptide_log__NPDPWAK,0.004876245712655272,0.0
peptide_std__P02675,0.004846288681409052,0.0
rollmean2__peptide_mean__Q92876,0.0048314824480178145,0.0
slope1__peptide_std__P01834,0.004830953322041848,0.0
rollmean2__peptide_log__FLATTPNSLLVSWQPPR,0.0048200651156196815,0.0
delta1__protein_npx__Q9BY67,0.004816737374015085,0.0
slope1__peptide_mean__Q96PD5,0.004810626352911936,0.0
slope1__protein_npx__P04196,0.004806854743706522,0.0
peptide_count__Q9Y6R7,0.004794340655622681,0.0
peptide_mean__P08133,0.00477237573599335,0.0
lag1__peptide_log__C(UniMod_4)SYTEDAQC(UniMod_4)IDGTIEVPK,0.004770091481244149,0.0
slope1__peptide_std__P09871,0.0047670027502448205,0.0
slope1__peptide_mean__Q96BZ4,0.004765381805316757,0.0
delta1__protein_npx__P02652,0.0047556821430593255,0.0
rollmean2__protein_feature_count,0.004744129674128765,0.0
rollmean2__protein_missing_fraction,0.004744129674128593,0.0
lag1__protein_npx__P10643,0.00474021771818276,0.0
peptide_mean__P01024,0.004733718351444365,0.0
slope1__peptide_std__P61769,0.0047242642505021136,0.0
delta1__peptide_mean__P02675,0.004714681620348826,0.0
delta1__peptide_mean__Q02818,0.004713253309393128,0.0
slope1__peptide_mean__P02649,0.004709865714000726,0.0
lag1__peptide_mean__O14791,0.004707885542070644,0.0
lag1__peptide_std__Q14118,0.004691227934079098,0.0
missing__peptide_std__Q16610,0.004687574493980791,0.0
peptide_log__AYQGVAAPFPK,0.0046747143951726446,0.0
slope1__peptide_mean__P00441,0.004643165952431638,0.0
slope1__peptide_count__P08294,0.004629944630348293,0.0
slope1__protein_npx__P08697,0.004629094865321097,0.0
delta1__protein_npx__P27169,0.004625137627854039,0.0
slope1__protein_npx__P13611,0.004614295393781735,0.0
rollmean2__protein_npx__P36980,0.004601336260607817,0.0
peptide_log__KAADDTWEPFASGK,0.004582209762696079,0.0
lag1__peptide_mean__O00533,0.0045808713704375194,0.0
slope1__protein_npx__P01019,0.004577628839463274,0.0
rollmean2__peptide_mean__Q06481,0.00457354750208443,0.0
peptide_count__P09871,0.004571826342019574,0.0
peptide_mean__P01008,0.004567891849027353,0.0
peptide_count__P01011,0.004559554924360527,0.0
peptide_mean__P32754,0.004546241873640305,0.0
slope1__peptide_log__LPPTSAHGNVAEGETKPDPDVTER,0.004522772032499853,0.0
protein_npx__Q9HDC9,0.004518364314644646,0.0
slope1__peptide_std__P00746,0.004514016623887092,0.0
delta1__peptide_mean__P08697,0.004504677486140892,0.0
rollmean2__peptide_count__P04196,0.004502559071241456,0.0
delta1__peptide_std__Q08380,0.004499663776865167,0.0
rollmean2__peptide_count__P00736,0.004495844433947824,0.0
rollmean2__peptide_mean__P19823,0.004464702696674741,0.0
slope1__protein_npx__P08637,0.004454576276986696,0.0
lag1__peptide_std__Q92520,0.0044445856278650395,0.0
delta1__peptide_mean__P01023,0.004430519740279448,0.0
peptide_mean__P24592,0.004406981098664513,0.0
protein_npx__P01877,0.004406135349628082,0.0
delta1__peptide_mean__P13671,0.0044061122777920335,0.0
missing__peptide_log__TEGDGVYTLNNEK,0.004404063601216224,0.0
protein_npx__P07998,0.00439444607979075,0.0
peptide_std__P01876,0.004380047361786314,0.0
missing__peptide_mean__Q8NE71,0.004364689072075857,0.0
missing__peptide_count__Q8NE71,0.004364689072075857,0.0
missing__protein_npx__Q8NE71,0.004364689072075857,0.0
lag1__protein_npx__Q99683,0.00435910690893851,0.0
delta1__peptide_std__P02768,0.00433980633131883,0.0
slope1__protein_npx__P00441,0.0043361579580534155,0.0
slope1__protein_npx__Q96PD5,0.004335988788459999,0.0
delta1__peptide_log__KVEQAVETEPEPELR,0.004335299526521427,0.0
lag1__protein_npx__Q99969,0.004333771858254628,0.0
rollmean2__peptide_std__Q06481,0.004329963369628267,0.0
rollmean2__peptide_mean__P05408,0.004316065069664821,0.0
lag1__peptide_mean__P16870,0.004298975501584486,0.0
slope1__protein_npx__P01031,0.004296563820680647,0.0
lag1__peptide_mean__P01594,0.004296004925607002,0.0
lag1__peptide_mean__P98160,0.004286608262214628,0.0
delta1__peptide_mean__Q92823,0.004280572769180142,0.0
delta1__protein_npx__P49588,0.004273906341972479,0.0
peptide_mean__P14618,0.004270998932300493,0.0
peptide_mean__P02768,0.004264942518027373,0.0
slope1__peptide_mean__Q6UXD5,0.004257079998749907,0.0
rollmean2__peptide_mean__P04211,0.004252860046791948,0.0
delta1__peptide_log__KAADDTWEPFASGK,0.004252398600587966,0.0
missing__peptide_std__P01877,0.0042228982335264864,0.0
rollmean2__protein_npx__Q99969,0.004212204197650709,0.0
rollmean2__peptide_count__P23142,0.004211421268713399,0.0
slope1__protein_npx__P04216,0.004187331636411402,0.0
lag1__peptide_count__P02656,0.004181938463348257,0.0
missing__peptide_mean__P60174,0.00418149122218112,0.0
missing__peptide_count__P60174,0.00418149122218112,0.0
missing__protein_npx__P60174,0.00418149122218112,0.0
protein_npx__P04207,0.00416813239328322,0.0
delta1__protein_npx__P01861,0.004164028936785676,0.0
slope1__peptide_count__P02750,0.00416110183567522,0.0
protein_npx__P98160,0.00415664119200638,0.0
lag1__peptide_log__SGEATDGARPQALPEPMQESK,0.004155618232160912,0.0
peptide_mean__P08123,0.00415222027895802,0.0
peptide_log__LSKELQAAQAR,0.004149198126672467,0.0
lag1__protein_npx__P13521,0.004141829386623115,0.0
delta1__protein_npx__P04433,0.0041318970639032965,0.0
peptide_mean__Q9UHG2,0.004125125997483807,0.0
peptide_mean__P11142,0.0041244245093943555,0.0
missing__protein_npx__P05408,0.0041214202418507345,0.0
missing__peptide_mean__P05408,0.0041214202418507345,0.0
missing__peptide_count__P05408,0.0041214202418507345,0.0
missing__peptide_mean__P09104,0.004115899266271393,0.0
missing__protein_npx__P09104,0.004115899266271393,0.0
missing__peptide_count__P09104,0.004115899266271393,0.0
delta1__peptide_count__P43652,0.004098242823526664,0.0
rollmean2__peptide_std__P00748,0.00409611423599152,0.0
lag1__protein_npx__P05060,0.004073479592441873,0.0
rollmean2__peptide_mean__P02768,0.004066079819654135,0.0
slope1__protein_npx__P13671,0.0040585794198962286,0.0
protein_npx__P27169,0.004035676547822214,0.0
peptide_std__Q12841,0.004035636861039404,0.0
lag1__peptide_log__LRTEGDGVYTLNNEKQWINK,0.004026691445583648,0.0
rollmean2__protein_npx__P04156,0.004022738766553878,0.0
peptide_mean__P02671,0.004022140118210022,0.0
missing__peptide_log__TM(UniMod_35)LLQPAGSLGSYSYR,0.004016560729728303,0.0
slope1__protein_npx__Q9BY67,0.004010050358423097,0.0
peptide_mean__P16870,0.0039908687901138995,0.0
rollmean2__peptide_std__P02763,0.003977865770130977,0.0
delta1__peptide_std__P16870,0.003971482431779158,0.0
missing__peptide_count__P04211,0.003967477863144542,0.0
missing__protein_npx__P04211,0.003967477863144542,0.0
missing__peptide_mean__P04211,0.003967477863144542,0.0
missing__peptide_mean__Q13740,0.003952483062271856,0.0
missing__protein_npx__Q13740,0.003952483062271856,0.0
missing__peptide_count__Q13740,0.003952483062271856,0.0
missing__peptide_count__P01594,0.0039503176093766265,0.0
missing__protein_npx__P01594,0.0039503176093766265,0.0
missing__peptide_mean__P01594,0.0039503176093766265,0.0
lag1__peptide_count__O15240,0.003946010900389278,0.0
rollmean2__protein_npx__Q13283,0.003940177904616747,0.0
lag1__peptide_std__P08294,0.003927105357392427,0.0
lag1__protein_npx__P02774,0.003913481710274825,0.0
rollmean2__protein_npx__P07711,0.0038993149956077456,0.0
missing__peptide_log__HYTNPSQDVTVPC(UniMod_4)PVPPPPPC(UniMod_4)C(UniMod_4)HPR,0.0038989632599228385,0.0
slope1__has_previous_visit,0.0038867599442221346,0.0
slope1__peptide_mean__P30086,0.003885866433214107,0.0
rollmean2__peptide_mean__P05155,0.003861701021166574,0.0
rollmean2__peptide_mean__P23083,0.003858055729832646,0.0
slope1__protein_npx__P18065,0.0038458199858458857,0.0
lag1__protein_npx__P01717,0.0038300029310904204,0.0
rollmean2__peptide_mean__Q8NBJ4,0.003817331593285501,0.0
delta1__peptide_mean__P04180,0.003814920370365847,0.0
lag1__peptide_log__NFPPSQDASGDLYTTSSQLTLPATQC(UniMod_4)LAGK,0.003794611349549435,0.0
slope1__peptide_mean__Q99674,0.0037842711374523525,0.0
slope1__protein_npx__P05408,0.003768047523560858,0.0
protein_npx__P43251,0.003767920122742494,0.0
delta1__peptide_std__P01011,0.0037660132741939058,0.0
slope1__peptide_mean__Q9UKV8,0.0037627500808569683,0.0
slope1__peptide_observation_count,0.0037405407412018756,0.0
lag1__peptide_std__P08603,0.0037389687284535246,0.0
slope1__peptide_count__Q96PD5,0.003734816983632404,0.0
lag1__peptide_count__P20774,0.0037245433615312115,0.0
delta1__peptide_log__RTPITVVK,0.003717866646630615,0.0
lag1__peptide_std__Q6UXB8,0.0037041827506383725,0.0
lag1__peptide_mean__Q92876,0.0037021075256209483,0.0
rollmean2__peptide_count__Q14118,0.0036970179096052417,0.0
peptide_log__LIADLGSTSITNLGFR,0.003691877165549182,0.0
slope1__peptide_mean__P01009,0.003688053090324163,0.0
rollmean2__peptide_std__P02656,0.0036817471450176177,0.0
rollmean2__peptide_mean__P24592,0.0036783173351218235,0.0
peptide_log__QIGSVYR,0.0036726081824595175,0.0
peptide_count__P13591,0.0036707342959827393,0.0
delta1__peptide_mean__Q99969,0.003662724892164727,0.0
lag1__peptide_mean__P01860,0.0036534036894404287,0.0
lag1__peptide_std__P08571,0.0036524623571110963,0.0
lag1__protein_npx__Q13449,0.003643591319742368,0.0
protein_feature_count,0.0036433496654409737,0.0
protein_missing_fraction,0.0036433496654409325,0.0
delta1__peptide_abundance_mean,0.0036418515515410643,0.0
slope1__peptide_count__P41222,0.003641488344365448,0.0
rollmean2__peptide_count__P02652,0.0036292732287367124,0.0
delta1__protein_npx__P01876,0.003624067761884935,0.0
delta1__peptide_log__HYDGSYSTFGER,0.003615737686013161,0.0
missing__peptide_count__P19827,0.0036059191309451527,0.0
missing__peptide_mean__P19827,0.0036059191309451527,0.0
missing__protein_npx__P19827,0.0036059191309451527,0.0
peptide_std__P02768,0.0036024043638477107,0.0
peptide_mean__P04207,0.0036006177464232353,0.0
peptide_mean__O15240,0.00360030823808614,0.0
missing__peptide_log__NFPPSQDASGDLYTTSSQLTLPATQC(UniMod_4)PDGK,0.0036002742681239008,0.0
peptide_mean__Q8NBJ4,0.0035837950173173245,0.0
peptide_mean__P07225,0.003579900096992178,0.0
delta1__peptide_std__P16070,0.0035784085602114752,0.0
slope1__protein_npx__O00533,0.0035782225781912833,0.0
rollmean2__peptide_log__LRTEGDGVYTLNNEKQWINK,0.0035503088799787386,0.0
slope1__peptide_mean__P07333,0.0035419635774943488,0.0
delta1__peptide_std__P39060,0.0035258080830125496,0.0
slope1__peptide_mean__P14618,0.0034807767068425494,0.0
delta1__protein_npx__P30086,0.0034746611108260987,0.0
delta1__peptide_mean__P00734,0.003472323681314177,0.0
peptide_mean__P09104,0.003466955960427091,0.0
delta1__peptide_log__C(UniMod_4)SYTEDAQC(UniMod_4)IDGTIEVPK,0.0034619917933454746,0.0
missing__peptide_log__ATVNPSAPR,0.0034451191362762077,0.0
missing__peptide_log__VDSGNDVTDIADDGC(UniMod_4)PKPPEIAHGYVEHSVR,0.0034394832048915427,0.0
peptide_mean__P40925,0.0034308068551970744,0.0
slope1__peptide_log__AYKSELEEQLTPVAEETR,0.003424303501238658,0.0
rollmean2__peptide_mean__P01023,0.0034197960372387977,0.0
protein_npx__P02671,0.0033880761267302906,0.0
lag1__protein_npx__Q9UBX5,0.00337837049277266,0.0
slope1__peptide_std__Q96PD5,0.003325041290851845,0.0
lag1__protein_npx__Q9Y6R7,0.0033235185535610374,0.0
lag1__protein_npx__P01594,0.0033157479462466058,0.0
slope1__peptide_count__Q9Y6R7,0.003307193805947931,0.0
lag1__peptide_mean__P13671,0.003298465469313191,0.0
delta1__protein_npx__P13473,0.0032931714049412994,0.0
missing__peptide_mean__P14174,0.003292559815947487,0.0
missing__protein_npx__P14174,0.003292559815947487,0.0
missing__peptide_count__P14174,0.003292559815947487,0.0
lag1__peptide_count__P01008,0.0032920996823689783,0.0
slope1__peptide_count__P02749,0.003289466016588638,0.0
lag1__protein_npx__P07333,0.0032867921470458254,0.0
slope1__peptide_std__P01877,0.003267836775828185,0.0
rollmean2__peptide_mean__P25311,0.003247793981824838,0.0
delta1__peptide_mean__P02787,0.0032315189759250626,0.0
rollmean2__protein_npx__P06396,0.0032192823991637016,0.0
rollmean2__peptide_count__Q92520,0.0032182997953138785,0.0
missing__peptide_log__TPLGDTTHTC(UniMod_4)PR,0.0032175084993575254,0.0
slope1__peptide_log__RLEGQEEEEDNRDSSMK,0.003194247728383121,0.0
delta1__peptide_std__P61916,0.0031788675884577323,0.0
delta1__peptide_mean__P60174,0.0031565932602354665,0.0
rollmean2__peptide_mean__P01034,0.0031560444728626867,0.0
slope1__protein_npx__P02748,0.003150542597829766,0.0
slope1__protein_npx__P02774,0.003150170666451992,0.0
lag1__peptide_mean__Q99683,0.003147129501648988,0.0
lag1__protein_npx__P80748,0.003106089740058156,0.0
slope1__peptide_mean__P02652,0.003100400901032317,0.0
peptide_std__P16070,0.0030983924070292967,0.0
slope1__peptide_count__P07711,0.0030960384300909227,0.0
lag1__peptide_mean__Q96PD5,0.0030608141154877923,0.0
slope1__peptide_count__P30086,0.0030510791894521275,0.0
lag1__peptide_count__P01860,0.003046700183896622,0.0
missing__peptide_log__KAADDTWEPFASGK,0.0030401680609539205,0.0
rollmean2__peptide_log__LEGQEEEEDNRDSSMK,0.003033300263351717,0.0
lag1__peptide_mean__P09486,0.003032849231159676,0.0
rollmean2__peptide_abundance_std,0.0030319376136863536,0.0
missing__peptide_count__Q9NQ79,0.0030319066446606213,0.0
missing__protein_npx__Q9NQ79,0.0030319066446606213,0.0
missing__peptide_mean__Q9NQ79,0.0030319066446606213,0.0
slope1__peptide_std__P02765,0.0030288691662221042,0.0
delta1__peptide_std__P05067,0.0030271730817442756,0.0
peptide_log__VTLTC(UniMod_4)VAPLSGVDFQLR,0.0030206059798438194,0.0
slope1__peptide_std__P08493,0.003010409573696047,0.0
peptide_mean__P02792,0.0030055074134121866,0.0
peptide_std__P10909,0.003002534554932803,0.0
lag1__peptide_std__Q16270,0.0029747558687537408,0.0
lag1__peptide_std__P36955,0.002953898015706883,0.0
delta1__peptide_std__P06681,0.0029464087263484815,0.0
peptide_mean__Q96KN2,0.002940263771712171,0.0
lag1__protein_npx__P01019,0.002939668594389387,0.0
peptide_std__P25311,0.00293164256674515,0.0
delta1__peptide_std__Q14624,0.002910367228476711,0.0
peptide_log__SGEATDGARPQALPEPMQESK,0.00291023064692081,0.0
peptide_count__Q16270,0.002910069640674135,0.0
rollmean2__peptide_count__P04217,0.0029093830060020883,0.0
rollmean2__protein_npx__Q13332,0.002901026487233401,0.0
slope1__current_updrs_3,0.0029003675893315532,0.0
lag1__peptide_mean__P02675,0.0028986127748958975,0.0
peptide_count__P04196,0.0028952525290509823,0.0
slope1__peptide_mean__P09871,0.002883308181746578,0.0
lag1__peptide_std__P02747,0.002880827854313545,0.0
slope1__protein_npx__Q8NE71,0.002866348709978572,0.0
lag1__peptide_std__P17174,0.0028662752470253626,0.0
lag1__peptide_count__P02751,0.002864553571438514,0.0
slope1__peptide_mean__P02760,0.0028548383992237146,0.0
delta1__peptide_log__FNKPFVFLM(UniMod_35)IEQNTK,0.002820066324578686,0.0
lag1__protein_npx__P16070,0.0028163458921344705,0.0
lag1__peptide_std__P05067,0.0028127925334250166,0.0
delta1__peptide_count__Q12841,0.0028040791608520002,0.0
slope1__peptide_count__P08493,0.002802356513008892,0.0
delta1__peptide_std__Q16610,0.002795154105575629,0.0
lag1__peptide_std__O00533,0.0027689735871948675,0.0
lag1__peptide_mean__P43121,0.0027689321665587564,0.0
lag1__peptide_mean__P05156,0.002759478830266379,0.0
delta1__protein_npx__O94919,0.002758352737011905,0.0
delta1__peptide_count__P13987,0.0027512614518013733,0.0
slope1__peptide_count__P02748,0.0027470450764973094,0.0
delta1__peptide_std__P01834,0.002738148840923013,0.0
missing__peptide_log__MASGAANVVGPK,0.002733157833353985,0.0
slope1__peptide_mean__P01859,0.0027323111118852826,0.0
slope1__protein_npx__P01834,0.002726483950859255,0.0
delta1__months_since_baseline,0.002710392665372762,0.0
months_since_prev_visit,0.002710392665372762,0.0
lag1__peptide_mean__P07858,0.002703164642308425,0.0
rollmean2__peptide_std__P04217,0.002684520951718898,0.0
slope1__peptide_log__AYQGVAAPFPK,0.002681536422226136,0.0
slope1__peptide_count__P09486,0.0026762475205408228,0.0
slope1__peptide_std__P07225,0.002663467842685346,0.0
delta1__peptide_log__LQAEAFQAR,0.0026539850914974175,0.0
lag1__peptide_count__P05090,0.0026494628999573964,0.0
delta1__peptide_std__P20774,0.002643425180707046,0.0
delta1__peptide_std__P02763,0.002634840428504823,0.0
lag1__protein_npx__P04207,0.00263157995180402,0.0
protein_npx__P02790,0.002630984591129001,0.0
slope1__peptide_mean__P05090,0.00261719951468982,0.0
peptide_std__P05452,0.002606836289485012,0.0
lag1__peptide_std__P00748,0.002599734400376481,0.0
peptide_mean__P10909,0.0025980437867711625,0.0
slope1__peptide_count__P19823,0.0025934382285756194,0.0
missing__peptide_std__Q12907,0.0025871075628297957,0.0
lag1__protein_npx__P13611,0.0025871028225267385,0.0
peptide_mean__P14314,0.0025807129460892137,0.0
lag1__peptide_mean__Q99832,0.002564545972862882,0.0
delta1__peptide_count__P23142,0.0025611412225396164,0.0
rollmean2__peptide_std__P02675,0.0025463065650621042,0.0
delta1__peptide_mean__P02656,0.002541177894272357,0.0
slope1__peptide_mean__P14314,0.002540243331461445,0.0
lag1__protein_npx__P05155,0.0025297511568294065,0.0
peptide_mean__P01023,0.002524737460122827,0.0
protein_npx__P43652,0.0025145929393450735,0.0
slope1__peptide_mean__P13671,0.0025041075205161486,0.0
lag1__peptide_std__P05452,0.002484702397669228,0.0
delta1__peptide_mean__P39060,0.0024727763164672646,0.0
rollmean2__peptide_mean__Q15904,0.002465371547046554,0.0
lag1__peptide_mean__P13591,0.0024648335755107706,0.0
missing__peptide_log__M(UniMod_35)ASGAANVVGPK,0.0024622478537171047,0.0
slope1__peptide_mean__P20774,0.0024525879937941125,0.0
protein_npx__P06681,0.00244665179107599,0.0
peptide_log__VGYVSGWGR,0.002444540164234637,0.0
peptide_log__LC(UniMod_4)MGSGLNLC(UniMod_4)EPNNKEGYYGYTGAFR,0.0024416385621906485,0.0
slope1__protein_npx__P19652,0.00242304510489455,0.0
peptide_mean__P04075,0.0024200605004550653,0.0
lag1__peptide_count__P01009,0.002412760967162795,0.0
slope1__protein_npx__P02750,0.0023841621637628605,0.0
slope1__protein_npx__P43251,0.002376113686709334,0.0
rollmean2__peptide_mean__P01042,0.0023700000055668045,0.0
lag1__peptide_abundance_sum,0.002358356433716206,0.0
lag1__peptide_log__ATVNPSAPR,0.002356669674245411,0.0
lag1__peptide_mean__P08123,0.002351625682588688,0.0
rollmean2__protein_npx__P02452,0.0023457653890856796,0.0
peptide_mean__P19823,0.002340242748869272,0.0
missing__peptide_mean__P00441,0.0023391293299678834,0.0
missing__protein_npx__P00441,0.0023391293299678834,0.0
missing__peptide_count__P00441,0.0023391293299678834,0.0
delta1__peptide_std__P00746,0.0023216102108275976,0.0
slope1__peptide_mean__P07602,0.002303468029623155,0.0
missing__protein_npx__P17174,0.0023024151671427527,0.0
missing__peptide_count__P17174,0.0023024151671427527,0.0
missing__peptide_mean__P17174,0.0023024151671427527,0.0
slope1__peptide_log__SLAELGGHLDQQVEEFRR,0.0022928660678263554,0.0
slope1__peptide_count__P10645,0.0022818148192728697,0.0
delta1__protein_npx__O14773,0.0022796666209481294,0.0
missing__peptide_count__P08637,0.0022731286043956365,0.0
missing__protein_npx__P08637,0.0022731286043956365,0.0
missing__peptide_mean__P08637,0.0022731286043956365,0.0
delta1__peptide_log__ATVNPSAPR,0.002272721391098984,0.0
slope1__peptide_log__NFPPSQDASGDLYTTSSQLTLPATQC(UniMod_4)LAGK,0.0022706137107973215,0.0
lag1__peptide_log__AYKSELEEQLTPVAEETR,0.002264524492566736,0.0
rollmean2__peptide_mean__Q14624,0.002262737112383185,0.0
slope1__protein_npx__Q13283,0.002262360124751198,0.0
peptide_std__P08603,0.002229102224950279,0.0
slope1__peptide_mean__P20933,0.0022252991209569563,0.0
peptide_count__P02787,0.002225289171536046,0.0
lag1__peptide_mean__P06454,0.0022016374037958503,0.0
rollmean2__peptide_mean__P01833,0.002197912253217062,0.0
delta1__peptide_log__VTSIQDWVQK,0.0021886589527620333,0.0
lag1__protein_npx__P36955,0.002178878025159128,0.0
rollmean2__protein_npx__P40925,0.0021757850854450425,0.0
lag1__protein_npx__P23142,0.002170482801207291,0.0
delta1__protein_npx__Q92520,0.0021659039804781304,0.0
slope1__protein_npx__P16152,0.002161344827115019,0.0
delta1__peptide_log__GEVQAMLGQSTEELR,0.002157884272152036,0.0
slope1__peptide_mean__P49908,0.0021557776643362403,0.0
lag1__peptide_log__LPPTSAHGNVAEGETKPDPDVTER,0.0021510333766142226,0.0
delta1__peptide_mean__P20774,0.0021383553178187585,0.0
peptide_mean__P04196,0.002121904673535362,0.0
lag1__protein_npx__P02760,0.002114803757015087,0.0
slope1__peptide_mean__Q13740,0.0021091029619813495,0.0
peptide_log__ALGISPFHEHAEVVFTANDSGPR,0.0020971102122218387,0.0
lag1__peptide_mean__P01042,0.0020921704475322196,0.0
peptide_mean__P07858,0.002090236452264144,0.0
slope1__protein_npx__P27169,0.0020801529790362644,0.0
delta1__protein_npx__P04216,0.0020691630171715877,0.0
missing__peptide_log__DSGEGDFLAEGGGVR,0.0020604368183405166,0.0
slope1__peptide_log__HYDGSYSTFGER,0.002060020915410182,0.0
lag1__protein_npx__Q9UHG2,0.0020454329629729876,0.0
peptide_log__IHWESASLLR,0.0020207246977395586,0.0
rollmean2__peptide_mean__P10909,0.0019980857391882333,0.0
lag1__peptide_mean__P01034,0.0019979589293034504,0.0
lag1__peptide_count__P61916,0.0019848699897113443,0.0
lag1__peptide_log__TSPVDEKALQDQLVLVAAK,0.0019817647439850333,0.0
rollmean2__peptide_mean__P40925,0.0019768394999133245,0.0
slope1__peptide_std__P01008,0.0019618605551051027,0.0
missing__peptide_log__LGADM(UniMod_35)EDVC(UniMod_4)GR,0.0019448158034602698,0.0
lag1__protein_npx__P14618,0.0019351530135402262,0.0
lag1__peptide_log__SFNRGEC(UniMod_4),0.0019330260116170327,0.0
rollmean2__peptide_mean__P02649,0.0019301534378197965,0.0
delta1__peptide_count__P02749,0.0019089089189374096,0.0
slope1__protein_npx__P24592,0.0019017933632828382,0.0
peptide_mean__P30086,0.0018992577828858236,0.0
lag1__protein_npx__Q92823,0.0018963224685261473,0.0
lag1__peptide_log__SGELEQEEER,0.001884943899222951,0.0
rollmean2__protein_npx__P14618,0.0018849307711019119,0.0
delta1__protein_npx__P20933,0.001883921818936358,0.0
peptide_std__P08493,0.0018616558122315626,0.0
slope1__peptide_std__P98160,0.001853254140233328,0.0
missing__peptide_count__Q13283,0.0018499490930993254,0.0
missing__protein_npx__Q13283,0.0018499490930993254,0.0
missing__peptide_mean__Q13283,0.0018499490930993254,0.0
rollmean2__peptide_mean__P09104,0.0018418327755561526,0.0
slope1__protein_npx__Q14624,0.0018303951238848514,0.0
rollmean2__protein_npx__Q6UX71,0.0018287055166836198,0.0
delta1__peptide_mean__Q9UKV8,0.0018225953056368728,0.0
slope1__peptide_std__Q9NQ79,0.0018149556102818342,0.0
peptide_log__MASGAANVVGPK,0.0018143813057012043,0.0
rollmean2__peptide_count__P01834,0.0018136318016353599,0.0
lag1__peptide_mean__O15240,0.0018124872406053687,0.0
slope1__protein_npx__O14791,0.0018027831296636692,0.0
lag1__months_since_baseline,0.0017981662818401306,0.0
delta1__protein_npx__P13671,0.0017895196303339233,0.0
slope1__peptide_mean__P12109,0.0017894531193762045,0.0
peptide_mean__P04406,0.0017796325501278174,0.0
slope1__protein_npx__Q13451,0.0017735378906279437,0.0
lag1__peptide_log__KVEQAVETEPEPELR,0.0017728058104266677,0.0
delta1__peptide_mean__P19827,0.001767989147492354,0.0
delta1__protein_npx__P16070,0.0017659810273367481,0.0
slope1__peptide_std__O75144,0.0017525543590283655,0.0
slope1__protein_npx__P02765,0.0017409210050457046,0.0
lag1__peptide_mean__Q06481,0.0017364362657883298,0.0
peptide_mean__Q6UX71,0.0017344981816908701,0.0
delta1__peptide_count__P08697,0.0017252720152864673,0.0
delta1__peptide_mean__P02747,0.0017211407920290343,0.0
rollmean2__protein_npx__P01024,0.001714875837411875,0.0
delta1__peptide_count__P61916,0.0017133962937070368,0.0
delta1__peptide_count__Q92823,0.0016851640205962507,0.0
rollmean2__peptide_mean__Q13332,0.0016527122368843272,0.0
delta1__protein_npx__P02671,0.0016466590627858546,0.0
delta1__peptide_mean__O43505,0.0016305000350302547,0.0
lag1__protein_npx__Q7Z5P9,0.0016228652629545325,0.0
rollmean2__protein_npx__P02671,0.0016226572460819387,0.0
peptide_mean__P43251,0.0016218453232435086,0.0
slope1__peptide_mean__P43251,0.0016188764709481331,0.0
slope1__peptide_mean__Q9BY67,0.001609027603573622,0.0
lag1__peptide_log__SC(UniMod_4)DTPPPC(UniMod_4)PR,0.0015862234469824915,0.0
lag1__peptide_log__FNKPFVFLM(UniMod_35)IEQNTK,0.0015860340083137133,0.0
lag1__peptide_count__P98160,0.001571804583044292,0.0
peptide_log__LSNENHGIAQR,0.0015715435823165104,0.0
delta1__protein_npx__P19652,0.0015709246524298918,0.0
lag1__peptide_count__P02652,0.001549135955013119,0.0
lag1__peptide_mean__P01876,0.001538109089897089,0.0
peptide_mean__P02649,0.0015280623817658593,0.0
delta1__peptide_count__O14773,0.0015244566377314575,0.0
delta1__peptide_std__P08493,0.0014981309450464199,0.0
lag1__peptide_mean__P04275,0.0014968907290530999,0.0
delta1__peptide_std__P10643,0.0014924881378618703,0.0
peptide_feature_count,0.001490276225099669,0.0
peptide_missing_fraction,0.0014902762250996666,0.0
rollmean2__peptide_feature_count,0.0014854924707154292,0.0
rollmean2__peptide_missing_fraction,0.0014854924707154284,0.0
delta1__protein_npx__P04406,0.0014729029708597987,0.0
lag1__peptide_log__LGQSLDC(UniMod_4)NAEVYVVPWEK,0.0014637173426210377,0.0
slope1__protein_npx__Q9UBX5,0.0014596555301199063,0.0
lag1__peptide_mean__P01861,0.0014118507741543102,0.0
lag1__peptide_log__TTPPVLDSDGSFFLYSR,0.0014118507741543102,0.0
delta1__peptide_mean__P05067,0.0014061561402401303,0.0
lag1__peptide_mean__P08253,0.001366932255964703,0.0
peptide_mean__P02679,0.0013602727858518992,0.0
missing__peptide_count__P01861,0.0013560925306361096,0.0
missing__peptide_mean__P01861,0.0013560925306361096,0.0
missing__peptide_log__TTPPVLDSDGSFFLYSR,0.0013560925306361096,0.0
missing__protein_npx__P01861,0.0013560925306361096,0.0
slope1__peptide_count__P05060,0.001348159356465589,0.0
missing__peptide_std__Q6UXB8,0.0013310816273543423,0.0
slope1__protein_npx__P08571,0.0013289346994709295,0.0
protein_npx__P00748,0.0013270977899721528,0.0
peptide_std__Q06481,0.001324526589572089,0.0
rollmean2__peptide_mean__Q92823,0.0013210902056847358,0.0
delta1__peptide_mean__O15394,0.0013172063959529948,0.0
slope1__peptide_mean__P13591,0.0012981527750522085,0.0
rollmean2__protein_npx__P17174,0.001298076876252276,0.0
delta1__peptide_std__P02675,0.0012868125061468762,0.0
missing__peptide_std__P00736,0.001285300572620756,0.0
lag1__peptide_std__P02774,0.0012775523165360833,0.0
lag1__protein_npx__P13671,0.0012707262823244223,0.0
protein_npx__P17174,0.001263615064333654,0.0
lag1__protein_npx__P06454,0.001261836497974267,0.0
rollmean2__peptide_count__P04004,0.001237308067691347,0.0
lag1__peptide_mean__P02656,0.001232686666947509,0.0
rollmean2__protein_npx__P02675,0.0012291995843710965,0.0
peptide_std__P02790,0.0012197056471679867,0.0
lag1__protein_npx__P08123,0.0012180286350832843,0.0
delta1__peptide_mean__P04196,0.001211686305331537,0.0
lag1__peptide_count__Q92823,0.0012044002269361207,0.0
delta1__peptide_mean__P17174,0.001202356087984623,0.0
rollmean2__peptide_log__LRTEGDGVYTLNNEK,0.001191295325724971,0.0
lag1__protein_npx__P04180,0.001180525873906488,0.0
slope1__peptide_count__P02647,0.0011802813103081737,0.0
lag1__peptide_std__Q9UBX5,0.001174663722490727,0.0
lag1__peptide_log__AATVGSLAGQPLQER,0.0011732046295884614,0.0
rollmean2__protein_npx__P19827,0.0011570235589981762,0.0
slope1__peptide_mean__P25311,0.0011538098432154818,0.0
rollmean2__peptide_observation_count,0.001151137746534419,0.0
lag1__peptide_mean__P01011,0.0011373463890499824,0.0
lag1__protein_npx__P01861,0.001135934817495982,0.0
lag1__peptide_std__P07711,0.00113581114384065,0.0
delta1__peptide_mean__P01608,0.0011275525298402025,0.0
missing__peptide_log__GC(UniMod_4)PTEEGC(UniMod_4)GER,0.0011032862695507222,0.0
lag1__peptide_mean__Q8NBJ4,0.0010915673424662425,0.0
lag1__protein_npx__P08294,0.0010838734917309233,0.0
peptide_mean__P19021,0.0010777838813012027,0.0
lag1__peptide_mean__P02647,0.0010708504294337185,0.0
missing__peptide_std__P20774,0.001060388475580015,0.0
slope1__peptide_log__LGQSLDC(UniMod_4)NAEVYVVPWEK,0.0010578596098559418,0.0
slope1__peptide_mean__P11142,0.0010544223240613832,0.0
slope1__peptide_std__P08697,0.0010477464376690993,0.0
slope1__peptide_std__Q16610,0.001042720422692229,0.0
delta1__protein_npx__P09104,0.0010354419383162639,0.0
rollmean2__protein_npx__P05155,0.0010350880315787175,0.0
delta1__peptide_mean__P08571,0.001001643756917234,0.0
delta1__peptide_log__NPDSSTTGPWC(UniMod_4)YTTDPTVR,0.0009831660429417033,0.0
protein_npx__Q92876,0.0009679306509255182,0.0
delta1__peptide_std__O00533,0.0009603371424344757,0.0
rollmean2__peptide_log__YVMLPVADQDQC(UniMod_4)IR,0.0009453075858045504,0.0
protein_npx__Q92823,0.0009367068278940081,0.0
delta1__peptide_mean__P04275,0.0009276632288829007,0.0
slope1__peptide_count__O00584,0.0009269151888963399,0.0
rollmean2__peptide_log__VQPYLDDFQKK,0.0009183666281295209,0.0
rollmean2__protein_npx__P01042,0.000912102744155496,0.0
delta1__peptide_mean__P04075,0.0009111998193845477,0.0
slope1__peptide_count__P06727,0.0008796295085417576,0.0
peptide_mean__Q92823,0.0008767593740491404,0.0
delta1__protein_npx__P18065,0.0008640857676139745,0.0
rollmean2__protein_npx__P27169,0.0008625791831701366,0.0
delta1__peptide_mean__P02652,0.0008341796274698027,0.0
delta1__peptide_std__Q9NQ79,0.0008276207090700523,0.0
slope1__peptide_count__P16070,0.0008238433536148301,0.0
peptide_mean__P02790,0.0008087625065050813,0.0
slope1__peptide_std__P36955,0.0007940837803316753,0.0
slope1__peptide_log__LVGGPM(UniMod_35)DASVEEEGVRR,0.0007827037809088046,0.0
missing__peptide_count__P35542,0.0007706839649860029,0.0
missing__protein_npx__P35542,0.0007706839649860029,0.0
missing__peptide_mean__P35542,0.0007706839649860029,0.0
delta1__peptide_log__LGADMEDVC(UniMod_4)GR,0.0007612576619512564,0.0
slope1__protein_npx__P41222,0.000761175818081702,0.0
missing__peptide_count__P20933,0.0007566223037526284,0.0
missing__peptide_mean__P20933,0.0007566223037526284,0.0
missing__protein_npx__P20933,0.0007566223037526284,0.0
protein_npx__O75144,0.0007558886266214528,0.0
rollmean2__peptide_std__Q13740,0.0007479004432402859,0.0
lag1__peptide_count__P08603,0.0007451049411754027,0.0
slope1__peptide_std__P00738,0.0007377785538668676,0.0
protein_npx__P23142,0.0007376066362495143,0.0
lag1__peptide_count__P01857,0.0007210803246675311,0.0
peptide_count__P02763,0.000719086018101755,0.0
slope1__peptide_log__TKEEYGHSEVVEYYC(UniMod_4)NPR,0.0007062755577291554,0.0
slope1__peptide_log__SELEEQLTPVAEETR,0.0006956608233342396,0.0
lag1__protein_npx__P04275,0.0006801959355572166,0.0
delta1__peptide_mean__P17936,0.0006704093383764062,0.0
delta1__protein_npx__Q99969,0.000668960306488288,0.0
missing__protein_npx__O00391,0.0006617901903694263,0.0
missing__peptide_mean__O00391,0.0006617901903694263,0.0
missing__peptide_count__O00391,0.0006617901903694263,0.0
lag1__peptide_log__VMPIC(UniMod_4)LPSKDYAEVGR,0.0006573160401805497,0.0
delta1__peptide_mean__P02768,0.0006134065993611956,0.0
slope1__peptide_mean__P80748,0.0006117188280353895,0.0
rollmean2__peptide_count__P02749,0.00060514162256327,0.0
delta1__peptide_log__MYYSAVDPTKDIFTGLIGPM(UniMod_35)K,0.0006015952138828488,0.0
delta1__protein_npx__P39060,0.0006002234860730802,0.0
lag1__peptide_log__LSKELQAAQAR,0.0005883256762027985,0.0
rollmean2__peptide_std__P05067,0.0005822904462188657,0.0
peptide_std__O94919,0.0005767865445204766,0.0
slope1__peptide_count__P01023,0.0005495023580343004,0.0
slope1__peptide_log__FNKPFVFLM(UniMod_35)IEQNTK,0.0005491794340832005,0.0
rollmean2__peptide_std__P13987,0.0005476016771484907,0.0
rollmean2__peptide_log__TKEEYGHSEVVEYYC(UniMod_4)NPR,0.000542864550358706,0.0
missing__peptide_log__IHWESASLLR,0.000537362191994245,0.0
slope1__protein_npx__P04275,0.0005208317567827506,0.0
missing__protein_npx__Q562R1,0.0005207574104366562,0.0
missing__peptide_count__Q562R1,0.0005207574104366562,0.0
missing__peptide_mean__Q562R1,0.0005207574104366562,0.0
protein_npx__Q96KN2,0.000516460340589282,0.0
delta1__peptide_count__P09486,0.0005082586367686765,0.0
lag1__peptide_mean__Q6UX71,0.000502459214195704,0.0
delta1__protein_npx__Q96KN2,0.0004984373473585829,0.0
slope1__peptide_mean__P02750,0.0004955683100140773,0.0
lag1__peptide_mean__P17174,0.0004950985018362529,0.0
delta1__peptide_count__P10645,0.000491977146550852,0.0
delta1__peptide_mean__P98160,0.0004906908159157033,0.0
lag1__peptide_mean__Q9UBX5,0.00047923699359781824,0.0
slope1__protein_npx__Q96KN2,0.00047734645782723014,0.0
slope1__peptide_mean__P11277,0.00047469612944107774,0.0
protein_npx__P02747,0.0004712224011119122,0.0
lag1__protein_npx__Q9HDC9,0.0004645268172045816,0.0
lag1__peptide_observation_count,0.0004623740207659443,0.0
slope1__peptide_count__P02760,0.0004522753918331625,0.0
lag1__protein_npx__P17174,0.00043286041069999243,0.0
slope1__peptide_std__P01009,0.00040636910298844737,0.0
slope1__peptide_log__QIGSVYR,0.0004010261785466183,0.0
peptide_std__P02765,0.0003981963000532518,0.0
rollmean2__protein_npx__P01009,0.00038327161613242397,0.0
lag1__protein_npx__Q08380,0.00036595002176147856,0.0
lag1__peptide_log__QWAGLVEK,0.00036238022043261165,0.0
slope1__peptide_mean__P07225,0.0003239213817934606,0.0
missing__peptide_log__GYQLSDVDGVTC(UniMod_4)EDIDEC(UniMod_4)ALPTGGHIC(UniMod_4)SYR,0.0003162147898108737,0.0
lag1__protein_npx__O00584,0.0003108737388422562,0.0
peptide_mean__Q9Y646,0.00027747744323603895,0.0
delta1__peptide_std__Q14118,0.00027741988540529216,0.0
rollmean2__peptide_mean__Q9Y6R7,0.0002766846250549116,0.0
rollmean2__peptide_abundance_sum,0.00024135697100400623,0.0
delta1__peptide_log__LGPLVEQGR,0.0002222185736101211,0.0
slope1__peptide_log__VQAAVGTSAAPVPSDNH,0.00021695867259203996,0.0
slope1__peptide_log__QKVEPLRAELQEGAR,0.00019060046616061637,0.0
lag1__peptide_count__P10645,0.0001848108287226504,0.0
slope1__protein_npx__P02753,0.00018407827115283397,0.0
peptide_log__SFNRGEC(UniMod_4),0.00017372113492266738,0.0
rollmean2__peptide_count__Q12907,0.00016699368314676102,0.0
slope1__peptide_log__FM(UniMod_35)ETVAEK,0.00015197811307529879,0.0
missing__peptide_std__O14773,0.00015063325028779662,0.0
slope1__peptide_abundance_sum,0.00015030625410885484,0.0
slope1__peptide_mean__Q13449,0.00014787912793001506,0.0
missing__peptide_log__QQETAAAETETR,0.00011067524595080228,0.0
slope1__peptide_mean__P04275,0.00010683594384481657,0.0
delta1__peptide_mean__P05060,0.00010171639619965377,0.0
rollmean2__peptide_mean__P00747,8.955084422435197e-05,0.0
lag1__peptide_std__P12109,8.566974576114042e-05,0.0
protein_npx__P40925,8.39959650634261e-05,0.0
delta1__peptide_count__P02750,6.472533863470337e-05,0.0
peptide_log__TEGDGVYTLNNEK,5.081943594774038e-05,0.0
rollmean2__peptide_count__Q16270,5.0651017809850735e-05,0.0
lag1__peptide_count__P00734,3.7134477126120785e-05,0.0
delta1__peptide_std__O75144,3.563386447951074e-05,0.0
delta1__peptide_mean__P20933,3.527772454808473e-05,0.0
rollmean2__peptide_std__P01857,3.3086632675352444e-05,0.0
rollmean2__protein_npx__P13987,2.9731767063945203e-05,0.0
slope1__peptide_count__P02774,1.7776016055503095e-05,0.0
missing__peptide_count__P07333,1.5165136021322469e-05,0.0
missing__peptide_mean__P07333,1.5165136021322469e-05,0.0
missing__protein_npx__P07333,1.5165136021322469e-05,0.0
lag1__peptide_mean__P10645,1.2885651765847154e-05,0.0
delta1__peptide_log__VDSGNDVTDIADDGC(UniMod_4)PKPPEIAHGYVEHSVR,1.1208693923381394e-06,0.0
missing__peptide_count__Q9UHG2,0.0,0.0
slope1__peptide_count__Q9UKV8,0.0,0.0
lag1__peptide_count__O14498,0.0,0.0
missing__peptide_std__P07602,0.0,0.0
lag1__peptide_count__O00391,0.0,0.0
slope1__peptide_count__Q562R1,0.0,0.0
slope1__peptide_count__Q6UX71,0.0,0.0
delta1__peptide_count__P04211,0.0,0.0
missing__peptide_std__P05090,0.0,0.0
missing__peptide_std__P05155,0.0,0.0
missing__peptide_std__P07339,0.0,0.0
missing__peptide_std__P01019,0.0,0.0
missing__peptide_std__P01023,0.0,0.0
missing__peptide_std__P01024,0.0,0.0
missing__peptide_std__P01034,0.0,0.0
missing__peptide_std__P01042,0.0,0.0
missing__peptide_count__Q92520,0.0,0.0
missing__peptide_std__P00450,0.0,0.0
missing__peptide_std__P00734,0.0,0.0
missing__peptide_std__P00738,0.0,0.0
missing__peptide_std__P00747,0.0,0.0
missing__peptide_std__P00751,0.0,0.0
missing__peptide_std__P05452,0.0,0.0
missing__peptide_count__Q7Z3B1,0.0,0.0
missing__peptide_mean__Q92520,0.0,0.0
missing__peptide_mean__Q92823,0.0,0.0
missing__peptide_mean__Q92876,0.0,0.0
missing__peptide_mean__Q96KN2,0.0,0.0
missing__peptide_mean__Q96PD5,0.0,0.0
missing__peptide_mean__Q9UHG2,0.0,0.0
missing__peptide_std__O00533,0.0,0.0
missing__peptide_std__P02790,0.0,0.0
missing__peptide_std__P06396,0.0,0.0
missing__peptide_std__P06727,0.0,0.0
missing__peptide_std__P07225,0.0,0.0
missing__peptide_count__Q7Z5P9,0.0,0.0
missing__peptide_std__P25311,0.0,0.0
delta1__peptide_count__P10451,0.0,0.0
missing__peptide_std__P07998,0.0,0.0
missing__peptide_std__P08294,0.0,0.0
missing__peptide_std__P08571,0.0,0.0
missing__peptide_std__P08603,0.0,0.0
missing__peptide_std__P08697,0.0,0.0
missing__peptide_std__P09486,0.0,0.0
missing__peptide_std__P09871,0.0,0.0
delta1__peptide_count__P07858,0.0,0.0
delta1__peptide_count__P08123,0.0,0.0
missing__peptide_std__P05060,0.0,0.0
delta1__peptide_count__P08253,0.0,0.0
slope1__peptide_count__Q9UNU6,0.0,0.0
delta1__peptide_count__P08637,0.0,0.0
missing__peptide_log__QWAGLVEK,0.0,0.0
delta1__peptide_count__P09104,0.0,0.0
slope1__peptide_count__Q96S96,0.0,0.0
delta1__peptide_count__P04216,0.0,0.0
delta1__peptide_count__P04275,0.0,0.0
slope1__months_since_baseline,0.0,0.0
delta1__peptide_count__P04406,0.0,0.0
delta1__peptide_count__P05408,0.0,0.0
delta1__peptide_count__P08133,0.0,0.0
missing__peptide_count__Q96PD5,0.0,0.0
missing__peptide_std__P04004,0.0,0.0
missing__peptide_count__Q96KN2,0.0,0.0
missing__peptide_count__Q92876,0.0,0.0
missing__peptide_std__P04180,0.0,0.0
missing__peptide_std__P04196,0.0,0.0
missing__peptide_std__P04217,0.0,0.0
missing__peptide_std__P04433,0.0,0.0
missing__peptide_std__P01011,0.0,0.0
missing__peptide_std__P05067,0.0,0.0
missing__peptide_std__P02751,0.0,0.0
missing__peptide_std__P24592,0.0,0.0
missing__peptide_std__P02760,0.0,0.0
missing__peptide_std__P02765,0.0,0.0
missing__peptide_std__P02766,0.0,0.0
missing__peptide_std__P02768,0.0,0.0
missing__peptide_std__P02774,0.0,0.0
missing__peptide_std__P02787,0.0,0.0
missing__peptide_std__P10645,0.0,0.0
missing__peptide_std__P10909,0.0,0.0
missing__peptide_std__P13987,0.0,0.0
missing__peptide_std__P18065,0.0,0.0
slope1__peptide_count__Q9Y646,0.0,0.0
missing__peptide_std__P23142,0.0,0.0
missing__peptide_std__P02753,0.0,0.0
slope1__peptide_count__Q99969,0.0,0.0
missing__peptide_mean__Q7Z3B1,0.0,0.0
missing__peptide_mean__Q7Z5P9,0.0,0.0
slope1__peptide_count__Q99832,0.0,0.0
lag1__peptide_count__P04156,0.0,0.0
lag1__peptide_count__P04207,0.0,0.0
lag1__peptide_count__P04211,0.0,0.0
lag1__peptide_count__P04216,0.0,0.0
slope1__peptide_count__Q99829,0.0,0.0
lag1__peptide_count__P04275,0.0,0.0
slope1__peptide_count__Q99683,0.0,0.0
slope1__peptide_count__Q99674,0.0,0.0
missing__peptide_std__P02675,0.0,0.0
missing__peptide_log__AYKSELEEQLTPVAEETR,0.0,0.0
missing__peptide_log__ANRPFLVFIR,0.0,0.0
delta1__peptide_count__P80748,0.0,0.0
delta1__peptide_count__Q02818,0.0,0.0
missing__peptide_mean__Q14515,0.0,0.0
missing__peptide_log__AKLEEQAQQIR,0.0,0.0
missing__peptide_log__ADDKETC(UniMod_4)FAEEGK,0.0,0.0
slope1__peptide_count__Q9UBR2,0.0,0.0
missing__current_updrs_2,0.0,0.0
missing__current_updrs_1,0.0,0.0
lag1__peptide_count__P02792,0.0,0.0
delta1__peptide_count__P36980,0.0,0.0
slope1__peptide_count__O00391,0.0,0.0
missing__peptide_mean__P41222,0.0,0.0
missing__peptide_mean__P43652,0.0,0.0
missing__peptide_mean__P51884,0.0,0.0
missing__peptide_mean__P61769,0.0,0.0
missing__peptide_mean__P61916,0.0,0.0
missing__peptide_mean__P80748,0.0,0.0
missing__peptide_mean__P19652,0.0,0.0
missing__peptide_mean__P19823,0.0,0.0
missing__peptide_mean__P20774,0.0,0.0
missing__peptide_mean__P36955,0.0,0.0
missing__peptide_mean__P23142,0.0,0.0
missing__peptide_mean__P24592,0.0,0.0
missing__peptide_mean__Q16610,0.0,0.0
missing__peptide_log__GSPAINVAVHVFRK,0.0,0.0
missing__peptide_mean__P10909,0.0,0.0
missing__peptide_mean__P12109,0.0,0.0
missing__peptide_mean__P13521,0.0,0.0
missing__peptide_mean__P13987,0.0,0.0
missing__peptide_mean__P16035,0.0,0.0
missing__peptide_mean__P16070,0.0,0.0
missing__peptide_mean__P16870,0.0,0.0
missing__peptide_mean__P18065,0.0,0.0
slope1__peptide_count__O14498,0.0,0.0
missing__peptide_mean__Q14624,0.0,0.0
slope1__peptide_count__Q9BY67,0.0,0.0
missing__peptide_mean__Q16270,0.0,0.0
missing__peptide_mean__P25311,0.0,0.0
missing__current_medication_unknown,0.0,0.0
slope1__peptide_count__P01031,0.0,0.0
missing__peptide_log__SPVGVQPILNEHTFC(UniMod_4)AGMSK,0.0,0.0
slope1__peptide_count__P01033,0.0,0.0
slope1__peptide_count__P01344,0.0,0.0
slope1__peptide_count__P01591,0.0,0.0
slope1__peptide_count__P01594,0.0,0.0
missing__peptide_log__TLLSNLEEAKK,0.0,0.0
delta1__peptide_count__P11142,0.0,0.0
delta1__peptide_count__P11277,0.0,0.0
delta1__peptide_count__P13473,0.0,0.0
delta1__peptide_count__P13521,0.0,0.0
delta1__peptide_count__P40925,0.0,0.0
delta1__peptide_count__P14174,0.0,0.0
delta1__peptide_count__P16152,0.0,0.0
missing__peptide_std__P01834,0.0,0.0
missing__peptide_std__P01876,0.0,0.0
missing__peptide_std__P02647,0.0,0.0
missing__peptide_std__P02649,0.0,0.0
missing__peptide_std__P02671,0.0,0.0
delta1__peptide_count__P06310,0.0,0.0
missing__peptide_std__P02679,0.0,0.0
missing__peptide_std__P02749,0.0,0.0
missing__peptide_std__P01008,0.0,0.0
missing__peptide_std__P01009,0.0,0.0
missing__current_updrs_3,0.0,0.0
delta1__peptide_count__P13671,0.0,0.0
delta1__peptide_count__P43251,0.0,0.0
delta1__peptide_count__P49588,0.0,0.0
missing__peptide_missing_fraction,0.0,0.0
delta1__peptide_count__P49908,0.0,0.0
delta1__peptide_count__P60174,0.0,0.0
delta1__peptide_count__P61278,0.0,0.0
delta1__peptide_count__P61626,0.0,0.0
lag1__peptide_count__P01591,0.0,0.0
lag1__peptide_count__P01594,0.0,0.0
lag1__peptide_count__P01608,0.0,0.0
lag1__peptide_count__P01621,0.0,0.0
lag1__peptide_count__P01717,0.0,0.0
delta1__peptide_count__P19021,0.0,0.0
missing__peptide_log__DASGVTFTWTPSSGK,0.0,0.0
missing__peptide_log__AYQGVAAPFPK,0.0,0.0
missing__months_since_baseline,0.0,0.0
missing__visit_index,0.0,0.0
slope1__peptide_count__P01608,0.0,0.0
slope1__peptide_count__P01621,0.0,0.0
slope1__peptide_count__P01717,0.0,0.0
slope1__peptide_count__P01780,0.0,0.0
slope1__peptide_count__P01833,0.0,0.0
lag1__peptide_count__P01031,0.0,0.0
lag1__peptide_count__P01033,0.0,0.0
lag1__peptide_count__P01344,0.0,0.0
delta1__peptide_count__P17936,0.0,0.0
lag1__peptide_count__P01780,0.0,0.0
slope1__peptide_count__P04207,0.0,0.0
slope1__peptide_count__P04211,0.0,0.0
slope1__peptide_count__P04216,0.0,0.0
slope1__peptide_count__Q8NBJ4,0.0,0.0
slope1__peptide_count__Q8N2S1,0.0,0.0
slope1__peptide_count__Q8IWV7,0.0,0.0
slope1__peptide_count__Q7Z5P9,0.0,0.0
slope1__peptide_count__Q7Z3B1,0.0,0.0
slope1__peptide_count__P04275,0.0,0.0
slope1__peptide_count__P04406,0.0,0.0
delta1__peptide_count__P01780,0.0,0.0
missing__peptide_count__Q14515,0.0,0.0
delta1__peptide_count__P01861,0.0,0.0
delta1__peptide_count__P02655,0.0,0.0
slope1__peptide_count__Q6UXD5,0.0,0.0
slope1__peptide_count__P49908,0.0,0.0
slope1__peptide_count__P49588,0.0,0.0
missing__peptide_count__P23142,0.0,0.0
missing__peptide_count__P20774,0.0,0.0
missing__peptide_count__P19823,0.0,0.0
lag1__peptide_count__O14791,0.0,0.0
lag1__peptide_count__O43505,0.0,0.0
lag1__peptide_count__O60888,0.0,0.0
missing__peptide_count__P19652,0.0,0.0
delta1__peptide_count__P01833,0.0,0.0
missing__peptide_count__P02649,0.0,0.0
missing__peptide_count__P02652,0.0,0.0
missing__peptide_count__P02656,0.0,0.0
missing__peptide_count__P02671,0.0,0.0
missing__peptide_count__P02675,0.0,0.0
missing__peptide_count__P02766,0.0,0.0
missing__peptide_count__P02768,0.0,0.0
missing__peptide_count__P02774,0.0,0.0
missing__peptide_count__P02787,0.0,0.0
missing__peptide_count__P02790,0.0,0.0
missing__peptide_count__P04004,0.0,0.0
missing__peptide_count__P04156,0.0,0.0
slope1__peptide_count__P04156,0.0,0.0
slope1__peptide_count__P35542,0.0,0.0
slope1__peptide_count__P32754,0.0,0.0
slope1__peptide_count__P31997,0.0,0.0
slope1__peptide_count__P23083,0.0,0.0
slope1__peptide_count__P05408,0.0,0.0
slope1__peptide_count__P06310,0.0,0.0
slope1__peptide_count__P06454,0.0,0.0
slope1__peptide_count__P20933,0.0,0.0
slope1__peptide_count__P07195,0.0,0.0
slope1__peptide_count__P07333,0.0,0.0
slope1__peptide_count__P07858,0.0,0.0
lag1__peptide_count__O75326,0.0,0.0
missing__peptide_count__P04180,0.0,0.0
missing__peptide_count__P24592,0.0,0.0
slope1__peptide_count__P16152,0.0,0.0
missing__peptide_count__P07225,0.0,0.0
missing__peptide_count__P07339,0.0,0.0
missing__peptide_count__P07602,0.0,0.0
missing__peptide_count__P07858,0.0,0.0
missing__peptide_count__P04196,0.0,0.0
missing__peptide_count__P04217,0.0,0.0
missing__peptide_count__P04433,0.0,0.0
missing__peptide_count__P05060,0.0,0.0
missing__peptide_count__P05067,0.0,0.0
missing__peptide_count__P05090,0.0,0.0
missing__peptide_count__P18065,0.0,0.0
missing__peptide_count__P05155,0.0,0.0
missing__peptide_count__P05156,0.0,0.0
slope1__peptide_count__P13671,0.0,0.0
slope1__peptide_count__P13521,0.0,0.0
missing__peptide_count__P36222,0.0,0.0
missing__peptide_count__P36955,0.0,0.0
slope1__peptide_count__P13473,0.0,0.0
slope1__peptide_count__P11277,0.0,0.0
missing__peptide_count__P41222,0.0,0.0
missing__peptide_count__P43652,0.0,0.0
delta1__peptide_count__O14498,0.0,0.0
delta1__peptide_count__O00391,0.0,0.0
slope1__peptide_count__P14174,0.0,0.0
missing__peptide_count__P16870,0.0,0.0
missing__peptide_count__P16070,0.0,0.0
slope1__peptide_count__P11142,0.0,0.0
slope1__peptide_count__P10451,0.0,0.0
slope1__peptide_count__P09104,0.0,0.0
slope1__peptide_count__P08637,0.0,0.0
missing__peptide_count__P10451,0.0,0.0
missing__peptide_count__P10643,0.0,0.0
missing__peptide_count__P10645,0.0,0.0
missing__peptide_count__P10909,0.0,0.0
missing__peptide_count__P12109,0.0,0.0
missing__peptide_count__P13521,0.0,0.0
missing__peptide_count__P25311,0.0,0.0
missing__peptide_count__P16035,0.0,0.0
missing__peptide_count__P07998,0.0,0.0
missing__peptide_count__P08294,0.0,0.0
missing__peptide_count__P08493,0.0,0.0
missing__peptide_count__P08571,0.0,0.0
missing__peptide_count__P08603,0.0,0.0
missing__peptide_count__P08697,0.0,0.0
missing__peptide_count__P09486,0.0,0.0
missing__peptide_count__P09871,0.0,0.0
missing__peptide_count__P05452,0.0,0.0
missing__peptide_count__P06396,0.0,0.0
missing__peptide_count__P06727,0.0,0.0
missing__peptide_count__P13987,0.0,0.0
slope1__peptide_count__P02655,0.0,0.0
slope1__peptide_count__P08133,0.0,0.0
slope1__peptide_count__P08253,0.0,0.0
slope1__peptide_count__Q13451,0.0,0.0
slope1__peptide_count__Q13449,0.0,0.0
slope1__peptide_count__Q13332,0.0,0.0
slope1__peptide_count__Q13283,0.0,0.0
slope1__peptide_count__Q02818,0.0,0.0
missing__peptide_std__P36222,0.0,0.0
missing__peptide_std__P36955,0.0,0.0
delta1__peptide_count__P02792,0.0,0.0
missing__peptide_count__P02647,0.0,0.0
delta1__peptide_count__P04207,0.0,0.0
slope1__peptide_count__P80748,0.0,0.0
slope1__peptide_count__P08123,0.0,0.0
missing__peptide_count__P01042,0.0,0.0
missing__peptide_count__P01344,0.0,0.0
missing__peptide_count__P01621,0.0,0.0
missing__peptide_count__P01717,0.0,0.0
missing__peptide_count__P01834,0.0,0.0
missing__peptide_count__P01857,0.0,0.0
missing__peptide_count__P01859,0.0,0.0
missing__peptide_count__P01860,0.0,0.0
missing__peptide_count__P00751,0.0,0.0
delta1__peptide_count__P04156,0.0,0.0
slope1__peptide_count__Q96BZ4,0.0,0.0
delta1__peptide_count__P06454,0.0,0.0
delta1__peptide_count__P07195,0.0,0.0
slope1__peptide_count__Q8NE71,0.0,0.0
missing__peptide_count__Q16270,0.0,0.0
delta1__peptide_count__P07333,0.0,0.0
missing__peptide_count__Q14624,0.0,0.0
slope1__peptide_count__P02792,0.0,0.0
missing__peptide_std__P41222,0.0,0.0
missing__peptide_std__P43652,0.0,0.0
missing__peptide_count__Q12805,0.0,0.0
missing__peptide_count__Q08380,0.0,0.0
slope1__peptide_count__Q14508,0.0,0.0
missing__peptide_std__P51884,0.0,0.0
missing__peptide_count__P61916,0.0,0.0
missing__peptide_std__Q08380,0.0,0.0
missing__peptide_std__Q12805,0.0,0.0
slope1__peptide_count__P61626,0.0,0.0
slope1__peptide_count__P61278,0.0,0.0
slope1__peptide_count__P60174,0.0,0.0
lag1__peptide_count__P01833,0.0,0.0
lag1__peptide_count__P01861,0.0,0.0
missing__peptide_count__Q16610,0.0,0.0
slope1__peptide_count__Q15904,0.0,0.0
slope1__peptide_count__P01861,0.0,0.0
missing__peptide_count__P80748,0.0,0.0
delta1__peptide_count__P01594,0.0,0.0
delta1__peptide_count__P01608,0.0,0.0
delta1__peptide_count__P01621,0.0,0.0
delta1__peptide_count__P01717,0.0,0.0
missing__peptide_count__P02763,0.0,0.0
missing__peptide_count__P02765,0.0,0.0
delta1__peptide_count__O43505,0.0,0.0
delta1__peptide_count__O14791,0.0,0.0
slope1__peptide_count__P19827,0.0,0.0
slope1__peptide_count__P19021,0.0,0.0
slope1__peptide_count__P17936,0.0,0.0
missing__peptide_count__P02679,0.0,0.0
missing__peptide_count__P01008,0.0,0.0
missing__peptide_count__P02748,0.0,0.0
missing__peptide_count__P02749,0.0,0.0
missing__peptide_count__P61769,0.0,0.0
missing__peptide_count__P02750,0.0,0.0
missing__peptide_count__P02751,0.0,0.0
missing__peptide_count__P02753,0.0,0.0
missing__peptide_count__P02760,0.0,0.0
missing__peptide_count__P51884,0.0,0.0
slope1__peptide_count__P43251,0.0,0.0
slope1__peptide_count__P40925,0.0,0.0
slope1__peptide_count__P36980,0.0,0.0
missing__peptide_count__P01876,0.0,0.0
missing__peptide_count__P02747,0.0,0.0
missing__peptide_count__P01009,0.0,0.0
missing__peptide_count__P01011,0.0,0.0
missing__peptide_count__P01019,0.0,0.0
missing__peptide_count__P01023,0.0,0.0
missing__peptide_count__P01024,0.0,0.0
missing__peptide_count__P01034,0.0,0.0
missing__peptide_count__O15240,0.0,0.0
missing__peptide_count__O43505,0.0,0.0
missing__peptide_count__O75144,0.0,0.0
missing__peptide_count__P00450,0.0,0.0
missing__peptide_count__P00734,0.0,0.0
missing__peptide_count__P00738,0.0,0.0
delta1__peptide_count__P01591,0.0,0.0
missing__peptide_count__P00748,0.0,0.0
missing__peptide_std__Q14515,0.0,0.0
missing__peptide_std__Q16270,0.0,0.0
delta1__peptide_count__O75326,0.0,0.0
missing__peptide_std__Q92520,0.0,0.0
missing__peptide_std__Q96KN2,0.0,0.0
missing__peptide_std__Q9UHG2,0.0,0.0
delta1__peptide_count__O60888,0.0,0.0
missing__peptide_count__O00533,0.0,0.0
delta1__peptide_count__P01031,0.0,0.0
delta1__peptide_count__P01033,0.0,0.0
delta1__peptide_count__P01344,0.0,0.0
missing__peptide_count__P00747,0.0,0.0
peptide_count__P02655,0.0,0.0
peptide_count__Q8IWV7,0.0,0.0
peptide_count__Q8N2S1,0.0,0.0
peptide_count__Q8NBJ4,0.0,0.0
peptide_count__Q8NE71,0.0,0.0
peptide_count__Q9UNU6,0.0,0.0
peptide_count__Q9Y646,0.0,0.0
peptide_count__Q13451,0.0,0.0
peptide_count__Q14508,0.0,0.0
peptide_count__Q15904,0.0,0.0
peptide_count__Q562R1,0.0,0.0
peptide_count__Q6UX71,0.0,0.0
peptide_count__Q6UXD5,0.0,0.0
peptide_count__Q7Z3B1,0.0,0.0
slope1__peptide_count__Q9HDC9,0.0,0.0
rollmean2__peptide_count__O00391,0.0,0.0
rollmean2__peptide_count__O14498,0.0,0.0
peptide_count__Q13283,0.0,0.0
peptide_count__Q13332,0.0,0.0
peptide_count__Q13449,0.0,0.0
peptide_count__P35542,0.0,0.0
peptide_count__P36980,0.0,0.0
peptide_count__P40925,0.0,0.0
peptide_count__P43251,0.0,0.0
peptide_count__P49588,0.0,0.0
peptide_count__P49908,0.0,0.0
peptide_count__P60174,0.0,0.0
missing__protein_npx__O00533,0.0,0.0
missing__protein_npx__O15240,0.0,0.0
missing__protein_npx__O43505,0.0,0.0
peptide_count__Q7Z5P9,0.0,0.0
peptide_count__P01717,0.0,0.0
peptide_count__P01780,0.0,0.0
peptide_count__P01833,0.0,0.0
rollmean2__peptide_count__P01033,0.0,0.0
rollmean2__peptide_count__P01344,0.0,0.0
rollmean2__peptide_count__P01591,0.0,0.0
rollmean2__peptide_count__P01594,0.0,0.0
rollmean2__peptide_count__P01608,0.0,0.0
rollmean2__peptide_count__P01621,0.0,0.0
peptide_count__P31997,0.0,0.0
peptide_count__P32754,0.0,0.0
peptide_count__Q99435,0.0,0.0
peptide_count__Q99674,0.0,0.0
peptide_count__Q99683,0.0,0.0
peptide_count__P01861,0.0,0.0
rollmean2__peptide_count__O43505,0.0,0.0
rollmean2__peptide_count__O60888,0.0,0.0
rollmean2__peptide_count__O75326,0.0,0.0
rollmean2__peptide_count__P01031,0.0,0.0
peptide_count__O00391,0.0,0.0
peptide_count__O14498,0.0,0.0
peptide_count__O14791,0.0,0.0
peptide_count__O43505,0.0,0.0
peptide_count__O60888,0.0,0.0
peptide_count__O75326,0.0,0.0
peptide_count__Q96BZ4,0.0,0.0
peptide_count__Q96S96,0.0,0.0
rollmean2__peptide_count__P07195,0.0,0.0
rollmean2__peptide_count__P07333,0.0,0.0
peptide_count__P11142,0.0,0.0
rollmean2__peptide_count__O14791,0.0,0.0
missing__protein_npx__P01011,0.0,0.0
missing__protein_npx__P01019,0.0,0.0
missing__protein_npx__P01023,0.0,0.0
missing__protein_npx__P02748,0.0,0.0
missing__protein_npx__P02749,0.0,0.0
missing__protein_npx__P02750,0.0,0.0
missing__protein_npx__P02751,0.0,0.0
missing__protein_npx__P02753,0.0,0.0
missing__protein_npx__P02760,0.0,0.0
missing__protein_npx__P02763,0.0,0.0
missing__protein_npx__P02765,0.0,0.0
missing__protein_npx__P02675,0.0,0.0
missing__protein_npx__P02679,0.0,0.0
missing__protein_npx__P02747,0.0,0.0
missing__protein_npx__O75144,0.0,0.0
missing__protein_npx__P01876,0.0,0.0
missing__protein_npx__P02647,0.0,0.0
missing__protein_npx__P02649,0.0,0.0
missing__protein_npx__P02652,0.0,0.0
missing__protein_npx__P02656,0.0,0.0
missing__protein_npx__P02671,0.0,0.0
lag1__peptide_count__Q9UKV8,0.0,0.0
missing__protein_npx__P01042,0.0,0.0
missing__protein_npx__P01344,0.0,0.0
missing__protein_npx__P01621,0.0,0.0
missing__protein_npx__P01717,0.0,0.0
missing__protein_npx__P01834,0.0,0.0
missing__protein_npx__P01857,0.0,0.0
missing__protein_npx__P01859,0.0,0.0
missing__protein_npx__P07998,0.0,0.0
missing__protein_npx__P01860,0.0,0.0
missing__protein_npx__P00450,0.0,0.0
missing__protein_npx__P00734,0.0,0.0
missing__protein_npx__P00738,0.0,0.0
lag1__peptide_count__Q9BY67,0.0,0.0
lag1__peptide_count__Q9HDC9,0.0,0.0
delta1__visit_index,0.0,0.0
lag1__peptide_count__Q96S96,0.0,0.0
lag1__peptide_count__Q99435,0.0,0.0
lag1__peptide_count__Q99674,0.0,0.0
lag1__peptide_count__Q99683,0.0,0.0
lag1__peptide_count__Q99829,0.0,0.0
lag1__peptide_count__Q99832,0.0,0.0
lag1__peptide_count__Q99969,0.0,0.0
lag1__peptide_count__Q9NYU2,0.0,0.0
lag1__peptide_count__Q9UBR2,0.0,0.0
missing__protein_npx__P01009,0.0,0.0
peptide_count__Q99832,0.0,0.0
peptide_count__Q99969,0.0,0.0
peptide_count__Q9BY67,0.0,0.0
peptide_count__Q9HDC9,0.0,0.0
peptide_count__Q9NYU2,0.0,0.0
peptide_count__Q9UBR2,0.0,0.0
peptide_count__Q9UKV8,0.0,0.0
missing__protein_npx__P01024,0.0,0.0
missing__protein_npx__P01034,0.0,0.0
lag1__peptide_count__Q9UNU6,0.0,0.0
lag1__peptide_count__Q9Y646,0.0,0.0
missing__protein_npx__P00747,0.0,0.0
missing__protein_npx__P00748,0.0,0.0
missing__protein_npx__P00751,0.0,0.0
missing__protein_npx__P01008,0.0,0.0
peptide_count__Q99829,0.0,0.0
rollmean2__peptide_count__Q02818,0.0,0.0
rollmean2__peptide_count__Q13283,0.0,0.0
rollmean2__peptide_count__Q13332,0.0,0.0
rollmean2__peptide_count__Q13449,0.0,0.0
rollmean2__peptide_count__Q13451,0.0,0.0
rollmean2__peptide_count__Q14508,0.0,0.0
rollmean2__peptide_count__Q15904,0.0,0.0
rollmean2__peptide_count__P49588,0.0,0.0
rollmean2__peptide_count__P49908,0.0,0.0
rollmean2__peptide_count__P60174,0.0,0.0
rollmean2__peptide_count__P61278,0.0,0.0
rollmean2__peptide_count__P61626,0.0,0.0
rollmean2__peptide_count__P80748,0.0,0.0
peptide_count__P08253,0.0,0.0
peptide_count__P01621,0.0,0.0
peptide_count__P09104,0.0,0.0
peptide_count__P10451,0.0,0.0
rollmean2__peptide_count__P16152,0.0,0.0
rollmean2__peptide_count__P17936,0.0,0.0
rollmean2__peptide_count__P19021,0.0,0.0
rollmean2__peptide_count__Q9NYU2,0.0,0.0
peptide_count__P05408,0.0,0.0
peptide_count__P06310,0.0,0.0
peptide_count__P06454,0.0,0.0
peptide_count__P07195,0.0,0.0
peptide_count__P07333,0.0,0.0
peptide_count__P07858,0.0,0.0
peptide_count__P08123,0.0,0.0
peptide_count__P08133,0.0,0.0
rollmean2__peptide_count__P09104,0.0,0.0
peptide_count__P08637,0.0,0.0
missing__peptide_log__KQELSEAEQATR,0.0,0.0
missing__peptide_log__LQAEAFQAR,0.0,0.0
missing__peptide_feature_count,0.0,0.0
rollmean2__peptide_count__P19827,0.0,0.0
rollmean2__peptide_count__P20933,0.0,0.0
rollmean2__peptide_count__P23083,0.0,0.0
rollmean2__peptide_count__P31997,0.0,0.0
rollmean2__peptide_count__P32754,0.0,0.0
rollmean2__peptide_count__P35542,0.0,0.0
rollmean2__peptide_count__P36980,0.0,0.0
rollmean2__peptide_count__P40925,0.0,0.0
rollmean2__peptide_count__P43251,0.0,0.0
missing__peptide_count__Q92823,0.0,0.0
rollmean2__peptide_count__Q99829,0.0,0.0
slope1__peptide_count__Q9NYU2,0.0,0.0
rollmean2__peptide_count__Q8N2S1,0.0,0.0
missing__has_previous_visit,0.0,0.0
missing__peptide_log__QNC(UniMod_4)ELFEQLGEYK,0.0,0.0
rollmean2__peptide_count__Q8NBJ4,0.0,0.0
rollmean2__peptide_count__Q8NE71,0.0,0.0
rollmean2__peptide_count__Q96BZ4,0.0,0.0
rollmean2__peptide_count__Q96S96,0.0,0.0
rollmean2__peptide_count__Q99435,0.0,0.0
rollmean2__peptide_count__Q99674,0.0,0.0
rollmean2__peptide_count__Q99683,0.0,0.0
rollmean2__peptide_count__Q562R1,0.0,0.0
rollmean2__peptide_count__Q6UX71,0.0,0.0
rollmean2__peptide_count__Q6UXD5,0.0,0.0
rollmean2__peptide_count__Q7Z3B1,0.0,0.0
rollmean2__peptide_count__Q7Z5P9,0.0,0.0
rollmean2__peptide_count__Q8IWV7,0.0,0.0
slope1__peptide_count__Q99435,0.0,0.0
rollmean2__peptide_count__Q9UBR2,0.0,0.0
rollmean2__peptide_count__Q9UKV8,0.0,0.0
rollmean2__peptide_count__Q9UNU6,0.0,0.0
rollmean2__peptide_count__Q9Y646,0.0,0.0
peptide_count__P02792,0.0,0.0
peptide_count__P04156,0.0,0.0
peptide_count__P04207,0.0,0.0
rollmean2__peptide_count__P04207,0.0,0.0
rollmean2__peptide_count__P04211,0.0,0.0
rollmean2__peptide_count__P04216,0.0,0.0
rollmean2__peptide_count__P04275,0.0,0.0
rollmean2__peptide_count__P04406,0.0,0.0
rollmean2__peptide_count__P05408,0.0,0.0
rollmean2__peptide_count__P06310,0.0,0.0
rollmean2__peptide_count__P10451,0.0,0.0
rollmean2__peptide_count__P01780,0.0,0.0
rollmean2__peptide_count__P01833,0.0,0.0
rollmean2__peptide_count__P01861,0.0,0.0
rollmean2__peptide_count__P02655,0.0,0.0
rollmean2__peptide_count__P02792,0.0,0.0
rollmean2__peptide_count__P04156,0.0,0.0
peptide_count__P61278,0.0,0.0
peptide_count__P61626,0.0,0.0
peptide_count__P80748,0.0,0.0
peptide_count__Q02818,0.0,0.0
rollmean2__peptide_count__P01717,0.0,0.0
peptide_count__P01344,0.0,0.0
peptide_count__P01591,0.0,0.0
peptide_count__P01594,0.0,0.0
peptide_count__P01608,0.0,0.0
rollmean2__peptide_count__P06454,0.0,0.0
rollmean2__peptide_count__P11142,0.0,0.0
rollmean2__peptide_count__P11277,0.0,0.0
rollmean2__peptide_count__P13473,0.0,0.0
rollmean2__peptide_count__P13521,0.0,0.0
rollmean2__peptide_count__P13671,0.0,0.0
rollmean2__peptide_count__P14174,0.0,0.0
rollmean2__peptide_count__Q99832,0.0,0.0
rollmean2__peptide_count__Q99969,0.0,0.0
rollmean2__peptide_count__Q9BY67,0.0,0.0
rollmean2__peptide_count__Q9HDC9,0.0,0.0
rollmean2__peptide_count__P08123,0.0,0.0
rollmean2__peptide_count__P08133,0.0,0.0
rollmean2__peptide_count__P08253,0.0,0.0
rollmean2__peptide_count__P08637,0.0,0.0
peptide_count__P19827,0.0,0.0
peptide_count__P13671,0.0,0.0
peptide_count__P23083,0.0,0.0
rollmean2__peptide_count__P07858,0.0,0.0
peptide_count__P04275,0.0,0.0
peptide_count__P04406,0.0,0.0
peptide_count__P01031,0.0,0.0
peptide_count__P01033,0.0,0.0
peptide_count__P14174,0.0,0.0
peptide_count__P16152,0.0,0.0
peptide_count__P17936,0.0,0.0
peptide_count__P19021,0.0,0.0
peptide_count__P04211,0.0,0.0
peptide_count__P04216,0.0,0.0
peptide_count__P11277,0.0,0.0
peptide_count__P13473,0.0,0.0
peptide_count__P13521,0.0,0.0
peptide_count__P20933,0.0,0.0
delta1__peptide_count__Q13451,0.0,0.0
delta1__peptide_count__Q14508,0.0,0.0
missing__peptide_mean__P02760,0.0,0.0
missing__peptide_mean__P02763,0.0,0.0
missing__peptide_mean__P02765,0.0,0.0
missing__peptide_mean__P02766,0.0,0.0
missing__peptide_mean__P02768,0.0,0.0
missing__peptide_mean__P02774,0.0,0.0
missing__peptide_mean__P02787,0.0,0.0
missing__peptide_mean__P02790,0.0,0.0
missing__peptide_mean__P02675,0.0,0.0
missing__peptide_mean__P02679,0.0,0.0
missing__peptide_mean__P02747,0.0,0.0
missing__peptide_mean__P02748,0.0,0.0
missing__protein_npx__P08294,0.0,0.0
missing__peptide_mean__P02750,0.0,0.0
missing__peptide_mean__P02751,0.0,0.0
missing__peptide_mean__P02753,0.0,0.0
missing__peptide_mean__P01860,0.0,0.0
missing__peptide_mean__P01876,0.0,0.0
missing__peptide_mean__P02647,0.0,0.0
missing__peptide_mean__P02649,0.0,0.0
missing__peptide_mean__P02652,0.0,0.0
missing__peptide_mean__P02656,0.0,0.0
missing__peptide_mean__P02671,0.0,0.0
missing__peptide_mean__P01034,0.0,0.0
missing__peptide_mean__P01042,0.0,0.0
missing__peptide_mean__P01344,0.0,0.0
missing__peptide_mean__P01621,0.0,0.0
missing__peptide_mean__P01717,0.0,0.0
missing__peptide_mean__P02749,0.0,0.0
missing__protein_npx__Q96KN2,0.0,0.0
missing__protein_npx__Q96PD5,0.0,0.0
missing__protein_npx__Q9UHG2,0.0,0.0
missing__protein_feature_count,0.0,0.0
missing__peptide_mean__P00748,0.0,0.0
missing__peptide_mean__P00751,0.0,0.0
missing__peptide_mean__P01008,0.0,0.0
missing__peptide_mean__P01009,0.0,0.0
missing__peptide_mean__P01011,0.0,0.0
missing__peptide_mean__P01019,0.0,0.0
missing__peptide_mean__P01023,0.0,0.0
missing__peptide_mean__P01024,0.0,0.0
delta1__peptide_count__Q8NBJ4,0.0,0.0
delta1__peptide_count__Q8NE71,0.0,0.0
delta1__peptide_count__Q13449,0.0,0.0
missing__peptide_mean__P00734,0.0,0.0
missing__peptide_mean__P00738,0.0,0.0
missing__peptide_mean__P00747,0.0,0.0
delta1__peptide_count__Q15904,0.0,0.0
delta1__peptide_count__Q562R1,0.0,0.0
delta1__peptide_count__Q6UX71,0.0,0.0
delta1__peptide_count__Q6UXD5,0.0,0.0
delta1__peptide_count__Q7Z3B1,0.0,0.0
delta1__peptide_count__Q7Z5P9,0.0,0.0
delta1__peptide_count__Q8IWV7,0.0,0.0
delta1__peptide_count__Q8N2S1,0.0,0.0
missing__peptide_mean__O43505,0.0,0.0
missing__peptide_mean__O75144,0.0,0.0
delta1__peptide_count__Q13283,0.0,0.0
delta1__peptide_count__Q13332,0.0,0.0
missing__peptide_mean__P00450,0.0,0.0
missing__peptide_mean__P09486,0.0,0.0
missing__peptide_mean__P09871,0.0,0.0
slope1__peptide_count__O14791,0.0,0.0
slope1__peptide_count__O43505,0.0,0.0
slope1__peptide_count__O60888,0.0,0.0
slope1__peptide_count__O75326,0.0,0.0
missing__peptide_mean__P07339,0.0,0.0
missing__peptide_mean__P07602,0.0,0.0
missing__peptide_mean__P07858,0.0,0.0
missing__peptide_mean__P07998,0.0,0.0
missing__peptide_mean__P08294,0.0,0.0
missing__peptide_mean__P08493,0.0,0.0
missing__peptide_mean__P08571,0.0,0.0
missing__peptide_mean__P08603,0.0,0.0
missing__peptide_mean__P01834,0.0,0.0
lag1__peptide_count__P07858,0.0,0.0
missing__peptide_mean__P05156,0.0,0.0
missing__peptide_mean__P05452,0.0,0.0
missing__peptide_mean__P06396,0.0,0.0
missing__peptide_mean__P06727,0.0,0.0
missing__peptide_mean__P07225,0.0,0.0
missing__peptide_mean__Q08380,0.0,0.0
missing__peptide_mean__Q12805,0.0,0.0
delta1__peptide_count__P19827,0.0,0.0
delta1__peptide_count__P20933,0.0,0.0
delta1__peptide_count__P23083,0.0,0.0
delta1__peptide_count__P31997,0.0,0.0
delta1__peptide_count__P32754,0.0,0.0
delta1__peptide_count__P35542,0.0,0.0
missing__peptide_mean__P36222,0.0,0.0
lag1__peptide_count__P07333,0.0,0.0
missing__peptide_mean__P01857,0.0,0.0
missing__peptide_mean__P01859,0.0,0.0
lag1__peptide_count__P04406,0.0,0.0
lag1__peptide_count__P05408,0.0,0.0
lag1__peptide_count__P06310,0.0,0.0
lag1__peptide_count__P06454,0.0,0.0
lag1__peptide_count__P07195,0.0,0.0
lag1__peptide_count__P16152,0.0,0.0
lag1__peptide_count__P17936,0.0,0.0
lag1__peptide_count__P19021,0.0,0.0
lag1__peptide_count__P19827,0.0,0.0
lag1__peptide_count__P20933,0.0,0.0
lag1__peptide_count__P02655,0.0,0.0
missing__peptide_mean__P05090,0.0,0.0
missing__peptide_mean__P05155,0.0,0.0
missing__peptide_mean__P08697,0.0,0.0
lag1__peptide_count__P08133,0.0,0.0
lag1__peptide_count__P14174,0.0,0.0
missing__peptide_mean__P04004,0.0,0.0
missing__peptide_mean__P04156,0.0,0.0
missing__peptide_mean__P04180,0.0,0.0
missing__peptide_mean__P04196,0.0,0.0
missing__peptide_mean__P04217,0.0,0.0
missing__peptide_mean__P04433,0.0,0.0
missing__peptide_mean__P05060,0.0,0.0
missing__peptide_mean__P05067,0.0,0.0
lag1__peptide_count__P08253,0.0,0.0
lag1__peptide_count__P08637,0.0,0.0
missing__peptide_mean__P10451,0.0,0.0
missing__peptide_mean__P10643,0.0,0.0
missing__peptide_mean__P10645,0.0,0.0
lag1__peptide_count__P08123,0.0,0.0
missing__protein_npx__P16035,0.0,0.0
missing__protein_npx__P16070,0.0,0.0
missing__protein_npx__P16870,0.0,0.0
missing__protein_npx__P18065,0.0,0.0
missing__protein_npx__P19652,0.0,0.0
lag1__peptide_count__Q14508,0.0,0.0
lag1__peptide_count__Q15904,0.0,0.0
lag1__peptide_count__Q562R1,0.0,0.0
lag1__peptide_count__Q6UX71,0.0,0.0
lag1__peptide_count__Q6UXD5,0.0,0.0
lag1__peptide_count__Q7Z3B1,0.0,0.0
lag1__peptide_count__Q7Z5P9,0.0,0.0
lag1__peptide_count__Q8IWV7,0.0,0.0
lag1__peptide_count__Q13283,0.0,0.0
missing__protein_npx__Q92876,0.0,0.0
lag1__peptide_count__Q13449,0.0,0.0
lag1__peptide_count__Q13451,0.0,0.0
missing__protein_npx__P10451,0.0,0.0
missing__protein_npx__P10643,0.0,0.0
missing__protein_npx__P10645,0.0,0.0
missing__protein_npx__P10909,0.0,0.0
missing__protein_npx__P12109,0.0,0.0
missing__protein_npx__P13521,0.0,0.0
missing__protein_npx__P61769,0.0,0.0
missing__protein_npx__P61916,0.0,0.0
missing__protein_npx__P80748,0.0,0.0
missing__protein_npx__Q08380,0.0,0.0
missing__protein_npx__Q12805,0.0,0.0
delta1__peptide_count__Q96BZ4,0.0,0.0
lag1__peptide_count__Q8NE71,0.0,0.0
lag1__peptide_count__Q13332,0.0,0.0
missing__protein_npx__P08493,0.0,0.0
missing__protein_npx__P08571,0.0,0.0
missing__protein_npx__P08603,0.0,0.0
missing__protein_npx__P08697,0.0,0.0
missing__protein_npx__P09486,0.0,0.0
missing__protein_npx__P09871,0.0,0.0
missing__protein_npx__P05452,0.0,0.0
missing__protein_npx__P06396,0.0,0.0
missing__protein_npx__P06727,0.0,0.0
missing__protein_npx__P07225,0.0,0.0
missing__protein_npx__P07339,0.0,0.0
missing__protein_npx__P07602,0.0,0.0
missing__protein_npx__P07858,0.0,0.0
missing__protein_npx__P04196,0.0,0.0
missing__protein_npx__P04217,0.0,0.0
missing__protein_npx__P13987,0.0,0.0
missing__protein_npx__P05060,0.0,0.0
missing__protein_npx__P05067,0.0,0.0
missing__protein_npx__P05090,0.0,0.0
missing__protein_npx__P05155,0.0,0.0
missing__protein_npx__P05156,0.0,0.0
missing__protein_npx__P02766,0.0,0.0
missing__protein_npx__P02768,0.0,0.0
missing__protein_npx__P02774,0.0,0.0
missing__protein_npx__P02787,0.0,0.0
missing__protein_npx__P02790,0.0,0.0
missing__protein_npx__P04004,0.0,0.0
missing__protein_npx__P04156,0.0,0.0
missing__protein_npx__P04180,0.0,0.0
lag1__peptide_count__Q8N2S1,0.0,0.0
lag1__peptide_count__Q8NBJ4,0.0,0.0
missing__protein_npx__P04433,0.0,0.0
lag1__peptide_count__P23083,0.0,0.0
lag1__peptide_count__P31997,0.0,0.0
delta1__peptide_count__Q96S96,0.0,0.0
delta1__peptide_count__Q99435,0.0,0.0
delta1__peptide_count__Q99674,0.0,0.0
delta1__peptide_count__Q99683,0.0,0.0
delta1__peptide_count__Q99829,0.0,0.0
delta1__peptide_count__Q99832,0.0,0.0
delta1__peptide_count__Q99969,0.0,0.0
delta1__peptide_count__Q9BY67,0.0,0.0
lag1__peptide_count__P09104,0.0,0.0
lag1__peptide_count__P10451,0.0,0.0
lag1__peptide_count__P11142,0.0,0.0
lag1__peptide_count__P11277,0.0,0.0
lag1__peptide_count__Q96BZ4,0.0,0.0
lag1__peptide_count__P13521,0.0,0.0
lag1__peptide_count__P13671,0.0,0.0
missing__peptide_mean__O00533,0.0,0.0
missing__peptide_mean__O15240,0.0,0.0
lag1__peptide_count__Q02818,0.0,0.0
missing__protein_missing_fraction,0.0,0.0
missing__peptide_abundance_mean,0.0,0.0
missing__peptide_abundance_std,0.0,0.0
missing__peptide_abundance_min,0.0,0.0
missing__peptide_abundance_max,0.0,0.0
missing__peptide_abundance_sum,0.0,0.0
missing__peptide_observation_count,0.0,0.0
missing__protein_npx__Q7Z5P9,0.0,0.0
missing__protein_npx__Q92520,0.0,0.0
missing__protein_npx__Q92823,0.0,0.0
lag1__peptide_count__P13473,0.0,0.0
missing__protein_npx__P51884,0.0,0.0
missing__protein_npx__P36222,0.0,0.0
missing__protein_npx__P36955,0.0,0.0
missing__protein_npx__P41222,0.0,0.0
missing__protein_npx__P43652,0.0,0.0
lag1__peptide_count__P80748,0.0,0.0
missing__protein_npx__P19823,0.0,0.0
missing__protein_npx__P20774,0.0,0.0
missing__protein_npx__P23142,0.0,0.0
missing__protein_npx__P24592,0.0,0.0
missing__protein_npx__P25311,0.0,0.0
lag1__peptide_count__P61278,0.0,0.0
lag1__peptide_count__P61626,0.0,0.0
missing__protein_npx__Q14515,0.0,0.0
missing__protein_npx__Q14624,0.0,0.0
delta1__peptide_count__Q9Y646,0.0,0.0
missing__protein_npx__Q16610,0.0,0.0
missing__protein_npx__Q7Z3B1,0.0,0.0
lag1__peptide_count__P32754,0.0,0.0
lag1__peptide_count__P35542,0.0,0.0
lag1__peptide_count__P36980,0.0,0.0
lag1__peptide_count__P40925,0.0,0.0
lag1__peptide_count__P43251,0.0,0.0
lag1__peptide_count__P49588,0.0,0.0
lag1__peptide_count__P49908,0.0,0.0
lag1__peptide_count__P60174,0.0,0.0
delta1__peptide_count__Q9HDC9,0.0,0.0
delta1__peptide_count__Q9NYU2,0.0,0.0
delta1__peptide_count__Q9UBR2,0.0,0.0
delta1__peptide_count__Q9UKV8,0.0,0.0
delta1__peptide_count__Q9UNU6,0.0,0.0
missing__protein_npx__Q16270,0.0,0.0
