feature,importance_mean,importance_std
rollmean2__current_updrs_3,1.950656957864383,0.0
current_updrs_3,1.9422585449038825,0.0
rollmean2__current_updrs_2,1.1470110165353236,0.0
current_updrs_2,1.1117193516330661,0.0
lag1__current_updrs_3,0.8058284858699327,0.0
delta1__current_updrs_3,0.4993321456847429,0.0
lag1__current_updrs_2,0.43305855584108316,0.0
lag1__protein_npx__P06310,0.35424488379740043,0.0
missing__peptide_log__LGADM(UniMod_35)EDVC(UniMod_4)GR,0.3487175764197491,0.0
peptide_std__P17174,0.3370884798514074,0.0
rollmean2__peptide_std__P00748,0.3287886772040767,0.0
lag1__current_medication_on,0.3260082394077453,0.0
protein_npx__P05546,0.32591752510337935,0.0
rollmean2__current_medication_unknown,0.32490681417530043,0.0
slope1__current_updrs_3,0.3178167898281464,0.0
peptide_count__P00441,0.30480041208970476,0.0
missing__peptide_std__P00441,0.3046732652172093,0.0
peptide_log__NFPPSQDASGDLYTTSSQLTLPATQC(UniMod_4)LAGK,0.30361629196001316,0.0
peptide_mean__P05546,0.3028282101250809,0.0
missing__peptide_log__LSKELQAAQAR,0.3008603642282692,0.0
rollmean2__peptide_count__P00441,0.295197367304779,0.0
missing__peptide_log__FM(UniMod_35)ETVAEK,0.29513943198715303,0.0
missing__current_medication_on,0.2922205361817485,0.0
current_medication_unknown,0.2922205361817485,0.0
rollmean2__protein_npx__P05546,0.2832482810025163,0.0
rollmean2__peptide_log__KQELSEAEQATR,0.2828955424912018,0.0
missing__peptide_log__HYDGSYSTFGER,0.27285241885314143,0.0
delta1__current_updrs_4,0.2703977919777303,0.0
slope1__peptide_std__P12109,0.26952910157757964,0.0
rollmean2__peptide_std__P05067,0.26881322689686027,0.0
rollmean2__peptide_std__P02748,0.2657090789696211,0.0
missing__peptide_log__ALGISPFHEHAEVVFTANDSGPR,0.26512554628921275,0.0
delta1__peptide_log__C(UniMod_4)DSSPDSAEDVRK,0.26265804301153467,0.0
lag1__peptide_log__YVM(UniMod_35)LPVADQDQC(UniMod_4)IR,0.25971780456436977,0.0
rollmean2__peptide_mean__P43121,0.25679195891089274,0.0
rollmean2__peptide_mean__P05546,0.2531271722397514,0.0
lag1__peptide_log__FNKPFVFLM(UniMod_35)IEQNTK,0.2530608589278694,0.0
delta1__peptide_log__RGYQLSDVDGVTC(UniMod_4)EDIDEC(UniMod_4)ALPTGGHIC(UniMod_4)SYR,0.25123129941338385,0.0
rollmean2__peptide_std__P17174,0.24680068063065386,0.0
rollmean2__peptide_mean__P13611,0.24359688520264308,0.0
peptide_std__P00748,0.24092554945181635,0.0
lag1__peptide_std__P00748,0.24045969708943055,0.0
peptide_log__KQELSEAEQATR,0.23626821283728372,0.0
lag1__protein_npx__P19823,0.2361156939695737,0.0
current_updrs_1,0.23590064078804512,0.0
lag1__peptide_mean__P11277,0.23210227545182785,0.0
rollmean2__protein_npx__P02763,0.23025790639372387,0.0
lag1__peptide_log__LVGGPM(UniMod_35)DASVEEEGVRR,0.2300864879709121,0.0
lag1__peptide_mean__P08637,0.2270740978582338,0.0
rollmean2__peptide_count__P02749,0.22587769174796254,0.0
missing__peptide_log__YVM(UniMod_35)LPVADQDQC(UniMod_4)IR,0.22561654525712374,0.0
slope1__current_medication_unknown,0.22525198210152067,0.0
lag1__peptide_mean__P06310,0.22485956373111346,0.0
rollmean2__peptide_std__Q14118,0.22258052792897992,0.0
lag1__peptide_count__P00738,0.22217973056389775,0.0
rollmean2__peptide_mean__P02763,0.2215027316571664,0.0
missing__peptide_count__P04275,0.22080016255116874,0.0
missing__peptide_mean__P04275,0.22080016255116874,0.0
missing__protein_npx__P04275,0.22080016255116874,0.0
lag1__peptide_count__Q9Y6R7,0.22033745338973224,0.0
missing__peptide_log__C(UniMod_4)KPVNTFVHEPLVDVQNVC(UniMod_4)FQEK,0.22026492120977262,0.0
rollmean2__peptide_mean__P00450,0.21890487402539774,0.0
rollmean2__peptide_std__P27169,0.2188239313322155,0.0
rollmean2__peptide_log__LFDSDPITVTVPVEVSR,0.2186054263409055,0.0
missing__current_updrs_4,0.2172654688494374,0.0
slope1__current_updrs_4,0.2165824162414924,0.0
rollmean2__peptide_count__P61769,0.21623519783627865,0.0
rollmean2__peptide_log__NFPPSQDASGDLYTTSSQLTLPATQC(UniMod_4)LAGK,0.21474999470248352,0.0
rollmean2__peptide_std__P25311,0.21395540683950603,0.0
peptide_std__P01876,0.21390250136349273,0.0
lag1__peptide_std__P06727,0.2134436628287285,0.0
peptide_std__P61916,0.21324306381209437,0.0
missing__peptide_log__TPLGDTTHTC(UniMod_4)PR,0.21307215300501472,0.0
lag1__current_medication_unknown,0.2123907174166181,0.0
missing__peptide_log__EDSLEAGLPLQVR,0.21135390260065612,0.0
protein_npx__P08133,0.2106771056531509,0.0
missing__peptide_log__VGYVSGWGR,0.2104925998898269,0.0
rollmean2__peptide_count__P01876,0.21030461285412252,0.0
missing__protein_npx__Q99829,0.20982029071418093,0.0
missing__peptide_count__Q99829,0.20982029071418093,0.0
missing__peptide_mean__Q99829,0.20982029071418093,0.0
rollmean2__peptide_std__P20774,0.20842286261786772,0.0
lag1__peptide_count__P55290,0.2082500499187605,0.0
slope1__peptide_count__P24592,0.20820323727126525,0.0
delta1__peptide_count__P04196,0.20819320648871759,0.0
rollmean2__peptide_std__P00736,0.2081550805176177,0.0
protein_npx__P08123,0.20810634813539575,0.0
rollmean2__current_updrs_1,0.20768295677929557,0.0
slope1__peptide_count__P25311,0.20606391860562845,0.0
rollmean2__peptide_std__Q92520,0.20592023466722287,0.0
rollmean2__peptide_mean__Q14508,0.20542588392792716,0.0
lag1__protein_npx__O00584,0.20463151662937074,0.0
peptide_mean__P08133,0.20332153766168984,0.0
rollmean2__peptide_mean__Q99435,0.20169079629299175,0.0
lag1__peptide_count__P05060,0.20152009997838688,0.0
rollmean2__peptide_std__P16070,0.20055318121533627,0.0
slope1__peptide_count__P54289,0.1998742277566692,0.0
delta1__peptide_log__RTPITVVK,0.19965212496964826,0.0
slope1__peptide_log__ADDKETC(UniMod_4)FAEEGK,0.19882190045132714,0.0
delta1__peptide_std__P09486,0.19852546942240368,0.0
rollmean2__peptide_std__P43121,0.19804882932936613,0.0
missing__peptide_log__SNSSM(UniMod_35)HITDC(UniMod_4)R,0.1974630319387571,0.0
delta1__peptide_mean__P43121,0.19719475103884282,0.0
delta1__peptide_count__P24592,0.1969616259932605,0.0
rollmean2__peptide_count__P13611,0.19694662942930966,0.0
rollmean2__peptide_count__P27169,0.19689483862946205,0.0
peptide_std__P00441,0.19669289926686648,0.0
rollmean2__peptide_count__P12109,0.19647522813856394,0.0
rollmean2__protein_npx__P01861,0.19638728592122895,0.0
rollmean2__peptide_count__P07339,0.19636659064089318,0.0
peptide_log__KVEQAVETEPEPELR,0.19529365495714537,0.0
lag1__protein_npx__P11277,0.19527384630140507,0.0
rollmean2__peptide_mean__P36980,0.19513288523571995,0.0
peptide_mean__P02763,0.19506294886405803,0.0
rollmean2__protein_npx__Q13740,0.1939461938905797,0.0
lag1__peptide_std__P16070,0.19343062665962377,0.0
missing__peptide_log__DSGEGDFLAEGGGVR,0.1933928695998553,0.0
delta1__peptide_count__Q9NQ79,0.19272074725995372,0.0
peptide_mean__P00450,0.19271259860703263,0.0
slope1__peptide_std__Q16610,0.19265323492434994,0.0
rollmean2__protein_npx__P36222,0.1924312637814164,0.0
lag1__peptide_mean__Q13740,0.19216958941547688,0.0
rollmean2__protein_npx__P01859,0.1910957672285809,0.0
lag1__peptide_mean__Q96BZ4,0.1909604600298162,0.0
missing__peptide_log__VDNALQSGNSQESVTEQDSKDSTYSLSSTLTLSK,0.1907642382486966,0.0
delta1__peptide_mean__P05408,0.19062232836001902,0.0
lag1__peptide_mean__P02652,0.19061860545911277,0.0
missing__peptide_std__P12109,0.1902423060244715,0.0
slope1__peptide_count__P16035,0.18929808386565194,0.0
peptide_mean__Q14508,0.1890694598667845,0.0
peptide_std__P04075,0.18842224334580945,0.0
delta1__peptide_mean__P01594,0.18821756389003141,0.0
lag1__protein_npx__P16035,0.18780663292091837,0.0
delta1__peptide_log__LSNENHGIAQR,0.1874003073062896,0.0
slope1__peptide_mean__Q15904,0.18712384984424815,0.0
lag1__peptide_std__O75144,0.1870232328919971,0.0
missing__peptide_std__Q92876,0.18665929056980549,0.0
lag1__peptide_count__Q9NQ79,0.18645215821682465,0.0
lag1__protein_npx__Q96BZ4,0.1862965728732607,0.0
lag1__peptide_mean__P01009,0.18628371068044106,0.0
rollmean2__peptide_std__P10645,0.1862738712846646,0.0
rollmean2__peptide_count__P18065,0.18614551062092038,0.0
rollmean2__peptide_mean__P02760,0.1859680101149204,0.0
rollmean2__peptide_std__P13611,0.18560815616518392,0.0
protein_npx__P02763,0.18546400945383162,0.0
missing__peptide_count__Q99674,0.185460962171976,0.0
missing__peptide_mean__Q99674,0.185460962171976,0.0
missing__protein_npx__Q99674,0.185460962171976,0.0
rollmean2__protein_npx__P08123,0.1847512620111439,0.0
missing__peptide_mean__Q8NBJ4,0.18444678007265153,0.0
missing__peptide_count__Q8NBJ4,0.18444678007265153,0.0
missing__protein_npx__Q8NBJ4,0.18444678007265153,0.0
lag1__peptide_count__P14618,0.18429367746891048,0.0
missing__peptide_mean__P05546,0.18414116313233106,0.0
missing__protein_npx__P05546,0.18414116313233106,0.0
missing__peptide_count__P05546,0.18414116313233106,0.0
rollmean2__peptide_count__P61916,0.18402358600793164,0.0
rollmean2__peptide_count__P05155,0.18325704689484282,0.0
rollmean2__peptide_log__KVEQAVETEPEPELR,0.18320471298680877,0.0
rollmean2__peptide_std__Q16270,0.18213665799920603,0.0
delta1__peptide_mean__O14498,0.18209230022342326,0.0
lag1__peptide_mean__Q14508,0.18187266196233604,0.0
rollmean2__protein_npx__P07998,0.1816428792400444,0.0
lag1__peptide_count__Q16610,0.1813589806314383,0.0
missing__peptide_log__RGYQLSDVDGVTC(UniMod_4)EDIDEC(UniMod_4)ALPTGGHIC(UniMod_4)SYR,0.18113623678745383,0.0
rollmean2__peptide_std__P01860,0.18101349323357574,0.0
rollmean2__peptide_count__P10643,0.18092241789820723,0.0
delta1__protein_npx__O14791,0.1808515790128675,0.0
slope1__peptide_count__P36222,0.1806454711524175,0.0
lag1__peptide_count__P13611,0.18053705010445928,0.0
slope1__peptide_count__P06727,0.18051584403307025,0.0
peptide_std__Q92520,0.18033645217328084,0.0
peptide_count__P61769,0.1801508537460459,0.0
rollmean2__protein_npx__O00584,0.17997245182788155,0.0
lag1__peptide_abundance_std,0.17994139979447724,0.0
slope1__peptide_mean__P02750,0.17972236608093117,0.0
protein_npx__P08493,0.179460337639772,0.0
missing__peptide_log__C(UniMod_4)IIEVLSNALSK,0.17922291383014013,0.0
missing__peptide_mean__Q6UX71,0.1789398732987675,0.0
missing__peptide_count__Q6UX71,0.1789398732987675,0.0
missing__protein_npx__Q6UX71,0.1789398732987675,0.0
lag1__protein_npx__P01019,0.17872167296194577,0.0
missing__protein_npx__P11142,0.1787069109024862,0.0
missing__peptide_count__P11142,0.1787069109024862,0.0
missing__peptide_mean__P11142,0.1787069109024862,0.0
delta1__peptide_count__P54289,0.17833733911875663,0.0
slope1__protein_npx__P02750,0.17816669727009243,0.0
protein_npx__P00441,0.17779874912980564,0.0
rollmean2__peptide_std__P01876,0.17771399582773775,0.0
missing__peptide_log__NPDSSTTGPWC(UniMod_4)YTTDPTVR,0.17763739152912733,0.0
peptide_count__Q92876,0.1775939543513803,0.0
slope1__peptide_log__C(UniMod_4)DSSPDSAEDVRK,0.17745002855392725,0.0
delta1__peptide_std__P02652,0.17738690158964618,0.0
rollmean2__protein_npx__P08493,0.17653707320098005,0.0
delta1__peptide_log__YIVSGTPTFVPYLIK,0.1759242724827228,0.0
lag1__peptide_mean__P02671,0.1756524170800251,0.0
rollmean2__peptide_std__P08603,0.17520381804852017,0.0
delta1__protein_npx__P02750,0.17483918617359936,0.0
missing__peptide_log__KAADDTWEPFASGK,0.17480371878888926,0.0
peptide_log__M(UniMod_35)YLGYEYVTAIR,0.17443617981356851,0.0
peptide_count__P13611,0.17411408456253377,0.0
peptide_count__P12109,0.17385024156645718,0.0
protein_npx__P07998,0.17375918622077746,0.0
lag1__peptide_count__P01857,0.17357643582958956,0.0
lag1__peptide_std__P02671,0.1735451252631037,0.0
missing__peptide_std__P10643,0.1733901713272847,0.0
rollmean2__peptide_mean__P02652,0.17261893467339312,0.0
missing__peptide_log__MYYSAVDPTKDIFTGLIGPM(UniMod_35)K,0.1725371698309209,0.0
slope1__peptide_count__Q14118,0.17144402107720141,0.0
peptide_mean__P13611,0.17134497957957187,0.0
lag1__peptide_mean__P02768,0.1713274909413334,0.0
protein_npx__P01859,0.1712551857572091,0.0
delta1__peptide_std__P05067,0.17122098677286304,0.0
lag1__peptide_log__HYTNPSQDVTVPC(UniMod_4)PVPPPPPC(UniMod_4)C(UniMod_4)HPR,0.17113839613918486,0.0
lag1__peptide_std__P13591,0.17112336659668922,0.0
lag1__peptide_log__C(UniMod_4)REILSVDC(UniMod_4)STNNPSQAK,0.17057419346624655,0.0
peptide_mean__P08123,0.1704602570189427,0.0
peptide_mean__P14314,0.17008094727682097,0.0
lag1__peptide_std__P27169,0.16999382344764316,0.0
slope1__protein_npx__P35542,0.16984605865759528,0.0
missing__peptide_log__SEALAVDGAGKPGAEEAQDPEGK,0.1698453280742506,0.0
rollmean2__peptide_mean__P01857,0.16982751557118048,0.0
missing__peptide_log__NPDPWAK,0.16954828439129205,0.0
delta1__peptide_std__Q16610,0.16909947614747248,0.0
rollmean2__peptide_count__P10909,0.16877259664473526,0.0
rollmean2__peptide_std__P98160,0.16667925925822355,0.0
peptide_mean__P05060,0.16666915646417738,0.0
delta1__peptide_log__IMNGEADAMSLDGGFVYIAGK,0.16647097497317281,0.0
peptide_std__P09486,0.16646766404215582,0.0
rollmean2__peptide_std__P13987,0.166452501474257,0.0
delta1__peptide_count__P01011,0.16606514976324452,0.0
rollmean2__protein_npx__Q13449,0.1659416896445642,0.0
lag1__protein_npx__P02768,0.1658869345166483,0.0
missing__peptide_std__P01860,0.16588196286608956,0.0
lag1__peptide_log__ATVNPSAPR,0.1657805780303196,0.0
rollmean2__protein_npx__P19823,0.16552124598641565,0.0
delta1__peptide_count__P04433,0.16548148464943663,0.0
lag1__peptide_std__P01877,0.16526902761775308,0.0
rollmean2__peptide_count__O00533,0.16522145420660872,0.0
slope1__peptide_std__Q92876,0.16512616223789822,0.0
peptide_mean__Q8NBJ4,0.16486184737012488,0.0
protein_npx__P36222,0.16466254190591365,0.0
peptide_count__P02749,0.1643216845496421,0.0
rollmean2__peptide_std__P07998,0.16381457283999357,0.0
lag1__peptide_count__P19823,0.1636986678204551,0.0
delta1__peptide_std__P10909,0.16360536138111093,0.0
lag1__protein_npx__P16070,0.1635481323274033,0.0
rollmean2__peptide_log__SELEEQLTPVAEETR,0.16316098714755717,0.0
protein_npx__P04406,0.16314079124477618,0.0
rollmean2__peptide_std__P43652,0.1626977474132582,0.0
slope1__peptide_std__P06396,0.16190577243896542,0.0
missing__peptide_log__LGADMEDVC(UniMod_4)GR,0.1618079092911176,0.0
peptide_std__P02748,0.16167113584460535,0.0
lag1__peptide_log__QNC(UniMod_4)ELFEQLGEYK,0.1614415012302109,0.0
lag1__protein_npx__P08637,0.16132406482800568,0.0
delta1__peptide_mean__Q15904,0.16111299459951162,0.0
delta1__peptide_std__P09871,0.16110867043447247,0.0
rollmean2__peptide_log__IHWESASLLR,0.16100995720591,0.0
rollmean2__peptide_mean__P30086,0.16089654750032387,0.0
delta1__peptide_log__TQVNTQAEQLRR,0.16056498669832475,0.0
peptide_count__P05155,0.16029976287516834,0.0
rollmean2__peptide_log__NPDSSTTGPWC(UniMod_4)YTTDPTVR,0.16024510358818514,0.0
rollmean2__peptide_count__P02765,0.16023870109229724,0.0
delta1__current_updrs_2,0.16013668122288333,0.0
slope1__peptide_log__RTPITVVK,0.15970381853112964,0.0
peptide_std__P01011,0.15969296544035438,0.0
lag1__peptide_mean__P13611,0.15961445813157527,0.0
slope1__peptide_log__IMNGEADAMSLDGGFVYIAGK,0.15952851051777536,0.0
rollmean2__peptide_log__LVGGPM(UniMod_35)DASVEEEGVRR,0.1595276077376522,0.0
missing__peptide_log__LIADLGSTSITNLGFR,0.15936736833757875,0.0
rollmean2__peptide_std__P04217,0.15837695639415297,0.0
rollmean2__peptide_count__Q9NQ79,0.15835819537305737,0.0
peptide_count__P04180,0.1583293272161217,0.0
delta1__protein_npx__O14498,0.1582623889557564,0.0
slope1__peptide_log__YVM(UniMod_35)LPVADQDQC(UniMod_4)IR,0.15824467844966955,0.0
missing__peptide_std__P13591,0.15814755933929017,0.0
peptide_count__P18065,0.1579756234124898,0.0
slope1__current_updrs_1,0.15768135765942212,0.0
peptide_log__NPDSSTTGPWC(UniMod_4)YTTDPTVR,0.15733405934163125,0.0
peptide_count__O00533,0.1572512823162775,0.0
delta1__peptide_std__O15240,0.156963779514839,0.0
missing__protein_npx__Q9UKV8,0.15689055425083778,0.0
missing__peptide_count__Q9UKV8,0.15689055425083778,0.0
missing__peptide_mean__Q9UKV8,0.15689055425083778,0.0
peptide_std__P08603,0.15680513186500925,0.0
delta1__peptide_std__P30086,0.15679843050188597,0.0
missing__protein_npx__Q15904,0.15677343114346012,0.0
missing__peptide_mean__Q15904,0.15677343114346012,0.0
missing__peptide_count__Q15904,0.15677343114346012,0.0
rollmean2__protein_npx__P02647,0.15654691606436055,0.0
slope1__peptide_mean__P54289,0.156494919286234,0.0
slope1__peptide_std__P01877,0.15638474737024127,0.0
delta1__peptide_std__P02753,0.1556042138956985,0.0
delta1__peptide_count__P05060,0.1550410281874907,0.0
slope1__peptide_std__P61769,0.15493012283616875,0.0
delta1__protein_npx__P01594,0.1548936780474155,0.0
rollmean2__peptide_std__P01834,0.1548826259119185,0.0
lag1__peptide_mean__P06454,0.15455612938650126,0.0
rollmean2__protein_npx__P09104,0.15446391146097094,0.0
rollmean2__peptide_mean__P08123,0.15443589010415495,0.0
missing__peptide_log__QIGSVYR,0.15437065976733705,0.0
missing__peptide_std__P19652,0.15435833623945808,0.0
peptide_count__P27169,0.15435798991495664,0.0
peptide_std__P05067,0.15429646050901535,0.0
lag1__peptide_std__P09486,0.15402929472613738,0.0
lag1__peptide_log__DSGEGDFLAEGGGVR,0.15367298450338635,0.0
slope1__protein_npx__Q99829,0.15315551259425944,0.0
lag1__peptide_count__P08571,0.1529171005170789,0.0
peptide_std__P00736,0.15261105911671474,0.0
rollmean2__peptide_mean__P00746,0.15256498268291918,0.0
peptide_mean__P01857,0.15241853457612575,0.0
peptide_std__P20774,0.15198275690294255,0.0
lag1__peptide_log__SLAELGGHLDQQVEEFRR,0.15179434539714118,0.0
rollmean2__protein_npx__P00746,0.15173718573524703,0.0
peptide_mean__P02760,0.15131563619929825,0.0
peptide_count__P09486,0.1512596096137501,0.0
missing__peptide_log__M(UniMod_35)ASGAANVVGPK,0.1507542698095373,0.0
slope1__peptide_std__P02652,0.15060746975821354,0.0
rollmean2__peptide_std__P01011,0.15013301750428876,0.0
lag1__peptide_count__P00450,0.15002109011699302,0.0
peptide_mean__O14498,0.1499466895437504,0.0
slope1__peptide_count__P61916,0.14991600213391132,0.0
peptide_count__P01011,0.14964066276091423,0.0
delta1__peptide_mean__P54289,0.1495288600839599,0.0
rollmean2__protein_npx__P00738,0.14950273254804144,0.0
missing__peptide_log__TSPVDEKALQDQLVLVAAK,0.14949887495964742,0.0
lag1__protein_npx__P01860,0.14934961242860356,0.0
protein_npx__P19827,0.1493162117915036,0.0
peptide_mean__O94919,0.14929445659302787,0.0
missing__peptide_log__DSGFQM(UniMod_35)NQLR,0.14927845645261206,0.0
slope1__peptide_count__Q92823,0.14922988890923272,0.0
delta1__protein_npx__P36980,0.14916357409638925,0.0
missing__peptide_mean__P01033,0.1490357187854817,0.0
missing__protein_npx__P01033,0.1490357187854817,0.0
missing__peptide_count__P01033,0.1490357187854817,0.0
peptide_log__DSGFQM(UniMod_35)NQLR,0.14889567343747379,0.0
rollmean2__peptide_log__C(UniMod_4)KPVNTFVHEPLVDVQNVC(UniMod_4)FQEK,0.14887862603332455,0.0
lag1__peptide_mean__P01594,0.14873925833895543,0.0
lag1__peptide_log__TTPPVLDSDGSFFLYSK,0.1487162800930048,0.0
lag1__protein_npx__P06454,0.14841579868474067,0.0
slope1__peptide_count__P02751,0.14837297120832132,0.0
rollmean2__peptide_std__P18065,0.14832710762022694,0.0
slope1__peptide_mean__P00736,0.1481464083639329,0.0
delta1__peptide_mean__P00736,0.14808265977339127,0.0
rollmean2__peptide_mean__P07333,0.14801643620045596,0.0
rollmean2__peptide_count__P07711,0.14789952989830965,0.0
peptide_mean__P43121,0.14787421248055152,0.0
peptide_count__P10643,0.14769549677485003,0.0
missing__peptide_std__P13611,0.14740997428747524,0.0
rollmean2__peptide_log__GEVQAMLGQSTEELR,0.14712944744589496,0.0
rollmean2__current_medication_on,0.1471024386551044,0.0
lag1__peptide_mean__P16035,0.1470677119434453,0.0
peptide_log__LFDSDPITVTVPVEVSR,0.14697317507706448,0.0
missing__peptide_std__P27169,0.1468499354887938,0.0
rollmean2__peptide_count__Q13740,0.14679152136213797,0.0
lag1__protein_npx__P13473,0.1467346826549472,0.0
lag1__peptide_mean__P19823,0.14664323739265475,0.0
slope1__peptide_mean__O14498,0.14657851184562273,0.0
peptide_log__SFNRGEC(UniMod_4),0.14638972308119455,0.0
slope1__peptide_std__P08493,0.1463345265545431,0.0
peptide_mean__P30086,0.14611630633094935,0.0
delta1__peptide_std__P01860,0.1458408533576295,0.0
rollmean2__protein_npx__P00441,0.14572039237009918,0.0
rollmean2__peptide_log__RGYQLSDVDGVTC(UniMod_4)EDIDEC(UniMod_4)ALPTGGHIC(UniMod_4)SYR,0.14570575274415876,0.0
slope1__peptide_count__P01011,0.14565174917776058,0.0
slope1__peptide_mean__P02652,0.14497305721974513,0.0
rollmean2__peptide_mean__P01008,0.14469201968839093,0.0
slope1__peptide_mean__Q99969,0.14465126684009724,0.0
rollmean2__peptide_mean__P02768,0.1444140193679767,0.0
peptide_std__P07998,0.1443610026509205,0.0
rollmean2__peptide_mean__Q96PD5,0.1440422510270792,0.0
rollmean2__peptide_count__P06681,0.14398197161530724,0.0
lag1__peptide_count__P05090,0.143901186416582,0.0
peptide_std__Q9Y6R7,0.1437771419770634,0.0
delta1__peptide_log__EDSLEAGLPLQVR,0.14370763792313346,0.0
peptide_count__P00748,0.14361061075102066,0.0
rollmean2__peptide_count__P24592,0.14360154355173183,0.0
peptide_std__Q96KN2,0.14357552737604234,0.0
lag1__peptide_mean__P05408,0.14355321703037355,0.0
rollmean2__peptide_mean__P02753,0.14351293786959446,0.0
slope1__peptide_mean__Q99829,0.14347643601327625,0.0
missing__peptide_log__LRTEGDGVYTLNNEK,0.14341589418113002,0.0
slope1__current_medication_on,0.14337509383334124,0.0
delta1__protein_npx__P05408,0.143165096084656,0.0
delta1__peptide_log__HYEGSTVPEK,0.14297757456439425,0.0
missing__peptide_mean__P11277,0.14296737555230246,0.0
missing__protein_npx__P11277,0.14296737555230246,0.0
missing__peptide_count__P11277,0.14296737555230246,0.0
lag1__peptide_log__LC(UniMod_4)MGSGLNLC(UniMod_4)EPNNKEGYYGYTGAFR,0.14268440679105782,0.0
lag1__peptide_log__SELEEQLTPVAEETR,0.14267381903382056,0.0
rollmean2__peptide_std__Q13740,0.14258351439654618,0.0
rollmean2__protein_npx__P19827,0.14245648039975653,0.0
rollmean2__peptide_count__P04180,0.1422411588951908,0.0
slope1__protein_npx__P06727,0.14217141146032589,0.0
slope1__peptide_log__LSNENHGIAQR,0.14193153561205496,0.0
lag1__peptide_std__P98160,0.14192582350822694,0.0
delta1__peptide_mean__P02750,0.14186721892921944,0.0
slope1__peptide_mean__P01859,0.14173256781569182,0.0
rollmean2__peptide_count__P07225,0.14152215572922017,0.0
delta1__peptide_log__VDSGNDVTDIADDGC(UniMod_4)PKPPEIAHGYVEHSVR,0.14151161033718201,0.0
lag1__peptide_log__LFDSDPITVTVPVEVSR,0.14142731687319152,0.0
missing__peptide_std__O15240,0.1412902203748767,0.0
peptide_mean__P04406,0.14128997358051806,0.0
peptide_count__P05060,0.14105514915747028,0.0
slope1__peptide_mean__P07602,0.14105235034709115,0.0
rollmean2__peptide_log__GYQLSDVDGVTC(UniMod_4)EDIDEC(UniMod_4)ALPTGGHIC(UniMod_4)SYR,0.14104048042407225,0.0
slope1__peptide_std__P16070,0.14100910997724533,0.0
lag1__peptide_count__P07711,0.1409202650894921,0.0
rollmean2__peptide_log__LGADM(UniMod_35)EDVC(UniMod_4)GR,0.14090707746782657,0.0
rollmean2__protein_npx__P01024,0.14081362272490325,0.0
delta1__peptide_std__P18065,0.1407981693752144,0.0
rollmean2__peptide_log__KFPSGTFEQVSQLVK,0.14068232120322213,0.0
missing__peptide_log__KVEQAVETEPEPELR,0.14042894453845414,0.0
rollmean2__peptide_mean__Q96S96,0.14018055124508638,0.0
protein_npx__P19823,0.14007215634085451,0.0
delta1__peptide_count__O94919,0.1398416028298924,0.0
lag1__protein_npx__P01034,0.1397998507205001,0.0
lag1__protein_npx__P06727,0.13966183830568754,0.0
lag1__peptide_log__ELDESLQVAER,0.13954832478816587,0.0
rollmean2__peptide_std__P06727,0.13946864075201387,0.0
rollmean2__peptide_count__P05452,0.1393907479185833,0.0
lag1__peptide_std__P43121,0.1393106176622346,0.0
peptide_mean__P01008,0.1392298846745503,0.0
rollmean2__protein_npx__P07333,0.13922686693936479,0.0
delta1__peptide_log__SELEEQLTPVAEETR,0.13905601059696504,0.0
rollmean2__peptide_count__P00450,0.1389857110314,0.0
lag1__peptide_std__P25311,0.13896033534612068,0.0
missing__peptide_std__P16870,0.13891815853568915,0.0
delta1__protein_npx__P31997,0.13866466387346318,0.0
lag1__peptide_mean__P01859,0.13860025895130992,0.0
rollmean2__peptide_mean__P49908,0.1385039594535608,0.0
lag1__peptide_count__P02774,0.1383733705691597,0.0
peptide_count__P61916,0.13813772352057826,0.0
delta1__peptide_std__P13611,0.13802594160574547,0.0
peptide_std__Q9NQ79,0.13801837148587348,0.0
slope1__protein_npx__O14498,0.13796958032453133,0.0
rollmean2__protein_npx__P01011,0.13786969430880971,0.0
delta1__peptide_count__Q6UXB8,0.13786442439768382,0.0
delta1__peptide_log__LVGGPM(UniMod_35)DASVEEEGVRR,0.13785899104003604,0.0
rollmean2__peptide_log__NFPPSQDASGDLYTTSSQLTLPATQC(UniMod_4)PDGK,0.13784712914997846,0.0
protein_npx__P25311,0.13778626139304148,0.0
rollmean2__protein_npx__P36955,0.13777062751132135,0.0
slope1__peptide_mean__P01621,0.13773407105675078,0.0
slope1__peptide_std__Q96PD5,0.13768790898230518,0.0
peptide_count__P00747,0.13752988816029954,0.0
lag1__peptide_log__EILSVDC(UniMod_4)STNNPSQAK,0.13741356229916124,0.0
missing__peptide_log__LAVYQAGAR,0.13736172124438398,0.0
missing__peptide_count__Q9BY67,0.13726067080029927,0.0
missing__peptide_mean__Q9BY67,0.13726067080029927,0.0
missing__protein_npx__Q9BY67,0.13726067080029927,0.0
rollmean2__peptide_count__P02766,0.13719788778453423,0.0
rollmean2__peptide_mean__Q13740,0.13707308987185826,0.0
peptide_count__P02765,0.13706391777720192,0.0
lag1__protein_npx__Q8N2S1,0.13700464759011458,0.0
rollmean2__peptide_mean__O94919,0.13698561415117932,0.0
rollmean2__protein_npx__P02749,0.13690086935197082,0.0
delta1__protein_npx__P61626,0.1368451451286497,0.0
lag1__peptide_count__P02671,0.13676836573272164,0.0
slope1__peptide_mean__Q06481,0.1366935152907086,0.0
missing__peptide_mean__P40925,0.136559833308672,0.0
missing__protein_npx__P40925,0.136559833308672,0.0
missing__peptide_count__P40925,0.136559833308672,0.0
delta1__protein_npx__P01860,0.13647486294528122,0.0
lag1__peptide_count__O00584,0.13635239918849323,0.0
lag1__peptide_mean__Q6UXD5,0.1361955252978355,0.0
rollmean2__protein_npx__Q9NQ79,0.1361095809784616,0.0
rollmean2__protein_npx__P02768,0.13609911460685264,0.0
lag1__peptide_mean__Q9Y6R7,0.13598152324895355,0.0
rollmean2__protein_npx__Q96S96,0.13579821214567334,0.0
peptide_mean__P39060,0.1357554772382328,0.0
rollmean2__peptide_mean__Q8NBJ4,0.13574676421866505,0.0
lag1__protein_npx__P01861,0.13570920694664254,0.0
rollmean2__peptide_mean__P05408,0.13559708144527363,0.0
slope1__protein_npx__P02765,0.13548702914236943,0.0
rollmean2__peptide_std__Q14624,0.13533163000633205,0.0
rollmean2__protein_npx__Q14508,0.13532663886733742,0.0
rollmean2__peptide_log__M(UniMod_35)YLGYEYVTAIR,0.13531516559389858,0.0
lag1__peptide_count__P02452,0.1352717206350339,0.0
lag1__peptide_count__P00746,0.13516223419126297,0.0
protein_npx__P43251,0.1348880022635424,0.0
slope1__peptide_count__P30086,0.13481537609440192,0.0
peptide_count__P02766,0.13457055991064376,0.0
missing__peptide_mean__O75326,0.1343570058153742,0.0
missing__peptide_count__O75326,0.1343570058153742,0.0
missing__protein_npx__O75326,0.1343570058153742,0.0
peptide_log__GEVQAMLGQSTEELR,0.1340653853843857,0.0
peptide_std__P43121,0.13371992776723254,0.0
delta1__peptide_mean__P05546,0.1336501266377367,0.0
peptide_std__P00751,0.13360704322354575,0.0
peptide_log__VGYVSGWGR,0.1334171680089274,0.0
lag1__visit_index,0.13339860628948372,0.0
lag1__peptide_std__P02787,0.13320296718032523,0.0
missing__peptide_mean__P61626,0.132903363240155,0.0
missing__peptide_count__P61626,0.132903363240155,0.0
missing__protein_npx__P61626,0.132903363240155,0.0
rollmean2__peptide_mean__P09104,0.1328660917696907,0.0
peptide_log__YIVSGTPTFVPYLIK,0.1328597763752396,0.0
rollmean2__peptide_count__P02452,0.13268684024552793,0.0
delta1__peptide_log__LRTEGDGVYTLNNEK,0.13262153090193626,0.0
rollmean2__peptide_std__P19823,0.1326183379212289,0.0
lag1__peptide_std__Q12805,0.13255865465868802,0.0
missing__peptide_log__GEVQAMLGQSTEELRVR,0.13251832838190034,0.0
protein_npx__P00746,0.13246464616697468,0.0
lag1__peptide_mean__P43251,0.13241087011222302,0.0
missing__peptide_log__NFPPSQDASGDLYTTSSQLTLPATQC(UniMod_4)LAGK,0.13239958244738592,0.0
peptide_count__P01876,0.13237811781481576,0.0
peptide_log__LDEVKEQVAEVR,0.13232960513620945,0.0
peptide_log__ANRPFLVFIR,0.13227806501943237,0.0
peptide_mean__P09871,0.132265803846329,0.0
protein_npx__P00738,0.13206959506010602,0.0
lag1__protein_npx__P01857,0.1320462838368512,0.0
slope1__peptide_log__C(UniMod_4)RDQLPYIC(UniMod_4)QFGIV,0.13197242799282236,0.0
slope1__peptide_std__P00738,0.1319696975556716,0.0
protein_npx__P09104,0.13191797907217861,0.0
peptide_std__P06727,0.13183906191824288,0.0
missing__protein_npx__P01861,0.1318383789555923,0.0
missing__peptide_log__TTPPVLDSDGSFFLYSR,0.1318383789555923,0.0
missing__peptide_mean__P01861,0.1318383789555923,0.0
missing__peptide_count__P01861,0.1318383789555923,0.0
lag1__peptide_std__P01009,0.13124245521683445,0.0
lag1__protein_npx__P31997,0.13114925022347895,0.0
slope1__protein_npx__P01876,0.13103671631129943,0.0
delta1__peptide_mean__P43652,0.13096466293257006,0.0
lag1__peptide_log__C(UniMod_4)KPVNTFVHEPLVDVQNVC(UniMod_4)FQEK,0.13090943842921415,0.0
slope1__peptide_count__P10645,0.1308849817767997,0.0
delta1__peptide_count__P07339,0.13087538945367055,0.0
lag1__protein_npx__Q6UXD5,0.13077015035370526,0.0
protein_npx__P02647,0.13074006405674554,0.0
rollmean2__protein_npx__P25311,0.1306918019606722,0.0
peptide_mean__P00746,0.1306109142032779,0.0
rollmean2__peptide_count__Q92876,0.13055931245532923,0.0
rollmean2__peptide_log__ANRPFLVFIR,0.13034000290743744,0.0
lag1__peptide_mean__P43121,0.13030361338086616,0.0
delta1__peptide_mean__P01717,0.13029265608357513,0.0
rollmean2__peptide_log__C(UniMod_4)RDQLPYIC(UniMod_4)QFGIV,0.12998648947007083,0.0
lag1__peptide_log__C(UniMod_4)RDQLPYIC(UniMod_4)QFGIV,0.12973162798066887,0.0
lag1__peptide_mean__P01034,0.1297147588796487,0.0
delta1__peptide_mean__Q99969,0.12966181023632542,0.0
rollmean2__peptide_mean__P39060,0.12960474072736747,0.0
peptide_log__NPDPWAK,0.1295851927890556,0.0
peptide_mean__P49908,0.12955857368103493,0.0
rollmean2__peptide_mean__Q12907,0.12935130038978657,0.0
delta1__protein_npx__P01877,0.12932573499969136,0.0
rollmean2__peptide_mean__P08637,0.12911610098830004,0.0
peptide_count__P01019,0.1290819018394251,0.0
lag1__protein_npx__P01834,0.12906311045622573,0.0
delta1__protein_npx__O94919,0.12899180113974656,0.0
slope1__protein_npx__Q14118,0.12898564368083618,0.0
lag1__peptide_std__P07225,0.12885590145271922,0.0
delta1__peptide_abundance_min,0.12884421544826927,0.0
missing__peptide_log__GYQLSDVDGVTC(UniMod_4)EDIDEC(UniMod_4)ALPTGGHIC(UniMod_4)SYR,0.1288029772860325,0.0
rollmean2__protein_npx__P00736,0.12877800512882612,0.0
rollmean2__peptide_std__P39060,0.1287392672120752,0.0
peptide_log__DLATVYVDVLK,0.1280912957654457,0.0
rollmean2__peptide_mean__P01024,0.12799880090039625,0.0
rollmean2__peptide_mean__P04211,0.12788308022571887,0.0
lag1__peptide_mean__P06681,0.12787954355033154,0.0
lag1__protein_npx__P08253,0.12779355531585843,0.0
missing__peptide_std__Q6UXB8,0.12760641688308927,0.0
protein_npx__P01024,0.12758992243308218,0.0
lag1__peptide_std__P39060,0.12757768950912782,0.0
peptide_mean__Q96PD5,0.12753789687507416,0.0
rollmean2__peptide_std__P02753,0.12743145719929638,0.0
rollmean2__peptide_mean__P31997,0.12740839782084393,0.0
rollmean2__peptide_log__SEALAVDGAGKPGAEEAQDPEGK,0.1273025126075616,0.0
missing__peptide_mean__P36980,0.12720396081364874,0.0
missing__protein_npx__P36980,0.12720396081364874,0.0
missing__peptide_count__P36980,0.12720396081364874,0.0
rollmean2__peptide_log__VTSIQDWVQK,0.12716769968909789,0.0
rollmean2__peptide_mean__P04406,0.12716702246958422,0.0
protein_npx__P02747,0.12707871697872225,0.0
peptide_count__Q92520,0.12703254226251015,0.0
delta1__peptide_std__P10643,0.12679664767997423,0.0
peptide_mean__P36980,0.1267729055407046,0.0
rollmean2__peptide_log__HGGLYHENMR,0.1267682416644383,0.0
slope1__peptide_log__EDSLEAGLPLQVR,0.12672084592679753,0.0
lag1__peptide_count__Q6UXB8,0.12657920191702732,0.0
lag1__protein_npx__Q9UBX5,0.12620476489569613,0.0
delta1__protein_npx__P02671,0.12619717622414947,0.0
slope1__protein_npx__P01008,0.12616623140232178,0.0
rollmean2__peptide_std__P61916,0.12597592304932884,0.0
lag1__peptide_mean__P00450,0.12593859287831274,0.0
missing__peptide_log__C(UniMod_4)DSSPDSAEDVRK,0.12593487225251435,0.0
peptide_std__P13987,0.1259019776478173,0.0
lag1__peptide_count__P01876,0.12586988318753464,0.0
delta1__peptide_count__P01034,0.12586698251195896,0.0
protein_npx__Q14508,0.12584767146602405,0.0
delta1__peptide_std__P12109,0.12584577271527614,0.0
missing__peptide_log__ELSSFIDKGQELC(UniMod_4)ADYSENTFTEYK,0.12584015098769327,0.0
lag1__peptide_mean__P08571,0.1258063123018038,0.0
peptide_mean__P01717,0.12571756845646248,0.0
delta1__peptide_std__Q6UXB8,0.12561865390436347,0.0
rollmean2__peptide_mean__O14773,0.1255512066862285,0.0
slope1__peptide_mean__P08493,0.12548757722300444,0.0
lag1__peptide_std__P00441,0.12530394274807247,0.0
peptide_log__VTSIQDWVQK,0.12528340394361778,0.0
slope1__protein_npx__P61769,0.12527875491646348,0.0
delta1__peptide_count__P01859,0.1252215076850994,0.0
rollmean2__peptide_std__P00734,0.12520977296650687,0.0
peptide_std__P00734,0.12520596313294438,0.0
peptide_count__P07339,0.12513977757344422,0.0
slope1__protein_npx__P10643,0.12505968630324082,0.0
slope1__protein_npx__P51884,0.12497355818501218,0.0
missing__peptide_count__O00391,0.12486791199647958,0.0
missing__protein_npx__O00391,0.12486791199647958,0.0
missing__peptide_mean__O00391,0.12486791199647958,0.0
slope1__peptide_log__GSPAINVAVHVFRK,0.12486282154178928,0.0
lag1__protein_npx__P13671,0.12478353902414846,0.0
lag1__protein_npx__Q8NE71,0.12475217975855986,0.0
peptide_std__Q14118,0.12473347207695257,0.0
delta1__peptide_std__P02765,0.12472844129694224,0.0
protein_npx__O00584,0.12463442495506571,0.0
rollmean2__peptide_mean__Q6UXB8,0.12453335441211673,0.0
lag1__protein_npx__Q8IWV7,0.12452140724246534,0.0
rollmean2__peptide_count__Q92520,0.12451500677287895,0.0
lag1__protein_npx__P08133,0.12451396479266405,0.0
rollmean2__peptide_log__SWFEPLVEDM(UniMod_35)QR,0.1245008816336777,0.0
slope1__peptide_std__P02753,0.12414141842992013,0.0
delta1__peptide_std__Q12841,0.12413104026596178,0.0
delta1__peptide_log__SFNRGEC(UniMod_4),0.12409256714021671,0.0
peptide_log__AYQGVAAPFPK,0.12404354925131206,0.0
lag1__peptide_log__IMNGEADAMSLDGGFVYIAGK,0.12396255076687115,0.0
peptide_std__P02652,0.12379913008773703,0.0
slope1__peptide_std__P07225,0.12377010032649563,0.0
rollmean2__peptide_mean__P32754,0.12338269631471661,0.0
lag1__peptide_log__SNSSM(UniMod_35)HITDC(UniMod_4)R,0.12334783757933067,0.0
delta1__peptide_std__P02452,0.12331561219566842,0.0
rollmean2__peptide_std__P01023,0.12328080476299631,0.0
peptide_mean__P01859,0.12319410268550726,0.0
rollmean2__peptide_mean__Q14118,0.1230451465409566,0.0
lag1__peptide_count__P08493,0.12293844971358,0.0
lag1__protein_npx__P04217,0.12288398828457453,0.0
lag1__peptide_count__P04433,0.12285450645177505,0.0
lag1__peptide_mean__O14498,0.12284552308336517,0.0
slope1__peptide_count__P10909,0.12280064691288549,0.0
protein_npx__P01861,0.12259881614742156,0.0
delta1__protein_npx__P01834,0.12258936418303273,0.0
lag1__peptide_mean__P31997,0.12246477046671991,0.0
rollmean2__protein_npx__Q9UBX5,0.12230712851410802,0.0
slope1__peptide_std__P07339,0.1220467671469468,0.0
lag1__peptide_std__P02790,0.12199559224263422,0.0
missing__peptide_log__TKEEYGHSEVVEYYC(UniMod_4)NPR,0.12199325848891872,0.0
protein_npx__O75326,0.12198523583958998,0.0
slope1__peptide_log__RGYQLSDVDGVTC(UniMod_4)EDIDEC(UniMod_4)ALPTGGHIC(UniMod_4)SYR,0.12184045268322233,0.0
peptide_log__SELEEQLTPVAEETR,0.12181593266452737,0.0
slope1__peptide_mean__P01344,0.12150640308057292,0.0
peptide_mean__P36955,0.12132604659060353,0.0
protein_npx__Q06481,0.12130235957213836,0.0
delta1__protein_npx__P32754,0.12121618699388924,0.0
delta1__protein_npx__P05060,0.1211468328143122,0.0
slope1__peptide_count__P04433,0.12110153663364244,0.0
missing__peptide_count__P04211,0.12102437425591844,0.0
missing__protein_npx__P04211,0.12102437425591844,0.0
missing__peptide_mean__P04211,0.12102437425591844,0.0
lag1__peptide_mean__P01717,0.12099482396001547,0.0
peptide_log__NFPPSQDASGDLYTTSSQLTLPATQC(UniMod_4)PDGK,0.12092550968903609,0.0
missing__peptide_log__QQETAAAETETR,0.12092065290743363,0.0
delta1__protein_npx__P05090,0.12082665169627811,0.0
lag1__peptide_log__RGYQLSDVDGVTC(UniMod_4)EDIDEC(UniMod_4)ALPTGGHIC(UniMod_4)SYR,0.12082578350640347,0.0
lag1__peptide_count__Q9UBX5,0.12054308972599923,0.0
slope1__peptide_std__P07711,0.12051443712513665,0.0
slope1__protein_npx__P61626,0.12026919260814418,0.0
peptide_log__SEALAVDGAGKPGAEEAQDPEGK,0.12011079378574817,0.0
rollmean2__protein_npx__P04211,0.12010421802240034,0.0
peptide_std__O94919,0.11996798379402882,0.0
peptide_log__HYEGSTVPEK,0.11979150581708733,0.0
lag1__peptide_mean__P02750,0.1197702426960391,0.0
missing__peptide_log__EILSVDC(UniMod_4)STNNPSQAK,0.11970273375540272,0.0
slope1__peptide_mean__Q99435,0.11963426039597853,0.0
rollmean2__peptide_count__P00747,0.11959528011746982,0.0
rollmean2__protein_npx__P04196,0.1193256787985605,0.0
peptide_count__P23142,0.1193055947991675,0.0
slope1__protein_npx__P61278,0.11925144790019461,0.0
delta1__peptide_count__P00746,0.11922414211017941,0.0
delta1__protein_npx__P35542,0.11917948538077483,0.0
rollmean2__peptide_count__P05060,0.1190626145868801,0.0
lag1__peptide_mean__P13671,0.1190587460903366,0.0
slope1__peptide_mean__P00738,0.11901869106476576,0.0
lag1__protein_npx__P16152,0.11884392913386649,0.0
protein_npx__Q9NQ79,0.11883094857032679,0.0
peptide_log__HYDGSYSTFGER,0.11870221632735785,0.0
delta1__peptide_mean__P07602,0.11864842583620284,0.0
missing__protein_npx__P23083,0.11862709205327977,0.0
missing__peptide_mean__P23083,0.11862709205327977,0.0
missing__peptide_count__P23083,0.11862709205327977,0.0
rollmean2__peptide_mean__P04075,0.11861449874516988,0.0
delta1__peptide_mean__P36980,0.118530729333767,0.0
delta1__protein_npx__P09486,0.11839743984763362,0.0
delta1__peptide_mean__P00748,0.11834342400286516,0.0
peptide_std__P01023,0.11833876876637218,0.0
lag1__peptide_count__P05452,0.11824435241667741,0.0
peptide_log__LGQSLDC(UniMod_4)NAEVYVVPWEK,0.1180824313599711,0.0
missing__peptide_log__RLEGQEEEEDNRDSSMK,0.11807113501693012,0.0
peptide_mean__Q13332,0.1178355288731234,0.0
delta1__peptide_mean__P08603,0.11774355663140262,0.0
delta1__peptide_mean__P08493,0.11767255688935763,0.0
missing__protein_npx__O14498,0.11756102425021489,0.0
missing__peptide_mean__O14498,0.11756102425021489,0.0
missing__peptide_count__O14498,0.11756102425021489,0.0
protein_npx__P16152,0.1175352288339162,0.0
peptide_std__P02790,0.11752113297087802,0.0
lag1__peptide_count__P07339,0.11747115373069682,0.0
slope1__peptide_std__P13611,0.11746753120390482,0.0
missing__peptide_count__P01833,0.11740028539447735,0.0
missing__peptide_mean__P01833,0.11740028539447735,0.0
missing__protein_npx__P01833,0.11740028539447735,0.0
protein_npx__Q13449,0.11736391668662098,0.0
rollmean2__peptide_mean__P05060,0.11735528445006274,0.0
delta1__peptide_log__C(UniMod_4)KPVNTFVHEPLVDVQNVC(UniMod_4)FQEK,0.11731579599224135,0.0
peptide_count__P05156,0.11727549645040024,0.0
slope1__protein_npx__P16035,0.11717240040824455,0.0
rollmean2__peptide_mean__P13521,0.11716403757299212,0.0
delta1__peptide_mean__P08253,0.11705963210671816,0.0
lag1__protein_npx__P32754,0.11700889223663971,0.0
rollmean2__protein_npx__P02753,0.11699738940391813,0.0
delta1__peptide_log__TTPPVLDSDGSFFLYSK,0.11685219809196534,0.0
delta1__peptide_std__P00746,0.11683110248629494,0.0
lag1__peptide_count__Q9UHG2,0.1166790219051638,0.0
lag1__peptide_mean__P01833,0.11658160684920607,0.0
lag1__protein_npx__Q6UXB8,0.11647279001570407,0.0
rollmean2__protein_npx__P01857,0.11642100169526888,0.0
rollmean2__peptide_mean__P36955,0.11633215041317882,0.0
peptide_std__P27169,0.11610834545199696,0.0
missing__peptide_count__Q06481,0.11604708421238925,0.0
missing__peptide_mean__Q06481,0.11604708421238925,0.0
missing__protein_npx__Q06481,0.11604708421238925,0.0
lag1__peptide_log__LPPTSAHGNVAEGETKPDPDVTER,0.11602722196147686,0.0
delta1__peptide_std__P16870,0.11601854625890277,0.0
peptide_log__MTVTDQVNC(UniMod_4)PK,0.1159079286584135,0.0
lag1__peptide_std__P36222,0.1159015500531558,0.0
peptide_count__P05452,0.11589660292482683,0.0
rollmean2__peptide_std__Q96KN2,0.11584927418157852,0.0
rollmean2__peptide_count__P19823,0.11584661532018264,0.0
protein_npx__Q13740,0.11574695855485255,0.0
delta1__peptide_mean__P02671,0.11570992138525947,0.0
lag1__peptide_std__P04217,0.115659078938326,0.0
rollmean2__peptide_log__AYQGVAAPFPK,0.11564457440766913,0.0
slope1__peptide_log__C(UniMod_4)KPVNTFVHEPLVDVQNVC(UniMod_4)FQEK,0.11557723081557564,0.0
missing__peptide_log__C(UniMod_4)C(UniMod_4)VEC(UniMod_4)PPC(UniMod_4)PAPPVAGPSVFLFPPKPK,0.11552989512545404,0.0
rollmean2__peptide_count__P00738,0.11552772315073546,0.0
rollmean2__protein_npx__P04406,0.11542481828730193,0.0
peptide_log__KFPSGTFEQVSQLVK,0.11539472597020019,0.0
rollmean2__peptide_log__VGYVSGWGR,0.11533765350667265,0.0
protein_npx__Q96BZ4,0.11517790733502356,0.0
lag1__protein_npx__P18065,0.11516599128100938,0.0
slope1__peptide_std__Q06481,0.11513496052413817,0.0
protein_npx__P01591,0.11508838583199558,0.0
peptide_count__P02452,0.11504319436112846,0.0
rollmean2__peptide_count__P14314,0.11502508710601438,0.0
rollmean2__peptide_mean__P10645,0.11498054271604738,0.0
peptide_std__P51884,0.11496874130814062,0.0
peptide_log__QIGSVYR,0.11496194772781487,0.0
slope1__peptide_log__VDSGNDVTDIADDGC(UniMod_4)PKPPEIAHGYVEHSVR,0.1149561969775528,0.0
rollmean2__protein_npx__P06681,0.11493563947323412,0.0
protein_npx__P04180,0.11492164748127216,0.0
peptide_count__P14314,0.11491058934553978,0.0
slope1__peptide_std__Q14118,0.11478810791469048,0.0
slope1__peptide_log__ILLQGTPVAQMTEDAVDAER,0.11475469041012322,0.0
missing__peptide_log__QKVEPLRAELQEGAR,0.11469641803726906,0.0
slope1__peptide_count__P02652,0.11463656207528106,0.0
lag1__peptide_log__VC(UniMod_4)PFAGILENGAVR,0.11462511633355424,0.0
rollmean2__peptide_mean__P20933,0.11449591616985624,0.0
missing__peptide_log__MASGAANVVGPK,0.11449568376269753,0.0
rollmean2__peptide_log__VTLTC(UniMod_4)VAPLSGVDFQLR,0.11440262307679416,0.0
peptide_mean__P12109,0.11422927013458499,0.0
protein_npx__P09871,0.11413794521578745,0.0
protein_npx__Q8NBJ4,0.11408487242895077,0.0
lag1__peptide_mean__P11142,0.11386537655073407,0.0
delta1__peptide_std__Q92876,0.11385126934414344,0.0
rollmean2__peptide_count__P01009,0.11365501654293288,0.0
protein_npx__P01042,0.11360892452364175,0.0
lag1__peptide_mean__P04075,0.11360178828142492,0.0
peptide_mean__P11277,0.11348413563949232,0.0
slope1__protein_npx__Q9UNU6,0.11341391615913735,0.0
protein_npx__P04211,0.11307920045168472,0.0
lag1__peptide_log__MYYSAVDPTKDIFTGLIGPM(UniMod_35)K,0.1129471645877717,0.0
slope1__protein_npx__O14791,0.11293785379506363,0.0
rollmean2__protein_npx__P02649,0.11272933836145406,0.0
rollmean2__peptide_std__P51884,0.11266060947468366,0.0
delta1__peptide_std__P61769,0.11265314535459207,0.0
slope1__peptide_log__AVLPTGDVIGDSAK,0.11263559731888972,0.0
lag1__peptide_count__P02760,0.11256802091623755,0.0
missing__peptide_log__TSAHGNVAEGETKPDPDVTER,0.11256531759444112,0.0
protein_npx__P36955,0.11254623839370277,0.0
rollmean2__protein_npx__P04180,0.11253252574137762,0.0
rollmean2__peptide_count__P39060,0.11252375824130793,0.0
rollmean2__peptide_count__P23142,0.11247825300290797,0.0
lag1__peptide_mean__P02787,0.11236729175272318,0.0
protein_npx__Q9UBX5,0.11227503320548302,0.0
slope1__peptide_count__P08571,0.11225784257449394,0.0
missing__peptide_log__VDSGNDVTDIADDGC(UniMod_4)PKPPEIAHGYVEHSVR,0.11214106039190852,0.0
lag1__peptide_count__Q14515,0.112070537426069,0.0
delta1__peptide_count__P02652,0.11199417039420687,0.0
missing__protein_npx__P19827,0.11190175875280206,0.0
missing__peptide_mean__P19827,0.11190175875280206,0.0
missing__peptide_count__P19827,0.11190175875280206,0.0
lag1__peptide_count__P61916,0.11177248681877386,0.0
rollmean2__peptide_log__ATVNPSAPR,0.11174334547359514,0.0
lag1__peptide_mean__Q8N2S1,0.11169871687975766,0.0
lag1__peptide_std__P09871,0.11168756824843731,0.0
missing__peptide_log__SC(UniMod_4)DTPPPC(UniMod_4)PR,0.11166816422214232,0.0
slope1__peptide_mean__Q9UNU6,0.11162947845152138,0.0
lag1__peptide_mean__P13473,0.11161177086441702,0.0
delta1__peptide_count__P10909,0.11156524019807372,0.0
rollmean2__peptide_count__Q92823,0.1114637765711698,0.0
peptide_std__P25311,0.1114055234515382,0.0
delta1__peptide_std__P23142,0.11129337959041793,0.0
peptide_mean__P01024,0.11125313717407061,0.0
lag1__peptide_mean__Q8IWV7,0.11109042349246556,0.0
lag1__peptide_log__ILTC(UniMod_4)M(UniMod_35)QGMEEIR,0.11109042349246556,0.0
peptide_mean__P13521,0.11108378625014781,0.0
rollmean2__peptide_std__Q9NQ79,0.11106160386943031,0.0
delta1__peptide_log__FNKPFVFLM(UniMod_35)IEQNTK,0.11102928597365037,0.0
rollmean2__peptide_mean__P14314,0.11097750791369965,0.0
rollmean2__peptide_mean__O14791,0.11097615940830216,0.0
missing__peptide_log__LGPLVEQGR,0.11096649225646649,0.0
delta1__peptide_mean__P07339,0.11092611577280374,0.0
slope1__protein_npx__Q15904,0.11079444681945223,0.0
peptide_log__WELALGR,0.1107716640084821,0.0
lag1__peptide_mean__O75326,0.1106083863870463,0.0
slope1__peptide_count__P13611,0.11042612116575914,0.0
delta1__peptide_mean__P06727,0.11039185853688194,0.0
delta1__peptide_mean__P05060,0.1103856587120051,0.0
rollmean2__peptide_mean__Q14624,0.1103644838957107,0.0
slope1__peptide_std__P05090,0.11031385974408943,0.0
lag1__peptide_mean__P02753,0.11026595318682755,0.0
lag1__peptide_std__P13611,0.11021572657834057,0.0
rollmean2__peptide_mean__P43652,0.11004659827022593,0.0
rollmean2__peptide_log__SFNRGEC(UniMod_4),0.11002339439008611,0.0
rollmean2__peptide_std__P04004,0.11001080754492942,0.0
rollmean2__peptide_mean__P09871,0.10989810683671454,0.0
protein_npx__P02452,0.10989141968335668,0.0
peptide_mean__P04196,0.10986445758882692,0.0
rollmean2__peptide_count__P01834,0.10978542230135153,0.0
rollmean2__peptide_std__P00746,0.10956814666426766,0.0
rollmean2__peptide_count__P04196,0.10928575834554681,0.0
delta1__peptide_mean__P02766,0.10926861061015108,0.0
rollmean2__peptide_count__P43121,0.10926561265237411,0.0
lag1__peptide_log__LEGQEEEEDNRDSSMK,0.10909766833124719,0.0
lag1__peptide_mean__P08253,0.10901449941959028,0.0
slope1__peptide_std__P02760,0.10894497667694607,0.0
rollmean2__peptide_std__Q12841,0.1089304403562565,0.0
lag1__protein_npx__P02753,0.10890555037286216,0.0
delta1__peptide_std__P01877,0.10886878298564397,0.0
lag1__peptide_std__P02679,0.10884144186437274,0.0
slope1__peptide_mean__P02765,0.10868009463037662,0.0
rollmean2__peptide_count__P05156,0.10836389385062903,0.0
peptide_count__Q6UXB8,0.1082895413407192,0.0
rollmean2__protein_npx__P13987,0.1081523098097485,0.0
rollmean2__protein_npx__O14773,0.10813917613996975,0.0
slope1__peptide_count__Q6UXB8,0.10812081896953658,0.0
lag1__peptide_std__P00746,0.10808665873841919,0.0
slope1__peptide_count__P05155,0.10806904348512254,0.0
lag1__peptide_std__P05067,0.10803752391388823,0.0
missing__peptide_mean__P17174,0.1080018232567869,0.0
missing__protein_npx__P17174,0.1080018232567869,0.0
missing__peptide_count__P17174,0.1080018232567869,0.0
lag1__peptide_std__O00584,0.1078135020881604,0.0
slope1__protein_npx__P08133,0.1076886616550311,0.0
rollmean2__peptide_count__P04217,0.10765002326939431,0.0
delta1__peptide_std__P07711,0.10764975027951203,0.0
lag1__peptide_mean__P61769,0.10752012792967948,0.0
lag1__peptide_mean__P08133,0.10730728481243282,0.0
slope1__peptide_std__P01834,0.10726704178541907,0.0
lag1__peptide_std__P01011,0.10726099841517862,0.0
lag1__peptide_std__P36955,0.10723837745345771,0.0
lag1__peptide_mean__P19652,0.1072343025111864,0.0
delta1__peptide_count__Q92876,0.10722431346865459,0.0
slope1__peptide_count__Q92876,0.10722431346865458,0.0
slope1__peptide_std__P51884,0.10718911818206375,0.0
delta1__protein_npx__Q14118,0.107146955190224,0.0
peptide_std__P04004,0.10713282756185022,0.0
missing__peptide_count__P08133,0.10705347898090714,0.0
missing__peptide_mean__P08133,0.10705347898090714,0.0
missing__protein_npx__P08133,0.10705347898090714,0.0
lag1__peptide_std__P00738,0.10704097414068434,0.0
slope1__peptide_log__QNC(UniMod_4)ELFEQLGEYK,0.10693652335813858,0.0
lag1__peptide_mean__P01019,0.10693082083035257,0.0
peptide_log__TVVQPSVGAAAGPVVPPC(UniMod_4)PGR,0.10692138852232665,0.0
slope1__peptide_abundance_min,0.10690990034620959,0.0
delta1__peptide_std__P14618,0.10682658261090493,0.0
lag1__protein_npx__Q14508,0.10674030330370912,0.0
delta1__peptide_count__P51884,0.10662688868940379,0.0
delta1__peptide_mean__P01019,0.10653744981880485,0.0
slope1__peptide_mean__P07333,0.10649601023592477,0.0
delta1__peptide_log__ELDESLQVAER,0.10648398934515835,0.0
delta1__peptide_count__P25311,0.10647971859917278,0.0
rollmean2__peptide_mean__Q7Z3B1,0.10646109842522775,0.0
slope1__peptide_log__NFPPSQDASGDLYTTSSQLTLPATQC(UniMod_4)LAGK,0.10642074481568418,0.0
lag1__peptide_count__Q06481,0.1063308403295617,0.0
lag1__peptide_std__Q14118,0.10631233795413478,0.0
rollmean2__peptide_mean__P08294,0.10622989871727302,0.0
lag1__peptide_mean__P39060,0.10618231934498594,0.0
lag1__peptide_log__LSNENHGIAQR,0.10617597968274133,0.0
peptide_std__Q6UXB8,0.10616216850981698,0.0
peptide_count__P41222,0.10613536249518482,0.0
missing__peptide_log__SWFEPLVEDM(UniMod_35)QR,0.10606550405079464,0.0
delta1__peptide_mean__O15240,0.10604771498890839,0.0
delta1__peptide_std__P08493,0.10601558946812002,0.0
delta1__protein_npx__O00584,0.10593235657417245,0.0
rollmean2__peptide_abundance_std,0.10587239822505155,0.0
delta1__peptide_std__P43652,0.10574016137470084,0.0
delta1__peptide_count__P36222,0.10552204250691956,0.0
rollmean2__protein_npx__P02760,0.10546117147958933,0.0
rollmean2__peptide_mean__Q6UXD5,0.10528197103114598,0.0
slope1__protein_npx__P00736,0.10521123168241524,0.0
protein_npx__P00450,0.1051347296770847,0.0
lag1__peptide_count__P01859,0.10508019236568931,0.0
protein_npx__P02768,0.10506801383638607,0.0
lag1__peptide_log__KFPSGTFEQVSQLVK,0.10506062063226655,0.0
slope1__peptide_mean__P13473,0.10505172361983835,0.0
lag1__peptide_mean__P36980,0.10498957648257563,0.0
rollmean2__peptide_count__P01011,0.10489825735058549,0.0
missing__peptide_log__DLATVYVDVLK,0.10489625014330094,0.0
rollmean2__protein_npx__P09871,0.10488407697420353,0.0
rollmean2__peptide_mean__P04196,0.10486191913106419,0.0
peptide_mean__P02750,0.10483218790961386,0.0
slope1__peptide_count__Q9NQ79,0.10473922673914587,0.0
slope1__peptide_count__O94919,0.10462755391423538,0.0
delta1__current_updrs_1,0.10460257313944701,0.0
peptide_count__P10909,0.10459931962486492,0.0
peptide_mean__O75144,0.10458066609602357,0.0
slope1__peptide_mean__P09104,0.10454262699049453,0.0
missing__peptide_log__LFDSDPITVTVPVEVSR,0.1044562506812419,0.0
lag1__protein_npx__P01009,0.10445052627357353,0.0
lag1__peptide_mean__Q96S96,0.10430181096509626,0.0
lag1__peptide_mean__P17174,0.10427605468133413,0.0
delta1__peptide_std__P01859,0.10424405172447364,0.0
lag1__protein_npx__P02649,0.10421814224565946,0.0
lag1__peptide_mean__P19827,0.10419577790857812,0.0
rollmean2__peptide_mean__P01834,0.10418186771443667,0.0
rollmean2__peptide_std__O75144,0.10413617948131401,0.0
slope1__peptide_count__P05060,0.10402578343667024,0.0
lag1__peptide_std__P07339,0.10401497768403707,0.0
rollmean2__protein_npx__P35542,0.10394697736024039,0.0
peptide_mean__Q9UKV8,0.1038775888430139,0.0
rollmean2__protein_npx__P10451,0.10377689783250439,0.0
slope1__protein_npx__Q13283,0.10376341503783708,0.0
delta1__peptide_log__AEAQEAEDQQAR,0.10372326177113594,0.0
lag1__peptide_std__P07711,0.1037033018831285,0.0
delta1__peptide_log__M(UniMod_35)YLGYEYVTAIR,0.1035629615238917,0.0
lag1__peptide_log__C(UniMod_4)VDVDEC(UniMod_4)APPAEPC(UniMod_4)GK,0.10356022479936781,0.0
slope1__peptide_mean__P04406,0.10351616905748572,0.0
rollmean2__peptide_log__TPLGDTTHTC(UniMod_4)PR,0.10351076435889683,0.0
slope1__peptide_mean__P00748,0.10346661630748624,0.0
peptide_std__P19823,0.10330773925362209,0.0
rollmean2__peptide_mean__P60174,0.10324954705497584,0.0
missing__peptide_log__SSQGGSLPSEEK,0.10324418039037812,0.0
lag1__peptide_abundance_max,0.10321435486570196,0.0
delta1__peptide_log__VTSIQDWVQK,0.10320596456113668,0.0
peptide_log__SWFEPLVEDM(UniMod_35)QR,0.10311721763286807,0.0
protein_npx__Q99683,0.1031011109893061,0.0
slope1__peptide_std__P09486,0.10303337042506894,0.0
peptide_mean__P00441,0.10295566692684197,0.0
peptide_mean__P09104,0.10290046442682646,0.0
peptide_std__P10645,0.10288445588415303,0.0
delta1__peptide_count__Q92823,0.10287232979950485,0.0
slope1__protein_npx__P08493,0.1028085410585927,0.0
slope1__peptide_mean__Q13283,0.10280118015624476,0.0
peptide_count__P06681,0.10275278191004791,0.0
slope1__peptide_count__Q96PD5,0.10275223864111137,0.0
rollmean2__peptide_log__ALGISPFHEHAEVVFTANDSGPR,0.10268690113825724,0.0
missing__peptide_log__IMNGEADAMSLDGGFVYIAGK,0.10263301445234987,0.0
lag1__peptide_count__P06681,0.10262364318456829,0.0
lag1__peptide_std__P05546,0.10258340557579619,0.0
missing__peptide_std__Q96PD5,0.10256077535879128,0.0
lag1__peptide_mean__P00751,0.10244385806628933,0.0
lag1__peptide_log__VTSIQDWVQK,0.10240605884895143,0.0
rollmean2__peptide_log__TVVQPSVGAAAGPVVPPC(UniMod_4)PGR,0.1023707274770783,0.0
delta1__peptide_count__P09486,0.10235881823822486,0.0
rollmean2__protein_npx__P08294,0.10231734584043752,0.0
rollmean2__peptide_std__P01042,0.10230411154452512,0.0
slope1__peptide_count__P02768,0.10228523659328613,0.0
peptide_mean__P13473,0.10226469031899904,0.0
peptide_mean__P98160,0.10213847758744302,0.0
delta1__peptide_log__IHWESASLLR,0.10211446346817461,0.0
peptide_count__P00738,0.10210319483811056,0.0
protein_npx__O00533,0.10206841258367744,0.0
peptide_mean__O15394,0.10206409827988866,0.0
slope1__peptide_mean__P13591,0.1020522147832551,0.0
delta1__protein_npx__P01861,0.10192326154356796,0.0
slope1__peptide_mean__P08603,0.10191882574593851,0.0
peptide_std__P43652,0.10186637386906518,0.0
peptide_mean__P02652,0.10184349810766147,0.0
lag1__protein_npx__P02679,0.10180653641648736,0.0
delta1__peptide_mean__P07195,0.10179633637069074,0.0
peptide_std__P13611,0.10172543440521513,0.0
rollmean2__has_previous_visit,0.10170718144353519,0.0
slope1__peptide_count__P00736,0.1016651836246244,0.0
slope1__protein_npx__P17174,0.10158510146534107,0.0
lag1__peptide_std__P19823,0.1014196283543181,0.0
delta1__peptide_count__P00734,0.10135672870507395,0.0
missing__peptide_log__C(UniMod_4)RDQLPYIC(UniMod_4)QFGIV,0.10132885969502883,0.0
peptide_log__AEAQEAEDQQAR,0.10125818658019119,0.0
delta1__peptide_count__P05067,0.10124611405271727,0.0
missing__peptide_std__P02452,0.10122280504624748,0.0
rollmean2__peptide_mean__P61916,0.10120301059712246,0.0
peptide_std__Q13740,0.1011965018228557,0.0
rollmean2__peptide_mean__P01859,0.10114798550119244,0.0
missing__peptide_mean__Q9NYU2,0.10105405178050045,0.0
missing__peptide_count__Q9NYU2,0.10105405178050045,0.0
missing__protein_npx__Q9NYU2,0.10105405178050045,0.0
peptide_std__P10643,0.10093478039938683,0.0
peptide_count__P19823,0.10093364757079705,0.0
lag1__peptide_mean__P09104,0.10092551456911407,0.0
lag1__peptide_mean__P06727,0.10090515274170939,0.0
lag1__peptide_mean__P18065,0.10089579914968982,0.0
lag1__peptide_log__TDASDVKPC(UniMod_4),0.1007760420826259,0.0
slope1__peptide_log__LGADM(UniMod_35)EDVC(UniMod_4)GR,0.10075289747749701,0.0
missing__protein_npx__P49588,0.10056626710408227,0.0
missing__peptide_count__P49588,0.10056626710408227,0.0
missing__peptide_mean__P49588,0.10056626710408227,0.0
missing__peptide_log__LSSWVLLM(UniMod_35)K,0.10054063523137656,0.0
delta1__peptide_log__TDASDVKPC(UniMod_4),0.10051223657073098,0.0
rollmean2__peptide_count__P00748,0.10045928331820042,0.0
rollmean2__peptide_count__P41222,0.10024698672837803,0.0
rollmean2__peptide_mean__P01011,0.10020948114386118,0.0
peptide_count__P00751,0.1001993455731987,0.0
peptide_std__P02649,0.0999665427549756,0.0
slope1__protein_npx__P31997,0.09996265846452201,0.0
missing__peptide_log__SLAELGGHLDQQVEEFRR,0.09974174408478947,0.0
rollmean2__peptide_count__Q12805,0.09974018453391939,0.0
slope1__peptide_mean__P01717,0.09971849403294612,0.0
rollmean2__peptide_count__P01860,0.09969271135720142,0.0
slope1__protein_npx__P04004,0.0996594318444757,0.0
lag1__protein_npx__P43251,0.09963025374778571,0.0
slope1__peptide_mean__P61626,0.09962549714005536,0.0
peptide_mean__P02768,0.09960467066535786,0.0
delta1__protein_npx__P61278,0.09957045585522764,0.0
rollmean2__peptide_mean__Q92520,0.09948885620764526,0.0
slope1__peptide_std__P98160,0.09941205145921184,0.0
delta1__peptide_std__Q14118,0.09939440361529257,0.0
rollmean2__peptide_std__Q9Y6R7,0.0993803197691906,0.0
delta1__protein_npx__P04075,0.09920755679539361,0.0
protein_npx__Q96PD5,0.09916876161739475,0.0
rollmean2__peptide_std__P04433,0.09915792104499825,0.0
missing__peptide_count__Q6UXD5,0.09913936316202086,0.0
missing__peptide_mean__Q6UXD5,0.09913936316202086,0.0
missing__protein_npx__Q6UXD5,0.09913936316202086,0.0
delta1__protein_npx__P02652,0.09909157702321952,0.0
slope1__peptide_log__LFDSDPITVTVPVEVSR,0.09907406888288994,0.0
rollmean2__peptide_count__P09486,0.0990544753272555,0.0
peptide_mean__P01861,0.09905277081791919,0.0
peptide_log__TTPPVLDSDGSFFLYSR,0.09905277081791919,0.0
rollmean2__peptide_count__O15240,0.09902143263082923,0.0
delta1__peptide_count__P43121,0.09895624623519624,0.0
peptide_count__P04217,0.09890449329270957,0.0
lag1__peptide_std__P02768,0.0988769885104113,0.0
rollmean2__peptide_log__C(UniMod_4)REILSVDC(UniMod_4)STNNPSQAK,0.09886588305070397,0.0
rollmean2__peptide_mean__P02671,0.09876882811108166,0.0
rollmean2__peptide_count__P05067,0.09876629645068942,0.0
lag1__protein_npx__P01024,0.09875869894229322,0.0
missing__peptide_log__C(UniMod_4)SYTEDAQC(UniMod_4)IDGTIEVPK,0.09872425736958715,0.0
lag1__peptide_count__P10909,0.09869881497336987,0.0
peptide_count__P07225,0.09868185766106012,0.0
rollmean2__peptide_count__P17174,0.09865770697463816,0.0
lag1__peptide_mean__P36222,0.09865484002249976,0.0
rollmean2__peptide_std__P04075,0.09859211034212957,0.0
rollmean2__protein_npx__Q6UXD5,0.09857778135167744,0.0
lag1__peptide_std__P05060,0.0985629437060424,0.0
peptide_mean__P02452,0.09855705899109085,0.0
slope1__peptide_mean__P40925,0.09853435304836067,0.0
delta1__peptide_mean__P02679,0.09850692355782009,0.0
rollmean2__protein_npx__P12109,0.0984995215291289,0.0
rollmean2__peptide_std__P02765,0.09848813073351,0.0
rollmean2__peptide_std__P02760,0.09848663020969944,0.0
lag1__peptide_count__P08603,0.09847230855557434,0.0
peptide_mean__Q13740,0.09842845286511191,0.0
lag1__peptide_count__P51884,0.09822374546363431,0.0
peptide_std__P01042,0.09813616019953407,0.0
rollmean2__protein_npx__P08133,0.09808619921500897,0.0
protein_npx__O14773,0.09807924936299416,0.0
peptide_count__P01860,0.09798608238293155,0.0
slope1__peptide_count__P16070,0.09794904456488233,0.0
slope1__peptide_mean__Q99683,0.09794599015627505,0.0
rollmean2__peptide_log__TKEEYGHSEVVEYYC(UniMod_4)NPR,0.09792832481820085,0.0
slope1__peptide_std__P00746,0.0976776575913626,0.0
peptide_log__C(UniMod_4)SYTEDAQC(UniMod_4)IDGTIEVPK,0.09766490833123208,0.0
slope1__peptide_mean__P08123,0.09764020076394257,0.0
missing__peptide_log__LSNENHGIAQR,0.09763847619815533,0.0
delta1__peptide_count__P07711,0.0976284666836985,0.0
slope1__peptide_std__P25311,0.09755403680984236,0.0
lag1__protein_npx__P55290,0.0975500945251791,0.0
rollmean2__protein_npx__P02452,0.09754273338074876,0.0
slope1__peptide_std__P27169,0.09749931937757746,0.0
peptide_mean__P61916,0.09745870725017972,0.0
delta1__peptide_count__P02787,0.09745861816880462,0.0
slope1__protein_npx__P01344,0.09743497807780174,0.0
lag1__peptide_mean__P00748,0.09738925467898232,0.0
delta1__peptide_log__LDEVKEQVAEVR,0.09735580013824989,0.0
rollmean2__peptide_mean__P04156,0.09709624706578182,0.0
peptide_mean__P04211,0.097059972908635,0.0
delta1__peptide_count__P16035,0.0970381396440079,0.0
peptide_count__P02671,0.09694722467682901,0.0
rollmean2__protein_npx__Q06481,0.09694304287376546,0.0
slope1__peptide_mean__P07339,0.09686881858446338,0.0
peptide_std__P06681,0.0968668545301144,0.0
rollmean2__peptide_count__P01019,0.09684327813089079,0.0
slope1__peptide_std__Q14515,0.09679955937873327,0.0
slope1__protein_npx__Q99683,0.09674870739746332,0.0
rollmean2__peptide_log__LEGQEEEEDNRDSSMK,0.09669292823913889,0.0
lag1__protein_npx__P02763,0.09667285520189771,0.0
lag1__peptide_mean__P08697,0.09660367739227184,0.0
delta1__peptide_mean__P11277,0.09660027407434266,0.0
rollmean2__peptide_log__WELALGR,0.09655406593322602,0.0
protein_npx__Q6UX71,0.0965181105467796,0.0
slope1__peptide_log__ELDESLQVAER,0.09639104320916107,0.0
peptide_mean__P04433,0.09637119759137731,0.0
lag1__peptide_std__P00450,0.09636517726224701,0.0
peptide_mean__P13591,0.09624936055967194,0.0
delta1__peptide_mean__P16070,0.09615413373918066,0.0
lag1__peptide_count__P02749,0.09611567807361586,0.0
lag1__peptide_std__Q92876,0.09604857906454527,0.0
lag1__peptide_count__P04196,0.09595854633553674,0.0
delta1__protein_npx__Q9UNU6,0.09572769258527346,0.0
slope1__protein_npx__P01009,0.09570853180722062,0.0
rollmean2__peptide_std__P14314,0.09565101153821168,0.0
protein_npx__P02749,0.09560117682145959,0.0
rollmean2__peptide_std__P02649,0.09551060989388771,0.0
lag1__protein_npx__O14498,0.09544385368228049,0.0
delta1__peptide_mean__Q9UNU6,0.09538104941838964,0.0
rollmean2__peptide_mean__O75326,0.09534072070910232,0.0
peptide_mean__P02753,0.0952876645761997,0.0
rollmean2__protein_npx__P05067,0.09527753366717893,0.0
peptide_log__DSGEGDFLAEGGGVR,0.09522183900037202,0.0
delta1__peptide_mean__P02655,0.0951209451696616,0.0
delta1__peptide_std__P01834,0.09509358012638405,0.0
missing__peptide_std__P39060,0.09501146683420668,0.0
slope1__peptide_mean__Q8N2S1,0.09497495759221755,0.0
peptide_std__P02679,0.09491676075264828,0.0
lag1__peptide_count__O94919,0.09482339541168423,0.0
rollmean2__peptide_mean__P07998,0.09465623856925637,0.0
delta1__peptide_std__Q16270,0.0946287543629639,0.0
peptide_std__P01860,0.09453453472791103,0.0
delta1__protein_npx__P02765,0.09453328416481163,0.0
lag1__peptide_mean__P10451,0.094514078442459,0.0
peptide_std__P36222,0.0944240432767445,0.0
delta1__peptide_count__P08697,0.09441060191746263,0.0
slope1__peptide_mean__Q9Y6R7,0.09436353939393949,0.0
slope1__protein_npx__P01033,0.09429172839821875,0.0
slope1__peptide_count__P00450,0.09427586383541851,0.0
protein_npx__P13987,0.09417009052315804,0.0
slope1__protein_npx__P07333,0.09402734537509295,0.0
lag1__peptide_log__RTPITVVK,0.09392843700437124,0.0
slope1__peptide_log__TTPPVLDSDGSFFLYSK,0.09384819816935246,0.0
rollmean2__peptide_log__QNC(UniMod_4)ELFEQLGEYK,0.09369454221610996,0.0
peptide_count__Q12805,0.09361978330779136,0.0
slope1__peptide_count__P02647,0.09352415380904407,0.0
peptide_mean__Q9NQ79,0.0934873501520185,0.0
lag1__peptide_std__P01008,0.0934024831037692,0.0
rollmean2__peptide_count__P01857,0.09339963670205041,0.0
delta1__peptide_std__P02766,0.09336807625432011,0.0
missing__peptide_std__P02750,0.09335908671676586,0.0
lag1__protein_npx__P09104,0.09334460396746293,0.0
lag1__peptide_mean__Q12805,0.09324563972505501,0.0
delta1__peptide_count__P00751,0.09324113666342479,0.0
lag1__peptide_log__C(UniMod_4)IIEVLSNALSK,0.09322377330073249,0.0
rollmean2__peptide_count__P02656,0.09321559518225421,0.0
rollmean2__peptide_mean__P00751,0.0931559267123116,0.0
protein_npx__P10451,0.09313557728603623,0.0
slope1__peptide_mean__Q02818,0.09312660011720679,0.0
delta1__protein_npx__P39060,0.09310796256805677,0.0
rollmean2__protein_npx__P01019,0.09306147765647117,0.0
rollmean2__protein_npx__Q9HDC9,0.09298918009328376,0.0
peptide_mean__O14773,0.09295502888759319,0.0
delta1__protein_npx__P07858,0.09288448382863489,0.0
peptide_mean__P02655,0.09278985043585906,0.0
slope1__protein_npx__P19021,0.09278669915670039,0.0
missing__peptide_count__P31997,0.09270663813400291,0.0
missing__protein_npx__P31997,0.09270663813400291,0.0
missing__peptide_mean__P31997,0.09270663813400291,0.0
slope1__peptide_count__P09486,0.09263738646696103,0.0
delta1__peptide_count__Q9UHG2,0.09263681938039527,0.0
slope1__peptide_count__P02452,0.09258460669986075,0.0
delta1__peptide_log__ELSSFIDKGQELC(UniMod_4)ADYSENTFTEYK,0.09257049088149287,0.0
lag1__peptide_count__P01011,0.09255571113180344,0.0
slope1__protein_npx__P16870,0.0925341231695542,0.0
delta1__peptide_std__P25311,0.09251852199951319,0.0
delta1__peptide_mean__P01344,0.09250753652917695,0.0
slope1__peptide_log__LVGGPM(UniMod_35)DASVEEEGVRR,0.09249236295986353,0.0
slope1__peptide_log__TPVSDRVTK,0.09248999114727448,0.0
delta1__peptide_count__P01834,0.09248076798970667,0.0
protein_npx__P01857,0.09243204028703725,0.0
slope1__peptide_log__DASGVTFTWTPSSGK,0.09237779293608549,0.0
delta1__peptide_log__GC(UniMod_4)PTEEGC(UniMod_4)GER,0.09231763637743465,0.0
protein_npx__P04196,0.09229178562296632,0.0
delta1__peptide_mean__P00738,0.0922011500341318,0.0
slope1__peptide_mean__P09871,0.09218777052118667,0.0
slope1__peptide_std__P39060,0.09212781473762234,0.0
missing__peptide_log__M(UniMod_35)YLGYEYVTAIR,0.0918870224835772,0.0
peptide_mean__Q99435,0.09185469879247163,0.0
delta1__peptide_log__DSGEGDFLAEGGGVR,0.09180345116856284,0.0
delta1__peptide_log__DSGFQM(UniMod_35)NQLR,0.09179325170279796,0.0
peptide_mean__P16070,0.09173059659539175,0.0
rollmean2__peptide_mean__O75144,0.09170447698729203,0.0
missing__protein_npx__P07711,0.09168445393539996,0.0
missing__peptide_count__P07711,0.09168445393539996,0.0
missing__peptide_mean__P07711,0.09168445393539996,0.0
delta1__protein_npx__Q16270,0.09167527231205798,0.0
rollmean2__protein_npx__P02747,0.09163465671306117,0.0
slope1__peptide_mean__Q6UXB8,0.09150236689886565,0.0
delta1__protein_npx__P05546,0.09145516051509851,0.0
slope1__protein_npx__P14174,0.09141950364066864,0.0
rollmean2__peptide_std__O15240,0.09137961486096247,0.0
protein_npx__P02753,0.09137354460968443,0.0
lag1__peptide_mean__Q16610,0.09132029739571013,0.0
slope1__peptide_log__VTSIQDWVQK,0.09128004099382915,0.0
lag1__peptide_mean__Q8NE71,0.09127532413852836,0.0
peptide_std__P04433,0.0912572948206864,0.0
slope1__peptide_mean__P01780,0.09121805067878475,0.0
delta1__peptide_log__HYTNPSQDVTVPC(UniMod_4)PVPPPPPC(UniMod_4)C(UniMod_4)HPR,0.09121345810016283,0.0
lag1__peptide_std__P08294,0.09115611035766455,0.0
lag1__peptide_std__P01857,0.0910749711453592,0.0
slope1__peptide_std__P17174,0.09106800805449776,0.0
protein_npx__P00736,0.09106323405600728,0.0
rollmean2__peptide_std__Q08380,0.09103375640194374,0.0
missing__peptide_std__P16035,0.09100139186225818,0.0
peptide_mean__Q14624,0.09098629801136889,0.0
delta1__peptide_mean__P01033,0.0909853971610233,0.0
rollmean2__peptide_log__YYWGGQYTWDMAK,0.09097036759734166,0.0
delta1__peptide_mean__Q9UHG2,0.09095383801931095,0.0
slope1__peptide_std__P10645,0.09082545996285384,0.0
missing__protein_npx__P02655,0.09074762412841456,0.0
missing__peptide_mean__P02655,0.09074762412841456,0.0
missing__peptide_count__P02655,0.09074762412841456,0.0
missing__peptide_log__LGQSLDC(UniMod_4)NAEVYVVPWEK,0.09071056432648378,0.0
slope1__peptide_std__P19652,0.09070571562100894,0.0
protein_npx__P06681,0.09068397461185901,0.0
delta1__peptide_std__P55290,0.09066462772354786,0.0
delta1__peptide_mean__P00734,0.09066227347084047,0.0
delta1__peptide_std__P02748,0.0905983497449546,0.0
slope1__peptide_count__P00746,0.09053788066421957,0.0
delta1__peptide_log__HYDGSYSTFGER,0.09053564609893608,0.0
slope1__peptide_mean__P08253,0.09037966880070535,0.0
rollmean2__protein_npx__P11277,0.09030463715124702,0.0
slope1__peptide_std__P54289,0.09029532369818938,0.0
slope1__protein_npx__P01833,0.09023604863528714,0.0
lag1__peptide_log__LDEVKEQVAEVR,0.09012248030565526,0.0
rollmean2__protein_npx__P00450,0.08986673263735806,0.0
slope1__peptide_mean__P08133,0.08982761269723168,0.0
lag1__peptide_mean__P02679,0.08978554500432286,0.0
slope1__peptide_log__HYEGSTVPEK,0.08974672116867113,0.0
lag1__peptide_std__P61916,0.08971545592431454,0.0
lag1__peptide_std__Q6UXB8,0.08970193365154161,0.0
peptide_std__P04217,0.08966549941201339,0.0
peptide_log__AVGDKLPEC(UniMod_4)EADDGC(UniMod_4)PKPPEIAHGYVEHSVR,0.08958736752548084,0.0
delta1__peptide_log__C(UniMod_4)VDVDEC(UniMod_4)APPAEPC(UniMod_4)GK,0.08955873583351748,0.0
missing__peptide_mean__P09104,0.08955346593902375,0.0
missing__peptide_count__P09104,0.08955346593902375,0.0
missing__protein_npx__P09104,0.08955346593902375,0.0
lag1__peptide_std__Q14624,0.08945726226957142,0.0
slope1__peptide_std__P02787,0.08933805404961387,0.0
delta1__protein_npx__P23142,0.08931304079641016,0.0
delta1__peptide_log__MTVTDQVNC(UniMod_4)PK,0.08927807390449514,0.0
slope1__peptide_mean__P43652,0.08919000986880339,0.0
peptide_std__P39060,0.08918404535568682,0.0
peptide_mean__P04075,0.08914904898991788,0.0
slope1__peptide_std__P16870,0.08911499941724439,0.0
rollmean2__protein_npx__P05155,0.08905260785425181,0.0
peptide_mean__P02774,0.089034077792552,0.0
rollmean2__peptide_mean__P61769,0.089003709646404,0.0
missing__peptide_log__FNKPFVFLM(UniMod_35)IEQNTK,0.08898014160672017,0.0
missing__peptide_count__P08637,0.08894415393663226,0.0
missing__protein_npx__P08637,0.08894415393663226,0.0
missing__peptide_mean__P08637,0.08894415393663226,0.0
lag1__peptide_std__P10645,0.08884580776712629,0.0
peptide_mean__Q7Z5P9,0.0888372418063905,0.0
protein_npx__P05155,0.08879679668473617,0.0
peptide_mean__P10645,0.08875812680997308,0.0
delta1__peptide_std__P02747,0.08869058820837435,0.0
slope1__peptide_std__P00450,0.08868831470308093,0.0
delta1__protein_npx__P01833,0.0886688056413288,0.0
rollmean2__peptide_log__LGQSLDC(UniMod_4)NAEVYVVPWEK,0.08866671840272038,0.0
peptide_mean__Q99832,0.08860982556053319,0.0
peptide_std__P02766,0.08860870574673395,0.0
slope1__peptide_mean__P01009,0.08858490160664041,0.0
rollmean2__peptide_mean__P04433,0.08857723909818557,0.0
rollmean2__peptide_mean__Q9NYU2,0.08853056888477696,0.0
slope1__protein_npx__P05155,0.08849049995890691,0.0
lag1__peptide_std__Q08380,0.0883849894136934,0.0
slope1__peptide_mean__P43121,0.08836142667220948,0.0
missing__peptide_log__VYC(UniMod_4)DMNTENGGWTVIQNR,0.08834970702790501,0.0
delta1__peptide_mean__P01859,0.08834249136479735,0.0
peptide_mean__Q6UXB8,0.08830753061973085,0.0
lag1__peptide_std__P06681,0.0882877842254699,0.0
rollmean2__peptide_std__P14618,0.08824933557015406,0.0
delta1__peptide_mean__Q12907,0.08816108761114666,0.0
protein_npx__P04004,0.08809786640174976,0.0
rollmean2__peptide_mean__P12109,0.08809564659650802,0.0
lag1__peptide_std__P23142,0.08805237819621972,0.0
rollmean2__peptide_mean__Q7Z5P9,0.08800546933126295,0.0
lag1__protein_npx__P00734,0.08792898944909139,0.0
rollmean2__peptide_mean__P13473,0.08785219695779092,0.0
lag1__protein_npx__P14618,0.08782124884593863,0.0
slope1__peptide_count__P02749,0.08781825170496883,0.0
protein_npx__Q9UBR2,0.08775163123406274,0.0
slope1__protein_npx__P16070,0.08774717407662772,0.0
peptide_count__P16035,0.08772093230032689,0.0
missing__protein_npx__P39060,0.08760588897176963,0.0
missing__peptide_mean__P39060,0.08760588897176963,0.0
missing__peptide_count__P39060,0.08760588897176963,0.0
protein_npx__P17174,0.08758968738699828,0.0
missing__peptide_count__P04216,0.08751165523929198,0.0
missing__peptide_mean__P04216,0.08751165523929198,0.0
missing__protein_npx__P04216,0.08751165523929198,0.0
slope1__protein_npx__Q96S96,0.08745847813887829,0.0
lag1__protein_npx__O14791,0.08739273912056836,0.0
delta1__peptide_std__P61916,0.08735664908424756,0.0
protein_npx__Q9HDC9,0.08729479322176359,0.0
delta1__peptide_std__P01876,0.08729183424697796,0.0
slope1__peptide_mean__P13987,0.08727321130337012,0.0
delta1__peptide_log__C(UniMod_4)C(UniMod_4)VEC(UniMod_4)PPC(UniMod_4)PAPPVAGPSVFLFPPKPK,0.08727124023283643,0.0
lag1__peptide_log__MTVTDQVNC(UniMod_4)PK,0.08726287229695148,0.0
lag1__protein_npx__P20774,0.08725637717833974,0.0
delta1__peptide_mean__P61626,0.08724394258471725,0.0
rollmean2__peptide_std__P02747,0.08722827286360019,0.0
rollmean2__peptide_log__TM(UniMod_35)LLQPAGSLGSYSYR,0.0871857266082125,0.0
delta1__peptide_mean__Q16270,0.08718121230367663,0.0
lag1__protein_npx__Q9HDC9,0.08711391673908456,0.0
peptide_mean__P43251,0.08708982735341311,0.0
peptide_mean__P04207,0.08708580228398344,0.0
lag1__peptide_mean__Q99683,0.08705448848506835,0.0
delta1__peptide_count__O15394,0.08700158575219977,0.0
lag1__protein_npx__P49588,0.08699786803208784,0.0
lag1__protein_npx__P01876,0.08699430935423356,0.0
protein_npx__Q562R1,0.08675885869938725,0.0
peptide_mean__P07998,0.08672510143820794,0.0
peptide_count__P01009,0.08672463324101057,0.0
lag1__protein_npx__P07858,0.08670939428533164,0.0
rollmean2__protein_npx__P16070,0.086642842770828,0.0
delta1__peptide_std__Q96KN2,0.08663556433033359,0.0
delta1__peptide_count__P00450,0.08657863339564482,0.0
lag1__peptide_std__Q16610,0.08654829557961514,0.0
slope1__protein_npx__P02649,0.08647747089240998,0.0
slope1__peptide_std__P09871,0.08645697792059723,0.0
lag1__peptide_count__P17174,0.08644221461404433,0.0
delta1__peptide_log__MASGAANVVGPK,0.08636420915043151,0.0
peptide_count__P00450,0.08636003053072379,0.0
slope1__peptide_mean__P02768,0.0863407876788763,0.0
protein_npx__P01011,0.08627862739835855,0.0
delta1__protein_npx__P00747,0.08620989954601725,0.0
slope1__peptide_mean__P01876,0.08619503680787288,0.0
rollmean2__peptide_count__P04433,0.08619395332818193,0.0
lag1__peptide_count__P36222,0.0861863774385933,0.0
peptide_std__Q16270,0.08617034322385919,0.0
delta1__protein_npx__P30086,0.08612582731773889,0.0
lag1__peptide_mean__P32754,0.08608489286928277,0.0
lag1__peptide_std__P02747,0.0859366857434687,0.0
slope1__peptide_mean__P14174,0.0858865065270025,0.0
slope1__peptide_std__P08697,0.08584772274533643,0.0
slope1__peptide_log__LRTEGDGVYTLNNEK,0.08584232633284733,0.0
rollmean2__protein_npx__P23083,0.08577755769497199,0.0
lag1__peptide_count__P02768,0.0857759507319956,0.0
rollmean2__peptide_count__P02652,0.08567070436111142,0.0
peptide_log__VC(UniMod_4)PFAGILENGAVR,0.085670228866968,0.0
rollmean2__protein_npx__Q96BZ4,0.08559576305068128,0.0
slope1__peptide_mean__P60174,0.08558270715677728,0.0
peptide_std__P01834,0.08553534822998049,0.0
rollmean2__peptide_log__ELDESLQVAER,0.08537175164423923,0.0
delta1__peptide_mean__P60174,0.08534194789648539,0.0
slope1__peptide_log__FNKPFVFLM(UniMod_35)IEQNTK,0.08530445944190859,0.0
peptide_std__P16070,0.0852360789067479,0.0
delta1__protein_npx__Q14515,0.08522260897995503,0.0
delta1__peptide_std__O15394,0.08517950148580603,0.0
peptide_mean__Q9HDC9,0.08511093986137519,0.0
peptide_log__VLLDQLR,0.08511093986137519,0.0
lag1__peptide_std__O00533,0.08509968662333792,0.0
delta1__peptide_mean__Q06481,0.08508345112392858,0.0
peptide_mean__P00734,0.08505821274711926,0.0
slope1__peptide_log__LRTEGDGVYTLNNEKQWINK,0.08504201959121666,0.0
slope1__peptide_std__P01859,0.08500326234434308,0.0
delta1__protein_npx__Q8NBJ4,0.0849009764245771,0.0
peptide_mean__P06396,0.08487269394989973,0.0
slope1__peptide_log__SELEEQLTPVAEETR,0.08484667824267113,0.0
slope1__peptide_log__LGADMEDVC(UniMod_4)GR,0.08477594706809208,0.0
delta1__peptide_mean__Q9NQ79,0.08471818799743057,0.0
peptide_mean__Q14118,0.08468566962350725,0.0
lag1__peptide_log__NFPPSQDASGDLYTTSSQLTLPATQC(UniMod_4)LAGK,0.08456967678144985,0.0
rollmean2__peptide_mean__Q8IWV7,0.08456118986342795,0.0
rollmean2__peptide_log__ILTC(UniMod_4)M(UniMod_35)QGMEEIR,0.08456118986342795,0.0
delta1__peptide_std__P07339,0.08452498830822021,0.0
rollmean2__peptide_log__FLATTPNSLLVSWQPPR,0.08450105116096593,0.0
peptide_std__P23142,0.08445080352860962,0.0
lag1__peptide_mean__P13591,0.08441424449760375,0.0
protein_npx__P18065,0.08440993397512583,0.0
lag1__peptide_std__O94919,0.08439864552398346,0.0
missing__peptide_std__P19823,0.08431915543519884,0.0
lag1__peptide_std__P02774,0.08424371561643039,0.0
slope1__peptide_std__P04004,0.08423606435464961,0.0
lag1__protein_npx__P11142,0.08421446662366287,0.0
lag1__peptide_count__P02748,0.08420921390759918,0.0
slope1__peptide_mean__P10643,0.0841885640429664,0.0
rollmean2__protein_npx__Q96PD5,0.08411544440458461,0.0
delta1__peptide_log__LGPLVEQGR,0.08409587506046606,0.0
peptide_log__LGADM(UniMod_35)EDVC(UniMod_4)GR,0.08407490071354566,0.0
slope1__peptide_std__P01860,0.083934362655606,0.0
slope1__months_since_prev_visit,0.08392890986552175,0.0
missing__protein_npx__Q13332,0.08392011748988595,0.0
missing__peptide_mean__Q13332,0.08392011748988595,0.0
missing__peptide_count__Q13332,0.08392011748988595,0.0
peptide_mean__P01011,0.08385574170304652,0.0
lag1__protein_npx__P01608,0.0838500598602614,0.0
protein_npx__P05067,0.0837820835168081,0.0
slope1__protein_npx__P02671,0.08368405701173674,0.0
peptide_mean__P07339,0.08366323113755289,0.0
slope1__protein_npx__O43505,0.0836524348923823,0.0
peptide_log__TPLGDTTHTC(UniMod_4)PR,0.08364733474627081,0.0
slope1__protein_npx__P61916,0.0836031766836328,0.0
lag1__protein_npx__P61626,0.08352737815213312,0.0
delta1__protein_npx__P08294,0.08346217997490558,0.0
protein_npx__O43505,0.0834541969839004,0.0
delta1__protein_npx__O14773,0.0834478612066877,0.0
slope1__peptide_mean__Q12907,0.08342408821310315,0.0
lag1__peptide_std__P55290,0.08335143048444311,0.0
lag1__peptide_log__LRTEGDGVYTLNNEKQWINK,0.08330145670103208,0.0
rollmean2__peptide_log__SC(UniMod_4)SPELQQK,0.08329000627655762,0.0
rollmean2__peptide_mean__P16152,0.08329000627655762,0.0
missing__peptide_log__C(UniMod_4)REILSVDC(UniMod_4)STNNPSQAK,0.08327302862897235,0.0
lag1__peptide_log__VMPIC(UniMod_4)LPSKDYAEVGR,0.08325439857451258,0.0
rollmean2__peptide_std__P61769,0.08322265190008962,0.0
slope1__protein_npx__P01034,0.08318611479645616,0.0
delta1__protein_npx__P01023,0.08318172627350369,0.0
missing__peptide_mean__P13591,0.08313593716309652,0.0
missing__peptide_count__P13591,0.08313593716309652,0.0
missing__protein_npx__P13591,0.08313593716309652,0.0
rollmean2__protein_npx__P02751,0.0831305908592489,0.0
delta1__protein_npx__Q99829,0.08312045960799892,0.0
lag1__peptide_mean__Q13283,0.08308921848060749,0.0
peptide_mean__P07333,0.08305267275478784,0.0
delta1__peptide_mean__Q8NE71,0.08304165202795719,0.0
rollmean2__peptide_count__P00751,0.08301109986999886,0.0
rollmean2__protein_npx__P20933,0.08290932275150233,0.0
peptide_mean__P04156,0.08290280114332578,0.0
peptide_std__Q14624,0.08281465907778715,0.0
peptide_std__P98160,0.0827404775586108,0.0
delta1__peptide_log__AATVGSLAGQPLQER,0.08273127177957326,0.0
delta1__peptide_mean__Q6UXB8,0.08271117184007716,0.0
rollmean2__peptide_mean__P00441,0.08268850178173709,0.0
delta1__peptide_count__P16870,0.08260022078079586,0.0
delta1__protein_npx__Q13283,0.08257400475693251,0.0
slope1__peptide_log__GYQLSDVDGVTC(UniMod_4)EDIDEC(UniMod_4)ALPTGGHIC(UniMod_4)SYR,0.08254645218112967,0.0
delta1__protein_npx__P06310,0.08250606809283421,0.0
lag1__protein_npx__O60888,0.0824091388422433,0.0
slope1__peptide_mean__Q96KN2,0.08238351647425267,0.0
rollmean2__peptide_count__P54289,0.08236960692937242,0.0
slope1__protein_npx__P01834,0.08235303154146062,0.0
slope1__protein_npx__P19823,0.08234858972503896,0.0
delta1__peptide_log__ILLQGTPVAQMTEDAVDAER,0.08229649042233536,0.0
delta1__peptide_count__P61916,0.0822126128010047,0.0
rollmean2__peptide_log__LSNENHGIAQR,0.0821587449154826,0.0
slope1__peptide_std__P05067,0.08214355315968738,0.0
delta1__protein_npx__P07195,0.08214152699374831,0.0
slope1__peptide_std__Q6UXB8,0.08213377432973966,0.0
lag1__peptide_count__Q92823,0.0820422224963081,0.0
peptide_mean__P60174,0.08191025524720447,0.0
rollmean2__protein_npx__O00533,0.08190013334392826,0.0
missing__peptide_log__HGGLYHENMR,0.08189128198894009,0.0
delta1__protein_npx__P43251,0.08181003911421189,0.0
missing__peptide_log__ATVNPSAPR,0.08180653500412494,0.0
delta1__protein_npx__P06396,0.0818042622843781,0.0
delta1__peptide_count__P13611,0.0817717328345301,0.0
rollmean2__protein_npx__P05090,0.08175732519958338,0.0
delta1__peptide_count__P02749,0.08152141121163935,0.0
missing__protein_npx__P55290,0.081417274711445,0.0
missing__peptide_mean__P55290,0.081417274711445,0.0
missing__peptide_count__P55290,0.081417274711445,0.0
lag1__peptide_mean__P01877,0.08140636539776597,0.0
missing__peptide_log__LDEVKEQVAEVR,0.08135151370689822,0.0
rollmean2__peptide_mean__P61626,0.08134476027561453,0.0
peptide_mean__P01876,0.08133505346022682,0.0
slope1__peptide_mean__P43251,0.0812778682595469,0.0
peptide_log__LSSWVLLM(UniMod_35)K,0.08127008336203262,0.0
lag1__peptide_log__C(UniMod_4)C(UniMod_4)VEC(UniMod_4)PPC(UniMod_4)PAPPVAGPSVFLFPPKPK,0.0812409500323248,0.0
slope1__peptide_mean__P02753,0.08122199827680389,0.0
delta1__peptide_std__P02760,0.08112300264599011,0.0
protein_npx__P07333,0.08109439481269085,0.0
slope1__peptide_mean__P06396,0.08108859137455957,0.0
lag1__peptide_mean__P55290,0.0810411062388944,0.0
lag1__peptide_count__Q12907,0.08099458902917571,0.0
slope1__protein_npx__Q9UBX5,0.08086832535602678,0.0
rollmean2__peptide_mean__P06396,0.0808673191228243,0.0
lag1__peptide_mean__P27169,0.08084864307598552,0.0
peptide_mean__P08603,0.0807707659854634,0.0
rollmean2__protein_npx__Q8NBJ4,0.08076968176876251,0.0
delta1__peptide_count__P30086,0.08076309445340196,0.0
lag1__peptide_std__P08571,0.08074662748269235,0.0
rollmean2__protein_npx__P32754,0.08072671481833052,0.0
rollmean2__protein_npx__Q7Z5P9,0.08064469186346358,0.0
lag1__peptide_mean__P07225,0.08046195065709734,0.0
slope1__peptide_log__TSAHGNVAEGETKPDPDVTER,0.08041328584950234,0.0
protein_npx__P02751,0.08032147566286449,0.0
slope1__peptide_count__P00734,0.08023932817650686,0.0
protein_npx__P10645,0.0802053110094036,0.0
lag1__peptide_log__LSKELQAAQAR,0.07999187307866598,0.0
rollmean2__peptide_log__AVLPTGDVIGDSAK,0.07998933619785632,0.0
slope1__protein_npx__Q02818,0.07995587302888281,0.0
slope1__protein_npx__Q96KN2,0.07995245339196531,0.0
delta1__protein_npx__P02792,0.07993582155303426,0.0
slope1__protein_npx__P04406,0.07992778567896566,0.0
rollmean2__peptide_mean__P36222,0.07985713805178987,0.0
peptide_std__Q92823,0.07981604423190589,0.0
lag1__peptide_std__Q14515,0.07977439172012923,0.0
missing__peptide_count__Q9HDC9,0.07966930501136159,0.0
missing__peptide_log__VLLDQLR,0.07966930501136159,0.0
missing__peptide_mean__Q9HDC9,0.07966930501136159,0.0
missing__protein_npx__Q9HDC9,0.07966930501136159,0.0
slope1__peptide_mean__P14314,0.07962722986312565,0.0
rollmean2__protein_npx__P01042,0.07960630753319034,0.0
missing__peptide_log__HYEGSTVPEK,0.07955418798570672,0.0
peptide_mean__P08294,0.07953976763465632,0.0
protein_npx__O15394,0.07951372206627925,0.0
delta1__protein_npx__Q15904,0.07945873785254776,0.0
slope1__peptide_mean__P32754,0.07937602869001203,0.0
lag1__protein_npx__Q13451,0.07934967212213463,0.0
missing__months_since_prev_visit,0.07931034938598071,0.0
has_previous_visit,0.07931034938598071,0.0
peptide_mean__Q7Z3B1,0.07930101937021401,0.0
peptide_count__O15240,0.07928312946060122,0.0
rollmean2__peptide_std__P01019,0.07926661833463737,0.0
delta1__protein_npx__P01876,0.07924960271425863,0.0
peptide_mean__P01594,0.07919057510972426,0.0
rollmean2__protein_npx__P13473,0.07918657344839461,0.0
lag1__peptide_mean__P04217,0.07915874995213051,0.0
lag1__protein_npx__Q6UX71,0.07909601155855053,0.0
rollmean2__protein_npx__Q6UX71,0.07905027110873031,0.0
peptide_log__TKEEYGHSEVVEYYC(UniMod_4)NPR,0.07904522048564853,0.0
protein_npx__P06454,0.07898951544642724,0.0
rollmean2__protein_npx__P39060,0.07895656801416942,0.0
rollmean2__protein_npx__O43505,0.07892808791522932,0.0
protein_npx__O14498,0.0788566570546254,0.0
slope1__peptide_std__P01042,0.07881114599435633,0.0
protein_npx__Q14118,0.07879987674576394,0.0
slope1__peptide_count__P20774,0.07876112445225228,0.0
peptide_count__P02751,0.0787051748073171,0.0
lag1__peptide_log__TQVNTQAEQLRR,0.07865073273373595,0.0
rollmean2__protein_npx__P01591,0.07862422103618058,0.0
slope1__peptide_count__P01834,0.07861157905219096,0.0
slope1__peptide_mean__P20933,0.07855948134990018,0.0
rollmean2__peptide_count__P08294,0.0785542653814154,0.0
delta1__peptide_std__P39060,0.07852798049410245,0.0
lag1__peptide_mean__P10909,0.07850083925906956,0.0
delta1__protein_npx__P01591,0.07849231077943301,0.0
protein_npx__P43121,0.07848589080974644,0.0
delta1__protein_npx__P13671,0.07842464039096216,0.0
lag1__protein_npx__Q15904,0.07841599708782827,0.0
delta1__peptide_log__TM(UniMod_35)LLQPAGSLGSYSYR,0.0783945103012055,0.0
rollmean2__protein_npx__P13611,0.07838904904247655,0.0
rollmean2__peptide_mean__Q13332,0.07838312111662472,0.0
slope1__peptide_std__P02768,0.07836119802778681,0.0
rollmean2__peptide_abundance_min,0.07834080369480136,0.0
rollmean2__peptide_count__P02751,0.07826250064844288,0.0
delta1__protein_npx__P01033,0.07820422624202499,0.0
slope1__peptide_count__Q9UHG2,0.078183717723906,0.0
slope1__peptide_count__P43652,0.07813664403257212,0.0
peptide_log__LGPLVEQGRVR,0.07813109980290686,0.0
rollmean2__protein_npx__Q12805,0.0780924215507999,0.0
lag1__protein_npx__P10645,0.07805930612016351,0.0
rollmean2__protein_npx__P36980,0.0780285674285083,0.0
lag1__protein_npx__P07711,0.07800040889753569,0.0
delta1__peptide_std__Q9UBX5,0.07798620666868623,0.0
lag1__peptide_mean__P43652,0.07793461039062594,0.0
delta1__protein_npx__P01344,0.07792638496758536,0.0
rollmean2__peptide_mean__P07711,0.07792009684124669,0.0
lag1__peptide_count__Q92876,0.07791217541180218,0.0
peptide_count__P00734,0.0779100739634379,0.0
rollmean2__peptide_mean__P05067,0.07789945659158184,0.0
rollmean2__peptide_count__P02671,0.07773878518012767,0.0
peptide_count__P02656,0.07770465711162744,0.0
rollmean2__protein_npx__P07339,0.07769171196710006,0.0
slope1__peptide_std__Q96KN2,0.07762862594285777,0.0
rollmean2__peptide_mean__P08133,0.07756082367562282,0.0
slope1__protein_npx__P01861,0.0775305652872715,0.0
slope1__protein_npx__P40925,0.0775195004833574,0.0
lag1__protein_npx__P01833,0.07751569706536975,0.0
delta1__peptide_count__P02768,0.07750319762409012,0.0
lag1__protein_npx__Q92823,0.07744990528582962,0.0
rollmean2__peptide_std__P08697,0.07741161573405869,0.0
rollmean2__protein_npx__P06454,0.07738671652984197,0.0
rollmean2__peptide_log__SNSSM(UniMod_35)HITDC(UniMod_4)R,0.07737199990204945,0.0
protein_npx__P02750,0.07735355569037987,0.0
slope1__peptide_log__VYC(UniMod_4)DMNTENGGWTVIQNR,0.07730423805305535,0.0
protein_npx__P08571,0.07723896675440467,0.0
slope1__peptide_std__P02671,0.07723438022189107,0.0
slope1__peptide_std__P01008,0.0771912365615079,0.0
slope1__protein_npx__P01591,0.07716894848216345,0.0
delta1__peptide_std__Q92823,0.07710844287117109,0.0
rollmean2__peptide_log__VC(UniMod_4)PFAGILENGAVR,0.0770355413949886,0.0
missing__protein_npx__P01877,0.07699068600304448,0.0
missing__peptide_mean__P01877,0.07699068600304448,0.0
missing__peptide_count__P01877,0.07699068600304448,0.0
rollmean2__protein_npx__P01344,0.07698832163512155,0.0
delta1__protein_npx__Q96KN2,0.07696385869629044,0.0
slope1__protein_npx__P02647,0.07692952183155712,0.0
lag1__protein_npx__P06396,0.07692747194412407,0.0
delta1__protein_npx__P08253,0.07683735187101351,0.0
rollmean2__peptide_mean__P01344,0.07675137653086335,0.0
rollmean2__peptide_std__P02790,0.0767223306518623,0.0
missing__peptide_log__TTPPVLDSDGSFFLYSK,0.07666041089074356,0.0
slope1__peptide_std__P02749,0.0766504821062605,0.0
rollmean2__peptide_mean__P01717,0.07663722427788143,0.0
rollmean2__protein_npx__P01860,0.07663291192788098,0.0
rollmean2__protein_npx__P17174,0.07660397339544561,0.0
rollmean2__peptide_log__HYEGSTVPEK,0.07658715278480532,0.0
rollmean2__peptide_log__VYC(UniMod_4)DMNTENGGWTVIQNR,0.07655455633911541,0.0
slope1__peptide_count__P36955,0.07643686292356562,0.0
missing__peptide_log__SFNRGEC(UniMod_4),0.07641783004933125,0.0
rollmean2__peptide_mean__P13591,0.07641460164863355,0.0
protein_npx__P00734,0.0763990123831167,0.0
delta1__peptide_count__P00748,0.07628127407752076,0.0
slope1__protein_npx__Q8N2S1,0.07628031324515946,0.0
slope1__protein_npx__Q12841,0.07624688507865782,0.0
rollmean2__peptide_mean__P01009,0.07624209163274535,0.0
delta1__peptide_mean__P09871,0.07612031847596178,0.0
delta1__peptide_mean__Q13451,0.07606707020026399,0.0
protein_npx__Q7Z5P9,0.07599589721163712,0.0
peptide_std__Q16610,0.07591987151527932,0.0
rollmean2__peptide_std__P00751,0.07588747921728611,0.0
delta1__peptide_count__P41222,0.0757167159278103,0.0
peptide_mean__P01591,0.07564674224676343,0.0
slope1__peptide_std__O15394,0.0756213295502667,0.0
rollmean2__protein_npx__Q99435,0.07556444096297697,0.0
protein_npx__P01780,0.07549967296313416,0.0
peptide_log__QWAGLVEK,0.07549873357856077,0.0
delta1__peptide_mean__Q8NBJ4,0.07546386819308455,0.0
slope1__peptide_std__P05452,0.07539294423889745,0.0
slope1__peptide_mean__P02747,0.07532832751812815,0.0
rollmean2__peptide_log__NPDPWAK,0.07527146835257222,0.0
delta1__peptide_mean__P13671,0.07525616877620313,0.0
lag1__protein_npx__P04433,0.07524137217089266,0.0
lag1__peptide_mean__P00734,0.0752366289306915,0.0
lag1__protein_npx__P35542,0.0752302383349005,0.0
lag1__peptide_std__P00734,0.07522566555218493,0.0
delta1__protein_npx__Q9UHG2,0.0752144426711402,0.0
lag1__peptide_log__DLATVYVDVLK,0.07512283407298674,0.0
slope1__peptide_log__TDASDVKPC(UniMod_4),0.07509398893713527,0.0
lag1__peptide_count__P23142,0.07499265202622771,0.0
slope1__peptide_log__SFNRGEC(UniMod_4),0.07498413345201553,0.0
peptide_std__Q92876,0.07498323487197668,0.0
slope1__protein_npx__P01780,0.0749697397980112,0.0
slope1__peptide_count__P07711,0.07495013510968297,0.0
rollmean2__peptide_log__DLATVYVDVLK,0.0749452179626042,0.0
delta1__peptide_mean__P61769,0.0749016502966024,0.0
rollmean2__visit_index,0.07482565703293408,0.0
delta1__peptide_count__Q96PD5,0.07476405563219342,0.0
missing__protein_npx__P13473,0.07467851709406687,0.0
missing__peptide_count__P13473,0.07467851709406687,0.0
missing__peptide_mean__P13473,0.07467851709406687,0.0
peptide_mean__P05067,0.07463137956185022,0.0
missing__peptide_count__P06681,0.07460735400018276,0.0
missing__peptide_mean__P06681,0.07460735400018276,0.0
missing__protein_npx__P06681,0.07460735400018276,0.0
lag1__peptide_std__P10643,0.07457287601085717,0.0
missing__peptide_log__SGELEQEEER,0.0745550871569904,0.0
slope1__peptide_std__P02748,0.07450768497410948,0.0
slope1__peptide_mean__P08697,0.07433084938383853,0.0
peptide_count__P00746,0.0742936350214742,0.0
delta1__peptide_mean__P23142,0.07429161584195622,0.0
peptide_count__P17174,0.07425753222754834,0.0
missing__peptide_mean__Q9Y6R7,0.07416859827431922,0.0
missing__peptide_count__Q9Y6R7,0.07416859827431922,0.0
missing__protein_npx__Q9Y6R7,0.07416859827431922,0.0
lag1__protein_npx__P04004,0.07416366137542123,0.0
delta1__peptide_mean__O15394,0.07414701882043882,0.0
delta1__protein_npx__Q12841,0.07412797533003979,0.0
delta1__protein_npx__P07225,0.07405714690646742,0.0
lag1__protein_npx__P60174,0.07404318386165314,0.0
rollmean2__peptide_std__P23142,0.0739654229286737,0.0
rollmean2__peptide_std__P00441,0.0739574172358743,0.0
rollmean2__peptide_std__P02787,0.07395398476870704,0.0
missing__peptide_count__P60174,0.07394216683104213,0.0
missing__protein_npx__P60174,0.07394216683104213,0.0
missing__peptide_mean__P60174,0.07394216683104213,0.0
slope1__peptide_count__P00748,0.07390447905445456,0.0
lag1__protein_npx__P04075,0.07388781283628273,0.0
delta1__peptide_mean__Q13283,0.0737648009807605,0.0
lag1__peptide_count__P06396,0.07371439541953902,0.0
slope1__peptide_mean__P02679,0.07370531147520165,0.0
peptide_log__ALGISPFHEHAEVVFTANDSGPR,0.07369627477319617,0.0
delta1__protein_npx__P17936,0.07365664978215497,0.0
lag1__peptide_log__AATGEC(UniMod_4)TATVGKR,0.07365633599618891,0.0
delta1__peptide_mean__Q9Y6R7,0.07363516713710373,0.0
delta1__peptide_mean__P07711,0.07360657999643383,0.0
rollmean2__peptide_mean__O14498,0.07355410754466393,0.0
missing__protein_npx__P07195,0.07355121157039048,0.0
missing__peptide_count__P07195,0.07355121157039048,0.0
missing__peptide_mean__P07195,0.07355121157039048,0.0
lag1__protein_npx__Q12841,0.07353968301358947,0.0
slope1__protein_npx__Q9Y646,0.07349405512915286,0.0
slope1__peptide_log__AEAQEAEDQQAR,0.07339788554691846,0.0
slope1__protein_npx__P19827,0.07339420153071285,0.0
slope1__protein_npx__P00450,0.07338046691516754,0.0
lag1__peptide_mean__P16070,0.07317392680087027,0.0
peptide_mean__P06727,0.07313810969305898,0.0
rollmean2__peptide_std__P01034,0.07312830818823556,0.0
slope1__peptide_log__TEGDGVYTLNNEK,0.07312254153769016,0.0
rollmean2__protein_npx__O00391,0.07310577854406282,0.0
lag1__peptide_count__P04075,0.07301881101230978,0.0
slope1__protein_npx__P09871,0.07298542302364863,0.0
slope1__peptide_mean__P02647,0.07297958085852084,0.0
delta1__peptide_mean__P17936,0.07297319999085058,0.0
slope1__peptide_count__P07339,0.07292208313329313,0.0
slope1__peptide_log__HGGLYHENMR,0.07288796949078703,0.0
peptide_count__P16870,0.0728845263285753,0.0
slope1__protein_npx__P02753,0.07287142437018523,0.0
peptide_mean__P05155,0.07281947488087112,0.0
rollmean2__peptide_mean__P02774,0.0727795311033509,0.0
delta1__peptide_std__P05156,0.07277023525920556,0.0
delta1__peptide_mean__P02652,0.0727427356430574,0.0
slope1__protein_npx__P04211,0.07269284500285957,0.0
lag1__peptide_count__P08697,0.07268683817675009,0.0
slope1__peptide_count__Q12805,0.07263870923138666,0.0
rollmean2__peptide_log__TEGDGVYTLNNEK,0.07262444042440529,0.0
rollmean2__peptide_mean__P01876,0.07259275541019326,0.0
slope1__peptide_mean__P01033,0.07258264546614498,0.0
peptide_std__P01034,0.07252299852705167,0.0
missing__peptide_std__P14314,0.07249630372658614,0.0
peptide_log__VTLTC(UniMod_4)VAPLSGVDFQLR,0.07248878819947145,0.0
rollmean2__protein_npx__P02656,0.07245783185786642,0.0
lag1__peptide_count__Q96KN2,0.07243655990938468,0.0
peptide_mean__Q9UNU6,0.07242405742552083,0.0
slope1__protein_npx__P01019,0.07236427231626354,0.0
lag1__peptide_mean__P02655,0.07235113465310898,0.0
rollmean2__peptide_mean__P16035,0.07234739355075075,0.0
slope1__protein_npx__P25311,0.07230526216187409,0.0
rollmean2__peptide_std__P02675,0.07230246208450948,0.0
delta1__protein_npx__P18065,0.07228843761197687,0.0
lag1__peptide_count__P16035,0.07209870076849191,0.0
rollmean2__protein_npx__O14791,0.07209101965312367,0.0
rollmean2__protein_npx__P00751,0.07207236572718098,0.0
slope1__protein_npx__P02763,0.07206983754983605,0.0
delta1__peptide_count__P01876,0.0720675795307069,0.0
protein_npx__P08294,0.07205693483504173,0.0
protein_npx__P02649,0.07200986067881808,0.0
lag1__peptide_log__GEVQAMLGQSTEELR,0.07196201122270306,0.0
peptide_log__C(UniMod_4)RDQLPYIC(UniMod_4)QFGIV,0.0719454781912352,0.0
lag1__peptide_mean__Q06481,0.07191798255948444,0.0
delta1__peptide_mean__P01833,0.0718369655499243,0.0
protein_npx__Q14515,0.07181886133703985,0.0
peptide_mean__P01019,0.07180339045326416,0.0
rollmean2__peptide_mean__P23083,0.07180200533885592,0.0
slope1__peptide_std__P05546,0.07177445798418147,0.0
lag1__peptide_log__VGYVSGWGR,0.07175660539528277,0.0
slope1__protein_npx__Q7Z3B1,0.07169572578756747,0.0
delta1__peptide_std__P05452,0.0716526813400038,0.0
peptide_mean__P01009,0.07159105367829033,0.0
slope1__peptide_std__P02647,0.07149883155190317,0.0
rollmean2__peptide_count__P02649,0.0714565858160481,0.0
lag1__peptide_mean__P02675,0.07145150860735008,0.0
slope1__peptide_log__VC(UniMod_4)PFAGILENGAVR,0.0714231629341551,0.0
rollmean2__protein_npx__P17936,0.07136644579879405,0.0
delta1__peptide_std__P06681,0.07136192289054662,0.0
slope1__peptide_count__O00584,0.0712942871071263,0.0
lag1__peptide_count__O75144,0.07127801913814555,0.0
delta1__peptide_mean__P12109,0.0712762468397206,0.0
peptide_std__P13591,0.07124361584381304,0.0
lag1__protein_npx__Q99683,0.0712407613531076,0.0
delta1__peptide_mean__P05090,0.07120138694154182,0.0
peptide_mean__Q12907,0.07118086958346555,0.0
delta1__peptide_log__EILSVDC(UniMod_4)STNNPSQAK,0.07114007706376654,0.0
slope1__peptide_count__Q16270,0.07113719672218335,0.0
rollmean2__protein_npx__Q9NYU2,0.07108226994940381,0.0
delta1__peptide_std__P04075,0.07100064263891286,0.0
delta1__protein_npx__P01042,0.0709796973736326,0.0
protein_npx__Q92823,0.07095262610106247,0.0
rollmean2__peptide_std__P07225,0.07095228277085495,0.0
rollmean2__peptide_mean__P05090,0.07094462431872314,0.0
slope1__peptide_mean__P01857,0.0709151960882404,0.0
lag1__protein_npx__P02748,0.070882385492161,0.0
peptide_log__VDNALQSGNSQESVTEQDSKDSTYSLSSTLTLSK,0.07080544444713839,0.0
missing__peptide_mean__Q6UXB8,0.07068702912196966,0.0
missing__peptide_count__Q6UXB8,0.07068702912196966,0.0
missing__protein_npx__Q6UXB8,0.07068702912196966,0.0
rollmean2__peptide_mean__Q96KN2,0.07061165955508206,0.0
delta1__protein_npx__P04004,0.07056392537396092,0.0
protein_npx__P61278,0.07055116726881845,0.0
peptide_mean__P54289,0.07054870935113555,0.0
lag1__protein_npx__Q13740,0.0705046316472738,0.0
protein_npx__P02675,0.07049278360675437,0.0
peptide_count__P39060,0.0704491065365232,0.0
delta1__peptide_mean__P32754,0.070435193423158,0.0
slope1__peptide_std__P02649,0.07042530525385723,0.0
slope1__peptide_log__SLAAAAGKQELAK,0.07023997683957237,0.0
slope1__peptide_mean__P61278,0.07023997683957237,0.0
rollmean2__peptide_std__P00450,0.07013246578430403,0.0
lag1__peptide_std__P07602,0.07011368514978789,0.0
delta1__protein_npx__P02748,0.0701109176501298,0.0
protein_npx__P02655,0.07003161635786996,0.0
peptide_mean__O15240,0.0700157670006386,0.0
delta1__peptide_mean__Q96KN2,0.07000762588622016,0.0
lag1__peptide_log__AKLEEQAQQIR,0.0700025489992273,0.0
peptide_mean__Q13449,0.07000149353882791,0.0
rollmean2__protein_npx__P40925,0.06998340388401622,0.0
peptide_std__Q14515,0.06997154664076727,0.0
protein_npx__P06396,0.06996936338368435,0.0
lag1__peptide_std__P54289,0.0699632152138178,0.0
peptide_mean__P04180,0.0699050756846979,0.0
rollmean2__peptide_log__TSPVDEKALQDQLVLVAAK,0.06989394753553031,0.0
delta1__protein_npx__P02647,0.06985726861347816,0.0
slope1__peptide_missing_fraction,0.06984835819530442,0.0
slope1__peptide_feature_count,0.06984835819530383,0.0
rollmean2__peptide_std__P36222,0.06984333821446466,0.0
missing__peptide_std__P01859,0.06983766229376077,0.0
protein_npx__P12109,0.0697828008908837,0.0
rollmean2__peptide_mean__Q08380,0.06974390430241612,0.0
lag1__protein_npx__P01594,0.06974188695742269,0.0
lag1__peptide_mean__P04196,0.06973511806006756,0.0
lag1__peptide_std__P01876,0.06968005016581633,0.0
peptide_mean__P02679,0.06967017044219165,0.0
lag1__protein_npx__P17174,0.06964771673673534,0.0
lag1__peptide_count__P02652,0.06962554559391645,0.0
slope1__peptide_std__P13591,0.06957728947602705,0.0
slope1__peptide_mean__P61769,0.06954516239216733,0.0
slope1__protein_npx__Q9UHG2,0.0695368968815187,0.0
lag1__protein_npx__Q13283,0.06950976063514047,0.0
slope1__peptide_mean__P19827,0.06949748263210198,0.0
peptide_count__P01834,0.06945197662334962,0.0
protein_npx__P02671,0.06941510846520824,0.0
rollmean2__peptide_count__Q14515,0.06939034371727805,0.0
peptide_mean__O00533,0.06938972399278436,0.0
delta1__protein_npx__Q92520,0.06938580167082213,0.0
lag1__peptide_mean__P00747,0.06931526171510091,0.0
delta1__peptide_std__O14773,0.06925775266101833,0.0
lag1__peptide_count__P01024,0.06921832900100842,0.0
rollmean2__peptide_mean__O43505,0.0692128561344591,0.0
slope1__peptide_count__Q12841,0.06915916511260685,0.0
delta1__protein_npx__P12109,0.06911722169009514,0.0
protein_npx__P00751,0.06909668536755047,0.0
rollmean2__peptide_log__LDEVKEQVAEVR,0.0690957300241822,0.0
lag1__protein_npx__P08123,0.069064979238775,0.0
delta1__peptide_std__P04004,0.06900659700102092,0.0
lag1__peptide_mean__P06396,0.06897498425535195,0.0
protein_npx__P61916,0.06894671447013348,0.0
rollmean2__peptide_log__C(UniMod_4)SYTEDAQC(UniMod_4)IDGTIEVPK,0.06891361300878639,0.0
missing__peptide_log__VMPIC(UniMod_4)LPSKDYAEVGR,0.0689092259932258,0.0
slope1__peptide_log__DSGFQM(UniMod_35)NQLR,0.06889040118916981,0.0
missing__peptide_log__VKDLATVYVDVLK,0.0688647140207577,0.0
slope1__peptide_mean__P06310,0.06882681728812032,0.0
rollmean2__protein_npx__P43121,0.06879036484381339,0.0
rollmean2__peptide_count__Q12907,0.06875138553370432,0.0
slope1__peptide_count__P01019,0.06874835426910163,0.0
slope1__protein_npx__Q99969,0.06873760733183314,0.0
rollmean2__peptide_mean__P98160,0.06867883859242176,0.0
slope1__protein_npx__O15240,0.06865323162911212,0.0
rollmean2__peptide_std__P01877,0.0686271616862931,0.0
slope1__peptide_std__P04196,0.06859847604974986,0.0
delta1__protein_npx__Q6UXD5,0.06858190933368001,0.0
missing__peptide_std__P61916,0.06856515688938968,0.0
lag1__protein_npx__P00751,0.06850667382586789,0.0
missing__peptide_log__LPPTSAHGNVAEGETKPDPDVTER,0.0684481430808688,0.0
months_since_prev_visit,0.06843809503188436,0.0
delta1__months_since_baseline,0.06843809503188436,0.0
rollmean2__peptide_mean__P02750,0.06843340709859885,0.0
peptide_count__P01857,0.06834656515786831,0.0
peptide_log__AATVGSLAGQPLQER,0.06832671104390103,0.0
rollmean2__peptide_mean__Q13449,0.06831121273688841,0.0
slope1__protein_npx__P13987,0.06828883278521837,0.0
rollmean2__peptide_mean__P01860,0.06823051378647416,0.0
rollmean2__peptide_log__AATGEC(UniMod_4)TATVGKR,0.06822434267489584,0.0
delta1__peptide_std__P05090,0.06819277881467252,0.0
delta1__peptide_mean__Q08380,0.06811900144104777,0.0
lag1__protein_npx__P27169,0.06809413166493591,0.0
slope1__protein_npx__P20933,0.06807630332985552,0.0
rollmean2__peptide_log__AATVGSLAGQPLQER,0.06807152244419326,0.0
slope1__peptide_std__Q12907,0.0680346184069697,0.0
slope1__peptide_mean__P35542,0.06802303373097587,0.0
lag1__protein_npx__Q06481,0.0680218765260344,0.0
lag1__protein_npx__P13591,0.06792244174790549,0.0
protein_npx__Q99832,0.06785462540895935,0.0
missing__protein_npx__Q96BZ4,0.06777325441714428,0.0
missing__peptide_count__Q96BZ4,0.06777325441714428,0.0
missing__peptide_mean__Q96BZ4,0.06777325441714428,0.0
slope1__peptide_count__P02763,0.06767243957176682,0.0
delta1__peptide_log__C(UniMod_4)RDQLPYIC(UniMod_4)QFGIV,0.06767107310700667,0.0
delta1__protein_npx__P02760,0.06765329783280012,0.0
lag1__peptide_mean__P02647,0.06753511654422711,0.0
delta1__peptide_mean__P14314,0.06747896492056725,0.0
peptide_std__P05155,0.06747304374240627,0.0
lag1__peptide_mean__Q96KN2,0.06747022988514696,0.0
rollmean2__peptide_mean__P07195,0.06743392057239735,0.0
rollmean2__peptide_std__P05156,0.06743191058123561,0.0
lag1__peptide_count__Q16270,0.06742613096958681,0.0
peptide_mean__O43505,0.06737781488093851,0.0
lag1__protein_npx__P02747,0.0673536552708162,0.0
peptide_log__C(UniMod_4)KPVNTFVHEPLVDVQNVC(UniMod_4)FQEK,0.06734909757043811,0.0
slope1__peptide_mean__P01008,0.06732696056368587,0.0
delta1__peptide_std__P01008,0.06730323523057911,0.0
slope1__protein_npx__Q96PD5,0.06727463239060344,0.0
protein_npx__P09486,0.06725033232097614,0.0
delta1__protein_npx__P41222,0.06724549428197653,0.0
lag1__peptide_log__SFNRGEC(UniMod_4),0.06723054437662505,0.0
delta1__peptide_mean__Q92520,0.06718555095376097,0.0
slope1__peptide_count__P01860,0.0671687937052533,0.0
lag1__protein_npx__Q562R1,0.06715829722682584,0.0
peptide_count__P01859,0.06712418780147726,0.0
slope1__peptide_std__P01023,0.06711163868852511,0.0
rollmean2__peptide_std__P05090,0.06710420922618662,0.0
lag1__peptide_count__P24592,0.06707187565766966,0.0
delta1__peptide_count__P01857,0.06706440872311466,0.0
delta1__peptide_log__QKVEPLRAELQEGAR,0.06696638305299027,0.0
slope1__peptide_log__TKEEYGHSEVVEYYC(UniMod_4)NPR,0.06694656321742687,0.0
rollmean2__protein_npx__Q14118,0.06692697014340623,0.0
slope1__peptide_mean__P02671,0.06689494102754184,0.0
lag1__peptide_log__ALGISPFHEHAEVVFTANDSGPR,0.06688989293420139,0.0
delta1__peptide_log__YVM(UniMod_35)LPVADQDQC(UniMod_4)IR,0.06686762886457512,0.0
peptide_std__P04180,0.06686622559156523,0.0
rollmean2__peptide_mean__P01042,0.06685391031816987,0.0
delta1__peptide_mean__Q8N2S1,0.06682689843579127,0.0
lag1__peptide_mean__Q02818,0.06681009802982599,0.0
peptide_mean__P00748,0.06680627559754468,0.0
rollmean2__protein_npx__P01877,0.066774903952235,0.0
missing__peptide_log__VQPYLDDFQKK,0.06676411685737924,0.0
missing__peptide_std__P02652,0.0667590627646802,0.0
lag1__protein_npx__P05090,0.06675484836376905,0.0
lag1__peptide_mean__P08294,0.06672766335097971,0.0
lag1__protein_npx__P98160,0.06672149128048893,0.0
slope1__peptide_std__P14314,0.06669696553272812,0.0
delta1__peptide_count__P14618,0.06668338831379393,0.0
delta1__peptide_mean__P02749,0.06665158786181527,0.0
lag1__peptide_log__VKDLATVYVDVLK,0.06658772784535437,0.0
delta1__peptide_log__WELALGR,0.06657894029387011,0.0
rollmean2__peptide_std__Q92823,0.06657066648345804,0.0
rollmean2__protein_npx__P10643,0.06651331287918345,0.0
lag1__peptide_mean__Q99829,0.06645816782059133,0.0
current_medication_on,0.06643752070130848,0.0
delta1__peptide_std__P01011,0.06640625426642005,0.0
delta1__peptide_mean__O14791,0.06636910524418435,0.0
delta1__peptide_log__VMPIC(UniMod_4)LPSKDYAEVGR,0.06633226517894521,0.0
lag1__peptide_mean__O15394,0.0663201453375596,0.0
lag1__peptide_mean__P01024,0.06622566300899313,0.0
delta1__peptide_count__P10645,0.06621835045417837,0.0
lag1__peptide_count__P05155,0.06615046161538254,0.0
rollmean2__protein_npx__P01876,0.06612459701989588,0.0
delta1__protein_npx__P60174,0.0660794108605995,0.0
rollmean2__protein_npx__O15394,0.06607364372924315,0.0
slope1__peptide_std__P30086,0.06601817943995798,0.0
delta1__protein_npx__P61769,0.06595093098321696,0.0
lag1__protein_npx__P01877,0.0659492135746356,0.0
rollmean2__protein_npx__P08603,0.0659453760410299,0.0
lag1__protein_npx__P19652,0.06592159048648324,0.0
missing__protein_npx__P13671,0.06588837544744099,0.0
missing__peptide_mean__P13671,0.06588837544744099,0.0
missing__peptide_count__P13671,0.06588837544744099,0.0
peptide_count__Q12907,0.0658746690156462,0.0
slope1__peptide_mean__P16870,0.06586197381062213,0.0
lag1__protein_npx__P01780,0.06586146919385391,0.0
protein_npx__P05060,0.06584975230477429,0.0
rollmean2__peptide_count__O14773,0.06582957830660786,0.0
lag1__peptide_std__P01042,0.06582703269272025,0.0
protein_npx__Q9UNU6,0.06582029578047915,0.0
protein_npx__P04275,0.0657686708052384,0.0
rollmean2__protein_npx__Q92823,0.06575811648185947,0.0
rollmean2__peptide_mean__P04207,0.0657217146561913,0.0
slope1__protein_npx__P27169,0.06569427972152336,0.0
missing__peptide_log__VTLTC(UniMod_4)VAPLSGVDFQLR,0.06567921941012908,0.0
peptide_count__P51884,0.06564322092097412,0.0
lag1__peptide_mean__O00584,0.06563922440020276,0.0
rollmean2__protein_npx__P10645,0.06561088532581713,0.0
lag1__peptide_log__NFPPSQDASGDLYTTSSQLTLPATQC(UniMod_4)PDGK,0.06560095840642946,0.0
lag1__peptide_mean__P02747,0.06559157050550961,0.0
peptide_mean__Q96BZ4,0.06554424953425571,0.0
delta1__peptide_std__P02647,0.06551754624610494,0.0
slope1__protein_npx__P08637,0.06548609878969193,0.0
delta1__protein_npx__P05452,0.0654857693821967,0.0
lag1__peptide_log__ANRPFLVFIR,0.06545411255202595,0.0
peptide_log__VMPIC(UniMod_4)LPSKDYAEVGR,0.06538850651826536,0.0
delta1__protein_npx__P19823,0.06536663587399599,0.0
peptide_log__SSQGGSLPSEEK,0.06536339177063878,0.0
delta1__peptide_count__P01877,0.06534110357040647,0.0
protein_npx__P16070,0.06529271145731343,0.0
peptide_mean__P36222,0.06526732341750141,0.0
slope1__peptide_count__Q9UBX5,0.06518753509526774,0.0
lag1__protein_npx__P00738,0.06514460833911839,0.0
peptide_count__P01008,0.06512248802911917,0.0
rollmean2__peptide_std__Q12907,0.0651037713119905,0.0
lag1__protein_feature_count,0.06509976546662131,0.0
lag1__protein_missing_fraction,0.06509976546662126,0.0
lag1__peptide_mean__P13521,0.06506627074990956,0.0
lag1__protein_npx__P02774,0.0650588959809899,0.0
slope1__peptide_mean__P04275,0.0650385763156148,0.0
protein_npx__P31997,0.06503634443783521,0.0
delta1__peptide_log__AVLPTGDVIGDSAK,0.06501774997349705,0.0
rollmean2__peptide_mean__P19823,0.065017048905068,0.0
peptide_log__QNC(UniMod_4)ELFEQLGEYK,0.06499512588270061,0.0
lag1__peptide_log__M(UniMod_35)ASGAANVVGPK,0.06493008770409962,0.0
slope1__protein_npx__P02790,0.0649240426003033,0.0
protein_npx__P00748,0.06491615955008646,0.0
lag1__peptide_count__P02790,0.06480816396026537,0.0
delta1__peptide_mean__Q562R1,0.06479092124796255,0.0
slope1__peptide_count__Q13740,0.0647380126117254,0.0
rollmean2__peptide_log__QWAGLVEK,0.06472351920848274,0.0
slope1__protein_npx__P08123,0.06470229766658198,0.0
slope1__protein_npx__P36980,0.06467098930343436,0.0
delta1__peptide_count__P02675,0.06463530698606933,0.0
delta1__peptide_count__P07602,0.06463411706991673,0.0
rollmean2__peptide_log__DSGFQM(UniMod_35)NQLR,0.06456919636475632,0.0
delta1__peptide_log__TPVSDRVTK,0.06456032644981183,0.0
lag1__peptide_mean__P02751,0.06453760386247336,0.0
slope1__peptide_log__ALGISPFHEHAEVVFTANDSGPR,0.06449932639608108,0.0
lag1__peptide_mean__P05060,0.06447970933158347,0.0
rollmean2__months_since_prev_visit,0.06446656819671331,0.0
rollmean2__peptide_std__Q6UXB8,0.06445944124389817,0.0
lag1__peptide_std__Q16270,0.0644115041345945,0.0
rollmean2__peptide_log__SGELEQEEER,0.06441071207725073,0.0
slope1__protein_npx__P01860,0.06440047974545116,0.0
rollmean2__peptide_std__P19652,0.0643693738269308,0.0
slope1__protein_npx__P06681,0.0643047258449104,0.0
lag1__peptide_std__Q92520,0.0642899965206849,0.0
missing__peptide_log__YYWGGQYTWDMAK,0.06423043834596993,0.0
missing__peptide_std__P61769,0.0642005313369573,0.0
rollmean2__peptide_mean__P05155,0.06417018494999095,0.0
delta1__peptide_std__P02790,0.06416944190977274,0.0
lag1__protein_npx__P80748,0.06413124857307552,0.0
lag1__protein_npx__P00441,0.06404106407947892,0.0
slope1__peptide_mean__Q9Y646,0.0639968673409919,0.0
rollmean2__protein_npx__Q562R1,0.06392350436410713,0.0
delta1__peptide_log__RLEGQEEEEDNRDSSMK,0.06387042165427648,0.0
lag1__peptide_mean__P09871,0.06385384127622237,0.0
lag1__peptide_log__AVLPTGDVIGDSAK,0.06381606995010526,0.0
peptide_mean__P02766,0.06378198429244793,0.0
slope1__peptide_log__TSPVDEKALQDQLVLVAAK,0.06374697323001159,0.0
slope1__peptide_std__P01019,0.06374165223997705,0.0
rollmean2__peptide_mean__Q99969,0.06371980879666465,0.0
rollmean2__protein_npx__P08571,0.06367503792137404,0.0
rollmean2__peptide_mean__P01019,0.06366087291746693,0.0
rollmean2__peptide_log__QIGSVYR,0.06363122037716758,0.0
delta1__peptide_count__O14773,0.06361430796805881,0.0
slope1__peptide_std__P02452,0.06359678444452865,0.0
delta1__protein_npx__P43652,0.06351165079229412,0.0
lag1__peptide_std__P04433,0.06346535798135514,0.0
slope1__peptide_mean__P02763,0.06346463345771301,0.0
delta1__peptide_log__DASGVTFTWTPSSGK,0.06326107384011391,0.0
delta1__peptide_mean__P02760,0.06324805836234508,0.0
slope1__peptide_std__P02747,0.06323190586168258,0.0
rollmean2__protein_npx__P31997,0.06321447358826043,0.0
rollmean2__peptide_mean__P06454,0.06319204478149586,0.0
lag1__peptide_mean__O60888,0.0631734114928242,0.0
slope1__protein_npx__P08253,0.06310882956503992,0.0
slope1__protein_npx__P06310,0.06294550532404056,0.0
delta1__peptide_mean__P04075,0.06293226996985235,0.0
lag1__peptide_mean__P10643,0.06292173337660252,0.0
lag1__peptide_std__Q96KN2,0.06291759037399787,0.0
slope1__peptide_log__FM(UniMod_35)ETVAEK,0.0628712017607324,0.0
slope1__peptide_log__VMPIC(UniMod_4)LPSKDYAEVGR,0.06281949454802149,0.0
slope1__peptide_std__P61916,0.06280881793361687,0.0
lag1__protein_npx__P08697,0.06278657583857467,0.0
rollmean2__peptide_std__P04180,0.06278178995946421,0.0
rollmean2__peptide_count__P02790,0.06273505015148612,0.0
delta1__peptide_mean__P01034,0.06272219831351818,0.0
peptide_mean__Q8IWV7,0.06268999616248543,0.0
peptide_log__ILTC(UniMod_4)M(UniMod_35)QGMEEIR,0.06268999616248543,0.0
protein_npx__Q9Y646,0.06268286121781108,0.0
rollmean2__protein_npx__P00734,0.0626643939999057,0.0
lag1__peptide_log__TVVQPSVGAAAGPVVPPC(UniMod_4)PGR,0.06263814447525157,0.0
rollmean2__protein_npx__P61916,0.06262543401419729,0.0
rollmean2__protein_npx__P18065,0.06260167111794421,0.0
lag1__peptide_mean__P01011,0.06258386440906667,0.0
delta1__peptide_count__P61769,0.06243481998955116,0.0
lag1__peptide_mean__P25311,0.06241932419750333,0.0
delta1__peptide_mean__P30086,0.06241007849945483,0.0
slope1__protein_npx__P02774,0.0623823243849815,0.0
peptide_mean__Q9UBR2,0.06233479452872001,0.0
peptide_mean__P14618,0.0623331879134997,0.0
protein_npx__P40925,0.062283992113445465,0.0
missing__peptide_std__P08493,0.06225705622569492,0.0
slope1__peptide_log__NPDPWAK,0.06223699643404963,0.0
peptide_std__P14314,0.06223327401657652,0.0
rollmean2__peptide_count__P01024,0.06223005813007423,0.0
peptide_log__GYQLSDVDGVTC(UniMod_4)EDIDEC(UniMod_4)ALPTGGHIC(UniMod_4)SYR,0.06221821898390816,0.0
lag1__peptide_count__P13987,0.06221063385113568,0.0
lag1__peptide_std__P05156,0.06218475602018265,0.0
peptide_mean__Q92520,0.062181361891326135,0.0
lag1__peptide_mean__P40925,0.06217553965972398,0.0
lag1__protein_npx__P00746,0.062146416636197625,0.0
slope1__protein_npx__P02747,0.06209257740514983,0.0
slope1__peptide_mean__P07998,0.06208645910940472,0.0
rollmean2__peptide_mean__Q6UX71,0.06208636642320737,0.0
lag1__protein_npx__P17936,0.06201783590743793,0.0
lag1__peptide_count__P01009,0.061933643541158,0.0
delta1__peptide_mean__Q99829,0.06189896936357243,0.0
rollmean2__peptide_std__P01008,0.06182509630802799,0.0
lag1__peptide_std__P02763,0.061677017953903894,0.0
lag1__peptide_count__P43652,0.06162308771414477,0.0
missing__peptide_log__LRTEGDGVYTLNNEKQWINK,0.061615131956247855,0.0
peptide_std__P16870,0.0615670413703474,0.0
slope1__peptide_log__LEGQEEEEDNRDSSMK,0.061534546246257316,0.0
lag1__peptide_mean__P80748,0.06148705413811051,0.0
rollmean2__peptide_log__YVM(UniMod_35)LPVADQDQC(UniMod_4)IR,0.061383917653495615,0.0
delta1__peptide_mean__P06454,0.06126635583523301,0.0
slope1__peptide_mean__P30086,0.06123737457237883,0.0
delta1__peptide_mean__P13987,0.06122886150483048,0.0
peptide_log__VDSGNDVTDIADDGC(UniMod_4)PKPPEIAHGYVEHSVR,0.06120535288733478,0.0
lag1__peptide_mean__Q9UKV8,0.06115426623082876,0.0
peptide_count__P08294,0.061146481245335844,0.0
rollmean2__protein_npx__P49908,0.0611354284495799,0.0
delta1__peptide_log__FM(UniMod_35)ETVAEK,0.06113499967788486,0.0
slope1__peptide_mean__P05546,0.06112683598469787,0.0
slope1__protein_npx__P01011,0.06100358823653017,0.0
lag1__peptide_std__P05452,0.06098948941341377,0.0
lag1__peptide_mean__P02774,0.06092703797382276,0.0
peptide_mean__P14174,0.06092029565763916,0.0
lag1__protein_npx__P43121,0.06091364716220527,0.0
delta1__peptide_mean__Q9UKV8,0.06085007893446172,0.0
delta1__protein_npx__P02753,0.06083299809964859,0.0
delta1__peptide_mean__P13473,0.06080786975319688,0.0
rollmean2__protein_npx__P13521,0.06079101817458235,0.0
slope1__protein_npx__P00747,0.06077061116850454,0.0
rollmean2__peptide_count__P08697,0.06076959083585814,0.0
peptide_log__SGELEQEEER,0.060745059373594375,0.0
delta1__peptide_std__P08697,0.06073024778202446,0.0
rollmean2__peptide_mean__O00584,0.06068615686654008,0.0
peptide_abundance_std,0.06067001267848197,0.0
delta1__peptide_count__P14314,0.06065378167122388,0.0
slope1__peptide_count__P01876,0.060611461825344604,0.0
slope1__protein_npx__P09104,0.06059830335566416,0.0
lag1__protein_npx__P02452,0.06058500627293379,0.0
missing__peptide_log__TDASDVKPC(UniMod_4),0.06056328713326612,0.0
delta1__peptide_log__KFPSGTFEQVSQLVK,0.060544019348767096,0.0
protein_npx__P02760,0.06047796164945004,0.0
slope1__peptide_mean__P11277,0.06046796570955312,0.0
slope1__peptide_count__P61769,0.06045976200852536,0.0
slope1__peptide_mean__P01834,0.0604218352844568,0.0
missing__peptide_log__TQVNTQAEQLRR,0.060416915961037945,0.0
rollmean2__peptide_mean__P06310,0.060414709186026525,0.0
peptide_std__P12109,0.06039946153906058,0.0
slope1__peptide_log__SLAELGGHLDQQVEEFRR,0.060386748371229766,0.0
rollmean2__peptide_std__P02763,0.060382671723518314,0.0
rollmean2__peptide_count__P06727,0.060349762061430404,0.0
delta1__peptide_count__P10643,0.060349682825434015,0.0
delta1__protein_npx__P19021,0.0602841860620113,0.0
slope1__protein_npx__P08697,0.06025372069007741,0.0
delta1__peptide_count__Q16270,0.06021599047922207,0.0
peptide_mean__P00736,0.06019902717141952,0.0
delta1__peptide_mean__P02753,0.06019148529442707,0.0
delta1__protein_npx__Q12805,0.060189523605799176,0.0
slope1__peptide_mean__Q16270,0.06018111761230619,0.0
rollmean2__peptide_log__AVGDKLPEC(UniMod_4)EADDGC(UniMod_4)PKPPEIAHGYVEHSVR,0.06016198302389146,0.0
delta1__peptide_mean__P01621,0.06015091991787419,0.0
rollmean2__peptide_log__IMNGEADAMSLDGGFVYIAGK,0.06013724801239978,0.0
slope1__peptide_mean__P01833,0.0600212486911216,0.0
slope1__peptide_log__DLATVYVDVLK,0.05999992192332347,0.0
lag1__peptide_mean__Q6UX71,0.05988850225969823,0.0
delta1__peptide_std__Q12805,0.05986906908183189,0.0
delta1__peptide_std__P01857,0.05982878449912771,0.0
missing__peptide_std__P43121,0.059806707801284074,0.0
slope1__peptide_observation_count,0.05978549280563465,0.0
lag1__peptide_std__Q12907,0.05977623146119552,0.0
rollmean2__protein_npx__P27169,0.05974315180120064,0.0
slope1__protein_npx__P07858,0.05961938669382957,0.0
peptide_mean__P17936,0.05956698700710547,0.0
slope1__protein_npx__Q562R1,0.05954679266224485,0.0
protein_npx__P04216,0.059521276609531965,0.0
rollmean2__peptide_log__SLAELGGHLDQQVEEFRR,0.05949700541582105,0.0
rollmean2__peptide_mean__Q9NQ79,0.059491698108750914,0.0
slope1__protein_npx__P04075,0.05946187005184782,0.0
slope1__peptide_mean__O15394,0.05937060160087099,0.0
lag1__protein_npx__Q12805,0.059364284243041916,0.0
peptide_mean__P04004,0.05932339282374454,0.0
lag1__peptide_log__LGPLVEQGR,0.05929060841831139,0.0
rollmean2__protein_npx__P07858,0.05916556003753694,0.0
protein_npx__P02765,0.05912793595420511,0.0
delta1__protein_npx__O15394,0.059101466363558904,0.0
peptide_log__YVMLPVADQDQC(UniMod_4)IR,0.05908968143842463,0.0
delta1__peptide_count__P01042,0.059071347641832125,0.0
lag1__peptide_std__P04180,0.05906705525230686,0.0
protein_npx__Q9UKV8,0.05902895693606552,0.0
missing__protein_npx__P14314,0.05902872569562902,0.0
missing__peptide_mean__P14314,0.05902872569562902,0.0
missing__peptide_count__P14314,0.05902872569562902,0.0
lag1__peptide_mean__P60174,0.05898789051954781,0.0
peptide_count__P01024,0.05881420500845431,0.0
delta1__peptide_mean__P08123,0.05879210984440095,0.0
delta1__protein_npx__P02747,0.0587703221850629,0.0
delta1__peptide_count__Q14118,0.05873217726807506,0.0
slope1__peptide_log__SGEATDGARPQALPEPMQESK,0.058723844676177334,0.0
peptide_count__P02649,0.05872331992815635,0.0
peptide_std__P05452,0.05868972457541379,0.0
delta1__peptide_count__P01023,0.05864499378472493,0.0
slope1__peptide_count__P18065,0.05864054983085617,0.0
slope1__peptide_std__P06727,0.05863497275201213,0.0
missing__peptide_count__P04406,0.05862905967483845,0.0
missing__protein_npx__P04406,0.05862905967483845,0.0
missing__peptide_mean__P04406,0.05862905967483845,0.0
delta1__peptide_log__TTPPVLDSDGSFFLYSR,0.05859829477537506,0.0
delta1__peptide_mean__P01861,0.05859829477537506,0.0
rollmean2__protein_npx__P07225,0.058596734007545614,0.0
slope1__peptide_std__P02751,0.058567783843222185,0.0
rollmean2__peptide_mean__P14174,0.058563479355187534,0.0
peptide_count__P02753,0.05853168614980992,0.0
rollmean2__peptide_count__Q6UXB8,0.058474268926273255,0.0
lag1__peptide_mean__P02763,0.05842557818829959,0.0
delta1__protein_npx__O75326,0.05840768111825522,0.0
peptide_std__P07225,0.05839909985618499,0.0
slope1__peptide_log__KFPSGTFEQVSQLVK,0.0583490690032376,0.0
slope1__protein_npx__Q99832,0.058341504487353806,0.0
delta1__peptide_mean__P06681,0.05826442495012256,0.0
protein_npx__Q9UHG2,0.058218047212202785,0.0
slope1__peptide_mean__P06454,0.05814614056276153,0.0
delta1__peptide_mean__P18065,0.058097796511964984,0.0
delta1__protein_npx__P08697,0.058095868023698066,0.0
peptide_mean__O75326,0.05808834837675996,0.0
delta1__peptide_count__P00747,0.0580756796365243,0.0
slope1__peptide_mean__Q96S96,0.05805555778754247,0.0
lag1__peptide_mean__P02649,0.05798482747858707,0.0
peptide_log__YVM(UniMod_35)LPVADQDQC(UniMod_4)IR,0.057963567210038605,0.0
lag1__peptide_mean__Q9Y646,0.057884296403495156,0.0
slope1__peptide_mean__Q14515,0.05788327492755243,0.0
slope1__peptide_std__P36222,0.057871722614060636,0.0
peptide_log__HGGLYHENMR,0.05785963260405887,0.0
delta1__peptide_log__LGPLVEQGRVR,0.057851528875231845,0.0
lag1__peptide_std__P13987,0.05782906142309835,0.0
peptide_std__P24592,0.05778975859124234,0.0
delta1__peptide_mean__P10645,0.05778777167864142,0.0
delta1__peptide_mean__P04211,0.0577803369079184,0.0
current_updrs_4,0.057759554432274464,0.0
peptide_count__Q12841,0.05774475165284613,0.0
rollmean2__peptide_mean__O00391,0.057738017415798495,0.0
delta1__protein_npx__P02763,0.057708011011654806,0.0
delta1__peptide_std__P54289,0.05768241147811207,0.0
peptide_log__IHWESASLLR,0.05764951276829164,0.0
slope1__peptide_log__EILSVDC(UniMod_4)STNNPSQAK,0.057641260217147404,0.0
lag1__peptide_count__P25311,0.05763375528143045,0.0
slope1__protein_npx__Q14508,0.05761901593920376,0.0
slope1__protein_npx__P02768,0.05761065845420336,0.0
peptide_mean__Q6UX71,0.05760128585010243,0.0
rollmean2__peptide_mean__P02452,0.057599274738288436,0.0
lag1__peptide_mean__P02656,0.05759375211339031,0.0
rollmean2__peptide_mean__P01023,0.05758682704391971,0.0
visit_index,0.05757484594429753,0.0
rollmean2__protein_npx__P02675,0.057559774354113025,0.0
delta1__peptide_mean__Q9UBR2,0.05755569532916592,0.0
lag1__peptide_count__P20774,0.0575152080553528,0.0
slope1__protein_npx__P12109,0.05745569497521617,0.0
peptide_count__P10645,0.057316148590988526,0.0
peptide_std__Q12841,0.057242594287567984,0.0
protein_npx__P01877,0.05721484549076228,0.0
delta1__peptide_mean__P00751,0.057192463484324316,0.0
delta1__peptide_log__GYQLSDVDGVTC(UniMod_4)EDIDEC(UniMod_4)ALPTGGHIC(UniMod_4)SYR,0.05718269448735957,0.0
delta1__peptide_count__P20774,0.057168470982300316,0.0
lag1__protein_npx__P02750,0.057161309131548904,0.0
delta1__peptide_mean__P01608,0.05712802665648983,0.0
slope1__peptide_std__P24592,0.057104243250552675,0.0
lag1__peptide_mean__P07858,0.0570189070090881,0.0
slope1__protein_npx__P00748,0.05700346888441902,0.0
rollmean2__peptide_log__YVMLPVADQDQC(UniMod_4)IR,0.0569281446224096,0.0
delta1__peptide_mean__P40925,0.05690068413895099,0.0
rollmean2__peptide_mean__P01833,0.05681988823210455,0.0
lag1__peptide_mean__Q12841,0.05679157706984271,0.0
protein_npx__P01019,0.056750019480836626,0.0
slope1__protein_npx__P02792,0.05667855486460209,0.0
slope1__protein_npx__P80748,0.05663068935628682,0.0
delta1__peptide_log__QIGSVYR,0.056595679063362145,0.0
protein_npx__P05408,0.05658587621623919,0.0
rollmean2__peptide_count__P01042,0.05656558144193421,0.0
slope1__protein_npx__Q12907,0.05653017562443754,0.0
lag1__peptide_mean__P07998,0.05650546960881987,0.0
rollmean2__protein_npx__P06396,0.056502237366153556,0.0
delta1__peptide_mean__P16870,0.05646041139149577,0.0
delta1__peptide_count__Q13740,0.05644848731646962,0.0
slope1__peptide_log__QKVEPLRAELQEGAR,0.0564345546765782,0.0
rollmean2__peptide_count__P30086,0.056411704179613935,0.0
protein_npx__P07339,0.056401347058967495,0.0
rollmean2__peptide_std__P30086,0.056359353021516345,0.0
delta1__protein_npx__P08571,0.05633137628213318,0.0
peptide_std__P05090,0.056281763501425656,0.0
delta1__peptide_abundance_std,0.05626827767179524,0.0
peptide_log__YYWGGQYTWDMAK,0.05626510366928972,0.0
lag1__peptide_log__SC(UniMod_4)DTPPPC(UniMod_4)PR,0.05625141509739847,0.0
slope1__peptide_std__P02656,0.05624254168775269,0.0
rollmean2__protein_npx__P19021,0.05620962258436611,0.0
delta1__protein_npx__Q96PD5,0.05619853789298706,0.0
delta1__protein_npx__P16870,0.0561950495361767,0.0
rollmean2__peptide_log__AYKSELEEQLTPVAEETR,0.056183918498625966,0.0
delta1__peptide_log__YVMLPVADQDQC(UniMod_4)IR,0.05618048746192136,0.0
slope1__protein_npx__P02452,0.056176417681038635,0.0
delta1__protein_npx__P01608,0.056123674051628505,0.0
delta1__peptide_std__P36222,0.05609834805934439,0.0
slope1__peptide_count__P10643,0.05609489388842292,0.0
slope1__protein_npx__P04207,0.05605589247155257,0.0
delta1__protein_npx__P02679,0.05595305202174939,0.0
lag1__peptide_log__SWFEPLVEDM(UniMod_35)QR,0.055942789982624655,0.0
slope1__peptide_count__P01034,0.055934044803375854,0.0
lag1__protein_npx__P40925,0.055900865988627244,0.0
protein_npx__P13521,0.05588032910677601,0.0
peptide_count__P02647,0.05587973899966344,0.0
rollmean2__peptide_mean__P04217,0.05585734329659211,0.0
rollmean2__peptide_mean__P13987,0.055824714569969694,0.0
delta1__peptide_log__LAVYQAGAR,0.05578357732155972,0.0
missing__peptide_std__Q12841,0.05577654589893952,0.0
peptide_log__TSPVDEKALQDQLVLVAAK,0.05573638534954647,0.0
peptide_count__P07711,0.05571629269451832,0.0
rollmean2__peptide_mean__P04180,0.05571022072953266,0.0
peptide_mean__Q99829,0.055689915839716296,0.0
slope1__peptide_log__VKDLATVYVDVLK,0.05565718884334878,0.0
delta1__peptide_log__AVGDKLPEC(UniMod_4)EADDGC(UniMod_4)PKPPEIAHGYVEHSVR,0.05563278065114439,0.0
delta1__peptide_mean__P02792,0.05563230157962707,0.0
lag1__peptide_mean__Q92876,0.05563192631598362,0.0
rollmean2__peptide_mean__Q562R1,0.05561381828921334,0.0
peptide_count__P02790,0.05557478588292447,0.0
lag1__peptide_mean__P04156,0.05556757389302517,0.0
rollmean2__protein_npx__Q99969,0.05553983143556677,0.0
delta1__protein_npx__Q9Y6R7,0.055495074695469854,0.0
delta1__peptide_std__P14314,0.055491667041347524,0.0
peptide_std__P02753,0.05548485682462093,0.0
rollmean2__protein_npx__P02792,0.055479839368247415,0.0
slope1__peptide_log__YYWGGQYTWDMAK,0.05541427164636015,0.0
delta1__peptide_log__TSPVDEKALQDQLVLVAAK,0.05539693285657996,0.0
rollmean2__peptide_mean__P14618,0.05537246099952075,0.0
slope1__peptide_abundance_std,0.05536511701294215,0.0
missing__peptide_log__KFPSGTFEQVSQLVK,0.05532190584111021,0.0
delta1__protein_npx__P00450,0.05529940392777658,0.0
slope1__peptide_count__P12109,0.05528012935659812,0.0
rollmean2__peptide_std__P02652,0.05525086289218463,0.0
lag1__peptide_mean__P05452,0.05524128886456517,0.0
slope1__peptide_mean__Q6UX71,0.05523001029104666,0.0
rollmean2__peptide_mean__P00734,0.05518765589956838,0.0
delta1__peptide_count__P04075,0.05518175952207687,0.0
missing__peptide_log__VC(UniMod_4)PFAGILENGAVR,0.05517939676657247,0.0
lag1__protein_npx__P00450,0.05517657172808184,0.0
delta1__protein_npx__P16035,0.05510042233971606,0.0
peptide_mean__P41222,0.05507700806644468,0.0
protein_npx__P13473,0.05504853837895442,0.0
protein_npx__P49908,0.055018043668750946,0.0
delta1__protein_npx__P16152,0.05500974750642869,0.0
rollmean2__protein_npx__Q13283,0.05498724114399831,0.0
slope1__peptide_mean__P06727,0.054986480923235166,0.0
rollmean2__peptide_count__P02647,0.05495607807859329,0.0
slope1__peptide_std__P01857,0.0549504252212848,0.0
rollmean2__peptide_std__P24592,0.054922780268219264,0.0
rollmean2__protein_npx__P20774,0.054863852672620915,0.0
peptide_mean__Q02818,0.054835247541748934,0.0
slope1__peptide_log__TPLGDTTHTC(UniMod_4)PR,0.05477464362438545,0.0
rollmean2__peptide_log__TQVNTQAEQLRR,0.05476950633257323,0.0
slope1__peptide_std__P04217,0.054760957647555335,0.0
rollmean2__peptide_std__P05155,0.054751488711438465,0.0
rollmean2__peptide_mean__Q8N2S1,0.05474084582579396,0.0
slope1__peptide_mean__P04075,0.05471149991827816,0.0
rollmean2__peptide_std__Q14515,0.05470194391749707,0.0
missing__peptide_log__VQAAVGTSAAPVPSDNH,0.05457719924203293,0.0
delta1__protein_npx__P02649,0.05456506981929989,0.0
missing__peptide_count__O15394,0.054543088885718835,0.0
missing__peptide_mean__O15394,0.054543088885718835,0.0
missing__protein_npx__O15394,0.054543088885718835,0.0
rollmean2__peptide_count__P16070,0.0545402840781781,0.0
delta1__peptide_mean__Q13449,0.05452917508319417,0.0
lag1__peptide_log__AATVGSLAGQPLQER,0.054504980994104536,0.0
lag1__peptide_mean__P04275,0.05450286368945373,0.0
rollmean2__peptide_mean__Q9HDC9,0.05448319715586201,0.0
rollmean2__peptide_log__VLLDQLR,0.05448319715586201,0.0
lag1__peptide_mean__P08123,0.054447828813721406,0.0
delta1__protein_npx__Q12907,0.05444562746803351,0.0
lag1__peptide_mean__Q7Z3B1,0.054434093425811444,0.0
rollmean2__peptide_mean__P07339,0.05443323730869364,0.0
delta1__peptide_std__P10645,0.05435217530797926,0.0
slope1__peptide_mean__Q8IWV7,0.05426778100005888,0.0
slope1__peptide_log__ILTC(UniMod_4)M(UniMod_35)QGMEEIR,0.05426778100005888,0.0
delta1__peptide_std__O75144,0.054206925738777105,0.0
delta1__peptide_std__P00450,0.05417165159357642,0.0
delta1__peptide_std__P98160,0.05406934171863351,0.0
peptide_log__TTPPVLDSDGSFFLYSK,0.05400370483795346,0.0
protein_npx__P27169,0.05399993655531126,0.0
slope1__peptide_log__IHWESASLLR,0.053988712327883694,0.0
protein_npx__P35542,0.053987495626087234,0.0
rollmean2__peptide_mean__P02765,0.05391540768794525,0.0
slope1__peptide_log__YVMLPVADQDQC(UniMod_4)IR,0.053906222927323645,0.0
rollmean2__peptide_count__P02768,0.05389467535976364,0.0
slope1__peptide_log__NPDSSTTGPWC(UniMod_4)YTTDPTVR,0.053883481694385255,0.0
delta1__protein_npx__Q9UBR2,0.053834722333428175,0.0
peptide_mean__P06454,0.053801554021891566,0.0
lag1__peptide_mean__P01608,0.05375115679418993,0.0
rollmean2__protein_npx__P04075,0.05374028559765259,0.0
missing__peptide_std__P02748,0.05366536103442027,0.0
peptide_mean__P01834,0.05364606605473268,0.0
delta1__protein_npx__Q99969,0.05364569604869088,0.0
peptide_count__P05546,0.053627150219424824,0.0
slope1__peptide_mean__P61916,0.05360891765924181,0.0
rollmean2__peptide_std__Q92876,0.053601908861614304,0.0
lag1__peptide_std__P12109,0.05356644156842177,0.0
lag1__protein_npx__P41222,0.053555053704695925,0.0
lag1__protein_npx__P05408,0.05353080501657909,0.0
rollmean2__peptide_std__P54289,0.053491938179319944,0.0
delta1__peptide_log__LSKELQAAQAR,0.05347417298233633,0.0
rollmean2__peptide_std__P02452,0.053421125200036085,0.0
rollmean2__peptide_std__O15394,0.05334027092907285,0.0
rollmean2__peptide_log__LSSWVLLM(UniMod_35)K,0.05330352730220398,0.0
delta1__peptide_count__P06396,0.053276121050944834,0.0
delta1__protein_npx__Q14508,0.053268088716702355,0.0
rollmean2__peptide_mean__P08697,0.053260388783379915,0.0
lag1__protein_npx__Q99832,0.05324969651985206,0.0
rollmean2__peptide_mean__P40925,0.05322329403953547,0.0
lag1__peptide_count__P16070,0.05320903224944057,0.0
lag1__peptide_log__TKEEYGHSEVVEYYC(UniMod_4)NPR,0.053204663050292644,0.0
delta1__protein_npx__P01034,0.05318859180227538,0.0
delta1__protein_npx__P00736,0.05318713233343208,0.0
slope1__peptide_std__P04075,0.0531616012217062,0.0
slope1__peptide_std__P01011,0.053136720995381505,0.0
slope1__peptide_log__YIVSGTPTFVPYLIK,0.053106553330675016,0.0
rollmean2__peptide_std__P02647,0.053055069508986974,0.0
slope1__peptide_mean__P05408,0.0530221408091661,0.0
lag1__peptide_std__Q9Y6R7,0.052907364892219574,0.0
rollmean2__protein_npx__Q8IWV7,0.05290406808276451,0.0
rollmean2__peptide_std__P10643,0.05283020874264477,0.0
peptide_log__SNSSM(UniMod_35)HITDC(UniMod_4)R,0.05280033010383857,0.0
rollmean2__peptide_mean__Q9UNU6,0.05279743709389868,0.0
delta1__peptide_count__P39060,0.0527899721318006,0.0
lag1__protein_npx__P61769,0.05278891851426085,0.0
lag1__peptide_mean__P01857,0.05273108649018298,0.0
rollmean2__peptide_std__P02766,0.05272796041572473,0.0
lag1__peptide_std__Q9NQ79,0.05272202423674264,0.0
delta1__peptide_count__P16070,0.05271196670680893,0.0
lag1__peptide_mean__Q7Z5P9,0.05266250857022271,0.0
protein_npx__P08603,0.05265445657510501,0.0
rollmean2__peptide_mean__P04004,0.0526473435124144,0.0
delta1__peptide_std__P02768,0.05261178746392586,0.0
protein_npx__P01008,0.052592074573981226,0.0
peptide_std__P10909,0.05258454626894822,0.0
lag1__peptide_mean__P41222,0.052554526823468124,0.0
slope1__peptide_mean__Q14624,0.05254573380400151,0.0
delta1__protein_npx__P24592,0.05253516222747829,0.0
peptide_log__VYC(UniMod_4)DMNTENGGWTVIQNR,0.05252270687894606,0.0
delta1__protein_npx__P02656,0.05250665447944844,0.0
missing__peptide_std__Q13740,0.05248346926634893,0.0
slope1__protein_npx__P60174,0.052472936299038556,0.0
rollmean2__peptide_mean__Q9UBX5,0.05247109422016297,0.0
delta1__protein_npx__P01717,0.05245532935107147,0.0
missing__peptide_log__YIVSGTPTFVPYLIK,0.052447907672837336,0.0
protein_npx__Q99829,0.05242635357661386,0.0
delta1__protein_npx__P51884,0.05241912469040223,0.0
missing__peptide_mean__Q02818,0.052371428087586776,0.0
missing__peptide_count__Q02818,0.052371428087586776,0.0
missing__protein_npx__Q02818,0.052371428087586776,0.0
slope1__peptide_count__P14618,0.05236712378393064,0.0
lag1__peptide_count__P01019,0.05234673855737148,0.0
peptide_mean__P31997,0.05233105422011377,0.0
rollmean2__peptide_count__P02753,0.05231992976978444,0.0
protein_npx__P02656,0.05225888869391861,0.0
missing__protein_npx__P01594,0.05221693247718335,0.0
missing__peptide_mean__P01594,0.05221693247718335,0.0
missing__peptide_count__P01594,0.05221693247718335,0.0
slope1__peptide_count__P08697,0.0522105898124864,0.0
rollmean2__peptide_count__P02748,0.05216990928179212,0.0
peptide_log__AYKSELEEQLTPVAEETR,0.05215895490268373,0.0
lag1__peptide_count__P98160,0.05212134970748731,0.0
delta1__peptide_mean__P00450,0.051957077176237626,0.0
protein_npx__O94919,0.05195420880901477,0.0
lag1__peptide_std__O14773,0.05195249472126829,0.0
protein_npx__P14174,0.05194176327438498,0.0
lag1__peptide_count__P00748,0.05193899649474429,0.0
peptide_mean__P13987,0.05191444788859701,0.0
missing__peptide_log__LVGGPM(UniMod_35)DASVEEEGVRR,0.05191369938593782,0.0
rollmean2__peptide_mean__P10643,0.05177826438758874,0.0
delta1__peptide_log__TEGDGVYTLNNEK,0.051729692095266476,0.0
delta1__peptide_mean__P02649,0.05170173437956342,0.0
slope1__protein_npx__P06396,0.051671856276842676,0.0
delta1__peptide_mean__P06310,0.0516491025018388,0.0
rollmean2__peptide_log__EDSLEAGLPLQVR,0.05164185124835065,0.0
rollmean2__protein_npx__Q14515,0.051609972900607634,0.0
slope1__peptide_std__Q13740,0.05157481903202763,0.0
delta1__protein_npx__P08133,0.05156465704201935,0.0
peptide_mean__P25311,0.0515608846616628,0.0
lag1__protein_npx__P04211,0.05155089441128219,0.0
rollmean2__peptide_std__P55290,0.051544744075720315,0.0
rollmean2__protein_npx__P98160,0.05153965947503984,0.0
lag1__protein_npx__P00747,0.05151983505265148,0.0
peptide_mean__P01860,0.05150774517970829,0.0
slope1__peptide_count__P02748,0.05149854045450594,0.0
rollmean2__peptide_std__P13591,0.05148271257585652,0.0
lag1__peptide_log__GEVQAMLGQSTEELRVR,0.05144250350359139,0.0
rollmean2__protein_npx__Q15904,0.05133982888996715,0.0
slope1__peptide_std__P08603,0.05129595763743711,0.0
delta1__protein_npx__P07339,0.0512860747522031,0.0
lag1__peptide_std__P01834,0.0512837101627765,0.0
slope1__peptide_mean__P07711,0.05120226226980239,0.0
slope1__peptide_std__P14618,0.051155452660735304,0.0
missing__peptide_std__Q12907,0.05114673297077201,0.0
protein_npx__P49588,0.051130868653464626,0.0
peptide_mean__P18065,0.05112505164625342,0.0
missing__peptide_log__SGEATDGARPQALPEPMQESK,0.05108285185810848,0.0
peptide_std__P30086,0.05107279742804128,0.0
slope1__peptide_abundance_sum,0.05104964906493879,0.0
slope1__peptide_log__GEVQAMLGQSTEELR,0.05100021059973723,0.0
delta1__peptide_count__P08603,0.050990323899710775,0.0
missing__peptide_log__SC(UniMod_4)SPELQQK,0.050917352418027084,0.0
missing__peptide_count__P16152,0.050917352418027084,0.0
missing__peptide_mean__P16152,0.050917352418027084,0.0
missing__protein_npx__P16152,0.050917352418027084,0.0
rollmean2__peptide_std__P01857,0.05088590028657537,0.0
peptide_mean__O00584,0.05087630595819369,0.0
slope1__peptide_count__Q9Y6R7,0.05081562433620589,0.0
delta1__protein_npx__P08603,0.050775450163104266,0.0
slope1__protein_npx__P01023,0.050727123639764664,0.0
lag1__peptide_std__P02753,0.0507224090267952,0.0
slope1__protein_npx__Q99674,0.05072203356697561,0.0
delta1__peptide_std__Q13740,0.050694927461084525,0.0
rollmean2__peptide_std__P02749,0.05066629916648289,0.0
delta1__protein_npx__P00748,0.05062973098174363,0.0
peptide_std__P02675,0.050585541454752386,0.0
missing__peptide_std__P02656,0.05054721057041057,0.0
protein_npx__P98160,0.05054372633166142,0.0
lag1__peptide_count__P27169,0.05053040853190867,0.0
lag1__peptide_mean__P02748,0.0505139177927229,0.0
lag1__peptide_mean__P02765,0.05051186804591614,0.0
slope1__peptide_mean__P49588,0.05043104129357216,0.0
delta1__protein_npx__P02766,0.050419563522095735,0.0
delta1__peptide_log__ATVNPSAPR,0.050412868656720386,0.0
delta1__protein_npx__Q96BZ4,0.05039290466009614,0.0
delta1__protein_npx__P08493,0.05038647432898023,0.0
slope1__peptide_count__P01877,0.050356896115043875,0.0
missing__peptide_std__P00746,0.05034652522244392,0.0
rollmean2__peptide_mean__P00748,0.05033218891959725,0.0
lag1__peptide_log__YIVSGTPTFVPYLIK,0.05031780375072011,0.0
slope1__peptide_mean__P00450,0.05027813296080386,0.0
slope1__peptide_mean__P80748,0.050268930240860744,0.0
slope1__protein_npx__P55290,0.05026390974698254,0.0
lag1__peptide_count__P09871,0.05024323304811975,0.0
delta1__protein_npx__P13987,0.050223434215710856,0.0
delta1__peptide_log__VYC(UniMod_4)DMNTENGGWTVIQNR,0.050222616700290414,0.0
slope1__peptide_mean__Q13740,0.05017036483282778,0.0
rollmean2__peptide_mean__P06681,0.050153331182810235,0.0
missing__protein_npx__Q13449,0.05008914700229212,0.0
missing__peptide_mean__Q13449,0.05008914700229212,0.0
missing__peptide_count__Q13449,0.05008914700229212,0.0
delta1__protein_feature_count,0.05004263404036798,0.0
delta1__protein_missing_fraction,0.050042634040367885,0.0
peptide_count__P04004,0.05002718999341362,0.0
lag1__peptide_mean__P61626,0.04999938947573245,0.0
delta1__peptide_count__Q96KN2,0.04997878837542147,0.0
delta1__peptide_mean__Q92823,0.04990526475177353,0.0
delta1__peptide_mean__P39060,0.0498818452085157,0.0
lag1__peptide_count__P07225,0.049873091783230857,0.0
lag1__peptide_std__P02656,0.0498546710612429,0.0
lag1__peptide_std__P00747,0.049794454513457556,0.0
delta1__peptide_std__P24592,0.0497599192542234,0.0
missing__protein_npx__P14618,0.04968589595909756,0.0
missing__peptide_mean__P14618,0.04968589595909756,0.0
missing__peptide_count__P14618,0.04968589595909756,0.0
lag1__peptide_std__P04196,0.049673966478657745,0.0
rollmean2__protein_npx__Q9UBR2,0.04966392499475667,0.0
peptide_std__O15394,0.04966153079232698,0.0
lag1__peptide_count__P01860,0.04964984743362336,0.0
lag1__peptide_mean__Q13451,0.04964669842519007,0.0
lag1__peptide_mean__Q99435,0.049621227956153945,0.0
slope1__peptide_count__P00441,0.04961961231263209,0.0
peptide_log__LVGGPM(UniMod_35)DASVEEEGVRR,0.049619311282743384,0.0
slope1__peptide_std__P01876,0.049604372648431115,0.0
lag1__protein_npx__Q9Y646,0.04948643540882106,0.0
slope1__peptide_log__QQETAAAETETR,0.049480110951161345,0.0
peptide_mean__P01042,0.049479837333293156,0.0
rollmean2__peptide_mean__P19021,0.04947777120303746,0.0
lag1__protein_npx__Q12907,0.049476059844196216,0.0
peptide_mean__P16152,0.04947023233839922,0.0
peptide_log__SC(UniMod_4)SPELQQK,0.04947023233839922,0.0
peptide_mean__P27169,0.049433724782522566,0.0
slope1__peptide_mean__P51884,0.04943077640275711,0.0
delta1__peptide_std__P20774,0.04942316627167381,0.0
delta1__peptide_count__Q08380,0.049375613974536,0.0
rollmean2__peptide_log__SSQGGSLPSEEK,0.049367355433237475,0.0
protein_npx__P04433,0.04934966630824904,0.0
lag1__protein_npx__O15394,0.04933097414802077,0.0
delta1__peptide_log__C(UniMod_4)SYTEDAQC(UniMod_4)IDGTIEVPK,0.049320447356493755,0.0
lag1__peptide_mean__Q9UBR2,0.049301459369016566,0.0
protein_npx__P07711,0.0492928163332546,0.0
peptide_std__P07711,0.04927746949953011,0.0
lag1__peptide_count__P02747,0.04923590680651556,0.0
lag1__peptide_std__P16035,0.04922640185111939,0.0
slope1__peptide_std__Q16270,0.04922615499266502,0.0
slope1__peptide_mean__Q9UBX5,0.04922176170356084,0.0
slope1__protein_npx__P43251,0.049197615247239715,0.0
slope1__peptide_count__P13591,0.04918923560393446,0.0
lag1__protein_npx__P02765,0.0490913340873494,0.0
delta1__peptide_std__Q96PD5,0.04905627424292636,0.0
lag1__peptide_count__P14314,0.049047468408248626,0.0
peptide_mean__P07602,0.048981349330986704,0.0
slope1__peptide_mean__P01860,0.04897474427660077,0.0
delta1__protein_npx__P04406,0.048962932138088514,0.0
slope1__protein_feature_count,0.04894236122586859,0.0
slope1__protein_missing_fraction,0.048942361225868564,0.0
slope1__peptide_std__P04180,0.04889837547851735,0.0
slope1__peptide_mean__P19021,0.04889810747338003,0.0
peptide_mean__P16035,0.04888910949529751,0.0
rollmean2__peptide_mean__O00533,0.04881009469478673,0.0
missing__peptide_std__Q9Y6R7,0.048790364413411745,0.0
lag1__peptide_log__AVGDKLPEC(UniMod_4)EADDGC(UniMod_4)PKPPEIAHGYVEHSVR,0.04874782882925891,0.0
missing__peptide_std__Q9NQ79,0.04874075763845623,0.0
delta1__peptide_std__P00738,0.04870401361957693,0.0
delta1__peptide_mean__P20933,0.04869441204814392,0.0
lag1__peptide_mean__P24592,0.048663565579628025,0.0
peptide_mean__Q15904,0.048659529943197756,0.0
delta1__peptide_mean__P02675,0.04856124996633808,0.0
lag1__peptide_std__P01860,0.04855558299232535,0.0
slope1__peptide_mean__P49908,0.0485461069123877,0.0
rollmean2__protein_npx__P61278,0.0484993988517051,0.0
slope1__peptide_count__P07998,0.04845333157635233,0.0
peptide_std__P07339,0.04843763904490653,0.0
rollmean2__peptide_mean__P01033,0.04842038105819019,0.0
delta1__protein_npx__P20933,0.048414401609366,0.0
delta1__peptide_log__KVEQAVETEPEPELR,0.048401526270373446,0.0
slope1__peptide_mean__P05155,0.04839652185984407,0.0
lag1__protein_npx__P36980,0.04831811913844099,0.0
rollmean2__peptide_mean__P11142,0.048202343170564495,0.0
protein_npx__O14791,0.04807954047865227,0.0
peptide_mean__P49588,0.04806711197228411,0.0
protein_npx__P19652,0.048049401877604814,0.0
rollmean2__peptide_log__DSGEGDFLAEGGGVR,0.04804587261601362,0.0
lag1__peptide_mean__P07602,0.04804494164456944,0.0
rollmean2__protein_npx__P08697,0.048024384135680824,0.0
peptide_mean__P07711,0.04801684937344427,0.0
missing__protein_npx__P00746,0.04800977119809065,0.0
missing__peptide_count__P00746,0.04800977119809065,0.0
missing__peptide_mean__P00746,0.04800977119809065,0.0
rollmean2__peptide_count__P16870,0.04795065860063099,0.0
lag1__peptide_mean__Q6UXB8,0.047927405699703426,0.0
delta1__peptide_mean__P00747,0.047926061942213764,0.0
lag1__peptide_count__P61769,0.04791017733318483,0.0
rollmean2__peptide_count__Q14624,0.047896723968340243,0.0
delta1__peptide_count__P02750,0.047809164369590526,0.0
rollmean2__peptide_mean__P16070,0.04777030933916718,0.0
lag1__protein_npx__P04216,0.04774661003438954,0.0
delta1__protein_npx__P40925,0.04765095118663259,0.0
delta1__peptide_std__P02675,0.04762810748457773,0.0
delta1__peptide_mean__P10909,0.04761427901266396,0.0
rollmean2__peptide_mean__P00738,0.047594706959982185,0.0
delta1__protein_npx__Q9Y646,0.04758722006737077,0.0
slope1__peptide_log__SC(UniMod_4)SPELQQK,0.047571914870915714,0.0
slope1__peptide_mean__P16152,0.047571914870915714,0.0
peptide_count__P00736,0.047516233606252026,0.0
rollmean2__protein_npx__P14174,0.04749988106318214,0.0
rollmean2__protein_npx__Q99674,0.04747681918269612,0.0
slope1__peptide_mean__P04180,0.04744299624504126,0.0
lag1__protein_npx__P02675,0.047341072932960165,0.0
lag1__protein_npx__P01717,0.047323421285977676,0.0
slope1__protein_npx__Q8IWV7,0.04731969502200258,0.0
lag1__protein_npx__Q92520,0.04731293404659285,0.0
rollmean2__peptide_mean__P02748,0.04728804973503768,0.0
delta1__peptide_std__P02749,0.04728169073780245,0.0
peptide_std__P14618,0.047216273281629265,0.0
slope1__peptide_log__AVGDKLPEC(UniMod_4)EADDGC(UniMod_4)PKPPEIAHGYVEHSVR,0.04719964670716525,0.0
lag1__protein_npx__P01011,0.047194353312566044,0.0
protein_npx__P20774,0.04717950187771764,0.0
delta1__peptide_mean__Q99683,0.047151105640909595,0.0
delta1__protein_npx__Q06481,0.0471456550160566,0.0
delta1__peptide_std__Q06481,0.04713468755628463,0.0
slope1__protein_npx__P01621,0.04710313378187826,0.0
slope1__peptide_std__P23142,0.047086540141524295,0.0
peptide_std__P01859,0.04700299818857739,0.0
peptide_log__LGADMEDVC(UniMod_4)GR,0.046979019703277385,0.0
peptide_count__P43121,0.04688887797878484,0.0
peptide_log__FNKPFVFLM(UniMod_35)IEQNTK,0.046868377675651246,0.0
delta1__peptide_mean__Q9NYU2,0.046862273565433744,0.0
lag1__peptide_count__Q12841,0.04685235282486283,0.0
delta1__protein_npx__P98160,0.0468336361683701,0.0
missing__protein_npx__Q13283,0.04681734760059156,0.0
missing__peptide_count__Q13283,0.04681734760059156,0.0
missing__peptide_mean__Q13283,0.04681734760059156,0.0
rollmean2__protein_npx__Q92876,0.04679246212241107,0.0
delta1__peptide_std__P27169,0.04677728328427768,0.0
lag1__protein_npx__P05155,0.04673264402920322,0.0
missing__peptide_count__Q8NE71,0.046717932656166666,0.0
missing__peptide_mean__Q8NE71,0.046717932656166666,0.0
missing__protein_npx__Q8NE71,0.046717932656166666,0.0
slope1__protein_npx__P23142,0.046712191482393965,0.0
lag1__peptide_mean__O00391,0.046697453089325415,0.0
delta1__protein_npx__Q8N2S1,0.046677742856683156,0.0
delta1__peptide_std__P17174,0.04665832566440238,0.0
delta1__protein_npx__P11277,0.04664701389369591,0.0
delta1__protein_npx__P04216,0.046606093427391596,0.0
lag1__peptide_std__P08697,0.046597102703645164,0.0
delta1__peptide_mean__Q6UXD5,0.046576228502248275,0.0
missing__peptide_log__C(UniMod_4)VDVDEC(UniMod_4)APPAEPC(UniMod_4)GK,0.046539407613230575,0.0
delta1__protein_npx__P49908,0.046539338136398364,0.0
delta1__protein_npx__Q99683,0.04652751982458609,0.0
lag1__protein_npx__P01033,0.0465048555475163,0.0
peptide_log__C(UniMod_4)DSSPDSAEDVRK,0.046492760593843024,0.0
rollmean2__peptide_count__O15394,0.04644391858865617,0.0
peptide_log__DASGVTFTWTPSSGK,0.04635948111018129,0.0
delta1__peptide_std__P04217,0.04631530389576562,0.0
lag1__protein_npx__P02760,0.046301204420840576,0.0
delta1__protein_npx__P25311,0.04627341841866218,0.0
delta1__peptide_count__Q92520,0.046227101842676054,0.0
peptide_mean__Q96KN2,0.046203502361924574,0.0
lag1__protein_npx__Q9BY67,0.046134032105493196,0.0
rollmean2__protein_npx__P07195,0.046120553359695095,0.0
lag1__peptide_std__P17174,0.046108396696322676,0.0
rollmean2__peptide_count__Q16270,0.04606186053867981,0.0
lag1__peptide_std__P04004,0.04603636559452608,0.0
lag1__protein_npx__Q13449,0.046030805658065437,0.0
peptide_mean__P08253,0.04601022381035561,0.0
protein_npx__P30086,0.046002230480576306,0.0
slope1__peptide_abundance_max,0.04589913569426288,0.0
delta1__peptide_mean__P01876,0.04588996906344192,0.0
rollmean2__protein_npx__P55290,0.045870801951747656,0.0
delta1__peptide_count__P05090,0.04586485098385435,0.0
slope1__protein_npx__P05546,0.04584519989819127,0.0
delta1__peptide_mean__P31997,0.04582838883691822,0.0
protein_npx__Q99674,0.04578119777192875,0.0
rollmean2__peptide_log__VDNALQSGNSQESVTEQDSKDSTYSLSSTLTLSK,0.045719915848379186,0.0
rollmean2__peptide_mean__P49588,0.04571760813733962,0.0
delta1__peptide_log__NPDSSTTGPWC(UniMod_4)YTTDPTVR,0.04568179345380521,0.0
delta1__peptide_log__GEVQAMLGQSTEELRVR,0.04562811352185844,0.0
delta1__protein_npx__Q6UXB8,0.04560580238376677,0.0
lag1__peptide_log__QKVEPLRAELQEGAR,0.04560302570117985,0.0
delta1__peptide_std__P02679,0.045521101909618715,0.0
slope1__protein_npx__Q16270,0.045514344338622705,0.0
slope1__peptide_log__MYYSAVDPTKDIFTGLIGPM(UniMod_35)K,0.04549412539152402,0.0
delta1__peptide_std__P16070,0.0454901420878793,0.0
lag1__protein_npx__Q92876,0.04544101442340839,0.0
missing__peptide_std__P20774,0.045430837180766,0.0
slope1__peptide_mean__P13611,0.045386878003747286,0.0
rollmean2__protein_missing_fraction,0.04536898760322209,0.0
rollmean2__protein_feature_count,0.04536898760322149,0.0
slope1__peptide_mean__P00751,0.04535984010559428,0.0
slope1__protein_npx__P16152,0.04533345324560084,0.0
delta1__peptide_log__YYWGGQYTWDMAK,0.04532246898184561,0.0
delta1__peptide_count__O75144,0.04528092456478806,0.0
lag1__protein_npx__P24592,0.04524842673237241,0.0
rollmean2__peptide_log__TLLSNLEEAKK,0.04524555572711461,0.0
peptide_std__P18065,0.045241959848061675,0.0
lag1__peptide_std__P02751,0.045215810832231716,0.0
lag1__protein_npx__P04196,0.045175927675615665,0.0
rollmean2__peptide_std__P05060,0.04517272516582341,0.0
delta1__peptide_log__AKLEEQAQQIR,0.04510624822684221,0.0
lag1__peptide_log__KAADDTWEPFASGK,0.04508305963665179,0.0
delta1__peptide_log__QWAGLVEK,0.04507352568306187,0.0
rollmean2__peptide_mean__P25311,0.04507262057640839,0.0
rollmean2__peptide_mean__Q96BZ4,0.04506552925207696,0.0
rollmean2__protein_npx__P14618,0.04505674021850448,0.0
delta1__protein_npx__Q9UBX5,0.04505419658242929,0.0
delta1__peptide_mean__P16152,0.045049291684669944,0.0
delta1__peptide_log__SC(UniMod_4)SPELQQK,0.045049291684669944,0.0
slope1__protein_npx__P01859,0.04504318565104926,0.0
rollmean2__peptide_count__P16035,0.045013907315780234,0.0
delta1__protein_npx__Q13449,0.0450120163128701,0.0
peptide_mean__P05156,0.044985979820609666,0.0
peptide_log__LPPTSAHGNVAEGETKPDPDVTER,0.044984592706278886,0.0
missing__peptide_log__VTSIQDWVQK,0.044976279650936105,0.0
slope1__protein_npx__Q06481,0.044974192179631806,0.0
peptide_log__AKLEEQAQQIR,0.0449570851511804,0.0
rollmean2__peptide_mean__O15394,0.044883692458793124,0.0
slope1__peptide_log__SC(UniMod_4)DTPPPC(UniMod_4)PR,0.044864070789734506,0.0
slope1__protein_npx__P01877,0.044854576144684494,0.0
slope1__peptide_log__C(UniMod_4)VDVDEC(UniMod_4)APPAEPC(UniMod_4)GK,0.044843783573056475,0.0
lag1__protein_npx__P61278,0.0448209085511251,0.0
delta1__peptide_std__P43121,0.04479863319072734,0.0
peptide_count__P02748,0.044788502871202805,0.0
delta1__peptide_count__P04004,0.04476360660427005,0.0
rollmean2__peptide_log__C(UniMod_4)TSTGWIPAPR,0.04474047148182543,0.0
peptide_mean__P61626,0.04473933637190136,0.0
lag1__peptide_mean__Q92520,0.04471633906854442,0.0
rollmean2__peptide_log__VQAAVGTSAAPVPSDNH,0.04470458600099457,0.0
delta1__peptide_mean__P01857,0.04469094964631868,0.0
delta1__peptide_mean__P01834,0.044687831446066605,0.0
slope1__peptide_log__VDNALQSGNSQESVTEQDSKDSTYSLSSTLTLSK,0.04468359480522071,0.0
slope1__peptide_mean__P07225,0.04467175016134642,0.0
slope1__peptide_std__P08294,0.04458887022885987,0.0
delta1__protein_npx__O60888,0.044566011072353306,0.0
slope1__peptide_mean__P00734,0.044544060928016035,0.0
lag1__protein_npx__O94919,0.04450234057445247,0.0
lag1__peptide_mean__P01023,0.04438308461672276,0.0
delta1__protein_npx__P07711,0.044369663445753806,0.0
peptide_mean__Q99674,0.04435617031206608,0.0
rollmean2__protein_npx__P04433,0.04433553821071683,0.0
delta1__peptide_count__P98160,0.04431893414964399,0.0
slope1__peptide_mean__Q13449,0.044312194487309706,0.0
delta1__peptide_mean__P08133,0.044311981771918724,0.0
missing__peptide_count__Q9UBX5,0.044228119015562006,0.0
missing__peptide_mean__Q9UBX5,0.044228119015562006,0.0
missing__protein_npx__Q9UBX5,0.044228119015562006,0.0
protein_npx__P14618,0.04421853041528282,0.0
delta1__peptide_count__P27169,0.04421476785317741,0.0
slope1__peptide_log__AKLEEQAQQIR,0.044207762073776344,0.0
slope1__peptide_mean__P20774,0.044197562308632796,0.0
lag1__peptide_std__P02647,0.0441975195129722,0.0
delta1__peptide_count__P05452,0.04419549719870838,0.0
delta1__peptide_mean__Q99435,0.044181363102745314,0.0
slope1__peptide_mean__P02751,0.04418073734282304,0.0
peptide_mean__Q08380,0.044146220547517316,0.0
lag1__peptide_mean__P04406,0.04410974711132401,0.0
delta1__protein_npx__P02655,0.04410065961422802,0.0
delta1__protein_npx__Q02818,0.04410042073544149,0.0
lag1__protein_npx__Q02818,0.04409564297082913,0.0
slope1__peptide_mean__P41222,0.04407628492344581,0.0
delta1__peptide_mean__Q14624,0.044057605334354794,0.0
slope1__peptide_count__P00751,0.04405454979236982,0.0
slope1__peptide_log__ATVNPSAPR,0.04402328550676095,0.0
delta1__peptide_count__Q14515,0.044016168507290315,0.0
lag1__peptide_std__P41222,0.044010204119076274,0.0
peptide_log__FM(UniMod_35)ETVAEK,0.044001102809788334,0.0
rollmean2__peptide_mean__P41222,0.04397562268322529,0.0
slope1__peptide_mean__P05452,0.043957980967969296,0.0
lag1__peptide_log__FM(UniMod_35)ETVAEK,0.04387700630406797,0.0
slope1__peptide_count__P04004,0.04387417718852771,0.0
delta1__protein_npx__O00533,0.04386376085924511,0.0
lag1__peptide_std__P30086,0.043860436349077915,0.0
protein_npx__P04207,0.04380569674278807,0.0
peptide_mean__P61769,0.043785333285322664,0.0
peptide_std__P08697,0.04370950248578069,0.0
delta1__peptide_std__P07998,0.04368963178507417,0.0
delta1__peptide_feature_count,0.043662794550004734,0.0
delta1__peptide_missing_fraction,0.043662794550004665,0.0
rollmean2__peptide_mean__P08571,0.0436378375323115,0.0
slope1__peptide_log__FLATTPNSLLVSWQPPR,0.04361580674419513,0.0
missing__peptide_mean__P49908,0.04361142236540365,0.0
missing__peptide_count__P49908,0.04361142236540365,0.0
missing__protein_npx__P49908,0.04361142236540365,0.0
slope1__peptide_count__P01042,0.04360400882307951,0.0
rollmean2__peptide_count__P08493,0.04353683969375276,0.0
peptide_mean__Q562R1,0.04347143192208633,0.0
slope1__peptide_count__O14773,0.04346185235378596,0.0
rollmean2__protein_npx__P43251,0.04344675584748365,0.0
slope1__peptide_log__AATVGSLAGQPLQER,0.04342892551909929,0.0
peptide_count__Q13740,0.04341432563193765,0.0
rollmean2__protein_npx__P13591,0.0434058615052696,0.0
lag1__peptide_mean__P08603,0.04338837647885011,0.0
lag1__peptide_mean__Q13332,0.04337602751262956,0.0
delta1__protein_npx__P07333,0.043345526555609776,0.0
peptide_mean__P02747,0.0433370850416136,0.0
slope1__peptide_count__P23142,0.04331946304334276,0.0
slope1__peptide_mean__P19652,0.04329019676433837,0.0
delta1__peptide_mean__P04275,0.0432475292588207,0.0
missing__peptide_count__P00736,0.04322844101459424,0.0
missing__protein_npx__P00736,0.04322844101459424,0.0
missing__peptide_mean__P00736,0.04322844101459424,0.0
peptide_mean__P08637,0.043226140833938,0.0
peptide_log__LRTEGDGVYTLNNEK,0.043183725281983866,0.0
lag1__peptide_count__P05156,0.04310616389498678,0.0
lag1__peptide_log__GYQLSDVDGVTC(UniMod_4)EDIDEC(UniMod_4)ALPTGGHIC(UniMod_4)SYR,0.043098859009546124,0.0
peptide_log__VQPYLDDFQKK,0.04308998779422514,0.0
missing__peptide_mean__Q14118,0.04308872654707841,0.0
missing__protein_npx__Q14118,0.04308872654707841,0.0
missing__peptide_count__Q14118,0.04308872654707841,0.0
peptide_mean__P19823,0.04305218009421143,0.0
lag1__protein_npx__O00391,0.04303083406186466,0.0
delta1__peptide_mean__P49588,0.043017844663400855,0.0
missing__peptide_log__MTVTDQVNC(UniMod_4)PK,0.04300773076920025,0.0
lag1__peptide_std__P08603,0.04299765029639056,0.0
peptide_mean__P01023,0.042995574027018355,0.0
rollmean2__protein_npx__P05156,0.04298144254856872,0.0
protein_npx__Q12805,0.042947454001591376,0.0
rollmean2__peptide_mean__Q99674,0.04294643478855209,0.0
slope1__protein_npx__Q9NQ79,0.04293504266535278,0.0
slope1__protein_npx__P19652,0.042911809859591574,0.0
delta1__peptide_log__SGELEQEEER,0.042905968999057846,0.0
delta1__peptide_std__P19652,0.042885512808886736,0.0
missing__peptide_mean__P07333,0.042873284370353724,0.0
missing__peptide_count__P07333,0.042873284370353724,0.0
missing__protein_npx__P07333,0.042873284370353724,0.0
rollmean2__protein_npx__P54289,0.04287231929223279,0.0
rollmean2__peptide_count__Q14118,0.042851931703114,0.0
lag1__peptide_count__O00533,0.04280484314931471,0.0
lag1__peptide_log__VDNALQSGNSQESVTEQDSKDSTYSLSSTLTLSK,0.04279778414529537,0.0
lag1__peptide_count__Q12805,0.042788943658138,0.0
delta1__protein_npx__P16070,0.042680867606084735,0.0
delta1__peptide_mean__Q13740,0.04262755037024816,0.0
peptide_log__QQETAAAETETR,0.042597199036052254,0.0
slope1__peptide_log__LDEVKEQVAEVR,0.04253339491663402,0.0
delta1__peptide_mean__Q12805,0.04250065800740754,0.0
lag1__protein_npx__P05546,0.042471171189757656,0.0
rollmean2__peptide_count__P09871,0.042414240831928955,0.0
delta1__protein_npx__Q6UX71,0.042399337008911096,0.0
slope1__peptide_mean__O94919,0.04239097775365488,0.0
peptide_mean__P10909,0.04228880422827404,0.0
rollmean2__peptide_log__MYYSAVDPTKDIFTGLIGPM(UniMod_35)K,0.04228225727925187,0.0
slope1__peptide_std__Q12841,0.042265028977946116,0.0
peptide_mean__P19021,0.042247613695748865,0.0
protein_npx__P10643,0.04221933917641724,0.0
slope1__protein_npx__P02656,0.04221897390551772,0.0
lag1__peptide_mean__Q13449,0.04220712848448593,0.0
rollmean2__protein_npx__P43652,0.04218083623405968,0.0
protein_npx__P07225,0.04214441681939408,0.0
slope1__peptide_std__P18065,0.0421276087676098,0.0
slope1__peptide_std__O75144,0.04211136940757552,0.0
protein_npx__Q6UXB8,0.04209249591097198,0.0
lag1__protein_npx__O14773,0.042061031115034925,0.0
slope1__peptide_count__Q06481,0.04205927152994627,0.0
delta1__peptide_mean__P02647,0.0419948297793489,0.0
delta1__peptide_mean__P13591,0.04198848374356796,0.0
slope1__peptide_count__Q14515,0.04198583422718804,0.0
peptide_mean__P00751,0.04192903839391569,0.0
peptide_std__P02760,0.041899730862296355,0.0
rollmean2__protein_npx__P05060,0.04188821884640067,0.0
delta1__peptide_std__P04433,0.04181009253624321,0.0
protein_npx__P07858,0.04175693528200036,0.0
slope1__peptide_mean__P17174,0.041727261668429584,0.0
slope1__peptide_mean__P10645,0.04172382473079755,0.0
peptide_std__O15240,0.04171677889231221,0.0
delta1__peptide_count__Q16610,0.041716547417763455,0.0
slope1__peptide_std__P00748,0.041697018490974555,0.0
lag1__peptide_std__P43652,0.041687234725557694,0.0
peptide_mean__P80748,0.04167172033399579,0.0
peptide_log__TM(UniMod_35)LLQPAGSLGSYSYR,0.04165105220447213,0.0
delta1__peptide_mean__P19652,0.04163396649544182,0.0
delta1__peptide_mean__P02747,0.041626215772391055,0.0
rollmean2__peptide_std__P05546,0.04161911578748916,0.0
slope1__protein_npx__P02748,0.04160648444655081,0.0
lag1__peptide_std__P01024,0.04156265462171918,0.0
slope1__peptide_mean__P00747,0.041561873262445106,0.0
lag1__peptide_std__Q9UHG2,0.04155425194403143,0.0
slope1__peptide_mean__P02792,0.041538299203676,0.0
peptide_mean__P11142,0.04152670205556688,0.0
delta1__peptide_log__AYQGVAAPFPK,0.041506885442028185,0.0
peptide_std__Q12907,0.04148710718672571,0.0
slope1__peptide_mean__Q6UXD5,0.04148058335097981,0.0
delta1__peptide_mean__P04180,0.04145177276086816,0.0
rollmean2__peptide_log__FNKPFVFLM(UniMod_35)IEQNTK,0.04136189850270372,0.0
delta1__peptide_mean__Q96S96,0.041354379335505065,0.0
lag1__protein_npx__P02792,0.04134968454074654,0.0
slope1__peptide_log__SNSSM(UniMod_35)HITDC(UniMod_4)R,0.04134445923794513,0.0
peptide_mean__Q8NE71,0.04134108322317092,0.0
protein_npx__O75144,0.04131649672737942,0.0
protein_npx__Q13332,0.04131502476479329,0.0
rollmean2__peptide_log__AEAQEAEDQQAR,0.04126080750617152,0.0
rollmean2__peptide_count__P14618,0.04122060807066064,0.0
peptide_std__P01019,0.041215146455118756,0.0
peptide_log__ELSSFIDKGQELC(UniMod_4)ADYSENTFTEYK,0.04116134492787768,0.0
lag1__peptide_mean__O15240,0.041155414060720985,0.0
missing__peptide_std__Q92823,0.04114971954860813,0.0
rollmean2__peptide_log__C(UniMod_4)VDVDEC(UniMod_4)APPAEPC(UniMod_4)GK,0.04114892386757415,0.0
delta1__peptide_mean__P43251,0.041132615640567506,0.0
lag1__protein_npx__O15240,0.04112656163126261,0.0
delta1__peptide_log__LPPTSAHGNVAEGETKPDPDVTER,0.04110278318057402,0.0
slope1__peptide_std__P43652,0.0410891869157277,0.0
slope1__peptide_mean__P02787,0.041046252054042776,0.0
rollmean2__peptide_std__P06681,0.041012135137713936,0.0
delta1__protein_npx__P04211,0.04099705954551108,0.0
delta1__peptide_std__P19823,0.040993159047767694,0.0
rollmean2__protein_npx__Q14624,0.040987867684263116,0.0
rollmean2__protein_npx__Q9UNU6,0.040978579306097294,0.0
lag1__protein_npx__O00533,0.04095873880914203,0.0
delta1__protein_npx__P10645,0.04094186842899509,0.0
lag1__peptide_log__NPDPWAK,0.04093571827322511,0.0
delta1__peptide_mean__P02768,0.04092580004324235,0.0
slope1__peptide_mean__P04207,0.04088983197277665,0.0
lag1__protein_npx__P06681,0.04087542595287374,0.0
rollmean2__peptide_mean__P02787,0.040842235242416404,0.0
rollmean2__peptide_mean__P55290,0.040797156137217926,0.0
missing__peptide_mean__P20933,0.04078717407725916,0.0
missing__protein_npx__P20933,0.04078717407725916,0.0
missing__peptide_count__P20933,0.04078717407725916,0.0
slope1__protein_npx__Q9Y6R7,0.04076454349630194,0.0
slope1__peptide_count__P06396,0.040757992262407,0.0
peptide_count__Q14515,0.040753700092928315,0.0
rollmean2__peptide_log__LGADMEDVC(UniMod_4)GR,0.040720830975370534,0.0
peptide_mean__Q92823,0.040711437255552714,0.0
lag1__protein_npx__P10451,0.04068401125189121,0.0
delta1__protein_npx__P23083,0.040664648613835015,0.0
delta1__peptide_count__P01024,0.04062927690247964,0.0
delta1__peptide_count__P05155,0.04061906533852936,0.0
protein_npx__P05156,0.040571844031220945,0.0
lag1__peptide_count__P16870,0.04056021640097026,0.0
rollmean2__peptide_std__P16035,0.04054254108759984,0.0
slope1__peptide_std__Q08380,0.040515707585445385,0.0
slope1__peptide_count__Q92520,0.04049988778034673,0.0
protein_npx__P11142,0.040492474778813625,0.0
lag1__peptide_log__ILLQGTPVAQMTEDAVDAER,0.04043664049950951,0.0
rollmean2__peptide_mean__P18065,0.040430135774294135,0.0
slope1__protein_npx__P13591,0.040414010714921914,0.0
lag1__peptide_log__IHWESASLLR,0.04038161394722287,0.0
slope1__peptide_log__M(UniMod_35)YLGYEYVTAIR,0.04035574982010274,0.0
protein_npx__P54289,0.0403278447158208,0.0
delta1__protein_npx__P19652,0.04032080104173035,0.0
rollmean2__peptide_mean__P01034,0.040320703686539776,0.0
slope1__peptide_mean__P02452,0.040319262336676605,0.0
protein_npx__Q16270,0.040286109517824596,0.0
peptide_log__SLAELGGHLDQQVEEFRR,0.040256693951827266,0.0
lag1__peptide_mean__P00746,0.040233651715716225,0.0
rollmean2__peptide_std__P02679,0.040221801019770055,0.0
rollmean2__protein_npx__P10909,0.04022064415130952,0.0
rollmean2__peptide_std__P09486,0.0402061494407968,0.0
lag1__peptide_log__DSGFQM(UniMod_35)NQLR,0.0401849662578138,0.0
peptide_std__P02452,0.04017123597773364,0.0
slope1__peptide_std__P20774,0.040156632948407746,0.0
delta1__peptide_log__VKDLATVYVDVLK,0.040153393565362044,0.0
lag1__protein_npx__Q8NBJ4,0.04008173139978908,0.0
missing__peptide_std__O15394,0.04008067193275365,0.0
delta1__peptide_std__P01019,0.04006606164527931,0.0
lag1__protein_npx__P12109,0.04005897214916462,0.0
slope1__peptide_std__P02675,0.040017115748216356,0.0
delta1__protein_npx__P55290,0.040013967445857196,0.0
peptide_mean__Q12805,0.04001389059261988,0.0
delta1__peptide_mean__P02748,0.039994947823457395,0.0
missing__peptide_count__Q99969,0.03996122379641248,0.0
missing__peptide_mean__Q99969,0.03996122379641248,0.0
missing__protein_npx__Q99969,0.03996122379641248,0.0
peptide_mean__O14791,0.03995893476970216,0.0
missing__peptide_log__HYTNPSQDVTVPC(UniMod_4)PVPPPPPC(UniMod_4)C(UniMod_4)HPR,0.03991110350580476,0.0
rollmean2__peptide_mean__P06727,0.03981946810571627,0.0
protein_npx__P13591,0.03980105745109258,0.0
lag1__protein_npx__P02790,0.03976831825548638,0.0
peptide_mean__P02765,0.03974828649831242,0.0
peptide_log__VQAAVGTSAAPVPSDNH,0.03973897655105304,0.0
slope1__peptide_mean__P23142,0.03966096680011758,0.0
lag1__peptide_std__P24592,0.03964480644076761,0.0
lag1__peptide_log__AEAQEAEDQQAR,0.039603890966116,0.0
rollmean2__peptide_log__KAADDTWEPFASGK,0.03956382402848576,0.0
lag1__peptide_log__SGELEQEEER,0.039546166508603535,0.0
delta1__peptide_count__Q9Y6R7,0.03953488722467711,0.0
delta1__peptide_std__P08571,0.03947866157414041,0.0
delta1__peptide_count__Q12841,0.03946455142523029,0.0
protein_npx__P55290,0.039437281021531184,0.0
slope1__peptide_count__P17174,0.039430613497058266,0.0
missing__peptide_std__P04075,0.03940889198515182,0.0
peptide_mean__P04275,0.03939705529508176,0.0
peptide_std__P02747,0.03937395411657251,0.0
rollmean2__peptide_mean__P51884,0.03936963001020577,0.0
rollmean2__peptide_std__P09871,0.03936371435704881,0.0
slope1__peptide_log__AATGEC(UniMod_4)TATVGKR,0.03935858767760529,0.0
rollmean2__peptide_count__P02679,0.03935182424606198,0.0
rollmean2__peptide_count__P00734,0.0393411999031805,0.0
rollmean2__peptide_log__QQETAAAETETR,0.03934105319804028,0.0
delta1__peptide_mean__P01780,0.039332554545148175,0.0
missing__peptide_std__P06681,0.03933154614983055,0.0
protein_npx__O00391,0.03929167067277641,0.0
rollmean2__protein_npx__P04216,0.0392875382775907,0.0
rollmean2__peptide_mean__P08603,0.03927792850079914,0.0
rollmean2__peptide_log__MTVTDQVNC(UniMod_4)PK,0.03926911844973959,0.0
slope1__peptide_count__P43121,0.03921600513984307,0.0
delta1__peptide_mean__P04216,0.039204938006945286,0.0
protein_npx__P13611,0.039203391205375554,0.0
slope1__peptide_count__P02656,0.03919519752018891,0.0
rollmean2__protein_npx__Q8N2S1,0.03917719075733983,0.0
rollmean2__protein_npx__P00748,0.03913015688265817,0.0
slope1__peptide_count__P04196,0.039064575616566816,0.0
protein_npx__P24592,0.03905909314127366,0.0
rollmean2__protein_npx__P24592,0.039048681086964715,0.0
delta1__peptide_mean__P35542,0.03894748666343686,0.0
slope1__peptide_std__P55290,0.0389371482627415,0.0
lag1__peptide_log__RLEGQEEEEDNRDSSMK,0.03890628303297929,0.0
delta1__peptide_count__P43652,0.038890648560114816,0.0
slope1__protein_npx__P02655,0.03885582080679562,0.0
slope1__peptide_mean__Q562R1,0.03884422907141813,0.0
lag1__peptide_mean__P04433,0.0388347378652621,0.0
delta1__protein_npx__P01780,0.0387943404768209,0.0
delta1__peptide_mean__Q9UBX5,0.038776311919987747,0.0
protein_npx__Q9Y6R7,0.03873729694551232,0.0
lag1__protein_npx__Q16270,0.03872529767808399,0.0
rollmean2__peptide_std__P08294,0.03871819041519237,0.0
delta1__peptide_count__P02671,0.03867470104874406,0.0
protein_npx__P01876,0.03863692897530117,0.0
slope1__protein_npx__P02760,0.03863124663424448,0.0
delta1__peptide_count__P02766,0.0384980301054448,0.0
lag1__peptide_mean__P00738,0.038366487514121785,0.0
delta1__peptide_mean__P49908,0.038296225669274375,0.0
rollmean2__protein_npx__P61626,0.038228188196164976,0.0
delta1__peptide_count__Q14624,0.038185105459909024,0.0
slope1__protein_npx__Q12805,0.038148865865648654,0.0
protein_npx__P01860,0.03813790634008628,0.0
rollmean2__peptide_count__Q12841,0.038136597951682755,0.0
peptide_count__P36222,0.03813322841222701,0.0
rollmean2__protein_npx__P02787,0.038108704412385216,0.0
peptide_count__P02750,0.03810792194993939,0.0
lag1__peptide_mean__P01780,0.03804283283311631,0.0
lag1__protein_npx__P04156,0.038009148461448296,0.0
delta1__peptide_log__DLATVYVDVLK,0.03796267619979165,0.0
slope1__peptide_std__Q9UBX5,0.037921826500649514,0.0
lag1__protein_npx__P02655,0.037912048307150226,0.0
lag1__protein_npx__P09486,0.037885656193306784,0.0
slope1__peptide_log__QIGSVYR,0.03784055320851756,0.0
delta1__peptide_std__O00584,0.03784036009780454,0.0
rollmean2__peptide_count__P00736,0.03782674840444774,0.0
delta1__protein_npx__P54289,0.037784856232556716,0.0
missing__peptide_log__RTPITVVK,0.03776955979412444,0.0
rollmean2__peptide_mean__Q99683,0.03773002845602388,0.0
rollmean2__peptide_mean__P05452,0.037706297180007356,0.0
slope1__peptide_count__P02790,0.03770012961342898,0.0
lag1__months_since_baseline,0.03768580874308988,0.0
peptide_count__P05090,0.03766844574995082,0.0
rollmean2__peptide_count__P04075,0.03763613609772006,0.0
delta1__peptide_mean__P07858,0.03760084189251817,0.0
protein_npx__P01621,0.037549118850977316,0.0
peptide_count__Q14624,0.03751711387500888,0.0
slope1__peptide_count__P04075,0.03750392038048551,0.0
missing__protein_npx__O94919,0.03748625081567276,0.0
missing__peptide_count__O94919,0.03748625081567276,0.0
missing__peptide_mean__O94919,0.03748625081567276,0.0
delta1__protein_npx__P08123,0.037460145134346604,0.0
peptide_count__Q9NQ79,0.03741526946940331,0.0
peptide_log__SPVGVQPILNEHTFC(UniMod_4)AGMSK,0.0373599359797067,0.0
slope1__protein_npx__Q14624,0.037253856759910824,0.0
missing__protein_npx__P30086,0.03719070650589651,0.0
missing__peptide_count__P30086,0.03719070650589651,0.0
missing__peptide_mean__P30086,0.03719070650589651,0.0
peptide_mean__Q99683,0.0371479195130684,0.0
delta1__peptide_count__O15240,0.03711333756644987,0.0
peptide_mean__P01034,0.03710665562052115,0.0
rollmean2__protein_npx__P01008,0.0370724292738677,0.0
peptide_mean__P06310,0.03706215090750615,0.0
missing__peptide_count__P00441,0.03706156470383602,0.0
missing__peptide_mean__P00441,0.03706156470383602,0.0
missing__protein_npx__P00441,0.03706156470383602,0.0
delta1__has_previous_visit,0.03702863401037023,0.0
lag1__has_previous_visit,0.0370286340103702,0.0
missing__protein_npx__P01591,0.036978979643641004,0.0
missing__peptide_count__P01591,0.036978979643641004,0.0
missing__peptide_mean__P01591,0.036978979643641004,0.0
slope1__peptide_count__P02750,0.03697894306002536,0.0
peptide_log__RTPITVVK,0.0369533460053635,0.0
lag1__peptide_std__Q12841,0.036948919206914475,0.0
rollmean2__protein_npx__P01023,0.03693194167307766,0.0
delta1__peptide_log__GSPAINVAVHVFRK,0.03691968863987827,0.0
lag1__peptide_count__P00736,0.0369188537432821,0.0
delta1__protein_npx__P05067,0.036874846802718686,0.0
peptide_mean__P32754,0.03686165496429203,0.0
missing__peptide_log__LGPLVEQGRVR,0.03684184280428039,0.0
slope1__peptide_log__SPVGVQPILNEHTFC(UniMod_4)AGMSK,0.036827957540189686,0.0
peptide_std__O75144,0.036817344537857594,0.0
missing__peptide_std__P54289,0.036754545855491,0.0
lag1__peptide_count__P39060,0.036716030668858264,0.0
slope1__protein_npx__Q6UXD5,0.03669729438926746,0.0
missing__peptide_std__Q16610,0.036674394069428726,0.0
delta1__peptide_mean__P04196,0.03667389645460538,0.0
delta1__peptide_count__P09871,0.036628653494937144,0.0
delta1__protein_npx__P00734,0.03661165975930634,0.0
delta1__protein_npx__P06454,0.0365611077364366,0.0
lag1__peptide_std__P02750,0.03653309601355882,0.0
rollmean2__peptide_std__Q9UHG2,0.03646872757935908,0.0
lag1__peptide_mean__P02792,0.0364652909959944,0.0
peptide_count__P01877,0.03644878064796656,0.0
slope1__peptide_std__P00441,0.0364470073506756,0.0
rollmean2__protein_npx__P02766,0.03635008565129197,0.0
slope1__peptide_mean__P08571,0.03627711537026105,0.0
lag1__peptide_count__P00734,0.036238361441631194,0.0
rollmean2__peptide_log__M(UniMod_35)ASGAANVVGPK,0.036186924011152366,0.0
lag1__protein_npx__Q7Z5P9,0.03617069626737914,0.0
peptide_mean__P08493,0.03615924238322625,0.0
missing__peptide_count__Q9Y646,0.036157871940736226,0.0
missing__peptide_mean__Q9Y646,0.036157871940736226,0.0
missing__protein_npx__Q9Y646,0.036157871940736226,0.0
slope1__peptide_count__P07225,0.03611213026403308,0.0
lag1__protein_npx__Q9UHG2,0.03607792690722186,0.0
slope1__protein_npx__P30086,0.03605752102654676,0.0
slope1__protein_npx__P01594,0.03605363448956707,0.0
peptide_mean__P04217,0.03605257259604993,0.0
delta1__peptide_count__Q12805,0.035992031031218216,0.0
slope1__peptide_mean__P06681,0.03594693935387642,0.0
slope1__peptide_mean__P02749,0.03589213618895296,0.0
protein_npx__P36980,0.03588286191887628,0.0
protein_npx__P06310,0.035874569345812936,0.0
protein_npx__P02652,0.03587122315514433,0.0
peptide_count__P02787,0.03583905173533335,0.0
peptide_mean__P02749,0.03582754831716843,0.0
protein_npx__P00747,0.035811304692846053,0.0
delta1__peptide_count__P01008,0.035727771020273504,0.0
slope1__protein_npx__P08603,0.03572615621609405,0.0
rollmean2__protein_npx__P02671,0.035678088725589766,0.0
rollmean2__peptide_count__Q9UBX5,0.03565841500955668,0.0
delta1__peptide_log__SGEATDGARPQALPEPMQESK,0.035607171494637574,0.0
peptide_mean__P20933,0.03558726129015161,0.0
slope1__peptide_mean__P01594,0.03553224465796595,0.0
rollmean2__peptide_mean__Q9UKV8,0.035507139133408826,0.0
lag1__protein_npx__P04207,0.03548719971543456,0.0
peptide_mean__P02787,0.035472272664606445,0.0
peptide_mean__P01031,0.035445625664788157,0.0
rollmean2__peptide_mean__P23142,0.03541216888757109,0.0
slope1__peptide_count__P01859,0.03541078807545271,0.0
peptide_mean__Q13283,0.03539642026190494,0.0
slope1__protein_npx__O75326,0.03538835149733139,0.0
slope1__protein_npx__P01717,0.03538782996649914,0.0
lag1__peptide_count__P12109,0.03537771392119845,0.0
lag1__peptide_std__P05155,0.035309608153034064,0.0
delta1__protein_npx__P01008,0.03529516491047203,0.0
lag1__peptide_mean__Q8NBJ4,0.03528425483605666,0.0
delta1__protein_npx__Q99435,0.0352802481601308,0.0
peptide_count__Q92823,0.03527149408018238,0.0
rollmean2__protein_npx__Q8NE71,0.035259899534262895,0.0
rollmean2__peptide_mean__P09486,0.03525846238203908,0.0
peptide_log__IMNGEADAMSLDGGFVYIAGK,0.03525576821855114,0.0
rollmean2__protein_npx__P02765,0.03524905321803026,0.0
lag1__peptide_mean__O14791,0.035230387621874186,0.0
slope1__peptide_log__C(UniMod_4)SYTEDAQC(UniMod_4)IDGTIEVPK,0.035227427522416296,0.0
lag1__protein_npx__P01859,0.0352121663832129,0.0
delta1__peptide_std__P00441,0.03520492680141617,0.0
lag1__peptide_log__HGGLYHENMR,0.03518011913775029,0.0
delta1__peptide_std__P01023,0.0351663075377983,0.0
rollmean2__peptide_log__VQPYLDDFQKK,0.035097782598458444,0.0
lag1__protein_npx__Q9Y6R7,0.03506546416011717,0.0
slope1__peptide_std__P10909,0.03505122214515852,0.0
slope1__current_updrs_2,0.035040554315153176,0.0
slope1__peptide_log__KVEQAVETEPEPELR,0.03502991555494272,0.0
peptide_log__C(UniMod_4)C(UniMod_4)VEC(UniMod_4)PPC(UniMod_4)PAPPVAGPSVFLFPPKPK,0.03502168085685736,0.0
rollmean2__peptide_count__P10645,0.03500455865336155,0.0
peptide_mean__Q9BY67,0.03497263053928626,0.0
lag1__peptide_log__C(UniMod_4)DSSPDSAEDVRK,0.03497211936759513,0.0
lag1__peptide_log__SEALAVDGAGKPGAEEAQDPEGK,0.03486614793077364,0.0
peptide_log__SC(UniMod_4)DTPPPC(UniMod_4)PR,0.03486310156648917,0.0
delta1__protein_npx__Q92823,0.03485738518635721,0.0
peptide_log__RLEGQEEEEDNRDSSMK,0.03485552734586915,0.0
delta1__protein_npx__O15240,0.034839427527664196,0.0
slope1__peptide_std__P05156,0.03483480175730116,0.0
slope1__protein_npx__Q92823,0.034827602318682996,0.0
delta1__peptide_count__P00441,0.0348197087258176,0.0
rollmean2__protein_npx__P04004,0.03478910630127781,0.0
lag1__protein_npx__P05452,0.03477736082980265,0.0
rollmean2__peptide_count__Q08380,0.03475571877756056,0.0
peptide_count__P02760,0.03473601579270832,0.0
slope1__protein_npx__P05090,0.0347058224570023,0.0
peptide_mean__Q9UHG2,0.03469895879063726,0.0
peptide_std__P16035,0.034654639279702325,0.0
slope1__peptide_count__O15394,0.03464057919539638,0.0
lag1__peptide_log__VLLDQLR,0.03461558775571434,0.0
lag1__peptide_mean__Q9HDC9,0.03461558775571434,0.0
slope1__peptide_mean__P01034,0.03457265161126261,0.0
rollmean2__peptide_log__YIVSGTPTFVPYLIK,0.03457054031364974,0.0
lag1__peptide_count__Q08380,0.034532236853450846,0.0
slope1__peptide_mean__P39060,0.03450632319328682,0.0
protein_npx__Q8NE71,0.03446222151281581,0.0
rollmean2__protein_npx__P11142,0.03444821775338742,0.0
slope1__peptide_count__P04217,0.03442617136722654,0.0
peptide_std__P01877,0.03442435632104483,0.0
rollmean2__protein_npx__P19652,0.034395239747704066,0.0
slope1__peptide_mean__Q7Z3B1,0.03439499623609538,0.0
slope1__peptide_std__P02763,0.03438072269366519,0.0
slope1__protein_npx__Q13451,0.03437540710138525,0.0
lag1__peptide_mean__Q12907,0.03434621698334127,0.0
slope1__peptide_mean__P16070,0.034343078674677986,0.0
peptide_log__FLATTPNSLLVSWQPPR,0.0343234343964086,0.0
slope1__peptide_std__P01009,0.03428013923845764,0.0
peptide_log__M(UniMod_35)ASGAANVVGPK,0.03427551619501122,0.0
slope1__protein_npx__P00738,0.03423383192247441,0.0
lag1__peptide_mean__P98160,0.034203779023041836,0.0
peptide_log__LEGQEEEEDNRDSSMK,0.0340933004235731,0.0
rollmean2__peptide_count__P01877,0.03409103226705564,0.0
lag1__protein_npx__Q9UKV8,0.03408798263508223,0.0
delta1__protein_npx__P01011,0.034070588976400376,0.0
lag1__peptide_mean__P05090,0.03405800044879559,0.0
peptide_log__TEGDGVYTLNNEK,0.03405664216823952,0.0
slope1__protein_npx__P07602,0.03404083805845921,0.0
slope1__peptide_mean__Q14508,0.03402862745551699,0.0
peptide_std__P02768,0.034023086363921665,0.0
lag1__peptide_log__TPLGDTTHTC(UniMod_4)PR,0.03398028396809999,0.0
delta1__peptide_mean__P04406,0.03396299393091563,0.0
slope1__peptide_mean__P17936,0.03395474281316061,0.0
missing__peptide_log__ILLQGTPVAQMTEDAVDAER,0.03390512557152058,0.0
delta1__protein_npx__Q08380,0.033886823248119986,0.0
slope1__protein_npx__O00584,0.03384547466506301,0.0
slope1__peptide_count__P02747,0.03384013006899537,0.0
rollmean2__protein_npx__Q99683,0.033826315126441485,0.0
delta1__peptide_log__ALGISPFHEHAEVVFTANDSGPR,0.03381807465527176,0.0
delta1__protein_npx__Q9BY67,0.03381490441637951,0.0
delta1__protein_npx__Q8IWV7,0.03380082925766566,0.0
peptide_count__P06727,0.03378386335099895,0.0
lag1__peptide_log__TEGDGVYTLNNEK,0.0337752463045374,0.0
delta1__protein_npx__P02749,0.03376836939889165,0.0
missing__peptide_std__P02763,0.033704560268999366,0.0
slope1__protein_npx__P04433,0.033641389840563106,0.0
rollmean2__protein_npx__P05408,0.033612605759779125,0.0
rollmean2__protein_npx__P01033,0.033567431271507596,0.0
slope1__peptide_log__MTVTDQVNC(UniMod_4)PK,0.033566997406463225,0.0
lag1__peptide_log__AYKSELEEQLTPVAEETR,0.03354061994289343,0.0
delta1__protein_npx__P09871,0.033532696409300955,0.0
missing__peptide_mean__P14174,0.033528761006279335,0.0
missing__protein_npx__P14174,0.033528761006279335,0.0
missing__peptide_count__P14174,0.033528761006279335,0.0
lag1__peptide_mean__P09486,0.03352022518850886,0.0
slope1__protein_npx__Q13449,0.03342283288369703,0.0
protein_npx__P16870,0.03337823032522286,0.0
lag1__peptide_mean__Q99832,0.03334150511379321,0.0
peptide_mean__Q9Y646,0.03328806743223762,0.0
slope1__peptide_mean__Q12805,0.03327617156861145,0.0
delta1__protein_npx__P10909,0.033254752940433015,0.0
delta1__peptide_std__P05546,0.033217080956170916,0.0
lag1__peptide_mean__P02749,0.033146609634291786,0.0
rollmean2__protein_npx__P61769,0.03311294423775408,0.0
rollmean2__peptide_count__P02760,0.03310570797054904,0.0
missing__peptide_log__TPVSDRVTK,0.03310017698368701,0.0
rollmean2__peptide_mean__Q8NE71,0.033027839844794696,0.0
lag1__peptide_log__LQAEAFQAR,0.033026455844237704,0.0
slope1__peptide_count__O00533,0.03300634783933452,0.0
slope1__peptide_count__O75144,0.03298401660163708,0.0
slope1__peptide_log__LSKELQAAQAR,0.03292375169787802,0.0
lag1__peptide_mean__P01031,0.03292280537975911,0.0
rollmean2__peptide_count__P01023,0.03292068336891012,0.0
delta1__peptide_log__VQPYLDDFQKK,0.0329158409831857,0.0
delta1__protein_npx__P09104,0.03290177307324551,0.0
delta1__peptide_mean__O00533,0.03288920831109217,0.0
lag1__protein_npx__Q99674,0.03288068881874029,0.0
delta1__peptide_count__P02753,0.032829697794645736,0.0
lag1__protein_npx__P01621,0.03282553260508546,0.0
rollmean2__peptide_log__LRTEGDGVYTLNNEKQWINK,0.03278987387207403,0.0
rollmean2__peptide_mean__P19827,0.03271611052136932,0.0
delta1__peptide_log__SWFEPLVEDM(UniMod_35)QR,0.03269278757275216,0.0
slope1__protein_npx__P06454,0.03267559846782217,0.0
delta1__peptide_mean__Q02818,0.03263569338120255,0.0
delta1__protein_npx__Q13451,0.03247132197160993,0.0
peptide_std__P05156,0.032446094858508995,0.0
rollmean2__peptide_mean__P02792,0.03240400197391305,0.0
rollmean2__protein_npx__P06310,0.032387623377195925,0.0
missing__peptide_log__LEGQEEEEDNRDSSMK,0.032360217090971866,0.0
peptide_mean__P08697,0.032310198665016,0.0
lag1__peptide_mean__O94919,0.032308913188255954,0.0
missing__protein_npx__P01031,0.03228797280509329,0.0
missing__peptide_mean__P01031,0.03228797280509329,0.0
missing__peptide_count__P01031,0.03228797280509329,0.0
peptide_std__Q9UBX5,0.03224970082340217,0.0
rollmean2__peptide_count__O75144,0.03223911853184268,0.0
slope1__peptide_count__P02774,0.03220006847722016,0.0
delta1__peptide_mean__P10451,0.03216874016379445,0.0
lag1__peptide_mean__P02452,0.032130210235768605,0.0
rollmean2__peptide_log__SPVGVQPILNEHTFC(UniMod_4)AGMSK,0.0320575250579964,0.0
lag1__protein_npx__P07225,0.03205091121353474,0.0
delta1__peptide_mean__P14174,0.03204934708319095,0.0
slope1__peptide_mean__P12109,0.032034319488419526,0.0
peptide_std__Q08380,0.031999309335415116,0.0
rollmean2__peptide_log__LGPLVEQGRVR,0.03199213131844152,0.0
delta1__peptide_mean__Q14515,0.03196054087597255,0.0
missing__peptide_log__TEGDGVYTLNNEK,0.03194319430301295,0.0
slope1__peptide_log__GEVQAMLGQSTEELRVR,0.031942528414836975,0.0
lag1__peptide_log__YVMLPVADQDQC(UniMod_4)IR,0.03190213997772515,0.0
lag1__protein_npx__P01008,0.03189511385236928,0.0
slope1__protein_npx__P10645,0.03188609298017181,0.0
delta1__protein_npx__P19827,0.03185848388589558,0.0
peptide_mean__P51884,0.031795397816749324,0.0
lag1__peptide_mean__Q9BY67,0.031784716890449885,0.0
slope1__peptide_count__P08294,0.0317496892345793,0.0
peptide_count__Q96PD5,0.031747171508638525,0.0
delta1__peptide_std__P02671,0.03172803579337961,0.0
lag1__peptide_log__TSAHGNVAEGETKPDPDVTER,0.03172513514900877,0.0
rollmean2__peptide_feature_count,0.031706036081476464,0.0
rollmean2__peptide_missing_fraction,0.03170603608147612,0.0
protein_npx__P39060,0.03168853018271568,0.0
lag1__peptide_std__P18065,0.031596596252712404,0.0
slope1__peptide_mean__P02649,0.031572223565115146,0.0
rollmean2__peptide_mean__Q13283,0.031531064038411466,0.0
slope1__protein_npx__Q6UX71,0.031502311158226964,0.0
slope1__peptide_std__Q12805,0.03149460581993324,0.0
lag1__peptide_count__P02649,0.03147190087558084,0.0
missing__peptide_count__P54289,0.03142673548605236,0.0
missing__protein_npx__P54289,0.03142673548605236,0.0
missing__peptide_mean__P54289,0.03142673548605236,0.0
rollmean2__peptide_count__P19652,0.031426585123899835,0.0
missing__peptide_count__Q9NQ79,0.031327525660209195,0.0
missing__peptide_mean__Q9NQ79,0.031327525660209195,0.0
missing__protein_npx__Q9NQ79,0.031327525660209195,0.0
protein_npx__P17936,0.03129689453989167,0.0
lag1__protein_npx__Q96S96,0.031289310871705986,0.0
protein_npx__Q02818,0.03128141272766975,0.0
delta1__peptide_mean__P19823,0.031266382681745156,0.0
slope1__peptide_mean__Q9UHG2,0.0312496341088924,0.0
slope1__protein_npx__P08571,0.03122678691248264,0.0
delta1__protein_npx__P00746,0.03122128006338038,0.0
delta1__peptide_mean__P36222,0.03121025364362915,0.0
rollmean2__protein_npx__P04156,0.031204391674293615,0.0
rollmean2__protein_npx__P04207,0.031202148204507552,0.0
slope1__protein_npx__P49908,0.031189429684386302,0.0
rollmean2__peptide_count__P07602,0.03105447101179139,0.0
missing__peptide_count__P43121,0.030987785037482823,0.0
missing__peptide_mean__P43121,0.030987785037482823,0.0
missing__protein_npx__P43121,0.030987785037482823,0.0
peptide_std__P02787,0.030956782448619147,0.0
peptide_mean__P08571,0.030955256263308396,0.0
lag1__peptide_count__P02753,0.030888629684674093,0.0
rollmean2__peptide_mean__P02655,0.03084724423948193,0.0
protein_npx__P23083,0.03084701002143859,0.0
peptide_log__LSNENHGIAQR,0.030837935457159016,0.0
rollmean2__peptide_log__LC(UniMod_4)MGSGLNLC(UniMod_4)EPNNKEGYYGYTGAFR,0.030831725139021413,0.0
rollmean2__peptide_mean__P11277,0.030749999012926802,0.0
rollmean2__peptide_count__P02763,0.030733827035005847,0.0
missing__protein_npx__Q99435,0.030731159140853764,0.0
missing__peptide_mean__Q99435,0.030731159140853764,0.0
missing__peptide_count__Q99435,0.030731159140853764,0.0
delta1__protein_npx__P14314,0.030727656951515803,0.0
peptide_log__LAVYQAGAR,0.030658206034115565,0.0
peptide_log__LRTEGDGVYTLNNEKQWINK,0.030557660610817428,0.0
rollmean2__protein_npx__P16152,0.030527572115766677,0.0
slope1__peptide_mean__Q96BZ4,0.03050534064036707,0.0
delta1__peptide_mean__P19021,0.030496498757957548,0.0
rollmean2__peptide_count__P55290,0.030457311405089733,0.0
slope1__protein_npx__Q7Z5P9,0.03040917542763811,0.0
peptide_count__P24592,0.03040525101316369,0.0
slope1__peptide_mean__P19823,0.030375344098290846,0.0
delta1__protein_npx__P04156,0.03037484264313069,0.0
missing__peptide_log__WELALGR,0.030339895650853047,0.0
rollmean2__peptide_log__LQAEAFQAR,0.0303286030572595,0.0
delta1__peptide_count__P02751,0.030292956131012242,0.0
lag1__peptide_mean__Q14118,0.030280499659931463,0.0
lag1__peptide_mean__P01621,0.030250174007569942,0.0
rollmean2__peptide_log__VDSGNDVTDIADDGC(UniMod_4)PKPPEIAHGYVEHSVR,0.030240657224748033,0.0
peptide_mean__P10643,0.030233413411496886,0.0
rollmean2__peptide_mean__P35542,0.030219702905015543,0.0
lag1__peptide_count__P05546,0.03021375251302847,0.0
lag1__peptide_count__P01023,0.030206720508629874,0.0
peptide_mean__P61278,0.030196353449036706,0.0
peptide_log__SLAAAAGKQELAK,0.030196353449036706,0.0
slope1__peptide_mean__P02656,0.030143431505492323,0.0
slope1__protein_npx__P08294,0.03007894942457592,0.0
rollmean2__peptide_std__P02656,0.030073886541729242,0.0
peptide_mean__P43652,0.030057769220969602,0.0
lag1__peptide_log__QQETAAAETETR,0.03004908867028456,0.0
missing__peptide_mean__P04075,0.030043331832752783,0.0
missing__peptide_count__P04075,0.030043331832752783,0.0
missing__protein_npx__P04075,0.030043331832752783,0.0
missing__peptide_count__O60888,0.030015045661555557,0.0
missing__peptide_mean__O60888,0.030015045661555557,0.0
missing__protein_npx__O60888,0.030015045661555557,0.0
lag1__peptide_count__P01008,0.030013448502714136,0.0
slope1__peptide_log__TLLSNLEEAKK,0.02998722192346592,0.0
lag1__peptide_std__P02748,0.029940187232879632,0.0
peptide_mean__Q9UBX5,0.029939818516386867,0.0
peptide_mean__Q16610,0.02993909612958916,0.0
slope1__peptide_mean__P04217,0.029919926430323558,0.0
slope1__peptide_std__P16035,0.029900144036364838,0.0
delta1__peptide_log__MYYSAVDPTKDIFTGLIGPM(UniMod_35)K,0.02986029918394747,0.0
rollmean2__peptide_mean__P01780,0.02984423108698909,0.0
protein_npx__P01344,0.02983073454389836,0.0
lag1__peptide_std__Q9UBX5,0.02982169888623975,0.0
rollmean2__peptide_log__FM(UniMod_35)ETVAEK,0.029821279581351043,0.0
peptide_mean__P09486,0.029813698327419664,0.0
rollmean2__protein_npx__P06727,0.029810997424987513,0.0
rollmean2__peptide_count__P01859,0.029802317039783,0.0
lag1__protein_npx__O43505,0.029798476306288024,0.0
rollmean2__protein_npx__Q9UHG2,0.029758715118449987,0.0
rollmean2__peptide_mean__Q99829,0.029704709555747166,0.0
rollmean2__protein_npx__P07711,0.02969363723013376,0.0
lag1__peptide_log__QIGSVYR,0.029665057933635035,0.0
slope1__peptide_std__P41222,0.02966329686916949,0.0
rollmean2__peptide_count__O94919,0.029629847842908983,0.0
peptide_count__P02763,0.029627768136881085,0.0
rollmean2__protein_npx__P08637,0.029589749184604816,0.0
delta1__peptide_mean__P36955,0.029585011220117183,0.0
rollmean2__peptide_count__P08603,0.02958440932639551,0.0
rollmean2__peptide_std__P08571,0.02954221487206459,0.0
slope1__peptide_log__M(UniMod_35)ASGAANVVGPK,0.029462529164803613,0.0
delta1__peptide_mean__P41222,0.029410184276525572,0.0
lag1__peptide_mean__P00736,0.029400485605977047,0.0
slope1__peptide_log__KQELSEAEQATR,0.029380890808217354,0.0
protein_npx__P08253,0.029346672997698792,0.0
rollmean2__peptide_log__TPVSDRVTK,0.029271279747788575,0.0
delta1__protein_npx__P10643,0.029257530336789035,0.0
slope1__protein_npx__P32754,0.029248924793992825,0.0
lag1__protein_npx__P07339,0.029234792520577677,0.0
rollmean2__peptide_std__O94919,0.02917740799745894,0.0
protein_npx__Q14624,0.02916004904949137,0.0
slope1__peptide_mean__P18065,0.02913568312267838,0.0
slope1__peptide_count__P05452,0.029116301055913986,0.0
delta1__peptide_std__P02787,0.029110618207009522,0.0
lag1__peptide_abundance_mean,0.02908732440927079,0.0
rollmean2__peptide_mean__P07858,0.029060224637849654,0.0
slope1__peptide_mean__O00533,0.02905400687683776,0.0
lag1__peptide_log__HYDGSYSTFGER,0.029018213370198758,0.0
lag1__protein_npx__Q14624,0.029011654443009065,0.0
delta1__peptide_std__P05060,0.028997096571740117,0.0
slope1__peptide_std__Q14624,0.028912360364064825,0.0
peptide_count__O14773,0.028890371209768284,0.0
delta1__protein_npx__Q92876,0.02888930217333718,0.0
delta1__months_since_prev_visit,0.028887022146239547,0.0
slope1__protein_npx__P14314,0.028877913407945533,0.0
lag1__peptide_count__P18065,0.02881134104561233,0.0
missing__peptide_count__P19021,0.028805245873883494,0.0
missing__peptide_mean__P19021,0.028805245873883494,0.0
missing__protein_npx__P19021,0.028805245873883494,0.0
delta1__peptide_std__P02751,0.0287524457501224,0.0
rollmean2__protein_npx__P02748,0.028727979702575557,0.0
delta1__protein_npx__P02675,0.028713696467916033,0.0
slope1__peptide_mean__Q14118,0.028710773424347122,0.0
lag1__peptide_mean__O75144,0.028700545354180353,0.0
peptide_count__P05067,0.028686074255500633,0.0
delta1__protein_npx__O75144,0.02867508454413442,0.0
rollmean2__protein_npx__P01780,0.028651480556987394,0.0
delta1__peptide_mean__P02452,0.028612684726489427,0.0
slope1__peptide_count__P07602,0.028611397131637115,0.0
delta1__peptide_mean__P13521,0.02859762604989137,0.0
delta1__peptide_std__P16035,0.028595865745705433,0.0
delta1__peptide_mean__P98160,0.028559555358757448,0.0
lag1__peptide_mean__P14314,0.02847038234536988,0.0
delta1__peptide_std__Q14624,0.028456860813986518,0.0
delta1__peptide_mean__P19827,0.028453696488607197,0.0
rollmean2__peptide_std__P36955,0.028431017276547534,0.0
slope1__peptide_log__TVVQPSVGAAAGPVVPPC(UniMod_4)PGR,0.028426977592214086,0.0
lag1__peptide_count__P43121,0.02840819368588731,0.0
delta1__protein_npx__P01019,0.028372700741962468,0.0
peptide_mean__P05090,0.028347688027532774,0.0
lag1__peptide_mean__Q16270,0.028293188663024684,0.0
delta1__peptide_mean__P01008,0.02826002077830479,0.0
lag1__peptide_log__VQAAVGTSAAPVPSDNH,0.028254554047674685,0.0
peptide_std__Q06481,0.028235203033151857,0.0
delta1__protein_npx__P13591,0.028204592931576546,0.0
slope1__protein_npx__P05452,0.028196628219336856,0.0
peptide_count__P08493,0.0281851821853437,0.0
rollmean2__protein_npx__P02679,0.028106112201659674,0.0
slope1__protein_npx__P41222,0.02808078538674166,0.0
delta1__peptide_mean__P24592,0.02803467917946339,0.0
rollmean2__peptide_mean__P02749,0.028034051779681247,0.0
slope1__peptide_mean__P01861,0.028011866635048337,0.0
slope1__peptide_log__TTPPVLDSDGSFFLYSR,0.028011866635048337,0.0
lag1__peptide_mean__Q9NQ79,0.028000446339932566,0.0
lag1__peptide_mean__P20933,0.027945403649517538,0.0
rollmean2__peptide_count__Q9UHG2,0.027941857201344192,0.0
rollmean2__peptide_count__P43652,0.027933298306520846,0.0
peptide_abundance_sum,0.027867594174138904,0.0
lag1__peptide_log__C(UniMod_4)TSTGWIPAPR,0.027815318552165635,0.0
slope1__peptide_std__P07602,0.02779922053608877,0.0
delta1__protein_npx__P01009,0.027790366208168254,0.0
rollmean2__protein_npx__P01834,0.027746157956573803,0.0
missing__protein_npx__P02452,0.027745530549001616,0.0
missing__peptide_mean__P02452,0.027745530549001616,0.0
missing__peptide_count__P02452,0.027745530549001616,0.0
missing__peptide_count__Q9UNU6,0.027741851561559686,0.0
missing__peptide_mean__Q9UNU6,0.027741851561559686,0.0
missing__protein_npx__Q9UNU6,0.027741851561559686,0.0
delta1__protein_npx__Q96S96,0.027734357343347307,0.0
peptide_log__ATVNPSAPR,0.02771906386164306,0.0
peptide_std__Q96PD5,0.02759900251023502,0.0
delta1__peptide_std__P02649,0.0275915060788417,0.0
rollmean2__peptide_log__RLEGQEEEEDNRDSSMK,0.027583194352899066,0.0
slope1__peptide_mean__P02760,0.0275800614397622,0.0
delta1__protein_npx__P61916,0.027563751901760424,0.0
delta1__peptide_count__P13591,0.027538054147920515,0.0
rollmean2__peptide_log__C(UniMod_4)C(UniMod_4)VEC(UniMod_4)PPC(UniMod_4)PAPPVAGPSVFLFPPKPK,0.027499427623314233,0.0
peptide_count__P04075,0.027461929156474912,0.0
peptide_mean__P02671,0.027453825542446037,0.0
rollmean2__protein_npx__O60888,0.027440834752478247,0.0
peptide_log__AVLPTGDVIGDSAK,0.0274284889268339,0.0
missing__peptide_log__GC(UniMod_4)PTEEGC(UniMod_4)GER,0.027371913146024798,0.0
slope1__protein_npx__P04275,0.027320307606184417,0.0
missing__protein_npx__O00584,0.027276296858406546,0.0
missing__peptide_mean__O00584,0.027276296858406546,0.0
missing__peptide_count__O00584,0.027276296858406546,0.0
rollmean2__peptide_count__P13987,0.02726349045482811,0.0
slope1__peptide_count__P13987,0.027212504185822557,0.0
slope1__protein_npx__P05156,0.027182352849767947,0.0
delta1__peptide_std__P01034,0.02712703424313558,0.0
peptide_count__P13591,0.027120580699399214,0.0
lag1__protein_npx__Q13332,0.027104913137969415,0.0
delta1__peptide_mean__P02751,0.027085417935909392,0.0
slope1__peptide_std__O14773,0.027065019497509356,0.0
lag1__protein_npx__P01344,0.02706240231832056,0.0
lag1__protein_npx__P14174,0.027023826989849464,0.0
slope1__peptide_std__P01024,0.026974486204738905,0.0
delta1__peptide_mean__P09104,0.02695495537828972,0.0
protein_npx__P06727,0.026947652308841535,0.0
lag1__peptide_log__VQPYLDDFQKK,0.026925853466039318,0.0
delta1__peptide_count__Q06481,0.026897653289284822,0.0
delta1__peptide_count__P02452,0.026874575458705197,0.0
peptide_mean__P01344,0.026815354338289268,0.0
lag1__peptide_log__TM(UniMod_35)LLQPAGSLGSYSYR,0.026813611948403867,0.0
peptide_mean__P24592,0.026728914165194302,0.0
lag1__peptide_mean__Q99969,0.026717870306742542,0.0
delta1__peptide_log__SNSSM(UniMod_35)HITDC(UniMod_4)R,0.02671641371852024,0.0
rollmean2__peptide_log__GSPAINVAVHVFRK,0.026697042502749926,0.0
delta1__protein_npx__Q14624,0.02667550965599733,0.0
slope1__peptide_mean__P25311,0.026583622403562504,0.0
peptide_mean__P00738,0.026575555290527374,0.0
peptide_count__O75144,0.02655779364860905,0.0
delta1__peptide_mean__P05067,0.026547188872273687,0.0
lag1__protein_npx__P02647,0.02653452226956013,0.0
lag1__peptide_std__O15240,0.02649154797818638,0.0
slope1__protein_npx__P13611,0.026466538811962162,0.0
peptide_mean__Q99969,0.02644862108518291,0.0
lag1__peptide_count__P04004,0.0264036198808652,0.0
slope1__peptide_log__VQPYLDDFQKK,0.026399211693536623,0.0
missing__peptide_std__O14773,0.026372674198435083,0.0
slope1__protein_npx__P54289,0.0263186647366887,0.0
lag1__protein_npx__Q96PD5,0.02631656109764173,0.0
delta1__peptide_count__P00738,0.026310822277476404,0.0
slope1__peptide_std__Q9NQ79,0.026306971596367905,0.0
delta1__peptide_std__P04180,0.026266759208896626,0.0
peptide_count__P02652,0.026259423533369575,0.0
lag1__peptide_feature_count,0.026237420730573537,0.0
lag1__peptide_missing_fraction,0.02623742073057347,0.0
rollmean2__protein_npx__Q9Y6R7,0.026218371451331945,0.0
peptide_log__ILLQGTPVAQMTEDAVDAER,0.02620113647676881,0.0
lag1__protein_npx__Q16610,0.02619277691320885,0.0
delta1__peptide_log__QNC(UniMod_4)ELFEQLGEYK,0.026181492441172828,0.0
slope1__peptide_mean__Q9UKV8,0.02613870747900364,0.0
peptide_mean__P07858,0.02611902093971413,0.0
delta1__protein_npx__P13473,0.026043302540404937,0.0
lag1__peptide_count__P41222,0.026042861999652757,0.0
lag1__peptide_count__P02765,0.026034533544506973,0.0
delta1__peptide_count__Q9UBX5,0.025988571908962817,0.0
delta1__peptide_log__LIADLGSTSITNLGFR,0.02596842695022566,0.0
protein_npx__P04156,0.025871153337046482,0.0
delta1__peptide_mean__Q99832,0.025867693272070887,0.0
delta1__peptide_std__O00533,0.025851129017747068,0.0
protein_npx__Q92876,0.025814693771732164,0.0
peptide_mean__P02649,0.025732812185202646,0.0
lag1__protein_npx__O75144,0.025723262856153714,0.0
missing__peptide_std__P05546,0.02572117642543372,0.0
slope1__peptide_mean__Q9NYU2,0.02570911520608611,0.0
peptide_mean__P02748,0.025698422296711786,0.0
delta1__peptide_std__P13987,0.025684238354838587,0.0
slope1__peptide_mean__Q16610,0.025652503286042665,0.0
peptide_mean__P02790,0.025621095243579927,0.0
slope1__peptide_count__P05090,0.02558260537596451,0.0
delta1__peptide_count__P36955,0.025552475572021595,0.0
delta1__peptide_count__P08571,0.025539048264566364,0.0
lag1__peptide_count__Q14624,0.02551378626520105,0.0
lag1__peptide_log__DASGVTFTWTPSSGK,0.02549328336464291,0.0
rollmean2__peptide_abundance_sum,0.025492622074869277,0.0
slope1__protein_npx__Q08380,0.025448845951326824,0.0
slope1__protein_npx__P07711,0.025439416958736215,0.0
delta1__peptide_count__P05546,0.02543767273021008,0.0
lag1__protein_npx__P02787,0.025386846118526124,0.0
peptide_count__P01042,0.025355602494997992,0.0
delta1__protein_npx__P04196,0.02533130677379138,0.0
peptide_std__P02647,0.025321147998299105,0.0
lag1__protein_npx__P08571,0.02531748166618742,0.0
lag1__peptide_log__KQELSEAEQATR,0.02529491756941694,0.0
rollmean2__peptide_mean__Q99832,0.025271370419834467,0.0
slope1__peptide_mean__P02675,0.025268992616489423,0.0
missing__peptide_std__Q9UBX5,0.025266451326089987,0.0
lag1__peptide_mean__P02766,0.025252804770773084,0.0
lag1__peptide_log__VDSGNDVTDIADDGC(UniMod_4)PKPPEIAHGYVEHSVR,0.025235702740870565,0.0
rollmean2__peptide_log__AKLEEQAQQIR,0.025209677932186137,0.0
slope1__peptide_mean__Q92823,0.025174597357254427,0.0
delta1__peptide_log__FLATTPNSLLVSWQPPR,0.025164562033375578,0.0
slope1__peptide_std__P00751,0.025115263619858327,0.0
rollmean2__peptide_mean__P02675,0.025086097104457306,0.0
delta1__protein_npx__P02774,0.02506916792205356,0.0
slope1__peptide_mean__O75144,0.025027243291796435,0.0
slope1__peptide_log__LAVYQAGAR,0.025012768840417726,0.0
peptide_count__P54289,0.02500513965285754,0.0
slope1__peptide_log__SGELEQEEER,0.024992172855454745,0.0
delta1__peptide_std__P08603,0.02498853233055111,0.0
delta1__protein_npx__P01024,0.024952218081557988,0.0
rollmean2__peptide_std__P04196,0.0249199928138044,0.0
rollmean2__peptide_log__LIADLGSTSITNLGFR,0.024897565557886272,0.0
slope1__peptide_std__P00736,0.024886176390908652,0.0
slope1__protein_npx__P02751,0.02486315452286695,0.0
lag1__peptide_log__YYWGGQYTWDMAK,0.024862989857397703,0.0
delta1__peptide_log__VQAAVGTSAAPVPSDNH,0.024847889905917738,0.0
rollmean2__protein_npx__P09486,0.024847604660341954,0.0
slope1__protein_npx__O94919,0.02482563846638217,0.0
lag1__protein_npx__P39060,0.024742159575944687,0.0
lag1__peptide_count__P02750,0.02472271334892829,0.0
peptide_std__Q9UHG2,0.024718561232778963,0.0
rollmean2__protein_npx__Q92520,0.024711804330678284,0.0
slope1__peptide_mean__P02790,0.024694609176233884,0.0
lag1__protein_npx__P04180,0.0245925563825246,0.0
delta1__peptide_std__Q92520,0.02457322755397362,0.0
slope1__peptide_count__Q12907,0.024549432479258938,0.0
rollmean2__peptide_count__P02747,0.024545146631587293,0.0
rollmean2__peptide_mean__P19652,0.024538139086796223,0.0
lag1__peptide_mean__P08493,0.024518316971241648,0.0
protein_npx__Q8N2S1,0.024508536701626858,0.0
rollmean2__peptide_mean__Q9UBR2,0.024506009923897495,0.0
rollmean2__protein_npx__P04217,0.0244934065499275,0.0
slope1__peptide_log__LQAEAFQAR,0.024478789780960075,0.0
peptide_mean__P01833,0.02445694538075756,0.0
protein_npx__Q12841,0.024440778851054196,0.0
slope1__peptide_count__P09871,0.024331692509746313,0.0
slope1__peptide_mean__O60888,0.024325310632084627,0.0
peptide_count__P01034,0.0243211626731174,0.0
slope1__peptide_mean__P05060,0.024314226105567664,0.0
lag1__peptide_mean__P01861,0.024313887711956736,0.0
lag1__peptide_log__TTPPVLDSDGSFFLYSR,0.024313887711956736,0.0
missing__peptide_log__ELDESLQVAER,0.024287560685436003,0.0
rollmean2__peptide_std__P01009,0.024265013260285198,0.0
slope1__peptide_mean__Q99674,0.02425834641052987,0.0
rollmean2__peptide_mean__P20774,0.02423335145306997,0.0
slope1__peptide_log__DSGEGDFLAEGGGVR,0.024230187761107917,0.0
slope1__peptide_std__P02765,0.024195256760563832,0.0
lag1__protein_npx__Q99435,0.024184145786352022,0.0
delta1__peptide_mean__P20774,0.024174562675714432,0.0
peptide_count__P08571,0.024135065556820375,0.0
delta1__peptide_log__ILTC(UniMod_4)M(UniMod_35)QGMEEIR,0.024111386844638552,0.0
delta1__peptide_mean__Q8IWV7,0.024111386844638552,0.0
rollmean2__peptide_std__Q9UBX5,0.023979197003518082,0.0
delta1__peptide_mean__O60888,0.023977989886547826,0.0
slope1__protein_npx__O00533,0.02396019572464163,0.0
rollmean2__peptide_mean__Q92876,0.0239059646068503,0.0
peptide_count__P13987,0.023868194073455803,0.0
rollmean2__protein_npx__Q6UXB8,0.02385487979039039,0.0
peptide_std__P02763,0.0238507515858702,0.0
peptide_count__P09871,0.023836118966164888,0.0
peptide_mean__P40925,0.023826433668581254,0.0
rollmean2__peptide_mean__P80748,0.023802994200604555,0.0
missing__peptide_log__NFPPSQDASGDLYTTSSQLTLPATQC(UniMod_4)PDGK,0.023795865932332082,0.0
rollmean2__peptide_mean__Q14515,0.023780804482002385,0.0
lag1__protein_npx__P23083,0.023772373041998588,0.0
slope1__peptide_mean__P36980,0.0237378629570878,0.0
slope1__peptide_std__P08571,0.02370946303307783,0.0
missing__peptide_log__TM(UniMod_35)LLQPAGSLGSYSYR,0.023679174168970585,0.0
peptide_std__P41222,0.023642807723670542,0.0
peptide_log__LIADLGSTSITNLGFR,0.02361827703360763,0.0
lag1__peptide_count__P10645,0.02361624232799213,0.0
rollmean2__peptide_std__P06396,0.023607875147380494,0.0
peptide_log__QKVEPLRAELQEGAR,0.02356418483620811,0.0
delta1__peptide_std__P51884,0.02356368288388705,0.0
slope1__protein_npx__P04156,0.02355223829692485,0.0
slope1__peptide_mean__P36222,0.023549680829189498,0.0
slope1__peptide_mean__P01591,0.02349677694690154,0.0
lag1__protein_npx__P51884,0.023494785078539755,0.0
delta1__peptide_mean__Q16610,0.023487908865640384,0.0
slope1__peptide_mean__Q12841,0.023479968681710563,0.0
slope1__peptide_log__TM(UniMod_35)LLQPAGSLGSYSYR,0.023454597861930857,0.0
lag1__peptide_count__P01834,0.02343157560011481,0.0
rollmean2__peptide_mean__Q92823,0.02342173876056962,0.0
peptide_mean__Q8N2S1,0.023410629088922247,0.0
delta1__peptide_mean__P09486,0.0234050806460964,0.0
delta1__protein_npx__P49588,0.023381017958054407,0.0
lag1__peptide_log__EDSLEAGLPLQVR,0.02337327812280706,0.0
slope1__peptide_mean__P05067,0.023350115673695878,0.0
peptide_mean__P07195,0.023304098369935237,0.0
slope1__protein_npx__P07225,0.023298798829739176,0.0
rollmean2__peptide_std__Q12805,0.023278721599256282,0.0
rollmean2__protein_npx__Q16270,0.02326730616777778,0.0
delta1__peptide_count__P06681,0.023246061649023222,0.0
slope1__peptide_count__P16870,0.02323720956907305,0.0
slope1__protein_npx__P04217,0.0232286983446931,0.0
lag1__protein_npx__P02656,0.023219874052705515,0.0
peptide_log__GC(UniMod_4)PTEEGC(UniMod_4)GER,0.023209202052069066,0.0
peptide_log__C(UniMod_4)REILSVDC(UniMod_4)STNNPSQAK,0.023150116946297934,0.0
lag1__peptide_log__AYQGVAAPFPK,0.023105695376464595,0.0
missing__peptide_std__P55290,0.02310342989722578,0.0
peptide_count__Q9UHG2,0.02302763666584675,0.0
protein_npx__P32754,0.02301780376433266,0.0
slope1__peptide_std__Q9UHG2,0.02301708106475031,0.0
rollmean2__protein_npx__P01621,0.023010704241149746,0.0
lag1__protein_npx__P30086,0.023010217725715713,0.0
protein_missing_fraction,0.022918694495334613,0.0
protein_feature_count,0.02291869449533384,0.0
slope1__peptide_mean__O00584,0.022901781180711758,0.0
lag1__peptide_log__SSQGGSLPSEEK,0.022888604659275218,0.0
delta1__protein_npx__P04433,0.022778998842243034,0.0
delta1__peptide_mean__P61916,0.022764875651620334,0.0
peptide_count__P04196,0.022710745904829133,0.0
rollmean2__peptide_mean__O60888,0.022702613920453914,0.0
slope1__protein_npx__Q16610,0.022697091724010535,0.0
slope1__peptide_std__O15240,0.022676740089797795,0.0
slope1__peptide_count__P55290,0.022662313101378645,0.0
slope1__protein_npx__Q14515,0.022660914869711692,0.0
delta1__peptide_mean__Q96PD5,0.022653048541006214,0.0
rollmean2__peptide_count__P05546,0.0226500301066205,0.0
lag1__protein_npx__Q9UNU6,0.022616480668277213,0.0
slope1__peptide_count__O15240,0.022589055685560067,0.0
lag1__peptide_log__LGADMEDVC(UniMod_4)GR,0.02256607133151071,0.0
lag1__peptide_mean__P19021,0.022561022347614375,0.0
delta1__peptide_log__LGQSLDC(UniMod_4)NAEVYVVPWEK,0.022542982998340413,0.0
peptide_count__P06396,0.022469132729230828,0.0
protein_npx__P01031,0.02246394049075664,0.0
slope1__protein_npx__P00441,0.022428627439408433,0.0
slope1__protein_npx__P36955,0.0224221082855257,0.0
lag1__protein_npx__P00736,0.022415905706808893,0.0
delta1__protein_npx__P01857,0.02239459065568339,0.0
rollmean2__protein_npx__P01594,0.022386949943069424,0.0
delta1__peptide_log__SLAELGGHLDQQVEEFRR,0.022362177405618255,0.0
delta1__protein_npx__Q16610,0.022354108642229583,0.0
rollmean2__peptide_count__P04004,0.022348403674418205,0.0
slope1__peptide_mean__Q96PD5,0.022326667173968577,0.0
delta1__peptide_std__P05155,0.022307231285304298,0.0
rollmean2__peptide_log__TTPPVLDSDGSFFLYSK,0.02228366375046808,0.0
slope1__peptide_count__P01009,0.02226651992707282,0.0
rollmean2__peptide_mean__P05156,0.022261420479169645,0.0
lag1__peptide_std__P02765,0.022237201385619326,0.0
delta1__peptide_mean__P02656,0.022219851818178368,0.0
peptide_count__P25311,0.022203180592156504,0.0
delta1__protein_npx__Q9HDC9,0.022194443586350775,0.0
slope1__peptide_count__P05546,0.0221572438618589,0.0
peptide_std__P00450,0.02209944208776719,0.0
lag1__peptide_std__P51884,0.022052022961775213,0.0
peptide_observation_count,0.022047725758908027,0.0
peptide_mean__Q9NYU2,0.022017230043822063,0.0
lag1__protein_npx__P02766,0.021972603814826706,0.0
delta1__peptide_mean__O75144,0.021965261054888285,0.0
delta1__peptide_log__M(UniMod_35)ASGAANVVGPK,0.02196143691223394,0.0
protein_npx__P01833,0.02195314529595545,0.0
delta1__peptide_log__SLAAAAGKQELAK,0.02195004701690028,0.0
delta1__peptide_mean__P61278,0.02195004701690028,0.0
peptide_count__P02747,0.021912686095348872,0.0
peptide_log__EILSVDC(UniMod_4)STNNPSQAK,0.021911273631812896,0.0
lag1__peptide_count__P02751,0.02188361192871983,0.0
slope1__peptide_log__NFPPSQDASGDLYTTSSQLTLPATQC(UniMod_4)PDGK,0.021878657953376606,0.0
delta1__peptide_count__O00533,0.021870710497834192,0.0
lag1__peptide_log__LRTEGDGVYTLNNEK,0.021856322635394988,0.0
delta1__peptide_mean__Q12841,0.021821944623843306,0.0
slope1__peptide_mean__P08637,0.021815502917124613,0.0
protein_npx__P05090,0.021804694282126103,0.0
lag1__peptide_mean__P07195,0.021798804957544087,0.0
missing__protein_npx__P17936,0.02178732428201828,0.0
missing__peptide_mean__P17936,0.02178732428201828,0.0
missing__peptide_count__P17936,0.02178732428201828,0.0
delta1__protein_npx__P02768,0.021776674470332318,0.0
delta1__peptide_std__P02750,0.021768335934626553,0.0
peptide_std__P01024,0.021754880380877962,0.0
slope1__peptide_count__P39060,0.02172474158284324,0.0
delta1__protein_npx__P02790,0.021721209647447948,0.0
protein_npx__P07195,0.021718272718928885,0.0
delta1__peptide_mean__P08571,0.021716989637808427,0.0
rollmean2__peptide_count__P13591,0.021704596892872755,0.0
delta1__peptide_mean__P07998,0.021692920553381543,0.0
rollmean2__peptide_log__RTPITVVK,0.02166743250645277,0.0
lag1__peptide_std__P10909,0.02164732318430384,0.0
delta1__peptide_count__P05156,0.02161217791543165,0.0
delta1__peptide_log__AYKSELEEQLTPVAEETR,0.02155434144656647,0.0
peptide_count__Q16610,0.021517486576770533,0.0
lag1__peptide_mean__P30086,0.021508257899645618,0.0
lag1__peptide_log__WELALGR,0.021459569814783162,0.0
delta1__peptide_std__Q9NQ79,0.021450257954634035,0.0
slope1__peptide_mean__P01011,0.02144648906695755,0.0
delta1__peptide_mean__P02765,0.021445276025403085,0.0
slope1__peptide_count__P01008,0.021443486347221527,0.0
rollmean2__peptide_mean__P08253,0.021433372133557074,0.0
rollmean2__peptide_count__P01008,0.021430460332387838,0.0
delta1__protein_npx__P01621,0.021413878220009456,0.0
lag1__peptide_log__M(UniMod_35)YLGYEYVTAIR,0.02137280531842515,0.0
slope1__peptide_log__SWFEPLVEDM(UniMod_35)QR,0.02136639994850112,0.0
delta1__peptide_log__NPDPWAK,0.021338948544727992,0.0
lag1__peptide_std__P01023,0.021331053226336476,0.0
slope1__peptide_count__P02766,0.021329852183318468,0.0
slope1__peptide_std__P36955,0.021259744932162067,0.0
slope1__protein_npx__P00734,0.021246189950448146,0.0
rollmean2__peptide_log__TTPPVLDSDGSFFLYSR,0.021236991585439118,0.0
rollmean2__peptide_mean__P01861,0.021236991585439118,0.0
lag1__protein_npx__Q9NYU2,0.021236597172745907,0.0
lag1__peptide_count__Q14118,0.02123286501431849,0.0
slope1__peptide_mean__P13671,0.02123211121675825,0.0
protein_npx__Q96S96,0.021200668725311535,0.0
missing__peptide_mean__Q13451,0.02120021037903644,0.0
missing__peptide_count__Q13451,0.02120021037903644,0.0
missing__protein_npx__Q13451,0.02120021037903644,0.0
slope1__peptide_log__HYDGSYSTFGER,0.021194914373183875,0.0
lag1__peptide_log__VYC(UniMod_4)DMNTENGGWTVIQNR,0.02118069940844085,0.0
rollmean2__peptide_log__VKDLATVYVDVLK,0.021079197369285343,0.0
slope1__peptide_log__AYQGVAAPFPK,0.021073011866160028,0.0
peptide_count__P19652,0.02106430008109574,0.0
slope1__peptide_log__QWAGLVEK,0.021053642807367795,0.0
lag1__peptide_std__P00751,0.02098759700586727,0.0
slope1__peptide_log__LGPLVEQGR,0.020984232195280304,0.0
peptide_std__Q12805,0.020948796556925258,0.0
protein_npx__P02774,0.020860029360621153,0.0
rollmean2__peptide_mean__O15240,0.020858782101064066,0.0
delta1__peptide_mean__Q7Z5P9,0.020820110376602096,0.0
missing__protein_npx__P13611,0.020806384453392626,0.0
missing__peptide_count__P13611,0.020806384453392626,0.0
missing__peptide_mean__P13611,0.020806384453392626,0.0
slope1__peptide_std__P19823,0.02080557406990714,0.0
protein_npx__P10909,0.02080299404822838,0.0
missing__peptide_std__Q14624,0.020706380554253726,0.0
lag1__peptide_count__P07998,0.020682950842304978,0.0
missing__peptide_std__P16070,0.020665523347698327,0.0
slope1__peptide_mean__P23083,0.02066511952349027,0.0
rollmean2__peptide_mean__P01621,0.020647511111151318,0.0
peptide_count__P02675,0.02064725126902308,0.0
slope1__peptide_mean__Q08380,0.020617021471673738,0.0
peptide_feature_count,0.020600928791706673,0.0
peptide_missing_fraction,0.02060092879170666,0.0
lag1__peptide_log__SLAAAAGKQELAK,0.020567051797899027,0.0
lag1__peptide_mean__P61278,0.020567051797899027,0.0
rollmean2__protein_npx__P01717,0.020566522418185955,0.0
delta1__protein_npx__P27169,0.020549802865632277,0.0
rollmean2__peptide_log__HYTNPSQDVTVPC(UniMod_4)PVPPPPPC(UniMod_4)C(UniMod_4)HPR,0.020549057901018762,0.0
lag1__peptide_count__P09486,0.0205385105478195,0.0
missing__peptide_log__IHWESASLLR,0.020524176516752958,0.0
protein_npx__P02766,0.020432397382509508,0.0
lag1__peptide_std__P02649,0.02043041547700092,0.0
rollmean2__peptide_mean__P02647,0.020427738176971376,0.0
rollmean2__protein_npx__P30086,0.020426629784170407,0.0
slope1__peptide_std__O94919,0.020411047997880596,0.0
slope1__peptide_mean__P13521,0.020384155487206845,0.0
delta1__protein_npx__P08637,0.02037708375562712,0.0
rollmean2__peptide_mean__P02766,0.020350799500106324,0.0
lag1__peptide_count__P00751,0.020349827790228772,0.0
protein_npx__P80748,0.020327395404855578,0.0
rollmean2__peptide_observation_count,0.02030723116742,0.0
lag1__peptide_log__C(UniMod_4)SYTEDAQC(UniMod_4)IDGTIEVPK,0.020303223240149854,0.0
rollmean2__protein_npx__O15240,0.020296572644066407,0.0
lag1__peptide_mean__P23083,0.020243312669088638,0.0
rollmean2__peptide_count__Q96PD5,0.020238950568238216,0.0
protein_npx__Q8IWV7,0.020221520453274074,0.0
delta1__peptide_log__ADDKETC(UniMod_4)FAEEGK,0.02020454422580409,0.0
rollmean2__peptide_mean__Q16610,0.020169157425490823,0.0
lag1__peptide_mean__P04180,0.020075987169604036,0.0
rollmean2__protein_npx__P16870,0.02006833829133569,0.0
peptide_mean__P16870,0.01991941106492894,0.0
peptide_abundance_max,0.019899462054015656,0.0
delta1__protein_npx__P13521,0.019896796743647464,0.0
peptide_mean__P06681,0.01988958605596717,0.0
delta1__peptide_count__P06727,0.01988444834380106,0.0
lag1__peptide_std__P16870,0.019883756636560463,0.0
slope1__peptide_mean__P04216,0.019866462882987698,0.0
rollmean2__peptide_log__ELSSFIDKGQELC(UniMod_4)ADYSENTFTEYK,0.01985431541367469,0.0
slope1__peptide_log__ANRPFLVFIR,0.019844186927074584,0.0
lag1__peptide_mean__P01042,0.019807826939820812,0.0
rollmean2__protein_npx__P41222,0.01980579994772424,0.0
delta1__peptide_std__P02656,0.019781673420218495,0.0
lag1__peptide_mean__O43505,0.019763029026842113,0.0
rollmean2__protein_npx__P04275,0.019756285687281064,0.0
delta1__peptide_count__P02656,0.01969904980541477,0.0
delta1__peptide_mean__P04156,0.01969746224104781,0.0
protein_npx__O60888,0.01969060372179094,0.0
lag1__peptide_std__P00736,0.01965379819828266,0.0
protein_npx__P13671,0.01965275554926723,0.0
rollmean2__protein_npx__P16035,0.019634959160849848,0.0
lag1__peptide_mean__Q99674,0.019634359389299024,0.0
missing__peptide_mean__P32754,0.019626147950755055,0.0
missing__protein_npx__P32754,0.019626147950755055,0.0
missing__peptide_count__P32754,0.019626147950755055,0.0
lag1__peptide_count__P36955,0.01959153657366859,0.0
delta1__protein_npx__P02751,0.019566568679856317,0.0
rollmean2__peptide_std__Q06481,0.01952976676077836,0.0
delta1__protein_npx__P36955,0.019349908983075856,0.0
rollmean2__peptide_std__O14773,0.019322010615613814,0.0
peptide_mean__O00391,0.019301314831923547,0.0
rollmean2__peptide_log__DASGVTFTWTPSSGK,0.019296212307815915,0.0
slope1__protein_npx__P02787,0.01929602098816858,0.0
lag1__peptide_mean__P01591,0.01928171805336277,0.0
protein_npx__P19021,0.0192741612936407,0.0
lag1__peptide_count__P04180,0.019251249446236372,0.0
missing__protein_npx__P06310,0.019198044580397693,0.0
missing__peptide_count__P06310,0.019198044580397693,0.0
missing__peptide_mean__P06310,0.019198044580397693,0.0
rollmean2__peptide_log__C(UniMod_4)DSSPDSAEDVRK,0.019164439278381313,0.0
slope1__peptide_mean__P09486,0.01913514136679988,0.0
lag1__peptide_mean__P16870,0.019094013369772008,0.0
peptide_count__Q06481,0.01904418629855871,0.0
rollmean2__peptide_count__P05090,0.019015228208873233,0.0
delta1__protein_npx__Q99674,0.018998618096495244,0.0
slope1__peptide_count__Q96KN2,0.018986128560475046,0.0
rollmean2__peptide_count__Q06481,0.018980916510893422,0.0
lag1__peptide_mean__P51884,0.018950163915063403,0.0
rollmean2__protein_npx__P05452,0.018915497004320287,0.0
delta1__peptide_mean__P01877,0.018898858969220927,0.0
slope1__protein_npx__P01042,0.018895468082346184,0.0
lag1__protein_npx__P01023,0.018890079118870518,0.0
slope1__peptide_mean__O43505,0.01888794218750914,0.0
slope1__peptide_mean__P24592,0.01887310994861301,0.0
protein_npx__P01834,0.018831622921550696,0.0
delta1__protein_npx__P00441,0.018817458456447902,0.0
peptide_log__TQVNTQAEQLRR,0.018783679150409627,0.0
delta1__peptide_mean__P01591,0.018767292695265298,0.0
lag1__protein_npx__O75326,0.01876672749886623,0.0
missing__peptide_mean__P08253,0.018742517019453467,0.0
missing__peptide_count__P08253,0.018742517019453467,0.0
missing__protein_npx__P08253,0.018742517019453467,0.0
delta1__protein_npx__Q8NE71,0.018736882471076806,0.0
peptide_mean__Q6UXD5,0.018700299104176154,0.0
missing__peptide_std__P00748,0.018678726649133497,0.0
slope1__peptide_mean__P02766,0.018666136948485654,0.0
rollmean2__peptide_std__P41222,0.018649897814849555,0.0
delta1__peptide_log__C(UniMod_4)TSTGWIPAPR,0.018642375061978356,0.0
delta1__peptide_mean__P05452,0.018633042074157124,0.0
rollmean2__peptide_log__LPPTSAHGNVAEGETKPDPDVTER,0.01862814928008358,0.0
delta1__peptide_mean__P05155,0.01862601795684309,0.0
delta1__peptide_mean__P23083,0.01858971160402244,0.0
slope1__protein_npx__P00746,0.01857225953109366,0.0
rollmean2__peptide_mean__Q12841,0.01855957738280076,0.0
lag1__peptide_log__GC(UniMod_4)PTEEGC(UniMod_4)GER,0.018510823709768726,0.0
lag1__peptide_count__O15240,0.018496377893964955,0.0
delta1__peptide_std__P00734,0.018485854077688556,0.0
slope1__peptide_std__Q92823,0.018440175347115315,0.0
lag1__peptide_std__P61769,0.01841316477702054,0.0
delta1__peptide_mean__P08637,0.01839890624773375,0.0
delta1__protein_npx__Q9NYU2,0.018330891400798282,0.0
missing__peptide_count__O14791,0.01826953684681861,0.0
missing__peptide_mean__O14791,0.01826953684681861,0.0
missing__protein_npx__O14791,0.01826953684681861,0.0
delta1__peptide_count__P01009,0.018211225391659605,0.0
slope1__peptide_log__GC(UniMod_4)PTEEGC(UniMod_4)GER,0.01817519616833394,0.0
slope1__protein_npx__Q8NE71,0.01815320694716533,0.0
slope1__protein_npx__P01031,0.01813804947279527,0.0
lag1__protein_npx__Q14515,0.018124123222429293,0.0
delta1__peptide_log__TSAHGNVAEGETKPDPDVTER,0.018080887667290553,0.0
slope1__protein_npx__P02749,0.018079470603787447,0.0
peptide_std__P61769,0.018074054105054187,0.0
rollmean2__peptide_count__P02750,0.018030698802279872,0.0
delta1__peptide_count__P02649,0.018018526558682788,0.0
slope1__protein_npx__P09486,0.01801157946758741,0.0
peptide_log__TPVSDRVTK,0.018008141103329947,0.0
delta1__peptide_mean__Q14508,0.018007712129636904,0.0
slope1__peptide_mean__P05156,0.017972970823061526,0.0
peptide_mean__P19827,0.017863621272572256,0.0
lag1__peptide_mean__P01876,0.0178390644442839,0.0
delta1__protein_npx__P02787,0.01783705184524355,0.0
delta1__peptide_count__P02647,0.017809360474755835,0.0
missing__peptide_mean__P01608,0.017803940929714754,0.0
missing__protein_npx__P01608,0.017803940929714754,0.0
missing__peptide_count__P01608,0.017803940929714754,0.0
lag1__protein_npx__P02749,0.017798431351673336,0.0
delta1__protein_npx__P17174,0.01772742523769792,0.0
slope1__peptide_mean__Q7Z5P9,0.017725864781575704,0.0
peptide_std__P04196,0.01772470914443431,0.0
lag1__peptide_mean__P12109,0.017711534227454376,0.0
slope1__peptide_mean__P01023,0.017701143698939867,0.0
missing__peptide_log__AVLPTGDVIGDSAK,0.01767134458617927,0.0
slope1__peptide_mean__Q8NBJ4,0.01766391828321734,0.0
slope1__peptide_log__LC(UniMod_4)MGSGLNLC(UniMod_4)EPNNKEGYYGYTGAFR,0.017657231325703248,0.0
lag1__peptide_count__P10643,0.017656615140050725,0.0
delta1__peptide_mean__Q99674,0.0176157039529587,0.0
lag1__peptide_mean__P02790,0.017614127011517565,0.0
lag1__peptide_count__O14773,0.017611656554336264,0.0
lag1__peptide_count__P30086,0.017593683512990926,0.0
rollmean2__peptide_mean__P02679,0.017556459243378085,0.0
delta1__protein_npx__P10451,0.01751217661658036,0.0
delta1__protein_npx__Q9NQ79,0.017508941541535834,0.0
lag1__protein_npx__P08603,0.017494842735227667,0.0
rollmean2__peptide_mean__P01877,0.01741351005468721,0.0
peptide_std__P08493,0.017390377660631402,0.0
protein_npx__P14314,0.017381610891422837,0.0
missing__protein_npx__P02792,0.017378196233872434,0.0
missing__peptide_mean__P02792,0.017378196233872434,0.0
missing__peptide_count__P02792,0.017378196233872434,0.0
lag1__peptide_log__SGEATDGARPQALPEPMQESK,0.01737346715968541,0.0
rollmean2__peptide_mean__P01591,0.01737064473560923,0.0
missing__protein_npx__P04207,0.017277038493646816,0.0
missing__peptide_mean__P04207,0.017277038493646816,0.0
missing__peptide_count__P04207,0.017277038493646816,0.0
peptide_mean__Q16270,0.017275391142307632,0.0
lag1__peptide_count__P06727,0.017266714220642507,0.0
lag1__protein_npx__P13987,0.01721055891710961,0.0
peptide_count__Q14118,0.017139478678831328,0.0
delta1__protein_npx__P04180,0.017137962394543956,0.0
missing__peptide_std__P14618,0.0171357038425126,0.0
peptide_log__LGPLVEQGR,0.01700078632680475,0.0
delta1__peptide_std__P07225,0.016974538226222812,0.0
lag1__peptide_mean__P54289,0.016890745678236722,0.0
slope1__peptide_std__O00584,0.016873176841217228,0.0
peptide_mean__Q92876,0.016824519852137516,0.0
rollmean2__peptide_log__ILLQGTPVAQMTEDAVDAER,0.016745866892001738,0.0
delta1__peptide_log__NFPPSQDASGDLYTTSSQLTLPATQC(UniMod_4)LAGK,0.01673935634099553,0.0
missing__peptide_std__P01857,0.01668872384983185,0.0
peptide_std__P02750,0.01667942019094124,0.0
lag1__peptide_log__LGADM(UniMod_35)EDVC(UniMod_4)GR,0.016614458548042197,0.0
slope1__peptide_count__P01023,0.016564533588222265,0.0
slope1__protein_npx__P04216,0.0165440034706038,0.0
lag1__peptide_log__LGPLVEQGRVR,0.016526754123634243,0.0
slope1__peptide_std__P02774,0.016505101015492518,0.0
missing__peptide_log__C(UniMod_4)TSTGWIPAPR,0.016500628115361935,0.0
peptide_mean__P23083,0.0164699907334937,0.0
delta1__peptide_log__TPLGDTTHTC(UniMod_4)PR,0.016465758912063116,0.0
slope1__peptide_log__VQAAVGTSAAPVPSDNH,0.016423417164907597,0.0
rollmean2__protein_npx__Q08380,0.016380925736838373,0.0
slope1__peptide_count__P06681,0.016369881780484593,0.0
rollmean2__peptide_std__P08493,0.016365524424362392,0.0
lag1__protein_npx__P00748,0.016353418700824,0.0
delta1__peptide_mean__P14618,0.016352377888309913,0.0
delta1__peptide_std__P06396,0.016339357507767514,0.0
delta1__peptide_mean__P01011,0.016324253730985415,0.0
slope1__protein_npx__P02652,0.016319289354704215,0.0
peptide_count__P02679,0.016307354892683364,0.0
rollmean2__peptide_std__P02751,0.01630706900393336,0.0
slope1__peptide_log__RLEGQEEEEDNRDSSMK,0.016304772728626578,0.0
delta1__protein_npx__O43505,0.016278841487464214,0.0
rollmean2__peptide_mean__Q9BY67,0.016255153905252676,0.0
peptide_mean__P13671,0.016235503526728028,0.0
rollmean2__protein_npx__P23142,0.01621261304078481,0.0
slope1__peptide_log__TQVNTQAEQLRR,0.01616820588192581,0.0
rollmean2__peptide_count__P02774,0.01616325713941496,0.0
delta1__protein_npx__P02452,0.016143885179115244,0.0
slope1__peptide_count__P02679,0.016132622369808808,0.0
slope1__peptide_mean__Q8NE71,0.016130388164188936,0.0
slope1__peptide_mean__P00746,0.016100362924494863,0.0
slope1__peptide_mean__Q13451,0.016087662560680557,0.0
peptide_count__Q08380,0.016078227611980328,0.0
slope1__peptide_log__LGQSLDC(UniMod_4)NAEVYVVPWEK,0.01606565271599182,0.0
rollmean2__peptide_std__P16870,0.016045659971202622,0.0
slope1__peptide_std__P02790,0.01598970815160068,0.0
delta1__peptide_mean__Q9Y646,0.015984411641370284,0.0
missing__peptide_log__FLATTPNSLLVSWQPPR,0.015971544741405556,0.0
delta1__peptide_mean__Q92876,0.015948490225321695,0.0
lag1__protein_npx__Q7Z3B1,0.01594827533163034,0.0
lag1__peptide_std__Q92823,0.015931502297585855,0.0
slope1__peptide_std__O00533,0.01592936207337253,0.0
rollmean2__peptide_std__P07339,0.015924633395528427,0.0
delta1__protein_npx__Q13740,0.015916404408539912,0.0
slope1__peptide_mean__P01042,0.01591280363660714,0.0
lag1__peptide_mean__P17936,0.0159121338647078,0.0
delta1__peptide_mean__P04217,0.015857451925933956,0.0
slope1__peptide_std__Q9Y6R7,0.01579005430756548,0.0
delta1__peptide_mean__P17174,0.01576860679410673,0.0
lag1__peptide_count__P04217,0.015767204105963235,0.0
delta1__peptide_count__P02679,0.015738922083395238,0.0
lag1__peptide_mean__P00441,0.015689010414133096,0.0
rollmean2__protein_npx__P01009,0.015683945933337985,0.0
delta1__peptide_mean__O00391,0.015671952448860486,0.0
slope1__peptide_mean__P16035,0.015662665807132603,0.0
protein_npx__P08697,0.015662652578621955,0.0
peptide_count__O15394,0.015621385450761013,0.0
peptide_std__P00738,0.015572358753548978,0.0
peptide_log__LQAEAFQAR,0.015563967153637443,0.0
lag1__peptide_mean__P01033,0.015556704098643055,0.0
peptide_log__TLLSNLEEAKK,0.015526330930759134,0.0
delta1__peptide_mean__P04004,0.015495588023739133,0.0
slope1__peptide_count__P05067,0.015483763155081008,0.0
rollmean2__peptide_std__P07711,0.015475660632883855,0.0
lag1__peptide_mean__P61916,0.015475041748534892,0.0
lag1__protein_npx__P04275,0.015473271506267164,0.0
slope1__protein_npx__P05067,0.015448254567330412,0.0
lag1__peptide_std__P08493,0.015443707637534146,0.0
lag1__protein_npx__P08493,0.015436360389363498,0.0
slope1__protein_npx__P02679,0.015433560065054197,0.0
delta1__peptide_mean__Q13332,0.01542199999948829,0.0
peptide_mean__P10451,0.015363659276350722,0.0
lag1__peptide_mean__Q562R1,0.015336373711215597,0.0
rollmean2__peptide_mean__P04275,0.015296933858510548,0.0
missing__peptide_count__Q12907,0.015285590579586481,0.0
missing__protein_npx__Q12907,0.015285590579586481,0.0
missing__peptide_mean__Q12907,0.015285590579586481,0.0
slope1__protein_npx__Q92876,0.015285476092700374,0.0
slope1__peptide_mean__P04211,0.01527382440876407,0.0
slope1__protein_npx__P11142,0.015264677921936491,0.0
delta1__peptide_mean__P01860,0.01526052141386359,0.0
protein_npx__O15240,0.015241877779113285,0.0
rollmean2__protein_npx__O75144,0.01518836984359393,0.0
peptide_mean__Q06481,0.01516556227832465,0.0
peptide_count__P16070,0.01515743351397699,0.0
rollmean2__peptide_std__P01024,0.015122561334803794,0.0
missing__peptide_log__TVVQPSVGAAAGPVVPPC(UniMod_4)PGR,0.015019483720750095,0.0
rollmean2__protein_npx__Q99832,0.014983239013533258,0.0
slope1__peptide_std__P00734,0.014971624485596706,0.0
delta1__protein_npx__P14174,0.01496894963243029,0.0
slope1__peptide_count__Q16610,0.014877099089319416,0.0
slope1__protein_npx__P10451,0.014876705945835423,0.0
delta1__peptide_std__P00748,0.014870622000964721,0.0
lag1__peptide_mean__O14773,0.014864468873090316,0.0
lag1__peptide_count__P54289,0.014836900610875543,0.0
peptide_log__MYYSAVDPTKDIFTGLIGPM(UniMod_35)K,0.01483187774130645,0.0
rollmean2__peptide_count__P02675,0.014771892117350624,0.0
delta1__peptide_mean__P01023,0.014734262826163613,0.0
rollmean2__peptide_mean__P10909,0.01471294939575477,0.0
lag1__peptide_count__Q13740,0.01470038182165137,0.0
lag1__peptide_count__P02656,0.014662289206257485,0.0
peptide_mean__P02792,0.01465948760928729,0.0
missing__peptide_count__Q8N2S1,0.014626377461212892,0.0
missing__peptide_mean__Q8N2S1,0.014626377461212892,0.0
missing__protein_npx__Q8N2S1,0.014626377461212892,0.0
slope1__peptide_mean__P11142,0.014602900836525613,0.0
delta1__peptide_std__P36955,0.014598706587492046,0.0
delta1__protein_npx__Q562R1,0.014588726233227439,0.0
delta1__protein_npx__P06681,0.014588371379050702,0.0
slope1__protein_npx__P01857,0.014586178720463288,0.0
peptide_std__P02656,0.014560869700686447,0.0
lag1__peptide_mean__P20774,0.014521801203506678,0.0
delta1__peptide_log__NFPPSQDASGDLYTTSSQLTLPATQC(UniMod_4)PDGK,0.014491080870677565,0.0
peptide_count__P98160,0.014486671287352936,0.0
peptide_log__GEVQAMLGQSTEELRVR,0.014486101291266075,0.0
missing__peptide_count__Q13740,0.014410348855189867,0.0
missing__protein_npx__Q13740,0.014410348855189867,0.0
missing__peptide_mean__Q13740,0.014410348855189867,0.0
peptide_mean__P20774,0.014409443452002917,0.0
lag1__peptide_log__MASGAANVVGPK,0.014398157602718408,0.0
protein_npx__P60174,0.014396599861796104,0.0
slope1__peptide_mean__P04196,0.014394863755557362,0.0
missing__peptide_log__AATGEC(UniMod_4)TATVGKR,0.014391470963876146,0.0
lag1__peptide_mean__Q9NYU2,0.014389410105184701,0.0
delta1__peptide_log__LC(UniMod_4)MGSGLNLC(UniMod_4)EPNNKEGYYGYTGAFR,0.01438716235646554,0.0
rollmean2__peptide_mean__Q9UHG2,0.014315784434676659,0.0
missing__peptide_count__Q14508,0.014304799901764316,0.0
missing__protein_npx__Q14508,0.014304799901764316,0.0
missing__peptide_mean__Q14508,0.014304799901764316,0.0
lag1__peptide_mean__P04211,0.01428161935723585,0.0
rollmean2__peptide_log__LSKELQAAQAR,0.01427402889660782,0.0
delta1__peptide_mean__Q7Z3B1,0.014250803714257299,0.0
peptide_mean__P01608,0.014242889705769791,0.0
lag1__peptide_log__TPVSDRVTK,0.014239582801636137,0.0
delta1__peptide_mean__P10643,0.014237459715324806,0.0
lag1__protein_npx__P01031,0.01422028393983997,0.0
peptide_count__Q9Y6R7,0.01422021348258431,0.0
lag1__peptide_mean__Q92823,0.014184548693056794,0.0
lag1__peptide_mean__P05546,0.014183951596829477,0.0
lag1__peptide_mean__P07711,0.014170386011201767,0.0
lag1__peptide_std__P02652,0.014157666257693647,0.0
protein_npx__P07602,0.014155247501271244,0.0
slope1__protein_npx__P05408,0.014149949036098437,0.0
slope1__protein_npx__Q6UXB8,0.014129347144215784,0.0
delta1__protein_npx__Q9UKV8,0.014066564026427374,0.0
slope1__peptide_log__ELSSFIDKGQELC(UniMod_4)ADYSENTFTEYK,0.01405445051783586,0.0
rollmean2__peptide_std__P02671,0.014029287441574494,0.0
lag1__peptide_log__LGQSLDC(UniMod_4)NAEVYVVPWEK,0.014019001624005172,0.0
delta1__peptide_std__P00747,0.014017016476776775,0.0
peptide_mean__P01877,0.014015459755241605,0.0
lag1__peptide_log__NPDSSTTGPWC(UniMod_4)YTTDPTVR,0.01398509273904769,0.0
protein_npx__Q13283,0.01397290835311398,0.0
lag1__peptide_mean__P01008,0.013967647897611613,0.0
missing__peptide_mean__P08123,0.013947945443047784,0.0
missing__protein_npx__P08123,0.013947945443047784,0.0
missing__peptide_count__P08123,0.013947945443047784,0.0
rollmean2__protein_npx__P08253,0.013931714551832676,0.0
missing__peptide_std__P98160,0.013903253875984485,0.0
lag1__protein_npx__P09871,0.013859184653427158,0.0
missing__peptide_log__AATVGSLAGQPLQER,0.013848869545770047,0.0
lag1__protein_npx__P07602,0.013841586673842625,0.0
rollmean2__peptide_count__P25311,0.013835764992229155,0.0
delta1__peptide_log__KQELSEAEQATR,0.013800780486256785,0.0
peptide_count__P02774,0.013772226592202652,0.0
peptide_std__O14773,0.013771572711362643,0.0
rollmean2__protein_npx__P02655,0.013755711835644299,0.0
lag1__protein_npx__P49908,0.01375487584538733,0.0
rollmean2__peptide_log__LAVYQAGAR,0.01374678883239919,0.0
peptide_std__P02774,0.0137458877048493,0.0
protein_npx__Q99969,0.013711474732826256,0.0
peptide_log__SGEATDGARPQALPEPMQESK,0.013683963258071117,0.0
rollmean2__peptide_std__P10909,0.013658585909627147,0.0
lag1__peptide_count__P02679,0.013631270498494902,0.0
rollmean2__peptide_mean__Q9Y6R7,0.013628301824208515,0.0
delta1__peptide_mean__Q6UX71,0.013616927428565694,0.0
lag1__months_since_prev_visit,0.013595970751199728,0.0
slope1__protein_npx__P05060,0.013594883668026206,0.0
rollmean2__peptide_std__P12109,0.013546948124794485,0.0
missing__peptide_std__P17174,0.013545696605067655,0.0
rollmean2__protein_npx__P02750,0.013539902141327309,0.0
peptide_std__P02765,0.013538962499441427,0.0
delta1__peptide_std__P01024,0.013534353766159015,0.0
rollmean2__protein_npx__P02652,0.013494147194869943,0.0
rollmean2__protein_npx__Q9Y646,0.013453527634275212,0.0
peptide_log__LSKELQAAQAR,0.013394494936316469,0.0
slope1__peptide_count__P08603,0.01337682412579932,0.0
delta1__current_medication_on,0.013340662280038993,0.0
rollmean2__protein_npx__P07602,0.013318283098842656,0.0
lag1__peptide_std__P01859,0.013214906107002216,0.0
delta1__peptide_mean__P07225,0.013210377619006836,0.0
slope1__peptide_log__C(UniMod_4)TSTGWIPAPR,0.013191776524093446,0.0
delta1__peptide_count__P19823,0.013136452237996891,0.0
slope1__peptide_count__P05156,0.013127852429737736,0.0
missing__peptide_std__P30086,0.013120020054272274,0.0
lag1__peptide_std__P06396,0.013113462377456944,0.0
lag1__peptide_log__ADDKETC(UniMod_4)FAEEGK,0.013107792303526232,0.0
delta1__protein_npx__P04275,0.013086338329891962,0.0
rollmean2__protein_npx__Q16610,0.013068073599582883,0.0
missing__peptide_count__Q99832,0.013019692297323904,0.0
missing__protein_npx__Q99832,0.013019692297323904,0.0
missing__peptide_mean__Q99832,0.013019692297323904,0.0
peptide_std__P07602,0.012974555074117303,0.0
rollmean2__peptide_mean__P10451,0.01297099971964547,0.0
protein_npx__P04217,0.012959911811710778,0.0
delta1__peptide_count__P00736,0.012950803820826147,0.0
peptide_mean__P01033,0.012928986759799067,0.0
protein_npx__P11277,0.012925351397281012,0.0
delta1__peptide_abundance_max,0.012869339976417083,0.0
lag1__peptide_std__Q13740,0.012864357844772013,0.0
delta1__peptide_mean__P08697,0.012854692947011602,0.0
protein_npx__Q7Z3B1,0.012848103112669514,0.0
peptide_count__P30086,0.012847637486049142,0.0
peptide_mean__P02656,0.012846130626786141,0.0
slope1__protein_npx__O14773,0.01282193396190306,0.0
rollmean2__peptide_std__P02750,0.012819013798459046,0.0
slope1__protein_npx__P39060,0.012789569281746632,0.0
peptide_std__O00533,0.012778370147358891,0.0
slope1__protein_npx__P07339,0.012771991338951589,0.0
rollmean2__protein_npx__Q96KN2,0.012769795612327923,0.0
lag1__protein_npx__Q08380,0.01276556086779677,0.0
peptide_log__AATGEC(UniMod_4)TATVGKR,0.012705470092999166,0.0
peptide_count__P01023,0.01261877736297339,0.0
slope1__peptide_log__SSQGGSLPSEEK,0.012613103799267972,0.0
protein_npx__Q08380,0.01261278728645652,0.0
peptide_std__P19652,0.012610421774712619,0.0
peptide_mean__P19652,0.012605783275391814,0.0
delta1__protein_npx__P07998,0.012561608527084272,0.0
delta1__peptide_log__VDNALQSGNSQESVTEQDSKDSTYSLSSTLTLSK,0.012544831273402106,0.0
slope1__peptide_count__P19823,0.012521864216684244,0.0
rollmean2__peptide_mean__P02656,0.012492762268560697,0.0
rollmean2__peptide_count__P36955,0.012468815685552415,0.0
delta1__protein_npx__P01031,0.012448685325878424,0.0
missing__peptide_std__Q06481,0.012410625474153647,0.0
rollmean2__protein_npx__Q12907,0.012401393016600811,0.0
rollmean2__protein_npx__P51884,0.012401315556373263,0.0
delta1__peptide_std__P00736,0.012382853354300338,0.0
slope1__peptide_mean__P55290,0.012374505717592063,0.0
slope1__peptide_count__P01857,0.012365250918243541,0.0
protein_npx__Q12907,0.012346220498926266,0.0
lag1__peptide_std__P14314,0.0123183153856069,0.0
rollmean2__protein_npx__Q9BY67,0.012317295881764116,0.0
delta1__peptide_mean__P16035,0.01229553822565346,0.0
lag1__peptide_mean__P10645,0.012261394810170407,0.0
delta1__peptide_mean__P01009,0.012236333025704918,0.0
slope1__peptide_std__P07998,0.012183348451436753,0.0
lag1__peptide_count__P01034,0.01218266354482418,0.0
rollmean2__protein_npx__Q13332,0.01213698791510672,0.0
protein_npx__Q9BY67,0.012133216646291028,0.0
rollmean2__peptide_mean__P00747,0.012074955290450334,0.0
delta1__peptide_mean__P01031,0.0120523267297083,0.0
slope1__peptide_count__P02649,0.011906520060105957,0.0
delta1__protein_npx__P36222,0.011882601597849997,0.0
lag1__protein_npx__P10643,0.011868266020617442,0.0
missing__peptide_count__Q99683,0.011863906080953527,0.0
missing__protein_npx__Q99683,0.011863906080953527,0.0
missing__peptide_mean__Q99683,0.011863906080953527,0.0
rollmean2__protein_npx__P02790,0.011835850694716885,0.0
delta1__peptide_mean__P06396,0.011824364178508663,0.0
slope1__peptide_mean__P02748,0.011814070800134394,0.0
peptide_count__P55290,0.011811316949058326,0.0
peptide_mean__P05408,0.011770370059186038,0.0
peptide_count__P20774,0.011717271858984033,0.0
lag1__peptide_mean__Q9UHG2,0.011710963952517126,0.0
slope1__protein_npx__Q8NBJ4,0.011684565284115005,0.0
rollmean2__peptide_mean__P02790,0.011667404017249215,0.0
delta1__peptide_count__P01019,0.011662195185716104,0.0
lag1__protein_npx__P10909,0.01164187110409965,0.0
delta1__protein_npx__P11142,0.011635058961165309,0.0
delta1__peptide_log__LFDSDPITVTVPVEVSR,0.011622508082483886,0.0
slope1__peptide_mean__P08294,0.011618376631522844,0.0
delta1__peptide_std__P04196,0.011563872035312601,0.0
delta1__peptide_std__Q12907,0.011558906168290483,0.0
peptide_mean__Q9Y6R7,0.011540063997111553,0.0
delta1__peptide_mean__Q9BY67,0.011525308984796713,0.0
lag1__peptide_log__TSPVDEKALQDQLVLVAAK,0.011513144739643768,0.0
delta1__protein_npx__P05156,0.011504541474315408,0.0
rollmean2__protein_npx__P02774,0.01150142200358509,0.0
rollmean2__peptide_abundance_max,0.011497936641476893,0.0
peptide_count__P43652,0.011429745439589141,0.0
rollmean2__peptide_mean__P54289,0.011429624374043558,0.0
lag1__peptide_count__P02647,0.01142116241751831,0.0
rollmean2__peptide_log__TDASDVKPC(UniMod_4),0.011309462414035317,0.0
protein_npx__Q99435,0.011294982540780495,0.0
slope1__protein_npx__Q13740,0.011280722292556012,0.0
slope1__peptide_log__HYTNPSQDVTVPC(UniMod_4)PVPPPPPC(UniMod_4)C(UniMod_4)HPR,0.01127635649615812,0.0
missing__peptide_log__GEVQAMLGQSTEELR,0.011275399021615059,0.0
slope1__peptide_mean__P01877,0.011271795736569244,0.0
peptide_std__P01009,0.0112202221942558,0.0
lag1__peptide_abundance_min,0.011208007573378235,0.0
delta1__peptide_std__Q9Y6R7,0.011203340595792859,0.0
lag1__peptide_mean__P05156,0.011187840336021998,0.0
delta1__peptide_std__Q08380,0.011137779415059447,0.0
delta1__peptide_log__VGYVSGWGR,0.011120783622374932,0.0
lag1__protein_npx__P13611,0.011052148816939783,0.0
lag1__peptide_mean__P07339,0.0110490381741804,0.0
delta1__peptide_count__P01860,0.01104456230830185,0.0
delta1__peptide_log__C(UniMod_4)IIEVLSNALSK,0.011034665865880939,0.0
missing__peptide_count__Q8IWV7,0.011033076278789787,0.0
missing__protein_npx__Q8IWV7,0.011033076278789787,0.0
missing__peptide_log__ILTC(UniMod_4)M(UniMod_35)QGMEEIR,0.011033076278789787,0.0
missing__peptide_mean__Q8IWV7,0.011033076278789787,0.0
peptide_std__P55290,0.011030376464549144,0.0
protein_npx__P41222,0.011018051745789141,0.0
lag1__peptide_std__P01034,0.0109976224293179,0.0
lag1__peptide_mean__P36955,0.010995230209443945,0.0
rollmean2__peptide_count__P51884,0.010965277167101129,0.0
delta1__peptide_log__TLLSNLEEAKK,0.010907056440614326,0.0
rollmean2__months_since_baseline,0.010902901917263234,0.0
lag1__peptide_count__P00441,0.010876719898527749,0.0
peptide_count__Q9UBX5,0.01086027945966125,0.0
slope1__peptide_count__P01024,0.01083767788154734,0.0
lag1__protein_npx__Q14118,0.010834866130675422,0.0
protein_npx__P01034,0.010820886554373412,0.0
peptide_mean__P17174,0.010816820593234267,0.0
rollmean2__peptide_mean__P16870,0.010805756848791242,0.0
slope1__peptide_count__P51884,0.010794224601864274,0.0
missing__peptide_std__P05156,0.010783536883679981,0.0
peptide_log__C(UniMod_4)TSTGWIPAPR,0.010776807079708814,0.0
rollmean2__peptide_mean__P04216,0.01076109068730309,0.0
rollmean2__peptide_std__P01859,0.010756564856543301,0.0
lag1__peptide_mean__Q14515,0.01071493690207551,0.0
lag1__peptide_log__VTLTC(UniMod_4)VAPLSGVDFQLR,0.010710911475214968,0.0
lag1__peptide_std__P02452,0.010700134876579974,0.0
protein_npx__P51884,0.010697923695463761,0.0
rollmean2__peptide_log__MASGAANVVGPK,0.010675049106661949,0.0
delta1__peptide_mean__P11142,0.010653421913048522,0.0
peptide_mean__P55290,0.01062890895802211,0.0
lag1__protein_npx__P05060,0.010574087678614655,0.0
lag1__protein_npx__P08294,0.010565664844170892,0.0
missing__peptide_mean__P01780,0.010554595868922665,0.0
missing__peptide_count__P01780,0.010554595868922665,0.0
missing__protein_npx__P01780,0.010554595868922665,0.0
delta1__peptide_std__P06727,0.010527303827197593,0.0
slope1__protein_npx__P24592,0.01051143905271255,0.0
lag1__protein_npx__P19827,0.010493146147532812,0.0
delta1__peptide_mean__P00441,0.010466596324609933,0.0
slope1__peptide_log__KAADDTWEPFASGK,0.010462298684113289,0.0
slope1__peptide_count__P02765,0.010441984029356116,0.0
rollmean2__peptide_log__SLAAAAGKQELAK,0.010429148811189188,0.0
rollmean2__peptide_mean__P61278,0.010429148811189188,0.0
protein_npx__P02790,0.010425555335453167,0.0
peptide_mean__P05452,0.010423546459301604,0.0
lag1__peptide_mean__P13987,0.010413645077538627,0.0
peptide_log__MASGAANVVGPK,0.010406957343759802,0.0
rollmean2__peptide_std__O00584,0.010345955490604948,0.0
peptide_mean__P35542,0.010329903230214136,0.0
peptide_log__KAADDTWEPFASGK,0.01032270429092828,0.0
missing__protein_npx__Q562R1,0.010322480768522123,0.0
missing__peptide_count__Q562R1,0.010322480768522123,0.0
missing__peptide_mean__Q562R1,0.010322480768522123,0.0
slope1__peptide_std__P00747,0.010295821552245975,0.0
slope1__protein_npx__P18065,0.01027918079157012,0.0
rollmean2__peptide_mean__Q9Y646,0.010256910411593005,0.0
slope1__protein_npx__Q9UBR2,0.01025011724142057,0.0
delta1__peptide_mean__O43505,0.01024381784082857,0.0
rollmean2__peptide_mean__Q16270,0.010222420998851026,0.0
lag1__peptide_log__KVEQAVETEPEPELR,0.01021426863258109,0.0
peptide_mean__Q12841,0.01017539046459375,0.0
missing__peptide_mean__P43251,0.010133367440909131,0.0
missing__peptide_count__P43251,0.010133367440909131,0.0
missing__protein_npx__P43251,0.010133367440909131,0.0
peptide_log__ELDESLQVAER,0.010129178520398947,0.0
delta1__peptide_log__SSQGGSLPSEEK,0.010116023530089937,0.0
peptide_log__GSPAINVAVHVFRK,0.010105075036727322,0.0
lag1__peptide_mean__P35542,0.010035194177961969,0.0
slope1__peptide_std__P05060,0.010034174123400567,0.0
rollmean2__peptide_mean__P01594,0.010005720856686775,0.0
slope1__peptide_count__P00738,0.009972635779137089,0.0
slope1__peptide_mean__O75326,0.009970870777253777,0.0
lag1__protein_npx__P01042,0.00996545482758522,0.0
rollmean2__peptide_count__P06396,0.009928379291746642,0.0
delta1__current_medication_unknown,0.009883165030782994,0.0
delta1__peptide_std__O94919,0.009867668806382119,0.0
lag1__protein_npx__P23142,0.009866093747207419,0.0
peptide_log__LC(UniMod_4)MGSGLNLC(UniMod_4)EPNNKEGYYGYTGAFR,0.009842495069604445,0.0
lag1__peptide_log__LIADLGSTSITNLGFR,0.009814870089818255,0.0
slope1__protein_npx__P14618,0.009800053332589896,0.0
rollmean2__peptide_count__P00746,0.009785866617770152,0.0
peptide_std__P00746,0.009782379494885939,0.0
rollmean2__peptide_mean__Q06481,0.009780644370313955,0.0
missing__peptide_std__P00736,0.009775811817450053,0.0
missing__peptide_count__P35542,0.009764234148386078,0.0
missing__peptide_mean__P35542,0.009764234148386078,0.0
missing__protein_npx__P35542,0.009764234148386078,0.0
slope1__peptide_mean__P14618,0.009746471480551968,0.0
lag1__peptide_mean__P14174,0.009745345159714796,0.0
peptide_std__P02751,0.009737210652013713,0.0
slope1__protein_npx__P04196,0.009700629685777586,0.0
rollmean2__protein_npx__Q7Z3B1,0.00969738908832388,0.0
rollmean2__peptide_count__Q9Y6R7,0.009696085556630828,0.0
delta1__peptide_count__P18065,0.009653766477603548,0.0
lag1__protein_npx__P36955,0.009646022164042745,0.0
slope1__peptide_log__AYKSELEEQLTPVAEETR,0.009630388975788653,0.0
missing__protein_npx__P06454,0.009606985478821143,0.0
missing__peptide_count__P06454,0.009606985478821143,0.0
missing__peptide_mean__P06454,0.009606985478821143,0.0
missing__peptide_std__P07711,0.009602568117657206,0.0
protein_npx__P20933,0.009573269134241337,0.0
delta1__peptide_std__P02763,0.009500205382969114,0.0
protein_npx__P16035,0.009485758401970247,0.0
peptide_mean__P02675,0.009484887384419046,0.0
delta1__peptide_log__VC(UniMod_4)PFAGILENGAVR,0.009482432334069186,0.0
rollmean2__peptide_std__O00533,0.009470376738505287,0.0
delta1__peptide_count__P19652,0.009437955193800755,0.0
lag1__peptide_log__FLATTPNSLLVSWQPPR,0.009427892661142028,0.0
rollmean2__peptide_mean__P17174,0.009424575318300436,0.0
slope1__protein_npx__P36222,0.009412309986528757,0.0
delta1__peptide_log__LGADMEDVC(UniMod_4)GR,0.009385586990451307,0.0
peptide_mean__Q14515,0.009354294216051207,0.0
delta1__peptide_mean__Q14118,0.009325732528545494,0.0
rollmean2__peptide_mean__Q12805,0.009319630699832694,0.0
rollmean2__current_updrs_4,0.009301720305270489,0.0
protein_npx__P01594,0.009276794936622168,0.0
delta1__peptide_count__P02790,0.009263183210855966,0.0
delta1__peptide_log__VTLTC(UniMod_4)VAPLSGVDFQLR,0.009201380836034324,0.0
delta1__peptide_count__P02765,0.009196514461618292,0.0
lag1__peptide_mean__P04216,0.009189040847269762,0.0
slope1__peptide_mean__Q92876,0.009180589075242272,0.0
delta1__protein_npx__P80748,0.009169360366398357,0.0
slope1__protein_npx__P23083,0.009159448843613607,0.0
rollmean2__peptide_mean__P13671,0.009153320606767757,0.0
peptide_std__P02671,0.009148698558184804,0.0
rollmean2__peptide_mean__P24592,0.009081154136472489,0.0
delta1__protein_npx__P01859,0.00907828714939759,0.0
slope1__peptide_count__P04180,0.009062546321873687,0.0
lag1__protein_npx__P05067,0.009024409145204219,0.0
slope1__peptide_mean__Q9BY67,0.00899689668535946,0.0
delta1__peptide_count__P07225,0.008956435716361058,0.0
delta1__peptide_log__SPVGVQPILNEHTFC(UniMod_4)AGMSK,0.008894335118814243,0.0
delta1__peptide_log__SC(UniMod_4)DTPPPC(UniMod_4)PR,0.008880707207669493,0.0
peptide_std__P05546,0.008876017679538233,0.0
protein_npx__P01608,0.008860673735008732,0.0
rollmean2__peptide_log__C(UniMod_4)IIEVLSNALSK,0.008841408797988025,0.0
protein_npx__P02679,0.008835873210730039,0.0
lag1__peptide_mean__P05067,0.00880647120386846,0.0
lag1__protein_npx__P05156,0.008730466936686469,0.0
slope1__peptide_mean__P10909,0.008721366951295134,0.0
missing__protein_npx__P27169,0.008713408421482272,0.0
missing__peptide_count__P27169,0.008713408421482272,0.0
missing__peptide_mean__P27169,0.008713408421482272,0.0
slope1__peptide_mean__P27169,0.008705716085212738,0.0
slope1__protein_npx__P13671,0.008699278634385157,0.0
delta1__peptide_log__LGADM(UniMod_35)EDVC(UniMod_4)GR,0.008665977079870402,0.0
slope1__protein_npx__O15394,0.008649133280455846,0.0
rollmean2__peptide_count__Q96KN2,0.00861671307913418,0.0
delta1__peptide_mean__P01024,0.008613304084755035,0.0
lag1__protein_npx__P02671,0.008599497397565145,0.0
months_since_baseline,0.008543825888411004,0.0
peptide_std__P01857,0.008492985364482815,0.0
slope1__peptide_count__P02787,0.008462519451968395,0.0
delta1__protein_npx__P13611,0.008454781828433138,0.0
rollmean2__peptide_log__LGPLVEQGR,0.00840981503454647,0.0
protein_npx__Q13451,0.008400797637689134,0.0
delta1__peptide_count__P02774,0.008391980208774987,0.0
protein_npx__Q9NYU2,0.008390615626153767,0.0
protein_npx__P01023,0.008376682668411043,0.0
rollmean2__peptide_std__P02774,0.008373063027075014,0.0
slope1__peptide_std__Q92520,0.008347022734538087,0.0
rollmean2__protein_npx__Q12841,0.008329428057297389,0.0
delta1__protein_npx__P05155,0.008320914223282086,0.0
protein_npx__P23142,0.008300329250658697,0.0
rollmean2__peptide_log__GC(UniMod_4)PTEEGC(UniMod_4)GER,0.008295187955593537,0.0
slope1__peptide_mean__P31997,0.008282934171416595,0.0
delta1__protein_npx__Q7Z3B1,0.008146485242128769,0.0
slope1__peptide_log__MASGAANVVGPK,0.008138860833808447,0.0
rollmean2__protein_npx__P01833,0.008138797467363734,0.0
delta1__peptide_count__O00584,0.008089869607012941,0.0
slope1__peptide_std__P10643,0.008082245935861482,0.0
missing__peptide_std__P01877,0.008077047410800531,0.0
delta1__peptide_count__Q12907,0.00807034117803273,0.0
lag1__peptide_count__P02763,0.008063947699124578,0.0
peptide_log__TSAHGNVAEGETKPDPDVTER,0.008060464503582727,0.0
delta1__peptide_count__P04217,0.008030049096771227,0.0
delta1__peptide_mean__P07333,0.007987948538508352,0.0
slope1__peptide_count__P14314,0.007983125896597925,0.0
lag1__peptide_mean__Q9UNU6,0.007957292516414131,0.0
lag1__peptide_count__P19652,0.00792856971908113,0.0
delta1__peptide_mean__P55290,0.007890730809860075,0.0
delta1__peptide_abundance_mean,0.00788864442591653,0.0
rollmean2__peptide_log__QKVEPLRAELQEGAR,0.007858790230416128,0.0
lag1__protein_npx__P13521,0.007841634322749803,0.0
slope1__protein_npx__P20774,0.007838171869820434,0.0
delta1__peptide_mean__P51884,0.007834192601997523,0.0
rollmean2__peptide_mean__P01608,0.007830727808436988,0.0
delta1__peptide_mean__P13611,0.007816249188586276,0.0
rollmean2__protein_npx__Q9UKV8,0.0077729420787102915,0.0
delta1__peptide_mean__Q96BZ4,0.007731569261341286,0.0
peptide_count__Q96KN2,0.0077209753543177415,0.0
delta1__peptide_count__P23142,0.007655703771314017,0.0
slope1__peptide_mean__P98160,0.007651574902086084,0.0
delta1__protein_npx__P20774,0.0076217625522052085,0.0
missing__peptide_count__Q96S96,0.007617681093642283,0.0
missing__protein_npx__Q96S96,0.007617681093642283,0.0
missing__peptide_mean__Q96S96,0.007617681093642283,0.0
lag1__peptide_std__P20774,0.007607887228642413,0.0
protein_npx__P02787,0.007595128957142655,0.0
delta1__peptide_std__P08294,0.007575244666083661,0.0
delta1__protein_npx__P00738,0.007569529574037958,0.0
rollmean2__protein_npx__Q02818,0.007554478251122187,0.0
delta1__peptide_mean__P04433,0.007533639772136237,0.0
slope1__peptide_std__P02679,0.0075110647910194405,0.0
rollmean2__peptide_mean__Q15904,0.007496293299403502,0.0
rollmean2__peptide_abundance_mean,0.007489534957202172,0.0
rollmean2__peptide_count__P36222,0.007478143126659166,0.0
rollmean2__peptide_mean__P43251,0.007428012619987206,0.0
lag1__peptide_mean__P04207,0.007418514343210098,0.0
lag1__peptide_std__O15394,0.007416629217980373,0.0
peptide_count__P02768,0.007364255920852363,0.0
rollmean2__peptide_mean__Q02818,0.007350519138458473,0.0
slope1__peptide_mean__O15240,0.007314801782623739,0.0
rollmean2__peptide_mean__P02747,0.007244327363036581,0.0
slope1__peptide_count__P02760,0.007200728596269804,0.0
rollmean2__peptide_mean__P08493,0.0071579732349840094,0.0
lag1__peptide_mean__Q96PD5,0.007157471761636107,0.0
slope1__peptide_mean__P04156,0.007150065753561523,0.0
rollmean2__protein_npx__O14498,0.007115752959634289,0.0
slope1__protein_npx__P17936,0.00710993221651895,0.0
lag1__peptide_log__SPVGVQPILNEHTFC(UniMod_4)AGMSK,0.0070849368285305385,0.0
lag1__peptide_count__P08294,0.0070585410462517826,0.0
rollmean2__peptide_mean__P02751,0.007053472546218045,0.0
slope1__peptide_mean__O14773,0.007049318035051104,0.0
lag1__protein_npx__P07998,0.007028986310207974,0.0
slope1__protein_npx__Q9HDC9,0.007019245937991675,0.0
lag1__peptide_mean__P02760,0.007015996487583494,0.0
slope1__protein_npx__Q9BY67,0.006992314622409867,0.0
delta1__peptide_log__GEVQAMLGQSTEELR,0.006927271033169854,0.0
lag1__protein_npx__P20933,0.00686376549200904,0.0
delta1__peptide_mean__O75326,0.006756191385281582,0.0
slope1__visit_index,0.006755709847858043,0.0
peptide_count__P08697,0.006748716803612036,0.0
missing__peptide_mean__Q9UBR2,0.006721798735235734,0.0
missing__protein_npx__Q9UBR2,0.006721798735235734,0.0
missing__peptide_count__Q9UBR2,0.006721798735235734,0.0
delta1__peptide_count__P07998,0.006714600419252397,0.0
protein_npx__P01033,0.0066935018215852,0.0
delta1__peptide_count__P55290,0.006682147094244826,0.0
lag1__peptide_mean__O00533,0.006642007624398675,0.0
peptide_std__P01008,0.006608293157339567,0.0
rollmean2__peptide_log__GEVQAMLGQSTEELRVR,0.006599515891470161,0.0
slope1__peptide_count__P02675,0.0065644736461735265,0.0
slope1__peptide_count__Q14624,0.006557018191171457,0.0
peptide_std__P05060,0.006537215645432313,0.0
slope1__peptide_log__C(UniMod_4)IIEVLSNALSK,0.00650815630506149,0.0
rollmean2__peptide_count__O00584,0.006507644549025259,0.0
delta1__protein_npx__P06727,0.0064765262861503775,0.0
rollmean2__protein_npx__O75326,0.006460096950789795,0.0
lag1__peptide_mean__P05155,0.00644938655628511,0.0
lag1__protein_npx__Q96KN2,0.006436552403774147,0.0
slope1__peptide_abundance_mean,0.006432925176534738,0.0
delta1__peptide_count__P17174,0.006414816455191929,0.0
lag1__peptide_mean__P01834,0.006400571963903006,0.0
protein_npx__P01009,0.006393477652126927,0.0
lag1__peptide_count__O15394,0.0063832016073276385,0.0
lag1__peptide_count__P02787,0.006373976397599972,0.0
rollmean2__peptide_mean__P02649,0.006350430010439921,0.0
slope1__peptide_mean__O00391,0.006350264159416569,0.0
missing__peptide_std__O00584,0.0063404649488496695,0.0
peptide_mean__O60888,0.0063227884578117175,0.0
lag1__peptide_std__Q06481,0.006290991649437639,0.0
slope1__protein_npx__Q13332,0.006258839390953966,0.0
lag1__peptide_abundance_sum,0.0062222905265835035,0.0
rollmean2__protein_npx__P49588,0.006197340702251647,0.0
lag1__protein_npx__Q9UBR2,0.006177356082336032,0.0
delta1__peptide_count__P02748,0.00613110663383206,0.0
lag1__peptide_std__P05090,0.006118602009652905,0.0
lag1__protein_npx__P07333,0.006093515969822052,0.0
lag1__protein_npx__P61916,0.006083789460421686,0.0
rollmean2__protein_npx__P80748,0.006074457986116194,0.0
peptide_abundance_min,0.006063577436463681,0.0
slope1__protein_npx__P43121,0.006063517579800845,0.0
slope1__peptide_std__P06681,0.006062184408371612,0.0
lag1__peptide_count__P02766,0.006061703588615198,0.0
lag1__protein_npx__Q99829,0.0060308061902977885,0.0
delta1__peptide_mean__P05156,0.006003076556802345,0.0
delta1__peptide_mean__P01042,0.00597328427490847,0.0
rollmean2__peptide_mean__Q13451,0.005927016890289801,0.0
missing__peptide_log__YVMLPVADQDQC(UniMod_4)IR,0.005888171245834903,0.0
lag1__peptide_mean__P01344,0.005869531209797571,0.0
peptide_std__P08571,0.005836120080360034,0.0
slope1__protein_npx__P49588,0.005752483269451909,0.0
slope1__peptide_std__P43121,0.005743647017301868,0.0
rollmean2__peptide_log__EILSVDC(UniMod_4)STNNPSQAK,0.005635387068740156,0.0
delta1__peptide_mean__P04207,0.0056060941757938125,0.0
delta1__peptide_mean__P02790,0.005605105297099835,0.0
peptide_mean__P00747,0.005575596273403209,0.0
delta1__peptide_std__P41222,0.005567428685157929,0.0
slope1__peptide_count__P00747,0.005536839335958782,0.0
missing__peptide_std__Q14118,0.0055356214714264275,0.0
delta1__protein_npx__P07602,0.005435576639495571,0.0
rollmean2__protein_npx__P01608,0.0054315294225052305,0.0
lag1__protein_npx__P43652,0.005422366352268743,0.0
slope1__peptide_mean__P02774,0.005417232738114773,0.0
protein_npx__P05452,0.005406782397158856,0.0
peptide_abundance_mean,0.005397416294544621,0.0
rollmean2__peptide_mean__P17936,0.005387693505841862,0.0
peptide_count__O94919,0.005373713361205343,0.0
missing__peptide_std__O94919,0.005373713361205343,0.0
peptide_mean__P01621,0.0053713576552323295,0.0
slope1__protein_npx__P00751,0.005339536714179118,0.0
slope1__peptide_std__P01034,0.0053282739807389385,0.0
delta1__protein_npx__Q7Z5P9,0.005317242973793714,0.0
slope1__peptide_mean__P07858,0.00531613072241939,0.0
delta1__protein_npx__P04207,0.00529765978680273,0.0
slope1__peptide_mean__Q9NQ79,0.005286665037671867,0.0
peptide_mean__Q13451,0.005283442909153095,0.0
delta1__peptide_log__TKEEYGHSEVVEYYC(UniMod_4)NPR,0.005242490831137052,0.0
slope1__peptide_count__P02671,0.005241281639131741,0.0
delta1__peptide_log__SEALAVDGAGKPGAEEAQDPEGK,0.005233475511782362,0.0
slope1__peptide_log__VLLDQLR,0.005227921679021458,0.0
slope1__peptide_mean__Q9HDC9,0.005227921679021458,0.0
rollmean2__protein_npx__P14314,0.0051897381876279125,0.0
rollmean2__protein_npx__P00747,0.005161244556025013,0.0
slope1__peptide_mean__P01031,0.005159325710857814,0.0
delta1__peptide_log__HGGLYHENMR,0.005135868595780633,0.0
peptide_std__P36955,0.005103441371176683,0.0
peptide_mean__P01780,0.005073079656367872,0.0
delta1__peptide_std__Q14515,0.0050692932882346895,0.0
peptide_std__P06396,0.005067625992824879,0.0
lag1__peptide_std__P04075,0.0050673636647022196,0.0
slope1__peptide_mean__Q92520,0.005053225260221766,0.0
rollmean2__peptide_log__TSAHGNVAEGETKPDPDVTER,0.005051693455580869,0.0
delta1__peptide_log__ANRPFLVFIR,0.004984239989302402,0.0
missing__peptide_log__AVGDKLPEC(UniMod_4)EADDGC(UniMod_4)PKPPEIAHGYVEHSVR,0.004971604088328302,0.0
rollmean2__protein_npx__O94919,0.004911223945549671,0.0
rollmean2__peptide_std__P07602,0.004876763345270387,0.0
protein_npx__Q92520,0.0048298628682194224,0.0
rollmean2__peptide_count__P08571,0.004812927306606331,0.0
lag1__peptide_mean__P14618,0.004797137435067563,0.0
rollmean2__protein_npx__P13671,0.004792965927605124,0.0
lag1__peptide_mean__P49588,0.004783776211896553,0.0
slope1__protein_npx__O00391,0.004774703810962322,0.0
lag1__peptide_std__P01019,0.004744644184207264,0.0
rollmean2__peptide_log__SGEATDGARPQALPEPMQESK,0.004729837891372838,0.0
slope1__peptide_std__P13987,0.004726308824037237,0.0
slope1__peptide_std__P02766,0.004713997136657588,0.0
lag1__peptide_count__P07602,0.0047049431451596105,0.0
slope1__peptide_mean__P02655,0.004687797193348754,0.0
lag1__peptide_log__HYEGSTVPEK,0.004686053159276127,0.0
slope1__protein_npx__Q9UKV8,0.004684562353642275,0.0
slope1__protein_npx__P04180,0.004676464394239274,0.0
rollmean2__peptide_count__P02787,0.004661233541820813,0.0
peptide_count__P08603,0.004648428614730998,0.0
delta1__peptide_std__P01042,0.004646774004042593,0.0
peptide_mean__P23142,0.004646635370789403,0.0
delta1__protein_npx__Q13332,0.004608688363897176,0.0
slope1__protein_npx__P13521,0.004592951138878649,0.0
rollmean2__protein_npx__P01034,0.004568492940246433,0.0
slope1__peptide_log__SEALAVDGAGKPGAEEAQDPEGK,0.0045440160637775385,0.0
slope1__peptide_mean__P04004,0.004542611201013571,0.0
lag1__peptide_std__P02766,0.004538470139769531,0.0
slope1__protein_npx__P11277,0.004505481594093413,0.0
delta1__peptide_log__AATGEC(UniMod_4)TATVGKR,0.004495132869301232,0.0
lag1__peptide_count__Q92520,0.004482168684152991,0.0
lag1__peptide_count__P01042,0.004431274179587486,0.0
slope1__protein_npx__P01608,0.004406494512136398,0.0
lag1__protein_npx__P25311,0.004401403344773172,0.0
slope1__protein_npx__Q99435,0.0043968778415481875,0.0
rollmean2__peptide_log__ADDKETC(UniMod_4)FAEEGK,0.004337097614976534,0.0
rollmean2__peptide_mean__P01031,0.004325513386213634,0.0
missing__peptide_std__O75144,0.004260358431574273,0.0
slope1__protein_npx__Q96BZ4,0.004258667646623232,0.0
peptide_std__O00584,0.004203891555753074,0.0
delta1__peptide_count__P13987,0.004125658688098816,0.0
slope1__peptide_std__P05155,0.004120076716868327,0.0
delta1__peptide_count__P02760,0.004085771951924556,0.0
lag1__peptide_count__P05067,0.004043974151289445,0.0
slope1__peptide_mean__Q99832,0.004026872028412963,0.0
lag1__peptide_count__P00747,0.004004390720389489,0.0
lag1__protein_npx__P02652,0.003990061066066401,0.0
rollmean2__peptide_std__P00738,0.003989080138363083,0.0
delta1__peptide_std__P02774,0.003961705207361601,0.0
rollmean2__peptide_std__P05452,0.003913352220714704,0.0
delta1__peptide_log__KAADDTWEPFASGK,0.003913104784888734,0.0
peptide_std__P08294,0.0038939015211543744,0.0
lag1__peptide_log__LAVYQAGAR,0.003892159591111497,0.0
lag1__protein_npx__P04406,0.003884617667127027,0.0
delta1__peptide_mean__P80748,0.003856350328206293,0.0
slope1__peptide_mean__P04433,0.003851628060105905,0.0
delta1__peptide_mean__P02774,0.0038035699877323444,0.0
lag1__peptide_log__GSPAINVAVHVFRK,0.0038009996094205845,0.0
rollmean2__peptide_log__LRTEGDGVYTLNNEK,0.0037954847846973067,0.0
delta1__peptide_mean__O14773,0.0037763525309750033,0.0
delta1__protein_npx__P00751,0.0037713134979780556,0.0
peptide_mean__P02647,0.0037539249472026224,0.0
delta1__peptide_mean__P25311,0.003709195311563708,0.0
delta1__peptide_log__LSSWVLLM(UniMod_35)K,0.0036935783790281616,0.0
lag1__peptide_mean__Q08380,0.003662857456022752,0.0
slope1__protein_npx__O75144,0.003656961995506719,0.0
protein_npx__P02792,0.0036209115564711865,0.0
lag1__peptide_mean__P49908,0.0036192543182823503,0.0
slope1__peptide_mean__P01024,0.0036094233799487587,0.0
delta1__protein_npx__O00391,0.0035745869128034516,0.0
protein_npx__P04075,0.0035455752638924353,0.0
slope1__peptide_mean__Q13332,0.00354302816185545,0.0
delta1__peptide_log__LQAEAFQAR,0.0035204241877001296,0.0
lag1__protein_npx__P01591,0.0034943347522789613,0.0
peptide_log__C(UniMod_4)VDVDEC(UniMod_4)APPAEPC(UniMod_4)GK,0.003490815538825405,0.0
delta1__peptide_count__P04180,0.0034898858042566555,0.0
delta1__peptide_std__P07602,0.0034772793766023454,0.0
lag1__peptide_count__Q96PD5,0.0034726393963805174,0.0
delta1__protein_npx__P14618,0.003464705921637093,0.0
missing__peptide_std__P02747,0.003444295761619761,0.0
delta1__peptide_std__P00751,0.0034235210919670825,0.0
peptide_std__P09871,0.003422711124626122,0.0
lag1__peptide_log__ELSSFIDKGQELC(UniMod_4)ADYSENTFTEYK,0.003415450755761771,0.0
peptide_log__HYTNPSQDVTVPC(UniMod_4)PVPPPPPC(UniMod_4)C(UniMod_4)HPR,0.003397031549949045,0.0
lag1__peptide_std__P19652,0.0033820319995567986,0.0
protein_npx__P02748,0.0033643318519062204,0.0
slope1__peptide_count__Q08380,0.003356705029087454,0.0
protein_npx__P08637,0.003342391492435104,0.0
delta1__protein_npx__P43121,0.003336421738664967,0.0
peptide_log__EDSLEAGLPLQVR,0.0033331488527750808,0.0
missing__peptide_mean__O14773,0.0033286032521003474,0.0
missing__protein_npx__O14773,0.0033286032521003474,0.0
missing__peptide_count__O14773,0.0033286032521003474,0.0
peptide_count__P07998,0.0032864992919258086,0.0
rollmean2__peptide_std__P00747,0.0032721564635506918,0.0
delta1__peptide_mean__P08294,0.003253265621719525,0.0
delta1__peptide_log__QQETAAAETETR,0.0032424110367638426,0.0
delta1__peptide_std__P01009,0.0032335380518454496,0.0
slope1__peptide_count__P41222,0.003221104264929969,0.0
delta1__peptide_mean__P00746,0.003215066205239563,0.0
rollmean2__peptide_std__P02768,0.00321406390974633,0.0
lag1__current_updrs_1,0.003168794934580112,0.0
rollmean2__peptide_log__SC(UniMod_4)DTPPPC(UniMod_4)PR,0.0030349453986925202,0.0
slope1__has_previous_visit,0.002999108365526975,0.0
slope1__peptide_log__VGYVSGWGR,0.0029804836664427473,0.0
slope1__peptide_mean__P01608,0.002949823921980765,0.0
slope1__peptide_count__P98160,0.0028837146887467162,0.0
slope1__peptide_log__LSSWVLLM(UniMod_35)K,0.002860927297302877,0.0
lag1__peptide_std__P02749,0.002856259764712342,0.0
lag1__protein_npx__Q99969,0.0028338302059169175,0.0
lag1__peptide_mean__P01860,0.0028320995717642503,0.0
slope1__peptide_log__WELALGR,0.00277454978879986,0.0
rollmean2__peptide_log__VMPIC(UniMod_4)LPSKDYAEVGR,0.0027389322000759583,0.0
delta1__peptide_std__Q9UHG2,0.0026772245195594733,0.0
peptide_mean__P04216,0.0026725266574484634,0.0
lag1__peptide_mean__P07333,0.0026127511639121494,0.0
peptide_mean__P07225,0.002609462140368013,0.0
slope1__peptide_log__C(UniMod_4)C(UniMod_4)VEC(UniMod_4)PPC(UniMod_4)PAPPVAGPSVFLFPPKPK,0.00255713321914076,0.0
rollmean2__protein_npx__Q99829,0.002552257260607346,0.0
rollmean2__peptide_count__Q16610,0.0025149962617457638,0.0
delta1__protein_npx__P04217,0.002505979493362957,0.0
missing__peptide_log__LC(UniMod_4)MGSGLNLC(UniMod_4)EPNNKEGYYGYTGAFR,0.0024843258202220967,0.0
delta1__peptide_observation_count,0.002452081336924179,0.0
protein_npx__Q96KN2,0.0024407666850591284,0.0
peptide_count__P14618,0.002424818083255176,0.0
lag1__peptide_std__Q96PD5,0.0023999647911351284,0.0
delta1__peptide_log__C(UniMod_4)REILSVDC(UniMod_4)STNNPSQAK,0.002374861974761323,0.0
slope1__protein_npx__P01024,0.0023682258648483772,0.0
slope1__protein_npx__P10909,0.0023216992577373757,0.0
rollmean2__protein_npx__Q13451,0.002321447774355018,0.0
rollmean2__peptide_mean__P07602,0.0023197716074344066,0.0
slope1__peptide_count__P08493,0.002269157633327594,0.0
delta1__peptide_mean__Q9HDC9,0.002224315632824882,0.0
delta1__peptide_log__VLLDQLR,0.002224315632824882,0.0
slope1__peptide_mean__P00441,0.0022031714854521575,0.0
lag1__peptide_log__QWAGLVEK,0.002199950825523651,0.0
slope1__protein_npx__O60888,0.002164247207651222,0.0
lag1__protein_npx__P36222,0.0021597384479794344,0.0
slope1__peptide_log__LIADLGSTSITNLGFR,0.002141117078929255,0.0
delta1__peptide_count__P08294,0.002117900245989789,0.0
peptide_std__P54289,0.0020610157066635803,0.0
slope1__protein_npx__P02766,0.0020575354705072994,0.0
delta1__peptide_mean__P02763,0.002052876586206546,0.0
lag1__protein_npx__Q9NQ79,0.002050795936451426,0.0
slope1__peptide_count__P19652,0.002015864053522298,0.0
slope1__peptide_mean__P05090,0.001985201261186495,0.0
slope1__protein_npx__Q9NYU2,0.0019717803219547183,0.0
delta1__peptide_count__P02763,0.0019517845536812114,0.0
slope1__peptide_log__VTLTC(UniMod_4)VAPLSGVDFQLR,0.0019351662304873936,0.0
lag1__peptide_count__P13591,0.0019243879517477126,0.0
rollmean2__peptide_mean__P07225,0.001918045122065111,0.0
peptide_count__O00584,0.0018992771338408267,0.0
slope1__peptide_std__P02750,0.001890091188218438,0.0
slope1__protein_npx__P13473,0.0018804695988625779,0.0
slope1__peptide_mean__P01019,0.001856015538576439,0.0
missing__peptide_log__AEAQEAEDQQAR,0.0018492959567213553,0.0
lag1__peptide_mean__P23142,0.0018327663850089065,0.0
lag1__peptide_count__P01877,0.0018320248629490696,0.0
peptide_std__P02749,0.001802228488778088,0.0
lag1__protein_npx__P02751,0.0017862742455783686,0.0
slope1__protein_npx__Q92520,0.0017848760710815158,0.0
protein_npx__P43652,0.001783009884279259,0.0
rollmean2__peptide_std__Q96PD5,0.0017795988036099681,0.0
rollmean2__peptide_mean__P00736,0.0017677847506931059,0.0
missing__peptide_log__SELEEQLTPVAEETR,0.001767775980915539,0.0
missing__peptide_log__SLAAAAGKQELAK,0.0017675446506207491,0.0
missing__protein_npx__P61278,0.0017675446506207491,0.0
missing__peptide_count__P61278,0.0017675446506207491,0.0
missing__peptide_mean__P61278,0.0017675446506207491,0.0
slope1__peptide_log__C(UniMod_4)REILSVDC(UniMod_4)STNNPSQAK,0.0016983983486858088,0.0
lag1__peptide_std__P07998,0.0016661654645947872,0.0
rollmean2__peptide_count__P01034,0.001664239152523694,0.0
protein_npx__P01717,0.001565466567942194,0.0
lag1__protein_npx__P14314,0.0015585709294609553,0.0
lag1__protein_npx__P16870,0.0015162789549685335,0.0
peptide_log__RGYQLSDVDGVTC(UniMod_4)EDIDEC(UniMod_4)ALPTGGHIC(UniMod_4)SYR,0.001515912223970804,0.0
rollmean2__peptide_mean__P27169,0.0015119439067160195,0.0
rollmean2__peptide_count__P98160,0.001455620732491781,0.0
slope1__peptide_mean__P36955,0.0014437444197097412,0.0
slope1__peptide_std__P04433,0.0014020095822245822,0.0
rollmean2__peptide_count__P20774,0.0013747298887201841,0.0
lag1__peptide_log__TLLSNLEEAKK,0.0013679618786524086,0.0
lag1__peptide_std__P02760,0.001341829805018335,0.0
rollmean2__protein_npx__P60174,0.0013248838927931838,0.0
lag1__peptide_std__P14618,0.001315557348481984,0.0
protein_npx__P61626,0.0013097599653227978,0.0
delta1__peptide_mean__P27169,0.001268915471467306,0.0
lag1__peptide_mean__Q14624,0.0012489004321288876,0.0
lag1__peptide_mean__Q9UBX5,0.0012474489814748217,0.0
protein_npx__P61769,0.0012345322122387173,0.0
slope1__protein_npx__P02675,0.0012047416294258494,0.0
peptide_count__P36955,0.0011954090933637839,0.0
delta1__peptide_mean__P02787,0.0011690269760416291,0.0
peptide_log__C(UniMod_4)IIEVLSNALSK,0.0011587948484548976,0.0
slope1__peptide_log__LPPTSAHGNVAEGETKPDPDVTER,0.0011576386326978614,0.0
peptide_mean__Q96S96,0.0011505787749623104,0.0
rollmean2__protein_npx__P01031,0.001144136900834966,0.0
slope1__peptide_count__P27169,0.0011341255724535303,0.0
lag1__peptide_mean__P04004,0.001132756244725349,0.0
delta1__peptide_mean__O94919,0.0011317554243671817,0.0
delta1__peptide_count__P12109,0.0011120055806028495,0.0
lag1__protein_npx__P54289,0.0011003473869379873,0.0
protein_npx__Q15904,0.0010985122502441067,0.0
rollmean2__peptide_std__Q16610,0.0010917053114529462,0.0
peptide_count__P04433,0.0010621932373164064,0.0
protein_npx__Q16610,0.0010587762551474062,0.0
missing__protein_npx__Q12841,0.0010246901696647098,0.0
missing__peptide_mean__Q12841,0.0010246901696647098,0.0
missing__peptide_count__Q12841,0.0010246901696647098,0.0
missing__protein_npx__P98160,0.0009799196939983168,0.0
missing__peptide_mean__P98160,0.0009799196939983168,0.0
missing__peptide_count__P98160,0.0009799196939983168,0.0
lag1__peptide_observation_count,0.0009731815214920526,0.0
slope1__peptide_mean__P07195,0.0009524195848137472,0.0
lag1__protein_npx__P07195,0.0009389618748606817,0.0
delta1__peptide_log__LEGQEEEEDNRDSSMK,0.0009322364854977001,0.0
lag1__peptide_log__LSSWVLLM(UniMod_35)K,0.0009297304519447715,0.0
slope1__protein_npx__P43652,0.0009012517681344412,0.0
rollmean2__peptide_count__P07998,0.000874739558306755,0.0
delta1__peptide_std__P13591,0.0008742924611945431,0.0
rollmean2__peptide_log__HYDGSYSTFGER,0.0008279252764810387,0.0
peptide_mean__P02751,0.0007975828311445159,0.0
slope1__peptide_mean__Q9UBR2,0.0007671408244455633,0.0
delta1__peptide_log__TVVQPSVGAAAGPVVPPC(UniMod_4)PGR,0.0007572629212707603,0.0
slope1__protein_npx__P98160,0.0007518341503863268,0.0
delta1__peptide_log__LRTEGDGVYTLNNEKQWINK,0.0007369465623179208,0.0
peptide_std__P00747,0.0007262430758637171,0.0
peptide_count__P07602,0.0007037446627101879,0.0
lag1__peptide_std__P02675,0.0006819731429346291,0.0
peptide_log__ADDKETC(UniMod_4)FAEEGK,0.0006710759234533873,0.0
delta1__peptide_count__P08493,0.00065132322627791,0.0
lag1__peptide_mean__P16152,0.0006177965722797555,0.0
lag1__peptide_log__SC(UniMod_4)SPELQQK,0.0006177965722797555,0.0
peptide_log__TDASDVKPC(UniMod_4),0.000606783392206984,0.0
slope1__protein_npx__P07195,0.0005047146909705645,0.0
lag1__peptide_count__P02675,0.0005031290451889175,0.0
delta1__protein_npx__Q99832,0.0005004715636520958,0.0
peptide_log__VKDLATVYVDVLK,0.0004959009445450381,0.0
slope1__peptide_count__P02753,0.0004462472274895035,0.0
slope1__protein_npx__P07998,0.0004167402374385419,0.0
slope1__peptide_mean__P10451,0.0003754428051859891,0.0
slope1__peptide_mean__O14791,0.0003400053849536938,0.0
delta1__peptide_mean__O00584,0.00030615470026791933,0.0
lag1__peptide_mean__Q15904,0.0002948118797182495,0.0
delta1__peptide_abundance_sum,0.0002620344987052576,0.0
lag1__current_updrs_4,0.0002346804257267954,0.0
peptide_count__Q16270,0.00022897989345990624,0.0
delta1__peptide_count__P02747,0.0001957893844205817,0.0
protein_npx__Q6UXD5,0.00019349347593384289,0.0
lag1__protein_npx__P19021,0.0001164588977333445,0.0
slope1__peptide_log__LGPLVEQGRVR,9.546146235609929e-05,0.0
missing__protein_npx__P05408,7.591232402056521e-05,0.0
missing__peptide_count__P05408,7.591232402056521e-05,0.0
missing__peptide_mean__P05408,7.591232402056521e-05,0.0
delta1__peptide_count__P09104,0.0,0.0
peptide_count__P06454,0.0,0.0
peptide_count__P49588,0.0,0.0
peptide_count__P06310,0.0,0.0
peptide_count__P49908,0.0,0.0
missing__peptide_std__P41222,0.0,0.0
missing__peptide_std__P43652,0.0,0.0
missing__peptide_std__P51884,0.0,0.0
missing__peptide_std__Q08380,0.0,0.0
missing__peptide_std__Q12805,0.0,0.0
peptide_count__P05408,0.0,0.0
missing__peptide_std__Q14515,0.0,0.0
missing__peptide_std__Q16270,0.0,0.0
peptide_count__P32754,0.0,0.0
peptide_count__P35542,0.0,0.0
rollmean2__peptide_count__Q9NYU2,0.0,0.0
missing__peptide_std__P24592,0.0,0.0
missing__peptide_std__P25311,0.0,0.0
missing__peptide_std__P36222,0.0,0.0
missing__peptide_std__P36955,0.0,0.0
peptide_count__P08637,0.0,0.0
peptide_count__P08253,0.0,0.0
peptide_count__P08133,0.0,0.0
peptide_count__P08123,0.0,0.0
rollmean2__peptide_count__Q9HDC9,0.0,0.0
rollmean2__peptide_count__Q9BY67,0.0,0.0
peptide_count__P31997,0.0,0.0
rollmean2__peptide_count__O43505,0.0,0.0
delta1__peptide_count__P08133,0.0,0.0
missing__peptide_std__P07998,0.0,0.0
missing__peptide_std__P08294,0.0,0.0
missing__peptide_std__P08571,0.0,0.0
missing__peptide_std__P08603,0.0,0.0
missing__peptide_std__P08697,0.0,0.0
missing__peptide_std__P09486,0.0,0.0
missing__peptide_std__P09871,0.0,0.0
missing__peptide_std__P05090,0.0,0.0
missing__peptide_std__P05155,0.0,0.0
missing__peptide_std__P05452,0.0,0.0
missing__peptide_std__P06396,0.0,0.0
delta1__peptide_count__P10451,0.0,0.0
missing__peptide_std__P07225,0.0,0.0
missing__peptide_std__P07339,0.0,0.0
missing__peptide_std__P07602,0.0,0.0
delta1__peptide_count__P08123,0.0,0.0
delta1__peptide_count__P13671,0.0,0.0
delta1__peptide_count__P13521,0.0,0.0
delta1__peptide_count__P13473,0.0,0.0
peptide_count__P07333,0.0,0.0
peptide_count__P07195,0.0,0.0
delta1__peptide_count__P11277,0.0,0.0
delta1__peptide_count__P11142,0.0,0.0
missing__peptide_std__Q92520,0.0,0.0
missing__peptide_std__Q96KN2,0.0,0.0
missing__peptide_std__P06727,0.0,0.0
missing__peptide_count__P02671,0.0,0.0
missing__peptide_count__P02675,0.0,0.0
missing__peptide_count__P02679,0.0,0.0
missing__peptide_count__P02747,0.0,0.0
missing__peptide_count__P02748,0.0,0.0
missing__peptide_count__P01621,0.0,0.0
missing__peptide_count__P01717,0.0,0.0
missing__peptide_count__P01834,0.0,0.0
missing__peptide_count__P01857,0.0,0.0
missing__peptide_count__P01859,0.0,0.0
missing__peptide_count__P01860,0.0,0.0
missing__peptide_count__P01876,0.0,0.0
missing__peptide_count__P02647,0.0,0.0
lag1__peptide_count__P11142,0.0,0.0
missing__peptide_count__P01011,0.0,0.0
missing__peptide_count__P01019,0.0,0.0
missing__peptide_count__P01023,0.0,0.0
missing__peptide_count__P01024,0.0,0.0
missing__peptide_count__P01034,0.0,0.0
missing__peptide_count__P01042,0.0,0.0
missing__peptide_count__P01344,0.0,0.0
missing__peptide_count__O75144,0.0,0.0
missing__peptide_count__P00450,0.0,0.0
missing__peptide_count__P00734,0.0,0.0
missing__peptide_count__P00738,0.0,0.0
missing__peptide_count__P00747,0.0,0.0
missing__peptide_count__P00748,0.0,0.0
missing__peptide_count__P01009,0.0,0.0
missing__peptide_count__O43505,0.0,0.0
lag1__peptide_count__P08133,0.0,0.0
lag1__peptide_count__P08253,0.0,0.0
peptide_count__P07858,0.0,0.0
lag1__peptide_count__P08637,0.0,0.0
lag1__peptide_count__P09104,0.0,0.0
lag1__peptide_count__P10451,0.0,0.0
rollmean2__peptide_count__Q99969,0.0,0.0
rollmean2__peptide_count__Q99832,0.0,0.0
lag1__peptide_count__P05408,0.0,0.0
lag1__peptide_count__P06310,0.0,0.0
lag1__peptide_count__P06454,0.0,0.0
lag1__peptide_count__P07195,0.0,0.0
missing__peptide_count__P02656,0.0,0.0
rollmean2__peptide_count__Q99829,0.0,0.0
lag1__peptide_count__P07858,0.0,0.0
lag1__peptide_count__P08123,0.0,0.0
missing__peptide_std__Q9UHG2,0.0,0.0
missing__peptide_count__O00533,0.0,0.0
rollmean2__peptide_count__Q99683,0.0,0.0
missing__peptide_count__O15240,0.0,0.0
lag1__peptide_count__P04216,0.0,0.0
lag1__peptide_count__P04275,0.0,0.0
lag1__peptide_count__P04406,0.0,0.0
rollmean2__peptide_count__Q99674,0.0,0.0
missing__peptide_count__P02649,0.0,0.0
missing__peptide_count__P02652,0.0,0.0
lag1__peptide_count__P07333,0.0,0.0
peptide_count__P20933,0.0,0.0
missing__peptide_mean__Q92520,0.0,0.0
missing__peptide_mean__Q92823,0.0,0.0
missing__peptide_mean__Q92876,0.0,0.0
missing__peptide_mean__Q96KN2,0.0,0.0
missing__peptide_mean__Q96PD5,0.0,0.0
missing__peptide_std__P02753,0.0,0.0
missing__peptide_std__P02760,0.0,0.0
missing__peptide_std__P02765,0.0,0.0
missing__peptide_std__P02766,0.0,0.0
missing__peptide_std__P02768,0.0,0.0
missing__peptide_std__P02774,0.0,0.0
missing__peptide_std__P02787,0.0,0.0
delta1__peptide_count__P08253,0.0,0.0
missing__peptide_std__P02647,0.0,0.0
missing__peptide_std__P02649,0.0,0.0
missing__peptide_std__P02671,0.0,0.0
missing__peptide_std__P02675,0.0,0.0
missing__peptide_std__P02679,0.0,0.0
peptide_count__Q9BY67,0.0,0.0
missing__peptide_std__P02749,0.0,0.0
missing__peptide_std__P02751,0.0,0.0
missing__peptide_std__P01019,0.0,0.0
missing__peptide_std__P01023,0.0,0.0
missing__peptide_std__P01024,0.0,0.0
missing__peptide_std__P01034,0.0,0.0
missing__peptide_std__P01042,0.0,0.0
missing__peptide_std__P02790,0.0,0.0
lag1__peptide_count__Q13449,0.0,0.0
lag1__peptide_count__Q13451,0.0,0.0
slope1__peptide_count__Q9Y646,0.0,0.0
rollmean2__peptide_count__P01861,0.0,0.0
rollmean2__peptide_count__P01833,0.0,0.0
missing__peptide_std__O00533,0.0,0.0
rollmean2__peptide_count__P01780,0.0,0.0
peptide_count__P19827,0.0,0.0
peptide_count__P19021,0.0,0.0
missing__peptide_std__P00450,0.0,0.0
peptide_count__P17936,0.0,0.0
slope1__peptide_count__O00391,0.0,0.0
delta1__peptide_count__Q9UKV8,0.0,0.0
peptide_count__P23083,0.0,0.0
delta1__peptide_count__Q9Y646,0.0,0.0
peptide_count__P16152,0.0,0.0
slope1__peptide_count__Q9UNU6,0.0,0.0
slope1__peptide_count__Q9UKV8,0.0,0.0
peptide_count__P14174,0.0,0.0
peptide_count__P13671,0.0,0.0
missing__peptide_mean__Q9UHG2,0.0,0.0
slope1__peptide_count__Q9UBR2,0.0,0.0
peptide_count__P13521,0.0,0.0
slope1__peptide_count__Q9NYU2,0.0,0.0
delta1__peptide_count__O00391,0.0,0.0
slope1__peptide_count__Q9HDC9,0.0,0.0
slope1__peptide_count__Q9BY67,0.0,0.0
delta1__peptide_count__Q9UNU6,0.0,0.0
lag1__peptide_count__P17936,0.0,0.0
lag1__peptide_count__P19021,0.0,0.0
delta1__peptide_count__O60888,0.0,0.0
lag1__peptide_count__P19827,0.0,0.0
lag1__peptide_count__P20933,0.0,0.0
missing__peptide_std__P04004,0.0,0.0
missing__peptide_std__P04180,0.0,0.0
missing__peptide_std__P04196,0.0,0.0
missing__peptide_std__P04217,0.0,0.0
lag1__peptide_count__P11277,0.0,0.0
lag1__peptide_count__P13473,0.0,0.0
lag1__peptide_count__P13521,0.0,0.0
peptide_count__Q6UXD5,0.0,0.0
missing__peptide_std__P01834,0.0,0.0
delta1__peptide_count__O43505,0.0,0.0
delta1__peptide_count__O14791,0.0,0.0
delta1__peptide_count__O14498,0.0,0.0
rollmean2__peptide_count__O14791,0.0,0.0
rollmean2__peptide_count__P01031,0.0,0.0
rollmean2__peptide_count__O75326,0.0,0.0
rollmean2__peptide_count__O60888,0.0,0.0
missing__peptide_std__P10645,0.0,0.0
missing__peptide_std__P10909,0.0,0.0
missing__peptide_std__P13987,0.0,0.0
missing__peptide_std__P18065,0.0,0.0
missing__peptide_std__P23142,0.0,0.0
delta1__peptide_count__P08637,0.0,0.0
peptide_count__Q6UX71,0.0,0.0
missing__peptide_std__P01876,0.0,0.0
peptide_count__Q99969,0.0,0.0
missing__peptide_std__P00734,0.0,0.0
peptide_count__Q99832,0.0,0.0
missing__peptide_std__P00738,0.0,0.0
missing__peptide_std__P00747,0.0,0.0
missing__peptide_std__P00751,0.0,0.0
missing__peptide_std__P01008,0.0,0.0
missing__peptide_std__P01009,0.0,0.0
missing__peptide_std__P01011,0.0,0.0
peptide_count__Q99829,0.0,0.0
peptide_count__Q99683,0.0,0.0
rollmean2__peptide_count__O14498,0.0,0.0
lag1__peptide_count__P16152,0.0,0.0
lag1__peptide_count__P36980,0.0,0.0
missing__peptide_std__P04433,0.0,0.0
missing__peptide_std__P05060,0.0,0.0
missing__peptide_std__P05067,0.0,0.0
lag1__peptide_count__P23083,0.0,0.0
lag1__peptide_count__P31997,0.0,0.0
lag1__peptide_count__P32754,0.0,0.0
rollmean2__peptide_count__P08637,0.0,0.0
rollmean2__peptide_count__O00391,0.0,0.0
peptide_count__P40925,0.0,0.0
delta1__peptide_count__O75326,0.0,0.0
peptide_count__P43251,0.0,0.0
lag1__peptide_count__P13671,0.0,0.0
lag1__peptide_count__P14174,0.0,0.0
lag1__peptide_count__P35542,0.0,0.0
rollmean2__peptide_count__P40925,0.0,0.0
rollmean2__peptide_count__P36980,0.0,0.0
peptide_count__P01608,0.0,0.0
rollmean2__peptide_count__P35542,0.0,0.0
lag1__peptide_count__P01031,0.0,0.0
lag1__peptide_count__P01033,0.0,0.0
peptide_count__P01594,0.0,0.0
lag1__peptide_count__P01344,0.0,0.0
lag1__peptide_count__P01591,0.0,0.0
lag1__peptide_count__P01594,0.0,0.0
lag1__peptide_count__P01608,0.0,0.0
lag1__peptide_count__P01621,0.0,0.0
missing__peptide_count__Q16270,0.0,0.0
missing__peptide_count__P00751,0.0,0.0
peptide_count__P01591,0.0,0.0
missing__peptide_count__Q7Z3B1,0.0,0.0
missing__peptide_count__Q7Z5P9,0.0,0.0
missing__peptide_count__Q92520,0.0,0.0
missing__peptide_count__Q92823,0.0,0.0
missing__peptide_count__Q92876,0.0,0.0
peptide_count__P01344,0.0,0.0
peptide_count__P01033,0.0,0.0
rollmean2__peptide_count__P32754,0.0,0.0
missing__peptide_log__SPVGVQPILNEHTFC(UniMod_4)AGMSK,0.0,0.0
rollmean2__peptide_count__P31997,0.0,0.0
missing__peptide_log__KQELSEAEQATR,0.0,0.0
missing__peptide_log__GSPAINVAVHVFRK,0.0,0.0
missing__peptide_count__Q16610,0.0,0.0
missing__peptide_count__P43652,0.0,0.0
missing__peptide_count__P51884,0.0,0.0
delta1__peptide_count__P04207,0.0,0.0
missing__peptide_count__P61769,0.0,0.0
missing__peptide_count__P61916,0.0,0.0
missing__peptide_count__P80748,0.0,0.0
delta1__peptide_count__P04156,0.0,0.0
missing__peptide_count__Q08380,0.0,0.0
rollmean2__peptide_count__Q99435,0.0,0.0
peptide_count__P01031,0.0,0.0
missing__peptide_count__P36955,0.0,0.0
rollmean2__peptide_count__Q96S96,0.0,0.0
rollmean2__peptide_count__P19021,0.0,0.0
lag1__peptide_count__P01861,0.0,0.0
missing__peptide_count__P41222,0.0,0.0
rollmean2__peptide_count__P19827,0.0,0.0
delta1__peptide_count__P06454,0.0,0.0
delta1__peptide_count__P06310,0.0,0.0
delta1__peptide_count__P05408,0.0,0.0
peptide_count__P01780,0.0,0.0
rollmean2__peptide_count__P43251,0.0,0.0
peptide_count__P01717,0.0,0.0
peptide_count__P01621,0.0,0.0
lag1__peptide_count__P02655,0.0,0.0
lag1__peptide_count__P01717,0.0,0.0
lag1__peptide_count__P01780,0.0,0.0
lag1__peptide_count__P01833,0.0,0.0
rollmean2__peptide_count__Q96BZ4,0.0,0.0
missing__visit_index,0.0,0.0
missing__months_since_baseline,0.0,0.0
rollmean2__peptide_count__Q13332,0.0,0.0
missing__peptide_log__TLLSNLEEAKK,0.0,0.0
missing__peptide_log__ANRPFLVFIR,0.0,0.0
rollmean2__peptide_count__Q13283,0.0,0.0
missing__peptide_log__AYKSELEEQLTPVAEETR,0.0,0.0
missing__peptide_log__AYQGVAAPFPK,0.0,0.0
missing__peptide_log__DASGVTFTWTPSSGK,0.0,0.0
rollmean2__peptide_count__Q02818,0.0,0.0
rollmean2__peptide_count__Q8N2S1,0.0,0.0
rollmean2__peptide_count__Q8IWV7,0.0,0.0
rollmean2__peptide_count__Q7Z5P9,0.0,0.0
rollmean2__peptide_count__P80748,0.0,0.0
rollmean2__peptide_count__Q7Z3B1,0.0,0.0
missing__current_updrs_1,0.0,0.0
missing__peptide_count__Q9UHG2,0.0,0.0
missing__peptide_log__ADDKETC(UniMod_4)FAEEGK,0.0,0.0
rollmean2__peptide_count__Q6UXD5,0.0,0.0
missing__peptide_log__AKLEEQAQQIR,0.0,0.0
missing__peptide_missing_fraction,0.0,0.0
rollmean2__peptide_count__Q6UX71,0.0,0.0
missing__peptide_feature_count,0.0,0.0
rollmean2__peptide_count__Q562R1,0.0,0.0
missing__peptide_log__QWAGLVEK,0.0,0.0
missing__peptide_log__QNC(UniMod_4)ELFEQLGEYK,0.0,0.0
missing__peptide_log__LQAEAFQAR,0.0,0.0
missing__current_updrs_2,0.0,0.0
rollmean2__peptide_count__P61626,0.0,0.0
lag1__peptide_count__O14791,0.0,0.0
rollmean2__peptide_count__P61278,0.0,0.0
lag1__peptide_count__O14498,0.0,0.0
lag1__peptide_count__O00391,0.0,0.0
rollmean2__peptide_count__P60174,0.0,0.0
rollmean2__peptide_count__P49908,0.0,0.0
rollmean2__peptide_count__P49588,0.0,0.0
rollmean2__peptide_count__P20933,0.0,0.0
peptide_count__O14498,0.0,0.0
lag1__peptide_count__O43505,0.0,0.0
lag1__peptide_count__O60888,0.0,0.0
lag1__peptide_count__O75326,0.0,0.0
missing__current_medication_unknown,0.0,0.0
peptide_count__O00391,0.0,0.0
rollmean2__peptide_count__Q15904,0.0,0.0
rollmean2__peptide_count__Q14508,0.0,0.0
peptide_count__O75326,0.0,0.0
peptide_count__O60888,0.0,0.0
missing__peptide_count__Q96KN2,0.0,0.0
missing__peptide_count__Q96PD5,0.0,0.0
peptide_count__O43505,0.0,0.0
peptide_count__O14791,0.0,0.0
rollmean2__peptide_count__Q13451,0.0,0.0
missing__current_updrs_3,0.0,0.0
missing__has_previous_visit,0.0,0.0
rollmean2__peptide_count__Q13449,0.0,0.0
rollmean2__peptide_count__P23083,0.0,0.0
missing__peptide_count__P02753,0.0,0.0
missing__peptide_count__P02760,0.0,0.0
missing__peptide_count__P02763,0.0,0.0
missing__peptide_count__P02765,0.0,0.0
missing__peptide_count__P02766,0.0,0.0
rollmean2__peptide_count__Q9Y646,0.0,0.0
rollmean2__peptide_count__Q9UNU6,0.0,0.0
rollmean2__peptide_count__Q9UKV8,0.0,0.0
rollmean2__peptide_count__Q9UBR2,0.0,0.0
slope1__months_since_baseline,0.0,0.0
delta1__peptide_count__P17936,0.0,0.0
peptide_count__P04406,0.0,0.0
delta1__peptide_count__P16152,0.0,0.0
delta1__peptide_count__P04211,0.0,0.0
peptide_count__Q562R1,0.0,0.0
peptide_count__Q15904,0.0,0.0
peptide_count__Q14508,0.0,0.0
peptide_count__Q13451,0.0,0.0
peptide_count__Q13449,0.0,0.0
peptide_count__P02655,0.0,0.0
delta1__visit_index,0.0,0.0
missing__peptide_count__P10451,0.0,0.0
missing__peptide_count__P10643,0.0,0.0
missing__peptide_count__P10645,0.0,0.0
missing__peptide_count__P10909,0.0,0.0
missing__peptide_count__P12109,0.0,0.0
missing__peptide_count__P13521,0.0,0.0
delta1__peptide_count__P14174,0.0,0.0
missing__peptide_count__P01008,0.0,0.0
missing__peptide_count__P05452,0.0,0.0
missing__peptide_count__P06396,0.0,0.0
peptide_count__P09104,0.0,0.0
missing__peptide_count__P06727,0.0,0.0
missing__peptide_count__P07225,0.0,0.0
missing__peptide_count__P07339,0.0,0.0
missing__peptide_count__P07602,0.0,0.0
missing__peptide_count__P07858,0.0,0.0
missing__peptide_count__P04217,0.0,0.0
missing__peptide_count__P04433,0.0,0.0
missing__peptide_count__P05060,0.0,0.0
missing__peptide_count__P05067,0.0,0.0
missing__peptide_count__P02751,0.0,0.0
missing__peptide_count__P05155,0.0,0.0
missing__peptide_count__P05156,0.0,0.0
peptide_count__P36980,0.0,0.0
missing__peptide_count__P02768,0.0,0.0
missing__peptide_count__P02774,0.0,0.0
missing__peptide_count__P02787,0.0,0.0
missing__peptide_count__P02790,0.0,0.0
missing__peptide_count__P04004,0.0,0.0
missing__peptide_count__P04156,0.0,0.0
missing__peptide_count__P04180,0.0,0.0
missing__peptide_count__P04196,0.0,0.0
missing__peptide_count__P02749,0.0,0.0
missing__peptide_count__P02750,0.0,0.0
missing__peptide_count__P05090,0.0,0.0
delta1__peptide_count__P07858,0.0,0.0
rollmean2__peptide_count__P14174,0.0,0.0
missing__peptide_count__P36222,0.0,0.0
peptide_count__Q96S96,0.0,0.0
rollmean2__peptide_count__P16152,0.0,0.0
peptide_count__Q96BZ4,0.0,0.0
missing__peptide_count__P16035,0.0,0.0
missing__peptide_count__P16070,0.0,0.0
missing__peptide_count__P16870,0.0,0.0
missing__peptide_count__P18065,0.0,0.0
missing__peptide_count__P19652,0.0,0.0
missing__peptide_count__P19823,0.0,0.0
peptide_count__P04275,0.0,0.0
missing__peptide_count__P13987,0.0,0.0
peptide_count__P04216,0.0,0.0
peptide_count__P04211,0.0,0.0
peptide_count__P04207,0.0,0.0
peptide_count__Q8NBJ4,0.0,0.0
missing__peptide_count__Q14515,0.0,0.0
missing__peptide_count__Q14624,0.0,0.0
missing__peptide_count__Q12805,0.0,0.0
delta1__peptide_count__P04406,0.0,0.0
peptide_count__P04156,0.0,0.0
peptide_count__P02792,0.0,0.0
delta1__peptide_count__P04275,0.0,0.0
rollmean2__peptide_count__P17936,0.0,0.0
delta1__peptide_count__P04216,0.0,0.0
peptide_count__Q8NE71,0.0,0.0
peptide_count__Q13332,0.0,0.0
missing__peptide_count__P07998,0.0,0.0
missing__peptide_count__P08294,0.0,0.0
missing__peptide_count__P08493,0.0,0.0
missing__peptide_count__P08571,0.0,0.0
missing__peptide_count__P08603,0.0,0.0
missing__peptide_count__P08697,0.0,0.0
missing__peptide_count__P09486,0.0,0.0
missing__peptide_count__P09871,0.0,0.0
peptide_count__Q13283,0.0,0.0
peptide_count__Q8N2S1,0.0,0.0
peptide_count__Q8IWV7,0.0,0.0
peptide_count__Q7Z5P9,0.0,0.0
missing__peptide_count__P25311,0.0,0.0
delta1__peptide_count__P07195,0.0,0.0
delta1__peptide_count__P07333,0.0,0.0
peptide_count__P01861,0.0,0.0
lag1__peptide_count__P02792,0.0,0.0
lag1__peptide_count__P04156,0.0,0.0
lag1__peptide_count__P04207,0.0,0.0
lag1__peptide_count__P04211,0.0,0.0
rollmean2__peptide_count__Q8NE71,0.0,0.0
rollmean2__peptide_count__Q8NBJ4,0.0,0.0
peptide_count__P01833,0.0,0.0
delta1__peptide_count__P02792,0.0,0.0
missing__peptide_count__P20774,0.0,0.0
missing__peptide_count__P23142,0.0,0.0
missing__peptide_count__P24592,0.0,0.0
peptide_count__Q7Z3B1,0.0,0.0
missing__protein_npx__P18065,0.0,0.0
missing__protein_npx__P19652,0.0,0.0
missing__protein_npx__P19823,0.0,0.0
missing__protein_npx__P20774,0.0,0.0
missing__protein_npx__P23142,0.0,0.0
missing__protein_npx__P24592,0.0,0.0
missing__protein_npx__P25311,0.0,0.0
rollmean2__peptide_count__P10451,0.0,0.0
missing__protein_npx__P10645,0.0,0.0
missing__protein_npx__P10909,0.0,0.0
missing__protein_npx__P12109,0.0,0.0
missing__protein_npx__P13521,0.0,0.0
missing__protein_npx__P13987,0.0,0.0
lag1__peptide_count__Q13332,0.0,0.0
missing__protein_npx__P16070,0.0,0.0
missing__protein_npx__P16870,0.0,0.0
missing__protein_npx__P08493,0.0,0.0
missing__protein_npx__P08571,0.0,0.0
missing__protein_npx__P08603,0.0,0.0
missing__protein_npx__P08697,0.0,0.0
missing__protein_npx__P09486,0.0,0.0
missing__protein_npx__P09871,0.0,0.0
missing__protein_npx__P10451,0.0,0.0
missing__protein_npx__P10643,0.0,0.0
slope1__peptide_count__P08253,0.0,0.0
peptide_count__P61278,0.0,0.0
slope1__peptide_count__P08637,0.0,0.0
missing__protein_npx__P16035,0.0,0.0
rollmean2__peptide_count__P13521,0.0,0.0
delta1__peptide_count__P60174,0.0,0.0
delta1__peptide_count__P61278,0.0,0.0
delta1__peptide_count__P61626,0.0,0.0
delta1__peptide_count__P01833,0.0,0.0
slope1__peptide_count__P43251,0.0,0.0
slope1__peptide_count__P49588,0.0,0.0
rollmean2__peptide_count__P13473,0.0,0.0
delta1__peptide_count__P31997,0.0,0.0
delta1__peptide_count__P32754,0.0,0.0
delta1__peptide_count__P35542,0.0,0.0
delta1__peptide_count__P36980,0.0,0.0
slope1__peptide_count__P20933,0.0,0.0
peptide_count__P60174,0.0,0.0
delta1__peptide_count__P01861,0.0,0.0
slope1__peptide_count__P31997,0.0,0.0
slope1__peptide_count__P32754,0.0,0.0
slope1__peptide_count__P35542,0.0,0.0
slope1__peptide_count__P36980,0.0,0.0
slope1__peptide_count__P40925,0.0,0.0
rollmean2__peptide_count__P11277,0.0,0.0
missing__protein_npx__P36222,0.0,0.0
missing__protein_npx__P36955,0.0,0.0
missing__protein_npx__P41222,0.0,0.0
rollmean2__peptide_count__P11142,0.0,0.0
missing__protein_npx__P43652,0.0,0.0
missing__protein_npx__P51884,0.0,0.0
slope1__peptide_count__P23083,0.0,0.0
missing__protein_npx__Q96KN2,0.0,0.0
missing__protein_npx__Q96PD5,0.0,0.0
rollmean2__peptide_count__P09104,0.0,0.0
delta1__peptide_count__P02655,0.0,0.0
missing__protein_npx__Q9UHG2,0.0,0.0
missing__protein_feature_count,0.0,0.0
missing__protein_missing_fraction,0.0,0.0
missing__peptide_abundance_mean,0.0,0.0
missing__protein_npx__Q16270,0.0,0.0
missing__protein_npx__Q16610,0.0,0.0
rollmean2__peptide_count__P02655,0.0,0.0
missing__protein_npx__Q7Z3B1,0.0,0.0
missing__protein_npx__Q7Z5P9,0.0,0.0
slope1__peptide_count__P09104,0.0,0.0
missing__protein_npx__Q92823,0.0,0.0
missing__protein_npx__Q92876,0.0,0.0
missing__protein_npx__Q12805,0.0,0.0
missing__protein_npx__O15240,0.0,0.0
missing__protein_npx__O00533,0.0,0.0
peptide_count__P80748,0.0,0.0
rollmean2__peptide_count__P04406,0.0,0.0
peptide_count__Q02818,0.0,0.0
missing__protein_npx__Q14515,0.0,0.0
missing__protein_npx__Q14624,0.0,0.0
slope1__peptide_count__P13521,0.0,0.0
slope1__peptide_count__P13671,0.0,0.0
slope1__peptide_count__P14174,0.0,0.0
missing__protein_npx__Q92520,0.0,0.0
slope1__peptide_count__P10451,0.0,0.0
slope1__peptide_count__P11142,0.0,0.0
slope1__peptide_count__P11277,0.0,0.0
slope1__peptide_count__P13473,0.0,0.0
slope1__peptide_count__P05408,0.0,0.0
slope1__peptide_count__P06310,0.0,0.0
slope1__peptide_count__P06454,0.0,0.0
slope1__peptide_count__P07195,0.0,0.0
slope1__peptide_count__P07333,0.0,0.0
slope1__peptide_count__P07858,0.0,0.0
slope1__peptide_count__P08123,0.0,0.0
slope1__peptide_count__P08133,0.0,0.0
lag1__peptide_count__Q99969,0.0,0.0
lag1__peptide_count__Q99832,0.0,0.0
lag1__peptide_count__Q9HDC9,0.0,0.0
lag1__peptide_count__Q9NYU2,0.0,0.0
lag1__peptide_count__Q9UBR2,0.0,0.0
lag1__peptide_count__Q9UKV8,0.0,0.0
lag1__peptide_count__Q9UNU6,0.0,0.0
lag1__peptide_count__Q9Y646,0.0,0.0
missing__protein_npx__P61769,0.0,0.0
missing__protein_npx__P61916,0.0,0.0
missing__protein_npx__P80748,0.0,0.0
peptide_count__P61626,0.0,0.0
missing__protein_npx__Q08380,0.0,0.0
lag1__peptide_count__Q99683,0.0,0.0
lag1__peptide_count__Q99829,0.0,0.0
lag1__peptide_count__Q9BY67,0.0,0.0
slope1__peptide_count__Q13451,0.0,0.0
delta1__peptide_count__Q13283,0.0,0.0
delta1__peptide_count__Q13332,0.0,0.0
delta1__peptide_count__Q13449,0.0,0.0
delta1__peptide_count__Q13451,0.0,0.0
slope1__peptide_count__P49908,0.0,0.0
slope1__peptide_count__P60174,0.0,0.0
slope1__peptide_count__P61278,0.0,0.0
slope1__peptide_count__P61626,0.0,0.0
missing__protein_npx__P02675,0.0,0.0
missing__protein_npx__P02679,0.0,0.0
missing__protein_npx__P02747,0.0,0.0
missing__protein_npx__P02748,0.0,0.0
delta1__peptide_count__P49908,0.0,0.0
missing__protein_npx__P02750,0.0,0.0
delta1__peptide_count__P01608,0.0,0.0
delta1__peptide_count__P01594,0.0,0.0
missing__protein_npx__P01876,0.0,0.0
missing__protein_npx__P02647,0.0,0.0
missing__protein_npx__P02649,0.0,0.0
missing__protein_npx__P02652,0.0,0.0
delta1__peptide_count__P01780,0.0,0.0
slope1__peptide_count__Q8NE71,0.0,0.0
missing__protein_npx__P02656,0.0,0.0
missing__protein_npx__P02671,0.0,0.0
missing__protein_npx__P01042,0.0,0.0
missing__protein_npx__P01344,0.0,0.0
missing__protein_npx__P02749,0.0,0.0
peptide_count__Q9UKV8,0.0,0.0
peptide_count__Q9UNU6,0.0,0.0
peptide_count__Q9Y646,0.0,0.0
peptide_count__Q9UBR2,0.0,0.0
peptide_count__Q9NYU2,0.0,0.0
peptide_count__Q99674,0.0,0.0
missing__protein_npx__O43505,0.0,0.0
missing__protein_npx__O75144,0.0,0.0
missing__protein_npx__P00450,0.0,0.0
missing__protein_npx__P00734,0.0,0.0
missing__protein_npx__P00738,0.0,0.0
missing__protein_npx__P00747,0.0,0.0
missing__protein_npx__P00748,0.0,0.0
slope1__peptide_count__Q13449,0.0,0.0
delta1__peptide_count__P01621,0.0,0.0
slope1__peptide_count__Q15904,0.0,0.0
slope1__peptide_count__Q562R1,0.0,0.0
slope1__peptide_count__Q6UX71,0.0,0.0
slope1__peptide_count__Q6UXD5,0.0,0.0
slope1__peptide_count__Q7Z3B1,0.0,0.0
peptide_count__Q99435,0.0,0.0
slope1__peptide_count__P80748,0.0,0.0
peptide_count__Q9HDC9,0.0,0.0
slope1__peptide_count__Q02818,0.0,0.0
delta1__peptide_count__P01717,0.0,0.0
slope1__peptide_count__Q13283,0.0,0.0
slope1__peptide_count__Q13332,0.0,0.0
slope1__peptide_count__Q14508,0.0,0.0
missing__protein_npx__P02766,0.0,0.0
missing__protein_npx__P02768,0.0,0.0
missing__protein_npx__P02774,0.0,0.0
missing__protein_npx__P02787,0.0,0.0
missing__protein_npx__P02790,0.0,0.0
missing__protein_npx__P04004,0.0,0.0
missing__protein_npx__P04156,0.0,0.0
missing__protein_npx__P04180,0.0,0.0
slope1__peptide_count__Q8IWV7,0.0,0.0
slope1__peptide_count__Q7Z5P9,0.0,0.0
rollmean2__peptide_count__P13671,0.0,0.0
missing__protein_npx__P02751,0.0,0.0
missing__protein_npx__P02753,0.0,0.0
missing__protein_npx__P01621,0.0,0.0
missing__protein_npx__P02763,0.0,0.0
missing__protein_npx__P02765,0.0,0.0
delta1__peptide_count__P80748,0.0,0.0
delta1__peptide_count__Q02818,0.0,0.0
missing__protein_npx__P07225,0.0,0.0
missing__protein_npx__P07339,0.0,0.0
missing__protein_npx__P07602,0.0,0.0
missing__protein_npx__P07858,0.0,0.0
missing__protein_npx__P07998,0.0,0.0
missing__protein_npx__P08294,0.0,0.0
delta1__peptide_count__P40925,0.0,0.0
delta1__peptide_count__P43251,0.0,0.0
delta1__peptide_count__P49588,0.0,0.0
missing__protein_npx__P02760,0.0,0.0
missing__protein_npx__P01717,0.0,0.0
missing__protein_npx__P01834,0.0,0.0
missing__protein_npx__P01857,0.0,0.0
missing__protein_npx__P01859,0.0,0.0
missing__protein_npx__P01860,0.0,0.0
missing__protein_npx__P00751,0.0,0.0
missing__protein_npx__P01008,0.0,0.0
missing__protein_npx__P01009,0.0,0.0
missing__protein_npx__P01011,0.0,0.0
missing__protein_npx__P01019,0.0,0.0
missing__protein_npx__P01023,0.0,0.0
missing__protein_npx__P01024,0.0,0.0
missing__protein_npx__P01034,0.0,0.0
missing__protein_npx__P05156,0.0,0.0
missing__protein_npx__P05452,0.0,0.0
missing__protein_npx__P06396,0.0,0.0
delta1__peptide_count__P01591,0.0,0.0
missing__protein_npx__P06727,0.0,0.0
slope1__peptide_count__P19021,0.0,0.0
slope1__peptide_count__Q8N2S1,0.0,0.0
slope1__peptide_count__P19827,0.0,0.0
missing__protein_npx__P04196,0.0,0.0
missing__protein_npx__P04217,0.0,0.0
missing__protein_npx__P04433,0.0,0.0
missing__protein_npx__P05060,0.0,0.0
missing__protein_npx__P05067,0.0,0.0
missing__protein_npx__P05090,0.0,0.0
missing__protein_npx__P05155,0.0,0.0
slope1__peptide_count__Q8NBJ4,0.0,0.0
delta1__peptide_count__Q7Z5P9,0.0,0.0
delta1__peptide_count__Q8IWV7,0.0,0.0
delta1__peptide_count__Q8N2S1,0.0,0.0
delta1__peptide_count__Q8NBJ4,0.0,0.0
delta1__peptide_count__Q8NE71,0.0,0.0
delta1__peptide_count__Q96BZ4,0.0,0.0
delta1__peptide_count__Q96S96,0.0,0.0
slope1__peptide_count__P01780,0.0,0.0
slope1__peptide_count__P01833,0.0,0.0
slope1__peptide_count__P01861,0.0,0.0
delta1__peptide_count__Q14508,0.0,0.0
delta1__peptide_count__Q15904,0.0,0.0
delta1__peptide_count__Q562R1,0.0,0.0
rollmean2__peptide_count__P04275,0.0,0.0
delta1__peptide_count__Q6UXD5,0.0,0.0
slope1__peptide_count__P01031,0.0,0.0
slope1__peptide_count__P01033,0.0,0.0
slope1__peptide_count__P01344,0.0,0.0
slope1__peptide_count__P01591,0.0,0.0
slope1__peptide_count__P01594,0.0,0.0
slope1__peptide_count__P01608,0.0,0.0
slope1__peptide_count__P01621,0.0,0.0
slope1__peptide_count__P01717,0.0,0.0
rollmean2__peptide_count__P07195,0.0,0.0
missing__peptide_mean__Q7Z3B1,0.0,0.0
missing__peptide_mean__Q7Z5P9,0.0,0.0
lag1__peptide_count__P40925,0.0,0.0
delta1__peptide_count__Q6UX71,0.0,0.0
missing__peptide_mean__P08697,0.0,0.0
missing__peptide_mean__P09486,0.0,0.0
missing__peptide_mean__P09871,0.0,0.0
missing__peptide_mean__P05452,0.0,0.0
missing__peptide_mean__P06396,0.0,0.0
rollmean2__peptide_count__P08133,0.0,0.0
missing__peptide_mean__P06727,0.0,0.0
missing__peptide_mean__P07225,0.0,0.0
missing__peptide_mean__P07339,0.0,0.0
missing__peptide_mean__P07602,0.0,0.0
missing__peptide_mean__P07858,0.0,0.0
missing__peptide_mean__P04217,0.0,0.0
missing__peptide_mean__P04433,0.0,0.0
delta1__peptide_count__Q7Z3B1,0.0,0.0
missing__peptide_mean__P05067,0.0,0.0
missing__peptide_mean__P05090,0.0,0.0
missing__peptide_mean__P05155,0.0,0.0
missing__peptide_mean__P05156,0.0,0.0
slope1__peptide_count__Q99969,0.0,0.0
delta1__peptide_count__Q99435,0.0,0.0
delta1__peptide_count__Q99674,0.0,0.0
delta1__peptide_count__Q99683,0.0,0.0
missing__peptide_mean__P16070,0.0,0.0
missing__peptide_mean__P16870,0.0,0.0
missing__peptide_mean__P18065,0.0,0.0
missing__peptide_mean__P19652,0.0,0.0
missing__peptide_mean__P19823,0.0,0.0
missing__peptide_mean__P05060,0.0,0.0
rollmean2__peptide_count__P01591,0.0,0.0
lag1__peptide_count__Q562R1,0.0,0.0
lag1__peptide_count__Q6UX71,0.0,0.0
lag1__peptide_count__Q6UXD5,0.0,0.0
lag1__peptide_count__Q7Z3B1,0.0,0.0
rollmean2__peptide_count__P01344,0.0,0.0
slope1__peptide_count__Q99674,0.0,0.0
slope1__peptide_count__Q99435,0.0,0.0
slope1__peptide_count__Q96S96,0.0,0.0
rollmean2__peptide_count__P01033,0.0,0.0
slope1__peptide_count__Q96BZ4,0.0,0.0
peptide_count__P13473,0.0,0.0
slope1__peptide_count__O43505,0.0,0.0
lag1__peptide_count__P43251,0.0,0.0
lag1__peptide_count__Q14508,0.0,0.0
lag1__peptide_count__Q15904,0.0,0.0
peptide_count__P11277,0.0,0.0
rollmean2__peptide_count__P08253,0.0,0.0
peptide_count__P11142,0.0,0.0
peptide_count__P10451,0.0,0.0
slope1__peptide_count__O14498,0.0,0.0
slope1__peptide_count__O14791,0.0,0.0
lag1__peptide_count__P61278,0.0,0.0
lag1__peptide_count__P61626,0.0,0.0
lag1__peptide_count__P80748,0.0,0.0
lag1__peptide_count__Q02818,0.0,0.0
lag1__peptide_count__Q13283,0.0,0.0
slope1__peptide_count__O60888,0.0,0.0
lag1__peptide_count__P49588,0.0,0.0
lag1__peptide_count__P49908,0.0,0.0
lag1__peptide_count__P60174,0.0,0.0
slope1__peptide_count__Q99832,0.0,0.0
missing__peptide_mean__Q08380,0.0,0.0
missing__peptide_mean__Q12805,0.0,0.0
slope1__peptide_count__Q99829,0.0,0.0
missing__peptide_mean__Q14515,0.0,0.0
missing__peptide_mean__Q14624,0.0,0.0
missing__peptide_mean__Q16270,0.0,0.0
missing__peptide_mean__Q16610,0.0,0.0
missing__peptide_mean__P41222,0.0,0.0
rollmean2__peptide_count__P01717,0.0,0.0
rollmean2__peptide_count__P01594,0.0,0.0
missing__peptide_mean__P51884,0.0,0.0
slope1__peptide_count__Q99683,0.0,0.0
missing__peptide_mean__P61769,0.0,0.0
missing__peptide_mean__P61916,0.0,0.0
missing__peptide_mean__P80748,0.0,0.0
missing__peptide_mean__P20774,0.0,0.0
missing__peptide_mean__P23142,0.0,0.0
missing__peptide_mean__P24592,0.0,0.0
missing__peptide_mean__P25311,0.0,0.0
rollmean2__peptide_count__P01621,0.0,0.0
rollmean2__peptide_count__P01608,0.0,0.0
missing__peptide_mean__P36222,0.0,0.0
missing__peptide_mean__P36955,0.0,0.0
slope1__peptide_count__O75326,0.0,0.0
missing__peptide_mean__P43652,0.0,0.0
missing__peptide_abundance_std,0.0,0.0
missing__peptide_abundance_min,0.0,0.0
missing__peptide_abundance_max,0.0,0.0
missing__peptide_abundance_sum,0.0,0.0
missing__peptide_observation_count,0.0,0.0
missing__peptide_mean__O00533,0.0,0.0
delta1__peptide_count__P19827,0.0,0.0
delta1__peptide_count__Q99829,0.0,0.0
missing__peptide_mean__P02656,0.0,0.0
missing__peptide_mean__P02671,0.0,0.0
missing__peptide_mean__P02675,0.0,0.0
missing__peptide_mean__P02679,0.0,0.0
missing__peptide_mean__P02747,0.0,0.0
missing__peptide_mean__P08603,0.0,0.0
missing__peptide_mean__P02749,0.0,0.0
missing__peptide_mean__P02750,0.0,0.0
missing__peptide_mean__P01834,0.0,0.0
missing__peptide_mean__P01857,0.0,0.0
missing__peptide_mean__P01859,0.0,0.0
missing__peptide_mean__P01860,0.0,0.0
missing__peptide_mean__P01876,0.0,0.0
missing__peptide_mean__P02647,0.0,0.0
missing__peptide_mean__P02649,0.0,0.0
missing__peptide_mean__P02652,0.0,0.0
missing__peptide_mean__P01019,0.0,0.0
missing__peptide_mean__P01023,0.0,0.0
missing__peptide_mean__P01024,0.0,0.0
missing__peptide_mean__P02748,0.0,0.0
slope1__peptide_count__P16152,0.0,0.0
slope1__peptide_count__P17936,0.0,0.0
delta1__peptide_count__P01031,0.0,0.0
rollmean2__peptide_count__P04216,0.0,0.0
slope1__peptide_count__P04211,0.0,0.0
slope1__peptide_count__P04216,0.0,0.0
slope1__peptide_count__P04275,0.0,0.0
slope1__peptide_count__P04406,0.0,0.0
missing__peptide_mean__O15240,0.0,0.0
missing__peptide_mean__O43505,0.0,0.0
missing__peptide_mean__O75144,0.0,0.0
missing__peptide_mean__P00450,0.0,0.0
rollmean2__peptide_count__P04211,0.0,0.0
delta1__peptide_count__P20933,0.0,0.0
rollmean2__peptide_count__P04207,0.0,0.0
rollmean2__peptide_count__P04156,0.0,0.0
slope1__peptide_count__P02792,0.0,0.0
slope1__peptide_count__P04156,0.0,0.0
rollmean2__peptide_count__P02792,0.0,0.0
slope1__peptide_count__P04207,0.0,0.0
delta1__peptide_count__Q99832,0.0,0.0
delta1__peptide_count__Q99969,0.0,0.0
delta1__peptide_count__Q9BY67,0.0,0.0
delta1__peptide_count__Q9HDC9,0.0,0.0
delta1__peptide_count__Q9NYU2,0.0,0.0
delta1__peptide_count__Q9UBR2,0.0,0.0
slope1__peptide_count__P02655,0.0,0.0
delta1__peptide_count__P23083,0.0,0.0
lag1__peptide_count__Q8NBJ4,0.0,0.0
lag1__peptide_count__Q8NE71,0.0,0.0
rollmean2__peptide_count__P08123,0.0,0.0
delta1__peptide_count__P19021,0.0,0.0
delta1__peptide_count__P01344,0.0,0.0
rollmean2__peptide_count__P07858,0.0,0.0
rollmean2__peptide_count__P07333,0.0,0.0
missing__peptide_mean__P02751,0.0,0.0
missing__peptide_mean__P02753,0.0,0.0
missing__peptide_mean__P02760,0.0,0.0
missing__peptide_mean__P02763,0.0,0.0
missing__peptide_mean__P02765,0.0,0.0
missing__peptide_mean__P02766,0.0,0.0
missing__peptide_mean__P01034,0.0,0.0
lag1__peptide_count__Q8IWV7,0.0,0.0
missing__peptide_mean__P10451,0.0,0.0
missing__peptide_mean__P10643,0.0,0.0
missing__peptide_mean__P10645,0.0,0.0
missing__peptide_mean__P10909,0.0,0.0
missing__peptide_mean__P12109,0.0,0.0
missing__peptide_mean__P13521,0.0,0.0
missing__peptide_mean__P13987,0.0,0.0
missing__peptide_mean__P16035,0.0,0.0
missing__peptide_mean__P07998,0.0,0.0
missing__peptide_mean__P08294,0.0,0.0
missing__peptide_mean__P08493,0.0,0.0
missing__peptide_mean__P08571,0.0,0.0
lag1__peptide_count__Q7Z5P9,0.0,0.0
missing__peptide_mean__P01042,0.0,0.0
missing__peptide_mean__P01344,0.0,0.0
missing__peptide_mean__P01621,0.0,0.0
missing__peptide_mean__P01717,0.0,0.0
missing__peptide_mean__P00734,0.0,0.0
missing__peptide_mean__P00738,0.0,0.0
missing__peptide_mean__P00747,0.0,0.0
missing__peptide_mean__P00748,0.0,0.0
missing__peptide_mean__P00751,0.0,0.0
missing__peptide_mean__P01008,0.0,0.0
missing__peptide_mean__P01009,0.0,0.0
missing__peptide_mean__P01011,0.0,0.0
missing__peptide_mean__P02790,0.0,0.0
lag1__peptide_count__Q8N2S1,0.0,0.0
rollmean2__peptide_count__P06454,0.0,0.0
rollmean2__peptide_count__P06310,0.0,0.0
rollmean2__peptide_count__P05408,0.0,0.0
missing__peptide_mean__P04156,0.0,0.0
missing__peptide_mean__P04180,0.0,0.0
missing__peptide_mean__P04196,0.0,0.0
lag1__peptide_count__Q96BZ4,0.0,0.0
delta1__peptide_count__P01033,0.0,0.0
lag1__peptide_count__Q96S96,0.0,0.0
lag1__peptide_count__Q99435,0.0,0.0
lag1__peptide_count__Q99674,0.0,0.0
missing__peptide_mean__P02768,0.0,0.0
missing__peptide_mean__P02774,0.0,0.0
missing__peptide_mean__P02787,0.0,0.0
missing__peptide_mean__P04004,0.0,0.0
