feature,importance_mean,importance_std
rollmean2__current_updrs_2,0.7904704564965825,0.0
current_updrs_2,0.7720238517936202,0.0
rollmean2__current_updrs_3,0.4991816027672098,0.0
current_updrs_3,0.48541445562420354,0.0
current_updrs_1,0.34067892270367456,0.0
rollmean2__current_updrs_1,0.3335299854988384,0.0
lag1__current_updrs_2,0.3273310289262389,0.0
lag1__current_updrs_3,0.20696270431927458,0.0
delta1__current_updrs_2,0.13860083595370723,0.0
missing__peptide_log__EILSVDC(UniMod_4)STNNPSQAK,0.1385040206981577,0.0
rollmean2__peptide_std__P05067,0.1373822873916353,0.0
peptide_log__HYEGSTVPEK,0.1343777720939311,0.0
lag1__current_updrs_4,0.128506449687524,0.0
rollmean2__peptide_std__P01008,0.12263042446626654,0.0
peptide_std__P05067,0.12172637537690492,0.0
lag1__peptide_log__TVVQPSVGAAAGPVVPPC(UniMod_4)PGR,0.12006451480924248,0.0
lag1__protein_npx__P04433,0.11580294127979643,0.0
delta1__peptide_std__Q12841,0.11507419954435827,0.0
missing__peptide_log__KAADDTWEPFASGK,0.11188763899288519,0.0
rollmean2__peptide_log__C(UniMod_4)DSSPDSAEDVRK,0.11107192221673352,0.0
lag1__peptide_mean__P02652,0.10894043974208731,0.0
lag1__peptide_log__C(UniMod_4)DSSPDSAEDVRK,0.10889921074691135,0.0
missing__peptide_count__P05546,0.10853675674165668,0.0
missing__protein_npx__P05546,0.10853675674165668,0.0
missing__peptide_mean__P05546,0.10853675674165668,0.0
rollmean2__peptide_std__P06681,0.10797657668987602,0.0
rollmean2__protein_npx__P02753,0.10690678650444728,0.0
rollmean2__current_updrs_4,0.1065125515739265,0.0
rollmean2__peptide_log__ELDESLQVAER,0.10544987258870125,0.0
missing__peptide_log__C(UniMod_4)IIEVLSNALSK,0.10489235191767018,0.0
lag1__peptide_log__ELDESLQVAER,0.10450504566466766,0.0
rollmean2__peptide_log__HYEGSTVPEK,0.10393607752343927,0.0
peptide_count__Q96PD5,0.1037260965292734,0.0
missing__protein_npx__P04275,0.10320478275716316,0.0
missing__peptide_count__P04275,0.10320478275716316,0.0
missing__peptide_mean__P04275,0.10320478275716316,0.0
rollmean2__peptide_log__TQVNTQAEQLRR,0.10154231411317581,0.0
lag1__current_updrs_1,0.10141507841408864,0.0
peptide_std__P06681,0.10008475447161404,0.0
protein_npx__P02753,0.09901854500509119,0.0
delta1__current_updrs_1,0.09889249021173968,0.0
rollmean2__peptide_count__P19823,0.09871417785203601,0.0
peptide_log__WELALGR,0.0986281788987043,0.0
missing__peptide_log__C(UniMod_4)VDVDEC(UniMod_4)APPAEPC(UniMod_4)GK,0.0984297531860725,0.0
delta1__peptide_std__P01019,0.09840594022017674,0.0
slope1__peptide_count__P07225,0.09821892779693611,0.0
rollmean2__peptide_mean__Q8NE71,0.09740774750088631,0.0
delta1__peptide_count__P13611,0.09669702003346047,0.0
delta1__peptide_log__RGYQLSDVDGVTC(UniMod_4)EDIDEC(UniMod_4)ALPTGGHIC(UniMod_4)SYR,0.09634524723608415,0.0
rollmean2__peptide_count__Q96PD5,0.09618187698456555,0.0
delta1__peptide_log__LGADM(UniMod_35)EDVC(UniMod_4)GR,0.09550499088577144,0.0
protein_npx__P01031,0.09476997404655402,0.0
peptide_log__C(UniMod_4)SYTEDAQC(UniMod_4)IDGTIEVPK,0.09466362325780568,0.0
lag1__peptide_count__P13591,0.09371072102582581,0.0
peptide_log__LGADMEDVC(UniMod_4)GR,0.09363721341096384,0.0
rollmean2__peptide_count__O00533,0.09279901211551647,0.0
delta1__peptide_mean__P02748,0.09267729875862796,0.0
rollmean2__peptide_std__Q9Y6R7,0.09241014256057649,0.0
rollmean2__current_medication_unknown,0.09228601731698709,0.0
slope1__peptide_count__P13611,0.09216025367875867,0.0
peptide_std__P39060,0.0916839198382286,0.0
delta1__peptide_count__O00533,0.09141775854174233,0.0
lag1__peptide_log__GEVQAMLGQSTEELR,0.09059070350756925,0.0
missing__peptide_log__KVEQAVETEPEPELR,0.089717453188491,0.0
missing__peptide_log__SELEEQLTPVAEETR,0.08908423042806018,0.0
rollmean2__peptide_count__P01876,0.08896030965633965,0.0
lag1__peptide_std__P00748,0.08818160081576167,0.0
rollmean2__peptide_log__GEVQAMLGQSTEELR,0.08736430369853554,0.0
peptide_log__RGYQLSDVDGVTC(UniMod_4)EDIDEC(UniMod_4)ALPTGGHIC(UniMod_4)SYR,0.0867218585516426,0.0
rollmean2__peptide_log__AVGDKLPEC(UniMod_4)EADDGC(UniMod_4)PKPPEIAHGYVEHSVR,0.08655873036577859,0.0
peptide_log__GEVQAMLGQSTEELR,0.0860316777910931,0.0
rollmean2__peptide_mean__P98160,0.08597870132042636,0.0
lag1__peptide_count__P05452,0.08595698072346789,0.0
rollmean2__peptide_mean__P01591,0.08578943081012744,0.0
lag1__peptide_std__P01042,0.08573252477911052,0.0
rollmean2__peptide_mean__Q02818,0.08497090536727184,0.0
current_medication_unknown,0.08482016221469679,0.0
missing__current_medication_on,0.08482016221469679,0.0
rollmean2__peptide_log__C(UniMod_4)RDQLPYIC(UniMod_4)QFGIV,0.08475155643071679,0.0
lag1__peptide_count__Q9UBX5,0.0844834152038123,0.0
rollmean2__peptide_log__C(UniMod_4)TSTGWIPAPR,0.08440869311058924,0.0
missing__peptide_log__LAVYQAGAR,0.08437412940427738,0.0
rollmean2__peptide_mean__P02787,0.08396997221671823,0.0
peptide_mean__P19827,0.08317324667080932,0.0
peptide_mean__O14498,0.08312365294234107,0.0
missing__peptide_log__TPLGDTTHTC(UniMod_4)PR,0.08287280376880365,0.0
delta1__peptide_log__TVVQPSVGAAAGPVVPPC(UniMod_4)PGR,0.08284264443632654,0.0
peptide_mean__P01591,0.08261466823089003,0.0
slope1__current_updrs_2,0.0825064735662247,0.0
missing__peptide_std__P10643,0.08195333127574371,0.0
rollmean2__peptide_log__WELALGR,0.08167196486278469,0.0
missing__protein_npx__Q9NYU2,0.08114086757122434,0.0
missing__peptide_mean__Q9NYU2,0.08114086757122434,0.0
missing__peptide_count__Q9NYU2,0.08114086757122434,0.0
lag1__peptide_std__P06681,0.08108990211741483,0.0
peptide_log__TQVNTQAEQLRR,0.08071259419163532,0.0
rollmean2__peptide_std__P00748,0.08055966442139616,0.0
protein_npx__P01860,0.08033582841536255,0.0
peptide_log__RTPITVVK,0.08024437437052157,0.0
rollmean2__peptide_mean__P06310,0.08018921235215101,0.0
rollmean2__peptide_mean__P02753,0.08012452111489854,0.0
peptide_log__C(UniMod_4)DSSPDSAEDVRK,0.07992787110364644,0.0
protein_npx__Q9UBR2,0.07987737091024533,0.0
lag1__peptide_log__LFDSDPITVTVPVEVSR,0.07951593283278348,0.0
missing__peptide_log__TEGDGVYTLNNEK,0.07937281342188332,0.0
rollmean2__peptide_count__P02787,0.07935467792366104,0.0
missing__peptide_std__P43121,0.07925869481248451,0.0
slope1__peptide_count__O00533,0.0791206978793318,0.0
rollmean2__protein_npx__P02652,0.07911646783864452,0.0
rollmean2__protein_npx__P01860,0.07890892253528063,0.0
peptide_mean__Q8NE71,0.07878010913759334,0.0
protein_npx__Q9UBX5,0.07848052130735213,0.0
rollmean2__protein_npx__Q9Y6R7,0.07827251257678006,0.0
slope1__peptide_std__P01008,0.0781998255589531,0.0
peptide_mean__Q9UBR2,0.07816790116518024,0.0
rollmean2__peptide_log__NPDSSTTGPWC(UniMod_4)YTTDPTVR,0.07812337574599788,0.0
peptide_count__P08571,0.07811721842261396,0.0
missing__peptide_std__O75144,0.07804290681686113,0.0
peptide_log__DLATVYVDVLK,0.07801398851620471,0.0
peptide_std__P01008,0.0777715014428028,0.0
missing__peptide_std__P17174,0.07742967194680422,0.0
rollmean2__peptide_log__RTPITVVK,0.07725023977385852,0.0
missing__peptide_log__ALGISPFHEHAEVVFTANDSGPR,0.07706202658177184,0.0
delta1__protein_npx__P01019,0.07689271411070904,0.0
lag1__peptide_log__YYWGGQYTWDMAK,0.07663623509958736,0.0
slope1__peptide_mean__P02792,0.07662321144935257,0.0
rollmean2__peptide_count__P02763,0.07659438497851316,0.0
delta1__peptide_std__P01008,0.0765747623347878,0.0
lag1__peptide_count__P20774,0.0761129261503048,0.0
lag1__peptide_log__LGQSLDC(UniMod_4)NAEVYVVPWEK,0.075934014306523,0.0
protein_npx__O14498,0.07590786255801275,0.0
peptide_mean__P98160,0.07590476185557703,0.0
slope1__peptide_count__O75144,0.07545135742725592,0.0
lag1__peptide_mean__P04433,0.07533432805579578,0.0
slope1__peptide_std__P13611,0.07522341530719656,0.0
lag1__protein_npx__P04196,0.07509754600749007,0.0
peptide_std__P01023,0.07505934566649684,0.0
peptide_mean__Q02818,0.0750228718209258,0.0
missing__protein_npx__Q6UXD5,0.0748293936237011,0.0
missing__peptide_mean__Q6UXD5,0.0748293936237011,0.0
missing__peptide_count__Q6UXD5,0.0748293936237011,0.0
rollmean2__peptide_mean__O14498,0.07429789909245883,0.0
peptide_std__P00748,0.07425097141676552,0.0
lag1__protein_npx__P00734,0.07420253105453535,0.0
missing__peptide_log__ILLQGTPVAQMTEDAVDAER,0.07416096017020088,0.0
missing__peptide_mean__P17174,0.07412214591300186,0.0
missing__protein_npx__P17174,0.07412214591300186,0.0
missing__peptide_count__P17174,0.07412214591300186,0.0
lag1__peptide_mean__P19827,0.07391244811352539,0.0
delta1__protein_npx__P05090,0.07371920010490507,0.0
slope1__peptide_log__LGADM(UniMod_35)EDVC(UniMod_4)GR,0.07366194778888828,0.0
lag1__peptide_mean__P00734,0.07363674048475367,0.0
rollmean2__protein_npx__Q02818,0.0733869930327436,0.0
rollmean2__peptide_log__AATVGSLAGQPLQER,0.07318299473796161,0.0
peptide_log__C(UniMod_4)RDQLPYIC(UniMod_4)QFGIV,0.07286172091086063,0.0
rollmean2__peptide_count__Q9NQ79,0.07284545895317203,0.0
rollmean2__peptide_count__P10909,0.07283142364979879,0.0
rollmean2__peptide_log__C(UniMod_4)SYTEDAQC(UniMod_4)IDGTIEVPK,0.07279190378112328,0.0
missing__peptide_log__YVM(UniMod_35)LPVADQDQC(UniMod_4)IR,0.07273130373740463,0.0
rollmean2__protein_npx__P05155,0.07259858880271595,0.0
peptide_std__P01877,0.07255138577520474,0.0
missing__peptide_log__LPPTSAHGNVAEGETKPDPDVTER,0.0724546378857999,0.0
peptide_mean__P02787,0.07245216215836933,0.0
current_updrs_4,0.07245171215842464,0.0
slope1__peptide_log__ADDKETC(UniMod_4)FAEEGK,0.07236736271381164,0.0
rollmean2__peptide_count__P61916,0.07218943147976065,0.0
lag1__protein_npx__Q8IWV7,0.07216894689778508,0.0
protein_npx__P08253,0.07216099844147737,0.0
slope1__peptide_std__P02760,0.07204333533832419,0.0
lag1__peptide_std__Q12907,0.07198045774837561,0.0
protein_npx__P00747,0.07197322589773936,0.0
slope1__peptide_count__P02452,0.07195873515881981,0.0
lag1__peptide_log__LDEVKEQVAEVR,0.07190527630110537,0.0
peptide_log__DSGFQM(UniMod_35)NQLR,0.07183614643821182,0.0
protein_npx__P02652,0.07173208877680777,0.0
rollmean2__peptide_mean__P17174,0.07139083289469061,0.0
rollmean2__peptide_count__P00747,0.07133557301944259,0.0
rollmean2__peptide_log__TM(UniMod_35)LLQPAGSLGSYSYR,0.0710653486588526,0.0
delta1__peptide_log__DLATVYVDVLK,0.07105835421909086,0.0
lag1__peptide_count__Q14515,0.070963993753234,0.0
delta1__peptide_mean__P23142,0.07088109210067815,0.0
rollmean2__peptide_std__P01023,0.07082670658154283,0.0
peptide_mean__P02753,0.07077845446038296,0.0
rollmean2__protein_npx__O14498,0.07069169631410636,0.0
peptide_mean__P01031,0.07057975257792636,0.0
delta1__peptide_mean__P43121,0.07043058062206761,0.0
rollmean2__protein_npx__P08253,0.07034859336785107,0.0
peptide_count__P61916,0.07034279329723737,0.0
missing__peptide_std__Q96PD5,0.07031089226244802,0.0
slope1__peptide_std__P02766,0.07031074484508287,0.0
lag1__peptide_std__Q9Y6R7,0.07027594972863088,0.0
rollmean2__peptide_count__P02747,0.06990116071866483,0.0
peptide_std__P01834,0.0698648537349756,0.0
slope1__protein_npx__Q12841,0.06978752893632625,0.0
peptide_std__Q9Y6R7,0.06976382215074857,0.0
rollmean2__peptide_std__P19823,0.06975631837832896,0.0
slope1__protein_npx__P01019,0.06958338948094495,0.0
slope1__peptide_count__P02751,0.06948221739148999,0.0
delta1__peptide_count__Q6UXB8,0.0694466985803368,0.0
lag1__protein_npx__P02765,0.06929476282633334,0.0
lag1__protein_npx__Q9Y6R7,0.0692240116058504,0.0
rollmean2__protein_npx__Q9UBX5,0.06919113229997459,0.0
lag1__peptide_count__P16070,0.06917826845648332,0.0
slope1__peptide_mean__P43121,0.06909354769118796,0.0
lag1__protein_npx__P19827,0.06902795626676189,0.0
rollmean2__protein_npx__P16070,0.06890012154964184,0.0
delta1__peptide_mean__Q6UX71,0.06887968698189331,0.0
peptide_count__O75144,0.06886586920766272,0.0
slope1__peptide_std__P01019,0.06886574284395305,0.0
lag1__protein_npx__P02750,0.06873865029167496,0.0
delta1__protein_npx__P05060,0.0686194756112976,0.0
lag1__peptide_std__P98160,0.06830552915794853,0.0
slope1__peptide_abundance_max,0.0682451510573121,0.0
lag1__protein_npx__P13591,0.06818535797557987,0.0
rollmean2__protein_npx__P01031,0.06815523763839458,0.0
peptide_log__IMNGEADAMSLDGGFVYIAGK,0.06805948683610684,0.0
missing__protein_npx__P01861,0.0679717712391456,0.0
missing__peptide_count__P01861,0.0679717712391456,0.0
missing__peptide_log__TTPPVLDSDGSFFLYSR,0.0679717712391456,0.0
missing__peptide_mean__P01861,0.0679717712391456,0.0
peptide_count__P61769,0.06789771151312245,0.0
lag1__peptide_std__Q14118,0.0678569198383089,0.0
rollmean2__peptide_count__P14314,0.06772141268516549,0.0
rollmean2__peptide_std__P01834,0.0676464263377214,0.0
missing__peptide_log__SLAAAAGKQELAK,0.06747045447655464,0.0
missing__protein_npx__P61278,0.06747045447655464,0.0
missing__peptide_mean__P61278,0.06747045447655464,0.0
missing__peptide_count__P61278,0.06747045447655464,0.0
rollmean2__peptide_log__LVGGPM(UniMod_35)DASVEEEGVRR,0.06740766369472281,0.0
lag1__peptide_std__P54289,0.06740582826423935,0.0
rollmean2__protein_npx__P02787,0.06731530940714371,0.0
rollmean2__peptide_count__P08571,0.06728306302472495,0.0
peptide_log__NFPPSQDASGDLYTTSSQLTLPATQC(UniMod_4)LAGK,0.06724272277898108,0.0
peptide_log__C(UniMod_4)TSTGWIPAPR,0.06705771135736584,0.0
slope1__peptide_log__DLATVYVDVLK,0.0670502364746572,0.0
slope1__peptide_mean__Q6UX71,0.06698625566501083,0.0
delta1__peptide_mean__P02792,0.06695953269705048,0.0
peptide_std__P17174,0.06691465277311352,0.0
rollmean2__peptide_std__P10909,0.06691118965271836,0.0
lag1__peptide_std__P39060,0.06679935100041233,0.0
rollmean2__peptide_std__Q14118,0.06669617301518391,0.0
rollmean2__protein_npx__Q9UNU6,0.0666078744619702,0.0
lag1__peptide_count__P14618,0.06655548201247438,0.0
slope1__protein_npx__Q6UX71,0.06654295471363555,0.0
rollmean2__peptide_log__MTVTDQVNC(UniMod_4)PK,0.0664955209887349,0.0
missing__peptide_mean__P13591,0.06645055115210913,0.0
missing__protein_npx__P13591,0.06645055115210913,0.0
missing__peptide_count__P13591,0.06645055115210913,0.0
peptide_mean__P02774,0.06639987694907636,0.0
peptide_count__P00747,0.06630960541054295,0.0
slope1__peptide_count__Q6UXB8,0.06630750671041896,0.0
delta1__current_updrs_3,0.06624133366509505,0.0
rollmean2__protein_npx__Q8NE71,0.06621518183597835,0.0
lag1__protein_npx__Q6UXD5,0.06611051975783658,0.0
missing__protein_npx__P19021,0.06608129614484567,0.0
missing__peptide_count__P19021,0.06608129614484567,0.0
missing__peptide_mean__P19021,0.06608129614484567,0.0
slope1__peptide_std__Q08380,0.06601116196860479,0.0
slope1__peptide_mean__P23142,0.0659554588684548,0.0
peptide_count__P19823,0.06569058386062676,0.0
peptide_mean__Q9UBX5,0.06563715967105457,0.0
delta1__peptide_mean__Q13740,0.0655124251417555,0.0
protein_npx__Q02818,0.0654301800096768,0.0
lag1__peptide_mean__P07225,0.06542865030670164,0.0
rollmean2__peptide_log__IMNGEADAMSLDGGFVYIAGK,0.06528375144529526,0.0
rollmean2__peptide_log__GC(UniMod_4)PTEEGC(UniMod_4)GER,0.06516411546275092,0.0
missing__peptide_log__HYDGSYSTFGER,0.06515967292510247,0.0
rollmean2__protein_npx__P02647,0.06514583867446624,0.0
lag1__protein_npx__P06727,0.06511068225673272,0.0
lag1__protein_npx__P02748,0.06506185108965407,0.0
lag1__peptide_count__P06396,0.06506125652109172,0.0
lag1__peptide_count__P08571,0.06504393485760367,0.0
lag1__peptide_count__P05155,0.06495991380178047,0.0
delta1__protein_npx__P17936,0.06491399623939326,0.0
slope1__current_updrs_3,0.06482756411064038,0.0
slope1__peptide_std__P06727,0.06477215516300935,0.0
rollmean2__peptide_mean__P16070,0.064609362588308,0.0
missing__peptide_log__AATVGSLAGQPLQER,0.06456677956510368,0.0
missing__peptide_std__P19823,0.06456151135382351,0.0
slope1__peptide_mean__P01717,0.06442006244498921,0.0
peptide_std__P10909,0.06440611004677683,0.0
slope1__protein_npx__O75326,0.0643423750720328,0.0
rollmean2__peptide_count__P43652,0.06433677136691361,0.0
rollmean2__peptide_count__P13611,0.06432985155879808,0.0
rollmean2__protein_npx__P06310,0.0642385849225335,0.0
rollmean2__peptide_log__KQELSEAEQATR,0.06406569939635542,0.0
lag1__peptide_count__Q9Y6R7,0.06396546172353057,0.0
peptide_std__P08493,0.06396292057022165,0.0
slope1__protein_npx__P13591,0.06385884954954071,0.0
delta1__peptide_count__Q14515,0.0637144744519895,0.0
rollmean2__peptide_log__LFDSDPITVTVPVEVSR,0.06366797003064528,0.0
delta1__peptide_mean__P02655,0.06366754268127879,0.0
rollmean2__peptide_log__NFPPSQDASGDLYTTSSQLTLPATQC(UniMod_4)LAGK,0.06363092482137002,0.0
peptide_mean__P13611,0.0636226064683616,0.0
slope1__peptide_std__P17174,0.06352994519916128,0.0
missing__peptide_count__Q13332,0.06341638545458819,0.0
missing__peptide_mean__Q13332,0.06341638545458819,0.0
missing__protein_npx__Q13332,0.06341638545458819,0.0
lag1__peptide_mean__P20774,0.06340327049688166,0.0
slope1__peptide_count__P02768,0.06340174353570534,0.0
delta1__peptide_mean__P09486,0.06337205033931749,0.0
slope1__current_updrs_4,0.06314867579360471,0.0
peptide_count__P02763,0.06313394438739338,0.0
lag1__peptide_mean__Q96S96,0.06304808246950248,0.0
peptide_count__P02787,0.06304548072920708,0.0
peptide_std__P02750,0.06304328142249152,0.0
missing__peptide_log__EDSLEAGLPLQVR,0.06293342913848336,0.0
rollmean2__protein_npx__P80748,0.06275524256651793,0.0
rollmean2__protein_npx__P04180,0.062698749522256,0.0
delta1__peptide_count__P01019,0.06267518471061272,0.0
peptide_log__DSGEGDFLAEGGGVR,0.06265996957998739,0.0
missing__peptide_std__P13591,0.062480393383216676,0.0
rollmean2__peptide_log__ILTC(UniMod_4)M(UniMod_35)QGMEEIR,0.06246061540640067,0.0
rollmean2__peptide_mean__Q8IWV7,0.06246061540640067,0.0
peptide_mean__P01833,0.06245211054720258,0.0
rollmean2__peptide_std__P43121,0.06243065595941712,0.0
protein_npx__P00748,0.06242340471570775,0.0
slope1__peptide_count__P18065,0.06237292754008632,0.0
peptide_mean__P17936,0.062370209931204235,0.0
delta1__protein_npx__P02748,0.06230528687059056,0.0
lag1__current_medication_unknown,0.062301787963494344,0.0
rollmean2__peptide_std__P02748,0.06219629773930974,0.0
delta1__peptide_count__P55290,0.0621733232937923,0.0
delta1__protein_npx__Q6UX71,0.062070465024737655,0.0
peptide_count__P02765,0.062046105882911734,0.0
peptide_std__P00441,0.06202696293988145,0.0
rollmean2__peptide_mean__Q6UX71,0.06187604056197348,0.0
missing__peptide_log__YYWGGQYTWDMAK,0.061842739487937476,0.0
rollmean2__peptide_count__P27169,0.061805648075600676,0.0
rollmean2__peptide_std__P00734,0.06165220450957833,0.0
lag1__protein_npx__P20774,0.06150210965359836,0.0
rollmean2__protein_npx__Q9NYU2,0.0614812566621659,0.0
lag1__peptide_count__Q96KN2,0.061425813503025416,0.0
rollmean2__protein_npx__P20933,0.061350600313320895,0.0
missing__peptide_log__VKDLATVYVDVLK,0.061349889854318086,0.0
slope1__peptide_std__P09871,0.0613172917364625,0.0
rollmean2__peptide_mean__Q9NYU2,0.06126990482968801,0.0
lag1__peptide_count__P02768,0.06114285092617887,0.0
peptide_count__P14314,0.06113223248699646,0.0
lag1__peptide_mean__P61626,0.06107711277760973,0.0
missing__peptide_log__LIADLGSTSITNLGFR,0.06102558627194269,0.0
lag1__peptide_mean__P98160,0.06100202057244328,0.0
lag1__peptide_mean__P02748,0.060930426332454705,0.0
delta1__protein_npx__P40925,0.060889288220973295,0.0
missing__peptide_std__Q9NQ79,0.06078913609726815,0.0
slope1__peptide_count__Q96PD5,0.06076888327012961,0.0
protein_npx__O14773,0.06073316410518119,0.0
slope1__peptide_log__KVEQAVETEPEPELR,0.060714876930174765,0.0
missing__protein_npx__P43121,0.06070723078356718,0.0
missing__peptide_count__P43121,0.06070723078356718,0.0
missing__peptide_mean__P43121,0.06070723078356718,0.0
rollmean2__peptide_std__P41222,0.06064334985867555,0.0
missing__protein_npx__P01780,0.06063632151985178,0.0
missing__peptide_count__P01780,0.06063632151985178,0.0
missing__peptide_mean__P01780,0.06063632151985178,0.0
delta1__peptide_count__P36222,0.06052899355010611,0.0
delta1__peptide_count__P01023,0.060510032421772914,0.0
rollmean2__peptide_mean__P20933,0.06045966758735726,0.0
lag1__peptide_count__P00441,0.060425361405256665,0.0
missing__peptide_log__NPDPWAK,0.06040010127176326,0.0
delta1__peptide_std__P08493,0.06035127358488582,0.0
slope1__peptide_log__TVVQPSVGAAAGPVVPPC(UniMod_4)PGR,0.06026386121150318,0.0
rollmean2__peptide_abundance_max,0.06022092070610549,0.0
lag1__peptide_count__P04217,0.0601700078159686,0.0
slope1__peptide_count__P02760,0.06014634565629301,0.0
rollmean2__peptide_count__Q12805,0.06013906961451847,0.0
delta1__peptide_mean__P05090,0.06008816165818393,0.0
slope1__peptide_count__O94919,0.05999492449025464,0.0
rollmean2__peptide_count__P39060,0.0598644189753811,0.0
delta1__peptide_std__P09871,0.05983336314592247,0.0
rollmean2__protein_npx__P01876,0.05975553985427416,0.0
slope1__peptide_std__Q6UXB8,0.05971125145701087,0.0
lag1__protein_npx__P08123,0.059677014291193764,0.0
delta1__protein_npx__P01591,0.05963558099548288,0.0
lag1__peptide_log__VC(UniMod_4)PFAGILENGAVR,0.05961457363479347,0.0
lag1__peptide_count__P10909,0.05961036721336937,0.0
delta1__peptide_std__Q6UXB8,0.05961012421107432,0.0
peptide_log__AVGDKLPEC(UniMod_4)EADDGC(UniMod_4)PKPPEIAHGYVEHSVR,0.05953155428077184,0.0
missing__peptide_log__MASGAANVVGPK,0.059483218553385085,0.0
lag1__protein_npx__P61626,0.05942779070820748,0.0
lag1__peptide_log__KAADDTWEPFASGK,0.05937351659875176,0.0
lag1__peptide_std__P08493,0.05927773598926654,0.0
rollmean2__peptide_log__YVM(UniMod_35)LPVADQDQC(UniMod_4)IR,0.05915504741625378,0.0
missing__peptide_count__P07333,0.0591398254366776,0.0
missing__peptide_mean__P07333,0.0591398254366776,0.0
missing__protein_npx__P07333,0.0591398254366776,0.0
delta1__peptide_abundance_max,0.05913679073982367,0.0
rollmean2__peptide_mean__Q99829,0.05909542327980267,0.0
delta1__peptide_log__LGADMEDVC(UniMod_4)GR,0.05908061760354772,0.0
delta1__peptide_count__P04433,0.05905977357807952,0.0
rollmean2__peptide_std__P14314,0.05903752238545576,0.0
rollmean2__peptide_log__VTSIQDWVQK,0.05901825189859817,0.0
lag1__peptide_count__P43121,0.058967700215009536,0.0
rollmean2__protein_npx__Q9UBR2,0.05892164686851941,0.0
slope1__protein_npx__P19021,0.058840656304181095,0.0
slope1__peptide_mean__Q6UXB8,0.05871192829417952,0.0
peptide_count__Q12805,0.05865514172609729,0.0
peptide_std__O75144,0.05865308948040913,0.0
delta1__peptide_std__Q13740,0.05863549154733499,0.0
rollmean2__peptide_count__P02765,0.058635346592897826,0.0
delta1__peptide_mean__P16070,0.058615918960547096,0.0
peptide_mean__Q96BZ4,0.05855676873195091,0.0
rollmean2__peptide_mean__P02774,0.058504876750949286,0.0
peptide_count__P01876,0.05847446648417534,0.0
protein_npx__P04180,0.05846245476984275,0.0
delta1__protein_npx__P01033,0.05845265002313133,0.0
rollmean2__peptide_count__P25311,0.058422633527179385,0.0
lag1__peptide_count__P13611,0.05838416648641602,0.0
delta1__peptide_log__DSGEGDFLAEGGGVR,0.05833547808557329,0.0
peptide_count__P08697,0.05832790458094806,0.0
rollmean2__peptide_count__O75144,0.058168471609701566,0.0
rollmean2__protein_npx__P00747,0.05802611097641347,0.0
lag1__peptide_mean__P36222,0.057881819183665,0.0
peptide_std__Q96PD5,0.05783103073844398,0.0
rollmean2__protein_npx__P14314,0.057825344413121336,0.0
delta1__peptide_count__P06396,0.057733820280170274,0.0
delta1__protein_npx__P06396,0.05772333988260907,0.0
missing__protein_npx__Q9NQ79,0.057628388264854946,0.0
missing__peptide_mean__Q9NQ79,0.057628388264854946,0.0
missing__peptide_count__Q9NQ79,0.057628388264854946,0.0
delta1__peptide_log__KVEQAVETEPEPELR,0.05753289087785345,0.0
missing__peptide_mean__Q99683,0.05742029059700635,0.0
missing__peptide_count__Q99683,0.05742029059700635,0.0
missing__protein_npx__Q99683,0.05742029059700635,0.0
slope1__peptide_mean__Q06481,0.05739937484333521,0.0
lag1__peptide_log__VYC(UniMod_4)DMNTENGGWTVIQNR,0.057389126751262155,0.0
missing__peptide_log__SEALAVDGAGKPGAEEAQDPEGK,0.057355385873947694,0.0
delta1__peptide_count__P07225,0.0573538837901671,0.0
peptide_log__TSPVDEKALQDQLVLVAAK,0.05727742324694023,0.0
missing__peptide_log__SWFEPLVEDM(UniMod_35)QR,0.05724608479524574,0.0
protein_npx__P07711,0.057115688463048174,0.0
peptide_std__P04180,0.05707681268447455,0.0
lag1__peptide_count__P00738,0.056994165781598674,0.0
lag1__peptide_log__NPDPWAK,0.05693522897206473,0.0
peptide_count__P09486,0.056914902191888495,0.0
peptide_std__Q14118,0.05688596761255489,0.0
slope1__peptide_mean__P01860,0.056796575062745,0.0
delta1__peptide_count__Q96PD5,0.05672067009531019,0.0
lag1__protein_npx__P02656,0.0566958912315583,0.0
lag1__peptide_std__P00738,0.0566939051928172,0.0
slope1__peptide_log__LGADMEDVC(UniMod_4)GR,0.056621221471716054,0.0
protein_npx__P02671,0.05662108534459696,0.0
lag1__peptide_mean__P08637,0.05654886485321896,0.0
missing__peptide_count__P04211,0.05652731696040087,0.0
missing__peptide_mean__P04211,0.05652731696040087,0.0
missing__protein_npx__P04211,0.05652731696040087,0.0
rollmean2__peptide_std__P02750,0.05652656521170476,0.0
rollmean2__protein_npx__O14773,0.056512953335827364,0.0
rollmean2__peptide_mean__Q6UXB8,0.05650307170055673,0.0
lag1__protein_npx__P05546,0.05643656416208071,0.0
peptide_log__SELEEQLTPVAEETR,0.056387697293491,0.0
rollmean2__peptide_std__Q06481,0.05631415561138126,0.0
rollmean2__peptide_mean__P08253,0.056221613190371125,0.0
lag1__peptide_std__P06727,0.056219806058734154,0.0
delta1__peptide_mean__P07333,0.05620453660511324,0.0
rollmean2__peptide_std__Q14624,0.056151779357813285,0.0
slope1__peptide_mean__P02652,0.0561397852203331,0.0
peptide_log__VTSIQDWVQK,0.05605205424902737,0.0
delta1__peptide_mean__P40925,0.05603184875795702,0.0
slope1__peptide_log__GSPAINVAVHVFRK,0.055938859243742686,0.0
lag1__peptide_count__Q9UHG2,0.055921940846079744,0.0
protein_npx__P01034,0.05587076686284876,0.0
peptide_std__P20774,0.05584984963090798,0.0
lag1__peptide_mean__P08123,0.05584100445418437,0.0
protein_npx__P01591,0.05583285798581697,0.0
missing__peptide_log__LDEVKEQVAEVR,0.05582283660994589,0.0
delta1__peptide_count__P10909,0.055819061309206545,0.0
lag1__protein_npx__P01860,0.055786529973135705,0.0
rollmean2__protein_npx__O14791,0.055696569738071716,0.0
delta1__protein_npx__P08294,0.05566708706757667,0.0
lag1__protein_npx__Q13449,0.05560256991601571,0.0
rollmean2__peptide_count__P05067,0.055576062598994676,0.0
delta1__peptide_count__Q92520,0.05550417616990128,0.0
rollmean2__peptide_log__GSPAINVAVHVFRK,0.05547890467067213,0.0
delta1__peptide_mean__Q9UHG2,0.05533685901628742,0.0
lag1__protein_npx__P01034,0.05533070166165139,0.0
delta1__peptide_mean__P01033,0.05525385212068627,0.0
peptide_std__P04196,0.055227304825289536,0.0
lag1__peptide_mean__P02452,0.055221775126564926,0.0
missing__peptide_log__VC(UniMod_4)PFAGILENGAVR,0.055176857661458745,0.0
lag1__peptide_log__GSPAINVAVHVFRK,0.0551638894062709,0.0
delta1__peptide_std__P07711,0.05514764773883391,0.0
rollmean2__peptide_mean__Q9UNU6,0.055117352581370335,0.0
delta1__peptide_count__P02675,0.05508327284764653,0.0
slope1__protein_npx__P13611,0.05505053061930895,0.0
protein_npx__P16152,0.054988103142646474,0.0
lag1__protein_npx__P32754,0.05492084173396529,0.0
missing__peptide_std__P02748,0.05489256851430015,0.0
peptide_mean__P17174,0.054872835566089594,0.0
delta1__protein_npx__P04075,0.05486859025324137,0.0
lag1__peptide_mean__P06454,0.054858559770933714,0.0
missing__peptide_std__P07711,0.0548566048434941,0.0
lag1__protein_npx__P04075,0.054846847738651686,0.0
delta1__peptide_mean__O15240,0.05481132458241913,0.0
protein_npx__P01833,0.05479704193091631,0.0
lag1__peptide_log__LSSWVLLM(UniMod_35)K,0.0547423639798107,0.0
lag1__peptide_mean__P36980,0.054721301939439505,0.0
slope1__peptide_std__Q96KN2,0.0547126330092722,0.0
protein_npx__Q8NE71,0.05467374495747475,0.0
peptide_count__P39060,0.05462532543288954,0.0
peptide_std__Q14624,0.054473844036256935,0.0
slope1__peptide_std__P08493,0.05447267539805052,0.0
rollmean2__peptide_std__P01009,0.05446698589096589,0.0
rollmean2__protein_npx__P02671,0.05444243015752908,0.0
rollmean2__protein_npx__P01008,0.05442157254099483,0.0
rollmean2__peptide_count__O00584,0.05441713495604205,0.0
rollmean2__peptide_log__KFPSGTFEQVSQLVK,0.05431485789441338,0.0
protein_npx__P02787,0.054215905743051615,0.0
rollmean2__protein_npx__Q99829,0.05412303618926267,0.0
missing__peptide_std__P27169,0.0540483956598281,0.0
rollmean2__protein_npx__P13611,0.053997436203641336,0.0
lag1__protein_npx__Q12841,0.053978006252810386,0.0
rollmean2__peptide_mean__P04075,0.05396826602591016,0.0
delta1__peptide_std__P02675,0.05396037469280638,0.0
delta1__peptide_std__P30086,0.053938160598584084,0.0
lag1__peptide_log__C(UniMod_4)RDQLPYIC(UniMod_4)QFGIV,0.053931208267478215,0.0
slope1__peptide_count__Q16270,0.05391568124502413,0.0
rollmean2__peptide_count__P02766,0.053830034109949944,0.0
peptide_mean__P06310,0.05381286566861051,0.0
rollmean2__peptide_count__P00736,0.053804118539431456,0.0
protein_npx__Q9Y6R7,0.05377893754899633,0.0
peptide_count__P43652,0.053745933356507125,0.0
rollmean2__peptide_log__SELEEQLTPVAEETR,0.05369183736238225,0.0
rollmean2__protein_npx__P00748,0.05353618671077871,0.0
protein_npx__O14791,0.05342362389668493,0.0
slope1__peptide_mean__P04406,0.05332853176281151,0.0
delta1__peptide_mean__P55290,0.05331997379936802,0.0
protein_npx__P01876,0.05322185434019846,0.0
slope1__peptide_std__P04180,0.05307086355383123,0.0
lag1__protein_npx__P43121,0.05306947358808276,0.0
lag1__peptide_std__P01876,0.053066372515798536,0.0
peptide_std__P02675,0.05296013532704078,0.0
slope1__protein_npx__Q96PD5,0.052928796074817014,0.0
missing__peptide_count__P01608,0.05292694422079197,0.0
missing__protein_npx__P01608,0.05292694422079197,0.0
missing__peptide_mean__P01608,0.05292694422079197,0.0
slope1__protein_npx__P19823,0.05292125014291354,0.0
peptide_std__P36222,0.05279630781138126,0.0
peptide_mean__P02652,0.05276864723002954,0.0
slope1__peptide_log__IHWESASLLR,0.05274445924140338,0.0
rollmean2__peptide_std__P43652,0.05265103079995499,0.0
protein_npx__P01780,0.05259535066283418,0.0
lag1__peptide_log__HYEGSTVPEK,0.05247301281699571,0.0
rollmean2__protein_npx__P01591,0.05247210570599009,0.0
delta1__protein_npx__P05155,0.052450923025731684,0.0
peptide_mean__Q8NBJ4,0.052435540847392104,0.0
rollmean2__protein_npx__P01034,0.05235825561825268,0.0
rollmean2__peptide_std__P01877,0.05233111086651136,0.0
missing__peptide_std__P39060,0.05233004454187116,0.0
peptide_count__P07225,0.05232416213725799,0.0
slope1__peptide_std__P08294,0.05231571885801346,0.0
rollmean2__peptide_mean__Q14508,0.05230265916048867,0.0
missing__peptide_log__GEVQAMLGQSTEELRVR,0.05227834240730149,0.0
rollmean2__protein_npx__P02675,0.052232286248222876,0.0
rollmean2__peptide_mean__Q14624,0.05220475864061265,0.0
protein_npx__P06310,0.05213092851045017,0.0
slope1__peptide_mean__Q9Y6R7,0.05210387884956152,0.0
rollmean2__peptide_log__LPPTSAHGNVAEGETKPDPDVTER,0.05209238566455215,0.0
lag1__peptide_mean__P06727,0.05209089737422848,0.0
lag1__peptide_abundance_max,0.05197614491341459,0.0
peptide_log__VYC(UniMod_4)DMNTENGGWTVIQNR,0.051968577505461674,0.0
slope1__protein_npx__Q16270,0.05192516691865512,0.0
protein_npx__P05155,0.05191807763733754,0.0
delta1__current_updrs_4,0.05190526816482097,0.0
lag1__peptide_count__P05156,0.05190353653806127,0.0
protein_npx__P02647,0.051885839093696914,0.0
protein_npx__Q9NYU2,0.051863547733077775,0.0
rollmean2__peptide_std__P25311,0.051863514059550204,0.0
lag1__peptide_std__P01008,0.05184717904326734,0.0
missing__peptide_log__TKEEYGHSEVVEYYC(UniMod_4)NPR,0.051816027461451294,0.0
lag1__peptide_log__TDASDVKPC(UniMod_4),0.05178102510893274,0.0
lag1__peptide_mean__P19021,0.05177186260911241,0.0
delta1__protein_npx__Q8NE71,0.05169147386385844,0.0
slope1__protein_npx__Q9Y646,0.051676466525588036,0.0
delta1__peptide_mean__Q8NE71,0.05163961273209096,0.0
lag1__peptide_count__P01877,0.051618596755731945,0.0
peptide_log__TEGDGVYTLNNEK,0.0514587634508928,0.0
delta1__peptide_count__Q16270,0.05145722095029781,0.0
lag1__peptide_std__P02768,0.051456434286756496,0.0
lag1__peptide_mean__Q6UXD5,0.05145540197761815,0.0
slope1__peptide_log__ATVNPSAPR,0.05144967969451685,0.0
slope1__peptide_std__Q12841,0.051416396684084584,0.0
delta1__peptide_std__P05546,0.051409047162444065,0.0
slope1__protein_npx__P02792,0.05137191991473543,0.0
missing__peptide_log__TVVQPSVGAAAGPVVPPC(UniMod_4)PGR,0.051348136803238166,0.0
delta1__protein_npx__P09486,0.05130965355086255,0.0
peptide_std__Q16270,0.051285236449210854,0.0
rollmean2__protein_npx__P02763,0.051161299878025736,0.0
missing__peptide_std__O00584,0.05115900055401039,0.0
delta1__peptide_count__P02751,0.05114577014569947,0.0
lag1__peptide_std__O75144,0.05114499623595969,0.0
peptide_std__P01859,0.05112660150211981,0.0
lag1__peptide_std__Q14624,0.0511134729898039,0.0
rollmean2__peptide_count__P07711,0.05095929029122837,0.0
rollmean2__peptide_log__VLLDQLR,0.05093209273006223,0.0
rollmean2__peptide_mean__Q9HDC9,0.05093209273006223,0.0
rollmean2__peptide_count__P09486,0.050909178021537535,0.0
lag1__peptide_log__C(UniMod_4)C(UniMod_4)VEC(UniMod_4)PPC(UniMod_4)PAPPVAGPSVFLFPPKPK,0.05090427713783355,0.0
protein_npx__Q9UNU6,0.05090349964576168,0.0
rollmean2__peptide_mean__P02760,0.05090143450068425,0.0
slope1__peptide_count__P06396,0.05081509340776442,0.0
delta1__peptide_count__P13591,0.05081496903992531,0.0
lag1__peptide_count__P02763,0.050798498561311425,0.0
rollmean2__protein_npx__P01877,0.0507856243167702,0.0
rollmean2__protein_npx__P07333,0.05077138271833598,0.0
slope1__peptide_count__Q16610,0.05066625893896226,0.0
lag1__protein_npx__Q9HDC9,0.050635397590746846,0.0
lag1__peptide_mean__Q13449,0.05062535484907183,0.0
delta1__peptide_log__C(UniMod_4)KPVNTFVHEPLVDVQNVC(UniMod_4)FQEK,0.050624795846046046,0.0
delta1__peptide_std__P24592,0.050597063267593195,0.0
missing__peptide_log__HGGLYHENMR,0.0505326447571807,0.0
lag1__protein_npx__P19652,0.05050345962205887,0.0
peptide_log__LVGGPM(UniMod_35)DASVEEEGVRR,0.05047461222739225,0.0
rollmean2__peptide_log__LRTEGDGVYTLNNEKQWINK,0.0504472458047871,0.0
delta1__peptide_log__IHWESASLLR,0.05039070316276452,0.0
slope1__peptide_count__P25311,0.0503439847083606,0.0
protein_npx__Q96PD5,0.050329789767964435,0.0
slope1__peptide_log__C(UniMod_4)KPVNTFVHEPLVDVQNVC(UniMod_4)FQEK,0.050319458203555455,0.0
delta1__peptide_std__O14773,0.050317357753364426,0.0
slope1__peptide_count__P01008,0.05027802310082057,0.0
lag1__peptide_log__KFPSGTFEQVSQLVK,0.05020957117870904,0.0
peptide_mean__Q14515,0.05020251838962524,0.0
rollmean2__peptide_mean__Q9UBX5,0.05019315852948812,0.0
lag1__peptide_std__P00450,0.050172299031132725,0.0
peptide_log__NPDSSTTGPWC(UniMod_4)YTTDPTVR,0.050167811826952985,0.0
slope1__peptide_std__O75144,0.0500808896523379,0.0
delta1__peptide_std__P10643,0.050053813711111214,0.0
delta1__protein_npx__P36222,0.050018248421318655,0.0
missing__peptide_log__SFNRGEC(UniMod_4),0.04996069956233898,0.0
rollmean2__peptide_std__Q16270,0.04989279443802157,0.0
lag1__peptide_count__Q92876,0.049835825444197034,0.0
lag1__peptide_mean__P13611,0.04981693050121675,0.0
delta1__peptide_log__YIVSGTPTFVPYLIK,0.04974333206427436,0.0
rollmean2__peptide_count__P61769,0.04971796122509865,0.0
slope1__peptide_std__O00584,0.04965652020915722,0.0
rollmean2__protein_npx__P02748,0.04962504444640022,0.0
peptide_count__P07602,0.04960550376091428,0.0
lag1__peptide_count__P01023,0.04955754437636353,0.0
lag1__peptide_mean__P04075,0.049553644536427556,0.0
peptide_std__P01876,0.04948600955105513,0.0
lag1__peptide_log__ILTC(UniMod_4)M(UniMod_35)QGMEEIR,0.04944637851910431,0.0
lag1__peptide_mean__Q8IWV7,0.04944637851910431,0.0
delta1__peptide_mean__P11277,0.04944177027801227,0.0
delta1__peptide_log__RLEGQEEEEDNRDSSMK,0.04938012041371347,0.0
missing__peptide_std__P61769,0.04937115200897721,0.0
peptide_count__P00748,0.04932469382616691,0.0
delta1__peptide_log__TDASDVKPC(UniMod_4),0.04929683639404117,0.0
lag1__peptide_std__P20774,0.049290265710607434,0.0
rollmean2__peptide_mean__P19652,0.04928711287633148,0.0
slope1__peptide_log__VDNALQSGNSQESVTEQDSKDSTYSLSSTLTLSK,0.04928287929269138,0.0
protein_npx__P02751,0.04924809407471732,0.0
protein_npx__Q99683,0.04921849454541195,0.0
lag1__peptide_count__Q16270,0.049166429971309066,0.0
rollmean2__peptide_std__P17174,0.04916044466891338,0.0
rollmean2__peptide_count__Q16270,0.04908465715077567,0.0
lag1__peptide_std__P18065,0.04905286921897654,0.0
rollmean2__peptide_count__P01009,0.04900306765744499,0.0
missing__peptide_count__O75326,0.04900292428458758,0.0
missing__protein_npx__O75326,0.04900292428458758,0.0
missing__peptide_mean__O75326,0.04900292428458758,0.0
delta1__peptide_mean__P04406,0.048976250274551804,0.0
peptide_mean__P08253,0.04896811330401596,0.0
lag1__peptide_count__P02750,0.04896188969551471,0.0
protein_npx__P19823,0.04894322068777291,0.0
lag1__peptide_std__Q92876,0.04892003090880938,0.0
slope1__peptide_std__P20774,0.04881125686386452,0.0
slope1__peptide_mean__P09486,0.048802458737502594,0.0
lag1__peptide_mean__P09871,0.04878066423202236,0.0
peptide_mean__P04196,0.048743608909171884,0.0
missing__peptide_count__P01591,0.048736879083011914,0.0
missing__protein_npx__P01591,0.048736879083011914,0.0
missing__peptide_mean__P01591,0.048736879083011914,0.0
lag1__peptide_count__P04196,0.0487338875224574,0.0
rollmean2__peptide_std__P04004,0.048711434415911796,0.0
peptide_mean__P23083,0.04870921070003122,0.0
lag1__protein_npx__Q15904,0.0486918511366367,0.0
rollmean2__peptide_mean__Q9UBR2,0.048666166924032,0.0
rollmean2__peptide_count__P18065,0.04864310746905241,0.0
peptide_log__KQELSEAEQATR,0.04855358408437707,0.0
rollmean2__peptide_std__P00441,0.048541876793689,0.0
slope1__peptide_mean__P01023,0.0485171633563881,0.0
lag1__protein_npx__P31997,0.04845542892603874,0.0
delta1__peptide_std__P06727,0.048448679640879476,0.0
lag1__peptide_log__AVGDKLPEC(UniMod_4)EADDGC(UniMod_4)PKPPEIAHGYVEHSVR,0.04843394123925842,0.0
peptide_log__MTVTDQVNC(UniMod_4)PK,0.0484091708842221,0.0
rollmean2__peptide_count__O15240,0.04837268220842061,0.0
rollmean2__peptide_mean__Q8NBJ4,0.048349796219091565,0.0
peptide_std__P43121,0.04831950668319522,0.0
rollmean2__peptide_count__P02750,0.04827670170252735,0.0
rollmean2__peptide_mean__P06727,0.04820091139511113,0.0
delta1__protein_npx__P13611,0.048182599737884024,0.0
missing__peptide_mean__Q6UX71,0.048174496291973595,0.0
missing__protein_npx__Q6UX71,0.048174496291973595,0.0
missing__peptide_count__Q6UX71,0.048174496291973595,0.0
delta1__protein_npx__O75326,0.04814030585792825,0.0
lag1__peptide_mean__Q96BZ4,0.04808641509393083,0.0
protein_npx__P16070,0.04807197237738889,0.0
rollmean2__peptide_std__Q08380,0.048066177059366284,0.0
delta1__peptide_std__P43652,0.0480472128059445,0.0
delta1__peptide_std__P07602,0.04804629884080613,0.0
lag1__peptide_log__TEGDGVYTLNNEK,0.048040690421823296,0.0
peptide_mean__Q14508,0.04793356379631937,0.0
lag1__protein_npx__P02652,0.04792963461666464,0.0
lag1__protein_npx__O15394,0.0479144822293383,0.0
lag1__peptide_log__C(UniMod_4)IIEVLSNALSK,0.04790368698469849,0.0
lag1__peptide_count__P07225,0.047880438475054875,0.0
rollmean2__peptide_count__P00441,0.047878700562687684,0.0
peptide_std__P14314,0.04781963132859617,0.0
peptide_mean__Q9NYU2,0.047736056096767364,0.0
lag1__peptide_mean__P04406,0.04770967006152872,0.0
rollmean2__protein_npx__P01861,0.0476957271882917,0.0
rollmean2__protein_npx__P05090,0.0476604517660886,0.0
slope1__peptide_count__P36222,0.047658192830426875,0.0
rollmean2__peptide_count__P23142,0.047657203387537206,0.0
slope1__peptide_std__P10645,0.047643377051105315,0.0
slope1__protein_npx__P01008,0.04764079674191909,0.0
lag1__peptide_mean__Q8NE71,0.04762177793352572,0.0
delta1__peptide_mean__P01011,0.04754014525942634,0.0
lag1__peptide_std__P07998,0.04753126919270518,0.0
slope1__protein_npx__P01877,0.047523134896352286,0.0
slope1__peptide_std__P02671,0.04750916300391689,0.0
protein_npx__P02675,0.047446433460377746,0.0
rollmean2__protein_npx__P06727,0.04744451756141891,0.0
rollmean2__peptide_std__P01876,0.04744258338581052,0.0
delta1__peptide_count__O75144,0.04741440822703291,0.0
delta1__peptide_log__SWFEPLVEDM(UniMod_35)QR,0.04740209503881799,0.0
peptide_count__O00533,0.04737274190193416,0.0
protein_npx__Q9UHG2,0.04735659326110073,0.0
slope1__peptide_mean__P02747,0.0473207276109162,0.0
protein_npx__P80748,0.047315841166897486,0.0
slope1__peptide_log__RLEGQEEEEDNRDSSMK,0.047256259606682685,0.0
delta1__peptide_count__Q16610,0.04720147136834313,0.0
lag1__peptide_std__P01860,0.04716830787080257,0.0
peptide_count__P25311,0.047148075772674734,0.0
lag1__peptide_mean__Q96KN2,0.04713893857357223,0.0
peptide_std__P02649,0.047072257407182634,0.0
lag1__peptide_count__P19652,0.047062976782670345,0.0
slope1__peptide_count__Q92520,0.04701975423795005,0.0
lag1__peptide_std__P04075,0.04696787240685292,0.0
protein_npx__P13611,0.04692382235218312,0.0
lag1__peptide_count__P01042,0.04684792029736886,0.0
slope1__peptide_log__LPPTSAHGNVAEGETKPDPDVTER,0.046757007552939274,0.0
lag1__peptide_std__O00584,0.04673144998359312,0.0
delta1__peptide_log__LIADLGSTSITNLGFR,0.04670085468369827,0.0
peptide_mean__Q9UNU6,0.04667191944134785,0.0
rollmean2__peptide_mean__P04196,0.04665457216035628,0.0
peptide_mean__P05060,0.046648256147041545,0.0
lag1__peptide_count__P04433,0.04662110677511734,0.0
slope1__protein_npx__P49908,0.04659105288873257,0.0
rollmean2__protein_npx__P19823,0.046486290238748645,0.0
delta1__peptide_std__P09486,0.046436326062869786,0.0
slope1__peptide_count__P08571,0.04641401102215004,0.0
rollmean2__peptide_count__P01859,0.046387735113686386,0.0
lag1__peptide_log__IHWESASLLR,0.04637081576931065,0.0
missing__peptide_mean__P16152,0.04627604681160175,0.0
missing__protein_npx__P16152,0.04627604681160175,0.0
missing__peptide_count__P16152,0.04627604681160175,0.0
missing__peptide_log__SC(UniMod_4)SPELQQK,0.04627604681160175,0.0
delta1__peptide_mean__Q6UXB8,0.04624237692033074,0.0
lag1__peptide_count__O00584,0.04624144384445382,0.0
slope1__current_medication_unknown,0.04624012432778264,0.0
delta1__peptide_std__P02452,0.04621731888821953,0.0
delta1__peptide_std__P00736,0.04621106823225123,0.0
missing__peptide_log__FNKPFVFLM(UniMod_35)IEQNTK,0.04620672273686415,0.0
slope1__protein_npx__P08123,0.04616195288738233,0.0
rollmean2__peptide_log__TEGDGVYTLNNEK,0.0461148902934131,0.0
delta1__peptide_std__Q96KN2,0.046113855292040415,0.0
delta1__peptide_log__HYEGSTVPEK,0.04609072703747751,0.0
lag1__protein_npx__P36980,0.04608895136913597,0.0
rollmean2__peptide_count__P07602,0.04598554679343802,0.0
lag1__peptide_std__P02787,0.0459536942830566,0.0
rollmean2__peptide_count__P02768,0.04589537747464385,0.0
rollmean2__peptide_mean__P01833,0.04586947524041136,0.0
slope1__peptide_std__Q92823,0.045833318299787935,0.0
rollmean2__peptide_mean__P32754,0.04582591334012301,0.0
delta1__peptide_mean__P60174,0.045817094244646916,0.0
rollmean2__peptide_log__LGADMEDVC(UniMod_4)GR,0.04577866287376467,0.0
lag1__peptide_count__P02753,0.04576735234013118,0.0
protein_npx__Q96S96,0.04570682015817568,0.0
slope1__peptide_mean__P13671,0.04570519092707252,0.0
peptide_mean__P20933,0.04564630713771649,0.0
delta1__peptide_count__P61769,0.045644381104239885,0.0
peptide_log__LFDSDPITVTVPVEVSR,0.04563342409198587,0.0
peptide_log__TM(UniMod_35)LLQPAGSLGSYSYR,0.045598353126064396,0.0
rollmean2__peptide_count__P16035,0.04559057928207633,0.0
peptide_count__P02747,0.04555587822867053,0.0
lag1__peptide_std__Q92520,0.04552722708353751,0.0
lag1__peptide_count__P02774,0.04551318076339943,0.0
missing__peptide_std__Q92823,0.04545979127125502,0.0
peptide_std__P01019,0.0454564653341306,0.0
slope1__peptide_log__NPDPWAK,0.045452228807875,0.0
lag1__peptide_std__P08603,0.04542683999499655,0.0
missing__peptide_log__LRTEGDGVYTLNNEK,0.04537609653862087,0.0
peptide_count__P54289,0.04533408931429138,0.0
delta1__peptide_log__VC(UniMod_4)PFAGILENGAVR,0.0453332614262444,0.0
lag1__peptide_count__Q92520,0.04528786647561116,0.0
missing__peptide_mean__P14314,0.04528110470087373,0.0
missing__protein_npx__P14314,0.04528110470087373,0.0
missing__peptide_count__P14314,0.04528110470087373,0.0
peptide_count__P13591,0.04520171550014817,0.0
missing__peptide_count__Q9Y646,0.04519957870704982,0.0
missing__peptide_mean__Q9Y646,0.04519957870704982,0.0
missing__protein_npx__Q9Y646,0.04519957870704982,0.0
lag1__protein_npx__P06454,0.04517827689415706,0.0
rollmean2__peptide_mean__P01031,0.04510670791100465,0.0
slope1__peptide_log__AVGDKLPEC(UniMod_4)EADDGC(UniMod_4)PKPPEIAHGYVEHSVR,0.045056933988247574,0.0
rollmean2__peptide_std__P61916,0.04505610456505833,0.0
peptide_count__P98160,0.044983790523705484,0.0
missing__current_updrs_4,0.04497060141424475,0.0
peptide_mean__Q6UX71,0.044960109033636945,0.0
delta1__protein_npx__Q14118,0.04495473626543024,0.0
slope1__peptide_std__Q9UBX5,0.044950508940325144,0.0
lag1__peptide_log__AATVGSLAGQPLQER,0.044938675436333425,0.0
lag1__peptide_std__O00533,0.04491655700870156,0.0
slope1__peptide_count__P13591,0.0449132023402187,0.0
rollmean2__protein_npx__P09486,0.04488941144738869,0.0
rollmean2__protein_npx__P09104,0.04487454642682453,0.0
delta1__peptide_log__VDNALQSGNSQESVTEQDSKDSTYSLSSTLTLSK,0.04487442559104099,0.0
missing__peptide_log__SGEATDGARPQALPEPMQESK,0.04483641042272611,0.0
rollmean2__peptide_log__LGQSLDC(UniMod_4)NAEVYVVPWEK,0.044815755922415865,0.0
slope1__peptide_count__P00748,0.044717057297212634,0.0
peptide_std__P04075,0.044696247889585615,0.0
rollmean2__protein_npx__P01780,0.044676637419916836,0.0
peptide_mean__P00441,0.044674993801413904,0.0
lag1__protein_npx__Q96BZ4,0.0446718489144663,0.0
missing__peptide_log__DSGEGDFLAEGGGVR,0.04461865481254231,0.0
lag1__peptide_mean__P40925,0.044588914102823646,0.0
peptide_count__O15240,0.044575648281910844,0.0
slope1__protein_npx__P08294,0.044527501699212955,0.0
peptide_count__P01009,0.044506526624769595,0.0
delta1__peptide_log__M(UniMod_35)YLGYEYVTAIR,0.044485068990828124,0.0
slope1__peptide_log__TPLGDTTHTC(UniMod_4)PR,0.04446942064892712,0.0
slope1__peptide_count__P02750,0.0444515404033556,0.0
slope1__protein_npx__P16870,0.044451000055009855,0.0
rollmean2__protein_npx__Q14508,0.044337954761950675,0.0
rollmean2__protein_npx__P02452,0.044308080499067426,0.0
slope1__current_medication_on,0.044263001135351206,0.0
protein_npx__P02452,0.044248921089848375,0.0
rollmean2__peptide_std__P01024,0.044227495668021734,0.0
rollmean2__peptide_mean__P80748,0.04422730511532341,0.0
lag1__peptide_count__P02671,0.044195610799343,0.0
rollmean2__protein_npx__P02750,0.04419242571337307,0.0
delta1__peptide_mean__P13611,0.044157166961556096,0.0
lag1__peptide_std__P04217,0.044146326127937306,0.0
slope1__peptide_count__P04433,0.044144640793044435,0.0
slope1__protein_npx__P12109,0.04412019830953768,0.0
rollmean2__peptide_count__Q9UBX5,0.044108397722828256,0.0
missing__peptide_log__DSGFQM(UniMod_35)NQLR,0.044087504657449476,0.0
delta1__peptide_log__AVLPTGDVIGDSAK,0.044079206675837215,0.0
rollmean2__peptide_mean__P61769,0.044065550811294436,0.0
peptide_mean__P01780,0.04398173339387478,0.0
rollmean2__peptide_std__P01859,0.04397631026939287,0.0
rollmean2__peptide_mean__P39060,0.04396890191943757,0.0
lag1__protein_npx__P13671,0.043930833495163135,0.0
peptide_mean__P05546,0.04388766555885435,0.0
peptide_mean__P80748,0.04388465772607488,0.0
lag1__peptide_log__EILSVDC(UniMod_4)STNNPSQAK,0.04381432823040201,0.0
lag1__peptide_mean__P02763,0.043747478055175246,0.0
rollmean2__protein_npx__P10643,0.04373057959289452,0.0
slope1__protein_npx__P08133,0.04373044644060039,0.0
slope1__protein_npx__P31997,0.043723730069983625,0.0
peptide_mean__Q14624,0.0437235457996815,0.0
peptide_count__P07711,0.0436942406501824,0.0
lag1__peptide_count__P00746,0.04367668125141163,0.0
lag1__protein_npx__P00748,0.043645080390431995,0.0
slope1__peptide_mean__P01780,0.043638168742969455,0.0
delta1__protein_npx__P01594,0.04362517848407333,0.0
protein_npx__P14314,0.04361682799849252,0.0
lag1__peptide_count__P00748,0.04361419925701844,0.0
rollmean2__peptide_mean__P00441,0.043576785551912994,0.0
peptide_std__Q12907,0.043574076610312554,0.0
missing__peptide_log__HYTNPSQDVTVPC(UniMod_4)PVPPPPPC(UniMod_4)C(UniMod_4)HPR,0.0435429349408871,0.0
rollmean2__protein_npx__O15240,0.04348549507244702,0.0
lag1__peptide_count__Q92823,0.04347096375694537,0.0
rollmean2__protein_npx__P32754,0.04343020171258811,0.0
missing__peptide_log__TSPVDEKALQDQLVLVAAK,0.043428853191122,0.0
missing__protein_npx__P02792,0.043398293239098044,0.0
missing__peptide_mean__P02792,0.043398293239098044,0.0
missing__peptide_count__P02792,0.043398293239098044,0.0
slope1__protein_npx__P04075,0.043394273488368634,0.0
slope1__peptide_mean__P01877,0.04339083438727959,0.0
delta1__peptide_mean__P05155,0.04333308338341549,0.0
rollmean2__peptide_mean__P07333,0.04329061338350764,0.0
peptide_mean__Q13740,0.0432785339121156,0.0
peptide_mean__P07333,0.04327072791962798,0.0
delta1__peptide_std__P18065,0.043228850745293576,0.0
slope1__peptide_count__P02649,0.04321996122673323,0.0
peptide_mean__P10645,0.043200879642939206,0.0
rollmean2__peptide_count__P07998,0.04319098848472784,0.0
peptide_log__VKDLATVYVDVLK,0.04316983442237717,0.0
missing__peptide_std__P02747,0.04314925226227701,0.0
lag1__peptide_count__P02766,0.04311071663559676,0.0
peptide_log__C(UniMod_4)REILSVDC(UniMod_4)STNNPSQAK,0.04310201928593386,0.0
lag1__peptide_mean__P13671,0.0430999142551202,0.0
rollmean2__protein_npx__P10451,0.0430945084186988,0.0
slope1__protein_npx__P01591,0.0430892957125037,0.0
peptide_std__P61916,0.04308278499220772,0.0
lag1__peptide_mean__P09104,0.04306320413730345,0.0
peptide_mean__P19652,0.04298013073359417,0.0
slope1__protein_npx__P06727,0.04296988148024804,0.0
peptide_std__P02671,0.04296652624174309,0.0
slope1__protein_npx__P10643,0.04295723159846757,0.0
missing__peptide_log__VDNALQSGNSQESVTEQDSKDSTYSLSSTLTLSK,0.042944400190079376,0.0
slope1__peptide_std__Q16270,0.042918270530569486,0.0
lag1__peptide_std__P02751,0.042917325229276077,0.0
delta1__peptide_std__P19823,0.0429024011570672,0.0
delta1__peptide_log__QKVEPLRAELQEGAR,0.04286548476683358,0.0
peptide_log__ILTC(UniMod_4)M(UniMod_35)QGMEEIR,0.04285431251800857,0.0
peptide_mean__Q8IWV7,0.04285431251800857,0.0
delta1__protein_npx__P01011,0.04281027305895488,0.0
delta1__peptide_mean__P02656,0.042793783800346576,0.0
protein_npx__P10451,0.04278339515286623,0.0
protein_npx__P02774,0.04277974658273492,0.0
slope1__peptide_mean__P18065,0.04276136189956024,0.0
rollmean2__protein_npx__P02765,0.04271939806864443,0.0
slope1__peptide_log__MYYSAVDPTKDIFTGLIGPM(UniMod_35)K,0.04271558036931754,0.0
slope1__peptide_count__P01042,0.04271013130889674,0.0
rollmean2__protein_npx__P17174,0.04270765838081782,0.0
peptide_log__KFPSGTFEQVSQLVK,0.042659355239422325,0.0
lag1__peptide_log__DSGFQM(UniMod_35)NQLR,0.04263991498404721,0.0
peptide_count__P02766,0.04263744556485616,0.0
delta1__peptide_mean__Q06481,0.042564725124833565,0.0
delta1__peptide_log__VKDLATVYVDVLK,0.04255915588324366,0.0
delta1__peptide_std__P61769,0.04251764898886551,0.0
rollmean2__peptide_mean__Q14515,0.042502741711473065,0.0
protein_npx__P36980,0.04247138121948748,0.0
lag1__peptide_log__C(UniMod_4)TSTGWIPAPR,0.042460459879184925,0.0
peptide_std__P01009,0.04245553654430523,0.0
lag1__peptide_mean__P01859,0.04244302748253086,0.0
lag1__peptide_count__P07998,0.042412934806753115,0.0
lag1__peptide_log__SELEEQLTPVAEETR,0.042345722681875975,0.0
rollmean2__peptide_std__P08603,0.042336933555598075,0.0
rollmean2__peptide_log__YVMLPVADQDQC(UniMod_4)IR,0.04233456899076851,0.0
slope1__protein_npx__Q14118,0.04231437225584251,0.0
peptide_count__Q92520,0.042305077342349104,0.0
lag1__current_medication_on,0.042302170056639554,0.0
lag1__protein_npx__P00441,0.04227161487890015,0.0
delta1__protein_npx__P00747,0.04224969126097035,0.0
rollmean2__protein_npx__P07602,0.042243402834521715,0.0
lag1__peptide_std__P01859,0.042214340329650296,0.0
slope1__peptide_mean__P07333,0.04219549989903718,0.0
peptide_log__ELDESLQVAER,0.042169653876881374,0.0
lag1__protein_npx__P36222,0.04215558885491383,0.0
delta1__peptide_count__P00450,0.042045743061946285,0.0
missing__peptide_std__P98160,0.04204222721868135,0.0
slope1__protein_npx__P09104,0.04203826605854878,0.0
delta1__peptide_log__YVMLPVADQDQC(UniMod_4)IR,0.04203090397349785,0.0
missing__peptide_log__QIGSVYR,0.041954361252361315,0.0
lag1__peptide_std__P10643,0.04191933956321751,0.0
delta1__protein_npx__Q96PD5,0.04190229209477789,0.0
rollmean2__peptide_log__VKDLATVYVDVLK,0.041899994844680453,0.0
missing__peptide_count__Q99829,0.04189188811320237,0.0
missing__protein_npx__Q99829,0.04189188811320237,0.0
missing__peptide_mean__Q99829,0.04189188811320237,0.0
lag1__peptide_log__YVM(UniMod_35)LPVADQDQC(UniMod_4)IR,0.041875727134764416,0.0
slope1__peptide_count__Q12841,0.04185065847038157,0.0
protein_npx__P04275,0.04183823974713564,0.0
protein_npx__Q13740,0.04181197926752417,0.0
lag1__peptide_mean__P02656,0.041800671513361094,0.0
lag1__peptide_mean__Q9Y6R7,0.04179644373538881,0.0
slope1__peptide_mean__P07602,0.041784386237386166,0.0
peptide_count__O00584,0.04175990485418049,0.0
protein_npx__P01877,0.04175588478607091,0.0
peptide_mean__Q9HDC9,0.04172547666428791,0.0
peptide_log__VLLDQLR,0.04172547666428791,0.0
missing__protein_npx__P02655,0.041716067896364444,0.0
missing__peptide_count__P02655,0.041716067896364444,0.0
missing__peptide_mean__P02655,0.041716067896364444,0.0
lag1__peptide_log__C(UniMod_4)REILSVDC(UniMod_4)STNNPSQAK,0.0416905527209499,0.0
lag1__peptide_count__P01011,0.041658826463934984,0.0
delta1__protein_npx__Q92876,0.04165248428806124,0.0
rollmean2__peptide_count__P20774,0.04165053206044639,0.0
lag1__peptide_mean__P31997,0.04162407690383842,0.0
slope1__peptide_count__Q9Y6R7,0.041600990935940434,0.0
slope1__peptide_count__P08493,0.04159999906106254,0.0
delta1__peptide_std__P07225,0.04159040284856882,0.0
missing__peptide_count__P20933,0.0415632882734564,0.0
missing__peptide_mean__P20933,0.0415632882734564,0.0
missing__protein_npx__P20933,0.0415632882734564,0.0
lag1__peptide_std__P02774,0.041553409069506435,0.0
rollmean2__peptide_std__O15240,0.041553253392560226,0.0
delta1__peptide_std__P17174,0.0415414026959111,0.0
lag1__protein_npx__P05452,0.04151926580380892,0.0
protein_npx__P18065,0.04144477696369119,0.0
peptide_count__Q6UXB8,0.04143934056428708,0.0
lag1__protein_npx__P02774,0.04141637776445598,0.0
lag1__protein_npx__P08133,0.04139436279085032,0.0
lag1__protein_npx__P01594,0.041365449663376144,0.0
rollmean2__protein_npx__Q9NQ79,0.04127991566185455,0.0
delta1__protein_npx__P11277,0.041279144607202424,0.0
delta1__peptide_mean__P01877,0.04124730650643963,0.0
delta1__peptide_std__P02760,0.041110617810952245,0.0
lag1__peptide_std__P08697,0.0411065726582875,0.0
rollmean2__peptide_count__P01019,0.04107686895653671,0.0
missing__peptide_log__RTPITVVK,0.04105800607657215,0.0
peptide_std__P09486,0.04103384351786419,0.0
slope1__peptide_count__P05156,0.04100935484766351,0.0
lag1__protein_npx__O75326,0.04098358872293224,0.0
lag1__peptide_std__P05156,0.040975071345552234,0.0
rollmean2__peptide_std__Q96PD5,0.0409747401271722,0.0
peptide_log__LGADM(UniMod_35)EDVC(UniMod_4)GR,0.04093689544456426,0.0
delta1__peptide_count__Q13740,0.04089092570097618,0.0
rollmean2__protein_npx__P35542,0.04087665183068059,0.0
protein_npx__P61769,0.040847580469997674,0.0
slope1__peptide_std__P12109,0.04081376844071338,0.0
missing__peptide_mean__P01877,0.04079791041959235,0.0
missing__peptide_count__P01877,0.04079791041959235,0.0
missing__protein_npx__P01877,0.04079791041959235,0.0
current_medication_on,0.04076981371865201,0.0
lag1__protein_npx__Q9UBX5,0.04075243687212437,0.0
rollmean2__peptide_mean__O43505,0.04067380852582192,0.0
missing__peptide_std__Q9UBX5,0.04066717037438647,0.0
lag1__peptide_count__O00533,0.04066242209447631,0.0
peptide_count__P10909,0.04066124100550046,0.0
delta1__peptide_std__Q92823,0.04065765061990449,0.0
rollmean2__peptide_mean__P02748,0.04062936902194863,0.0
missing__peptide_mean__P36980,0.04059931419402073,0.0
missing__peptide_count__P36980,0.04059931419402073,0.0
missing__protein_npx__P36980,0.04059931419402073,0.0
lag1__peptide_log__VKDLATVYVDVLK,0.04058455752202922,0.0
slope1__peptide_log__QWAGLVEK,0.04058189630447836,0.0
rollmean2__protein_npx__P07711,0.04050110078485472,0.0
slope1__peptide_std__P18065,0.040498567856980576,0.0
slope1__protein_npx__P02751,0.04047591641086677,0.0
peptide_count__Q9UBX5,0.04045932228787874,0.0
peptide_mean__P18065,0.04045739684443808,0.0
lag1__protein_npx__P14618,0.040427405273673556,0.0
rollmean2__peptide_mean__P05090,0.0403691003338715,0.0
slope1__peptide_mean__P00747,0.04036614667285564,0.0
protein_npx__Q12841,0.04036292821840656,0.0
missing__protein_npx__P02452,0.04034776140586973,0.0
missing__peptide_count__P02452,0.04034776140586973,0.0
missing__peptide_mean__P02452,0.04034776140586973,0.0
slope1__peptide_std__P02768,0.040335328360084306,0.0
rollmean2__peptide_std__P08493,0.04032943652276275,0.0
lag1__peptide_mean__P10909,0.040314967922841345,0.0
peptide_mean__P31997,0.040313115963229625,0.0
peptide_log__VMPIC(UniMod_4)LPSKDYAEVGR,0.040292227933632165,0.0
lag1__peptide_count__P55290,0.04027211003881961,0.0
missing__peptide_std__P54289,0.040271796279446014,0.0
slope1__peptide_std__P19823,0.04026231130658342,0.0
delta1__peptide_count__P08493,0.04025247751080263,0.0
slope1__protein_npx__P02763,0.040250811023290825,0.0
peptide_std__O15394,0.0402231730492441,0.0
rollmean2__peptide_std__P08294,0.04020787594625241,0.0
slope1__peptide_count__P00736,0.04017885170334062,0.0
peptide_count__P27169,0.04016524598866352,0.0
missing__peptide_log__LSSWVLLM(UniMod_35)K,0.04013570410583457,0.0
lag1__protein_npx__P06396,0.0401231457945619,0.0
slope1__protein_npx__P08493,0.04010173186560463,0.0
lag1__peptide_std__P05155,0.04007852294002049,0.0
rollmean2__peptide_std__P02652,0.04005966243427163,0.0
delta1__peptide_count__P08697,0.0400439996181777,0.0
peptide_mean__Q6UXB8,0.04002825630028973,0.0
protein_npx__P31997,0.0400021580359959,0.0
peptide_std__P41222,0.0399746986204589,0.0
delta1__peptide_mean__P02747,0.039954617665194855,0.0
delta1__peptide_std__P10645,0.039939637678720843,0.0
protein_npx__P05546,0.03993263110757444,0.0
delta1__peptide_mean__P36222,0.03990635415501594,0.0
delta1__protein_npx__Q9UHG2,0.0398909778461417,0.0
peptide_log__C(UniMod_4)KPVNTFVHEPLVDVQNVC(UniMod_4)FQEK,0.03987822526379278,0.0
slope1__peptide_log__VMPIC(UniMod_4)LPSKDYAEVGR,0.039868610030503536,0.0
lag1__peptide_std__P36222,0.03985195681932109,0.0
peptide_count__P17174,0.03982982870785535,0.0
delta1__peptide_std__P98160,0.039827400783892304,0.0
peptide_std__P02748,0.03982255220866603,0.0
lag1__peptide_log__ADDKETC(UniMod_4)FAEEGK,0.03978636184522508,0.0
peptide_log__SLAAAAGKQELAK,0.0397830704581093,0.0
peptide_mean__P61278,0.0397830704581093,0.0
delta1__protein_npx__P19021,0.039771129130247024,0.0
lag1__peptide_count__P02452,0.03976654811741976,0.0
lag1__peptide_log__LC(UniMod_4)MGSGLNLC(UniMod_4)EPNNKEGYYGYTGAFR,0.03974957996178493,0.0
delta1__peptide_log__ADDKETC(UniMod_4)FAEEGK,0.03974755422372588,0.0
delta1__peptide_count__P05060,0.03972389969170414,0.0
peptide_std__P19823,0.03972036108978068,0.0
protein_npx__P32754,0.03971035731428007,0.0
lag1__protein_npx__P80748,0.039699569359940144,0.0
rollmean2__peptide_count__P54289,0.039697568099668304,0.0
delta1__protein_npx__Q99435,0.039676710252038214,0.0
delta1__peptide_mean__P00450,0.03966923632687783,0.0
missing__peptide_count__P19827,0.03965459134335678,0.0
missing__peptide_mean__P19827,0.03965459134335678,0.0
missing__protein_npx__P19827,0.03965459134335678,0.0
slope1__peptide_log__M(UniMod_35)YLGYEYVTAIR,0.03964498585527824,0.0
rollmean2__peptide_std__P02787,0.03964261891763927,0.0
peptide_mean__O43505,0.039627420886294555,0.0
delta1__peptide_log__TTPPVLDSDGSFFLYSK,0.03960740361818342,0.0
delta1__peptide_mean__P02652,0.039601386507985004,0.0
lag1__peptide_mean__P02765,0.039583118273453906,0.0
missing__peptide_log__LSKELQAAQAR,0.03957370758963781,0.0
delta1__peptide_mean__P01861,0.039572061699276385,0.0
delta1__peptide_log__TTPPVLDSDGSFFLYSR,0.039572061699276385,0.0
slope1__peptide_log__AEAQEAEDQQAR,0.03956617873810693,0.0
rollmean2__peptide_std__Q92876,0.03955197120031184,0.0
lag1__peptide_count__P04004,0.03950722140895905,0.0
rollmean2__protein_npx__Q8N2S1,0.03950390874322829,0.0
rollmean2__peptide_std__P36222,0.0394943469582015,0.0
protein_npx__Q12805,0.03948990786275446,0.0
lag1__peptide_mean__P05060,0.03944092111179062,0.0
peptide_mean__Q99683,0.03943191536432022,0.0
delta1__peptide_count__P02656,0.03942632353114943,0.0
lag1__peptide_std__Q14515,0.03941674308481024,0.0
lag1__peptide_log__C(UniMod_4)VDVDEC(UniMod_4)APPAEPC(UniMod_4)GK,0.03940558384144426,0.0
slope1__peptide_std__P10909,0.03940489969987211,0.0
delta1__peptide_std__P00734,0.03937353300785972,0.0
delta1__peptide_log__ELDESLQVAER,0.039369842877133604,0.0
slope1__peptide_mean__P20933,0.039324788797353474,0.0
rollmean2__peptide_mean__P01009,0.039301242615138204,0.0
lag1__peptide_mean__P07711,0.039296814127398,0.0
lag1__protein_npx__O60888,0.03929571054488315,0.0
rollmean2__protein_npx__P02760,0.03925500797853707,0.0
missing__peptide_log__RGYQLSDVDGVTC(UniMod_4)EDIDEC(UniMod_4)ALPTGGHIC(UniMod_4)SYR,0.03924514871343969,0.0
delta1__peptide_log__NPDPWAK,0.03924371709211703,0.0
rollmean2__peptide_log__RGYQLSDVDGVTC(UniMod_4)EDIDEC(UniMod_4)ALPTGGHIC(UniMod_4)SYR,0.03922612255358734,0.0
lag1__peptide_mean__P00736,0.03922470376841759,0.0
slope1__peptide_mean__P04075,0.0392239758407687,0.0
lag1__protein_npx__P02647,0.03922219493180633,0.0
rollmean2__protein_npx__Q9UHG2,0.0392079167523537,0.0
slope1__peptide_count__P02671,0.03920233239307917,0.0
lag1__protein_npx__O14773,0.03919348370074798,0.0
rollmean2__peptide_abundance_min,0.03916876791761219,0.0
slope1__protein_npx__P13671,0.03916434732601539,0.0
delta1__peptide_std__O15394,0.03915766367004675,0.0
lag1__peptide_std__P06396,0.03913480678453801,0.0
peptide_count__P02751,0.03913070277418306,0.0
slope1__peptide_mean__P01009,0.039109612413262676,0.0
rollmean2__peptide_mean__P04156,0.03909267026438967,0.0
delta1__protein_npx__P13591,0.03906092406404678,0.0
lag1__peptide_count__P02652,0.03904041889102567,0.0
missing__peptide_log__LSNENHGIAQR,0.03901673150125139,0.0
slope1__peptide_count__P10909,0.039011854057312154,0.0
delta1__protein_npx__Q02818,0.03900640640329238,0.0
delta1__peptide_std__P02750,0.039004432335772235,0.0
lag1__peptide_log__LGADMEDVC(UniMod_4)GR,0.0389777058596453,0.0
missing__peptide_count__P32754,0.03896072624743622,0.0
missing__peptide_mean__P32754,0.03896072624743622,0.0
missing__protein_npx__P32754,0.03896072624743622,0.0
delta1__peptide_std__P36222,0.03895244017125344,0.0
lag1__peptide_std__P02647,0.03890632353271145,0.0
peptide_mean__P00747,0.038905963003886074,0.0
peptide_mean__P08571,0.03888800520879552,0.0
slope1__peptide_mean__P02748,0.03887048268729449,0.0
lag1__protein_npx__P19823,0.03885985387767279,0.0
delta1__protein_npx__Q12841,0.03885820738984014,0.0
peptide_mean__P32754,0.038850782060670046,0.0
slope1__peptide_mean__P16035,0.038846164005311795,0.0
slope1__peptide_mean__Q92520,0.03881770110666711,0.0
rollmean2__peptide_log__GYQLSDVDGVTC(UniMod_4)EDIDEC(UniMod_4)ALPTGGHIC(UniMod_4)SYR,0.03880263432158766,0.0
lag1__protein_npx__P10643,0.03876794293370013,0.0
slope1__peptide_std__P36222,0.03873497286950055,0.0
protein_npx__O15240,0.0387185033027687,0.0
lag1__peptide_count__P08603,0.03869372402250039,0.0
missing__peptide_std__P61916,0.03866401321897668,0.0
rollmean2__peptide_std__P04196,0.03864703371297288,0.0
lag1__peptide_count__O14773,0.03862308477141381,0.0
delta1__peptide_mean__P05067,0.03858218445084917,0.0
missing__peptide_std__P12109,0.03856776249929072,0.0
delta1__peptide_mean__Q02818,0.03855846896321246,0.0
peptide_log__QWAGLVEK,0.03855841596992776,0.0
missing__peptide_std__P55290,0.03855764871432212,0.0
delta1__peptide_count__P02768,0.03849786670961005,0.0
protein_npx__P07333,0.03849466614520157,0.0
protein_npx__Q96BZ4,0.03848083713897176,0.0
rollmean2__peptide_count__P08697,0.0384741125873983,0.0
rollmean2__protein_npx__P61769,0.038466125463420216,0.0
lag1__peptide_std__P51884,0.038441988095419585,0.0
delta1__peptide_mean__Q16270,0.038430060062752416,0.0
delta1__peptide_mean__P05408,0.03841522833773993,0.0
rollmean2__peptide_count__P02452,0.03841163326753899,0.0
protein_npx__P01717,0.038351779214946785,0.0
slope1__peptide_log__RGYQLSDVDGVTC(UniMod_4)EDIDEC(UniMod_4)ALPTGGHIC(UniMod_4)SYR,0.03830951361362153,0.0
delta1__protein_npx__P80748,0.03829452163058454,0.0
peptide_count__Q9NQ79,0.03829441232423245,0.0
lag1__peptide_std__Q9NQ79,0.03828859512640394,0.0
peptide_count__P00441,0.03827533380008419,0.0
lag1__peptide_count__P02760,0.0382144838155836,0.0
slope1__peptide_mean__P10909,0.038175607308083184,0.0
missing__peptide_mean__Q13283,0.03817148784564489,0.0
missing__peptide_count__Q13283,0.03817148784564489,0.0
missing__protein_npx__Q13283,0.03817148784564489,0.0
lag1__peptide_std__P04004,0.038170426866381134,0.0
peptide_count__P05067,0.03814544729210233,0.0
missing__peptide_std__P30086,0.03814376922813952,0.0
delta1__protein_npx__P10645,0.03811352948786685,0.0
slope1__peptide_std__P02763,0.0381033104920426,0.0
peptide_count__P16035,0.038076551744065205,0.0
slope1__protein_npx__Q8NE71,0.038058163767883374,0.0
peptide_count__Q92823,0.038049779824460485,0.0
delta1__peptide_std__P39060,0.03804511575221959,0.0
rollmean2__peptide_log__LSSWVLLM(UniMod_35)K,0.03804025627967093,0.0
lag1__peptide_log__YIVSGTPTFVPYLIK,0.03803751452472865,0.0
slope1__peptide_std__P27169,0.03803568403828079,0.0
rollmean2__peptide_count__P02753,0.038025687111877586,0.0
lag1__peptide_log__M(UniMod_35)ASGAANVVGPK,0.03799629848585236,0.0
slope1__peptide_log__EDSLEAGLPLQVR,0.037995334121683697,0.0
lag1__peptide_mean__P02647,0.037990405407080756,0.0
delta1__protein_npx__P02750,0.037971807154071675,0.0
delta1__protein_npx__P49588,0.03790769744070887,0.0
lag1__peptide_std__P00747,0.037890819833766846,0.0
rollmean2__protein_npx__P17936,0.03786170035833973,0.0
slope1__peptide_mean__P02671,0.037855213199886634,0.0
rollmean2__peptide_mean__P23083,0.03781460258646532,0.0
lag1__peptide_count__Q12841,0.03779442412953659,0.0
rollmean2__protein_npx__P02751,0.037792018511727365,0.0
delta1__peptide_std__Q08380,0.03777334570935628,0.0
lag1__peptide_count__P02679,0.03777139020960103,0.0
delta1__protein_npx__P51884,0.03776538686316884,0.0
rollmean2__protein_npx__P07998,0.03776419982403451,0.0
lag1__peptide_count__P51884,0.0377405341144376,0.0
peptide_mean__P39060,0.03771624499486628,0.0
slope1__protein_npx__P09486,0.03764967089156116,0.0
lag1__peptide_mean__Q13283,0.03764281147125996,0.0
rollmean2__peptide_count__Q12907,0.037633927280398556,0.0
rollmean2__peptide_log__TLLSNLEEAKK,0.037627095616334094,0.0
rollmean2__peptide_count__P02679,0.0376110878069949,0.0
rollmean2__peptide_std__P23142,0.037596008740944264,0.0
lag1__peptide_mean__O94919,0.03759482513073807,0.0
slope1__peptide_mean__P02656,0.037569510237652363,0.0
rollmean2__protein_npx__Q9HDC9,0.03756767751369354,0.0
lag1__peptide_mean__P04275,0.03755522593165288,0.0
slope1__peptide_mean__P40925,0.03751195691304814,0.0
rollmean2__peptide_std__P02679,0.03750144770148589,0.0
rollmean2__peptide_log__AATGEC(UniMod_4)TATVGKR,0.037422644297812606,0.0
delta1__peptide_mean__P02452,0.037418585910616996,0.0
lag1__peptide_std__P10909,0.037417449026375574,0.0
protein_npx__P20933,0.03741417238935261,0.0
delta1__peptide_mean__P00747,0.037407583566890626,0.0
slope1__protein_npx__O00391,0.03739350919906069,0.0
slope1__peptide_mean__Q8NE71,0.037391741607221377,0.0
delta1__peptide_mean__O94919,0.03737966684283812,0.0
slope1__peptide_count__P02652,0.037362591032472074,0.0
rollmean2__peptide_count__P02748,0.037339154586565115,0.0
peptide_mean__Q12841,0.037325572215028004,0.0
peptide_count__P02679,0.03732498863715294,0.0
slope1__peptide_mean__Q99435,0.037295800316806245,0.0
protein_npx__Q8NBJ4,0.037214804389219626,0.0
peptide_count__P36222,0.0371918687946976,0.0
peptide_std__Q16610,0.037167414282085844,0.0
missing__protein_npx__Q96BZ4,0.03713028241449123,0.0
missing__peptide_count__Q96BZ4,0.03713028241449123,0.0
missing__peptide_mean__Q96BZ4,0.03713028241449123,0.0
peptide_mean__P06727,0.037125453532973335,0.0
delta1__peptide_count__P08603,0.03711242588810902,0.0
lag1__peptide_count__P00450,0.03708211585908858,0.0
rollmean2__peptide_count__P36955,0.03707435255304802,0.0
peptide_mean__P02760,0.037069929494731264,0.0
rollmean2__protein_npx__P01833,0.03706466810031154,0.0
delta1__protein_npx__P01859,0.03705576765424956,0.0
rollmean2__peptide_mean__P18065,0.03703940255628652,0.0
rollmean2__peptide_count__P04433,0.037035913570183064,0.0
delta1__protein_npx__P16070,0.03698333525407922,0.0
slope1__protein_npx__P00734,0.03694967059441408,0.0
lag1__protein_npx__P01877,0.03693058672815888,0.0
rollmean2__peptide_mean__P08571,0.03691351677677372,0.0
protein_npx__P02656,0.03690509304243536,0.0
lag1__peptide_log__LSKELQAAQAR,0.03689989283398446,0.0
lag1__peptide_mean__P55290,0.036885049444424556,0.0
peptide_mean__P04211,0.036870680795265454,0.0
delta1__peptide_count__P02671,0.03683183043619305,0.0
rollmean2__peptide_std__P61769,0.036828788592191374,0.0
lag1__peptide_std__P55290,0.0368157381306324,0.0
peptide_log__AATVGSLAGQPLQER,0.03681108045587631,0.0
lag1__peptide_count__P08493,0.036782395228841885,0.0
lag1__peptide_log__SEALAVDGAGKPGAEEAQDPEGK,0.03678238868411894,0.0
rollmean2__protein_npx__P36955,0.03677618559142974,0.0
lag1__peptide_log__LRTEGDGVYTLNNEK,0.03676665287161688,0.0
missing__peptide_std__P01859,0.0367580835192957,0.0
missing__protein_npx__Q9UBR2,0.03674876738416342,0.0
missing__peptide_mean__Q9UBR2,0.03674876738416342,0.0
missing__peptide_count__Q9UBR2,0.03674876738416342,0.0
delta1__peptide_log__C(UniMod_4)REILSVDC(UniMod_4)STNNPSQAK,0.03673274423797033,0.0
missing__peptide_std__P00441,0.036726724162888684,0.0
slope1__peptide_count__P02675,0.03672163626897381,0.0
protein_npx__P02765,0.03668189538509366,0.0
slope1__peptide_count__P02749,0.03667716112763182,0.0
lag1__peptide_std__Q12841,0.03667579691357543,0.0
delta1__peptide_log__SEALAVDGAGKPGAEEAQDPEGK,0.036669027174788565,0.0
slope1__peptide_mean__P05408,0.03664801709724997,0.0
rollmean2__protein_npx__Q9Y646,0.036634626701574566,0.0
lag1__peptide_mean__P11277,0.036633614844423935,0.0
slope1__peptide_mean__Q99832,0.03662751951472698,0.0
delta1__protein_npx__P01008,0.03661926485122775,0.0
protein_npx__P35542,0.03659412490373156,0.0
missing__peptide_mean__Q06481,0.03656704791214484,0.0
missing__peptide_count__Q06481,0.03656704791214484,0.0
missing__protein_npx__Q06481,0.03656704791214484,0.0
delta1__peptide_mean__Q96S96,0.036540503673398145,0.0
rollmean2__peptide_std__Q6UXB8,0.03652419921638536,0.0
peptide_count__P00736,0.03646917921055274,0.0
lag1__peptide_log__ALGISPFHEHAEVVFTANDSGPR,0.036438356752396685,0.0
peptide_mean__P04275,0.0364288390996751,0.0
delta1__protein_npx__P02774,0.036418967984570935,0.0
missing__peptide_log__NFPPSQDASGDLYTTSSQLTLPATQC(UniMod_4)LAGK,0.036410409603215045,0.0
lag1__peptide_mean__P13521,0.036381174065369976,0.0
peptide_count__O94919,0.0363705426551974,0.0
missing__peptide_std__O94919,0.0363705426551974,0.0
lag1__peptide_log__SNSSM(UniMod_35)HITDC(UniMod_4)R,0.03636571838716458,0.0
delta1__peptide_std__P04180,0.03636561259432252,0.0
rollmean2__peptide_std__P00450,0.036334015954004956,0.0
lag1__peptide_count__P01834,0.03630919431700194,0.0
peptide_std__O15240,0.03629979430402173,0.0
rollmean2__protein_npx__P01608,0.03626772540142782,0.0
peptide_log__GYQLSDVDGVTC(UniMod_4)EDIDEC(UniMod_4)ALPTGGHIC(UniMod_4)SYR,0.03625755764069394,0.0
missing__protein_npx__O00584,0.03624168205322537,0.0
missing__peptide_count__O00584,0.03624168205322537,0.0
missing__peptide_mean__O00584,0.03624168205322537,0.0
delta1__peptide_std__O75144,0.03622396366790049,0.0
delta1__peptide_std__P02652,0.036176794300323695,0.0
delta1__protein_npx__P05546,0.03616970991635991,0.0
slope1__peptide_count__P02763,0.0361434370747376,0.0
protein_npx__P08697,0.03613741542130717,0.0
slope1__peptide_mean__Q9Y646,0.03612936319531618,0.0
lag1__peptide_log__LVGGPM(UniMod_35)DASVEEEGVRR,0.03608204479823465,0.0
rollmean2__protein_npx__Q99674,0.036077764275608284,0.0
rollmean2__peptide_mean__P01860,0.0360428871925381,0.0
peptide_mean__Q12805,0.03604099004353341,0.0
slope1__peptide_log__LIADLGSTSITNLGFR,0.03602112199050935,0.0
protein_npx__P07998,0.03601889608871662,0.0
lag1__peptide_std__P17174,0.03601593857063237,0.0
slope1__peptide_log__LSKELQAAQAR,0.036009858725169264,0.0
delta1__protein_npx__Q13449,0.03599796620295066,0.0
slope1__peptide_mean__P01859,0.03596872084234564,0.0
slope1__peptide_std__P61769,0.03595069269642087,0.0
rollmean2__peptide_std__P02671,0.035945101417405596,0.0
rollmean2__protein_npx__P18065,0.03593352900085745,0.0
rollmean2__peptide_log__SLAAAAGKQELAK,0.03591410062635326,0.0
rollmean2__peptide_mean__P61278,0.03591410062635326,0.0
lag1__peptide_mean__P32754,0.0359115784157132,0.0
slope1__peptide_mean__P23083,0.035843208456091326,0.0
rollmean2__peptide_mean__P02765,0.035825582747927236,0.0
lag1__protein_npx__P04156,0.035820790186445475,0.0
delta1__protein_npx__P02751,0.03580471870725048,0.0
lag1__peptide_count__P43652,0.03578698394485021,0.0
lag1__peptide_std__P19823,0.035767299957575334,0.0
delta1__peptide_mean__P00746,0.03576177620553538,0.0
slope1__protein_npx__P02452,0.035734831727472376,0.0
lag1__peptide_count__P19823,0.0357030589342408,0.0
lag1__peptide_mean__Q14118,0.035679516766825646,0.0
rollmean2__peptide_std__P02751,0.03567916291848748,0.0
delta1__protein_npx__P02655,0.03566646960194004,0.0
peptide_log__LGQSLDC(UniMod_4)NAEVYVVPWEK,0.03565181810487633,0.0
lag1__protein_npx__P04180,0.0356279795868411,0.0
delta1__peptide_log__RTPITVVK,0.035614524570158866,0.0
slope1__protein_npx__P05155,0.03558135380464291,0.0
protein_npx__P02763,0.035571497063415974,0.0
lag1__peptide_count__P06681,0.03555309066152144,0.0
missing__peptide_count__Q9BY67,0.03553477128001165,0.0
missing__protein_npx__Q9BY67,0.03553477128001165,0.0
missing__peptide_mean__Q9BY67,0.03553477128001165,0.0
delta1__protein_npx__P01876,0.035526420954274246,0.0
peptide_std__Q9NQ79,0.03549950586923722,0.0
lag1__peptide_std__O15240,0.03548171258117714,0.0
delta1__peptide_mean__P04075,0.035476101510607386,0.0
rollmean2__peptide_std__P02649,0.03547565088045058,0.0
delta1__peptide_std__Q12907,0.03544019485884648,0.0
missing__peptide_mean__Q99435,0.035438244970810356,0.0
missing__peptide_count__Q99435,0.035438244970810356,0.0
missing__protein_npx__Q99435,0.035438244970810356,0.0
lag1__peptide_mean__Q6UXB8,0.03543641478611187,0.0
lag1__peptide_std__P09871,0.03543599319668203,0.0
slope1__peptide_mean__Q9UHG2,0.035428970279551115,0.0
missing__peptide_std__P16870,0.03542584447223591,0.0
slope1__protein_npx__P06454,0.03542320274400635,0.0
rollmean2__peptide_mean__P02652,0.03541176568358144,0.0
rollmean2__protein_npx__P04156,0.035389563754647406,0.0
delta1__peptide_count__P02750,0.03536437793767392,0.0
peptide_mean__O60888,0.035355266177840114,0.0
peptide_mean__P02751,0.03532881394864349,0.0
protein_npx__P23142,0.035297978480926154,0.0
peptide_std__P00734,0.03529484914255181,0.0
peptide_log__NFPPSQDASGDLYTTSSQLTLPATQC(UniMod_4)PDGK,0.03523772380728515,0.0
delta1__peptide_mean__P13671,0.035219213642820726,0.0
rollmean2__protein_npx__P16152,0.035163007927812365,0.0
peptide_mean__P61769,0.035146495599795574,0.0
rollmean2__peptide_mean__P05060,0.0351408176996236,0.0
slope1__peptide_mean__P09871,0.03511812973421855,0.0
peptide_log__KVEQAVETEPEPELR,0.03511361072269485,0.0
delta1__peptide_count__P02747,0.035097078047465646,0.0
slope1__peptide_std__P02656,0.035079965520425915,0.0
rollmean2__peptide_count__P06396,0.035057646335422334,0.0
slope1__peptide_std__P02750,0.035029877799341726,0.0
peptide_mean__P16070,0.03501918842852405,0.0
lag1__protein_npx__Q9Y646,0.03500243461109959,0.0
rollmean2__peptide_count__P04004,0.03499832208551004,0.0
rollmean2__protein_npx__P07225,0.03498478974812112,0.0
slope1__peptide_mean__P08133,0.03497772845446411,0.0
lag1__peptide_std__P05546,0.034965424707097195,0.0
slope1__peptide_std__Q14118,0.03495301230944797,0.0
rollmean2__peptide_count__P00746,0.03493505861876495,0.0
lag1__peptide_log__QIGSVYR,0.03491698263219005,0.0
rollmean2__peptide_mean__O75326,0.0348600351762189,0.0
peptide_std__P16870,0.03485847313894326,0.0
peptide_std__P13611,0.034797730857100556,0.0
rollmean2__peptide_std__P00747,0.03476709407573996,0.0
lag1__peptide_log__ATVNPSAPR,0.034716035148871255,0.0
rollmean2__protein_npx__P07858,0.034715739612376645,0.0
slope1__peptide_count__Q14118,0.034682826427678386,0.0
lag1__peptide_count__P02765,0.03467421582518257,0.0
rollmean2__protein_npx__Q9BY67,0.034644208108191674,0.0
slope1__peptide_mean__P02655,0.03462617014568069,0.0
rollmean2__peptide_mean__P09871,0.034585538592929156,0.0
rollmean2__peptide_std__O75144,0.03457401512508001,0.0
rollmean2__peptide_std__P07711,0.03457177645115546,0.0
lag1__peptide_log__C(UniMod_4)SYTEDAQC(UniMod_4)IDGTIEVPK,0.03453036044968932,0.0
lag1__peptide_count__P04180,0.03449654353471758,0.0
slope1__peptide_std__P02652,0.03449290885914405,0.0
rollmean2__peptide_count__P00738,0.03449091735131081,0.0
missing__peptide_mean__P05408,0.034478319096255046,0.0
missing__peptide_count__P05408,0.034478319096255046,0.0
missing__protein_npx__P05408,0.034478319096255046,0.0
rollmean2__peptide_mean__P01780,0.03447441429741274,0.0
slope1__protein_npx__P27169,0.034460958373437864,0.0
lag1__peptide_mean__O14773,0.03445445632503627,0.0
delta1__peptide_mean__P17936,0.03443697223364602,0.0
rollmean2__peptide_count__P08603,0.0344186314034036,0.0
delta1__peptide_std__Q16270,0.03441358021609375,0.0
peptide_log__LPPTSAHGNVAEGETKPDPDVTER,0.03437877054381577,0.0
peptide_log__SLAELGGHLDQQVEEFRR,0.03435626743050663,0.0
delta1__peptide_mean__P36980,0.034275767129039465,0.0
slope1__protein_npx__P02671,0.034251729105151466,0.0
peptide_std__P02652,0.03425032130666459,0.0
lag1__peptide_log__WELALGR,0.03421722756127015,0.0
slope1__protein_npx__P01717,0.034182904190696944,0.0
slope1__protein_npx__P23142,0.0341580768655356,0.0
slope1__peptide_mean__P13521,0.03414847644523157,0.0
lag1__protein_npx__P02751,0.034121216996430316,0.0
delta1__peptide_mean__P01034,0.03409269869825561,0.0
slope1__protein_npx__P39060,0.03406590888726076,0.0
rollmean2__protein_npx__Q96PD5,0.03406480214992521,0.0
slope1__peptide_std__P07602,0.03406002995463739,0.0
slope1__protein_npx__P01033,0.03404443441780308,0.0
delta1__peptide_count__P05546,0.03404336308351996,0.0
slope1__peptide_std__O14773,0.03402992300564987,0.0
delta1__protein_npx__P23142,0.034023761554801094,0.0
rollmean2__peptide_mean__Q99674,0.03401550729002725,0.0
rollmean2__peptide_std__P02768,0.03401386890888986,0.0
rollmean2__peptide_count__O94919,0.03399075745667443,0.0
rollmean2__protein_npx__Q14515,0.03398914101647618,0.0
rollmean2__protein_npx__P19827,0.03396360480993404,0.0
delta1__peptide_mean__P01023,0.03396308277071907,0.0
missing__peptide_count__P11142,0.03395634142593003,0.0
missing__protein_npx__P11142,0.03395634142593003,0.0
missing__peptide_mean__P11142,0.03395634142593003,0.0
protein_npx__P13521,0.033900211735843754,0.0
delta1__peptide_mean__Q13449,0.0338994538496364,0.0
delta1__peptide_log__LPPTSAHGNVAEGETKPDPDVTER,0.03387445068942224,0.0
protein_npx__P04156,0.03386812210430367,0.0
slope1__peptide_log__AVLPTGDVIGDSAK,0.03386395181929942,0.0
peptide_std__P01860,0.03384829922121109,0.0
delta1__peptide_count__P02748,0.03383990929969717,0.0
delta1__protein_npx__P23083,0.03383299526265522,0.0
protein_npx__P19827,0.03383226191305246,0.0
delta1__protein_npx__P02792,0.03381147935574998,0.0
slope1__peptide_log__GYQLSDVDGVTC(UniMod_4)EDIDEC(UniMod_4)ALPTGGHIC(UniMod_4)SYR,0.03379417219156144,0.0
delta1__peptide_count__P01859,0.0337789529074018,0.0
lag1__peptide_std__P01011,0.033759479709359816,0.0
delta1__peptide_count__P07998,0.03374933231125187,0.0
rollmean2__peptide_std__P04180,0.033691862665132,0.0
peptide_count__Q13740,0.03366901936739391,0.0
rollmean2__peptide_count__P12109,0.033664256263571564,0.0
delta1__peptide_count__P14618,0.03364134405642685,0.0
slope1__peptide_mean__P05155,0.03363602863596584,0.0
slope1__peptide_count__P55290,0.03362620819133136,0.0
delta1__protein_npx__P02763,0.03362173129137284,0.0
rollmean2__peptide_count__P13591,0.033583488659501365,0.0
slope1__peptide_count__P02753,0.03357247875865958,0.0
rollmean2__peptide_mean__O60888,0.033568616051266695,0.0
peptide_log__YVMLPVADQDQC(UniMod_4)IR,0.0335652552603365,0.0
missing__peptide_log__YVMLPVADQDQC(UniMod_4)IR,0.03355672495972888,0.0
lag1__protein_npx__P14174,0.03355021713199628,0.0
lag1__peptide_log__LGADM(UniMod_35)EDVC(UniMod_4)GR,0.03354952368944848,0.0
peptide_mean__P01034,0.03354054338953047,0.0
lag1__protein_npx__Q6UX71,0.03352612303023125,0.0
slope1__peptide_log__GEVQAMLGQSTEELR,0.033507400540397955,0.0
delta1__peptide_std__P00450,0.03350397675656611,0.0
delta1__peptide_mean__P00748,0.03347515057278976,0.0
slope1__peptide_std__P39060,0.0334678423579404,0.0
slope1__peptide_mean__P49908,0.033463538542667495,0.0
rollmean2__peptide_count__P02675,0.03344477711275102,0.0
slope1__current_updrs_1,0.03343417857049413,0.0
peptide_mean__P10643,0.033426982626875094,0.0
lag1__peptide_mean__P02792,0.03337700881971915,0.0
peptide_count__P04180,0.03334654529359641,0.0
slope1__peptide_std__P16070,0.033346507809163844,0.0
rollmean2__peptide_log__ANRPFLVFIR,0.03333731769427434,0.0
peptide_mean__P51884,0.03333472289845835,0.0
rollmean2__peptide_log__EILSVDC(UniMod_4)STNNPSQAK,0.033326940633274064,0.0
rollmean2__protein_npx__P08294,0.03329580278235567,0.0
delta1__peptide_log__DSGFQM(UniMod_35)NQLR,0.03329238677807698,0.0
protein_npx__Q9UKV8,0.033273397103891,0.0
slope1__peptide_std__P43121,0.03326337707470769,0.0
delta1__peptide_std__P04075,0.033241383052984345,0.0
rollmean2__peptide_log__VYC(UniMod_4)DMNTENGGWTVIQNR,0.03323906732334937,0.0
lag1__peptide_mean__P11142,0.03323468091477779,0.0
peptide_log__TVVQPSVGAAAGPVVPPC(UniMod_4)PGR,0.03322774625191891,0.0
slope1__protein_npx__Q96S96,0.03322093938604499,0.0
slope1__peptide_std__P08603,0.0331920437464613,0.0
lag1__peptide_mean__P17174,0.03317184025626521,0.0
rollmean2__protein_npx__P08697,0.03316896420219317,0.0
rollmean2__protein_npx__P14174,0.03313920163446741,0.0
delta1__peptide_std__O00533,0.033117164854620906,0.0
protein_npx__O00391,0.0331094777571239,0.0
slope1__peptide_std__P02753,0.0331074306325596,0.0
rollmean2__peptide_count__Q13740,0.033103388183821046,0.0
delta1__peptide_log__LQAEAFQAR,0.03308303140265683,0.0
lag1__peptide_log__DSGEGDFLAEGGGVR,0.033056324503798244,0.0
lag1__protein_npx__P04004,0.03304159076703607,0.0
peptide_mean__P00736,0.03302172049141026,0.0
delta1__peptide_mean__P10645,0.033020724031733874,0.0
lag1__peptide_std__Q06481,0.0330133825555992,0.0
protein_npx__P07602,0.0330069744705254,0.0
delta1__protein_npx__Q14624,0.03297289912867487,0.0
rollmean2__protein_npx__P01717,0.03296932951136959,0.0
lag1__peptide_log__EDSLEAGLPLQVR,0.03296868178885067,0.0
delta1__peptide_mean__Q12907,0.03295953701152318,0.0
slope1__peptide_mean__P06396,0.032958994161376313,0.0
lag1__peptide_std__P02760,0.03293869746956844,0.0
delta1__peptide_mean__P01859,0.03293462798987301,0.0
peptide_mean__P04075,0.032933588652581024,0.0
slope1__peptide_mean__P08294,0.03291948223301894,0.0
delta1__peptide_mean__Q12805,0.0328949366183014,0.0
slope1__protein_npx__P13521,0.03288526324915698,0.0
rollmean2__protein_npx__P00746,0.03287530903780853,0.0
peptide_count__P00751,0.03287252279284633,0.0
lag1__peptide_log__LIADLGSTSITNLGFR,0.03284617403250264,0.0
peptide_mean__P04156,0.032802951279451285,0.0
missing__peptide_log__LVGGPM(UniMod_35)DASVEEEGVRR,0.032780869629962205,0.0
rollmean2__peptide_mean__P00736,0.03276013621689449,0.0
lag1__peptide_log__TSPVDEKALQDQLVLVAAK,0.0327596716313244,0.0
lag1__peptide_count__P08294,0.032752419367764185,0.0
delta1__protein_npx__P60174,0.032748952567339534,0.0
rollmean2__peptide_mean__P10645,0.03272897635456416,0.0
protein_npx__P17174,0.03272450996975604,0.0
rollmean2__peptide_mean__Q99969,0.03270221805185838,0.0
protein_npx__Q9BY67,0.032686928685413334,0.0
delta1__peptide_count__P02753,0.03267754448076897,0.0
rollmean2__peptide_mean__Q13451,0.03266793735846402,0.0
slope1__protein_npx__P02766,0.032659874513065054,0.0
protein_npx__P36222,0.03263939781932706,0.0
delta1__peptide_std__P02671,0.032592891790800244,0.0
missing__peptide_log__VQAAVGTSAAPVPSDNH,0.032586621814207344,0.0
slope1__protein_npx__Q6UXD5,0.032582113184898814,0.0
lag1__peptide_count__P00751,0.03252001979614471,0.0
delta1__peptide_mean__P08493,0.03247035657967049,0.0
rollmean2__peptide_count__P05452,0.03246089747455056,0.0
slope1__peptide_std__P01023,0.03245850508294664,0.0
lag1__peptide_log__DASGVTFTWTPSSGK,0.03245630922397684,0.0
missing__peptide_log__SC(UniMod_4)DTPPPC(UniMod_4)PR,0.03245092262487802,0.0
slope1__peptide_count__P54289,0.03243162159500264,0.0
peptide_mean__P49588,0.032385262083222184,0.0
delta1__protein_npx__Q99829,0.03237751246973642,0.0
slope1__protein_npx__P40925,0.03236767432981842,0.0
rollmean2__peptide_mean__P02751,0.03236577643775861,0.0
slope1__peptide_count__P08603,0.03235649047960495,0.0
lag1__protein_npx__P02790,0.03234550000542799,0.0
slope1__peptide_log__FNKPFVFLM(UniMod_35)IEQNTK,0.032338859946074994,0.0
rollmean2__peptide_count__P07225,0.0322909189812517,0.0
slope1__peptide_count__P05155,0.032262338419721384,0.0
lag1__peptide_log__VTSIQDWVQK,0.032248971875536554,0.0
delta1__peptide_count__P09871,0.03223513623086136,0.0
lag1__protein_npx__P27169,0.03222683527388436,0.0
slope1__peptide_count__Q14515,0.032199578713890266,0.0
delta1__peptide_log__FLATTPNSLLVSWQPPR,0.03219129371038011,0.0
slope1__peptide_mean__P54289,0.032142013481747556,0.0
lag1__peptide_count__P00747,0.032140171919331426,0.0
lag1__peptide_std__P02749,0.032128556691780795,0.0
peptide_std__P25311,0.03211068695590042,0.0
delta1__peptide_std__P05090,0.03209625569324029,0.0
lag1__peptide_std__Q13740,0.03204582951296748,0.0
slope1__peptide_std__P05546,0.032038757917071885,0.0
delta1__peptide_log__C(UniMod_4)SYTEDAQC(UniMod_4)IDGTIEVPK,0.03203008887389417,0.0
slope1__protein_npx__P61626,0.03202964961035924,0.0
protein_npx__P01008,0.03201066238768345,0.0
lag1__peptide_std__P07711,0.032005226443635425,0.0
slope1__peptide_mean__O94919,0.03198852577507725,0.0
lag1__protein_npx__P17174,0.03198641796233464,0.0
delta1__peptide_count__O94919,0.0319861900357646,0.0
peptide_count__Q08380,0.03196142668233861,0.0
rollmean2__peptide_log__SWFEPLVEDM(UniMod_35)QR,0.03193630036920832,0.0
lag1__peptide_mean__P04004,0.03191943091439495,0.0
rollmean2__peptide_std__P04217,0.03189845798218009,0.0
delta1__protein_npx__P54289,0.03189071075319601,0.0
delta1__peptide_mean__Q9Y6R7,0.03186545388101453,0.0
peptide_std__P02760,0.03182788786905496,0.0
delta1__peptide_log__VYC(UniMod_4)DMNTENGGWTVIQNR,0.03182548633042387,0.0
peptide_count__P23142,0.031823045346270985,0.0
rollmean2__peptide_std__P00738,0.03179530713830246,0.0
rollmean2__peptide_mean__P05452,0.031789072399936225,0.0
lag1__peptide_mean__Q99435,0.031786575529222566,0.0
delta1__peptide_mean__P02750,0.031785813421162955,0.0
lag1__peptide_mean__P05090,0.031783572590544915,0.0
lag1__peptide_mean__P60174,0.031751815757084134,0.0
lag1__months_since_prev_visit,0.03173553912052691,0.0
peptide_mean__P16035,0.03172125056089202,0.0
delta1__peptide_std__P16070,0.03170460145359324,0.0
protein_npx__P04433,0.03168391433047521,0.0
lag1__protein_npx__P01019,0.03167000918314563,0.0
lag1__protein_npx__P02749,0.031660650460849614,0.0
lag1__peptide_abundance_min,0.03164788231664208,0.0
rollmean2__peptide_mean__Q12907,0.03163440371570712,0.0
delta1__peptide_count__P10645,0.031631281502902724,0.0
slope1__has_previous_visit,0.031624818487766986,0.0
slope1__peptide_std__P09486,0.03158847698990261,0.0
slope1__protein_npx__P05408,0.03158216548868136,0.0
rollmean2__peptide_log__NFPPSQDASGDLYTTSSQLTLPATQC(UniMod_4)PDGK,0.03155357666756751,0.0
rollmean2__protein_npx__P05452,0.03154809373575759,0.0
rollmean2__peptide_mean__P43121,0.03153793415915421,0.0
slope1__peptide_mean__Q99969,0.03152056694081616,0.0
rollmean2__protein_npx__P08603,0.03150809132543466,0.0
slope1__peptide_mean__P06727,0.03143764781289851,0.0
rollmean2__protein_npx__Q92876,0.03143650788896449,0.0
delta1__protein_npx__P08133,0.0314262923652077,0.0
peptide_std__P08603,0.03138809407856514,0.0
rollmean2__protein_npx__Q99683,0.03136362800289239,0.0
peptide_count__P01023,0.03135255969391884,0.0
peptide_log__QIGSVYR,0.03135197041887045,0.0
protein_npx__P01861,0.031329076743381694,0.0
rollmean2__protein_npx__Q08380,0.03130005098527848,0.0
lag1__peptide_mean__O60888,0.03129061120525032,0.0
missing__peptide_std__P13611,0.03128618498359697,0.0
protein_npx__P07858,0.031284739322782536,0.0
rollmean2__protein_npx__P30086,0.03126908866728251,0.0
delta1__peptide_count__P05156,0.03125043835242865,0.0
rollmean2__peptide_count__P02652,0.031228664910718684,0.0
delta1__peptide_std__P13611,0.031225691101288297,0.0
slope1__protein_npx__P06396,0.031221690671188553,0.0
rollmean2__peptide_std__Q16610,0.031206312512540444,0.0
slope1__peptide_mean__P01031,0.03118137780444754,0.0
delta1__peptide_count__P25311,0.03116485004753706,0.0
protein_npx__Q14508,0.031145947200564225,0.0
slope1__protein_npx__P02675,0.031121063139553047,0.0
rollmean2__protein_npx__P16870,0.031101904687916074,0.0
peptide_mean__Q96S96,0.031099862446021174,0.0
peptide_mean__P01009,0.03109860782963673,0.0
delta1__protein_npx__P05408,0.031084824701248272,0.0
peptide_mean__P01861,0.031082934377730596,0.0
peptide_log__TTPPVLDSDGSFFLYSR,0.031082934377730596,0.0
lag1__peptide_std__P16035,0.031059027562156852,0.0
peptide_log__GC(UniMod_4)PTEEGC(UniMod_4)GER,0.03100320019458083,0.0
missing__peptide_log__VMPIC(UniMod_4)LPSKDYAEVGR,0.0309952829664552,0.0
slope1__peptide_mean__O00391,0.03099444346386413,0.0
slope1__peptide_mean__Q15904,0.03089485169286288,0.0
peptide_log__GEVQAMLGQSTEELRVR,0.030889953311092243,0.0
protein_npx__P06727,0.030878022115676064,0.0
delta1__peptide_mean__P19652,0.0308772570733852,0.0
peptide_std__Q9UBX5,0.030852833838903488,0.0
protein_npx__P09486,0.03084431825904544,0.0
rollmean2__peptide_std__P02675,0.030837003041988942,0.0
slope1__peptide_count__P05067,0.03079824150287737,0.0
slope1__protein_npx__P07225,0.030786313450672467,0.0
rollmean2__peptide_mean__Q12841,0.030784848193488548,0.0
peptide_count__P55290,0.030761601959153687,0.0
rollmean2__peptide_count__P16070,0.030760812990534295,0.0
slope1__peptide_mean__Q9UKV8,0.030741306988749956,0.0
lag1__peptide_log__GC(UniMod_4)PTEEGC(UniMod_4)GER,0.030711996950438393,0.0
missing__peptide_mean__P01033,0.03070514754935814,0.0
missing__protein_npx__P01033,0.03070514754935814,0.0
missing__peptide_count__P01033,0.03070514754935814,0.0
protein_npx__P07225,0.030673673067993647,0.0
slope1__peptide_mean__P04004,0.03067114282708184,0.0
delta1__peptide_mean__P04211,0.030659136779682603,0.0
rollmean2__protein_npx__Q12805,0.03063489177069473,0.0
lag1__protein_npx__P40925,0.030630228425969047,0.0
lag1__peptide_log__KQELSEAEQATR,0.030622140956572258,0.0
rollmean2__protein_npx__P02656,0.030612851635827484,0.0
rollmean2__protein_npx__P04433,0.030610423998490368,0.0
slope1__protein_npx__P01859,0.03059141400757353,0.0
protein_npx__P01608,0.030574350444592967,0.0
rollmean2__peptide_std__P20774,0.030537447617516558,0.0
rollmean2__peptide_mean__P00747,0.03050084861417412,0.0
rollmean2__peptide_std__P16870,0.030492744833191195,0.0
delta1__peptide_count__P00748,0.03049157747532515,0.0
missing__peptide_log__AVLPTGDVIGDSAK,0.030483767221626507,0.0
protein_npx__P14174,0.03047338639748004,0.0
lag1__protein_npx__Q13283,0.030464543207777476,0.0
lag1__peptide_mean__P04217,0.030455164293750402,0.0
peptide_count__P24592,0.030448386357432668,0.0
missing__peptide_std__P16035,0.03042771773552807,0.0
lag1__protein_npx__P01859,0.030407300739473984,0.0
peptide_mean__P01876,0.030329602666660325,0.0
peptide_mean__P08493,0.030319815803621045,0.0
delta1__peptide_count__Q92876,0.030260418333160934,0.0
slope1__peptide_count__Q92876,0.03026041833316092,0.0
peptide_mean__Q9UKV8,0.03025151129357675,0.0
lag1__protein_npx__O14791,0.030228297537542626,0.0
delta1__peptide_std__O00584,0.030187764111902313,0.0
lag1__peptide_count__P61769,0.0301865068649024,0.0
delta1__peptide_std__P02747,0.0301833196922782,0.0
missing__peptide_log__VYC(UniMod_4)DMNTENGGWTVIQNR,0.030175279796001982,0.0
rollmean2__peptide_log__DLATVYVDVLK,0.03016612847325146,0.0
peptide_count__P02452,0.030155903727586017,0.0
peptide_count__P02750,0.03014668938817962,0.0
rollmean2__peptide_mean__O15240,0.030145445743010015,0.0
protein_npx__P61278,0.030133479850330557,0.0
missing__peptide_mean__P04207,0.030132758040929734,0.0
missing__protein_npx__P04207,0.030132758040929734,0.0
missing__peptide_count__P04207,0.030132758040929734,0.0
lag1__peptide_std__Q6UXB8,0.030117968992821584,0.0
rollmean2__protein_npx__Q8NBJ4,0.030109009904929263,0.0
delta1__current_medication_on,0.03010222114951632,0.0
lag1__peptide_std__Q16270,0.03010071949053235,0.0
missing__peptide_std__Q6UXB8,0.03009606709424919,0.0
rollmean2__peptide_count__Q92823,0.03007144986897708,0.0
delta1__peptide_count__P98160,0.030041269704208083,0.0
slope1__peptide_mean__O14791,0.030038411053280027,0.0
rollmean2__protein_npx__P02774,0.03003537645464516,0.0
delta1__protein_npx__P01042,0.030026321622099637,0.0
protein_npx__P09104,0.030022794003827798,0.0
delta1__peptide_log__TEGDGVYTLNNEK,0.030005160221387214,0.0
delta1__protein_npx__P13671,0.02998743756921257,0.0
slope1__protein_npx__P17936,0.02998580492410841,0.0
delta1__peptide_count__P19823,0.02997443791426047,0.0
rollmean2__protein_npx__P36980,0.02996516881222886,0.0
slope1__peptide_log__LRTEGDGVYTLNNEKQWINK,0.029960027266598598,0.0
peptide_std__P02749,0.02994957252030548,0.0
rollmean2__peptide_log__LGADM(UniMod_35)EDVC(UniMod_4)GR,0.029941970547356922,0.0
slope1__peptide_std__P01859,0.0299414272384232,0.0
rollmean2__protein_npx__P05067,0.029930401777376988,0.0
delta1__peptide_std__P00751,0.029913593191525204,0.0
slope1__peptide_std__Q96PD5,0.02991021796586824,0.0
lag1__peptide_mean__Q99832,0.029890942887254073,0.0
delta1__protein_npx__P19823,0.02988743269261871,0.0
rollmean2__peptide_count__Q08380,0.029852622480785955,0.0
rollmean2__peptide_log__YYWGGQYTWDMAK,0.02984620561881056,0.0
missing__peptide_log__LEGQEEEEDNRDSSMK,0.02982007441818061,0.0
protein_npx__O43505,0.029807471105277226,0.0
slope1__peptide_log__TDASDVKPC(UniMod_4),0.02978328440498751,0.0
delta1__peptide_mean__Q9UBX5,0.02975141003694456,0.0
rollmean2__peptide_mean__P04180,0.029740967994672053,0.0
missing__peptide_mean__Q6UXB8,0.0297068495442752,0.0
missing__protein_npx__Q6UXB8,0.0297068495442752,0.0
missing__peptide_count__Q6UXB8,0.0297068495442752,0.0
slope1__protein_npx__P00747,0.029695700697037825,0.0
lag1__peptide_std__P27169,0.029660660668164977,0.0
lag1__peptide_mean__O00584,0.029653147358041906,0.0
protein_npx__P00746,0.029651505759675473,0.0
slope1__peptide_count__P07339,0.029641821365837377,0.0
slope1__peptide_count__P43121,0.029641541018801443,0.0
delta1__peptide_count__P02652,0.02964004300075291,0.0
rollmean2__peptide_std__P13591,0.02960694689553836,0.0
peptide_std__P01024,0.02960299208193335,0.0
delta1__peptide_mean__Q9BY67,0.02959514037649941,0.0
peptide_mean__P27169,0.029594969566147426,0.0
delta1__peptide_count__P09486,0.029585642349411495,0.0
rollmean2__peptide_log__TTPPVLDSDGSFFLYSK,0.029572377819260927,0.0
slope1__peptide_mean__P01008,0.029553383114481524,0.0
slope1__protein_npx__P08697,0.02953439414862052,0.0
peptide_log__LRTEGDGVYTLNNEKQWINK,0.02952752381272848,0.0
delta1__peptide_count__P01857,0.029527077908475752,0.0
slope1__peptide_mean__P04180,0.02951574910857131,0.0
lag1__protein_npx__P18065,0.029515329788716224,0.0
peptide_mean__P09871,0.029482884221199303,0.0
peptide_std__P14618,0.029468671077964886,0.0
slope1__peptide_count__P04217,0.02944106893913731,0.0
delta1__protein_npx__P36980,0.029434843914445306,0.0
missing__peptide_count__Q13740,0.029399105649067222,0.0
missing__protein_npx__Q13740,0.029399105649067222,0.0
missing__peptide_mean__Q13740,0.029399105649067222,0.0
delta1__protein_npx__P01834,0.029383573760015467,0.0
lag1__protein_npx__P05408,0.029374103678959033,0.0
slope1__peptide_mean__P25311,0.02932725026053623,0.0
peptide_abundance_min,0.029312905625270325,0.0
rollmean2__peptide_mean__P04406,0.029303727058817647,0.0
lag1__peptide_std__P02452,0.02929329671155325,0.0
delta1__peptide_log__GC(UniMod_4)PTEEGC(UniMod_4)GER,0.02928624558680343,0.0
rollmean2__peptide_std__P01042,0.029269162842722712,0.0
lag1__protein_npx__P01008,0.029262967789577904,0.0
slope1__peptide_mean__O75326,0.029185861334661,0.0
lag1__protein_npx__Q08380,0.029166574200667976,0.0
slope1__peptide_mean__P36222,0.02916636243433638,0.0
peptide_std__P04004,0.029161577397029508,0.0
delta1__protein_npx__P08603,0.02916131038615038,0.0
lag1__peptide_std__O14773,0.02914647167702816,0.0
lag1__peptide_count__Q14624,0.02911849449617749,0.0
rollmean2__peptide_mean__Q13449,0.029105663078353,0.0
rollmean2__peptide_mean__P10643,0.029104934978539578,0.0
lag1__peptide_std__P05060,0.02910412002238519,0.0
missing__peptide_mean__O15394,0.029081999064744474,0.0
missing__protein_npx__O15394,0.029081999064744474,0.0
missing__peptide_count__O15394,0.029081999064744474,0.0
rollmean2__peptide_mean__P25311,0.02907369282625746,0.0
delta1__peptide_std__P01857,0.02906095792287332,0.0
slope1__peptide_mean__Q92823,0.029060183615892955,0.0
delta1__peptide_mean__P08133,0.029028877083086976,0.0
rollmean2__peptide_mean__P13611,0.029020715291221556,0.0
delta1__protein_npx__P04216,0.029007291017119543,0.0
peptide_log__VDSGNDVTDIADDGC(UniMod_4)PKPPEIAHGYVEHSVR,0.029000293587310155,0.0
delta1__peptide_std__P20774,0.028989903256885052,0.0
lag1__protein_missing_fraction,0.028939338276656807,0.0
lag1__protein_feature_count,0.028939338276656776,0.0
protein_npx__P36955,0.02893265209213271,0.0
lag1__peptide_mean__P02766,0.028928325970657327,0.0
missing__peptide_std__P14314,0.02891334471173774,0.0
lag1__protein_npx__P60174,0.028908469568830537,0.0
rollmean2__peptide_mean__Q12805,0.02890199782403613,0.0
slope1__peptide_log__VQPYLDDFQKK,0.028900241880247278,0.0
peptide_log__AYKSELEEQLTPVAEETR,0.02885805144272807,0.0
lag1__peptide_mean__Q9NYU2,0.028855676936542597,0.0
peptide_mean__P13671,0.028855238436348914,0.0
protein_npx__O75144,0.02879879275981774,0.0
slope1__peptide_mean__Q7Z3B1,0.02879840804612993,0.0
rollmean2__peptide_mean__P09104,0.0287952978021373,0.0
slope1__peptide_log__YVM(UniMod_35)LPVADQDQC(UniMod_4)IR,0.028784962217183966,0.0
lag1__peptide_mean__Q6UX71,0.02874104740186584,0.0
rollmean2__peptide_mean__P13671,0.028733684314670077,0.0
peptide_log__ANRPFLVFIR,0.028718256275982772,0.0
lag1__peptide_abundance_std,0.028710378477116095,0.0
slope1__peptide_log__SC(UniMod_4)DTPPPC(UniMod_4)PR,0.02869318232377741,0.0
missing__peptide_log__YIVSGTPTFVPYLIK,0.028689027110368137,0.0
lag1__peptide_mean__P04196,0.028683029730011696,0.0
lag1__peptide_mean__Q9UHG2,0.028646173282630884,0.0
slope1__peptide_count__O00584,0.028643846248978,0.0
rollmean2__peptide_count__P04180,0.02862079791959491,0.0
peptide_std__P08294,0.028618874389209577,0.0
peptide_mean__P05067,0.02861452277624994,0.0
delta1__peptide_mean__Q92823,0.028614194618751553,0.0
rollmean2__peptide_count__P00748,0.028576753490347946,0.0
delta1__peptide_log__VDSGNDVTDIADDGC(UniMod_4)PKPPEIAHGYVEHSVR,0.02853410066178349,0.0
missing__peptide_log__KFPSGTFEQVSQLVK,0.028528069192815694,0.0
lag1__peptide_std__P07225,0.028523643321959714,0.0
lag1__peptide_mean__P07602,0.02852179330306646,0.0
delta1__protein_npx__P61769,0.028517661567714604,0.0
peptide_count__Q16610,0.028513626921161443,0.0
delta1__protein_npx__P02647,0.02850391312124451,0.0
rollmean2__peptide_log__SGELEQEEER,0.0284915660006105,0.0
rollmean2__protein_npx__P25311,0.028486265393448156,0.0
peptide_log__TLLSNLEEAKK,0.028468290482506205,0.0
slope1__peptide_count__P23142,0.028462762134163346,0.0
missing__peptide_mean__P07195,0.028432602695137837,0.0
missing__peptide_count__P07195,0.028432602695137837,0.0
missing__protein_npx__P07195,0.028432602695137837,0.0
protein_npx__O15394,0.028432306509879428,0.0
slope1__peptide_count__P01019,0.028431912628524944,0.0
slope1__peptide_count__P00751,0.02841331312829735,0.0
lag1__protein_npx__P11277,0.02840597279031237,0.0
delta1__peptide_log__QWAGLVEK,0.028400677116110197,0.0
lag1__peptide_mean__P02751,0.028399501038412607,0.0
delta1__protein_npx__P06681,0.028385611987727558,0.0
delta1__protein_npx__P01034,0.02835562183543881,0.0
lag1__peptide_mean__Q13332,0.028350225866258214,0.0
delta1__protein_npx__Q12805,0.02834910463884239,0.0
lag1__peptide_std__O15394,0.028336722537091498,0.0
delta1__peptide_std__P02679,0.02832187279493183,0.0
rollmean2__protein_npx__Q7Z5P9,0.028304859433125246,0.0
slope1__peptide_count__P05060,0.02830013902415661,0.0
rollmean2__peptide_mean__P05546,0.028288841833400417,0.0
lag1__peptide_count__P61916,0.028271613924671868,0.0
peptide_std__P07998,0.028267791426674682,0.0
peptide_mean__Q13451,0.028247434051998952,0.0
protein_npx__P43652,0.028240297035636866,0.0
missing__peptide_std__P00746,0.028168216772064828,0.0
slope1__peptide_count__P01877,0.02815659306865453,0.0
protein_npx__Q14515,0.02813580192593773,0.0
lag1__protein_npx__P09104,0.028114637936363297,0.0
slope1__peptide_mean__P39060,0.028104272875823948,0.0
delta1__peptide_log__TLLSNLEEAKK,0.028101495602254178,0.0
lag1__peptide_log__QKVEPLRAELQEGAR,0.028101374246948536,0.0
missing__peptide_std__P02763,0.02808643574887919,0.0
lag1__peptide_mean__P00450,0.028065760536893792,0.0
slope1__peptide_log__TKEEYGHSEVVEYYC(UniMod_4)NPR,0.028065357612783046,0.0
protein_npx__P00441,0.028063910939502824,0.0
delta1__peptide_log__AEAQEAEDQQAR,0.028062490133940448,0.0
peptide_mean__P01859,0.028058303157890062,0.0
rollmean2__peptide_mean__Q13283,0.028042810038917735,0.0
peptide_mean__Q562R1,0.028032735610248573,0.0
peptide_log__ATVNPSAPR,0.028020624799361196,0.0
peptide_mean__Q9BY67,0.027999421470542515,0.0
slope1__peptide_std__P01042,0.027994122464770975,0.0
rollmean2__protein_npx__O75144,0.02797627108470789,0.0
lag1__peptide_log__SFNRGEC(UniMod_4),0.027973870451234308,0.0
lag1__peptide_mean__P08493,0.02797101276971152,0.0
slope1__peptide_log__AKLEEQAQQIR,0.02796281594425788,0.0
missing__peptide_log__M(UniMod_35)YLGYEYVTAIR,0.02796042813576844,0.0
delta1__peptide_mean__P01594,0.027958642392604597,0.0
delta1__peptide_count__P36955,0.02795285114448132,0.0
rollmean2__peptide_mean__Q14118,0.02795218886653486,0.0
rollmean2__peptide_std__P01860,0.02791951418451465,0.0
lag1__peptide_log__VMPIC(UniMod_4)LPSKDYAEVGR,0.02791690974161358,0.0
rollmean2__peptide_mean__P01034,0.02789969151239156,0.0
delta1__peptide_mean__P02647,0.027890517499107873,0.0
peptide_log__ADDKETC(UniMod_4)FAEEGK,0.027889807992881113,0.0
lag1__protein_npx__Q8NE71,0.02788672909923675,0.0
slope1__protein_npx__P02768,0.02788497303283231,0.0
slope1__peptide_mean__P02675,0.02786065989144845,0.0
slope1__peptide_std__P19652,0.02785564992333607,0.0
delta1__peptide_mean__P02760,0.02784189221633836,0.0
rollmean2__peptide_log__TPVSDRVTK,0.027834212227010248,0.0
lag1__peptide_count__P10645,0.02782299932594796,0.0
peptide_count__P02749,0.027796016760827734,0.0
slope1__peptide_mean__P07858,0.027769483667702002,0.0
rollmean2__peptide_log__HYTNPSQDVTVPC(UniMod_4)PVPPPPPC(UniMod_4)C(UniMod_4)HPR,0.027766827827558863,0.0
rollmean2__peptide_count__P04075,0.027754379911845817,0.0
peptide_std__P13591,0.027747475955891283,0.0
slope1__peptide_std__P08571,0.027740022911311012,0.0
missing__peptide_log__VGYVSGWGR,0.027725816701490456,0.0
lag1__peptide_log__TM(UniMod_35)LLQPAGSLGSYSYR,0.027698610612039983,0.0
slope1__peptide_log__VC(UniMod_4)PFAGILENGAVR,0.027696266891679405,0.0
slope1__protein_npx__P00751,0.02769066933853668,0.0
slope1__protein_npx__P01031,0.02765787465879392,0.0
slope1__peptide_std__P24592,0.027636502937912283,0.0
delta1__peptide_log__FNKPFVFLM(UniMod_35)IEQNTK,0.027627267749921264,0.0
missing__peptide_log__GC(UniMod_4)PTEEGC(UniMod_4)GER,0.02762627597131459,0.0
lag1__protein_npx__P01876,0.027617891903522387,0.0
delta1__protein_npx__Q9UNU6,0.027600726873261837,0.0
peptide_std__Q08380,0.027583207475251774,0.0
slope1__peptide_mean__P13987,0.027577019141868105,0.0
lag1__peptide_mean__O15394,0.027575150620774834,0.0
rollmean2__protein_npx__Q15904,0.02757463810521312,0.0
lag1__peptide_std__Q92823,0.027569212254425712,0.0
peptide_std__P02751,0.02756845705920242,0.0
delta1__peptide_mean__P51884,0.027548246782927072,0.0
slope1__protein_npx__P20933,0.0275468907300865,0.0
protein_npx__P05452,0.027546165570746045,0.0
rollmean2__peptide_log__LSNENHGIAQR,0.02750074343511848,0.0
delta1__peptide_std__O15240,0.027498591499523894,0.0
rollmean2__peptide_mean__P01834,0.02749727904754216,0.0
rollmean2__peptide_mean__Q9BY67,0.02748127138861132,0.0
rollmean2__peptide_count__P00751,0.02748093519837533,0.0
rollmean2__peptide_mean__P01876,0.027478766456059112,0.0
delta1__protein_npx__P01877,0.027473568610549375,0.0
delta1__peptide_count__P08294,0.027460879402160493,0.0
slope1__peptide_count__P01024,0.027452829089692446,0.0
delta1__peptide_count__Q9NQ79,0.027438307461339854,0.0
missing__peptide_log__AVGDKLPEC(UniMod_4)EADDGC(UniMod_4)PKPPEIAHGYVEHSVR,0.02740907070333075,0.0
slope1__protein_npx__P02750,0.0273846565790116,0.0
slope1__peptide_std__P02747,0.027378611943635237,0.0
lag1__peptide_mean__P01034,0.027361258085566994,0.0
protein_npx__Q8N2S1,0.027342756150584832,0.0
slope1__peptide_count__P06727,0.02733680126366844,0.0
lag1__protein_npx__P08603,0.027306243417169106,0.0
rollmean2__protein_npx__P55290,0.02730597641931482,0.0
slope1__peptide_log__QQETAAAETETR,0.027283864835666416,0.0
rollmean2__peptide_mean__P05155,0.027275095268099635,0.0
slope1__peptide_std__Q16610,0.02726403670604145,0.0
rollmean2__protein_npx__P43121,0.027256270319262026,0.0
missing__peptide_std__O15240,0.02724447917909488,0.0
rollmean2__peptide_log__TPLGDTTHTC(UniMod_4)PR,0.02723531373453946,0.0
peptide_count__P18065,0.027234979478603802,0.0
missing__peptide_mean__P06454,0.027210003615454892,0.0
missing__protein_npx__P06454,0.027210003615454892,0.0
missing__peptide_count__P06454,0.027210003615454892,0.0
lag1__protein_npx__P07711,0.02718641948891599,0.0
lag1__peptide_std__P02748,0.027173758231068563,0.0
rollmean2__protein_npx__P11142,0.027173536947613722,0.0
delta1__peptide_count__P54289,0.027135950740696267,0.0
protein_npx__P11277,0.027089117160587706,0.0
lag1__peptide_std__P02750,0.027082984919529575,0.0
slope1__peptide_log__QKVEPLRAELQEGAR,0.027077473416445955,0.0
slope1__protein_npx__Q14515,0.027040910450672223,0.0
lag1__peptide_count__Q12907,0.027037719994825536,0.0
delta1__peptide_count__P23142,0.02699114850301173,0.0
slope1__peptide_log__C(UniMod_4)TSTGWIPAPR,0.026964368431707623,0.0
peptide_std__P02774,0.026956027884794332,0.0
peptide_count__P05156,0.026954602783893656,0.0
peptide_std__P06727,0.026936918313085752,0.0
delta1__peptide_mean__Q99829,0.026936263791037283,0.0
slope1__peptide_std__P41222,0.026931356767554416,0.0
slope1__peptide_count__P04004,0.026927195678319058,0.0
slope1__peptide_mean__P01033,0.02692244834094171,0.0
slope1__peptide_std__P10643,0.026905533824782304,0.0
rollmean2__peptide_count__P17174,0.02689356713135873,0.0
peptide_count__P30086,0.026886749634685694,0.0
lag1__peptide_mean__P05156,0.026880832124782678,0.0
lag1__protein_npx__P07602,0.026876042849171097,0.0
delta1__peptide_log__VMPIC(UniMod_4)LPSKDYAEVGR,0.02685772326343024,0.0
slope1__peptide_std__Q13740,0.02685112643732018,0.0
lag1__protein_npx__P11142,0.02683717883887284,0.0
slope1__peptide_log__TPVSDRVTK,0.02682891065142316,0.0
delta1__peptide_log__SGELEQEEER,0.02681868214475018,0.0
peptide_count__P16070,0.026814615724346257,0.0
peptide_std__Q9UHG2,0.0268042120446332,0.0
rollmean2__peptide_std__P00751,0.026803052223855678,0.0
lag1__protein_npx__P43652,0.026796280227378934,0.0
rollmean2__peptide_log__TDASDVKPC(UniMod_4),0.02678842759987036,0.0
rollmean2__peptide_count__P24592,0.026785571502988298,0.0
rollmean2__protein_npx__O43505,0.026757997964735603,0.0
peptide_count__Q14515,0.026739186789185694,0.0
slope1__protein_npx__Q92876,0.02672896959405212,0.0
slope1__protein_npx__Q13451,0.02671516971143241,0.0
lag1__protein_npx__Q99832,0.026704786315125083,0.0
slope1__peptide_mean__Q13740,0.026698248322125948,0.0
rollmean2__protein_npx__P02655,0.026696067782916607,0.0
delta1__peptide_mean__P20933,0.02669026034582973,0.0
delta1__peptide_count__P01876,0.026689349751861585,0.0
lag1__peptide_count__P01876,0.02668150849106829,0.0
missing__protein_npx__P07711,0.026659438639721065,0.0
missing__peptide_mean__P07711,0.026659438639721065,0.0
missing__peptide_count__P07711,0.026659438639721065,0.0
delta1__peptide_mean__Q14515,0.026649261663701594,0.0
rollmean2__peptide_log__LIADLGSTSITNLGFR,0.026634884752715575,0.0
rollmean2__peptide_log__KVEQAVETEPEPELR,0.02661378103291014,0.0
peptide_log__KAADDTWEPFASGK,0.026583013727973982,0.0
rollmean2__protein_npx__P13521,0.026555771530016082,0.0
peptide_std__P10645,0.026554360561611163,0.0
peptide_std__P01042,0.026550011806631822,0.0
rollmean2__peptide_mean__P08294,0.026534728973104733,0.0
peptide_mean__P01860,0.026517599861735224,0.0
lag1__peptide_count__P01034,0.026504489265402234,0.0
missing__peptide_std__P20774,0.026503088006472032,0.0
peptide_std__P05155,0.026488126478581578,0.0
lag1__protein_npx__P04207,0.026485114951532013,0.0
rollmean2__peptide_log__LGPLVEQGRVR,0.026458114930294048,0.0
delta1__protein_npx__P00738,0.026450820659253704,0.0
lag1__protein_npx__P00738,0.026440940932218767,0.0
slope1__protein_npx__P01860,0.026434163569421645,0.0
lag1__peptide_std__P02766,0.026433845915106873,0.0
slope1__peptide_count__P02787,0.026422955436268047,0.0
lag1__protein_npx__P02760,0.026421313584451957,0.0
peptide_count__P00746,0.026419444547561583,0.0
rollmean2__peptide_mean__Q562R1,0.026401454022277462,0.0
missing__peptide_count__Q8NE71,0.026387717586995253,0.0
missing__peptide_mean__Q8NE71,0.026387717586995253,0.0
missing__protein_npx__Q8NE71,0.026387717586995253,0.0
lag1__peptide_log__GYQLSDVDGVTC(UniMod_4)EDIDEC(UniMod_4)ALPTGGHIC(UniMod_4)SYR,0.026374707628192547,0.0
protein_npx__Q08380,0.026371778621509554,0.0
rollmean2__peptide_mean__P23142,0.026364468554062975,0.0
protein_npx__P41222,0.02635587589681604,0.0
lag1__protein_npx__P55290,0.02634868702451308,0.0
lag1__protein_npx__Q92520,0.026323742848543063,0.0
missing__protein_npx__Q9UKV8,0.026322341382549658,0.0
missing__peptide_mean__Q9UKV8,0.026322341382549658,0.0
missing__peptide_count__Q9UKV8,0.026322341382549658,0.0
missing__peptide_log__M(UniMod_35)ASGAANVVGPK,0.026288593098389403,0.0
slope1__protein_npx__P08253,0.026285393355277915,0.0
slope1__peptide_mean__Q6UXD5,0.02627316332281262,0.0
slope1__peptide_std__P00734,0.02625540370148522,0.0
peptide_count__P12109,0.026214825450778835,0.0
slope1__peptide_mean__O15240,0.026207172162410607,0.0
lag1__peptide_mean__P18065,0.02620404910262847,0.0
slope1__peptide_count__P30086,0.02619550816546582,0.0
protein_npx__Q13451,0.02618046976473478,0.0
delta1__peptide_std__P06396,0.026177292088056994,0.0
slope1__peptide_std__P06681,0.026172949304621433,0.0
lag1__peptide_log__SSQGGSLPSEEK,0.026169821299189218,0.0
slope1__peptide_std__O15240,0.026164839275000882,0.0
slope1__peptide_std__P02679,0.026151352826910956,0.0
delta1__peptide_std__P02766,0.02612032054808051,0.0
rollmean2__peptide_log__LC(UniMod_4)MGSGLNLC(UniMod_4)EPNNKEGYYGYTGAFR,0.026114265769700214,0.0
peptide_count__Q12907,0.026097321137444434,0.0
slope1__peptide_std__P02774,0.026069285069609024,0.0
slope1__peptide_mean__P19021,0.026029415719782668,0.0
delta1__peptide_mean__P07711,0.0260198600918675,0.0
lag1__peptide_mean__P05408,0.025975820114525747,0.0
peptide_std__P00738,0.025938873138835195,0.0
lag1__peptide_count__P09486,0.025936128657286832,0.0
slope1__protein_npx__P01594,0.025927884619383307,0.0
missing__peptide_log__SLAELGGHLDQQVEEFRR,0.025927330049541914,0.0
protein_npx__P02655,0.025915204546725044,0.0
rollmean2__peptide_std__P05060,0.025904916777627036,0.0
peptide_std__P02787,0.02588809093049839,0.0
slope1__peptide_mean__P01621,0.025885133064480478,0.0
protein_npx__P10645,0.025872774122390405,0.0
slope1__peptide_std__P05090,0.025870598852509273,0.0
peptide_count__P02774,0.02577829110289281,0.0
lag1__protein_npx__Q9NYU2,0.025775297569784125,0.0
rollmean2__peptide_mean__P02671,0.025762496309620166,0.0
delta1__peptide_count__Q14624,0.02576000631699095,0.0
rollmean2__peptide_log__DSGEGDFLAEGGGVR,0.02575202631210334,0.0
slope1__peptide_mean__P05067,0.02574664492827679,0.0
rollmean2__peptide_mean__P02647,0.02574205742275664,0.0
delta1__peptide_mean__P30086,0.025699832433468208,0.0
delta1__protein_npx__Q99832,0.025689518695034445,0.0
slope1__peptide_log__VGYVSGWGR,0.025689263502041808,0.0
protein_npx__Q562R1,0.02564556313473303,0.0
rollmean2__protein_npx__P61278,0.025640684004223226,0.0
slope1__peptide_mean__Q13449,0.025631197907390213,0.0
delta1__peptide_log__LFDSDPITVTVPVEVSR,0.025630876546932174,0.0
delta1__protein_npx__Q92520,0.02562765448879863,0.0
lag1__protein_npx__P24592,0.02562113472316967,0.0
slope1__protein_npx__P07333,0.02561771314885178,0.0
lag1__peptide_count__P17174,0.025611906118499873,0.0
peptide_count__P05452,0.025596608792144596,0.0
delta1__peptide_mean__P54289,0.0255809420232209,0.0
missing__peptide_mean__O00391,0.025571138198735965,0.0
missing__peptide_count__O00391,0.025571138198735965,0.0
missing__protein_npx__O00391,0.025571138198735965,0.0
peptide_std__P08697,0.02556922675283608,0.0
rollmean2__protein_npx__P07195,0.025549393404447444,0.0
rollmean2__peptide_std__P13611,0.025545307623872148,0.0
delta1__peptide_log__LGQSLDC(UniMod_4)NAEVYVVPWEK,0.02553560062915654,0.0
slope1__peptide_std__P07711,0.025527649362980406,0.0
lag1__peptide_count__P00736,0.02549972429712231,0.0
protein_npx__Q7Z5P9,0.02547666722681158,0.0
delta1__peptide_log__LSKELQAAQAR,0.02547165561034077,0.0
lag1__peptide_count__P98160,0.025464360274216464,0.0
peptide_count__P02753,0.025447449149617843,0.0
slope1__peptide_mean__P17174,0.025423158546674735,0.0
delta1__peptide_mean__P04217,0.025415886327125513,0.0
rollmean2__peptide_std__P10645,0.025409099240777763,0.0
delta1__peptide_log__GEVQAMLGQSTEELRVR,0.025406257706612194,0.0
lag1__protein_npx__P61769,0.025375196813305544,0.0
lag1__protein_npx__P43251,0.025373832705479694,0.0
lag1__peptide_mean__P00738,0.02537281397647946,0.0
slope1__peptide_count__P05090,0.02536948388663428,0.0
lag1__protein_npx__P07225,0.02536112527525692,0.0
protein_npx__P13671,0.025346064736999192,0.0
rollmean2__protein_npx__P00736,0.025342661895343264,0.0
delta1__peptide_std__P08571,0.025342540272213162,0.0
lag1__peptide_count__P00734,0.025335788811814412,0.0
lag1__protein_npx__P98160,0.025297254594397665,0.0
lag1__peptide_std__P01009,0.025287871806834127,0.0
protein_npx__Q15904,0.025260484994603705,0.0
missing__protein_npx__P06310,0.0252549747003529,0.0
missing__peptide_count__P06310,0.0252549747003529,0.0
missing__peptide_mean__P06310,0.0252549747003529,0.0
rollmean2__peptide_log__ELSSFIDKGQELC(UniMod_4)ADYSENTFTEYK,0.025253033304793934,0.0
delta1__protein_npx__P49908,0.025228331577514595,0.0
lag1__peptide_mean__P39060,0.02519243193535105,0.0
protein_npx__P02747,0.025182613068288468,0.0
delta1__peptide_std__P01859,0.025168569109277488,0.0
rollmean2__protein_npx__P60174,0.02511823982291248,0.0
delta1__protein_npx__P10909,0.02508763351792222,0.0
peptide_mean__Q12907,0.025079760039664455,0.0
peptide_abundance_max,0.025073136835594503,0.0
lag1__peptide_std__P10645,0.025052987565363054,0.0
rollmean2__protein_npx__P08133,0.025041526211313794,0.0
delta1__peptide_log__ATVNPSAPR,0.025030431255953518,0.0
rollmean2__protein_npx__P49908,0.025017257161397303,0.0
rollmean2__peptide_mean__P01717,0.02500934253760195,0.0
slope1__protein_npx__P08603,0.025003692810472784,0.0
peptide_mean__P05452,0.024992318102249292,0.0
delta1__peptide_count__P02649,0.024987360036711672,0.0
missing__peptide_log__LC(UniMod_4)MGSGLNLC(UniMod_4)EPNNKEGYYGYTGAFR,0.024976170295213776,0.0
protein_npx__P40925,0.024974026446721375,0.0
peptide_std__P43652,0.02497021417143701,0.0
delta1__peptide_std__P08294,0.024954717508884252,0.0
delta1__peptide_count__P05155,0.024941312261944737,0.0
delta1__peptide_mean__Q9UKV8,0.02493452053044681,0.0
peptide_log__LDEVKEQVAEVR,0.024930196049622978,0.0
lag1__peptide_log__LRTEGDGVYTLNNEKQWINK,0.02492305883236384,0.0
missing__peptide_std__P19652,0.024921014059961954,0.0
delta1__protein_npx__P13473,0.024916869136093756,0.0
slope1__peptide_count__P17174,0.024903224829140876,0.0
delta1__peptide_count__P01011,0.02489855072228295,0.0
protein_npx__P54289,0.02488567968780566,0.0
delta1__protein_npx__P12109,0.024881127017324003,0.0
delta1__peptide_count__P00751,0.024870658031173973,0.0
protein_npx__P01857,0.024870623633858533,0.0
peptide_mean__Q06481,0.02486221917350467,0.0
lag1__peptide_std__P01019,0.02485811632140204,0.0
protein_npx__P02750,0.024840524963292504,0.0
lag1__peptide_mean__P43652,0.024821203759016117,0.0
delta1__peptide_mean__P02763,0.024817610847546728,0.0
rollmean2__peptide_log__TKEEYGHSEVVEYYC(UniMod_4)NPR,0.024795848516907037,0.0
slope1__peptide_mean__O15394,0.02477745274623141,0.0
lag1__protein_npx__P02649,0.024776639709717132,0.0
missing__peptide_mean__P60174,0.02476138000384468,0.0
missing__peptide_count__P60174,0.02476138000384468,0.0
missing__protein_npx__P60174,0.02476138000384468,0.0
delta1__peptide_mean__P07602,0.02474431234057169,0.0
slope1__protein_npx__Q13740,0.024734476946811104,0.0
peptide_std__P10643,0.024730221772826893,0.0
missing__peptide_log__LGPLVEQGRVR,0.024713049108273766,0.0
peptide_count__P02748,0.024693218492914573,0.0
delta1__peptide_log__GEVQAMLGQSTEELR,0.024687385763284424,0.0
peptide_count__P07998,0.024658138339238533,0.0
missing__peptide_mean__P23083,0.024652998121578888,0.0
missing__protein_npx__P23083,0.024652998121578888,0.0
missing__peptide_count__P23083,0.024652998121578888,0.0
delta1__peptide_count__P01008,0.02462510379485203,0.0
slope1__peptide_log__SNSSM(UniMod_35)HITDC(UniMod_4)R,0.024595502916351236,0.0
lag1__peptide_std__P41222,0.02458570787995586,0.0
delta1__protein_npx__Q9HDC9,0.024570678953747534,0.0
protein_npx__P08603,0.024567662655633885,0.0
delta1__protein_npx__P14618,0.024553897576335304,0.0
peptide_count__P04004,0.02454540294663805,0.0
protein_npx__Q9NQ79,0.024544752122455906,0.0
slope1__protein_npx__Q14508,0.024535708862021888,0.0
slope1__peptide_mean__P09104,0.024486730421400583,0.0
delta1__protein_npx__Q96KN2,0.024485197819772736,0.0
missing__peptide_count__Q14118,0.024483337152328765,0.0
missing__peptide_mean__Q14118,0.024483337152328765,0.0
missing__protein_npx__Q14118,0.024483337152328765,0.0
peptide_log__QNC(UniMod_4)ELFEQLGEYK,0.024483270036669804,0.0
lag1__peptide_log__MASGAANVVGPK,0.02448067597923522,0.0
rollmean2__protein_missing_fraction,0.02447641258320886,0.0
rollmean2__protein_feature_count,0.024476412583208665,0.0
missing__peptide_log__LGQSLDC(UniMod_4)NAEVYVVPWEK,0.024464881499525463,0.0
protein_npx__P25311,0.024460523384072022,0.0
peptide_count__P01877,0.024457839792861355,0.0
slope1__peptide_mean__P31997,0.024443322594613952,0.0
lag1__protein_npx__P06681,0.024437495815492812,0.0
slope1__peptide_mean__P06310,0.024414959862375567,0.0
delta1__protein_feature_count,0.024410184134487034,0.0
delta1__protein_missing_fraction,0.02441018413448674,0.0
protein_npx__P10643,0.024406166002363328,0.0
delta1__peptide_std__P01023,0.024381569508247606,0.0
slope1__protein_npx__P41222,0.02437024266092021,0.0
protein_npx__P04211,0.02436776552951861,0.0
slope1__peptide_log__ELDESLQVAER,0.024354874794489924,0.0
delta1__protein_npx__P02747,0.02433994352404223,0.0
slope1__peptide_count__P41222,0.024321969730947142,0.0
rollmean2__protein_npx__Q99435,0.02431073578247258,0.0
slope1__peptide_mean__P61626,0.02430463578481074,0.0
slope1__protein_npx__P08637,0.02429018220934713,0.0
slope1__peptide_log__TLLSNLEEAKK,0.024288622412675306,0.0
rollmean2__peptide_log__AVLPTGDVIGDSAK,0.024282622888800464,0.0
rollmean2__peptide_count__P02749,0.02428175573150671,0.0
peptide_count__P02760,0.024265297471869885,0.0
lag1__peptide_mean__P02750,0.02424447721888158,0.0
delta1__peptide_log__FM(UniMod_35)ETVAEK,0.02423690519917226,0.0
protein_npx__P05067,0.024221541898363678,0.0
slope1__peptide_std__P16870,0.024221530233513658,0.0
missing__peptide_std__P05156,0.02422077985972956,0.0
rollmean2__peptide_mean__P07858,0.02419343483529169,0.0
slope1__peptide_count__Q9NQ79,0.02418266755878397,0.0
delta1__peptide_log__AATVGSLAGQPLQER,0.024164299800628036,0.0
delta1__protein_npx__O94919,0.02413803740286085,0.0
peptide_mean__P01621,0.02413292615945899,0.0
missing__peptide_log__NPDSSTTGPWC(UniMod_4)YTTDPTVR,0.024121921234804777,0.0
delta1__peptide_mean__P31997,0.024102538481144745,0.0
missing__peptide_log__TQVNTQAEQLRR,0.02410144721396245,0.0
delta1__protein_npx__Q8IWV7,0.02409895686815465,0.0
peptide_count__P05546,0.024094797668093446,0.0
lag1__peptide_mean__Q14515,0.024091764661167803,0.0
delta1__peptide_log__TKEEYGHSEVVEYYC(UniMod_4)NPR,0.024015248820218136,0.0
rollmean2__peptide_mean__P01621,0.024008599180475963,0.0
peptide_std__P02765,0.02399837527352063,0.0
lag1__peptide_std__P13591,0.02399707686907118,0.0
delta1__peptide_mean__P25311,0.023979327930925252,0.0
slope1__protein_npx__P02747,0.023959525449147083,0.0
delta1__peptide_log__SC(UniMod_4)DTPPPC(UniMod_4)PR,0.023944748923352133,0.0
delta1__peptide_count__P20774,0.023923554777978657,0.0
delta1__protein_npx__P17174,0.023921857792139692,0.0
rollmean2__protein_npx__P13671,0.023920732125381868,0.0
missing__protein_npx__P61626,0.023917773122898344,0.0
missing__peptide_mean__P61626,0.023917773122898344,0.0
missing__peptide_count__P61626,0.023917773122898344,0.0
slope1__peptide_count__P01023,0.023917422923617745,0.0
slope1__peptide_count__P02747,0.02388542415809456,0.0
lag1__protein_npx__P13521,0.023875101142084174,0.0
rollmean2__protein_npx__Q13283,0.02387154357394705,0.0
delta1__peptide_log__HYDGSYSTFGER,0.023870806081014436,0.0
protein_npx__Q99435,0.023867843813799333,0.0
rollmean2__peptide_std__P09486,0.023864451308993576,0.0
lag1__protein_npx__Q13451,0.02385996676923153,0.0
missing__peptide_count__Q13449,0.023849636457753426,0.0
missing__protein_npx__Q13449,0.023849636457753426,0.0
missing__peptide_mean__Q13449,0.023849636457753426,0.0
rollmean2__peptide_mean__P10451,0.023810079293110194,0.0
delta1__peptide_log__LGPLVEQGR,0.02380321697285884,0.0
delta1__peptide_log__YYWGGQYTWDMAK,0.023793666716248423,0.0
peptide_log__YVM(UniMod_35)LPVADQDQC(UniMod_4)IR,0.02378671418154388,0.0
missing__peptide_log__RLEGQEEEEDNRDSSMK,0.02377445758176968,0.0
slope1__peptide_count__P09486,0.02376536361225683,0.0
missing__peptide_log__VDSGNDVTDIADDGC(UniMod_4)PKPPEIAHGYVEHSVR,0.023695310426057256,0.0
rollmean2__peptide_mean__P07195,0.02369430903406654,0.0
delta1__protein_npx__Q14515,0.023675571387473768,0.0
rollmean2__protein_npx__P01023,0.023662306027193693,0.0
lag1__protein_npx__P10909,0.02365350002318193,0.0
slope1__peptide_count__P02774,0.0236442971348802,0.0
slope1__peptide_std__P02765,0.023628900605118547,0.0
rollmean2__protein_npx__P04217,0.0236229174453077,0.0
slope1__protein_npx__P00738,0.02360737820882189,0.0
peptide_mean__P13473,0.023606516841303313,0.0
delta1__peptide_count__P18065,0.02358565552419832,0.0
lag1__peptide_mean__P07339,0.023583803668798455,0.0
lag1__peptide_std__P05067,0.023580984482487004,0.0
delta1__peptide_mean__P27169,0.02357034132012166,0.0
rollmean2__has_previous_visit,0.023565825303360242,0.0
rollmean2__peptide_std__P51884,0.023565364465398385,0.0
rollmean2__peptide_std__P02774,0.02355993353482997,0.0
lag1__peptide_count__P01857,0.023553277282455334,0.0
lag1__peptide_log__VDNALQSGNSQESVTEQDSKDSTYSLSSTLTLSK,0.02352435661359644,0.0
lag1__peptide_mean__P01877,0.023523146217636244,0.0
slope1__peptide_count__P98160,0.023516842649064184,0.0
rollmean2__peptide_log__TVVQPSVGAAAGPVVPPC(UniMod_4)PGR,0.023503616113583193,0.0
rollmean2__peptide_log__M(UniMod_35)ASGAANVVGPK,0.023500310300197193,0.0
slope1__peptide_std__P05060,0.023468638819657356,0.0
rollmean2__protein_npx__P01594,0.023444204206446804,0.0
missing__peptide_std__Q12907,0.023440423731611246,0.0
delta1__protein_npx__P09871,0.023428042031959525,0.0
lag1__peptide_mean__P01780,0.02342323690866873,0.0
missing__peptide_std__P04075,0.02339316428010546,0.0
peptide_mean__P11277,0.023388022977453314,0.0
delta1__peptide_mean__P39060,0.02337271018921775,0.0
lag1__protein_npx__Q9UBR2,0.02336040192329468,0.0
delta1__protein_npx__Q08380,0.02334347993184371,0.0
rollmean2__peptide_mean__P04207,0.023328745110075,0.0
missing__peptide_count__P55290,0.0233207033073666,0.0
missing__peptide_mean__P55290,0.0233207033073666,0.0
missing__protein_npx__P55290,0.0233207033073666,0.0
delta1__peptide_std__P36955,0.023317511184420988,0.0
peptide_std__P07225,0.023316432996448568,0.0
lag1__protein_npx__P08637,0.023304947263193636,0.0
slope1__protein_npx__O14791,0.0232884376712534,0.0
peptide_count__P04075,0.02327938492394701,0.0
missing__peptide_log__C(UniMod_4)KPVNTFVHEPLVDVQNVC(UniMod_4)FQEK,0.023259448447992617,0.0
slope1__peptide_mean__P14314,0.023234962022832772,0.0
slope1__peptide_std__P04196,0.02323015707674973,0.0
protein_npx__P02760,0.023223892738277584,0.0
delta1__protein_npx__P01024,0.023190101797540934,0.0
slope1__peptide_count__P00450,0.023150626647227553,0.0
peptide_log__HYTNPSQDVTVPC(UniMod_4)PVPPPPPC(UniMod_4)C(UniMod_4)HPR,0.023147362099107307,0.0
rollmean2__protein_npx__P54289,0.023146730425392656,0.0
lag1__peptide_std__P02675,0.023143228768616096,0.0
missing__peptide_log__FLATTPNSLLVSWQPPR,0.023131659040286745,0.0
slope1__peptide_log__LSSWVLLM(UniMod_35)K,0.023125065298923483,0.0
delta1__peptide_std__P04217,0.023108259332934117,0.0
rollmean2__peptide_log__VMPIC(UniMod_4)LPSKDYAEVGR,0.02310104846310583,0.0
delta1__peptide_log__LRTEGDGVYTLNNEK,0.023091545555155715,0.0
peptide_mean__P01834,0.02307610963931044,0.0
lag1__peptide_std__P02763,0.023075330237507834,0.0
delta1__protein_npx__P10643,0.023067906041412536,0.0
rollmean2__protein_npx__P04275,0.023067355335150183,0.0
rollmean2__peptide_mean__O94919,0.02306328717006495,0.0
peptide_log__LSSWVLLM(UniMod_35)K,0.02305451395770742,0.0
delta1__peptide_count__P01877,0.02302603492787719,0.0
lag1__peptide_log__HYTNPSQDVTVPC(UniMod_4)PVPPPPPC(UniMod_4)C(UniMod_4)HPR,0.02300747655697631,0.0
slope1__peptide_count__P08697,0.02299231087113525,0.0
peptide_std__Q13740,0.022991093336241754,0.0
protein_npx__P08637,0.022989514919214242,0.0
slope1__peptide_std__Q92876,0.02298549387509544,0.0
slope1__protein_npx__P51884,0.022975688568483466,0.0
rollmean2__protein_npx__P27169,0.02295181595399912,0.0
rollmean2__protein_npx__Q562R1,0.022938241495853016,0.0
slope1__peptide_count__P27169,0.02292483833330201,0.0
peptide_log__SWFEPLVEDM(UniMod_35)QR,0.022911424697888327,0.0
slope1__peptide_count__P61769,0.022906794113781506,0.0
slope1__peptide_mean__P07195,0.02290402570744332,0.0
delta1__protein_npx__P02760,0.02290004852130302,0.0
lag1__peptide_log__TSAHGNVAEGETKPDPDVTER,0.02289228589373462,0.0
rollmean2__protein_npx__P43652,0.02286909207481347,0.0
delta1__peptide_mean__P01857,0.022863593866089486,0.0
lag1__protein_npx__Q8N2S1,0.02285912735725335,0.0
delta1__peptide_count__Q14118,0.022837716126092124,0.0
protein_npx__P16870,0.022828853806467313,0.0
rollmean2__peptide_count__P01008,0.02282175137336203,0.0
protein_npx__Q9Y646,0.022818066840843212,0.0
slope1__peptide_count__P43652,0.02281221280819761,0.0
slope1__protein_npx__P43251,0.02280049055281775,0.0
lag1__protein_npx__P01024,0.02278619049305058,0.0
slope1__peptide_log__KFPSGTFEQVSQLVK,0.022777529644664448,0.0
delta1__protein_npx__Q9BY67,0.022763715767873657,0.0
missing__peptide_mean__Q8NBJ4,0.02274950412291648,0.0
missing__protein_npx__Q8NBJ4,0.02274950412291648,0.0
missing__peptide_count__Q8NBJ4,0.02274950412291648,0.0
protein_npx__Q99969,0.022739648150993576,0.0
missing__protein_npx__Q12841,0.022728391997180117,0.0
missing__peptide_mean__Q12841,0.022728391997180117,0.0
missing__peptide_count__Q12841,0.022728391997180117,0.0
delta1__protein_npx__P04196,0.02272833961882438,0.0
slope1__peptide_mean__P10645,0.02272609916926124,0.0
lag1__peptide_std__P14618,0.022707801417276793,0.0
peptide_std__P04433,0.02270059674230759,0.0
slope1__protein_npx__O75144,0.022695828260024514,0.0
delta1__peptide_mean__P14618,0.022655814737475383,0.0
rollmean2__protein_npx__P24592,0.022647077745558866,0.0
lag1__peptide_mean__P08571,0.022644264389913862,0.0
rollmean2__protein_npx__P23142,0.022641198557148336,0.0
lag1__peptide_mean__P43251,0.022608266928046173,0.0
slope1__peptide_std__P25311,0.02260661631135236,0.0
peptide_mean__P01033,0.02260183812076489,0.0
peptide_log__TDASDVKPC(UniMod_4),0.022599723493301048,0.0
peptide_mean__Q13332,0.022583192263157487,0.0
delta1__peptide_mean__P61626,0.0225774583392069,0.0
slope1__peptide_mean__P08253,0.022566420680896527,0.0
slope1__peptide_count__P09871,0.022547638794636726,0.0
delta1__peptide_mean__P01717,0.022547018506653308,0.0
rollmean2__peptide_mean__P04217,0.02254288893741737,0.0
peptide_mean__P09104,0.0224955536447316,0.0
peptide_log__VGYVSGWGR,0.022494160296313244,0.0
delta1__peptide_log__NPDSSTTGPWC(UniMod_4)YTTDPTVR,0.02247680379818593,0.0
rollmean2__peptide_log__SLAELGGHLDQQVEEFRR,0.0224734041036651,0.0
peptide_mean__O15394,0.022457867194102397,0.0
lag1__protein_npx__P01857,0.022436098206430777,0.0
lag1__protein_npx__P16070,0.022403392665483416,0.0
rollmean2__peptide_log__HGGLYHENMR,0.022398369467511035,0.0
missing__peptide_std__P05546,0.022385562875307144,0.0
delta1__peptide_std__P04196,0.022375937539178707,0.0
missing__peptide_log__C(UniMod_4)TSTGWIPAPR,0.02237200431372133,0.0
rollmean2__protein_npx__Q16270,0.02236625096184697,0.0
delta1__peptide_mean__P16035,0.02233937840992048,0.0
lag1__peptide_mean__Q9NQ79,0.0223074271581864,0.0
missing__peptide_count__Q99969,0.02230141695705238,0.0
missing__peptide_mean__Q99969,0.02230141695705238,0.0
missing__protein_npx__Q99969,0.02230141695705238,0.0
delta1__peptide_mean__P13987,0.022246020582959148,0.0
rollmean2__peptide_mean__Q7Z5P9,0.022245302003564178,0.0
protein_npx__Q9HDC9,0.022232330199500074,0.0
protein_npx__P01621,0.022217422232552117,0.0
lag1__peptide_std__P36955,0.022157297616558685,0.0
delta1__protein_npx__P43121,0.02215542771489802,0.0
rollmean2__peptide_mean__Q7Z3B1,0.022150398759859823,0.0
lag1__peptide_log__NFPPSQDASGDLYTTSSQLTLPATQC(UniMod_4)LAGK,0.02213567348869803,0.0
lag1__peptide_count__P02675,0.022131232829122726,0.0
peptide_count__P13611,0.0221273147307824,0.0
rollmean2__peptide_std__O00533,0.022122370896327032,0.0
rollmean2__peptide_mean__Q13740,0.022113473335721716,0.0
peptide_mean__P08697,0.022090205575337665,0.0
rollmean2__peptide_abundance_std,0.02207157814523691,0.0
protein_npx__P19021,0.022052601654306885,0.0
slope1__protein_npx__Q9NQ79,0.022026475385412546,0.0
lag1__peptide_mean__Q08380,0.021996338436565635,0.0
delta1__peptide_std__P02647,0.021983761895414258,0.0
lag1__peptide_mean__Q7Z5P9,0.02198255122531352,0.0
rollmean2__protein_npx__P00734,0.021980214073804467,0.0
delta1__peptide_mean__P01008,0.021970178980910637,0.0
delta1__peptide_mean__P07195,0.021968733966882207,0.0
delta1__peptide_log__QQETAAAETETR,0.021948851144787975,0.0
rollmean2__peptide_std__Q9UHG2,0.02194679317321899,0.0
protein_npx__P49588,0.021933646071901135,0.0
slope1__peptide_log__C(UniMod_4)RDQLPYIC(UniMod_4)QFGIV,0.02193250729771654,0.0
slope1__peptide_count__P00747,0.021930673936842667,0.0
rollmean2__peptide_std__P30086,0.02190739848442957,0.0
peptide_std__P02452,0.02188154054054063,0.0
lag1__peptide_count__P39060,0.021877317350796514,0.0
peptide_mean__P24592,0.02186924381482013,0.0
peptide_log__QKVEPLRAELQEGAR,0.021860690431336937,0.0
slope1__protein_npx__P02652,0.0218533059143703,0.0
slope1__peptide_std__P14314,0.02184872678232576,0.0
rollmean2__peptide_count__P02774,0.021835423061862088,0.0
lag1__peptide_mean__P00746,0.021825058945761505,0.0
rollmean2__peptide_count__P51884,0.02181969079608532,0.0
rollmean2__protein_npx__Q7Z3B1,0.021779608426586817,0.0
rollmean2__peptide_mean__P09486,0.02177258062107858,0.0
rollmean2__protein_npx__P02679,0.02177211438596516,0.0
peptide_count__P01019,0.02175322198989607,0.0
delta1__protein_npx__P02656,0.02173515008545824,0.0
slope1__peptide_mean__P02766,0.021732661574615533,0.0
delta1__peptide_std__Q16610,0.021731183360162016,0.0
slope1__peptide_log__HYDGSYSTFGER,0.02172693803210547,0.0
lag1__protein_npx__P16035,0.02171657593457145,0.0
delta1__peptide_log__LRTEGDGVYTLNNEKQWINK,0.021710655773773117,0.0
slope1__peptide_std__P01877,0.021684600565804624,0.0
rollmean2__peptide_mean__P49908,0.02166631319836574,0.0
rollmean2__peptide_mean__Q96S96,0.021664538470690314,0.0
delta1__peptide_std__P05452,0.021624232933048923,0.0
delta1__protein_npx__P06727,0.02160725913005182,0.0
peptide_std__Q6UXB8,0.021606714599800705,0.0
delta1__protein_npx__P61626,0.021603943103225474,0.0
delta1__peptide_std__P25311,0.02159327413383672,0.0
delta1__peptide_mean__P43652,0.021573215116646807,0.0
rollmean2__peptide_log__MYYSAVDPTKDIFTGLIGPM(UniMod_35)K,0.02155999907805328,0.0
rollmean2__peptide_mean__P01859,0.02152892406244661,0.0
slope1__peptide_mean__P00748,0.021524239167997897,0.0
peptide_log__EILSVDC(UniMod_4)STNNPSQAK,0.021518829564597386,0.0
delta1__protein_npx__P00734,0.021500114452833455,0.0
slope1__protein_npx__P13987,0.021495857875921898,0.0
delta1__peptide_std__P01876,0.021487941082021608,0.0
rollmean2__current_medication_on,0.021460879685264264,0.0
slope1__protein_npx__P36980,0.021425398989219288,0.0
lag1__peptide_mean__P01019,0.02140414255423206,0.0
lag1__protein_npx__P02671,0.021381935971111453,0.0
peptide_log__SGELEQEEER,0.02137760051600281,0.0
rollmean2__peptide_mean__P07225,0.02136170912433215,0.0
peptide_log__VDNALQSGNSQESVTEQDSKDSTYSLSSTLTLSK,0.021347630871187077,0.0
slope1__peptide_count__P61916,0.02134655501358456,0.0
lag1__peptide_log__YVMLPVADQDQC(UniMod_4)IR,0.02133232936707334,0.0
rollmean2__peptide_std__P06396,0.02130689721678438,0.0
lag1__peptide_std__P25311,0.02130441719419325,0.0
delta1__peptide_log__KFPSGTFEQVSQLVK,0.02130431903779673,0.0
delta1__protein_npx__Q9Y6R7,0.02129650104448246,0.0
protein_npx__P05408,0.021293956007688547,0.0
lag1__protein_npx__Q06481,0.021271020361171265,0.0
rollmean2__peptide_log__VGYVSGWGR,0.021265146239409328,0.0
lag1__protein_npx__Q14508,0.02123071607265687,0.0
slope1__peptide_std__P00441,0.021215802047646705,0.0
delta1__peptide_mean__O00584,0.021198158650515813,0.0
slope1__peptide_log__VDSGNDVTDIADDGC(UniMod_4)PKPPEIAHGYVEHSVR,0.021175431699659207,0.0
delta1__peptide_mean__P19823,0.021168409553538502,0.0
peptide_std__P24592,0.021167577122912017,0.0
delta1__protein_npx__P02679,0.021140403018644352,0.0
slope1__peptide_log__TM(UniMod_35)LLQPAGSLGSYSYR,0.021130370049395837,0.0
slope1__protein_npx__P16152,0.021129557499814527,0.0
missing__peptide_std__Q06481,0.021117059470678556,0.0
delta1__protein_npx__P36955,0.02111545124317129,0.0
peptide_mean__Q99969,0.02110405000111666,0.0
rollmean2__protein_npx__Q13451,0.021102895673728504,0.0
slope1__peptide_log__C(UniMod_4)VDVDEC(UniMod_4)APPAEPC(UniMod_4)GK,0.021095282611307643,0.0
rollmean2__protein_npx__P01621,0.02109484437683698,0.0
peptide_count__P05060,0.02106976421998212,0.0
slope1__peptide_mean__P00736,0.02105931913985047,0.0
delta1__peptide_mean__Q99683,0.021043696682613355,0.0
delta1__protein_npx__P08123,0.021038343728310014,0.0
slope1__peptide_count__O14773,0.021014118123702796,0.0
slope1__peptide_log__C(UniMod_4)IIEVLSNALSK,0.021002250584179944,0.0
peptide_std__Q06481,0.020998135753890212,0.0
protein_npx__P02768,0.020998083546666522,0.0
peptide_count__P08294,0.02098405631216445,0.0
lag1__protein_npx__P02792,0.020983124446857376,0.0
lag1__peptide_count__P02647,0.020975821720135967,0.0
missing__peptide_log__AATGEC(UniMod_4)TATVGKR,0.02096703557676352,0.0
delta1__peptide_mean__Q16610,0.02096472191247408,0.0
lag1__peptide_log__ELSSFIDKGQELC(UniMod_4)ADYSENTFTEYK,0.020963961108191872,0.0
lag1__peptide_std__P01023,0.020956616550581213,0.0
delta1__peptide_count__Q12841,0.020940303950617533,0.0
lag1__protein_npx__P61916,0.020917093153357644,0.0
peptide_log__LAVYQAGAR,0.020912922241832003,0.0
delta1__peptide_mean__P02765,0.02090149733261199,0.0
lag1__peptide_std__P13611,0.020894652597634164,0.0
missing__peptide_count__P35542,0.020893324797935566,0.0
missing__protein_npx__P35542,0.020893324797935566,0.0
missing__peptide_mean__P35542,0.020893324797935566,0.0
slope1__peptide_mean__P49588,0.02088413590321997,0.0
delta1__peptide_std__P00441,0.020863867210391008,0.0
slope1__peptide_mean__P04211,0.020857700634259208,0.0
delta1__peptide_mean__Q92876,0.020850683757834516,0.0
lag1__protein_npx__P04275,0.020840263681206745,0.0
rollmean2__peptide_std__P09871,0.020813753572857637,0.0
peptide_log__YIVSGTPTFVPYLIK,0.02081344056784639,0.0
slope1__protein_npx__O94919,0.0207967163316841,0.0
rollmean2__protein_npx__P36222,0.02077258781534253,0.0
peptide_log__NPDPWAK,0.02077101209982025,0.0
rollmean2__peptide_mean__P00734,0.020739341247026772,0.0
lag1__peptide_mean__Q06481,0.020735056743450487,0.0
delta1__peptide_mean__Q15904,0.02073420118082095,0.0
rollmean2__peptide_count__P01034,0.020734081091576692,0.0
slope1__peptide_mean__P00734,0.02071547413912107,0.0
lag1__peptide_mean__P01023,0.02070866717325088,0.0
lag1__peptide_log__FNKPFVFLM(UniMod_35)IEQNTK,0.02069904346360145,0.0
protein_npx__O60888,0.020696237273533466,0.0
lag1__protein_npx__P07339,0.020691003360907092,0.0
peptide_mean__P02747,0.020691001879331032,0.0
delta1__peptide_std__P00746,0.020684046787969892,0.0
lag1__peptide_log__AEAQEAEDQQAR,0.02067815653650468,0.0
protein_npx__P24592,0.020678019378682227,0.0
slope1__peptide_mean__P00751,0.020674430763964656,0.0
slope1__peptide_count__Q06481,0.02066902338491736,0.0
peptide_count__P00738,0.020660904874157546,0.0
slope1__protein_npx__P10645,0.020656816630701985,0.0
delta1__protein_npx__P02671,0.020655502980552756,0.0
protein_npx__P04217,0.020654587048868,0.0
slope1__peptide_log__SGELEQEEER,0.020646960567258746,0.0
missing__peptide_count__Q15904,0.020639030609361043,0.0
missing__protein_npx__Q15904,0.020639030609361043,0.0
missing__peptide_mean__Q15904,0.020639030609361043,0.0
rollmean2__peptide_mean__P17936,0.020635322487465167,0.0
slope1__protein_npx__P36222,0.020634301762242714,0.0
slope1__peptide_mean__P00441,0.020600708357590494,0.0
rollmean2__protein_npx__P02749,0.02059107283895801,0.0
rollmean2__peptide_log__QNC(UniMod_4)ELFEQLGEYK,0.020551300093328527,0.0
lag1__peptide_log__LQAEAFQAR,0.020542574999638474,0.0
lag1__peptide_count__P01009,0.0205387536145982,0.0
slope1__peptide_mean__P02763,0.02049982991437666,0.0
peptide_count__P20774,0.02049341833019683,0.0
slope1__peptide_mean__P16070,0.020473982106448955,0.0
slope1__peptide_count__P02647,0.02045463268747997,0.0
rollmean2__peptide_count__Q96KN2,0.02044413533967885,0.0
missing__peptide_log__LRTEGDGVYTLNNEKQWINK,0.020436924510522564,0.0
slope1__peptide_mean__P06454,0.020429109131755177,0.0
missing__peptide_std__O14773,0.020425739425254087,0.0
protein_npx__Q14118,0.020414897062185675,0.0
rollmean2__peptide_log__DSGFQM(UniMod_35)NQLR,0.020404985140245052,0.0
missing__peptide_log__ELDESLQVAER,0.02039719219818045,0.0
delta1__peptide_mean__Q13283,0.020375503425311216,0.0
lag1__protein_npx__P07998,0.020362541018117693,0.0
lag1__peptide_std__P23142,0.020353841436097017,0.0
slope1__peptide_mean__Q12907,0.020326200981781405,0.0
delta1__peptide_count__P04075,0.02030538916175618,0.0
delta1__protein_npx__P04004,0.02029022765256752,0.0
lag1__peptide_count__P02748,0.020289808617839755,0.0
rollmean2__peptide_log__TSPVDEKALQDQLVLVAAK,0.020286834221698576,0.0
rollmean2__peptide_std__P08697,0.020286295331047546,0.0
rollmean2__peptide_log__EDSLEAGLPLQVR,0.02027149974266673,0.0
delta1__peptide_log__WELALGR,0.02026884233853341,0.0
lag1__protein_npx__P02747,0.020262186731127806,0.0
lag1__peptide_mean__P04156,0.020229153771133143,0.0
delta1__peptide_count__P02749,0.020225653032672108,0.0
slope1__peptide_std__P55290,0.020208217076353167,0.0
rollmean2__peptide_std__P07998,0.020177906085381933,0.0
missing__peptide_log__WELALGR,0.020170509116873733,0.0
slope1__peptide_log__YIVSGTPTFVPYLIK,0.0201630238046262,0.0
delta1__protein_npx__Q9Y646,0.020162661848229586,0.0
delta1__peptide_mean__P05452,0.020160266466462122,0.0
slope1__peptide_mean__P01608,0.02015927389964791,0.0
delta1__peptide_count__O15394,0.02015843458398985,0.0
peptide_count__P09871,0.02015784055619148,0.0
lag1__peptide_mean__Q13740,0.02015408519793898,0.0
slope1__peptide_std__P43652,0.020151223566028366,0.0
peptide_mean__P08637,0.020138316610431212,0.0
rollmean2__peptide_std__P07602,0.02012661145290212,0.0
peptide_std__P02766,0.020099276593137858,0.0
slope1__peptide_mean__Q9NYU2,0.020097038607438916,0.0
delta1__peptide_log__VQAAVGTSAAPVPSDNH,0.020091972272748646,0.0
missing__peptide_std__P08493,0.020064867176004125,0.0
rollmean2__peptide_log__QWAGLVEK,0.020059677989002773,0.0
lag1__peptide_count__P41222,0.020058645712701446,0.0
missing__protein_npx__P27169,0.020052365236273642,0.0
missing__peptide_count__P27169,0.020052365236273642,0.0
missing__peptide_mean__P27169,0.020052365236273642,0.0
lag1__peptide_mean__P01857,0.02005215680009147,0.0
delta1__peptide_log__AKLEEQAQQIR,0.020046971388833868,0.0
missing__peptide_log__MYYSAVDPTKDIFTGLIGPM(UniMod_35)K,0.020026759562538056,0.0
rollmean2__peptide_mean__P16152,0.020007246396027897,0.0
rollmean2__peptide_log__SC(UniMod_4)SPELQQK,0.020007246396027897,0.0
delta1__peptide_mean__P04180,0.020002130074215013,0.0
rollmean2__protein_npx__P41222,0.02000121741729071,0.0
lag1__peptide_std__P01877,0.019997945792222954,0.0
protein_npx__P01033,0.01999450227732332,0.0
peptide_mean__P04207,0.019986338546480402,0.0
rollmean2__peptide_log__FM(UniMod_35)ETVAEK,0.019985277519258975,0.0
rollmean2__peptide_count__Q92520,0.019984983354972393,0.0
slope1__protein_npx__P23083,0.01996065370700563,0.0
lag1__peptide_count__P02649,0.019956184630080087,0.0
lag1__peptide_log__RLEGQEEEEDNRDSSMK,0.019954267003212196,0.0
lag1__peptide_mean__P27169,0.019905442179910224,0.0
rollmean2__peptide_count__P98160,0.019896001037464812,0.0
lag1__protein_npx__P04211,0.019885388306609218,0.0
delta1__peptide_log__EDSLEAGLPLQVR,0.01988036661150507,0.0
slope1__peptide_std__O00533,0.01987382787960297,0.0
lag1__peptide_log__NPDSSTTGPWC(UniMod_4)YTTDPTVR,0.019866630486937813,0.0
rollmean2__peptide_std__P27169,0.019844059243183932,0.0
slope1__peptide_count__P51884,0.019838448875115617,0.0
slope1__peptide_log__ELSSFIDKGQELC(UniMod_4)ADYSENTFTEYK,0.0198380354525543,0.0
delta1__peptide_count__P07339,0.01981050940043447,0.0
rollmean2__peptide_mean__O14773,0.01980737691764707,0.0
peptide_log__LEGQEEEEDNRDSSMK,0.019799980933755387,0.0
delta1__peptide_mean__P18065,0.019794246434928973,0.0
lag1__protein_npx__P09486,0.019794099006247387,0.0
lag1__peptide_mean__P09486,0.019764101829037588,0.0
slope1__peptide_mean__P27169,0.01976159717279207,0.0
peptide_std__O94919,0.019755701954435677,0.0
delta1__peptide_mean__O00533,0.01974451632238725,0.0
missing__peptide_std__Q14624,0.019743296250884345,0.0
slope1__protein_npx__P16035,0.01970913202212045,0.0
rollmean2__peptide_mean__P02655,0.019698986737376207,0.0
delta1__peptide_mean__P05060,0.01966043256894186,0.0
peptide_mean__P05408,0.019652921691601495,0.0
rollmean2__peptide_std__P05546,0.01964338229937317,0.0
slope1__peptide_std__P36955,0.019641424932389732,0.0
lag1__peptide_mean__P14618,0.019637003991401843,0.0
lag1__peptide_std__P02747,0.019631660160383875,0.0
rollmean2__peptide_mean__Q6UXD5,0.019625080526739745,0.0
missing__peptide_count__P13611,0.019609187415711507,0.0
missing__peptide_mean__P13611,0.019609187415711507,0.0
missing__protein_npx__P13611,0.019609187415711507,0.0
slope1__peptide_mean__Q9BY67,0.019591742704436314,0.0
peptide_log__TKEEYGHSEVVEYYC(UniMod_4)NPR,0.01958397576583956,0.0
protein_npx__P09871,0.019549338856053623,0.0
missing__peptide_count__P30086,0.01952859151096667,0.0
missing__peptide_mean__P30086,0.01952859151096667,0.0
missing__protein_npx__P30086,0.01952859151096667,0.0
lag1__protein_npx__P02675,0.019513144663146933,0.0
slope1__protein_npx__P04196,0.019501438856665693,0.0
delta1__protein_npx__P14174,0.01950054981101639,0.0
lag1__peptide_std__P00441,0.019491617395712976,0.0
slope1__protein_npx__P02748,0.01949049842681688,0.0
slope1__protein_npx__P02787,0.019481497947200492,0.0
slope1__protein_npx__P17174,0.019479106336010323,0.0
lag1__peptide_mean__P01031,0.019477089703598214,0.0
lag1__peptide_count__Q6UXB8,0.019465209433049014,0.0
delta1__peptide_mean__P04196,0.01944112123506534,0.0
rollmean2__peptide_log__GEVQAMLGQSTEELRVR,0.019416751323752993,0.0
delta1__peptide_mean__P19021,0.01941435415474763,0.0
missing__peptide_mean__P08133,0.019412609888287437,0.0
missing__peptide_count__P08133,0.019412609888287437,0.0
missing__protein_npx__P08133,0.019412609888287437,0.0
peptide_std__P18065,0.019408596270249583,0.0
lag1__protein_npx__Q96S96,0.019407936620859118,0.0
delta1__peptide_std__P02749,0.01940344200179595,0.0
slope1__peptide_mean__Q8NBJ4,0.019396213081404688,0.0
delta1__peptide_count__P43652,0.019391806302941447,0.0
visit_index,0.019388900593756028,0.0
slope1__peptide_mean__P04196,0.019370266094058047,0.0
peptide_count__P51884,0.019370133226329658,0.0
rollmean2__peptide_std__P55290,0.019361852453565184,0.0
slope1__protein_npx__Q99435,0.019360350450684884,0.0
peptide_mean__O75326,0.01934555392641604,0.0
peptide_mean__O14791,0.01933791955435336,0.0
lag1__peptide_std__P02679,0.019328006241530457,0.0
slope1__protein_npx__P32754,0.019300496937452404,0.0
slope1__peptide_mean__P02787,0.019275473427300818,0.0
protein_npx__P02748,0.019275379234996688,0.0
delta1__protein_npx__P01717,0.019267958933252838,0.0
slope1__protein_npx__P00748,0.019267402481055917,0.0
rollmean2__peptide_count__Q14118,0.01926427520293686,0.0
missing__months_since_prev_visit,0.019261151858590314,0.0
has_previous_visit,0.019261151858590314,0.0
peptide_mean__P10451,0.01925615102461584,0.0
rollmean2__peptide_mean__P61626,0.019246525033116472,0.0
slope1__peptide_log__LSNENHGIAQR,0.01922428610051073,0.0
protein_npx__P05090,0.01922318188537189,0.0
slope1__protein_npx__P61769,0.019184223939915493,0.0
delta1__peptide_mean__P01042,0.01916817311050801,0.0
lag1__peptide_std__P02765,0.019166667041185092,0.0
lag1__peptide_count__Q9NQ79,0.019163180591329602,0.0
delta1__peptide_count__P02452,0.01913793856292824,0.0
slope1__peptide_std__P02452,0.01912435237897166,0.0
rollmean2__peptide_mean__P01344,0.019122223351379333,0.0
peptide_count__P02671,0.01911135862465991,0.0
lag1__peptide_mean__P07333,0.01910816293670001,0.0
peptide_std__O14773,0.01908222893685754,0.0
protein_missing_fraction,0.019077237023957392,0.0
protein_feature_count,0.019077237023957156,0.0
delta1__peptide_mean__Q96KN2,0.019072154529167617,0.0
lag1__peptide_mean__P14174,0.019072050918983376,0.0
delta1__peptide_mean__P14314,0.019062070939136574,0.0
peptide_mean__P07858,0.0190563050342703,0.0
delta1__peptide_count__P17174,0.019054388755712394,0.0
peptide_mean__O00391,0.019043696032091988,0.0
delta1__peptide_mean__Q99674,0.01904243670649978,0.0
rollmean2__peptide_mean__P08697,0.019025416068400282,0.0
peptide_std__P02768,0.01902367187685467,0.0
protein_npx__P08133,0.019018073154835533,0.0
slope1__protein_npx__Q9UNU6,0.019005674299008603,0.0
protein_npx__P07195,0.019004657942224536,0.0
rollmean2__protein_npx__P06396,0.018989174747872407,0.0
lag1__peptide_std__P24592,0.01898790516821714,0.0
slope1__peptide_std__P00738,0.018978331719160565,0.0
lag1__protein_npx__O75144,0.018956365919318232,0.0
peptide_count__P02656,0.01895210737521078,0.0
slope1__peptide_std__P02675,0.01892932419361212,0.0
delta1__peptide_std__P00748,0.018908098746350462,0.0
delta1__peptide_mean__Q562R1,0.01889781937948724,0.0
slope1__peptide_mean__P02768,0.01889484304818753,0.0
rollmean2__peptide_mean__P02749,0.018883428814407525,0.0
lag1__protein_npx__P08571,0.018874506125427813,0.0
delta1__protein_npx__Q16270,0.018872730839457827,0.0
rollmean2__peptide_log__LDEVKEQVAEVR,0.01885857066953292,0.0
rollmean2__peptide_std__Q9NQ79,0.01885539953589978,0.0
peptide_mean__P02655,0.018852913191287818,0.0
rollmean2__peptide_mean__P51884,0.018835028436027326,0.0
lag1__peptide_count__P18065,0.018817144858158146,0.0
slope1__peptide_std__P04433,0.018814220477893145,0.0
delta1__protein_npx__P07998,0.018810938251073613,0.0
slope1__protein_npx__O00584,0.018778879106872468,0.0
rollmean2__peptide_std__P04075,0.018775566154603317,0.0
rollmean2__protein_npx__P02768,0.018763289709292127,0.0
delta1__protein_npx__Q06481,0.0187406285869068,0.0
delta1__peptide_mean__P02766,0.018738010716624412,0.0
delta1__peptide_log__LSNENHGIAQR,0.01872494721999405,0.0
slope1__peptide_log__VYC(UniMod_4)DMNTENGGWTVIQNR,0.01871440653457086,0.0
rollmean2__peptide_log__ALGISPFHEHAEVVFTANDSGPR,0.01862459837237558,0.0
peptide_mean__Q9UHG2,0.018614886052359003,0.0
delta1__peptide_log__ALGISPFHEHAEVVFTANDSGPR,0.018603044879660472,0.0
rollmean2__peptide_log__FLATTPNSLLVSWQPPR,0.01858246227385489,0.0
peptide_mean__P07998,0.01857342570779352,0.0
lag1__protein_npx__Q562R1,0.018572226922765646,0.0
missing__peptide_log__ILTC(UniMod_4)M(UniMod_35)QGMEEIR,0.018570665782881825,0.0
missing__peptide_mean__Q8IWV7,0.018570665782881825,0.0
missing__protein_npx__Q8IWV7,0.018570665782881825,0.0
missing__peptide_count__Q8IWV7,0.018570665782881825,0.0
delta1__peptide_log__SELEEQLTPVAEETR,0.018566830448002208,0.0
lag1__peptide_mean__Q92823,0.0185662309209287,0.0
slope1__peptide_mean__P12109,0.018556332632694943,0.0
rollmean2__protein_npx__O00584,0.01855386008377049,0.0
slope1__peptide_mean__Q13332,0.018546310394434933,0.0
delta1__peptide_count__P02763,0.018537369372795147,0.0
rollmean2__peptide_count__P30086,0.018536844593147594,0.0
protein_npx__P01009,0.018534715144633906,0.0
slope1__protein_npx__P02655,0.01850760617369162,0.0
slope1__peptide_abundance_mean,0.01849775157027124,0.0
peptide_mean__P04180,0.018469779589089116,0.0
lag1__protein_npx__P01042,0.01846072703230348,0.0
peptide_log__VQAAVGTSAAPVPSDNH,0.01845052603294099,0.0
rollmean2__peptide_std__P16070,0.018448186071787356,0.0
peptide_count__P36955,0.018439858162282458,0.0
missing__peptide_std__P01860,0.018417723748661925,0.0
lag1__protein_npx__Q13332,0.018416566789925128,0.0
peptide_std__P05060,0.01840996008617457,0.0
slope1__protein_npx__Q9NYU2,0.018409150538896395,0.0
rollmean2__peptide_mean__P02656,0.018407528189412978,0.0
protein_npx__P43121,0.01840679864863117,0.0
protein_npx__Q99674,0.018396030604563754,0.0
delta1__peptide_mean__P09871,0.01837069268501846,0.0
slope1__peptide_std__P01876,0.018353392060531208,0.0
rollmean2__protein_npx__P00751,0.018347506045421822,0.0
slope1__peptide_log__LQAEAFQAR,0.01833804391423256,0.0
delta1__months_since_baseline,0.018325995323047285,0.0
months_since_prev_visit,0.018325995323047285,0.0
delta1__peptide_count__P30086,0.01832513411373142,0.0
rollmean2__protein_npx__P08637,0.0183204723750529,0.0
peptide_count__P01834,0.018309572063790438,0.0
protein_npx__P14618,0.01830540160321155,0.0
rollmean2__peptide_std__P05452,0.018296333275403472,0.0
rollmean2__peptide_mean__P01024,0.018293062070144812,0.0
rollmean2__visit_index,0.018291963788727692,0.0
lag1__protein_npx__P19021,0.01826793622902658,0.0
delta1__protein_npx__P02787,0.01825432775172704,0.0
missing__peptide_log__ATVNPSAPR,0.018238953188676212,0.0
slope1__peptide_mean__P35542,0.01823757622613366,0.0
lag1__peptide_mean__Q9Y646,0.018220469651132727,0.0
delta1__protein_npx__P20933,0.0182124418533084,0.0
slope1__peptide_log__YVMLPVADQDQC(UniMod_4)IR,0.018210231700966178,0.0
slope1__peptide_mean__P08637,0.01820936967105557,0.0
peptide_count__Q14624,0.018202310431313155,0.0
delta1__peptide_mean__P23083,0.018200629839576647,0.0
delta1__peptide_std__P04433,0.01819947906114735,0.0
delta1__protein_npx__O14791,0.018198494201949526,0.0
slope1__peptide_count__P01876,0.018195005901765725,0.0
missing__peptide_std__P02656,0.018181208085482757,0.0
slope1__peptide_std__P02647,0.018174783829999954,0.0
peptide_log__VQPYLDDFQKK,0.01817378851960446,0.0
slope1__peptide_log__MASGAANVVGPK,0.018171467132888978,0.0
rollmean2__protein_npx__P10645,0.01814856148143735,0.0
slope1__peptide_mean__P11142,0.01814780027893948,0.0
protein_npx__P55290,0.01814014789468432,0.0
delta1__peptide_log__NFPPSQDASGDLYTTSSQLTLPATQC(UniMod_4)LAGK,0.0181294505492081,0.0
peptide_log__LSNENHGIAQR,0.018114547289024445,0.0
rollmean2__peptide_log__C(UniMod_4)VDVDEC(UniMod_4)APPAEPC(UniMod_4)GK,0.018105915591369127,0.0
rollmean2__peptide_count__P00450,0.018105005070440276,0.0
lag1__peptide_log__LEGQEEEEDNRDSSMK,0.018104561678044237,0.0
delta1__peptide_mean__P01024,0.018102490083695126,0.0
rollmean2__peptide_log__VC(UniMod_4)PFAGILENGAVR,0.01809326799154666,0.0
slope1__peptide_count__P01034,0.018079768603261465,0.0
lag1__peptide_mean__O75326,0.018068040024099327,0.0
protein_npx__P27169,0.01806213676909806,0.0
delta1__peptide_mean__P08637,0.0180572561655649,0.0
peptide_abundance_std,0.01804591386396956,0.0
slope1__peptide_count__P01859,0.018043877922509242,0.0
delta1__peptide_log__AATGEC(UniMod_4)TATVGKR,0.01804018401612033,0.0
delta1__peptide_mean__Q7Z3B1,0.018025838496334795,0.0
rollmean2__protein_npx__P01857,0.01801713868830377,0.0
rollmean2__peptide_count__P01834,0.01801702415302188,0.0
lag1__peptide_std__P01034,0.018011883870463558,0.0
peptide_log__C(UniMod_4)IIEVLSNALSK,0.01799957390497204,0.0
lag1__peptide_std__P08571,0.01798649177573418,0.0
peptide_std__P55290,0.017968108802989647,0.0
slope1__peptide_mean__P60174,0.017953907124629444,0.0
rollmean2__protein_npx__P01009,0.01793444767863744,0.0
delta1__peptide_std__P55290,0.017900968372382076,0.0
peptide_log__SC(UniMod_4)DTPPPC(UniMod_4)PR,0.017892533149126335,0.0
slope1__peptide_std__P23142,0.01788253717538703,0.0
peptide_mean__P08294,0.01784393306122417,0.0
rollmean2__peptide_log__QIGSVYR,0.017837767344372178,0.0
delta1__peptide_count__P00746,0.017821824040777045,0.0
delta1__peptide_mean__P09104,0.017811458256342748,0.0
slope1__peptide_mean__P02760,0.017809519915381156,0.0
peptide_std__P08571,0.017806741047168503,0.0
lag1__peptide_count__Q06481,0.01779447807749334,0.0
delta1__peptide_mean__P01009,0.01779245597502826,0.0
rollmean2__peptide_mean__Q99832,0.017774237201446084,0.0
rollmean2__peptide_log__C(UniMod_4)REILSVDC(UniMod_4)STNNPSQAK,0.017766203835196625,0.0
lag1__protein_npx__P12109,0.01776565280550449,0.0
peptide_mean__P60174,0.0177653012642754,0.0
delta1__peptide_log__TQVNTQAEQLRR,0.017764699330614902,0.0
peptide_mean__P05155,0.017740922440341186,0.0
lag1__peptide_mean__P02675,0.01772592880372576,0.0
rollmean2__protein_npx__Q12841,0.0177256538629778,0.0
delta1__peptide_count__P02679,0.017722233284051266,0.0
delta1__peptide_std__P43121,0.017714942970425977,0.0
delta1__protein_npx__P61916,0.01770626156188729,0.0
delta1__peptide_log__TSPVDEKALQDQLVLVAAK,0.017703685071825008,0.0
lag1__peptide_std__Q08380,0.017685751146882367,0.0
peptide_count__P01857,0.017684203047360698,0.0
rollmean2__peptide_mean__Q99683,0.01768256122450703,0.0
slope1__peptide_mean__O14773,0.017672640552947896,0.0
lag1__peptide_mean__P23142,0.017645682334292694,0.0
delta1__peptide_mean__Q96PD5,0.01763357086658987,0.0
rollmean2__peptide_mean__P02766,0.01761716951705831,0.0
slope1__peptide_mean__P61769,0.017614666851525088,0.0
rollmean2__peptide_mean__Q8N2S1,0.017609667759494897,0.0
slope1__peptide_mean__P10643,0.017597806719620634,0.0
lag1__peptide_mean__Q14624,0.017586021197608413,0.0
lag1__peptide_log__MTVTDQVNC(UniMod_4)PK,0.017578948872415946,0.0
delta1__peptide_count__P00747,0.017571185176231446,0.0
rollmean2__peptide_mean__P14314,0.017550048294726738,0.0
slope1__peptide_std__P07225,0.0175368527979306,0.0
delta1__protein_npx__P00748,0.017532965295764667,0.0
rollmean2__peptide_count__P02751,0.01752988039906981,0.0
delta1__peptide_std__P02787,0.017526174876973225,0.0
missing__peptide_count__P11277,0.01752457732518837,0.0
missing__peptide_mean__P11277,0.01752457732518837,0.0
missing__protein_npx__P11277,0.01752457732518837,0.0
slope1__protein_npx__P25311,0.017520657565521635,0.0
slope1__protein_npx__Q08380,0.01751339501402825,0.0
slope1__peptide_mean__P08123,0.017512150433080288,0.0
slope1__peptide_mean__P32754,0.017510102083790658,0.0
delta1__protein_npx__P01860,0.017482358429588445,0.0
delta1__peptide_mean__P08294,0.017479781259788794,0.0
slope1__protein_npx__Q02818,0.01747182232415047,0.0
lag1__peptide_std__P00736,0.017458293593377427,0.0
rollmean2__peptide_mean__P01594,0.01745098483870012,0.0
lag1__peptide_count__P27169,0.01744913040814322,0.0
rollmean2__peptide_std__P18065,0.017448049385051404,0.0
slope1__protein_npx__Q9Y6R7,0.017444303039523493,0.0
delta1__protein_npx__Q96S96,0.01743651122073271,0.0
delta1__peptide_std__P41222,0.017420349719879626,0.0
lag1__peptide_std__P14314,0.017418263763294847,0.0
slope1__peptide_log__KAADDTWEPFASGK,0.01740554526171121,0.0
rollmean2__peptide_std__P05090,0.017389851699242263,0.0
delta1__peptide_log__YVM(UniMod_35)LPVADQDQC(UniMod_4)IR,0.01736652580977758,0.0
delta1__peptide_count__Q9Y6R7,0.01736078237211488,0.0
peptide_count__P10645,0.01734543494571245,0.0
peptide_log__GSPAINVAVHVFRK,0.017343688835018203,0.0
peptide_count__P04196,0.017335982759980023,0.0
slope1__peptide_std__P00751,0.017331809257838577,0.0
lag1__peptide_log__SGEATDGARPQALPEPMQESK,0.017330635064965762,0.0
slope1__peptide_mean__P01019,0.017323349176841404,0.0
rollmean2__peptide_mean__P19021,0.01732083037018473,0.0
lag1__protein_npx__Q12907,0.01731860143523596,0.0
peptide_mean__P00734,0.017315997085305773,0.0
peptide_count__P02649,0.017311216072349016,0.0
protein_npx__P23083,0.017301007787547285,0.0
delta1__peptide_mean__O14773,0.017287422596556794,0.0
peptide_mean__P01594,0.017279341895416387,0.0
rollmean2__peptide_mean__P16035,0.017271794696536797,0.0
peptide_mean__P02765,0.017270303627280992,0.0
lag1__peptide_mean__P01024,0.017267946774643172,0.0
protein_npx__P13591,0.017266232759613163,0.0
rollmean2__peptide_mean__P13473,0.017263637454326037,0.0
rollmean2__peptide_count__Q12841,0.017257371587569438,0.0
rollmean2__protein_npx__P43251,0.017254374578897298,0.0
delta1__peptide_std__Q14118,0.01723994773489861,0.0
rollmean2__peptide_std__Q14515,0.01723576895541062,0.0
protein_npx__P04075,0.017225293500771517,0.0
lag1__peptide_log__AVLPTGDVIGDSAK,0.017202404557965203,0.0
missing__peptide_log__SSQGGSLPSEEK,0.017200335698604814,0.0
rollmean2__peptide_log__AYKSELEEQLTPVAEETR,0.01719742178723775,0.0
delta1__peptide_mean__P01860,0.01719545631678243,0.0
delta1__peptide_count__P00736,0.017181547335924023,0.0
peptide_mean__P01024,0.01716746592489587,0.0
delta1__peptide_std__Q9Y6R7,0.01714272579572784,0.0
lag1__peptide_mean__P23083,0.017139952896482295,0.0
rollmean2__protein_npx__P05546,0.017137072716395182,0.0
rollmean2__peptide_mean__P11142,0.017136666855810306,0.0
slope1__peptide_mean__Q96S96,0.017124486475905174,0.0
slope1__protein_npx__P05546,0.01711690428265096,0.0
missing__peptide_std__P00748,0.017109873468002565,0.0
rollmean2__peptide_count__P55290,0.017090070792481683,0.0
rollmean2__peptide_std__P02765,0.017084291813240598,0.0
delta1__peptide_mean__P07858,0.017076526889658522,0.0
slope1__protein_npx__P24592,0.017066936976541127,0.0
lag1__protein_npx__P01833,0.01706536407331286,0.0
delta1__peptide_count__P10643,0.017063685020346483,0.0
slope1__peptide_log__WELALGR,0.017063624338049446,0.0
slope1__peptide_log__DASGVTFTWTPSSGK,0.01706181505493904,0.0
slope1__protein_npx__P01042,0.017033870161529033,0.0
rollmean2__peptide_std__Q96KN2,0.01702661496652931,0.0
delta1__peptide_std__P07339,0.017024408393367052,0.0
rollmean2__peptide_log__AKLEEQAQQIR,0.017022442448653332,0.0
rollmean2__peptide_std__P00736,0.017003876325003008,0.0
slope1__protein_npx__Q13449,0.01696361828580683,0.0
lag1__peptide_mean__P01591,0.01694209792837295,0.0
peptide_count__Q92876,0.01692570260428164,0.0
slope1__peptide_count__P14618,0.016925150262278078,0.0
rollmean2__peptide_log__QQETAAAETETR,0.016915580987285607,0.0
rollmean2__peptide_mean__Q96KN2,0.016896312178214926,0.0
delta1__protein_npx__P16152,0.016888958764014212,0.0
delta1__protein_npx__O43505,0.016886040256808364,0.0
delta1__peptide_mean__P16870,0.01686472535497261,0.0
lag1__protein_npx__P39060,0.016842256229104277,0.0
delta1__peptide_count__P08571,0.016842177220217282,0.0
missing__peptide_mean__P40925,0.016839657873898115,0.0
missing__peptide_count__P40925,0.016839657873898115,0.0
missing__protein_npx__P40925,0.016839657873898115,0.0
delta1__protein_npx__P08493,0.0168390198476622,0.0
slope1__protein_npx__P02647,0.016831994159483797,0.0
lag1__peptide_mean__Q12907,0.01682569050068528,0.0
rollmean2__peptide_mean__P00450,0.01682135424883958,0.0
delta1__protein_npx__Q8N2S1,0.016794370898946108,0.0
rollmean2__peptide_log__LAVYQAGAR,0.016793115289716384,0.0
slope1__protein_npx__Q96KN2,0.016783988896401186,0.0
delta1__peptide_std__P01834,0.016775310052494073,0.0
delta1__protein_npx__P01780,0.01676740287010057,0.0
protein_npx__P08493,0.016750923527779668,0.0
slope1__protein_npx__P10909,0.016734985414430765,0.0
lag1__peptide_count__P02787,0.01671741275471974,0.0
delta1__peptide_mean__Q96BZ4,0.01671243904652844,0.0
missing__peptide_count__P49588,0.016711852858252076,0.0
missing__protein_npx__P49588,0.016711852858252076,0.0
missing__peptide_mean__P49588,0.016711852858252076,0.0
rollmean2__peptide_std__P02647,0.01668607428147585,0.0
lag1__peptide_count__P04075,0.016681417959279445,0.0
protein_npx__P01023,0.016660625821827604,0.0
slope1__peptide_count__O15240,0.01665861620126686,0.0
delta1__peptide_count__P04217,0.016649678440129292,0.0
lag1__peptide_mean__P08697,0.016647926003148152,0.0
delta1__peptide_std__Q92876,0.016637620829537115,0.0
slope1__peptide_log__RTPITVVK,0.016627213138463853,0.0
delta1__peptide_count__P05067,0.016603882410490878,0.0
lag1__peptide_mean__P12109,0.016599723386375435,0.0
rollmean2__peptide_std__P24592,0.0165684209172195,0.0
delta1__months_since_prev_visit,0.016531646864634226,0.0
delta1__peptide_mean__P06681,0.016520273415609136,0.0
lag1__peptide_std__P43121,0.016516350713482755,0.0
slope1__peptide_mean__Q96BZ4,0.016491978561266673,0.0
peptide_log__ALGISPFHEHAEVVFTANDSGPR,0.016491521972487957,0.0
slope1__protein_npx__P05156,0.016452045183767788,0.0
delta1__protein_npx__O75144,0.016425996470416687,0.0
delta1__peptide_mean__P07998,0.016424099704334207,0.0
slope1__peptide_log__QIGSVYR,0.01641937290887232,0.0
delta1__protein_npx__P43251,0.01641465685754652,0.0
peptide_count__O14773,0.016410328042502163,0.0
lag1__peptide_mean__Q8N2S1,0.016382849582732603,0.0
lag1__peptide_count__P54289,0.016372101202780907,0.0
lag1__peptide_log__LAVYQAGAR,0.016357398342963687,0.0
rollmean2__peptide_log__QKVEPLRAELQEGAR,0.016315828319245135,0.0
rollmean2__peptide_count__P02649,0.0163112203562098,0.0
lag1__peptide_mean__P13473,0.01628493689506167,0.0
slope1__protein_npx__P02749,0.016275877471909714,0.0
delta1__peptide_log__MYYSAVDPTKDIFTGLIGPM(UniMod_35)K,0.01625934283166398,0.0
slope1__protein_npx__P13473,0.016234975274946675,0.0
lag1__peptide_count__O94919,0.016223744519243792,0.0
lag1__peptide_mean__P02768,0.016219749623244812,0.0
peptide_mean__Q16610,0.016216421395279144,0.0
rollmean2__peptide_mean__P08493,0.016215738106031354,0.0
lag1__peptide_log__RTPITVVK,0.01620763424083387,0.0
peptide_std__P51884,0.016206350262362623,0.0
delta1__peptide_std__P14618,0.016180409655719315,0.0
slope1__peptide_log__SELEEQLTPVAEETR,0.016168078078128527,0.0
slope1__peptide_mean__P20774,0.016164464917568264,0.0
slope1__peptide_mean__P01042,0.016161321717667508,0.0
rollmean2__months_since_baseline,0.016159978374511073,0.0
slope1__peptide_std__P05067,0.016151199731200258,0.0
rollmean2__peptide_count__P02760,0.016143055657853376,0.0
rollmean2__protein_npx__P02747,0.016142167485767026,0.0
peptide_mean__P02749,0.016141208067348464,0.0
slope1__peptide_log__SFNRGEC(UniMod_4),0.01613308246360778,0.0
protein_npx__Q92876,0.016114357665286582,0.0
rollmean2__peptide_mean__P04275,0.016113815965905047,0.0
slope1__protein_npx__P18065,0.016107031153696168,0.0
peptide_mean__Q6UXD5,0.01609842527384581,0.0
lag1__peptide_mean__P06396,0.016097669166421358,0.0
lag1__peptide_std__P02671,0.016095874278376297,0.0
delta1__peptide_log__VTSIQDWVQK,0.016062388098189127,0.0
rollmean2__peptide_count__Q92876,0.016059565017531512,0.0
protein_npx__P49908,0.01603575144576208,0.0
slope1__peptide_std__P00736,0.016033425243861782,0.0
delta1__peptide_count__P02647,0.016016064130789785,0.0
lag1__protein_npx__Q8NBJ4,0.015998992240290433,0.0
rollmean2__peptide_mean__P43652,0.01599633324424344,0.0
slope1__protein_npx__P07602,0.01599364572606703,0.0
delta1__protein_npx__Q9UBX5,0.015988393585509707,0.0
lag1__peptide_mean__P01608,0.01598587634381228,0.0
slope1__peptide_count__P04180,0.015984221893318003,0.0
rollmean2__protein_npx__Q96S96,0.015967634394953453,0.0
delta1__protein_npx__P00441,0.01595808614375367,0.0
peptide_mean__P01023,0.015943777385139225,0.0
lag1__protein_npx__P02452,0.01594265729840891,0.0
rollmean2__peptide_mean__P27169,0.01593986288046614,0.0
lag1__peptide_mean__Q99969,0.015925275576051234,0.0
slope1__peptide_mean__P19827,0.015888037039488795,0.0
lag1__months_since_baseline,0.015885522408263995,0.0
lag1__peptide_count__P02749,0.015854900385228084,0.0
missing__peptide_log__C(UniMod_4)RDQLPYIC(UniMod_4)QFGIV,0.015848466847161537,0.0
lag1__peptide_mean__P04180,0.015844541724417235,0.0
lag1__protein_npx__Q7Z5P9,0.015833500951808594,0.0
protein_npx__O00584,0.015830471380907884,0.0
rollmean2__peptide_mean__O15394,0.015829064689400353,0.0
rollmean2__peptide_mean__P41222,0.015823234076610432,0.0
lag1__peptide_mean__P02671,0.015822949682777896,0.0
peptide_count__P08603,0.015818532212165778,0.0
lag1__peptide_mean__P24592,0.01581749183981624,0.0
slope1__peptide_log__ALGISPFHEHAEVVFTANDSGPR,0.015811429878645953,0.0
lag1__peptide_log__SC(UniMod_4)DTPPPC(UniMod_4)PR,0.015796290672243807,0.0
slope1__protein_npx__P01023,0.015793425527943838,0.0
slope1__protein_npx__P01034,0.015787982152675253,0.0
delta1__protein_npx__P02768,0.015777051713033993,0.0
lag1__peptide_log__TPLGDTTHTC(UniMod_4)PR,0.015754829450047032,0.0
lag1__protein_npx__Q99829,0.015741753088511265,0.0
slope1__peptide_std__O94919,0.015729763031387962,0.0
delta1__peptide_mean__P61916,0.01572222890594764,0.0
peptide_mean__P61916,0.01571531537340061,0.0
protein_npx__P02679,0.015696578424184832,0.0
lag1__peptide_mean__O14498,0.01569256678372552,0.0
protein_npx__P00736,0.01567505539804046,0.0
lag1__peptide_count__P05546,0.015662066076022534,0.0
slope1__peptide_mean__P05452,0.015660525086936317,0.0
delta1__peptide_std__O94919,0.01565954697430073,0.0
slope1__protein_npx__P07195,0.015659401254308238,0.0
rollmean2__peptide_mean__Q9NQ79,0.01564751446936754,0.0
delta1__peptide_mean__O75326,0.015637940656881885,0.0
peptide_count__P02768,0.01563537609162907,0.0
protein_npx__P61626,0.015621748287277654,0.0
slope1__peptide_mean__P01591,0.015618312397606712,0.0
rollmean2__peptide_mean__Q06481,0.015606388104770753,0.0
rollmean2__peptide_mean__P01042,0.015598069676046785,0.0
rollmean2__peptide_std__P98160,0.01558713152800394,0.0
delta1__peptide_mean__Q99435,0.015555351695623384,0.0
lag1__peptide_log__TKEEYGHSEVVEYYC(UniMod_4)NPR,0.015526488678361138,0.0
peptide_count__P07339,0.01552234694465994,0.0
protein_npx__Q14624,0.015517294075648579,0.0
missing__peptide_log__FM(UniMod_35)ETVAEK,0.015514716530224983,0.0
delta1__protein_npx__Q8NBJ4,0.01547962285502763,0.0
missing__peptide_count__Q14508,0.015477953452224281,0.0
missing__protein_npx__Q14508,0.015477953452224281,0.0
missing__peptide_mean__Q14508,0.015477953452224281,0.0
protein_npx__P08123,0.01547638045003007,0.0
rollmean2__peptide_log__RLEGQEEEEDNRDSSMK,0.015457431330403237,0.0
lag1__peptide_mean__Q12805,0.015450904481773121,0.0
peptide_std__P00747,0.015436148606325672,0.0
lag1__protein_npx__Q99674,0.01542718783337401,0.0
slope1__peptide_mean__P02765,0.015426372493733603,0.0
protein_npx__Q06481,0.015420740180484893,0.0
lag1__protein_npx__P30086,0.01541884308762958,0.0
lag1__peptide_mean__P20933,0.015401925213612961,0.0
slope1__peptide_std__P04075,0.015387537955028128,0.0
slope1__peptide_log__VTSIQDWVQK,0.015377580770169635,0.0
rollmean2__protein_npx__P01834,0.015367700591666327,0.0
slope1__peptide_log__AYQGVAAPFPK,0.01534409970791016,0.0
peptide_log__AEAQEAEDQQAR,0.015325875323871944,0.0
rollmean2__peptide_std__O94919,0.015296827458967266,0.0
rollmean2__protein_npx__Q13740,0.015290718583930829,0.0
rollmean2__peptide_count__P05156,0.015285633253768834,0.0
delta1__peptide_mean__P04275,0.015266129000701996,0.0
lag1__peptide_log__SWFEPLVEDM(UniMod_35)QR,0.015258396392810465,0.0
rollmean2__peptide_std__P19652,0.01525515015966248,0.0
peptide_std__O00533,0.0152518776534906,0.0
rollmean2__protein_npx__O15394,0.015245487663814481,0.0
slope1__peptide_mean__P07339,0.015227360606012803,0.0
rollmean2__protein_npx__Q13449,0.015190866153371596,0.0
slope1__peptide_count__Q12907,0.01517699307060716,0.0
delta1__peptide_mean__P07225,0.015173431973181014,0.0
lag1__protein_npx__P01591,0.015162348693923551,0.0
rollmean2__peptide_std__P07339,0.0151576899591009,0.0
slope1__peptide_log__VTLTC(UniMod_4)VAPLSGVDFQLR,0.015155831514700013,0.0
slope1__peptide_std__Q9UHG2,0.015154678325385026,0.0
rollmean2__peptide_mean__P49588,0.015143436061374714,0.0
slope1__peptide_std__Q92520,0.015132340957021906,0.0
slope1__protein_npx__Q13332,0.0151229589505465,0.0
peptide_log__M(UniMod_35)ASGAANVVGPK,0.015102765248864322,0.0
lag1__protein_npx__Q14118,0.01508675651306924,0.0
lag1__peptide_mean__Q99829,0.01507384732367798,0.0
slope1__peptide_log__LC(UniMod_4)MGSGLNLC(UniMod_4)EPNNKEGYYGYTGAFR,0.01507327349729667,0.0
rollmean2__peptide_log__SC(UniMod_4)DTPPPC(UniMod_4)PR,0.015068796720450422,0.0
peptide_mean__Q7Z3B1,0.015046074412628398,0.0
rollmean2__protein_npx__Q14118,0.01503167768053773,0.0
peptide_std__Q92876,0.01502760931710336,0.0
rollmean2__peptide_count__P04196,0.015000171800093134,0.0
lag1__peptide_mean__P02747,0.014980287385510835,0.0
lag1__peptide_mean__P10645,0.014977406440287683,0.0
slope1__protein_npx__P11142,0.01497701237712046,0.0
lag1__protein_npx__P04217,0.0149611426101756,0.0
protein_npx__P00751,0.0149606205243478,0.0
rollmean2__peptide_mean__P00738,0.014943145429086875,0.0
slope1__peptide_mean__Q13283,0.014933902573258544,0.0
delta1__peptide_std__Q06481,0.014927454122440502,0.0
slope1__peptide_mean__P01857,0.014922762308675456,0.0
peptide_mean__P36955,0.014916158440895841,0.0
rollmean2__peptide_mean__P55290,0.01490471183362386,0.0
delta1__peptide_mean__P04004,0.014901731380514802,0.0
lag1__peptide_std__P61769,0.014901472178494572,0.0
slope1__protein_npx__Q7Z5P9,0.014898178667179412,0.0
rollmean2__peptide_mean__P24592,0.014888496604684394,0.0
rollmean2__protein_npx__P00738,0.014882546588242326,0.0
peptide_std__P54289,0.01488047515678431,0.0
peptide_count__P01859,0.014870048298569303,0.0
slope1__peptide_std__P04217,0.014854474066778584,0.0
lag1__peptide_count__P07339,0.014833708656766021,0.0
delta1__peptide_mean__Q99969,0.014828565887775492,0.0
rollmean2__protein_npx__P04406,0.014812430890426552,0.0
slope1__peptide_mean__P36980,0.014811687882384968,0.0
peptide_std__P09871,0.014808814158892911,0.0
lag1__peptide_std__P04196,0.014794393017764315,0.0
slope1__protein_npx__P05060,0.014785435763116256,0.0
delta1__peptide_log__ILLQGTPVAQMTEDAVDAER,0.014778821530032207,0.0
delta1__peptide_mean__O75144,0.014778221779928684,0.0
slope1__peptide_count__P16870,0.014755667940998883,0.0
slope1__protein_npx__P07339,0.014747858488672628,0.0
slope1__peptide_log__LDEVKEQVAEVR,0.014730076846017466,0.0
rollmean2__peptide_log__SSQGGSLPSEEK,0.014721261149832863,0.0
lag1__peptide_mean__P61916,0.014699384989571455,0.0
missing__peptide_mean__Q9UNU6,0.014668272246473242,0.0
missing__protein_npx__Q9UNU6,0.014668272246473242,0.0
missing__peptide_count__Q9UNU6,0.014668272246473242,0.0
lag1__peptide_count__P16870,0.014665922958504028,0.0
slope1__protein_npx__O15240,0.014661454141211165,0.0
missing__peptide_count__P04406,0.014643899079761994,0.0
missing__protein_npx__P04406,0.014643899079761994,0.0
missing__peptide_mean__P04406,0.014643899079761994,0.0
delta1__peptide_abundance_min,0.014607233771043783,0.0
lag1__protein_npx__P09871,0.014603578917718012,0.0
lag1__peptide_mean__P41222,0.014602446603259898,0.0
lag1__peptide_log__MYYSAVDPTKDIFTGLIGPM(UniMod_35)K,0.014602380158603715,0.0
delta1__peptide_std__P00747,0.014600209592324614,0.0
peptide_log__YYWGGQYTWDMAK,0.014589661928014438,0.0
slope1__peptide_log__SWFEPLVEDM(UniMod_35)QR,0.014565122089596615,0.0
slope1__peptide_count__P07711,0.014555224088706475,0.0
slope1__protein_npx__Q6UXB8,0.014547172633170308,0.0
rollmean2__peptide_log__TSAHGNVAEGETKPDPDVTER,0.014525480773612851,0.0
delta1__peptide_log__LGPLVEQGRVR,0.014525332898113426,0.0
protein_npx__Q16270,0.014522287875670524,0.0
slope1__protein_npx__P16070,0.014518590564693507,0.0
peptide_mean__Q92520,0.01450452613531048,0.0
lag1__peptide_std__P04433,0.01450386199871159,0.0
slope1__peptide_mean__P13473,0.01449876514124639,0.0
slope1__protein_npx__P11277,0.014450299460906996,0.0
slope1__peptide_mean__Q7Z5P9,0.014443438918485402,0.0
lag1__protein_npx__Q9UNU6,0.014430184137737338,0.0
protein_npx__P51884,0.014422862263164785,0.0
rollmean2__peptide_std__P16035,0.014417632842657842,0.0
lag1__protein_npx__Q14515,0.014414620557143099,0.0
rollmean2__peptide_mean__P02792,0.01440918746060248,0.0
rollmean2__protein_npx__Q8IWV7,0.014398439018605267,0.0
peptide_log__M(UniMod_35)YLGYEYVTAIR,0.014393600515577316,0.0
delta1__peptide_mean__P08603,0.014368491135006503,0.0
rollmean2__peptide_mean__P16870,0.014360167224897349,0.0
protein_npx__P01834,0.014357051058751995,0.0
peptide_mean__P02766,0.014349276512761782,0.0
slope1__peptide_count__P02748,0.014339717378209833,0.0
delta1__protein_npx__P16870,0.014335166051437719,0.0
slope1__peptide_mean__P41222,0.014312791143161134,0.0
delta1__peptide_log__AVGDKLPEC(UniMod_4)EADDGC(UniMod_4)PKPPEIAHGYVEHSVR,0.014308913400444679,0.0
missing__peptide_count__P14174,0.01430867286108153,0.0
missing__peptide_mean__P14174,0.01430867286108153,0.0
missing__protein_npx__P14174,0.01430867286108153,0.0
protein_npx__P61916,0.014304098811651175,0.0
delta1__protein_npx__O15240,0.014297902141644232,0.0
delta1__peptide_mean__P13521,0.01429627054918407,0.0
delta1__protein_npx__P43652,0.014288761779612741,0.0
missing__peptide_log__QKVEPLRAELQEGAR,0.01428342182735213,0.0
slope1__peptide_log__KQELSEAEQATR,0.01428269646656292,0.0
rollmean2__peptide_std__Q12841,0.014271224669302082,0.0
rollmean2__peptide_mean__P36980,0.014270534703124109,0.0
slope1__peptide_count__P12109,0.014260651891604342,0.0
peptide_missing_fraction,0.014255117861088587,0.0
peptide_feature_count,0.014255117861088564,0.0
lag1__protein_npx__P00450,0.014254477430103156,0.0
rollmean2__peptide_mean__P05408,0.014251221269317361,0.0
delta1__protein_npx__P18065,0.01424624799783304,0.0
lag1__protein_npx__P17936,0.014245626525906559,0.0
slope1__peptide_std__P01857,0.014240970607865226,0.0
delta1__peptide_mean__P04433,0.014236857168295824,0.0
delta1__peptide_log__M(UniMod_35)ASGAANVVGPK,0.01422893291802468,0.0
peptide_log__QQETAAAETETR,0.014227568233309552,0.0
rollmean2__peptide_count__P13987,0.014221096160721782,0.0
delta1__peptide_mean__P02679,0.014208923798302818,0.0
delta1__peptide_mean__P61278,0.014205289842017351,0.0
delta1__peptide_log__SLAAAAGKQELAK,0.014205289842017351,0.0
rollmean2__peptide_count__O14773,0.014202171787851032,0.0
lag1__peptide_log__TLLSNLEEAKK,0.014201607424519508,0.0
rollmean2__protein_npx__P39060,0.014196785127638587,0.0
delta1__peptide_count__P01034,0.014176989456951476,0.0
delta1__peptide_count__O00584,0.014176182891110705,0.0
lag1__peptide_mean__P07998,0.0141753526407149,0.0
missing__peptide_std__P02452,0.014174374649013612,0.0
lag1__peptide_mean__P36955,0.01417398497447108,0.0
delta1__peptide_std__P51884,0.014148920041773528,0.0
rollmean2__protein_npx__P01344,0.01413999573218537,0.0
protein_npx__P00738,0.014132009813594809,0.0
peptide_mean__Q15904,0.014131869652272129,0.0
delta1__peptide_std__P01024,0.014119684722041148,0.0
peptide_log__VC(UniMod_4)PFAGILENGAVR,0.01411252368785757,0.0
delta1__peptide_std__P01009,0.014107940591515948,0.0
slope1__peptide_count__P04075,0.014106444845266823,0.0
slope1__peptide_log__TTPPVLDSDGSFFLYSK,0.014090600220082778,0.0
slope1__peptide_std__P07339,0.01407946607907545,0.0
delta1__peptide_std__P23142,0.01405613940632954,0.0
missing__peptide_log__MTVTDQVNC(UniMod_4)PK,0.014046406607946788,0.0
peptide_mean__P01344,0.014045410573227677,0.0
missing__protein_npx__P04216,0.014024469587498986,0.0
missing__peptide_count__P04216,0.014024469587498986,0.0
missing__peptide_mean__P04216,0.014024469587498986,0.0
delta1__protein_npx__P02790,0.013988737750119138,0.0
delta1__protein_npx__Q99683,0.01396979227699433,0.0
rollmean2__peptide_log__DASGVTFTWTPSSGK,0.013966396400336381,0.0
delta1__peptide_count__Q92823,0.013956047542937292,0.0
peptide_log__SEALAVDGAGKPGAEEAQDPEGK,0.013876216716728612,0.0
slope1__peptide_mean__P07225,0.013867407208410605,0.0
delta1__peptide_std__P19652,0.013867330533571243,0.0
missing__protein_npx__P49908,0.01385470745099462,0.0
missing__peptide_count__P49908,0.01385470745099462,0.0
missing__peptide_mean__P49908,0.01385470745099462,0.0
delta1__peptide_count__P00734,0.01385003421230121,0.0
slope1__protein_npx__P14314,0.013826871768506475,0.0
slope1__peptide_std__Q06481,0.013797743089565944,0.0
lag1__peptide_mean__P13987,0.013795148423167584,0.0
lag1__peptide_std__P00734,0.013768800177450653,0.0
peptide_log__DASGVTFTWTPSSGK,0.013736826625508652,0.0
peptide_log__ILLQGTPVAQMTEDAVDAER,0.013734887551410476,0.0
lag1__protein_npx__P01033,0.013732327595294379,0.0
slope1__peptide_log__ILLQGTPVAQMTEDAVDAER,0.013720102624944415,0.0
missing__peptide_count__Q99832,0.013712000837198732,0.0
missing__peptide_mean__Q99832,0.013712000837198732,0.0
missing__protein_npx__Q99832,0.013712000837198732,0.0
rollmean2__peptide_log__LSKELQAAQAR,0.013711039054175561,0.0
lag1__peptide_mean__P00748,0.013708722749657036,0.0
peptide_std__P02747,0.013706679767367239,0.0
rollmean2__peptide_std__P02749,0.013685485910478879,0.0
slope1__peptide_count__P05546,0.013680569425913353,0.0
slope1__peptide_mean__P02774,0.013662372402594885,0.0
protein_npx__P13987,0.013661408529464156,0.0
slope1__peptide_mean__P05546,0.01365610662814271,0.0
slope1__peptide_log__NPDSSTTGPWC(UniMod_4)YTTDPTVR,0.013635765829644615,0.0
rollmean2__peptide_mean__P05067,0.013615494641692845,0.0
rollmean2__peptide_count__P08294,0.01359007163261743,0.0
peptide_count__P01034,0.013586965934822613,0.0
lag1__protein_npx__P10451,0.013581175170586544,0.0
lag1__protein_npx__P54289,0.013565919013152796,0.0
delta1__peptide_mean__Q9UNU6,0.013563505402389927,0.0
missing__peptide_log__GEVQAMLGQSTEELR,0.013562561843068555,0.0
rollmean2__protein_npx__P01024,0.013556822060384905,0.0
peptide_log__TPLGDTTHTC(UniMod_4)PR,0.013553308360722206,0.0
slope1__peptide_log__SEALAVDGAGKPGAEEAQDPEGK,0.013551393871114507,0.0
slope1__peptide_std__P98160,0.01354619265331917,0.0
delta1__protein_npx__P19827,0.013528054272291637,0.0
lag1__peptide_std__P12109,0.013527414224102325,0.0
slope1__protein_npx__P98160,0.013525677585032368,0.0
slope1__protein_npx__P00736,0.013523373408296332,0.0
slope1__peptide_missing_fraction,0.013518252665038357,0.0
slope1__peptide_feature_count,0.01351825266503777,0.0
slope1__protein_npx__Q9UHG2,0.013467749811685584,0.0
delta1__protein_npx__P04433,0.013464531308023907,0.0
delta1__peptide_mean__P02649,0.013461424136475064,0.0
delta1__peptide_log__TPLGDTTHTC(UniMod_4)PR,0.013441600978266438,0.0
slope1__protein_npx__P04211,0.013438115631883381,0.0
slope1__protein_npx__P19827,0.013426021815228097,0.0
rollmean2__peptide_mean__P01861,0.013418816382273782,0.0
rollmean2__peptide_log__TTPPVLDSDGSFFLYSR,0.013418816382273782,0.0
rollmean2__protein_npx__P61916,0.013415382507842365,0.0
slope1__protein_npx__P04216,0.013408254839359177,0.0
lag1__peptide_mean__P35542,0.013398157062675758,0.0
delta1__peptide_mean__P17174,0.013395429879371864,0.0
lag1__peptide_mean__P02753,0.013374587266997272,0.0
delta1__peptide_log__SSQGGSLPSEEK,0.013353328797351597,0.0
rollmean2__peptide_mean__P36955,0.013351662829019591,0.0
peptide_count__P04217,0.0133301203675296,0.0
delta1__protein_npx__P04275,0.013323689391183906,0.0
rollmean2__peptide_mean__P02790,0.01331900486153965,0.0
lag1__protein_npx__P10645,0.013314296553493088,0.0
lag1__peptide_std__P07602,0.013311470383771607,0.0
delta1__peptide_mean__P04216,0.013306228057993204,0.0
slope1__protein_npx__O14773,0.0133036705851884,0.0
peptide_mean__P02647,0.013303258222341215,0.0
delta1__protein_npx__Q9NYU2,0.013257141767404808,0.0
peptide_log__IHWESASLLR,0.013244361517828108,0.0
peptide_std__P00450,0.013234557530638255,0.0
slope1__peptide_std__P07998,0.01321515941551721,0.0
slope1__peptide_log__HYEGSTVPEK,0.013197391069836908,0.0
delta1__peptide_count__P02760,0.013186351777301805,0.0
slope1__peptide_std__Q12805,0.013178304692456065,0.0
rollmean2__peptide_mean__Q92520,0.013175094038352009,0.0
slope1__protein_npx__P14618,0.013171512443591545,0.0
peptide_mean__P01717,0.013121740804324546,0.0
peptide_count__P01011,0.013115599340954912,0.0
lag1__peptide_log__AATGEC(UniMod_4)TATVGKR,0.013113594242912655,0.0
rollmean2__peptide_std__P01019,0.013112648922682692,0.0
peptide_mean__P49908,0.013105040746425115,0.0
peptide_mean__P07195,0.01309945252089618,0.0
rollmean2__peptide_feature_count,0.013098433608866767,0.0
rollmean2__peptide_missing_fraction,0.013098433608866726,0.0
protein_npx__P01859,0.013097563528016753,0.0
rollmean2__peptide_mean__P19823,0.01309497516955343,0.0
slope1__protein_npx__Q12805,0.013089492678174369,0.0
slope1__peptide_std__P01034,0.01306126744784071,0.0
peptide_mean__P13521,0.013061025864846896,0.0
rollmean2__peptide_count__Q14624,0.013057346523592707,0.0
slope1__peptide_std__Q14515,0.013051360069329276,0.0
delta1__peptide_mean__P05546,0.013050596660778142,0.0
delta1__peptide_abundance_mean,0.013034204481231697,0.0
lag1__peptide_mean__P06310,0.013013219791456736,0.0
slope1__protein_npx__P01344,0.013007956787708295,0.0
rollmean2__protein_npx__P00441,0.013004325982786644,0.0
rollmean2__peptide_count__P01011,0.013003140784461117,0.0
slope1__peptide_mean__P02649,0.012999072918920737,0.0
lag1__protein_npx__P35542,0.012984061880237567,0.0
rollmean2__protein_npx__P01042,0.012973736634117381,0.0
rollmean2__peptide_mean__P04433,0.012957680360332022,0.0
lag1__protein_npx__P08294,0.012953963230755844,0.0
slope1__protein_npx__P07711,0.012953222268476658,0.0
rollmean2__peptide_log__YIVSGTPTFVPYLIK,0.012932047399825846,0.0
missing__peptide_log__SNSSM(UniMod_35)HITDC(UniMod_4)R,0.01292856844549645,0.0
protein_npx__P08294,0.012919482349425642,0.0
peptide_mean__Q92823,0.01291846088953352,0.0
slope1__protein_npx__P35542,0.012913993898044741,0.0
lag1__protein_npx__P61278,0.012909028029193616,0.0
delta1__peptide_mean__P01876,0.012905825807695436,0.0
lag1__peptide_count__P05060,0.012901712376058465,0.0
peptide_std__P23142,0.012897015732892966,0.0
lag1__peptide_count__P05067,0.012891886356492296,0.0
delta1__peptide_count__P06681,0.012891660857277875,0.0
delta1__peptide_count__Q12907,0.01288441892451751,0.0
rollmean2__peptide_log__VDSGNDVTDIADDGC(UniMod_4)PKPPEIAHGYVEHSVR,0.012862802237520024,0.0
lag1__peptide_mean__P51884,0.0128616037247502,0.0
slope1__protein_npx__P80748,0.01285013912971943,0.0
rollmean2__peptide_log__C(UniMod_4)IIEVLSNALSK,0.012842617409799209,0.0
delta1__peptide_mean__O14791,0.012835449637100652,0.0
rollmean2__protein_npx__P14618,0.012826667341390114,0.0
delta1__peptide_count__P01024,0.012815758758223597,0.0
rollmean2__protein_npx__P01019,0.012809592976338439,0.0
delta1__peptide_mean__P00736,0.01280148760431285,0.0
slope1__peptide_count__Q08380,0.012796632055761769,0.0
lag1__peptide_count__P12109,0.012788752258534741,0.0
rollmean2__peptide_count__P14618,0.012787452062795355,0.0
delta1__protein_npx__P07333,0.012784191703752744,0.0
lag1__peptide_count__O15394,0.01277037607389067,0.0
lag1__protein_npx__P01834,0.012762246492068027,0.0
delta1__peptide_std__P05155,0.01275666180470572,0.0
peptide_mean__P43121,0.012754711541358755,0.0
slope1__peptide_mean__Q9UBR2,0.012749991809706117,0.0
peptide_mean__P40925,0.012741037277123404,0.0
rollmean2__protein_npx__O00391,0.012737567197715518,0.0
protein_npx__P05060,0.01273344381030781,0.0
slope1__peptide_std__O15394,0.012724790713681482,0.0
peptide_mean__P19021,0.012715396500154262,0.0
slope1__protein_npx__P01861,0.012711341102907938,0.0
rollmean2__peptide_std__P02760,0.012696137089621083,0.0
delta1__peptide_count__P02765,0.012694903463027728,0.0
rollmean2__peptide_count__P05060,0.012690527583562221,0.0
slope1__peptide_mean__O00533,0.012682943448306193,0.0
missing__peptide_std__P01857,0.012678643692951014,0.0
delta1__peptide_mean__P04156,0.012677641266788301,0.0
rollmean2__peptide_count__P16870,0.012673674108452158,0.0
slope1__peptide_mean__P05060,0.012671142914151569,0.0
rollmean2__peptide_std__P02790,0.012663619550777406,0.0
lag1__protein_npx__P04406,0.012655767873887815,0.0
slope1__peptide_mean__P02751,0.012624092198105731,0.0
lag1__protein_npx__Q12805,0.012621638422222414,0.0
delta1__peptide_log__TM(UniMod_35)LLQPAGSLGSYSYR,0.012613489289413249,0.0
delta1__peptide_count__P00441,0.012611184618340621,0.0
missing__peptide_log__HYEGSTVPEK,0.012606014458333306,0.0
lag1__protein_npx__P13611,0.01258205696488648,0.0
rollmean2__peptide_mean__P54289,0.01257980188183033,0.0
delta1__peptide_log__SNSSM(UniMod_35)HITDC(UniMod_4)R,0.01257613496875765,0.0
rollmean2__peptide_mean__P02452,0.01257125013179825,0.0
slope1__peptide_log__DSGEGDFLAEGGGVR,0.012565100142879426,0.0
rollmean2__protein_npx__Q92823,0.012541248423298824,0.0
delta1__protein_npx__P05067,0.012534805834567536,0.0
lag1__peptide_mean__P01876,0.01252144867795159,0.0
lag1__protein_npx__P05090,0.012512817808113919,0.0
lag1__peptide_mean__P01834,0.012501149339013046,0.0
lag1__peptide_std__P00746,0.012491460457192521,0.0
rollmean2__protein_npx__Q6UX71,0.012490012719969409,0.0
delta1__peptide_count__O14773,0.012488035982943646,0.0
slope1__protein_npx__Q9BY67,0.012478531273243635,0.0
delta1__peptide_mean__P02671,0.012466069351937586,0.0
lag1__peptide_log__ILLQGTPVAQMTEDAVDAER,0.012447772542980065,0.0
peptide_log__ELSSFIDKGQELC(UniMod_4)ADYSENTFTEYK,0.012413317506228793,0.0
missing__peptide_mean__P08123,0.012412269625240049,0.0
missing__peptide_count__P08123,0.012412269625240049,0.0
missing__protein_npx__P08123,0.012412269625240049,0.0
slope1__protein_npx__P01857,0.0124116210825978,0.0
slope1__peptide_mean__P04156,0.012409576597322423,0.0
protein_npx__P00734,0.01237758290296162,0.0
delta1__protein_npx__P01621,0.012354205542138482,0.0
delta1__peptide_count__P24592,0.012338813439099178,0.0
peptide_mean__P07602,0.012322172792772456,0.0
rollmean2__peptide_mean__P40925,0.012314014439021826,0.0
peptide_std__P05546,0.012306946167879765,0.0
slope1__peptide_std__P01024,0.012299863756308925,0.0
delta1__peptide_mean__P11142,0.012297658278588707,0.0
months_since_baseline,0.012294152327697889,0.0
slope1__peptide_mean__P61916,0.012274396765698236,0.0
rollmean2__peptide_mean__P01857,0.012265236206423311,0.0
peptide_std__O00584,0.01226090415434994,0.0
delta1__peptide_mean__P16152,0.01225554868335073,0.0
delta1__peptide_log__SC(UniMod_4)SPELQQK,0.01225554868335073,0.0
peptide_count__Q12841,0.012253674399552777,0.0
delta1__peptide_log__ILTC(UniMod_4)M(UniMod_35)QGMEEIR,0.012244909575621476,0.0
delta1__peptide_mean__Q8IWV7,0.012244909575621476,0.0
slope1__protein_npx__P05452,0.012214168377739323,0.0
rollmean2__peptide_std__P04433,0.01221308286733719,0.0
slope1__peptide_mean__P00738,0.012209090385124436,0.0
slope1__peptide_mean__P08603,0.012206058754936534,0.0
slope1__protein_npx__P08571,0.012205299056521672,0.0
delta1__peptide_log__C(UniMod_4)RDQLPYIC(UniMod_4)QFGIV,0.012186523426141262,0.0
slope1__peptide_std__P61916,0.012184223188072173,0.0
slope1__peptide_mean__Q99674,0.012178763179712424,0.0
peptide_mean__P01042,0.012165198401261939,0.0
protein_npx__Q92823,0.012150690229131782,0.0
peptide_std__P16035,0.012141212648357665,0.0
lag1__peptide_mean__Q9UBX5,0.012129270452305439,0.0
lag1__peptide_count__P01860,0.012115781610929112,0.0
peptide_mean__P05090,0.012106444659911973,0.0
lag1__peptide_mean__Q7Z3B1,0.012093499423846283,0.0
lag1__peptide_log__LGPLVEQGRVR,0.01209344098140211,0.0
peptide_mean__P14314,0.012089402110640881,0.0
delta1__peptide_log__AYKSELEEQLTPVAEETR,0.01208398421812828,0.0
protein_npx__P04207,0.012067881645574239,0.0
delta1__peptide_count__P39060,0.012064030199077877,0.0
peptide_std__Q96KN2,0.012058005137784062,0.0
delta1__protein_npx__P09104,0.012054933496367824,0.0
protein_npx__Q7Z3B1,0.012050511027691179,0.0
rollmean2__peptide_std__P01011,0.012025155007403657,0.0
peptide_log__LGPLVEQGR,0.011982299853596546,0.0
rollmean2__peptide_count__P01857,0.011980554643647145,0.0
delta1__peptide_std__Q96PD5,0.011980276296445207,0.0
rollmean2__peptide_mean__P08123,0.011977720089422935,0.0
rollmean2__peptide_count__P08493,0.01197663661762947,0.0
protein_npx__P02749,0.011928324583106414,0.0
lag1__peptide_mean__P00441,0.011917433123422392,0.0
lag1__peptide_std__Q9UHG2,0.011916110307577275,0.0
lag1__peptide_log__AYKSELEEQLTPVAEETR,0.011894688983458707,0.0
slope1__peptide_std__Q9NQ79,0.011877719764775719,0.0
rollmean2__protein_npx__P04075,0.011850271787121242,0.0
rollmean2__peptide_mean__P61916,0.011831132389129155,0.0
rollmean2__protein_npx__P98160,0.011817664193861396,0.0
rollmean2__protein_npx__P13987,0.011814149941069982,0.0
rollmean2__peptide_std__O00584,0.011809774734888579,0.0
delta1__protein_npx__P39060,0.011795126844655397,0.0
lag1__peptide_mean__P06681,0.011794312852435401,0.0
lag1__peptide_mean__P30086,0.011772974954518458,0.0
rollmean2__peptide_mean__P01877,0.011772658955627516,0.0
delta1__protein_npx__P04207,0.011772047221814115,0.0
slope1__peptide_log__SLAAAAGKQELAK,0.011769356635158733,0.0
slope1__peptide_mean__P61278,0.011769356635158733,0.0
rollmean2__peptide_mean__P01019,0.011749640306030897,0.0
slope1__protein_npx__P09871,0.011724804446652408,0.0
missing__peptide_log__VTLTC(UniMod_4)VAPLSGVDFQLR,0.011724465114180172,0.0
delta1__protein_npx__Q12907,0.011715851589901493,0.0
rollmean2__peptide_mean__P07998,0.011708022786787006,0.0
slope1__peptide_log__GEVQAMLGQSTEELRVR,0.011704982279273133,0.0
lag1__peptide_mean__P01344,0.0117044088696466,0.0
delta1__protein_npx__P27169,0.011696089019592928,0.0
rollmean2__peptide_mean__Q13332,0.01169031489890119,0.0
lag1__peptide_mean__O75144,0.011676821712963562,0.0
protein_npx__P01024,0.011674410047853686,0.0
slope1__peptide_log__TEGDGVYTLNNEK,0.011668735285438724,0.0
lag1__protein_npx__P01009,0.011657629689758794,0.0
lag1__peptide_mean__Q562R1,0.01163155719556346,0.0
delta1__peptide_mean__P06310,0.011618390677585341,0.0
delta1__peptide_count__P07602,0.011596082332250263,0.0
peptide_std__P04217,0.011590289442827197,0.0
peptide_std__P00746,0.011571428937597598,0.0
rollmean2__peptide_mean__P04211,0.011565534733849494,0.0
delta1__peptide_count__P00738,0.01156181506973002,0.0
slope1__peptide_abundance_sum,0.01155642705073153,0.0
missing__peptide_log__C(UniMod_4)DSSPDSAEDVRK,0.011555941110139988,0.0
peptide_mean__P02763,0.01154374899544043,0.0
lag1__peptide_std__P61916,0.011537326117934458,0.0
protein_npx__P01344,0.011524914640328617,0.0
delta1__peptide_count__P01042,0.011524289908870954,0.0
delta1__peptide_std__P08603,0.011516173880164187,0.0
lag1__peptide_std__P08294,0.01151048019850622,0.0
delta1__peptide_mean__O15394,0.01150802149496312,0.0
slope1__peptide_mean__P08697,0.011498285301024504,0.0
slope1__peptide_std__P02790,0.01149791520065737,0.0
lag1__peptide_log__AYQGVAAPFPK,0.011495180089209417,0.0
lag1__peptide_count__P10643,0.011493727260034534,0.0
peptide_count__Q06481,0.011491521493450691,0.0
lag1__peptide_mean__O15240,0.011485705492620955,0.0
peptide_std__P36955,0.011479045549603197,0.0
delta1__protein_npx__P02675,0.011477357455556756,0.0
rollmean2__protein_npx__P04211,0.011473911283531736,0.0
rollmean2__peptide_log__C(UniMod_4)C(UniMod_4)VEC(UniMod_4)PPC(UniMod_4)PAPPVAGPSVFLFPPKPK,0.011472848799127286,0.0
slope1__peptide_count__P02679,0.011469247524735047,0.0
slope1__peptide_abundance_min,0.011460002118904659,0.0
lag1__protein_npx__Q9NQ79,0.011446139845312413,0.0
lag1__peptide_mean__P05067,0.0114393070348029,0.0
lag1__peptide_mean__P02760,0.01142476966054711,0.0
delta1__peptide_log__KAADDTWEPFASGK,0.011423717069391165,0.0
lag1__protein_npx__P01780,0.011412762891697691,0.0
lag1__peptide_mean__P01042,0.01140987547749742,0.0
slope1__peptide_mean__P01833,0.011405452099411618,0.0
slope1__protein_npx__P01780,0.011402301968488477,0.0
slope1__peptide_mean__P07998,0.01138883971356945,0.0
delta1__peptide_mean__P01608,0.011358740870903623,0.0
delta1__peptide_log__HGGLYHENMR,0.011358674758434743,0.0
lag1__protein_npx__P13473,0.011354302875587549,0.0
slope1__peptide_log__SGEATDGARPQALPEPMQESK,0.01134485702152908,0.0
lag1__peptide_count__P07711,0.011337562385920794,0.0
lag1__peptide_log__AKLEEQAQQIR,0.011332498507876283,0.0
peptide_log__C(UniMod_4)VDVDEC(UniMod_4)APPAEPC(UniMod_4)GK,0.011316948494441622,0.0
rollmean2__protein_npx__P04196,0.01130735821229982,0.0
slope1__protein_npx__P55290,0.011304678476888848,0.0
delta1__peptide_mean__P61769,0.011277634630535813,0.0
lag1__peptide_std__P02790,0.011263567352214685,0.0
slope1__peptide_count__P13987,0.01123181264461778,0.0
peptide_count__P10643,0.011225112920613031,0.0
peptide_count__P06727,0.011224935707605622,0.0
lag1__peptide_mean__P01009,0.011222898822855112,0.0
slope1__peptide_mean__Q16610,0.011201765322170393,0.0
slope1__peptide_count__P01857,0.011199920700804526,0.0
peptide_mean__P07339,0.011180233028499983,0.0
rollmean2__peptide_mean__Q9Y6R7,0.011176506785426364,0.0
rollmean2__peptide_mean__P07711,0.011170080464307508,0.0
lag1__peptide_log__VGYVSGWGR,0.011145540117245847,0.0
lag1__peptide_mean__P01594,0.011126493921660735,0.0
delta1__peptide_std__P02649,0.011124144292324969,0.0
slope1__peptide_observation_count,0.011108095019357963,0.0
lag1__protein_npx__P49588,0.011107977828585129,0.0
lag1__peptide_count__Q96PD5,0.011104342423362144,0.0
peptide_std__P01857,0.011102238646789829,0.0
lag1__protein_npx__Q92823,0.01110125627222471,0.0
lag1__protein_npx__P06310,0.011099896812493666,0.0
lag1__peptide_log__QNC(UniMod_4)ELFEQLGEYK,0.011087393483328576,0.0
delta1__peptide_feature_count,0.011073131109669366,0.0
delta1__peptide_missing_fraction,0.011073131109669062,0.0
peptide_std__Q92823,0.011067668808328034,0.0
delta1__protein_npx__O14773,0.011066809772312154,0.0
lag1__peptide_mean__P19823,0.011066068770040498,0.0
slope1__peptide_log__LGQSLDC(UniMod_4)NAEVYVVPWEK,0.011049874801991343,0.0
peptide_mean__Q99674,0.011046433233842757,0.0
lag1__peptide_mean__P49588,0.011022884949070434,0.0
lag1__peptide_mean__P61278,0.010999500897307037,0.0
lag1__peptide_log__SLAAAAGKQELAK,0.010999500897307037,0.0
delta1__peptide_log__VLLDQLR,0.01099854466950924,0.0
delta1__peptide_mean__Q9HDC9,0.01099854466950924,0.0
lag1__peptide_feature_count,0.010995969347998758,0.0
lag1__peptide_missing_fraction,0.0109959693479987,0.0
delta1__protein_npx__P08697,0.010976188895535676,0.0
lag1__protein_npx__P01717,0.010973117211209213,0.0
slope1__peptide_std__P54289,0.01094744764977048,0.0
lag1__protein_npx__Q02818,0.01094226271481187,0.0
delta1__protein_npx__Q9UBR2,0.010940375551686123,0.0
delta1__peptide_log__VQPYLDDFQKK,0.010933620680311814,0.0
peptide_log__VTLTC(UniMod_4)VAPLSGVDFQLR,0.01092756729035496,0.0
delta1__protein_npx__P07339,0.010924017754899887,0.0
peptide_std__P00736,0.010904505986909,0.0
slope1__peptide_mean__P01834,0.010901244327297093,0.0
rollmean2__peptide_mean__P13987,0.010900123062178016,0.0
delta1__protein_npx__Q99969,0.01089218816464646,0.0
peptide_std__P27169,0.010871435237229396,0.0
rollmean2__peptide_mean__P43251,0.010859326183761163,0.0
peptide_log__EDSLEAGLPLQVR,0.010856107521263897,0.0
slope1__protein_npx__P04433,0.010855410836626712,0.0
slope1__peptide_std__P00450,0.010847281832763664,0.0
slope1__protein_npx__P04275,0.010845760695362014,0.0
lag1__peptide_mean__P00747,0.010842192748684438,0.0
rollmean2__peptide_std__P01857,0.010842089340338213,0.0
delta1__peptide_mean__P13591,0.010812884737066514,0.0
peptide_std__P98160,0.010797732802770566,0.0
slope1__peptide_log__VKDLATVYVDVLK,0.01078759538948926,0.0
slope1__protein_npx__Q9HDC9,0.010785993352502948,0.0
delta1__peptide_mean__P08253,0.010779877729132649,0.0
slope1__peptide_mean__Q92876,0.010778558876728885,0.0
rollmean2__peptide_count__Q16610,0.010775105903399718,0.0
delta1__protein_npx__P16035,0.01076601997626793,0.0
lag1__protein_npx__P08253,0.01075624175835748,0.0
slope1__peptide_count__P01009,0.010752185904922891,0.0
rollmean2__peptide_count__P06727,0.010749688960240778,0.0
delta1__peptide_std__P02656,0.010743299323148563,0.0
lag1__peptide_std__O94919,0.010720646426478346,0.0
lag1__peptide_log__HGGLYHENMR,0.010720568859363075,0.0
rollmean2__peptide_count__P05090,0.01071586319377248,0.0
rollmean2__protein_npx__P61626,0.010709274144221372,0.0
slope1__peptide_count__P01011,0.010693674158386662,0.0
lag1__peptide_mean__P16035,0.010688767585140415,0.0
slope1__peptide_mean__Q8IWV7,0.010688427944317071,0.0
slope1__peptide_log__ILTC(UniMod_4)M(UniMod_35)QGMEEIR,0.010688427944317071,0.0
rollmean2__peptide_mean__Q96BZ4,0.010672772816232775,0.0
slope1__peptide_std__P08697,0.010660943973433987,0.0
delta1__peptide_log__GSPAINVAVHVFRK,0.010643660691295024,0.0
slope1__peptide_mean__P43652,0.010640931792058494,0.0
delta1__protein_npx__P04211,0.010640572513182567,0.0
lag1__peptide_mean__Q9UBR2,0.010628324447022655,0.0
delta1__peptide_mean__P32754,0.010605167433116052,0.0
peptide_mean__Q99832,0.010601879834026688,0.0
rollmean2__peptide_log__HYDGSYSTFGER,0.010595374691294377,0.0
slope1__peptide_mean__O00584,0.010592318978155588,0.0
delta1__protein_npx__O15394,0.010580575865922677,0.0
delta1__peptide_log__LVGGPM(UniMod_35)DASVEEEGVRR,0.010574027444745802,0.0
lag1__protein_npx__Q99435,0.0105546197270241,0.0
missing__peptide_count__P54289,0.010547882677074719,0.0
missing__protein_npx__P54289,0.010547882677074719,0.0
missing__peptide_mean__P54289,0.010547882677074719,0.0
rollmean2__peptide_mean__P30086,0.010541194934064734,0.0
peptide_mean__O94919,0.010534314192321044,0.0
lag1__protein_npx__Q16610,0.010523737920230054,0.0
delta1__protein_npx__Q7Z5P9,0.01050051078251726,0.0
lag1__peptide_count__P16035,0.010494553560525779,0.0
lag1__peptide_mean__P14314,0.010486831743757889,0.0
delta1__peptide_log__C(UniMod_4)DSSPDSAEDVRK,0.010483099786139705,0.0
slope1__peptide_std__P05452,0.010463735151819708,0.0
lag1__protein_npx__P02679,0.010457858477639019,0.0
slope1__months_since_prev_visit,0.010451011051101194,0.0
slope1__peptide_count__P02766,0.01044730479898299,0.0
lag1__peptide_mean__Q9UNU6,0.010444871216425799,0.0
peptide_mean__P61626,0.01043613317558523,0.0
delta1__peptide_std__P16870,0.01043370656834609,0.0
rollmean2__peptide_std__P07225,0.010421922275947241,0.0
delta1__peptide_std__P05156,0.010410333187070202,0.0
slope1__peptide_log__C(UniMod_4)SYTEDAQC(UniMod_4)IDGTIEVPK,0.010401584300823379,0.0
rollmean2__protein_npx__P09871,0.01038666009535889,0.0
delta1__peptide_count__P02787,0.01038097147839461,0.0
delta1__protein_npx__Q13451,0.010348559109499895,0.0
rollmean2__protein_npx__P49588,0.010347444635798654,0.0
rollmean2__peptide_mean__P12109,0.010343356879140684,0.0
slope1__protein_npx__P01834,0.010311538094003347,0.0
slope1__peptide_mean__P06681,0.010300997924565396,0.0
rollmean2__peptide_std__Q92823,0.010298848775738646,0.0
lag1__peptide_count__P01024,0.01029862687251734,0.0
peptide_mean__P00738,0.010279329152720909,0.0
peptide_mean__P05156,0.010267746318648156,0.0
delta1__peptide_count__Q12805,0.010262986725787838,0.0
slope1__peptide_mean__Q02818,0.010246763566654155,0.0
peptide_mean__P02675,0.01023540364162589,0.0
slope1__peptide_mean__P11277,0.010233108899960014,0.0
slope1__peptide_count__Q9UHG2,0.01023139081158244,0.0
slope1__peptide_std__P06396,0.010213909898646543,0.0
slope1__peptide_mean__Q08380,0.010174953696660084,0.0
lag1__protein_npx__P05067,0.010171976048785707,0.0
rollmean2__peptide_count__Q6UXB8,0.010167356499308819,0.0
slope1__peptide_log__LEGQEEEEDNRDSSMK,0.010163344782990752,0.0
peptide_mean__P07711,0.010151187856730368,0.0
protein_npx__Q13449,0.010150834967615225,0.0
delta1__peptide_std__Q9NQ79,0.010149249348540194,0.0
delta1__protein_npx__P01861,0.010126853613320068,0.0
delta1__peptide_count__P05452,0.010114958575616562,0.0
rollmean2__peptide_mean__P14618,0.010107765687397536,0.0
delta1__peptide_count__Q9UHG2,0.0101049282272659,0.0
rollmean2__protein_npx__Q99969,0.010102090754379416,0.0
delta1__peptide_mean__Q13451,0.010099912157566896,0.0
slope1__peptide_count__P36955,0.010097545222384286,0.0
lag1__protein_npx__P16152,0.010092242669803889,0.0
delta1__protein_npx__P61278,0.010090519340133903,0.0
delta1__peptide_std__P01042,0.010073280589718603,0.0
slope1__protein_npx__O00533,0.010057250496496598,0.0
slope1__peptide_mean__P16870,0.010047165042030154,0.0
rollmean2__protein_npx__O60888,0.010046987340029595,0.0
rollmean2__peptide_mean__Q16610,0.010044009822108006,0.0
missing__peptide_count__O94919,0.010000607426717824,0.0
missing__protein_npx__O94919,0.010000607426717824,0.0
missing__peptide_mean__O94919,0.010000607426717824,0.0
slope1__peptide_count__P14314,0.010000495421137139,0.0
rollmean2__peptide_log__SEALAVDGAGKPGAEEAQDPEGK,0.009993720000791954,0.0
protein_npx__Q13332,0.009973344335060304,0.0
peptide_mean__P12109,0.009962155610865064,0.0
peptide_mean__P41222,0.009949951138208794,0.0
lag1__protein_npx__P51884,0.009926596426159652,0.0
slope1__peptide_count__P01834,0.009903415606785055,0.0
rollmean2__peptide_mean__P20774,0.009895801390387492,0.0
delta1__protein_npx__P98160,0.009885704210874426,0.0
delta1__peptide_log__VTLTC(UniMod_4)VAPLSGVDFQLR,0.009869083874517588,0.0
slope1__peptide_mean__P05156,0.009862315017464436,0.0
peptide_std__P01011,0.009862272080131467,0.0
lag1__peptide_std__P19652,0.009861402130922799,0.0
slope1__peptide_log__VLLDQLR,0.009840235517804913,0.0
slope1__peptide_mean__Q9HDC9,0.009840235517804913,0.0
peptide_log__LQAEAFQAR,0.009819497522647616,0.0
rollmean2__peptide_mean__P60174,0.009802230024478418,0.0
lag1__peptide_count__P05090,0.009801325154956873,0.0
lag1__protein_npx__P00746,0.009801035285488705,0.0
lag1__peptide_log__GEVQAMLGQSTEELRVR,0.009798594088493191,0.0
slope1__peptide_count__P00734,0.009787854478969585,0.0
lag1__protein_npx__P00751,0.009778353909709877,0.0
peptide_mean__P11142,0.009776937831620718,0.0
delta1__peptide_std__P61916,0.009765252469617559,0.0
delta1__peptide_log__LC(UniMod_4)MGSGLNLC(UniMod_4)EPNNKEGYYGYTGAFR,0.009752909477466215,0.0
delta1__peptide_count__P13987,0.009745858443690563,0.0
rollmean2__peptide_mean__P19827,0.009739945239110637,0.0
peptide_log__SNSSM(UniMod_35)HITDC(UniMod_4)R,0.009739391115324167,0.0
lag1__peptide_mean__P08253,0.009728020442714126,0.0
slope1__peptide_mean__Q14508,0.00972540416750024,0.0
rollmean2__peptide_mean__P04004,0.009724515908677131,0.0
protein_npx__P01019,0.009714433959729646,0.0
peptide_mean__Q96KN2,0.009714272476637531,0.0
protein_npx__P06681,0.009710119878896912,0.0
delta1__protein_npx__P00746,0.009709821028046628,0.0
slope1__peptide_log__HYTNPSQDVTVPC(UniMod_4)PVPPPPPC(UniMod_4)C(UniMod_4)HPR,0.009708384376168479,0.0
rollmean2__peptide_mean__P02675,0.009704677030989976,0.0
slope1__peptide_count__P07998,0.00970430250437505,0.0
protein_npx__Q13283,0.009695467749107924,0.0
protein_npx__P08571,0.009687059244345143,0.0
delta1__protein_npx__P01031,0.009686280028989074,0.0
peptide_count__P19652,0.009681566525964367,0.0
peptide_mean__Q8N2S1,0.009681264999076414,0.0
slope1__protein_npx__Q16610,0.009645109821758407,0.0
slope1__protein_npx__P60174,0.00963962307286598,0.0
slope1__peptide_mean__Q9UNU6,0.009636470486733967,0.0
missing__peptide_log__TM(UniMod_35)LLQPAGSLGSYSYR,0.009622358134341568,0.0
lag1__peptide_mean__Q14508,0.009615200264621513,0.0
rollmean2__protein_npx__P13473,0.009605304113014811,0.0
lag1__peptide_log__FLATTPNSLLVSWQPPR,0.009599745976934368,0.0
delta1__peptide_mean__P01019,0.009599446613744332,0.0
slope1__protein_npx__P36955,0.009595377784055042,0.0
peptide_count__P08493,0.009588179544674601,0.0
slope1__peptide_log__GC(UniMod_4)PTEEGC(UniMod_4)GER,0.009586202432007626,0.0
peptide_mean__P04216,0.009578075497062055,0.0
rollmean2__peptide_mean__P02768,0.00957760613324364,0.0
rollmean2__peptide_std__P05155,0.009574104298457039,0.0
delta1__protein_npx__P06454,0.009556310513280089,0.0
delta1__peptide_count__P16870,0.009552210549229912,0.0
delta1__protein_npx__P07225,0.009539907232605267,0.0
missing__peptide_mean__P14618,0.009532582838849486,0.0
missing__protein_npx__P14618,0.009532582838849486,0.0
missing__peptide_count__P14618,0.009532582838849486,0.0
delta1__peptide_log__MTVTDQVNC(UniMod_4)PK,0.009532321007992174,0.0
protein_npx__P20774,0.009527864592395918,0.0
rollmean2__peptide_log__MASGAANVVGPK,0.00952274582635496,0.0
rollmean2__peptide_mean__P00746,0.009519347489058779,0.0
slope1__peptide_mean__O60888,0.009494740056971788,0.0
peptide_mean__Q7Z5P9,0.009467302537060903,0.0
slope1__peptide_mean__Q14118,0.009458328885765654,0.0
rollmean2__peptide_mean__Q92876,0.00942560047932436,0.0
lag1__protein_npx__O14498,0.009418827002451259,0.0
peptide_mean__Q9Y646,0.009418781713562365,0.0
rollmean2__peptide_std__P02452,0.009396952196029706,0.0
delta1__peptide_log__SFNRGEC(UniMod_4),0.009391931489963609,0.0
missing__peptide_mean__O14773,0.009373250622461032,0.0
missing__protein_npx__O14773,0.009373250622461032,0.0
missing__peptide_count__O14773,0.009373250622461032,0.0
lag1__peptide_std__P43652,0.009368727743459454,0.0
peptide_log__RLEGQEEEEDNRDSSMK,0.009362132579899547,0.0
rollmean2__protein_npx__O75326,0.009358834018775297,0.0
delta1__peptide_log__ELSSFIDKGQELC(UniMod_4)ADYSENTFTEYK,0.00935820532183831,0.0
slope1__peptide_count__Q14624,0.009356832519493619,0.0
slope1__protein_npx__Q99674,0.009326330391890228,0.0
delta1__peptide_mean__P02749,0.00931583058106826,0.0
slope1__peptide_std__P00747,0.009307301330750977,0.0
slope1__peptide_std__P02748,0.00930698830290319,0.0
delta1__peptide_count__P61916,0.009304210137258134,0.0
lag1__protein_npx__P20933,0.009260098011610138,0.0
slope1__peptide_mean__P19652,0.009255782062907468,0.0
slope1__protein_npx__O15394,0.009251960353307241,0.0
delta1__peptide_std__P01877,0.009251280632728662,0.0
rollmean2__peptide_std__P12109,0.009250187064007636,0.0
rollmean2__peptide_std__Q13740,0.009244112853952111,0.0
missing__peptide_log__C(UniMod_4)SYTEDAQC(UniMod_4)IDGTIEVPK,0.009240900760073218,0.0
peptide_log__TSAHGNVAEGETKPDPDVTER,0.009237204571117602,0.0
delta1__peptide_log__AYQGVAAPFPK,0.009236067912039013,0.0
slope1__peptide_mean__P16152,0.009229289852290158,0.0
slope1__peptide_log__SC(UniMod_4)SPELQQK,0.009229289852290158,0.0
delta1__peptide_mean__Q9NYU2,0.009228781686456949,0.0
rollmean2__peptide_log__LEGQEEEEDNRDSSMK,0.009225086470470207,0.0
delta1__protein_npx__P00450,0.009211872285614334,0.0
delta1__protein_npx__O00584,0.009210717800922173,0.0
delta1__protein_npx__Q562R1,0.009205356881908875,0.0
rollmean2__peptide_mean__P35542,0.009196358991764011,0.0
slope1__peptide_log__DSGFQM(UniMod_35)NQLR,0.009193790961492677,0.0
lag1__protein_npx__P36955,0.009191216772667399,0.0
rollmean2__protein_npx__P20774,0.009175001607400668,0.0
rollmean2__peptide_mean__P02679,0.009161399512728478,0.0
delta1__protein_npx__P04406,0.009139300042487841,0.0
slope1__peptide_mean__P13591,0.009085848513363784,0.0
peptide_log__AATGEC(UniMod_4)TATVGKR,0.009078474505842751,0.0
peptide_mean__P06681,0.009072352304099102,0.0
delta1__protein_npx__P41222,0.00907182074445221,0.0
rollmean2__peptide_std__P00746,0.009071151818235678,0.0
lag1__peptide_mean__Q99674,0.00906811975192594,0.0
slope1__peptide_count__P02765,0.009059516521889606,0.0
peptide_count__Q14118,0.009059273900715937,0.0
rollmean2__peptide_log__VQPYLDDFQKK,0.009029939208728991,0.0
rollmean2__peptide_count__P06681,0.009025202203509518,0.0
lag1__protein_npx__O15240,0.009023808393194669,0.0
lag1__peptide_mean__P01011,0.009022755551553673,0.0
peptide_mean__P13987,0.009022213810942398,0.0
protein_npx__Q99829,0.00900423233909297,0.0
missing__peptide_log__AEAQEAEDQQAR,0.00896688139636472,0.0
slope1__peptide_count__P01860,0.008965850796809284,0.0
peptide_count__P02652,0.008959396692535045,0.0
delta1__protein_npx__P06310,0.008944953674942777,0.0
missing__peptide_count__P00746,0.008921952783869412,0.0
missing__peptide_mean__P00746,0.008921952783869412,0.0
missing__protein_npx__P00746,0.008921952783869412,0.0
slope1__protein_npx__Q9UBR2,0.008920750489514741,0.0
rollmean2__peptide_log__LGPLVEQGR,0.008890261663142393,0.0
slope1__peptide_log__C(UniMod_4)REILSVDC(UniMod_4)STNNPSQAK,0.008881041297872184,0.0
peptide_mean__P02748,0.008874937945122756,0.0
delta1__peptide_mean__P02774,0.008850279647023833,0.0
delta1__protein_npx__P02753,0.008850172932653182,0.0
peptide_mean__P16870,0.00881242850154817,0.0
slope1__peptide_log__NFPPSQDASGDLYTTSSQLTLPATQC(UniMod_4)LAGK,0.008807847591010887,0.0
peptide_mean__P04406,0.008803432968845733,0.0
delta1__peptide_log__NFPPSQDASGDLYTTSSQLTLPATQC(UniMod_4)PDGK,0.008802214795540537,0.0
rollmean2__protein_npx__P19021,0.008799048074614103,0.0
delta1__peptide_mean__P00734,0.008794623866330929,0.0
slope1__protein_npx__P61916,0.00876981982198943,0.0
lag1__protein_npx__O94919,0.008742809735739817,0.0
delta1__peptide_mean__O60888,0.008710114795856467,0.0
slope1__peptide_log__FLATTPNSLLVSWQPPR,0.008693015408195271,0.0
missing__protein_npx__P43251,0.00867551694965825,0.0
missing__peptide_mean__P43251,0.00867551694965825,0.0
missing__peptide_count__P43251,0.00867551694965825,0.0
slope1__protein_npx__Q562R1,0.008667147801970023,0.0
slope1__peptide_std__P01011,0.00866323346907396,0.0
delta1__peptide_mean__P02787,0.008651089193968314,0.0
delta1__peptide_log__VGYVSGWGR,0.00864447257433223,0.0
delta1__peptide_mean__P01834,0.008642077490542396,0.0
lag1__peptide_log__HYDGSYSTFGER,0.008637846612252708,0.0
delta1__peptide_log__TPVSDRVTK,0.008626916715032806,0.0
delta1__protein_npx__Q6UXD5,0.008612925259705171,0.0
rollmean2__peptide_mean__Q96PD5,0.008609024351082835,0.0
lag1__peptide_mean__P02790,0.00860017438930328,0.0
slope1__peptide_mean__P36955,0.008599653822374025,0.0
lag1__protein_npx__P02766,0.00859553289190853,0.0
delta1__protein_npx__P01608,0.008585970981259653,0.0
slope1__peptide_count__P10645,0.008561619896426263,0.0
peptide_observation_count,0.008560965590383515,0.0
protein_npx__P43251,0.00854588039050326,0.0
slope1__peptide_log__TQVNTQAEQLRR,0.008535953471890668,0.0
peptide_std__P05452,0.008531926627906838,0.0
slope1__peptide_count__O15394,0.008530558565692584,0.0
slope1__peptide_count__P02656,0.008519241475244053,0.0
slope1__peptide_mean__P01024,0.008511315721574784,0.0
lag1__peptide_mean__P13591,0.00850626647549634,0.0
lag1__peptide_log__IMNGEADAMSLDGGFVYIAGK,0.008494553541469671,0.0
protein_npx__P60174,0.008493944806842499,0.0
delta1__peptide_mean__O00391,0.008488674735806681,0.0
peptide_count__P01008,0.008481479323491274,0.0
peptide_mean__Q13283,0.008476445904266624,0.0
lag1__protein_npx__Q16270,0.008463807539962504,0.0
peptide_count__P01024,0.00846002778682067,0.0
rollmean2__months_since_prev_visit,0.008442011428881983,0.0
peptide_abundance_sum,0.008437355341827026,0.0
delta1__peptide_count__P06727,0.008436060850992582,0.0
slope1__peptide_log__YYWGGQYTWDMAK,0.008431243093134248,0.0
slope1__peptide_log__LFDSDPITVTVPVEVSR,0.008423853891678983,0.0
delta1__protein_npx__P05452,0.008413768063474472,0.0
rollmean2__peptide_mean__P31997,0.00840659412605489,0.0
rollmean2__peptide_mean__P11277,0.008391134396881572,0.0
slope1__peptide_mean__Q99829,0.008369802135324608,0.0
peptide_mean__P06396,0.008368088335168675,0.0
rollmean2__peptide_std__Q12907,0.00836256437227464,0.0
missing__peptide_log__NFPPSQDASGDLYTTSSQLTLPATQC(UniMod_4)PDGK,0.008345499376153562,0.0
slope1__protein_npx__P02765,0.008343427655992065,0.0
slope1__peptide_mean__Q9NQ79,0.00832021610443118,0.0
peptide_count__P05090,0.008319516062575971,0.0
slope1__protein_npx__P43652,0.008316964458384896,0.0
rollmean2__peptide_count__Q06481,0.008307693023319861,0.0
delta1__protein_npx__P04180,0.008306460636590386,0.0
slope1__peptide_log__NFPPSQDASGDLYTTSSQLTLPATQC(UniMod_4)PDGK,0.00830285425853354,0.0
lag1__peptide_std__P09486,0.008295454575580404,0.0
lag1__peptide_count__P01008,0.008293964369203434,0.0
protein_npx__Q6UXD5,0.008279532729149544,0.0
lag1__peptide_log__TQVNTQAEQLRR,0.00827595738102736,0.0
slope1__protein_npx__P10451,0.008268051292885218,0.0
rollmean2__peptide_std__P14618,0.00826507752332125,0.0
peptide_mean__P07225,0.00826185360304555,0.0
lag1__peptide_log__SLAELGGHLDQQVEEFRR,0.008242333672632792,0.0
lag1__peptide_std__Q16610,0.008239368832969347,0.0
peptide_mean__P02790,0.008227953975758689,0.0
lag1__protein_npx__O00584,0.008212968685832964,0.0
delta1__protein_npx__P04156,0.008195494181495722,0.0
delta1__peptide_std__Q14624,0.00818661084580453,0.0
slope1__peptide_log__FM(UniMod_35)ETVAEK,0.008184450736111164,0.0
delta1__protein_npx__P02649,0.008163932251942885,0.0
slope1__peptide_std__P02787,0.00816258385465815,0.0
slope1__peptide_log__TSAHGNVAEGETKPDPDVTER,0.00814491662648317,0.0
lag1__peptide_mean__O00533,0.008128272278913034,0.0
missing__peptide_std__Q13740,0.00812648659647703,0.0
delta1__peptide_log__TSAHGNVAEGETKPDPDVTER,0.008100878060595127,0.0
peptide_mean__P43251,0.008092148976004208,0.0
delta1__peptide_log__QIGSVYR,0.008077070109353188,0.0
peptide_mean__P43652,0.00806191567912612,0.0
missing__peptide_std__Q9Y6R7,0.008061792090273545,0.0
slope1__peptide_std__P13591,0.008057927985072544,0.0
rollmean2__peptide_mean__P08133,0.008052661691958141,0.0
delta1__protein_npx__P02452,0.008032972348806223,0.0
lag1__peptide_count__P01019,0.008009363712911985,0.0
peptide_count__P16870,0.007990904402987532,0.0
lag1__peptide_std__Q9UBX5,0.00798661115404964,0.0
delta1__peptide_count__P05090,0.007976744391431445,0.0
slope1__peptide_mean__P98160,0.007956474388354371,0.0
lag1__peptide_count__P36222,0.007952682136970606,0.0
lag1__protein_npx__P14314,0.00793675513557188,0.0
delta1__protein_npx__P32754,0.007924641142831286,0.0
peptide_log__SFNRGEC(UniMod_4),0.007901299286702737,0.0
rollmean2__peptide_count__P01042,0.00789980828024982,0.0
peptide_mean__P06454,0.007894359125013541,0.0
slope1__protein_npx__P04180,0.007867235422705426,0.0
rollmean2__peptide_count__P07339,0.007852028427971858,0.0
rollmean2__protein_npx__P13591,0.007832873538380108,0.0
rollmean2__peptide_log__ATVNPSAPR,0.00782096451411297,0.0
peptide_std__P02790,0.007818766513489972,0.0
slope1__peptide_mean__P01344,0.007789085183423185,0.0
delta1__peptide_count__P01009,0.007780769862252244,0.0
lag1__peptide_std__P13987,0.007759729485322956,0.0
peptide_mean__Q14118,0.007756102951361044,0.0
lag1__peptide_mean__P02787,0.007733929372491512,0.0
delta1__peptide_count__P01860,0.007729162296421748,0.0
delta1__peptide_count__P41222,0.007725215820555737,0.0
lag1__protein_npx__P08697,0.007708862229197189,0.0
slope1__peptide_mean__Q8N2S1,0.007699270333224745,0.0
slope1__peptide_count__P19652,0.007698816773381164,0.0
peptide_mean__Q08380,0.0076982864279348355,0.0
slope1__peptide_std__P02749,0.00769667549727745,0.0
delta1__peptide_std__P16035,0.007690780728025277,0.0
peptide_std__P13987,0.007678995277978234,0.0
peptide_mean__P04004,0.007646669666487633,0.0
rollmean2__protein_npx__P06454,0.00763999937461887,0.0
lag1__peptide_std__P05452,0.007617396832331409,0.0
peptide_count__P02675,0.0076114245334924545,0.0
lag1__peptide_log__FM(UniMod_35)ETVAEK,0.007590403131221453,0.0
peptide_log__LGPLVEQGRVR,0.007581034410268568,0.0
rollmean2__peptide_std__P02766,0.007575979993170904,0.0
delta1__peptide_mean__P01833,0.007550118337191723,0.0
slope1__peptide_mean__P07711,0.00754936495733491,0.0
delta1__peptide_std__P02790,0.00754673013404526,0.0
slope1__peptide_count__Q92823,0.007541823661164423,0.0
delta1__peptide_log__QNC(UniMod_4)ELFEQLGEYK,0.007515821414534572,0.0
lag1__peptide_std__P01024,0.0075137520177772955,0.0
slope1__peptide_mean__P00746,0.007502020013125446,0.0
slope1__peptide_count__P00738,0.007499161063556202,0.0
rollmean2__peptide_count__P02790,0.007493940085643957,0.0
rollmean2__peptide_mean__Q9UHG2,0.0074851958166321664,0.0
missing__peptide_log__VTSIQDWVQK,0.007478368746333219,0.0
peptide_mean__O14773,0.007477344934455508,0.0
peptide_count__P13987,0.007463759330361683,0.0
lag1__peptide_mean__P01008,0.007459912117188206,0.0
lag1__peptide_count__O15240,0.007446946558048927,0.0
rollmean2__peptide_mean__P14174,0.007439337375072899,0.0
lag1__protein_npx__P05060,0.007427434445947058,0.0
slope1__peptide_log__C(UniMod_4)DSSPDSAEDVRK,0.007415740188807272,0.0
delta1__peptide_log__HYTNPSQDVTVPC(UniMod_4)PVPPPPPC(UniMod_4)C(UniMod_4)HPR,0.00740681136191276,0.0
peptide_mean__P25311,0.007403033122276451,0.0
delta1__peptide_count__P02766,0.007394235051964688,0.0
lag1__peptide_std__P01834,0.007354960359901352,0.0
slope1__peptide_count__P16070,0.007354927699156496,0.0
peptide_std__P02679,0.007354600473187291,0.0
delta1__protein_npx__P55290,0.007350442718446206,0.0
slope1__peptide_mean__Q14624,0.007346360237032561,0.0
missing__peptide_log__TPVSDRVTK,0.007342653876808242,0.0
rollmean2__peptide_std__P08571,0.00733203256012103,0.0
peptide_mean__P54289,0.007304031666285816,0.0
slope1__protein_npx__P54289,0.007290493475532574,0.0
rollmean2__protein_npx__P04207,0.007273461346654193,0.0
slope1__peptide_mean__P08493,0.007266692643425256,0.0
rollmean2__protein_npx__Q96BZ4,0.00724554457632647,0.0
delta1__peptide_count__Q96KN2,0.007242298109716451,0.0
delta1__peptide_std__Q9UBX5,0.007240464899230616,0.0
slope1__protein_npx__Q96BZ4,0.007237845401079572,0.0
rollmean2__peptide_mean__P00748,0.007237483297140639,0.0
slope1__peptide_mean__P01011,0.007218224185049795,0.0
delta1__peptide_mean__P02675,0.007211901167478088,0.0
peptide_std__P07339,0.007211506155049146,0.0
rollmean2__protein_npx__P40925,0.007210830257743577,0.0
rollmean2__peptide_count__P01024,0.007203702930547729,0.0
rollmean2__peptide_std__P06727,0.007197149369974087,0.0
peptide_std__P12109,0.0071767521074410905,0.0
delta1__protein_npx__P01833,0.007168165603989637,0.0
delta1__peptide_mean__P08123,0.007158795583888341,0.0
lag1__peptide_std__P02652,0.007112375732638457,0.0
rollmean2__peptide_mean__P06396,0.007109860580420371,0.0
lag1__protein_npx__P13987,0.007103526236972818,0.0
delta1__protein_npx__Q16610,0.007100954708428538,0.0
slope1__peptide_mean__P02749,0.007100176369314343,0.0
lag1__protein_npx__P16870,0.007092286177671241,0.0
slope1__peptide_mean__P02452,0.007078452054146037,0.0
missing__peptide_log__TSAHGNVAEGETKPDPDVTER,0.007076563298251109,0.0
lag1__peptide_mean__Q02818,0.007075128867338782,0.0
rollmean2__peptide_mean__P08603,0.007065866431759625,0.0
delta1__protein_npx__P05156,0.007058004131916769,0.0
rollmean2__peptide_mean__P02747,0.0070549371942154075,0.0
rollmean2__peptide_mean__Q99435,0.007048176289875949,0.0
rollmean2__peptide_count__P36222,0.007036457127032462,0.0
lag1__peptide_count__P24592,0.007030172118069288,0.0
lag1__peptide_mean__P05155,0.007015686792322931,0.0
peptide_count__O15394,0.00701212492247922,0.0
peptide_count__P01860,0.007003662306445871,0.0
peptide_mean__P02656,0.007001803345991146,0.0
delta1__peptide_mean__P08571,0.00700174885094002,0.0
delta1__protein_npx__P02652,0.0069910456248309105,0.0
protein_npx__Q8IWV7,0.0069870940340429,0.0
lag1__protein_npx__P07333,0.0069764501409508295,0.0
lag1__peptide_mean__Q9BY67,0.006975315657490582,0.0
slope1__protein_npx__P04004,0.006975004606471503,0.0
missing__peptide_std__O15394,0.006957575414396492,0.0
rollmean2__protein_npx__P08123,0.006950771839365652,0.0
lag1__peptide_mean__Q92520,0.006929641993159743,0.0
lag1__protein_npx__P01011,0.006924183443401943,0.0
rollmean2__peptide_std__Q12805,0.006914900448524267,0.0
delta1__protein_npx__P07858,0.006914580218305131,0.0
slope1__peptide_count__P05452,0.006907728336563702,0.0
protein_npx__P17936,0.006901713619379041,0.0
missing__peptide_count__P31997,0.006889355231136853,0.0
missing__protein_npx__P31997,0.006889355231136853,0.0
missing__peptide_mean__P31997,0.006889355231136853,0.0
lag1__protein_npx__Q6UXB8,0.0068833621183910796,0.0
rollmean2__peptide_count__P19652,0.0068781769497083195,0.0
lag1__protein_npx__P41222,0.006874060595526981,0.0
slope1__peptide_mean__P02679,0.0068667414530488415,0.0
rollmean2__peptide_count__Q9Y6R7,0.00686098170988932,0.0
protein_npx__P04216,0.006860033937044832,0.0
peptide_mean__P23142,0.006851119027727009,0.0
peptide_log__SC(UniMod_4)SPELQQK,0.00684918141711479,0.0
peptide_mean__P16152,0.00684918141711479,0.0
lag1__peptide_count__P23142,0.006847518929581173,0.0
protein_npx__O00533,0.006831558973973621,0.0
rollmean2__peptide_count__P09871,0.006804790147494196,0.0
lag1__peptide_log__RGYQLSDVDGVTC(UniMod_4)EDIDEC(UniMod_4)ALPTGGHIC(UniMod_4)SYR,0.006803726253804213,0.0
lag1__peptide_count__P09871,0.006795878100576538,0.0
delta1__has_previous_visit,0.006792844021974931,0.0
lag1__has_previous_visit,0.006792844021974916,0.0
slope1__peptide_std__P00746,0.006789815258261549,0.0
delta1__protein_npx__Q15904,0.006773694027875902,0.0
rollmean2__protein_npx__Q9UKV8,0.006773074570319195,0.0
rollmean2__peptide_mean__P10909,0.006765800844618701,0.0
delta1__peptide_count__P12109,0.006764545110612214,0.0
peptide_mean__P00748,0.006745353061052832,0.0
peptide_count__Q96KN2,0.006740128516748979,0.0
delta1__peptide_mean__P02768,0.006731415374373329,0.0
delta1__peptide_mean__P49588,0.006722494693096542,0.0
rollmean2__protein_npx__P05156,0.006698052294839314,0.0
delta1__protein_npx__P14314,0.006674178792919173,0.0
delta1__peptide_std__P02751,0.006653836574536046,0.0
rollmean2__peptide_std__P02763,0.00664945449928275,0.0
lag1__peptide_count__P13987,0.006646389408868772,0.0
lag1__protein_npx__Q13740,0.006640878070923643,0.0
rollmean2__peptide_std__P02747,0.006620181038839207,0.0
peptide_count__Q9Y6R7,0.006617759060446404,0.0
rollmean2__peptide_log__ADDKETC(UniMod_4)FAEEGK,0.006594946388106737,0.0
lag1__protein_npx__Q9BY67,0.006586300813907953,0.0
protein_npx__O75326,0.006576100958619065,0.0
slope1__protein_npx__Q8IWV7,0.006568984217711102,0.0
protein_npx__Q99832,0.00652253318530494,0.0
peptide_mean__P13591,0.006514639918131112,0.0
peptide_std__P02656,0.006501147087624255,0.0
peptide_count__P00734,0.006480709113445256,0.0
slope1__peptide_mean__P19823,0.006459457573867829,0.0
peptide_mean__P02671,0.0064533750489834014,0.0
delta1__peptide_log__KQELSEAEQATR,0.006427462911838206,0.0
slope1__peptide_mean__P43251,0.00640573617104972,0.0
delta1__peptide_mean__Q13332,0.006399256010144672,0.0
rollmean2__peptide_log__KAADDTWEPFASGK,0.006393775332360327,0.0
protein_npx__P12109,0.00638140230438896,0.0
delta1__peptide_std__P01034,0.006380737322682411,0.0
lag1__peptide_mean__Q9HDC9,0.006370357638583358,0.0
lag1__peptide_log__VLLDQLR,0.006370357638583358,0.0
slope1__protein_npx__P07998,0.006359524216417795,0.0
lag1__peptide_log__VQAAVGTSAAPVPSDNH,0.006355805642509614,0.0
lag1__peptide_mean__Q16610,0.006338352866355116,0.0
delta1__peptide_mean__P41222,0.006337092923275207,0.0
rollmean2__protein_npx__P07339,0.006335667318001512,0.0
rollmean2__peptide_mean__P07339,0.006334770591776327,0.0
rollmean2__protein_npx__P08493,0.006332172947344554,0.0
rollmean2__peptide_log__AEAQEAEDQQAR,0.006323972990070122,0.0
lag1__peptide_mean__P04216,0.00631413225509049,0.0
peptide_mean__P04217,0.006294476461489635,0.0
delta1__protein_npx__O14498,0.006291641336688841,0.0
delta1__protein_npx__Q99674,0.006278895199941322,0.0
lag1__peptide_std__P07339,0.00627708834569193,0.0
rollmean2__peptide_mean__P36222,0.0062678772949759575,0.0
slope1__peptide_std__P05155,0.006247665709220219,0.0
peptide_count__P05155,0.006217541193441508,0.0
delta1__peptide_std__P02753,0.006215988926025982,0.0
slope1__peptide_std__Q9Y6R7,0.006205439455043974,0.0
missing__peptide_count__Q9UBX5,0.006202078354110213,0.0
missing__protein_npx__Q9UBX5,0.006202078354110213,0.0
missing__peptide_mean__Q9UBX5,0.006202078354110213,0.0
delta1__peptide_std__P54289,0.0062000991236160225,0.0
delta1__peptide_mean__Q08380,0.006197658906851166,0.0
rollmean2__protein_npx__P01011,0.006194969089632486,0.0
protein_npx__P02766,0.006193420569899143,0.0
peptide_std__P05156,0.0061914597371900484,0.0
rollmean2__peptide_mean__P01011,0.006187124280237727,0.0
delta1__protein_npx__P00736,0.006180727030198197,0.0
slope1__peptide_log__VQAAVGTSAAPVPSDNH,0.006166322733584104,0.0
delta1__peptide_mean__Q99832,0.006157520452977591,0.0
delta1__peptide_std__P07998,0.006155748758151099,0.0
delta1__peptide_count__Q06481,0.006150614815795729,0.0
rollmean2__peptide_log__FNKPFVFLM(UniMod_35)IEQNTK,0.00614745733563616,0.0
peptide_mean__P08123,0.006140882725974015,0.0
lag1__protein_npx__O00391,0.0061289066558625135,0.0
delta1__peptide_count__P27169,0.006126405811792816,0.0
rollmean2__peptide_count__P00734,0.006118887900544276,0.0
lag1__protein_npx__P02763,0.006110791698498011,0.0
slope1__peptide_mean__Q14515,0.006087800781286009,0.0
lag1__peptide_log__LGPLVEQGR,0.0060825898989023295,0.0
missing__peptide_mean__Q562R1,0.0060678528140216854,0.0
missing__peptide_count__Q562R1,0.0060678528140216854,0.0
missing__protein_npx__Q562R1,0.0060678528140216854,0.0
delta1__peptide_mean__Q8NBJ4,0.006064006371523095,0.0
peptide_log__FNKPFVFLM(UniMod_35)IEQNTK,0.006055670908352379,0.0
rollmean2__protein_npx__P08571,0.006054957173320139,0.0
slope1__peptide_std__P13987,0.006038863472444004,0.0
slope1__peptide_log__EILSVDC(UniMod_4)STNNPSQAK,0.006015178377237446,0.0
peptide_mean__Q9Y6R7,0.006013507393029729,0.0
slope1__peptide_mean__Q12841,0.006013223692395295,0.0
peptide_mean__P36980,0.006006595746358294,0.0
lag1__peptide_std__P01857,0.006005769353153412,0.0
rollmean2__peptide_std__Q92520,0.006003065081468896,0.0
peptide_mean__P02750,0.00599785505388365,0.0
lag1__peptide_log__SC(UniMod_4)SPELQQK,0.005994672222758204,0.0
lag1__peptide_mean__P16152,0.005994672222758204,0.0
rollmean2__peptide_std__P02656,0.005992537940612391,0.0
lag1__peptide_mean__P02774,0.005992015786742651,0.0
missing__protein_npx__P01594,0.005979498466747897,0.0
missing__peptide_mean__P01594,0.005979498466747897,0.0
missing__peptide_count__P01594,0.005979498466747897,0.0
slope1__visit_index,0.0059777514761429045,0.0
delta1__peptide_log__LAVYQAGAR,0.005965871721092031,0.0
lag1__peptide_count__P02751,0.005954316917949882,0.0
slope1__protein_npx__Q9UBX5,0.005954006660073489,0.0
lag1__peptide_count__P01859,0.0059482196479294725,0.0
peptide_log__TPVSDRVTK,0.005946941289067245,0.0
delta1__protein_npx__P31997,0.005946401932144218,0.0
rollmean2__protein_npx__P02792,0.005946342375224782,0.0
delta1__peptide_abundance_std,0.0059303369683589915,0.0
lag1__peptide_mean__P02679,0.005929614293559078,0.0
rollmean2__peptide_std__P01034,0.0059279410202796685,0.0
lag1__peptide_log__VTLTC(UniMod_4)VAPLSGVDFQLR,0.005920472386215877,0.0
lag1__peptide_log__KVEQAVETEPEPELR,0.005909801670938523,0.0
delta1__peptide_mean__P14174,0.0059084200763280074,0.0
peptide_std__P02763,0.005905173240038733,0.0
lag1__peptide_count__P08697,0.0058984521696380755,0.0
rollmean2__peptide_count__P01023,0.005886037579078312,0.0
peptide_mean__P30086,0.005884618282592273,0.0
rollmean2__peptide_mean__P06454,0.0058753076813193705,0.0
slope1__peptide_count__P39060,0.005856918397220453,0.0
slope1__peptide_log__AATVGSLAGQPLQER,0.005844694959809981,0.0
slope1__peptide_std__P04004,0.005837806552176909,0.0
missing__peptide_log__C(UniMod_4)REILSVDC(UniMod_4)STNNPSQAK,0.0058368572745707906,0.0
delta1__peptide_count__P02774,0.005833230801747364,0.0
delta1__protein_npx__P01009,0.005829089752732862,0.0
protein_npx__P00450,0.005824218702832513,0.0
peptide_count__P43121,0.005822322410649864,0.0
slope1__peptide_count__Q96KN2,0.005821198581666818,0.0
slope1__protein_npx__Q9UKV8,0.0058076502302004274,0.0
delta1__peptide_count__P02790,0.005806532213755312,0.0
peptide_mean__P02649,0.005801569908092231,0.0
missing__peptide_log__LGADM(UniMod_35)EDVC(UniMod_4)GR,0.005801495632107383,0.0
slope1__protein_npx__P20774,0.005786528749327972,0.0
peptide_mean__Q16270,0.005771696110163634,0.0
delta1__protein_npx__Q9NQ79,0.0057645361902733845,0.0
slope1__peptide_mean__P17936,0.005749520193998402,0.0
delta1__protein_npx__P07195,0.005744330571637355,0.0
lag1__protein_npx__Q14624,0.005740604583986176,0.0
lag1__peptide_count__P02747,0.005728947125493361,0.0
slope1__protein_npx__P01024,0.005710434396733858,0.0
peptide_mean__P35542,0.0056991186618329725,0.0
delta1__protein_npx__P35542,0.005685435842896762,0.0
lag1__peptide_mean__P08133,0.005682961067236064,0.0
lag1__peptide_mean__P17936,0.005682720624070935,0.0
peptide_mean__P04433,0.005681239719076181,0.0
delta1__peptide_mean__Q14624,0.005673284367614257,0.0
protein_npx__P98160,0.0056410920315343805,0.0
slope1__peptide_log__LGPLVEQGR,0.005632077553153993,0.0
slope1__peptide_log__AYKSELEEQLTPVAEETR,0.005624121319128489,0.0
slope1__peptide_log__MTVTDQVNC(UniMod_4)PK,0.00562276552074511,0.0
delta1__protein_npx__P01023,0.005614829553185754,0.0
missing__peptide_count__P08637,0.005578979480542834,0.0
missing__peptide_mean__P08637,0.005578979480542834,0.0
missing__protein_npx__P08637,0.005578979480542834,0.0
missing__peptide_mean__Q99674,0.005574626867852156,0.0
missing__peptide_count__Q99674,0.005574626867852156,0.0
missing__protein_npx__Q99674,0.005574626867852156,0.0
peptide_mean__P01011,0.005572395722943164,0.0
delta1__peptide_std__P02763,0.005571482535603153,0.0
slope1__peptide_mean__P02750,0.0055675254353446755,0.0
rollmean2__peptide_count__P41222,0.005565094657832348,0.0
delta1__peptide_mean__P10643,0.005552251333960768,0.0
slope1__peptide_mean__P02790,0.005527886803192067,0.0
missing__peptide_mean__P17936,0.005521346582819553,0.0
missing__peptide_count__P17936,0.005521346582819553,0.0
missing__protein_npx__P17936,0.005521346582819553,0.0
peptide_log__C(UniMod_4)C(UniMod_4)VEC(UniMod_4)PPC(UniMod_4)PAPPVAGPSVFLFPPKPK,0.00550498874893089,0.0
lag1__peptide_log__VQPYLDDFQKK,0.005497787278530469,0.0
peptide_count__Q9UHG2,0.005476252054993622,0.0
lag1__peptide_std__P30086,0.005460633254153395,0.0
slope1__protein_npx__O43505,0.00545697084803461,0.0
delta1__peptide_mean__P01344,0.0054536728065805885,0.0
lag1__peptide_mean__Q96PD5,0.005452793040094305,0.0
lag1__peptide_mean__Q9UKV8,0.005449228263725409,0.0
rollmean2__peptide_log__M(UniMod_35)YLGYEYVTAIR,0.005446884159741802,0.0
delta1__peptide_log__ANRPFLVFIR,0.005443263597622204,0.0
slope1__peptide_count__P24592,0.005442530781294365,0.0
slope1__peptide_std__P51884,0.0054292939930540894,0.0
slope1__peptide_count__Q9UBX5,0.005407607208406562,0.0
rollmean2__peptide_mean__P08637,0.005384892824703629,0.0
lag1__peptide_count__P02790,0.005358824318875029,0.0
lag1__peptide_abundance_mean,0.005352392334639047,0.0
slope1__protein_npx__Q15904,0.00534921248440517,0.0
peptide_mean__P01877,0.005332071115783902,0.0
peptide_std__Q14515,0.005331834125292551,0.0
delta1__peptide_mean__P01591,0.0053213917764431025,0.0
protein_npx__P01011,0.005318363505757641,0.0
delta1__protein_npx__Q13740,0.00529744920215117,0.0
slope1__protein_npx__P07858,0.0052946861037258585,0.0
lag1__peptide_mean__P54289,0.005294479603622415,0.0
missing__protein_npx__P00736,0.0052855958323836825,0.0
missing__peptide_count__P00736,0.0052855958323836825,0.0
missing__peptide_mean__P00736,0.0052855958323836825,0.0
delta1__protein_npx__P02765,0.005269572186592167,0.0
lag1__protein_npx__P01621,0.005253509056196866,0.0
lag1__peptide_abundance_sum,0.005248396149025541,0.0
peptide_mean__P14618,0.005238385089120905,0.0
rollmean2__protein_npx__P11277,0.0052285891103850835,0.0
protein_npx__P13473,0.0052271865472658455,0.0
delta1__protein_npx__Q9UKV8,0.005225458441320619,0.0
rollmean2__protein_npx__P23083,0.0051988713259927925,0.0
lag1__peptide_std__P02656,0.005191452223966615,0.0
delta1__protein_npx__Q7Z3B1,0.005185845557944502,0.0
rollmean2__peptide_log__AYQGVAAPFPK,0.0051728813151379685,0.0
lag1__peptide_count__Q08380,0.005168432190419563,0.0
rollmean2__peptide_mean__P04216,0.005151420972341795,0.0
slope1__peptide_count__P04196,0.00515089388247162,0.0
delta1__peptide_mean__Q9Y646,0.005139807518141935,0.0
missing__peptide_std__P16070,0.005126301718558855,0.0
missing__peptide_count__Q02818,0.0051190001437461915,0.0
missing__peptide_mean__Q02818,0.0051190001437461915,0.0
missing__protein_npx__Q02818,0.0051190001437461915,0.0
rollmean2__peptide_std__O15394,0.005113711398615262,0.0
lag1__peptide_mean__P61769,0.005110511258226421,0.0
slope1__peptide_mean__P00450,0.0051022726846731755,0.0
lag1__peptide_count__O75144,0.005099252013052893,0.0
delta1__peptide_mean__P06454,0.0050989776249394814,0.0
missing__peptide_count__P98160,0.00509291763016772,0.0
missing__peptide_mean__P98160,0.00509291763016772,0.0
missing__protein_npx__P98160,0.00509291763016772,0.0
missing__protein_npx__P01833,0.005090795725599918,0.0
missing__peptide_count__P01833,0.005090795725599918,0.0
missing__peptide_mean__P01833,0.005090795725599918,0.0
lag1__peptide_log__TPVSDRVTK,0.005080609575465378,0.0
slope1__protein_npx__P02790,0.00507676215800226,0.0
delta1__protein_npx__P08637,0.0050738866307416105,0.0
delta1__peptide_count__O15240,0.005060620205651588,0.0
peptide_count__Q16270,0.0050263277902543885,0.0
rollmean2__peptide_mean__Q9UKV8,0.005011996267519246,0.0
lag1__peptide_count__P30086,0.005011030154886107,0.0
slope1__peptide_log__HGGLYHENMR,0.0050101434678078306,0.0
lag1__peptide_mean__P16870,0.005003627107954398,0.0
protein_npx__Q6UX71,0.005002703451594742,0.0
peptide_std__P61769,0.004999224731219189,0.0
protein_npx__P16035,0.004997876586115868,0.0
rollmean2__peptide_log__C(UniMod_4)KPVNTFVHEPLVDVQNVC(UniMod_4)FQEK,0.0049835987984416154,0.0
delta1__peptide_std__P02748,0.004971189302331499,0.0
slope1__peptide_count__P10643,0.004967459110111239,0.0
delta1__protein_npx__P01344,0.004949057422870104,0.0
slope1__protein_npx__P04207,0.004943980641112162,0.0
rollmean2__peptide_count__Q9UHG2,0.004938244941438629,0.0
lag1__peptide_mean__P01833,0.004936378557666799,0.0
lag1__peptide_mean__P01621,0.004935925203846572,0.0
delta1__protein_npx__Q14508,0.004932351740845625,0.0
lag1__peptide_mean__O00391,0.004931949857006981,0.0
missing__peptide_mean__P04075,0.004930055950354053,0.0
missing__protein_npx__P04075,0.004930055950354053,0.0
missing__peptide_count__P04075,0.004930055950354053,0.0
delta1__peptide_count__P14314,0.004928563529886902,0.0
rollmean2__peptide_std__Q9UBX5,0.004911253742003531,0.0
delta1__peptide_std__P06681,0.004900327947253258,0.0
slope1__protein_npx__Q14624,0.00489901342023861,0.0
slope1__peptide_std__P01009,0.004897218423300618,0.0
lag1__peptide_mean__P05546,0.0048774630860526705,0.0
delta1__peptide_count__P43121,0.004869906339274751,0.0
slope1__peptide_mean__P14618,0.004860806535121565,0.0
peptide_log__SSQGGSLPSEEK,0.004857724818268091,0.0
delta1__peptide_count__P04004,0.00485534114656471,0.0
rollmean2__peptide_abundance_sum,0.004851336603188881,0.0
delta1__peptide_mean__Q9UBR2,0.004850331405378522,0.0
rollmean2__protein_npx__Q06481,0.004835967403167206,0.0
protein_npx__P04406,0.0048324052194185585,0.0
missing__peptide_log__QQETAAAETETR,0.004819584307325786,0.0
slope1__peptide_count__P20774,0.004817645834072778,0.0
lag1__peptide_count__P36955,0.004809914572241157,0.0
lag1__protein_npx__P00736,0.004808725685060053,0.0
slope1__peptide_mean__Q12805,0.004806992585489126,0.0
rollmean2__peptide_mean__P01608,0.004805445838253581,0.0
slope1__peptide_std__P30086,0.004784044951809924,0.0
slope1__peptide_mean__Q562R1,0.0047704944024215155,0.0
peptide_mean__P01857,0.004768651880242385,0.0
rollmean2__peptide_log__SNSSM(UniMod_35)HITDC(UniMod_4)R,0.004760734936523167,0.0
protein_npx__Q92520,0.004748956324968013,0.0
slope1__protein_npx__P01011,0.0047407296233810845,0.0
rollmean2__protein_npx__Q14624,0.004736694774550825,0.0
rollmean2__protein_npx__P31997,0.004724627422124965,0.0
lag1__protein_npx__P04216,0.004722001876342969,0.0
lag1__protein_npx__P23083,0.004716089270895489,0.0
slope1__peptide_log__LRTEGDGVYTLNNEK,0.004714581097234803,0.0
lag1__peptide_mean__P10643,0.004713436663036252,0.0
missing__peptide_log__LFDSDPITVTVPVEVSR,0.004698372618447199,0.0
peptide_std__P02647,0.004696379464688204,0.0
lag1__protein_npx__P07858,0.004692779942777947,0.0
lag1__protein_npx__P01023,0.004680814393045675,0.0
slope1__peptide_std__P00748,0.004671254246779149,0.0
slope1__protein_npx__P04217,0.004637367046632498,0.0
rollmean2__protein_npx__P01033,0.004635895630081525,0.0
peptide_count__P02790,0.0046234186399630095,0.0
rollmean2__protein_npx__O00533,0.004609884784041868,0.0
lag1__peptide_mean__P01861,0.004598039582386191,0.0
lag1__peptide_log__TTPPVLDSDGSFFLYSR,0.004598039582386191,0.0
delta1__protein_npx__P24592,0.004584386960587535,0.0
rollmean2__peptide_mean__O14791,0.0045686152674649936,0.0
lag1__protein_npx__Q92876,0.0045584801413047025,0.0
slope1__peptide_mean__P08571,0.0045432865508649636,0.0
slope1__protein_npx__P01833,0.00454151553706462,0.0
delta1__protein_npx__P08253,0.004529296781078863,0.0
protein_npx__P19652,0.004522651100695884,0.0
delta1__peptide_mean__P35542,0.004501548862387559,0.0
lag1__peptide_log__M(UniMod_35)YLGYEYVTAIR,0.004499044267726287,0.0
delta1__peptide_log__EILSVDC(UniMod_4)STNNPSQAK,0.0044947141120248195,0.0
lag1__peptide_count__P02656,0.004489642220227534,0.0
delta1__peptide_mean__P02790,0.004484733185282646,0.0
lag1__peptide_mean__P08294,0.004473356307180038,0.0
slope1__protein_npx__Q99969,0.0044717158124651015,0.0
lag1__protein_npx__P49908,0.004439585671669386,0.0
rollmean2__peptide_log__SFNRGEC(UniMod_4),0.0044256073839778615,0.0
slope1__peptide_mean__P04217,0.004419405301310535,0.0
rollmean2__peptide_mean__Q08380,0.004417814390887355,0.0
protein_npx__P30086,0.004411623805833016,0.0
lag1__peptide_mean__P01717,0.004406645074248923,0.0
peptide_std__P30086,0.004401690078371447,0.0
protein_npx__P02790,0.004387476124338379,0.0
peptide_mean__P02679,0.004375760344815204,0.0
rollmean2__peptide_std__P02753,0.004371618538667313,0.0
slope1__peptide_log__LVGGPM(UniMod_35)DASVEEEGVRR,0.004364939372127181,0.0
delta1__protein_npx__P02766,0.004363057619536555,0.0
missing__peptide_mean__P09104,0.004361718694719802,0.0
missing__protein_npx__P09104,0.004361718694719802,0.0
missing__peptide_count__P09104,0.004361718694719802,0.0
missing__peptide_log__ELSSFIDKGQELC(UniMod_4)ADYSENTFTEYK,0.004354215895260777,0.0
slope1__protein_npx__Q8N2S1,0.004352202618433758,0.0
protein_npx__P06454,0.0043352941524723455,0.0
missing__peptide_log__TTPPVLDSDGSFFLYSK,0.004324891173614907,0.0
delta1__peptide_mean__P10451,0.004316691362591146,0.0
delta1__protein_npx__Q13283,0.004281945764099213,0.0
lag1__protein_npx__Q99969,0.004278841046067732,0.0
protein_npx__P06396,0.004277755844026927,0.0
rollmean2__protein_npx__P12109,0.004264461972690055,0.0
lag1__peptide_log__SGELEQEEER,0.004260308302449239,0.0
rollmean2__peptide_mean__O00584,0.0042509432180498005,0.0
rollmean2__peptide_std__P36955,0.004250500185774891,0.0
rollmean2__peptide_count__Q14515,0.004230564238384382,0.0
missing__peptide_log__SGELEQEEER,0.0042257134660340645,0.0
lag1__peptide_mean__P01860,0.004222686308261347,0.0
peptide_mean__O75144,0.004217039688489531,0.0
lag1__peptide_mean__O43505,0.0041975947523719154,0.0
rollmean2__peptide_count__P01877,0.0041959510568628225,0.0
lag1__peptide_count__P06727,0.004193633665076098,0.0
delta1__peptide_mean__O43505,0.004190177232485243,0.0
delta1__peptide_mean__P05156,0.004189646619633623,0.0
rollmean2__peptide_count__P02656,0.0041896197536481165,0.0
slope1__peptide_mean__P02647,0.004182981671766593,0.0
peptide_mean__P14174,0.004160300171717534,0.0
lag1__protein_npx__P01861,0.004150411550543167,0.0
peptide_std__P02753,0.004145827340148352,0.0
delta1__peptide_mean__P02751,0.004143607167661777,0.0
delta1__protein_npx__O60888,0.004136985758941945,0.0
lag1__peptide_mean__P07858,0.004135614260141457,0.0
peptide_mean__O00533,0.004121052449814939,0.0
slope1__peptide_std__Q14624,0.004113161168624254,0.0
rollmean2__peptide_mean__P01033,0.00410386808660417,0.0
lag1__peptide_std__P16870,0.004103394478307119,0.0
slope1__peptide_mean__P01034,0.004094207641632351,0.0
missing__peptide_log__C(UniMod_4)C(UniMod_4)VEC(UniMod_4)PPC(UniMod_4)PAPPVAGPSVFLFPPKPK,0.004090287675835582,0.0
lag1__protein_npx__Q7Z3B1,0.004086734735807694,0.0
delta1__peptide_std__P13591,0.004079923867575376,0.0
peptide_mean__O15240,0.004051569093592982,0.0
delta1__peptide_mean__P36955,0.0040355502953643325,0.0
missing__protein_npx__P06681,0.004032986826166211,0.0
missing__peptide_count__P06681,0.004032986826166211,0.0
missing__peptide_mean__P06681,0.004032986826166211,0.0
peptide_log__LRTEGDGVYTLNNEK,0.004032281505344983,0.0
delta1__protein_npx__Q6UXB8,0.004032155201589522,0.0
delta1__peptide_log__LSSWVLLM(UniMod_35)K,0.004030398087447864,0.0
peptide_count__P01042,0.0039823924349150445,0.0
delta1__peptide_mean__P08697,0.003962752840500147,0.0
delta1__peptide_std__P01011,0.003959984320211735,0.0
peptide_mean__P20774,0.003944426768558408,0.0
delta1__protein_npx__P13521,0.003942233416993159,0.0
delta1__peptide_count__P01834,0.003924086815546099,0.0
slope1__peptide_log__QNC(UniMod_4)ELFEQLGEYK,0.00391490562791017,0.0
slope1__protein_npx__P04156,0.003912525873822017,0.0
delta1__peptide_std__P01860,0.0038925025724820504,0.0
rollmean2__peptide_count__P01860,0.0038861315196213374,0.0
rollmean2__peptide_log__VTLTC(UniMod_4)VAPLSGVDFQLR,0.0038845578060729778,0.0
lag1__peptide_count__Q14118,0.00388400646487272,0.0
slope1__peptide_count__P16035,0.0038780959587897644,0.0
lag1__peptide_std__P04180,0.003870418735464642,0.0
protein_npx__O94919,0.003866418503026554,0.0
rollmean2__peptide_mean__Q15904,0.0038656352342920776,0.0
missing__peptide_log__VQPYLDDFQKK,0.0038627224283977243,0.0
peptide_mean__P55290,0.003844813795611076,0.0
lag1__peptide_mean__P01033,0.0038383522839610944,0.0
lag1__peptide_log__QWAGLVEK,0.0038271823621600877,0.0
delta1__peptide_mean__P24592,0.0038149362851262916,0.0
peptide_mean__Q9NQ79,0.0037973416904663595,0.0
rollmean2__peptide_mean__Q92823,0.0037953927978017924,0.0
slope1__protein_npx__Q8NBJ4,0.0037930701676255917,0.0
peptide_mean__P01008,0.003791405101767177,0.0
peptide_mean__P00450,0.003778951026791087,0.0
peptide_mean__Q96PD5,0.003767756204729901,0.0
slope1__peptide_mean__P13611,0.003752322175821707,0.0
missing__peptide_std__Q14118,0.00375087229010159,0.0
delta1__protein_npx__P02749,0.003750437868423788,0.0
slope1__protein_npx__O14498,0.0037451907077255308,0.0
rollmean2__peptide_std__P05156,0.0037429406095942958,0.0
slope1__peptide_count__P06681,0.003732499759128243,0.0
slope1__peptide_mean__Q13451,0.0037311942673886166,0.0
delta1__peptide_mean__P80748,0.003717478211844811,0.0
slope1__protein_npx__Q13283,0.003710364256676992,0.0
slope1__protein_npx__P01621,0.0037056514864744474,0.0
rollmean2__peptide_mean__P06681,0.003698131095533279,0.0
slope1__protein_npx__P43121,0.0036895532101096844,0.0
lag1__peptide_mean__P19652,0.0036884936622982372,0.0
rollmean2__peptide_observation_count,0.0036850368428901596,0.0
rollmean2__peptide_count__P05155,0.003680839413641182,0.0
rollmean2__peptide_count__P43121,0.003671289485791031,0.0
peptide_log__AKLEEQAQQIR,0.0036664261433922794,0.0
rollmean2__peptide_log__ILLQGTPVAQMTEDAVDAER,0.0036439256120752465,0.0
slope1__peptide_log__ANRPFLVFIR,0.003636768237356591,0.0
rollmean2__protein_npx__P01859,0.0036367675303239306,0.0
delta1__peptide_count__P19652,0.0036361462003791974,0.0
slope1__peptide_count__Q12805,0.003618585637928851,0.0
delta1__peptide_std__Q9UHG2,0.0036044777666044492,0.0
delta1__peptide_mean__P10909,0.003604086377333843,0.0
lag1__peptide_mean__P43121,0.0036021746548471276,0.0
peptide_count__P02647,0.00359652064408956,0.0
rollmean2__peptide_mean__P02750,0.0035924259610336223,0.0
peptide_mean__P19823,0.0035532249037133604,0.0
slope1__protein_npx__P00441,0.003545236390201966,0.0
slope1__peptide_abundance_std,0.0035202857691867834,0.0
slope1__peptide_mean__P01876,0.003519585485959543,0.0
lag1__peptide_log__VDSGNDVTDIADDGC(UniMod_4)PKPPEIAHGYVEHSVR,0.003500096021387044,0.0
lag1__protein_npx__P02768,0.003496382054152849,0.0
delta1__peptide_mean__P01621,0.0034931885551964764,0.0
slope1__protein_npx__P05090,0.0034795860779305602,0.0
lag1__protein_npx__P25311,0.0034391132132225418,0.0
lag1__protein_npx__P08493,0.0034321724463876597,0.0
lag1__peptide_std__P16070,0.003408275664054667,0.0
missing__peptide_count__Q9Y6R7,0.00338484380607031,0.0
missing__protein_npx__Q9Y6R7,0.00338484380607031,0.0
missing__peptide_mean__Q9Y6R7,0.00338484380607031,0.0
rollmean2__peptide_std__P10643,0.0033792854413029097,0.0
delta1__peptide_std__Q14515,0.003376503957381994,0.0
protein_npx__P02792,0.0033740692487136213,0.0
missing__peptide_std__Q12841,0.003362544815995969,0.0
rollmean2__peptide_mean__P13521,0.003358261590677263,0.0
peptide_mean__Q13449,0.003320845484517194,0.0
rollmean2__protein_npx__P02766,0.003302041702312961,0.0
slope1__peptide_std__P14618,0.003293761657830994,0.0
delta1__protein_npx__P01857,0.0032894628753924442,0.0
slope1__protein_npx__P02774,0.0032854854035015584,0.0
delta1__protein_npx__P00751,0.003282460964320594,0.0
peptide_std__P07602,0.003264375651775433,0.0
delta1__peptide_count__P16070,0.0032549851008079043,0.0
slope1__protein_npx__P02656,0.0032486486771462347,0.0
delta1__peptide_mean__Q8N2S1,0.0032461903955744286,0.0
peptide_log__FM(UniMod_35)ETVAEK,0.0032189698806054973,0.0
delta1__protein_npx__Q13332,0.0032127777993718803,0.0
lag1__peptide_mean__P25311,0.003202388658502091,0.0
rollmean2__peptide_std__O14773,0.00318617350266807,0.0
missing__protein_npx__O14791,0.0031355967654259492,0.0
missing__peptide_mean__O14791,0.0031355967654259492,0.0
missing__peptide_count__O14791,0.0031355967654259492,0.0
slope1__protein_npx__P14174,0.0031346472628115563,0.0
slope1__peptide_count__P00441,0.0031323077159840043,0.0
lag1__protein_npx__P01344,0.0031233901731702834,0.0
slope1__protein_npx__P19652,0.00311729897349753,0.0
lag1__peptide_log__DLATVYVDVLK,0.003112629452341499,0.0
lag1__protein_npx__P02655,0.0031097826258230576,0.0
missing__peptide_count__Q8N2S1,0.0031032868055878007,0.0
missing__protein_npx__Q8N2S1,0.0031032868055878007,0.0
missing__peptide_mean__Q8N2S1,0.0031032868055878007,0.0
lag1__protein_npx__P02787,0.00309961282363809,0.0
lag1__protein_npx__P05156,0.0030664988906214195,0.0
delta1__protein_npx__P10451,0.0030568327654143254,0.0
slope1__peptide_mean__P55290,0.0030557650206900298,0.0
slope1__protein_npx__P01009,0.0030203581601025635,0.0
missing__peptide_mean__P01031,0.0030164568685827134,0.0
missing__peptide_count__P01031,0.0030164568685827134,0.0
missing__protein_npx__P01031,0.0030164568685827134,0.0
delta1__peptide_mean__P00738,0.003012257934603599,0.0
delta1__peptide_mean__P00441,0.002999613299968903,0.0
rollmean2__protein_npx__Q96KN2,0.002992534484634805,0.0
rollmean2__peptide_mean__O00391,0.0029812626314735108,0.0
lag1__peptide_mean__P04211,0.002965064159102067,0.0
slope1__protein_npx__P00450,0.0029641756092039836,0.0
rollmean2__peptide_count__P02671,0.002958630785129938,0.0
slope1__peptide_std__P01834,0.0029495113483728125,0.0
protein_npx__P02649,0.0029371517194776795,0.0
slope1__protein_npx__Q06481,0.002937118248305384,0.0
delta1__peptide_std__Q12805,0.002922148400475966,0.0
slope1__protein_npx__P01608,0.0029097085487606858,0.0
delta1__peptide_mean__Q6UXD5,0.002904225798416433,0.0
lag1__peptide_log__LPPTSAHGNVAEGETKPDPDVTER,0.0028996634456019566,0.0
slope1__protein_npx__P05067,0.002892156642598875,0.0
missing__peptide_count__P08253,0.002887840257144815,0.0
missing__peptide_mean__P08253,0.002887840257144815,0.0
missing__protein_npx__P08253,0.002887840257144815,0.0
delta1__peptide_std__P14314,0.002883131695275847,0.0
peptide_std__P07711,0.0028724135195341617,0.0
slope1__peptide_log__LGPLVEQGRVR,0.002869452513860507,0.0
slope1__peptide_mean__P51884,0.0028643331109828203,0.0
delta1__peptide_mean__Q12841,0.0028473405136801118,0.0
rollmean2__protein_npx__Q13332,0.0028376758078948964,0.0
lag1__protein_npx__P02753,0.00283338039427601,0.0
rollmean2__peptide_log__SPVGVQPILNEHTFC(UniMod_4)AGMSK,0.0028317137568731367,0.0
slope1__peptide_mean__Q99683,0.0028261407746862513,0.0
missing__peptide_log__IMNGEADAMSLDGGFVYIAGK,0.0028147981163852307,0.0
slope1__protein_npx__Q99683,0.002814558823915672,0.0
peptide_log__HGGLYHENMR,0.0027432295129807484,0.0
rollmean2__peptide_std__P54289,0.002739102424081266,0.0
slope1__peptide_count__P00746,0.002731346581379355,0.0
delta1__peptide_log__DASGVTFTWTPSSGK,0.002709347661811018,0.0
missing__peptide_mean__P13671,0.002707110602923564,0.0
missing__peptide_count__P13671,0.002707110602923564,0.0
missing__protein_npx__P13671,0.002707110602923564,0.0
lag1__peptide_mean__P05452,0.0027042496883988494,0.0
peptide_std__P05090,0.0026671578261345495,0.0
lag1__peptide_mean__Q12841,0.0026474045390963803,0.0
slope1__protein_npx__P02753,0.002643893779589361,0.0
rollmean2__peptide_log__IHWESASLLR,0.0026414310206349144,0.0
missing__peptide_std__P14618,0.002631428294400511,0.0
lag1__peptide_mean__P16070,0.0026252544940897423,0.0
lag1__peptide_count__P07602,0.002624755492917705,0.0
rollmean2__peptide_log__SGEATDGARPQALPEPMQESK,0.0026173015088974856,0.0
delta1__peptide_mean__P98160,0.002600335608359241,0.0
missing__peptide_log__TDASDVKPC(UniMod_4),0.0025986102107167894,0.0
missing__peptide_std__Q92876,0.002584288445623916,0.0
slope1__protein_feature_count,0.00256251893389584,0.0
slope1__protein_missing_fraction,0.002562518933895094,0.0
missing__peptide_std__P00736,0.0025546059872203555,0.0
missing__protein_npx__Q13451,0.0025517131098761565,0.0
missing__peptide_count__Q13451,0.0025517131098761565,0.0
missing__peptide_mean__Q13451,0.0025517131098761565,0.0
slope1__peptide_std__P16035,0.00254581075949685,0.0
lag1__visit_index,0.0025453468530541264,0.0
delta1__peptide_log__SLAELGGHLDQQVEEFRR,0.0025401692639523436,0.0
lag1__peptide_mean__P02655,0.0025359063592164553,0.0
slope1__protein_npx__Q92823,0.0025309390933311547,0.0
slope1__peptide_mean__P80748,0.002529688107764064,0.0
lag1__peptide_std__Q12805,0.002528828236700441,0.0
delta1__protein_npx__P07711,0.0025264947730225494,0.0
slope1__peptide_count__P19823,0.0025218820629393066,0.0
delta1__peptide_count__P51884,0.0025097447599950876,0.0
lag1__peptide_mean__Q99683,0.0025094675353153264,0.0
slope1__peptide_std__Q12907,0.002499014112154872,0.0
delta1__protein_npx__P07602,0.0024857009424583843,0.0
protein_npx__Q16610,0.00247574602038166,0.0
rollmean2__peptide_count__P02647,0.0024732925452412365,0.0
lag1__peptide_log__SPVGVQPILNEHTFC(UniMod_4)AGMSK,0.0024719545665170253,0.0
delta1__protein_npx__Q92823,0.002454999269532092,0.0
rollmean2__peptide_count__O15394,0.002450957495320101,0.0
lag1__protein_npx__O00533,0.0024451098433314255,0.0
slope1__peptide_count__Q13740,0.002443221863119742,0.0
peptide_log__SPVGVQPILNEHTFC(UniMod_4)AGMSK,0.0024391341343137055,0.0
peptide_count__P41222,0.0024388909659261615,0.0
protein_npx__P04196,0.0024352807299485844,0.0
slope1__peptide_mean__Q96KN2,0.002397913484571761,0.0
delta1__peptide_mean__P20774,0.0023939299262891447,0.0
rollmean2__peptide_log__VDNALQSGNSQESVTEQDSKDSTYSLSSTLTLSK,0.002373824046180134,0.0
delta1__peptide_mean__P01031,0.002373700699075061,0.0
rollmean2__protein_npx__P16035,0.002372860760654281,0.0
slope1__protein_npx__P06681,0.002371532837850128,0.0
slope1__protein_npx__P02760,0.0023493113615238375,0.0
peptide_std__P16070,0.00234912957810109,0.0
slope1__peptide_std__P02649,0.002347836640496938,0.0
rollmean2__peptide_mean__P01008,0.0023459939076127664,0.0
protein_npx__P39060,0.002341295610928282,0.0
peptide_mean__P02768,0.002331726830727637,0.0
slope1__peptide_log__AATGEC(UniMod_4)TATVGKR,0.00231101564055791,0.0
peptide_log__FLATTPNSLLVSWQPPR,0.0023008190299368824,0.0
missing__peptide_log__GYQLSDVDGVTC(UniMod_4)EDIDEC(UniMod_4)ALPTGGHIC(UniMod_4)SYR,0.0022869248700733416,0.0
delta1__peptide_log__SPVGVQPILNEHTFC(UniMod_4)AGMSK,0.0022852300139249446,0.0
peptide_std__P01034,0.0022810360986348175,0.0
peptide_mean__P08133,0.002276934672380485,0.0
slope1__protein_npx__Q99829,0.00227677553846242,0.0
rollmean2__peptide_log__NPDPWAK,0.0022684015077564235,0.0
rollmean2__peptide_mean__P02649,0.0022589889920908027,0.0
slope1__protein_npx__Q7Z3B1,0.0022535919652390468,0.0
slope1__peptide_mean__P04433,0.002246481722588919,0.0
lag1__peptide_log__LSNENHGIAQR,0.0022363645492504674,0.0
protein_npx__P01042,0.002232484728006758,0.0
peptide_std__P06396,0.002230022171367945,0.0
lag1__peptide_mean__Q13451,0.002226635899890128,0.0
lag1__protein_npx__P05155,0.0022229169925661665,0.0
lag1__peptide_log__ANRPFLVFIR,0.002211608392698277,0.0
rollmean2__protein_npx__Q92520,0.002203451929828738,0.0
protein_npx__Q6UXB8,0.0022004696594906475,0.0
peptide_mean__Q99829,0.0021862248437840505,0.0
peptide_mean__P00746,0.0021815886086086556,0.0
slope1__peptide_mean__Q96PD5,0.002175533091518673,0.0
delta1__peptide_mean__O14498,0.0021697064537173328,0.0
protein_npx__Q96KN2,0.0021599677199612625,0.0
delta1__peptide_log__SGEATDGARPQALPEPMQESK,0.002140000883830237,0.0
slope1__protein_npx__P02649,0.00212726857366407,0.0
lag1__protein_npx__Q9UKV8,0.0021269626462922494,0.0
rollmean2__protein_npx__P05060,0.0021081007236823145,0.0
protein_npx__P10909,0.0021014468700660724,0.0
delta1__peptide_observation_count,0.002097331745285155,0.0
delta1__protein_npx__Q96BZ4,0.0020945949248174873,0.0
slope1__peptide_mean__P01594,0.002091602869287063,0.0
peptide_mean__O00584,0.0020852035680386056,0.0
delta1__protein_npx__P11142,0.002065845764446651,0.0
rollmean2__peptide_mean__O00533,0.0020650910711747317,0.0
delta1__protein_npx__O00391,0.00205406374633613,0.0
delta1__peptide_std__P27169,0.0020362770519899184,0.0
delta1__peptide_log__LDEVKEQVAEVR,0.002022665005632938,0.0
missing__peptide_std__P02652,0.0020224463542454552,0.0
lag1__protein_npx__Q99683,0.0020206331486815176,0.0
delta1__peptide_std__P00738,0.0020099935702103736,0.0
delta1__peptide_log__MASGAANVVGPK,0.002009133166159852,0.0
missing__peptide_log__LGADMEDVC(UniMod_4)GR,0.0020010745706552043,0.0
peptide_mean__P02452,0.0019933791920107398,0.0
slope1__peptide_mean__O14498,0.0019797017515693215,0.0
slope1__peptide_mean__P24592,0.0019639717312566166,0.0
missing__peptide_count__O60888,0.001953421983730979,0.0
missing__peptide_mean__O60888,0.001953421983730979,0.0
missing__protein_npx__O60888,0.001953421983730979,0.0
slope1__peptide_mean__O43505,0.0019442206886831912,0.0
rollmean2__peptide_count__P10643,0.0019405726978827626,0.0
slope1__protein_npx__Q99832,0.0019194510945553253,0.0
slope1__peptide_count__P08294,0.0019161020262300735,0.0
lag1__peptide_std__Q96KN2,0.0018973158136618407,0.0
lag1__peptide_std__P02753,0.0018925987672496212,0.0
lag1__peptide_mean__O14791,0.0018871017020699087,0.0
slope1__peptide_mean__P02753,0.0018812155292734526,0.0
slope1__protein_npx__P30086,0.0018727742540316046,0.0
slope1__peptide_mean__P10451,0.001870132681234272,0.0
lag1__peptide_std__Q96PD5,0.0018639751701329636,0.0
peptide_std__Q12841,0.0018612037767947167,0.0
peptide_log__LIADLGSTSITNLGFR,0.001854334464894075,0.0
lag1__peptide_mean__P02749,0.0018538630749382274,0.0
lag1__peptide_mean__P49908,0.0018361911197717238,0.0
slope1__peptide_mean__O75144,0.0017971190102288735,0.0
rollmean2__peptide_mean__P07602,0.0017830037370857865,0.0
rollmean2__peptide_std__P39060,0.001780824725651528,0.0
lag1__protein_npx__P01608,0.0017778139533323415,0.0
rollmean2__protein_npx__P04216,0.0017627008914490212,0.0
rollmean2__protein_npx__P06681,0.0017606100356189912,0.0
peptide_log__MYYSAVDPTKDIFTGLIGPM(UniMod_35)K,0.0017458872507795879,0.0
delta1__peptide_mean__P06396,0.0017399116829641494,0.0
rollmean2__protein_npx__P51884,0.0017377600976871176,0.0
peptide_mean__P01019,0.0017300646741795623,0.0
peptide_mean__P02792,0.0017286341308638503,0.0
lag1__peptide_mean__Q8NBJ4,0.0017220172492547342,0.0
missing__peptide_log__DLATVYVDVLK,0.0017054127864808777,0.0
delta1__current_medication_unknown,0.0016914755247467196,0.0
peptide_log__LSKELQAAQAR,0.001691143260283163,0.0
delta1__peptide_std__Q92520,0.0016873024282460741,0.0
peptide_count__P06681,0.0016782181664351096,0.0
slope1__peptide_mean__P04207,0.0016676699576605243,0.0
peptide_count__P06396,0.0016590555644244761,0.0
delta1__peptide_mean__P02753,0.0016582962376737159,0.0
rollmean2__peptide_log__VQAAVGTSAAPVPSDNH,0.0016578219624528495,0.0
rollmean2__peptide_mean__Q16270,0.001654863495425286,0.0
peptide_mean__P09486,0.0016518866457519918,0.0
lag1__peptide_mean__P07195,0.0016459232685676678,0.0
delta1__peptide_count__Q9UBX5,0.0016423487401187665,0.0
slope1__protein_npx__O60888,0.0016395851858876879,0.0
peptide_std__Q92520,0.0016376592611979058,0.0
peptide_mean__P00751,0.0015753797374773028,0.0
delta1__peptide_mean__P43251,0.0015722486773105202,0.0
delta1__peptide_mean__Q9NQ79,0.001550935700736773,0.0
delta1__peptide_std__P04004,0.0015310993329014613,0.0
rollmean2__protein_npx__P02790,0.0015259453650536573,0.0
delta1__peptide_std__P02768,0.0015255188204580303,0.0
slope1__protein_npx__Q12907,0.0015038367988150598,0.0
delta1__peptide_std__P05060,0.0014905468401180864,0.0
slope1__peptide_mean__Q16270,0.0014787325055385353,0.0
protein_npx__P11142,0.0014609358511189405,0.0
lag1__peptide_mean__P10451,0.0014354878117889339,0.0
rollmean2__peptide_mean__P05156,0.0014304530208606484,0.0
lag1__protein_npx__P01031,0.0014280485017126566,0.0
slope1__peptide_mean__P14174,0.0014223100323616077,0.0
rollmean2__protein_npx__P02649,0.00141568185705062,0.0
rollmean2__peptide_log__LRTEGDGVYTLNNEK,0.0013980938472366615,0.0
rollmean2__peptide_count__P05546,0.0013918456976242102,0.0
delta1__peptide_mean__P01780,0.001378372991377409,0.0
delta1__peptide_log__C(UniMod_4)IIEVLSNALSK,0.0013502161694477995,0.0
rollmean2__protein_npx__Q6UXD5,0.0013428523980257448,0.0
delta1__peptide_std__P10909,0.0013348030759198926,0.0
rollmean2__protein_npx__Q6UXB8,0.0013312418566765374,0.0
slope1__peptide_log__TSPVDEKALQDQLVLVAAK,0.001330294899260509,0.0
rollmean2__peptide_count__P04217,0.0013288077674677924,0.0
slope1__protein_npx__P04406,0.0013238769820769838,0.0
protein_npx__P04004,0.0013027446378303534,0.0
lag1__peptide_mean__Q15904,0.0012972749872819924,0.0
rollmean2__peptide_count__P10645,0.001297065892667512,0.0
delta1__protein_npx__P13987,0.0012948140889186305,0.0
lag1__peptide_observation_count,0.0012909766024997923,0.0
slope1__peptide_std__P05156,0.0012866723883726144,0.0
slope1__peptide_std__P02751,0.0012827045276843723,0.0
missing__peptide_count__O14498,0.001279942170548551,0.0
missing__peptide_mean__O14498,0.001279942170548551,0.0
missing__protein_npx__O14498,0.001279942170548551,0.0
rollmean2__protein_npx__P10909,0.001262939065241951,0.0
slope1__peptide_log__IMNGEADAMSLDGGFVYIAGK,0.0012556122169729248,0.0
delta1__peptide_std__P02765,0.0012543534143116468,0.0
slope1__protein_npx__P61278,0.0012512547744365915,0.0
delta1__peptide_mean__P12109,0.0012482110427977531,0.0
rollmean2__peptide_abundance_mean,0.001247692650119561,0.0
peptide_log__AVLPTGDVIGDSAK,0.0012465647942180897,0.0
delta1__peptide_log__C(UniMod_4)TSTGWIPAPR,0.0012442150538771056,0.0
slope1__protein_npx__P06310,0.001238094395491803,0.0
lag1__peptide_count__Q16610,0.001235118086370765,0.0
peptide_std__P00751,0.0012210672654577649,0.0
delta1__peptide_std__P12109,0.001219995724884578,0.0
missing__peptide_log__LGPLVEQGR,0.0012178607376555025,0.0
delta1__peptide_abundance_sum,0.0011979854926608532,0.0
peptide_mean__P36222,0.0011901884887354068,0.0
delta1__protein_npx__P19652,0.0011814274166671457,0.0
lag1__peptide_mean__P04207,0.001174787138739988,0.0
peptide_mean__P01608,0.0011734336511999574,0.0
delta1__protein_npx__P25311,0.0011657099454659248,0.0
peptide_mean__P10909,0.00112139749021591,0.0
delta1__peptide_log__C(UniMod_4)C(UniMod_4)VEC(UniMod_4)PPC(UniMod_4)PAPPVAGPSVFLFPPKPK,0.0011183051596104008,0.0
lag1__peptide_mean__P80748,0.001115841052732748,0.0
missing__peptide_log__IHWESASLLR,0.0011134909111387653,0.0
rollmean2__peptide_mean__P13591,0.0010686940042606004,0.0
slope1__peptide_mean__P01861,0.0010446126896059688,0.0
slope1__peptide_log__TTPPVLDSDGSFFLYSR,0.0010446126896059688,0.0
rollmean2__peptide_mean__Q9Y646,0.0010156669922522879,0.0
delta1__protein_npx__P08571,0.0010087887752720983,0.0
slope1__peptide_log__C(UniMod_4)C(UniMod_4)VEC(UniMod_4)PPC(UniMod_4)PAPPVAGPSVFLFPPKPK,0.0010034826896726488,0.0
lag1__protein_npx__P23142,0.0010022559213394028,0.0
rollmean2__protein_npx__Q12907,0.0009957012746334036,0.0
slope1__peptide_log__LAVYQAGAR,0.0009856173198188425,0.0
missing__protein_npx__P13473,0.0009817981177540872,0.0
missing__peptide_count__P13473,0.0009817981177540872,0.0
missing__peptide_mean__P13473,0.0009817981177540872,0.0
peptide_mean__Q99435,0.0009529827895299354,0.0
protein_npx__P05156,0.0009525879670516633,0.0
lag1__peptide_mean__P00751,0.0009493407900838507,0.0
peptide_abundance_mean,0.0009333768755230949,0.0
rollmean2__protein_npx__P04004,0.0009322585005282632,0.0
slope1__protein_npx__P00746,0.0009320860611040857,0.0
missing__peptide_log__VLLDQLR,0.0009319057531265412,0.0
missing__peptide_mean__Q9HDC9,0.0009319057531265412,0.0
missing__peptide_count__Q9HDC9,0.0009319057531265412,0.0
missing__protein_npx__Q9HDC9,0.0009319057531265412,0.0
lag1__peptide_mean__P08603,0.0009303977092969332,0.0
missing__protein_npx__P39060,0.0009240997202758178,0.0
missing__peptide_count__P39060,0.0009240997202758178,0.0
missing__peptide_mean__P39060,0.0009240997202758178,0.0
delta1__peptide_std__P13987,0.0009143440214437039,0.0
delta1__peptide_mean__Q92520,0.0009140009469684757,0.0
delta1__peptide_mean__P19827,0.0009127759471399368,0.0
delta1__protein_npx__P20774,0.0009030504971388933,0.0
lag1__protein_npx__Q9UHG2,0.0008873664534241668,0.0
lag1__peptide_mean__Q92876,0.0008861591299250534,0.0
lag1__peptide_log__C(UniMod_4)KPVNTFVHEPLVDVQNVC(UniMod_4)FQEK,0.0008861372477458741,0.0
rollmean2__protein_npx__P05408,0.0008786911336024225,0.0
peptide_count__P04433,0.000869322755947611,0.0
rollmean2__peptide_mean__P02763,0.0008601079159921434,0.0
delta1__protein_npx__P04217,0.0008597084443556467,0.0
rollmean2__peptide_std__P13987,0.0008507055014512386,0.0
peptide_mean__Q92876,0.0008479871389387075,0.0
rollmean2__protein_npx__P00450,0.0008438605039983144,0.0
delta1__peptide_count__P07711,0.0008414226221360767,0.0
delta1__peptide_log__LEGQEEEEDNRDSSMK,0.0008342973154657222,0.0
delta1__peptide_mean__P49908,0.0008260196385240877,0.0
rollmean2__protein_npx__P19652,0.000813249436430123,0.0
lag1__peptide_std__P02649,0.0007849596806288996,0.0
protein_npx__P01594,0.0007765621395457952,0.0
slope1__peptide_mean__P04216,0.0007722293218003144,0.0
lag1__peptide_mean__Q16270,0.0007575860681995538,0.0
peptide_log__LC(UniMod_4)MGSGLNLC(UniMod_4)EPNNKEGYYGYTGAFR,0.0007516095579985631,0.0
lag1__protein_npx__Q96PD5,0.0007355699287678271,0.0
peptide_std__P19652,0.0007296403556054389,0.0
peptide_mean__P08603,0.0007064272637294514,0.0
delta1__peptide_count__P04180,0.0006975572072854682,0.0
rollmean2__peptide_log__LQAEAFQAR,0.0006830378715195606,0.0
delta1__peptide_log__GYQLSDVDGVTC(UniMod_4)EDIDEC(UniMod_4)ALPTGGHIC(UniMod_4)SYR,0.0006822866569737179,0.0
lag1__peptide_count__P14314,0.0006821372282667074,0.0
lag1__peptide_count__Q12805,0.0006693249302829453,0.0
slope1__peptide_count__P02790,0.000668371830079673,0.0
delta1__peptide_count__Q08380,0.000659397876995816,0.0
delta1__peptide_mean__Q7Z5P9,0.0006573752951935172,0.0
delta1__peptide_mean__P00751,0.0006372150187048597,0.0
lag1__protein_npx__Q96KN2,0.0006308792928568594,0.0
delta1__peptide_mean__P07339,0.00063050918855198,0.0
delta1__peptide_log__C(UniMod_4)VDVDEC(UniMod_4)APPAEPC(UniMod_4)GK,0.0006282040617478773,0.0
slope1__peptide_mean__P30086,0.0006275943595812153,0.0
delta1__peptide_count__P16035,0.0006267772771643272,0.0
lag1__peptide_count__Q13740,0.0006199330640298448,0.0
slope1__peptide_log__M(UniMod_35)ASGAANVVGPK,0.0006005460364898484,0.0
rollmean2__protein_npx__Q16610,0.0005944473338184856,0.0
slope1__peptide_log__SLAELGGHLDQQVEEFRR,0.00058191821932393,0.0
rollmean2__peptide_mean__P01023,0.0005800597112657433,0.0
lag1__protein_npx__P07195,0.0005771060025662042,0.0
missing__peptide_count__Q96S96,0.0005690155103495935,0.0
missing__peptide_mean__Q96S96,0.0005690155103495935,0.0
missing__protein_npx__Q96S96,0.0005690155103495935,0.0
delta1__peptide_std__P08697,0.0005618474664465948,0.0
protein_npx__P07339,0.0004973081395758827,0.0
slope1__protein_npx__P02679,0.000491484091001563,0.0
missing__peptide_std__P01877,0.000491158960452409,0.0
lag1__peptide_log__TTPPVLDSDGSFFLYSK,0.00047745932788842687,0.0
delta1__peptide_mean__P13473,0.00045504918349362905,0.0
peptide_std__Q12805,0.00044968833523351386,0.0
delta1__peptide_log__IMNGEADAMSLDGGFVYIAGK,0.00044914179130956075,0.0
rollmean2__protein_npx__Q99832,0.0004417976373422754,0.0
slope1__peptide_std__P01860,0.00043851997678183343,0.0
delta1__peptide_mean__P04207,0.00042588291017940866,0.0
lag1__protein_npx__P00747,0.0004155845033803935,0.0
missing__peptide_std__P02750,0.00040840110163587807,0.0
delta1__peptide_std__P05067,0.0003853145265174957,0.0
slope1__peptide_log__SPVGVQPILNEHTFC(UniMod_4)AGMSK,0.0003832499779861404,0.0
slope1__protein_npx__Q92520,0.0003788605032385931,0.0
peptide_log__MASGAANVVGPK,0.0003783796855701795,0.0
delta1__protein_npx__P30086,0.0003723857450440753,0.0
peptide_log__AYQGVAAPFPK,0.0003518542850103738,0.0
delta1__peptide_std__P02774,0.000336417292758632,0.0
slope1__peptide_count__P07602,0.00033390214509890714,0.0
delta1__protein_npx__O00533,0.0003085549970742751,0.0
rollmean2__peptide_mean__O75144,0.00029206963175275324,0.0
protein_npx__Q12907,0.00027746443708723994,0.0
missing__peptide_mean__Q12907,0.00026132204287504274,0.0
missing__protein_npx__Q12907,0.00026132204287504274,0.0
missing__peptide_count__Q12907,0.00026132204287504274,0.0
slope1__protein_npx__P01876,0.00026126494516887485,0.0
delta1__peptide_mean__Q14118,0.0002611009488060652,0.0
lag1__peptide_count__P25311,0.0002487413424505779,0.0
slope1__peptide_mean__P05090,0.00024241507189852614,0.0
missing__peptide_std__P06681,0.00024220863156648742,0.0
lag1__peptide_log__QQETAAAETETR,0.00022893031005129325,0.0
peptide_log__HYDGSYSTFGER,0.00022862906155196778,0.0
slope1__peptide_log__SSQGGSLPSEEK,0.00021794141763412084,0.0
slope1__peptide_mean__P04275,0.00021152217011739176,0.0
peptide_count__P14618,0.0002063915923016821,0.0
rollmean2__peptide_mean__P00751,0.00019856375744338028,0.0
peptide_log__SGEATDGARPQALPEPMQESK,0.00019294356570242338,0.0
lag1__peptide_log__NFPPSQDASGDLYTTSSQLTLPATQC(UniMod_4)PDGK,0.00016435828539082846,0.0
slope1__protein_npx__P49588,0.00014798871752913154,0.0
lag1__peptide_std__P00751,0.00014005746975245858,0.0
delta1__peptide_mean__P06727,0.00013062562735280045,0.0
peptide_log__TTPPVLDSDGSFFLYSK,0.0001107943347679113,0.0
lag1__protein_npx__O43505,0.00010819868005124827,0.0
delta1__peptide_count__P04196,0.00010307799519472471,0.0
lag1__peptide_mean__P02649,8.510638370385487e-05,0.0
missing__peptide_std__Q16610,8.472862020904542e-05,0.0
peptide_count__P00450,7.621036624742513e-05,0.0
lag1__peptide_std__P05090,6.29578750971011e-05,0.0
delta1__peptide_mean__Q14508,3.91080397738738e-05,0.0
slope1__peptide_mean__Q9UBX5,2.9127580744763796e-05,0.0
missing__protein_npx__P00441,7.3827540724656616e-06,0.0
missing__peptide_count__P00441,7.3827540724656616e-06,0.0
missing__peptide_mean__P00441,7.3827540724656616e-06,0.0
rollmean2__protein_npx__O94919,5.750642343568205e-06,0.0
missing__peptide_std__P13987,0.0,0.0
missing__peptide_std__P18065,0.0,0.0
missing__peptide_std__P23142,0.0,0.0
missing__peptide_std__P24592,0.0,0.0
missing__peptide_std__P25311,0.0,0.0
missing__peptide_std__P36222,0.0,0.0
missing__peptide_std__P36955,0.0,0.0
missing__peptide_std__P08571,0.0,0.0
missing__peptide_std__P08603,0.0,0.0
missing__peptide_std__P08697,0.0,0.0
missing__peptide_std__P09486,0.0,0.0
missing__peptide_std__P09871,0.0,0.0
delta1__peptide_count__P61278,0.0,0.0
missing__peptide_std__P10909,0.0,0.0
delta1__peptide_count__P04275,0.0,0.0
missing__peptide_count__O15240,0.0,0.0
missing__peptide_count__O43505,0.0,0.0
missing__peptide_count__O75144,0.0,0.0
missing__peptide_count__P00450,0.0,0.0
delta1__peptide_count__P13671,0.0,0.0
delta1__peptide_count__P14174,0.0,0.0
delta1__peptide_count__P16152,0.0,0.0
delta1__peptide_count__P17936,0.0,0.0
delta1__peptide_count__P19021,0.0,0.0
delta1__peptide_count__P19827,0.0,0.0
slope1__peptide_count__P01780,0.0,0.0
missing__peptide_std__P10645,0.0,0.0
delta1__peptide_count__P08133,0.0,0.0
delta1__peptide_count__P08253,0.0,0.0
delta1__peptide_count__P08637,0.0,0.0
slope1__peptide_count__P01861,0.0,0.0
missing__peptide_std__P07998,0.0,0.0
missing__peptide_std__P08294,0.0,0.0
delta1__peptide_count__P04406,0.0,0.0
delta1__peptide_count__P05408,0.0,0.0
delta1__peptide_count__P06310,0.0,0.0
delta1__peptide_count__P06454,0.0,0.0
delta1__peptide_count__P07195,0.0,0.0
missing__peptide_std__P05155,0.0,0.0
missing__peptide_std__P05452,0.0,0.0
missing__peptide_std__Q12805,0.0,0.0
missing__peptide_std__P06727,0.0,0.0
missing__peptide_std__P07225,0.0,0.0
missing__peptide_std__P07339,0.0,0.0
missing__peptide_std__P07602,0.0,0.0
missing__peptide_std__Q14515,0.0,0.0
missing__peptide_std__Q16270,0.0,0.0
missing__peptide_std__Q92520,0.0,0.0
missing__peptide_std__Q96KN2,0.0,0.0
missing__peptide_std__Q9UHG2,0.0,0.0
missing__peptide_count__O00533,0.0,0.0
missing__peptide_std__P41222,0.0,0.0
missing__peptide_std__P43652,0.0,0.0
missing__peptide_std__P51884,0.0,0.0
missing__peptide_std__Q08380,0.0,0.0
missing__peptide_std__P06396,0.0,0.0
missing__peptide_count__P02649,0.0,0.0
missing__peptide_count__P01019,0.0,0.0
missing__peptide_count__P01023,0.0,0.0
missing__peptide_count__P01024,0.0,0.0
missing__peptide_count__P01034,0.0,0.0
missing__peptide_count__P01042,0.0,0.0
missing__peptide_count__P01344,0.0,0.0
missing__peptide_count__P01621,0.0,0.0
missing__peptide_count__P00734,0.0,0.0
missing__peptide_count__P00738,0.0,0.0
missing__peptide_count__P00747,0.0,0.0
missing__peptide_count__P00748,0.0,0.0
missing__peptide_count__P00751,0.0,0.0
slope1__peptide_count__P01833,0.0,0.0
missing__peptide_count__P01009,0.0,0.0
missing__peptide_count__P01011,0.0,0.0
delta1__peptide_count__Q02818,0.0,0.0
slope1__peptide_count__O00391,0.0,0.0
slope1__peptide_count__O14498,0.0,0.0
slope1__peptide_count__O14791,0.0,0.0
slope1__peptide_count__O43505,0.0,0.0
slope1__peptide_count__O60888,0.0,0.0
slope1__peptide_count__O75326,0.0,0.0
delta1__peptide_count__P43251,0.0,0.0
delta1__peptide_count__P49588,0.0,0.0
delta1__peptide_count__P49908,0.0,0.0
delta1__peptide_count__P60174,0.0,0.0
missing__peptide_count__P01008,0.0,0.0
delta1__peptide_count__P09104,0.0,0.0
delta1__peptide_count__P10451,0.0,0.0
delta1__peptide_count__P11142,0.0,0.0
delta1__peptide_count__P11277,0.0,0.0
delta1__peptide_count__P13473,0.0,0.0
delta1__peptide_count__P13521,0.0,0.0
slope1__peptide_count__P01033,0.0,0.0
slope1__peptide_count__P01344,0.0,0.0
slope1__peptide_count__P01591,0.0,0.0
slope1__peptide_count__P01594,0.0,0.0
slope1__peptide_count__P01608,0.0,0.0
slope1__peptide_count__P01621,0.0,0.0
slope1__peptide_count__P01717,0.0,0.0
missing__peptide_count__P02647,0.0,0.0
missing__peptide_count__P02656,0.0,0.0
missing__peptide_count__P02671,0.0,0.0
missing__peptide_count__P02675,0.0,0.0
missing__peptide_count__P02679,0.0,0.0
missing__peptide_count__P02747,0.0,0.0
missing__peptide_count__P02748,0.0,0.0
missing__peptide_count__P02749,0.0,0.0
missing__peptide_count__P01717,0.0,0.0
missing__peptide_count__P01834,0.0,0.0
missing__peptide_count__P01857,0.0,0.0
missing__peptide_count__P01859,0.0,0.0
missing__peptide_count__P01860,0.0,0.0
missing__peptide_count__P01876,0.0,0.0
missing__peptide_count__P02652,0.0,0.0
lag1__peptide_count__Q7Z3B1,0.0,0.0
lag1__peptide_count__Q7Z5P9,0.0,0.0
lag1__peptide_count__Q8IWV7,0.0,0.0
rollmean2__peptide_count__P60174,0.0,0.0
peptide_count__O75326,0.0,0.0
missing__peptide_mean__Q08380,0.0,0.0
missing__peptide_mean__Q12805,0.0,0.0
missing__peptide_std__P00738,0.0,0.0
missing__peptide_std__P00747,0.0,0.0
missing__peptide_std__P00751,0.0,0.0
missing__peptide_std__P01008,0.0,0.0
missing__peptide_std__P01009,0.0,0.0
missing__peptide_std__P01011,0.0,0.0
delta1__peptide_count__P08123,0.0,0.0
missing__peptide_std__O00533,0.0,0.0
missing__peptide_std__P00450,0.0,0.0
missing__peptide_std__P00734,0.0,0.0
missing__peptide_mean__Q96KN2,0.0,0.0
missing__peptide_mean__Q96PD5,0.0,0.0
missing__peptide_mean__Q9UHG2,0.0,0.0
delta1__peptide_count__P02655,0.0,0.0
delta1__peptide_count__P02792,0.0,0.0
delta1__peptide_count__P04156,0.0,0.0
delta1__peptide_count__P04207,0.0,0.0
delta1__peptide_count__P04211,0.0,0.0
missing__peptide_std__P04004,0.0,0.0
missing__peptide_std__P04180,0.0,0.0
missing__peptide_std__P01019,0.0,0.0
peptide_count__O60888,0.0,0.0
rollmean2__peptide_count__P23083,0.0,0.0
rollmean2__peptide_count__P31997,0.0,0.0
rollmean2__peptide_count__P32754,0.0,0.0
rollmean2__peptide_count__P35542,0.0,0.0
lag1__peptide_count__Q99969,0.0,0.0
lag1__peptide_count__Q9BY67,0.0,0.0
lag1__peptide_count__Q9HDC9,0.0,0.0
lag1__peptide_count__Q9NYU2,0.0,0.0
lag1__peptide_count__Q9UBR2,0.0,0.0
lag1__peptide_count__Q9UKV8,0.0,0.0
lag1__peptide_count__Q9UNU6,0.0,0.0
lag1__peptide_count__Q9Y646,0.0,0.0
rollmean2__peptide_count__Q6UX71,0.0,0.0
rollmean2__peptide_count__Q7Z3B1,0.0,0.0
rollmean2__peptide_count__Q7Z5P9,0.0,0.0
rollmean2__peptide_count__Q8IWV7,0.0,0.0
lag1__peptide_count__Q99683,0.0,0.0
lag1__peptide_count__Q99829,0.0,0.0
lag1__peptide_count__Q99832,0.0,0.0
rollmean2__peptide_count__Q13283,0.0,0.0
rollmean2__peptide_count__Q13332,0.0,0.0
rollmean2__peptide_count__Q13449,0.0,0.0
rollmean2__peptide_count__Q13451,0.0,0.0
rollmean2__peptide_count__Q14508,0.0,0.0
rollmean2__peptide_count__Q15904,0.0,0.0
rollmean2__peptide_count__Q562R1,0.0,0.0
rollmean2__peptide_count__Q6UXD5,0.0,0.0
lag1__peptide_count__Q15904,0.0,0.0
lag1__peptide_count__Q562R1,0.0,0.0
lag1__peptide_count__Q6UX71,0.0,0.0
lag1__peptide_count__Q6UXD5,0.0,0.0
lag1__peptide_count__Q13283,0.0,0.0
lag1__peptide_count__Q13332,0.0,0.0
lag1__peptide_count__Q13449,0.0,0.0
rollmean2__peptide_count__P36980,0.0,0.0
rollmean2__peptide_count__P40925,0.0,0.0
rollmean2__peptide_count__P43251,0.0,0.0
rollmean2__peptide_count__P49588,0.0,0.0
rollmean2__peptide_count__P49908,0.0,0.0
rollmean2__peptide_count__P17936,0.0,0.0
missing__peptide_std__P04196,0.0,0.0
rollmean2__peptide_count__P19827,0.0,0.0
rollmean2__peptide_count__P20933,0.0,0.0
missing__peptide_std__P01834,0.0,0.0
missing__peptide_std__P01876,0.0,0.0
missing__peptide_std__P02647,0.0,0.0
slope1__peptide_count__P02655,0.0,0.0
slope1__peptide_count__P02792,0.0,0.0
slope1__peptide_count__P04156,0.0,0.0
slope1__peptide_count__P04207,0.0,0.0
slope1__peptide_count__P04211,0.0,0.0
slope1__peptide_count__P04216,0.0,0.0
delta1__peptide_count__P07333,0.0,0.0
delta1__peptide_count__P07858,0.0,0.0
rollmean2__peptide_count__P19021,0.0,0.0
missing__peptide_std__P04217,0.0,0.0
missing__peptide_std__P04433,0.0,0.0
missing__peptide_std__P05060,0.0,0.0
missing__peptide_std__P05067,0.0,0.0
missing__peptide_std__P05090,0.0,0.0
missing__peptide_std__P02753,0.0,0.0
missing__peptide_std__P02760,0.0,0.0
missing__peptide_std__P02765,0.0,0.0
missing__peptide_std__P02766,0.0,0.0
missing__peptide_std__P02768,0.0,0.0
missing__peptide_std__P02774,0.0,0.0
missing__peptide_std__P02787,0.0,0.0
missing__peptide_std__P02790,0.0,0.0
lag1__peptide_count__Q14508,0.0,0.0
missing__peptide_std__P02671,0.0,0.0
missing__peptide_std__P02675,0.0,0.0
missing__peptide_std__P02679,0.0,0.0
missing__peptide_std__P02749,0.0,0.0
missing__peptide_std__P02751,0.0,0.0
missing__peptide_std__P01023,0.0,0.0
missing__peptide_std__P01024,0.0,0.0
missing__peptide_std__P01034,0.0,0.0
missing__peptide_std__P01042,0.0,0.0
rollmean2__peptide_count__P11142,0.0,0.0
rollmean2__peptide_count__P11277,0.0,0.0
rollmean2__peptide_count__P13473,0.0,0.0
lag1__peptide_count__Q13451,0.0,0.0
missing__peptide_std__P02649,0.0,0.0
rollmean2__peptide_count__P04211,0.0,0.0
rollmean2__peptide_count__P04216,0.0,0.0
missing__peptide_count__P36222,0.0,0.0
missing__peptide_count__P36955,0.0,0.0
missing__peptide_count__P41222,0.0,0.0
delta1__peptide_count__Q99832,0.0,0.0
delta1__peptide_count__Q99969,0.0,0.0
delta1__peptide_count__Q9BY67,0.0,0.0
delta1__peptide_count__Q96S96,0.0,0.0
delta1__peptide_count__Q99435,0.0,0.0
delta1__peptide_count__Q99674,0.0,0.0
delta1__peptide_count__Q99683,0.0,0.0
delta1__peptide_count__Q99829,0.0,0.0
delta1__peptide_count__P61626,0.0,0.0
missing__peptide_count__Q14515,0.0,0.0
rollmean2__peptide_count__O43505,0.0,0.0
rollmean2__peptide_count__O60888,0.0,0.0
rollmean2__peptide_count__O75326,0.0,0.0
lag1__peptide_count__P07858,0.0,0.0
lag1__peptide_count__P08123,0.0,0.0
lag1__peptide_count__P08133,0.0,0.0
missing__peptide_log__AYKSELEEQLTPVAEETR,0.0,0.0
missing__peptide_log__AYQGVAAPFPK,0.0,0.0
missing__peptide_log__DASGVTFTWTPSSGK,0.0,0.0
missing__peptide_log__ADDKETC(UniMod_4)FAEEGK,0.0,0.0
missing__peptide_log__AKLEEQAQQIR,0.0,0.0
lag1__peptide_count__P01717,0.0,0.0
missing__peptide_count__Q12805,0.0,0.0
missing__peptide_count__P20774,0.0,0.0
missing__peptide_count__P23142,0.0,0.0
missing__peptide_count__P24592,0.0,0.0
missing__peptide_count__P25311,0.0,0.0
rollmean2__peptide_count__P01861,0.0,0.0
lag1__peptide_count__P11142,0.0,0.0
lag1__peptide_count__P11277,0.0,0.0
lag1__peptide_count__P13473,0.0,0.0
lag1__peptide_count__P13521,0.0,0.0
lag1__peptide_count__P13671,0.0,0.0
lag1__peptide_count__P14174,0.0,0.0
lag1__peptide_count__P16152,0.0,0.0
rollmean2__peptide_count__P08253,0.0,0.0
rollmean2__peptide_count__P04207,0.0,0.0
lag1__peptide_count__P61278,0.0,0.0
lag1__peptide_count__P61626,0.0,0.0
lag1__peptide_count__P80748,0.0,0.0
lag1__peptide_count__Q02818,0.0,0.0
lag1__peptide_count__P10451,0.0,0.0
rollmean2__peptide_count__P06310,0.0,0.0
rollmean2__peptide_count__P06454,0.0,0.0
rollmean2__peptide_count__P07195,0.0,0.0
rollmean2__peptide_count__P07333,0.0,0.0
rollmean2__peptide_count__P07858,0.0,0.0
rollmean2__peptide_count__P08123,0.0,0.0
rollmean2__peptide_count__P08133,0.0,0.0
rollmean2__peptide_count__P04156,0.0,0.0
lag1__peptide_count__P60174,0.0,0.0
lag1__peptide_count__P06310,0.0,0.0
lag1__peptide_count__P06454,0.0,0.0
lag1__peptide_count__P07195,0.0,0.0
lag1__peptide_count__P01833,0.0,0.0
rollmean2__peptide_count__P02655,0.0,0.0
rollmean2__peptide_count__P02792,0.0,0.0
lag1__peptide_count__P17936,0.0,0.0
lag1__peptide_count__P19021,0.0,0.0
lag1__peptide_count__P19827,0.0,0.0
lag1__peptide_count__P20933,0.0,0.0
lag1__peptide_count__P01591,0.0,0.0
lag1__peptide_count__P01594,0.0,0.0
missing__peptide_count__Q14624,0.0,0.0
lag1__peptide_count__P01780,0.0,0.0
missing__peptide_count__Q16610,0.0,0.0
missing__peptide_count__Q9UHG2,0.0,0.0
missing__peptide_count__Q7Z3B1,0.0,0.0
missing__peptide_count__Q7Z5P9,0.0,0.0
missing__peptide_count__Q92520,0.0,0.0
missing__peptide_count__Q92823,0.0,0.0
missing__peptide_count__Q92876,0.0,0.0
missing__peptide_count__Q96KN2,0.0,0.0
missing__peptide_count__Q96PD5,0.0,0.0
delta1__visit_index,0.0,0.0
lag1__peptide_count__P04216,0.0,0.0
lag1__peptide_count__P04275,0.0,0.0
lag1__peptide_count__P04406,0.0,0.0
missing__peptide_count__Q16270,0.0,0.0
lag1__peptide_count__P04207,0.0,0.0
lag1__peptide_count__P01861,0.0,0.0
lag1__peptide_count__P02655,0.0,0.0
lag1__peptide_count__O00391,0.0,0.0
rollmean2__peptide_count__O00391,0.0,0.0
rollmean2__peptide_count__O14498,0.0,0.0
rollmean2__peptide_count__O14791,0.0,0.0
lag1__peptide_count__P01608,0.0,0.0
lag1__peptide_count__P01621,0.0,0.0
lag1__peptide_count__O75326,0.0,0.0
missing__peptide_log__QWAGLVEK,0.0,0.0
slope1__months_since_baseline,0.0,0.0
rollmean2__peptide_count__Q96BZ4,0.0,0.0
lag1__peptide_count__P05408,0.0,0.0
rollmean2__peptide_count__Q99435,0.0,0.0
rollmean2__peptide_count__Q99674,0.0,0.0
missing__protein_npx__O00533,0.0,0.0
missing__protein_npx__P01717,0.0,0.0
missing__protein_npx__P01834,0.0,0.0
missing__protein_npx__P01857,0.0,0.0
missing__protein_npx__P01859,0.0,0.0
missing__protein_npx__P01860,0.0,0.0
missing__protein_npx__P01876,0.0,0.0
missing__has_previous_visit,0.0,0.0
lag1__peptide_count__P08253,0.0,0.0
lag1__peptide_count__P08637,0.0,0.0
lag1__peptide_count__P23083,0.0,0.0
rollmean2__peptide_count__Q96S96,0.0,0.0
missing__peptide_count__P08493,0.0,0.0
missing__peptide_count__P08571,0.0,0.0
missing__peptide_count__P08603,0.0,0.0
missing__peptide_count__P08697,0.0,0.0
missing__peptide_count__P05156,0.0,0.0
missing__peptide_count__P05452,0.0,0.0
missing__peptide_count__P06396,0.0,0.0
missing__peptide_count__P06727,0.0,0.0
missing__peptide_count__P07225,0.0,0.0
missing__peptide_count__P07339,0.0,0.0
missing__peptide_count__P07602,0.0,0.0
slope1__peptide_count__P01031,0.0,0.0
missing__peptide_count__P04433,0.0,0.0
delta1__peptide_count__Q9UKV8,0.0,0.0
rollmean2__peptide_count__P04406,0.0,0.0
rollmean2__peptide_count__P05408,0.0,0.0
lag1__peptide_count__P31997,0.0,0.0
lag1__peptide_count__P32754,0.0,0.0
lag1__peptide_count__P35542,0.0,0.0
lag1__peptide_count__P36980,0.0,0.0
lag1__peptide_count__P40925,0.0,0.0
lag1__peptide_count__P43251,0.0,0.0
lag1__peptide_count__P49588,0.0,0.0
lag1__peptide_count__P49908,0.0,0.0
lag1__peptide_count__Q8NBJ4,0.0,0.0
lag1__peptide_count__Q8NE71,0.0,0.0
lag1__peptide_count__Q96BZ4,0.0,0.0
rollmean2__peptide_count__P04275,0.0,0.0
missing__peptide_missing_fraction,0.0,0.0
delta1__peptide_count__P80748,0.0,0.0
missing__peptide_count__P02774,0.0,0.0
missing__peptide_count__P02787,0.0,0.0
missing__peptide_count__P02790,0.0,0.0
missing__peptide_count__P04004,0.0,0.0
missing__peptide_count__P04156,0.0,0.0
missing__peptide_count__P04180,0.0,0.0
missing__peptide_count__P04196,0.0,0.0
missing__peptide_count__P04217,0.0,0.0
missing__peptide_count__P02750,0.0,0.0
missing__peptide_count__P02751,0.0,0.0
missing__peptide_count__P02753,0.0,0.0
missing__peptide_count__P08294,0.0,0.0
missing__peptide_count__P02763,0.0,0.0
missing__peptide_count__P02765,0.0,0.0
missing__peptide_count__P02766,0.0,0.0
missing__peptide_count__P02768,0.0,0.0
missing__peptide_count__P09486,0.0,0.0
missing__peptide_count__P09871,0.0,0.0
missing__peptide_count__P10451,0.0,0.0
missing__peptide_count__P10643,0.0,0.0
missing__peptide_count__P10645,0.0,0.0
missing__peptide_count__P10909,0.0,0.0
missing__peptide_count__P12109,0.0,0.0
missing__peptide_count__P07858,0.0,0.0
missing__peptide_count__P07998,0.0,0.0
missing__peptide_count__P02760,0.0,0.0
delta1__peptide_count__Q6UXD5,0.0,0.0
delta1__peptide_count__Q7Z3B1,0.0,0.0
delta1__peptide_count__Q7Z5P9,0.0,0.0
delta1__peptide_count__Q8IWV7,0.0,0.0
delta1__peptide_count__Q8N2S1,0.0,0.0
delta1__peptide_count__Q8NBJ4,0.0,0.0
delta1__peptide_count__Q8NE71,0.0,0.0
missing__peptide_count__P13521,0.0,0.0
missing__peptide_count__P13987,0.0,0.0
delta1__peptide_count__Q562R1,0.0,0.0
delta1__peptide_count__Q13451,0.0,0.0
delta1__peptide_count__Q14508,0.0,0.0
delta1__peptide_count__Q15904,0.0,0.0
lag1__peptide_count__Q96S96,0.0,0.0
missing__peptide_count__P61769,0.0,0.0
missing__peptide_count__P61916,0.0,0.0
missing__peptide_count__P80748,0.0,0.0
missing__peptide_count__Q08380,0.0,0.0
delta1__peptide_count__Q9UNU6,0.0,0.0
delta1__peptide_count__Q9Y646,0.0,0.0
delta1__peptide_count__Q13283,0.0,0.0
delta1__peptide_count__Q13332,0.0,0.0
delta1__peptide_count__Q13449,0.0,0.0
missing__peptide_count__P43652,0.0,0.0
delta1__peptide_count__Q9HDC9,0.0,0.0
delta1__peptide_count__Q9NYU2,0.0,0.0
delta1__peptide_count__Q9UBR2,0.0,0.0
missing__peptide_count__P51884,0.0,0.0
lag1__peptide_count__Q99435,0.0,0.0
lag1__peptide_count__Q99674,0.0,0.0
rollmean2__peptide_count__P13521,0.0,0.0
rollmean2__peptide_count__P13671,0.0,0.0
rollmean2__peptide_count__P14174,0.0,0.0
rollmean2__peptide_count__P16152,0.0,0.0
lag1__peptide_count__Q8N2S1,0.0,0.0
rollmean2__peptide_count__P08637,0.0,0.0
rollmean2__peptide_count__P09104,0.0,0.0
rollmean2__peptide_count__P10451,0.0,0.0
missing__peptide_count__P05060,0.0,0.0
missing__peptide_count__P05067,0.0,0.0
missing__peptide_count__P05090,0.0,0.0
delta1__peptide_count__Q6UX71,0.0,0.0
delta1__peptide_count__P36980,0.0,0.0
delta1__peptide_count__P40925,0.0,0.0
missing__peptide_count__P16035,0.0,0.0
missing__peptide_count__P16070,0.0,0.0
missing__peptide_count__P16870,0.0,0.0
missing__peptide_count__P18065,0.0,0.0
missing__peptide_count__P19652,0.0,0.0
missing__peptide_count__P19823,0.0,0.0
delta1__peptide_count__Q96BZ4,0.0,0.0
delta1__peptide_count__P20933,0.0,0.0
delta1__peptide_count__P23083,0.0,0.0
delta1__peptide_count__P31997,0.0,0.0
delta1__peptide_count__P32754,0.0,0.0
delta1__peptide_count__P35542,0.0,0.0
missing__peptide_count__P05155,0.0,0.0
peptide_count__Q99832,0.0,0.0
peptide_count__Q562R1,0.0,0.0
peptide_count__Q6UX71,0.0,0.0
peptide_count__Q6UXD5,0.0,0.0
peptide_count__Q7Z3B1,0.0,0.0
peptide_count__Q7Z5P9,0.0,0.0
peptide_count__Q8IWV7,0.0,0.0
peptide_count__Q8N2S1,0.0,0.0
peptide_count__Q8NBJ4,0.0,0.0
missing__protein_npx__P09871,0.0,0.0
missing__protein_npx__P10451,0.0,0.0
missing__protein_npx__P10643,0.0,0.0
missing__protein_npx__P10645,0.0,0.0
peptide_count__O43505,0.0,0.0
peptide_count__Q13451,0.0,0.0
peptide_count__Q14508,0.0,0.0
peptide_count__Q15904,0.0,0.0
missing__protein_npx__P07998,0.0,0.0
missing__protein_npx__P08294,0.0,0.0
missing__protein_npx__P08493,0.0,0.0
missing__protein_npx__P08571,0.0,0.0
missing__protein_npx__P08603,0.0,0.0
missing__protein_npx__P08697,0.0,0.0
missing__protein_npx__P09486,0.0,0.0
missing__protein_npx__P80748,0.0,0.0
missing__protein_npx__Q08380,0.0,0.0
missing__protein_npx__Q12805,0.0,0.0
missing__protein_npx__P10909,0.0,0.0
rollmean2__peptide_count__P61626,0.0,0.0
rollmean2__peptide_count__P80748,0.0,0.0
rollmean2__peptide_count__Q02818,0.0,0.0
rollmean2__peptide_count__Q9UKV8,0.0,0.0
rollmean2__peptide_count__Q9UNU6,0.0,0.0
rollmean2__peptide_count__Q9Y646,0.0,0.0
rollmean2__peptide_count__Q99683,0.0,0.0
rollmean2__peptide_count__Q99829,0.0,0.0
rollmean2__peptide_count__Q99832,0.0,0.0
rollmean2__peptide_count__Q99969,0.0,0.0
rollmean2__peptide_count__Q9BY67,0.0,0.0
rollmean2__peptide_count__Q9HDC9,0.0,0.0
rollmean2__peptide_count__Q9NYU2,0.0,0.0
peptide_count__Q99829,0.0,0.0
rollmean2__peptide_count__Q8N2S1,0.0,0.0
rollmean2__peptide_count__Q8NBJ4,0.0,0.0
rollmean2__peptide_count__Q8NE71,0.0,0.0
missing__protein_npx__P05090,0.0,0.0
missing__protein_npx__P05155,0.0,0.0
missing__protein_npx__P05156,0.0,0.0
missing__protein_npx__P05452,0.0,0.0
peptide_count__Q8NE71,0.0,0.0
peptide_count__Q96BZ4,0.0,0.0
peptide_count__Q96S96,0.0,0.0
peptide_count__Q99435,0.0,0.0
peptide_count__Q99674,0.0,0.0
peptide_count__Q99683,0.0,0.0
rollmean2__peptide_count__Q9UBR2,0.0,0.0
peptide_count__P13671,0.0,0.0
peptide_count__P14174,0.0,0.0
missing__protein_npx__Q16610,0.0,0.0
missing__protein_npx__Q7Z3B1,0.0,0.0
missing__protein_npx__Q7Z5P9,0.0,0.0
missing__protein_npx__Q92520,0.0,0.0
missing__protein_npx__Q92823,0.0,0.0
missing__protein_npx__Q92876,0.0,0.0
missing__protein_npx__Q96KN2,0.0,0.0
peptide_count__P80748,0.0,0.0
peptide_count__Q02818,0.0,0.0
peptide_count__Q13283,0.0,0.0
peptide_count__Q13332,0.0,0.0
peptide_count__P32754,0.0,0.0
missing__protein_npx__Q14515,0.0,0.0
missing__protein_npx__Q14624,0.0,0.0
missing__protein_npx__Q16270,0.0,0.0
peptide_count__P40925,0.0,0.0
peptide_count__P43251,0.0,0.0
peptide_count__P49588,0.0,0.0
peptide_count__P49908,0.0,0.0
peptide_count__P60174,0.0,0.0
peptide_count__P61278,0.0,0.0
peptide_count__P61626,0.0,0.0
delta1__peptide_count__O43505,0.0,0.0
delta1__peptide_count__O60888,0.0,0.0
delta1__peptide_count__O75326,0.0,0.0
peptide_count__Q13449,0.0,0.0
peptide_count__P35542,0.0,0.0
peptide_count__P36980,0.0,0.0
missing__protein_npx__P36222,0.0,0.0
missing__protein_npx__P36955,0.0,0.0
missing__protein_npx__P41222,0.0,0.0
missing__protein_npx__P43652,0.0,0.0
missing__protein_npx__P51884,0.0,0.0
missing__protein_npx__P61769,0.0,0.0
missing__protein_npx__P61916,0.0,0.0
missing__protein_npx__P16870,0.0,0.0
missing__protein_npx__P18065,0.0,0.0
missing__protein_npx__P19652,0.0,0.0
missing__protein_npx__P19823,0.0,0.0
peptide_count__P13521,0.0,0.0
missing__protein_npx__P23142,0.0,0.0
missing__protein_npx__P24592,0.0,0.0
missing__protein_npx__P25311,0.0,0.0
peptide_count__Q99969,0.0,0.0
missing__protein_npx__P12109,0.0,0.0
missing__protein_npx__P13521,0.0,0.0
missing__protein_npx__P13987,0.0,0.0
missing__protein_npx__P16035,0.0,0.0
missing__protein_npx__P16070,0.0,0.0
missing__protein_npx__Q96PD5,0.0,0.0
peptide_count__P11142,0.0,0.0
peptide_count__P11277,0.0,0.0
peptide_count__P13473,0.0,0.0
missing__protein_npx__P20774,0.0,0.0
missing__visit_index,0.0,0.0
missing__months_since_baseline,0.0,0.0
missing__peptide_log__KQELSEAEQATR,0.0,0.0
missing__peptide_log__LQAEAFQAR,0.0,0.0
missing__peptide_log__GSPAINVAVHVFRK,0.0,0.0
missing__peptide_log__QNC(UniMod_4)ELFEQLGEYK,0.0,0.0
missing__peptide_feature_count,0.0,0.0
missing__peptide_log__TLLSNLEEAKK,0.0,0.0
lag1__peptide_count__P01031,0.0,0.0
missing__protein_npx__P02649,0.0,0.0
missing__protein_npx__P01019,0.0,0.0
missing__protein_npx__P01023,0.0,0.0
missing__protein_npx__P01024,0.0,0.0
rollmean2__peptide_count__P61278,0.0,0.0
missing__protein_npx__P01042,0.0,0.0
missing__protein_npx__P01344,0.0,0.0
missing__protein_npx__P01621,0.0,0.0
missing__protein_npx__P00734,0.0,0.0
missing__protein_npx__P00738,0.0,0.0
missing__protein_npx__P00747,0.0,0.0
missing__protein_npx__P00748,0.0,0.0
missing__protein_npx__P00751,0.0,0.0
missing__protein_npx__P01008,0.0,0.0
missing__protein_npx__P01009,0.0,0.0
missing__protein_npx__P01011,0.0,0.0
missing__protein_npx__O15240,0.0,0.0
missing__protein_npx__O43505,0.0,0.0
missing__protein_npx__P01034,0.0,0.0
missing__current_updrs_1,0.0,0.0
missing__current_updrs_2,0.0,0.0
missing__peptide_log__ANRPFLVFIR,0.0,0.0
lag1__peptide_count__P07333,0.0,0.0
missing__protein_npx__P02647,0.0,0.0
lag1__peptide_count__P01033,0.0,0.0
lag1__peptide_count__P01344,0.0,0.0
rollmean2__peptide_count__P01780,0.0,0.0
rollmean2__peptide_count__P01833,0.0,0.0
lag1__peptide_count__P09104,0.0,0.0
lag1__peptide_count__P02792,0.0,0.0
lag1__peptide_count__P04156,0.0,0.0
missing__peptide_log__SPVGVQPILNEHTFC(UniMod_4)AGMSK,0.0,0.0
missing__current_medication_unknown,0.0,0.0
rollmean2__peptide_count__P01031,0.0,0.0
rollmean2__peptide_count__P01033,0.0,0.0
rollmean2__peptide_count__P01344,0.0,0.0
rollmean2__peptide_count__P01591,0.0,0.0
rollmean2__peptide_count__P01594,0.0,0.0
rollmean2__peptide_count__P01608,0.0,0.0
rollmean2__peptide_count__P01621,0.0,0.0
rollmean2__peptide_count__P01717,0.0,0.0
lag1__peptide_count__O14498,0.0,0.0
lag1__peptide_count__O14791,0.0,0.0
lag1__peptide_count__O43505,0.0,0.0
lag1__peptide_count__O60888,0.0,0.0
missing__current_updrs_3,0.0,0.0
lag1__peptide_count__P04211,0.0,0.0
peptide_count__Q9BY67,0.0,0.0
peptide_count__Q9HDC9,0.0,0.0
slope1__peptide_count__Q9UNU6,0.0,0.0
slope1__peptide_count__Q9Y646,0.0,0.0
missing__protein_npx__P07339,0.0,0.0
missing__protein_npx__P07602,0.0,0.0
missing__protein_npx__P07858,0.0,0.0
slope1__peptide_count__Q99829,0.0,0.0
slope1__peptide_count__Q99832,0.0,0.0
slope1__peptide_count__Q99969,0.0,0.0
slope1__peptide_count__Q9BY67,0.0,0.0
slope1__peptide_count__Q9HDC9,0.0,0.0
slope1__peptide_count__Q9NYU2,0.0,0.0
missing__protein_npx__O75144,0.0,0.0
slope1__peptide_count__Q9UKV8,0.0,0.0
missing__protein_npx__P06396,0.0,0.0
missing__protein_npx__P06727,0.0,0.0
missing__protein_npx__P07225,0.0,0.0
slope1__peptide_count__Q96BZ4,0.0,0.0
slope1__peptide_count__Q96S96,0.0,0.0
slope1__peptide_count__Q99435,0.0,0.0
slope1__peptide_count__Q99674,0.0,0.0
slope1__peptide_count__Q99683,0.0,0.0
missing__protein_npx__P04217,0.0,0.0
missing__protein_npx__P04433,0.0,0.0
missing__protein_npx__P05060,0.0,0.0
missing__protein_npx__P05067,0.0,0.0
slope1__peptide_count__Q9UBR2,0.0,0.0
missing__protein_npx__P00450,0.0,0.0
missing__protein_npx__P02768,0.0,0.0
missing__protein_npx__P02774,0.0,0.0
missing__protein_npx__P02787,0.0,0.0
missing__protein_npx__P02790,0.0,0.0
missing__protein_npx__P04004,0.0,0.0
missing__protein_npx__P04156,0.0,0.0
missing__protein_npx__P04180,0.0,0.0
missing__protein_npx__P04196,0.0,0.0
missing__protein_npx__P02749,0.0,0.0
missing__protein_npx__P02750,0.0,0.0
missing__protein_npx__P02751,0.0,0.0
missing__protein_npx__P02753,0.0,0.0
missing__protein_npx__P02747,0.0,0.0
missing__protein_npx__P02763,0.0,0.0
missing__protein_npx__P02765,0.0,0.0
missing__protein_npx__P02766,0.0,0.0
peptide_count__Q9NYU2,0.0,0.0
peptide_count__Q9UBR2,0.0,0.0
peptide_count__Q9UKV8,0.0,0.0
peptide_count__Q9UNU6,0.0,0.0
peptide_count__Q9Y646,0.0,0.0
missing__protein_npx__P02748,0.0,0.0
missing__protein_npx__P02652,0.0,0.0
missing__protein_npx__P02656,0.0,0.0
missing__protein_npx__P02671,0.0,0.0
missing__protein_npx__P02675,0.0,0.0
missing__protein_npx__P02679,0.0,0.0
missing__protein_npx__P02760,0.0,0.0
peptide_count__P04406,0.0,0.0
missing__peptide_mean__P36955,0.0,0.0
missing__peptide_mean__P41222,0.0,0.0
missing__peptide_mean__P43652,0.0,0.0
missing__peptide_mean__P51884,0.0,0.0
missing__peptide_mean__P61769,0.0,0.0
missing__peptide_mean__P61916,0.0,0.0
missing__peptide_mean__P80748,0.0,0.0
missing__peptide_mean__P18065,0.0,0.0
missing__peptide_mean__P19652,0.0,0.0
missing__peptide_mean__P19823,0.0,0.0
missing__peptide_mean__P20774,0.0,0.0
missing__peptide_mean__P23142,0.0,0.0
peptide_count__P20933,0.0,0.0
missing__peptide_mean__P25311,0.0,0.0
missing__peptide_mean__P36222,0.0,0.0
missing__peptide_mean__P12109,0.0,0.0
missing__peptide_mean__P13521,0.0,0.0
missing__peptide_mean__P13987,0.0,0.0
missing__peptide_mean__P16035,0.0,0.0
missing__peptide_mean__P16070,0.0,0.0
missing__peptide_mean__P16870,0.0,0.0
missing__peptide_mean__P08603,0.0,0.0
missing__peptide_mean__P08697,0.0,0.0
missing__peptide_mean__P09486,0.0,0.0
missing__peptide_mean__P09871,0.0,0.0
missing__peptide_mean__P10451,0.0,0.0
missing__peptide_mean__P24592,0.0,0.0
slope1__peptide_count__P60174,0.0,0.0
slope1__peptide_count__P61278,0.0,0.0
slope1__peptide_count__P61626,0.0,0.0
slope1__peptide_count__P80748,0.0,0.0
slope1__peptide_count__Q02818,0.0,0.0
slope1__peptide_count__Q13283,0.0,0.0
slope1__peptide_count__P23083,0.0,0.0
slope1__peptide_count__P31997,0.0,0.0
slope1__peptide_count__P32754,0.0,0.0
slope1__peptide_count__P35542,0.0,0.0
slope1__peptide_count__P36980,0.0,0.0
slope1__peptide_count__P40925,0.0,0.0
slope1__peptide_count__P43251,0.0,0.0
peptide_count__P04275,0.0,0.0
delta1__peptide_count__P01621,0.0,0.0
delta1__peptide_count__P01717,0.0,0.0
delta1__peptide_count__P01780,0.0,0.0
delta1__peptide_count__P01833,0.0,0.0
delta1__peptide_count__P01861,0.0,0.0
slope1__peptide_count__P19827,0.0,0.0
slope1__peptide_count__P20933,0.0,0.0
missing__peptide_mean__P08571,0.0,0.0
peptide_count__P02792,0.0,0.0
peptide_count__P04156,0.0,0.0
peptide_count__P04207,0.0,0.0
peptide_count__P04211,0.0,0.0
peptide_count__P04216,0.0,0.0
slope1__peptide_count__P49588,0.0,0.0
peptide_count__P01591,0.0,0.0
peptide_count__P01594,0.0,0.0
peptide_count__P01608,0.0,0.0
peptide_count__P01621,0.0,0.0
peptide_count__P01717,0.0,0.0
slope1__peptide_count__P06454,0.0,0.0
slope1__peptide_count__P07195,0.0,0.0
slope1__peptide_count__P07333,0.0,0.0
slope1__peptide_count__P07858,0.0,0.0
slope1__peptide_count__P08123,0.0,0.0
slope1__peptide_count__P08133,0.0,0.0
slope1__peptide_count__P08253,0.0,0.0
missing__peptide_mean__Q92520,0.0,0.0
missing__peptide_mean__P10643,0.0,0.0
missing__peptide_mean__Q92876,0.0,0.0
slope1__peptide_count__P04275,0.0,0.0
slope1__peptide_count__P04406,0.0,0.0
slope1__peptide_count__P05408,0.0,0.0
slope1__peptide_count__P06310,0.0,0.0
missing__peptide_mean__Q14515,0.0,0.0
missing__peptide_mean__Q14624,0.0,0.0
missing__peptide_mean__Q16270,0.0,0.0
missing__peptide_mean__Q16610,0.0,0.0
missing__peptide_mean__Q7Z3B1,0.0,0.0
missing__peptide_mean__Q7Z5P9,0.0,0.0
peptide_count__O14498,0.0,0.0
peptide_count__O14791,0.0,0.0
missing__peptide_mean__Q92823,0.0,0.0
missing__peptide_mean__P10645,0.0,0.0
missing__peptide_mean__P10909,0.0,0.0
slope1__peptide_count__P19021,0.0,0.0
delta1__peptide_count__P01031,0.0,0.0
delta1__peptide_count__P01033,0.0,0.0
delta1__peptide_count__P01344,0.0,0.0
delta1__peptide_count__P01591,0.0,0.0
delta1__peptide_count__P01594,0.0,0.0
delta1__peptide_count__P01608,0.0,0.0
peptide_count__O00391,0.0,0.0
slope1__peptide_count__P11142,0.0,0.0
slope1__peptide_count__P11277,0.0,0.0
slope1__peptide_count__P13473,0.0,0.0
peptide_count__P01344,0.0,0.0
slope1__peptide_count__P13671,0.0,0.0
slope1__peptide_count__P14174,0.0,0.0
slope1__peptide_count__P16152,0.0,0.0
slope1__peptide_count__P17936,0.0,0.0
peptide_count__P01780,0.0,0.0
peptide_count__P01833,0.0,0.0
peptide_count__P01861,0.0,0.0
peptide_count__P02655,0.0,0.0
delta1__peptide_count__P04216,0.0,0.0
slope1__peptide_count__P08637,0.0,0.0
slope1__peptide_count__P09104,0.0,0.0
slope1__peptide_count__P10451,0.0,0.0
peptide_count__P01031,0.0,0.0
peptide_count__P01033,0.0,0.0
slope1__peptide_count__P13521,0.0,0.0
missing__peptide_mean__P01034,0.0,0.0
missing__peptide_mean__P01042,0.0,0.0
missing__peptide_mean__P01344,0.0,0.0
missing__peptide_mean__P00450,0.0,0.0
missing__peptide_mean__P00734,0.0,0.0
missing__peptide_mean__P00738,0.0,0.0
missing__peptide_mean__P00747,0.0,0.0
missing__peptide_mean__P00748,0.0,0.0
missing__peptide_mean__P00751,0.0,0.0
missing__peptide_mean__P01008,0.0,0.0
missing__peptide_mean__P01009,0.0,0.0
missing__peptide_mean__O00533,0.0,0.0
missing__peptide_mean__O15240,0.0,0.0
slope1__peptide_count__P49908,0.0,0.0
missing__peptide_mean__O75144,0.0,0.0
missing__protein_feature_count,0.0,0.0
missing__protein_missing_fraction,0.0,0.0
missing__peptide_abundance_mean,0.0,0.0
missing__peptide_abundance_std,0.0,0.0
missing__peptide_abundance_min,0.0,0.0
missing__peptide_abundance_max,0.0,0.0
missing__peptide_abundance_sum,0.0,0.0
missing__peptide_observation_count,0.0,0.0
missing__peptide_mean__P02768,0.0,0.0
missing__peptide_mean__P02774,0.0,0.0
missing__peptide_mean__P02787,0.0,0.0
missing__peptide_mean__P02790,0.0,0.0
missing__peptide_mean__O43505,0.0,0.0
peptide_count__P23083,0.0,0.0
peptide_count__P31997,0.0,0.0
missing__protein_npx__Q9UHG2,0.0,0.0
slope1__peptide_count__Q8IWV7,0.0,0.0
slope1__peptide_count__Q8N2S1,0.0,0.0
slope1__peptide_count__Q8NBJ4,0.0,0.0
slope1__peptide_count__Q8NE71,0.0,0.0
delta1__peptide_count__O00391,0.0,0.0
delta1__peptide_count__O14498,0.0,0.0
delta1__peptide_count__O14791,0.0,0.0
slope1__peptide_count__Q14508,0.0,0.0
slope1__peptide_count__Q15904,0.0,0.0
slope1__peptide_count__Q562R1,0.0,0.0
missing__peptide_mean__P01024,0.0,0.0
slope1__peptide_count__Q6UXD5,0.0,0.0
slope1__peptide_count__Q7Z3B1,0.0,0.0
slope1__peptide_count__Q7Z5P9,0.0,0.0
peptide_count__P16152,0.0,0.0
peptide_count__P17936,0.0,0.0
peptide_count__P19021,0.0,0.0
peptide_count__P19827,0.0,0.0
slope1__peptide_count__Q13332,0.0,0.0
slope1__peptide_count__Q13449,0.0,0.0
slope1__peptide_count__Q13451,0.0,0.0
missing__peptide_mean__P01011,0.0,0.0
missing__peptide_mean__P01019,0.0,0.0
missing__peptide_mean__P01023,0.0,0.0
slope1__peptide_count__Q6UX71,0.0,0.0
missing__peptide_mean__P07602,0.0,0.0
missing__peptide_mean__P07858,0.0,0.0
missing__peptide_mean__P07998,0.0,0.0
missing__peptide_mean__P08294,0.0,0.0
missing__peptide_mean__P08493,0.0,0.0
missing__peptide_mean__P05060,0.0,0.0
missing__peptide_mean__P05067,0.0,0.0
missing__peptide_mean__P05090,0.0,0.0
missing__peptide_mean__P05155,0.0,0.0
missing__peptide_mean__P05156,0.0,0.0
missing__peptide_mean__P05452,0.0,0.0
missing__peptide_mean__P06396,0.0,0.0
missing__peptide_mean__P06727,0.0,0.0
missing__peptide_mean__P04004,0.0,0.0
peptide_count__P08133,0.0,0.0
peptide_count__P08253,0.0,0.0
peptide_count__P08637,0.0,0.0
peptide_count__P09104,0.0,0.0
peptide_count__P10451,0.0,0.0
missing__peptide_mean__P04217,0.0,0.0
missing__peptide_mean__P04433,0.0,0.0
peptide_count__P05408,0.0,0.0
peptide_count__P06310,0.0,0.0
peptide_count__P06454,0.0,0.0
peptide_count__P07195,0.0,0.0
peptide_count__P07333,0.0,0.0
peptide_count__P07858,0.0,0.0
peptide_count__P08123,0.0,0.0
missing__peptide_mean__P04156,0.0,0.0
missing__peptide_mean__P04180,0.0,0.0
missing__peptide_mean__P04196,0.0,0.0
missing__peptide_mean__P02749,0.0,0.0
missing__peptide_mean__P02750,0.0,0.0
missing__peptide_mean__P02751,0.0,0.0
missing__peptide_mean__P02753,0.0,0.0
missing__peptide_mean__P02760,0.0,0.0
missing__peptide_mean__P02763,0.0,0.0
missing__peptide_mean__P02765,0.0,0.0
missing__peptide_mean__P02766,0.0,0.0
missing__peptide_mean__P02649,0.0,0.0
missing__peptide_mean__P02652,0.0,0.0
missing__peptide_mean__P07339,0.0,0.0
missing__peptide_mean__P02671,0.0,0.0
missing__peptide_mean__P02675,0.0,0.0
missing__peptide_mean__P02679,0.0,0.0
missing__peptide_mean__P02747,0.0,0.0
missing__peptide_mean__P02748,0.0,0.0
missing__peptide_mean__P01621,0.0,0.0
missing__peptide_mean__P01717,0.0,0.0
missing__peptide_mean__P01834,0.0,0.0
missing__peptide_mean__P01857,0.0,0.0
missing__peptide_mean__P01859,0.0,0.0
missing__peptide_mean__P01860,0.0,0.0
missing__peptide_mean__P01876,0.0,0.0
missing__peptide_mean__P02647,0.0,0.0
missing__peptide_mean__P07225,0.0,0.0
missing__peptide_mean__P02656,0.0,0.0
